symbol,date,open,high,low,close,volume
AFKS,2014-06-09,44.364,45.001,43.751,44.448,4380200
AFKS,2014-06-10,44.44,45.596,44.117,45.499,11586400
AFKS,2014-06-11,45.007,45.749,44.7,45.3,4757700
AFKS,2014-06-16,45.913,46.37,44.514,45.999,17932600
AFKS,2014-06-17,46.3,46.467,45.7,46.1,5544500
AFKS,2014-06-18,45.823,46.677,45.823,46.6,6390200
AFKS,2014-06-19,46.683,47.049,46.113,46.599,2484400
AFKS,2014-06-20,46.743,46.763,45.26,46.0,4541800
AFKS,2014-06-23,46.091,46.982,45.03,45.5,5511100
AFKS,2014-06-24,45.582,46.45,45.261,46.45,8348800
AFKS,2014-06-25,46.308,47.332,44.849,45.1,6537800
AFKS,2014-06-26,45.497,45.497,44.137,45.2,2746400
AFKS,2014-06-27,45.2,46.2,44.623,46.2,4036800
AFKS,2014-06-30,46.199,46.338,45.518,45.6,6177400
AFKS,2014-07-01,45.517,45.517,44.541,45.143,2769400
AFKS,2014-07-02,45.674,45.9,45.121,45.9,5860100
AFKS,2014-07-03,45.611,46.448,45.611,46.4,3985100
AFKS,2014-07-04,46.395,46.897,46.16,46.6,2954300
AFKS,2014-07-07,46.697,48.196,46.301,48.0,8342600
AFKS,2014-07-08,48.296,48.729,47.55,47.79,10126900
AFKS,2014-07-09,47.769,47.948,46.311,47.5,5683400
AFKS,2014-07-10,47.309,47.935,45.003,46.44,7049700
AFKS,2014-07-11,46.399,47.1,46.0,47.1,2969200
AFKS,2014-07-14,47.1,47.474,46.666,46.998,3577000
AFKS,2014-07-15,46.926,47.4,45.201,45.8,22954500
AFKS,2014-07-16,43.996,44.0,42.255,42.6,15876800
AFKS,2014-07-17,42.55,42.55,40.0,40.851,10939300
AFKS,2014-07-18,39.5,40.65,38.95,39.841,13384400
AFKS,2014-07-21,39.62,39.65,38.45,38.6,6906100
AFKS,2014-07-22,39.503,39.8,38.63,39.6,15877200
AFKS,2014-07-23,39.603,40.737,39.091,39.4,10064400
AFKS,2014-07-24,39.392,39.462,36.979,37.3,15204100
AFKS,2014-07-25,37.5,37.5,36.03,37.35,16142300
AFKS,2014-07-28,36.713,36.989,35.993,36.5,10681300
AFKS,2014-07-29,35.827,37.297,35.827,37.2,7023800
AFKS,2014-07-30,36.43,38.496,36.43,38.484,6362500
AFKS,2014-07-31,37.955,39.429,37.745,39.4,7477600
AFKS,2014-08-01,38.975,39.429,37.708,38.4,6678500
AFKS,2014-08-04,38.343,39.001,37.06,38.0,5073200
AFKS,2014-08-05,38.464,38.464,37.001,38.1,3832000
AFKS,2014-08-06,37.899,38.486,37.008,37.342,5914700
AFKS,2014-08-07,37.148,38.753,36.0,38.611,7073100
AFKS,2014-08-08,38.485,39.696,37.227,39.615,3734100
AFKS,2014-08-11,39.83,41.23,39.498,40.9,4004500
AFKS,2014-08-12,40.895,41.999,40.23,41.5,5297000
AFKS,2014-08-13,41.5,42.293,40.801,41.9,6460400
AFKS,2014-08-14,42.579,42.647,40.931,42.51,6718900
AFKS,2014-08-15,42.601,43.53,41.83,43.3,3709100
AFKS,2014-08-18,43.551,44.449,43.155,43.82,3910400
AFKS,2014-08-19,43.996,44.63,43.76,43.92,3525700
AFKS,2014-08-20,44.015,44.089,42.73,42.9,2062200
AFKS,2014-08-21,42.98,43.79,42.851,42.901,3408200
AFKS,2014-08-22,42.736,43.457,40.83,41.561,3482900
AFKS,2014-08-25,40.819,42.889,40.819,42.83,964900
AFKS,2014-08-26,42.919,43.225,41.111,41.5,2949300
AFKS,2014-08-27,41.5,42.339,39.575,39.9,4935300
AFKS,2014-08-28,40.03,40.1,38.0,38.9,8829200
AFKS,2014-08-29,38.699,39.05,37.012,37.719,6184700
AFKS,2014-09-01,37.883,37.998,36.23,36.7,8788000
AFKS,2014-09-02,36.75,37.5,36.061,37.5,2590500
AFKS,2014-09-03,37.55,37.975,35.685,36.0,16618500
AFKS,2014-09-04,36.078,36.199,34.83,35.0,11876300
AFKS,2014-09-05,35.0,35.551,34.376,34.734,7616800
AFKS,2014-09-08,34.734,35.401,34.688,35.3,4360200
AFKS,2014-09-09,35.3,35.757,35.04,35.04,8524200
AFKS,2014-09-10,35.27,35.406,34.43,35.0,8950100
AFKS,2014-09-11,34.571,35.388,34.571,34.95,4589400
AFKS,2014-09-12,35.185,35.45,34.795,35.0,4008500
AFKS,2014-09-15,35.0,35.814,34.611,35.8,11816200
AFKS,2014-09-16,35.88,36.6,35.601,36.47,8508700
AFKS,2014-09-17,32.0,32.0,22.611,23.005,114611200
AFKS,2014-09-18,23.0,23.975,21.701,21.85,38128000
AFKS,2014-09-19,22.0,26.2,20.29,22.95,82347200
AFKS,2014-09-22,22.51,23.0,22.0,22.161,10350900
AFKS,2014-09-23,22.336,23.25,22.0,23.0,23478500
AFKS,2014-09-24,23.0,24.05,22.31,23.1,36414700
AFKS,2014-09-25,23.2,23.98,20.75,21.5,34461900
AFKS,2014-09-26,19.5,20.0,16.221,17.0,38859300
AFKS,2014-09-29,16.55,17.3,11.768,12.68,79680200
AFKS,2014-09-30,13.115,13.769,12.231,13.13,45349800
AFKS,2014-10-01,13.11,14.47,12.85,13.66,49508700
AFKS,2014-10-02,13.5,14.36,13.34,14.1,31578300
AFKS,2014-10-03,14.25,15.29,13.95,15.2,18251500
AFKS,2014-10-06,15.3,16.45,15.25,16.05,27617500
AFKS,2014-10-07,16.2,16.73,15.72,16.1,23323300
AFKS,2014-10-08,15.99,15.99,15.0,15.3,11084600
AFKS,2014-10-09,15.4,15.8,13.72,14.6,30298500
AFKS,2014-10-10,14.01,14.3,13.02,13.3,32184700
AFKS,2014-10-13,13.46,13.92,12.62,13.65,10281000
AFKS,2014-10-14,13.52,15.17,13.35,15.0,12556300
AFKS,2014-10-15,15.09,15.26,13.74,13.85,12481000
AFKS,2014-10-16,14.11,14.14,13.1,13.3,13589000
AFKS,2014-10-17,13.51,14.45,13.41,14.45,27546700
AFKS,2014-10-20,14.54,14.72,13.79,14.18,16516000
AFKS,2014-10-21,14.19,14.3,13.8,13.89,10259200
AFKS,2014-10-22,13.9,14.14,13.5,13.8,8329500
AFKS,2014-10-23,13.7,13.7,12.53,13.01,15779100
AFKS,2014-10-24,12.95,13.11,12.41,12.5,8015500
AFKS,2014-10-27,12.6,13.46,12.6,13.2,10905900
AFKS,2014-10-28,13.26,13.93,13.18,13.8,12078700
AFKS,2014-10-29,13.9,13.94,13.35,13.9,9067300
AFKS,2014-10-30,14.0,16.25,13.74,15.55,62776400
AFKS,2014-10-31,15.95,16.75,15.62,15.95,25622900
AFKS,2014-11-03,15.85,15.9,15.06,15.28,4636700
AFKS,2014-11-05,15.02,15.26,14.81,15.08,5946300
AFKS,2014-11-06,15.33,15.66,14.41,14.55,12453000
AFKS,2014-11-07,14.46,15.0,11.69,13.9,14321100
AFKS,2014-11-10,13.67,14.58,13.67,14.2,6985200
AFKS,2014-11-11,14.16,14.32,13.17,13.22,13111200
AFKS,2014-11-12,13.24,13.92,13.06,13.7,11747700
AFKS,2014-11-13,14.1,14.9,13.46,13.57,31673400
AFKS,2014-11-14,13.51,13.94,13.0,13.25,17863000
AFKS,2014-11-17,13.0,13.16,12.57,12.9,8223700
AFKS,2014-11-18,12.9,13.2,12.6,13.2,8638100
AFKS,2014-11-19,13.1,13.13,12.47,12.92,10271400
AFKS,2014-11-20,12.82,13.2,12.65,13.15,4523900
AFKS,2014-11-21,13.21,13.33,12.95,13.1,5560900
AFKS,2014-11-24,13.05,13.09,12.85,12.96,3859900
AFKS,2014-11-25,13.0,13.35,12.86,13.35,7983200
AFKS,2014-11-26,13.33,13.5,12.98,13.3,5884100
AFKS,2014-11-27,13.4,13.4,13.0,13.08,7338700
AFKS,2014-11-28,13.07,13.19,12.57,12.86,10182100
AFKS,2014-12-01,12.8,12.91,12.6,12.78,15429800
AFKS,2014-12-02,12.83,12.87,12.24,12.42,11245700
AFKS,2014-12-03,12.4,12.43,11.02,11.66,21234700
AFKS,2014-12-04,11.7,11.7,9.61,10.1,31464400
AFKS,2014-12-05,10.08,10.18,8.74,8.99,26498000
AFKS,2014-12-08,9.05,9.29,6.9,7.7,34339600
AFKS,2014-12-09,7.8,7.85,6.61,6.8,51504800
AFKS,2014-12-10,6.91,7.34,6.67,6.98,27377600
AFKS,2014-12-11,7.04,7.5,6.21,6.58,41821100
AFKS,2014-12-12,6.6,6.67,6.12,6.32,23258800
AFKS,2014-12-15,6.34,7.09,6.34,6.65,50260900
AFKS,2014-12-16,6.68,6.82,5.02,6.01,46708700
AFKS,2014-12-17,5.98,6.9,5.72,6.61,23976100
AFKS,2014-12-18,7.3,16.18,7.3,13.63,215247000
AFKS,2014-12-19,14.7,18.54,13.1,13.82,130525900
AFKS,2014-12-22,14.75,15.88,11.71,12.29,41204300
AFKS,2014-12-23,12.29,12.4,10.13,10.8,34763100
AFKS,2014-12-24,10.5,13.73,9.98,12.0,61141100
AFKS,2014-12-25,12.88,12.88,11.54,12.07,24327600
AFKS,2014-12-26,12.2,12.28,11.3,11.8,10623100
AFKS,2014-12-29,11.8,11.9,11.1,11.43,16337900
AFKS,2014-12-30,10.75,11.84,10.75,11.4,11954300
AFKS,2015-01-05,11.17,12.46,11.15,12.25,16528100
AFKS,2015-01-06,11.92,12.4,11.9,12.37,11048000
AFKS,2015-01-08,12.39,13.25,12.38,12.6,20593200
AFKS,2015-01-09,12.7,12.76,12.1,12.61,10607500
AFKS,2015-01-12,12.5,12.59,12.11,12.13,10072400
AFKS,2015-01-13,12.13,12.25,11.75,12.25,11034800
AFKS,2015-01-14,12.2,12.6,12.17,12.6,13316400
AFKS,2015-01-15,12.65,12.93,12.45,12.54,13584500
AFKS,2015-01-16,12.54,12.68,12.31,12.43,8734600
AFKS,2015-01-19,12.77,12.77,12.26,12.48,7672200
AFKS,2015-01-20,12.82,12.82,12.26,12.5,6353500
AFKS,2015-01-21,12.59,12.77,12.43,12.63,10612400
AFKS,2015-01-22,12.7,14.6,12.63,13.6,56718600
AFKS,2015-01-23,13.8,13.99,13.5,13.62,26825100
AFKS,2015-01-26,13.5,13.58,12.81,12.9,13836000
AFKS,2015-01-27,12.3,13.4,11.95,12.72,23127200
AFKS,2015-01-28,12.85,13.16,12.2,12.4,19919600
AFKS,2015-01-29,12.5,12.89,12.22,12.74,19974400
AFKS,2015-01-30,12.87,13.43,12.54,13.33,23638600
AFKS,2015-02-02,13.59,14.26,13.21,14.05,32286300
AFKS,2015-02-03,14.24,15.97,14.1,15.4,58529800
AFKS,2015-02-04,15.65,16.87,15.1,16.75,51580100
AFKS,2015-02-05,16.7,17.04,15.75,16.2,53542400
AFKS,2015-02-06,16.4,16.85,16.24,16.5,26629800
AFKS,2015-02-09,16.62,18.87,16.3,17.6,73765700
AFKS,2015-02-10,17.69,18.2,17.31,17.84,35542900
AFKS,2015-02-11,17.93,18.39,17.21,17.85,37292900
AFKS,2015-02-12,17.69,18.41,17.51,18.38,35793100
AFKS,2015-02-13,18.5,19.18,18.43,18.85,25005500
AFKS,2015-02-16,19.0,20.24,18.91,20.05,38490400
AFKS,2015-02-17,20.59,21.24,18.81,19.1,60090500
AFKS,2015-02-18,19.0,19.3,18.21,18.82,23611600
AFKS,2015-02-19,18.7,18.8,17.55,18.17,26988400
AFKS,2015-02-20,18.3,18.82,17.71,18.28,13724900
AFKS,2015-02-24,17.5,18.15,16.92,17.32,21569100
AFKS,2015-02-25,17.34,17.81,17.26,17.71,15528000
AFKS,2015-02-26,17.89,18.33,17.81,18.03,20865300
AFKS,2015-02-27,18.01,18.32,17.73,18.32,13329400
AFKS,2015-03-02,18.3,18.45,18.06,18.12,11598500
AFKS,2015-03-03,18.11,18.15,17.51,18.0,13770900
AFKS,2015-03-04,18.0,18.18,17.51,17.6,11156400
AFKS,2015-03-05,17.63,17.88,17.27,17.41,11604400
AFKS,2015-03-06,17.18,17.4,16.7,16.9,13899000
AFKS,2015-03-10,16.71,16.79,15.55,15.7,27578100
AFKS,2015-03-11,15.89,15.89,14.95,15.06,25976100
AFKS,2015-03-12,15.1,15.9,14.92,15.31,28107600
AFKS,2015-03-13,15.4,15.48,14.55,14.83,15556100
AFKS,2015-03-16,14.8,15.18,14.28,14.89,11255600
AFKS,2015-03-17,15.0,16.17,14.85,16.0,42692600
AFKS,2015-03-18,16.5,16.85,16.01,16.52,49676600
AFKS,2015-03-19,17.0,17.2,16.23,16.35,40970500
AFKS,2015-03-20,16.33,16.93,16.1,16.6,20149700
AFKS,2015-03-23,16.84,16.84,16.35,16.59,8527600
AFKS,2015-03-24,16.55,17.1,16.33,16.89,17202600
AFKS,2015-03-25,17.1,17.6,16.89,17.6,24498800
AFKS,2015-03-26,17.75,17.8,16.56,17.04,26591000
AFKS,2015-03-27,17.04,17.3,16.62,17.3,9700300
AFKS,2015-03-30,17.21,17.47,17.08,17.4,13542700
AFKS,2015-03-31,17.37,17.93,17.1,17.9,17961200
AFKS,2015-04-01,17.9,18.02,17.52,17.75,12653600
AFKS,2015-04-02,17.75,18.0,17.12,17.85,21043800
AFKS,2015-04-03,17.95,17.95,17.5,17.65,6113700
AFKS,2015-04-06,17.75,17.83,17.45,17.7,6882900
AFKS,2015-04-07,17.47,17.78,16.77,17.23,14192400
AFKS,2015-04-08,17.2,17.25,16.52,16.61,16864900
AFKS,2015-04-09,16.5,16.75,16.1,16.3,21894200
AFKS,2015-04-10,17.0,17.0,16.11,16.72,11066900
AFKS,2015-04-13,16.71,16.99,16.54,16.68,10249300
AFKS,2015-04-14,16.7,16.72,16.15,16.37,8394000
AFKS,2015-04-15,16.4,17.15,16.37,17.12,18057600
AFKS,2015-04-16,17.2,17.5,16.89,17.25,20880800
AFKS,2015-04-17,17.25,17.34,16.95,17.15,11598000
AFKS,2015-04-20,17.01,17.06,16.12,16.44,21062800
AFKS,2015-04-21,16.46,16.58,16.21,16.43,5001500
AFKS,2015-04-22,16.43,16.48,16.13,16.25,10607800
AFKS,2015-04-23,16.24,16.27,15.53,15.9,14604400
AFKS,2015-04-24,15.94,16.13,15.71,16.06,10023400
AFKS,2015-04-27,16.09,16.24,15.9,16.05,4653200
AFKS,2015-04-28,16.0,16.42,15.94,16.12,15851300
AFKS,2015-04-29,16.24,16.24,15.85,16.0,8177400
AFKS,2015-04-30,15.91,16.03,15.78,15.96,10279900
AFKS,2015-05-05,15.99,16.5,15.93,16.3,9937100
AFKS,2015-05-06,16.06,16.42,15.95,16.25,7002700
AFKS,2015-05-07,16.2,16.28,15.9,16.11,5088500
AFKS,2015-05-08,16.35,16.35,16.0,16.31,3955700
AFKS,2015-05-12,16.32,16.4,16.13,16.2,4312200
AFKS,2015-05-13,16.23,16.57,16.12,16.28,8714000
AFKS,2015-05-14,16.34,16.61,16.23,16.58,7355200
AFKS,2015-05-15,16.59,16.95,16.5,16.78,14770700
AFKS,2015-05-18,16.83,17.16,16.71,17.0,14298500
AFKS,2015-05-19,17.07,17.15,16.81,16.9,8744400
AFKS,2015-05-20,16.9,17.05,16.7,16.85,14088100
AFKS,2015-05-21,16.85,17.05,16.7,16.98,6926600
AFKS,2015-05-22,17.02,17.13,16.87,17.0,5316800
AFKS,2015-05-25,17.34,17.34,16.82,16.86,3081500
AFKS,2015-05-26,16.91,17.06,16.87,16.91,4946800
AFKS,2015-05-27,16.91,17.25,16.83,16.97,11028400
AFKS,2015-05-28,17.01,17.12,16.92,16.96,3052500
AFKS,2015-05-29,17.02,17.12,16.6,16.9,8917700
AFKS,2015-06-01,16.89,16.99,16.61,16.87,6797100
AFKS,2015-06-02,16.95,17.38,16.73,17.1,9544400
AFKS,2015-06-03,17.1,17.32,16.91,16.93,17673300
AFKS,2015-06-04,16.87,17.26,16.87,17.22,21129500
AFKS,2015-06-05,17.18,17.74,17.14,17.67,16517300
AFKS,2015-06-08,17.68,18.09,17.61,17.76,14996300
AFKS,2015-06-09,17.72,18.0,17.55,17.96,7121000
AFKS,2015-06-10,17.99,18.04,17.72,17.82,14504400
AFKS,2015-06-11,17.85,18.0,17.73,17.92,11073600
AFKS,2015-06-15,18.0,18.6,17.95,18.51,11487300
AFKS,2015-06-16,18.53,18.56,18.21,18.38,14146800
AFKS,2015-06-17,18.45,18.51,18.29,18.42,5261500
AFKS,2015-06-18,18.46,18.57,17.96,18.17,9487200
AFKS,2015-06-19,18.18,18.25,17.9,17.9,6674700
AFKS,2015-06-22,17.99,18.41,17.76,18.32,7506600
AFKS,2015-06-23,18.28,18.95,18.27,18.88,17350500
AFKS,2015-06-24,18.93,19.3,18.81,19.2,18921300
AFKS,2015-06-25,19.16,19.27,19.0,19.03,10997600
AFKS,2015-06-26,19.01,19.94,18.99,19.9,24378900
AFKS,2015-06-29,19.7,19.75,19.01,19.75,12582900
AFKS,2015-06-30,19.7,20.0,19.45,19.84,8331400
AFKS,2015-07-01,19.8,20.0,19.63,19.64,7918900
AFKS,2015-07-02,19.61,19.93,19.01,19.75,5963600
AFKS,2015-07-03,19.7,19.73,19.48,19.53,2812500
AFKS,2015-07-06,19.32,19.5,18.92,19.17,9509100
AFKS,2015-07-07,19.3,19.3,17.91,18.25,18177800
AFKS,2015-07-08,18.1,18.17,17.3,18.13,21657200
AFKS,2015-07-09,18.04,18.76,18.0,18.6,16577000
AFKS,2015-07-10,18.8,19.05,18.58,19.02,9748100
AFKS,2015-07-13,19.07,19.36,18.9,19.2,6322700
AFKS,2015-07-14,19.05,19.35,19.05,19.15,9622000
AFKS,2015-07-15,18.81,19.24,18.8,19.12,7049700
AFKS,2015-07-16,19.19,19.89,19.12,19.74,13899400
AFKS,2015-07-17,19.7,19.92,19.65,19.77,5372300
AFKS,2015-07-20,19.8,20.2,19.63,20.14,9213300
AFKS,2015-07-21,20.2,20.73,20.02,20.3,11005900
AFKS,2015-07-22,20.24,20.35,19.59,20.25,11413000
AFKS,2015-07-23,20.3,20.36,20.07,20.22,6529300
AFKS,2015-07-24,20.2,20.21,19.73,20.07,7930400
AFKS,2015-07-27,19.8,20.14,19.67,19.89,14955700
AFKS,2015-07-28,19.83,20.23,19.24,20.19,11697400
AFKS,2015-07-29,20.2,20.5,19.86,20.4,5938800
AFKS,2015-07-30,20.54,20.9,20.2,20.39,13136100
AFKS,2015-07-31,20.49,21.09,20.22,21.09,14613900
AFKS,2015-08-03,21.0,21.16,20.74,20.85,4110600
AFKS,2015-08-04,20.8,20.99,20.5,20.87,5447700
AFKS,2015-08-05,20.9,21.4,20.88,21.04,9215400
AFKS,2015-08-06,20.95,21.17,20.85,20.96,7232600
AFKS,2015-08-07,21.0,21.17,20.95,21.13,3874700
AFKS,2015-08-10,21.16,21.28,20.71,21.05,4108900
AFKS,2015-08-11,21.0,21.25,20.91,21.0,4801000
AFKS,2015-08-12,20.8,21.14,20.8,20.98,3400700
AFKS,2015-08-13,21.01,21.2,20.86,21.05,4217500
AFKS,2015-08-14,20.85,21.01,20.2,20.57,5608000
AFKS,2015-08-17,20.43,20.74,20.1,20.63,7366000
AFKS,2015-08-18,20.49,20.89,20.24,20.64,8753700
AFKS,2015-08-19,20.78,20.86,20.2,20.3,3511800
AFKS,2015-08-20,20.3,20.47,20.08,20.38,5520600
AFKS,2015-08-21,20.25,20.25,19.12,19.12,12173100
AFKS,2015-08-24,18.95,19.2,18.02,19.1,25085400
AFKS,2015-08-25,19.1,20.05,19.05,20.0,8845400
AFKS,2015-08-26,20.0,20.01,19.41,19.8,4366100
AFKS,2015-08-27,20.11,20.17,19.71,19.96,3804500
AFKS,2015-08-28,20.1,20.17,19.75,19.95,3942900
AFKS,2015-08-31,19.85,20.14,19.51,20.14,6173100
AFKS,2015-09-01,19.95,20.03,19.72,19.77,4728600
AFKS,2015-09-02,19.71,20.14,19.7,19.82,4535900
AFKS,2015-09-03,19.9,20.09,19.62,19.85,15292700
AFKS,2015-09-04,19.91,19.95,19.39,19.61,7480300
AFKS,2015-09-07,19.51,19.81,19.51,19.65,3682500
AFKS,2015-09-08,19.69,20.05,19.66,19.87,5328600
AFKS,2015-09-09,19.97,20.0,19.65,19.71,3822800
AFKS,2015-09-10,19.65,19.77,19.47,19.68,4902400
AFKS,2015-09-11,19.69,19.77,19.42,19.58,4389100
AFKS,2015-09-14,19.61,19.71,19.37,19.59,7579800
AFKS,2015-09-15,19.59,19.65,19.3,19.47,7483700
AFKS,2015-09-16,19.51,19.69,19.35,19.44,6619700
AFKS,2015-09-17,19.38,19.45,18.8,19.01,14091700
AFKS,2015-09-18,19.05,19.25,18.1,18.1,29975700
AFKS,2015-09-21,18.22,18.75,18.22,18.35,10549300
AFKS,2015-09-22,18.43,18.74,18.2,18.64,9651900
AFKS,2015-09-23,18.67,18.87,18.45,18.6,8223700
AFKS,2015-09-24,18.68,18.72,18.3,18.37,3192600
AFKS,2015-09-25,18.37,18.92,18.37,18.66,5342400
AFKS,2015-09-28,18.58,18.85,18.34,18.4,4607600
AFKS,2015-09-29,18.48,18.58,18.01,18.11,7695500
AFKS,2015-09-30,18.1,18.46,17.91,18.4,8704500
AFKS,2015-10-01,18.45,18.51,18.06,18.26,4889400
AFKS,2015-10-02,18.11,18.43,17.43,17.64,10327300
AFKS,2015-10-05,17.79,18.03,17.71,17.84,7297000
AFKS,2015-10-06,17.92,17.94,17.53,17.75,5677700
AFKS,2015-10-07,17.79,18.13,17.57,18.02,9269600
AFKS,2015-10-08,18.09,18.1,17.62,17.97,8134300
AFKS,2015-10-09,18.09,18.64,17.93,18.55,10562000
AFKS,2015-10-12,18.5,18.84,18.33,18.71,7828800
AFKS,2015-10-13,18.7,19.12,18.57,18.85,9089800
AFKS,2015-10-14,19.03,19.03,18.58,18.6,4267800
AFKS,2015-10-15,18.63,18.92,18.35,18.49,4700800
AFKS,2015-10-16,18.59,18.98,18.36,18.47,10497800
AFKS,2015-10-19,18.54,18.69,17.95,18.05,9307200
AFKS,2015-10-20,18.05,18.1,17.8,17.9,11249300
AFKS,2015-10-21,17.76,18.0,17.7,17.92,7142900
AFKS,2015-10-22,17.97,17.97,17.65,17.68,4472000
AFKS,2015-10-23,17.72,17.95,17.61,17.73,6455700
AFKS,2015-10-26,17.65,17.98,17.57,17.85,5720100
AFKS,2015-10-27,17.78,17.98,17.64,17.98,6045700
AFKS,2015-10-28,17.91,18.15,17.71,17.83,7144900
AFKS,2015-10-29,17.83,17.84,17.6,17.62,3628900
AFKS,2015-10-30,17.57,17.77,17.54,17.66,4510100
AFKS,2015-11-02,17.76,18.295,17.73,17.815,14322200
AFKS,2015-11-03,17.74,18.0,17.68,17.7,6346300
AFKS,2015-11-05,17.72,18.035,17.64,17.64,16177600
AFKS,2015-11-06,17.75,17.875,17.635,17.715,5515600
AFKS,2015-11-09,17.8,17.8,17.49,17.51,5175200
AFKS,2015-11-10,17.565,17.595,16.9,17.04,9604200
AFKS,2015-11-11,17.015,17.1,16.54,16.705,10117600
AFKS,2015-11-12,16.775,16.8,16.44,16.49,8851100
AFKS,2015-11-13,16.46,16.55,16.005,16.1,8948300
AFKS,2015-11-16,16.15,16.89,15.975,16.8,8001700
AFKS,2015-11-17,16.9,17.445,16.71,17.0,15612700
AFKS,2015-11-18,17.055,17.475,17.055,17.305,8075100
AFKS,2015-11-19,17.35,17.695,17.155,17.205,13361800
AFKS,2015-11-20,17.28,17.65,17.05,17.335,9307000
AFKS,2015-11-23,17.44,17.8,17.32,17.725,8177500
AFKS,2015-11-24,17.75,17.99,17.305,17.645,12170100
AFKS,2015-11-25,17.81,17.94,17.45,17.725,7247400
AFKS,2015-11-26,17.89,17.95,17.605,17.775,5044600
AFKS,2015-11-27,17.73,17.865,17.41,17.63,5982100
AFKS,2015-11-30,17.57,17.71,17.465,17.655,4385500
AFKS,2015-12-01,17.75,17.78,17.55,17.75,4596500
AFKS,2015-12-02,17.77,17.99,17.7,17.785,4199900
AFKS,2015-12-03,17.8,18.47,17.73,18.35,8136500
AFKS,2015-12-04,18.35,18.45,17.45,17.72,8671200
AFKS,2015-12-07,17.84,17.85,17.205,17.355,6631800
AFKS,2015-12-08,17.21,17.42,17.02,17.42,4391200
AFKS,2015-12-09,17.31,17.63,17.07,17.245,10919400
AFKS,2015-12-10,17.43,17.43,16.96,16.96,4981700
AFKS,2015-12-11,16.92,17.125,16.75,17.125,5876800
AFKS,2015-12-14,17.05,17.25,16.825,17.02,8019200
AFKS,2015-12-15,17.1,17.43,17.0,17.395,4556800
AFKS,2015-12-16,17.4,17.95,17.29,17.95,6064400
AFKS,2015-12-17,17.93,18.3,17.84,18.3,13696900
AFKS,2015-12-18,18.2,18.255,17.05,17.05,10646800
AFKS,2015-12-21,17.22,17.68,17.18,17.6,5699400
AFKS,2015-12-22,17.6,18.0,17.52,17.68,8573200
AFKS,2015-12-23,17.76,17.925,17.64,17.7,4067900
AFKS,2015-12-24,17.71,17.72,17.52,17.605,2486200
AFKS,2015-12-25,17.6,17.645,17.45,17.59,1712800
AFKS,2015-12-28,17.59,17.59,17.275,17.335,1923200
AFKS,2015-12-29,17.4,17.73,17.305,17.7,3296600
AFKS,2015-12-30,17.76,17.76,17.435,17.65,5184900
AFKS,2016-01-04,17.65,17.65,17.25,17.64,2274700
AFKS,2016-01-05,17.6,18.11,17.5,18.11,7878000
AFKS,2016-01-06,18.025,18.2,17.855,18.095,2425800
AFKS,2016-01-11,17.55,17.9,17.11,17.575,12327900
AFKS,2016-01-12,17.415,17.715,17.35,17.56,4093300
AFKS,2016-01-13,17.555,18.0,17.42,17.555,20787000
AFKS,2016-01-14,17.605,18.73,17.44,18.38,36009500
AFKS,2016-01-15,18.3,18.355,17.3,17.61,15854100
AFKS,2016-01-18,17.505,17.505,16.905,17.25,11491100
AFKS,2016-01-19,17.49,17.69,17.3,17.4,8559000
AFKS,2016-01-20,17.295,17.33,16.95,17.055,10738400
AFKS,2016-01-21,17.15,17.4,16.96,17.27,5626300
AFKS,2016-01-22,17.4,17.995,17.245,17.99,15236400
AFKS,2016-01-25,17.99,17.99,17.55,17.67,4723700
AFKS,2016-01-26,17.5,17.715,17.2,17.66,7895200
AFKS,2016-01-27,17.6,18.065,17.6,17.81,8266300
AFKS,2016-01-28,18.075,18.1,17.505,17.73,6768100
AFKS,2016-01-29,17.79,17.895,17.55,17.74,11427700
AFKS,2016-02-01,17.765,17.765,17.64,17.655,3744900
AFKS,2016-02-02,17.73,17.78,17.485,17.65,4553600
AFKS,2016-02-03,17.585,17.77,17.42,17.49,9960900
AFKS,2016-02-04,17.65,17.92,17.605,17.755,11964400
AFKS,2016-02-05,17.75,17.85,17.48,17.545,6031600
AFKS,2016-02-08,17.635,17.68,17.3,17.32,5456100
AFKS,2016-02-09,17.385,17.515,17.34,17.495,3444800
AFKS,2016-02-10,17.4,17.67,17.365,17.6,3228500
AFKS,2016-02-11,17.58,17.58,17.25,17.43,5876300
AFKS,2016-02-12,17.445,17.65,17.44,17.57,2725200
AFKS,2016-02-15,17.69,17.69,17.4,17.4,3479200
AFKS,2016-02-16,17.48,17.585,17.405,17.5,2845400
AFKS,2016-02-17,17.5,17.645,17.455,17.59,5152500
AFKS,2016-02-18,17.61,17.93,17.595,17.75,9440300
AFKS,2016-02-19,17.7,17.845,17.565,17.72,8732600
AFKS,2016-02-20,17.705,17.785,17.61,17.655,395000
AFKS,2016-02-22,17.75,17.95,17.66,17.75,1821600
AFKS,2016-02-24,17.7,17.71,17.55,17.65,6424000
AFKS,2016-02-25,17.695,17.73,17.55,17.6,6563600
AFKS,2016-02-26,17.68,17.73,17.47,17.525,9036500
AFKS,2016-02-29,17.555,17.58,17.325,17.325,7734300
AFKS,2016-03-01,17.345,17.58,17.345,17.57,6317100
AFKS,2016-03-02,17.57,17.985,17.55,17.85,14081700
AFKS,2016-03-03,17.82,18.19,17.82,18.08,8593800
AFKS,2016-03-04,17.92,18.335,17.9,18.185,8343000
AFKS,2016-03-07,18.26,18.5,18.14,18.43,8885000
AFKS,2016-03-09,18.35,18.55,18.23,18.435,11861300
AFKS,2016-03-10,18.52,18.68,18.38,18.68,9522300
AFKS,2016-03-11,18.695,18.91,18.6,18.6,6486300
AFKS,2016-03-14,18.615,18.78,18.065,18.33,8136000
AFKS,2016-03-15,18.32,18.575,18.065,18.21,16040500
AFKS,2016-03-16,18.265,18.385,17.955,17.995,5825700
AFKS,2016-03-17,18.1,18.28,17.735,17.87,13557200
AFKS,2016-03-18,17.82,17.94,17.55,17.73,10937600
AFKS,2016-03-21,17.65,17.72,17.36,17.45,12442800
AFKS,2016-03-22,17.555,17.725,17.46,17.59,16213100
AFKS,2016-03-23,17.655,17.71,17.355,17.4,9079200
AFKS,2016-03-24,17.35,17.455,17.235,17.35,10307400
AFKS,2016-03-25,17.445,17.615,17.405,17.575,5102300
AFKS,2016-03-28,17.69,17.705,17.365,17.4,4221500
AFKS,2016-03-29,17.47,17.625,17.41,17.5,10507900
AFKS,2016-03-30,17.555,17.79,17.515,17.7,11779500
AFKS,2016-03-31,17.7,17.715,17.495,17.5,9097200
AFKS,2016-04-01,17.56,17.56,17.3,17.475,6723500
AFKS,2016-04-04,17.4,17.53,17.34,17.4,4391800
AFKS,2016-04-05,17.35,17.365,17.05,17.17,6799000
AFKS,2016-04-06,17.19,17.3,17.125,17.26,6957900
AFKS,2016-04-07,17.33,17.4,16.93,16.99,10042300
AFKS,2016-04-08,17.0,17.24,16.96,17.15,8568500
AFKS,2016-04-11,17.1,17.89,17.0,17.89,12182800
AFKS,2016-04-12,17.9,18.48,17.74,18.4,35180300
AFKS,2016-04-13,18.455,18.875,18.315,18.75,20734700
AFKS,2016-04-14,18.655,18.755,18.16,18.7,10349200
AFKS,2016-04-15,18.7,19.29,18.645,19.125,21443700
AFKS,2016-04-18,18.65,19.245,18.585,19.24,13098200
AFKS,2016-04-19,19.3,19.66,19.15,19.49,19866300
AFKS,2016-04-20,19.5,19.52,18.945,19.29,16628100
AFKS,2016-04-21,19.36,19.55,18.935,19.3,12868300
AFKS,2016-04-22,19.315,19.39,19.11,19.21,6565200
AFKS,2016-04-25,19.36,19.39,19.155,19.3,7342200
AFKS,2016-04-26,19.255,19.39,19.09,19.39,5207300
AFKS,2016-04-27,19.3,19.6,19.25,19.45,11151900
AFKS,2016-04-28,19.455,19.78,19.365,19.68,11879500
AFKS,2016-04-29,19.495,19.695,19.295,19.45,11669900
AFKS,2016-05-04,17.7,19.45,17.7,19.2,8681800
AFKS,2016-05-05,19.1,19.48,19.025,19.21,9720400
AFKS,2016-05-06,19.22,19.25,19.04,19.25,3417500
AFKS,2016-05-10,19.055,19.21,18.755,19.2,8766300
AFKS,2016-05-11,19.105,19.43,19.105,19.36,6660300
AFKS,2016-05-12,19.4,19.5,19.24,19.5,5376400
AFKS,2016-05-13,19.5,19.55,19.31,19.495,7721600
AFKS,2016-05-16,19.55,19.965,19.55,19.82,8790400
AFKS,2016-05-17,19.995,20.15,19.705,20.0,7030100
AFKS,2016-05-18,20.075,20.45,19.82,20.43,14939600
AFKS,2016-05-19,20.335,20.5,20.0,20.49,8801200
AFKS,2016-05-20,20.51,20.7,20.125,20.58,7675300
AFKS,2016-05-23,20.68,20.68,20.335,20.475,4027100
AFKS,2016-05-24,20.545,20.695,20.395,20.5,4871000
AFKS,2016-05-25,20.605,21.335,20.5,20.87,12865200
AFKS,2016-05-26,21.015,21.065,20.62,20.73,4428100
AFKS,2016-05-27,20.7,20.92,20.315,20.85,3935200
AFKS,2016-05-30,20.78,21.09,20.75,21.0,2672900
AFKS,2016-05-31,20.885,20.99,20.575,20.99,8796100
AFKS,2016-06-01,20.755,20.965,20.25,20.51,10965200
AFKS,2016-06-02,20.505,20.9,20.505,20.72,10973700
AFKS,2016-06-03,20.79,20.96,20.665,20.83,2913800
AFKS,2016-06-06,20.895,21.29,20.71,21.255,9027500
AFKS,2016-06-07,21.07,22.01,21.0,21.85,13183900
AFKS,2016-06-08,21.925,22.795,21.715,22.2,12704000
AFKS,2016-06-09,22.2,22.3,22.04,22.065,4201200
AFKS,2016-06-10,21.96,22.7,21.845,22.6,10489100
AFKS,2016-06-14,22.3,22.5,22.035,22.185,10446800
AFKS,2016-06-15,22.0,22.115,21.495,21.99,6923500
AFKS,2016-06-16,22.0,22.0,21.07,21.55,6329500
AFKS,2016-06-17,21.36,21.885,20.0,20.0,16325700
AFKS,2016-06-20,20.495,21.2,20.405,21.2,6449200
AFKS,2016-06-21,21.0,21.39,20.76,21.1,4978200
AFKS,2016-06-22,21.225,21.27,20.695,20.74,3139500
AFKS,2016-06-23,20.56,21.0,20.54,20.965,3312500
AFKS,2016-06-24,20.45,20.89,20.03,20.055,4686900
AFKS,2016-06-27,20.16,20.16,19.605,19.82,5640300
AFKS,2016-06-28,20.0,20.23,19.62,19.64,2531800
AFKS,2016-06-29,19.62,20.6,19.62,20.54,11744300
AFKS,2016-06-30,20.285,20.99,20.285,20.45,4943200
AFKS,2016-07-01,20.38,21.48,20.31,21.35,7016100
AFKS,2016-07-04,21.4,21.595,21.03,21.29,2444700
AFKS,2016-07-05,21.4,21.92,21.17,21.61,3989200
AFKS,2016-07-06,21.75,21.75,21.175,21.225,3897900
AFKS,2016-07-07,21.32,21.89,21.055,21.27,10730200
AFKS,2016-07-08,21.15,21.235,20.75,20.985,1817700
AFKS,2016-07-11,21.03,21.69,21.015,21.45,9387100
AFKS,2016-07-12,21.415,21.765,21.23,21.765,6907100
AFKS,2016-07-13,21.27,21.65,21.055,21.405,6459000
AFKS,2016-07-14,21.5,21.595,21.145,21.5,2557500
AFKS,2016-07-15,21.6,21.735,21.265,21.32,3675100
AFKS,2016-07-18,21.68,21.7,21.21,21.48,2297200
AFKS,2016-07-19,21.48,21.785,21.2,21.385,6553400
AFKS,2016-07-20,21.3,21.75,21.06,21.75,2617300
AFKS,2016-07-21,21.6,21.89,21.515,21.84,2052800
AFKS,2016-07-22,21.715,22.07,21.625,21.945,2742100
AFKS,2016-07-25,21.9,22.17,21.6,21.845,2415700
AFKS,2016-07-26,21.78,22.5,21.625,22.485,6422500
AFKS,2016-07-27,22.51,22.6,22.03,22.5,2975700
AFKS,2016-07-28,22.58,23.45,22.3,23.45,9351700
AFKS,2016-07-29,23.435,23.595,22.9,23.055,5852800
AFKS,2016-08-01,23.08,23.45,22.885,23.35,1977200
AFKS,2016-08-02,23.32,23.375,22.64,23.16,5774700
AFKS,2016-08-03,23.29,23.725,23.11,23.4,4647900
AFKS,2016-08-04,23.45,23.665,23.17,23.3,2513600
AFKS,2016-08-05,23.49,23.495,23.095,23.3,2087300
AFKS,2016-08-08,23.47,23.47,23.03,23.26,1694200
AFKS,2016-08-09,23.4,23.48,23.21,23.31,3108000
AFKS,2016-08-10,23.31,23.31,22.7,22.99,2036000
AFKS,2016-08-11,23.07,23.44,22.9,23.255,3157300
AFKS,2016-08-12,23.31,23.46,22.98,23.275,4259300
AFKS,2016-08-15,23.29,23.31,23.01,23.01,1879500
AFKS,2016-08-16,23.04,23.3,23.04,23.27,3566600
AFKS,2016-08-17,23.27,23.3,22.905,23.185,2738000
AFKS,2016-08-18,23.195,23.375,22.915,23.0,5156300
AFKS,2016-08-19,22.99,22.99,22.145,22.27,5131600
AFKS,2016-08-22,22.27,22.995,21.82,22.66,3354400
AFKS,2016-08-23,22.75,22.935,22.405,22.685,2308900
AFKS,2016-08-24,22.54,23.07,22.525,22.9,2496600
AFKS,2016-08-25,22.97,23.135,22.73,23.095,2598600
AFKS,2016-08-26,23.095,23.095,22.615,23.0,2044300
AFKS,2016-08-29,22.985,23.08,22.695,23.08,1712400
AFKS,2016-08-30,23.02,23.175,22.76,23.025,1805100
AFKS,2016-08-31,23.12,23.12,22.6,22.7,4711500
AFKS,2016-09-01,22.68,22.82,22.1,22.165,6361900
AFKS,2016-09-02,22.225,22.255,21.89,22.11,3605800
AFKS,2016-09-05,22.16,22.22,21.9,21.985,2248200
AFKS,2016-09-06,21.98,22.9,21.815,22.535,5872100
AFKS,2016-09-07,22.555,22.65,22.06,22.13,6158200
AFKS,2016-09-08,22.13,22.245,21.385,21.55,6224300
AFKS,2016-09-09,21.55,21.55,21.13,21.2,5276000
AFKS,2016-09-12,21.14,21.24,20.62,20.89,8515100
AFKS,2016-09-13,21.02,21.47,20.915,21.17,8124700
AFKS,2016-09-14,21.185,21.55,21.05,21.235,5382900
AFKS,2016-09-15,21.125,21.235,20.715,20.86,3821700
AFKS,2016-09-16,20.84,21.25,19.82,20.16,6947900
AFKS,2016-09-19,20.16,20.58,19.9,20.335,12997600
AFKS,2016-09-20,20.44,20.5,20.31,20.5,6070300
AFKS,2016-09-21,20.55,20.655,20.235,20.495,10339600
AFKS,2016-09-22,20.55,21.35,20.33,21.05,11715900
AFKS,2016-09-23,21.12,21.15,20.675,20.805,3867100
AFKS,2016-09-26,20.805,20.82,20.22,20.65,5946300
AFKS,2016-09-27,20.67,20.88,20.3,20.435,4633500
AFKS,2016-09-28,20.475,20.68,20.25,20.3,9409900
AFKS,2016-09-29,20.56,20.565,20.29,20.29,2280200
AFKS,2016-09-30,20.2,20.385,20.135,20.31,2836700
AFKS,2016-10-03,20.3,20.7,20.185,20.7,5188700
AFKS,2016-10-04,20.62,20.76,20.4,20.51,3633700
AFKS,2016-10-05,20.555,20.87,20.365,20.8,6807000
AFKS,2016-10-06,20.58,20.58,20.26,20.39,2857600
AFKS,2016-10-07,20.43,20.545,20.29,20.345,1946500
AFKS,2016-10-10,20.485,20.485,20.3,20.375,3623800
AFKS,2016-10-11,20.41,20.49,20.165,20.36,3778800
AFKS,2016-10-12,20.3,20.35,20.02,20.075,6596000
AFKS,2016-10-13,20.08,20.95,20.05,20.25,14497800
AFKS,2016-10-14,20.365,20.79,20.145,20.51,7025000
AFKS,2016-10-17,20.57,20.8,20.455,20.63,3650100
AFKS,2016-10-18,20.605,20.87,20.51,20.65,7067000
AFKS,2016-10-19,20.64,20.665,20.495,20.515,3389400
AFKS,2016-10-20,20.6,20.73,20.52,20.67,3664200
AFKS,2016-10-21,20.64,20.64,20.09,20.125,7730600
AFKS,2016-10-24,20.215,20.215,19.63,19.89,6202700
AFKS,2016-10-25,19.89,20.63,19.845,20.51,8655800
AFKS,2016-10-26,20.405,20.61,20.03,20.04,4349400
AFKS,2016-10-27,20.13,20.13,19.8,19.855,4848100
AFKS,2016-10-28,19.91,19.99,19.335,19.43,5581100
AFKS,2016-10-31,19.535,19.535,19.115,19.275,6531400
AFKS,2016-11-01,19.38,19.975,19.32,19.85,9094000
AFKS,2016-11-02,19.72,19.925,19.4,19.8,6492100
AFKS,2016-11-03,19.68,19.9,19.49,19.835,6028700
AFKS,2016-11-07,19.88,19.99,18.97,19.0,7006700
AFKS,2016-11-08,19.1,19.235,18.855,18.97,3631300
AFKS,2016-11-09,18.845,19.52,18.755,19.42,5404700
AFKS,2016-11-10,19.555,20.05,19.14,20.0,8132700
AFKS,2016-11-11,19.81,19.965,19.105,19.445,13341500
AFKS,2016-11-14,19.33,19.59,19.12,19.145,5067500
AFKS,2016-11-15,19.225,19.395,19.025,19.035,6495200
AFKS,2016-11-16,19.12,19.625,19.115,19.4,3438000
AFKS,2016-11-17,19.455,19.675,19.31,19.4,3853900
AFKS,2016-11-18,19.485,19.69,19.275,19.67,2593800
AFKS,2016-11-21,19.68,19.75,19.475,19.7,2600300
AFKS,2016-11-22,19.63,19.93,19.535,19.825,5485500
AFKS,2016-11-23,19.865,20.31,19.71,20.3,5634400
AFKS,2016-11-24,20.35,20.91,20.08,20.72,9989900
AFKS,2016-11-25,20.81,20.81,20.48,20.555,3489400
AFKS,2016-11-28,20.515,20.945,20.5,20.75,3032000
AFKS,2016-11-29,20.7,21.7,20.66,21.7,7488100
AFKS,2016-11-30,21.71,22.0,21.21,21.795,7767100
AFKS,2016-12-01,21.93,22.05,21.52,21.6,4730900
AFKS,2016-12-02,21.52,22.0,21.02,22.0,9425200
AFKS,2016-12-05,22.09,22.35,21.925,22.25,4835700
AFKS,2016-12-06,22.36,22.5,22.105,22.3,3595800
AFKS,2016-12-07,22.36,22.995,21.935,22.84,8565800
AFKS,2016-12-08,22.865,23.49,22.49,23.49,7623000
AFKS,2016-12-09,23.49,23.585,22.56,23.15,6551800
AFKS,2016-12-12,23.15,23.325,22.51,22.515,7037400
AFKS,2016-12-13,22.515,22.755,21.76,22.395,8146500
AFKS,2016-12-14,22.49,22.9,22.22,22.5,6035500
AFKS,2016-12-15,22.5,22.695,22.065,22.665,13142400
AFKS,2016-12-16,22.72,22.99,22.215,22.47,9759500
AFKS,2016-12-19,22.6,22.79,22.315,22.755,6871000
AFKS,2016-12-20,22.7,23.095,22.41,22.93,5376300
AFKS,2016-12-21,22.935,23.03,22.48,22.7,3987400
AFKS,2016-12-22,22.545,22.735,22.175,22.595,4960100
AFKS,2016-12-23,22.595,22.675,22.26,22.53,1726200
AFKS,2016-12-26,22.485,22.525,22.15,22.41,627600
AFKS,2016-12-27,22.395,22.555,22.31,22.32,1737100
AFKS,2016-12-28,22.35,22.56,22.31,22.5,2010300
AFKS,2016-12-29,22.5,23.0,22.28,23.0,2877000
AFKS,2016-12-30,22.815,23.37,22.815,23.17,3590100
AFKS,2017-01-03,23.215,23.84,22.945,22.945,5035400
AFKS,2017-01-04,22.99,23.45,22.825,23.395,5028600
AFKS,2017-01-05,23.395,23.82,23.155,23.3,4833000
AFKS,2017-01-06,23.3,23.64,22.98,23.5,2588500
AFKS,2017-01-09,23.49,23.63,23.23,23.38,5583200
AFKS,2017-01-10,23.475,24.245,23.22,23.32,34544700
AFKS,2017-01-11,23.315,23.455,22.68,23.2,15514800
AFKS,2017-01-12,23.205,23.44,22.685,23.4,23331400
AFKS,2017-01-13,23.4,24.4,23.26,24.4,17310300
AFKS,2017-01-16,24.495,24.58,23.85,24.25,17784600
AFKS,2017-01-17,24.39,24.4,23.565,24.085,17738900
AFKS,2017-01-18,23.86,24.135,23.68,24.03,9278600
AFKS,2017-01-19,24.07,24.94,23.595,24.94,10950500
AFKS,2017-01-20,25.2,25.21,24.805,25.125,7352500
AFKS,2017-01-23,25.19,25.25,24.8,24.835,4470100
AFKS,2017-01-24,24.805,25.2,24.805,24.935,10228600
AFKS,2017-01-25,24.93,25.05,24.665,24.71,6383100
AFKS,2017-01-26,24.8,25.04,24.56,24.835,6479900
AFKS,2017-01-27,24.845,24.865,24.315,24.745,5675300
AFKS,2017-01-30,24.84,24.925,24.4,24.4,5368200
AFKS,2017-01-31,24.495,24.57,23.88,23.905,6920200
AFKS,2017-02-01,23.98,24.285,23.795,23.995,7832700
AFKS,2017-02-02,23.995,24.095,23.53,23.695,7327200
AFKS,2017-02-03,23.7,24.74,23.7,24.19,7536300
AFKS,2017-02-06,24.38,24.38,23.415,23.43,6525300
AFKS,2017-02-07,23.495,24.2,23.36,24.19,10373200
AFKS,2017-02-08,24.3,24.42,23.955,24.185,8350000
AFKS,2017-02-09,24.14,24.27,23.72,24.2,4369700
AFKS,2017-02-10,24.01,24.455,23.64,23.8,4457000
AFKS,2017-02-13,23.85,23.975,23.5,23.78,5270700
AFKS,2017-02-14,23.72,23.79,23.405,23.675,6564900
AFKS,2017-02-15,23.565,23.78,23.055,23.07,9957000
AFKS,2017-02-16,23.035,23.16,22.75,22.77,7316900
AFKS,2017-02-17,22.85,22.85,22.37,22.515,8165200
AFKS,2017-02-20,22.52,23.19,22.52,23.1,5925500
AFKS,2017-02-21,23.02,23.17,22.7,22.805,6648700
AFKS,2017-02-22,22.825,22.975,22.5,22.69,5410800
AFKS,2017-02-24,22.86,22.91,22.005,22.035,4065000
AFKS,2017-02-27,22.135,22.26,21.81,21.99,4829900
AFKS,2017-02-28,22.08,22.625,20.6,22.62,17785400
AFKS,2017-03-01,22.3,23.085,22.29,22.7,6194500
AFKS,2017-03-02,22.9,22.9,21.76,21.96,13196700
AFKS,2017-03-03,21.785,22.045,21.46,21.795,2978100
AFKS,2017-03-06,21.875,22.525,21.725,22.5,7698400
AFKS,2017-03-07,22.645,22.645,21.82,22.38,9640300
AFKS,2017-03-09,22.11,22.11,21.2,21.21,9203400
AFKS,2017-03-10,21.3,21.53,20.62,20.965,9522700
AFKS,2017-03-13,21.015,21.94,20.9,21.76,6334900
AFKS,2017-03-14,21.75,22.275,21.55,22.275,7600300
AFKS,2017-03-15,22.25,22.485,21.405,21.545,5853100
AFKS,2017-03-16,21.81,22.585,21.81,22.205,13411500
AFKS,2017-03-17,22.085,22.315,21.815,22.315,4662400
AFKS,2017-03-20,22.12,22.4,21.635,21.745,5417100
AFKS,2017-03-21,21.7,22.0,21.7,22.0,6779300
AFKS,2017-03-22,21.895,21.97,21.45,21.85,4456800
AFKS,2017-03-23,21.815,22.105,21.395,21.97,5763400
AFKS,2017-03-24,22.01,22.35,21.865,22.3,2577900
AFKS,2017-03-27,22.1,22.2,21.815,22.02,3157000
AFKS,2017-03-28,22.02,22.995,21.98,22.8,11091400
AFKS,2017-03-29,22.76,23.195,22.53,22.7,7190500
AFKS,2017-03-30,22.92,22.92,22.365,22.625,3815500
AFKS,2017-03-31,22.505,23.08,22.23,22.23,6620600
AFKS,2017-04-03,22.23,23.145,22.23,23.0,6079100
AFKS,2017-04-04,23.08,23.235,22.705,22.9,8896200
AFKS,2017-04-05,22.84,22.89,22.605,22.75,6248300
AFKS,2017-04-06,22.73,22.825,22.655,22.82,3837200
AFKS,2017-04-07,22.5,22.68,22.02,22.35,7476800
AFKS,2017-04-10,22.2,22.35,21.26,21.48,5485300
AFKS,2017-04-11,21.5,21.95,21.315,21.65,8523700
AFKS,2017-04-12,21.65,21.875,21.34,21.49,10553800
AFKS,2017-04-13,21.6,21.6,20.75,21.25,6958000
AFKS,2017-04-14,21.24,21.295,20.76,20.76,1629300
AFKS,2017-04-17,20.985,21.4,20.645,21.36,2139500
AFKS,2017-04-18,21.3,21.575,21.0,21.16,6565200
AFKS,2017-04-19,21.1,21.495,20.995,21.02,6229800
AFKS,2017-04-20,20.91,21.21,20.615,21.18,8466200
AFKS,2017-04-21,20.91,21.39,20.825,20.955,2742600
AFKS,2017-04-24,21.1,21.64,20.935,21.635,7979800
AFKS,2017-04-25,21.66,22.02,21.28,21.995,6938800
AFKS,2017-04-26,22.18,22.22,21.645,22.22,6844700
AFKS,2017-04-27,22.055,22.165,21.705,21.705,3487000
AFKS,2017-04-28,21.715,22.055,21.33,21.35,4230900
AFKS,2017-05-02,21.545,22.55,21.375,22.29,8369700
AFKS,2017-05-03,20.065,20.065,13.96,14.06,276766600
AFKS,2017-05-04,14.22,15.58,13.555,14.49,177145300
AFKS,2017-05-05,14.48,14.72,14.015,14.495,35800200
AFKS,2017-05-10,15.945,17.0,15.07,15.75,153426000
AFKS,2017-05-11,15.89,15.89,13.76,13.76,111275900
AFKS,2017-05-12,13.66,13.735,12.78,13.33,69331400
AFKS,2017-05-15,13.1,13.455,12.82,13.065,35818300
AFKS,2017-05-16,13.17,13.25,12.63,12.87,30797500
AFKS,2017-05-17,12.74,13.575,12.715,13.09,46795000
AFKS,2017-05-18,13.1,13.325,12.97,13.01,20305900
AFKS,2017-05-19,13.2,13.57,12.985,13.2,20104000
AFKS,2017-05-22,13.25,13.4,13.04,13.25,8986200
AFKS,2017-05-23,13.18,13.6,13.18,13.595,13017700
AFKS,2017-05-24,12.25,12.87,11.255,12.2,59661700
AFKS,2017-05-25,12.015,12.3,11.655,12.005,19617500
AFKS,2017-05-26,12.005,12.38,11.88,12.295,15959800
AFKS,2017-05-29,12.21,12.37,11.87,11.94,11370600
AFKS,2017-05-30,11.99,12.425,11.91,12.425,17712300
AFKS,2017-05-31,12.425,12.6,12.25,12.455,28125600
AFKS,2017-06-01,12.465,12.79,12.165,12.45,14569500
AFKS,2017-06-02,12.5,13.925,12.28,13.505,79149500
AFKS,2017-06-05,13.64,14.415,13.45,14.16,43421900
AFKS,2017-06-06,14.13,14.25,12.78,13.105,41580100
AFKS,2017-06-07,13.19,13.28,12.73,12.73,12663400
AFKS,2017-06-08,12.785,12.895,12.51,12.7,11318600
AFKS,2017-06-09,12.7,12.9,12.655,12.85,13027800
AFKS,2017-06-13,12.8,12.915,12.59,12.725,9332900
AFKS,2017-06-14,12.75,12.83,12.57,12.62,8604300
AFKS,2017-06-15,12.62,12.645,11.84,12.1,30238200
AFKS,2017-06-16,12.2,12.54,12.1,12.49,8326600
AFKS,2017-06-19,12.55,13.15,12.54,13.07,12264000
AFKS,2017-06-20,13.09,15.365,12.745,13.03,122979400
AFKS,2017-06-21,12.985,13.0,12.4,12.49,18102500
AFKS,2017-06-22,12.505,13.595,12.36,13.4,38279200
AFKS,2017-06-23,13.5,14.08,13.14,14.0,30132500
AFKS,2017-06-26,13.5,13.69,12.76,13.0,28872000
AFKS,2017-06-27,11.7,12.245,10.7,12.17,71627300
AFKS,2017-06-28,12.11,12.23,11.9,12.105,13559400
AFKS,2017-06-29,12.21,12.35,11.925,12.03,15169200
AFKS,2017-06-30,12.18,12.245,12.05,12.13,13946100
AFKS,2017-07-03,12.24,12.945,12.12,12.4,13008400
AFKS,2017-07-04,12.4,12.87,12.345,12.78,10224200
AFKS,2017-07-05,12.895,12.895,12.44,12.62,10257600
AFKS,2017-07-06,12.58,12.77,12.26,12.495,18577100
AFKS,2017-07-07,12.49,12.525,12.32,12.4,7886000
AFKS,2017-07-10,12.4,12.485,12.35,12.485,9886300
AFKS,2017-07-11,12.47,12.655,12.34,12.52,16684900
AFKS,2017-07-12,11.89,12.22,11.88,12.055,33970700
AFKS,2017-07-13,12.12,12.17,11.855,12.0,14765900
AFKS,2017-07-14,11.965,12.075,11.895,11.91,8426900
AFKS,2017-07-17,11.88,11.89,11.5,11.61,17560900
AFKS,2017-07-18,11.62,11.655,11.205,11.405,15947200
AFKS,2017-07-19,11.39,11.535,11.12,11.3,17121400
AFKS,2017-07-20,11.3,11.31,10.9,11.11,34166900
AFKS,2017-07-21,11.075,11.41,11.005,11.22,20731800
AFKS,2017-07-24,11.31,11.33,11.03,11.13,8420700
AFKS,2017-07-25,11.17,11.2,10.96,11.01,12313200
AFKS,2017-07-26,11.06,11.135,10.985,11.005,8113700
AFKS,2017-07-27,11.11,11.16,11.03,11.16,6130800
AFKS,2017-07-28,11.21,11.21,11.035,11.105,10896100
AFKS,2017-07-31,11.06,12.0,11.06,12.0,18452100
AFKS,2017-08-01,12.0,12.0,11.715,11.9,9744800
AFKS,2017-08-02,11.89,12.12,11.885,12.065,8735900
AFKS,2017-08-03,12.005,12.1,11.795,12.03,6125800
AFKS,2017-08-04,11.985,11.99,11.725,11.835,6139500
AFKS,2017-08-07,11.835,11.89,11.555,11.6,8440800
AFKS,2017-08-08,11.525,11.58,10.865,11.4,11248300
AFKS,2017-08-09,11.3,12.37,11.22,11.48,22888000
AFKS,2017-08-10,11.61,11.69,11.345,11.4,10796700
AFKS,2017-08-11,11.435,11.695,11.32,11.56,7556900
AFKS,2017-08-14,11.32,12.24,11.32,11.82,23912300
AFKS,2017-08-15,11.78,11.87,11.6,11.77,6572500
AFKS,2017-08-16,11.705,11.875,11.65,11.705,5220300
AFKS,2017-08-17,11.65,11.715,11.52,11.53,4005400
AFKS,2017-08-18,11.645,11.775,11.5,11.55,14329100
AFKS,2017-08-21,11.685,11.745,11.575,11.68,6835200
AFKS,2017-08-22,11.69,11.695,11.48,11.575,7529800
AFKS,2017-08-23,11.555,12.4,11.09,11.2,47084800
AFKS,2017-08-24,11.19,11.735,11.01,11.435,33485200
AFKS,2017-08-25,11.45,11.55,11.31,11.44,11739300
AFKS,2017-08-28,11.405,11.44,11.265,11.3,6801500
AFKS,2017-08-29,11.24,11.39,11.24,11.375,5741100
AFKS,2017-08-30,11.39,11.39,11.13,11.215,10847800
AFKS,2017-08-31,11.16,11.865,11.11,11.75,39104200
AFKS,2017-09-01,11.72,11.965,11.46,11.955,17487000
AFKS,2017-09-04,11.9,12.545,11.27,12.545,32658400
AFKS,2017-09-05,12.545,14.45,12.505,13.645,128577800
AFKS,2017-09-06,13.79,14.2,13.575,14.095,41953700
AFKS,2017-09-07,14.095,14.385,13.75,13.815,23526100
AFKS,2017-09-08,13.96,13.96,13.64,13.745,11241300
AFKS,2017-09-11,13.87,13.975,13.385,13.4,13583500
AFKS,2017-09-12,13.37,14.0,13.3,13.87,16834700
AFKS,2017-09-13,13.785,13.93,13.715,13.805,5055100
AFKS,2017-09-14,13.78,13.85,13.4,13.6,11482300
AFKS,2017-09-15,13.6,14.05,13.44,14.05,19209900
AFKS,2017-09-18,14.005,14.09,13.68,13.745,7191100
AFKS,2017-09-19,13.755,13.91,13.44,13.51,8925300
AFKS,2017-09-20,13.56,13.7,13.435,13.59,7020200
AFKS,2017-09-21,13.59,13.9,13.59,13.68,9482800
AFKS,2017-09-22,13.655,13.72,13.5,13.5,8492500
AFKS,2017-09-25,13.48,13.665,13.44,13.58,4670300
AFKS,2017-09-26,13.645,13.71,13.55,13.685,6824700
AFKS,2017-09-27,13.72,13.8,13.63,13.7,5194600
AFKS,2017-09-28,13.63,13.755,13.47,13.485,6450100
AFKS,2017-09-29,13.48,13.5,13.175,13.36,12538600
AFKS,2017-10-02,13.205,13.385,12.96,13.105,7817600
AFKS,2017-10-03,13.15,13.315,13.0,13.09,6908500
AFKS,2017-10-04,13.12,13.37,12.995,13.08,7145000
AFKS,2017-10-05,13.01,13.22,12.91,13.045,11326000
AFKS,2017-10-06,13.08,13.165,13.02,13.04,3576900
AFKS,2017-10-09,13.015,13.17,13.015,13.16,2630200
AFKS,2017-10-10,13.16,13.21,12.97,13.085,5083600
AFKS,2017-10-11,13.085,13.15,13.025,13.15,6508000
AFKS,2017-10-12,13.155,13.155,12.975,13.145,8183800
AFKS,2017-10-13,13.125,13.375,13.1,13.3,6547600
AFKS,2017-10-16,13.335,13.66,13.285,13.52,11934500
AFKS,2017-10-17,13.535,13.67,13.265,13.4,9433600
AFKS,2017-10-18,13.4,13.475,13.3,13.415,4995400
AFKS,2017-10-19,13.41,13.47,13.145,13.265,11677000
AFKS,2017-10-20,13.305,13.485,13.14,13.44,6712300
AFKS,2017-10-23,13.31,13.64,13.14,13.43,21127800
AFKS,2017-10-24,13.5,13.505,13.2,13.3,7984300
AFKS,2017-10-25,13.335,13.48,13.2,13.37,6269100
AFKS,2017-10-26,13.245,13.335,13.11,13.245,8148200
AFKS,2017-10-27,13.27,13.3,13.16,13.27,5449300
AFKS,2017-10-30,13.29,13.38,13.2,13.2,3912100
AFKS,2017-10-31,13.275,13.29,13.115,13.17,6278700
AFKS,2017-11-01,13.24,13.24,13.05,13.065,5148400
AFKS,2017-11-02,13.065,13.16,13.015,13.055,2748200
AFKS,2017-11-03,13.095,13.15,13.02,13.02,5460800
AFKS,2017-11-07,13.14,13.27,13.12,13.24,8921000
AFKS,2017-11-08,13.235,13.35,13.175,13.32,3673300
AFKS,2017-11-09,13.355,13.41,12.865,12.98,19546300
AFKS,2017-11-10,13.0,13.015,12.61,12.95,12746000
AFKS,2017-11-13,12.74,13.3,12.74,12.925,10043400
AFKS,2017-11-14,12.82,12.915,12.335,12.335,29848900
AFKS,2017-11-15,12.41,12.42,11.6,11.7,28400000
AFKS,2017-11-16,11.795,12.12,11.5,11.73,20045800
AFKS,2017-11-17,11.845,12.03,11.705,11.975,9506200
AFKS,2017-11-20,12.0,12.245,11.81,12.025,11155100
AFKS,2017-11-21,12.05,12.125,11.795,11.895,9245300
AFKS,2017-11-22,11.935,11.94,11.56,11.665,10595400
AFKS,2017-11-23,11.7,11.71,11.33,11.395,16989000
AFKS,2017-11-24,11.445,11.655,11.35,11.46,13588200
AFKS,2017-11-27,11.6,11.88,11.22,11.29,35608500
AFKS,2017-11-28,11.39,11.42,10.925,11.01,44458700
AFKS,2017-11-29,11.0,11.45,10.77,10.89,70225700
AFKS,2017-11-30,10.89,10.985,10.375,10.665,130935400
AFKS,2017-12-01,10.9,11.32,10.885,11.32,60828500
AFKS,2017-12-04,11.195,11.66,11.04,11.63,32525100
AFKS,2017-12-05,11.68,11.995,11.46,11.81,36458400
AFKS,2017-12-06,11.81,11.99,11.675,11.99,30336300
AFKS,2017-12-07,11.41,11.465,9.25,10.2,144286000
AFKS,2017-12-08,10.195,10.55,9.825,10.01,55741100
AFKS,2017-12-11,10.195,10.975,9.91,10.96,59129500
AFKS,2017-12-12,10.99,11.08,10.5,10.825,29005600
AFKS,2017-12-13,9.84,10.425,9.805,10.22,50896300
AFKS,2017-12-14,10.13,10.445,10.1,10.3,16008600
AFKS,2017-12-15,10.445,10.445,9.995,10.3,15302200
AFKS,2017-12-18,10.32,10.5,8.45,9.0,166960900
AFKS,2017-12-19,8.975,9.59,8.81,9.225,82443100
AFKS,2017-12-20,9.085,9.565,8.92,9.415,34776100
AFKS,2017-12-21,9.495,9.65,9.4,9.615,29374200
AFKS,2017-12-22,10.57,11.9,10.1,11.32,180356600
AFKS,2017-12-25,12.45,14.1,12.45,13.75,121375000
AFKS,2017-12-26,13.85,13.85,13.255,13.3,23182600
AFKS,2017-12-27,13.495,13.495,12.115,12.4,107355300
AFKS,2017-12-28,12.385,12.65,11.81,12.1,58238600
AFKS,2017-12-29,12.095,12.5,11.895,12.09,27684400
AFKS,2018-01-03,12.485,12.55,12.26,12.35,20687500
AFKS,2018-01-04,12.365,12.465,12.24,12.385,14880200
AFKS,2018-01-05,12.385,12.42,12.22,12.39,11072000
AFKS,2018-01-09,12.545,12.84,12.505,12.715,30905600
AFKS,2018-01-10,12.785,12.835,12.52,12.7,11774300
AFKS,2018-01-11,12.695,12.765,12.4,12.7,15997900
AFKS,2018-01-12,12.615,12.73,12.52,12.65,13497700
AFKS,2018-01-15,12.77,12.795,12.605,12.755,12795300
AFKS,2018-01-16,12.76,12.825,12.605,12.65,28991400
AFKS,2018-01-17,12.67,12.71,12.47,12.71,20610100
AFKS,2018-01-18,12.68,12.77,12.53,12.675,25342200
AFKS,2018-01-19,12.655,12.665,12.455,12.5,19277700
AFKS,2018-01-22,12.51,12.64,12.46,12.52,21466000
AFKS,2018-01-23,12.705,13.1,12.565,12.62,56049300
AFKS,2018-01-24,12.625,12.655,12.37,12.54,22798300
AFKS,2018-01-25,12.5,12.555,12.345,12.4,24614000
AFKS,2018-01-26,12.4,12.4,12.0,12.055,35968100
AFKS,2018-01-29,12.115,12.26,11.9,12.25,19284600
AFKS,2018-01-30,12.265,12.305,12.06,12.15,12773900
AFKS,2018-01-31,12.175,12.22,11.96,12.2,20402000
AFKS,2018-02-01,12.14,12.265,12.105,12.265,10856600
AFKS,2018-02-02,12.265,12.365,11.96,12.0,15760300
AFKS,2018-02-05,11.95,12.05,11.865,11.96,11921200
AFKS,2018-02-06,11.7,11.785,11.42,11.46,24278300
AFKS,2018-02-07,11.635,11.745,11.55,11.63,9488200
AFKS,2018-02-08,11.56,11.72,11.475,11.505,8508300
AFKS,2018-02-09,11.295,12.04,11.22,11.755,37621100
AFKS,2018-02-12,11.96,12.65,11.86,12.65,41276100
AFKS,2018-02-13,12.66,12.715,12.25,12.32,19482300
AFKS,2018-02-14,12.39,12.55,12.105,12.25,19123500
AFKS,2018-02-15,12.275,12.4,12.06,12.11,29904700
AFKS,2018-02-16,12.115,12.43,12.08,12.2,31084600
AFKS,2018-02-19,12.365,12.64,12.235,12.4,26548500
AFKS,2018-02-20,12.41,12.545,12.15,12.19,23986400
AFKS,2018-02-21,12.255,12.355,12.165,12.35,18257800
AFKS,2018-02-22,12.33,12.545,12.245,12.36,19445000
AFKS,2018-02-26,12.58,12.59,12.3,12.31,16089400
AFKS,2018-02-27,12.305,12.45,12.25,12.3,12719500
AFKS,2018-02-28,12.295,12.4,12.09,12.09,15342600
AFKS,2018-03-01,12.08,12.195,11.95,12.02,23304600
AFKS,2018-03-02,11.99,12.12,11.93,11.99,14118700
AFKS,2018-03-05,12.07,12.15,11.96,12.085,11017400
AFKS,2018-03-06,12.27,12.28,12.115,12.18,22035500
AFKS,2018-03-07,12.175,12.175,11.95,12.08,14443300
AFKS,2018-03-09,12.05,12.165,11.99,12.025,9771400
AFKS,2018-03-12,12.125,12.13,11.83,11.885,38354600
AFKS,2018-03-13,12.0,12.0,11.85,11.875,23814300
AFKS,2018-03-14,11.875,11.955,11.76,11.76,17892100
AFKS,2018-03-15,11.825,11.885,11.7,11.76,29444800
AFKS,2018-03-16,11.8,12.13,11.7,11.7,40720800
AFKS,2018-03-19,11.84,12.05,11.775,11.91,20978000
AFKS,2018-03-20,11.975,12.035,11.855,11.97,13422500
AFKS,2018-03-21,11.97,12.07,11.9,11.96,10771100
AFKS,2018-03-22,11.985,12.0,11.785,11.875,11884300
AFKS,2018-03-23,11.815,11.935,11.71,11.875,12104300
AFKS,2018-03-26,11.875,11.92,11.72,11.735,11576200
AFKS,2018-03-27,11.795,11.9,11.705,11.745,10613100
AFKS,2018-03-28,11.735,11.78,11.51,11.675,24185500
AFKS,2018-03-29,11.65,11.79,11.61,11.655,7718700
AFKS,2018-03-30,11.7,11.85,11.68,11.85,5186500
AFKS,2018-04-02,11.85,11.95,11.74,11.79,9196300
AFKS,2018-04-03,11.835,11.865,11.7,11.75,9983000
AFKS,2018-04-04,11.5,11.655,11.4,11.5,29238900
AFKS,2018-04-05,11.525,11.59,11.43,11.44,14229600
AFKS,2018-04-06,11.4,11.515,11.355,11.415,26322800
AFKS,2018-04-09,11.4,11.43,9.89,10.605,73878400
AFKS,2018-04-10,10.6,10.84,10.06,10.53,59697300
AFKS,2018-04-11,10.5,10.735,10.17,10.4,46821300
AFKS,2018-04-12,10.48,10.62,10.315,10.455,22505100
AFKS,2018-04-13,10.5,10.62,10.215,10.3,31729900
AFKS,2018-04-16,10.15,10.44,10.095,10.195,20356000
AFKS,2018-04-17,10.39,10.46,10.245,10.335,12652400
AFKS,2018-04-18,10.37,10.78,10.34,10.56,23552700
AFKS,2018-04-19,10.67,10.775,10.55,10.65,15399100
AFKS,2018-04-20,10.62,10.9,10.62,10.825,12868800
AFKS,2018-04-23,10.875,10.95,10.73,10.88,17729800
AFKS,2018-04-24,10.945,11.05,10.78,10.85,17121500
AFKS,2018-04-25,10.85,10.85,10.655,10.8,10060600
AFKS,2018-04-26,10.815,10.95,10.76,10.94,8248700
AFKS,2018-04-27,10.94,11.0,10.895,11.0,4508600
AFKS,2018-04-28,11.03,11.09,10.905,11.02,3190600
AFKS,2018-04-30,11.09,11.37,10.98,11.23,10726100
AFKS,2018-05-02,11.17,11.35,10.955,11.01,11781700
AFKS,2018-05-03,11.0,11.065,10.76,10.805,8034200
AFKS,2018-05-04,10.855,10.89,10.705,10.845,7888100
AFKS,2018-05-07,10.86,10.98,10.83,10.92,6902200
AFKS,2018-05-08,10.935,10.95,10.76,10.95,9942100
AFKS,2018-05-10,10.95,11.04,10.9,11.0,12059900
AFKS,2018-05-11,10.99,11.055,10.875,10.96,11103400
AFKS,2018-05-14,10.915,11.085,10.9,11.085,9524700
AFKS,2018-05-15,11.035,11.095,10.84,10.9,16627500
AFKS,2018-05-16,10.83,10.94,10.8,10.82,6513000
AFKS,2018-05-17,10.825,10.855,10.65,10.695,15487700
AFKS,2018-05-18,10.68,10.725,10.615,10.715,7698800
AFKS,2018-05-21,10.71,10.715,10.43,10.505,20355400
AFKS,2018-05-22,10.51,10.51,10.26,10.37,18160800
AFKS,2018-05-23,10.34,10.425,10.165,10.23,11818900
AFKS,2018-05-24,10.255,10.265,10.115,10.2,15528200
AFKS,2018-05-25,10.2,10.375,10.145,10.365,12378900
AFKS,2018-05-28,10.365,10.615,10.345,10.49,11161500
AFKS,2018-05-29,10.5,10.515,10.26,10.365,10680200
AFKS,2018-05-30,10.395,10.415,10.24,10.375,6265900
AFKS,2018-05-31,10.39,10.515,10.37,10.415,8015700
AFKS,2018-06-01,10.38,10.475,10.33,10.39,5628100
AFKS,2018-06-04,10.47,10.47,10.28,10.36,11865200
AFKS,2018-06-05,10.365,10.45,10.22,10.24,9600900
AFKS,2018-06-06,10.255,10.295,10.2,10.2,6865300
AFKS,2018-06-07,10.21,10.26,10.17,10.22,5191900
AFKS,2018-06-08,10.18,10.2,10.0,10.01,12482400
AFKS,2018-06-09,10.075,10.12,10.005,10.07,2128200
AFKS,2018-06-11,10.03,10.07,9.985,10.01,2678500
AFKS,2018-06-13,10.01,10.085,9.955,9.985,8537100
AFKS,2018-06-14,10.0,10.0,9.85,9.89,9383100
AFKS,2018-06-15,9.92,9.955,9.725,9.8,12529900
AFKS,2018-06-18,9.79,9.8,9.665,9.72,10227800
AFKS,2018-06-19,9.7,9.79,9.6,9.695,12978600
AFKS,2018-06-20,9.71,9.865,9.68,9.83,10536000
AFKS,2018-06-21,9.8,9.885,9.62,9.64,11865900
AFKS,2018-06-22,9.645,9.73,8.4,8.805,133362400
AFKS,2018-06-25,8.8,8.95,8.645,8.75,39393900
AFKS,2018-06-26,8.805,8.84,8.565,8.64,24458000
AFKS,2018-06-27,8.715,8.725,8.32,8.58,23891100
AFKS,2018-06-28,8.58,8.7,8.455,8.645,18103900
AFKS,2018-06-29,8.67,8.935,8.48,8.81,24350100
AFKS,2018-07-02,8.925,9.135,8.89,9.08,19844500
AFKS,2018-07-03,9.08,9.145,8.86,8.875,19349100
AFKS,2018-07-04,8.9,9.14,8.755,9.12,19521900
AFKS,2018-07-05,9.1,9.21,9.05,9.18,11345100
AFKS,2018-07-06,9.25,9.3,9.1,9.225,12014700
AFKS,2018-07-09,9.325,9.395,9.26,9.39,15054900
AFKS,2018-07-10,9.37,9.42,9.14,9.185,14478400
AFKS,2018-07-11,9.155,9.21,9.015,9.08,16132100
AFKS,2018-07-12,9.1,9.175,9.02,9.065,8636600
AFKS,2018-07-13,9.105,9.16,9.0,9.0,9633300
AFKS,2018-07-16,9.12,9.2,9.05,9.115,14998600
AFKS,2018-07-17,9.12,9.14,8.96,9.04,16226200
AFKS,2018-07-18,9.0,9.045,8.875,8.89,14023400
AFKS,2018-07-19,8.925,8.925,8.695,8.785,18136500
AFKS,2018-07-20,8.79,8.9,8.665,8.71,12917100
AFKS,2018-07-23,8.715,8.955,8.715,8.735,13324600
AFKS,2018-07-24,8.78,8.815,8.71,8.74,9944400
AFKS,2018-07-25,8.705,8.785,8.68,8.705,8271600
AFKS,2018-07-26,8.71,8.865,8.65,8.8,12531800
AFKS,2018-07-27,8.845,8.9,8.77,8.86,10911400
AFKS,2018-07-30,8.81,9.325,8.765,9.285,28796700
AFKS,2018-07-31,9.37,9.37,9.02,9.07,16306600
AFKS,2018-08-01,9.025,9.18,8.97,8.98,14497000
AFKS,2018-08-02,8.95,9.085,8.81,8.85,14673900
AFKS,2018-08-03,8.9,8.94,8.765,8.89,8480500
AFKS,2018-08-06,8.9,9.0,8.815,9.0,7602400
AFKS,2018-08-07,9.0,9.14,8.91,8.965,8778900
AFKS,2018-08-08,8.76,8.85,8.55,8.72,33940100
AFKS,2018-08-09,8.63,8.745,8.41,8.73,18580300
AFKS,2018-08-10,8.725,8.725,8.475,8.495,15161600
AFKS,2018-08-13,8.455,8.535,8.345,8.485,9819600
AFKS,2018-08-14,8.5,8.585,8.36,8.375,10395300
AFKS,2018-08-15,8.375,8.48,8.31,8.395,15872200
AFKS,2018-08-16,8.37,8.53,8.37,8.455,7676500
AFKS,2018-08-17,8.49,8.525,8.385,8.44,8621700
AFKS,2018-08-20,8.485,8.505,8.41,8.41,5406700
AFKS,2018-08-21,8.415,8.48,8.38,8.46,6506200
AFKS,2018-08-22,8.47,8.66,8.465,8.53,15565900
AFKS,2018-08-23,8.465,8.58,8.38,8.385,8384100
AFKS,2018-08-24,8.42,8.515,8.25,8.365,15339500
AFKS,2018-08-27,8.38,8.635,8.295,8.635,10849800
AFKS,2018-08-28,8.635,8.66,8.53,8.575,5470300
AFKS,2018-08-29,8.575,8.64,8.545,8.595,4928900
AFKS,2018-08-30,8.58,8.69,8.35,8.385,17271300
AFKS,2018-08-31,8.41,8.42,8.275,8.29,15878700
AFKS,2018-09-03,8.2,8.275,8.15,8.2,14234200
AFKS,2018-09-04,8.21,8.22,8.03,8.085,16885200
AFKS,2018-09-05,8.215,8.25,8.075,8.08,10683500
AFKS,2018-09-06,8.085,8.105,7.905,7.94,14901300
AFKS,2018-09-07,7.925,7.995,7.835,7.87,12206600
AFKS,2018-09-10,7.9,7.9,7.785,7.885,8914000
AFKS,2018-09-11,7.9,8.08,7.85,7.95,14222600
AFKS,2018-09-12,8.01,8.17,7.975,8.17,16077600
AFKS,2018-09-13,8.195,8.285,8.125,8.14,14116600
AFKS,2018-09-14,8.165,8.38,8.135,8.29,14031300
AFKS,2018-09-17,8.305,8.45,8.305,8.385,8504200
AFKS,2018-09-18,8.385,8.665,8.385,8.48,18222600
AFKS,2018-09-19,8.48,8.665,8.465,8.63,14690100
AFKS,2018-09-20,8.63,8.86,8.565,8.695,42301200
AFKS,2018-09-21,8.7,9.02,8.7,9.01,29340600
AFKS,2018-09-24,9.105,9.245,8.885,9.05,15849400
AFKS,2018-09-25,8.99,9.05,8.81,8.845,11856600
AFKS,2018-09-26,8.89,8.935,8.65,8.655,11110300
AFKS,2018-09-27,8.7,8.855,8.42,8.68,17453200
AFKS,2018-09-28,8.7,8.785,8.545,8.7,12274500
AFKS,2018-10-01,8.74,9.125,8.66,9.0,24896500
AFKS,2018-10-02,9.085,9.11,8.8,9.01,15765400
AFKS,2018-10-03,9.01,9.11,8.92,8.955,13193800
AFKS,2018-10-04,9.01,9.01,8.76,8.795,9569600
AFKS,2018-10-05,8.755,8.79,8.45,8.505,15094500
AFKS,2018-10-08,8.5,8.5,8.19,8.38,16986400
AFKS,2018-10-09,8.38,8.415,8.235,8.38,12666100
AFKS,2018-10-10,8.37,8.37,8.2,8.2,10505700
AFKS,2018-10-11,8.0,8.22,8.0,8.13,20875300
AFKS,2018-10-12,8.175,8.285,8.15,8.195,7733700
AFKS,2018-10-15,8.23,8.525,8.2,8.42,13315200
AFKS,2018-10-16,8.42,8.465,8.26,8.325,12051700
AFKS,2018-10-17,8.345,8.375,8.275,8.285,6540300
AFKS,2018-10-18,8.26,8.355,8.245,8.255,6948100
AFKS,2018-10-19,8.3,8.335,8.12,8.175,11448500
AFKS,2018-10-22,8.125,8.22,8.08,8.085,6989100
AFKS,2018-10-23,8.08,8.08,7.85,7.95,17286300
AFKS,2018-10-24,7.96,8.035,7.93,7.985,9423500
AFKS,2018-10-25,7.93,7.985,7.86,7.875,7536000
AFKS,2018-10-26,7.875,7.915,7.65,7.65,17454900
AFKS,2018-10-29,7.7,7.94,7.7,7.87,10976900
AFKS,2018-10-30,7.8,7.945,7.77,7.785,5827300
AFKS,2018-10-31,7.83,7.925,7.785,7.8,6097400
AFKS,2018-11-01,7.82,7.999,7.779,7.999,9633000
AFKS,2018-11-02,8.01,8.21,7.921,8.13,10397100
AFKS,2018-11-06,8.13,8.273,8.13,8.193,5594100
AFKS,2018-11-07,8.17,8.228,8.061,8.203,5648700
AFKS,2018-11-08,8.232,8.356,8.17,8.205,12532500
AFKS,2018-11-09,8.181,8.227,8.01,8.13,8894200
AFKS,2018-11-12,8.16,8.214,8.04,8.04,6233800
AFKS,2018-11-13,8.009,8.174,7.965,8.13,7430900
AFKS,2018-11-14,8.1,8.15,8.0,8.047,7320800
AFKS,2018-11-15,8.03,8.169,8.02,8.02,8645300
AFKS,2018-11-16,8.04,8.05,7.867,7.95,12593500
AFKS,2018-11-19,7.94,8.014,7.94,8.007,4535600
AFKS,2018-11-20,7.99,8.001,7.711,7.819,14293200
AFKS,2018-11-21,7.8,7.973,7.755,7.961,7715800
AFKS,2018-11-22,7.958,7.999,7.874,7.905,5160000
AFKS,2018-11-23,7.903,7.933,7.792,7.87,5923200
AFKS,2018-11-26,7.9,7.944,7.73,7.866,8134100
AFKS,2018-11-27,7.898,7.971,7.6,7.77,18137000
AFKS,2018-11-28,7.774,8.339,7.712,8.245,52974200
AFKS,2018-11-29,8.246,8.483,8.239,8.419,19190900
AFKS,2018-11-30,8.37,8.604,8.37,8.569,14886400
AFKS,2018-12-03,8.65,8.9,8.351,8.471,18395800
AFKS,2018-12-04,8.43,8.557,8.331,8.414,9458000
AFKS,2018-12-05,8.396,8.59,8.335,8.472,9991100
AFKS,2018-12-06,8.405,8.472,8.324,8.367,8477900
AFKS,2018-12-07,8.378,8.466,8.23,8.23,11582500
AFKS,2018-12-10,8.248,8.308,8.013,8.033,13257600
AFKS,2018-12-11,8.05,8.222,7.92,8.1,9801500
AFKS,2018-12-12,8.199,8.199,7.945,7.945,7246100
AFKS,2018-12-13,7.94,8.06,7.94,8.02,7259300
AFKS,2018-12-14,7.979,8.049,7.875,7.995,9902100
AFKS,2018-12-17,7.97,8.115,7.965,8.04,7076300
AFKS,2018-12-18,8.002,8.08,7.984,8.05,8365500
AFKS,2018-12-19,8.04,8.04,7.951,7.985,8526600
AFKS,2018-12-20,7.98,8.02,7.905,7.97,8378900
AFKS,2018-12-21,7.954,7.988,7.89,7.903,15704600
AFKS,2018-12-24,7.91,7.96,7.819,7.825,9895300
AFKS,2018-12-25,7.825,8.048,7.675,7.971,14855700
AFKS,2018-12-26,8.0,8.101,7.9,7.955,9956000
AFKS,2018-12-27,8.024,8.086,7.841,7.841,12891200
AFKS,2018-12-28,7.843,7.998,7.843,7.991,10204400
AFKS,2018-12-29,7.99,8.044,7.925,7.999,4506200
AFKS,2019-01-03,8.03,8.049,7.961,8.043,4068900
AFKS,2019-01-04,8.043,8.24,8.022,8.24,5785000
AFKS,2019-01-08,8.245,8.27,8.16,8.182,4758800
AFKS,2019-01-09,8.207,8.348,8.184,8.301,8995100
AFKS,2019-01-10,8.301,8.355,8.2,8.326,7499400
AFKS,2019-01-11,8.32,8.465,8.27,8.442,9623600
AFKS,2019-01-14,8.44,8.477,8.357,8.44,9150900
AFKS,2019-01-15,8.47,8.569,8.416,8.491,9382000
AFKS,2019-01-16,8.5,8.5,8.402,8.5,6443400
AFKS,2019-01-17,8.5,8.88,8.5,8.753,23274000
AFKS,2019-01-18,8.841,9.236,8.757,9.1,47004600
AFKS,2019-01-21,9.19,9.689,9.035,9.51,62983700
AFKS,2019-01-22,9.605,9.844,9.5,9.555,53615700
AFKS,2019-01-23,9.51,9.7,9.501,9.547,17152900
AFKS,2019-01-24,9.54,9.619,9.157,9.255,27415400
AFKS,2019-01-25,9.33,9.599,9.024,9.535,51209500
AFKS,2019-01-28,9.55,9.738,9.395,9.505,17535700
AFKS,2019-01-29,9.52,9.628,9.362,9.549,14945300
AFKS,2019-01-30,9.575,9.612,9.462,9.55,12047600
AFKS,2019-01-31,9.596,9.65,9.498,9.61,20025900
AFKS,2019-02-01,9.609,9.628,9.502,9.532,11886100
AFKS,2019-02-04,9.532,9.713,9.511,9.637,9699600
AFKS,2019-02-05,9.6,9.968,9.507,9.95,39472700
AFKS,2019-02-06,9.95,10.28,9.88,9.9,66269700
AFKS,2019-02-07,9.899,10.05,9.404,9.64,53848400
AFKS,2019-02-08,9.635,9.843,9.315,9.54,37497200
AFKS,2019-02-11,9.54,9.799,9.475,9.7,19827800
AFKS,2019-02-12,9.695,9.836,9.572,9.81,19978100
AFKS,2019-02-13,9.859,10.018,9.65,9.8,22717400
AFKS,2019-02-14,9.658,9.722,9.346,9.418,33484400
AFKS,2019-02-15,9.418,9.719,9.418,9.705,17740300
AFKS,2019-02-18,9.77,9.8,9.52,9.701,10833300
AFKS,2019-02-19,9.684,9.95,9.564,9.65,32605900
AFKS,2019-02-20,9.7,9.839,9.671,9.805,17129200
AFKS,2019-02-21,9.805,9.891,9.729,9.802,16287100
AFKS,2019-02-22,9.806,9.87,9.716,9.74,14191500
AFKS,2019-02-25,9.816,9.836,9.64,9.685,11350900
AFKS,2019-02-26,9.7,9.77,9.58,9.77,12531800
AFKS,2019-02-27,9.8,9.8,9.57,9.64,10269100
AFKS,2019-02-28,9.639,10.028,9.485,9.919,48563800
AFKS,2019-03-01,9.92,9.943,9.773,9.901,13593700
AFKS,2019-03-04,9.85,9.95,9.85,9.9,10266300
AFKS,2019-03-05,9.94,9.99,9.76,9.835,14574300
AFKS,2019-03-06,9.835,9.916,9.8,9.892,6292700
AFKS,2019-03-07,9.712,9.95,9.7,9.83,11395300
AFKS,2019-03-11,9.809,9.879,9.756,9.812,7437300
AFKS,2019-03-12,9.825,9.94,9.825,9.91,10496700
AFKS,2019-03-13,9.9,9.92,9.831,9.91,7638900
AFKS,2019-03-14,9.91,9.91,9.85,9.85,4678100
AFKS,2019-03-15,9.864,10.0,9.791,10.0,34512500
AFKS,2019-03-18,9.958,9.978,9.8,9.85,30483300
AFKS,2019-03-19,9.889,9.895,9.83,9.845,3170800
AFKS,2019-03-20,9.877,9.906,9.851,9.86,6095200
AFKS,2019-03-21,9.896,9.917,9.8,9.8,17876700
AFKS,2019-03-22,9.8,9.863,9.78,9.8,12007000
AFKS,2019-03-25,9.8,9.829,9.671,9.723,9151100
AFKS,2019-03-26,9.723,9.85,9.686,9.77,7156200
AFKS,2019-03-27,9.76,9.829,9.691,9.715,4933000
AFKS,2019-03-28,9.7,9.742,9.62,9.689,4559400
AFKS,2019-03-29,9.689,9.7,9.472,9.542,13896900
AFKS,2019-04-01,9.447,9.533,9.176,9.343,33724500
AFKS,2019-04-02,9.356,9.6,9.18,9.31,29374900
AFKS,2019-04-03,9.35,9.511,9.182,9.256,17153700
AFKS,2019-04-04,9.332,9.332,9.008,9.097,25926200
AFKS,2019-04-05,9.097,9.179,9.05,9.06,11501200
AFKS,2019-04-08,9.0,9.25,9.0,9.17,16483200
AFKS,2019-04-09,9.243,9.27,9.131,9.146,10023700
AFKS,2019-04-10,9.146,9.237,9.039,9.185,13171300
AFKS,2019-04-11,9.185,9.228,9.008,9.12,10612300
AFKS,2019-04-12,9.12,9.243,9.093,9.135,11132700
AFKS,2019-04-15,9.15,9.167,9.028,9.03,7271000
AFKS,2019-04-16,9.068,9.1,9.021,9.079,4995200
AFKS,2019-04-17,9.074,9.216,9.074,9.138,6711700
AFKS,2019-04-18,9.135,9.173,9.081,9.107,2760600
AFKS,2019-04-19,9.138,9.161,9.07,9.089,3492400
AFKS,2019-04-22,9.1,9.13,9.05,9.073,5187400
AFKS,2019-04-23,9.1,9.145,9.051,9.06,6119600
AFKS,2019-04-24,9.091,9.103,9.032,9.079,3759600
AFKS,2019-04-25,9.07,9.12,9.016,9.043,7541800
AFKS,2019-04-26,9.041,9.053,8.769,8.903,14820900
AFKS,2019-04-29,8.93,9.0,8.891,8.901,8845100
AFKS,2019-04-30,8.9,8.959,8.805,8.821,8681700
AFKS,2019-05-02,8.854,8.938,8.649,8.831,8293500
AFKS,2019-05-03,8.879,8.94,8.816,8.85,10294900
AFKS,2019-05-06,8.79,8.899,8.769,8.841,4861600
AFKS,2019-05-07,8.874,8.881,8.711,8.744,9291300
AFKS,2019-05-08,8.765,8.765,8.636,8.664,8204400
AFKS,2019-05-10,8.654,8.722,8.51,8.566,5560700
AFKS,2019-05-13,8.6,8.6,8.46,8.46,9895100
AFKS,2019-05-14,8.509,8.774,8.469,8.548,15023700
AFKS,2019-05-15,8.591,8.834,8.59,8.682,14972400
AFKS,2019-05-16,8.768,8.871,8.623,8.779,10553900
AFKS,2019-05-17,8.775,8.844,8.62,8.84,5511100
AFKS,2019-05-20,8.821,8.84,8.72,8.829,4397200
AFKS,2019-05-21,8.835,8.838,8.759,8.786,4301300
AFKS,2019-05-22,8.777,9.018,8.737,8.962,12583000
AFKS,2019-05-23,8.988,9.35,8.929,9.17,24310900
AFKS,2019-05-24,9.25,9.25,9.064,9.2,15031500
AFKS,2019-05-27,9.201,9.349,9.152,9.241,11972400
AFKS,2019-05-28,9.241,9.3,9.128,9.216,17493900
AFKS,2019-05-29,9.2,9.25,9.132,9.195,5967400
AFKS,2019-05-30,9.201,9.25,9.14,9.19,5150500
AFKS,2019-05-31,9.13,9.18,9.017,9.02,8452900
AFKS,2019-06-03,9.02,9.19,9.0,9.145,17606900
AFKS,2019-06-04,9.15,9.29,9.126,9.183,21797000
AFKS,2019-06-05,9.248,9.249,9.03,9.1,10871900
AFKS,2019-06-06,9.113,9.288,9.113,9.258,11089400
AFKS,2019-06-07,9.26,9.298,9.187,9.23,8983700
AFKS,2019-06-10,9.23,9.347,9.23,9.235,6798500
AFKS,2019-06-11,9.28,9.4,9.189,9.3,18370200
AFKS,2019-06-13,9.3,9.389,9.214,9.35,9456300
AFKS,2019-06-14,9.365,9.399,9.24,9.281,8026200
AFKS,2019-06-17,9.294,9.4,9.281,9.39,14866800
AFKS,2019-06-18,9.38,9.75,9.315,9.68,36882700
AFKS,2019-06-19,9.675,9.8,9.615,9.7,12715000
AFKS,2019-06-20,9.707,9.79,9.54,9.655,15768200
AFKS,2019-06-21,9.64,9.675,9.42,9.42,23402800
AFKS,2019-06-24,9.48,9.6,9.448,9.585,10287700
AFKS,2019-06-25,9.585,9.594,9.465,9.525,10521900
AFKS,2019-06-26,9.525,9.598,9.473,9.55,10556900
AFKS,2019-06-27,9.588,9.794,9.539,9.74,25116900
AFKS,2019-06-28,9.745,9.976,9.728,9.873,37181200
AFKS,2019-07-01,9.892,10.185,9.892,10.175,37322900
AFKS,2019-07-02,10.2,10.7,10.176,10.526,60641100
AFKS,2019-07-03,10.576,10.986,10.568,10.901,61616600
AFKS,2019-07-04,10.98,11.78,10.951,11.52,120704700
AFKS,2019-07-05,11.62,12.097,10.957,11.4,143763600
AFKS,2019-07-08,11.583,11.748,11.258,11.621,40438500
AFKS,2019-07-09,11.67,11.7,11.34,11.59,34309200
AFKS,2019-07-10,11.59,11.947,11.455,11.9,34873900
AFKS,2019-07-11,12.0,12.111,11.61,11.9,33567200
AFKS,2019-07-12,11.9,11.91,11.511,11.83,24223400
AFKS,2019-07-15,11.898,11.963,11.764,11.901,24306300
AFKS,2019-07-16,11.907,11.952,11.571,11.571,16320400
AFKS,2019-07-17,11.501,11.798,11.39,11.624,15310300
AFKS,2019-07-18,11.633,11.739,11.532,11.66,11077600
AFKS,2019-07-19,11.66,11.881,11.625,11.82,9857700
AFKS,2019-07-22,11.888,11.924,11.721,11.73,9621400
AFKS,2019-07-23,11.842,11.886,11.654,11.716,7771900
AFKS,2019-07-24,11.716,11.779,11.652,11.699,6199000
AFKS,2019-07-25,11.875,11.875,11.655,11.695,6034100
AFKS,2019-07-26,11.747,11.76,11.41,11.714,15127400
AFKS,2019-07-29,11.75,11.894,11.731,11.887,11795800
AFKS,2019-07-30,11.888,11.945,11.752,11.875,10972900
AFKS,2019-07-31,11.95,12.395,11.851,12.088,62983000
AFKS,2019-08-01,12.025,12.312,11.961,12.129,16897200
AFKS,2019-08-02,11.886,12.057,11.738,11.78,25922600
AFKS,2019-08-05,11.75,11.868,11.633,11.746,10930300
AFKS,2019-08-06,11.751,11.895,11.735,11.8,6713300
AFKS,2019-08-07,11.8,12.12,11.76,11.87,11969600
AFKS,2019-08-08,12.08,12.08,11.88,11.934,3982700
AFKS,2019-08-09,11.935,11.935,11.805,11.805,4001500
AFKS,2019-08-12,11.836,11.965,11.741,11.804,8531000
AFKS,2019-08-13,11.78,11.78,11.451,11.514,24350200
AFKS,2019-08-14,11.516,11.697,10.904,11.0,26835800
AFKS,2019-08-15,11.11,11.189,10.706,10.802,25214600
AFKS,2019-08-16,10.95,11.146,10.414,10.5,24695300
AFKS,2019-08-19,10.663,10.887,10.56,10.8,15068700
AFKS,2019-08-20,10.83,10.996,10.763,10.867,14478600
AFKS,2019-08-21,10.92,11.18,10.8,11.165,13007800
AFKS,2019-08-22,11.192,11.489,11.165,11.4,26855300
AFKS,2019-08-23,11.466,11.586,11.081,11.186,20632000
AFKS,2019-08-26,11.1,11.444,10.971,11.29,10933000
AFKS,2019-08-27,11.29,11.487,11.29,11.448,13854200
AFKS,2019-08-28,11.467,11.48,11.286,11.43,7576000
AFKS,2019-08-29,11.436,11.68,11.37,11.579,17531500
AFKS,2019-08-30,11.624,11.678,11.504,11.63,12183900
AFKS,2019-09-02,11.64,11.741,11.432,11.554,13502900
AFKS,2019-09-03,11.556,11.671,11.407,11.629,15039100
AFKS,2019-09-04,11.71,11.842,11.63,11.842,21897100
AFKS,2019-09-05,11.86,12.333,11.84,12.27,54440000
AFKS,2019-09-06,12.232,12.65,12.232,12.416,32324300
AFKS,2019-09-09,12.59,12.642,12.206,12.247,24604900
AFKS,2019-09-10,12.25,12.399,12.007,12.314,18380800
AFKS,2019-09-11,12.314,12.5,12.3,12.456,19977000
AFKS,2019-09-12,12.46,12.498,12.221,12.35,19844400
AFKS,2019-09-13,12.321,12.65,12.321,12.508,28442200
AFKS,2019-09-16,12.513,12.659,12.354,12.448,17543100
AFKS,2019-09-17,13.05,13.646,12.756,12.859,150405200
AFKS,2019-09-18,12.9,12.992,12.8,12.911,21242300
AFKS,2019-09-19,12.92,12.96,12.455,12.5,39059300
AFKS,2019-09-20,12.5,12.75,12.46,12.606,26740300
AFKS,2019-09-23,12.606,12.698,12.464,12.682,13240700
AFKS,2019-09-24,12.7,12.993,12.65,12.824,26786300
AFKS,2019-09-25,12.8,12.991,12.551,12.88,27760900
AFKS,2019-09-26,12.949,12.949,12.81,12.856,10359700
AFKS,2019-09-27,12.856,12.933,12.721,12.905,10784200
AFKS,2019-09-30,12.84,12.949,12.68,12.68,12041500
AFKS,2019-10-01,12.7,12.859,12.63,12.65,14876400
AFKS,2019-10-02,12.698,12.735,12.231,12.292,24244800
AFKS,2019-10-03,12.29,12.296,12.1,12.25,15067200
AFKS,2019-10-04,12.3,12.456,12.16,12.21,17292100
AFKS,2019-10-07,12.367,12.4,12.221,12.338,12887000
AFKS,2019-10-08,12.3,12.473,12.28,12.41,8533400
AFKS,2019-10-09,12.399,12.658,12.372,12.658,19827300
AFKS,2019-10-10,12.687,12.772,12.52,12.634,13547400
AFKS,2019-10-11,12.63,12.63,12.357,12.479,21747100
AFKS,2019-10-14,12.483,12.6,12.412,12.562,13877900
AFKS,2019-10-15,12.9,12.908,12.707,12.825,32028900
AFKS,2019-10-16,12.898,12.979,12.801,12.87,15773100
AFKS,2019-10-17,12.9,13.239,12.834,13.228,24591300
AFKS,2019-10-18,13.227,13.623,13.161,13.493,50000100
AFKS,2019-10-21,13.528,13.76,13.452,13.639,22326000
AFKS,2019-10-22,13.629,14.0,13.623,13.97,42498800
AFKS,2019-10-23,13.993,14.069,13.859,13.985,28453400
AFKS,2019-10-24,13.937,14.047,13.682,13.72,35014900
AFKS,2019-10-25,13.72,13.917,13.12,13.649,40524700
AFKS,2019-10-28,13.752,13.97,13.7,13.929,36775400
AFKS,2019-10-29,13.929,14.378,13.856,14.352,33896200
AFKS,2019-10-30,14.43,14.496,14.252,14.399,33959100
AFKS,2019-10-31,14.377,14.764,13.906,14.568,32749700
AFKS,2019-11-01,14.689,14.73,14.4,14.64,17552300
AFKS,2019-11-05,14.71,14.995,14.676,14.978,22496700
AFKS,2019-11-06,14.992,15.0,14.806,14.92,18619000
AFKS,2019-11-07,14.899,14.985,14.831,14.873,18615000
AFKS,2019-11-08,14.75,14.89,14.34,14.888,19547100
AFKS,2019-11-11,14.875,14.91,14.655,14.823,13656000
AFKS,2019-11-12,14.82,14.94,14.82,14.9,12427500
AFKS,2019-11-13,14.9,15.089,14.853,15.05,24848700
AFKS,2019-11-14,15.05,15.09,14.95,15.015,13140900
AFKS,2019-11-15,15.142,15.39,15.076,15.257,30275300
AFKS,2019-11-18,15.241,15.495,15.241,15.488,30065500
AFKS,2019-11-19,15.5,16.325,15.381,16.18,77613000
AFKS,2019-11-20,16.1,16.5,15.935,16.17,50537100
AFKS,2019-11-21,16.1,16.17,15.65,15.995,39755800
AFKS,2019-11-22,15.994,16.294,15.933,16.12,18740000
AFKS,2019-11-25,16.27,16.285,15.925,16.0,20755200
AFKS,2019-11-26,16.083,16.145,15.902,16.085,24571900
AFKS,2019-11-27,16.05,16.24,15.302,15.35,53151500
AFKS,2019-11-28,15.385,15.385,14.85,15.17,47682700
AFKS,2019-11-29,15.159,15.168,14.855,15.0,29550300
AFKS,2019-12-02,14.975,15.61,14.975,15.449,33907500
AFKS,2019-12-03,15.3,15.498,15.015,15.15,29604500
AFKS,2019-12-04,15.15,15.55,15.01,15.55,23190900
AFKS,2019-12-05,15.44,15.75,15.16,15.29,24680600
AFKS,2019-12-06,15.221,15.437,15.122,15.372,14477100
AFKS,2019-12-09,15.483,15.483,15.16,15.182,15714400
AFKS,2019-12-10,15.167,15.358,14.905,15.039,26117300
AFKS,2019-12-11,14.98,15.187,14.935,15.0,15473200
AFKS,2019-12-12,15.05,15.28,14.973,15.01,24284700
AFKS,2019-12-13,15.131,15.185,15.013,15.015,12678500
AFKS,2019-12-16,15.105,15.15,15.02,15.15,16544800
AFKS,2019-12-17,15.174,15.27,15.121,15.2,15812400
AFKS,2019-12-18,15.2,15.3,15.015,15.055,20571000
AFKS,2019-12-19,15.055,15.109,14.95,15.0,22060800
AFKS,2019-12-20,15.051,15.087,14.95,14.972,30508400
AFKS,2019-12-23,15.02,15.066,14.956,15.029,11803800
AFKS,2019-12-24,15.037,15.065,14.985,14.991,10966100
AFKS,2019-12-25,14.991,15.047,14.981,15.001,5893800
AFKS,2019-12-26,15.048,15.048,14.983,15.042,5872200
AFKS,2019-12-27,15.05,15.237,15.006,15.15,13470300
AFKS,2019-12-30,15.15,15.35,15.106,15.236,12537300
AFKS,2020-01-03,15.25,15.377,15.068,15.134,10377500
AFKS,2020-01-06,15.08,15.3,15.02,15.039,8188900
AFKS,2020-01-08,15.023,15.094,14.991,15.094,10587000
AFKS,2020-01-09,15.116,15.15,14.9,15.075,21901300
AFKS,2020-01-10,15.135,15.147,15.016,15.047,9000500
AFKS,2020-01-13,15.047,15.235,15.047,15.14,14207500
AFKS,2020-01-14,15.1,16.07,15.07,15.625,57515900
AFKS,2020-01-15,15.59,16.062,15.123,15.6,54401700
AFKS,2020-01-16,15.6,15.88,15.552,15.724,27818500
AFKS,2020-01-17,15.727,16.351,15.584,16.07,48048700
AFKS,2020-01-20,16.15,16.456,16.102,16.256,28878000
AFKS,2020-01-21,16.2,16.201,15.7,16.112,28303800
AFKS,2020-01-22,16.22,16.981,15.961,16.94,62317700
AFKS,2020-01-23,16.85,17.98,16.502,17.77,129005600
AFKS,2020-01-24,17.864,18.262,17.4,18.04,78158900
AFKS,2020-01-27,17.774,17.911,17.105,17.48,48121900
AFKS,2020-01-28,17.499,18.2,17.499,17.98,43586900
AFKS,2020-01-29,18.18,18.18,17.842,17.935,26425700
AFKS,2020-01-30,17.847,18.185,17.519,18.121,35088400
AFKS,2020-01-31,18.199,18.66,18.152,18.317,35108200
AFKS,2020-02-03,18.11,18.444,17.841,18.4,25143200
AFKS,2020-02-04,18.475,18.662,18.4,18.662,23501400
AFKS,2020-02-05,18.6,18.758,18.321,18.57,28432500
AFKS,2020-02-06,18.52,18.65,18.31,18.486,14668100
AFKS,2020-02-07,18.42,18.586,18.292,18.443,11536700
AFKS,2020-02-10,18.4,18.443,18.05,18.17,13304500
AFKS,2020-02-11,18.272,18.867,18.199,18.809,28054400
AFKS,2020-02-12,18.95,18.95,18.575,18.782,12317200
AFKS,2020-02-13,18.8,19.476,18.685,19.397,37585600
AFKS,2020-02-14,19.442,19.77,18.836,18.998,37664700
AFKS,2020-02-17,19.0,19.43,19.0,19.175,10310300
AFKS,2020-02-18,19.16,19.396,18.602,18.85,19305800
AFKS,2020-02-19,18.9,18.98,17.913,18.7,62821000
AFKS,2020-02-20,18.75,18.982,18.4,18.615,17747600
AFKS,2020-02-21,18.476,18.594,18.353,18.48,10352100
AFKS,2020-02-25,18.2,18.581,17.826,17.931,24272200
AFKS,2020-02-26,17.566,18.25,17.053,18.04,37017400
AFKS,2020-02-27,17.676,18.058,17.2,17.261,25835300
AFKS,2020-02-28,16.939,16.939,15.65,16.035,52043700
AFKS,2020-03-02,16.85,17.504,16.055,16.548,75902500
AFKS,2020-03-03,17.17,17.24,16.121,16.5,48738700
AFKS,2020-03-04,16.395,16.464,15.76,16.046,39474800
AFKS,2020-03-05,16.3,16.399,15.658,15.658,43757900
AFKS,2020-03-06,15.31,15.567,14.77,14.982,52976300
AFKS,2020-03-10,13.484,14.585,12.5,13.64,75759700
AFKS,2020-03-11,13.75,14.236,12.65,12.855,57852900
AFKS,2020-03-12,12.3,12.363,11.24,11.25,95322200
AFKS,2020-03-13,11.25,12.471,10.55,11.474,98369200
AFKS,2020-03-16,11.1,11.489,10.601,11.28,62139300
AFKS,2020-03-17,11.4,11.992,10.68,11.13,67662600
AFKS,2020-03-18,11.042,12.0,10.354,10.789,80303800
AFKS,2020-03-19,11.051,12.195,10.78,12.055,92003900
AFKS,2020-03-20,12.5,13.498,12.314,12.48,99178600
AFKS,2020-03-23,11.861,12.38,11.762,11.86,55548500
AFKS,2020-03-24,12.546,12.9,12.131,12.5,69539000
AFKS,2020-03-25,12.88,13.476,12.089,12.677,90680500
AFKS,2020-03-26,12.55,12.655,12.12,12.3,66280100
AFKS,2020-03-27,12.45,12.748,11.931,12.16,63375700
AFKS,2020-03-30,11.834,12.45,11.834,12.373,52667700
AFKS,2020-03-31,12.59,13.185,12.484,13.115,72123400
AFKS,2020-04-01,12.853,13.097,12.529,12.93,37742100
AFKS,2020-04-02,13.29,13.403,12.661,13.01,57757600
AFKS,2020-04-03,13.05,13.475,12.944,13.304,52951000
AFKS,2020-04-06,13.509,13.97,13.45,13.95,57425000
AFKS,2020-04-07,14.131,14.779,13.685,13.96,103422400
AFKS,2020-04-08,13.84,14.41,13.67,14.16,48984800
AFKS,2020-04-09,14.256,14.67,13.75,14.12,91712100
AFKS,2020-04-10,14.199,14.35,13.909,14.33,20088500
AFKS,2020-04-13,14.4,14.444,13.8,14.051,28053700
AFKS,2020-04-14,14.112,14.276,13.803,13.829,36791900
AFKS,2020-04-15,13.782,13.828,13.11,13.17,70871500
AFKS,2020-04-16,13.16,13.448,12.865,13.0,68082100
AFKS,2020-04-17,13.239,13.37,13.14,13.327,24730800
AFKS,2020-04-20,13.33,14.44,13.24,13.97,97915600
AFKS,2020-04-21,13.752,13.854,13.213,13.39,60988100
AFKS,2020-04-22,13.38,13.915,13.253,13.652,46365300
AFKS,2020-04-23,13.899,13.97,13.605,13.82,26115000
AFKS,2020-04-24,13.77,13.798,13.5,13.505,23703400
AFKS,2020-04-27,13.51,13.949,13.505,13.91,30817400
AFKS,2020-04-28,13.911,14.21,13.8,13.881,42054000
AFKS,2020-04-29,14.05,14.258,13.944,14.193,27029400
AFKS,2020-04-30,14.277,14.498,14.128,14.45,50263100
AFKS,2020-05-04,14.281,14.281,13.92,14.209,20830500
AFKS,2020-05-05,14.364,14.559,14.259,14.489,17085400
AFKS,2020-05-06,14.55,14.641,14.393,14.515,22094400
AFKS,2020-05-07,14.498,14.635,14.355,14.388,16051900
AFKS,2020-05-08,14.41,14.485,14.176,14.485,15053100
AFKS,2020-05-12,14.55,14.59,14.3,14.407,17583900
AFKS,2020-05-13,14.341,14.382,14.04,14.16,26584700
AFKS,2020-05-14,14.05,14.107,13.74,13.8,29143300
AFKS,2020-05-15,13.98,14.07,13.904,14.0,14333100
AFKS,2020-05-18,14.036,14.449,14.001,14.42,38631800
AFKS,2020-05-19,14.5,14.914,14.368,14.506,43758600
AFKS,2020-05-20,14.506,15.05,14.433,14.891,59724000
AFKS,2020-05-21,14.891,15.17,14.41,14.52,49069400
AFKS,2020-05-22,14.42,14.595,14.274,14.488,20260000
AFKS,2020-05-25,14.599,14.849,14.537,14.83,14047400
AFKS,2020-05-26,14.877,15.062,14.812,14.84,32415000
AFKS,2020-05-27,14.921,15.188,14.776,14.99,37346700
AFKS,2020-05-28,15.099,15.15,14.927,15.07,19446400
AFKS,2020-05-29,15.0,15.557,14.964,15.3,71557400
AFKS,2020-06-01,15.387,15.796,15.255,15.741,39978200
AFKS,2020-06-02,15.84,16.722,15.65,16.22,93390000
AFKS,2020-06-03,16.4,16.56,15.575,16.162,52930300
AFKS,2020-06-04,16.162,17.411,15.702,17.133,115396700
AFKS,2020-06-05,17.3,17.343,16.725,16.941,45742900
AFKS,2020-06-08,17.089,17.109,16.761,16.947,27728300
AFKS,2020-06-09,16.95,17.169,16.606,16.943,57472000
AFKS,2020-06-10,16.97,17.298,16.635,16.742,33448000
AFKS,2020-06-11,16.582,16.608,15.962,16.11,33919300
AFKS,2020-06-15,15.711,16.637,15.562,16.484,39746500
AFKS,2020-06-16,16.684,17.072,16.624,16.95,32528400
AFKS,2020-06-17,17.2,17.64,17.086,17.484,77842800
AFKS,2020-06-18,17.589,17.589,16.821,17.131,45992300
AFKS,2020-06-19,17.238,17.299,16.785,16.785,34994100
AFKS,2020-06-22,16.78,17.1,16.61,17.1,16519600
AFKS,2020-06-23,17.1,17.163,16.931,17.074,25774700
AFKS,2020-06-25,16.733,17.264,16.624,17.18,27576300
AFKS,2020-06-26,17.248,17.342,17.06,17.235,15320700
AFKS,2020-06-29,17.3,17.581,17.063,17.45,38476200
AFKS,2020-06-30,17.45,17.63,17.072,17.1,34633700
AFKS,2020-07-02,17.231,17.434,16.924,17.172,32864600
AFKS,2020-07-03,17.3,17.349,17.126,17.256,14331100
AFKS,2020-07-06,17.4,17.84,17.333,17.789,39276400
AFKS,2020-07-07,17.789,18.05,17.249,17.32,35340600
AFKS,2020-07-08,17.335,18.07,17.205,18.0,56009500
AFKS,2020-07-09,18.0,18.359,17.887,18.0,41936300
AFKS,2020-07-10,17.91,18.043,17.604,17.717,18074500
AFKS,2020-07-13,17.687,17.948,17.687,17.865,11015600
AFKS,2020-07-14,17.77,17.77,17.43,17.552,24072900
AFKS,2020-07-15,17.57,18.201,17.393,17.95,25940500
AFKS,2020-07-16,17.947,18.087,17.662,18.087,10889300
AFKS,2020-07-17,18.085,18.52,17.993,18.41,22093700
AFKS,2020-07-20,18.37,19.367,18.211,19.222,38789800
AFKS,2020-07-21,19.22,19.48,18.926,18.926,22059800
AFKS,2020-07-22,18.9,19.37,18.85,19.272,19804800
AFKS,2020-07-23,19.37,19.52,18.954,19.005,22268700
AFKS,2020-07-24,19.004,19.141,18.721,18.898,23760800
AFKS,2020-07-27,18.752,19.335,18.737,19.053,22657000
AFKS,2020-07-28,19.106,19.306,18.99,19.092,13712000
AFKS,2020-07-29,19.15,19.565,19.033,19.283,20177400
AFKS,2020-07-30,19.28,19.399,19.045,19.19,18254200
AFKS,2020-07-31,19.29,19.977,19.238,19.758,38685500
AFKS,2020-08-03,19.792,21.374,16.503,19.99,38744100
AFKS,2020-08-04,20.08,20.489,20.001,20.38,21811300
AFKS,2020-08-05,20.499,20.949,20.241,20.485,51769400
AFKS,2020-08-06,20.599,20.69,19.764,20.125,38408600
AFKS,2020-08-07,20.009,20.327,19.923,20.116,17009800
AFKS,2020-08-10,20.1,20.35,19.934,20.114,20571800
AFKS,2020-08-11,20.002,22.761,20.002,21.8,379555200
AFKS,2020-08-12,22.002,22.727,21.184,21.669,146176700
AFKS,2020-08-13,21.45,21.879,21.241,21.415,44542900
AFKS,2020-08-14,21.578,21.849,21.145,21.747,42397200
AFKS,2020-08-17,21.951,21.998,20.66,21.1,87231200
AFKS,2020-08-18,20.915,21.42,20.556,20.924,38137700
AFKS,2020-08-19,20.9,21.144,20.61,20.826,38587600
AFKS,2020-08-20,20.801,20.929,20.375,20.575,30729100
AFKS,2020-08-21,20.541,20.794,20.4,20.7,23854200
AFKS,2020-08-24,20.751,21.4,20.751,21.39,40121100
AFKS,2020-08-25,21.46,21.5,20.93,21.389,26839200
AFKS,2020-08-26,21.4,21.469,21.201,21.333,17365200
AFKS,2020-08-27,21.359,21.72,21.18,21.224,26328200
AFKS,2020-08-28,21.348,21.45,21.035,21.297,18041300
AFKS,2020-08-31,21.401,21.625,21.31,21.39,25517300
AFKS,2020-09-01,21.444,21.9,20.9,21.629,56306400
AFKS,2020-09-02,21.501,21.7,20.654,20.927,49297100
AFKS,2020-09-03,20.5,21.285,20.41,20.573,44002200
AFKS,2020-09-04,20.502,20.939,20.249,20.719,33654100
AFKS,2020-09-07,20.551,20.856,20.073,20.65,37550500
AFKS,2020-09-08,20.8,20.8,20.081,20.488,22576500
AFKS,2020-09-09,20.48,20.774,20.229,20.678,16722300
AFKS,2020-09-10,20.621,20.837,20.42,20.648,13607700
AFKS,2020-09-11,20.769,21.076,20.618,20.95,21133300
AFKS,2020-09-14,21.041,21.118,20.8,20.94,13666600
AFKS,2020-09-15,20.856,21.076,20.801,21.024,21917700
AFKS,2020-09-16,21.1,21.538,21.0,21.37,36913500
AFKS,2020-09-17,21.25,21.3,20.803,20.854,37838800
AFKS,2020-09-18,20.899,20.928,20.55,20.698,24973500
AFKS,2020-09-21,20.745,20.745,19.81,20.19,24389000
AFKS,2020-09-22,20.055,20.9,19.989,20.9,41905800
AFKS,2020-09-23,20.933,22.758,20.926,21.79,160605600
AFKS,2020-09-24,21.8,22.0,21.138,21.777,42043300
AFKS,2020-09-25,21.777,21.932,20.911,21.152,31898100
AFKS,2020-09-28,21.3,21.643,21.017,21.349,33587700
AFKS,2020-09-29,21.349,21.41,20.855,21.144,23923200
AFKS,2020-09-30,21.0,21.447,21.0,21.08,19463900
AFKS,2020-10-01,21.081,22.249,20.463,21.926,95569700
AFKS,2020-10-02,21.77,23.38,21.321,23.2,181595000
AFKS,2020-10-05,23.35,23.83,22.872,23.193,77769100
AFKS,2020-10-06,23.267,23.533,22.76,23.05,47247400
AFKS,2020-10-07,23.22,23.861,23.22,23.505,39724300
AFKS,2020-10-08,23.59,24.117,23.517,23.748,43576400
AFKS,2020-10-09,23.75,23.826,23.322,23.511,33425000
AFKS,2020-10-12,23.42,24.628,23.42,24.477,68120500
AFKS,2020-10-13,24.45,25.231,24.45,24.974,73333000
AFKS,2020-10-14,24.974,26.488,24.664,26.35,124214400
AFKS,2020-10-15,26.3,26.9,25.021,25.651,147472000
AFKS,2020-10-16,25.71,25.818,24.771,24.873,87681900
AFKS,2020-10-19,25.271,25.271,24.85,25.03,29911800
AFKS,2020-10-20,25.1,25.85,24.949,25.809,46456700
AFKS,2020-10-21,25.948,25.948,25.106,25.535,37509500
AFKS,2020-10-22,25.45,25.89,25.28,25.5,28647300
AFKS,2020-10-23,25.35,25.712,25.26,25.57,21385600
AFKS,2020-10-26,25.712,25.712,25.03,25.19,17203000
AFKS,2020-10-27,25.35,25.35,24.535,24.64,28218800
AFKS,2020-10-28,24.595,25.274,23.888,24.676,66043700
AFKS,2020-10-29,24.845,25.789,24.718,25.545,62039600
AFKS,2020-10-30,25.401,25.564,24.919,25.23,35906000
AFKS,2020-11-02,25.001,26.0,24.734,25.594,46624600
AFKS,2020-11-03,26.05,26.573,25.445,25.699,76683800
AFKS,2020-11-05,26.0,26.614,25.901,26.262,54321300
AFKS,2020-11-06,26.35,26.84,26.23,26.8,58607500
AFKS,2020-11-09,26.95,28.35,26.73,27.33,155478000
AFKS,2020-11-10,27.499,28.22,27.043,28.2,60221700
AFKS,2020-11-11,28.34,29.559,28.208,29.498,81899800
AFKS,2020-11-12,29.5,31.95,28.921,31.479,132356300
AFKS,2020-11-13,31.3,33.7,31.01,32.48,233865900
AFKS,2020-11-16,32.747,33.35,31.105,32.098,145396300
AFKS,2020-11-17,32.0,32.0,31.112,31.737,66148000
AFKS,2020-11-18,31.8,32.6,30.806,32.321,141618800
AFKS,2020-11-19,32.3,32.685,32.02,32.351,51194200
AFKS,2020-11-20,32.446,33.47,32.227,33.43,113344800
AFKS,2020-11-23,33.58,34.479,32.231,33.62,181858900
AFKS,2020-11-24,33.081,33.888,32.56,33.149,159277800
AFKS,2020-11-25,33.49,33.49,30.001,31.215,326336400
AFKS,2020-11-26,31.399,31.399,29.752,30.1,121694900
AFKS,2020-11-27,30.15,31.195,30.15,30.89,75004500
AFKS,2020-11-30,30.801,31.156,30.133,30.722,47495800
AFKS,2020-12-01,30.564,30.887,30.1,30.336,45092900
AFKS,2020-12-02,30.314,30.75,29.53,30.084,73805600
AFKS,2020-12-03,29.999,30.75,29.413,30.096,165031300
AFKS,2020-12-04,30.182,30.64,29.567,29.794,80869300
AFKS,2020-12-07,29.95,30.033,29.06,29.28,40480600
AFKS,2020-12-08,29.35,29.37,28.808,29.2,45817900
AFKS,2020-12-09,29.245,29.418,28.32,28.399,107090200
AFKS,2020-12-10,28.58,29.147,27.841,28.466,127524500
AFKS,2020-12-11,28.5,28.557,27.533,27.772,58545700
AFKS,2020-12-14,27.8,28.12,27.147,27.31,96589800
AFKS,2020-12-15,27.32,28.443,27.042,28.38,102629000
AFKS,2020-12-16,28.307,29.101,28.307,28.938,104935000
AFKS,2020-12-17,29.05,29.49,28.6,28.82,77727500
AFKS,2020-12-18,28.84,28.84,28.155,28.293,41052300
AFKS,2020-12-21,28.421,28.864,27.08,27.912,71683200
AFKS,2020-12-22,27.8,28.75,27.433,28.67,56903800
AFKS,2020-12-23,28.632,28.937,28.42,28.801,29070800
AFKS,2020-12-24,28.9,28.997,28.201,28.44,21861100
AFKS,2020-12-25,28.46,28.53,28.202,28.379,11557900
AFKS,2020-12-28,28.45,29.22,28.084,28.928,70715900
AFKS,2020-12-29,29.02,29.248,28.726,28.86,36606300
AFKS,2020-12-30,28.992,29.1,28.641,28.711,23714500
AFKS,2021-01-04,28.9,29.38,28.824,29.026,29784900
AFKS,2021-01-05,28.999,29.797,28.752,29.605,30572100
AFKS,2021-01-06,29.663,29.73,29.174,29.279,27064800
AFKS,2021-01-08,29.427,29.666,29.3,29.437,36262300
AFKS,2021-01-11,29.306,30.473,29.005,30.235,112384900
AFKS,2021-01-12,30.307,31.269,30.307,31.179,97056500
AFKS,2021-01-13,31.1,31.399,30.555,30.794,56645300
AFKS,2021-01-14,30.727,31.25,30.312,30.961,50940700
AFKS,2021-01-15,30.893,31.63,30.735,30.955,51355600
AFKS,2021-01-18,31.077,31.2,30.011,31.018,57660600
AFKS,2021-01-19,31.074,31.555,30.713,31.025,48686800
AFKS,2021-01-20,31.17,32.103,31.012,31.802,65506300
AFKS,2021-01-21,31.8,32.53,31.129,31.7,89803100
AFKS,2021-01-22,31.6,31.85,30.626,31.542,77924300
AFKS,2021-01-25,31.8,32.727,31.656,32.555,96334300
AFKS,2021-01-26,32.6,33.078,32.257,32.812,51080400
AFKS,2021-01-27,33.0,33.25,31.5,31.575,81190600
AFKS,2021-01-28,31.5,32.73,31.0,32.35,67903700
AFKS,2021-01-29,32.2,32.2,31.396,31.458,49045600
AFKS,2021-02-01,31.6,32.69,31.438,32.475,56478700
AFKS,2021-02-02,32.65,33.89,32.565,33.316,114384300
AFKS,2021-02-03,33.6,34.0,33.164,33.65,61341400
AFKS,2021-02-04,33.65,34.099,33.31,33.963,42452000
AFKS,2021-02-05,34.09,35.06,33.86,34.992,66685700
AFKS,2021-02-08,35.135,35.945,34.87,35.573,75709500
AFKS,2021-02-09,35.8,36.13,35.52,35.653,57753100
AFKS,2021-02-10,35.601,36.297,34.706,35.506,70018600
AFKS,2021-02-11,35.401,35.623,34.717,34.885,35422100
AFKS,2021-02-12,35.0,35.151,33.83,35.15,59660700
AFKS,2021-02-15,35.6,35.97,35.229,35.716,29310000
AFKS,2021-02-16,35.875,35.934,35.348,35.8,37881000
AFKS,2021-02-17,35.73,36.45,35.201,35.645,63109000
AFKS,2021-02-18,35.635,36.1,35.281,35.389,29861500
AFKS,2021-02-19,35.263,36.685,34.601,36.501,65496400
AFKS,2021-02-20,36.6,36.675,36.302,36.656,7370500
AFKS,2021-02-22,36.7,37.01,36.03,36.291,28955000
AFKS,2021-02-24,35.973,36.059,35.31,35.701,48409000
AFKS,2021-02-25,35.843,36.298,35.421,35.706,43280100
AFKS,2021-02-26,35.5,35.63,34.61,35.02,42845300
AFKS,2021-03-01,35.591,35.664,34.933,35.314,25099100
AFKS,2021-03-02,35.0,35.9,34.95,35.194,29326800
AFKS,2021-03-03,35.5,35.716,35.115,35.251,27205000
AFKS,2021-03-04,35.3,35.499,34.349,34.455,54972300
AFKS,2021-03-05,34.696,35.028,34.112,34.667,35089300
AFKS,2021-03-09,34.56,34.7,33.775,34.322,46357900
AFKS,2021-03-10,34.45,35.3,34.24,35.036,29674400
AFKS,2021-03-11,35.07,35.42,34.939,35.26,20017300
AFKS,2021-03-12,35.34,36.124,34.72,35.89,33564900
AFKS,2021-03-15,35.655,36.17,35.401,35.83,30386200
AFKS,2021-03-16,35.83,35.84,35.248,35.609,19879500
AFKS,2021-03-17,35.46,35.939,34.93,35.37,23150500
AFKS,2021-03-18,35.441,35.64,34.368,34.438,34836500
AFKS,2021-03-19,34.5,34.91,34.067,34.481,41321500
AFKS,2021-03-22,34.441,34.663,34.12,34.365,18534000
AFKS,2021-03-23,34.4,34.4,33.78,33.95,20454400
AFKS,2021-03-24,34.1,34.498,33.75,34.051,21158000
AFKS,2021-03-25,33.909,34.24,33.702,34.009,19637800
AFKS,2021-03-26,34.147,34.6,34.015,34.531,18686200
AFKS,2021-03-29,34.545,35.042,34.456,34.781,19615100
AFKS,2021-03-30,34.99,34.99,33.953,34.2,25718600
AFKS,2021-03-31,34.37,34.486,33.954,34.266,30446600
AFKS,2021-04-01,34.45,35.375,34.291,35.222,43674100
AFKS,2021-04-02,35.263,35.65,34.77,35.298,18579400
AFKS,2021-04-05,35.3,35.55,34.893,35.397,14371800
AFKS,2021-04-06,35.498,35.587,34.521,34.722,32484400
AFKS,2021-04-07,34.453,35.071,34.267,34.87,23433400
AFKS,2021-04-08,35.075,36.21,34.831,36.14,83787800
AFKS,2021-04-09,36.2,36.694,35.9,36.306,63725500
AFKS,2021-04-12,36.3,36.686,36.061,36.38,37459700
AFKS,2021-04-13,36.413,36.88,36.196,36.865,36223400
AFKS,2021-04-14,37.0,37.976,36.8,37.751,56430100
AFKS,2021-04-15,37.5,37.665,36.333,36.766,73248200
AFKS,2021-04-16,36.9,36.919,36.16,36.71,47897000
AFKS,2021-04-19,36.748,37.057,35.647,35.922,46322500
AFKS,2021-04-20,36.001,36.149,34.61,35.019,76266700
AFKS,2021-04-21,35.218,35.837,34.755,35.759,55938600
AFKS,2021-04-22,35.8,36.296,35.235,35.552,56789500
AFKS,2021-04-23,35.5,35.782,35.1,35.668,27014500
AFKS,2021-04-26,35.8,36.096,35.41,35.927,28071500
AFKS,2021-04-27,35.942,36.092,35.168,35.532,34383000
AFKS,2021-04-28,35.55,35.79,34.275,34.932,45822200
AFKS,2021-04-29,34.9,34.964,34.0,34.422,37840200
AFKS,2021-04-30,34.45,34.499,32.7,34.01,81414900
AFKS,2021-05-04,34.12,34.3,33.288,33.558,38506000
AFKS,2021-05-05,33.539,34.28,33.371,34.053,25880800
AFKS,2021-05-06,34.156,34.54,33.7,34.177,26410700
AFKS,2021-05-07,34.188,34.362,33.35,33.8,29053400
AFKS,2021-05-10,33.86,33.86,33.1,33.114,25496200
AFKS,2021-05-11,33.2,33.394,32.576,33.269,37785300
AFKS,2021-05-12,33.269,33.328,32.57,32.6,23329400
AFKS,2021-05-13,32.65,32.753,32.067,32.699,29657300
AFKS,2021-05-14,32.75,32.814,32.055,32.36,18234200
AFKS,2021-05-17,32.355,32.45,31.72,31.89,28313500
AFKS,2021-05-18,31.951,33.368,31.901,33.24,46197500
AFKS,2021-05-19,33.051,33.2,31.28,32.044,81950300
AFKS,2021-05-20,32.044,32.244,31.61,32.046,26952600
AFKS,2021-05-21,32.1,32.687,32.011,32.384,21795400
AFKS,2021-05-24,32.65,32.97,32.325,32.652,30357400
AFKS,2021-05-25,32.793,32.928,31.421,31.723,69328000
AFKS,2021-05-26,31.676,31.864,31.36,31.69,28827800
AFKS,2021-05-27,31.783,31.783,30.32,30.913,62844100
AFKS,2021-05-28,30.999,31.849,30.61,31.82,55312600
AFKS,2021-05-31,31.849,31.964,31.451,31.74,18902100
AFKS,2021-06-01,31.92,32.307,31.575,32.191,36268000
AFKS,2021-06-02,32.199,32.324,31.304,31.874,49958000
AFKS,2021-06-03,31.99,32.548,31.705,32.247,62140800
AFKS,2021-06-04,32.3,32.399,31.55,31.91,26282600
AFKS,2021-06-07,31.91,32.63,31.9,32.48,26439500
AFKS,2021-06-08,32.55,32.9,32.45,32.8,26110800
AFKS,2021-06-09,32.702,32.877,32.103,32.404,36521400
AFKS,2021-06-10,32.404,32.606,32.138,32.281,16693800
AFKS,2021-06-11,32.227,32.58,32.12,32.303,19244700
AFKS,2021-06-14,32.337,32.83,32.337,32.666,11048300
AFKS,2021-06-15,32.794,33.288,32.2,32.428,53482600
AFKS,2021-06-16,32.427,32.795,31.731,31.871,42040000
AFKS,2021-06-17,31.812,31.87,31.338,31.74,35078300
AFKS,2021-06-18,31.74,31.74,30.825,31.179,35398300
AFKS,2021-06-21,31.02,31.41,30.7,31.366,23117800
AFKS,2021-06-22,31.4,31.78,31.012,31.349,36302600
AFKS,2021-06-23,31.349,31.461,31.026,31.16,22221600
AFKS,2021-06-24,31.218,31.222,30.658,30.927,22498500
AFKS,2021-06-25,31.12,31.12,30.49,30.93,25265200
AFKS,2021-06-28,31.1,31.1,30.72,30.833,19401500
AFKS,2021-06-29,30.92,31.424,30.753,31.205,62622600
AFKS,2021-06-30,31.255,31.96,31.04,31.904,51030900
AFKS,2021-07-01,31.905,32.062,31.44,31.718,36569000
AFKS,2021-07-02,31.736,31.859,31.494,31.707,13855800
AFKS,2021-07-05,31.76,32.159,31.67,32.104,17455700
AFKS,2021-07-06,32.104,32.172,31.31,31.424,32687500
AFKS,2021-07-07,31.424,31.864,31.351,31.67,20691000
AFKS,2021-07-08,31.82,31.82,31.014,31.155,34628500
AFKS,2021-07-09,31.22,31.242,30.781,31.172,21667200
AFKS,2021-07-12,31.24,31.259,30.803,30.981,19838200
AFKS,2021-07-13,30.967,31.065,30.724,30.854,19880100
AFKS,2021-07-14,30.661,30.78,30.44,30.501,26863600
AFKS,2021-07-15,30.5,30.525,30.014,30.07,21285000
AFKS,2021-07-16,30.051,30.59,30.051,30.076,14796800
AFKS,2021-07-19,30.001,30.048,29.253,29.35,37488100
AFKS,2021-07-20,29.5,29.606,28.9,29.287,35791300
AFKS,2021-07-21,29.287,29.287,28.825,29.053,20001000
AFKS,2021-07-22,29.112,30.03,28.781,29.95,40847500
AFKS,2021-07-23,30.0,30.15,29.501,29.887,23835100
AFKS,2021-07-26,29.946,30.298,29.651,30.168,21086200
AFKS,2021-07-27,30.11,30.131,29.746,29.911,25879100
AFKS,2021-07-28,29.911,30.047,29.352,29.706,26202400
AFKS,2021-07-29,29.89,30.337,29.683,30.258,32406600
AFKS,2021-07-30,30.28,30.529,29.482,29.661,41160300
AFKS,2021-08-02,29.508,30.025,29.48,29.875,17971300
AFKS,2021-08-03,29.875,29.946,29.219,29.678,38681200
AFKS,2021-08-04,29.708,29.708,29.356,29.598,19684900
AFKS,2021-08-05,29.44,29.86,29.375,29.818,18441300
AFKS,2021-08-06,29.8,29.81,29.4,29.592,25187500
AFKS,2021-08-09,29.5,29.609,29.35,29.511,14309800
AFKS,2021-08-10,29.584,29.62,29.36,29.55,18410700
AFKS,2021-08-11,29.587,29.84,29.29,29.599,23254600
AFKS,2021-08-12,29.599,29.728,29.27,29.35,26809400
AFKS,2021-08-13,29.355,29.523,29.251,29.435,13695400
AFKS,2021-08-16,29.33,29.455,29.13,29.283,14324900
AFKS,2021-08-17,29.3,29.471,29.185,29.31,20443400
AFKS,2021-08-18,29.299,29.483,29.202,29.316,14361400
AFKS,2021-08-19,29.261,29.35,28.657,28.761,24741000
AFKS,2021-08-20,28.7,28.793,28.425,28.5,23482300
AFKS,2021-08-23,28.6,29.299,28.501,29.25,24585100
AFKS,2021-08-24,29.22,29.43,28.955,29.27,22503300
AFKS,2021-08-25,29.204,30.374,29.204,30.28,55306600
AFKS,2021-08-26,30.11,30.48,29.756,29.898,32319100
AFKS,2021-08-27,29.979,30.033,29.355,29.65,32731500
AFKS,2021-08-30,29.687,30.68,29.655,30.55,41156700
AFKS,2021-08-31,30.678,30.856,30.116,30.362,32701200
AFKS,2021-09-01,30.371,31.259,30.371,31.25,37556200
AFKS,2021-09-02,31.25,31.311,30.602,30.867,34409200
AFKS,2021-09-03,30.85,31.036,30.51,30.97,15566300
AFKS,2021-09-06,31.0,31.166,30.854,31.146,16162500
AFKS,2021-09-07,31.161,31.3,30.765,30.88,22536000
AFKS,2021-09-08,30.802,30.928,29.882,30.25,41512300
AFKS,2021-09-09,30.2,30.2,29.157,29.343,47374900
AFKS,2021-09-10,29.343,29.6,29.03,29.4,35006400
AFKS,2021-09-13,29.579,29.65,29.317,29.616,27643400
AFKS,2021-09-14,29.62,29.66,29.125,29.19,32643400
AFKS,2021-09-15,29.25,29.395,29.001,29.308,22855100
AFKS,2021-09-16,29.259,29.327,28.775,28.982,39336700
AFKS,2021-09-17,28.941,29.35,28.859,29.079,37929600
AFKS,2021-09-20,28.882,28.968,27.874,27.932,49051500
AFKS,2021-09-21,28.15,28.482,27.97,28.141,35326600
AFKS,2021-09-22,28.162,28.994,28.04,28.845,32123300
AFKS,2021-09-23,28.8,28.945,28.4,28.598,30433100
AFKS,2021-09-24,28.5,28.625,28.05,28.299,19817900
AFKS,2021-09-27,28.4,28.866,28.302,28.675,21358900
AFKS,2021-09-28,28.675,28.7,27.51,27.747,41376800
AFKS,2021-09-29,27.74,27.879,26.86,27.3,43009900
AFKS,2021-09-30,27.3,27.396,26.587,26.898,52994800
AFKS,2021-10-01,26.88,27.543,26.7,27.194,47751400
AFKS,2021-10-04,27.194,27.324,26.4,26.699,47169200
AFKS,2021-10-05,26.649,26.822,26.357,26.55,45109100
AFKS,2021-10-06,26.659,26.659,25.98,26.248,51839200
AFKS,2021-10-07,26.248,28.03,26.245,27.89,117126300
AFKS,2021-10-08,27.834,28.155,27.41,27.938,47892900
AFKS,2021-10-11,28.016,28.859,28.016,28.684,57479100
AFKS,2021-10-12,28.6,28.8,28.252,28.568,24871100
AFKS,2021-10-13,28.7,29.081,28.167,28.829,45268100
AFKS,2021-10-14,28.97,29.36,28.638,28.99,37818800
AFKS,2021-10-15,28.8,29.18,27.916,28.312,54104800
AFKS,2021-10-18,28.31,28.555,27.617,28.493,44620300
AFKS,2021-10-19,28.493,28.947,28.493,28.809,32604300
AFKS,2021-10-20,28.981,29.039,28.58,28.871,14374200
AFKS,2021-10-21,28.9,28.999,28.08,28.2,30113000
AFKS,2021-10-22,28.196,28.389,27.846,27.912,18465200
AFKS,2021-10-25,27.912,28.621,27.622,28.35,28914900
AFKS,2021-10-26,28.47,28.525,27.981,28.051,21000800
AFKS,2021-10-27,28.0,28.24,27.803,27.848,22853500
AFKS,2021-10-28,27.8,28.167,26.85,27.479,47589400
AFKS,2021-10-29,27.411,27.576,26.94,27.083,22913300
AFKS,2021-11-01,27.144,27.538,26.694,27.512,23149300
AFKS,2021-11-02,27.587,28.0,27.371,27.61,32763000
AFKS,2021-11-03,27.541,28.199,27.483,28.14,24708200
AFKS,2021-11-05,27.894,28.56,27.803,28.132,20476700
AFKS,2021-11-08,28.1,28.496,28.019,28.311,18613200
AFKS,2021-11-09,28.35,28.5,27.876,27.95,22371100
AFKS,2021-11-10,27.895,28.209,27.239,27.515,16661600
AFKS,2021-11-11,27.627,28.291,27.431,28.157,18916000
AFKS,2021-11-12,28.297,28.297,27.329,27.41,35068300
AFKS,2021-11-15,27.49,27.757,27.325,27.574,16120400
AFKS,2021-11-16,27.666,28.1,27.422,27.6,24781100
AFKS,2021-11-17,27.7,27.9,27.5,27.67,12444500
AFKS,2021-11-18,27.65,28.049,27.52,27.869,19625800
AFKS,2021-11-19,27.873,28.025,26.475,27.001,42699600
AFKS,2021-11-22,26.995,26.995,25.642,25.819,57094100
AFKS,2021-11-23,25.65,26.5,24.72,26.415,50331200
AFKS,2021-11-24,26.415,27.088,25.914,26.118,44451400
AFKS,2021-11-25,26.15,26.389,25.729,26.17,23997700
AFKS,2021-11-26,25.873,26.094,25.045,25.201,36730000
AFKS,2021-11-29,25.22,25.768,24.57,25.149,50007700
AFKS,2021-11-30,25.02,25.431,24.701,25.097,28580600
AFKS,2021-12-01,25.142,25.527,24.936,25.03,35710700
AFKS,2021-12-02,25.043,25.5,24.652,25.018,33872800
AFKS,2021-12-03,25.178,25.237,24.2,24.474,35792700
AFKS,2021-12-06,24.576,24.772,23.51,24.001,35251400
AFKS,2021-12-07,24.0,24.287,23.7,24.201,30466800
AFKS,2021-12-08,24.3,24.599,23.187,23.65,40854000
AFKS,2021-12-09,23.698,23.748,23.2,23.36,28052300
AFKS,2021-12-10,23.439,23.544,22.78,22.829,32546600
AFKS,2021-12-13,22.92,22.92,20.699,21.088,77329500
AFKS,2021-12-14,21.25,22.49,18.791,22.09,108202100
AFKS,2021-12-15,22.198,22.984,21.93,22.785,58758900
AFKS,2021-12-16,22.966,24.044,22.62,23.529,76780700
AFKS,2021-12-17,23.501,23.751,22.781,23.255,44723500
AFKS,2021-12-20,23.198,23.198,22.4,22.499,37123100
AFKS,2021-12-21,22.697,23.077,22.382,22.641,31016200
AFKS,2021-12-22,22.7,22.946,22.308,22.52,37632400
AFKS,2021-12-23,22.61,22.838,22.072,22.34,34848700
AFKS,2021-12-24,22.301,22.473,22.18,22.325,25390700
AFKS,2021-12-27,22.325,22.581,22.3,22.556,30014500
AFKS,2021-12-28,22.599,23.945,22.509,23.6,86652900
AFKS,2021-12-29,23.665,23.9,23.142,23.53,34695400
AFKS,2021-12-30,23.5,23.697,23.107,23.364,35168400
AFKS,2022-01-03,23.45,24.55,23.311,24.517,31417000
AFKS,2022-01-04,24.53,25.295,24.467,24.708,41110300
AFKS,2022-01-05,24.708,25.179,23.1,23.593,49059400
AFKS,2022-01-06,23.505,24.46,23.102,24.2,41811100
AFKS,2022-01-10,24.06,24.55,23.2,23.861,33021400
AFKS,2022-01-11,23.95,24.188,23.555,24.13,31955100
AFKS,2022-01-12,24.106,24.359,23.792,24.16,23346700
AFKS,2022-01-13,24.16,24.166,22.729,22.982,59011300
AFKS,2022-01-14,23.14,23.428,21.501,22.542,84273700
AFKS,2022-01-17,22.542,22.984,21.85,22.159,56981900
AFKS,2022-01-18,22.2,22.247,20.2,21.47,100241400
AFKS,2022-01-19,21.56,22.863,20.201,22.071,119069500
AFKS,2022-01-20,22.197,22.625,21.666,21.872,49471000
AFKS,2022-01-21,21.753,22.101,21.31,21.45,55353300
AFKS,2022-01-24,21.32,21.7,18.9,19.941,124923500
AFKS,2022-01-25,20.0,20.675,19.124,19.81,91280300
AFKS,2022-01-26,19.8,19.974,19.201,19.476,69345400
AFKS,2022-01-27,19.387,20.68,19.195,20.267,99469300
AFKS,2022-01-28,20.204,20.725,19.802,19.992,52957400
AFKS,2022-01-31,20.022,20.659,19.691,20.501,60942600
AFKS,2022-02-01,20.65,20.979,20.233,20.595,43045400
AFKS,2022-02-02,20.601,20.7,20.06,20.229,37741300
AFKS,2022-02-03,20.194,20.237,19.651,19.67,35986200
AFKS,2022-02-04,19.777,20.13,19.455,19.75,32985000
AFKS,2022-02-07,19.8,19.888,19.25,19.417,24440000
AFKS,2022-02-08,19.398,20.068,19.3,20.013,32491500
AFKS,2022-02-09,20.3,20.69,20.015,20.52,32968400
AFKS,2022-02-10,20.432,20.629,20.162,20.269,27596000
AFKS,2022-02-11,20.26,20.5,19.27,19.348,61586000
AFKS,2022-02-14,19.3,19.426,17.696,19.207,79304700
AFKS,2022-02-15,19.27,20.288,19.269,20.25,46719500
AFKS,2022-02-16,20.282,21.501,20.282,21.322,75689600
AFKS,2022-02-17,21.35,21.399,19.86,20.19,67458100
AFKS,2022-02-18,20.2,20.504,18.853,18.889,77541900
AFKS,2022-02-21,18.8,19.7,14.846,15.95,206905600
AFKS,2022-02-22,15.3,18.25,13.17,17.77,320456600
AFKS,2022-02-24,15.952,15.952,10.0,12.65,187488000
AFKS,2022-02-25,11.969,14.788,11.75,12.63,124847500
AFKS,2022-03-24,11.505,14.414,11.5,12.89,93857400
AFKS,2022-03-25,13.1,13.299,12.603,12.603,31222800
AFKS,2022-03-28,12.661,12.698,11.4,11.65,20587500
AFKS,2022-03-29,11.65,12.4,11.3,11.54,31094600
AFKS,2022-03-30,12.2,12.69,11.71,12.5,27744600
AFKS,2022-03-31,12.888,14.0,12.75,13.909,78358600
AFKS,2022-04-01,14.38,14.88,13.89,13.89,59304300
AFKS,2022-04-04,14.057,14.499,13.501,14.105,40030900
AFKS,2022-04-05,14.2,14.272,12.756,13.451,25206000
AFKS,2022-04-06,13.16,13.923,12.856,13.493,14170100
AFKS,2022-04-07,13.3,14.095,13.273,13.622,15927000
AFKS,2022-04-08,13.8,13.8,13.02,13.213,22484900
AFKS,2022-04-11,13.2,13.529,13.0,13.2,13809600
AFKS,2022-04-12,13.2,13.329,12.64,13.044,14647000
AFKS,2022-04-13,13.2,13.694,13.05,13.2,29598400
AFKS,2022-04-14,13.26,13.264,12.5,12.534,18970500
AFKS,2022-04-15,12.535,12.7,12.1,12.668,11989000
AFKS,2022-04-18,12.74,12.84,12.028,12.1,14603400
AFKS,2022-04-19,12.155,12.299,11.657,12.143,18768700
AFKS,2022-04-20,12.175,12.589,11.75,12.4,19749000
AFKS,2022-04-21,12.384,12.55,12.1,12.55,10888200
AFKS,2022-04-22,12.5,12.539,12.123,12.3,7430800
AFKS,2022-04-25,12.193,12.193,11.624,12.179,18927400
AFKS,2022-04-26,12.1,12.698,11.921,12.598,20706200
AFKS,2022-04-27,12.461,13.7,12.453,12.587,46759600
AFKS,2022-04-28,12.742,13.349,12.38,12.5,43097700
AFKS,2022-04-29,12.607,12.93,12.509,12.909,11319400
AFKS,2022-05-04,12.897,13.137,12.589,12.6,9372400
AFKS,2022-05-05,12.655,12.977,12.63,12.84,7336500
AFKS,2022-05-06,12.916,12.916,12.47,12.9,12142600
AFKS,2022-05-11,12.771,12.799,12.5,12.65,9455000
AFKS,2022-05-12,12.65,12.666,12.09,12.106,10055100
AFKS,2022-05-13,12.26,12.426,12.053,12.22,6753900
AFKS,2022-05-16,12.281,12.418,12.118,12.294,8390700
AFKS,2022-05-17,12.35,12.43,12.192,12.346,17554800
AFKS,2022-05-18,12.612,13.93,12.612,13.371,117144800
AFKS,2022-05-19,13.25,13.37,12.82,13.35,21236800
AFKS,2022-05-20,13.38,13.74,12.56,12.76,25126800
AFKS,2022-05-23,12.959,12.959,12.37,12.412,10635800
AFKS,2022-05-24,12.4,12.88,12.121,12.6,13492900
AFKS,2022-05-25,12.67,12.95,12.661,12.86,8418800
AFKS,2022-05-26,12.99,13.113,12.803,13.0,14888400
AFKS,2022-05-27,13.0,13.099,12.701,12.761,8312700
AFKS,2022-05-30,12.88,12.889,12.61,12.75,9114400
AFKS,2022-05-31,12.622,12.959,12.621,12.959,11708200
AFKS,2022-06-01,12.85,13.19,12.71,13.19,11271100
AFKS,2022-06-02,13.19,13.19,12.801,12.826,7448700
AFKS,2022-06-03,12.921,12.926,12.426,12.843,10084900
AFKS,2022-06-06,12.777,12.819,12.451,12.54,7851700
AFKS,2022-06-07,12.47,12.504,12.08,12.47,16395000
AFKS,2022-06-08,12.496,12.699,12.458,12.565,11985500
AFKS,2022-06-09,12.67,12.939,12.302,12.302,20145200
AFKS,2022-06-10,12.345,12.6,12.224,12.45,28090200
AFKS,2022-06-14,12.38,12.55,12.25,12.55,10037900
AFKS,2022-06-15,12.499,12.522,12.362,12.461,12152700
AFKS,2022-06-16,12.51,12.748,12.441,12.695,24067400
AFKS,2022-06-17,12.7,12.741,12.508,12.508,9084900
AFKS,2022-06-20,12.549,13.0,12.522,12.83,35341000
AFKS,2022-06-21,12.99,12.99,12.76,12.972,23216000
AFKS,2022-06-22,12.975,13.071,12.62,12.9,23391800
AFKS,2022-06-23,12.861,13.861,12.799,13.531,64269700
AFKS,2022-06-24,13.6,14.236,13.583,13.97,57665800
AFKS,2022-06-27,13.99,14.649,13.718,14.567,44516000
AFKS,2022-06-28,14.6,15.288,14.567,14.6,65229800
AFKS,2022-06-29,14.6,15.149,14.0,14.88,42703600
AFKS,2022-06-30,14.878,15.045,13.714,14.5,63653500
AFKS,2022-07-01,14.31,15.4,14.2,14.85,53505600
AFKS,2022-07-04,15.0,15.49,14.55,15.0,33622200
AFKS,2022-07-05,15.1,15.184,14.8,15.0,16783300
AFKS,2022-07-06,14.95,15.228,14.865,15.163,24618400
AFKS,2022-07-07,15.165,15.3,14.76,15.051,25025000
AFKS,2022-07-08,15.0,15.147,14.83,15.044,12094300
AFKS,2022-07-11,14.925,15.045,14.76,14.8,16494700
AFKS,2022-07-12,14.351,14.664,14.04,14.173,36452900
AFKS,2022-07-13,14.173,14.47,13.301,13.381,32376600
AFKS,2022-07-14,13.381,13.75,12.9,13.107,25087600
AFKS,2022-07-15,13.16,13.697,12.922,13.697,19835500
AFKS,2022-07-18,13.8,13.932,13.283,13.47,17944700
AFKS,2022-07-19,13.48,13.7,13.0,13.37,19611700
AFKS,2022-07-20,13.37,13.5,13.1,13.197,12530800
AFKS,2022-07-21,13.197,13.21,12.761,13.01,15981400
AFKS,2022-07-22,13.0,13.689,12.936,13.56,17754000
AFKS,2022-07-25,13.549,14.2,13.41,13.99,19957200
AFKS,2022-07-26,14.001,14.53,13.857,14.351,29360600
AFKS,2022-07-27,14.355,14.52,14.0,14.0,18329600
AFKS,2022-07-28,14.05,14.242,13.751,13.91,13864200
AFKS,2022-07-29,13.91,14.766,13.815,14.766,48912300
AFKS,2022-08-01,14.749,14.779,14.155,14.17,24035000
AFKS,2022-08-02,14.067,14.093,13.76,13.76,16898700
AFKS,2022-08-03,13.76,14.1,13.51,13.779,22376400
AFKS,2022-08-04,13.78,14.47,13.78,14.225,43926200
AFKS,2022-08-05,14.275,14.366,13.501,13.733,26288600
AFKS,2022-08-08,14.081,14.278,13.775,13.775,16530700
AFKS,2022-08-09,13.812,14.1,13.762,14.1,11387100
AFKS,2022-08-10,14.0,14.367,13.917,14.3,22678500
AFKS,2022-08-11,14.35,14.65,14.04,14.29,25089800
AFKS,2022-08-12,14.349,14.5,14.105,14.302,11330400
AFKS,2022-08-15,14.36,14.58,14.318,14.58,10892600
AFKS,2022-08-16,14.27,14.8,14.15,14.8,18347500
AFKS,2022-08-17,14.81,15.06,14.45,14.507,26781900
AFKS,2022-08-18,14.565,14.627,14.23,14.446,11916100
AFKS,2022-08-19,14.447,14.447,14.014,14.288,13384500
AFKS,2022-08-22,14.275,14.489,14.155,14.44,10522600
AFKS,2022-08-23,14.45,14.88,14.337,14.68,23497000
AFKS,2022-08-24,14.699,14.699,14.32,14.461,16496400
AFKS,2022-08-25,14.5,14.68,14.339,14.36,18805000
AFKS,2022-08-26,14.44,14.532,14.358,14.5,10663000
AFKS,2022-08-29,14.65,14.956,14.413,14.58,38761400
AFKS,2022-08-30,14.585,14.585,14.36,14.54,19273300
AFKS,2022-08-31,14.482,14.662,14.45,14.662,17884200
AFKS,2022-09-01,14.67,14.67,14.46,14.46,14608500
AFKS,2022-09-02,14.5,14.65,14.37,14.65,18690200
AFKS,2022-09-05,14.7,15.434,14.6,15.434,51252600
AFKS,2022-09-06,15.433,15.44,14.5,14.805,58266300
AFKS,2022-09-07,14.864,15.338,14.65,14.741,44936300
AFKS,2022-09-08,14.75,14.947,14.661,14.711,20596700
AFKS,2022-09-09,14.799,15.07,14.73,15.01,11112600
AFKS,2022-09-12,15.0,15.27,14.9,15.07,21386700
AFKS,2022-09-13,15.101,15.189,14.933,15.0,14688500
AFKS,2022-09-14,15.0,15.023,14.541,14.792,29454500
AFKS,2022-09-15,14.87,14.87,14.611,14.79,13622500
AFKS,2022-09-16,14.72,15.1,14.72,14.831,20297100
AFKS,2022-09-19,14.801,14.99,14.795,14.889,10549700
AFKS,2022-09-20,14.89,14.944,13.149,13.584,65177700
AFKS,2022-09-21,12.159,13.469,12.05,12.619,43855500
AFKS,2022-09-22,12.625,13.119,12.401,12.781,25538500
AFKS,2022-09-23,12.813,12.813,11.366,11.759,70475900
AFKS,2022-09-26,11.471,11.56,9.9,10.344,72610600
AFKS,2022-09-27,10.34,11.086,10.103,10.729,48372800
AFKS,2022-09-28,10.729,10.888,10.429,10.69,31957700
AFKS,2022-09-29,10.706,10.759,10.007,10.534,40652100
AFKS,2022-09-30,10.538,10.69,10.0,10.679,47819900
AFKS,2022-10-03,10.667,11.295,10.539,11.23,37743100
AFKS,2022-10-04,11.31,11.45,10.79,11.0,37165800
AFKS,2022-10-05,11.0,11.001,10.335,10.749,37469400
AFKS,2022-10-06,10.789,10.975,10.601,10.611,15998100
AFKS,2022-10-07,10.6,10.6,10.14,10.14,18469800
AFKS,2022-10-10,9.999,10.66,9.525,10.582,35951800
AFKS,2022-10-11,10.6,10.899,10.456,10.696,17896600
AFKS,2022-10-12,10.81,10.98,10.606,10.794,14869900
AFKS,2022-10-13,10.78,11.105,10.703,10.994,18922400
AFKS,2022-10-14,11.07,11.095,10.85,10.99,12599600
AFKS,2022-10-17,11.092,11.55,10.995,11.498,20519600
AFKS,2022-10-18,11.511,11.877,11.251,11.32,41234400
AFKS,2022-10-19,11.413,11.47,11.065,11.41,25143800
AFKS,2022-10-20,11.475,11.79,11.45,11.653,22240100
AFKS,2022-10-21,11.554,11.92,11.456,11.85,14956900
AFKS,2022-10-24,11.93,12.08,11.66,11.838,20838500
AFKS,2022-10-25,11.8,12.5,11.779,12.321,34989200
AFKS,2022-10-26,12.428,12.884,12.345,12.649,50356500
AFKS,2022-10-27,12.73,12.86,12.568,12.77,20298000
AFKS,2022-10-28,12.76,12.76,12.476,12.696,17724500
AFKS,2022-10-31,12.735,12.89,12.673,12.77,15036100
AFKS,2022-11-01,12.8,12.837,12.545,12.77,16796200
AFKS,2022-11-02,12.81,12.818,12.0,12.463,12025900
AFKS,2022-11-03,12.42,12.56,12.212,12.453,17312900
AFKS,2022-11-07,12.676,12.984,12.565,12.975,24904100
AFKS,2022-11-08,12.986,13.268,12.86,13.096,29202700
AFKS,2022-11-09,13.05,13.15,12.624,12.814,40878700
AFKS,2022-11-10,12.816,13.244,12.816,13.034,35879900
AFKS,2022-11-11,13.088,13.16,12.901,13.02,14517800
AFKS,2022-11-14,13.055,13.12,12.92,13.027,14061200
AFKS,2022-11-15,13.015,13.098,12.064,12.585,31271200
AFKS,2022-11-16,12.738,12.997,12.6,12.95,12980200
AFKS,2022-11-17,12.997,13.0,12.7,12.783,9123400
AFKS,2022-11-18,12.782,12.799,12.555,12.734,11415300
AFKS,2022-11-21,12.7,12.73,12.436,12.62,14989700
AFKS,2022-11-22,12.62,12.832,12.531,12.754,10711700
AFKS,2022-11-23,12.789,12.872,12.61,12.792,9476900
AFKS,2022-11-24,12.8,12.838,12.654,12.701,22603700
AFKS,2022-11-25,12.7,12.748,12.472,12.561,16931900
AFKS,2022-11-28,12.5,12.582,12.165,12.549,19438100
AFKS,2022-11-29,12.661,12.674,12.565,12.648,11062000
AFKS,2022-11-30,12.673,12.687,12.5,12.632,6998500
AFKS,2022-12-01,12.65,12.66,12.53,12.585,7403000
AFKS,2022-12-02,12.585,12.64,12.481,12.535,6588700
AFKS,2022-12-05,12.592,12.698,12.48,12.648,12934000
AFKS,2022-12-06,12.68,12.704,12.2,12.466,11031400
AFKS,2022-12-07,12.466,12.818,12.271,12.629,29375300
AFKS,2022-12-08,12.68,12.698,12.512,12.534,9734700
AFKS,2022-12-09,12.52,12.579,12.353,12.447,11228400
AFKS,2022-12-12,12.432,12.483,12.238,12.347,9852300
AFKS,2022-12-13,12.302,12.37,12.119,12.258,16089600
AFKS,2022-12-14,12.24,12.296,12.116,12.25,6768400
AFKS,2022-12-15,12.153,12.378,11.95,11.98,16720200
AFKS,2022-12-16,11.962,12.048,11.834,11.969,11345900
AFKS,2022-12-19,11.959,11.959,11.601,11.64,18128500
AFKS,2022-12-20,11.639,12.235,11.561,12.229,19718100
AFKS,2022-12-21,12.242,12.331,12.033,12.05,12856800
AFKS,2022-12-22,12.06,12.361,12.056,12.291,13778700
AFKS,2022-12-23,12.294,12.298,11.972,12.04,10245800
AFKS,2022-12-26,12.03,12.138,11.855,12.01,14851900
AFKS,2022-12-27,12.08,12.08,11.88,11.988,10125500
AFKS,2022-12-28,12.021,12.044,11.86,11.9,14111200
AFKS,2022-12-29,11.881,11.985,11.858,11.898,8001000
AFKS,2022-12-30,11.9,11.946,11.815,11.937,11282300
AFKS,2023-01-03,11.937,12.19,11.937,12.169,6285900
AFKS,2023-01-04,12.21,12.263,12.034,12.263,5922900
AFKS,2023-01-05,12.266,12.286,12.09,12.105,5246500
AFKS,2023-01-06,12.095,12.178,11.985,12.039,6263800
AFKS,2023-01-09,12.076,12.182,11.803,11.879,43848600
AFKS,2023-01-10,11.863,11.897,11.75,11.876,9855800
AFKS,2023-01-11,11.832,12.21,11.832,12.137,19873300
AFKS,2023-01-12,12.106,12.198,11.968,12.086,16944400
AFKS,2023-01-13,12.09,12.598,12.071,12.569,41236800
AFKS,2023-01-16,12.666,12.857,12.574,12.821,31029600
AFKS,2023-01-17,12.848,12.848,12.424,12.515,25590900
AFKS,2023-01-18,12.515,12.68,12.38,12.411,20939500
AFKS,2023-01-19,12.38,12.42,12.082,12.14,23880100
AFKS,2023-01-20,12.101,12.299,12.056,12.228,16934500
AFKS,2023-01-23,12.299,12.49,12.25,12.33,29373800
AFKS,2023-01-24,12.34,12.475,12.28,12.3,26992600
AFKS,2023-01-25,12.32,12.32,11.8,12.209,25049500
AFKS,2023-01-26,12.237,12.26,12.155,12.195,8962200
AFKS,2023-01-27,12.195,12.371,12.17,12.355,12370300
AFKS,2023-01-30,12.415,12.484,12.353,12.425,13341400
AFKS,2023-01-31,12.434,12.757,12.383,12.711,28798300
AFKS,2023-02-01,12.747,12.936,12.458,12.736,35244500
AFKS,2023-02-02,12.752,13.13,12.675,12.95,31792800
AFKS,2023-02-03,12.949,13.113,12.817,13.068,21637000
AFKS,2023-02-06,13.273,13.65,13.204,13.592,61826800
AFKS,2023-02-07,13.64,13.975,13.542,13.625,35028200
AFKS,2023-02-08,13.695,13.704,13.22,13.322,36830000
AFKS,2023-02-09,13.42,13.499,13.103,13.364,24907600
AFKS,2023-02-10,13.392,13.613,13.274,13.412,22825700
AFKS,2023-02-13,13.459,13.62,13.377,13.4,16003000
AFKS,2023-02-14,13.476,13.476,13.11,13.155,29006200
AFKS,2023-02-15,13.122,13.122,12.374,12.587,48571200
AFKS,2023-02-16,12.65,12.868,12.348,12.509,33469900
AFKS,2023-02-17,12.46,12.64,12.25,12.501,20496300
AFKS,2023-02-20,12.51,12.863,12.284,12.702,23109500
AFKS,2023-02-21,12.77,13.04,12.688,12.946,30057000
AFKS,2023-02-22,12.967,12.999,12.727,12.792,12035900
AFKS,2023-02-24,12.763,12.93,12.763,12.809,8581000
AFKS,2023-02-27,12.699,13.014,12.66,12.978,19029400
AFKS,2023-02-28,13.029,13.15,12.977,13.0,20922500
AFKS,2023-03-01,13.015,13.242,13.012,13.235,15739600
AFKS,2023-03-02,13.242,13.268,12.9,12.966,23586000
AFKS,2023-03-03,12.966,13.306,12.931,13.248,23003600
AFKS,2023-03-06,13.32,13.521,13.26,13.361,27727900
AFKS,2023-03-07,13.32,13.476,13.28,13.434,10033000
AFKS,2023-03-09,13.38,13.439,13.215,13.345,12527000
AFKS,2023-03-10,13.25,13.344,13.24,13.276,8729300
AFKS,2023-03-13,13.276,13.4,13.125,13.317,17378700
AFKS,2023-03-14,13.317,13.417,13.255,13.324,12738600
AFKS,2023-03-15,13.4,13.498,13.013,13.153,23588300
AFKS,2023-03-16,13.1,13.228,12.961,13.183,15152400
AFKS,2023-03-17,13.22,13.392,13.163,13.256,20184200
AFKS,2023-03-20,13.327,13.945,13.21,13.896,53311800
AFKS,2023-03-21,13.89,14.227,13.404,13.583,57247100
AFKS,2023-03-22,13.58,13.947,13.435,13.75,33668700
AFKS,2023-03-23,13.76,13.995,13.67,13.96,24490600
AFKS,2023-03-24,14.0,14.397,13.998,14.327,67100800
AFKS,2023-03-27,14.327,14.68,14.307,14.508,47695100
AFKS,2023-03-28,14.568,14.597,14.123,14.391,43718200
AFKS,2023-03-29,14.4,14.65,14.16,14.634,38223500
AFKS,2023-03-30,14.65,14.7,14.464,14.544,25623500
AFKS,2023-03-31,14.589,14.8,14.253,14.787,46856300
AFKS,2023-04-03,14.872,15.0,14.652,14.787,34337600
AFKS,2023-04-04,14.801,15.0,14.596,14.741,30336800
AFKS,2023-04-05,14.74,14.802,14.47,14.741,27682400
AFKS,2023-04-06,14.786,14.786,14.611,14.644,18126400
AFKS,2023-04-07,14.644,14.8,14.565,14.778,14520800
AFKS,2023-04-10,14.9,15.244,14.831,15.137,40553900
AFKS,2023-04-11,15.185,15.19,14.33,14.676,56631800
AFKS,2023-04-12,14.749,14.752,14.433,14.623,51961700
AFKS,2023-04-13,14.646,14.666,14.362,14.518,25562400
AFKS,2023-04-14,14.518,14.844,14.414,14.798,27631000
AFKS,2023-04-17,14.85,15.13,14.82,15.025,30748700
AFKS,2023-04-18,15.084,15.116,14.845,15.047,30973600
AFKS,2023-04-19,15.047,15.093,14.84,14.912,38938900
AFKS,2023-04-20,14.912,14.937,14.593,14.827,25367000
AFKS,2023-04-21,14.879,14.93,14.729,14.911,19280700
AFKS,2023-04-24,14.911,14.987,14.801,14.889,11647800
AFKS,2023-04-25,14.9,15.74,14.82,15.615,112854600
AFKS,2023-04-26,15.74,16.066,15.44,15.476,72248600
AFKS,2023-04-27,15.527,15.9,15.248,15.862,43535300
AFKS,2023-04-28,15.852,16.136,15.5,15.791,44199900
AFKS,2023-05-02,15.972,16.238,15.31,15.411,59066600
AFKS,2023-05-03,15.43,16.034,14.647,14.751,122288400
AFKS,2023-05-04,14.876,15.17,14.7,15.003,48722800
AFKS,2023-05-05,15.01,15.37,14.74,14.832,37517800
AFKS,2023-05-08,14.92,14.971,14.71,14.746,10267600
AFKS,2023-05-10,14.752,15.437,14.752,15.382,32669400
AFKS,2023-05-11,15.4,15.708,14.751,15.1,50588100
AFKS,2023-05-12,15.12,15.334,14.954,15.266,21092400
AFKS,2023-05-15,15.4,15.769,15.35,15.74,44749400
AFKS,2023-05-16,15.79,15.898,15.464,15.59,28629500
AFKS,2023-05-17,15.6,15.988,15.534,15.932,34345800
AFKS,2023-05-18,15.99,16.43,15.614,16.425,69694100
AFKS,2023-05-19,16.3,16.307,15.811,15.902,57791200
AFKS,2023-05-22,15.979,16.074,15.627,15.717,23550500
AFKS,2023-05-23,15.708,15.809,15.49,15.745,21285300
AFKS,2023-05-24,15.8,15.928,15.51,15.707,32256100
AFKS,2023-05-25,15.76,15.91,15.56,15.698,20145800
AFKS,2023-05-26,15.72,15.856,15.701,15.774,13298400
AFKS,2023-05-29,15.91,16.138,15.824,16.02,38022200
AFKS,2023-05-30,15.93,16.235,15.75,15.874,32348100
AFKS,2023-05-31,15.874,15.95,15.63,15.883,15684200
AFKS,2023-06-01,15.96,15.96,15.584,15.708,27282100
AFKS,2023-06-02,15.7,15.9,15.622,15.792,23107800
AFKS,2023-06-05,15.82,15.969,15.636,15.683,23123400
AFKS,2023-06-06,15.734,15.734,15.27,15.654,19671500
AFKS,2023-06-07,15.683,15.849,15.55,15.63,17618300
AFKS,2023-06-08,15.682,15.979,15.592,15.924,23414400
AFKS,2023-06-09,15.936,16.15,15.862,15.911,21183200
AFKS,2023-06-13,15.932,16.2,15.932,16.194,26962600
AFKS,2023-06-14,16.2,16.49,16.186,16.48,47615300
AFKS,2023-06-15,16.545,16.92,16.511,16.76,90367800
AFKS,2023-06-16,16.8,16.81,16.55,16.564,25691300
AFKS,2023-06-19,16.56,16.857,16.517,16.807,26989700
AFKS,2023-06-20,16.8,17.095,16.55,17.057,60614700
AFKS,2023-06-21,17.098,17.68,16.955,17.4,61790900
AFKS,2023-06-22,17.45,17.452,17.037,17.071,38295900
AFKS,2023-06-23,17.013,17.228,16.71,16.75,50625700
AFKS,2023-06-26,17.05,17.05,16.243,16.659,49401400
AFKS,2023-06-27,16.71,17.19,16.705,17.098,48514200
AFKS,2023-06-28,17.132,17.24,16.921,17.185,30309800
AFKS,2023-06-29,17.185,17.714,17.185,17.659,43259800
AFKS,2023-06-30,17.7,17.749,17.271,17.466,39372700
AFKS,2023-07-03,17.477,17.65,17.389,17.576,23724700
AFKS,2023-07-04,17.576,17.581,17.151,17.205,30589500
AFKS,2023-07-05,17.281,17.35,17.177,17.291,18722900
AFKS,2023-07-06,17.295,17.545,17.2,17.244,16382000
AFKS,2023-07-07,17.246,17.48,17.072,17.328,24970200
AFKS,2023-07-10,17.398,17.55,17.3,17.397,25502800
AFKS,2023-07-11,17.422,17.511,17.342,17.422,16367800
AFKS,2023-07-12,17.449,17.65,17.405,17.615,28391400
AFKS,2023-07-13,17.615,17.987,17.6,17.745,83986900
AFKS,2023-07-14,17.802,17.82,17.534,17.7,41517600
AFKS,2023-07-17,17.59,17.95,17.58,17.95,60035900
AFKS,2023-07-18,17.7,17.86,17.673,17.778,55042000
AFKS,2023-07-19,17.777,17.85,17.558,17.648,23006400
AFKS,2023-07-20,17.64,17.648,16.9,17.088,61295200
AFKS,2023-07-21,17.07,17.46,17.06,17.277,41240300
AFKS,2023-07-24,17.277,17.59,17.232,17.589,36511800
AFKS,2023-07-25,17.599,17.999,17.566,17.919,50301100
AFKS,2023-07-26,17.991,17.999,17.607,17.701,40780200
AFKS,2023-07-27,17.75,17.878,17.681,17.742,21905600
AFKS,2023-07-28,17.786,18.35,17.625,18.23,79472600
AFKS,2023-07-31,18.403,18.949,18.4,18.875,69684800
AFKS,2023-08-01,18.98,18.98,18.43,18.655,71624100
AFKS,2023-08-02,18.646,18.736,18.48,18.647,26753300
AFKS,2023-08-03,18.704,19.0,18.622,18.933,37208800
AFKS,2023-08-04,19.006,19.29,17.686,18.336,104920400
AFKS,2023-08-07,18.463,18.733,17.814,18.042,57668100
AFKS,2023-08-08,18.064,18.275,17.8,18.105,48425300
AFKS,2023-08-09,18.133,18.358,18.115,18.235,24542700
AFKS,2023-08-10,18.243,18.8,18.203,18.704,34664300
AFKS,2023-08-11,18.786,18.808,18.32,18.527,36243700
AFKS,2023-08-14,18.581,18.744,17.903,17.95,61451000
AFKS,2023-08-15,17.894,18.348,17.2,17.801,74052400
AFKS,2023-08-16,17.717,17.937,17.096,17.56,49547600
AFKS,2023-08-17,17.664,17.7,17.262,17.448,44755700
AFKS,2023-08-18,17.42,17.976,17.3,17.864,45549800
AFKS,2023-08-21,17.924,17.992,17.63,17.827,30041100
AFKS,2023-08-22,17.931,18.2,17.751,18.151,49800700
AFKS,2023-08-23,18.19,18.199,17.45,17.621,63771600
AFKS,2023-08-24,17.699,17.849,17.501,17.8,18945900
AFKS,2023-08-25,17.8,18.12,17.702,17.869,25533700
AFKS,2023-08-28,17.939,18.312,17.922,18.305,45792600
AFKS,2023-08-29,18.342,18.421,17.921,18.125,54062800
AFKS,2023-08-30,18.124,18.222,17.85,18.209,35990600
AFKS,2023-08-31,18.212,18.546,18.177,18.385,38265900
AFKS,2023-09-01,18.39,18.4,18.228,18.344,17690100
AFKS,2023-09-04,18.435,18.659,18.413,18.618,31943400
AFKS,2023-09-05,18.565,18.68,18.251,18.45,29424700
AFKS,2023-09-06,18.452,18.844,17.97,18.495,96706200
AFKS,2023-09-07,18.502,18.585,17.86,18.129,60293400
AFKS,2023-09-08,18.252,18.252,17.709,17.9,46429400
AFKS,2023-09-11,17.972,18.056,17.81,17.852,30883900
AFKS,2023-09-12,17.923,18.1,17.78,17.985,32798900
AFKS,2023-09-13,17.986,17.999,17.53,17.584,32894400
AFKS,2023-09-14,17.637,17.8,17.114,17.577,55292700
AFKS,2023-09-15,17.5,17.683,17.337,17.619,25878200
AFKS,2023-09-18,17.619,17.799,17.2,17.469,32240300
AFKS,2023-09-19,17.58,17.617,17.001,17.06,40386300
AFKS,2023-09-20,17.007,17.688,16.685,17.327,58600600
AFKS,2023-09-21,17.255,17.393,16.8,16.9,23639800
AFKS,2023-09-22,16.9,17.158,16.7,17.09,19348700
AFKS,2023-09-25,17.09,17.118,16.84,16.965,16812400
AFKS,2023-09-26,16.908,17.15,16.685,17.08,34735100
AFKS,2023-09-27,17.166,17.485,17.07,17.388,26086700
AFKS,2023-09-28,17.434,17.498,17.101,17.253,26956300
AFKS,2023-09-29,17.23,17.29,17.016,17.18,27737800
AFKS,2023-10-02,17.252,17.394,17.152,17.256,19275100
AFKS,2023-10-03,17.3,17.425,17.024,17.352,21679200
AFKS,2023-10-04,17.34,17.35,17.19,17.194,11766800
AFKS,2023-10-05,17.2,17.36,17.165,17.325,10041900
AFKS,2023-10-06,17.37,17.47,17.129,17.407,22783900
AFKS,2023-10-09,17.362,17.82,17.241,17.51,48314300
AFKS,2023-10-10,17.608,17.687,17.359,17.458,30601200
AFKS,2023-10-11,17.5,17.519,17.1,17.143,32945400
AFKS,2023-10-12,17.142,17.59,17.093,17.501,30436600
AFKS,2023-10-13,17.456,17.562,17.361,17.428,18874100
AFKS,2023-10-16,17.482,17.68,17.414,17.665,21346800
AFKS,2023-10-17,17.7,17.747,17.502,17.636,24793200
AFKS,2023-10-18,17.653,17.698,17.331,17.518,29055200
AFKS,2023-10-19,17.5,17.542,17.35,17.424,22588200
AFKS,2023-10-20,17.44,17.899,17.4,17.838,57104400
AFKS,2023-10-23,17.833,17.9,17.63,17.707,21791800
AFKS,2023-10-24,17.737,17.827,17.634,17.77,12509400
AFKS,2023-10-25,17.77,17.8,17.617,17.654,14235500
AFKS,2023-10-26,17.7,17.719,17.433,17.494,22117300
AFKS,2023-10-27,17.51,17.642,17.201,17.326,38394300
AFKS,2023-10-30,17.409,17.409,17.151,17.219,20455500
AFKS,2023-10-31,17.167,17.219,16.92,17.045,25972800
AFKS,2023-11-01,17.077,17.13,16.862,16.93,20818400
AFKS,2023-11-02,16.931,17.196,16.27,16.461,214523300
AFKS,2023-11-03,16.41,16.685,16.389,16.664,49130300
AFKS,2023-11-06,16.69,16.84,16.579,16.796,20793200
AFKS,2023-11-07,16.755,16.977,16.612,16.949,35502600
AFKS,2023-11-08,16.943,16.99,16.68,16.756,22637400
AFKS,2023-11-09,16.755,16.894,16.65,16.828,24009900
AFKS,2023-11-10,16.8,16.986,16.701,16.887,15670300
AFKS,2023-11-13,16.94,17.056,16.82,16.854,17603800
AFKS,2023-11-14,16.85,16.89,16.396,16.58,41543300
AFKS,2023-11-15,16.521,16.739,16.481,16.729,20249300
AFKS,2023-11-16,16.72,16.768,16.42,16.48,19029700
AFKS,2023-11-17,16.48,16.641,16.139,16.549,32569900
AFKS,2023-11-20,16.549,16.79,16.5,16.52,13918400
AFKS,2023-11-21,16.51,16.75,16.438,16.532,30564800
AFKS,2023-11-22,16.568,16.96,16.532,16.833,26918500
AFKS,2023-11-23,16.833,16.862,16.476,16.558,11800700
AFKS,2023-11-24,16.558,16.737,16.381,16.675,23608000
AFKS,2023-11-27,16.681,16.738,16.304,16.48,14565900
AFKS,2023-11-28,16.495,16.495,16.255,16.4,21938800
AFKS,2023-11-29,16.44,16.441,16.227,16.323,15059800
AFKS,2023-11-30,16.35,16.35,16.07,16.126,14379700
AFKS,2023-12-01,16.126,16.221,15.902,15.911,13999500
AFKS,2023-12-04,15.888,16.068,15.725,15.964,18833800
AFKS,2023-12-05,15.96,16.24,15.821,15.992,24460600
AFKS,2023-12-06,15.992,16.064,15.401,15.499,26278500
AFKS,2023-12-07,15.5,15.904,15.423,15.635,29082300
AFKS,2023-12-08,15.635,15.816,15.583,15.814,11463700
AFKS,2023-12-11,15.96,15.96,15.401,15.452,16459900
AFKS,2023-12-12,15.452,15.55,15.265,15.345,23671000
AFKS,2023-12-13,15.299,15.55,15.298,15.526,12697500
AFKS,2023-12-14,15.55,15.67,15.15,15.189,19469100
AFKS,2023-12-15,15.125,15.779,15.125,15.737,27913700
AFKS,2023-12-18,15.779,15.93,15.416,15.529,39964900
AFKS,2023-12-19,15.53,15.644,15.478,15.553,19502400
AFKS,2023-12-20,15.553,16.088,15.53,16.015,32788000
AFKS,2023-12-21,16.015,16.185,15.811,15.836,40609600
AFKS,2023-12-22,15.836,16.082,15.836,16.073,17674700
AFKS,2023-12-25,16.09,16.173,16.007,16.071,18712400
AFKS,2023-12-26,16.078,16.134,16.01,16.07,14582000
AFKS,2023-12-27,16.06,16.128,16.02,16.054,14626200
AFKS,2023-12-28,16.054,16.1,15.855,15.897,19114200
AFKS,2023-12-29,15.9,16.388,15.855,16.339,18595500
AFKS,2024-01-03,16.242,16.439,16.24,16.328,9646900
AFKS,2024-01-04,16.33,16.425,16.2,16.414,13236400
AFKS,2024-01-05,16.42,16.494,16.261,16.311,8633200
AFKS,2024-01-08,16.3,16.594,16.3,16.58,15518600
AFKS,2024-01-09,16.512,16.592,16.439,16.507,16614300
AFKS,2024-01-10,16.483,16.57,16.412,16.42,11942700
AFKS,2024-01-11,16.449,16.877,16.37,16.843,31378200
AFKS,2024-01-12,16.85,17.049,16.6,16.783,33324200
AFKS,2024-01-15,16.793,16.989,16.787,16.952,15459200
AFKS,2024-01-16,16.999,17.01,16.7,16.857,16122300
AFKS,2024-01-17,16.857,17.114,16.8,17.019,23761000
AFKS,2024-01-18,17.068,17.094,16.933,16.987,24311200
AFKS,2024-01-19,16.982,17.02,16.646,16.968,20510600
AFKS,2024-01-22,16.902,17.184,16.902,17.03,18669100
AFKS,2024-01-23,17.06,17.198,16.967,17.163,18660300
AFKS,2024-01-24,17.222,17.234,16.914,16.95,25132200
AFKS,2024-01-25,16.97,17.079,16.936,16.97,10527700
AFKS,2024-01-26,16.995,17.163,16.801,17.071,14464400
AFKS,2024-01-29,17.099,17.168,16.722,17.042,16342700
AFKS,2024-01-30,16.99,17.19,16.978,17.137,23701100
AFKS,2024-01-31,17.137,17.286,17.106,17.2,18652100
AFKS,2024-02-01,17.22,17.406,17.192,17.391,18692300
AFKS,2024-02-02,17.424,17.444,17.25,17.344,14333400
AFKS,2024-02-05,17.359,17.532,17.35,17.424,26355600
AFKS,2024-02-06,17.469,17.49,17.355,17.445,13049900
AFKS,2024-02-07,17.444,17.5,17.388,17.5,13053200
AFKS,2024-02-08,17.52,17.8,17.479,17.549,46842200
AFKS,2024-02-09,17.59,18.23,17.428,18.211,55206400
AFKS,2024-02-12,18.22,18.318,17.725,17.93,58662900
AFKS,2024-02-13,17.946,18.128,17.9,18.12,30312700
AFKS,2024-02-14,18.121,18.2,18.013,18.033,25378300
AFKS,2024-02-15,18.033,18.19,17.917,18.189,20457300
AFKS,2024-02-16,18.22,18.349,17.996,18.216,41671200
AFKS,2024-02-19,18.15,18.43,17.78,17.847,51988400
AFKS,2024-02-20,17.893,17.92,17.5,17.529,40636800
AFKS,2024-02-21,17.5,17.853,17.383,17.601,37653900
AFKS,2024-02-22,17.601,17.997,17.507,17.62,43949000
AFKS,2024-02-26,18.0,18.16,17.8,18.147,36226700
AFKS,2024-02-27,18.147,18.147,17.803,18.029,25136400
AFKS,2024-02-28,18.029,18.109,17.942,18.032,16426900
AFKS,2024-02-29,18.031,18.5,17.901,18.46,26204700
AFKS,2024-03-01,18.5,18.569,18.278,18.39,31669600
AFKS,2024-03-04,18.59,18.75,18.38,18.541,41023900
AFKS,2024-03-05,18.597,18.744,18.37,18.531,23815800
AFKS,2024-03-06,18.515,18.639,18.515,18.585,10804000
AFKS,2024-03-07,18.637,18.637,18.453,18.607,11954900
AFKS,2024-03-11,18.75,18.75,18.605,18.605,23813100
AFKS,2024-03-12,18.6,19.195,18.55,19.13,77472800
AFKS,2024-03-13,19.136,19.875,19.135,19.73,327084000
AFKS,2024-03-14,20.172,20.172,19.326,19.458,215825900
AFKS,2024-03-15,19.329,19.69,19.329,19.632,50257900
AFKS,2024-03-18,19.66,19.74,19.348,19.599,38781900
AFKS,2024-03-19,19.599,19.863,19.235,19.415,63591200
AFKS,2024-03-20,19.399,19.669,19.25,19.546,32987700
AFKS,2024-03-21,19.582,20.4,19.512,20.39,121487000
AFKS,2024-03-22,20.35,20.359,19.678,19.831,83740900
AFKS,2024-03-25,19.899,20.58,19.813,20.559,70176400
AFKS,2024-03-26,20.559,21.0,20.559,20.774,79008500
AFKS,2024-03-27,20.8,22.067,20.511,22.001,211454000
AFKS,2024-03-28,21.996,22.5,21.707,21.92,210007300
AFKS,2024-03-29,21.919,22.565,21.722,22.557,128590500
AFKS,2024-04-01,22.627,24.876,22.561,24.503,407715300
AFKS,2024-04-02,24.66,24.718,23.128,23.454,361199600
AFKS,2024-04-03,23.454,24.4,23.186,24.138,210354400
AFKS,2024-04-04,24.138,24.335,23.539,23.95,140004600
AFKS,2024-04-05,23.805,24.1,23.574,23.986,78659100
AFKS,2024-04-08,24.18,25.65,24.0,24.127,531268100
AFKS,2024-04-09,23.85,24.65,23.32,23.709,340874200
AFKS,2024-04-10,23.71,23.88,23.059,23.68,176174800
AFKS,2024-04-11,23.68,23.989,23.28,23.46,74827000
AFKS,2024-04-12,23.71,23.749,23.315,23.672,63409300
AFKS,2024-04-15,23.691,24.45,23.38,23.5,138722400
AFKS,2024-04-16,23.618,24.949,23.055,24.54,272567800
AFKS,2024-04-17,24.59,25.627,24.43,25.556,380201500
AFKS,2024-04-18,25.587,25.98,25.101,25.346,246088100
AFKS,2024-04-19,25.4,26.119,24.95,26.088,173067200
AFKS,2024-04-22,26.188,27.065,25.95,26.84,263453100
AFKS,2024-04-23,26.94,27.137,26.087,26.289,155334700
AFKS,2024-04-24,26.3,26.557,25.61,25.906,121705200
AFKS,2024-04-25,25.8,26.5,25.635,25.878,105951900
AFKS,2024-04-26,25.76,26.14,25.371,25.674,93259600
AFKS,2024-04-27,25.63,25.849,25.3,25.785,53394300
AFKS,2024-04-29,25.877,26.39,25.802,26.105,43244400
AFKS,2024-04-30,26.165,26.295,25.613,25.745,23613300
AFKS,2024-05-02,25.739,25.821,25.263,25.456,39803700
AFKS,2024-05-03,25.409,26.049,25.15,25.714,59480300
AFKS,2024-05-06,25.65,25.943,25.4,25.539,39214500
AFKS,2024-05-07,25.495,26.082,25.495,25.875,29822500
AFKS,2024-05-08,25.966,26.81,25.906,26.704,100765700
AFKS,2024-05-10,26.808,27.0,26.44,26.92,66566800
AFKS,2024-05-13,27.081,27.3,26.883,27.038,67867500
AFKS,2024-05-14,27.039,28.1,26.755,27.999,87455900
AFKS,2024-05-15,28.01,29.148,28.004,28.98,144588500
AFKS,2024-05-16,29.0,29.433,28.526,29.338,97816500
AFKS,2024-05-17,29.38,29.439,28.957,29.14,76884800
AFKS,2024-05-20,29.1,29.245,28.51,28.602,57309700
AFKS,2024-05-21,28.509,29.852,28.31,29.829,113418700
AFKS,2024-05-22,29.88,29.915,29.152,29.527,75479400
AFKS,2024-05-23,29.449,29.449,28.51,28.764,123109600
AFKS,2024-05-24,28.765,28.952,27.51,27.655,111376500
AFKS,2024-05-27,27.7,27.766,25.865,26.091,218831900
AFKS,2024-05-28,26.344,27.12,25.759,26.359,124109200
AFKS,2024-05-29,26.357,26.437,25.48,26.26,87067500
AFKS,2024-05-30,26.294,26.38,23.956,24.47,180770200
AFKS,2024-05-31,24.587,24.77,23.701,24.538,166593400
AFKS,2024-06-03,24.69,25.426,23.8,25.186,141066900
AFKS,2024-06-04,25.186,25.87,24.555,25.769,114421000
AFKS,2024-06-05,25.769,25.989,25.171,25.247,79422400
AFKS,2024-06-06,25.131,25.7,24.901,25.215,70080400
AFKS,2024-06-07,25.215,27.0,25.05,26.979,139497000
AFKS,2024-06-10,27.306,27.59,25.71,26.191,147346800
AFKS,2024-06-11,26.12,26.6,25.819,26.24,65607500
AFKS,2024-06-13,24.8,26.499,24.039,26.233,73113200
AFKS,2024-06-14,26.223,26.65,25.74,26.524,52578700
AFKS,2024-06-17,26.65,26.755,25.53,25.84,79534800
AFKS,2024-06-18,25.835,25.835,23.977,24.13,113551800
AFKS,2024-06-19,24.001,24.55,23.3,24.048,180762500
AFKS,2024-06-20,24.06,24.92,23.4,24.58,129677500
AFKS,2024-06-21,24.678,24.76,24.0,24.15,46566500
AFKS,2024-06-24,24.07,24.369,23.6,23.672,58933000
AFKS,2024-06-25,23.672,23.977,23.437,23.736,57599400
AFKS,2024-06-26,23.785,24.2,23.637,23.82,58885200
AFKS,2024-06-27,23.834,23.913,23.234,23.422,63719800
AFKS,2024-06-28,23.423,23.791,23.325,23.749,30579200
AFKS,2024-07-01,23.75,24.0,23.42,23.869,42561100
AFKS,2024-07-02,23.933,24.7,23.878,24.3,71232500
AFKS,2024-07-03,24.202,24.42,23.512,23.521,51277200
AFKS,2024-07-04,23.5,23.867,22.7,22.825,118154700
AFKS,2024-07-05,22.734,23.36,22.307,22.979,115962400
AFKS,2024-07-08,22.995,23.066,22.627,22.713,52194800
AFKS,2024-07-09,22.713,22.8,22.3,22.545,66323200
AFKS,2024-07-10,22.495,22.948,21.473,21.555,93760100
AFKS,2024-07-11,21.673,22.78,21.648,22.596,73494300
AFKS,2024-07-12,22.65,22.897,22.0,22.649,66223700
AFKS,2024-07-15,22.649,22.913,21.84,22.147,53691900
AFKS,2024-07-16,22.15,22.28,21.507,21.917,67288100
AFKS,2024-07-17,21.41,21.65,21.154,21.288,58748100
AFKS,2024-07-18,21.289,21.842,20.951,21.804,45224400
AFKS,2024-07-19,21.771,22.445,21.574,22.286,38989800
AFKS,2024-07-22,22.44,22.9,22.322,22.627,56834400
AFKS,2024-07-23,22.717,22.987,22.533,22.615,55186800
AFKS,2024-07-24,22.51,23.749,22.422,23.558,99012200
AFKS,2024-07-25,23.652,23.675,23.35,23.471,45986200
AFKS,2024-07-26,23.513,23.98,21.61,21.651,228027400
AFKS,2024-07-29,21.6,21.6,20.284,20.37,168125700
AFKS,2024-07-30,20.37,21.2,20.04,21.065,115543700
AFKS,2024-07-31,21.055,21.369,20.522,21.36,84754100
AFKS,2024-08-01,21.41,21.499,20.724,20.819,69341200
AFKS,2024-08-02,20.789,21.18,20.524,20.929,94927400
AFKS,2024-08-05,20.5,20.599,19.611,19.679,162060400
AFKS,2024-08-06,19.92,20.18,19.64,19.928,80581700
AFKS,2024-08-07,20.0,20.707,19.53,20.4,119904100
AFKS,2024-08-08,20.4,20.638,19.761,19.929,70912700
AFKS,2024-08-09,19.9,20.15,19.764,20.044,36824900
AFKS,2024-08-12,20.001,20.231,19.766,20.148,43740900
AFKS,2024-08-13,20.147,20.679,20.107,20.629,54348800
AFKS,2024-08-14,20.684,21.062,20.094,20.196,75510000
AFKS,2024-08-15,20.145,20.247,19.8,19.817,52482800
AFKS,2024-08-16,19.8,20.04,19.685,19.815,46433900
AFKS,2024-08-19,19.88,20.04,19.1,19.306,96057000
AFKS,2024-08-20,19.33,19.484,19.014,19.024,46717100
AFKS,2024-08-21,19.025,19.2,18.71,19.0,42884100
AFKS,2024-08-22,19.0,19.19,17.11,17.935,83031200
AFKS,2024-08-23,17.9,18.37,17.433,18.151,125172900
AFKS,2024-08-26,18.5,19.09,18.01,18.408,83362800
AFKS,2024-08-27,18.695,18.695,17.022,17.118,92479200
AFKS,2024-08-28,17.11,17.116,15.45,16.059,310033600
AFKS,2024-08-29,16.059,16.888,15.61,16.13,249752800
AFKS,2024-08-30,16.123,16.44,15.766,16.049,113252000
AFKS,2024-09-02,15.96,16.051,14.893,15.168,149787400
AFKS,2024-09-03,15.167,15.6,14.407,14.752,183318100
AFKS,2024-09-04,14.73,15.912,14.53,15.818,150919100
AFKS,2024-09-05,15.9,16.833,15.38,16.221,247508000
AFKS,2024-09-06,16.12,16.349,15.628,16.134,138373300
AFKS,2024-09-09,16.202,17.359,16.119,17.3,128664100
AFKS,2024-09-10,17.3,17.301,16.5,16.67,152243600
AFKS,2024-09-11,16.69,16.812,15.823,15.952,126722100
AFKS,2024-09-12,15.951,16.036,15.344,15.799,238532900
AFKS,2024-09-13,15.669,16.54,14.65,16.54,544403400
AFKS,2024-09-16,16.7,16.9,16.086,16.491,194903900
AFKS,2024-09-17,16.492,16.889,16.165,16.738,136891400
AFKS,2024-09-18,16.738,16.79,16.16,16.25,116821100
AFKS,2024-09-19,16.183,16.495,16.004,16.226,102470700
AFKS,2024-09-20,16.202,16.485,16.2,16.44,63302800
AFKS,2024-09-23,16.5,16.98,16.32,16.871,128804300
AFKS,2024-09-24,16.99,17.385,16.518,16.743,211506600
AFKS,2024-09-25,16.7,16.83,16.04,16.26,120400700
AFKS,2024-09-26,16.1,16.317,15.87,16.167,115356500
AFKS,2024-09-27,16.2,16.473,15.97,16.427,72091800
AFKS,2024-09-30,16.75,16.97,16.04,16.091,144239400
AFKS,2024-10-01,16.001,16.214,15.7,15.801,144161400
AFKS,2024-10-02,15.8,15.93,15.25,15.359,108558600
AFKS,2024-10-03,15.324,15.75,15.14,15.671,113988800
AFKS,2024-10-04,15.68,15.837,15.358,15.654,67466500
AFKS,2024-10-07,15.605,15.65,15.302,15.461,61692000
AFKS,2024-10-08,15.448,15.448,15.211,15.375,51574700
AFKS,2024-10-09,15.375,15.44,15.034,15.26,57813000
AFKS,2024-10-10,15.26,15.49,15.074,15.104,61862500
AFKS,2024-10-11,15.07,15.436,14.866,15.329,105884600
AFKS,2024-10-14,15.277,15.587,14.967,15.357,118183000
AFKS,2024-10-15,15.35,15.74,15.126,15.584,83947900
AFKS,2024-10-16,15.664,15.72,15.26,15.35,62082100
AFKS,2024-10-17,15.352,15.399,15.146,15.158,58404400
AFKS,2024-10-18,15.142,15.252,15.046,15.175,36719300
AFKS,2024-10-21,15.175,15.245,14.911,15.008,36534400
AFKS,2024-10-22,14.95,14.997,14.615,14.658,57943800
AFKS,2024-10-23,14.655,14.664,14.032,14.08,84299800
AFKS,2024-10-24,14.025,14.144,13.609,14.002,119827600
AFKS,2024-10-25,14.0,14.159,13.2,13.55,375185900
AFKS,2024-10-28,13.2,13.399,12.8,12.973,158661300
AFKS,2024-10-29,12.974,13.249,12.66,13.038,125584200
AFKS,2024-10-30,13.12,13.23,12.407,12.465,117639200
AFKS,2024-10-31,12.4,12.658,11.98,12.569,200870900
AFKS,2024-11-01,12.554,12.858,11.951,12.024,254161400
AFKS,2024-11-02,12.0,12.578,11.883,12.529,173909000
AFKS,2024-11-05,12.58,12.649,12.3,12.516,87766500
AFKS,2024-11-06,13.15,13.565,12.709,12.945,458172000
AFKS,2024-11-07,12.898,13.75,12.605,13.597,249567500
AFKS,2024-11-08,13.716,14.526,13.305,14.481,349776000
AFKS,2024-11-11,14.505,14.867,14.27,14.558,313968400
AFKS,2024-11-12,14.489,14.9,14.001,14.043,235045400
AFKS,2024-11-13,14.0,14.8,13.97,14.179,247242800
AFKS,2024-11-14,14.16,14.372,13.85,14.11,167251800
AFKS,2024-11-15,14.098,14.623,13.97,14.562,148848900
AFKS,2024-11-18,14.3,14.494,14.089,14.301,121589400
AFKS,2024-11-19,14.285,14.343,13.695,13.794,195186700
AFKS,2024-11-20,13.916,13.92,13.026,13.306,327424200
AFKS,2024-11-21,13.2,13.55,12.7,13.45,315434400
AFKS,2024-11-22,13.458,13.487,12.689,13.158,240944500
AFKS,2024-11-25,13.03,13.07,12.39,12.506,265900500
AFKS,2024-11-26,12.4,12.599,12.027,12.125,277903200
AFKS,2024-11-27,12.055,12.37,11.734,12.342,358920200
AFKS,2024-11-28,12.397,12.491,11.846,12.238,304101200
AFKS,2024-11-29,12.105,12.677,12.1,12.597,168601500
AFKS,2024-12-02,12.65,12.934,12.431,12.522,126884300
AFKS,2024-12-03,12.49,12.536,12.0,12.073,169424300
AFKS,2024-12-04,12.064,12.174,11.628,11.76,284116500
AFKS,2024-12-05,11.802,12.361,11.62,12.223,293225200
AFKS,2024-12-06,12.2,12.38,12.024,12.309,135830800
AFKS,2024-12-09,12.38,12.49,12.155,12.3,111938900
AFKS,2024-12-10,12.225,12.238,11.9,11.99,119502900
AFKS,2024-12-11,11.968,12.149,11.857,12.149,121120400
AFKS,2024-12-12,12.122,12.132,11.902,11.93,101994400
AFKS,2024-12-13,11.904,12.038,11.834,12.01,84953200
AFKS,2024-12-16,11.97,11.985,11.6,11.72,162937100
AFKS,2024-12-17,11.696,11.88,11.651,11.777,83323400
AFKS,2024-12-18,11.77,12.2,11.724,12.064,149512700
AFKS,2024-12-19,12.08,12.49,11.987,12.194,161924200
AFKS,2024-12-20,12.194,14.249,12.147,13.73,658915800
AFKS,2024-12-23,13.892,15.387,13.738,14.338,456483700
AFKS,2024-12-24,14.35,14.477,13.704,13.744,157478800
AFKS,2024-12-25,13.7,14.249,13.61,14.155,153778300
AFKS,2024-12-26,14.163,14.37,13.881,14.087,120535000
AFKS,2024-12-27,14.098,14.32,14.0,14.278,63685400
AFKS,2024-12-28,14.32,14.791,14.25,14.738,89831700
AFKS,2024-12-30,14.8,15.639,14.725,15.594,146947700
AFKS,2025-01-03,15.7,15.7,14.846,15.125,94775500
AFKS,2025-01-06,14.931,15.08,14.771,15.027,39570500
AFKS,2025-01-08,15.04,15.115,14.824,15.019,48634900
AFKS,2025-01-09,15.017,15.395,14.505,14.573,139219700
AFKS,2025-01-10,14.5,15.109,14.268,15.036,188229200
AFKS,2025-01-13,15.201,15.388,14.78,14.848,107782100
AFKS,2025-01-14,14.8,15.098,14.722,15.014,67191700
AFKS,2025-01-15,14.995,15.4,14.71,15.4,92464600
AFKS,2025-01-16,15.4,15.869,15.14,15.233,193687700
AFKS,2025-01-17,15.2,15.448,15.0,15.278,146945800
AFKS,2025-01-20,15.42,15.777,14.46,14.541,259372900
AFKS,2025-01-21,14.65,14.884,14.21,14.8,150205100
AFKS,2025-01-22,14.81,15.066,14.48,14.55,272931400
AFKS,2025-01-23,14.51,15.0,14.32,14.952,133554200
AFKS,2025-01-24,14.952,15.0,14.562,14.717,119825800
AFKS,2025-01-27,14.652,14.78,14.257,14.287,82016600
AFKS,2025-01-28,14.296,14.694,14.11,14.58,75698300
AFKS,2025-01-29,14.556,15.079,14.454,15.013,174897500
AFKS,2025-01-30,15.017,15.485,14.787,14.917,180405700
AFKS,2025-01-31,14.913,15.05,14.45,14.475,104595700
AFKS,2025-02-03,14.41,14.476,13.879,14.18,148786700
AFKS,2025-02-04,14.18,14.268,13.668,13.744,133307500
AFKS,2025-02-05,13.7,14.176,13.214,14.025,222436500
AFKS,2025-02-06,14.139,14.323,13.713,14.062,177539000
AFKS,2025-02-07,14.05,14.233,13.86,14.05,78145800
AFKS,2025-02-10,14.151,14.35,14.0,14.052,107887300
AFKS,2025-02-11,14.072,14.538,13.964,14.52,111774400
AFKS,2025-02-12,14.5,15.33,14.2,15.138,440465700
AFKS,2025-02-13,15.282,16.673,14.98,16.256,497327300
AFKS,2025-02-14,16.2,16.96,15.6,16.12,603110600
AFKS,2025-02-17,16.27,17.543,16.269,17.4,252249500
AFKS,2025-02-18,17.543,17.85,16.17,16.569,262940300
AFKS,2025-02-19,16.624,17.2,16.25,17.027,170216200
AFKS,2025-02-20,17.08,17.74,16.76,17.391,216527100
AFKS,2025-02-21,17.392,17.68,17.15,17.451,163786900
AFKS,2025-02-24,17.452,18.0,17.325,17.943,222510100
AFKS,2025-02-25,17.97,18.6,17.75,18.138,180294000
AFKS,2025-02-26,18.142,18.371,17.537,17.662,194837700
AFKS,2025-02-27,17.65,17.84,17.177,17.27,125094900
AFKS,2025-02-28,17.222,17.589,16.647,17.48,249887100
AFKS,2025-03-03,17.594,17.594,16.75,17.333,158208200
AFKS,2025-03-04,17.333,18.15,17.324,17.998,145488900
AFKS,2025-03-05,17.969,18.299,17.656,17.83,135932000
AFKS,2025-03-06,17.9,18.278,17.823,17.92,88430200
AFKS,2025-03-07,17.96,18.249,17.62,17.98,123824900
AFKS,2025-03-10,17.92,18.6,17.903,18.513,179711800
AFKS,2025-03-11,18.498,18.696,18.224,18.43,156424200
AFKS,2025-03-12,18.251,18.477,18.079,18.21,82258400
AFKS,2025-03-13,18.171,18.247,17.537,18.156,173069100
AFKS,2025-03-14,18.095,18.89,17.847,18.793,124291300
AFKS,2025-03-17,18.792,19.51,18.655,19.4,140011300
AFKS,2025-03-18,19.4,19.67,19.031,19.068,124616000
AFKS,2025-03-19,19.07,19.558,18.868,19.397,103557600
AFKS,2025-03-20,19.39,19.517,19.089,19.365,73754100
AFKS,2025-03-21,19.375,19.455,18.602,18.736,136221500
AFKS,2025-03-24,18.73,18.841,17.94,18.075,120724100
AFKS,2025-03-25,18.09,18.225,17.361,18.06,162630600
AFKS,2025-03-26,18.166,18.227,17.539,17.578,75983000
AFKS,2025-03-27,17.559,17.652,16.75,16.88,134985600
AFKS,2025-03-28,16.88,16.908,16.0,16.173,204950400
AFKS,2025-03-31,16.173,16.47,15.299,16.384,184213500
AFKS,2025-04-01,16.409,16.896,15.88,15.947,185912800
AFKS,2025-04-02,15.914,16.38,15.78,15.994,157290000
AFKS,2025-04-03,16.1,16.48,15.692,16.3,179720000
AFKS,2025-04-04,16.5,16.509,15.46,15.671,191675900
AFKS,2025-04-07,15.61,15.854,14.266,14.685,377884900
AFKS,2025-04-08,14.724,15.083,13.7,13.75,179670200
AFKS,2025-04-09,13.75,14.738,12.855,14.738,331730500
AFKS,2025-04-10,14.738,15.201,14.146,14.518,204849700
AFKS,2025-04-11,14.523,15.36,14.476,15.349,141306300
AFKS,2025-04-14,15.455,15.569,14.694,14.919,182822800
AFKS,2025-04-15,14.859,15.035,14.3,14.736,124502400
AFKS,2025-04-16,14.739,15.29,14.44,14.927,131707500
AFKS,2025-04-17,15.024,15.48,14.822,15.41,149089600
AFKS,2025-04-18,15.0,15.299,14.86,15.102,111942400
AFKS,2025-04-21,15.131,15.39,15.131,15.257,70783800
AFKS,2025-04-22,15.32,16.554,15.26,16.176,228378900
AFKS,2025-04-23,16.187,16.35,15.626,16.001,152767900
AFKS,2025-04-24,15.974,16.285,15.851,16.05,115159600
AFKS,2025-04-25,16.064,16.393,16.001,16.16,184599400
AFKS,2025-04-28,16.222,16.344,15.81,16.015,184772100
AFKS,2025-04-29,15.939,16.038,15.262,15.42,107022200
AFKS,2025-04-30,15.348,15.439,14.898,15.21,88741700
AFKS,2025-05-02,15.198,15.198,14.331,14.345,75690800
AFKS,2025-05-05,14.345,14.624,14.021,14.317,110033800
AFKS,2025-05-06,14.34,14.96,14.121,14.713,84528300
AFKS,2025-05-07,14.762,15.09,14.64,14.96,91253000
AFKS,2025-05-08,14.965,15.346,14.965,15.166,64497800
AFKS,2025-05-12,15.2,15.96,15.166,15.678,125426300
AFKS,2025-05-13,15.661,15.793,15.427,15.601,56885400
AFKS,2025-05-14,15.6,15.787,14.742,14.828,78504000
AFKS,2025-05-15,14.872,15.17,14.828,15.132,95030900
AFKS,2025-05-16,15.15,15.421,14.437,14.92,145238300
AFKS,2025-05-19,14.92,15.446,14.911,15.155,108444400
AFKS,2025-05-20,15.219,15.289,14.85,14.973,106669100
AFKS,2025-05-21,14.979,15.141,14.701,14.881,55618700
AFKS,2025-05-22,14.881,15.189,14.56,14.863,107256700
AFKS,2025-05-23,14.863,14.933,14.62,14.758,52230100
AFKS,2025-05-26,14.702,14.768,14.053,14.212,94687900
AFKS,2025-05-27,14.2,14.931,13.95,14.892,124936000
AFKS,2025-05-28,14.917,15.65,14.89,15.63,156520700
AFKS,2025-05-29,15.68,15.757,15.189,15.241,76973300
AFKS,2025-05-30,15.153,15.716,15.112,15.651,78821500
AFKS,2025-06-02,15.677,16.131,15.11,16.018,174374600
AFKS,2025-06-03,16.018,16.384,15.903,16.337,131476000
AFKS,2025-06-04,16.381,16.743,16.255,16.43,173487600
AFKS,2025-06-05,16.43,16.71,16.353,16.654,83524700
AFKS,2025-06-06,16.695,17.2,15.301,15.388,410661600
AFKS,2025-06-09,15.402,15.5,14.97,15.26,139476000
AFKS,2025-06-10,15.26,15.4,15.111,15.2,57049300
AFKS,2025-06-11,15.22,15.552,15.154,15.288,87967700
AFKS,2025-06-13,15.378,15.434,15.127,15.197,25088800
AFKS,2025-06-16,15.249,15.38,14.657,14.703,123552600
AFKS,2025-06-17,14.705,14.971,14.617,14.893,55082900
AFKS,2025-06-18,14.925,14.94,14.728,14.804,38658700
AFKS,2025-06-19,14.823,14.87,14.635,14.698,41610700
AFKS,2025-06-20,14.7,14.757,14.254,14.301,94674700
AFKS,2025-06-23,14.3,14.336,14.041,14.175,67187100
AFKS,2025-06-24,14.2,14.483,14.125,14.449,46101200
AFKS,2025-06-25,14.5,14.539,14.336,14.4,41526800
AFKS,2025-06-26,14.417,14.63,14.354,14.512,47211500
AFKS,2025-06-27,14.512,14.616,14.258,14.52,64985700
AFKS,2025-06-30,14.5,15.13,14.5,15.062,154051800
AFKS,2025-07-01,15.04,15.59,14.921,15.377,138839400
AFKS,2025-07-02,15.399,15.497,15.26,15.347,61250600
AFKS,2025-07-03,15.366,15.726,15.329,15.351,86203600
AFKS,2025-07-04,15.3,15.484,15.206,15.282,52086700
AFKS,2025-07-07,15.321,15.375,15.2,15.269,93016500
AFKS,2025-07-08,15.268,15.889,15.202,15.45,211131400
AFKS,2025-07-09,15.44,15.713,15.08,15.492,162143400
AFKS,2025-07-10,15.55,15.789,15.37,15.489,81457300
AFKS,2025-07-11,15.5,15.6,14.7,14.776,81360800
AFKS,2025-07-14,14.776,15.77,14.532,15.73,154968300
AFKS,2025-07-15,15.779,15.9,15.633,15.764,130636800
AFKS,2025-07-16,15.757,15.998,15.55,15.777,161775500
AFKS,2025-07-17,15.777,16.24,15.775,16.097,158813000
AFKS,2025-07-18,16.25,16.499,16.097,16.499,109986300
AFKS,2025-07-21,16.457,16.75,16.28,16.339,119280800
AFKS,2025-07-22,16.357,16.449,16.073,16.342,61341000
AFKS,2025-07-23,16.367,16.64,16.24,16.287,93441600
AFKS,2025-07-24,16.305,16.39,16.101,16.32,42617600
AFKS,2025-07-25,16.255,16.475,15.681,15.875,183563900
AFKS,2025-07-28,15.89,15.943,15.2,15.317,140895500
AFKS,2025-07-29,15.378,15.607,15.206,15.289,49394500
AFKS,2025-07-30,15.289,15.33,15.114,15.199,64137700
AFKS,2025-07-31,15.21,15.479,15.21,15.39,47279300
AFKS,2025-08-01,15.438,15.623,15.322,15.45,44298200
AFKS,2025-08-04,15.474,15.684,15.412,15.672,39432200
AFKS,2025-08-05,15.747,15.747,15.47,15.581,31123400
AFKS,2025-08-06,15.6,16.065,15.41,15.895,122053000
AFKS,2025-08-07,15.9,16.49,15.771,16.164,158412100
AFKS,2025-08-08,16.27,16.649,16.111,16.648,99462100
AFKS,2025-08-11,16.684,17.033,16.47,16.57,95357400
AFKS,2025-08-12,16.599,16.64,16.337,16.6,40994700
AFKS,2025-08-13,16.6,16.743,16.404,16.454,47113600
AFKS,2025-08-14,16.436,16.737,16.225,16.595,78145600
AFKS,2025-08-15,16.624,17.135,16.601,16.932,74001600
AFKS,2025-08-18,16.48,17.083,16.453,17.037,109072500
AFKS,2025-08-19,17.15,17.38,16.87,17.015,125366600
AFKS,2025-08-20,17.0,17.289,16.85,16.965,86898500
AFKS,2025-08-21,16.957,16.97,16.612,16.648,79665400
AFKS,2025-08-22,16.605,16.916,16.425,16.704,58861800
AFKS,2025-08-25,16.704,16.973,16.55,16.9,54982600
AFKS,2025-08-26,16.968,17.119,16.787,16.821,40361000
AFKS,2025-08-27,16.83,16.991,16.703,16.964,38436300
AFKS,2025-08-28,16.982,16.983,16.321,16.433,86618500
AFKS,2025-08-29,16.433,16.587,16.33,16.453,48537800
AFKS,2025-09-01,16.453,16.53,16.001,16.072,48356800
AFKS,2025-09-02,16.161,16.269,15.84,16.123,72345400
AFKS,2025-09-03,16.122,16.66,15.943,16.581,72592500
AFKS,2025-09-04,16.57,16.718,16.299,16.47,63083500
AFKS,2025-09-05,16.52,16.581,16.328,16.534,37733400
AFKS,2025-09-08,16.538,16.735,16.502,16.58,42317600
AFKS,2025-09-09,16.6,16.735,16.509,16.65,59117300
AFKS,2025-09-10,16.65,16.665,16.072,16.15,90936800
AFKS,2025-09-11,16.151,16.228,15.874,15.874,60891600
AFKS,2025-09-12,15.935,16.0,15.4,15.459,176128200
AFKS,2025-09-15,15.452,15.539,15.051,15.062,65614700
AFKS,2025-09-16,15.065,15.283,14.806,14.979,72393800
AFKS,2025-09-17,15.0,15.295,14.856,15.237,59735000
AFKS,2025-09-18,15.237,15.345,14.946,14.983,55912700
AFKS,2025-09-19,14.971,15.066,14.691,14.722,50082000
AFKS,2025-09-22,14.717,14.747,14.235,14.451,65868100
AFKS,2025-09-23,14.453,14.621,13.705,13.909,81412900
AFKS,2025-09-24,13.9,14.426,13.806,14.169,85053000
AFKS,2025-09-25,14.189,14.309,13.775,13.88,49290200
AFKS,2025-09-26,13.929,14.193,13.714,14.019,67176300
AFKS,2025-09-29,14.019,14.17,13.486,13.65,71518000
AFKS,2025-09-30,13.668,13.73,13.3,13.491,67191800
AFKS,2025-10-01,13.499,13.655,13.192,13.225,46646300
AFKS,2025-10-02,13.182,13.306,12.89,13.019,67828500
AFKS,2025-10-03,13.073,13.29,12.55,12.588,78903500
AFKS,2025-10-06,12.645,13.06,12.3,12.802,160348100
AFKS,2025-10-07,12.77,13.1,12.69,13.063,65512500
AFKS,2025-10-08,13.08,13.237,12.297,12.458,116150800
AFKS,2025-10-09,12.469,12.96,11.928,12.8,168483600
AFKS,2025-10-10,12.771,12.868,12.398,12.405,72612000
AFKS,2025-10-13,12.4,12.749,12.21,12.373,103647600
AFKS,2025-10-14,12.374,12.448,12.13,12.25,40709400
AFKS,2025-10-15,12.29,12.44,12.075,12.23,56002600
AFKS,2025-10-16,12.23,13.764,12.145,13.538,166151100
AFKS,2025-10-17,13.66,13.74,13.167,13.513,115543500
AFKS,2025-10-20,13.62,13.88,13.475,13.521,84603500
AFKS,2025-10-21,13.521,13.673,13.106,13.6,239257700
AFKS,2025-10-22,13.6,13.97,13.35,13.628,220587100
AFKS,2025-10-23,13.31,13.8,13.3,13.716,116512600
AFKS,2025-10-24,13.799,13.845,12.74,12.835,370092900
AFKS,2025-10-27,12.74,12.787,12.3,12.323,122514100
AFKS,2025-10-28,12.3,12.638,12.193,12.525,93234400
AFKS,2025-10-29,12.501,12.672,12.449,12.543,59524800
AFKS,2025-10-30,12.571,12.71,12.38,12.606,66811900
AFKS,2025-10-31,12.612,12.67,12.306,12.345,50849900
AFKS,2025-11-01,12.367,12.431,12.316,12.351,18543400
AFKS,2025-11-03,12.394,12.646,12.354,12.532,23752200
AFKS,2025-11-05,12.485,12.777,12.372,12.585,71273500
AFKS,2025-11-06,12.599,12.72,12.51,12.67,43060000
AFKS,2025-11-07,12.6,13.179,12.6,12.841,159833400
AFKS,2025-11-10,12.864,13.13,12.567,12.672,110567900
AFKS,2025-11-11,12.69,12.824,12.546,12.71,63171600
AFKS,2025-11-12,12.71,12.74,12.437,12.518,35768200
AFKS,2025-11-13,12.55,12.627,12.47,12.512,25745000
AFKS,2025-11-14,12.512,12.561,12.316,12.397,38194700
AFKS,2025-11-17,12.399,12.44,12.251,12.3,28967200
AFKS,2025-11-18,12.3,12.635,12.213,12.526,72890800
AFKS,2025-11-19,12.53,13.05,12.302,12.748,133836600
AFKS,2025-11-20,12.75,13.13,12.63,13.09,117097400
AFKS,2025-11-21,13.15,13.281,12.885,13.052,98507100
AFKS,2025-11-24,13.2,13.498,13.11,13.207,111793400
AFKS,2025-11-25,13.207,13.546,13.084,13.479,87855400
AFKS,2025-11-26,13.475,13.542,13.312,13.336,43257700
AFKS,2025-11-27,13.32,13.39,12.923,13.024,74828400
AFKS,2025-11-28,13.02,13.384,12.927,13.236,65097700
AFKS,2025-12-01,13.236,13.38,13.183,13.264,54467200
AFKS,2025-12-02,13.25,13.317,13.065,13.193,43075100
AFKS,2025-12-03,13.061,13.088,12.81,13.044,51991500
AFKS,2025-12-04,13.082,13.44,13.063,13.313,57927400
AFKS,2025-12-05,13.312,13.824,13.311,13.789,100349100
AFKS,2025-12-08,13.768,13.958,13.601,13.665,75028400
AFKS,2025-12-09,13.683,13.87,13.571,13.766,61666500
AFKS,2025-12-10,13.84,13.856,13.667,13.823,32589800
AFKS,2025-12-11,13.827,14.389,13.797,14.27,116788200
AFKS,2025-12-12,14.27,14.415,14.005,14.167,76644800
AFKS,2025-12-15,14.177,14.297,14.053,14.231,58883300
AFKS,2025-12-16,14.244,14.45,14.211,14.399,57301800
AFKS,2025-12-17,14.422,14.528,14.027,14.26,95949800
AFKS,2025-12-18,14.275,14.32,14.106,14.2,47732800
AFKS,2025-12-19,14.202,14.366,13.418,13.749,252092100
AFKS,2025-12-22,13.75,13.833,13.182,13.185,146591500
AFKS,2025-12-23,13.231,13.388,13.181,13.3,76637900
AFKS,2025-12-24,13.32,13.368,13.075,13.197,49547400
AFKS,2025-12-25,13.19,13.234,13.012,13.087,39197500
AFKS,2025-12-26,13.12,13.35,13.084,13.337,73231700
AFKS,2025-12-29,13.396,13.623,13.213,13.356,125758400
AFKS,2025-12-30,13.362,13.446,13.203,13.234,30949300
AFKS,2026-01-05,13.202,13.219,12.95,13.002,29731500
AFKS,2026-01-06,13.033,13.097,12.901,12.965,21501800
AFKS,2026-01-08,12.888,12.888,12.69,12.762,25007800
AFKS,2026-01-09,12.766,13.1,12.703,12.943,31782000
AFKS,2026-01-12,12.94,13.15,12.891,13.018,36987300
AFKS,2026-01-13,13.054,13.13,12.77,12.817,39875400
AFKS,2026-01-14,12.8,12.99,12.631,12.838,70812300
AFKS,2026-01-15,12.799,13.057,12.779,13.02,40429800
AFKS,2026-01-16,13.01,13.174,12.954,13.129,59227300
AFKS,2026-01-19,13.132,13.348,13.048,13.196,70110900
AFKS,2026-01-20,13.214,13.397,13.128,13.37,50799700
AFKS,2026-01-21,13.39,13.5,13.212,13.486,70867900
AFKS,2026-01-22,13.5,13.55,13.277,13.338,54892700
AFKS,2026-01-23,13.301,13.4,13.209,13.36,35021800
AFKS,2026-01-26,13.361,13.412,13.034,13.069,62379900
AFKS,2026-01-27,13.071,13.25,12.993,13.244,52023400
AFKS,2026-01-28,13.279,13.49,13.215,13.432,52585600
AFKS,2026-01-29,13.45,13.84,13.01,13.456,129981900
AFKS,2026-01-30,13.457,13.617,13.304,13.413,68967800
AFKS,2026-02-02,13.389,13.719,13.388,13.675,61938900
AFKS,2026-02-03,13.696,13.88,13.64,13.722,49013800
AFKS,2026-02-04,13.77,13.925,13.511,13.603,64297000
AFKS,2026-02-05,13.603,13.603,13.188,13.268,63523400
AFKS,2026-02-06,13.298,13.422,13.12,13.27,58022800
AFKS,2026-02-09,13.28,13.295,13.033,13.15,48183400
AFKS,2026-02-10,13.122,13.29,12.941,13.045,34264100
AFKS,2026-02-11,13.069,13.312,12.964,13.224,55767800
AFKS,2026-02-12,13.26,13.362,13.179,13.204,37570500
AFKS,2026-02-13,13.21,13.8,13.1,13.8,224224500
AFKS,2026-02-16,13.822,13.948,13.69,13.82,112354100
AFKS,2026-02-17,13.82,14.176,13.744,13.981,197854300
AFKS,2026-02-18,13.998,14.081,13.83,14.044,73661400
AFKS,2026-02-19,14.064,14.18,14.0,14.123,65530700
AFKS,2026-02-20,14.111,14.245,14.009,14.166,78848200
AFKS,2026-02-24,14.18,14.25,13.87,13.961,63295200
AFKS,2026-02-25,13.98,14.018,13.906,13.978,30342500
AFKS,2026-02-26,13.99,14.087,13.925,13.97,30362400
AFKS,2026-02-27,13.99,14.019,13.766,13.831,51767300
AFKS,2026-03-02,13.92,13.921,13.51,13.636,86135100
AFKS,2026-03-03,13.566,13.638,13.35,13.406,48980400
AFKS,2026-03-04,13.433,13.515,13.364,13.382,27782500
AFKS,2026-03-05,13.401,13.465,13.267,13.38,31296100
AFKS,2026-03-06,13.412,13.412,13.218,13.254,30626300
AFKS,2026-03-09,13.25,13.795,13.24,13.703,62814100
AFKS,2026-03-10,13.788,13.869,13.45,13.49,58257200
AFKS,2026-03-11,13.564,13.715,13.314,13.413,42627100
AFKS,2026-03-12,13.4,13.528,13.271,13.333,52491400
AFKS,2026-03-13,13.335,13.499,13.32,13.332,38712000
AFKS,2026-03-16,13.33,13.669,13.323,13.578,89559600
AFKS,2026-03-17,13.605,13.66,13.352,13.52,62175900
AFKS,2026-03-18,13.533,13.571,13.311,13.391,57246300
AFKS,2026-03-19,13.38,13.408,13.155,13.29,67013800
AFKS,2026-03-20,13.314,13.54,13.012,13.075,98873700
AFKS,2026-03-23,13.1,13.134,12.601,12.735,96823900
AFKS,2026-03-24,12.735,12.785,12.649,12.689,34447200
AFKS,2026-03-25,12.727,12.75,12.562,12.724,44877000
AFKS,2026-03-26,12.75,12.88,12.403,12.469,75645100
AFKS,2026-03-27,12.48,12.512,12.194,12.392,59146000
AFKS,2026-03-30,12.375,12.48,12.173,12.22,43813100
AFKS,2026-03-31,12.219,12.29,12.027,12.11,34532500
AFKS,2026-04-01,12.098,12.323,12.07,12.246,42740700
AFKS,2026-04-02,12.25,12.41,12.154,12.376,43736600
AFKS,2026-04-03,12.428,12.561,12.295,12.339,49413000
AFKS,2026-04-06,12.345,12.509,12.106,12.489,40357600
AFKS,2026-04-07,12.49,12.549,12.223,12.255,31499300
AFKS,2026-04-08,12.431,12.69,12.326,12.489,62358600
AFKS,2026-04-09,12.516,12.603,12.174,12.2,42785300
AFKS,2026-04-10,12.237,12.35,12.101,12.3,42354200
AFKS,2026-04-13,12.301,12.347,11.93,12.05,65229000
AFKS,2026-04-14,12.057,12.15,11.906,11.999,41039000
AFKS,2026-04-15,11.997,12.38,11.916,12.346,59888300
AFKS,2026-04-16,12.346,12.777,12.298,12.528,172206900
AFKS,2026-04-17,12.502,12.53,12.187,12.242,87985400
AFKS,2026-04-20,12.255,12.347,12.023,12.138,61657200
AFKS,2026-04-21,12.14,12.3,11.85,11.946,116649000
AFKS,2026-04-22,11.973,12.47,11.931,12.41,137794000
AFKS,2026-04-23,12.35,12.511,12.218,12.35,79226600
AFKS,2026-04-24,12.333,12.438,11.892,11.941,256137300
AFKS,2026-04-27,11.961,11.984,11.723,11.901,103292900
AFKS,2026-04-28,11.929,11.93,11.553,11.58,54996500
AFKS,2026-04-29,11.58,11.78,11.284,11.573,146973000
AFKS,2026-04-30,11.598,11.652,11.359,11.426,35745100
AFKS,2026-05-04,11.431,11.484,11.006,11.051,67541900
AFKS,2026-05-05,11.087,11.095,10.725,11.069,142918700
AFKS,2026-05-06,11.093,11.154,10.889,10.925,78449400
AFKS,2026-05-07,10.961,11.044,10.77,10.802,39167100
AFKS,2026-05-08,10.795,10.9,10.505,10.74,72160900
AFKS,2026-05-11,10.82,10.966,10.762,10.89,35276500
AFKS,2026-05-12,10.88,11.336,10.806,11.329,133926200
AFKS,2026-05-13,11.32,11.357,11.137,11.273,104309000
AFKS,2026-05-14,11.252,11.798,11.228,11.613,262374000
AFKS,2026-05-15,11.613,11.899,11.51,11.747,239683200
AFKS,2026-05-18,11.75,11.85,11.51,11.607,162741800
AFKS,2026-05-19,11.607,11.656,11.424,11.55,58460300
AFKS,2026-05-20,11.55,11.592,11.338,11.382,69549800
AFKS,2026-05-21,11.382,11.5,11.175,11.361,77607300
AFKS,2026-05-22,11.361,11.64,11.187,11.236,124367800
AFKS,2026-05-25,11.236,11.397,11.12,11.274,124408100
AFKS,2026-05-26,11.261,11.416,10.641,10.977,176824700
AFKS,2026-05-27,11.023,11.316,10.854,11.269,134415300
AFKS,2026-05-28,11.237,12.063,11.161,11.578,457155300
AFKS,2026-05-29,11.577,12.163,11.45,12.059,302784800
AFKS,2026-06-01,12.048,12.7,11.793,12.693,376816300
AFKS,2026-06-02,12.701,12.85,12.477,12.747,222756300
AFKS,2026-06-03,12.709,12.836,12.49,12.553,118686700
AFKS,2026-06-04,12.55,12.6,11.75,12.201,466860700
AFKS,2026-06-05,12.201,12.535,12.033,12.189,115805000
AFKS,2026-06-08,12.184,12.374,11.874,12.03,131213800
AFKS,2026-06-09,12.025,12.672,11.852,12.66,225999300
AFKS,2026-06-10,12.62,13.264,12.403,13.16,279106800
AFKS,2026-06-11,13.092,13.2,12.929,13.102,113718800
AFKS,2026-06-15,13.098,13.49,12.856,13.019,201510700
AFKS,2026-06-16,13.019,13.23,12.675,13.152,149143700
AFKS,2026-06-17,13.13,13.315,13.006,13.04,91582900
AFKS,2026-06-18,13.035,13.384,12.82,13.247,209976600
AFKS,2026-06-19,13.247,13.696,12.91,13.538,402331700
AFKS,2026-06-22,13.523,13.73,12.523,12.774,395377800
AFKS,2026-06-23,12.72,12.965,12.224,12.676,242825800
AFKS,2026-06-24,12.675,12.879,11.804,11.939,288464300
AFKS,2026-06-25,11.855,12.279,10.962,11.389,398438000
AFKS,2026-06-26,11.438,12.547,11.121,12.054,365133200
AFKS,2026-06-29,12.054,12.48,11.7,12.284,255862100
AFKS,2026-06-30,12.25,12.789,11.404,11.6,517400600
AFKS,2026-07-01,11.6,11.647,11.28,11.363,175496600
AFKS,2026-07-02,11.365,11.516,10.801,10.842,153252800
AFKS,2026-07-03,10.87,10.954,10.55,10.801,140929200
AFKS,2026-07-06,10.8,10.97,9.7,9.979,245773400
AFKS,2026-07-07,9.998,10.08,9.2,9.983,303528400
AFKS,2026-07-08,9.98,10.13,9.58,10.035,123532700
AFKS,2026-07-09,10.035,10.261,9.604,9.655,158430700
AFKS,2026-07-10,9.66,9.757,9.419,9.482,89805400
AFKS,2026-07-13,9.474,9.82,9.275,9.486,177734100
AFKS,2026-07-14,9.461,9.576,9.35,9.412,52934600
AFKS,2026-07-15,9.4,9.437,8.81,8.81,166055800
AFKS,2026-07-16,8.811,8.909,7.847,7.847,309307800
AFKS,2026-07-17,7.65,8.277,7.371,7.55,275629400
AFKS,2026-07-20,7.52,8.498,7.204,8.498,562794200
AFKS,2026-07-21,8.498,9.083,8.337,8.812,509421500
AFKS,2026-07-22,8.812,9.109,8.501,8.953,241916000
AFKS,2026-07-23,8.949,9.05,8.431,8.46,189745700
AFKS,2026-07-24,8.4,8.9,8.14,8.733,468367500
AFKS,2026-07-27,8.78,9.176,8.572,9.004,267307300
AFKS,2026-07-28,9.0,9.242,8.592,8.893,249834300
AFKS,2026-07-29,8.871,9.2,8.862,9.025,130094500
AFKS,2026-07-30,9.055,9.447,8.65,8.786,288442600
AFKS,2026-07-31,8.788,8.961,8.58,8.805,147520300
AFKS,2026-08-03,8.824,9.245,8.789,9.211,159426300
AFKS,2026-08-04,9.214,9.288,8.947,9.143,143795200
AFKS,2026-08-05,9.15,9.455,9.051,9.31,192177300
AFKS,2026-08-06,9.3,9.667,9.004,9.217,258605700
AFKS,2026-08-07,9.222,9.3,8.857,8.903,123953000
AFKS,2026-08-10,8.876,9.379,8.851,9.33,163480100
AFKS,2026-08-11,9.33,9.437,9.221,9.323,100201600
AFKS,2026-08-12,9.343,9.417,9.071,9.119,84805100
AFKS,2026-08-13,9.114,9.144,8.736,8.853,126707300
AFKS,2026-08-14,8.824,8.953,8.213,8.25,193479200
