symbol,date,open,high,low,close,volume
AFLT,2013-10-31,56.7,57.43,55.61,57.4,2779400
AFLT,2013-11-01,57.13,57.75,56.64,57.38,2286300
AFLT,2013-11-05,57.5,57.5,56.8,56.85,729000
AFLT,2013-11-06,56.93,57.46,56.5,57.4,1320900
AFLT,2013-11-07,57.31,58.47,56.92,58.45,2112000
AFLT,2013-11-08,57.58,58.11,56.9,57.1,1361500
AFLT,2013-11-11,57.22,57.83,56.68,57.47,1259600
AFLT,2013-11-12,57.49,57.91,57.29,57.88,887500
AFLT,2013-11-13,57.5,58.85,57.32,57.83,2883100
AFLT,2013-11-14,58.25,60.16,57.74,59.51,1796800
AFLT,2013-11-15,60.01,60.47,59.51,59.88,1285200
AFLT,2013-11-18,59.94,60.35,59.47,59.81,996700
AFLT,2013-11-19,59.8,60.18,58.26,58.68,1317300
AFLT,2013-11-20,58.1,58.55,57.46,57.6,1302300
AFLT,2013-11-21,57.97,57.97,56.38,57.78,1284700
AFLT,2013-11-22,57.79,58.63,57.79,58.29,1151600
AFLT,2013-11-25,58.47,59.19,58.15,58.26,839200
AFLT,2013-11-26,58.16,58.36,57.26,57.57,2121700
AFLT,2013-11-27,58.17,58.17,56.7,57.19,2265700
AFLT,2013-11-28,57.32,58.5,57.32,58.44,1295600
AFLT,2013-11-29,58.27,60.5,58.19,60.42,2363400
AFLT,2013-12-02,60.24,64.74,60.05,62.69,4906000
AFLT,2013-12-03,62.75,63.92,60.61,63.12,3190100
AFLT,2013-12-04,62.9,67.49,62.48,67.46,10394800
AFLT,2013-12-05,68.9,69.0,66.21,66.72,3849500
AFLT,2013-12-06,66.75,68.8,66.4,68.8,6598100
AFLT,2013-12-09,69.01,72.55,68.52,72.48,6947300
AFLT,2013-12-10,72.45,74.4,71.2,74.1,4618400
AFLT,2013-12-11,73.13,74.34,72.82,73.09,3249000
AFLT,2013-12-12,72.6,74.0,71.3,73.65,3573200
AFLT,2013-12-13,73.69,77.01,73.21,76.75,7171800
AFLT,2013-12-16,76.6,80.39,76.6,79.66,7016200
AFLT,2013-12-17,80.0,80.25,77.8,79.24,4191300
AFLT,2013-12-18,79.0,79.7,76.6,77.17,5061900
AFLT,2013-12-19,77.8,78.91,74.74,78.0,5901800
AFLT,2013-12-20,78.05,80.3,76.1,79.23,6211000
AFLT,2013-12-23,79.15,82.2,78.55,81.56,4570900
AFLT,2013-12-24,81.63,85.05,81.63,85.0,6281600
AFLT,2013-12-25,84.64,88.49,84.59,85.05,6262600
AFLT,2013-12-26,85.22,86.38,83.55,84.54,4731100
AFLT,2013-12-27,82.43,86.25,82.43,82.5,3836100
AFLT,2013-12-30,82.03,84.94,82.03,83.7,5262600
AFLT,2014-01-06,83.96,84.83,82.6,83.24,2490000
AFLT,2014-01-08,83.7,83.85,82.81,83.41,2345100
AFLT,2014-01-09,84.3,84.82,82.83,82.9,2751400
AFLT,2014-01-10,83.0,83.9,82.1,82.83,3849100
AFLT,2014-01-13,83.25,99.3,82.09,87.87,7404300
AFLT,2014-01-14,87.0,88.99,83.72,84.96,7910200
AFLT,2014-01-15,85.3,86.09,83.61,83.9,5388900
AFLT,2014-01-16,83.5,85.43,83.4,84.8,4117300
AFLT,2014-01-17,84.8,85.19,84.0,84.25,3629900
AFLT,2014-01-20,84.25,85.8,83.92,85.46,3448100
AFLT,2014-01-21,86.2,86.2,80.11,81.35,7934600
AFLT,2014-01-22,80.57,82.45,76.02,78.78,9903800
AFLT,2014-01-23,78.26,81.73,78.26,79.79,4992100
AFLT,2014-01-24,79.55,80.43,77.81,78.7,4305900
AFLT,2014-01-27,77.7,82.39,77.7,81.9,5141500
AFLT,2014-01-28,81.95,83.1,80.08,81.75,3446600
AFLT,2014-01-29,82.08,82.79,79.22,81.38,3340700
AFLT,2014-01-30,81.0,82.32,80.43,81.44,2806800
AFLT,2014-01-31,84.86,84.86,81.0,83.0,2906200
AFLT,2014-02-03,83.53,83.98,79.67,80.0,4761000
AFLT,2014-02-04,78.75,79.12,75.22,76.65,6241600
AFLT,2014-02-05,76.93,78.01,75.0,76.12,6699700
AFLT,2014-02-06,75.73,78.9,75.73,78.9,4932600
AFLT,2014-02-07,79.55,80.5,79.22,79.5,4324400
AFLT,2014-02-10,80.0,80.39,77.78,79.51,2914700
AFLT,2014-02-11,79.16,80.77,79.16,80.7,1913300
AFLT,2014-02-12,81.01,83.49,80.65,82.02,5062700
AFLT,2014-02-13,81.19,82.36,79.88,80.6,3901700
AFLT,2014-02-14,80.45,81.48,79.33,80.28,2766200
AFLT,2014-02-17,80.59,80.96,80.49,80.75,618300
AFLT,2014-02-18,80.74,81.45,79.76,80.0,2795900
AFLT,2014-02-19,82.14,82.14,77.94,78.1,1965100
AFLT,2014-02-20,77.4,78.1,77.03,77.8,2274900
AFLT,2014-02-21,78.04,78.75,77.46,77.88,1468300
AFLT,2014-02-24,77.31,77.56,76.3,76.9,1934400
AFLT,2014-02-25,77.22,77.51,76.5,77.39,1124800
AFLT,2014-02-26,77.51,78.45,77.0,77.6,2172700
AFLT,2014-02-27,77.95,78.22,72.63,72.71,5895700
AFLT,2014-02-28,73.4,73.4,69.62,70.61,5484400
AFLT,2014-03-03,65.68,68.44,58.5,59.0,11263800
AFLT,2014-03-04,59.5,63.37,59.5,60.6,9257400
AFLT,2014-03-05,61.5,63.14,61.0,62.18,6152100
AFLT,2014-03-06,62.74,66.27,60.67,62.4,10299200
AFLT,2014-03-07,62.7,63.81,60.81,61.08,4844000
AFLT,2014-03-11,60.83,63.1,57.85,59.38,9663100
AFLT,2014-03-12,58.32,59.96,57.04,58.55,6743300
AFLT,2014-03-13,58.53,59.84,52.17,52.8,11087900
AFLT,2014-03-14,51.84,51.84,46.33,47.29,17220200
AFLT,2014-03-17,47.95,49.87,44.7,46.62,21583400
AFLT,2014-03-18,47.75,49.36,46.65,48.6,28154600
AFLT,2014-03-19,49.0,54.67,48.75,53.89,36318300
AFLT,2014-03-20,53.05,57.7,52.77,56.45,26956600
AFLT,2014-03-21,55.15,56.45,52.9,55.15,18254900
AFLT,2014-03-24,55.6,56.97,52.1,53.74,11757400
AFLT,2014-03-25,53.82,55.25,52.4,54.24,9431100
AFLT,2014-03-26,54.73,56.24,54.56,55.35,8451700
AFLT,2014-03-27,55.18,57.3,53.1,53.11,11717600
AFLT,2014-03-28,53.99,54.6,53.3,53.85,5615500
AFLT,2014-03-31,53.76,55.5,53.76,55.2,3938700
AFLT,2014-04-01,55.5,56.7,55.19,55.97,6133300
AFLT,2014-04-02,56.0,56.29,54.8,55.78,5091000
AFLT,2014-04-03,55.9,56.39,55.52,55.8,3501000
AFLT,2014-04-04,56.15,56.15,55.52,56.02,3127200
AFLT,2014-04-07,55.3,55.82,52.5,53.45,8021700
AFLT,2014-04-08,53.02,53.84,52.55,53.39,5300800
AFLT,2014-04-09,54.17,54.17,52.89,53.85,4252200
AFLT,2014-04-10,54.1,54.45,53.82,54.15,3094800
AFLT,2014-04-11,53.33,54.2,52.91,53.4,2410400
AFLT,2014-04-14,52.62,53.39,52.5,52.85,2759900
AFLT,2014-04-15,52.51,52.98,49.38,49.68,5589200
AFLT,2014-04-16,50.0,52.5,50.0,51.8,4995400
AFLT,2014-04-17,52.2,53.13,51.52,53.0,5023600
AFLT,2014-04-18,54.0,54.83,53.55,53.75,3085200
AFLT,2014-04-21,53.8,54.0,52.91,53.65,2028400
AFLT,2014-04-22,53.29,53.89,51.75,52.34,3584200
AFLT,2014-04-23,52.5,52.5,51.03,51.76,2606400
AFLT,2014-04-24,51.84,52.07,50.05,50.64,4354400
AFLT,2014-04-25,50.96,50.96,49.15,49.25,3068900
AFLT,2014-04-28,49.25,50.48,47.87,50.46,4029400
AFLT,2014-04-29,50.38,51.77,50.38,50.95,2887400
AFLT,2014-04-30,50.98,52.69,50.0,50.92,6413300
AFLT,2014-05-02,49.74,51.12,49.11,50.35,1797900
AFLT,2014-05-05,49.43,50.8,49.36,50.25,1908800
AFLT,2014-05-06,50.89,51.09,50.4,50.55,3968600
AFLT,2014-05-07,50.35,52.46,50.03,52.17,8383200
AFLT,2014-05-08,52.0,53.3,50.6,51.49,6072500
AFLT,2014-05-12,51.36,52.42,51.13,51.61,2578000
AFLT,2014-05-13,51.67,52.96,51.67,52.8,5709800
AFLT,2014-05-14,52.9,53.76,52.0,53.0,3534100
AFLT,2014-05-15,53.58,54.21,52.24,52.24,5548000
AFLT,2014-05-16,52.34,53.0,52.11,52.65,1906500
AFLT,2014-05-19,53.43,53.72,52.83,53.55,2859300
AFLT,2014-05-20,53.76,53.98,53.0,53.61,3325000
AFLT,2014-05-21,53.79,54.65,53.6,54.2,4463100
AFLT,2014-05-22,54.45,54.88,51.9,53.11,5545400
AFLT,2014-05-23,53.13,53.92,52.31,53.89,2498700
AFLT,2014-05-26,53.8,54.47,53.8,53.99,4314200
AFLT,2014-05-27,53.91,53.91,52.65,53.32,3977600
AFLT,2014-05-28,53.49,54.14,53.1,54.0,2405700
AFLT,2014-05-29,54.07,55.87,54.05,55.3,6940900
AFLT,2014-05-30,55.0,55.87,54.74,55.15,2366200
AFLT,2014-06-02,55.16,58.39,55.04,57.04,8564500
AFLT,2014-06-03,56.7,57.8,56.4,57.8,2457400
AFLT,2014-06-04,58.0,58.29,56.36,57.2,5340600
AFLT,2014-06-05,56.92,57.79,56.92,57.57,1807900
AFLT,2014-06-06,57.28,57.97,56.32,57.59,2912200
AFLT,2014-06-09,57.7,59.36,57.35,58.84,3416600
AFLT,2014-06-10,58.78,59.48,58.14,58.85,2656000
AFLT,2014-06-11,59.08,59.2,58.04,58.74,2161900
AFLT,2014-06-16,58.74,58.74,56.51,56.89,5026200
AFLT,2014-06-17,56.94,57.36,55.01,55.06,3918200
AFLT,2014-06-18,55.42,55.59,55.02,55.3,1922000
AFLT,2014-06-19,55.96,56.15,55.5,55.64,2889600
AFLT,2014-06-20,55.79,56.34,55.68,55.68,1973200
AFLT,2014-06-23,56.0,56.5,55.8,56.38,1730800
AFLT,2014-06-24,56.42,58.49,56.27,58.49,4575300
AFLT,2014-06-25,58.09,58.23,56.75,56.75,2611100
AFLT,2014-06-26,57.0,57.47,55.82,56.44,2400400
AFLT,2014-06-27,56.04,56.87,55.6,55.6,2292900
AFLT,2014-06-30,56.08,56.8,55.31,56.43,2701800
AFLT,2014-07-01,56.52,57.0,56.1,56.68,1256600
AFLT,2014-07-02,56.6,57.61,56.6,57.1,2940000
AFLT,2014-07-03,57.09,57.5,56.3,57.09,2695800
AFLT,2014-07-04,57.13,57.8,56.93,57.3,5071300
AFLT,2014-07-07,55.01,58.9,54.55,58.26,5844400
AFLT,2014-07-08,58.26,59.94,57.7,59.34,5062800
AFLT,2014-07-09,60.12,60.9,57.67,59.73,6020600
AFLT,2014-07-10,59.95,60.1,58.2,58.66,3750100
AFLT,2014-07-11,59.55,59.63,58.5,59.1,1898100
AFLT,2014-07-14,59.35,59.7,58.45,59.5,1454800
AFLT,2014-07-15,59.55,59.82,58.4,59.0,1777200
AFLT,2014-07-16,59.0,59.76,58.75,59.43,1050100
AFLT,2014-07-17,59.4,59.4,57.21,57.33,3881600
AFLT,2014-07-18,56.49,56.49,54.4,54.4,5564700
AFLT,2014-07-21,54.5,55.14,52.02,52.02,5180300
AFLT,2014-07-22,52.5,54.17,52.4,53.73,3681600
AFLT,2014-07-23,54.0,54.5,53.56,53.98,2525500
AFLT,2014-07-24,53.81,53.98,53.0,53.76,1402700
AFLT,2014-07-25,53.39,54.04,52.13,52.28,2748200
AFLT,2014-07-28,51.9,52.24,50.08,50.48,2738500
AFLT,2014-07-29,50.6,51.37,50.14,50.44,2976600
AFLT,2014-07-30,50.0,51.68,49.81,50.5,3957900
AFLT,2014-07-31,50.52,51.2,50.34,50.55,2182500
AFLT,2014-08-01,50.37,50.66,48.82,49.53,4934400
AFLT,2014-08-04,49.03,49.9,49.0,49.9,4008400
AFLT,2014-08-05,49.5,49.5,46.01,46.97,16834900
AFLT,2014-08-06,46.8,47.05,44.4,44.62,9324700
AFLT,2014-08-07,45.5,45.95,41.79,44.44,11326100
AFLT,2014-08-08,45.17,45.5,43.5,44.71,4414600
AFLT,2014-08-11,45.5,46.44,45.27,46.1,5532100
AFLT,2014-08-12,46.11,46.67,44.8,45.4,5264300
AFLT,2014-08-13,45.4,46.5,44.9,46.4,5332900
AFLT,2014-08-14,46.68,48.58,46.39,48.25,8226500
AFLT,2014-08-15,48.5,50.15,48.13,48.6,9806600
AFLT,2014-08-18,48.65,49.47,48.65,49.17,2620300
AFLT,2014-08-19,49.73,50.12,49.25,49.71,4357100
AFLT,2014-08-20,49.64,50.07,49.15,49.6,2688400
AFLT,2014-08-21,49.69,50.45,49.6,50.0,3106300
AFLT,2014-08-22,50.0,50.28,48.26,48.88,3921100
AFLT,2014-08-25,49.25,49.98,48.98,49.41,2955900
AFLT,2014-08-26,49.5,49.78,48.31,48.31,1839300
AFLT,2014-08-27,48.5,49.0,48.37,48.37,2068100
AFLT,2014-08-28,46.88,48.09,46.18,46.7,4906500
AFLT,2014-08-29,46.46,47.63,46.2,46.73,3521700
AFLT,2014-09-01,46.42,47.64,46.42,47.1,2302000
AFLT,2014-09-02,47.27,47.51,46.21,46.6,1870200
AFLT,2014-09-03,46.94,48.11,46.37,47.82,7169000
AFLT,2014-09-04,47.89,48.4,46.7,47.29,6681800
AFLT,2014-09-05,47.0,48.25,46.55,47.8,6401200
AFLT,2014-09-08,47.4,47.55,46.51,46.79,3335900
AFLT,2014-09-09,46.8,47.54,46.8,47.1,1517300
AFLT,2014-09-10,47.05,47.31,46.82,47.1,1165200
AFLT,2014-09-11,47.1,47.43,45.36,45.63,4027200
AFLT,2014-09-12,46.32,46.35,44.44,46.25,3615500
AFLT,2014-09-15,46.25,46.87,45.94,46.22,1826600
AFLT,2014-09-16,46.19,46.9,46.15,46.65,2013900
AFLT,2014-09-17,47.1,47.1,45.26,46.0,4065000
AFLT,2014-09-18,46.0,46.3,45.44,45.44,2252900
AFLT,2014-09-19,45.51,46.17,44.67,45.8,3925900
AFLT,2014-09-22,45.8,46.06,45.16,45.29,1130000
AFLT,2014-09-23,45.18,45.6,45.18,45.4,1217700
AFLT,2014-09-24,45.7,45.85,44.55,44.8,3038500
AFLT,2014-09-25,45.23,45.23,44.45,44.45,3783500
AFLT,2014-09-26,44.4,44.45,43.01,43.6,5187800
AFLT,2014-09-29,43.6,44.44,43.18,43.49,3396300
AFLT,2014-09-30,43.5,43.83,43.16,43.25,2627500
AFLT,2014-10-01,43.1,43.51,42.74,42.83,1700100
AFLT,2014-10-02,42.71,43.34,42.48,42.68,2552100
AFLT,2014-10-03,42.99,43.0,42.1,42.25,2063400
AFLT,2014-10-06,42.49,42.76,42.2,42.2,2539600
AFLT,2014-10-07,42.34,42.92,41.86,42.48,3197100
AFLT,2014-10-08,42.23,42.57,41.35,41.53,5057600
AFLT,2014-10-09,42.04,42.04,40.85,40.9,2029000
AFLT,2014-10-10,40.51,40.69,39.75,40.13,3792200
AFLT,2014-10-13,40.05,40.41,39.5,39.75,2749900
AFLT,2014-10-14,37.74,40.26,37.74,39.95,2621600
AFLT,2014-10-15,39.95,41.22,39.9,40.24,4510000
AFLT,2014-10-16,40.28,41.16,39.55,39.69,3605300
AFLT,2014-10-17,39.99,40.75,39.91,40.48,2280000
AFLT,2014-10-20,40.44,40.79,39.82,40.05,2630700
AFLT,2014-10-21,40.0,40.15,39.7,39.72,1423700
AFLT,2014-10-22,39.93,40.08,38.5,38.5,4357300
AFLT,2014-10-23,37.35,38.82,36.84,37.23,6020000
AFLT,2014-10-24,37.0,37.66,36.81,37.3,2266600
AFLT,2014-10-27,37.89,38.41,37.25,37.61,4093100
AFLT,2014-10-28,37.63,38.33,37.61,38.14,3418900
AFLT,2014-10-29,38.48,38.83,37.81,38.0,3646500
AFLT,2014-10-30,37.95,38.42,37.47,38.01,3566500
AFLT,2014-10-31,38.53,38.57,37.92,38.2,4057700
AFLT,2014-11-03,38.29,38.49,38.01,38.32,1275800
AFLT,2014-11-05,38.31,39.71,37.9,39.65,6599600
AFLT,2014-11-06,39.94,42.4,39.66,41.37,14488700
AFLT,2014-11-07,41.49,41.77,40.75,41.31,6713200
AFLT,2014-11-10,41.69,43.99,41.5,43.98,8108500
AFLT,2014-11-11,44.11,45.1,43.8,44.28,10735300
AFLT,2014-11-12,44.79,44.79,43.31,43.46,4527900
AFLT,2014-11-13,43.5,43.5,41.1,41.4,8640900
AFLT,2014-11-14,41.0,42.33,40.4,41.5,9425300
AFLT,2014-11-17,41.5,41.53,40.9,41.0,2475400
AFLT,2014-11-18,40.9,41.8,40.88,41.15,4898500
AFLT,2014-11-19,41.05,41.39,39.75,39.91,3836000
AFLT,2014-11-20,39.8,42.75,39.8,42.01,7052100
AFLT,2014-11-21,42.5,43.35,42.04,42.9,6635300
AFLT,2014-11-24,42.95,43.82,41.28,41.7,4467100
AFLT,2014-11-25,41.04,42.83,41.04,42.28,3221800
AFLT,2014-11-26,42.25,42.9,41.69,41.88,3121600
AFLT,2014-11-27,40.96,42.3,40.55,41.15,3808300
AFLT,2014-11-28,40.93,41.78,40.3,41.78,5641100
AFLT,2014-12-01,41.66,42.85,40.61,41.75,6867400
AFLT,2014-12-02,41.85,42.8,41.8,41.83,6046800
AFLT,2014-12-03,41.98,42.37,40.55,40.99,4692700
AFLT,2014-12-04,41.0,41.47,40.3,40.43,4436100
AFLT,2014-12-05,40.5,40.78,38.03,38.17,7002100
AFLT,2014-12-08,38.29,39.32,36.9,37.77,5188200
AFLT,2014-12-09,37.97,37.97,35.75,37.44,5950800
AFLT,2014-12-10,37.71,39.15,37.21,38.19,8186000
AFLT,2014-12-11,38.17,38.72,36.51,37.17,7068600
AFLT,2014-12-12,36.2,37.8,36.2,37.29,4736800
AFLT,2014-12-15,37.5,38.5,35.6,35.62,4149900
AFLT,2014-12-16,35.31,35.92,26.35,29.86,24158800
AFLT,2014-12-17,30.6,31.98,29.35,30.0,9290300
AFLT,2014-12-18,30.19,34.44,30.18,31.0,18252100
AFLT,2014-12-19,31.8,32.5,30.8,32.5,7079700
AFLT,2014-12-22,32.99,35.0,32.7,33.1,12007200
AFLT,2014-12-23,33.16,34.44,32.01,33.8,9568500
AFLT,2014-12-24,34.5,34.5,32.75,33.55,2135300
AFLT,2014-12-25,33.35,34.25,33.34,33.89,1861000
AFLT,2014-12-26,33.95,34.74,33.5,33.57,2208200
AFLT,2014-12-29,33.57,33.75,32.75,32.75,2940500
AFLT,2014-12-30,32.55,32.55,30.15,32.23,2223300
AFLT,2015-01-05,31.25,33.43,31.07,33.21,982200
AFLT,2015-01-06,32.96,33.34,32.89,33.07,768000
AFLT,2015-01-08,33.44,35.18,33.2,35.17,3377000
AFLT,2015-01-09,35.24,35.77,33.54,34.0,4286300
AFLT,2015-01-12,33.55,34.66,33.1,34.45,2852900
AFLT,2015-01-13,34.4,35.19,33.84,35.0,2941300
AFLT,2015-01-14,34.0,36.6,33.91,36.55,5454700
AFLT,2015-01-15,37.0,37.85,36.57,36.65,4259500
AFLT,2015-01-16,36.75,37.09,35.8,36.05,2466400
AFLT,2015-01-19,36.47,36.74,35.97,36.34,1965700
AFLT,2015-01-20,36.31,37.28,36.31,37.2,3395600
AFLT,2015-01-21,37.3,38.5,37.17,38.1,4436500
AFLT,2015-01-22,38.45,39.55,38.1,39.55,4964100
AFLT,2015-01-23,39.55,41.7,39.55,40.15,10595200
AFLT,2015-01-26,39.8,39.8,38.14,38.26,6007200
AFLT,2015-01-27,37.0,39.0,36.6,38.0,5225300
AFLT,2015-01-28,38.2,39.29,38.02,38.11,2818900
AFLT,2015-01-29,37.89,38.3,37.1,37.3,2349900
AFLT,2015-01-30,37.6,38.25,36.87,38.25,3558900
AFLT,2015-02-02,38.62,38.75,37.25,37.34,2330000
AFLT,2015-02-03,37.53,38.0,37.32,37.55,2657700
AFLT,2015-02-04,38.0,38.2,36.95,37.09,1784400
AFLT,2015-02-05,37.4,37.95,36.12,37.75,3786300
AFLT,2015-02-06,37.78,38.43,37.55,38.0,6986800
AFLT,2015-02-09,38.0,38.42,37.15,37.6,6245300
AFLT,2015-02-10,37.53,38.37,37.31,37.83,4352900
AFLT,2015-02-11,37.85,38.4,37.57,38.0,3867600
AFLT,2015-02-12,39.14,39.8,37.62,39.39,9450100
AFLT,2015-02-13,39.8,40.8,39.5,40.4,7546700
AFLT,2015-02-16,40.7,41.39,39.61,40.41,5894700
AFLT,2015-02-17,41.5,41.86,40.12,40.15,5512800
AFLT,2015-02-18,40.55,41.15,40.25,40.98,3664300
AFLT,2015-02-19,41.09,41.09,39.31,39.93,4418200
AFLT,2015-02-20,40.05,40.48,39.74,40.0,3504100
AFLT,2015-02-24,39.12,40.1,38.1,39.6,2897300
AFLT,2015-02-25,39.75,39.82,38.63,38.99,2640800
AFLT,2015-02-26,39.61,40.28,39.24,39.5,3824500
AFLT,2015-02-27,39.6,40.59,38.8,39.19,4610500
AFLT,2015-03-02,39.22,39.92,39.22,39.5,2288300
AFLT,2015-03-03,39.63,39.9,39.05,39.89,2134100
AFLT,2015-03-04,40.14,40.14,38.43,38.55,5239000
AFLT,2015-03-05,39.11,39.11,38.15,38.47,3540800
AFLT,2015-03-06,38.47,38.96,37.0,38.96,2373000
AFLT,2015-03-10,38.97,39.0,36.65,36.65,3015300
AFLT,2015-03-11,37.0,37.85,36.65,36.65,2926600
AFLT,2015-03-12,37.5,38.83,36.9,38.45,4326700
AFLT,2015-03-13,38.45,39.56,37.09,37.18,4881000
AFLT,2015-03-16,37.11,37.33,36.41,36.5,2954800
AFLT,2015-03-17,36.62,36.81,35.01,35.01,3368100
AFLT,2015-03-18,35.2,35.72,35.03,35.1,3837200
AFLT,2015-03-19,35.55,36.3,35.0,35.0,5021600
AFLT,2015-03-20,35.3,35.45,33.5,33.5,5370500
AFLT,2015-03-23,33.98,34.9,33.8,34.0,6015200
AFLT,2015-03-24,34.2,34.88,34.0,34.24,2751200
AFLT,2015-03-25,34.21,34.5,33.51,33.6,3652400
AFLT,2015-03-26,33.97,34.29,32.12,32.5,6246200
AFLT,2015-03-27,32.94,32.94,32.4,32.7,3000500
AFLT,2015-03-30,32.84,34.15,32.72,34.04,6780900
AFLT,2015-03-31,34.36,34.62,33.3,34.0,4603200
AFLT,2015-04-01,32.1,36.15,32.1,36.14,7551800
AFLT,2015-04-02,36.32,36.88,35.75,35.76,5738200
AFLT,2015-04-03,35.95,36.59,35.42,35.76,2797500
AFLT,2015-04-06,35.93,36.5,35.42,36.5,2694700
AFLT,2015-04-07,36.6,36.73,36.11,36.6,3703700
AFLT,2015-04-08,35.49,36.5,35.49,35.75,3641900
AFLT,2015-04-09,35.8,36.15,34.9,35.1,6489500
AFLT,2015-04-10,35.31,38.0,34.55,38.0,18761000
AFLT,2015-04-13,37.98,39.0,37.13,37.13,11924600
AFLT,2015-04-14,37.28,38.09,36.9,37.7,6107500
AFLT,2015-04-15,37.7,38.97,37.7,38.5,8120000
AFLT,2015-04-16,38.79,39.45,38.5,39.16,8350000
AFLT,2015-04-17,39.35,39.4,37.69,38.28,5584200
AFLT,2015-04-20,38.27,38.45,37.51,37.75,3209200
AFLT,2015-04-21,37.95,38.0,37.32,37.72,3394300
AFLT,2015-04-22,37.74,39.3,37.56,38.99,7553100
AFLT,2015-04-23,39.0,39.24,37.96,38.65,6447900
AFLT,2015-04-24,38.65,39.4,38.07,39.2,5601800
AFLT,2015-04-27,39.25,39.85,39.22,39.33,2898400
AFLT,2015-04-28,39.23,39.5,38.59,39.0,2124700
AFLT,2015-04-29,39.01,39.7,38.92,39.5,3595200
AFLT,2015-04-30,39.44,39.59,37.67,38.15,5943300
AFLT,2015-05-05,38.38,40.79,38.31,40.2,11120500
AFLT,2015-05-06,40.02,40.58,39.81,40.41,4416500
AFLT,2015-05-07,40.14,40.53,39.91,40.02,2986700
AFLT,2015-05-08,40.0,41.15,39.13,40.7,5190900
AFLT,2015-05-12,41.0,41.36,40.36,40.5,4663400
AFLT,2015-05-13,40.85,42.1,40.64,41.49,12263500
AFLT,2015-05-14,41.87,41.87,40.5,41.09,5720200
AFLT,2015-05-15,41.07,41.5,40.45,40.61,1946200
AFLT,2015-05-18,40.73,41.08,40.14,40.52,2218200
AFLT,2015-05-19,40.21,40.5,39.34,39.9,3062100
AFLT,2015-05-20,40.5,40.63,38.53,38.85,3832600
AFLT,2015-05-21,39.0,39.51,38.69,39.28,2481200
AFLT,2015-05-22,39.38,41.29,39.3,41.2,4058000
AFLT,2015-05-25,41.1,41.74,40.71,41.1,2530300
AFLT,2015-05-26,40.74,41.35,39.93,40.23,2072700
AFLT,2015-05-27,40.36,40.97,39.93,40.4,2940400
AFLT,2015-05-28,40.65,40.92,40.3,40.75,1774200
AFLT,2015-05-29,40.78,41.24,40.35,41.1,2296900
AFLT,2015-06-01,40.86,41.23,40.5,40.53,769500
AFLT,2015-06-02,40.42,40.58,39.58,40.0,2270100
AFLT,2015-06-03,40.01,40.35,39.3,39.3,2818900
AFLT,2015-06-04,39.32,40.15,39.01,40.07,3559900
AFLT,2015-06-05,40.03,40.14,39.57,39.8,1143600
AFLT,2015-06-08,39.85,40.48,39.49,40.0,2228800
AFLT,2015-06-09,39.93,41.17,39.93,40.8,2479900
AFLT,2015-06-10,41.0,41.39,40.51,41.1,2122900
AFLT,2015-06-11,41.0,41.19,39.71,39.78,2849300
AFLT,2015-06-15,39.93,39.99,39.03,39.45,2702700
AFLT,2015-06-16,39.45,40.13,39.35,39.7,1752700
AFLT,2015-06-17,39.5,39.91,39.19,39.27,1486300
AFLT,2015-06-18,38.61,39.39,38.61,38.97,1496000
AFLT,2015-06-19,38.91,39.19,37.9,37.9,3203300
AFLT,2015-06-22,38.49,38.78,38.16,38.78,1979800
AFLT,2015-06-23,38.9,39.04,38.68,39.04,1559700
AFLT,2015-06-24,38.61,39.19,38.6,38.72,1104100
AFLT,2015-06-25,38.92,38.92,38.07,38.3,1052100
AFLT,2015-06-26,38.26,39.16,38.05,39.16,1139700
AFLT,2015-06-29,38.3,38.55,37.93,38.0,1072000
AFLT,2015-06-30,38.05,38.29,37.81,38.24,1004000
AFLT,2015-07-01,38.14,38.34,37.25,37.3,3180100
AFLT,2015-07-02,37.39,37.47,36.82,37.0,1775900
AFLT,2015-07-03,37.06,37.3,36.7,37.05,1418600
AFLT,2015-07-06,36.63,36.98,36.35,36.67,1389600
AFLT,2015-07-07,36.51,36.98,36.5,36.75,1733000
AFLT,2015-07-08,36.61,38.45,36.01,38.0,3761100
AFLT,2015-07-09,38.0,38.68,37.6,38.05,2589700
AFLT,2015-07-10,38.41,38.45,37.8,38.07,2053500
AFLT,2015-07-13,38.1,38.39,38.02,38.1,1317500
AFLT,2015-07-14,38.1,39.14,38.02,38.94,3221600
AFLT,2015-07-15,38.81,39.34,38.65,38.96,1385000
AFLT,2015-07-16,39.2,39.86,39.01,39.55,1529600
AFLT,2015-07-17,39.75,39.92,39.47,39.55,1168000
AFLT,2015-07-20,39.45,39.5,38.52,38.82,1743800
AFLT,2015-07-21,38.55,39.3,38.55,39.1,1397200
AFLT,2015-07-22,39.18,39.19,38.8,39.0,1341400
AFLT,2015-07-23,39.02,39.36,39.02,39.33,1315500
AFLT,2015-07-24,39.32,39.33,38.85,39.13,2299700
AFLT,2015-07-27,39.13,39.22,38.3,38.6,1359000
AFLT,2015-07-28,38.6,39.0,38.09,38.12,1622300
AFLT,2015-07-29,38.12,39.19,37.85,38.97,2587400
AFLT,2015-07-30,39.08,39.56,38.61,39.22,3580200
AFLT,2015-07-31,39.0,39.48,39.0,39.35,1790600
AFLT,2015-08-03,39.3,39.98,38.75,39.3,2669500
AFLT,2015-08-04,39.3,39.45,39.05,39.3,1364800
AFLT,2015-08-05,39.1,40.5,38.88,40.5,4233000
AFLT,2015-08-06,40.49,41.05,39.9,39.9,2971900
AFLT,2015-08-07,40.06,40.86,40.01,40.52,1385500
AFLT,2015-08-10,40.38,40.65,40.12,40.23,1351000
AFLT,2015-08-11,40.23,40.78,40.0,40.19,929100
AFLT,2015-08-12,40.19,40.24,39.76,40.18,650100
AFLT,2015-08-13,40.25,40.51,39.96,40.1,764700
AFLT,2015-08-14,40.01,40.18,39.87,39.87,998200
AFLT,2015-08-17,40.08,40.1,39.71,39.8,654200
AFLT,2015-08-18,39.72,40.0,39.55,39.95,599800
AFLT,2015-08-19,40.0,40.1,39.73,39.9,574700
AFLT,2015-08-20,39.9,39.98,39.3,39.8,1171900
AFLT,2015-08-21,39.3,39.79,38.57,39.0,1649100
AFLT,2015-08-24,37.7,38.85,37.36,37.73,2748300
AFLT,2015-08-25,37.72,39.2,37.72,38.74,1859200
AFLT,2015-08-26,39.39,39.39,38.3,38.95,611400
AFLT,2015-08-27,39.18,39.36,38.58,38.8,1191500
AFLT,2015-08-28,39.17,39.17,38.36,39.04,1970300
AFLT,2015-08-31,38.96,40.45,38.6,40.0,3325400
AFLT,2015-09-01,40.15,40.35,37.51,37.7,14753600
AFLT,2015-09-02,37.77,38.4,35.38,36.27,24187000
AFLT,2015-09-03,36.2,36.7,35.25,35.7,11654400
AFLT,2015-09-04,35.69,35.9,34.7,34.85,13937900
AFLT,2015-09-07,35.0,35.35,33.75,34.1,12819900
AFLT,2015-09-08,33.98,34.23,32.87,33.51,16684100
AFLT,2015-09-09,33.9,35.04,33.59,34.97,18709700
AFLT,2015-09-10,34.9,35.88,34.65,35.66,11211100
AFLT,2015-09-11,35.6,35.83,35.4,35.55,3356300
AFLT,2015-09-14,35.6,36.25,35.5,36.25,6298700
AFLT,2015-09-15,36.25,36.3,35.82,36.2,3351900
AFLT,2015-09-16,36.3,36.68,35.97,36.15,4809800
AFLT,2015-09-17,36.24,36.24,35.53,35.83,5844900
AFLT,2015-09-18,35.8,36.53,35.14,36.53,4146100
AFLT,2015-09-21,35.97,36.28,35.38,35.95,2428100
AFLT,2015-09-22,35.91,35.93,35.2,35.51,1802400
AFLT,2015-09-23,35.24,35.79,35.2,35.31,1337500
AFLT,2015-09-24,35.45,35.63,34.41,34.67,3016300
AFLT,2015-09-25,34.71,35.7,34.71,35.33,2619500
AFLT,2015-09-28,35.11,35.26,34.53,34.53,1610200
AFLT,2015-09-29,34.53,34.73,33.85,34.6,3018900
AFLT,2015-09-30,34.75,36.1,34.45,35.23,5084700
AFLT,2015-10-01,35.5,36.25,35.17,36.1,14819200
AFLT,2015-10-02,37.5,39.4,37.04,38.8,37401500
AFLT,2015-10-05,39.2,39.75,38.03,38.92,9020900
AFLT,2015-10-06,39.15,39.78,38.55,39.43,5741000
AFLT,2015-10-07,39.12,40.86,39.1,40.8,13243800
AFLT,2015-10-08,40.68,41.75,40.56,41.6,6556000
AFLT,2015-10-09,41.6,44.15,41.19,43.31,12640100
AFLT,2015-10-12,43.4,44.71,42.54,44.42,13812900
AFLT,2015-10-13,44.4,45.18,43.67,44.9,12825500
AFLT,2015-10-14,44.78,48.38,44.3,47.39,23223000
AFLT,2015-10-15,47.5,49.6,47.5,49.0,14375100
AFLT,2015-10-16,49.49,50.19,48.13,48.9,15577300
AFLT,2015-10-19,48.8,49.0,46.76,48.11,8910600
AFLT,2015-10-20,48.3,50.0,47.82,49.31,12451100
AFLT,2015-10-21,47.5,47.87,45.56,47.8,17458000
AFLT,2015-10-22,47.96,49.5,47.96,49.23,8604000
AFLT,2015-10-23,49.67,49.83,47.71,48.26,5177100
AFLT,2015-10-26,48.5,49.15,47.25,48.07,4779000
AFLT,2015-10-27,48.27,48.7,46.15,47.23,8734800
AFLT,2015-10-28,46.57,47.7,46.25,47.52,3208200
AFLT,2015-10-29,47.45,47.49,46.46,47.44,2913100
AFLT,2015-10-30,47.0,49.17,46.52,49.0,3687500
AFLT,2015-11-02,48.91,49.8,48.01,49.3,3513200
AFLT,2015-11-03,49.89,53.5,49.75,52.52,20849000
AFLT,2015-11-05,52.6,53.35,51.25,51.96,5271500
AFLT,2015-11-06,51.5,52.73,50.55,51.94,3929400
AFLT,2015-11-09,51.77,52.9,51.76,52.41,2744000
AFLT,2015-11-10,52.09,52.63,51.66,51.84,2475900
AFLT,2015-11-11,51.84,54.39,51.25,53.53,12179500
AFLT,2015-11-12,53.65,54.09,52.6,53.47,3381700
AFLT,2015-11-13,53.45,54.14,52.81,53.39,2897400
AFLT,2015-11-16,52.8,53.64,51.17,52.3,5620200
AFLT,2015-11-17,52.6,55.4,52.2,54.9,7596500
AFLT,2015-11-18,54.95,57.57,54.6,57.09,8527300
AFLT,2015-11-19,57.4,58.5,56.0,56.45,7335300
AFLT,2015-11-20,56.03,57.86,55.35,57.86,5757300
AFLT,2015-11-23,57.77,58.66,57.12,57.52,4631200
AFLT,2015-11-24,57.88,58.77,52.5,55.77,8762400
AFLT,2015-11-25,55.1,57.3,55.1,56.67,4020200
AFLT,2015-11-26,56.7,57.42,54.45,55.12,3401500
AFLT,2015-11-27,55.12,55.9,54.06,55.42,2589300
AFLT,2015-11-30,55.25,58.91,55.25,58.91,9329200
AFLT,2015-12-01,58.79,61.85,58.05,61.0,16025900
AFLT,2015-12-02,61.0,61.65,56.71,57.6,14287500
AFLT,2015-12-03,57.5,57.85,56.0,56.51,6776600
AFLT,2015-12-04,56.7,57.93,56.1,57.33,5203100
AFLT,2015-12-07,57.3,59.1,56.63,59.0,5631000
AFLT,2015-12-08,58.7,59.59,56.82,56.91,4660600
AFLT,2015-12-09,57.1,59.3,57.02,58.4,4664400
AFLT,2015-12-10,58.79,59.86,57.89,59.84,4061600
AFLT,2015-12-11,59.71,60.74,57.3,58.5,8261500
AFLT,2015-12-14,58.08,58.4,57.11,58.0,2834500
AFLT,2015-12-15,58.08,59.14,47.77,57.2,6647100
AFLT,2015-12-16,57.2,57.97,56.15,56.45,2421500
AFLT,2015-12-17,56.47,57.93,56.13,57.15,4060600
AFLT,2015-12-18,56.83,57.69,56.15,56.51,2460600
AFLT,2015-12-21,56.82,57.58,56.63,56.9,2318500
AFLT,2015-12-22,57.45,57.5,56.4,57.5,1944400
AFLT,2015-12-23,57.69,58.43,57.0,57.01,2207900
AFLT,2015-12-24,57.3,57.47,56.52,56.8,654000
AFLT,2015-12-25,56.8,57.21,56.31,56.74,630700
AFLT,2015-12-28,56.61,56.87,55.25,56.29,1531100
AFLT,2015-12-29,56.16,56.42,55.55,56.11,734400
AFLT,2015-12-30,55.97,56.37,55.85,56.1,1041100
AFLT,2016-01-04,55.98,56.41,55.47,56.2,933200
AFLT,2016-01-05,55.7,56.32,54.45,54.45,3146900
AFLT,2016-01-06,54.5,54.57,53.24,54.05,3016000
AFLT,2016-01-11,53.4,53.41,51.52,52.06,2739500
AFLT,2016-01-12,51.96,53.3,51.0,53.25,2957000
AFLT,2016-01-13,53.12,55.32,53.12,55.0,4486600
AFLT,2016-01-14,54.57,54.87,52.82,53.6,3081100
AFLT,2016-01-15,53.4,54.75,51.0,51.98,3862200
AFLT,2016-01-18,51.31,52.28,50.2,50.4,3533200
AFLT,2016-01-19,51.0,53.1,50.94,52.06,4058400
AFLT,2016-01-20,51.85,52.32,50.73,52.0,2137600
AFLT,2016-01-21,52.44,53.0,50.79,50.99,4067200
AFLT,2016-01-22,52.3,52.87,51.21,52.03,4818200
AFLT,2016-01-25,52.6,52.67,50.8,51.1,4227100
AFLT,2016-01-26,50.9,51.48,50.54,51.28,2005500
AFLT,2016-01-27,51.49,51.6,50.6,50.99,3620000
AFLT,2016-01-28,51.0,51.43,50.08,50.89,6588200
AFLT,2016-01-29,51.2,51.2,50.27,50.5,2664000
AFLT,2016-02-01,50.95,55.24,50.72,54.77,20490500
AFLT,2016-02-02,54.4,55.89,53.15,54.1,7932300
AFLT,2016-02-03,54.0,55.25,53.29,53.84,3796100
AFLT,2016-02-04,54.1,55.05,53.85,54.89,3864700
AFLT,2016-02-05,54.7,57.3,54.53,57.3,6567000
AFLT,2016-02-08,57.3,58.65,56.0,57.35,5878800
AFLT,2016-02-09,57.5,57.93,55.2,56.66,5789200
AFLT,2016-02-10,56.5,56.8,55.02,55.8,3214200
AFLT,2016-02-11,55.52,56.0,52.82,53.64,5647300
AFLT,2016-02-12,53.9,54.82,53.75,54.41,4201600
AFLT,2016-02-15,54.94,55.64,53.84,53.88,2984600
AFLT,2016-02-16,54.5,54.96,53.85,54.13,2395600
AFLT,2016-02-17,54.4,54.89,53.59,53.59,2451900
AFLT,2016-02-18,54.3,54.8,53.7,54.15,2548700
AFLT,2016-02-19,54.15,54.27,53.04,53.32,2293300
AFLT,2016-02-20,53.4,53.5,53.23,53.4,408000
AFLT,2016-02-22,53.69,54.8,53.4,54.8,2511300
AFLT,2016-02-24,54.07,54.4,53.51,53.7,1718700
AFLT,2016-02-25,53.89,54.39,53.1,54.05,2492800
AFLT,2016-02-26,54.33,55.8,54.09,55.35,5167900
AFLT,2016-02-29,55.45,57.69,54.81,57.1,7224100
AFLT,2016-03-01,57.2,61.37,57.1,61.19,17409000
AFLT,2016-03-02,61.8,62.99,60.7,61.1,12015500
AFLT,2016-03-03,61.16,62.17,60.61,61.61,5612100
AFLT,2016-03-04,61.77,65.6,61.72,65.49,10776400
AFLT,2016-03-07,66.15,68.46,65.09,65.94,10338200
AFLT,2016-03-09,65.8,66.96,62.45,62.45,13296600
AFLT,2016-03-10,62.6,64.62,62.6,63.77,10657900
AFLT,2016-03-11,65.0,66.21,63.7,64.77,9131300
AFLT,2016-03-14,65.0,65.61,63.01,65.55,5170600
AFLT,2016-03-15,65.48,67.5,65.48,66.3,8512500
AFLT,2016-03-16,66.97,69.98,66.4,69.98,11406500
AFLT,2016-03-17,70.0,72.0,69.33,70.19,7442700
AFLT,2016-03-18,70.78,71.49,69.4,70.51,5921000
AFLT,2016-03-21,70.71,74.17,70.12,73.53,10993300
AFLT,2016-03-22,74.1,74.85,72.08,73.69,10563400
AFLT,2016-03-23,73.14,73.95,72.7,72.94,4275400
AFLT,2016-03-24,72.9,73.76,71.54,73.76,4230900
AFLT,2016-03-25,74.1,74.8,72.75,73.21,2138700
AFLT,2016-03-28,73.6,73.79,72.25,72.6,1557000
AFLT,2016-03-29,72.75,74.14,72.01,73.69,4476200
AFLT,2016-03-30,74.16,74.27,73.05,74.1,2597900
AFLT,2016-03-31,74.1,74.5,73.31,74.48,3746800
AFLT,2016-04-01,74.25,76.32,73.72,74.55,5759200
AFLT,2016-04-04,74.89,75.59,74.47,74.65,2515400
AFLT,2016-04-05,74.65,75.47,73.11,75.4,4655200
AFLT,2016-04-06,75.3,79.99,75.27,79.14,10102200
AFLT,2016-04-07,78.85,79.91,76.89,78.0,4634900
AFLT,2016-04-08,78.0,80.0,77.55,79.0,6268100
AFLT,2016-04-11,78.93,82.44,78.93,82.2,6317000
AFLT,2016-04-12,82.2,83.71,77.69,79.32,11659200
AFLT,2016-04-13,79.55,80.26,77.83,78.55,3917300
AFLT,2016-04-14,78.41,79.19,77.01,78.63,3640200
AFLT,2016-04-15,77.84,79.5,77.61,78.0,2911800
AFLT,2016-04-18,77.08,77.92,76.21,76.68,3376400
AFLT,2016-04-19,77.1,80.48,77.1,77.62,4745700
AFLT,2016-04-20,77.7,78.64,76.7,77.26,6024300
AFLT,2016-04-21,78.0,78.69,74.2,74.8,4827800
AFLT,2016-04-22,75.15,78.28,75.05,78.21,6805900
AFLT,2016-04-25,78.59,78.59,76.11,76.28,3317200
AFLT,2016-04-26,76.28,76.59,75.16,75.16,5634300
AFLT,2016-04-27,75.3,76.53,74.8,75.0,4171600
AFLT,2016-04-28,75.3,76.19,74.96,76.04,2438500
AFLT,2016-04-29,76.18,77.48,75.94,77.48,3884000
AFLT,2016-05-04,77.0,77.87,76.1,76.89,4447900
AFLT,2016-05-05,77.74,78.5,77.25,78.4,2784400
AFLT,2016-05-06,78.37,79.37,77.55,78.5,2882200
AFLT,2016-05-10,78.27,80.68,78.11,79.87,5603900
AFLT,2016-05-11,79.45,80.75,78.78,78.9,4200000
AFLT,2016-05-12,79.2,81.38,78.77,81.0,3310700
AFLT,2016-05-13,80.6,81.34,80.02,80.51,3772400
AFLT,2016-05-16,80.63,82.05,80.52,81.8,2253200
AFLT,2016-05-17,82.2,82.41,79.8,80.56,3226000
AFLT,2016-05-18,80.7,80.78,78.0,78.69,4878500
AFLT,2016-05-19,78.0,79.67,77.32,78.1,3225900
AFLT,2016-05-20,78.05,79.5,77.69,78.8,2880900
AFLT,2016-05-23,78.5,81.72,78.38,81.18,3068300
AFLT,2016-05-24,81.0,81.7,80.35,81.5,3407300
AFLT,2016-05-25,81.1,82.24,80.5,80.6,2150900
AFLT,2016-05-26,80.7,82.94,80.7,82.68,3768600
AFLT,2016-05-27,82.95,83.0,80.64,81.0,3994700
AFLT,2016-05-30,81.71,81.96,80.84,81.01,1154300
AFLT,2016-05-31,81.03,82.58,80.8,81.7,2632100
AFLT,2016-06-01,82.49,85.54,81.36,83.0,6489500
AFLT,2016-06-02,82.98,84.62,82.98,84.4,1730100
AFLT,2016-06-03,84.69,88.47,84.41,88.2,7521500
AFLT,2016-06-06,88.47,90.72,86.85,87.92,3802800
AFLT,2016-06-07,88.04,88.36,84.35,86.53,4806700
AFLT,2016-06-08,86.51,88.8,83.11,84.04,5887300
AFLT,2016-06-09,84.79,86.25,83.75,85.0,2240900
AFLT,2016-06-10,84.61,84.86,83.25,83.92,1297200
AFLT,2016-06-14,82.92,84.99,82.47,83.99,3033800
AFLT,2016-06-15,83.85,85.93,83.72,84.47,3214900
AFLT,2016-06-16,84.76,87.69,84.21,87.0,3480200
AFLT,2016-06-17,87.0,87.8,84.7,84.7,2693400
AFLT,2016-06-20,85.0,86.4,85.0,85.9,2113100
AFLT,2016-06-21,85.8,86.12,83.45,83.52,2118700
AFLT,2016-06-22,84.3,85.99,83.0,84.17,3346200
AFLT,2016-06-23,84.9,85.78,83.29,85.7,2312000
AFLT,2016-06-24,83.85,84.76,81.3,83.42,3229400
AFLT,2016-06-27,83.45,84.6,79.52,83.0,3958800
AFLT,2016-06-28,83.24,83.55,80.43,81.2,2906800
AFLT,2016-06-29,81.04,83.42,80.52,83.41,2739700
AFLT,2016-06-30,83.42,85.94,82.57,85.5,3750400
AFLT,2016-07-01,85.49,87.18,84.32,86.01,1620700
AFLT,2016-07-04,86.24,87.41,84.9,85.17,1705200
AFLT,2016-07-05,85.11,86.5,84.92,86.48,1313200
AFLT,2016-07-06,86.5,86.97,85.12,86.45,1846100
AFLT,2016-07-07,86.5,87.44,86.28,87.44,1232000
AFLT,2016-07-08,86.79,89.78,86.06,89.0,2849600
AFLT,2016-07-11,89.0,89.98,87.17,87.73,3286100
AFLT,2016-07-12,87.88,89.79,87.62,89.79,1352500
AFLT,2016-07-13,89.01,90.47,89.0,90.46,2429600
AFLT,2016-07-14,90.88,91.37,87.78,87.78,2834500
AFLT,2016-07-15,87.78,88.11,86.34,87.18,4944400
AFLT,2016-07-18,88.27,88.48,86.81,86.9,2215300
AFLT,2016-07-19,87.75,88.38,86.39,87.58,3004400
AFLT,2016-07-20,86.8,88.33,86.8,86.86,2583200
AFLT,2016-07-21,87.5,87.91,84.8,85.2,4179900
AFLT,2016-07-22,85.22,87.4,85.0,86.88,2457900
AFLT,2016-07-25,87.5,87.74,85.91,86.6,3258800
AFLT,2016-07-26,87.0,87.15,86.1,86.1,2471600
AFLT,2016-07-27,86.2,86.5,85.1,85.4,3799400
AFLT,2016-07-28,86.1,87.08,85.5,86.08,2159100
AFLT,2016-07-29,86.19,86.98,84.51,85.7,4517400
AFLT,2016-08-01,85.75,86.9,85.62,86.25,973200
AFLT,2016-08-02,86.05,86.61,85.27,86.0,1570700
AFLT,2016-08-03,86.04,86.76,85.02,86.5,1225400
AFLT,2016-08-04,86.37,87.04,85.57,86.55,2514600
AFLT,2016-08-05,86.72,87.15,86.02,87.0,1708500
AFLT,2016-08-08,87.2,87.83,85.05,86.0,2979500
AFLT,2016-08-09,86.0,86.23,85.3,86.0,1440800
AFLT,2016-08-10,86.4,86.4,85.2,85.45,2174200
AFLT,2016-08-11,85.4,86.1,85.2,85.5,810000
AFLT,2016-08-12,85.99,86.35,85.6,85.79,1212800
AFLT,2016-08-15,86.0,86.17,85.04,85.25,1136900
AFLT,2016-08-16,85.12,85.42,83.54,83.6,2248400
AFLT,2016-08-17,83.59,84.0,81.15,82.37,3333700
AFLT,2016-08-18,82.52,83.6,81.86,83.39,2462300
AFLT,2016-08-19,83.44,83.58,82.3,83.25,961900
AFLT,2016-08-22,83.25,83.25,82.3,82.95,1097300
AFLT,2016-08-23,83.4,86.1,82.76,85.18,5298500
AFLT,2016-08-24,85.01,88.99,85.01,88.23,5623800
AFLT,2016-08-25,88.4,90.99,87.66,90.99,3573500
AFLT,2016-08-26,90.99,94.43,90.99,94.0,5244000
AFLT,2016-08-29,94.0,95.0,91.8,94.2,4681100
AFLT,2016-08-30,94.78,100.0,94.65,99.0,12227700
AFLT,2016-08-31,99.0,101.0,98.25,98.65,5308200
AFLT,2016-09-01,98.9,100.4,98.66,100.27,3434000
AFLT,2016-09-02,100.76,101.98,99.61,101.95,3485900
AFLT,2016-09-05,102.56,104.78,102.22,104.7,2304600
AFLT,2016-09-06,105.0,105.0,102.66,103.97,2726700
AFLT,2016-09-07,104.0,108.18,103.41,107.35,5458900
AFLT,2016-09-08,107.57,109.79,104.83,105.98,3666800
AFLT,2016-09-09,106.09,106.46,102.83,103.8,2722400
AFLT,2016-09-12,103.6,106.2,102.08,106.0,1693400
AFLT,2016-09-13,106.12,107.05,104.0,104.03,1129300
AFLT,2016-09-14,104.03,105.64,101.39,103.07,2507600
AFLT,2016-09-15,103.48,106.06,102.65,104.51,2128900
AFLT,2016-09-16,105.65,105.65,103.08,104.2,1411000
AFLT,2016-09-19,104.95,108.2,104.31,107.53,1995900
AFLT,2016-09-20,107.08,108.95,106.0,108.09,1533700
AFLT,2016-09-21,108.2,112.1,108.2,111.5,5183400
AFLT,2016-09-22,112.25,115.0,111.2,113.0,7243400
AFLT,2016-09-23,112.8,115.74,112.61,114.25,4043400
AFLT,2016-09-26,114.5,117.35,112.65,117.0,4135700
AFLT,2016-09-27,116.89,118.65,116.3,117.0,4304700
AFLT,2016-09-28,117.0,117.58,114.21,116.0,5171000
AFLT,2016-09-29,117.0,118.93,115.27,117.49,6845600
AFLT,2016-09-30,117.2,119.0,116.14,116.93,5586800
AFLT,2016-10-03,116.94,119.56,116.23,119.2,3214000
AFLT,2016-10-04,119.0,122.4,118.46,122.4,4086400
AFLT,2016-10-05,123.0,125.5,120.08,121.2,6275200
AFLT,2016-10-06,120.62,123.13,120.0,122.0,3474200
AFLT,2016-10-07,121.98,122.22,118.5,118.77,3403000
AFLT,2016-10-10,118.77,119.2,115.6,115.8,3110500
AFLT,2016-10-11,115.52,122.0,115.52,121.9,5570100
AFLT,2016-10-12,122.0,122.42,118.75,119.4,5335100
AFLT,2016-10-13,119.9,120.36,116.0,116.45,4393500
AFLT,2016-10-14,116.9,118.3,114.5,116.0,5577800
AFLT,2016-10-17,115.55,119.05,115.34,118.92,3963000
AFLT,2016-10-18,119.5,120.32,116.2,118.07,4001800
AFLT,2016-10-19,118.89,120.29,117.69,120.22,3125100
AFLT,2016-10-20,120.03,124.78,119.27,124.0,5091900
AFLT,2016-10-21,123.64,127.05,122.9,126.69,4653800
AFLT,2016-10-24,127.0,130.84,125.7,129.99,4439200
AFLT,2016-10-25,130.0,131.5,127.25,128.67,4145700
AFLT,2016-10-26,128.36,130.98,127.77,128.12,4524000
AFLT,2016-10-27,128.05,129.3,125.1,126.0,3741900
AFLT,2016-10-28,126.0,130.0,125.05,129.19,2891500
AFLT,2016-10-31,130.38,130.6,127.53,129.95,2798100
AFLT,2016-11-01,130.6,135.33,128.8,134.04,5431200
AFLT,2016-11-02,134.0,136.57,130.01,135.3,10066100
AFLT,2016-11-03,134.54,136.9,130.85,130.85,4042600
AFLT,2016-11-07,130.71,133.1,127.1,128.0,3905300
AFLT,2016-11-08,128.0,128.99,125.1,125.15,3558600
AFLT,2016-11-09,122.7,130.16,121.75,129.1,4971500
AFLT,2016-11-10,129.92,130.88,127.3,128.9,6062800
AFLT,2016-11-11,128.82,131.0,125.87,129.6,5754100
AFLT,2016-11-14,130.0,132.45,127.26,129.5,3547700
AFLT,2016-11-15,129.0,130.65,128.62,130.0,1810700
AFLT,2016-11-16,129.49,130.3,129.04,129.99,1166700
AFLT,2016-11-17,129.9,130.19,128.04,128.8,2864100
AFLT,2016-11-18,128.16,129.91,127.66,129.91,1053100
AFLT,2016-11-21,130.94,131.2,129.55,130.19,1479500
AFLT,2016-11-22,130.89,130.89,129.2,129.2,1601600
AFLT,2016-11-23,129.72,132.29,129.13,130.86,4364000
AFLT,2016-11-24,130.66,132.97,130.13,130.86,3148700
AFLT,2016-11-25,131.68,131.79,129.35,130.0,1967700
AFLT,2016-11-28,130.49,132.2,129.5,130.16,3464500
AFLT,2016-11-29,130.15,133.5,130.01,131.74,3781700
AFLT,2016-11-30,132.98,141.9,132.31,134.83,17722100
AFLT,2016-12-01,135.99,138.36,135.05,135.7,5719800
AFLT,2016-12-02,135.7,136.7,134.61,135.9,2387700
AFLT,2016-12-05,136.46,139.9,135.0,139.0,4020200
AFLT,2016-12-06,139.51,141.0,137.74,139.5,4199200
AFLT,2016-12-07,139.5,143.85,138.39,141.9,8697600
AFLT,2016-12-08,142.7,146.58,142.13,146.58,4584400
AFLT,2016-12-09,146.0,149.2,145.95,147.68,5235900
AFLT,2016-12-12,153.0,154.9,148.53,150.2,8640400
AFLT,2016-12-13,149.05,152.74,148.47,152.6,6129000
AFLT,2016-12-14,150.6,153.74,146.1,146.2,6970800
AFLT,2016-12-15,146.89,151.43,146.36,150.51,4787100
AFLT,2016-12-16,150.4,153.88,149.63,149.8,4656600
AFLT,2016-12-19,150.2,152.19,148.82,148.82,2034100
AFLT,2016-12-20,149.3,158.24,147.22,157.84,7771000
AFLT,2016-12-21,157.41,162.09,157.02,158.36,4965400
AFLT,2016-12-22,158.5,159.76,155.59,155.63,1909200
AFLT,2016-12-23,155.31,158.0,152.65,153.3,3055900
AFLT,2016-12-26,153.4,156.36,151.56,153.8,1598300
AFLT,2016-12-27,155.0,155.23,151.77,152.99,1665300
AFLT,2016-12-28,153.45,154.11,150.9,152.98,2167600
AFLT,2016-12-29,152.51,153.44,151.05,152.0,1999500
AFLT,2016-12-30,152.02,153.71,152.01,152.85,1561900
AFLT,2017-01-03,153.98,157.95,151.33,151.68,3548200
AFLT,2017-01-04,152.87,153.27,148.01,148.4,4469800
AFLT,2017-01-05,149.02,150.04,148.01,148.01,3250500
AFLT,2017-01-06,148.21,148.69,146.16,146.31,2184900
AFLT,2017-01-09,147.02,149.7,143.03,143.13,4593900
AFLT,2017-01-10,143.21,148.64,140.0,148.07,4136100
AFLT,2017-01-11,148.07,150.48,145.23,147.03,5031900
AFLT,2017-01-12,147.5,157.91,145.71,157.91,8190600
AFLT,2017-01-13,157.23,161.6,154.78,156.9,8317800
AFLT,2017-01-16,157.3,160.45,155.22,159.01,3097100
AFLT,2017-01-17,159.77,160.0,156.56,158.63,3328900
AFLT,2017-01-18,159.3,164.95,158.29,163.54,6540600
AFLT,2017-01-19,163.0,164.33,158.72,160.85,4848200
AFLT,2017-01-20,160.0,162.83,158.02,160.5,3319700
AFLT,2017-01-23,160.5,161.36,158.71,160.2,1791900
AFLT,2017-01-24,159.02,161.65,159.02,161.4,2681900
AFLT,2017-01-25,161.3,166.93,160.96,166.71,5197600
AFLT,2017-01-26,166.61,169.13,165.09,165.5,3444000
AFLT,2017-01-27,165.5,168.5,165.05,168.5,3310700
AFLT,2017-01-30,168.5,172.0,167.31,170.9,3782400
AFLT,2017-01-31,171.3,174.17,171.0,174.17,2981700
AFLT,2017-02-01,174.15,175.4,171.55,175.0,2754000
AFLT,2017-02-02,175.25,178.1,174.45,176.9,3607000
AFLT,2017-02-03,177.1,179.5,173.15,178.5,5301600
AFLT,2017-02-06,178.55,179.8,175.6,179.0,3018100
AFLT,2017-02-07,177.2,177.6,170.25,173.5,6429900
AFLT,2017-02-08,172.35,173.85,170.75,172.0,3395100
AFLT,2017-02-09,172.85,178.5,172.0,178.5,3824300
AFLT,2017-02-10,178.15,179.9,176.65,179.5,2857900
AFLT,2017-02-13,178.5,180.0,176.25,177.4,1809800
AFLT,2017-02-14,177.45,179.5,173.75,175.2,2543900
AFLT,2017-02-15,173.15,174.95,171.1,172.85,3881500
AFLT,2017-02-16,172.05,173.75,171.0,171.2,2379000
AFLT,2017-02-17,172.45,175.0,171.35,173.1,3088200
AFLT,2017-02-20,173.2,174.25,171.0,171.25,1212000
AFLT,2017-02-21,171.0,172.6,167.05,170.9,2088200
AFLT,2017-02-22,171.55,171.6,168.0,168.25,2090300
AFLT,2017-02-24,169.0,169.2,165.25,167.0,1883700
AFLT,2017-02-27,167.0,168.25,163.0,165.05,2714000
AFLT,2017-02-28,165.4,167.0,160.5,165.2,4110000
AFLT,2017-03-01,166.4,177.4,165.45,177.35,5307300
AFLT,2017-03-02,177.2,181.9,172.05,174.0,11575800
AFLT,2017-03-03,173.9,174.0,168.85,168.85,6197300
AFLT,2017-03-06,169.05,172.0,166.8,167.1,2132400
AFLT,2017-03-07,167.3,167.8,159.3,161.15,4787200
AFLT,2017-03-09,162.0,162.65,151.05,152.65,7158500
AFLT,2017-03-10,153.5,155.65,148.4,149.2,5046700
AFLT,2017-03-13,149.45,157.6,146.35,157.4,4927500
AFLT,2017-03-14,157.6,159.3,153.3,154.6,3645200
AFLT,2017-03-15,155.95,156.75,152.7,153.1,3288600
AFLT,2017-03-16,154.2,159.95,154.2,159.4,5627900
AFLT,2017-03-17,158.3,162.25,158.0,161.55,4112400
AFLT,2017-03-20,161.35,161.95,157.55,159.3,1924500
AFLT,2017-03-21,159.95,161.55,158.55,159.0,1842600
AFLT,2017-03-22,158.1,165.25,157.0,164.25,4081200
AFLT,2017-03-23,165.0,167.3,162.15,165.45,3059400
AFLT,2017-03-24,167.0,169.4,164.7,167.6,1630800
AFLT,2017-03-27,167.0,167.0,163.45,165.0,2364600
AFLT,2017-03-28,165.0,167.2,164.7,165.65,1273400
AFLT,2017-03-29,166.9,168.8,166.25,166.25,1201100
AFLT,2017-03-30,167.5,169.4,166.5,168.8,1578200
AFLT,2017-03-31,169.25,171.0,167.6,168.0,3229400
AFLT,2017-04-03,168.5,170.6,167.15,168.3,2557900
AFLT,2017-04-04,168.85,169.95,168.2,168.7,1669000
AFLT,2017-04-05,169.2,174.95,169.2,174.95,2959200
AFLT,2017-04-06,174.55,177.8,174.15,177.5,2826100
AFLT,2017-04-07,176.05,176.3,170.4,171.9,3857800
AFLT,2017-04-10,171.0,171.7,163.05,163.55,4863400
AFLT,2017-04-11,162.25,169.3,160.75,166.35,3064500
AFLT,2017-04-12,168.25,169.05,162.5,164.2,4142800
AFLT,2017-04-13,165.2,167.6,160.1,166.3,4612600
AFLT,2017-04-14,166.3,166.65,161.7,161.75,1111500
AFLT,2017-04-17,161.3,163.85,160.3,163.8,2732400
AFLT,2017-04-18,163.8,166.8,161.35,163.05,2572000
AFLT,2017-04-19,163.75,164.75,161.5,162.05,1598200
AFLT,2017-04-20,162.05,164.3,161.55,163.5,1831400
AFLT,2017-04-21,164.0,168.2,164.0,167.35,1698300
AFLT,2017-04-24,168.35,171.85,168.35,171.85,1839400
AFLT,2017-04-25,172.1,176.45,171.05,176.45,2083200
AFLT,2017-04-26,177.0,179.95,175.85,179.95,3969000
AFLT,2017-04-27,179.3,179.4,173.6,175.85,3381300
AFLT,2017-04-28,177.0,178.9,175.45,175.75,2419700
AFLT,2017-05-02,175.3,184.4,175.3,180.0,4268300
AFLT,2017-05-03,179.0,182.3,178.1,181.25,2684300
AFLT,2017-05-04,181.25,185.45,179.05,183.15,4264900
AFLT,2017-05-05,181.95,188.95,180.25,187.6,4032700
AFLT,2017-05-10,187.8,191.2,185.6,189.8,4362600
AFLT,2017-05-11,189.5,191.0,186.6,187.5,2692900
AFLT,2017-05-12,187.5,190.4,183.1,184.15,4828200
AFLT,2017-05-15,186.05,187.15,180.35,181.9,2686000
AFLT,2017-05-16,182.0,185.7,181.15,184.4,2125700
AFLT,2017-05-17,184.0,187.45,183.55,186.0,3673700
AFLT,2017-05-18,185.5,189.3,185.5,189.3,4088600
AFLT,2017-05-19,189.8,193.0,186.0,189.1,5074300
AFLT,2017-05-22,190.0,190.8,182.3,190.3,3726100
AFLT,2017-05-23,187.7,195.25,187.7,195.0,3883400
AFLT,2017-05-24,194.95,196.1,192.2,193.8,2198500
AFLT,2017-05-25,194.05,196.2,193.0,195.15,1646200
AFLT,2017-05-26,195.85,197.1,189.4,190.1,4159700
AFLT,2017-05-29,190.05,190.05,184.45,189.5,2868100
AFLT,2017-05-30,189.85,193.3,187.0,191.05,2479800
AFLT,2017-05-31,191.25,191.25,185.95,188.6,4548000
AFLT,2017-06-01,187.5,189.85,186.0,188.2,1989000
AFLT,2017-06-02,188.7,194.0,185.2,185.8,3282200
AFLT,2017-06-05,185.95,190.35,185.85,189.05,2250100
AFLT,2017-06-06,188.95,190.3,187.35,190.0,1609000
AFLT,2017-06-07,189.15,191.25,187.15,189.0,2964300
AFLT,2017-06-08,189.95,192.65,188.1,192.1,2637100
AFLT,2017-06-09,192.1,193.3,190.6,192.85,1842300
AFLT,2017-06-13,193.9,193.9,188.3,189.0,2716400
AFLT,2017-06-14,189.6,190.1,187.05,190.0,3950400
AFLT,2017-06-15,186.65,189.05,178.65,182.2,6767000
AFLT,2017-06-16,181.0,186.25,171.2,174.65,8423100
AFLT,2017-06-19,175.05,181.95,170.15,181.5,6960300
AFLT,2017-06-20,181.7,183.3,180.0,181.4,1996800
AFLT,2017-06-21,181.2,192.0,181.0,191.0,9242500
AFLT,2017-06-22,192.0,195.0,190.3,194.3,3966700
AFLT,2017-06-23,194.95,194.95,191.3,191.35,5221700
AFLT,2017-06-26,192.1,194.0,185.95,186.75,3643300
AFLT,2017-06-27,186.75,191.0,184.75,189.5,3294600
AFLT,2017-06-28,190.0,190.8,187.75,190.05,2130700
AFLT,2017-06-29,191.95,193.35,190.4,193.0,1742400
AFLT,2017-06-30,192.85,195.3,191.25,195.3,3949800
AFLT,2017-07-03,195.3,199.3,194.5,197.8,2719300
AFLT,2017-07-04,197.85,199.75,196.8,198.8,1870300
AFLT,2017-07-05,199.0,204.7,198.05,204.25,4310700
AFLT,2017-07-06,204.3,215.4,203.55,215.25,12139200
AFLT,2017-07-07,215.0,215.8,211.65,213.0,6053200
AFLT,2017-07-10,213.9,220.85,213.0,217.5,5267600
AFLT,2017-07-11,217.65,220.6,213.5,217.2,8029200
AFLT,2017-07-12,217.0,225.0,216.75,225.0,6346100
AFLT,2017-07-13,209.95,216.75,209.25,211.5,8892200
AFLT,2017-07-14,211.0,213.95,210.55,212.8,3513000
AFLT,2017-07-17,212.0,212.6,205.1,209.2,6410900
AFLT,2017-07-18,209.0,209.9,206.8,208.7,1816000
AFLT,2017-07-19,209.75,217.7,208.7,212.7,9064000
AFLT,2017-07-20,214.75,217.15,213.55,214.7,2878700
AFLT,2017-07-21,214.2,215.7,207.7,208.5,4259000
AFLT,2017-07-24,207.5,209.65,201.55,204.6,4170300
AFLT,2017-07-25,204.95,206.8,202.05,204.55,3335500
AFLT,2017-07-26,204.5,208.75,204.5,208.0,2897500
AFLT,2017-07-27,208.95,212.0,207.0,207.75,2402600
AFLT,2017-07-28,207.2,207.45,202.3,203.35,3313600
AFLT,2017-07-31,203.0,204.85,200.05,201.7,3905800
AFLT,2017-08-01,202.2,206.5,201.6,206.4,3841200
AFLT,2017-08-02,206.35,207.1,204.3,205.55,2044100
AFLT,2017-08-03,204.8,205.85,203.45,204.3,1752200
AFLT,2017-08-04,204.3,205.6,201.7,205.45,2537800
AFLT,2017-08-07,205.0,206.45,204.15,205.4,1200100
AFLT,2017-08-08,205.0,210.6,204.4,210.05,3610000
AFLT,2017-08-09,210.3,211.75,206.65,208.9,2438500
AFLT,2017-08-10,209.5,210.35,205.7,205.85,1793000
AFLT,2017-08-11,205.0,205.7,201.2,202.9,2894700
AFLT,2017-08-14,203.2,205.5,203.15,205.25,1056300
AFLT,2017-08-15,205.0,207.15,203.5,206.85,3037000
AFLT,2017-08-16,207.25,209.7,205.65,209.7,2829700
AFLT,2017-08-17,209.6,211.7,209.1,210.95,1591000
AFLT,2017-08-18,209.85,212.85,207.95,212.65,2551000
AFLT,2017-08-21,212.1,214.95,211.7,213.05,1621200
AFLT,2017-08-22,213.2,214.65,212.8,213.0,697000
AFLT,2017-08-23,213.95,214.45,208.55,209.3,1956300
AFLT,2017-08-24,208.7,209.35,205.6,206.4,3363600
AFLT,2017-08-25,207.0,207.4,202.1,204.0,4864300
AFLT,2017-08-28,204.35,206.95,202.7,203.15,2682700
AFLT,2017-08-29,202.35,205.4,200.4,204.7,3289600
AFLT,2017-08-30,200.8,201.0,193.45,198.0,14788400
AFLT,2017-08-31,198.0,198.1,191.8,191.8,11350000
AFLT,2017-09-01,193.45,195.35,187.5,190.0,6963400
AFLT,2017-09-04,189.9,194.1,186.4,193.25,3398500
AFLT,2017-09-05,193.7,202.9,193.0,200.75,8120500
AFLT,2017-09-06,201.45,201.85,196.25,199.65,6343200
AFLT,2017-09-07,199.3,200.9,197.0,197.05,4988100
AFLT,2017-09-08,197.0,197.5,195.05,195.85,3996300
AFLT,2017-09-11,196.5,198.0,194.35,197.5,4751200
AFLT,2017-09-12,197.7,198.45,195.3,197.85,4699600
AFLT,2017-09-13,197.8,198.8,194.95,196.5,4406500
AFLT,2017-09-14,197.0,197.0,192.0,196.25,4855700
AFLT,2017-09-15,195.75,196.15,193.65,194.5,4619300
AFLT,2017-09-18,194.0,196.5,193.8,195.15,4984200
AFLT,2017-09-19,195.8,196.85,189.3,190.0,6289700
AFLT,2017-09-20,186.0,194.55,186.0,188.0,27668800
AFLT,2017-09-21,188.05,188.5,186.1,187.0,5915800
AFLT,2017-09-22,186.95,186.95,183.65,183.95,5175500
AFLT,2017-09-25,183.55,184.9,182.25,183.55,5640500
AFLT,2017-09-26,184.0,189.8,183.7,184.05,12038800
AFLT,2017-09-27,185.0,185.75,183.2,185.3,3633700
AFLT,2017-09-28,185.05,185.3,183.1,183.8,3299000
AFLT,2017-09-29,183.05,184.0,179.3,183.95,7324800
AFLT,2017-10-02,183.4,186.35,183.4,184.75,4313400
AFLT,2017-10-03,185.0,187.5,184.8,186.0,3978700
AFLT,2017-10-04,186.0,187.75,182.6,184.3,5582700
AFLT,2017-10-05,184.35,184.35,181.4,181.7,5641400
AFLT,2017-10-06,181.4,182.7,180.55,181.0,3801700
AFLT,2017-10-09,181.3,181.9,180.7,181.6,2365800
AFLT,2017-10-10,181.3,183.85,181.2,181.75,2890300
AFLT,2017-10-11,182.0,183.6,181.9,183.55,4960100
AFLT,2017-10-12,183.6,183.75,179.6,181.0,7986600
AFLT,2017-10-13,180.6,181.45,179.75,180.6,3554500
AFLT,2017-10-16,180.65,182.0,180.25,181.25,2323200
AFLT,2017-10-17,181.65,182.0,180.95,181.1,1737400
AFLT,2017-10-18,181.2,182.3,181.0,181.7,2903100
AFLT,2017-10-19,181.85,182.05,180.4,180.4,1504800
AFLT,2017-10-20,180.8,182.85,179.75,182.5,2498200
AFLT,2017-10-23,182.85,185.95,182.5,184.7,5382100
AFLT,2017-10-24,185.7,185.7,183.25,184.0,3202800
AFLT,2017-10-25,184.1,185.7,183.5,184.5,2342600
AFLT,2017-10-26,184.7,185.0,179.5,182.55,4659900
AFLT,2017-10-27,183.0,183.85,181.0,182.8,2666500
AFLT,2017-10-30,182.9,184.8,181.65,184.35,2977900
AFLT,2017-10-31,184.35,185.3,179.65,180.0,8604000
AFLT,2017-11-01,179.05,179.25,164.6,164.9,26765800
AFLT,2017-11-02,164.1,165.7,162.0,164.5,15619000
AFLT,2017-11-03,164.9,165.4,161.05,162.4,7908100
AFLT,2017-11-07,162.55,163.15,155.6,158.45,16701900
AFLT,2017-11-08,158.45,164.8,155.1,163.0,12892700
AFLT,2017-11-09,164.0,168.45,163.65,164.5,9710800
AFLT,2017-11-10,165.25,166.85,163.15,163.4,4065700
AFLT,2017-11-13,163.4,164.0,160.1,161.0,4449500
AFLT,2017-11-14,160.8,162.0,156.75,157.0,9399900
AFLT,2017-11-15,155.5,161.2,154.05,159.2,5696200
AFLT,2017-11-16,159.2,165.1,157.0,164.4,5804800
AFLT,2017-11-17,164.4,166.85,161.25,164.55,6017900
AFLT,2017-11-20,164.55,165.6,163.55,164.6,2634900
AFLT,2017-11-21,164.6,166.7,164.25,166.25,3820800
AFLT,2017-11-22,166.45,168.6,160.65,163.95,8010200
AFLT,2017-11-23,164.0,164.45,162.1,162.3,2532500
AFLT,2017-11-24,162.15,162.85,157.65,159.85,10583200
AFLT,2017-11-27,158.95,160.05,156.25,157.0,4481300
AFLT,2017-11-28,157.0,158.1,155.3,157.2,6951500
AFLT,2017-11-29,157.8,159.15,156.3,158.6,3840700
AFLT,2017-11-30,158.45,158.6,146.85,152.5,17548500
AFLT,2017-12-01,152.55,154.9,147.05,148.15,15095100
AFLT,2017-12-04,148.1,148.55,143.2,144.6,9784500
AFLT,2017-12-05,143.55,149.2,141.75,146.4,10209600
AFLT,2017-12-06,146.3,147.6,144.2,144.7,7923000
AFLT,2017-12-07,144.5,145.3,143.55,144.35,3414200
AFLT,2017-12-08,144.8,146.3,143.8,144.35,3116900
AFLT,2017-12-11,144.4,145.25,143.15,143.55,3566600
AFLT,2017-12-12,144.2,144.25,140.1,140.1,6955600
AFLT,2017-12-13,140.45,141.65,136.6,137.0,9008900
AFLT,2017-12-14,137.85,142.55,136.25,141.8,8577100
AFLT,2017-12-15,141.8,145.7,140.7,143.6,10139300
AFLT,2017-12-18,144.05,146.5,140.85,142.0,7630500
AFLT,2017-12-19,142.75,143.35,140.35,141.35,3170000
AFLT,2017-12-20,142.0,142.0,138.0,138.0,6821200
AFLT,2017-12-21,137.95,139.3,137.1,138.8,4964700
AFLT,2017-12-22,138.8,140.0,138.15,138.8,4161400
AFLT,2017-12-25,139.05,140.45,137.25,138.85,2892100
AFLT,2017-12-26,138.8,139.8,138.05,139.0,1973700
AFLT,2017-12-27,139.65,139.8,138.15,138.5,3471700
AFLT,2017-12-28,138.55,139.15,137.75,139.0,2649800
AFLT,2017-12-29,139.2,140.0,138.4,138.45,1910300
AFLT,2018-01-03,139.1,140.95,138.6,140.4,2126700
AFLT,2018-01-04,140.4,149.35,140.4,148.9,9782700
AFLT,2018-01-05,149.2,149.5,146.2,147.3,6599600
AFLT,2018-01-09,147.2,151.8,146.6,150.5,8481100
AFLT,2018-01-10,150.8,151.8,146.0,149.3,9191700
AFLT,2018-01-11,149.55,150.45,147.35,148.3,4309600
AFLT,2018-01-12,148.3,149.4,144.65,145.6,6164000
AFLT,2018-01-15,145.6,148.65,145.2,146.6,6186700
AFLT,2018-01-16,146.6,147.3,140.2,140.75,14647500
AFLT,2018-01-17,140.3,141.3,138.25,138.45,9677900
AFLT,2018-01-18,138.35,139.8,136.65,137.2,9498500
AFLT,2018-01-19,136.9,141.25,135.0,138.7,11534800
AFLT,2018-01-22,139.6,140.45,138.5,138.6,5541900
AFLT,2018-01-23,139.0,140.2,137.65,138.3,5186900
AFLT,2018-01-24,138.75,139.4,137.85,138.05,4562700
AFLT,2018-01-25,138.0,138.55,137.1,137.1,5254400
AFLT,2018-01-26,137.05,137.7,133.6,134.2,8641500
AFLT,2018-01-29,130.6,137.8,130.6,137.6,10258400
AFLT,2018-01-30,137.35,137.4,133.1,133.2,9358600
AFLT,2018-01-31,133.3,135.9,132.75,133.3,7774400
AFLT,2018-02-01,134.05,136.35,133.6,135.35,4500700
AFLT,2018-02-02,135.1,135.8,132.4,133.5,6780700
AFLT,2018-02-05,133.05,139.0,131.85,138.4,13437300
AFLT,2018-02-06,136.0,136.4,131.05,135.5,10876700
AFLT,2018-02-07,136.3,137.75,135.85,136.45,3435800
AFLT,2018-02-08,136.0,138.0,134.75,137.5,5542900
AFLT,2018-02-09,135.75,140.0,135.75,139.3,7838800
AFLT,2018-02-12,139.95,141.0,138.0,139.0,7765600
AFLT,2018-02-13,139.0,140.45,138.5,140.3,2995000
AFLT,2018-02-14,140.4,141.05,136.85,137.7,8643300
AFLT,2018-02-15,137.8,138.8,136.3,136.85,3236400
AFLT,2018-02-16,137.2,137.5,136.5,137.3,2784500
AFLT,2018-02-19,137.0,138.5,136.7,137.35,2084200
AFLT,2018-02-20,137.35,138.0,136.8,138.0,2218000
AFLT,2018-02-21,137.95,138.75,137.6,138.75,2219700
AFLT,2018-02-22,138.75,142.0,138.2,140.1,9208600
AFLT,2018-02-26,141.9,143.05,140.2,140.8,4769800
AFLT,2018-02-27,141.3,141.8,138.8,139.1,4150500
AFLT,2018-02-28,138.95,141.6,137.1,141.45,5689300
AFLT,2018-03-01,140.9,152.45,139.7,151.95,30886500
AFLT,2018-03-02,151.75,154.25,150.0,152.0,14512500
AFLT,2018-03-05,153.5,153.95,148.4,150.0,7298200
AFLT,2018-03-06,150.8,151.45,147.85,149.4,5722800
AFLT,2018-03-07,148.7,152.7,148.0,152.0,6586500
AFLT,2018-03-09,152.7,158.0,150.55,157.45,8798800
AFLT,2018-03-12,158.0,159.65,157.4,158.85,8243400
AFLT,2018-03-13,158.05,164.0,157.2,163.7,13079400
AFLT,2018-03-14,163.45,165.35,159.2,161.6,15275100
AFLT,2018-03-15,161.6,163.25,159.25,160.15,7271700
AFLT,2018-03-16,160.2,162.95,158.5,160.5,7794800
AFLT,2018-03-19,162.6,162.75,159.35,159.35,3979000
AFLT,2018-03-20,159.4,161.15,158.85,160.15,2451700
AFLT,2018-03-21,160.85,163.25,159.75,159.75,5777800
AFLT,2018-03-22,159.95,160.6,155.55,156.5,5136400
AFLT,2018-03-23,155.5,159.7,151.9,158.35,13160500
AFLT,2018-03-26,158.05,161.45,155.85,157.25,6998200
AFLT,2018-03-27,157.2,158.8,153.75,154.25,5284100
AFLT,2018-03-28,154.25,155.85,152.75,154.0,3421800
AFLT,2018-03-29,154.15,155.5,153.65,154.2,2347200
AFLT,2018-03-30,155.2,155.7,154.55,155.6,1388800
AFLT,2018-04-02,155.6,157.2,154.75,156.25,2486700
AFLT,2018-04-03,156.75,156.75,153.7,156.25,2900600
AFLT,2018-04-04,156.25,156.6,154.95,156.05,1806900
AFLT,2018-04-05,156.25,158.5,154.1,158.05,3557900
AFLT,2018-04-06,157.8,158.2,156.25,157.3,2356400
AFLT,2018-04-09,157.2,157.2,137.55,144.0,25695500
AFLT,2018-04-10,143.3,148.0,140.55,144.8,11812700
AFLT,2018-04-11,145.35,147.5,140.7,143.5,10242800
AFLT,2018-04-12,145.5,148.2,144.65,147.05,4060800
AFLT,2018-04-13,147.3,148.8,142.65,144.85,4671400
AFLT,2018-04-16,142.45,146.7,141.2,145.4,3108800
AFLT,2018-04-17,147.15,148.7,146.2,147.3,2944700
AFLT,2018-04-18,147.65,154.45,147.25,153.55,5013600
AFLT,2018-04-19,154.55,155.75,149.65,150.95,4121100
AFLT,2018-04-20,149.95,151.15,148.55,149.4,2714100
AFLT,2018-04-23,150.05,150.05,146.7,148.5,4346900
AFLT,2018-04-24,148.5,149.3,146.15,146.6,3605000
AFLT,2018-04-25,146.1,146.6,143.35,144.45,3619600
AFLT,2018-04-26,144.45,145.9,143.6,145.6,3491800
AFLT,2018-04-27,146.75,146.75,144.2,144.3,3266300
AFLT,2018-04-28,144.3,145.65,144.05,144.85,798400
AFLT,2018-04-30,145.2,146.25,143.15,144.0,2997500
AFLT,2018-05-02,145.2,147.3,144.0,147.3,3201100
AFLT,2018-05-03,146.95,147.25,143.5,144.2,5007400
AFLT,2018-05-04,143.8,143.9,141.25,141.65,6367300
AFLT,2018-05-07,141.75,142.75,141.4,141.9,2973400
AFLT,2018-05-08,142.0,142.0,140.0,140.4,3154400
AFLT,2018-05-10,140.85,141.8,139.05,139.8,8130600
AFLT,2018-05-11,139.9,140.45,137.05,137.5,8455100
AFLT,2018-05-14,137.55,137.55,132.05,136.15,9876400
AFLT,2018-05-15,136.15,139.25,134.6,138.0,6973900
AFLT,2018-05-16,137.95,138.45,136.8,137.95,3733000
AFLT,2018-05-17,138.2,138.55,136.55,137.95,2495800
AFLT,2018-05-18,137.9,137.9,136.15,136.75,1868200
AFLT,2018-05-21,136.1,137.75,136.05,136.2,2426500
AFLT,2018-05-22,136.2,136.85,134.2,135.0,3745200
AFLT,2018-05-23,134.8,135.3,132.55,132.55,3699500
AFLT,2018-05-24,132.6,133.0,130.65,132.7,3842200
AFLT,2018-05-25,132.15,133.35,131.3,132.2,3865500
AFLT,2018-05-28,132.45,133.85,131.3,131.55,3141200
AFLT,2018-05-29,131.7,132.65,131.1,131.85,3629100
AFLT,2018-05-30,133.75,139.85,133.7,139.85,20649700
AFLT,2018-05-31,140.0,141.5,138.05,140.8,9245800
AFLT,2018-06-01,139.75,140.7,139.15,139.65,2300700
AFLT,2018-06-04,139.9,140.35,137.1,137.1,4968400
AFLT,2018-06-05,137.1,139.45,137.1,139.25,3360400
AFLT,2018-06-06,139.45,141.5,139.15,141.3,3754300
AFLT,2018-06-07,141.55,145.8,141.2,145.0,7174500
AFLT,2018-06-08,145.0,145.6,142.65,143.9,5068300
AFLT,2018-06-09,143.9,144.95,143.8,144.35,422900
AFLT,2018-06-11,144.35,145.45,141.8,142.7,3124900
AFLT,2018-06-13,143.05,145.2,143.05,144.05,2454800
AFLT,2018-06-14,144.05,144.55,143.25,143.55,1783000
AFLT,2018-06-15,143.65,144.75,139.5,140.5,5508400
AFLT,2018-06-18,139.75,140.95,139.1,139.65,2328200
AFLT,2018-06-19,139.6,139.95,136.35,138.0,5192800
AFLT,2018-06-20,137.85,141.4,137.85,141.0,2830500
AFLT,2018-06-21,141.0,142.3,139.9,140.55,2716100
AFLT,2018-06-22,140.55,141.3,139.85,140.55,2232700
AFLT,2018-06-25,141.0,143.1,139.6,140.75,4074800
AFLT,2018-06-26,141.25,141.5,140.6,140.65,1532900
AFLT,2018-06-27,141.45,141.45,140.0,141.15,2642300
AFLT,2018-06-28,141.85,142.3,139.25,139.8,3727400
AFLT,2018-06-29,140.1,141.3,139.8,139.8,5094500
AFLT,2018-07-02,140.4,140.65,139.85,140.15,4755600
AFLT,2018-07-03,140.45,143.25,140.0,143.05,6692200
AFLT,2018-07-04,143.2,143.45,138.4,140.0,14133000
AFLT,2018-07-05,129.0,129.2,125.25,129.2,16406400
AFLT,2018-07-06,128.8,130.85,128.35,129.55,5906600
AFLT,2018-07-09,129.55,130.4,127.25,128.3,6014100
AFLT,2018-07-10,128.0,128.4,126.55,126.55,4074700
AFLT,2018-07-11,126.75,126.8,124.25,124.3,5050400
AFLT,2018-07-12,124.85,126.25,123.5,124.8,4509600
AFLT,2018-07-13,125.0,125.85,123.1,123.25,5899600
AFLT,2018-07-16,123.25,124.1,122.6,123.0,4352400
AFLT,2018-07-17,123.25,125.15,120.8,124.25,6207200
AFLT,2018-07-18,124.55,125.3,122.55,123.0,4487300
AFLT,2018-07-19,123.0,123.1,120.3,121.0,2999900
AFLT,2018-07-20,121.0,122.3,120.1,121.45,2824900
AFLT,2018-07-23,121.6,123.8,121.6,123.8,3535500
AFLT,2018-07-24,124.0,124.75,122.15,122.15,2406200
AFLT,2018-07-25,122.0,122.25,120.65,121.3,2552900
AFLT,2018-07-26,121.35,122.85,121.35,122.7,3057500
AFLT,2018-07-27,122.7,123.5,121.5,122.2,1669100
AFLT,2018-07-30,122.0,122.75,121.35,121.7,1853200
AFLT,2018-07-31,121.9,123.0,121.35,122.95,2165500
AFLT,2018-08-01,123.0,125.0,121.0,121.0,4678900
AFLT,2018-08-02,120.5,120.6,115.8,116.0,10320600
AFLT,2018-08-03,116.2,118.1,113.65,118.1,5795000
AFLT,2018-08-06,118.45,118.85,113.75,114.3,4266900
AFLT,2018-08-07,114.6,115.85,113.5,114.25,2204900
AFLT,2018-08-08,114.25,114.85,111.0,111.85,4951700
AFLT,2018-08-09,108.0,111.65,98.15,109.7,21666100
AFLT,2018-08-10,109.7,110.25,104.65,105.0,5778100
AFLT,2018-08-13,104.5,107.05,103.55,105.75,3675600
AFLT,2018-08-14,105.95,107.25,105.0,107.25,2042300
AFLT,2018-08-15,107.6,115.75,107.15,107.4,14765100
AFLT,2018-08-16,108.25,110.8,106.3,110.5,5636000
AFLT,2018-08-17,110.65,111.5,108.1,109.0,2660100
AFLT,2018-08-20,109.5,110.4,108.5,108.95,1188900
AFLT,2018-08-21,109.25,109.5,106.8,108.35,2513000
AFLT,2018-08-22,108.0,108.8,107.1,108.6,1623400
AFLT,2018-08-23,108.35,108.5,105.2,105.65,2715800
AFLT,2018-08-24,105.0,106.1,100.65,104.45,4862400
AFLT,2018-08-27,104.5,106.5,104.25,106.2,1630500
AFLT,2018-08-28,106.65,107.7,106.1,106.55,1739200
AFLT,2018-08-29,106.35,111.8,105.5,111.8,3000600
AFLT,2018-08-30,112.3,119.8,111.75,115.5,17200000
AFLT,2018-08-31,116.0,116.0,112.6,115.5,4642700
AFLT,2018-09-03,115.45,115.7,113.8,114.55,1189100
AFLT,2018-09-04,114.7,115.45,111.2,112.75,2793400
AFLT,2018-09-05,112.75,113.0,110.55,111.5,2282700
AFLT,2018-09-06,111.4,111.4,108.1,108.1,2420500
AFLT,2018-09-07,108.05,109.7,107.55,108.55,1800300
AFLT,2018-09-10,109.1,109.45,105.65,106.5,2085300
AFLT,2018-09-11,105.65,106.5,104.55,105.1,2777300
AFLT,2018-09-12,105.5,108.0,103.3,107.2,4155200
AFLT,2018-09-13,107.2,109.5,106.1,107.1,4539900
AFLT,2018-09-14,107.0,107.25,104.8,105.75,3443200
AFLT,2018-09-17,105.75,106.85,105.2,106.05,1676700
AFLT,2018-09-18,106.0,109.5,106.0,109.15,5293400
AFLT,2018-09-19,109.5,113.5,108.6,111.4,6489300
AFLT,2018-09-20,111.5,112.55,110.2,111.0,6687000
AFLT,2018-09-21,110.95,111.0,108.25,111.0,3894700
AFLT,2018-09-24,110.65,111.3,108.55,108.95,3324000
AFLT,2018-09-25,108.75,109.35,106.6,106.65,4146800
AFLT,2018-09-26,106.7,107.5,106.0,106.7,2706300
AFLT,2018-09-27,106.9,108.45,106.2,107.05,3439600
AFLT,2018-09-28,107.6,107.65,105.25,106.55,3217400
AFLT,2018-10-01,106.55,106.85,105.8,106.2,1532500
AFLT,2018-10-02,106.25,107.95,105.55,106.4,2310500
AFLT,2018-10-03,106.4,107.6,106.1,107.1,2022800
AFLT,2018-10-04,107.1,108.2,106.4,106.4,2396300
AFLT,2018-10-05,106.35,106.35,103.45,104.65,3228300
AFLT,2018-10-08,104.6,104.7,101.5,102.65,3266900
AFLT,2018-10-09,103.0,103.95,102.05,102.1,2082800
AFLT,2018-10-10,102.0,105.05,101.7,102.15,3410600
AFLT,2018-10-11,101.0,102.15,100.1,100.9,3565400
AFLT,2018-10-12,101.0,104.15,101.0,102.0,3201000
AFLT,2018-10-15,101.9,102.9,100.15,100.15,3408000
AFLT,2018-10-16,100.2,101.25,98.5,99.0,4331900
AFLT,2018-10-17,100.15,100.45,97.65,98.0,3715400
AFLT,2018-10-18,97.6,97.85,95.2,96.0,6686900
AFLT,2018-10-19,95.9,97.25,94.7,95.5,4039200
AFLT,2018-10-22,94.9,96.7,91.5,92.4,4346900
AFLT,2018-10-23,91.15,92.45,89.45,92.3,5686000
AFLT,2018-10-24,92.65,94.0,91.8,92.9,4391600
AFLT,2018-10-25,91.6,93.8,90.65,91.85,3123700
AFLT,2018-10-26,91.9,92.5,89.95,91.6,3431100
AFLT,2018-10-29,90.4,94.7,90.4,94.05,5173600
AFLT,2018-10-30,94.05,98.25,93.7,98.25,7257700
AFLT,2018-10-31,98.4,99.9,96.5,97.25,7462500
AFLT,2018-11-01,97.88,98.5,96.0,96.88,5814700
AFLT,2018-11-02,97.0,101.78,95.72,101.78,10681900
AFLT,2018-11-06,101.6,103.8,100.24,102.4,4511060
AFLT,2018-11-07,102.0,102.18,98.88,100.6,6026220
AFLT,2018-11-08,100.3,100.94,97.62,98.5,5643500
AFLT,2018-11-09,98.16,98.16,95.14,95.14,5591930
AFLT,2018-11-12,95.92,98.0,95.7,96.9,4167490
AFLT,2018-11-13,97.0,97.92,95.64,97.4,3519290
AFLT,2018-11-14,97.96,103.3,97.24,103.3,10868770
AFLT,2018-11-15,103.3,104.1,101.56,102.74,5802840
AFLT,2018-11-16,102.8,103.2,100.44,101.2,4466300
AFLT,2018-11-19,102.1,102.6,98.54,98.72,4022230
AFLT,2018-11-20,98.5,102.5,98.24,102.2,5583550
AFLT,2018-11-21,102.2,109.44,102.1,108.8,21252160
AFLT,2018-11-22,108.82,109.9,106.5,109.9,7595200
AFLT,2018-11-23,109.9,113.9,109.38,113.74,11719540
AFLT,2018-11-26,113.4,113.76,108.38,110.9,10131590
AFLT,2018-11-27,110.22,115.8,110.2,113.28,10305870
AFLT,2018-11-28,113.02,114.86,111.52,113.6,4349800
AFLT,2018-11-29,114.02,116.56,113.14,113.14,9606180
AFLT,2018-11-30,112.56,119.44,112.4,114.4,14211070
AFLT,2018-12-03,114.38,115.0,110.04,111.84,9620830
AFLT,2018-12-04,111.8,111.8,106.7,106.7,10931260
AFLT,2018-12-05,106.92,109.72,106.92,107.8,6818380
AFLT,2018-12-06,108.2,109.28,105.5,106.44,5006500
AFLT,2018-12-07,107.08,108.56,103.7,103.7,7418500
AFLT,2018-12-10,104.48,105.48,99.66,101.02,10986450
AFLT,2018-12-11,101.34,103.38,100.66,102.72,4473990
AFLT,2018-12-12,103.0,103.3,101.02,101.8,3405510
AFLT,2018-12-13,102.0,103.2,101.12,102.0,3736810
AFLT,2018-12-14,101.58,102.2,100.0,102.1,4017540
AFLT,2018-12-17,102.12,102.44,100.62,101.04,2330740
AFLT,2018-12-18,100.6,105.4,100.6,101.6,8413060
AFLT,2018-12-19,102.4,104.5,101.54,102.0,7491000
AFLT,2018-12-20,102.0,103.0,101.0,102.02,4633990
AFLT,2018-12-21,103.28,103.36,101.38,102.2,3439820
AFLT,2018-12-24,102.2,102.34,101.62,102.1,1750870
AFLT,2018-12-25,102.1,103.0,100.0,100.8,4264840
AFLT,2018-12-26,100.98,101.92,100.62,101.02,2608090
AFLT,2018-12-27,102.0,102.2,100.2,100.5,3478500
AFLT,2018-12-28,101.0,101.44,100.4,101.0,2973630
AFLT,2018-12-29,101.0,101.4,100.66,101.18,713100
AFLT,2019-01-03,101.9,101.9,100.72,101.5,1710190
AFLT,2019-01-04,101.5,101.68,100.8,101.1,1320990
AFLT,2019-01-08,101.5,101.84,100.8,101.1,1265180
AFLT,2019-01-09,101.14,103.18,100.86,102.06,5537730
AFLT,2019-01-10,102.88,105.14,102.46,105.14,6235350
AFLT,2019-01-11,105.14,106.5,104.6,104.66,5808220
AFLT,2019-01-14,104.68,106.96,103.76,106.22,4649660
AFLT,2019-01-15,106.7,107.2,105.22,106.98,6100840
AFLT,2019-01-16,106.4,109.26,106.14,108.4,5847190
AFLT,2019-01-17,108.34,109.84,107.56,109.06,6083470
AFLT,2019-01-18,109.58,110.3,106.74,107.0,7870530
AFLT,2019-01-21,107.08,107.48,105.6,105.8,4701210
AFLT,2019-01-22,105.8,106.96,105.24,105.24,3021950
AFLT,2019-01-23,105.24,106.54,105.22,105.4,2956240
AFLT,2019-01-24,105.78,106.04,104.78,105.38,3444490
AFLT,2019-01-25,105.78,106.76,104.92,105.7,3185430
AFLT,2019-01-28,105.9,106.8,105.06,105.8,2579360
AFLT,2019-01-29,105.76,106.3,105.26,106.1,1942800
AFLT,2019-01-30,106.1,109.08,106.02,108.6,8415050
AFLT,2019-01-31,109.08,109.7,107.1,107.92,5842840
AFLT,2019-02-01,108.06,108.56,105.08,105.22,7739440
AFLT,2019-02-04,105.68,106.22,102.42,102.44,9699020
AFLT,2019-02-05,100.3,103.3,100.02,102.26,11882560
AFLT,2019-02-06,102.8,102.8,101.78,102.0,4598940
AFLT,2019-02-07,101.6,102.2,101.12,101.62,3380950
AFLT,2019-02-08,102.46,102.46,101.52,101.9,2128870
AFLT,2019-02-11,102.0,102.48,101.68,101.78,2491040
AFLT,2019-02-12,102.0,102.7,101.62,102.7,3969450
AFLT,2019-02-13,102.12,102.42,100.0,100.14,6609270
AFLT,2019-02-14,100.0,101.86,99.06,101.36,5850800
AFLT,2019-02-15,101.68,102.32,100.66,101.62,3073200
AFLT,2019-02-18,101.6,102.48,100.72,100.74,2008780
AFLT,2019-02-19,100.76,101.24,99.56,100.0,4945030
AFLT,2019-02-20,101.0,101.24,99.72,100.04,4304650
AFLT,2019-02-21,100.2,100.48,99.76,100.0,4411660
AFLT,2019-02-22,100.32,100.32,99.92,100.12,2059800
AFLT,2019-02-25,100.12,100.38,99.36,100.04,4912110
AFLT,2019-02-26,100.04,100.22,98.36,98.98,4806690
AFLT,2019-02-27,99.0,99.44,95.96,97.7,9696010
AFLT,2019-02-28,97.42,97.56,95.78,97.1,4360200
AFLT,2019-03-01,96.54,97.74,96.54,96.76,3499940
AFLT,2019-03-04,96.6,98.88,96.6,98.36,3927090
AFLT,2019-03-05,96.4,97.0,94.5,96.26,7607800
AFLT,2019-03-06,96.8,98.78,96.28,98.12,7144920
AFLT,2019-03-07,98.3,99.9,97.3,99.68,6952420
AFLT,2019-03-11,99.7,102.5,99.24,102.1,10108570
AFLT,2019-03-12,102.5,102.62,100.12,100.22,3432780
AFLT,2019-03-13,100.4,100.9,99.4,100.5,3427950
AFLT,2019-03-14,99.94,101.3,98.2,99.66,5056350
AFLT,2019-03-15,99.14,100.38,99.04,100.08,3710150
AFLT,2019-03-18,100.04,100.52,99.12,99.92,3738600
AFLT,2019-03-19,99.82,100.38,99.24,99.46,1869400
AFLT,2019-03-20,99.52,99.92,98.2,98.22,4253960
AFLT,2019-03-21,98.54,98.6,97.16,97.3,4878980
AFLT,2019-03-22,97.7,97.7,96.58,97.66,3410500
AFLT,2019-03-25,96.6,98.46,96.26,97.0,3975030
AFLT,2019-03-26,97.1,97.56,96.84,97.02,1645190
AFLT,2019-03-27,97.36,97.4,96.06,96.1,3834880
AFLT,2019-03-28,96.06,97.0,95.86,96.7,1422810
AFLT,2019-03-29,96.88,97.38,96.06,96.3,3472680
AFLT,2019-04-01,96.68,97.78,96.34,97.78,2353150
AFLT,2019-04-02,97.5,98.88,97.5,98.36,2684030
AFLT,2019-04-03,98.9,99.34,97.72,98.5,2870640
AFLT,2019-04-04,98.04,98.96,97.86,98.36,1033340
AFLT,2019-04-05,98.98,99.66,97.88,99.54,2704300
AFLT,2019-04-08,99.8,99.88,98.44,98.58,1455020
AFLT,2019-04-09,98.58,98.98,96.76,97.24,2899920
AFLT,2019-04-10,97.24,98.22,96.82,97.32,3069910
AFLT,2019-04-11,97.36,98.62,97.0,98.4,2735030
AFLT,2019-04-12,98.52,98.9,97.34,98.22,2962940
AFLT,2019-04-15,97.84,98.88,97.7,98.72,2468590
AFLT,2019-04-16,99.0,99.4,98.1,99.12,2951870
AFLT,2019-04-17,99.3,99.38,98.28,98.62,1723610
AFLT,2019-04-18,98.7,99.1,98.0,98.0,1010640
AFLT,2019-04-19,98.48,98.48,97.5,97.6,719450
AFLT,2019-04-22,97.84,98.3,97.52,97.6,1415480
AFLT,2019-04-23,97.74,97.86,96.56,96.8,2774620
AFLT,2019-04-24,96.8,97.12,96.14,96.32,2192780
AFLT,2019-04-25,96.5,97.14,96.0,96.34,2557160
AFLT,2019-04-26,96.4,97.12,96.0,97.12,2487010
AFLT,2019-04-29,96.86,97.5,96.54,96.98,1843500
AFLT,2019-04-30,96.74,97.3,96.32,96.32,3902950
AFLT,2019-05-02,96.44,96.86,95.52,96.86,1433820
AFLT,2019-05-03,96.9,96.98,96.14,96.7,1409820
AFLT,2019-05-06,93.6,95.56,92.7,94.94,6252540
AFLT,2019-05-07,95.0,95.42,94.3,94.5,2556300
AFLT,2019-05-08,94.5,94.98,94.24,94.24,2476540
AFLT,2019-05-10,94.3,94.58,92.9,92.9,2497240
AFLT,2019-05-13,93.5,93.7,91.16,91.28,3442810
AFLT,2019-05-14,91.22,92.9,91.22,91.6,2676030
AFLT,2019-05-15,92.0,92.3,90.08,90.08,3805870
AFLT,2019-05-16,90.38,92.96,90.12,91.68,5226630
AFLT,2019-05-17,91.68,92.48,91.02,91.96,2428440
AFLT,2019-05-20,92.2,92.2,90.84,91.08,2317150
AFLT,2019-05-21,91.28,91.6,90.32,90.76,2203830
AFLT,2019-05-22,90.58,91.38,90.2,91.0,2155550
AFLT,2019-05-23,91.3,91.48,90.6,90.74,2702960
AFLT,2019-05-24,90.98,91.72,90.94,91.0,3343510
AFLT,2019-05-27,91.2,91.44,90.64,91.2,1457500
AFLT,2019-05-28,91.2,91.58,90.68,90.68,3019680
AFLT,2019-05-29,90.5,91.2,89.7,91.12,3249600
AFLT,2019-05-30,91.12,91.48,90.36,90.42,1291480
AFLT,2019-05-31,90.5,94.6,90.5,93.8,14350660
AFLT,2019-06-03,93.4,96.8,93.22,96.8,15744000
AFLT,2019-06-04,97.04,98.5,95.76,96.34,5721930
AFLT,2019-06-05,96.4,96.84,94.5,96.1,3489930
AFLT,2019-06-06,95.98,97.36,95.56,96.02,3743950
AFLT,2019-06-07,96.0,96.7,95.24,95.86,2084950
AFLT,2019-06-10,95.8,96.62,95.0,95.4,2322510
AFLT,2019-06-11,95.5,96.86,95.12,95.6,3687660
AFLT,2019-06-13,95.7,98.4,95.44,98.18,7163650
AFLT,2019-06-14,98.32,98.8,97.16,97.66,5472880
AFLT,2019-06-17,97.94,100.82,97.78,100.38,10725410
AFLT,2019-06-18,100.0,101.82,99.02,99.3,9208180
AFLT,2019-06-19,99.32,99.92,98.34,99.26,5089000
AFLT,2019-06-20,98.88,99.88,97.32,98.9,7583800
AFLT,2019-06-21,99.2,100.66,98.98,100.04,6978290
AFLT,2019-06-24,100.2,100.88,99.82,100.24,2414930
AFLT,2019-06-25,100.18,102.2,99.9,101.3,7631310
AFLT,2019-06-26,101.3,102.4,101.04,101.52,3172120
AFLT,2019-06-27,101.54,102.8,101.3,102.32,4540920
AFLT,2019-06-28,102.34,102.74,101.22,101.76,2765320
AFLT,2019-07-01,102.12,102.3,100.06,101.46,4893200
AFLT,2019-07-02,101.06,101.38,100.7,100.9,2962100
AFLT,2019-07-03,101.48,104.6,101.22,104.6,12478870
AFLT,2019-07-04,102.52,110.8,102.44,110.6,28317310
AFLT,2019-07-05,110.94,112.8,108.2,110.0,14924500
AFLT,2019-07-08,108.98,110.32,107.54,108.5,5084850
AFLT,2019-07-09,108.0,108.76,105.56,106.94,6355120
AFLT,2019-07-10,106.9,109.84,106.42,108.62,7019120
AFLT,2019-07-11,109.16,109.48,106.7,107.82,4733330
AFLT,2019-07-12,107.52,109.8,107.0,109.08,4809300
AFLT,2019-07-15,109.5,111.32,108.5,108.5,4487320
AFLT,2019-07-16,108.7,109.34,107.56,107.7,4093090
AFLT,2019-07-17,107.6,108.34,106.26,108.2,2950760
AFLT,2019-07-18,107.96,108.64,107.04,107.54,1443470
AFLT,2019-07-19,107.86,108.62,107.62,108.02,2045000
AFLT,2019-07-22,108.0,108.54,107.6,108.2,1576220
AFLT,2019-07-23,108.08,108.22,107.36,108.1,3518800
AFLT,2019-07-24,108.32,109.82,106.54,106.78,4126120
AFLT,2019-07-25,107.3,108.36,105.68,107.5,3423480
AFLT,2019-07-26,107.98,108.14,107.2,107.58,1488400
AFLT,2019-07-29,107.7,108.3,107.22,107.3,988800
AFLT,2019-07-30,107.0,107.5,106.6,106.72,1568100
AFLT,2019-07-31,106.7,108.08,106.7,106.94,3712630
AFLT,2019-08-01,107.24,109.74,106.32,107.7,3725040
AFLT,2019-08-02,105.56,107.26,104.5,106.62,4852010
AFLT,2019-08-05,106.62,106.82,102.6,103.5,4889580
AFLT,2019-08-06,103.38,106.0,103.2,104.7,3727590
AFLT,2019-08-07,104.56,105.82,103.6,105.28,4285790
AFLT,2019-08-08,105.36,109.08,105.12,108.88,6220580
AFLT,2019-08-09,109.28,110.36,107.4,108.8,6687270
AFLT,2019-08-12,109.1,111.0,109.1,110.5,5033260
AFLT,2019-08-13,110.3,111.96,110.08,110.36,6385450
AFLT,2019-08-14,110.6,111.36,110.18,110.86,4705410
AFLT,2019-08-15,110.98,112.42,110.5,112.3,6050700
AFLT,2019-08-16,112.3,112.48,108.8,110.4,5243690
AFLT,2019-08-19,110.98,111.26,108.76,109.4,2674200
AFLT,2019-08-20,109.48,109.6,108.22,109.24,3469970
AFLT,2019-08-21,108.6,111.7,108.6,111.3,3821370
AFLT,2019-08-22,111.4,111.84,102.0,110.0,8945990
AFLT,2019-08-23,110.0,110.36,108.32,108.56,2898700
AFLT,2019-08-26,108.5,109.52,107.6,109.38,1977640
AFLT,2019-08-27,109.3,109.84,108.54,109.02,4410230
AFLT,2019-08-28,108.86,109.6,108.7,109.4,4162070
AFLT,2019-08-29,109.5,109.7,108.56,109.0,3432750
AFLT,2019-08-30,108.8,110.32,107.72,109.74,8116170
AFLT,2019-09-02,109.56,109.74,107.8,107.84,4235100
AFLT,2019-09-03,107.8,108.0,104.9,106.52,7951500
AFLT,2019-09-04,106.44,106.76,104.7,106.22,4767060
AFLT,2019-09-05,105.98,106.3,105.3,105.86,2893430
AFLT,2019-09-06,105.94,105.94,104.4,104.48,3339430
AFLT,2019-09-09,104.72,106.58,104.72,106.38,3922110
AFLT,2019-09-10,106.46,107.24,105.56,105.7,3030270
AFLT,2019-09-11,105.72,106.7,105.72,106.5,2212680
AFLT,2019-09-12,106.7,106.8,105.7,106.36,2041920
AFLT,2019-09-13,106.56,107.32,106.1,106.46,1911640
AFLT,2019-09-16,106.0,106.02,102.06,102.06,16981530
AFLT,2019-09-17,102.02,104.36,101.56,102.6,9981720
AFLT,2019-09-18,103.32,103.32,102.12,102.5,4094200
AFLT,2019-09-19,102.64,103.08,101.6,101.9,5432690
AFLT,2019-09-20,102.1,103.0,101.66,102.64,3178510
AFLT,2019-09-23,102.8,102.94,101.66,102.36,2458320
AFLT,2019-09-24,102.6,103.16,101.7,101.7,2246750
AFLT,2019-09-25,101.86,102.66,101.24,102.0,2368500
AFLT,2019-09-26,102.36,103.32,102.14,102.98,2996370
AFLT,2019-09-27,102.78,104.26,102.68,103.4,4317540
AFLT,2019-09-30,103.86,104.1,102.74,103.18,2514390
AFLT,2019-10-01,103.76,103.96,103.24,103.5,2486060
AFLT,2019-10-02,103.6,103.88,102.2,102.6,3317280
AFLT,2019-10-03,102.24,102.6,100.14,100.34,4002680
AFLT,2019-10-04,100.98,101.42,99.2,99.3,3442290
AFLT,2019-10-07,99.66,100.22,98.08,99.26,3864270
AFLT,2019-10-08,99.3,100.68,99.12,99.5,2359250
AFLT,2019-10-09,99.62,101.52,99.34,100.02,3870110
AFLT,2019-10-10,100.3,101.32,99.82,101.26,1591950
AFLT,2019-10-11,101.58,101.86,100.0,100.18,1734220
AFLT,2019-10-14,100.4,103.38,98.46,102.8,8652660
AFLT,2019-10-15,102.8,104.1,101.84,103.2,5107670
AFLT,2019-10-16,103.34,104.7,102.78,104.34,5414550
AFLT,2019-10-17,104.5,106.1,104.02,105.88,5293630
AFLT,2019-10-18,105.5,106.02,104.18,104.8,4701500
AFLT,2019-10-21,104.98,105.4,104.28,104.8,2395570
AFLT,2019-10-22,104.6,105.08,103.3,103.5,4845070
AFLT,2019-10-23,103.46,104.68,103.2,103.5,3790650
AFLT,2019-10-24,103.7,104.58,102.72,103.0,3577330
AFLT,2019-10-25,103.3,103.5,102.34,102.8,2269920
AFLT,2019-10-28,103.02,103.48,102.46,103.0,3192520
AFLT,2019-10-29,103.06,105.3,103.04,104.5,5263610
AFLT,2019-10-30,104.6,105.94,104.34,105.8,3975160
AFLT,2019-10-31,105.76,107.94,105.7,106.9,7486430
AFLT,2019-11-01,107.1,107.26,104.66,105.26,6917030
AFLT,2019-11-05,106.0,107.34,104.8,106.04,4019060
AFLT,2019-11-06,106.64,106.88,105.68,106.22,2434580
AFLT,2019-11-07,106.22,107.26,106.1,106.34,2976880
AFLT,2019-11-08,106.34,106.8,105.32,106.16,2327200
AFLT,2019-11-11,106.12,106.72,103.84,104.58,3903610
AFLT,2019-11-12,104.28,105.2,103.8,104.34,3547490
AFLT,2019-11-13,104.18,105.36,103.6,104.0,2667260
AFLT,2019-11-14,104.6,105.38,104.14,105.28,3149810
AFLT,2019-11-15,105.32,106.22,104.54,105.4,2463560
AFLT,2019-11-18,105.4,106.8,105.4,106.8,2828280
AFLT,2019-11-19,106.76,107.0,105.72,106.1,1957180
AFLT,2019-11-20,104.94,105.36,103.64,104.2,4832820
AFLT,2019-11-21,104.18,104.86,104.0,104.46,1313800
AFLT,2019-11-22,104.46,105.48,104.4,104.66,1775820
AFLT,2019-11-25,105.1,105.78,104.88,105.5,2015170
AFLT,2019-11-26,105.54,106.36,105.28,105.28,3955510
AFLT,2019-11-27,105.52,105.96,105.2,105.42,1827830
AFLT,2019-11-28,105.6,106.06,104.56,104.56,2049120
AFLT,2019-11-29,104.5,105.58,102.6,102.84,6645560
AFLT,2019-12-02,103.0,104.24,101.74,102.24,7032780
AFLT,2019-12-03,102.28,102.4,100.48,100.7,4704750
AFLT,2019-12-04,101.0,101.44,99.76,101.2,5457130
AFLT,2019-12-05,101.18,102.42,101.18,102.18,1728720
AFLT,2019-12-06,102.36,102.66,101.7,102.2,1047020
AFLT,2019-12-09,102.32,103.2,101.88,103.08,1774270
AFLT,2019-12-10,102.7,103.14,101.2,102.02,2851860
AFLT,2019-12-11,102.2,104.04,101.92,103.94,7581010
AFLT,2019-12-12,104.04,105.86,104.04,105.1,10698580
AFLT,2019-12-13,105.46,105.7,104.24,104.98,4140800
AFLT,2019-12-16,105.1,105.44,104.42,105.1,5412750
AFLT,2019-12-17,104.96,106.02,104.9,105.76,5639460
AFLT,2019-12-18,105.5,105.84,104.8,105.0,3826930
AFLT,2019-12-19,105.4,105.4,104.04,104.48,4166790
AFLT,2019-12-20,104.4,104.84,103.2,103.7,3720130
AFLT,2019-12-23,103.74,104.24,103.52,104.08,3308980
AFLT,2019-12-24,104.1,104.2,103.04,103.08,3270220
AFLT,2019-12-25,103.1,103.48,102.8,103.34,1820330
AFLT,2019-12-26,102.9,104.08,102.9,103.94,1567340
AFLT,2019-12-27,103.88,104.36,103.42,103.78,3069750
AFLT,2019-12-30,103.78,104.18,103.5,103.5,1920070
AFLT,2020-01-03,103.32,103.9,103.12,103.34,2502890
AFLT,2020-01-06,103.22,103.8,103.0,103.52,1905060
AFLT,2020-01-08,103.02,103.68,102.42,102.88,3041540
AFLT,2020-01-09,103.2,105.18,103.14,104.5,6643990
AFLT,2020-01-10,104.82,105.88,104.22,105.04,5788320
AFLT,2020-01-13,105.5,105.78,105.1,105.3,3994660
AFLT,2020-01-14,105.6,110.2,105.36,108.5,20367160
AFLT,2020-01-15,108.6,111.78,108.5,110.7,16543520
AFLT,2020-01-16,111.02,112.0,109.82,109.86,6836700
AFLT,2020-01-17,109.86,111.34,109.32,110.74,5104780
AFLT,2020-01-20,110.9,115.58,110.68,115.0,17640010
AFLT,2020-01-21,115.0,115.16,113.26,113.9,7042690
AFLT,2020-01-22,114.28,115.38,112.54,114.58,11003340
AFLT,2020-01-23,114.2,117.2,112.66,115.5,14840580
AFLT,2020-01-24,116.0,116.26,114.7,114.82,6761550
AFLT,2020-01-27,112.9,112.9,108.3,110.7,25643150
AFLT,2020-01-28,110.8,110.8,107.02,108.8,15650950
AFLT,2020-01-29,109.28,109.68,107.74,108.0,14599020
AFLT,2020-01-30,107.02,109.4,105.74,107.8,16809490
AFLT,2020-01-31,108.52,108.8,107.04,107.4,7155060
AFLT,2020-02-03,106.96,109.9,106.46,109.3,9854340
AFLT,2020-02-04,110.28,113.34,109.78,111.94,18792540
AFLT,2020-02-05,112.5,118.28,112.22,117.46,28124630
AFLT,2020-02-06,118.08,120.8,117.66,118.98,18836770
AFLT,2020-02-07,119.0,119.8,117.0,119.62,8335470
AFLT,2020-02-10,119.7,121.0,117.26,118.3,12871950
AFLT,2020-02-11,118.44,119.48,116.16,117.38,10070250
AFLT,2020-02-12,117.78,119.82,117.32,119.52,5956340
AFLT,2020-02-13,119.1,121.64,118.4,119.5,9718160
AFLT,2020-02-14,119.7,119.86,118.14,119.4,3597820
AFLT,2020-02-17,119.7,120.4,119.5,120.3,3476980
AFLT,2020-02-18,120.1,120.1,116.52,117.7,6830990
AFLT,2020-02-19,117.52,119.2,116.76,117.4,6071510
AFLT,2020-02-20,118.02,118.4,115.4,115.96,6317060
AFLT,2020-02-21,115.7,116.48,114.3,115.86,4668520
AFLT,2020-02-25,112.5,113.86,109.5,109.8,17019110
AFLT,2020-02-26,109.0,109.0,104.58,108.22,18743020
AFLT,2020-02-27,106.7,107.04,100.14,100.24,29743790
AFLT,2020-02-28,97.66,98.22,90.1,92.94,43955500
AFLT,2020-03-02,95.46,99.7,91.32,93.18,40651610
AFLT,2020-03-03,95.98,96.5,92.76,93.84,22648720
AFLT,2020-03-04,93.5,93.58,91.32,92.6,13790960
AFLT,2020-03-05,93.0,93.64,88.52,89.54,23905010
AFLT,2020-03-06,86.0,87.26,83.04,85.08,38353380
AFLT,2020-03-10,77.0,84.94,75.02,80.2,36514230
AFLT,2020-03-11,80.22,81.78,76.8,77.82,25814790
AFLT,2020-03-12,72.0,75.0,67.76,71.08,41626520
AFLT,2020-03-13,69.66,76.18,69.0,73.96,31535760
AFLT,2020-03-16,71.5,71.5,65.0,68.68,41143550
AFLT,2020-03-17,67.02,69.78,62.7,64.58,44751510
AFLT,2020-03-18,63.28,63.28,56.52,56.7,64432890
AFLT,2020-03-19,55.84,59.84,51.02,58.62,66723490
AFLT,2020-03-20,59.9,69.46,59.9,64.32,97557050
AFLT,2020-03-23,60.04,66.2,58.0,62.7,63992600
AFLT,2020-03-24,66.0,69.22,65.04,68.42,45557370
AFLT,2020-03-25,71.1,78.56,66.0,72.68,127368180
AFLT,2020-03-26,71.24,72.56,67.62,70.6,48053640
AFLT,2020-03-27,71.0,72.0,65.8,66.78,45120870
AFLT,2020-03-30,65.68,66.7,62.88,65.48,35347770
AFLT,2020-03-31,66.04,69.2,66.04,68.38,41343120
AFLT,2020-04-01,67.0,68.3,66.5,68.0,20774970
AFLT,2020-04-02,69.56,71.4,66.16,68.8,32450110
AFLT,2020-04-03,68.6,70.68,68.04,69.86,26220510
AFLT,2020-04-06,70.28,73.36,69.06,72.72,32665120
AFLT,2020-04-07,74.44,77.9,74.16,75.82,52842350
AFLT,2020-04-08,75.06,77.0,74.84,77.0,23474680
AFLT,2020-04-09,77.72,79.58,77.32,78.48,28958410
AFLT,2020-04-10,78.0,78.84,76.82,78.8,10966050
AFLT,2020-04-13,78.8,79.5,75.26,76.5,20949140
AFLT,2020-04-14,76.74,77.5,75.08,75.36,16237850
AFLT,2020-04-15,75.04,75.12,71.72,72.1,36217420
AFLT,2020-04-16,72.44,74.44,70.7,73.42,23389620
AFLT,2020-04-17,74.94,75.48,72.52,74.2,17887210
AFLT,2020-04-20,74.18,74.3,72.82,73.28,10511170
AFLT,2020-04-21,72.02,74.44,71.4,73.94,17949080
AFLT,2020-04-22,73.9,75.96,73.36,75.12,15081930
AFLT,2020-04-23,75.5,76.52,74.34,75.0,14252860
AFLT,2020-04-24,74.96,74.98,73.2,73.62,11078960
AFLT,2020-04-27,74.0,74.8,73.8,74.38,6135420
AFLT,2020-04-28,74.5,75.9,74.1,75.44,11172210
AFLT,2020-04-29,75.7,76.88,75.32,76.5,14049070
AFLT,2020-04-30,76.8,77.86,74.42,75.76,19867740
AFLT,2020-05-04,75.0,75.0,73.2,74.4,10390310
AFLT,2020-05-05,75.0,75.88,74.52,75.7,6368670
AFLT,2020-05-06,75.9,76.24,75.02,75.3,5599480
AFLT,2020-05-07,75.48,75.98,73.6,74.1,15265600
AFLT,2020-05-08,74.78,74.78,72.3,72.88,15399450
AFLT,2020-05-12,73.0,73.42,71.9,72.32,12160070
AFLT,2020-05-13,72.4,73.36,71.4,72.0,14662790
AFLT,2020-05-14,71.9,72.9,71.66,72.16,9235010
AFLT,2020-05-15,72.32,72.8,70.7,70.94,15508390
AFLT,2020-05-18,71.82,71.9,70.04,71.56,19618880
AFLT,2020-05-19,72.0,73.2,71.78,72.62,16191130
AFLT,2020-05-20,72.84,73.48,72.2,73.02,14209360
AFLT,2020-05-21,73.28,74.0,72.14,72.68,14361120
AFLT,2020-05-22,72.18,73.1,70.9,73.0,11964990
AFLT,2020-05-25,73.38,73.9,72.72,73.6,11739850
AFLT,2020-05-26,74.0,75.24,73.72,74.46,19779520
AFLT,2020-05-27,74.46,79.7,74.16,77.9,57844870
AFLT,2020-05-28,78.58,79.7,77.86,79.2,25038330
AFLT,2020-05-29,79.1,79.54,76.88,78.06,21170340
AFLT,2020-06-01,78.42,82.7,78.42,81.88,37141390
AFLT,2020-06-02,82.66,85.0,81.9,84.4,39049070
AFLT,2020-06-03,85.04,87.6,84.7,86.6,37456610
AFLT,2020-06-04,86.6,89.0,85.1,85.96,33200270
AFLT,2020-06-05,86.5,89.88,85.64,89.8,35262180
AFLT,2020-06-08,90.54,95.7,90.16,95.7,74031460
AFLT,2020-06-09,96.72,97.74,91.58,92.4,60058770
AFLT,2020-06-10,92.62,93.98,87.58,89.28,58575580
AFLT,2020-06-11,87.94,88.84,85.24,87.7,35197190
AFLT,2020-06-15,85.5,88.24,83.62,87.64,29667020
AFLT,2020-06-16,89.0,90.86,88.7,89.6,26596550
AFLT,2020-06-17,90.26,90.34,84.68,85.0,30282410
AFLT,2020-06-18,82.88,84.14,80.34,81.0,64710490
AFLT,2020-06-19,81.5,83.2,81.16,81.7,29755530
AFLT,2020-06-22,81.72,83.98,80.26,82.1,18502950
AFLT,2020-06-23,82.04,82.48,80.4,81.2,16848930
AFLT,2020-06-25,79.78,80.8,78.22,80.58,21559860
AFLT,2020-06-26,80.5,81.44,78.76,79.38,14677280
AFLT,2020-06-29,79.0,83.0,77.44,82.9,37790740
AFLT,2020-06-30,82.82,83.62,80.98,82.34,23644570
AFLT,2020-07-02,82.36,84.22,81.4,81.62,18886540
AFLT,2020-07-03,80.9,81.38,79.56,80.98,19891100
AFLT,2020-07-06,81.36,82.64,80.5,81.24,18364020
AFLT,2020-07-07,81.0,81.42,80.12,80.28,9040480
AFLT,2020-07-08,80.36,81.38,80.12,80.9,7488770
AFLT,2020-07-09,80.9,82.0,80.4,80.88,12812560
AFLT,2020-07-10,80.5,81.76,80.22,81.56,8775490
AFLT,2020-07-13,81.62,82.7,80.44,80.84,9541400
AFLT,2020-07-14,81.0,81.68,79.64,81.66,13644770
AFLT,2020-07-15,81.8,83.3,81.26,83.3,15488180
AFLT,2020-07-16,82.44,83.32,82.08,82.3,7861100
AFLT,2020-07-17,82.08,83.34,82.08,83.2,7654660
AFLT,2020-07-20,83.26,84.96,82.6,84.44,13001500
AFLT,2020-07-21,85.2,87.94,84.88,87.56,26373090
AFLT,2020-07-22,88.0,88.78,85.2,86.08,19342010
AFLT,2020-07-23,86.12,86.92,84.7,85.14,9780430
AFLT,2020-07-24,85.44,89.4,84.28,88.36,32634200
AFLT,2020-07-27,88.64,89.5,86.44,87.64,15966860
AFLT,2020-07-28,87.3,87.66,82.86,83.74,45788720
AFLT,2020-07-29,83.46,84.36,82.1,83.5,16425960
AFLT,2020-07-30,83.68,83.8,81.7,82.54,17010730
AFLT,2020-07-31,82.54,83.54,82.18,83.2,11813360
AFLT,2020-08-03,83.2,84.28,83.18,83.86,11802430
AFLT,2020-08-04,83.72,84.08,81.72,82.08,20185530
AFLT,2020-08-05,82.08,82.72,80.52,81.96,21515500
AFLT,2020-08-06,80.0,83.12,78.22,82.06,34549820
AFLT,2020-08-07,81.8,82.18,81.38,81.48,13322540
AFLT,2020-08-10,81.6,83.2,81.56,83.0,16506520
AFLT,2020-08-11,83.2,83.8,82.7,83.22,13546560
AFLT,2020-08-12,83.58,89.18,83.12,85.82,68586070
AFLT,2020-08-13,85.5,88.0,85.48,86.26,20758990
AFLT,2020-08-14,86.12,86.9,85.14,86.1,8173950
AFLT,2020-08-17,86.22,86.6,84.4,84.96,5773050
AFLT,2020-08-18,85.06,85.14,83.12,83.44,9721850
AFLT,2020-08-19,83.56,83.92,82.46,83.5,6179910
AFLT,2020-08-20,83.48,83.84,82.8,83.26,4888610
AFLT,2020-08-21,83.22,83.88,82.6,83.12,4429020
AFLT,2020-08-24,83.94,84.36,83.46,84.12,4703810
AFLT,2020-08-25,84.18,91.18,81.82,83.0,6381500
AFLT,2020-08-26,83.04,83.94,82.86,83.38,5850490
AFLT,2020-08-27,83.38,83.4,82.38,82.86,4215460
AFLT,2020-08-28,83.02,83.08,81.9,82.24,4433850
AFLT,2020-08-31,82.62,82.88,80.0,81.02,10981170
AFLT,2020-09-01,80.84,82.4,80.24,82.14,7722520
AFLT,2020-09-02,82.02,82.6,80.88,81.4,5070520
AFLT,2020-09-03,81.5,82.5,80.78,80.86,7595140
AFLT,2020-09-04,81.28,82.32,80.6,81.8,4100330
AFLT,2020-09-07,81.8,82.32,81.32,81.96,1877530
AFLT,2020-09-08,81.94,82.26,80.68,81.26,5291780
AFLT,2020-09-09,81.14,82.2,80.96,81.98,4074520
AFLT,2020-09-10,82.1,82.12,81.16,81.66,3610250
AFLT,2020-09-11,81.54,82.8,81.4,81.72,4502250
AFLT,2020-09-14,82.0,82.5,80.7,82.04,9390560
AFLT,2020-09-15,82.22,82.44,81.78,82.38,4398780
AFLT,2020-09-16,82.14,83.76,82.14,82.66,6288190
AFLT,2020-09-17,82.32,83.08,82.02,82.2,5201490
AFLT,2020-09-18,82.4,82.4,81.2,81.78,6229840
AFLT,2020-09-21,80.98,81.0,77.58,79.3,12191710
AFLT,2020-09-22,79.12,79.3,76.86,77.8,8685540
AFLT,2020-09-23,77.66,77.88,76.48,77.12,6990570
AFLT,2020-09-24,77.46,77.46,75.54,75.7,8808390
AFLT,2020-09-25,76.0,76.46,73.1,74.18,12531080
AFLT,2020-09-28,74.2,76.38,73.24,75.78,9023570
AFLT,2020-09-29,76.44,76.44,73.58,74.42,9714570
AFLT,2020-09-30,74.12,74.7,73.7,74.12,5019530
AFLT,2020-10-01,74.36,74.36,70.5,71.16,13251380
AFLT,2020-10-02,70.0,71.64,68.0,69.0,23375230
AFLT,2020-10-05,69.0,69.2,65.0,65.74,36467180
AFLT,2020-10-06,65.66,69.14,65.02,67.56,36129200
AFLT,2020-10-07,67.7,68.3,64.72,65.86,27545600
AFLT,2020-10-08,64.0,64.92,61.8,62.72,49538490
AFLT,2020-10-09,60.66,61.5,59.0,60.26,111134380
AFLT,2020-10-12,60.92,60.94,59.4,59.66,38494240
AFLT,2020-10-13,59.5,59.8,57.66,57.68,51910160
AFLT,2020-10-14,57.8,59.34,57.12,59.06,40161570
AFLT,2020-10-15,59.2,59.6,57.16,57.98,31929580
AFLT,2020-10-16,58.14,59.14,57.66,58.2,25915430
AFLT,2020-10-19,58.2,58.88,57.9,58.56,15591320
AFLT,2020-10-20,58.56,58.7,57.48,58.4,23811750
AFLT,2020-10-21,58.14,58.86,58.0,58.42,11707670
AFLT,2020-10-22,58.4,59.62,58.26,59.6,24077390
AFLT,2020-10-23,59.48,60.58,59.48,59.82,20266090
AFLT,2020-10-26,59.72,60.3,58.04,58.44,22442500
AFLT,2020-10-27,58.6,58.66,57.1,57.58,23108070
AFLT,2020-10-28,57.46,57.7,55.02,55.08,41765560
AFLT,2020-10-29,55.16,57.44,54.5,56.72,26536450
AFLT,2020-10-30,55.9,57.88,55.3,57.3,37367270
AFLT,2020-11-02,57.24,57.26,55.1,56.48,23443560
AFLT,2020-11-03,56.92,58.7,56.54,58.0,26689320
AFLT,2020-11-05,58.68,60.1,58.06,58.94,33945380
AFLT,2020-11-06,59.0,59.86,58.4,59.66,20941110
AFLT,2020-11-09,60.0,68.1,58.8,65.12,157878300
AFLT,2020-11-10,64.94,66.2,63.72,65.34,55222530
AFLT,2020-11-11,65.36,67.78,65.34,66.94,52785630
AFLT,2020-11-12,66.48,66.8,64.8,64.96,29441040
AFLT,2020-11-13,65.4,67.3,64.36,67.3,42241300
AFLT,2020-11-16,67.7,70.2,67.7,69.44,63371930
AFLT,2020-11-17,69.68,70.04,66.34,67.5,44576440
AFLT,2020-11-18,67.3,69.8,66.94,68.08,45368790
AFLT,2020-11-19,68.36,69.22,67.1,68.54,28950640
AFLT,2020-11-20,68.2,69.22,68.02,68.98,14724470
AFLT,2020-11-23,69.0,70.1,68.82,69.48,23031280
AFLT,2020-11-24,69.72,72.62,69.36,72.62,56199360
AFLT,2020-11-25,72.74,74.98,70.76,72.18,67317020
AFLT,2020-11-26,72.26,73.08,70.32,71.24,33621190
AFLT,2020-11-27,71.14,72.28,70.4,72.0,23085080
AFLT,2020-11-30,71.6,72.62,70.7,71.66,24769580
AFLT,2020-12-01,72.1,72.42,71.46,72.18,18647290
AFLT,2020-12-02,72.0,72.5,71.7,72.5,15801710
AFLT,2020-12-03,72.28,74.32,72.24,74.0,34266650
AFLT,2020-12-04,74.2,75.48,73.34,74.14,36948050
AFLT,2020-12-07,74.22,75.12,73.6,74.0,25689540
AFLT,2020-12-08,74.0,74.0,71.36,72.7,28608330
AFLT,2020-12-09,72.96,73.26,71.52,72.0,20086090
AFLT,2020-12-10,71.98,72.4,71.1,72.18,19649570
AFLT,2020-12-11,71.96,73.08,71.1,71.76,22949290
AFLT,2020-12-14,71.88,72.24,69.54,71.08,28661340
AFLT,2020-12-15,70.8,71.1,69.6,70.24,18541630
AFLT,2020-12-16,70.1,71.48,69.76,71.46,18406370
AFLT,2020-12-17,71.5,72.2,70.6,71.1,23210170
AFLT,2020-12-18,71.0,72.38,70.74,71.4,36988650
AFLT,2020-12-21,70.82,70.9,66.54,68.76,55398500
AFLT,2020-12-22,67.98,69.7,67.5,68.74,21158790
AFLT,2020-12-23,68.62,69.88,68.32,69.42,11656920
AFLT,2020-12-24,69.5,69.66,68.72,68.98,9188070
AFLT,2020-12-25,69.34,69.34,68.68,69.14,5475150
AFLT,2020-12-28,69.24,70.26,69.12,69.62,10948870
AFLT,2020-12-29,69.84,71.64,69.5,70.62,21641070
AFLT,2020-12-30,70.76,71.98,70.66,71.44,18660010
AFLT,2021-01-04,71.76,73.1,71.6,72.06,17724460
AFLT,2021-01-05,72.0,72.86,71.8,72.74,13120660
AFLT,2021-01-06,72.88,73.78,72.62,72.96,18478850
AFLT,2021-01-08,73.3,73.82,73.0,73.58,16300610
AFLT,2021-01-11,73.38,74.56,72.68,74.08,26110910
AFLT,2021-01-12,73.94,74.54,73.12,74.18,16566970
AFLT,2021-01-13,74.12,74.38,72.92,73.5,13254180
AFLT,2021-01-14,73.4,73.76,72.74,73.16,14637730
AFLT,2021-01-15,73.0,73.6,72.08,72.3,14506000
AFLT,2021-01-18,72.5,73.0,72.22,72.78,10102260
AFLT,2021-01-19,72.96,74.3,72.68,73.72,24378410
AFLT,2021-01-20,73.68,74.28,73.3,73.72,12754380
AFLT,2021-01-21,73.84,73.98,72.24,72.5,13268930
AFLT,2021-01-22,72.46,72.74,71.12,71.84,17731400
AFLT,2021-01-25,72.18,72.46,70.2,71.14,26563250
AFLT,2021-01-26,70.9,71.1,70.22,70.76,14965810
AFLT,2021-01-27,70.76,71.16,69.72,69.88,20642700
AFLT,2021-01-28,69.7,71.1,69.12,71.0,40636230
AFLT,2021-01-29,71.0,71.1,69.72,69.88,16064170
AFLT,2021-02-01,70.28,70.56,69.38,70.34,10880520
AFLT,2021-02-02,70.46,71.04,69.74,70.14,13370970
AFLT,2021-02-03,70.62,70.92,70.16,70.68,12141870
AFLT,2021-02-04,70.7,71.08,70.3,70.56,9551450
AFLT,2021-02-05,70.7,71.08,70.38,70.82,11157190
AFLT,2021-02-08,71.02,71.46,70.62,71.08,19635580
AFLT,2021-02-09,71.12,71.28,70.0,70.34,20396740
AFLT,2021-02-10,70.38,70.6,68.3,69.18,30236780
AFLT,2021-02-11,69.02,69.46,68.64,68.86,11670370
AFLT,2021-02-12,68.94,69.4,68.04,69.28,15544110
AFLT,2021-02-15,69.48,69.8,68.82,69.62,16695320
AFLT,2021-02-16,69.78,69.78,68.82,69.5,18100690
AFLT,2021-02-17,69.24,69.68,68.96,69.18,20701540
AFLT,2021-02-18,69.3,69.4,68.64,68.8,14477690
AFLT,2021-02-19,68.72,69.16,68.66,69.02,15412250
AFLT,2021-02-20,69.04,69.28,69.0,69.14,2857660
AFLT,2021-02-22,69.02,69.54,68.94,69.2,10678660
AFLT,2021-02-24,69.12,71.06,68.8,70.3,27793010
AFLT,2021-02-25,70.38,70.74,69.44,69.44,13431680
AFLT,2021-02-26,69.4,70.14,68.9,69.66,12189210
AFLT,2021-03-01,69.9,70.4,69.52,69.92,11153680
AFLT,2021-03-02,69.84,71.1,69.78,71.1,19930570
AFLT,2021-03-03,71.2,71.7,70.1,70.6,20993850
AFLT,2021-03-04,70.6,70.8,69.2,69.44,14615550
AFLT,2021-03-05,69.5,69.84,68.72,69.28,17474430
AFLT,2021-03-09,69.58,69.9,69.06,69.66,14128460
AFLT,2021-03-10,69.48,70.28,69.4,69.86,13142030
AFLT,2021-03-11,70.1,70.12,69.4,70.0,13586320
AFLT,2021-03-12,69.9,70.1,69.4,69.86,11692120
AFLT,2021-03-15,70.14,71.06,69.84,70.82,20166250
AFLT,2021-03-16,70.96,71.54,70.02,70.5,19543350
AFLT,2021-03-17,70.48,70.72,69.28,70.02,17105840
AFLT,2021-03-18,69.92,70.12,68.14,69.18,13331820
AFLT,2021-03-19,69.48,70.1,69.06,69.8,11709760
AFLT,2021-03-22,69.8,70.0,69.0,69.26,9774460
AFLT,2021-03-23,69.32,69.32,67.2,67.72,27352000
AFLT,2021-03-24,67.72,68.0,65.4,65.9,35825540
AFLT,2021-03-25,65.94,66.66,65.2,66.14,19855330
AFLT,2021-03-26,66.46,68.38,66.32,68.0,22063870
AFLT,2021-03-29,67.9,68.28,67.2,67.46,14267160
AFLT,2021-03-30,67.64,67.8,66.3,66.84,17049880
AFLT,2021-03-31,66.84,67.7,66.64,67.44,13878200
AFLT,2021-04-01,67.56,67.8,66.7,67.16,14927900
AFLT,2021-04-02,67.32,67.5,67.06,67.5,6501460
AFLT,2021-04-05,67.34,67.78,67.0,67.32,9152720
AFLT,2021-04-06,67.3,67.54,66.56,66.88,9184980
AFLT,2021-04-07,66.94,67.32,66.38,67.02,7602420
AFLT,2021-04-08,67.12,67.22,66.4,66.8,10257330
AFLT,2021-04-09,66.94,66.94,66.12,66.28,8953820
AFLT,2021-04-12,66.28,67.2,66.02,66.52,10521450
AFLT,2021-04-13,66.5,66.54,65.28,65.76,17081660
AFLT,2021-04-14,65.42,66.16,65.26,65.8,17403270
AFLT,2021-04-15,65.52,65.88,65.0,65.62,23448300
AFLT,2021-04-16,65.54,66.94,65.4,66.48,19582750
AFLT,2021-04-19,66.3,66.5,65.34,65.48,15396340
AFLT,2021-04-20,65.58,65.68,64.0,64.48,35557220
AFLT,2021-04-21,64.5,64.6,63.02,63.6,31764620
AFLT,2021-04-22,63.78,64.62,63.04,64.48,17003210
AFLT,2021-04-23,64.3,65.42,64.28,65.3,17491510
AFLT,2021-04-26,65.3,66.48,64.76,66.04,16520500
AFLT,2021-04-27,66.12,66.32,65.28,65.54,11514710
AFLT,2021-04-28,65.7,65.74,64.6,65.0,9486780
AFLT,2021-04-29,65.02,65.42,64.54,64.9,6847590
AFLT,2021-04-30,64.8,65.08,64.02,64.54,8303780
AFLT,2021-05-04,64.4,65.46,64.4,65.18,10050080
AFLT,2021-05-05,65.3,65.7,65.0,65.22,9201910
AFLT,2021-05-06,65.26,65.58,65.1,65.4,6082580
AFLT,2021-05-07,65.5,65.88,65.14,65.64,6330320
AFLT,2021-05-10,65.98,67.12,65.82,66.88,16497690
AFLT,2021-05-11,66.82,66.88,65.56,66.32,10626730
AFLT,2021-05-12,66.4,66.72,65.74,65.9,9033320
AFLT,2021-05-13,66.0,67.08,65.32,66.6,14400610
AFLT,2021-05-14,66.72,67.36,66.56,67.32,7961040
AFLT,2021-05-17,67.5,71.06,67.5,70.6,53828920
AFLT,2021-05-18,70.96,72.3,70.02,70.92,38200510
AFLT,2021-05-19,71.0,71.46,68.22,69.5,26232800
AFLT,2021-05-20,69.7,70.32,68.68,70.08,13036770
AFLT,2021-05-21,70.32,71.36,69.94,70.86,14841660
AFLT,2021-05-24,71.36,72.4,71.12,71.68,19128100
AFLT,2021-05-25,71.84,72.2,70.6,71.34,10838080
AFLT,2021-05-26,71.52,71.84,69.88,70.72,14574260
AFLT,2021-05-27,70.72,71.72,70.0,71.12,21616910
AFLT,2021-05-28,71.2,71.3,69.38,69.94,18811710
AFLT,2021-05-31,69.92,70.34,69.82,70.06,7704600
AFLT,2021-06-01,70.1,71.36,70.08,71.06,16562770
AFLT,2021-06-02,71.1,71.32,70.42,71.24,11290390
AFLT,2021-06-03,71.36,71.82,70.82,71.5,12998110
AFLT,2021-06-04,71.5,71.58,70.82,71.44,9304980
AFLT,2021-06-07,71.44,71.72,71.0,71.34,8994030
AFLT,2021-06-08,71.4,71.48,71.0,71.38,6287280
AFLT,2021-06-09,71.42,73.9,71.32,73.72,42789420
AFLT,2021-06-10,73.92,74.6,72.5,73.34,28971570
AFLT,2021-06-11,73.62,74.1,72.92,73.58,16540180
AFLT,2021-06-14,73.4,73.58,72.1,72.28,16769210
AFLT,2021-06-15,72.46,72.46,70.5,71.06,20382770
AFLT,2021-06-16,70.66,71.44,69.7,70.16,23974590
AFLT,2021-06-17,69.98,70.68,69.12,69.9,20158380
AFLT,2021-06-18,69.96,71.82,69.42,71.4,27773800
AFLT,2021-06-21,71.5,72.2,70.5,71.1,12781590
AFLT,2021-06-22,71.4,71.9,70.9,71.68,9490570
AFLT,2021-06-23,71.8,72.0,70.06,70.58,15883980
AFLT,2021-06-24,70.66,70.66,68.8,69.14,20965900
AFLT,2021-06-25,69.16,70.62,69.16,69.98,15209830
AFLT,2021-06-28,69.98,70.4,69.1,69.32,12448580
AFLT,2021-06-29,69.2,69.42,67.38,68.06,22130010
AFLT,2021-06-30,68.06,68.78,67.2,68.6,18053940
AFLT,2021-07-01,68.62,68.8,68.12,68.54,6521030
AFLT,2021-07-02,68.5,68.88,68.22,68.58,5561310
AFLT,2021-07-05,68.6,69.48,68.6,69.34,7382620
AFLT,2021-07-06,69.48,69.68,68.2,68.5,9246070
AFLT,2021-07-07,68.5,68.84,68.0,68.34,6059380
AFLT,2021-07-08,68.2,68.72,67.56,68.5,9565600
AFLT,2021-07-09,68.6,69.14,68.18,68.74,8232930
AFLT,2021-07-12,68.88,68.96,68.4,68.84,3722960
AFLT,2021-07-13,68.9,69.08,68.18,68.28,6482590
AFLT,2021-07-14,68.1,68.36,67.82,68.04,8052820
AFLT,2021-07-15,68.3,68.3,67.66,67.76,5920870
AFLT,2021-07-16,67.76,67.92,66.6,66.78,11127310
AFLT,2021-07-19,66.58,66.72,65.8,66.7,11226030
AFLT,2021-07-20,66.8,68.08,66.7,67.68,9626110
AFLT,2021-07-21,68.0,68.02,67.22,67.8,5017290
AFLT,2021-07-22,67.8,67.8,66.76,67.22,7373860
AFLT,2021-07-23,67.28,67.34,66.8,66.94,3659230
AFLT,2021-07-26,66.54,67.0,66.02,66.4,8491550
AFLT,2021-07-27,66.3,66.48,65.72,66.1,6320480
AFLT,2021-07-28,66.28,67.44,66.12,67.44,7398420
AFLT,2021-07-29,67.4,67.78,67.04,67.24,5974780
AFLT,2021-07-30,67.16,67.62,66.74,67.16,6127370
AFLT,2021-08-02,67.64,67.94,66.32,66.78,9617140
AFLT,2021-08-03,66.94,67.38,66.64,67.24,4385060
AFLT,2021-08-04,67.4,67.46,66.64,66.78,5325510
AFLT,2021-08-05,66.66,67.58,66.66,67.32,7478060
AFLT,2021-08-06,67.32,67.42,66.72,66.86,4335840
AFLT,2021-08-09,66.98,67.26,66.72,66.9,4945500
AFLT,2021-08-10,67.24,67.32,66.88,67.04,4720650
AFLT,2021-08-11,67.16,67.28,66.92,67.12,3638110
AFLT,2021-08-12,67.2,67.3,66.8,67.0,3832420
AFLT,2021-08-13,67.0,67.1,66.52,66.8,3350370
AFLT,2021-08-16,66.72,66.98,66.4,66.92,3898670
AFLT,2021-08-17,66.94,67.34,66.72,67.0,4388010
AFLT,2021-08-18,67.12,69.3,67.02,67.92,22364900
AFLT,2021-08-19,67.92,68.0,66.32,67.2,13573680
AFLT,2021-08-20,67.2,67.5,67.12,67.14,3350550
AFLT,2021-08-23,67.3,68.8,67.3,68.44,7988340
AFLT,2021-08-24,68.5,68.72,67.84,68.28,5534470
AFLT,2021-08-25,68.3,68.58,68.04,68.22,3219750
AFLT,2021-08-26,68.26,68.4,67.68,68.06,4332160
AFLT,2021-08-27,68.06,69.12,67.46,68.64,7602050
AFLT,2021-08-30,68.66,69.86,68.66,69.28,15948550
AFLT,2021-08-31,69.28,69.78,69.06,69.32,9525800
AFLT,2021-09-01,69.58,70.38,69.16,69.48,13387050
AFLT,2021-09-02,69.48,69.9,69.12,69.42,6611510
AFLT,2021-09-03,69.46,69.98,69.18,69.4,6306410
AFLT,2021-09-06,69.5,69.72,68.66,68.8,7622380
AFLT,2021-09-07,68.76,69.12,67.88,68.16,12865380
AFLT,2021-09-08,68.16,68.16,67.04,67.44,12644780
AFLT,2021-09-09,67.4,67.4,66.56,66.74,9324500
AFLT,2021-09-10,66.5,67.5,66.5,66.98,5823810
AFLT,2021-09-13,67.12,67.58,66.96,67.38,5288970
AFLT,2021-09-14,67.6,67.64,66.92,66.98,4869720
AFLT,2021-09-15,66.9,67.16,66.66,67.02,5596900
AFLT,2021-09-16,67.2,67.2,66.28,66.64,8494280
AFLT,2021-09-17,66.7,67.08,66.62,66.8,5362260
AFLT,2021-09-20,66.8,66.84,65.84,66.16,6602330
AFLT,2021-09-21,66.22,67.18,66.2,67.12,7910180
AFLT,2021-09-22,67.34,67.5,66.62,67.28,6741160
AFLT,2021-09-23,67.48,67.48,66.74,67.1,5808550
AFLT,2021-09-24,67.02,69.36,66.84,69.1,23180410
AFLT,2021-09-27,69.1,71.44,68.32,70.4,30605980
AFLT,2021-09-28,70.5,70.74,68.2,69.12,16247900
AFLT,2021-09-29,68.9,72.0,68.8,69.9,21019830
AFLT,2021-09-30,70.12,71.8,69.3,69.96,17756590
AFLT,2021-10-01,69.9,70.98,69.06,70.0,10304320
AFLT,2021-10-04,70.38,70.38,69.02,69.22,8685760
AFLT,2021-10-05,69.22,70.06,69.04,69.86,9100880
AFLT,2021-10-06,70.0,71.5,69.16,70.64,21657530
AFLT,2021-10-07,71.0,71.78,70.64,71.06,14335810
AFLT,2021-10-08,71.58,72.04,70.46,70.98,14114530
AFLT,2021-10-11,71.0,71.2,70.22,70.36,5865680
AFLT,2021-10-12,70.18,70.88,70.02,70.7,5273290
AFLT,2021-10-13,70.46,70.8,69.78,70.22,7190890
AFLT,2021-10-14,70.22,70.38,69.8,70.08,6520250
AFLT,2021-10-15,70.08,70.26,69.5,69.68,4943460
AFLT,2021-10-18,69.6,70.1,69.34,69.76,5729730
AFLT,2021-10-19,69.82,69.98,69.02,69.26,6481380
AFLT,2021-10-20,69.04,69.24,68.2,68.58,7080190
AFLT,2021-10-21,68.5,69.16,67.12,67.64,11607690
AFLT,2021-10-22,67.7,68.32,67.66,67.9,6149140
AFLT,2021-10-25,67.12,68.5,67.12,67.84,5002430
AFLT,2021-10-26,67.86,68.0,67.5,67.52,3699440
AFLT,2021-10-27,67.5,68.94,67.16,68.94,8008840
AFLT,2021-10-28,68.6,69.38,67.56,68.18,10050670
AFLT,2021-10-29,68.14,69.34,67.74,68.48,11077830
AFLT,2021-11-01,68.48,68.82,67.72,67.98,5686070
AFLT,2021-11-02,68.0,68.34,67.3,67.64,5492950
AFLT,2021-11-03,67.54,68.16,67.14,67.92,4336210
AFLT,2021-11-05,67.9,68.5,67.82,68.42,4560080
AFLT,2021-11-08,68.48,69.4,68.48,68.8,8149840
AFLT,2021-11-09,68.88,69.18,68.32,68.6,5777120
AFLT,2021-11-10,68.98,68.98,67.66,67.84,7705830
AFLT,2021-11-11,67.2,67.38,66.28,67.08,23281400
AFLT,2021-11-12,67.0,67.44,65.1,65.98,19532910
AFLT,2021-11-15,66.0,67.78,66.0,67.68,14305790
AFLT,2021-11-16,67.8,68.06,66.92,67.1,6266490
AFLT,2021-11-17,67.32,67.4,66.6,66.92,4873160
AFLT,2021-11-18,67.0,67.54,66.74,67.14,7376740
AFLT,2021-11-19,67.2,67.42,65.22,66.04,11912650
AFLT,2021-11-22,66.2,66.52,64.86,65.2,13919440
AFLT,2021-11-23,65.2,65.2,63.16,64.72,23624410
AFLT,2021-11-24,64.78,65.1,64.1,64.22,7095460
AFLT,2021-11-25,64.5,64.78,64.2,64.7,4864940
AFLT,2021-11-26,63.5,63.66,59.88,60.98,31806620
AFLT,2021-11-29,61.8,62.48,60.84,61.1,15893990
AFLT,2021-11-30,60.44,61.28,59.22,60.32,19411600
AFLT,2021-12-01,60.58,63.2,60.58,62.0,15514390
AFLT,2021-12-02,62.04,64.76,61.24,62.84,19029500
AFLT,2021-12-03,63.2,63.42,61.78,62.26,7084360
AFLT,2021-12-06,62.26,62.96,60.2,61.08,10929070
AFLT,2021-12-07,61.0,62.94,60.78,62.4,8728840
AFLT,2021-12-08,62.3,63.18,60.98,61.64,8793210
AFLT,2021-12-09,61.96,62.02,60.8,61.04,7654830
AFLT,2021-12-10,60.94,61.28,59.82,60.2,10691100
AFLT,2021-12-13,60.44,60.9,58.84,60.02,18847460
AFLT,2021-12-14,59.8,59.96,58.0,59.5,22351310
AFLT,2021-12-15,59.5,59.78,58.66,59.36,9868560
AFLT,2021-12-16,59.4,60.56,58.92,60.16,12853730
AFLT,2021-12-17,60.16,60.32,59.52,60.04,7333180
AFLT,2021-12-20,59.86,59.86,58.5,59.02,10622730
AFLT,2021-12-21,59.04,59.96,58.82,59.68,8264740
AFLT,2021-12-22,59.68,59.84,58.94,59.18,8314530
AFLT,2021-12-23,59.32,59.44,58.66,59.2,7882720
AFLT,2021-12-24,59.3,59.4,58.64,58.96,6986010
AFLT,2021-12-27,59.04,59.18,58.82,59.08,8069860
AFLT,2021-12-28,59.08,59.42,58.72,58.92,10648450
AFLT,2021-12-29,58.94,59.12,58.56,58.98,5321180
AFLT,2021-12-30,59.02,59.24,58.74,59.16,4522280
AFLT,2022-01-03,59.16,60.9,59.1,60.7,9208620
AFLT,2022-01-04,60.92,63.36,60.38,63.3,18181380
AFLT,2022-01-05,63.3,63.5,60.8,60.98,13310180
AFLT,2022-01-06,60.72,63.0,60.44,62.96,11687460
AFLT,2022-01-10,62.98,63.9,62.52,63.02,8231680
AFLT,2022-01-11,63.22,63.58,62.9,63.2,5161550
AFLT,2022-01-12,63.34,63.4,62.12,62.44,8043870
AFLT,2022-01-13,62.26,62.46,59.26,60.16,21967740
AFLT,2022-01-14,60.26,60.86,58.7,59.86,24270860
AFLT,2022-01-17,60.0,60.28,58.28,58.98,12757690
AFLT,2022-01-18,59.24,59.24,53.8,55.46,46003100
AFLT,2022-01-19,55.62,57.48,51.68,56.62,47858410
AFLT,2022-01-20,56.98,58.12,55.18,57.2,22121340
AFLT,2022-01-21,56.7,57.96,55.2,56.56,17608310
AFLT,2022-01-24,56.0,57.2,50.04,52.22,53703310
AFLT,2022-01-25,52.02,53.0,51.04,52.4,21754600
AFLT,2022-01-26,52.1,54.34,51.48,52.64,21571290
AFLT,2022-01-27,52.5,55.78,52.08,55.02,27520720
AFLT,2022-01-28,55.36,56.3,53.64,55.54,20309320
AFLT,2022-01-31,55.54,57.6,55.48,57.32,14780460
AFLT,2022-02-01,57.32,57.86,56.32,57.12,10456640
AFLT,2022-02-02,57.0,58.48,56.54,57.2,15549340
AFLT,2022-02-03,56.9,57.16,55.04,55.7,14388910
AFLT,2022-02-04,55.82,56.9,55.52,56.18,10264530
AFLT,2022-02-07,56.34,56.78,55.74,56.18,4640010
AFLT,2022-02-08,56.36,57.3,55.98,57.18,9044360
AFLT,2022-02-09,57.42,59.5,57.16,59.2,21809660
AFLT,2022-02-10,59.1,61.78,58.38,59.76,31466590
AFLT,2022-02-11,59.98,60.76,57.6,58.3,26056940
AFLT,2022-02-14,57.52,58.26,56.14,57.3,20992410
AFLT,2022-02-15,57.2,59.74,57.2,59.42,15538110
AFLT,2022-02-16,59.58,60.84,59.3,60.42,12332550
AFLT,2022-02-17,60.42,60.66,57.6,58.08,15611060
AFLT,2022-02-18,58.18,58.98,55.2,55.7,18622690
AFLT,2022-02-21,55.7,56.88,42.14,46.6,87959930
AFLT,2022-02-22,46.5,50.16,43.4,49.52,54277860
AFLT,2022-02-24,44.5,45.08,29.06,35.7,67096170
AFLT,2022-02-25,35.5,39.6,34.26,36.74,27283940
AFLT,2022-03-24,33.08,36.0,29.18,30.7,30152040
AFLT,2022-03-25,27.64,30.4,25.1,25.1,41384740
AFLT,2022-03-28,25.76,27.3,23.72,25.86,18127220
AFLT,2022-03-29,26.04,33.66,25.88,30.1,38723760
AFLT,2022-03-30,31.14,37.54,31.06,37.54,39951450
AFLT,2022-03-31,39.5,39.88,35.28,37.74,41356500
AFLT,2022-04-01,38.26,40.0,37.1,38.8,28411480
AFLT,2022-04-04,39.52,42.66,37.6,40.9,49655530
AFLT,2022-04-05,41.54,41.54,35.5,37.76,22618790
AFLT,2022-04-06,37.4,38.52,36.08,37.18,9609820
AFLT,2022-04-07,37.18,39.2,37.04,37.58,8630270
AFLT,2022-04-08,37.88,37.88,36.18,36.94,6094570
AFLT,2022-04-11,36.92,37.22,35.36,35.46,9946700
AFLT,2022-04-12,35.46,35.6,32.4,34.06,9114770
AFLT,2022-04-13,33.9,34.76,33.52,33.86,4674820
AFLT,2022-04-14,34.1,34.28,32.66,32.74,4522100
AFLT,2022-04-15,33.98,33.98,32.2,32.96,5637130
AFLT,2022-04-18,33.0,33.6,31.3,31.32,4420130
AFLT,2022-04-19,31.5,31.6,27.94,30.52,11864720
AFLT,2022-04-20,30.48,34.0,29.8,32.5,17019020
AFLT,2022-04-21,32.26,33.44,31.12,31.12,9866430
AFLT,2022-04-22,31.06,31.98,30.12,30.62,5909350
AFLT,2022-04-25,30.5,30.6,28.66,29.02,6583500
AFLT,2022-04-26,29.2,30.76,29.08,30.18,6907110
AFLT,2022-04-27,30.3,33.14,30.22,32.4,11293180
AFLT,2022-04-28,32.94,34.2,30.76,30.8,14648780
AFLT,2022-04-29,30.84,31.74,30.3,31.14,7661170
AFLT,2022-05-04,32.12,32.68,31.04,31.2,11381310
AFLT,2022-05-05,31.26,31.74,30.4,30.7,6641010
AFLT,2022-05-06,30.8,30.8,30.04,30.1,3061640
AFLT,2022-05-11,30.0,30.54,29.62,29.92,3834810
AFLT,2022-05-12,29.92,30.02,29.14,29.32,3159540
AFLT,2022-05-13,29.5,29.82,29.08,29.26,2945310
AFLT,2022-05-16,29.28,29.7,29.0,29.52,3773510
AFLT,2022-05-17,29.62,31.3,29.6,30.36,10171350
AFLT,2022-05-18,30.36,30.9,29.52,30.06,10053680
AFLT,2022-05-19,30.06,30.22,29.2,29.56,5273230
AFLT,2022-05-20,29.56,29.98,29.14,29.32,3784240
AFLT,2022-05-23,29.4,29.6,28.34,28.4,3927440
AFLT,2022-05-24,28.4,29.42,27.64,28.6,8203220
AFLT,2022-05-25,28.7,29.08,28.14,28.5,3249890
AFLT,2022-05-26,28.84,29.48,28.56,29.4,8588820
AFLT,2022-05-27,29.52,30.0,27.6,28.54,8904230
AFLT,2022-05-30,28.74,29.2,28.42,28.58,3454080
AFLT,2022-05-31,28.88,28.88,28.0,28.0,2482920
AFLT,2022-06-01,28.0,28.44,27.68,27.94,6010300
AFLT,2022-06-02,27.94,28.02,26.92,26.98,6146470
AFLT,2022-06-03,26.8,27.16,25.7,26.74,9640440
AFLT,2022-06-06,26.74,27.0,25.8,25.92,6371250
AFLT,2022-06-07,25.9,28.0,25.24,27.2,18667200
AFLT,2022-06-08,27.54,28.3,26.82,27.14,17949530
AFLT,2022-06-09,27.2,27.3,26.1,26.36,6057320
AFLT,2022-06-10,26.36,26.58,26.1,26.3,2965990
AFLT,2022-06-14,26.3,26.7,25.86,25.96,5026040
AFLT,2022-06-15,25.94,26.28,25.86,25.94,4927080
AFLT,2022-06-16,25.96,27.18,25.94,26.86,10988540
AFLT,2022-06-17,27.06,28.0,26.9,27.52,14701220
AFLT,2022-06-20,27.6,28.2,27.46,28.14,8997500
AFLT,2022-06-21,28.24,28.58,26.74,26.88,15909220
AFLT,2022-06-22,26.8,27.08,26.24,26.76,6516410
AFLT,2022-06-23,26.8,27.2,26.44,26.92,6511900
AFLT,2022-06-24,26.96,27.16,26.8,26.82,4151620
AFLT,2022-06-27,26.8,27.9,26.6,27.9,10837420
AFLT,2022-06-28,28.0,29.3,27.82,28.78,19476830
AFLT,2022-06-29,29.1,29.48,27.8,27.8,11703430
AFLT,2022-06-30,28.0,28.42,26.12,26.68,12857310
AFLT,2022-07-01,26.6,27.6,26.02,26.74,5024590
AFLT,2022-07-04,26.8,27.3,26.54,27.12,4064180
AFLT,2022-07-05,27.0,28.48,26.76,28.26,6616650
AFLT,2022-07-06,28.16,28.48,27.2,27.34,7856010
AFLT,2022-07-07,27.48,28.08,27.26,27.78,8173990
AFLT,2022-07-08,28.0,28.06,27.42,27.6,4481920
AFLT,2022-07-11,27.64,27.9,27.12,27.7,4360820
AFLT,2022-07-12,27.6,27.78,27.14,27.3,3789510
AFLT,2022-07-13,27.54,27.54,26.4,26.68,6330230
AFLT,2022-07-14,26.68,27.38,26.6,26.86,4294530
AFLT,2022-07-15,27.14,27.16,26.72,27.06,2806080
AFLT,2022-07-18,27.12,27.32,26.98,27.08,2265050
AFLT,2022-07-19,27.08,27.12,26.42,26.68,4432180
AFLT,2022-07-20,26.7,26.96,26.56,26.6,2588300
AFLT,2022-07-21,26.8,28.14,26.14,27.58,16177580
AFLT,2022-07-22,27.7,28.46,27.3,27.3,11744230
AFLT,2022-07-25,27.66,28.38,27.0,27.82,14222690
AFLT,2022-07-26,27.88,28.16,27.68,27.94,6291460
AFLT,2022-07-27,28.1,28.36,27.42,27.76,11835940
AFLT,2022-07-28,27.94,28.18,27.1,27.7,11107850
AFLT,2022-07-29,27.78,27.98,27.54,27.7,4299570
AFLT,2022-08-01,27.8,27.8,27.42,27.44,2633470
AFLT,2022-08-02,27.54,27.54,26.52,26.92,8579530
AFLT,2022-08-03,26.9,27.2,26.74,26.96,4261670
AFLT,2022-08-04,26.98,27.0,26.5,26.62,3163810
AFLT,2022-08-05,26.64,26.72,25.86,26.16,5469410
AFLT,2022-08-08,26.6,27.12,26.3,26.84,8777360
AFLT,2022-08-09,27.1,27.18,26.4,27.0,7247030
AFLT,2022-08-10,27.1,27.42,26.84,27.06,4837690
AFLT,2022-08-11,27.2,27.48,26.76,27.0,4593960
AFLT,2022-08-12,27.1,27.3,26.86,27.14,2949190
AFLT,2022-08-15,27.18,27.44,27.02,27.22,2400450
AFLT,2022-08-16,27.28,27.36,26.94,27.08,3848810
AFLT,2022-08-17,27.2,27.24,27.0,27.02,2407670
AFLT,2022-08-18,27.02,27.1,26.8,27.0,2225210
AFLT,2022-08-19,27.0,27.02,26.8,26.88,1638750
AFLT,2022-08-22,27.0,27.08,26.88,27.0,2602310
AFLT,2022-08-23,27.06,27.22,26.96,27.18,4923360
AFLT,2022-08-24,27.1,27.6,27.1,27.4,5097250
AFLT,2022-08-25,27.5,27.5,27.14,27.18,2225980
AFLT,2022-08-26,27.28,28.36,27.02,28.24,20013260
AFLT,2022-08-29,28.4,29.7,28.18,29.4,30108680
AFLT,2022-08-30,29.5,29.68,28.56,28.74,13871550
AFLT,2022-08-31,28.74,29.16,28.3,28.9,10230680
AFLT,2022-09-01,28.9,29.38,28.7,28.84,6853650
AFLT,2022-09-02,28.86,31.1,28.58,30.96,33598730
AFLT,2022-09-05,31.1,31.26,30.02,30.64,17103810
AFLT,2022-09-06,30.68,30.7,29.18,30.0,11970670
AFLT,2022-09-07,32.02,32.22,30.7,30.92,37596680
AFLT,2022-09-08,30.92,31.14,30.26,30.48,8150470
AFLT,2022-09-09,30.58,30.82,30.38,30.6,4027050
AFLT,2022-09-12,30.52,31.04,30.32,30.66,5399500
AFLT,2022-09-13,30.7,31.0,29.12,29.88,18236930
AFLT,2022-09-14,29.88,29.88,28.76,29.38,10474760
AFLT,2022-09-15,29.48,29.54,29.06,29.38,5134990
AFLT,2022-09-16,29.38,29.8,29.1,29.18,5532560
AFLT,2022-09-19,29.12,29.38,28.82,28.96,3419510
AFLT,2022-09-20,28.98,29.08,25.32,27.46,28890600
AFLT,2022-09-21,25.26,26.84,25.16,26.22,13365410
AFLT,2022-09-22,26.46,27.04,26.24,26.86,7287590
AFLT,2022-09-23,26.8,26.8,24.78,26.08,15993680
AFLT,2022-09-26,25.6,25.78,21.6,22.64,26588800
AFLT,2022-09-27,22.9,23.56,21.92,23.38,10929530
AFLT,2022-09-28,23.38,24.0,22.92,23.36,7906530
AFLT,2022-09-29,23.34,23.6,22.3,22.7,6937020
AFLT,2022-09-30,22.76,23.46,21.82,23.14,14779520
AFLT,2022-10-03,23.26,24.24,23.18,24.02,9801900
AFLT,2022-10-04,24.26,24.44,23.06,23.36,9178300
AFLT,2022-10-05,23.44,23.78,22.5,23.6,7167190
AFLT,2022-10-06,23.66,23.7,23.22,23.36,4801820
AFLT,2022-10-07,23.46,23.46,22.2,22.44,5158040
AFLT,2022-10-10,21.9,23.28,21.44,23.2,7224260
AFLT,2022-10-11,23.48,23.54,23.02,23.46,2889720
AFLT,2022-10-12,23.48,23.9,23.22,23.44,4868110
AFLT,2022-10-13,23.52,23.74,23.2,23.54,3846830
AFLT,2022-10-14,23.6,23.6,23.26,23.48,1955090
AFLT,2022-10-17,23.48,24.36,23.4,24.22,5464350
AFLT,2022-10-18,24.32,24.42,23.6,23.78,7190370
AFLT,2022-10-19,23.78,23.96,23.42,23.82,3613890
AFLT,2022-10-20,23.96,24.16,23.62,23.84,4117150
AFLT,2022-10-21,23.8,24.48,23.64,24.42,5388540
AFLT,2022-10-24,24.5,25.0,24.4,24.5,6398060
AFLT,2022-10-25,24.78,25.28,24.44,25.16,5172910
AFLT,2022-10-26,25.18,25.28,24.8,25.1,4380960
AFLT,2022-10-27,25.22,25.88,25.12,25.56,7292770
AFLT,2022-10-28,25.64,25.64,24.98,25.52,6602480
AFLT,2022-10-31,25.62,25.84,25.22,25.36,5789980
AFLT,2022-11-01,25.5,26.3,25.38,26.08,6548690
AFLT,2022-11-02,26.1,26.22,25.54,25.74,4232330
AFLT,2022-11-03,25.8,25.8,25.04,25.64,4046950
AFLT,2022-11-07,25.84,26.34,25.76,26.24,4787920
AFLT,2022-11-08,26.28,26.28,25.54,25.64,6768170
AFLT,2022-11-09,25.66,25.78,24.5,24.96,6076310
AFLT,2022-11-10,25.1,25.62,24.96,25.58,6254380
AFLT,2022-11-11,25.7,25.76,25.38,25.62,3219200
AFLT,2022-11-14,25.8,25.8,25.24,25.58,6852130
AFLT,2022-11-15,25.66,25.68,23.88,24.7,9558830
AFLT,2022-11-16,24.72,25.24,24.72,25.1,5035330
AFLT,2022-11-17,25.16,25.22,24.84,25.06,2579610
AFLT,2022-11-18,25.0,25.18,24.84,25.16,1870320
AFLT,2022-11-21,25.16,25.2,24.72,25.0,4171490
AFLT,2022-11-22,24.98,25.1,24.8,25.06,2583520
AFLT,2022-11-23,24.92,25.46,24.86,25.24,3532300
AFLT,2022-11-24,25.24,25.32,25.1,25.18,1680570
AFLT,2022-11-25,25.08,25.2,24.88,24.98,2325250
AFLT,2022-11-28,24.88,25.08,24.78,24.96,2298530
AFLT,2022-11-29,25.0,25.04,24.72,25.0,2468080
AFLT,2022-11-30,25.04,25.04,24.74,25.02,3270960
AFLT,2022-12-01,25.0,25.02,24.76,24.82,2428260
AFLT,2022-12-02,24.84,24.88,24.56,24.82,2679370
AFLT,2022-12-05,24.78,25.28,24.62,24.92,5702490
AFLT,2022-12-06,24.96,24.96,24.52,24.86,3866070
AFLT,2022-12-07,24.62,25.02,24.5,24.92,3708870
AFLT,2022-12-08,24.96,25.02,24.72,24.76,2221300
AFLT,2022-12-09,24.76,24.8,24.6,24.7,2359420
AFLT,2022-12-12,24.7,24.8,24.6,24.76,1763520
AFLT,2022-12-13,24.76,24.78,24.52,24.6,2806510
AFLT,2022-12-14,24.6,24.62,24.12,24.44,3426260
AFLT,2022-12-15,24.5,24.5,23.84,24.08,2865150
AFLT,2022-12-16,24.24,24.34,24.0,24.24,2360190
AFLT,2022-12-19,24.18,24.2,23.8,23.94,3621480
AFLT,2022-12-20,23.92,24.16,23.7,24.12,6023040
AFLT,2022-12-21,24.12,24.24,24.0,24.06,3816940
AFLT,2022-12-22,24.12,24.26,23.9,24.18,3024050
AFLT,2022-12-23,24.16,24.5,24.04,24.22,5296600
AFLT,2022-12-26,24.28,24.6,24.26,24.46,4070000
AFLT,2022-12-27,24.46,24.5,24.24,24.32,3517410
AFLT,2022-12-28,24.44,24.64,24.12,24.18,6730060
AFLT,2022-12-29,24.28,24.58,24.14,24.56,4094470
AFLT,2022-12-30,24.6,24.72,24.44,24.6,2846610
AFLT,2023-01-03,24.74,24.8,24.6,24.64,1945760
AFLT,2023-01-04,24.64,25.08,24.62,25.04,3071600
AFLT,2023-01-05,25.02,25.9,25.0,25.6,11309040
AFLT,2023-01-06,25.7,25.7,25.3,25.46,4009450
AFLT,2023-01-09,25.5,26.28,25.5,26.08,10996420
AFLT,2023-01-10,26.08,26.88,25.8,26.72,14265710
AFLT,2023-01-11,26.8,27.9,26.72,27.68,20633050
AFLT,2023-01-12,27.74,27.92,27.16,27.52,12463500
AFLT,2023-01-13,27.52,28.18,27.26,27.68,9939670
AFLT,2023-01-16,27.8,28.96,27.7,28.78,20464250
AFLT,2023-01-17,28.84,29.12,27.22,27.44,25779550
AFLT,2023-01-18,27.46,27.98,27.16,27.56,11822140
AFLT,2023-01-19,27.5,27.62,26.7,27.48,17308700
AFLT,2023-01-20,27.48,27.9,27.04,27.8,8036120
AFLT,2023-01-23,27.86,28.14,27.7,27.8,6141650
AFLT,2023-01-24,27.82,27.94,27.1,27.34,7773450
AFLT,2023-01-25,27.18,27.44,27.0,27.42,3863710
AFLT,2023-01-26,27.42,27.48,27.1,27.3,6203280
AFLT,2023-01-27,27.26,27.94,27.06,27.7,9009700
AFLT,2023-01-30,27.86,28.46,27.68,27.86,10579860
AFLT,2023-01-31,27.9,28.04,27.64,28.0,11700760
AFLT,2023-02-01,28.05,28.49,27.7,28.01,15964080
AFLT,2023-02-02,28.09,28.89,27.2,28.24,24406150
AFLT,2023-02-03,28.27,28.3,27.46,27.85,10951720
AFLT,2023-02-06,27.8,28.38,27.8,28.27,7338040
AFLT,2023-02-07,28.28,28.72,28.24,28.67,9754950
AFLT,2023-02-08,28.75,29.55,28.52,29.43,25472960
AFLT,2023-02-09,29.59,29.93,29.19,29.4,17045400
AFLT,2023-02-10,29.4,29.43,27.98,28.82,13853610
AFLT,2023-02-13,28.94,28.96,28.22,28.32,10212080
AFLT,2023-02-14,28.28,28.3,27.71,27.77,8021050
AFLT,2023-02-15,27.59,27.61,26.15,26.65,18997540
AFLT,2023-02-16,26.9,27.69,26.75,27.43,16921360
AFLT,2023-02-17,27.41,27.67,27.1,27.54,7203460
AFLT,2023-02-20,27.64,27.67,26.99,27.4,7455500
AFLT,2023-02-21,27.42,28.15,27.22,27.78,10653170
AFLT,2023-02-22,27.8,28.12,27.57,27.97,7625710
AFLT,2023-02-24,27.84,28.25,27.75,28.16,4668650
AFLT,2023-02-27,28.0,28.48,27.96,28.32,6516240
AFLT,2023-02-28,28.39,28.49,28.1,28.2,6061360
AFLT,2023-03-01,28.28,28.5,28.21,28.35,7275360
AFLT,2023-03-02,28.43,28.43,27.86,28.0,8970470
AFLT,2023-03-03,27.92,28.22,27.92,28.16,4654240
AFLT,2023-03-06,28.24,28.77,28.18,28.58,8118200
AFLT,2023-03-07,28.59,28.59,28.24,28.45,4263240
AFLT,2023-03-09,28.46,28.7,28.35,28.55,4179920
AFLT,2023-03-10,28.38,28.51,28.18,28.27,4064690
AFLT,2023-03-13,28.27,28.44,27.96,28.08,5282240
AFLT,2023-03-14,28.08,28.38,27.97,28.25,3603820
AFLT,2023-03-15,28.25,28.73,28.0,28.15,10304910
AFLT,2023-03-16,28.1,28.34,28.03,28.26,4408240
AFLT,2023-03-17,28.29,28.6,28.16,28.45,7119090
AFLT,2023-03-20,28.5,29.76,28.48,29.66,25134690
AFLT,2023-03-21,29.86,29.88,28.7,29.25,12583200
AFLT,2023-03-22,29.16,29.24,28.67,28.94,8027180
AFLT,2023-03-23,28.88,29.43,28.86,29.3,6400570
AFLT,2023-03-24,29.3,29.73,29.16,29.61,9396020
AFLT,2023-03-27,29.83,33.3,29.72,32.92,132509160
AFLT,2023-03-28,33.25,33.83,31.84,32.36,68176530
AFLT,2023-03-29,32.44,32.48,31.95,32.27,15762630
AFLT,2023-03-30,32.21,32.99,32.15,32.74,20038320
AFLT,2023-03-31,32.85,32.94,30.64,31.65,66978590
AFLT,2023-04-03,31.5,32.1,31.3,32.03,14790120
AFLT,2023-04-04,32.03,32.87,32.0,32.16,18827920
AFLT,2023-04-05,32.09,32.5,31.55,32.27,12663680
AFLT,2023-04-06,32.35,32.83,32.18,32.39,12037620
AFLT,2023-04-07,32.45,32.94,32.24,32.79,9712830
AFLT,2023-04-10,32.9,35.28,32.89,34.84,84986580
AFLT,2023-04-11,34.96,35.06,33.62,34.08,49050280
AFLT,2023-04-12,34.15,34.81,34.06,34.49,17893530
AFLT,2023-04-13,34.63,34.63,34.09,34.3,8364620
AFLT,2023-04-14,34.35,34.72,34.05,34.65,8946690
AFLT,2023-04-17,34.9,36.4,34.86,36.26,42857460
AFLT,2023-04-18,36.28,36.86,35.62,36.36,32024390
AFLT,2023-04-19,36.47,37.84,35.65,37.45,47396930
AFLT,2023-04-20,37.71,39.8,36.72,39.21,93756090
AFLT,2023-04-21,39.2,39.9,38.38,38.97,44267930
AFLT,2023-04-24,38.95,39.34,38.05,38.9,24460080
AFLT,2023-04-25,39.07,39.07,37.81,38.02,17982120
AFLT,2023-04-26,37.98,39.4,37.52,39.25,29235100
AFLT,2023-04-27,39.07,40.47,38.86,40.05,45613740
AFLT,2023-04-28,40.25,40.71,39.05,40.24,42125410
AFLT,2023-05-02,40.47,41.22,37.84,39.59,69596680
AFLT,2023-05-03,39.59,39.6,37.81,38.02,54601750
AFLT,2023-05-04,37.52,38.44,36.8,37.65,65217010
AFLT,2023-05-05,37.63,37.77,36.81,37.12,25029330
AFLT,2023-05-08,37.07,37.14,36.05,36.15,21239230
AFLT,2023-05-10,35.82,38.53,35.51,38.26,60102310
AFLT,2023-05-11,38.49,39.32,36.77,37.6,66607080
AFLT,2023-05-12,37.68,38.46,37.13,38.24,35548690
AFLT,2023-05-15,38.32,39.3,38.32,39.17,23787290
AFLT,2023-05-16,39.28,39.4,38.44,38.8,18062380
AFLT,2023-05-17,38.72,39.3,38.41,38.97,13120570
AFLT,2023-05-18,39.12,39.22,38.51,38.55,12711040
AFLT,2023-05-19,38.5,39.29,38.0,38.88,20555750
AFLT,2023-05-22,39.03,39.86,38.72,39.35,25203340
AFLT,2023-05-23,39.43,39.69,38.11,39.09,19607430
AFLT,2023-05-24,39.09,39.6,38.9,39.51,11754640
AFLT,2023-05-25,39.76,40.72,39.53,39.98,39403460
AFLT,2023-05-26,40.0,40.2,39.54,40.15,15788700
AFLT,2023-05-29,40.25,40.86,40.15,40.53,15540640
AFLT,2023-05-30,39.78,40.42,39.1,39.91,26116230
AFLT,2023-05-31,39.85,40.32,39.33,40.06,13299420
AFLT,2023-06-01,40.25,40.25,39.21,39.3,12954710
AFLT,2023-06-02,39.22,40.05,38.8,40.0,12298030
AFLT,2023-06-05,40.07,40.3,38.85,39.2,21661990
AFLT,2023-06-06,39.1,39.4,38.36,39.2,10737040
AFLT,2023-06-07,39.2,39.69,39.13,39.49,7021980
AFLT,2023-06-08,39.43,39.59,39.16,39.48,4244800
AFLT,2023-06-09,39.5,40.22,39.31,40.06,17482720
AFLT,2023-06-13,40.16,40.85,40.16,40.67,17077410
AFLT,2023-06-14,40.95,41.5,40.76,41.18,27527150
AFLT,2023-06-15,41.35,43.4,41.03,43.25,40025370
AFLT,2023-06-16,43.5,43.54,42.63,43.38,25703300
AFLT,2023-06-19,43.44,44.35,42.87,43.26,28383470
AFLT,2023-06-20,43.26,43.34,42.25,42.81,18068140
AFLT,2023-06-21,42.8,43.45,42.6,43.16,9657740
AFLT,2023-06-22,43.2,43.21,41.85,42.05,24828810
AFLT,2023-06-23,41.9,42.12,40.1,40.71,37264490
AFLT,2023-06-26,41.3,42.12,40.8,41.42,29631870
AFLT,2023-06-27,41.7,42.49,41.23,42.3,17572850
AFLT,2023-06-28,42.51,42.68,42.05,42.19,9413140
AFLT,2023-06-29,42.29,43.88,41.72,43.01,27933780
AFLT,2023-06-30,43.06,43.2,42.21,42.7,10296560
AFLT,2023-07-03,42.69,42.9,41.88,42.2,11899340
AFLT,2023-07-04,42.2,42.33,41.1,41.31,15145370
AFLT,2023-07-05,41.4,42.04,41.33,41.89,8921060
AFLT,2023-07-06,42.0,42.25,41.2,41.44,11590760
AFLT,2023-07-07,41.28,41.45,40.81,41.43,9759050
AFLT,2023-07-10,41.54,42.11,41.28,42.09,8549940
AFLT,2023-07-11,42.12,42.18,41.45,41.85,11451110
AFLT,2023-07-12,41.9,42.47,41.8,42.12,12717540
AFLT,2023-07-13,42.23,42.57,41.92,42.39,10064530
AFLT,2023-07-14,42.4,42.88,42.25,42.39,16020350
AFLT,2023-07-17,42.24,42.74,41.88,42.58,10474130
AFLT,2023-07-18,42.7,44.43,42.57,44.36,45729810
AFLT,2023-07-19,44.48,44.72,43.6,43.79,19315600
AFLT,2023-07-20,44.2,45.15,43.31,43.86,28171010
AFLT,2023-07-21,43.9,44.28,43.34,44.2,10506570
AFLT,2023-07-24,44.2,44.66,44.08,44.42,9588550
AFLT,2023-07-25,44.4,45.0,44.34,44.93,8923910
AFLT,2023-07-26,44.94,45.34,44.43,44.72,14261920
AFLT,2023-07-27,44.72,45.2,44.64,44.89,7773430
AFLT,2023-07-28,44.9,45.0,44.55,44.84,5424800
AFLT,2023-07-31,44.85,45.85,44.85,45.63,13963250
AFLT,2023-08-01,45.82,45.82,45.0,45.35,15414920
AFLT,2023-08-02,45.35,45.7,44.84,45.26,15588460
AFLT,2023-08-03,45.11,45.82,44.96,45.47,14649390
AFLT,2023-08-04,45.53,47.38,43.57,45.29,67267220
AFLT,2023-08-07,45.52,46.24,44.45,45.22,19723530
AFLT,2023-08-08,45.2,45.66,44.23,45.38,16947870
AFLT,2023-08-09,45.47,45.68,45.01,45.25,7896020
AFLT,2023-08-10,45.26,45.87,45.19,45.47,13744090
AFLT,2023-08-11,45.66,45.85,45.25,45.84,8060340
AFLT,2023-08-14,46.01,46.4,44.66,45.09,25118550
AFLT,2023-08-15,44.82,45.82,44.68,45.13,12552880
AFLT,2023-08-16,45.12,45.32,43.1,44.03,19952510
AFLT,2023-08-17,43.89,45.0,43.56,44.7,15741510
AFLT,2023-08-18,44.65,45.15,44.13,44.91,6614010
AFLT,2023-08-21,44.91,45.33,44.46,44.83,9303780
AFLT,2023-08-22,44.82,45.34,44.49,44.94,6484800
AFLT,2023-08-23,44.9,45.04,43.8,44.14,9327660
AFLT,2023-08-24,44.21,44.64,43.85,44.47,6696940
AFLT,2023-08-25,44.47,44.47,43.94,44.34,5206350
AFLT,2023-08-28,44.34,45.17,44.29,44.78,16292010
AFLT,2023-08-29,44.8,45.07,44.0,44.38,14681870
AFLT,2023-08-30,44.24,44.48,43.74,44.12,8508350
AFLT,2023-08-31,44.18,44.35,43.68,44.02,10230610
AFLT,2023-09-01,44.03,44.2,43.88,44.01,5275360
AFLT,2023-09-04,44.02,44.55,43.89,44.14,12939760
AFLT,2023-09-05,44.2,44.26,43.9,44.04,8396130
AFLT,2023-09-06,44.13,44.15,43.6,43.75,6800130
AFLT,2023-09-07,43.7,43.75,42.25,42.54,17721980
AFLT,2023-09-08,42.59,42.7,41.02,42.4,22112100
AFLT,2023-09-11,42.39,42.4,41.45,41.73,11754720
AFLT,2023-09-12,41.73,42.78,41.73,42.53,7675250
AFLT,2023-09-13,42.53,42.65,41.73,41.87,5441480
AFLT,2023-09-14,42.02,42.27,40.86,41.3,15382650
AFLT,2023-09-15,41.25,42.04,40.73,41.63,14121850
AFLT,2023-09-18,41.63,42.17,40.9,41.52,12006890
AFLT,2023-09-19,41.53,41.54,40.1,40.25,17805660
AFLT,2023-09-20,40.21,40.75,39.48,40.14,14782380
AFLT,2023-09-21,39.9,41.18,39.43,40.23,17926680
AFLT,2023-09-22,40.42,41.22,39.62,41.0,10045630
AFLT,2023-09-25,40.99,41.0,40.11,40.21,6931540
AFLT,2023-09-26,40.08,40.4,39.68,40.29,6269880
AFLT,2023-09-27,40.49,41.72,40.16,41.72,12953120
AFLT,2023-09-28,41.64,41.74,40.91,41.43,12002110
AFLT,2023-09-29,41.32,41.68,41.06,41.5,5540110
AFLT,2023-10-02,41.6,42.48,40.46,40.81,21572170
AFLT,2023-10-03,40.86,41.15,40.4,40.98,14738830
AFLT,2023-10-04,41.0,41.3,40.53,40.75,7149490
AFLT,2023-10-05,40.65,40.99,40.17,40.45,8781100
AFLT,2023-10-06,40.4,40.73,40.11,40.63,4107880
AFLT,2023-10-09,40.6,40.79,40.29,40.56,5657340
AFLT,2023-10-10,40.61,40.84,40.38,40.74,5892060
AFLT,2023-10-11,40.61,40.96,40.22,40.36,7274660
AFLT,2023-10-12,40.51,40.54,40.03,40.4,4336150
AFLT,2023-10-13,40.34,40.65,40.16,40.45,2877130
AFLT,2023-10-16,40.45,41.68,40.41,41.34,12443290
AFLT,2023-10-17,41.41,41.48,40.75,41.13,7453220
AFLT,2023-10-18,41.13,41.16,40.63,40.83,4652860
AFLT,2023-10-19,40.88,40.96,40.64,40.88,4615610
AFLT,2023-10-20,40.89,41.03,40.28,40.93,5840360
AFLT,2023-10-23,40.93,41.25,40.86,40.94,7246650
AFLT,2023-10-24,40.99,40.99,40.66,40.79,3451600
AFLT,2023-10-25,40.67,41.09,40.66,40.87,4665370
AFLT,2023-10-26,40.88,41.01,39.81,39.98,16595400
AFLT,2023-10-27,40.08,40.44,39.57,40.26,13003030
AFLT,2023-10-30,40.04,40.4,39.69,39.89,4801320
AFLT,2023-10-31,39.79,39.89,38.6,39.35,18844910
AFLT,2023-11-01,39.37,39.63,38.9,39.25,8495720
AFLT,2023-11-02,39.27,39.55,38.96,39.25,4302530
AFLT,2023-11-03,39.25,39.3,38.65,38.97,6118260
AFLT,2023-11-06,38.97,39.73,38.97,39.64,4908450
AFLT,2023-11-07,39.69,40.22,39.38,40.1,5849620
AFLT,2023-11-08,40.12,40.3,39.9,39.93,4299700
AFLT,2023-11-09,39.97,39.98,39.22,39.39,7792600
AFLT,2023-11-10,39.39,39.4,38.95,39.19,4628130
AFLT,2023-11-13,39.29,39.29,38.65,38.8,5692240
AFLT,2023-11-14,38.67,38.74,37.8,38.38,13972180
AFLT,2023-11-15,38.38,38.77,37.68,38.68,13123840
AFLT,2023-11-16,38.98,39.36,38.15,38.28,6511110
AFLT,2023-11-17,38.3,38.65,37.91,38.54,5906770
AFLT,2023-11-20,38.54,38.85,38.36,38.57,5185680
AFLT,2023-11-21,38.43,39.3,38.26,39.11,5960120
AFLT,2023-11-22,39.25,39.3,38.47,39.01,6232010
AFLT,2023-11-23,39.0,39.0,38.33,38.67,5378380
AFLT,2023-11-24,38.53,38.74,38.16,38.51,6800170
AFLT,2023-11-27,38.51,38.66,37.6,37.82,8413880
AFLT,2023-11-28,37.8,37.94,36.34,37.15,18983940
AFLT,2023-11-29,37.35,37.65,36.6,36.72,16498150
AFLT,2023-11-30,36.6,36.81,36.11,36.29,10761480
AFLT,2023-12-01,36.15,36.63,36.15,36.51,5148110
AFLT,2023-12-04,36.6,36.6,35.8,35.8,7398260
AFLT,2023-12-05,35.7,36.11,35.06,36.06,13994440
AFLT,2023-12-06,35.92,36.11,35.18,35.24,6499640
AFLT,2023-12-07,35.13,35.53,34.55,34.94,11084430
AFLT,2023-12-08,34.81,35.78,34.81,35.66,5824800
AFLT,2023-12-11,35.83,35.83,34.75,35.09,5554750
AFLT,2023-12-12,35.1,35.7,34.86,35.29,6121640
AFLT,2023-12-13,35.29,35.76,34.86,35.68,9182480
AFLT,2023-12-14,35.81,36.79,35.22,35.34,24545850
AFLT,2023-12-15,35.41,36.49,35.24,36.28,10360470
AFLT,2023-12-18,36.44,37.36,36.21,37.3,12562940
AFLT,2023-12-19,37.32,37.33,36.41,36.66,9388580
AFLT,2023-12-20,36.69,37.18,36.46,36.94,10276280
AFLT,2023-12-21,36.82,36.89,35.76,35.93,14791100
AFLT,2023-12-22,36.1,36.57,35.92,35.97,10160720
AFLT,2023-12-25,36.0,36.14,35.41,35.56,10525620
AFLT,2023-12-26,35.43,35.9,35.11,35.47,13667890
AFLT,2023-12-27,35.47,35.53,35.0,35.11,7595950
AFLT,2023-12-28,35.11,35.22,34.71,34.87,7920540
AFLT,2023-12-29,35.1,35.4,34.7,35.05,7781340
AFLT,2024-01-03,35.22,35.78,35.12,35.75,5731190
AFLT,2024-01-04,35.85,35.85,35.46,35.57,3559820
AFLT,2024-01-05,35.6,36.97,35.54,36.85,19737980
AFLT,2024-01-08,36.96,37.75,36.9,37.5,16977490
AFLT,2024-01-09,37.6,37.94,37.18,37.69,13116700
AFLT,2024-01-10,37.7,37.94,37.4,37.45,8125150
AFLT,2024-01-11,37.5,37.83,36.97,37.8,11798300
AFLT,2024-01-12,37.94,38.78,37.78,38.01,13375910
AFLT,2024-01-15,38.05,38.63,38.05,38.2,9204660
AFLT,2024-01-16,38.19,38.21,37.62,37.97,8336630
AFLT,2024-01-17,37.98,38.44,37.83,38.32,6762140
AFLT,2024-01-18,38.55,38.55,37.38,37.79,10253730
AFLT,2024-01-19,37.9,38.29,37.51,38.02,8136380
AFLT,2024-01-22,38.03,38.19,37.61,37.93,5526560
AFLT,2024-01-23,38.0,38.12,37.87,37.94,5283440
AFLT,2024-01-24,38.0,38.19,37.61,37.66,6663200
AFLT,2024-01-25,37.67,37.75,37.2,37.36,7082370
AFLT,2024-01-26,37.36,37.68,37.06,37.17,4902500
AFLT,2024-01-29,37.17,38.5,37.17,38.3,11345140
AFLT,2024-01-30,38.32,39.5,38.29,39.38,22812360
AFLT,2024-01-31,39.42,39.47,38.52,38.83,13428420
AFLT,2024-02-01,38.79,39.1,38.69,38.92,5066250
AFLT,2024-02-02,38.92,40.1,38.84,39.81,15588120
AFLT,2024-02-05,39.81,40.2,39.37,39.91,13121130
AFLT,2024-02-06,39.91,40.4,39.53,40.28,9452700
AFLT,2024-02-07,40.5,40.65,39.46,39.67,17841680
AFLT,2024-02-08,39.67,39.85,39.07,39.22,9675750
AFLT,2024-02-09,39.2,39.58,38.75,39.05,12842520
AFLT,2024-02-12,39.05,40.25,39.05,39.89,21933790
AFLT,2024-02-13,39.96,39.99,39.39,39.6,10221240
AFLT,2024-02-14,39.75,39.75,39.2,39.49,7790260
AFLT,2024-02-15,39.5,39.53,38.98,39.24,7456910
AFLT,2024-02-16,39.28,39.3,38.2,38.84,11891960
AFLT,2024-02-19,38.61,39.14,38.47,38.89,7752630
AFLT,2024-02-20,38.89,39.26,37.38,37.74,18027910
AFLT,2024-02-21,37.74,37.75,36.68,37.01,14946950
AFLT,2024-02-22,36.71,37.51,36.71,37.31,5787440
AFLT,2024-02-26,37.6,38.13,37.36,38.07,8125210
AFLT,2024-02-27,38.31,38.31,37.61,37.72,4676420
AFLT,2024-02-28,37.72,38.46,37.38,37.61,12219370
AFLT,2024-02-29,37.61,39.14,37.55,38.54,19529570
AFLT,2024-03-01,38.56,39.18,38.54,39.06,9524110
AFLT,2024-03-04,39.09,40.23,39.07,39.78,21947460
AFLT,2024-03-05,39.95,40.55,39.31,39.78,23299070
AFLT,2024-03-06,39.87,40.16,39.47,39.66,9143280
AFLT,2024-03-07,39.65,39.72,39.35,39.54,5913440
AFLT,2024-03-11,39.67,40.2,39.41,40.13,14017410
AFLT,2024-03-12,40.12,40.16,39.74,40.08,7435140
AFLT,2024-03-13,40.16,41.59,40.13,41.08,56465050
AFLT,2024-03-14,41.04,41.58,40.19,40.22,24860790
AFLT,2024-03-15,40.12,40.73,39.9,40.52,14794110
AFLT,2024-03-18,40.64,40.91,40.32,40.66,11272620
AFLT,2024-03-19,40.76,40.95,39.52,39.73,17345120
AFLT,2024-03-20,39.6,40.95,39.52,40.7,18524070
AFLT,2024-03-21,40.79,41.2,40.51,40.98,15689820
AFLT,2024-03-22,41.15,41.2,39.57,39.73,16049080
AFLT,2024-03-25,39.9,40.64,39.86,40.43,12086810
AFLT,2024-03-26,40.5,40.77,40.19,40.58,7371290
AFLT,2024-03-27,40.59,41.86,40.58,41.81,18812620
AFLT,2024-03-28,41.94,43.35,41.64,42.93,35298640
AFLT,2024-03-29,42.96,45.88,42.71,45.48,97862290
AFLT,2024-04-01,45.78,49.16,45.04,48.63,115999080
AFLT,2024-04-02,48.65,48.94,47.15,48.2,83034000
AFLT,2024-04-03,48.2,51.39,48.0,50.0,107748080
AFLT,2024-04-04,50.01,51.3,48.32,48.43,79041590
AFLT,2024-04-05,48.43,49.76,48.12,49.36,41524630
AFLT,2024-04-08,49.62,50.81,49.45,50.03,43131130
AFLT,2024-04-09,50.19,50.32,49.0,49.3,24553520
AFLT,2024-04-10,49.5,51.15,49.12,51.01,48871910
AFLT,2024-04-11,51.23,52.29,50.21,50.92,90671560
AFLT,2024-04-12,51.0,51.17,49.85,50.47,32950170
AFLT,2024-04-15,50.29,50.82,49.02,49.89,36102560
AFLT,2024-04-16,49.86,50.31,49.13,49.57,22266530
AFLT,2024-04-17,49.55,49.88,48.63,49.16,25318480
AFLT,2024-04-18,49.48,49.55,48.4,48.66,14243160
AFLT,2024-04-19,48.66,49.76,48.6,49.61,22287750
AFLT,2024-04-22,49.76,50.59,49.6,50.28,22101240
AFLT,2024-04-23,50.24,50.53,49.5,49.62,16672170
AFLT,2024-04-24,49.75,50.39,49.05,49.73,16759300
AFLT,2024-04-25,49.86,50.19,49.35,50.09,12173280
AFLT,2024-04-26,49.99,52.34,49.94,52.2,50983010
AFLT,2024-04-27,52.18,52.48,51.2,51.46,34317800
AFLT,2024-04-29,51.39,52.15,51.07,51.96,10648110
AFLT,2024-04-30,52.09,52.18,51.25,51.59,5896840
AFLT,2024-05-02,51.32,51.32,50.18,50.66,16291140
AFLT,2024-05-03,50.6,50.67,49.68,50.25,16307620
AFLT,2024-05-06,50.25,50.8,49.56,49.68,13870410
AFLT,2024-05-07,49.7,49.85,49.2,49.57,9574860
AFLT,2024-05-08,49.74,50.68,49.53,50.23,11624320
AFLT,2024-05-10,50.25,51.0,50.25,50.85,9170850
AFLT,2024-05-13,51.18,52.37,51.05,52.11,22467880
AFLT,2024-05-14,52.2,54.36,51.71,54.19,60035620
AFLT,2024-05-15,54.29,56.96,54.05,56.75,86674780
AFLT,2024-05-16,56.92,57.1,55.04,55.92,62045460
AFLT,2024-05-17,55.81,58.48,55.21,58.0,62582050
AFLT,2024-05-20,58.0,59.43,57.26,58.17,67639310
AFLT,2024-05-21,58.1,59.44,56.74,58.94,53506430
AFLT,2024-05-22,59.35,59.59,57.6,58.01,29006890
AFLT,2024-05-23,58.01,58.65,57.09,57.71,25376950
AFLT,2024-05-24,57.82,58.5,56.88,58.13,32663100
AFLT,2024-05-27,58.0,58.85,54.53,55.08,65292300
AFLT,2024-05-28,55.05,56.45,53.9,55.82,36071110
AFLT,2024-05-29,56.0,56.85,54.48,56.4,26108400
AFLT,2024-05-30,56.95,57.7,55.41,56.22,43838590
AFLT,2024-05-31,56.09,56.47,54.3,55.23,25744960
AFLT,2024-06-03,55.0,55.33,51.64,53.68,52424580
AFLT,2024-06-04,53.85,57.09,52.99,57.0,35891520
AFLT,2024-06-05,57.0,58.47,56.16,56.7,40242600
AFLT,2024-06-06,56.7,57.35,55.8,56.39,16038290
AFLT,2024-06-07,56.39,59.26,56.26,58.51,30430270
AFLT,2024-06-10,58.81,59.73,56.94,57.8,32548550
AFLT,2024-06-11,57.8,59.24,56.74,58.94,31437060
AFLT,2024-06-13,55.73,59.43,55.0,59.32,29387450
AFLT,2024-06-14,59.87,62.84,59.52,62.82,92678080
AFLT,2024-06-17,62.89,63.72,61.43,61.96,66658080
AFLT,2024-06-18,61.9,63.46,60.91,61.6,65776690
AFLT,2024-06-19,61.67,62.55,60.05,62.03,48782210
AFLT,2024-06-20,62.25,64.75,60.95,64.4,72481900
AFLT,2024-06-21,64.69,64.75,63.3,63.97,28496740
AFLT,2024-06-24,64.0,64.36,62.87,63.32,20458650
AFLT,2024-06-25,63.15,63.54,62.1,62.45,19716780
AFLT,2024-06-26,62.65,64.42,62.65,64.2,25735010
AFLT,2024-06-27,64.35,64.44,63.0,63.07,20771740
AFLT,2024-06-28,63.1,63.5,62.42,62.72,11264730
AFLT,2024-07-01,62.73,62.79,60.95,61.2,25342110
AFLT,2024-07-02,61.14,62.3,60.13,61.21,30133250
AFLT,2024-07-03,61.4,62.1,60.3,60.91,15840190
AFLT,2024-07-04,60.7,61.0,58.85,59.04,25586670
AFLT,2024-07-05,58.79,59.6,57.54,58.45,30121940
AFLT,2024-07-08,58.21,58.38,56.21,56.45,26296130
AFLT,2024-07-09,56.37,56.82,52.9,53.78,58689650
AFLT,2024-07-10,53.75,55.13,52.1,52.33,56563180
AFLT,2024-07-11,52.34,56.73,52.34,56.73,54712750
AFLT,2024-07-12,56.7,56.97,54.61,55.4,39180970
AFLT,2024-07-15,55.7,55.87,53.4,54.18,28554510
AFLT,2024-07-16,54.04,55.2,52.71,55.11,33880070
AFLT,2024-07-17,55.12,55.87,53.91,54.51,22054070
AFLT,2024-07-18,54.52,56.57,54.03,56.28,23892870
AFLT,2024-07-19,56.45,56.94,55.53,56.29,23821210
AFLT,2024-07-22,56.76,58.3,56.61,58.17,36805640
AFLT,2024-07-23,58.22,58.5,56.7,57.12,21317690
AFLT,2024-07-24,57.12,58.02,56.7,57.46,16117300
AFLT,2024-07-25,57.5,58.87,57.1,58.06,17115010
AFLT,2024-07-26,58.06,58.73,55.0,55.47,42568550
AFLT,2024-07-29,55.17,55.19,51.82,51.99,72659550
AFLT,2024-07-30,51.97,54.31,50.9,53.98,92768410
AFLT,2024-07-31,54.12,55.2,53.01,55.0,45243890
AFLT,2024-08-01,55.02,55.66,53.55,53.72,30285580
AFLT,2024-08-02,53.5,53.98,52.5,53.78,32537360
AFLT,2024-08-05,52.8,53.29,51.56,52.38,38521410
AFLT,2024-08-06,53.0,53.58,51.25,52.05,39253260
AFLT,2024-08-07,52.15,52.36,50.14,51.29,72322680
AFLT,2024-08-08,51.67,52.2,50.04,50.39,43010710
AFLT,2024-08-09,50.2,51.2,49.85,51.09,38714780
AFLT,2024-08-12,51.03,51.45,50.2,51.14,25605230
AFLT,2024-08-13,51.28,51.82,50.9,51.72,19631080
AFLT,2024-08-14,51.74,52.2,50.25,50.39,24315400
AFLT,2024-08-15,50.39,50.39,48.92,49.04,40530880
AFLT,2024-08-16,49.0,49.84,48.77,49.16,34423160
AFLT,2024-08-19,49.33,49.75,48.71,49.4,35131450
AFLT,2024-08-20,49.5,50.3,48.96,49.14,25510280
AFLT,2024-08-21,49.29,49.43,47.5,48.04,33765890
AFLT,2024-08-22,48.03,48.85,46.52,46.65,35382330
AFLT,2024-08-23,46.6,47.25,45.15,46.45,36289790
AFLT,2024-08-26,48.5,49.59,47.14,49.53,36458890
AFLT,2024-08-27,49.52,49.52,47.72,48.38,28103530
AFLT,2024-08-28,48.17,50.63,47.48,50.42,49236880
AFLT,2024-08-29,50.3,51.07,48.61,49.49,70520800
AFLT,2024-08-30,49.6,49.77,46.7,47.12,39218660
AFLT,2024-09-02,46.95,47.03,44.0,44.75,38102320
AFLT,2024-09-03,44.86,47.27,44.05,46.05,49060810
AFLT,2024-09-04,46.27,48.87,45.22,48.41,70547140
AFLT,2024-09-05,48.66,49.15,47.51,47.71,34663130
AFLT,2024-09-06,47.53,48.89,47.26,48.42,25440300
AFLT,2024-09-09,48.46,50.32,48.45,50.31,28730710
AFLT,2024-09-10,50.31,50.72,48.05,48.84,29260120
AFLT,2024-09-11,48.9,49.06,47.51,47.82,18123350
AFLT,2024-09-12,47.77,48.13,46.56,47.65,23684200
AFLT,2024-09-13,47.65,48.6,46.46,48.01,36992530
AFLT,2024-09-16,48.4,49.49,48.12,49.29,22610470
AFLT,2024-09-17,49.49,51.98,49.1,51.78,43124300
AFLT,2024-09-18,51.7,51.97,50.52,51.27,37595920
AFLT,2024-09-19,51.47,52.86,51.01,52.19,33158860
AFLT,2024-09-20,52.31,53.17,52.19,52.83,23655980
AFLT,2024-09-23,52.96,55.14,52.95,55.0,39254570
AFLT,2024-09-24,55.2,55.28,53.51,54.35,34042430
AFLT,2024-09-25,54.3,54.88,53.3,53.84,29619200
AFLT,2024-09-26,53.35,53.79,52.6,53.22,21936750
AFLT,2024-09-27,53.21,54.79,52.81,54.57,23589380
AFLT,2024-09-30,54.99,55.74,54.0,54.05,32581710
AFLT,2024-10-01,53.82,54.55,53.36,54.03,21063860
AFLT,2024-10-02,54.04,54.49,52.22,52.63,21561390
AFLT,2024-10-03,52.4,53.11,51.22,52.77,29882900
AFLT,2024-10-04,53.2,53.29,52.18,53.18,15154290
AFLT,2024-10-07,53.35,54.01,52.63,53.35,18257070
AFLT,2024-10-08,53.53,53.65,52.7,53.32,14057140
AFLT,2024-10-09,53.33,54.1,53.05,53.95,20824340
AFLT,2024-10-10,54.16,54.31,53.53,54.13,17797790
AFLT,2024-10-11,54.13,55.0,53.67,54.88,27384130
AFLT,2024-10-14,54.67,56.88,54.67,56.43,40489900
AFLT,2024-10-15,56.29,58.06,55.94,57.55,30001410
AFLT,2024-10-16,57.55,57.9,56.07,56.88,26231870
AFLT,2024-10-17,56.7,57.39,55.83,56.25,22972950
AFLT,2024-10-18,56.15,57.61,55.82,57.6,23688250
AFLT,2024-10-21,57.67,58.45,57.17,57.56,21979240
AFLT,2024-10-22,57.55,57.77,56.82,56.96,11806620
AFLT,2024-10-23,56.95,57.39,56.24,56.48,15520010
AFLT,2024-10-24,56.45,57.2,56.02,57.07,12357350
AFLT,2024-10-25,57.22,58.09,55.36,55.8,44357230
AFLT,2024-10-28,55.0,55.19,53.12,53.92,39705000
AFLT,2024-10-29,53.95,56.79,53.53,56.11,53145710
AFLT,2024-10-30,56.35,57.39,53.4,53.42,61522840
AFLT,2024-10-31,53.34,54.74,53.2,54.22,48744820
AFLT,2024-11-01,54.2,55.05,53.7,54.97,30481980
AFLT,2024-11-02,54.85,56.0,54.62,55.99,16783640
AFLT,2024-11-05,56.03,56.08,55.0,55.33,15982350
AFLT,2024-11-06,57.9,59.79,56.59,56.93,101405030
AFLT,2024-11-07,56.92,59.2,56.13,59.02,42564720
AFLT,2024-11-08,59.3,60.89,58.34,60.73,56615050
AFLT,2024-11-11,61.25,62.39,61.01,62.03,52794510
AFLT,2024-11-12,61.99,61.99,60.68,61.03,33375940
AFLT,2024-11-13,60.6,62.08,60.6,61.16,24056110
AFLT,2024-11-14,61.01,61.85,60.88,61.53,21100660
AFLT,2024-11-15,61.49,63.86,61.35,63.86,72273160
AFLT,2024-11-18,62.05,63.0,61.53,62.08,37280340
AFLT,2024-11-19,62.0,62.39,59.21,59.95,49735060
AFLT,2024-11-20,60.14,60.57,57.1,58.15,49966270
AFLT,2024-11-21,58.15,60.0,57.06,59.7,40994150
AFLT,2024-11-22,59.6,60.0,58.2,58.82,27707520
AFLT,2024-11-25,58.65,59.12,56.71,57.55,29948010
AFLT,2024-11-26,57.33,58.33,56.0,56.6,34671740
AFLT,2024-11-27,56.6,57.48,54.01,56.79,53766660
AFLT,2024-11-28,56.79,56.99,54.23,54.88,50105290
AFLT,2024-11-29,54.71,55.13,52.02,52.15,90348440
AFLT,2024-12-02,52.41,52.97,50.1,50.51,64317950
AFLT,2024-12-03,50.5,50.5,48.31,48.52,51625320
AFLT,2024-12-04,48.6,50.38,47.28,48.52,91759630
AFLT,2024-12-05,48.52,50.59,47.67,50.15,71775190
AFLT,2024-12-06,50.5,51.19,49.68,50.86,41791340
AFLT,2024-12-09,51.39,51.9,50.86,51.18,31540790
AFLT,2024-12-10,51.01,51.08,49.31,49.8,33236140
AFLT,2024-12-11,49.6,50.47,49.3,49.97,21479210
AFLT,2024-12-12,49.97,50.4,48.5,48.54,27508700
AFLT,2024-12-13,48.42,48.84,47.59,48.28,24556400
AFLT,2024-12-16,48.09,48.19,46.83,47.7,25534200
AFLT,2024-12-17,47.5,48.24,46.5,47.67,25583960
AFLT,2024-12-18,47.9,49.35,47.35,49.3,27723800
AFLT,2024-12-19,49.51,50.79,48.9,50.12,39657070
AFLT,2024-12-20,50.07,55.36,49.78,54.95,76595880
AFLT,2024-12-23,55.82,56.47,54.15,56.09,52968170
AFLT,2024-12-24,56.1,56.25,53.5,53.62,28401260
AFLT,2024-12-25,53.56,55.59,52.88,54.86,43305450
AFLT,2024-12-26,54.96,55.97,54.4,55.04,24144930
AFLT,2024-12-27,55.04,55.69,54.63,55.65,16594400
AFLT,2024-12-28,55.73,58.48,55.58,58.38,25416900
AFLT,2024-12-30,59.04,59.8,58.08,59.06,32191130
AFLT,2025-01-03,59.06,59.43,57.67,58.13,20546100
AFLT,2025-01-06,58.12,59.1,57.24,58.99,10713340
AFLT,2025-01-08,59.02,59.96,58.82,59.65,10577870
AFLT,2025-01-09,59.8,60.77,58.21,58.43,35641370
AFLT,2025-01-10,58.47,61.4,58.43,60.99,48670740
AFLT,2025-01-13,61.5,62.28,60.01,60.5,38338150
AFLT,2025-01-14,60.5,62.0,60.06,61.56,31242650
AFLT,2025-01-15,61.6,62.39,60.56,62.25,21570080
AFLT,2025-01-16,62.4,62.49,60.1,61.36,32559910
AFLT,2025-01-17,61.3,61.89,60.68,61.8,17560240
AFLT,2025-01-20,62.36,62.7,60.77,61.45,29600120
AFLT,2025-01-21,61.12,61.8,60.02,61.5,23030170
AFLT,2025-01-22,61.7,62.38,60.12,60.37,28587320
AFLT,2025-01-23,60.22,61.0,59.21,60.89,33574760
AFLT,2025-01-24,60.99,62.3,60.63,61.86,35262080
AFLT,2025-01-27,61.86,61.96,59.88,60.15,21918920
AFLT,2025-01-28,60.15,61.84,58.61,61.11,35463990
AFLT,2025-01-29,61.18,62.37,60.12,62.19,39441770
AFLT,2025-01-30,62.18,64.58,61.7,64.43,112680510
AFLT,2025-01-31,64.51,65.8,62.9,63.86,82781720
AFLT,2025-02-03,63.86,64.45,62.64,63.96,54878760
AFLT,2025-02-04,64.14,64.45,62.31,62.66,29698520
AFLT,2025-02-05,62.7,64.87,61.31,64.73,52001580
AFLT,2025-02-06,64.75,65.2,63.45,64.35,35260480
AFLT,2025-02-07,64.35,64.6,63.6,64.25,14338490
AFLT,2025-02-10,64.32,65.85,64.28,64.81,43067960
AFLT,2025-02-11,64.6,65.17,64.14,64.67,27057610
AFLT,2025-02-12,64.75,69.7,62.71,69.39,122578260
AFLT,2025-02-13,69.39,69.7,66.0,67.97,63279740
AFLT,2025-02-14,68.01,72.1,66.48,68.94,142936840
AFLT,2025-02-17,70.62,74.6,70.25,74.51,103745000
AFLT,2025-02-18,74.94,75.09,71.01,71.89,100871420
AFLT,2025-02-19,72.0,75.36,71.7,75.03,76983200
AFLT,2025-02-20,75.0,78.45,74.28,77.07,103717130
AFLT,2025-02-21,76.82,77.9,74.57,76.22,61820560
AFLT,2025-02-24,76.31,77.48,75.4,76.95,42251950
AFLT,2025-02-25,76.95,78.17,76.44,77.22,38001490
AFLT,2025-02-26,77.38,78.2,73.65,74.69,64674650
AFLT,2025-02-27,74.8,74.86,71.4,71.51,55975060
AFLT,2025-02-28,71.27,74.99,69.62,73.59,150636800
AFLT,2025-03-03,73.65,75.17,70.35,73.98,129373260
AFLT,2025-03-04,74.1,76.9,74.05,76.35,76353040
AFLT,2025-03-05,76.45,76.69,73.83,74.2,39055620
AFLT,2025-03-06,74.2,74.95,72.94,73.82,25544700
AFLT,2025-03-07,73.81,76.81,72.56,75.1,101652380
AFLT,2025-03-10,75.35,75.72,74.41,74.71,20499260
AFLT,2025-03-11,74.7,75.3,73.27,74.26,26418700
AFLT,2025-03-12,74.22,74.46,72.79,73.2,20772840
AFLT,2025-03-13,73.2,74.97,71.5,73.87,45502790
AFLT,2025-03-14,73.5,75.0,72.65,74.56,28082490
AFLT,2025-03-17,74.56,77.15,74.53,76.35,35595280
AFLT,2025-03-18,76.5,77.5,75.15,75.44,44751120
AFLT,2025-03-19,75.46,76.44,74.75,76.05,18266370
AFLT,2025-03-20,76.38,76.38,75.0,75.8,13388310
AFLT,2025-03-21,75.57,76.1,74.61,75.48,13632760
AFLT,2025-03-24,75.22,75.48,73.6,74.36,15165180
AFLT,2025-03-25,74.42,75.18,72.92,74.6,16767990
AFLT,2025-03-26,74.72,74.88,73.17,73.25,9366530
AFLT,2025-03-27,73.3,73.32,70.89,71.0,20205020
AFLT,2025-03-28,70.93,70.95,66.99,67.21,36346070
AFLT,2025-03-31,66.5,69.82,65.28,69.63,37283410
AFLT,2025-04-01,69.9,70.7,64.5,66.02,47400110
AFLT,2025-04-02,66.06,67.9,65.24,67.43,34076100
AFLT,2025-04-03,67.43,70.59,64.11,70.36,38784250
AFLT,2025-04-04,70.9,71.5,65.1,66.46,90005920
AFLT,2025-04-07,66.31,66.66,61.23,64.07,84869030
AFLT,2025-04-08,64.83,66.18,61.56,62.33,39964700
AFLT,2025-04-09,62.1,68.2,60.41,67.76,83100670
AFLT,2025-04-10,68.0,70.43,65.46,66.84,77905460
AFLT,2025-04-11,67.29,70.59,66.91,69.6,76682850
AFLT,2025-04-14,69.92,71.4,67.83,68.69,47063720
AFLT,2025-04-15,68.73,69.61,68.01,69.35,20243030
AFLT,2025-04-16,69.26,70.35,68.21,69.35,20618280
AFLT,2025-04-17,69.37,71.17,69.12,71.15,19219930
AFLT,2025-04-18,70.0,71.12,68.71,70.18,30588660
AFLT,2025-04-21,70.67,73.0,70.47,72.45,44269920
AFLT,2025-04-22,72.5,75.0,71.85,73.49,32850470
AFLT,2025-04-23,73.5,74.02,70.8,72.73,36207360
AFLT,2025-04-24,72.93,73.95,71.73,72.17,21677300
AFLT,2025-04-25,72.23,74.77,72.23,74.54,35838920
AFLT,2025-04-28,74.78,75.48,72.52,73.5,46928360
AFLT,2025-04-29,73.5,73.76,69.75,70.79,25456680
AFLT,2025-04-30,70.79,72.2,68.2,71.12,43247560
AFLT,2025-05-02,70.68,70.96,67.1,67.22,16739230
AFLT,2025-05-05,67.23,68.94,66.7,68.04,23893760
AFLT,2025-05-06,68.05,69.77,67.29,68.86,17008330
AFLT,2025-05-07,68.73,70.34,68.72,69.83,18937080
AFLT,2025-05-08,69.83,70.85,69.8,69.95,9651870
AFLT,2025-05-12,70.11,72.97,69.8,72.1,22169440
AFLT,2025-05-13,72.16,72.38,71.16,71.29,10652260
AFLT,2025-05-14,71.27,71.54,68.5,68.56,17230550
AFLT,2025-05-15,68.5,70.19,68.5,70.13,23192250
AFLT,2025-05-16,70.12,70.14,67.12,69.16,30215820
AFLT,2025-05-19,69.15,71.33,69.12,69.8,27342510
AFLT,2025-05-20,70.0,70.0,68.56,68.82,7437420
AFLT,2025-05-21,68.84,68.86,67.79,68.01,9636790
AFLT,2025-05-22,68.02,68.33,66.43,67.25,17822100
AFLT,2025-05-23,67.01,68.15,66.75,67.09,10189370
AFLT,2025-05-26,67.01,67.1,64.22,64.31,23458110
AFLT,2025-05-27,64.2,65.25,62.55,65.25,25232880
AFLT,2025-05-28,65.47,68.0,65.26,67.56,21462320
AFLT,2025-05-29,67.66,67.97,66.0,66.26,16083490
AFLT,2025-05-30,66.26,68.89,65.55,68.53,43699980
AFLT,2025-06-02,68.65,69.0,65.71,66.59,48967490
AFLT,2025-06-03,66.8,67.58,66.33,67.24,27172470
AFLT,2025-06-04,67.59,67.59,65.6,65.87,29929230
AFLT,2025-06-05,65.63,66.7,65.04,66.23,21988200
AFLT,2025-06-06,66.3,67.4,64.07,64.55,27101200
AFLT,2025-06-09,64.98,65.7,64.5,65.22,20329830
AFLT,2025-06-10,65.23,66.2,64.59,66.14,24169090
AFLT,2025-06-11,66.22,67.16,65.62,65.86,27926880
AFLT,2025-06-13,66.15,66.38,64.42,64.61,10775440
AFLT,2025-06-16,64.71,65.99,63.3,63.41,28182780
AFLT,2025-06-17,63.42,64.87,63.07,63.85,20469110
AFLT,2025-06-18,64.14,65.65,63.71,64.93,24735900
AFLT,2025-06-19,64.93,65.4,63.8,64.13,26151930
AFLT,2025-06-20,64.16,64.58,63.54,63.88,15741940
AFLT,2025-06-23,63.77,63.95,62.22,62.59,19932270
AFLT,2025-06-24,62.6,65.19,62.59,65.18,43236750
AFLT,2025-06-25,65.25,65.88,64.67,65.21,20781060
AFLT,2025-06-26,65.21,65.44,64.71,65.07,8928370
AFLT,2025-06-27,65.09,66.37,64.73,66.21,12357290
AFLT,2025-06-30,66.25,66.89,65.78,66.33,15887450
AFLT,2025-07-01,66.4,66.9,64.87,65.51,21107170
AFLT,2025-07-02,65.78,66.1,64.32,65.93,24509070
AFLT,2025-07-03,66.04,66.75,64.8,65.09,16535870
AFLT,2025-07-04,64.8,65.06,63.72,64.44,11977930
AFLT,2025-07-07,64.41,64.8,62.85,63.12,19846170
AFLT,2025-07-08,63.12,63.63,62.34,62.56,17849790
AFLT,2025-07-09,62.63,63.2,61.77,62.03,16201330
AFLT,2025-07-10,62.41,62.45,61.0,62.3,21216260
AFLT,2025-07-11,62.3,62.48,58.62,59.17,31855440
AFLT,2025-07-14,59.17,61.29,57.27,61.24,35599150
AFLT,2025-07-15,61.27,61.77,59.76,60.42,16460260
AFLT,2025-07-16,60.44,61.1,60.1,60.34,13699800
AFLT,2025-07-17,60.32,62.79,60.3,61.93,38069890
AFLT,2025-07-18,57.5,60.24,57.3,60.13,32616350
AFLT,2025-07-21,60.13,61.05,59.2,59.4,31618600
AFLT,2025-07-22,59.4,59.81,58.43,58.71,25331950
AFLT,2025-07-23,58.74,59.69,58.71,59.25,18686870
AFLT,2025-07-24,59.07,59.47,58.67,59.03,9413510
AFLT,2025-07-25,59.1,59.5,58.34,58.58,15065620
AFLT,2025-07-28,58.77,59.05,55.7,56.53,111532020
AFLT,2025-07-29,56.59,57.95,56.08,57.07,58364970
AFLT,2025-07-30,57.1,57.67,56.54,56.88,33652040
AFLT,2025-07-31,56.9,57.24,56.34,56.98,20422220
AFLT,2025-08-01,57.06,57.73,56.6,56.98,17980870
AFLT,2025-08-04,57.1,57.34,56.56,57.18,23002040
AFLT,2025-08-05,57.23,57.4,56.4,57.13,24410690
AFLT,2025-08-06,57.24,59.88,56.66,58.91,98572910
AFLT,2025-08-07,59.01,62.15,58.52,61.27,114457050
AFLT,2025-08-08,61.41,63.99,60.51,63.87,64149300
AFLT,2025-08-11,65.06,66.5,64.32,65.49,83765400
AFLT,2025-08-12,65.5,67.94,64.62,67.85,96218750
AFLT,2025-08-13,67.92,68.89,67.08,68.14,75372100
AFLT,2025-08-14,68.2,68.9,66.7,68.28,84465450
AFLT,2025-08-15,68.55,69.97,67.77,69.27,72911650
AFLT,2025-08-18,67.5,70.62,65.8,68.8,88948290
AFLT,2025-08-19,69.03,69.23,66.87,67.33,58388370
AFLT,2025-08-20,67.44,67.67,65.5,65.86,39845140
AFLT,2025-08-21,65.72,65.98,62.42,63.32,71023390
AFLT,2025-08-22,63.42,63.84,62.64,63.45,43084500
AFLT,2025-08-25,63.45,63.59,61.35,61.89,42126050
AFLT,2025-08-26,62.19,63.25,62.0,62.83,32086340
AFLT,2025-08-27,62.9,63.97,62.41,63.5,26548260
AFLT,2025-08-28,63.61,63.83,61.8,62.36,26590650
AFLT,2025-08-29,62.74,62.76,61.56,62.21,23658620
AFLT,2025-09-01,62.13,62.94,61.2,61.26,18061650
AFLT,2025-09-02,61.34,61.64,59.54,60.38,31790630
AFLT,2025-09-03,60.5,61.85,59.88,61.67,31849230
AFLT,2025-09-04,61.7,62.77,61.37,62.21,39336730
AFLT,2025-09-05,62.25,62.64,61.86,62.11,15699850
AFLT,2025-09-08,62.19,63.48,61.89,63.08,27680300
AFLT,2025-09-09,63.15,63.7,62.75,62.89,18571020
AFLT,2025-09-10,62.99,62.99,61.35,61.79,21584060
AFLT,2025-09-11,61.8,62.96,61.0,62.41,43370470
AFLT,2025-09-12,62.41,62.6,59.82,60.07,34063240
AFLT,2025-09-15,60.0,60.79,59.38,60.01,24144660
AFLT,2025-09-16,60.01,61.03,59.24,60.13,24723800
AFLT,2025-09-17,60.14,61.01,59.81,61.0,18579470
AFLT,2025-09-18,61.11,61.61,58.78,59.54,25432510
AFLT,2025-09-19,59.6,60.0,58.03,58.3,29252420
AFLT,2025-09-22,58.26,58.93,57.5,58.65,26879500
AFLT,2025-09-23,58.89,59.0,55.86,56.26,33573600
AFLT,2025-09-24,56.36,57.36,55.56,56.83,29032490
AFLT,2025-09-25,56.83,57.19,55.27,55.84,17116020
AFLT,2025-09-26,55.84,56.27,55.03,55.86,22605140
AFLT,2025-09-29,55.84,56.6,54.0,54.68,31101980
AFLT,2025-09-30,54.96,55.1,54.07,54.34,17668670
AFLT,2025-10-01,54.41,54.87,52.96,53.24,27119610
AFLT,2025-10-02,53.43,53.47,52.06,52.29,22780100
AFLT,2025-10-03,52.6,52.88,51.0,51.05,28127130
AFLT,2025-10-06,51.05,52.39,50.07,52.29,38986530
AFLT,2025-10-07,52.0,53.28,51.0,53.27,26905430
AFLT,2025-10-08,53.27,53.54,50.31,50.75,32973110
AFLT,2025-10-09,50.99,52.48,49.57,52.39,40855560
AFLT,2025-10-10,52.51,52.58,50.82,51.19,20818340
AFLT,2025-10-13,51.14,52.58,50.36,52.03,24436310
AFLT,2025-10-14,52.04,52.37,50.55,50.97,13971780
AFLT,2025-10-15,50.97,51.1,50.07,50.15,14486480
AFLT,2025-10-16,50.16,56.54,49.73,56.54,71431830
AFLT,2025-10-17,57.01,57.99,55.5,56.82,59992190
AFLT,2025-10-20,57.61,58.5,57.04,57.66,48189270
AFLT,2025-10-21,57.65,57.65,53.6,55.12,56764080
AFLT,2025-10-22,55.14,55.76,52.82,53.38,32866530
AFLT,2025-10-23,51.99,52.53,51.16,52.29,30332220
AFLT,2025-10-24,52.32,53.07,51.22,51.52,20485880
AFLT,2025-10-27,51.46,51.5,50.1,50.1,16195770
AFLT,2025-10-28,50.11,51.34,49.64,51.03,20441800
AFLT,2025-10-29,51.2,51.74,50.88,51.22,13498430
AFLT,2025-10-30,51.2,51.58,50.44,51.2,27912070
AFLT,2025-10-31,51.18,51.42,50.12,50.45,14728870
AFLT,2025-11-01,50.34,50.74,50.26,50.44,4188440
AFLT,2025-11-03,50.59,51.05,50.44,50.83,6507910
AFLT,2025-11-05,50.88,51.12,50.27,50.41,12453840
AFLT,2025-11-06,50.5,50.64,50.0,50.36,8926770
AFLT,2025-11-07,50.32,52.29,50.32,51.8,41023540
AFLT,2025-11-10,51.91,52.64,51.11,51.29,25992730
AFLT,2025-11-11,51.29,51.85,50.82,51.6,12824420
AFLT,2025-11-12,51.6,51.74,50.64,50.92,9711590
AFLT,2025-11-13,50.95,51.4,50.75,50.81,7261320
AFLT,2025-11-14,50.85,51.12,50.43,50.61,6116480
AFLT,2025-11-17,50.85,51.05,49.9,50.1,15012310
AFLT,2025-11-18,50.09,52.19,49.42,51.83,43492500
AFLT,2025-11-19,51.93,53.69,51.2,52.47,69362800
AFLT,2025-11-20,52.54,55.77,52.49,55.36,58295420
AFLT,2025-11-21,55.37,55.5,53.53,54.71,52613230
AFLT,2025-11-24,55.4,56.54,54.57,55.08,45957570
AFLT,2025-11-25,55.15,57.5,54.15,56.8,59638010
AFLT,2025-11-26,56.79,57.7,56.54,57.13,54736190
AFLT,2025-11-27,57.13,58.0,54.96,55.57,61522720
AFLT,2025-11-28,55.36,57.87,55.01,57.32,37133930
AFLT,2025-12-01,57.09,57.94,56.68,56.99,29246170
AFLT,2025-12-02,56.99,57.44,56.25,56.71,21497550
AFLT,2025-12-03,55.7,55.96,54.64,55.9,32887020
AFLT,2025-12-04,56.15,56.49,55.71,55.8,12958590
AFLT,2025-12-05,55.7,57.49,55.5,57.35,20800820
AFLT,2025-12-08,57.35,58.38,56.28,56.63,26280620
AFLT,2025-12-09,56.6,58.19,56.32,57.76,25100140
AFLT,2025-12-10,57.7,57.96,57.13,57.38,15896370
AFLT,2025-12-11,57.48,58.4,57.25,57.51,36439370
AFLT,2025-12-12,57.51,57.7,56.12,56.37,25031940
AFLT,2025-12-15,56.53,57.23,56.27,56.95,21177240
AFLT,2025-12-16,56.95,59.45,56.72,59.11,56685800
AFLT,2025-12-17,59.22,60.89,58.62,59.93,103615100
AFLT,2025-12-18,60.24,60.85,59.36,60.28,37428570
AFLT,2025-12-19,60.56,60.79,58.82,59.76,42897120
AFLT,2025-12-22,59.76,59.94,57.61,57.89,40083050
AFLT,2025-12-23,57.89,58.29,57.03,58.1,21686280
AFLT,2025-12-24,58.29,58.65,57.38,57.87,17342010
AFLT,2025-12-25,57.85,57.88,56.76,56.9,13100340
AFLT,2025-12-26,56.9,58.98,56.65,58.85,34307720
AFLT,2025-12-29,59.0,60.12,57.87,57.91,43612240
AFLT,2025-12-30,57.91,58.31,57.45,57.95,14172230
AFLT,2026-01-05,57.69,57.95,56.2,57.27,21428680
AFLT,2026-01-06,57.3,57.57,56.9,57.15,6896010
AFLT,2026-01-08,56.41,56.88,56.29,56.58,8790190
AFLT,2026-01-09,56.58,57.6,56.58,57.25,15895340
AFLT,2026-01-12,57.25,57.48,56.39,56.99,17463710
AFLT,2026-01-13,56.94,56.96,55.3,55.41,23188020
AFLT,2026-01-14,55.41,56.5,54.68,55.24,24311560
AFLT,2026-01-15,55.24,56.29,55.13,56.16,17106480
AFLT,2026-01-16,56.22,56.96,55.91,56.56,17435860
AFLT,2026-01-19,56.75,56.97,56.11,56.32,16386890
AFLT,2026-01-20,56.35,56.69,55.77,56.31,20546250
AFLT,2026-01-21,56.56,58.5,55.94,58.5,40968940
AFLT,2026-01-22,58.59,58.86,57.32,58.02,34224800
AFLT,2026-01-23,57.88,58.56,57.42,58.15,20260100
AFLT,2026-01-26,58.06,58.42,57.04,57.21,29784200
AFLT,2026-01-27,57.3,58.78,56.95,58.67,23657120
AFLT,2026-01-28,58.67,58.75,57.86,57.93,13979860
AFLT,2026-01-29,57.93,59.27,57.05,57.92,50900980
AFLT,2026-01-30,57.91,58.3,57.05,57.26,22505900
AFLT,2026-02-02,57.37,57.85,56.84,57.8,30089450
AFLT,2026-02-03,57.91,58.95,57.53,57.9,34366080
AFLT,2026-02-04,57.97,58.47,56.5,56.76,25098670
AFLT,2026-02-05,56.76,56.83,56.1,56.44,20446760
AFLT,2026-02-06,56.57,57.3,56.22,56.61,14704890
AFLT,2026-02-09,56.61,56.8,55.73,55.89,15618400
AFLT,2026-02-10,55.89,56.35,55.25,55.56,13180280
AFLT,2026-02-11,55.59,56.77,55.51,56.37,23310720
AFLT,2026-02-12,56.3,56.94,56.21,56.53,8973730
AFLT,2026-02-13,56.6,57.2,56.21,57.08,23376920
AFLT,2026-02-16,57.18,57.66,56.37,56.75,16004740
AFLT,2026-02-17,56.96,57.03,56.41,56.64,7009240
AFLT,2026-02-18,56.55,56.68,55.83,56.51,10068600
AFLT,2026-02-19,56.51,56.86,55.65,55.69,13412430
AFLT,2026-02-20,55.7,56.12,55.45,55.62,9762010
AFLT,2026-02-24,55.62,56.33,55.5,55.71,13743060
AFLT,2026-02-25,55.71,55.88,55.51,55.75,6242350
AFLT,2026-02-26,55.76,56.5,55.61,55.7,13312540
AFLT,2026-02-27,55.87,56.0,55.63,55.87,6731290
AFLT,2026-03-02,55.86,55.87,53.8,54.24,47465970
AFLT,2026-03-03,54.21,54.58,53.75,53.86,17563640
AFLT,2026-03-04,53.96,54.17,52.55,52.85,26919650
AFLT,2026-03-05,52.7,53.23,51.62,52.13,28420570
AFLT,2026-03-06,52.13,52.57,51.52,51.8,18821430
AFLT,2026-03-09,51.2,53.22,50.65,52.57,29213080
AFLT,2026-03-10,52.55,52.66,51.36,51.77,24610150
AFLT,2026-03-11,52.18,52.18,51.23,51.54,10302260
AFLT,2026-03-12,51.55,51.71,51.08,51.22,9198460
AFLT,2026-03-13,51.12,51.51,51.1,51.41,8617430
AFLT,2026-03-16,51.38,51.78,50.55,50.76,19146510
AFLT,2026-03-17,50.76,50.96,50.51,50.59,10091540
AFLT,2026-03-18,50.59,50.87,50.3,50.44,13206030
AFLT,2026-03-19,50.44,50.59,49.9,50.2,19397970
AFLT,2026-03-20,50.2,50.61,50.01,50.08,9975940
AFLT,2026-03-23,50.1,50.5,49.2,50.5,19941680
AFLT,2026-03-24,50.36,50.5,49.58,49.85,12103190
AFLT,2026-03-25,49.85,50.86,49.77,50.35,28775120
AFLT,2026-03-26,50.46,50.56,49.32,49.58,17974220
AFLT,2026-03-27,49.52,49.73,47.97,48.14,24416010
AFLT,2026-03-30,48.14,48.8,47.77,47.98,19347130
AFLT,2026-03-31,47.98,48.13,47.21,47.45,12848430
AFLT,2026-04-01,47.4,48.81,47.21,48.47,22096180
AFLT,2026-04-02,48.2,48.39,47.56,47.59,11436600
AFLT,2026-04-03,47.7,48.06,47.38,47.59,8571730
AFLT,2026-04-06,47.6,48.36,47.42,48.08,16625830
AFLT,2026-04-07,48.1,49.19,48.08,48.34,20923010
AFLT,2026-04-08,49.25,50.75,48.95,49.96,46504750
AFLT,2026-04-09,49.96,50.23,48.65,49.42,27761700
AFLT,2026-04-10,49.42,49.59,48.51,48.99,14534660
AFLT,2026-04-13,49.34,49.34,47.62,48.05,23497540
AFLT,2026-04-14,48.05,48.57,47.65,48.09,13437160
AFLT,2026-04-15,48.1,49.61,47.9,49.46,24872710
AFLT,2026-04-16,49.45,49.71,48.62,48.79,17180650
AFLT,2026-04-17,48.79,50.25,48.53,49.9,40028930
AFLT,2026-04-20,50.0,50.48,48.8,50.29,40589540
AFLT,2026-04-21,50.36,50.7,49.43,49.84,26325780
AFLT,2026-04-22,50.0,50.56,49.9,50.16,14701670
AFLT,2026-04-23,50.16,50.21,49.2,49.35,13829020
AFLT,2026-04-24,49.35,49.84,48.3,48.99,24748010
AFLT,2026-04-27,48.99,49.03,48.35,48.48,9246650
AFLT,2026-04-28,48.48,48.58,47.8,47.91,11695680
AFLT,2026-04-29,47.89,48.34,46.32,47.51,28927640
AFLT,2026-04-30,47.69,47.97,46.7,47.34,17503490
AFLT,2026-05-04,47.48,47.48,46.22,46.34,16461540
AFLT,2026-05-05,46.39,47.18,45.85,47.16,15272570
AFLT,2026-05-06,47.16,48.02,46.54,47.69,15810410
AFLT,2026-05-07,47.69,48.27,47.5,47.73,11560120
AFLT,2026-05-08,47.7,48.35,46.51,48.0,16802810
AFLT,2026-05-11,48.7,48.8,48.02,48.72,9663940
AFLT,2026-05-12,48.7,49.15,48.32,48.95,13976160
AFLT,2026-05-13,48.95,49.15,48.33,48.99,9601900
AFLT,2026-05-14,48.99,49.08,47.81,47.92,12698540
AFLT,2026-05-15,47.91,48.22,46.83,47.15,10618920
AFLT,2026-05-18,47.15,47.51,46.62,47.24,15677680
AFLT,2026-05-19,47.2,47.79,46.95,47.28,8996890
AFLT,2026-05-20,47.3,47.53,46.63,46.73,12236980
AFLT,2026-05-21,46.73,48.33,46.4,48.03,28944780
AFLT,2026-05-22,48.02,48.53,46.9,47.25,27810730
AFLT,2026-05-25,47.0,49.0,46.69,48.46,58633900
AFLT,2026-05-26,48.46,48.77,47.24,47.99,39992250
AFLT,2026-05-27,48.01,48.6,47.66,48.52,21671460
AFLT,2026-05-28,48.4,48.86,47.82,48.49,25608030
AFLT,2026-05-29,48.34,49.49,46.97,48.33,74392400
AFLT,2026-06-01,48.47,48.76,47.23,47.58,36491340
AFLT,2026-06-02,47.48,47.99,47.12,47.45,18216920
AFLT,2026-06-03,47.35,47.48,46.8,46.83,13333850
AFLT,2026-06-04,46.9,47.3,46.11,46.35,14388540
AFLT,2026-06-05,46.12,46.39,44.84,45.06,29528550
AFLT,2026-06-08,45.1,45.59,43.6,43.98,26833520
AFLT,2026-06-09,43.86,44.08,42.04,43.99,49506180
AFLT,2026-06-10,43.81,44.49,42.7,43.2,26495540
AFLT,2026-06-11,43.11,43.62,42.72,43.15,10796160
AFLT,2026-06-15,43.25,45.68,43.14,45.55,30136170
AFLT,2026-06-16,45.57,45.7,43.47,44.17,27564950
AFLT,2026-06-17,44.17,44.27,43.13,43.29,16335300
AFLT,2026-06-18,43.31,43.47,42.5,42.59,25670100
AFLT,2026-06-19,42.59,44.14,42.18,42.5,39131470
AFLT,2026-06-22,42.53,43.68,38.76,39.08,70373820
AFLT,2026-06-23,39.08,41.14,38.53,40.94,43890900
AFLT,2026-06-24,41.05,41.2,38.71,39.82,31417260
AFLT,2026-06-25,39.82,40.67,37.56,37.98,50570070
AFLT,2026-06-26,37.72,39.32,36.85,37.95,52415340
AFLT,2026-06-29,38.16,40.22,37.6,39.93,46923500
AFLT,2026-06-30,39.93,40.65,39.31,39.5,33312410
AFLT,2026-07-01,39.5,40.82,39.5,39.91,33215680
AFLT,2026-07-02,39.91,40.6,38.71,39.29,35498070
AFLT,2026-07-03,39.3,39.6,38.0,38.79,26782580
AFLT,2026-07-06,38.96,39.78,37.12,37.86,32859310
AFLT,2026-07-07,37.87,40.21,36.83,39.14,35511310
AFLT,2026-07-08,39.11,39.35,37.75,38.59,25250670
AFLT,2026-07-09,38.7,38.85,37.54,37.64,17512930
AFLT,2026-07-10,37.64,37.85,36.5,36.75,21925660
AFLT,2026-07-13,36.75,37.4,36.5,36.71,22766690
AFLT,2026-07-14,36.59,37.1,36.33,36.85,14569540
AFLT,2026-07-15,36.8,37.0,34.51,34.81,44229490
AFLT,2026-07-16,34.58,34.76,33.51,33.73,47523080
AFLT,2026-07-17,28.47,30.06,27.85,28.96,86012880
AFLT,2026-07-20,28.9,31.13,28.7,31.05,73675960
AFLT,2026-07-21,31.04,31.83,30.32,31.21,49180210
AFLT,2026-07-22,31.2,31.72,30.12,31.25,40404430
AFLT,2026-07-23,31.21,31.38,30.22,30.31,25852750
AFLT,2026-07-24,30.3,31.25,29.54,31.12,36412950
AFLT,2026-07-27,31.17,32.26,30.54,32.21,34693340
AFLT,2026-07-28,32.22,32.82,31.84,32.3,19837810
AFLT,2026-07-29,32.3,32.75,32.29,32.59,12231750
AFLT,2026-07-30,32.65,33.47,32.28,32.42,19452320
AFLT,2026-07-31,32.42,33.49,31.85,33.11,26475610
AFLT,2026-08-03,33.25,35.31,33.15,35.0,35289070
AFLT,2026-08-04,35.0,35.3,34.28,35.21,21823620
AFLT,2026-08-05,35.21,36.19,34.97,36.07,22722580
AFLT,2026-08-06,36.08,36.64,35.4,36.19,23070770
AFLT,2026-08-07,36.38,36.39,35.36,35.49,13039090
AFLT,2026-08-10,35.6,37.0,35.12,36.08,21337550
AFLT,2026-08-11,36.0,36.36,35.82,36.06,8792400
AFLT,2026-08-12,36.1,36.2,34.82,35.03,18653750
AFLT,2026-08-13,34.99,34.99,34.06,34.14,21988570
AFLT,2026-08-14,34.15,34.53,33.1,33.17,26897040
