symbol,date,open,high,low,close,volume
ALRS,2013-09-02,33.0,33.197,32.612,33.0,696800
ALRS,2013-09-03,33.148,33.198,32.9,33.198,1257800
ALRS,2013-09-04,33.329,33.5,33.018,33.327,161400
ALRS,2013-09-05,33.343,33.349,33.0,33.34,177200
ALRS,2013-09-06,33.4,33.449,33.06,33.061,370500
ALRS,2013-09-09,33.369,33.372,33.034,33.299,242400
ALRS,2013-09-10,33.365,33.365,33.01,33.01,376400
ALRS,2013-09-11,33.007,33.239,32.7,32.896,362000
ALRS,2013-09-12,32.711,33.1,32.6,32.999,757200
ALRS,2013-09-13,32.859,33.095,32.602,32.678,202200
ALRS,2013-09-16,32.724,33.27,32.595,33.25,41507100
ALRS,2013-09-17,33.241,33.8,33.181,33.748,3411700
ALRS,2013-09-18,33.9,35.4,33.887,35.1,2413900
ALRS,2013-09-19,34.922,35.45,34.651,35.099,973900
ALRS,2013-09-20,35.348,35.348,34.311,34.51,339700
ALRS,2013-09-23,34.845,35.256,34.5,35.115,301900
ALRS,2013-09-24,35.119,35.119,34.812,34.9,353900
ALRS,2013-09-25,34.95,35.5,34.867,35.488,1479100
ALRS,2013-09-26,35.143,35.5,35.024,35.5,1008400
ALRS,2013-09-27,35.401,37.347,35.399,36.8,1252700
ALRS,2013-09-30,36.987,37.55,35.671,36.0,665100
ALRS,2013-10-01,35.559,36.95,35.559,36.255,492600
ALRS,2013-10-02,36.3,39.5,36.3,38.502,2876100
ALRS,2013-10-03,38.799,40.989,38.6,39.0,1938800
ALRS,2013-10-04,38.941,38.942,37.751,38.7,725600
ALRS,2013-10-07,38.7,38.7,37.6,37.652,905600
ALRS,2013-10-08,37.621,37.85,37.518,37.777,714400
ALRS,2013-10-09,37.6,37.776,36.997,37.0,868400
ALRS,2013-10-10,37.0,37.097,36.75,36.88,1944900
ALRS,2013-10-11,36.997,36.997,34.75,34.75,2621700
ALRS,2013-10-14,34.771,35.49,34.752,34.823,929400
ALRS,2013-10-15,35.393,35.398,34.777,35.0,1490900
ALRS,2013-10-16,34.999,35.01,34.855,34.999,530500
ALRS,2013-10-17,34.126,35.469,34.126,35.1,468400
ALRS,2013-10-18,35.1,35.398,35.003,35.244,1079000
ALRS,2013-10-21,35.418,35.48,35.0,35.003,366500
ALRS,2013-10-22,35.39,35.39,34.96,34.96,270000
ALRS,2013-10-23,34.951,34.981,34.58,34.85,790600
ALRS,2013-10-24,34.656,35.0,34.656,34.9,1112900
ALRS,2013-10-25,34.946,35.0,34.58,34.95,1977500
ALRS,2013-10-28,34.95,35.799,34.95,35.25,37784000
ALRS,2013-10-29,35.224,36.153,35.011,36.153,31713200
ALRS,2013-10-30,36.157,38.081,36.053,37.4,29626300
ALRS,2013-10-31,37.4,37.635,36.032,36.219,5338300
ALRS,2013-11-01,36.511,36.8,35.7,35.951,4123000
ALRS,2013-11-05,36.005,36.36,35.192,35.2,4857100
ALRS,2013-11-06,35.257,36.043,35.257,36.0,4257500
ALRS,2013-11-07,35.75,36.1,35.695,36.1,3862900
ALRS,2013-11-08,36.0,36.116,35.828,36.1,1820100
ALRS,2013-11-11,36.1,36.225,35.966,36.14,1104200
ALRS,2013-11-12,35.89,36.203,35.4,35.712,1203400
ALRS,2013-11-13,35.325,35.514,34.753,34.753,8015100
ALRS,2013-11-14,34.875,35.489,34.875,35.484,2417300
ALRS,2013-11-15,35.484,35.539,35.124,35.361,2790400
ALRS,2013-11-18,35.361,35.64,35.31,35.51,1077600
ALRS,2013-11-19,35.644,35.898,35.253,35.75,5481100
ALRS,2013-11-20,35.552,35.797,35.3,35.648,1251300
ALRS,2013-11-21,35.75,35.75,35.296,35.399,1004100
ALRS,2013-11-22,35.499,35.698,35.22,35.38,1012800
ALRS,2013-11-25,35.3,35.399,35.05,35.056,601200
ALRS,2013-11-26,35.1,35.1,34.102,34.959,1234800
ALRS,2013-11-27,34.781,34.853,33.001,34.1,2070900
ALRS,2013-11-28,34.1,34.398,33.934,34.25,1462700
ALRS,2013-11-29,34.1,35.312,34.012,34.914,1538800
ALRS,2013-12-02,34.919,35.879,34.721,35.825,2183900
ALRS,2013-12-03,36.077,36.077,35.09,35.289,1861000
ALRS,2013-12-04,35.15,35.389,34.765,35.049,387400
ALRS,2013-12-05,34.801,35.293,34.801,35.123,418200
ALRS,2013-12-06,34.806,35.499,34.806,35.445,1814300
ALRS,2013-12-09,35.113,35.703,35.011,35.029,1479400
ALRS,2013-12-10,35.237,35.237,34.322,34.831,1785000
ALRS,2013-12-11,34.552,34.928,34.291,34.38,1560200
ALRS,2013-12-12,34.233,34.233,33.111,33.19,1828500
ALRS,2013-12-13,33.288,33.597,32.723,32.9,1575800
ALRS,2013-12-16,31.406,33.1,31.406,32.75,2233000
ALRS,2013-12-17,32.893,33.44,32.75,33.198,1765200
ALRS,2013-12-18,33.23,34.168,33.111,34.05,2103400
ALRS,2013-12-19,34.293,34.693,34.01,34.418,1523200
ALRS,2013-12-20,34.29,34.635,34.155,34.63,861700
ALRS,2013-12-23,34.716,34.716,34.0,34.077,1220600
ALRS,2013-12-24,34.3,34.42,34.016,34.382,373800
ALRS,2013-12-25,34.161,34.57,34.161,34.549,639400
ALRS,2013-12-26,34.238,35.001,34.238,34.906,2763000
ALRS,2013-12-27,34.854,35.05,34.68,34.8,1644300
ALRS,2013-12-30,34.728,36.014,34.601,35.67,2301500
ALRS,2014-01-06,35.399,35.399,33.405,33.679,1537100
ALRS,2014-01-08,33.788,34.0,32.9,33.076,1478700
ALRS,2014-01-09,33.289,33.39,32.201,32.75,1744300
ALRS,2014-01-10,32.99,33.3,32.289,33.2,2966600
ALRS,2014-01-13,33.203,33.83,33.203,33.5,1665100
ALRS,2014-01-14,33.263,33.331,32.301,32.648,2790700
ALRS,2014-01-15,32.772,33.07,32.099,32.267,3253900
ALRS,2014-01-16,32.554,32.601,31.708,32.0,6643500
ALRS,2014-01-17,32.191,32.3,31.854,32.03,3203000
ALRS,2014-01-20,32.197,32.889,32.197,32.77,3322300
ALRS,2014-01-21,32.933,33.761,32.872,33.7,3090800
ALRS,2014-01-22,34.531,34.531,33.508,33.889,1992600
ALRS,2014-01-23,33.702,35.15,33.7,35.0,4033900
ALRS,2014-01-24,34.805,35.984,34.7,35.67,7982900
ALRS,2014-01-27,35.301,35.803,35.018,35.75,2440200
ALRS,2014-01-28,35.839,36.49,35.444,36.301,3151900
ALRS,2014-01-29,36.268,36.851,34.82,35.3,4612100
ALRS,2014-01-30,35.48,36.2,34.65,36.169,3872900
ALRS,2014-01-31,35.844,36.98,35.839,36.5,3400600
ALRS,2014-02-03,38.08,38.08,35.68,35.7,1591400
ALRS,2014-02-04,35.537,35.537,34.35,34.462,4548200
ALRS,2014-02-05,34.708,36.001,34.346,35.956,3251600
ALRS,2014-02-06,36.088,36.78,36.088,36.77,2398500
ALRS,2014-02-07,36.895,36.937,36.5,36.571,1397200
ALRS,2014-02-10,36.5,36.79,36.341,36.789,1439600
ALRS,2014-02-11,36.565,37.35,36.4,37.149,2429900
ALRS,2014-02-12,37.35,37.394,36.554,36.994,1551400
ALRS,2014-02-13,36.809,36.994,35.62,35.67,1189400
ALRS,2014-02-14,36.009,36.35,35.515,36.2,2086900
ALRS,2014-02-17,36.2,36.481,35.8,36.0,1027000
ALRS,2014-02-18,36.0,36.197,35.82,36.16,8681100
ALRS,2014-02-19,35.509,36.6,35.509,36.54,2179300
ALRS,2014-02-20,36.5,36.656,35.801,36.637,1635200
ALRS,2014-02-21,36.952,37.0,36.516,36.977,1658400
ALRS,2014-02-24,36.823,37.099,36.82,37.001,2748600
ALRS,2014-02-25,37.093,37.093,36.92,36.92,1735300
ALRS,2014-02-26,36.823,37.25,36.823,37.249,2851300
ALRS,2014-02-27,37.298,37.61,36.912,37.61,4237500
ALRS,2014-02-28,37.105,39.499,37.105,38.73,5676100
ALRS,2014-03-03,36.579,37.897,34.502,35.523,8738900
ALRS,2014-03-04,35.978,37.499,35.767,37.435,6020300
ALRS,2014-03-05,37.107,37.59,36.451,37.1,2645400
ALRS,2014-03-06,36.7,37.602,36.7,36.998,3548300
ALRS,2014-03-07,36.7,37.362,36.1,36.801,3376200
ALRS,2014-03-11,36.999,37.336,36.277,37.0,2556000
ALRS,2014-03-12,36.011,37.0,36.001,36.4,5051400
ALRS,2014-03-13,36.5,36.7,35.123,36.2,4249400
ALRS,2014-03-14,35.898,35.898,29.2,33.637,10613500
ALRS,2014-03-17,33.64,35.898,33.11,33.455,5481100
ALRS,2014-03-18,33.501,33.98,31.722,32.894,3521900
ALRS,2014-03-19,33.0,33.775,32.75,32.998,3111000
ALRS,2014-03-20,32.79,33.6,32.659,33.6,2522400
ALRS,2014-03-21,32.255,34.39,32.255,34.27,2141500
ALRS,2014-03-24,34.292,35.49,33.901,34.449,1903700
ALRS,2014-03-25,34.693,34.805,33.22,34.208,3039700
ALRS,2014-03-26,34.396,34.58,33.851,34.01,5926200
ALRS,2014-03-27,34.1,34.598,33.565,34.464,3645500
ALRS,2014-03-28,34.655,34.86,34.167,34.76,1342000
ALRS,2014-03-31,35.308,36.744,34.5,36.063,3053300
ALRS,2014-04-01,36.717,38.468,36.016,37.952,4530400
ALRS,2014-04-02,37.951,38.1,37.7,38.0,1148700
ALRS,2014-04-03,37.998,38.4,37.942,38.19,5241900
ALRS,2014-04-04,38.526,38.526,38.04,38.3,5807700
ALRS,2014-04-07,37.999,38.336,36.4,36.45,2513600
ALRS,2014-04-08,36.156,37.084,36.156,36.82,2666900
ALRS,2014-04-09,36.973,38.04,36.973,37.55,4220300
ALRS,2014-04-10,37.602,38.225,37.602,38.203,3213200
ALRS,2014-04-11,37.974,38.544,37.287,38.32,2294900
ALRS,2014-04-14,38.4,38.4,37.4,37.4,2604700
ALRS,2014-04-15,37.501,37.898,36.03,37.404,3181300
ALRS,2014-04-16,37.422,37.518,36.794,37.12,1360600
ALRS,2014-04-17,37.315,37.803,36.79,36.9,1488100
ALRS,2014-04-18,37.4,37.99,36.721,36.753,1310400
ALRS,2014-04-21,36.91,36.96,36.521,36.655,342400
ALRS,2014-04-22,36.943,36.943,36.095,36.4,1537300
ALRS,2014-04-23,36.689,36.689,35.51,36.0,3942800
ALRS,2014-04-24,36.169,36.169,35.12,35.426,1863300
ALRS,2014-04-25,35.142,36.254,35.0,35.75,4726900
ALRS,2014-04-28,35.751,36.275,34.9,35.5,6178300
ALRS,2014-04-29,35.701,35.881,35.201,35.3,2344400
ALRS,2014-04-30,35.351,37.149,35.203,36.812,4018500
ALRS,2014-05-02,37.607,37.607,35.906,36.0,3374100
ALRS,2014-05-05,36.188,36.283,35.65,35.8,1329100
ALRS,2014-05-06,35.998,36.332,35.806,36.0,3574600
ALRS,2014-05-07,35.81,37.6,35.677,37.501,4689600
ALRS,2014-05-08,37.406,37.94,37.03,37.03,1821000
ALRS,2014-05-12,37.289,38.5,37.095,38.2,3979200
ALRS,2014-05-13,38.45,40.099,38.401,39.8,9098200
ALRS,2014-05-14,40.114,40.971,39.753,40.44,8408500
ALRS,2014-05-15,40.9,41.95,39.978,40.8,18119800
ALRS,2014-05-16,40.8,41.193,40.37,40.6,6297700
ALRS,2014-05-19,40.953,40.953,39.055,39.055,6820900
ALRS,2014-05-20,39.05,39.56,38.929,39.485,5034300
ALRS,2014-05-21,39.361,39.5,38.549,39.101,11120900
ALRS,2014-05-22,39.5,39.977,38.701,39.678,5254300
ALRS,2014-05-23,39.699,39.7,39.299,39.5,11193400
ALRS,2014-05-26,39.85,40.1,38.9,40.0,6672300
ALRS,2014-05-27,39.997,40.5,38.956,39.6,12186000
ALRS,2014-05-28,39.17,40.2,39.162,40.2,13941700
ALRS,2014-05-29,40.397,41.73,39.943,41.317,13929500
ALRS,2014-05-30,41.498,42.51,40.604,41.3,87649400
ALRS,2014-06-02,41.4,43.0,40.832,42.85,8348300
ALRS,2014-06-03,43.004,44.75,41.859,44.75,16524800
ALRS,2014-06-04,44.751,45.197,43.651,44.01,7105900
ALRS,2014-06-05,43.998,44.95,43.801,44.35,6146900
ALRS,2014-06-06,44.102,44.36,41.25,41.452,16138300
ALRS,2014-06-09,41.269,41.654,40.356,40.8,6273300
ALRS,2014-06-10,41.905,41.905,40.358,40.65,5612600
ALRS,2014-06-11,40.978,41.2,39.734,40.3,5963200
ALRS,2014-06-16,39.679,41.38,38.857,40.038,16410000
ALRS,2014-06-17,40.001,40.714,39.6,39.878,5242500
ALRS,2014-06-18,40.041,40.586,39.926,40.459,2887100
ALRS,2014-06-19,40.595,42.0,40.38,42.0,6850700
ALRS,2014-06-20,42.175,42.222,40.5,41.0,6786700
ALRS,2014-06-23,41.425,42.199,41.037,41.1,4716800
ALRS,2014-06-24,41.373,43.489,41.342,43.4,15132100
ALRS,2014-06-25,44.274,44.274,41.944,42.5,13905100
ALRS,2014-06-26,43.271,43.595,41.36,42.5,6297500
ALRS,2014-06-27,42.864,43.136,41.6,42.0,4575900
ALRS,2014-06-30,41.999,42.245,41.031,41.8,8092600
ALRS,2014-07-01,41.926,42.462,41.803,42.2,2682000
ALRS,2014-07-02,42.917,44.403,42.119,44.403,3808200
ALRS,2014-07-03,44.399,44.88,44.216,44.7,6956500
ALRS,2014-07-04,44.756,46.0,44.151,45.0,5606100
ALRS,2014-07-07,44.321,45.449,44.02,45.4,3122100
ALRS,2014-07-08,45.982,49.44,45.291,45.975,5522500
ALRS,2014-07-09,46.198,47.0,45.531,46.25,3672800
ALRS,2014-07-10,46.488,46.758,42.66,44.0,5260100
ALRS,2014-07-11,43.788,45.47,43.578,44.702,3253200
ALRS,2014-07-14,44.493,45.355,44.493,44.625,3030400
ALRS,2014-07-15,44.221,45.018,43.862,44.75,4328100
ALRS,2014-07-16,45.054,48.0,44.26,48.0,9295700
ALRS,2014-07-17,45.825,45.857,44.6,44.8,4195200
ALRS,2014-07-18,44.501,46.211,42.814,46.211,3900200
ALRS,2014-07-21,45.997,45.997,43.231,43.87,4999300
ALRS,2014-07-22,43.897,44.788,42.15,42.215,4271900
ALRS,2014-07-23,42.5,43.999,42.41,43.019,2447400
ALRS,2014-07-24,42.835,44.0,42.646,44.0,3266300
ALRS,2014-07-25,44.763,44.889,43.053,44.5,5716300
ALRS,2014-07-28,44.269,44.723,42.58,42.652,6434000
ALRS,2014-07-29,42.65,43.26,42.342,43.0,3943500
ALRS,2014-07-30,42.8,45.0,42.8,43.57,5706100
ALRS,2014-07-31,43.75,44.35,43.75,44.1,2568900
ALRS,2014-08-01,44.1,44.661,43.872,44.0,1784000
ALRS,2014-08-04,44.119,45.888,44.057,45.888,1917800
ALRS,2014-08-05,45.698,45.699,44.217,44.8,6039300
ALRS,2014-08-06,44.933,46.444,44.1,44.1,6114200
ALRS,2014-08-07,43.266,44.462,41.481,43.87,7128600
ALRS,2014-08-08,44.107,44.5,43.188,43.3,3363700
ALRS,2014-08-11,44.1,44.294,42.695,42.695,3123800
ALRS,2014-08-12,42.925,43.95,42.669,43.78,2762600
ALRS,2014-08-13,43.125,44.55,43.125,44.48,3148300
ALRS,2014-08-14,43.703,45.184,43.703,44.0,3797600
ALRS,2014-08-15,43.361,44.352,43.361,44.0,2697100
ALRS,2014-08-18,46.39,46.39,43.235,43.6,1664200
ALRS,2014-08-19,43.654,43.893,43.081,43.299,1469900
ALRS,2014-08-20,43.105,43.65,42.95,43.3,2142100
ALRS,2014-08-21,43.226,43.95,43.032,43.7,2289200
ALRS,2014-08-22,43.7,44.4,43.3,43.4,2781700
ALRS,2014-08-25,44.45,44.45,43.488,43.5,1585700
ALRS,2014-08-26,43.69,43.85,43.42,43.85,951200
ALRS,2014-08-27,43.815,44.98,43.665,44.895,1558400
ALRS,2014-08-28,44.727,44.75,43.307,43.8,3577800
ALRS,2014-08-29,43.751,44.25,42.351,42.5,5955600
ALRS,2014-09-01,42.5,42.75,40.05,40.05,4403400
ALRS,2014-09-02,40.125,40.333,38.65,39.6,6441000
ALRS,2014-09-03,39.697,41.56,39.152,41.0,13554200
ALRS,2014-09-04,41.498,42.898,40.6,41.37,5243300
ALRS,2014-09-05,41.717,42.237,41.239,41.59,2546300
ALRS,2014-09-08,41.61,41.94,40.715,41.0,2528900
ALRS,2014-09-09,40.351,41.735,40.351,41.037,1428600
ALRS,2014-09-10,41.0,41.0,40.03,40.5,3110500
ALRS,2014-09-11,40.51,41.147,38.592,38.592,8396600
ALRS,2014-09-12,38.685,38.686,36.561,36.799,14211100
ALRS,2014-09-15,36.251,37.19,35.651,36.0,9748000
ALRS,2014-09-16,36.103,37.765,35.901,37.4,13169400
ALRS,2014-09-17,37.4,37.8,36.053,37.155,9259800
ALRS,2014-09-18,37.36,38.75,37.141,38.4,8964800
ALRS,2014-09-19,38.5,38.582,37.7,38.45,5770300
ALRS,2014-09-22,38.225,38.451,37.05,37.3,6498300
ALRS,2014-09-23,37.3,38.397,37.3,37.519,3416700
ALRS,2014-09-24,38.4,38.4,36.711,36.976,4889600
ALRS,2014-09-25,37.134,37.68,36.976,37.0,3055400
ALRS,2014-09-26,36.407,37.18,36.407,36.453,3063200
ALRS,2014-09-29,36.447,36.866,34.5,34.83,3051500
ALRS,2014-09-30,34.315,36.15,34.132,35.5,9800100
ALRS,2014-10-01,35.5,36.49,35.47,36.1,2230100
ALRS,2014-10-02,36.5,36.5,35.77,36.19,3217000
ALRS,2014-10-03,36.42,37.03,36.15,36.4,2135200
ALRS,2014-10-06,36.7,37.75,36.33,37.75,2763600
ALRS,2014-10-07,37.5,39.38,37.45,38.59,5342900
ALRS,2014-10-08,37.42,39.0,37.42,37.94,6252000
ALRS,2014-10-09,38.53,38.87,37.9,38.67,5000900
ALRS,2014-10-10,37.84,39.5,37.74,39.5,8254600
ALRS,2014-10-13,39.3,40.47,39.13,40.21,3671200
ALRS,2014-10-14,40.11,41.37,38.55,39.0,10395500
ALRS,2014-10-15,39.3,39.78,38.11,38.7,4571300
ALRS,2014-10-16,38.41,39.28,38.26,38.42,5710100
ALRS,2014-10-17,38.42,39.35,38.08,39.17,1889100
ALRS,2014-10-20,39.2,40.35,39.2,39.3,3905500
ALRS,2014-10-21,39.23,39.23,38.0,38.6,1969300
ALRS,2014-10-22,39.71,39.71,38.0,38.03,2632000
ALRS,2014-10-23,37.96,38.27,37.21,38.25,3703500
ALRS,2014-10-24,38.03,38.34,37.86,38.33,2418500
ALRS,2014-10-27,38.6,39.03,38.11,38.22,3131800
ALRS,2014-10-28,37.6,38.97,37.6,38.25,2246100
ALRS,2014-10-29,38.25,38.4,37.05,37.05,3472800
ALRS,2014-10-30,37.08,38.26,37.08,38.26,5672400
ALRS,2014-10-31,38.26,38.85,38.11,38.5,4348400
ALRS,2014-11-03,38.5,38.85,37.83,38.75,2989000
ALRS,2014-11-05,38.68,39.5,38.18,39.5,4037000
ALRS,2014-11-06,39.5,39.89,38.21,38.85,2627700
ALRS,2014-11-07,39.05,39.8,37.5,39.52,4777900
ALRS,2014-11-10,39.74,41.49,39.74,41.49,7099000
ALRS,2014-11-11,41.49,43.29,41.1,42.34,6714600
ALRS,2014-11-12,43.14,44.8,41.69,44.8,11263500
ALRS,2014-11-13,44.88,44.88,42.5,43.5,5708300
ALRS,2014-11-14,43.5,44.13,42.5,42.94,1880700
ALRS,2014-11-17,42.74,43.5,42.67,43.5,2541200
ALRS,2014-11-18,43.18,44.69,43.18,44.5,5156900
ALRS,2014-11-19,44.21,45.0,43.75,44.95,3062700
ALRS,2014-11-20,45.0,45.0,43.76,44.8,6254100
ALRS,2014-11-21,44.85,45.5,44.19,45.5,4728500
ALRS,2014-11-24,45.53,45.99,44.82,45.75,1577600
ALRS,2014-11-25,46.06,46.35,44.72,46.0,3273400
ALRS,2014-11-26,45.58,45.98,39.61,45.51,3559000
ALRS,2014-11-27,45.94,46.53,44.09,45.3,3572600
ALRS,2014-11-28,45.38,47.5,44.34,47.49,5487000
ALRS,2014-12-01,47.49,52.23,47.02,48.91,6633200
ALRS,2014-12-02,49.13,51.67,49.11,50.8,6535300
ALRS,2014-12-03,50.02,51.5,50.02,51.09,2746100
ALRS,2014-12-04,51.1,51.75,49.8,51.74,7420100
ALRS,2014-12-05,51.6,52.66,50.8,51.95,16537500
ALRS,2014-12-08,52.33,52.49,47.16,49.55,6877800
ALRS,2014-12-09,49.4,49.97,47.05,48.8,8399200
ALRS,2014-12-10,49.7,50.7,49.0,49.99,3437200
ALRS,2014-12-11,50.0,51.0,48.1,49.5,6204900
ALRS,2014-12-12,49.38,51.94,48.6,51.89,7277200
ALRS,2014-12-15,51.83,54.78,51.17,53.0,9513000
ALRS,2014-12-16,52.52,63.52,49.56,54.55,9949600
ALRS,2014-12-17,55.99,59.99,51.8,55.8,12246700
ALRS,2014-12-18,54.52,55.84,50.55,53.28,10226400
ALRS,2014-12-19,53.28,55.86,51.02,55.86,6389900
ALRS,2014-12-22,56.13,59.4,52.94,59.22,13594300
ALRS,2014-12-23,59.22,69.46,58.4,58.4,14831000
ALRS,2014-12-24,58.59,61.89,55.28,58.15,3380700
ALRS,2014-12-25,57.54,58.47,55.1,57.0,6886300
ALRS,2014-12-26,57.05,59.05,55.54,58.72,1356200
ALRS,2014-12-29,58.01,63.98,57.83,62.49,7755400
ALRS,2014-12-30,61.21,64.0,59.27,63.0,3408500
ALRS,2015-01-05,63.95,64.49,58.91,60.38,4150300
ALRS,2015-01-06,60.2,62.59,59.89,61.28,2560000
ALRS,2015-01-08,61.28,63.55,57.54,60.2,8930000
ALRS,2015-01-09,59.51,63.0,59.51,61.91,4551600
ALRS,2015-01-12,62.94,63.5,61.1,63.0,2552000
ALRS,2015-01-13,63.0,68.0,62.66,66.4,5108600
ALRS,2015-01-14,66.99,72.08,66.7,71.7,9514700
ALRS,2015-01-15,72.28,72.28,67.5,68.6,4625100
ALRS,2015-01-16,68.58,70.45,67.1,69.55,2983400
ALRS,2015-01-19,69.58,73.85,69.2,69.7,3881900
ALRS,2015-01-20,70.15,72.2,69.5,71.0,3223100
ALRS,2015-01-21,72.62,76.7,71.46,76.5,4488800
ALRS,2015-01-22,76.0,77.7,74.78,77.5,6138900
ALRS,2015-01-23,77.45,79.44,73.63,76.0,6643900
ALRS,2015-01-26,76.1,76.94,71.27,73.45,4647100
ALRS,2015-01-27,72.9,77.9,72.61,77.9,5501100
ALRS,2015-01-28,77.9,83.76,75.12,75.3,12863100
ALRS,2015-01-29,75.2,79.39,75.2,76.3,6949300
ALRS,2015-01-30,76.56,80.26,76.56,78.49,6414000
ALRS,2015-02-02,78.55,80.48,76.0,76.1,4943700
ALRS,2015-02-03,76.84,82.12,76.1,82.0,9118200
ALRS,2015-02-04,81.52,81.52,77.56,78.2,9338700
ALRS,2015-02-05,78.8,80.09,77.1,77.42,5746100
ALRS,2015-02-06,78.52,79.77,77.75,79.0,4518000
ALRS,2015-02-09,79.8,81.65,77.61,78.45,6261400
ALRS,2015-02-10,78.45,79.9,76.16,76.16,5734500
ALRS,2015-02-11,76.8,78.0,76.01,77.15,3477000
ALRS,2015-02-12,78.3,78.45,73.55,73.6,7406600
ALRS,2015-02-13,74.0,75.02,70.27,73.35,11553900
ALRS,2015-02-16,73.23,74.97,71.17,72.5,4912300
ALRS,2015-02-17,71.28,73.96,70.5,72.4,5643900
ALRS,2015-02-18,70.65,74.0,70.65,73.48,5437200
ALRS,2015-02-19,73.5,75.0,72.0,75.0,5003300
ALRS,2015-02-20,75.3,75.93,74.5,75.7,2734800
ALRS,2015-02-24,74.0,76.38,73.0,73.87,2609600
ALRS,2015-02-25,73.89,74.0,70.6,73.0,4782800
ALRS,2015-02-26,77.75,77.75,68.2,70.12,6570400
ALRS,2015-02-27,69.25,70.46,67.32,68.5,7065700
ALRS,2015-03-02,68.5,71.0,68.06,68.95,7373600
ALRS,2015-03-03,68.3,72.44,68.3,72.05,12469000
ALRS,2015-03-04,72.0,74.85,71.07,73.95,4315500
ALRS,2015-03-05,74.0,76.95,72.83,74.41,10837000
ALRS,2015-03-06,74.63,75.51,72.91,74.5,4113100
ALRS,2015-03-10,74.25,76.97,73.03,74.55,8614600
ALRS,2015-03-11,75.11,76.48,73.84,75.0,6818100
ALRS,2015-03-12,75.0,77.5,74.01,75.0,5830400
ALRS,2015-03-13,76.3,77.25,75.21,76.12,5487200
ALRS,2015-03-16,76.6,80.97,76.17,79.61,12959800
ALRS,2015-03-17,80.0,84.1,79.87,82.8,16457800
ALRS,2015-03-18,83.13,83.89,79.0,79.5,19943500
ALRS,2015-03-19,80.25,80.25,76.5,77.0,16896100
ALRS,2015-03-20,76.89,79.45,75.18,78.0,89071900
ALRS,2015-03-23,78.8,78.8,74.01,74.9,11249700
ALRS,2015-03-24,74.9,75.95,73.05,75.5,8877200
ALRS,2015-03-25,75.34,75.95,72.54,73.6,4110300
ALRS,2015-03-26,73.68,73.81,68.05,70.2,14350000
ALRS,2015-03-27,75.27,75.27,68.75,70.23,10118100
ALRS,2015-03-30,70.66,72.13,70.1,71.31,5557800
ALRS,2015-03-31,71.33,72.79,69.75,72.0,6335800
ALRS,2015-04-01,71.55,73.32,70.73,73.0,4694500
ALRS,2015-04-02,73.1,74.02,72.32,73.61,3605900
ALRS,2015-04-03,73.5,74.19,72.41,72.41,1518200
ALRS,2015-04-06,73.35,73.57,72.75,72.82,1112800
ALRS,2015-04-07,72.89,73.26,70.61,70.99,4659000
ALRS,2015-04-08,71.0,71.0,68.21,69.0,6158400
ALRS,2015-04-09,69.0,69.49,64.16,65.5,8305300
ALRS,2015-04-10,65.23,65.95,63.12,65.2,11192200
ALRS,2015-04-13,65.15,66.0,62.02,62.02,8525900
ALRS,2015-04-14,62.65,65.25,62.65,64.5,8311000
ALRS,2015-04-15,64.31,64.7,62.95,63.84,9763600
ALRS,2015-04-16,63.87,65.02,62.56,64.85,8642100
ALRS,2015-04-17,64.41,65.75,63.65,63.8,6967100
ALRS,2015-04-20,64.18,67.3,64.01,66.33,11430100
ALRS,2015-04-21,66.98,68.39,66.87,67.62,8052800
ALRS,2015-04-22,68.0,68.49,67.22,67.8,9177100
ALRS,2015-04-23,67.98,68.11,65.85,65.85,11620300
ALRS,2015-04-24,65.94,66.63,64.47,66.25,7197100
ALRS,2015-04-27,66.08,68.0,65.71,67.14,9852800
ALRS,2015-04-28,67.0,67.85,67.0,67.72,4133600
ALRS,2015-04-29,68.27,68.66,67.07,67.8,5785300
ALRS,2015-04-30,69.28,69.28,67.2,68.39,3992900
ALRS,2015-05-05,68.37,71.75,63.13,71.75,7677700
ALRS,2015-05-06,72.57,72.57,68.72,69.5,5143000
ALRS,2015-05-07,69.41,69.87,67.68,69.0,4669300
ALRS,2015-05-08,67.27,69.96,66.81,68.13,7441800
ALRS,2015-05-12,68.09,69.15,66.24,69.15,6112500
ALRS,2015-05-13,69.04,69.55,67.64,69.0,2815000
ALRS,2015-05-14,69.0,69.35,65.55,66.49,3720100
ALRS,2015-05-15,66.5,67.31,65.8,66.7,2994900
ALRS,2015-05-18,66.89,66.89,65.26,66.4,3155100
ALRS,2015-05-19,66.11,67.1,65.9,66.45,4613600
ALRS,2015-05-20,66.79,66.95,64.34,65.34,5459800
ALRS,2015-05-21,65.29,67.25,64.88,66.6,4046000
ALRS,2015-05-22,66.66,68.25,66.03,67.0,3869700
ALRS,2015-05-25,66.85,68.0,66.5,67.16,2402700
ALRS,2015-05-26,67.52,68.2,65.0,65.7,5791300
ALRS,2015-05-27,65.8,67.55,65.53,66.53,4332900
ALRS,2015-05-28,66.6,69.0,66.6,68.74,4483000
ALRS,2015-05-29,68.49,69.25,63.25,63.25,12201200
ALRS,2015-06-01,64.7,66.76,63.99,64.4,5936500
ALRS,2015-06-02,64.98,65.3,62.13,62.74,11211900
ALRS,2015-06-03,63.0,63.09,60.5,60.5,9507000
ALRS,2015-06-04,60.84,62.63,60.61,61.68,9967400
ALRS,2015-06-05,62.1,63.14,62.01,62.94,5229800
ALRS,2015-06-08,63.3,64.48,63.09,63.78,3581600
ALRS,2015-06-09,64.0,64.26,62.8,63.71,4399900
ALRS,2015-06-10,64.28,64.28,62.5,63.8,3353500
ALRS,2015-06-11,63.3,63.98,62.01,62.01,4253300
ALRS,2015-06-15,62.48,62.64,61.05,62.31,4558900
ALRS,2015-06-16,62.7,62.7,61.12,61.2,4738200
ALRS,2015-06-17,61.5,61.77,60.09,61.31,4790700
ALRS,2015-06-18,61.64,61.96,60.7,61.96,2814500
ALRS,2015-06-19,61.93,62.49,61.56,62.49,2528800
ALRS,2015-06-22,62.39,63.2,62.2,62.91,1731300
ALRS,2015-06-23,63.2,64.23,62.45,63.2,4696900
ALRS,2015-06-24,63.98,64.0,62.62,64.0,4305500
ALRS,2015-06-25,63.66,63.66,62.7,62.8,3966200
ALRS,2015-06-26,63.1,63.5,62.8,63.45,2723100
ALRS,2015-06-29,62.83,64.15,62.29,63.78,4929700
ALRS,2015-06-30,63.99,64.1,62.7,63.0,7878200
ALRS,2015-07-01,63.0,63.88,62.9,63.2,4343900
ALRS,2015-07-02,63.55,64.2,63.32,63.37,4909400
ALRS,2015-07-03,63.6,64.2,63.35,64.1,3774500
ALRS,2015-07-06,64.05,67.5,63.79,67.41,9728900
ALRS,2015-07-07,67.4,69.42,66.82,68.15,12983800
ALRS,2015-07-08,68.25,68.69,66.07,68.2,14190800
ALRS,2015-07-09,68.34,70.35,68.0,70.0,8000200
ALRS,2015-07-10,70.65,73.37,70.4,72.3,12546300
ALRS,2015-07-13,72.35,74.5,72.35,73.45,8368800
ALRS,2015-07-14,72.6,73.19,70.79,70.79,5457200
ALRS,2015-07-15,70.75,72.45,69.41,70.24,7185300
ALRS,2015-07-16,70.09,72.59,69.8,72.06,6922000
ALRS,2015-07-17,72.39,72.39,70.1,71.1,5876900
ALRS,2015-07-20,70.31,73.69,70.31,72.97,7641200
ALRS,2015-07-21,72.96,73.95,71.8,72.4,8493100
ALRS,2015-07-22,72.21,73.1,71.51,72.39,10837200
ALRS,2015-07-23,72.05,72.29,70.02,70.1,6203000
ALRS,2015-07-24,70.2,70.7,66.0,66.7,13921300
ALRS,2015-07-27,66.3,67.74,66.15,66.21,7086300
ALRS,2015-07-28,66.07,66.71,65.33,65.73,5840700
ALRS,2015-07-29,66.47,66.58,65.85,66.0,2944500
ALRS,2015-07-30,66.07,67.77,65.95,67.77,5444300
ALRS,2015-07-31,67.2,71.6,66.72,71.2,10082000
ALRS,2015-08-03,70.98,73.95,70.78,73.49,7153700
ALRS,2015-08-04,73.49,73.98,71.4,71.95,5670000
ALRS,2015-08-05,71.9,73.06,71.22,73.06,3510300
ALRS,2015-08-06,73.03,73.95,72.71,73.05,5499800
ALRS,2015-08-07,73.3,73.74,72.87,73.01,3355000
ALRS,2015-08-10,73.09,74.0,72.87,73.21,5104700
ALRS,2015-08-11,73.48,73.72,72.59,73.49,3898700
ALRS,2015-08-12,73.47,73.88,72.55,73.88,2546600
ALRS,2015-08-13,73.88,74.09,71.3,72.52,4447400
ALRS,2015-08-14,72.27,72.3,69.7,69.73,6803900
ALRS,2015-08-17,69.84,69.84,67.1,67.96,10390900
ALRS,2015-08-18,67.97,68.17,67.05,67.05,3812400
ALRS,2015-08-19,67.2,67.49,65.2,65.69,6936900
ALRS,2015-08-20,66.09,66.5,65.05,65.48,8518600
ALRS,2015-08-21,65.25,66.43,64.03,65.5,13653900
ALRS,2015-08-24,63.3,64.84,63.0,63.8,13700500
ALRS,2015-08-25,64.03,65.0,63.24,63.24,8265500
ALRS,2015-08-26,63.66,65.31,62.08,64.61,11561000
ALRS,2015-08-27,65.49,65.92,63.25,63.39,10157700
ALRS,2015-08-28,63.89,65.44,63.52,64.1,12035500
ALRS,2015-08-31,64.64,66.07,63.82,65.0,12151100
ALRS,2015-09-01,65.33,66.82,65.22,66.49,14203400
ALRS,2015-09-02,66.2,67.03,65.9,65.9,5816600
ALRS,2015-09-03,66.11,66.54,64.39,65.2,7701800
ALRS,2015-09-04,65.48,65.58,63.85,64.02,6111500
ALRS,2015-09-07,64.02,64.6,62.85,63.05,6994300
ALRS,2015-09-08,63.35,63.84,62.9,63.02,5494100
ALRS,2015-09-09,63.35,63.37,62.35,62.91,5163900
ALRS,2015-09-10,63.06,64.8,62.8,64.5,9007200
ALRS,2015-09-11,64.69,65.12,64.1,64.85,3913200
ALRS,2015-09-14,65.0,65.0,63.25,63.5,8237600
ALRS,2015-09-15,63.51,63.64,62.13,62.3,7349800
ALRS,2015-09-16,62.31,62.8,60.27,60.78,19411400
ALRS,2015-09-17,61.17,61.78,60.31,61.05,7943600
ALRS,2015-09-18,61.2,61.91,60.4,61.91,6843700
ALRS,2015-09-21,61.12,61.9,60.81,60.81,3466200
ALRS,2015-09-22,61.32,61.32,60.05,60.65,4617400
ALRS,2015-09-23,60.76,60.76,58.12,59.15,10504100
ALRS,2015-09-24,59.45,59.45,56.25,57.51,10271400
ALRS,2015-09-25,57.52,58.12,55.56,55.9,12234500
ALRS,2015-09-28,55.91,56.9,53.12,53.5,11171800
ALRS,2015-09-29,53.3,55.04,52.32,54.77,7005700
ALRS,2015-09-30,54.89,58.0,54.8,57.97,15460700
ALRS,2015-10-01,58.07,59.24,56.74,56.92,10246500
ALRS,2015-10-02,57.18,57.96,56.16,57.44,4777500
ALRS,2015-10-05,57.81,58.77,57.72,58.55,4459300
ALRS,2015-10-06,58.67,60.43,58.31,59.23,11229300
ALRS,2015-10-07,59.49,60.03,58.8,59.66,6311400
ALRS,2015-10-08,59.4,59.79,58.56,59.19,3903100
ALRS,2015-10-09,59.19,59.65,58.58,59.1,4614000
ALRS,2015-10-12,58.94,59.46,57.55,57.55,4853700
ALRS,2015-10-13,57.55,59.0,57.08,59.0,4956000
ALRS,2015-10-14,59.08,59.29,58.23,59.0,3142000
ALRS,2015-10-15,58.4,58.61,56.86,57.96,11606400
ALRS,2015-10-16,58.2,58.72,56.06,56.06,9320700
ALRS,2015-10-19,56.02,57.18,56.02,56.8,5848500
ALRS,2015-10-20,57.07,57.35,55.01,56.0,11313800
ALRS,2015-10-21,55.6,56.12,54.36,54.92,8107700
ALRS,2015-10-22,54.52,55.76,53.53,54.5,10530000
ALRS,2015-10-23,54.65,55.9,54.0,55.9,8527000
ALRS,2015-10-26,56.1,56.2,54.08,54.4,6173200
ALRS,2015-10-27,54.67,54.67,52.81,54.44,12738300
ALRS,2015-10-28,54.36,54.36,53.15,53.89,5217500
ALRS,2015-10-29,53.62,53.82,52.61,52.7,6046000
ALRS,2015-10-30,52.7,52.95,51.4,51.4,7033900
ALRS,2015-11-02,51.03,52.19,50.3,51.38,6985900
ALRS,2015-11-03,51.64,54.42,51.32,53.03,19377000
ALRS,2015-11-05,53.79,54.74,52.2,52.2,9946100
ALRS,2015-11-06,52.46,54.1,51.25,52.22,14786300
ALRS,2015-11-09,52.25,52.8,51.51,52.09,7076900
ALRS,2015-11-10,52.0,52.05,50.92,51.59,6263800
ALRS,2015-11-11,51.88,52.19,51.25,51.4,5464300
ALRS,2015-11-12,51.3,52.5,51.01,51.2,8329500
ALRS,2015-11-13,51.34,51.34,50.72,50.81,3884600
ALRS,2015-11-16,50.86,51.45,50.61,51.05,6885100
ALRS,2015-11-17,51.11,52.84,51.02,52.6,8184600
ALRS,2015-11-18,52.7,53.73,51.85,53.01,10115100
ALRS,2015-11-19,53.22,54.3,53.22,53.95,9618200
ALRS,2015-11-20,54.0,54.19,53.55,53.6,4915900
ALRS,2015-11-23,53.92,55.29,53.2,54.88,11117200
ALRS,2015-11-24,54.98,55.32,52.21,53.2,12210000
ALRS,2015-11-25,53.19,54.95,53.15,54.46,9946000
ALRS,2015-11-26,54.7,55.1,54.03,54.56,4843300
ALRS,2015-11-27,54.18,54.55,52.67,52.72,5656400
ALRS,2015-11-30,52.8,53.0,51.02,52.18,15713000
ALRS,2015-12-01,52.32,52.38,51.1,51.49,7172900
ALRS,2015-12-02,51.85,52.1,51.1,51.55,4847900
ALRS,2015-12-03,51.3,52.34,51.17,51.97,3786100
ALRS,2015-12-04,51.91,52.5,51.0,52.13,6128600
ALRS,2015-12-07,52.15,52.15,50.3,50.5,8688200
ALRS,2015-12-08,50.19,50.48,48.56,48.96,10372200
ALRS,2015-12-09,49.15,50.29,48.42,49.8,6574400
ALRS,2015-12-10,49.5,50.17,48.83,49.55,4540600
ALRS,2015-12-11,49.55,51.03,49.55,50.5,6877400
ALRS,2015-12-14,50.6,53.33,50.43,53.28,18886400
ALRS,2015-12-15,53.4,56.25,53.05,56.0,26524400
ALRS,2015-12-16,56.14,57.6,54.61,55.73,19878100
ALRS,2015-12-17,56.0,56.74,55.11,56.74,11117300
ALRS,2015-12-18,56.69,57.7,54.9,57.6,17296100
ALRS,2015-12-21,57.7,57.87,56.66,56.92,5963900
ALRS,2015-12-22,57.2,57.38,55.56,56.99,6541100
ALRS,2015-12-23,57.0,57.45,55.9,57.35,3967600
ALRS,2015-12-24,57.4,57.75,56.8,57.02,3875100
ALRS,2015-12-25,57.04,57.05,56.0,56.42,2682600
ALRS,2015-12-28,56.03,56.47,53.4,54.23,13930200
ALRS,2015-12-29,54.23,55.39,54.1,55.0,2700800
ALRS,2015-12-30,55.05,56.85,55.05,55.94,11570500
ALRS,2016-01-04,56.0,56.78,55.2,55.21,1547200
ALRS,2016-01-05,55.01,57.8,54.66,57.8,5005100
ALRS,2016-01-06,57.5,58.9,56.86,57.69,5420100
ALRS,2016-01-11,56.9,57.28,55.63,56.11,6835600
ALRS,2016-01-12,56.06,58.4,55.5,58.34,6497700
ALRS,2016-01-13,58.27,59.18,57.17,57.61,7263900
ALRS,2016-01-14,57.45,58.46,56.15,57.26,5659600
ALRS,2016-01-15,56.82,58.04,53.62,53.9,12329600
ALRS,2016-01-18,53.05,54.09,52.33,53.31,7691800
ALRS,2016-01-19,53.9,55.45,53.45,54.09,8830100
ALRS,2016-01-20,53.35,55.29,53.2,55.0,7688300
ALRS,2016-01-21,54.54,57.3,54.54,56.72,9342200
ALRS,2016-01-22,57.0,57.91,55.62,57.1,7879300
ALRS,2016-01-25,57.2,57.69,55.77,56.66,5077600
ALRS,2016-01-26,56.4,60.1,55.86,59.79,16540400
ALRS,2016-01-27,59.9,61.29,59.06,60.6,13649800
ALRS,2016-01-28,60.88,61.95,60.11,61.3,12146600
ALRS,2016-01-29,61.3,61.73,59.55,61.73,11217300
ALRS,2016-02-01,61.7,62.47,60.22,62.0,9891700
ALRS,2016-02-02,62.27,65.98,61.93,64.81,24303600
ALRS,2016-02-03,64.81,65.8,63.8,65.55,12505200
ALRS,2016-02-04,67.8,68.75,66.02,68.37,19454200
ALRS,2016-02-05,68.55,68.68,65.79,66.6,11104500
ALRS,2016-02-08,66.6,67.4,64.55,64.9,9443600
ALRS,2016-02-09,64.53,65.5,62.51,63.2,10756500
ALRS,2016-02-10,62.67,63.9,61.6,62.3,11632200
ALRS,2016-02-11,62.3,64.69,61.83,64.0,12238200
ALRS,2016-02-12,64.46,67.36,63.78,67.32,17050000
ALRS,2016-02-15,67.77,69.44,66.56,69.19,16913600
ALRS,2016-02-16,69.2,70.95,68.87,70.95,17057400
ALRS,2016-02-17,71.0,72.52,68.8,69.0,21540900
ALRS,2016-02-18,68.89,70.35,67.25,68.29,18903400
ALRS,2016-02-19,68.06,68.97,67.52,68.6,6099500
ALRS,2016-02-20,68.6,69.85,68.6,69.12,2536800
ALRS,2016-02-22,69.58,70.42,68.63,70.35,3784600
ALRS,2016-02-24,70.07,71.81,69.62,71.3,11580400
ALRS,2016-02-25,71.88,71.88,69.75,70.52,9602100
ALRS,2016-02-26,70.69,71.45,69.0,69.4,10382900
ALRS,2016-02-29,69.3,71.09,68.7,69.5,11777100
ALRS,2016-03-01,69.69,70.78,69.3,70.75,7949800
ALRS,2016-03-02,70.8,72.16,70.21,71.46,12236800
ALRS,2016-03-03,71.3,71.87,70.54,71.72,6379100
ALRS,2016-03-04,71.9,72.42,71.33,72.25,8007400
ALRS,2016-03-07,72.4,73.09,71.88,72.95,7634500
ALRS,2016-03-09,72.6,72.8,71.0,71.0,6811500
ALRS,2016-03-10,71.28,71.64,70.0,70.75,7418000
ALRS,2016-03-11,71.0,72.0,70.41,70.65,8225700
ALRS,2016-03-14,71.5,71.5,69.6,70.45,6510300
ALRS,2016-03-15,70.6,70.98,69.78,70.03,9630200
ALRS,2016-03-16,70.39,70.68,69.86,70.0,5769400
ALRS,2016-03-17,70.99,71.6,70.25,71.0,7833000
ALRS,2016-03-18,71.25,71.5,70.13,70.17,13063700
ALRS,2016-03-21,70.3,71.35,69.87,71.06,24094200
ALRS,2016-03-22,71.19,71.85,70.31,70.85,38485600
ALRS,2016-03-23,70.76,71.45,69.88,71.2,15756100
ALRS,2016-03-24,71.2,71.34,70.26,70.68,6468300
ALRS,2016-03-25,70.58,70.94,70.15,70.36,3227900
ALRS,2016-03-28,70.74,70.74,68.1,68.93,8573600
ALRS,2016-03-29,69.17,69.64,68.16,69.24,8879500
ALRS,2016-03-30,69.75,70.22,69.17,70.0,6168300
ALRS,2016-03-31,69.9,70.12,69.31,69.6,8405300
ALRS,2016-04-01,69.94,70.48,69.32,70.3,7367500
ALRS,2016-04-04,70.57,70.75,69.78,70.2,5214800
ALRS,2016-04-05,70.17,70.18,69.4,70.1,4473300
ALRS,2016-04-06,69.5,70.28,69.5,70.15,6994700
ALRS,2016-04-07,70.15,70.35,69.89,70.1,4049200
ALRS,2016-04-08,70.29,73.35,69.87,71.89,14481000
ALRS,2016-04-11,72.0,72.95,71.24,71.7,8636000
ALRS,2016-04-12,71.87,72.59,71.4,71.75,8435000
ALRS,2016-04-13,72.36,72.36,70.77,71.2,9825900
ALRS,2016-04-14,71.41,72.0,69.13,71.6,14169000
ALRS,2016-04-15,71.05,71.7,70.78,71.45,3804100
ALRS,2016-04-18,71.09,71.45,69.66,70.76,6484000
ALRS,2016-04-19,70.86,73.79,70.32,73.7,14655400
ALRS,2016-04-20,73.65,76.44,73.05,75.76,15660000
ALRS,2016-04-21,76.18,77.1,73.33,75.08,9675100
ALRS,2016-04-22,75.08,75.12,73.7,75.0,6749100
ALRS,2016-04-25,74.62,75.23,73.5,74.81,6705700
ALRS,2016-04-26,75.2,75.49,73.74,74.2,7350800
ALRS,2016-04-27,74.39,74.49,72.85,74.16,7432400
ALRS,2016-04-28,74.5,74.6,73.51,74.32,4039600
ALRS,2016-04-29,74.26,74.37,71.56,73.9,4376600
ALRS,2016-05-04,73.4,74.65,72.56,73.55,9202900
ALRS,2016-05-05,73.82,73.82,71.18,72.6,7070200
ALRS,2016-05-06,72.7,72.89,71.7,72.64,3678900
ALRS,2016-05-10,72.47,72.64,71.56,72.5,4067200
ALRS,2016-05-11,72.08,73.5,72.0,72.62,3670000
ALRS,2016-05-12,72.5,74.09,72.2,73.08,4713700
ALRS,2016-05-13,72.88,73.49,71.78,73.49,4087700
ALRS,2016-05-16,73.4,76.99,73.4,76.22,13568600
ALRS,2016-05-17,76.33,77.79,75.52,76.55,8928700
ALRS,2016-05-18,76.65,78.0,76.11,78.0,4792200
ALRS,2016-05-19,77.75,79.0,76.31,76.55,5037400
ALRS,2016-05-20,76.66,77.18,73.53,73.59,9865300
ALRS,2016-05-23,74.23,74.43,72.77,73.15,4350800
ALRS,2016-05-24,72.18,75.23,72.18,73.78,8252800
ALRS,2016-05-25,74.15,74.78,71.3,71.75,6264800
ALRS,2016-05-26,71.99,72.36,70.08,70.54,7008900
ALRS,2016-05-27,70.54,71.67,70.54,71.5,4630400
ALRS,2016-05-30,71.86,73.1,71.65,72.96,2842500
ALRS,2016-05-31,74.4,74.49,70.45,70.45,10019500
ALRS,2016-06-01,70.62,71.7,70.5,70.9,5111900
ALRS,2016-06-02,70.7,71.0,69.38,69.7,9107900
ALRS,2016-06-03,69.11,71.28,69.11,69.81,3364000
ALRS,2016-06-06,70.43,70.43,68.95,69.3,6447800
ALRS,2016-06-07,69.47,71.46,69.37,71.46,10594000
ALRS,2016-06-08,71.11,74.0,71.11,73.08,10835200
ALRS,2016-06-09,73.49,73.78,72.61,73.11,4434900
ALRS,2016-06-10,73.1,73.1,70.2,70.7,7216400
ALRS,2016-06-14,70.45,71.77,69.43,70.0,8460600
ALRS,2016-06-15,70.03,70.3,68.09,68.95,11316600
ALRS,2016-06-16,68.6,71.5,68.54,70.75,11603800
ALRS,2016-06-17,71.37,72.3,70.86,71.68,8577400
ALRS,2016-06-20,72.45,73.2,71.61,72.94,7346100
ALRS,2016-06-21,73.0,73.5,71.56,73.11,4191900
ALRS,2016-06-22,72.83,73.3,70.82,71.5,5098300
ALRS,2016-06-23,71.01,72.22,70.51,71.42,3809600
ALRS,2016-06-24,69.5,72.31,68.24,72.15,4845600
ALRS,2016-06-27,72.3,72.39,69.9,70.0,3800500
ALRS,2016-06-28,70.75,71.35,69.42,69.9,8140400
ALRS,2016-06-29,70.18,70.67,69.29,69.5,7579000
ALRS,2016-06-30,69.9,70.2,68.76,69.29,6392800
ALRS,2016-07-01,69.0,69.53,68.35,68.5,3226100
ALRS,2016-07-04,69.0,70.0,68.31,69.5,15806700
ALRS,2016-07-05,70.0,70.2,69.21,69.6,8259600
ALRS,2016-07-06,69.97,69.98,68.6,68.71,11767900
ALRS,2016-07-07,68.8,68.99,67.0,67.63,19247600
ALRS,2016-07-08,67.7,68.6,67.16,67.55,15291500
ALRS,2016-07-11,68.47,69.55,67.8,67.86,25584700
ALRS,2016-07-12,68.09,69.49,67.8,69.18,16455800
ALRS,2016-07-13,69.23,71.79,69.23,71.2,34693500
ALRS,2016-07-14,71.95,72.77,69.8,70.99,53549300
ALRS,2016-07-15,70.4,71.23,70.17,70.5,18390700
ALRS,2016-07-18,69.11,70.17,68.17,69.0,15298700
ALRS,2016-07-19,68.93,70.83,68.34,70.83,13087000
ALRS,2016-07-20,70.9,71.05,69.56,70.0,10497200
ALRS,2016-07-21,70.2,70.92,69.86,70.0,32305000
ALRS,2016-07-22,70.29,70.5,69.36,70.01,17260800
ALRS,2016-07-25,70.0,70.55,69.71,70.29,13377600
ALRS,2016-07-26,70.26,70.5,70.01,70.48,7960100
ALRS,2016-07-27,70.46,70.87,70.25,70.7,7590600
ALRS,2016-07-28,70.66,71.6,70.26,71.6,11251200
ALRS,2016-07-29,71.97,72.55,71.25,71.25,6969300
ALRS,2016-08-01,71.5,72.1,70.8,70.94,6504600
ALRS,2016-08-02,71.34,71.72,69.7,70.89,11549800
ALRS,2016-08-03,71.15,72.0,70.73,71.99,12306500
ALRS,2016-08-04,72.1,72.98,71.89,72.98,11720400
ALRS,2016-08-05,72.98,73.5,72.37,73.5,7737500
ALRS,2016-08-08,73.55,74.2,73.0,74.2,6191500
ALRS,2016-08-09,73.85,74.53,73.8,74.19,13336300
ALRS,2016-08-10,73.8,74.25,73.51,73.99,4866100
ALRS,2016-08-11,73.95,74.05,72.53,73.2,3548800
ALRS,2016-08-12,73.11,73.89,72.81,73.4,4496000
ALRS,2016-08-15,73.79,74.12,73.31,73.73,4134500
ALRS,2016-08-16,73.7,74.0,73.34,74.0,2844800
ALRS,2016-08-17,73.95,76.0,73.88,76.0,17672900
ALRS,2016-08-18,76.0,76.24,75.05,75.39,10031100
ALRS,2016-08-19,75.49,75.89,74.63,74.65,4690500
ALRS,2016-08-22,74.86,75.5,74.02,75.45,8791300
ALRS,2016-08-23,75.02,75.48,74.32,75.48,5160600
ALRS,2016-08-24,75.16,75.47,74.51,75.27,4098100
ALRS,2016-08-25,74.9,75.5,74.2,75.4,6407200
ALRS,2016-08-26,75.02,75.6,72.61,73.0,10015200
ALRS,2016-08-29,73.99,74.58,73.33,73.85,6739600
ALRS,2016-08-30,73.97,76.45,73.7,75.61,11535800
ALRS,2016-08-31,76.05,76.8,75.15,75.3,15735700
ALRS,2016-09-01,75.51,76.39,75.46,75.7,7012000
ALRS,2016-09-02,76.37,76.75,74.7,76.53,10608100
ALRS,2016-09-05,76.8,78.19,76.55,77.95,7369500
ALRS,2016-09-06,78.09,81.25,77.8,81.25,18165200
ALRS,2016-09-07,81.3,81.72,80.22,80.37,14520400
ALRS,2016-09-08,80.31,81.0,79.23,80.33,8971600
ALRS,2016-09-09,80.12,83.15,79.71,82.44,9718400
ALRS,2016-09-12,82.2,82.8,80.4,80.78,16857900
ALRS,2016-09-13,80.9,81.9,80.7,81.14,8443300
ALRS,2016-09-14,81.96,84.35,81.14,84.0,11681300
ALRS,2016-09-15,83.72,85.68,82.97,84.41,8715700
ALRS,2016-09-16,84.83,84.97,83.0,84.69,8766500
ALRS,2016-09-19,84.27,86.7,84.11,86.25,8644500
ALRS,2016-09-20,86.6,86.7,85.62,86.6,11923900
ALRS,2016-09-21,86.8,86.99,85.02,85.58,5829700
ALRS,2016-09-22,85.9,86.7,85.1,86.7,9453300
ALRS,2016-09-23,86.68,88.97,86.29,88.97,11971600
ALRS,2016-09-26,88.5,92.0,88.2,89.99,12366200
ALRS,2016-09-27,90.5,91.43,86.34,87.0,11770000
ALRS,2016-09-28,87.47,88.78,84.35,86.2,15494200
ALRS,2016-09-29,87.0,87.98,86.12,86.8,9258800
ALRS,2016-09-30,86.3,87.5,83.73,86.6,14395600
ALRS,2016-10-03,86.87,88.47,86.15,86.7,8289800
ALRS,2016-10-04,86.7,88.97,86.26,88.6,8921300
ALRS,2016-10-05,89.09,89.96,87.63,88.6,11756700
ALRS,2016-10-06,88.2,92.6,88.17,92.48,17539600
ALRS,2016-10-07,92.89,95.2,92.49,94.3,18781000
ALRS,2016-10-10,94.5,95.48,90.8,91.55,14459500
ALRS,2016-10-11,91.56,93.26,91.1,91.83,9408000
ALRS,2016-10-12,91.9,91.99,90.04,90.51,11973700
ALRS,2016-10-13,90.11,90.34,86.39,87.01,19371000
ALRS,2016-10-14,87.01,88.32,86.38,86.98,9062500
ALRS,2016-10-17,85.1,89.19,85.1,88.29,10733700
ALRS,2016-10-18,88.84,89.34,86.75,87.4,12334300
ALRS,2016-10-19,88.01,88.01,86.76,87.44,5885100
ALRS,2016-10-20,87.39,87.78,86.05,87.0,5480200
ALRS,2016-10-21,86.99,88.15,86.65,87.27,11285200
ALRS,2016-10-24,87.22,87.78,85.29,86.62,7187200
ALRS,2016-10-25,87.65,89.93,87.44,87.75,14786100
ALRS,2016-10-26,88.0,88.0,87.0,87.34,6256400
ALRS,2016-10-27,87.34,87.84,86.4,87.49,3865200
ALRS,2016-10-28,87.79,89.64,86.83,89.0,6313900
ALRS,2016-10-31,88.8,89.29,87.7,88.6,8695200
ALRS,2016-11-01,89.0,89.61,88.48,88.8,8180600
ALRS,2016-11-02,88.85,88.85,87.02,87.02,4230500
ALRS,2016-11-03,86.62,87.3,84.7,84.75,10095500
ALRS,2016-11-07,85.0,86.38,81.55,81.61,19540400
ALRS,2016-11-08,82.42,84.1,80.16,82.0,30849100
ALRS,2016-11-09,80.38,83.91,80.05,82.3,32603700
ALRS,2016-11-10,82.92,85.79,82.33,84.54,39842200
ALRS,2016-11-11,85.0,88.34,82.9,87.12,23498000
ALRS,2016-11-14,88.0,88.97,86.5,88.4,13532300
ALRS,2016-11-15,88.02,90.41,87.29,89.0,17218800
ALRS,2016-11-16,89.01,90.14,87.55,88.18,10218200
ALRS,2016-11-17,88.41,88.66,86.23,88.01,11979400
ALRS,2016-11-18,88.5,89.49,86.81,88.52,8526800
ALRS,2016-11-21,90.0,90.8,87.75,87.75,11331900
ALRS,2016-11-22,88.4,89.85,87.58,89.34,9019300
ALRS,2016-11-23,89.96,89.96,88.88,89.75,5886600
ALRS,2016-11-24,89.98,91.69,89.66,91.0,14395400
ALRS,2016-11-25,91.5,91.5,86.52,89.7,26100300
ALRS,2016-11-28,89.5,91.31,89.5,90.75,9219100
ALRS,2016-11-29,90.81,91.19,88.5,88.61,8046800
ALRS,2016-11-30,89.0,93.74,88.91,92.49,24908900
ALRS,2016-12-01,93.17,94.2,92.11,92.8,11794400
ALRS,2016-12-02,92.65,93.39,91.5,92.7,10521600
ALRS,2016-12-05,92.88,94.74,92.47,94.12,9008200
ALRS,2016-12-06,94.6,94.6,93.23,93.23,13108300
ALRS,2016-12-07,93.5,93.83,91.02,91.26,17192700
ALRS,2016-12-08,91.3,92.48,89.62,91.59,22886100
ALRS,2016-12-09,91.74,92.5,90.74,92.0,14365100
ALRS,2016-12-12,93.6,95.05,92.5,95.0,23247100
ALRS,2016-12-13,95.13,99.0,94.88,98.7,37148200
ALRS,2016-12-14,98.6,100.3,96.58,99.45,17631800
ALRS,2016-12-15,99.0,100.08,97.31,99.0,24351200
ALRS,2016-12-16,99.06,100.4,97.41,97.41,32411800
ALRS,2016-12-19,98.13,98.74,97.41,97.48,6635900
ALRS,2016-12-20,97.5,98.0,96.05,97.65,11375800
ALRS,2016-12-21,97.11,98.01,96.64,97.6,6631200
ALRS,2016-12-22,97.79,97.94,96.11,96.95,8216200
ALRS,2016-12-23,97.1,97.1,95.27,95.68,4583800
ALRS,2016-12-26,95.98,97.4,95.22,97.09,1860900
ALRS,2016-12-27,97.27,97.61,96.07,96.19,2936600
ALRS,2016-12-28,96.19,98.66,96.12,96.24,4905200
ALRS,2016-12-29,96.64,97.05,95.42,96.1,2922900
ALRS,2016-12-30,95.93,97.43,95.7,97.43,4324900
ALRS,2017-01-03,97.5,102.3,97.16,100.54,16953300
ALRS,2017-01-04,100.54,101.27,100.06,101.1,7773600
ALRS,2017-01-05,101.4,101.84,100.2,101.25,7216000
ALRS,2017-01-06,101.58,103.38,99.28,100.66,8298500
ALRS,2017-01-09,101.17,102.58,98.63,99.07,8970600
ALRS,2017-01-10,99.4,102.0,99.01,101.99,11269100
ALRS,2017-01-11,102.0,103.42,96.4,96.4,23829400
ALRS,2017-01-12,98.4,101.95,98.16,101.95,14809300
ALRS,2017-01-13,101.55,102.39,99.71,101.85,9140800
ALRS,2017-01-16,101.5,102.12,99.8,101.0,5347000
ALRS,2017-01-17,101.47,101.47,99.26,99.3,7327400
ALRS,2017-01-18,99.3,102.1,98.96,100.85,10542700
ALRS,2017-01-19,101.08,101.98,99.55,100.45,7073500
ALRS,2017-01-20,100.44,100.45,97.68,99.7,11396300
ALRS,2017-01-23,99.78,102.12,98.8,102.0,11994300
ALRS,2017-01-24,102.0,106.9,101.55,104.81,37491900
ALRS,2017-01-25,105.5,106.8,103.7,103.7,12186300
ALRS,2017-01-26,104.49,105.84,103.53,104.62,8766400
ALRS,2017-01-27,104.63,108.55,104.14,107.52,29588100
ALRS,2017-01-30,107.59,107.83,104.8,107.49,12783800
ALRS,2017-01-31,107.05,107.55,105.25,105.7,13604800
ALRS,2017-02-01,106.5,106.5,104.52,105.44,8328100
ALRS,2017-02-02,105.69,105.79,103.08,103.86,10594100
ALRS,2017-02-03,103.89,104.98,102.76,104.85,8314300
ALRS,2017-02-06,104.85,105.67,103.68,104.2,9144700
ALRS,2017-02-07,104.24,106.25,104.03,105.59,11067600
ALRS,2017-02-08,105.59,106.0,103.7,104.8,4695800
ALRS,2017-02-09,104.55,105.0,102.05,103.88,11486700
ALRS,2017-02-10,104.0,104.21,102.11,103.5,5179300
ALRS,2017-02-13,103.78,103.78,100.54,101.5,9867800
ALRS,2017-02-14,101.63,101.69,98.21,99.3,18152500
ALRS,2017-02-15,99.28,101.15,97.8,98.94,11478700
ALRS,2017-02-16,98.6,101.4,98.54,101.4,8589700
ALRS,2017-02-17,101.4,101.72,98.75,99.0,9615900
ALRS,2017-02-20,98.88,99.75,96.73,99.7,11755900
ALRS,2017-02-21,99.89,100.61,97.17,97.5,13800300
ALRS,2017-02-22,97.89,99.21,95.31,96.21,19244200
ALRS,2017-02-24,95.52,96.29,93.25,94.75,15593400
ALRS,2017-02-27,94.76,95.5,92.5,93.45,11402400
ALRS,2017-02-28,93.51,94.0,90.0,92.06,16139900
ALRS,2017-03-01,92.98,94.57,92.36,94.47,11945600
ALRS,2017-03-02,94.84,96.7,93.36,94.0,13627700
ALRS,2017-03-03,93.54,95.97,92.5,95.85,9104000
ALRS,2017-03-06,95.75,96.15,93.6,94.39,10865600
ALRS,2017-03-07,93.72,94.48,90.37,91.9,16887300
ALRS,2017-03-09,90.4,91.74,88.5,88.99,21853500
ALRS,2017-03-10,89.1,89.79,85.7,86.0,18741900
ALRS,2017-03-13,86.0,88.2,85.31,87.99,12171100
ALRS,2017-03-14,88.0,89.37,87.15,87.85,9233600
ALRS,2017-03-15,88.02,88.84,86.6,87.01,7554300
ALRS,2017-03-16,88.0,92.0,88.0,91.5,29545100
ALRS,2017-03-17,91.79,95.9,91.63,94.5,24699000
ALRS,2017-03-20,94.97,95.73,93.6,93.82,11530000
ALRS,2017-03-21,93.8,95.7,93.8,94.5,8742700
ALRS,2017-03-22,93.8,94.65,92.31,92.85,24937900
ALRS,2017-03-23,95.5,96.45,95.05,96.21,23725100
ALRS,2017-03-24,94.0,96.6,93.75,96.0,14662800
ALRS,2017-03-27,95.07,95.43,93.52,94.69,11519900
ALRS,2017-03-28,94.62,95.1,92.79,94.48,13484300
ALRS,2017-03-29,94.01,94.31,91.4,92.0,15332000
ALRS,2017-03-30,92.0,93.99,91.7,93.55,8346600
ALRS,2017-03-31,93.0,93.63,91.01,91.01,12160700
ALRS,2017-04-03,91.78,93.09,91.28,91.9,8910300
ALRS,2017-04-04,92.2,92.32,91.22,92.0,8910500
ALRS,2017-04-05,92.44,93.0,91.74,92.14,11792700
ALRS,2017-04-06,91.77,92.29,90.5,91.55,11799100
ALRS,2017-04-07,91.38,91.59,88.25,88.57,24069100
ALRS,2017-04-10,88.68,88.86,85.0,85.87,36430100
ALRS,2017-04-11,85.98,90.48,85.74,90.09,28025200
ALRS,2017-04-12,90.5,90.74,88.5,89.7,10730900
ALRS,2017-04-13,90.1,90.71,87.2,88.85,15491500
ALRS,2017-04-14,88.35,88.8,87.6,87.7,4867500
ALRS,2017-04-17,87.55,89.9,86.12,89.8,9724600
ALRS,2017-04-18,89.97,90.44,87.41,88.0,13346800
ALRS,2017-04-19,88.17,89.35,88.01,88.32,12815900
ALRS,2017-04-20,88.4,89.9,87.35,89.25,14740800
ALRS,2017-04-21,89.77,93.25,89.63,93.2,25904200
ALRS,2017-04-24,93.86,95.24,92.39,93.09,21215100
ALRS,2017-04-25,94.5,95.9,93.41,95.21,28573000
ALRS,2017-04-26,95.44,95.66,94.33,95.64,10125100
ALRS,2017-04-27,95.1,97.8,94.53,96.75,22011400
ALRS,2017-04-28,97.2,99.0,95.73,98.11,19319400
ALRS,2017-05-02,98.1,100.9,97.45,98.13,26608800
ALRS,2017-05-03,98.3,98.46,95.47,95.47,10523700
ALRS,2017-05-04,95.4,96.69,94.52,94.7,11906000
ALRS,2017-05-05,94.49,94.5,93.21,93.41,17585700
ALRS,2017-05-10,94.2,95.65,93.15,94.46,13609900
ALRS,2017-05-11,94.5,95.0,92.6,94.47,11592000
ALRS,2017-05-12,94.2,94.75,92.75,93.09,14401500
ALRS,2017-05-15,93.48,94.3,91.38,92.0,13560400
ALRS,2017-05-16,91.71,91.87,89.35,89.5,18244800
ALRS,2017-05-17,89.49,91.15,87.87,90.49,16082500
ALRS,2017-05-18,89.06,90.7,89.06,89.9,10567000
ALRS,2017-05-19,89.97,90.98,89.26,90.06,9744500
ALRS,2017-05-22,90.63,90.63,88.14,89.19,12983600
ALRS,2017-05-23,89.15,92.32,89.15,91.21,13287900
ALRS,2017-05-24,91.91,92.45,90.1,92.12,16536600
ALRS,2017-05-25,92.16,92.45,88.2,89.69,15001800
ALRS,2017-05-26,89.38,89.82,87.8,89.77,12419100
ALRS,2017-05-29,89.7,90.4,88.09,90.3,9673000
ALRS,2017-05-30,89.86,92.34,88.1,89.29,25263700
ALRS,2017-05-31,88.72,89.63,87.25,88.35,21992600
ALRS,2017-06-01,88.25,88.99,87.12,87.81,12447400
ALRS,2017-06-02,87.5,88.5,86.5,88.32,9968400
ALRS,2017-06-05,88.44,89.27,87.85,87.85,4884400
ALRS,2017-06-06,87.96,88.67,87.3,87.64,4536000
ALRS,2017-06-07,87.4,87.59,86.36,86.36,9085300
ALRS,2017-06-08,86.49,86.68,85.27,86.24,19685000
ALRS,2017-06-09,85.99,87.09,85.58,85.81,13685400
ALRS,2017-06-13,86.18,86.18,83.61,83.9,20616500
ALRS,2017-06-14,83.8,83.91,80.65,81.0,30594000
ALRS,2017-06-15,80.5,81.0,77.5,80.9,62176500
ALRS,2017-06-16,81.2,83.12,81.11,83.12,18908100
ALRS,2017-06-19,83.22,83.77,82.07,82.97,10842200
ALRS,2017-06-20,83.0,84.04,82.16,83.1,14718000
ALRS,2017-06-21,82.94,83.45,81.56,81.64,20868400
ALRS,2017-06-22,81.99,83.5,81.14,83.1,16372700
ALRS,2017-06-23,83.5,84.89,82.78,84.36,14281400
ALRS,2017-06-26,84.7,85.55,84.37,84.68,10408400
ALRS,2017-06-27,84.67,86.16,83.91,85.77,9282700
ALRS,2017-06-28,85.65,87.7,85.14,87.7,14624000
ALRS,2017-06-29,87.7,88.2,87.05,87.55,8909400
ALRS,2017-06-30,87.55,87.98,86.12,86.55,10356800
ALRS,2017-07-03,86.79,88.66,86.79,88.66,8644400
ALRS,2017-07-04,88.77,89.44,88.15,89.33,12478500
ALRS,2017-07-05,89.1,90.4,89.04,90.11,11919200
ALRS,2017-07-06,90.11,91.36,90.0,90.6,14843700
ALRS,2017-07-07,90.4,93.67,90.26,93.4,24782700
ALRS,2017-07-10,93.84,93.9,92.71,93.6,24953000
ALRS,2017-07-11,93.32,93.96,92.8,93.96,17801100
ALRS,2017-07-12,94.16,95.08,94.01,94.1,20710800
ALRS,2017-07-13,90.4,96.19,88.31,95.84,31504100
ALRS,2017-07-14,95.5,96.36,95.49,96.1,15860200
ALRS,2017-07-17,96.25,97.89,95.79,96.8,18994400
ALRS,2017-07-18,96.88,97.08,96.0,96.0,28101500
ALRS,2017-07-19,89.9,89.94,88.33,89.34,19524900
ALRS,2017-07-20,89.05,89.95,87.51,87.6,14618300
ALRS,2017-07-21,87.39,87.39,84.8,85.86,22429700
ALRS,2017-07-24,85.01,86.49,84.77,85.3,16228800
ALRS,2017-07-25,85.35,85.86,83.97,84.3,11257100
ALRS,2017-07-26,84.3,86.0,84.3,85.78,13745900
ALRS,2017-07-27,86.08,87.1,84.77,85.9,17452100
ALRS,2017-07-28,85.59,85.72,82.5,82.99,16745900
ALRS,2017-07-31,83.0,85.15,81.77,83.65,22629400
ALRS,2017-08-01,83.53,86.0,83.47,84.98,22427200
ALRS,2017-08-02,85.02,85.28,84.22,85.0,13446000
ALRS,2017-08-03,84.9,85.3,84.01,84.01,12015100
ALRS,2017-08-04,84.12,84.15,81.02,83.25,26614300
ALRS,2017-08-07,81.9,82.8,81.13,82.05,33159200
ALRS,2017-08-08,82.12,82.83,81.73,82.39,14562600
ALRS,2017-08-09,82.05,83.87,81.66,83.32,20291300
ALRS,2017-08-10,83.0,83.5,80.73,81.86,18917400
ALRS,2017-08-11,81.22,81.22,79.85,80.2,17681500
ALRS,2017-08-14,80.31,81.42,79.26,80.57,13992800
ALRS,2017-08-15,80.85,81.1,80.0,80.35,10188100
ALRS,2017-08-16,80.55,80.6,79.51,79.51,9266500
ALRS,2017-08-17,79.5,80.57,79.37,80.2,7748900
ALRS,2017-08-18,80.01,80.4,79.67,79.82,5078100
ALRS,2017-08-21,79.9,79.9,78.06,78.3,14325600
ALRS,2017-08-22,78.48,78.6,76.25,76.75,17689200
ALRS,2017-08-23,76.71,78.64,75.33,78.0,22730900
ALRS,2017-08-24,77.96,78.0,76.5,77.3,9672700
ALRS,2017-08-25,77.24,79.5,76.9,78.8,12493900
ALRS,2017-08-28,78.6,81.69,78.17,81.15,23076800
ALRS,2017-08-29,81.5,81.58,80.55,81.57,8675400
ALRS,2017-08-30,81.78,83.3,81.72,83.03,18080200
ALRS,2017-08-31,82.6,82.71,80.6,81.2,20251100
ALRS,2017-09-01,81.0,81.13,78.7,78.95,18439800
ALRS,2017-09-04,78.76,78.76,76.85,77.0,13948200
ALRS,2017-09-05,76.88,78.28,76.06,78.2,18289100
ALRS,2017-09-06,78.29,78.78,77.11,78.65,13571200
ALRS,2017-09-07,78.54,79.48,78.05,78.5,12903600
ALRS,2017-09-08,78.3,79.67,77.95,78.8,11584700
ALRS,2017-09-11,79.11,80.39,79.11,80.03,12535800
ALRS,2017-09-12,80.5,80.89,79.5,79.85,11620900
ALRS,2017-09-13,79.8,81.84,79.72,81.4,16086000
ALRS,2017-09-14,81.7,81.88,80.55,80.89,10848900
ALRS,2017-09-15,80.8,81.38,80.37,81.15,14785600
ALRS,2017-09-18,81.51,81.64,80.11,81.1,16997300
ALRS,2017-09-19,80.8,81.29,80.41,80.43,11540400
ALRS,2017-09-20,80.29,80.47,78.94,80.3,10454700
ALRS,2017-09-21,80.56,80.58,79.12,79.5,9887900
ALRS,2017-09-22,79.3,80.95,79.29,80.9,12926900
ALRS,2017-09-25,80.98,82.35,80.9,82.2,22913800
ALRS,2017-09-26,82.39,84.22,82.2,83.6,21980500
ALRS,2017-09-27,83.41,84.1,83.08,83.39,10496800
ALRS,2017-09-28,83.5,83.88,81.72,81.76,12137800
ALRS,2017-09-29,81.75,82.7,81.05,82.3,14380000
ALRS,2017-10-02,82.35,82.6,81.42,81.42,7236300
ALRS,2017-10-03,81.41,82.2,81.31,81.7,6001600
ALRS,2017-10-04,82.12,82.18,81.61,81.63,4526800
ALRS,2017-10-05,81.96,81.96,79.56,80.3,15745100
ALRS,2017-10-06,80.3,81.35,79.83,81.09,8783400
ALRS,2017-10-09,81.28,82.4,80.6,82.2,9077100
ALRS,2017-10-10,82.12,82.49,81.13,81.55,6994800
ALRS,2017-10-11,81.1,81.91,80.4,81.16,16962200
ALRS,2017-10-12,81.16,81.57,80.83,81.3,5595000
ALRS,2017-10-13,81.06,82.0,81.06,81.35,5687900
ALRS,2017-10-16,81.35,81.78,80.59,80.99,11347900
ALRS,2017-10-17,80.99,81.26,79.2,79.37,16906900
ALRS,2017-10-18,79.51,79.9,79.16,79.75,9870500
ALRS,2017-10-19,79.74,79.8,77.97,77.97,14906400
ALRS,2017-10-20,77.87,78.6,77.76,78.35,7022300
ALRS,2017-10-23,78.35,79.32,77.91,78.39,8856800
ALRS,2017-10-24,78.38,79.0,77.32,77.35,12135600
ALRS,2017-10-25,77.4,77.71,75.52,75.61,22062300
ALRS,2017-10-26,75.62,76.14,74.1,74.66,18157400
ALRS,2017-10-27,75.0,76.1,74.25,74.4,14462900
ALRS,2017-10-30,74.51,75.55,74.25,74.3,12347300
ALRS,2017-10-31,74.33,76.4,74.25,75.2,20558000
ALRS,2017-11-01,75.5,78.27,75.39,78.25,23950600
ALRS,2017-11-02,78.2,78.86,76.04,77.06,21969600
ALRS,2017-11-03,76.94,78.07,76.14,76.55,9755900
ALRS,2017-11-07,77.3,77.5,75.07,77.3,17856900
ALRS,2017-11-08,77.41,77.74,76.15,76.16,12221200
ALRS,2017-11-09,76.17,76.9,75.4,76.0,15895500
ALRS,2017-11-10,75.61,75.88,74.01,74.05,14903800
ALRS,2017-11-13,74.06,75.8,73.5,75.21,16558700
ALRS,2017-11-14,75.25,75.95,74.85,75.25,13374100
ALRS,2017-11-15,75.0,75.17,74.25,74.31,12099000
ALRS,2017-11-16,74.3,74.88,72.51,73.62,17141300
ALRS,2017-11-17,73.58,75.78,72.57,74.5,18808100
ALRS,2017-11-20,75.18,77.24,73.17,75.4,34166200
ALRS,2017-11-21,76.2,79.17,75.85,79.17,31944400
ALRS,2017-11-22,79.29,79.77,77.25,77.48,24349700
ALRS,2017-11-23,77.61,78.22,76.31,77.73,14238000
ALRS,2017-11-24,78.05,78.77,77.6,78.3,7251100
ALRS,2017-11-27,78.57,79.27,77.82,78.97,6385600
ALRS,2017-11-28,78.9,78.99,77.86,78.7,6671800
ALRS,2017-11-29,78.9,78.9,77.07,77.98,8278200
ALRS,2017-11-30,77.75,77.87,76.0,77.87,22057100
ALRS,2017-12-01,77.53,77.84,76.33,77.53,8217400
ALRS,2017-12-04,77.5,77.5,75.51,75.51,10195100
ALRS,2017-12-05,75.75,75.75,73.51,75.0,16404200
ALRS,2017-12-06,74.8,75.94,74.26,75.8,6437800
ALRS,2017-12-07,75.7,75.7,74.79,74.82,6883500
ALRS,2017-12-08,74.82,75.95,74.5,74.55,6993800
ALRS,2017-12-11,74.86,75.59,74.52,75.5,7376300
ALRS,2017-12-12,75.5,75.63,74.3,75.2,7027600
ALRS,2017-12-13,74.82,75.1,73.1,73.1,14624200
ALRS,2017-12-14,73.48,75.5,73.3,75.5,10232900
ALRS,2017-12-15,75.5,75.7,74.7,74.94,7944200
ALRS,2017-12-18,75.01,75.4,74.5,75.4,7641900
ALRS,2017-12-19,75.24,75.31,73.76,74.04,9135600
ALRS,2017-12-20,74.15,75.5,73.84,75.01,10896700
ALRS,2017-12-21,75.12,76.0,74.06,74.3,12795800
ALRS,2017-12-22,74.65,75.73,74.37,75.2,8904000
ALRS,2017-12-25,75.39,75.39,74.61,75.17,3043800
ALRS,2017-12-26,75.45,75.66,74.7,74.83,3061500
ALRS,2017-12-27,74.79,75.46,74.58,75.0,17268400
ALRS,2017-12-28,74.95,75.35,74.85,75.08,9904100
ALRS,2017-12-29,75.19,75.19,74.84,75.06,4233200
ALRS,2018-01-03,75.21,75.96,75.15,75.81,3908500
ALRS,2018-01-04,75.79,77.54,75.78,77.0,12833400
ALRS,2018-01-05,77.42,77.42,76.21,76.9,5883800
ALRS,2018-01-09,77.3,77.9,76.5,76.79,13198500
ALRS,2018-01-10,76.99,77.4,76.47,76.7,10944800
ALRS,2018-01-11,76.68,77.0,76.37,76.85,11352900
ALRS,2018-01-12,76.89,76.89,75.09,76.37,10652500
ALRS,2018-01-15,75.92,77.47,75.92,76.42,11851100
ALRS,2018-01-16,76.5,77.08,76.2,76.72,10446300
ALRS,2018-01-17,76.4,79.45,76.1,79.35,21671800
ALRS,2018-01-18,79.6,81.75,79.04,81.25,24365600
ALRS,2018-01-19,81.1,83.23,80.8,83.0,23818300
ALRS,2018-01-22,82.83,85.85,82.12,84.0,27775400
ALRS,2018-01-23,84.06,84.5,83.0,84.0,16717200
ALRS,2018-01-24,84.01,84.07,80.77,82.1,28447800
ALRS,2018-01-25,82.13,83.72,80.8,83.3,25661500
ALRS,2018-01-26,83.49,84.0,81.32,81.6,9734300
ALRS,2018-01-29,81.7,82.71,80.44,80.5,12303800
ALRS,2018-01-30,80.5,82.97,79.9,81.5,15433300
ALRS,2018-01-31,81.5,82.77,80.7,81.5,14014800
ALRS,2018-02-01,81.45,82.81,81.37,82.13,8441700
ALRS,2018-02-02,82.44,82.45,81.14,81.81,10409300
ALRS,2018-02-05,81.3,83.0,80.74,83.0,7749200
ALRS,2018-02-06,81.0,81.98,80.42,81.2,18474700
ALRS,2018-02-07,81.43,84.1,81.41,84.0,13983100
ALRS,2018-02-08,83.99,87.68,82.4,86.4,36628100
ALRS,2018-02-09,85.62,86.4,84.9,84.95,28089300
ALRS,2018-02-12,85.38,85.4,84.2,84.8,14218400
ALRS,2018-02-13,86.4,87.11,85.64,85.9,18386600
ALRS,2018-02-14,86.3,86.39,85.5,85.88,7902200
ALRS,2018-02-15,85.82,86.34,84.5,85.32,10043400
ALRS,2018-02-16,85.32,86.4,85.32,85.82,12406100
ALRS,2018-02-19,86.01,86.64,85.35,85.91,8531700
ALRS,2018-02-20,85.9,86.0,85.42,86.0,5429400
ALRS,2018-02-21,85.65,87.09,85.43,87.0,13202800
ALRS,2018-02-22,86.75,88.35,86.51,87.8,14969300
ALRS,2018-02-26,88.0,88.68,87.36,88.5,11407700
ALRS,2018-02-27,88.63,88.8,88.23,88.8,11258700
ALRS,2018-02-28,88.3,88.79,86.3,86.3,14890200
ALRS,2018-03-01,86.7,86.95,85.71,86.12,14108900
ALRS,2018-03-02,86.1,86.66,85.81,86.2,8225100
ALRS,2018-03-05,86.49,88.5,86.23,88.5,9296500
ALRS,2018-03-06,88.39,89.3,88.01,88.72,13036600
ALRS,2018-03-07,88.49,89.3,87.02,89.3,10272900
ALRS,2018-03-09,89.15,90.4,88.82,90.29,7201700
ALRS,2018-03-12,90.06,91.48,90.06,91.09,9928500
ALRS,2018-03-13,90.8,91.46,90.21,91.2,12407200
ALRS,2018-03-14,91.19,91.19,89.11,90.45,12663200
ALRS,2018-03-15,91.1,91.2,89.7,91.15,12499800
ALRS,2018-03-16,90.14,93.82,89.72,93.82,29928500
ALRS,2018-03-19,93.34,93.98,92.65,93.56,8235800
ALRS,2018-03-20,93.4,93.6,92.6,93.05,13822100
ALRS,2018-03-21,93.05,94.67,92.86,94.55,10369300
ALRS,2018-03-22,94.37,94.55,93.05,93.35,7819400
ALRS,2018-03-23,92.9,93.75,92.0,93.75,7557300
ALRS,2018-03-26,93.6,93.77,92.07,92.12,6929100
ALRS,2018-03-27,92.59,93.2,91.55,91.7,7254500
ALRS,2018-03-28,91.6,91.6,89.44,89.44,15765400
ALRS,2018-03-29,89.33,91.21,89.21,91.21,8693400
ALRS,2018-03-30,91.23,92.0,91.2,92.0,2922200
ALRS,2018-04-02,91.54,92.07,90.1,90.1,3416300
ALRS,2018-04-03,90.1,90.6,88.75,89.57,5501400
ALRS,2018-04-04,89.5,90.33,88.61,89.25,7388100
ALRS,2018-04-05,89.7,90.82,89.7,90.82,5151500
ALRS,2018-04-06,90.7,90.72,89.47,90.11,4410800
ALRS,2018-04-09,89.77,89.79,80.8,83.0,29178700
ALRS,2018-04-10,82.9,85.37,80.54,82.15,25957800
ALRS,2018-04-11,82.99,85.09,81.73,82.7,31101100
ALRS,2018-04-12,83.4,86.73,83.18,85.3,24006000
ALRS,2018-04-13,85.48,87.9,84.79,85.4,13049200
ALRS,2018-04-16,85.0,86.6,84.48,86.1,9739500
ALRS,2018-04-17,86.55,87.95,86.55,87.95,8091900
ALRS,2018-04-18,87.99,90.4,87.91,89.0,14661700
ALRS,2018-04-19,89.6,90.3,87.8,87.96,9305800
ALRS,2018-04-20,87.76,88.43,87.28,88.15,5051800
ALRS,2018-04-23,88.35,88.63,86.64,88.0,8502300
ALRS,2018-04-24,88.3,88.78,87.6,87.75,4334900
ALRS,2018-04-25,87.51,88.55,86.95,88.0,6907200
ALRS,2018-04-26,88.3,88.75,87.56,88.05,7948700
ALRS,2018-04-27,88.32,89.9,87.81,89.0,7465500
ALRS,2018-04-28,89.1,89.5,88.51,89.12,1060500
ALRS,2018-04-30,89.1,96.79,88.56,89.61,9104500
ALRS,2018-05-02,89.48,89.97,87.52,87.52,6699300
ALRS,2018-05-03,87.85,88.99,87.06,88.7,10460900
ALRS,2018-05-04,89.0,89.4,87.75,88.1,6560600
ALRS,2018-05-07,88.58,89.99,88.57,89.96,7164300
ALRS,2018-05-08,89.5,89.79,88.37,89.61,6227600
ALRS,2018-05-10,89.68,89.8,87.7,87.8,10229000
ALRS,2018-05-11,88.1,88.39,87.5,87.93,4789100
ALRS,2018-05-14,88.06,88.24,86.69,87.47,8329400
ALRS,2018-05-15,86.93,88.77,86.79,88.75,8419900
ALRS,2018-05-16,88.75,92.64,87.22,91.5,22412700
ALRS,2018-05-17,91.75,93.46,90.81,93.25,11876400
ALRS,2018-05-18,93.24,94.35,92.03,92.26,8063200
ALRS,2018-05-21,93.0,93.6,91.5,91.51,4953600
ALRS,2018-05-22,91.77,91.86,90.75,91.1,3637500
ALRS,2018-05-23,91.19,92.46,90.22,90.87,8855300
ALRS,2018-05-24,90.87,92.3,90.82,92.24,7796500
ALRS,2018-05-25,92.28,94.24,92.28,93.7,9879500
ALRS,2018-05-28,93.51,93.54,92.76,93.04,3356000
ALRS,2018-05-29,92.9,93.0,90.56,91.39,6064400
ALRS,2018-05-30,91.55,91.55,88.26,88.61,12744300
ALRS,2018-05-31,88.93,90.46,88.3,88.3,25002600
ALRS,2018-06-01,88.85,89.73,88.82,89.3,7248300
ALRS,2018-06-04,89.72,91.24,89.57,90.5,8321500
ALRS,2018-06-05,90.8,90.8,89.45,90.12,7836400
ALRS,2018-06-06,90.45,91.94,89.08,89.56,11709700
ALRS,2018-06-07,90.04,91.83,89.23,91.5,11531900
ALRS,2018-06-08,91.4,92.98,90.5,90.94,20597300
ALRS,2018-06-09,90.8,91.66,90.7,91.47,621600
ALRS,2018-06-11,91.4,91.67,90.6,91.0,6420800
ALRS,2018-06-13,91.2,91.56,90.15,90.2,20943500
ALRS,2018-06-14,90.2,90.39,89.2,89.2,8746500
ALRS,2018-06-15,89.49,90.23,89.0,89.1,14819400
ALRS,2018-06-18,89.39,89.96,88.23,89.7,10912500
ALRS,2018-06-19,89.75,91.62,88.37,91.0,18090900
ALRS,2018-06-20,91.49,94.27,91.18,94.1,27870900
ALRS,2018-06-21,94.0,98.0,93.71,98.0,48891900
ALRS,2018-06-22,98.0,100.25,96.6,98.5,43346900
ALRS,2018-06-25,98.5,100.25,98.32,100.1,26871700
ALRS,2018-06-26,100.35,100.89,96.84,98.73,25010500
ALRS,2018-06-27,99.0,99.7,98.04,98.2,13761500
ALRS,2018-06-28,98.5,99.39,98.0,98.9,9575200
ALRS,2018-06-29,99.45,100.25,99.07,100.0,8963900
ALRS,2018-07-02,100.0,103.98,99.73,102.3,17488100
ALRS,2018-07-03,102.74,102.99,101.5,102.96,7715800
ALRS,2018-07-04,102.51,105.22,102.51,105.19,12145600
ALRS,2018-07-05,105.0,107.7,104.72,107.7,21836700
ALRS,2018-07-06,107.75,107.75,105.0,105.3,13844500
ALRS,2018-07-09,105.49,106.79,104.9,105.4,7639300
ALRS,2018-07-10,105.9,106.75,105.02,106.5,15931200
ALRS,2018-07-11,105.79,106.4,105.0,106.0,15731000
ALRS,2018-07-12,101.45,101.45,99.26,100.25,18605000
ALRS,2018-07-13,100.41,102.1,99.88,101.49,11402300
ALRS,2018-07-16,100.68,101.65,99.68,101.0,8564200
ALRS,2018-07-17,100.9,100.9,99.75,100.1,8989100
ALRS,2018-07-18,100.73,100.98,99.82,100.4,7757000
ALRS,2018-07-19,100.8,100.8,95.71,96.24,16464800
ALRS,2018-07-20,96.64,97.28,95.03,96.3,8634700
ALRS,2018-07-23,96.0,97.0,95.72,95.9,10077300
ALRS,2018-07-24,96.2,96.22,94.6,95.5,5887100
ALRS,2018-07-25,95.14,96.12,94.56,95.2,9248200
ALRS,2018-07-26,95.26,97.15,95.05,96.68,12983800
ALRS,2018-07-27,96.7,97.35,95.8,96.4,3157900
ALRS,2018-07-30,96.52,97.92,95.8,96.75,10304400
ALRS,2018-07-31,96.75,97.28,96.11,97.28,10616300
ALRS,2018-08-01,97.49,97.82,95.65,95.98,9869800
ALRS,2018-08-02,96.5,96.61,95.0,95.5,20299200
ALRS,2018-08-03,95.5,95.5,94.3,95.15,11506700
ALRS,2018-08-06,95.0,96.44,94.78,96.0,13185100
ALRS,2018-08-07,98.25,100.0,97.64,99.7,44948200
ALRS,2018-08-08,99.25,100.72,96.0,98.7,23891100
ALRS,2018-08-09,97.71,99.0,95.58,97.43,17910000
ALRS,2018-08-10,92.97,94.59,91.22,92.75,35217000
ALRS,2018-08-13,92.52,96.5,92.02,96.19,21413600
ALRS,2018-08-14,96.0,97.4,95.76,97.0,16845100
ALRS,2018-08-15,97.3,97.3,94.94,95.8,13962700
ALRS,2018-08-16,95.5,95.95,93.17,94.1,12943000
ALRS,2018-08-17,94.0,95.09,93.03,93.89,13329600
ALRS,2018-08-20,94.42,96.89,94.0,95.25,16004800
ALRS,2018-08-21,95.05,96.48,94.45,94.9,13359200
ALRS,2018-08-22,95.24,95.36,93.12,93.85,10975600
ALRS,2018-08-23,93.51,94.61,93.25,93.4,17475300
ALRS,2018-08-24,93.95,96.73,93.58,96.5,22505600
ALRS,2018-08-27,97.0,99.0,96.13,97.8,28934200
ALRS,2018-08-28,98.1,99.0,97.53,98.63,9880000
ALRS,2018-08-29,98.72,101.44,97.7,100.49,19536900
ALRS,2018-08-30,100.8,101.95,100.0,100.59,11112700
ALRS,2018-08-31,100.5,101.5,99.05,101.39,11717100
ALRS,2018-09-03,101.39,101.5,100.08,100.33,3752400
ALRS,2018-09-04,100.41,101.0,99.15,99.52,5906700
ALRS,2018-09-05,99.89,100.42,99.23,99.93,8815500
ALRS,2018-09-06,100.13,103.0,99.76,101.0,15005800
ALRS,2018-09-07,101.48,103.0,101.48,102.11,12419000
ALRS,2018-09-10,102.78,104.7,102.31,104.34,16281200
ALRS,2018-09-11,104.95,104.95,102.51,103.48,9322200
ALRS,2018-09-12,103.89,103.95,102.19,103.6,8871300
ALRS,2018-09-13,103.79,104.75,102.57,104.72,11530600
ALRS,2018-09-14,104.4,105.74,103.79,105.0,10670500
ALRS,2018-09-17,104.98,106.27,104.02,106.25,6348800
ALRS,2018-09-18,106.3,107.26,105.21,105.99,13105800
ALRS,2018-09-19,106.48,106.48,103.02,104.35,11305200
ALRS,2018-09-20,104.22,106.45,104.09,105.01,19311400
ALRS,2018-09-21,104.53,106.91,104.31,106.91,12442900
ALRS,2018-09-24,106.7,107.41,105.8,107.0,7162700
ALRS,2018-09-25,107.0,107.29,105.1,105.8,7892000
ALRS,2018-09-26,105.8,106.11,105.13,105.13,3355700
ALRS,2018-09-27,105.39,106.71,105.13,106.53,6993400
ALRS,2018-09-28,106.5,106.79,105.66,106.79,8912200
ALRS,2018-10-01,106.86,107.92,105.8,106.2,8623100
ALRS,2018-10-02,106.42,106.53,105.7,106.4,5803400
ALRS,2018-10-03,106.3,107.1,105.82,106.0,7633600
ALRS,2018-10-04,106.02,106.92,103.82,104.0,10878500
ALRS,2018-10-05,104.0,104.63,103.07,103.2,8311800
ALRS,2018-10-08,103.99,104.37,103.0,104.0,8051000
ALRS,2018-10-09,104.05,105.45,104.05,104.68,9116500
ALRS,2018-10-10,104.52,105.3,104.0,104.1,7904400
ALRS,2018-10-11,102.5,103.45,100.6,101.0,24937700
ALRS,2018-10-12,96.44,98.5,96.44,97.0,15884800
ALRS,2018-10-15,97.4,98.27,96.72,97.51,7398500
ALRS,2018-10-16,97.78,100.0,97.1,100.0,15979400
ALRS,2018-10-17,100.07,101.9,99.22,101.43,13151900
ALRS,2018-10-18,101.02,101.62,98.54,99.3,10558300
ALRS,2018-10-19,99.38,100.23,98.01,99.28,8775400
ALRS,2018-10-22,99.55,100.39,96.6,96.6,12141600
ALRS,2018-10-23,96.5,97.65,95.18,95.23,16152400
ALRS,2018-10-24,96.22,97.5,94.52,95.72,20087800
ALRS,2018-10-25,94.99,98.45,94.93,98.11,16524900
ALRS,2018-10-26,98.17,98.43,93.65,94.6,13940900
ALRS,2018-10-29,94.9,96.55,94.5,96.5,8488600
ALRS,2018-10-30,96.3,97.2,95.37,97.01,9166000
ALRS,2018-10-31,97.43,99.9,97.14,99.9,12675600
ALRS,2018-11-01,99.89,100.95,98.37,100.7,13082600
ALRS,2018-11-02,100.8,101.6,100.32,101.6,10396200
ALRS,2018-11-06,100.99,103.04,100.75,103.04,5087910
ALRS,2018-11-07,103.05,103.4,102.16,103.0,8369200
ALRS,2018-11-08,102.93,104.29,102.45,103.24,14056400
ALRS,2018-11-09,102.5,103.99,101.69,103.99,17423830
ALRS,2018-11-12,104.13,104.37,102.65,103.16,8238760
ALRS,2018-11-13,102.5,103.25,101.62,102.3,15276960
ALRS,2018-11-14,102.5,103.4,102.15,103.15,11865840
ALRS,2018-11-15,102.9,103.1,101.28,101.51,10641990
ALRS,2018-11-16,102.0,102.34,99.52,99.9,9356370
ALRS,2018-11-19,100.6,101.32,99.56,100.51,13657320
ALRS,2018-11-20,100.28,101.84,99.39,100.14,9704740
ALRS,2018-11-21,99.76,100.75,99.4,99.81,8819690
ALRS,2018-11-22,99.82,101.75,99.11,101.3,6015110
ALRS,2018-11-23,101.3,101.94,100.5,101.8,6321140
ALRS,2018-11-26,101.91,101.99,99.2,99.49,7690510
ALRS,2018-11-27,99.75,100.88,99.45,100.04,7899830
ALRS,2018-11-28,99.99,101.44,99.56,101.0,12882040
ALRS,2018-11-29,101.17,102.99,101.08,102.99,8287220
ALRS,2018-11-30,102.95,103.0,98.55,99.63,17464200
ALRS,2018-12-03,100.6,101.3,99.51,100.04,15674230
ALRS,2018-12-04,99.93,100.33,98.08,98.36,13613310
ALRS,2018-12-05,97.99,99.55,97.03,99.55,7198960
ALRS,2018-12-06,99.06,99.61,98.61,98.82,4387500
ALRS,2018-12-07,98.6,99.7,98.07,99.0,8130920
ALRS,2018-12-10,98.99,99.0,96.1,96.1,10177800
ALRS,2018-12-11,96.3,97.3,94.1,96.35,13933430
ALRS,2018-12-12,96.79,96.93,94.87,95.15,8325140
ALRS,2018-12-13,95.15,98.2,94.55,98.14,11563590
ALRS,2018-12-14,97.9,98.99,97.47,98.99,7436430
ALRS,2018-12-17,98.55,98.96,96.85,97.48,5211100
ALRS,2018-12-18,97.03,98.45,95.55,97.78,13356320
ALRS,2018-12-19,97.4,98.1,97.17,97.4,7412670
ALRS,2018-12-20,97.06,99.4,96.37,99.4,12197200
ALRS,2018-12-21,99.04,99.78,98.05,98.66,11140740
ALRS,2018-12-24,98.66,98.85,96.85,97.2,3054000
ALRS,2018-12-25,97.2,97.2,95.64,96.09,2645900
ALRS,2018-12-26,96.3,97.14,96.0,97.03,1486560
ALRS,2018-12-27,97.51,98.0,96.42,98.0,6243900
ALRS,2018-12-28,98.0,99.23,97.53,97.79,6015310
ALRS,2018-12-29,97.5,98.72,97.5,98.62,1066740
ALRS,2019-01-03,98.0,99.99,96.97,99.99,5411750
ALRS,2019-01-04,100.0,102.0,100.0,101.55,7430240
ALRS,2019-01-08,101.4,101.87,98.11,98.65,10373540
ALRS,2019-01-09,98.7,101.4,98.52,101.4,10676710
ALRS,2019-01-10,101.5,102.95,100.47,102.95,10647870
ALRS,2019-01-11,103.0,104.25,101.82,104.0,18774610
ALRS,2019-01-14,103.51,104.0,102.61,103.99,6626040
ALRS,2019-01-15,103.75,104.6,103.25,104.05,7328140
ALRS,2019-01-16,103.54,105.0,103.54,104.6,9018470
ALRS,2019-01-17,104.27,104.76,101.62,102.22,12677700
ALRS,2019-01-18,102.92,103.88,102.0,103.5,10042540
ALRS,2019-01-21,103.55,103.7,102.15,102.55,3631250
ALRS,2019-01-22,102.24,102.72,99.57,100.0,14638540
ALRS,2019-01-23,100.17,101.25,100.16,100.6,9159190
ALRS,2019-01-24,100.61,101.67,100.06,101.0,8816810
ALRS,2019-01-25,100.91,101.51,100.09,100.64,8039510
ALRS,2019-01-28,101.4,101.4,98.41,98.8,7490830
ALRS,2019-01-29,98.8,98.99,97.23,97.23,12290540
ALRS,2019-01-30,97.64,98.19,96.88,97.11,11497450
ALRS,2019-01-31,97.7,98.82,97.01,98.56,13819420
ALRS,2019-02-01,98.35,99.85,98.2,99.5,11250420
ALRS,2019-02-04,99.41,99.7,97.78,97.78,5334150
ALRS,2019-02-05,97.99,99.08,97.55,98.89,5783460
ALRS,2019-02-06,99.19,99.65,98.5,99.5,5860980
ALRS,2019-02-07,99.5,100.64,99.02,100.08,8523950
ALRS,2019-02-08,99.7,100.44,98.6,99.6,4810540
ALRS,2019-02-11,98.8,100.3,98.8,99.5,6075190
ALRS,2019-02-12,99.41,100.06,98.26,98.33,7505260
ALRS,2019-02-13,98.7,98.77,96.8,96.97,11758920
ALRS,2019-02-14,96.4,97.95,95.86,96.05,11626690
ALRS,2019-02-15,96.32,97.68,96.3,96.85,7478600
ALRS,2019-02-18,97.01,98.25,96.43,97.27,5546260
ALRS,2019-02-19,97.07,97.63,95.0,95.1,8970480
ALRS,2019-02-20,95.48,96.87,94.91,96.5,10362130
ALRS,2019-02-21,96.67,96.78,95.11,95.53,8291090
ALRS,2019-02-22,95.75,95.95,94.9,95.47,9478800
ALRS,2019-02-25,95.57,96.25,95.23,96.25,8404090
ALRS,2019-02-26,96.25,97.6,95.55,97.6,10116760
ALRS,2019-02-27,97.35,97.53,96.0,96.3,8070120
ALRS,2019-02-28,96.15,96.45,95.1,95.1,10167620
ALRS,2019-03-01,95.22,95.58,94.83,94.9,8082650
ALRS,2019-03-04,95.06,95.86,93.39,93.65,12446580
ALRS,2019-03-05,93.68,93.73,92.0,92.0,10591420
ALRS,2019-03-06,92.52,93.28,92.32,92.34,7309670
ALRS,2019-03-07,92.6,93.55,92.2,92.53,8332510
ALRS,2019-03-11,92.62,94.5,92.43,93.5,10288480
ALRS,2019-03-12,93.74,94.83,93.6,94.11,8016550
ALRS,2019-03-13,93.81,96.26,93.54,96.04,12413250
ALRS,2019-03-14,96.04,96.35,95.4,95.92,9694170
ALRS,2019-03-15,95.85,96.74,94.85,95.4,22328650
ALRS,2019-03-18,95.76,97.42,95.53,96.75,11446010
ALRS,2019-03-19,96.87,97.29,96.25,96.89,7900860
ALRS,2019-03-20,96.9,96.92,95.84,96.22,6254770
ALRS,2019-03-21,96.35,96.53,95.13,95.7,12290750
ALRS,2019-03-22,95.77,95.8,94.86,95.25,5729880
ALRS,2019-03-25,95.17,96.85,94.25,95.51,7935940
ALRS,2019-03-26,95.23,96.1,94.27,94.27,6871300
ALRS,2019-03-27,94.51,94.94,93.5,93.6,9467310
ALRS,2019-03-28,93.6,94.07,92.76,93.1,5609890
ALRS,2019-03-29,93.11,93.88,92.17,92.42,11567250
ALRS,2019-04-01,92.6,93.49,92.52,93.35,5104370
ALRS,2019-04-02,93.5,93.84,92.7,92.7,5587690
ALRS,2019-04-03,93.15,94.5,92.5,93.21,9803430
ALRS,2019-04-04,93.25,93.95,92.76,93.9,4500560
ALRS,2019-04-05,93.76,94.7,93.55,94.7,5413040
ALRS,2019-04-08,94.55,94.78,94.3,94.69,4691950
ALRS,2019-04-09,94.62,94.74,93.31,94.15,7421470
ALRS,2019-04-10,94.04,94.9,93.89,94.4,9094390
ALRS,2019-04-11,94.6,94.6,93.95,94.1,4400280
ALRS,2019-04-12,94.19,94.8,93.93,94.6,4541690
ALRS,2019-04-15,94.6,94.7,93.6,94.3,4500780
ALRS,2019-04-16,94.2,95.79,94.04,95.4,8225220
ALRS,2019-04-17,95.63,96.5,95.41,96.0,9652320
ALRS,2019-04-18,96.0,96.43,95.14,95.8,5667440
ALRS,2019-04-19,96.11,96.41,95.5,95.79,907290
ALRS,2019-04-22,95.73,96.09,95.57,95.96,1500040
ALRS,2019-04-23,95.96,96.3,95.89,96.3,7023950
ALRS,2019-04-24,96.22,96.23,94.81,95.58,19922000
ALRS,2019-04-25,95.58,95.58,94.51,95.2,8637830
ALRS,2019-04-26,95.65,95.65,93.87,94.0,5327460
ALRS,2019-04-29,94.0,94.5,93.51,94.49,2632570
ALRS,2019-04-30,94.49,95.4,94.2,94.23,5353140
ALRS,2019-05-02,94.5,95.34,94.13,95.34,4269490
ALRS,2019-05-03,95.44,96.25,95.3,95.6,5917750
ALRS,2019-05-06,95.5,95.5,94.75,95.2,2766360
ALRS,2019-05-07,95.04,95.91,94.97,95.62,10322110
ALRS,2019-05-08,95.99,96.74,95.15,96.5,9844760
ALRS,2019-05-10,96.18,96.6,95.5,95.52,8873670
ALRS,2019-05-13,95.59,96.25,94.4,94.48,7805250
ALRS,2019-05-14,94.49,95.29,92.57,93.0,10498780
ALRS,2019-05-15,93.01,93.51,92.7,92.78,9920670
ALRS,2019-05-16,92.8,93.28,92.1,92.47,8821360
ALRS,2019-05-17,93.0,93.9,91.89,91.89,7173620
ALRS,2019-05-20,92.31,92.31,90.78,90.78,10052870
ALRS,2019-05-21,91.38,91.38,89.3,89.65,14449890
ALRS,2019-05-22,89.84,89.85,88.33,88.93,15898290
ALRS,2019-05-23,88.93,90.26,88.21,89.78,13454940
ALRS,2019-05-24,90.2,90.93,89.59,90.13,14341530
ALRS,2019-05-27,90.13,90.61,89.62,90.19,3255630
ALRS,2019-05-28,89.99,90.5,89.37,89.37,15643460
ALRS,2019-05-29,89.55,89.55,87.54,88.05,17507160
ALRS,2019-05-30,88.18,88.52,87.48,87.79,14116080
ALRS,2019-05-31,87.69,89.04,87.61,88.15,11879890
ALRS,2019-06-03,88.25,88.79,87.81,88.62,8143170
ALRS,2019-06-04,88.88,89.78,88.6,89.78,12627810
ALRS,2019-06-05,89.8,89.87,88.87,89.0,7052420
ALRS,2019-06-06,88.88,89.5,88.52,89.15,9432970
ALRS,2019-06-07,89.15,89.26,88.32,88.8,7121330
ALRS,2019-06-10,88.8,89.44,88.61,89.18,5395820
ALRS,2019-06-11,89.23,89.4,88.85,88.91,10976740
ALRS,2019-06-13,88.55,88.96,85.25,86.5,31079150
ALRS,2019-06-14,86.21,86.5,84.66,85.1,27101900
ALRS,2019-06-17,85.33,87.18,83.69,86.93,32990290
ALRS,2019-06-18,87.22,88.48,86.52,88.31,17783410
ALRS,2019-06-19,88.23,90.38,88.23,90.08,20944380
ALRS,2019-06-20,90.0,90.73,88.41,90.19,18621680
ALRS,2019-06-21,89.99,90.87,89.21,90.11,12625000
ALRS,2019-06-24,90.1,90.36,89.0,89.6,9822940
ALRS,2019-06-25,89.6,89.79,87.94,88.93,15461620
ALRS,2019-06-26,88.74,89.49,88.46,89.0,10272260
ALRS,2019-06-27,89.45,89.45,87.12,87.34,21344660
ALRS,2019-06-28,87.12,87.69,86.03,86.04,17598940
ALRS,2019-07-01,86.5,86.56,85.3,85.5,15418370
ALRS,2019-07-02,85.2,85.99,84.8,85.18,24807100
ALRS,2019-07-03,85.33,85.33,84.08,84.32,24313010
ALRS,2019-07-04,84.38,87.0,84.04,87.0,26201650
ALRS,2019-07-05,87.1,87.3,86.21,86.9,11956420
ALRS,2019-07-08,86.82,87.2,86.58,87.1,12422260
ALRS,2019-07-09,87.1,87.45,85.73,86.0,20056080
ALRS,2019-07-10,86.0,86.3,84.37,84.63,26601530
ALRS,2019-07-11,84.71,85.15,82.5,82.52,27820590
ALRS,2019-07-12,79.0,80.13,78.45,79.5,20942300
ALRS,2019-07-15,79.89,80.61,79.61,80.12,10686730
ALRS,2019-07-16,79.5,80.21,79.08,79.96,24481390
ALRS,2019-07-17,79.93,79.94,79.33,79.6,11646060
ALRS,2019-07-18,79.59,80.19,79.4,79.46,17584490
ALRS,2019-07-19,79.52,79.8,78.7,78.7,13284000
ALRS,2019-07-22,78.75,78.94,77.52,78.13,17041150
ALRS,2019-07-23,78.29,80.15,77.95,79.25,17035670
ALRS,2019-07-24,79.36,80.76,79.36,80.76,10037110
ALRS,2019-07-25,80.86,81.89,79.92,81.3,15803740
ALRS,2019-07-26,81.09,82.4,80.68,81.89,18467460
ALRS,2019-07-29,81.94,82.28,80.82,82.0,11600570
ALRS,2019-07-30,82.0,82.0,80.86,81.62,12198530
ALRS,2019-07-31,81.55,81.72,81.2,81.5,11904850
ALRS,2019-08-01,81.21,81.54,80.41,80.53,9839640
ALRS,2019-08-02,80.11,80.16,78.92,79.0,21195360
ALRS,2019-08-05,78.98,79.34,77.73,77.75,16587630
ALRS,2019-08-06,77.94,78.57,77.51,77.51,12517590
ALRS,2019-08-07,77.8,78.13,76.33,77.17,10800030
ALRS,2019-08-08,77.46,77.56,75.5,75.5,17331290
ALRS,2019-08-09,75.5,75.7,74.26,75.0,16856930
ALRS,2019-08-12,75.0,75.8,75.0,75.11,9362630
ALRS,2019-08-13,75.04,75.19,72.73,72.73,20482440
ALRS,2019-08-14,73.0,73.03,70.26,70.7,32721610
ALRS,2019-08-15,70.48,72.88,69.18,71.15,33815900
ALRS,2019-08-16,71.25,72.5,71.2,71.65,20128270
ALRS,2019-08-19,71.75,73.75,71.5,71.75,22038690
ALRS,2019-08-20,71.6,71.9,70.3,70.55,28908990
ALRS,2019-08-21,70.4,72.0,70.16,71.11,13598670
ALRS,2019-08-22,71.25,71.87,70.82,71.1,10435530
ALRS,2019-08-23,71.2,71.65,70.95,71.4,12023460
ALRS,2019-08-26,71.15,71.55,70.9,71.1,5222930
ALRS,2019-08-27,71.2,72.13,71.14,71.81,16490170
ALRS,2019-08-28,71.93,73.7,71.84,73.02,19258610
ALRS,2019-08-29,73.27,74.18,73.1,73.1,13149960
ALRS,2019-08-30,73.1,74.26,72.89,74.26,13427570
ALRS,2019-09-02,74.28,74.86,74.06,74.35,9054560
ALRS,2019-09-03,74.35,75.25,74.19,75.02,12167000
ALRS,2019-09-04,75.2,75.58,74.27,74.6,12157410
ALRS,2019-09-05,74.99,76.18,74.95,75.98,19141870
ALRS,2019-09-06,76.02,76.28,75.06,75.4,9657350
ALRS,2019-09-09,75.6,75.86,75.06,75.3,6611360
ALRS,2019-09-10,75.39,75.42,74.56,75.2,13455140
ALRS,2019-09-11,74.7,75.43,74.7,75.2,10398930
ALRS,2019-09-12,75.1,76.29,75.02,76.22,19660650
ALRS,2019-09-13,76.35,76.5,75.55,76.2,9997640
ALRS,2019-09-16,75.75,77.98,75.75,77.8,15249060
ALRS,2019-09-17,77.8,77.85,76.85,77.05,12167110
ALRS,2019-09-18,77.0,77.71,76.91,77.7,8098600
ALRS,2019-09-19,77.7,77.87,75.66,75.9,16132780
ALRS,2019-09-20,76.0,76.15,74.28,74.28,22350080
ALRS,2019-09-23,74.51,74.52,73.01,73.4,14988610
ALRS,2019-09-24,73.5,74.03,72.36,72.36,9949260
ALRS,2019-09-25,72.42,73.13,71.72,72.97,12330800
ALRS,2019-09-26,73.0,73.56,72.66,73.27,8895920
ALRS,2019-09-27,73.12,73.41,72.72,72.89,6457940
ALRS,2019-09-30,72.92,74.8,72.81,74.5,12461400
ALRS,2019-10-01,74.6,75.19,73.67,74.35,8678900
ALRS,2019-10-02,74.01,75.24,74.01,75.08,16484860
ALRS,2019-10-03,75.04,76.38,74.98,75.34,16419570
ALRS,2019-10-04,75.4,76.0,73.53,74.1,14009140
ALRS,2019-10-07,74.06,74.31,72.19,72.25,16155240
ALRS,2019-10-08,71.95,72.78,70.89,71.8,21282890
ALRS,2019-10-09,71.7,72.63,71.31,72.57,11325560
ALRS,2019-10-10,72.4,73.33,71.83,73.2,19463290
ALRS,2019-10-11,69.9,71.27,69.89,70.6,23244880
ALRS,2019-10-14,70.84,70.87,68.77,68.88,12763470
ALRS,2019-10-15,68.98,70.24,67.36,69.9,23882890
ALRS,2019-10-16,70.05,72.66,70.05,72.39,25138300
ALRS,2019-10-17,72.28,74.3,72.12,73.89,23594200
ALRS,2019-10-18,73.55,74.73,73.1,73.6,18464250
ALRS,2019-10-21,73.35,73.84,72.54,73.35,9231100
ALRS,2019-10-22,73.3,73.35,71.8,72.34,19230050
ALRS,2019-10-23,72.33,72.33,70.95,71.69,17206440
ALRS,2019-10-24,71.83,71.86,70.61,71.0,12941100
ALRS,2019-10-25,71.29,71.29,69.88,70.05,11849300
ALRS,2019-10-28,70.2,71.2,69.71,70.68,8611500
ALRS,2019-10-29,70.87,71.81,70.7,71.67,8356800
ALRS,2019-10-30,71.79,74.8,71.55,74.64,36403290
ALRS,2019-10-31,75.0,75.25,73.73,74.51,16695740
ALRS,2019-11-01,74.5,75.47,74.1,75.47,16514390
ALRS,2019-11-05,75.7,76.05,73.74,74.48,17290750
ALRS,2019-11-06,74.2,75.69,73.8,75.5,16117810
ALRS,2019-11-07,75.29,76.5,75.21,76.28,13806680
ALRS,2019-11-08,76.0,76.97,75.21,76.16,16935670
ALRS,2019-11-11,76.15,76.34,74.55,75.77,8821240
ALRS,2019-11-12,75.6,77.2,75.6,77.2,14104670
ALRS,2019-11-13,77.21,77.59,76.43,77.4,14709320
ALRS,2019-11-14,77.59,77.75,76.83,77.22,11332740
ALRS,2019-11-15,77.2,77.63,76.7,77.63,8092710
ALRS,2019-11-18,77.7,77.99,75.15,75.7,20517660
ALRS,2019-11-19,75.6,76.32,74.9,76.22,9826640
ALRS,2019-11-20,76.2,76.94,75.04,76.46,9340600
ALRS,2019-11-21,76.55,77.24,75.71,77.18,10928750
ALRS,2019-11-22,77.1,77.58,76.77,77.58,11782200
ALRS,2019-11-25,77.58,78.68,77.22,77.7,13716140
ALRS,2019-11-26,77.79,78.16,77.4,77.53,13802560
ALRS,2019-11-27,77.55,77.8,76.9,77.11,11105320
ALRS,2019-11-28,76.9,77.2,76.66,76.95,4472920
ALRS,2019-11-29,76.95,78.26,76.74,77.9,11240530
ALRS,2019-12-02,77.93,78.17,77.08,77.38,11749140
ALRS,2019-12-03,77.25,77.44,75.64,75.8,10227820
ALRS,2019-12-04,75.8,76.86,74.95,76.31,7549170
ALRS,2019-12-05,76.5,76.76,75.64,76.0,6654290
ALRS,2019-12-06,76.0,77.04,75.91,77.04,9365730
ALRS,2019-12-09,75.9,79.6,75.9,79.6,25800670
ALRS,2019-12-10,79.8,81.7,79.37,81.15,34233650
ALRS,2019-12-11,81.5,81.54,80.39,81.06,11987890
ALRS,2019-12-12,81.4,82.17,80.5,80.5,21927110
ALRS,2019-12-13,81.0,81.29,79.61,80.8,13769090
ALRS,2019-12-16,80.5,80.93,80.04,80.66,9371130
ALRS,2019-12-17,80.85,82.13,80.2,81.74,17989970
ALRS,2019-12-18,81.6,82.1,81.38,81.84,10399870
ALRS,2019-12-19,81.9,84.52,81.6,84.52,29185860
ALRS,2019-12-20,84.69,85.35,83.8,85.31,20128790
ALRS,2019-12-23,85.19,85.98,84.07,84.36,10006860
ALRS,2019-12-24,84.38,84.41,83.3,83.34,8965520
ALRS,2019-12-25,83.3,84.18,82.83,83.8,5257220
ALRS,2019-12-26,84.0,84.04,83.33,83.81,3493980
ALRS,2019-12-27,84.0,84.5,83.8,84.49,6519270
ALRS,2019-12-30,84.3,85.44,84.1,84.32,5518720
ALRS,2020-01-03,84.62,85.74,84.24,85.33,9547470
ALRS,2020-01-06,85.35,85.35,84.52,85.24,5737100
ALRS,2020-01-08,84.71,86.18,84.32,85.45,7224770
ALRS,2020-01-09,85.6,88.95,85.3,87.78,16402190
ALRS,2020-01-10,88.0,89.38,87.22,89.3,14493780
ALRS,2020-01-13,89.64,92.0,88.71,91.89,26285790
ALRS,2020-01-14,91.9,92.52,89.66,90.02,19847540
ALRS,2020-01-15,90.02,90.7,89.01,90.37,11336340
ALRS,2020-01-16,90.39,91.19,88.38,88.96,15491600
ALRS,2020-01-17,88.78,91.99,88.6,91.85,18427950
ALRS,2020-01-20,91.4,91.9,90.66,90.99,14989470
ALRS,2020-01-21,90.83,91.85,89.63,90.87,19352250
ALRS,2020-01-22,90.71,92.64,90.71,91.49,22902300
ALRS,2020-01-23,91.0,92.21,89.88,90.02,18730590
ALRS,2020-01-24,90.0,91.01,89.8,90.49,10845850
ALRS,2020-01-27,89.55,89.85,86.54,87.0,17258290
ALRS,2020-01-28,87.0,87.58,84.56,85.53,29926330
ALRS,2020-01-29,85.78,86.63,85.01,85.5,18374230
ALRS,2020-01-30,85.15,85.31,82.82,82.82,25135770
ALRS,2020-01-31,83.0,84.0,80.05,80.2,26107560
ALRS,2020-02-03,80.0,82.21,79.66,81.45,16836840
ALRS,2020-02-04,81.85,82.88,80.76,82.7,25772180
ALRS,2020-02-05,82.98,85.25,82.15,84.39,26631510
ALRS,2020-02-06,84.71,85.36,82.8,83.71,20138760
ALRS,2020-02-07,83.71,84.79,82.8,84.53,11943670
ALRS,2020-02-10,84.59,84.74,79.87,82.05,38998740
ALRS,2020-02-11,82.42,82.9,80.76,82.18,19664150
ALRS,2020-02-12,82.3,83.15,81.5,82.78,15058900
ALRS,2020-02-13,82.48,82.7,81.16,81.47,10471350
ALRS,2020-02-14,81.4,82.36,81.22,82.17,7390660
ALRS,2020-02-17,81.87,82.48,81.64,82.19,5239250
ALRS,2020-02-18,82.05,82.65,80.37,80.5,13557820
ALRS,2020-02-19,80.57,81.81,80.57,81.25,11172450
ALRS,2020-02-20,81.3,83.75,81.3,82.96,20798750
ALRS,2020-02-21,82.61,83.45,81.85,83.2,9103730
ALRS,2020-02-25,81.5,86.03,80.01,80.2,26228300
ALRS,2020-02-26,80.49,80.87,77.0,79.0,32656710
ALRS,2020-02-27,78.7,78.84,75.9,76.26,29086410
ALRS,2020-02-28,74.99,75.25,67.56,71.39,71031000
ALRS,2020-03-02,73.35,73.57,70.0,71.56,31272150
ALRS,2020-03-03,72.71,72.81,70.12,70.82,19366190
ALRS,2020-03-04,70.12,72.16,67.44,71.56,25783850
ALRS,2020-03-05,72.02,72.5,70.68,71.65,10947180
ALRS,2020-03-06,71.2,71.52,68.7,70.75,36500280
ALRS,2020-03-10,63.69,73.98,62.37,68.61,57331460
ALRS,2020-03-11,70.0,71.39,67.03,69.42,30085320
ALRS,2020-03-12,66.99,67.88,63.55,63.55,45440510
ALRS,2020-03-13,64.0,66.28,62.79,62.79,39801800
ALRS,2020-03-16,63.89,63.89,57.31,59.95,42545950
ALRS,2020-03-17,59.15,60.45,57.31,58.98,27481800
ALRS,2020-03-18,57.68,59.19,51.51,54.0,55192150
ALRS,2020-03-19,53.5,59.71,51.01,59.7,46374480
ALRS,2020-03-20,61.0,65.5,56.6,57.3,49860930
ALRS,2020-03-23,55.55,59.63,54.01,57.56,28521600
ALRS,2020-03-24,60.44,62.0,58.06,58.37,41830900
ALRS,2020-03-25,60.12,63.92,60.01,61.61,44012970
ALRS,2020-03-26,61.7,62.07,58.81,60.46,28765980
ALRS,2020-03-27,61.0,61.44,56.04,56.9,25154240
ALRS,2020-03-30,55.77,58.95,54.47,58.72,23493560
ALRS,2020-03-31,59.03,64.59,59.03,64.59,42419260
ALRS,2020-04-01,63.0,64.7,61.76,63.43,31363230
ALRS,2020-04-02,65.0,65.4,60.0,61.8,43701800
ALRS,2020-04-03,61.85,63.3,61.11,61.59,28020470
ALRS,2020-04-06,62.5,64.0,61.64,63.5,21421480
ALRS,2020-04-07,64.77,66.5,63.99,65.8,34512270
ALRS,2020-04-08,65.3,65.58,64.58,65.58,18372050
ALRS,2020-04-09,65.93,67.4,65.61,67.33,27228510
ALRS,2020-04-10,66.8,66.89,65.56,66.35,16011520
ALRS,2020-04-13,66.1,66.35,63.37,64.75,15119240
ALRS,2020-04-14,64.9,65.92,63.5,63.5,26312030
ALRS,2020-04-15,63.5,63.65,59.8,59.9,31386330
ALRS,2020-04-16,60.23,60.74,58.5,59.24,34307550
ALRS,2020-04-17,60.01,61.1,59.02,60.78,26782790
ALRS,2020-04-20,60.79,61.88,59.71,60.02,23777590
ALRS,2020-04-21,59.31,60.84,59.04,60.28,24154510
ALRS,2020-04-22,59.74,62.5,59.74,61.71,22204450
ALRS,2020-04-23,62.11,63.68,61.65,62.87,24838510
ALRS,2020-04-24,62.95,62.95,60.82,61.11,22848550
ALRS,2020-04-27,61.4,62.46,61.32,61.76,13025250
ALRS,2020-04-28,61.8,65.33,61.8,63.77,31662570
ALRS,2020-04-29,64.62,65.09,63.61,63.9,18941260
ALRS,2020-04-30,64.38,64.62,61.25,62.2,34628220
ALRS,2020-05-04,61.68,62.8,60.81,62.5,13382720
ALRS,2020-05-05,63.15,63.34,62.21,62.79,14794530
ALRS,2020-05-06,62.8,63.3,61.36,61.73,18899430
ALRS,2020-05-07,61.8,62.99,61.4,62.51,13684840
ALRS,2020-05-08,62.8,62.83,61.63,62.4,9611010
ALRS,2020-05-12,62.54,63.73,61.82,62.86,24235540
ALRS,2020-05-13,62.8,62.8,61.18,61.18,15912280
ALRS,2020-05-14,61.0,61.99,60.71,61.09,15027090
ALRS,2020-05-15,61.75,62.0,59.82,59.82,14277380
ALRS,2020-05-18,60.47,61.77,60.38,61.33,17050260
ALRS,2020-05-19,61.22,62.2,61.17,61.5,13145210
ALRS,2020-05-20,61.44,64.25,61.05,63.97,33589760
ALRS,2020-05-21,63.82,65.0,62.83,63.6,24029930
ALRS,2020-05-22,63.06,64.55,63.06,63.81,19555670
ALRS,2020-05-25,64.0,64.7,63.75,63.9,12699720
ALRS,2020-05-26,64.49,65.63,64.26,64.7,18930630
ALRS,2020-05-27,64.95,67.21,64.71,65.84,26868080
ALRS,2020-05-28,66.01,67.95,65.9,67.95,20021670
ALRS,2020-05-29,67.62,67.79,65.63,66.0,35931510
ALRS,2020-06-01,66.26,69.44,66.26,69.02,33353080
ALRS,2020-06-02,69.44,70.34,67.53,68.27,34735880
ALRS,2020-06-03,68.5,69.0,66.87,68.03,26259830
ALRS,2020-06-04,68.0,68.3,66.06,66.89,20722440
ALRS,2020-06-05,66.9,67.2,64.73,65.05,33671880
ALRS,2020-06-08,65.5,67.81,65.09,66.5,30958000
ALRS,2020-06-09,66.45,66.8,65.07,65.28,18759320
ALRS,2020-06-10,65.4,65.7,63.6,64.15,31157460
ALRS,2020-06-11,63.81,63.93,62.62,62.95,22411560
ALRS,2020-06-15,62.39,63.5,61.27,63.5,31727710
ALRS,2020-06-16,63.93,64.46,63.23,63.92,27757450
ALRS,2020-06-17,64.05,64.6,63.64,63.94,17472830
ALRS,2020-06-18,63.94,64.05,62.65,63.25,27036590
ALRS,2020-06-19,63.56,65.33,63.38,64.22,27782640
ALRS,2020-06-22,64.38,64.47,63.15,64.2,15188510
ALRS,2020-06-23,64.36,64.83,63.87,64.29,10619080
ALRS,2020-06-25,64.0,64.2,62.83,63.39,24940770
ALRS,2020-06-26,63.35,63.7,62.9,63.24,11173160
ALRS,2020-06-29,62.91,64.5,62.91,64.22,12390520
ALRS,2020-06-30,64.36,64.86,64.13,64.49,11864170
ALRS,2020-07-02,64.76,65.59,64.59,65.32,14054560
ALRS,2020-07-03,65.4,65.79,64.82,65.67,7349650
ALRS,2020-07-06,65.82,66.5,65.51,66.07,17487400
ALRS,2020-07-07,65.4,66.98,65.4,66.15,17489200
ALRS,2020-07-08,66.3,66.92,66.08,66.88,15969530
ALRS,2020-07-09,66.77,66.98,65.65,65.91,21179140
ALRS,2020-07-10,63.69,64.28,63.18,64.2,18685420
ALRS,2020-07-13,64.15,64.85,63.12,63.55,11554500
ALRS,2020-07-14,63.58,63.64,61.85,62.49,14429450
ALRS,2020-07-15,62.91,63.81,62.36,63.41,12335560
ALRS,2020-07-16,63.4,64.38,62.94,64.18,14046070
ALRS,2020-07-17,64.02,64.43,63.66,64.04,6792260
ALRS,2020-07-20,63.8,64.65,63.8,64.5,12351810
ALRS,2020-07-21,64.8,65.92,64.39,65.0,18132420
ALRS,2020-07-22,65.05,65.16,64.33,64.94,10910500
ALRS,2020-07-23,65.0,65.1,63.87,64.02,14156740
ALRS,2020-07-24,63.99,65.05,63.19,64.94,14635700
ALRS,2020-07-27,65.44,66.84,64.93,66.68,19001770
ALRS,2020-07-28,66.85,66.85,65.45,65.64,10884480
ALRS,2020-07-29,65.73,67.6,65.65,66.34,29944970
ALRS,2020-07-30,66.4,67.56,65.83,66.5,22563420
ALRS,2020-07-31,66.7,68.64,66.23,68.27,24609170
ALRS,2020-08-03,68.65,69.35,67.58,68.57,16958890
ALRS,2020-08-04,68.47,70.08,67.57,69.9,24808920
ALRS,2020-08-05,70.01,70.37,69.37,69.86,15114220
ALRS,2020-08-06,70.0,70.18,69.55,70.1,9660300
ALRS,2020-08-07,70.0,70.0,68.33,68.85,15382440
ALRS,2020-08-10,69.94,71.2,69.02,69.85,22631000
ALRS,2020-08-11,69.7,70.25,68.9,69.44,18731910
ALRS,2020-08-12,69.59,70.11,68.8,69.89,9573600
ALRS,2020-08-13,70.21,70.21,69.25,69.75,12387630
ALRS,2020-08-14,69.5,69.81,67.5,67.98,33126730
ALRS,2020-08-17,67.82,67.85,66.0,66.48,24783520
ALRS,2020-08-18,66.45,66.95,65.01,65.42,21411140
ALRS,2020-08-19,65.49,66.66,65.05,66.33,14553690
ALRS,2020-08-20,66.2,66.65,65.42,66.34,13425350
ALRS,2020-08-21,66.41,66.82,65.84,66.43,11339050
ALRS,2020-08-24,66.66,67.54,66.24,67.39,9908490
ALRS,2020-08-25,67.47,67.59,66.61,67.19,9588140
ALRS,2020-08-26,67.2,67.58,66.35,67.4,11258820
ALRS,2020-08-27,67.55,68.14,67.21,67.4,11814080
ALRS,2020-08-28,67.32,67.55,66.8,67.18,5862250
ALRS,2020-08-31,67.31,68.02,65.65,66.15,22022330
ALRS,2020-09-01,66.47,68.76,66.06,68.25,19578120
ALRS,2020-09-02,68.35,68.53,66.06,66.67,14086870
ALRS,2020-09-03,66.55,67.64,66.26,66.9,13729950
ALRS,2020-09-04,67.03,68.18,66.6,67.92,21279110
ALRS,2020-09-07,67.68,68.47,66.7,68.39,13260440
ALRS,2020-09-08,68.48,69.75,68.28,69.37,25148330
ALRS,2020-09-09,69.36,69.76,68.75,69.2,11353560
ALRS,2020-09-10,69.14,72.46,68.53,71.65,48064550
ALRS,2020-09-11,71.9,74.96,71.77,74.94,43025590
ALRS,2020-09-14,75.06,75.64,73.23,73.7,32555830
ALRS,2020-09-15,74.04,75.57,73.57,75.15,26025750
ALRS,2020-09-16,75.48,75.48,74.13,74.98,18181380
ALRS,2020-09-17,75.5,76.48,74.41,75.1,18033940
ALRS,2020-09-18,75.25,77.25,75.02,76.3,24809600
ALRS,2020-09-21,75.71,77.06,73.53,74.7,23407960
ALRS,2020-09-22,75.1,75.24,73.69,74.93,16596140
ALRS,2020-09-23,74.75,76.11,72.66,72.95,24745990
ALRS,2020-09-24,73.06,73.49,71.42,73.04,21302890
ALRS,2020-09-25,73.2,73.2,70.66,71.94,20113970
ALRS,2020-09-28,71.98,72.76,71.6,72.64,11909440
ALRS,2020-09-29,72.54,73.46,71.22,72.1,16056440
ALRS,2020-09-30,72.1,74.12,72.0,73.78,38403250
ALRS,2020-10-01,74.1,74.58,72.73,73.99,17206900
ALRS,2020-10-02,73.79,74.43,72.92,74.12,12544590
ALRS,2020-10-05,74.4,74.81,73.42,74.56,10480610
ALRS,2020-10-06,74.54,77.69,74.44,76.97,26312210
ALRS,2020-10-07,76.98,77.96,75.68,76.28,18749040
ALRS,2020-10-08,76.01,77.97,76.01,77.7,16051920
ALRS,2020-10-09,77.89,78.64,74.56,75.41,33533850
ALRS,2020-10-12,75.6,78.44,75.02,78.22,24471480
ALRS,2020-10-13,78.14,78.39,75.9,76.4,16065920
ALRS,2020-10-14,76.01,77.46,76.01,76.85,10731980
ALRS,2020-10-15,76.52,76.88,75.0,75.71,12283640
ALRS,2020-10-16,75.48,76.97,75.29,76.0,11166720
ALRS,2020-10-19,76.0,76.43,75.0,75.64,8777700
ALRS,2020-10-20,75.32,75.66,74.51,75.48,6909100
ALRS,2020-10-21,75.1,75.62,73.87,74.83,8776810
ALRS,2020-10-22,74.3,75.58,74.3,75.18,7582440
ALRS,2020-10-23,75.2,75.5,74.63,74.94,4920850
ALRS,2020-10-26,74.72,75.89,74.02,74.15,9101930
ALRS,2020-10-27,74.35,74.92,73.52,74.46,11048690
ALRS,2020-10-28,74.56,74.65,69.91,70.24,22427670
ALRS,2020-10-29,70.88,72.2,69.23,71.81,23570130
ALRS,2020-10-30,71.6,71.69,69.94,70.75,14067940
ALRS,2020-11-02,70.95,71.38,70.08,70.96,10502560
ALRS,2020-11-03,71.2,72.13,70.65,71.89,12893160
ALRS,2020-11-05,72.41,75.76,71.9,74.9,23248170
ALRS,2020-11-06,74.66,77.6,74.16,76.78,21300360
ALRS,2020-11-09,77.36,81.94,76.76,79.91,36419970
ALRS,2020-11-10,79.79,80.87,78.34,79.24,22707560
ALRS,2020-11-11,79.0,80.5,78.47,79.67,18447700
ALRS,2020-11-12,79.94,80.59,78.55,79.52,18417470
ALRS,2020-11-13,79.98,81.65,78.76,81.2,18128410
ALRS,2020-11-16,81.85,86.51,81.75,86.4,37234980
ALRS,2020-11-17,86.5,87.4,85.04,86.3,31613180
ALRS,2020-11-18,86.2,90.15,85.74,88.9,36739690
ALRS,2020-11-19,89.38,91.2,88.12,89.54,36536160
ALRS,2020-11-20,89.01,89.4,87.66,88.38,13808970
ALRS,2020-11-23,88.72,89.38,86.5,86.93,22592160
ALRS,2020-11-24,86.93,87.51,83.6,85.74,32528460
ALRS,2020-11-25,85.7,87.98,84.1,87.69,25993040
ALRS,2020-11-26,87.69,89.08,86.89,87.37,17198070
ALRS,2020-11-27,87.18,91.0,87.18,90.53,38004460
ALRS,2020-11-30,89.65,91.14,87.9,88.52,31948540
ALRS,2020-12-01,88.46,90.99,87.9,89.9,19603230
ALRS,2020-12-02,89.52,91.98,89.08,89.76,19260510
ALRS,2020-12-03,90.2,90.79,86.94,89.44,25666970
ALRS,2020-12-04,90.49,92.16,89.4,91.54,21040000
ALRS,2020-12-07,91.4,93.5,90.91,91.93,25426310
ALRS,2020-12-08,92.02,94.49,91.44,92.95,23344600
ALRS,2020-12-09,93.15,93.9,91.41,91.65,13768170
ALRS,2020-12-10,91.89,93.33,90.69,92.21,23790210
ALRS,2020-12-11,92.26,93.29,91.91,92.1,9992760
ALRS,2020-12-14,92.75,92.75,90.07,90.4,18519100
ALRS,2020-12-15,90.07,93.55,89.68,91.95,21864690
ALRS,2020-12-16,92.18,96.49,92.18,96.27,45049530
ALRS,2020-12-17,96.09,98.79,95.58,96.49,32087040
ALRS,2020-12-18,96.0,97.2,93.76,94.58,24822190
ALRS,2020-12-21,94.6,95.28,92.64,94.85,19193120
ALRS,2020-12-22,94.16,97.01,94.16,96.14,17846940
ALRS,2020-12-23,96.2,97.76,96.14,97.23,17168230
ALRS,2020-12-24,97.6,98.92,96.11,97.71,12423050
ALRS,2020-12-25,97.92,98.06,96.13,97.11,4135080
ALRS,2020-12-28,97.0,97.99,96.82,97.65,8244200
ALRS,2020-12-29,97.6,98.44,97.35,97.67,8473810
ALRS,2020-12-30,97.73,99.4,97.53,99.0,11696360
ALRS,2021-01-04,99.18,99.99,98.52,98.73,9083700
ALRS,2021-01-05,98.48,99.88,98.1,99.58,9984020
ALRS,2021-01-06,99.98,101.5,99.58,100.94,17378330
ALRS,2021-01-08,101.59,104.25,101.14,104.17,23587700
ALRS,2021-01-11,104.9,107.27,102.67,105.85,32495880
ALRS,2021-01-12,105.22,107.5,104.76,107.46,29684650
ALRS,2021-01-13,107.5,108.88,105.2,106.13,36390430
ALRS,2021-01-14,105.86,106.92,103.06,105.42,27170620
ALRS,2021-01-15,104.27,106.16,103.53,104.11,16502610
ALRS,2021-01-18,104.2,104.2,102.21,103.06,15272220
ALRS,2021-01-19,104.05,105.71,103.25,103.59,21310250
ALRS,2021-01-20,103.75,106.59,103.75,105.77,16315260
ALRS,2021-01-21,106.0,106.48,101.6,105.99,25228290
ALRS,2021-01-22,105.01,105.45,102.45,103.43,23639420
ALRS,2021-01-25,104.0,104.35,99.5,101.1,30443820
ALRS,2021-01-26,100.4,104.17,99.9,104.11,24214040
ALRS,2021-01-27,104.25,104.65,100.15,100.52,22910830
ALRS,2021-01-28,99.82,102.25,98.49,101.2,19428800
ALRS,2021-01-29,100.9,101.21,98.52,99.22,19188840
ALRS,2021-02-01,100.1,101.48,98.55,100.61,15809740
ALRS,2021-02-02,100.98,103.46,100.37,102.15,24959470
ALRS,2021-02-03,102.76,104.45,102.17,103.66,19401610
ALRS,2021-02-04,103.45,104.18,102.07,102.61,12288120
ALRS,2021-02-05,103.0,103.38,100.56,102.32,12926110
ALRS,2021-02-08,102.4,103.92,102.24,102.95,12717400
ALRS,2021-02-09,103.11,104.9,102.13,104.19,27712210
ALRS,2021-02-10,105.0,105.89,103.39,104.18,19569750
ALRS,2021-02-11,103.8,105.5,103.17,104.45,15678390
ALRS,2021-02-12,104.45,105.0,103.1,104.95,10969500
ALRS,2021-02-15,105.5,106.2,102.62,103.83,21161040
ALRS,2021-02-16,104.4,104.4,101.2,101.46,20345450
ALRS,2021-02-17,101.46,102.1,99.7,100.9,17255470
ALRS,2021-02-18,100.73,100.73,97.6,97.85,24244220
ALRS,2021-02-19,97.5,97.84,95.83,96.95,26527050
ALRS,2021-02-20,96.62,98.47,96.62,97.9,4376390
ALRS,2021-02-22,97.69,98.3,96.71,97.99,18346050
ALRS,2021-02-24,97.23,98.69,96.17,98.45,27791090
ALRS,2021-02-25,98.7,100.08,98.53,99.3,30949250
ALRS,2021-02-26,98.86,100.85,97.6,99.52,16847830
ALRS,2021-03-01,100.39,101.34,99.51,101.1,11419420
ALRS,2021-03-02,100.9,104.0,100.63,102.53,33786280
ALRS,2021-03-03,103.0,104.53,102.65,103.35,20592230
ALRS,2021-03-04,103.48,105.83,101.85,103.62,24979210
ALRS,2021-03-05,104.63,107.62,104.17,106.65,27671150
ALRS,2021-03-09,107.3,108.82,105.61,108.13,22793750
ALRS,2021-03-10,108.4,109.47,106.01,106.57,17830550
ALRS,2021-03-11,106.5,108.78,105.6,107.49,18306330
ALRS,2021-03-12,107.28,107.76,105.0,106.43,18258560
ALRS,2021-03-15,106.44,108.5,104.2,108.5,26989290
ALRS,2021-03-16,108.45,109.16,106.6,108.2,16490540
ALRS,2021-03-17,108.2,108.9,105.36,105.91,16027960
ALRS,2021-03-18,106.49,108.7,105.39,107.16,23159730
ALRS,2021-03-19,106.66,108.4,105.2,105.7,46431980
ALRS,2021-03-22,105.9,106.44,104.83,105.68,10993490
ALRS,2021-03-23,105.07,105.46,103.26,104.31,19944100
ALRS,2021-03-24,104.21,106.24,103.41,105.78,14233920
ALRS,2021-03-25,105.2,106.97,105.12,106.8,9798150
ALRS,2021-03-26,107.04,108.0,106.41,107.85,9463700
ALRS,2021-03-29,107.74,108.75,107.0,108.29,9705060
ALRS,2021-03-30,108.51,108.82,107.03,107.96,10479920
ALRS,2021-03-31,108.46,109.92,105.44,105.98,28453140
ALRS,2021-04-01,106.29,107.07,104.15,104.86,18264600
ALRS,2021-04-02,104.65,105.82,104.2,105.36,5225640
ALRS,2021-04-05,105.79,105.94,104.4,105.58,5449840
ALRS,2021-04-06,105.23,105.9,104.56,104.7,9382560
ALRS,2021-04-07,104.68,105.11,102.88,104.34,14796520
ALRS,2021-04-08,105.09,105.5,103.85,104.77,18159020
ALRS,2021-04-09,104.78,104.94,100.7,101.45,44833730
ALRS,2021-04-12,100.94,102.96,100.52,102.22,22377100
ALRS,2021-04-13,102.05,103.14,101.62,102.88,18519070
ALRS,2021-04-14,103.0,103.35,101.44,102.52,25792360
ALRS,2021-04-15,101.99,106.89,101.71,106.3,29684850
ALRS,2021-04-16,106.97,107.47,104.88,106.13,15855500
ALRS,2021-04-19,106.78,108.09,106.34,107.15,17999220
ALRS,2021-04-20,107.82,108.01,105.83,107.67,15300990
ALRS,2021-04-21,107.31,111.36,107.24,111.13,28772340
ALRS,2021-04-22,111.13,111.78,109.25,109.34,19042250
ALRS,2021-04-23,109.81,113.0,108.9,113.0,20676540
ALRS,2021-04-26,113.01,114.88,112.12,114.22,29990660
ALRS,2021-04-27,114.01,114.22,109.55,110.52,26621990
ALRS,2021-04-28,110.52,113.44,107.8,109.4,33971350
ALRS,2021-04-29,110.0,110.29,106.67,108.4,20395720
ALRS,2021-04-30,108.11,109.07,107.3,108.97,13840910
ALRS,2021-05-04,109.32,110.14,107.76,108.93,15802140
ALRS,2021-05-05,108.66,111.77,108.45,111.3,12684810
ALRS,2021-05-06,111.12,114.04,111.12,113.31,18001290
ALRS,2021-05-07,113.55,114.4,112.62,113.85,16609690
ALRS,2021-05-10,113.72,118.13,113.37,116.69,23145040
ALRS,2021-05-11,116.39,117.29,114.58,115.62,19011450
ALRS,2021-05-12,115.4,117.17,113.58,114.14,24834320
ALRS,2021-05-13,114.2,115.49,112.24,113.8,24650530
ALRS,2021-05-14,113.79,114.34,112.87,114.0,7964280
ALRS,2021-05-17,114.35,114.88,112.44,113.24,17493380
ALRS,2021-05-18,113.4,116.2,112.82,116.15,26152140
ALRS,2021-05-19,116.0,116.7,114.17,115.35,22068740
ALRS,2021-05-20,115.0,116.05,114.37,114.86,12408380
ALRS,2021-05-21,114.86,115.14,113.6,114.69,15993440
ALRS,2021-05-24,115.58,115.74,114.12,114.52,11727100
ALRS,2021-05-25,114.52,115.52,114.42,115.2,12188070
ALRS,2021-05-26,114.8,115.28,113.38,114.13,20932240
ALRS,2021-05-27,113.9,114.39,112.5,113.23,24986750
ALRS,2021-05-28,113.42,114.69,113.31,114.48,9767610
ALRS,2021-05-31,114.32,117.79,114.32,117.2,21721120
ALRS,2021-06-01,117.16,119.55,117.1,118.95,16632580
ALRS,2021-06-02,118.7,121.14,117.87,120.95,26705240
ALRS,2021-06-03,121.02,121.5,118.84,119.86,17285420
ALRS,2021-06-04,120.16,121.74,119.8,120.73,16145730
ALRS,2021-06-07,120.73,124.7,119.82,124.5,20928300
ALRS,2021-06-08,124.81,128.83,124.28,128.59,43639490
ALRS,2021-06-09,128.97,130.06,126.83,129.5,29704050
ALRS,2021-06-10,129.4,135.4,129.0,134.47,67298740
ALRS,2021-06-11,135.0,135.4,132.8,135.26,39040170
ALRS,2021-06-14,135.44,139.94,135.44,139.56,40527900
ALRS,2021-06-15,139.98,141.73,136.9,137.69,38534880
ALRS,2021-06-16,137.67,139.88,137.01,138.72,23026040
ALRS,2021-06-17,138.0,139.19,131.15,134.8,53140240
ALRS,2021-06-18,134.54,134.8,130.22,131.4,58374630
ALRS,2021-06-21,130.73,136.68,130.54,136.56,31242750
ALRS,2021-06-22,137.4,139.67,136.36,139.5,31811490
ALRS,2021-06-23,139.99,140.0,132.52,134.69,45176030
ALRS,2021-06-24,134.4,134.89,131.14,132.86,37130120
ALRS,2021-06-25,133.1,133.95,130.78,132.54,20841080
ALRS,2021-06-28,132.58,134.42,132.4,133.23,20866490
ALRS,2021-06-29,133.37,135.1,132.67,134.08,40162340
ALRS,2021-06-30,134.13,135.59,133.11,133.74,36284420
ALRS,2021-07-01,125.37,129.43,123.83,126.25,69864230
ALRS,2021-07-02,125.8,127.6,125.34,126.14,23795130
ALRS,2021-07-05,126.12,126.4,123.86,124.74,17690480
ALRS,2021-07-06,125.01,125.69,120.74,121.09,30782990
ALRS,2021-07-07,120.9,125.89,120.9,124.6,33019440
ALRS,2021-07-08,124.35,128.0,123.01,127.88,40160750
ALRS,2021-07-09,128.13,131.21,127.0,130.99,35129610
ALRS,2021-07-12,131.2,133.75,130.28,133.11,27323040
ALRS,2021-07-13,133.3,137.51,133.2,137.22,34591190
ALRS,2021-07-14,136.45,139.59,133.31,134.85,39425040
ALRS,2021-07-15,135.4,136.0,132.9,133.27,27470260
ALRS,2021-07-16,133.95,133.95,129.8,129.85,31792430
ALRS,2021-07-19,129.49,131.04,125.72,126.89,26545280
ALRS,2021-07-20,127.21,129.0,126.28,128.71,19695950
ALRS,2021-07-21,129.0,131.15,128.41,128.79,15002670
ALRS,2021-07-22,130.35,131.0,128.0,130.84,14696510
ALRS,2021-07-23,131.5,132.19,128.76,129.75,11865110
ALRS,2021-07-26,129.0,130.6,127.74,130.35,11097480
ALRS,2021-07-27,130.7,131.7,129.47,129.8,16187580
ALRS,2021-07-28,129.9,131.92,129.56,131.72,18386820
ALRS,2021-07-29,132.0,134.4,131.28,133.96,15872210
ALRS,2021-07-30,134.74,134.97,129.53,130.57,34565890
ALRS,2021-08-02,131.0,132.14,129.9,130.55,15888790
ALRS,2021-08-03,130.65,135.12,130.37,135.09,27685410
ALRS,2021-08-04,135.9,139.1,135.2,138.37,33331940
ALRS,2021-08-05,138.36,139.75,137.3,138.98,19893640
ALRS,2021-08-06,139.09,140.7,138.3,138.71,21530420
ALRS,2021-08-09,138.1,139.3,136.65,137.92,19810840
ALRS,2021-08-10,138.48,140.0,136.7,137.96,21671520
ALRS,2021-08-11,138.0,138.54,137.22,137.57,11249340
ALRS,2021-08-12,137.8,139.47,137.36,138.21,15187430
ALRS,2021-08-13,138.05,138.88,132.91,134.98,31086580
ALRS,2021-08-16,134.89,135.0,131.72,133.31,17295800
ALRS,2021-08-17,133.28,134.9,132.65,133.22,15900020
ALRS,2021-08-18,133.85,134.94,133.0,133.15,10725620
ALRS,2021-08-19,132.75,135.25,131.15,134.64,19635960
ALRS,2021-08-20,135.0,135.2,130.22,132.27,18006990
ALRS,2021-08-23,132.5,133.94,131.5,133.54,9054250
ALRS,2021-08-24,133.81,134.29,132.16,133.5,16221860
ALRS,2021-08-25,133.85,133.85,132.51,133.74,9011640
ALRS,2021-08-26,133.71,135.8,133.3,134.22,14835450
ALRS,2021-08-27,134.47,134.9,132.84,134.6,12566850
ALRS,2021-08-30,134.5,140.49,133.65,140.4,26909930
ALRS,2021-08-31,140.71,146.5,139.88,145.11,48750460
ALRS,2021-09-01,145.35,147.0,143.32,145.71,28665980
ALRS,2021-09-02,145.12,145.67,143.54,143.7,17858380
ALRS,2021-09-03,143.12,146.58,142.8,145.83,17662780
ALRS,2021-09-06,145.5,147.27,145.08,146.26,9988630
ALRS,2021-09-07,146.1,148.67,145.83,147.8,13097210
ALRS,2021-09-08,147.95,149.83,147.8,148.2,17401120
ALRS,2021-09-09,147.5,149.35,145.46,145.59,20846290
ALRS,2021-09-10,146.72,150.98,144.41,149.17,25872230
ALRS,2021-09-13,149.89,150.76,149.1,150.3,15200890
ALRS,2021-09-14,151.0,153.73,148.65,149.56,24689280
ALRS,2021-09-15,149.44,149.9,146.57,147.65,13375500
ALRS,2021-09-16,147.07,147.63,144.3,146.36,21741480
ALRS,2021-09-17,147.03,147.13,142.5,143.8,25636390
ALRS,2021-09-20,140.61,142.7,138.52,140.13,21298410
ALRS,2021-09-21,140.89,142.29,136.38,138.55,23683930
ALRS,2021-09-22,139.5,141.78,138.52,141.47,20429150
ALRS,2021-09-23,142.5,142.95,139.26,140.72,23572500
ALRS,2021-09-24,140.7,140.86,138.83,139.74,13788620
ALRS,2021-09-27,140.0,141.6,139.23,140.58,12805600
ALRS,2021-09-28,140.6,141.36,135.82,136.67,23091660
ALRS,2021-09-29,136.5,137.92,132.9,134.5,25174660
ALRS,2021-09-30,134.59,135.9,132.65,133.45,22723230
ALRS,2021-10-01,133.45,138.02,132.0,138.01,20064790
ALRS,2021-10-04,138.95,139.34,134.52,135.65,25411510
ALRS,2021-10-05,136.36,136.5,132.63,135.8,34194910
ALRS,2021-10-06,134.99,135.39,130.32,131.99,44708850
ALRS,2021-10-07,131.0,135.2,127.45,133.8,52702410
ALRS,2021-10-08,133.8,139.12,133.5,138.48,35173020
ALRS,2021-10-11,139.12,142.79,139.12,142.35,51640750
ALRS,2021-10-12,142.77,143.9,141.9,143.62,42407360
ALRS,2021-10-13,143.2,143.6,137.64,139.6,57124650
ALRS,2021-10-14,139.9,140.49,137.51,138.2,27605580
ALRS,2021-10-15,138.01,139.2,136.71,137.95,45678630
ALRS,2021-10-18,129.9,130.97,127.02,128.58,66795880
ALRS,2021-10-19,128.99,132.96,127.68,132.76,37691030
ALRS,2021-10-20,132.75,132.75,130.24,131.4,22341300
ALRS,2021-10-21,131.37,132.47,130.11,130.99,23417290
ALRS,2021-10-22,131.0,131.3,127.1,127.6,23191380
ALRS,2021-10-25,128.18,130.36,127.1,128.2,24852300
ALRS,2021-10-26,128.82,131.75,128.01,130.78,28768330
ALRS,2021-10-27,130.84,132.0,129.15,129.82,17852040
ALRS,2021-10-28,129.94,130.5,128.25,129.54,28810160
ALRS,2021-10-29,129.4,129.44,124.47,125.21,25332120
ALRS,2021-11-01,125.3,130.86,123.2,130.43,33319550
ALRS,2021-11-02,129.91,133.13,128.13,132.0,36064270
ALRS,2021-11-03,131.04,132.66,129.2,130.59,22089230
ALRS,2021-11-05,129.95,131.46,127.54,128.4,13520580
ALRS,2021-11-08,128.5,133.18,128.5,132.4,24867150
ALRS,2021-11-09,132.0,134.59,130.03,130.68,25890090
ALRS,2021-11-10,129.87,133.39,129.8,131.09,28673320
ALRS,2021-11-11,131.86,134.74,130.9,134.03,30003730
ALRS,2021-11-12,134.63,135.97,129.22,131.29,42682050
ALRS,2021-11-15,131.3,132.88,130.52,130.89,23013360
ALRS,2021-11-16,131.0,133.09,131.0,132.25,23844540
ALRS,2021-11-17,133.38,133.38,131.3,132.25,18447880
ALRS,2021-11-18,132.19,135.5,131.68,134.5,35294010
ALRS,2021-11-19,135.5,135.69,128.6,130.43,31864790
ALRS,2021-11-22,130.5,131.0,122.55,124.78,33521890
ALRS,2021-11-23,124.46,131.53,121.53,131.0,36907170
ALRS,2021-11-24,131.24,131.87,125.4,127.0,24474380
ALRS,2021-11-25,127.0,128.2,124.64,125.25,11571430
ALRS,2021-11-26,123.75,124.26,120.2,120.58,19933510
ALRS,2021-11-29,122.98,127.25,121.4,124.99,29043090
ALRS,2021-11-30,123.7,129.49,122.55,128.44,59501350
ALRS,2021-12-01,129.0,130.85,127.51,128.83,27163850
ALRS,2021-12-02,128.32,130.5,126.73,130.13,16490220
ALRS,2021-12-03,130.27,130.6,126.5,127.73,18409000
ALRS,2021-12-06,127.73,128.73,123.44,125.44,9997590
ALRS,2021-12-07,125.6,128.64,124.61,127.94,18136570
ALRS,2021-12-08,128.4,128.66,125.2,126.15,25447520
ALRS,2021-12-09,126.15,127.84,124.86,126.87,17055370
ALRS,2021-12-10,126.41,127.0,121.52,122.62,18556600
ALRS,2021-12-13,122.78,124.2,113.9,114.3,35588560
ALRS,2021-12-14,115.0,118.42,107.45,118.04,52164260
ALRS,2021-12-15,117.99,119.64,115.31,118.35,19189390
ALRS,2021-12-16,118.59,119.85,115.6,116.62,30570770
ALRS,2021-12-17,116.92,117.55,113.8,114.77,39418540
ALRS,2021-12-20,112.5,115.09,111.31,114.02,20305760
ALRS,2021-12-21,114.44,115.6,112.03,113.54,22109340
ALRS,2021-12-22,113.54,114.44,112.73,113.48,16929340
ALRS,2021-12-23,114.0,114.5,112.4,113.7,14145800
ALRS,2021-12-24,113.95,115.45,113.07,115.3,10449280
ALRS,2021-12-27,115.5,116.89,114.99,116.55,11845050
ALRS,2021-12-28,116.86,120.53,116.2,119.98,18288300
ALRS,2021-12-29,119.2,121.36,118.6,121.25,17622680
ALRS,2021-12-30,121.27,123.6,119.52,122.34,20444750
ALRS,2022-01-03,122.46,123.91,122.22,123.27,9352780
ALRS,2022-01-04,123.39,124.32,122.41,123.82,11337530
ALRS,2022-01-05,123.8,124.26,117.4,117.71,16302400
ALRS,2022-01-06,117.51,120.29,115.04,119.33,21005100
ALRS,2022-01-10,119.2,120.8,115.55,117.48,16981350
ALRS,2022-01-11,117.48,121.94,117.24,121.71,25664510
ALRS,2022-01-12,121.95,122.2,118.6,120.11,23250080
ALRS,2022-01-13,120.93,120.93,117.0,118.48,38806050
ALRS,2022-01-14,118.23,119.1,113.47,118.61,34914320
ALRS,2022-01-17,118.58,119.55,115.36,117.15,16650260
ALRS,2022-01-18,117.14,117.54,108.05,108.33,47416270
ALRS,2022-01-19,108.11,112.04,102.26,109.41,60513140
ALRS,2022-01-20,109.42,114.19,106.84,110.84,56030330
ALRS,2022-01-21,110.0,113.05,106.0,107.0,53475580
ALRS,2022-01-24,106.2,107.99,96.52,102.63,60362050
ALRS,2022-01-25,102.15,107.3,99.35,107.26,48223540
ALRS,2022-01-26,107.3,108.14,103.2,103.81,31323060
ALRS,2022-01-27,103.59,110.55,103.26,107.0,40310000
ALRS,2022-01-28,107.0,110.6,107.0,110.59,23198880
ALRS,2022-01-31,110.59,117.36,110.59,113.8,43655070
ALRS,2022-02-01,113.98,116.35,112.4,114.98,20579900
ALRS,2022-02-02,115.0,118.0,114.36,117.68,22462060
ALRS,2022-02-03,117.1,117.53,114.1,115.23,27323670
ALRS,2022-02-04,115.61,118.1,114.54,116.34,27683100
ALRS,2022-02-07,116.45,116.95,113.66,115.98,19495670
ALRS,2022-02-08,115.35,118.98,115.24,118.78,22027450
ALRS,2022-02-09,118.8,122.69,118.8,122.32,25736860
ALRS,2022-02-10,122.35,124.32,119.6,122.8,27485020
ALRS,2022-02-11,122.51,123.26,117.0,117.88,27459850
ALRS,2022-02-14,117.0,120.62,114.14,115.52,57936330
ALRS,2022-02-15,116.32,118.18,113.3,115.79,44646010
ALRS,2022-02-16,116.0,117.3,113.62,115.6,43192290
ALRS,2022-02-17,115.93,115.98,108.12,109.77,58025650
ALRS,2022-02-18,110.5,111.63,102.63,103.44,64321790
ALRS,2022-02-21,103.44,106.89,84.06,90.3,143026420
ALRS,2022-02-22,90.1,101.49,84.44,99.3,132849650
ALRS,2022-02-24,89.97,90.0,55.7,77.01,116515070
ALRS,2022-02-25,74.31,88.25,68.24,79.6,78525480
ALRS,2022-03-24,82.0,99.8,82.0,89.39,20195080
ALRS,2022-03-25,90.99,92.78,87.55,89.98,8534790
ALRS,2022-03-28,89.79,89.8,86.01,86.5,10439710
ALRS,2022-03-29,87.55,88.5,82.0,84.4,8264390
ALRS,2022-03-30,87.0,88.5,85.0,87.9,5010970
ALRS,2022-03-31,87.95,95.95,87.94,95.7,11380030
ALRS,2022-04-01,95.9,97.9,93.2,94.02,9080410
ALRS,2022-04-04,94.9,96.35,90.0,94.7,6471910
ALRS,2022-04-05,94.7,95.5,90.32,92.76,4797120
ALRS,2022-04-06,92.96,96.0,90.36,93.5,5198190
ALRS,2022-04-07,93.55,94.44,92.0,92.8,4981320
ALRS,2022-04-08,89.49,89.74,81.0,82.53,53215250
ALRS,2022-04-11,82.88,84.4,79.5,79.55,16776090
ALRS,2022-04-12,80.0,80.0,75.0,78.46,12359220
ALRS,2022-04-13,78.8,81.0,78.8,79.95,5538480
ALRS,2022-04-14,80.02,80.5,77.1,77.31,4590890
ALRS,2022-04-15,77.55,78.99,73.62,78.99,7282430
ALRS,2022-04-18,78.96,78.96,76.01,76.01,3484520
ALRS,2022-04-19,76.29,76.95,74.2,76.71,6544160
ALRS,2022-04-20,77.44,79.98,76.51,79.0,7007400
ALRS,2022-04-21,79.49,80.99,79.2,79.99,5818830
ALRS,2022-04-22,79.2,81.39,79.01,80.11,3567140
ALRS,2022-04-25,81.0,81.5,78.54,79.64,4482960
ALRS,2022-04-26,80.01,83.2,79.14,82.28,5700760
ALRS,2022-04-27,82.28,84.65,81.71,82.55,5962570
ALRS,2022-04-28,83.89,84.44,79.04,79.18,9176630
ALRS,2022-04-29,79.7,80.88,79.18,80.33,3384870
ALRS,2022-05-04,80.53,81.49,77.2,77.3,5180800
ALRS,2022-05-05,77.8,78.86,77.0,77.52,3333590
ALRS,2022-05-06,77.8,77.81,76.24,77.26,2310540
ALRS,2022-05-11,77.95,78.21,77.0,78.15,2181550
ALRS,2022-05-12,78.26,78.31,74.92,75.83,3366740
ALRS,2022-05-13,76.0,76.64,74.42,74.42,4997330
ALRS,2022-05-16,74.56,75.2,74.42,75.0,4657090
ALRS,2022-05-17,75.0,75.58,74.6,75.0,5529100
ALRS,2022-05-18,75.5,78.9,75.21,77.3,12702170
ALRS,2022-05-19,77.5,78.4,76.15,77.28,3288450
ALRS,2022-05-20,77.5,77.85,73.33,74.0,8256110
ALRS,2022-05-23,74.8,74.95,70.21,70.6,7456360
ALRS,2022-05-24,70.58,70.59,68.22,69.2,7152940
ALRS,2022-05-25,70.95,71.97,69.6,70.34,3794910
ALRS,2022-05-26,70.68,74.0,70.6,71.83,8771090
ALRS,2022-05-27,72.89,73.87,71.95,73.87,4356790
ALRS,2022-05-30,73.9,74.89,72.0,73.5,3968440
ALRS,2022-05-31,73.5,73.98,72.5,73.8,2844880
ALRS,2022-06-01,73.73,75.64,73.5,74.82,4387320
ALRS,2022-06-02,75.12,75.38,72.25,72.96,4356920
ALRS,2022-06-03,72.96,73.13,68.09,70.12,11897400
ALRS,2022-06-06,70.1,71.85,69.21,71.22,3302060
ALRS,2022-06-07,71.18,71.42,69.18,71.05,3699600
ALRS,2022-06-08,69.86,70.88,68.0,68.09,19200420
ALRS,2022-06-09,66.86,67.68,65.0,66.06,17148880
ALRS,2022-06-10,66.14,68.15,65.18,68.02,8664980
ALRS,2022-06-14,67.4,67.5,65.82,66.8,5490530
ALRS,2022-06-15,66.76,67.37,65.81,66.7,3768330
ALRS,2022-06-16,67.0,68.09,66.6,68.0,5696930
ALRS,2022-06-17,68.0,68.54,67.5,67.9,3635670
ALRS,2022-06-20,68.0,69.9,68.0,69.78,5148860
ALRS,2022-06-21,69.97,70.28,68.4,68.8,6038440
ALRS,2022-06-22,67.8,68.8,66.66,67.33,4763990
ALRS,2022-06-23,67.92,69.47,67.37,68.83,5303090
ALRS,2022-06-24,69.25,71.6,68.71,71.26,6418880
ALRS,2022-06-27,71.5,74.72,70.71,74.72,7173380
ALRS,2022-06-28,74.3,74.75,70.21,72.57,13576150
ALRS,2022-06-29,72.1,72.92,70.66,70.81,5126280
ALRS,2022-06-30,71.3,72.0,67.51,67.7,9856330
ALRS,2022-07-01,67.49,67.49,65.9,66.24,12684950
ALRS,2022-07-04,66.18,66.5,64.16,64.55,8783000
ALRS,2022-07-05,64.0,65.2,63.0,64.99,10855380
ALRS,2022-07-06,64.97,66.3,64.67,64.96,8599300
ALRS,2022-07-07,64.99,65.84,64.53,65.35,4289460
ALRS,2022-07-08,65.5,66.84,64.95,66.84,4639620
ALRS,2022-07-11,66.83,66.84,65.11,65.11,3877160
ALRS,2022-07-12,65.05,65.18,63.52,65.18,4187090
ALRS,2022-07-13,65.18,65.19,63.62,63.7,3667130
ALRS,2022-07-14,63.62,64.25,62.66,63.08,5215960
ALRS,2022-07-15,63.43,63.76,61.52,63.76,6159650
ALRS,2022-07-18,63.51,63.72,62.4,62.53,2970280
ALRS,2022-07-19,62.54,62.7,60.15,60.5,5969150
ALRS,2022-07-20,60.69,61.18,60.21,60.84,3435590
ALRS,2022-07-21,60.84,61.88,59.25,61.3,5952850
ALRS,2022-07-22,61.3,62.96,60.87,62.85,4311910
ALRS,2022-07-25,62.86,63.35,61.75,63.0,3076730
ALRS,2022-07-26,63.0,64.17,62.67,64.1,3233000
ALRS,2022-07-27,64.1,64.88,63.85,64.51,4422230
ALRS,2022-07-28,64.84,65.09,63.2,65.0,5451960
ALRS,2022-07-29,65.1,65.47,63.4,64.5,6095500
ALRS,2022-08-01,64.5,64.7,62.26,64.51,16165090
ALRS,2022-08-02,64.32,65.33,63.5,64.46,9442470
ALRS,2022-08-03,64.2,65.0,62.6,62.86,6243930
ALRS,2022-08-04,62.7,63.97,61.68,61.95,5431280
ALRS,2022-08-05,61.9,62.53,60.11,61.21,7058260
ALRS,2022-08-08,63.64,63.64,61.8,61.8,3410270
ALRS,2022-08-09,61.98,62.97,61.16,62.71,2780890
ALRS,2022-08-10,62.99,64.0,62.33,63.69,4086090
ALRS,2022-08-11,63.8,64.99,62.9,62.97,6253600
ALRS,2022-08-12,63.0,64.7,62.7,64.55,3998080
ALRS,2022-08-15,64.55,65.0,63.51,64.5,4074260
ALRS,2022-08-16,64.6,67.3,64.6,67.29,10105870
ALRS,2022-08-17,67.75,68.0,65.8,67.0,7359200
ALRS,2022-08-18,67.0,67.59,66.4,67.56,3385570
ALRS,2022-08-19,67.58,67.85,66.64,66.77,3356660
ALRS,2022-08-22,66.88,68.5,65.55,68.2,6127660
ALRS,2022-08-23,68.2,70.34,67.71,69.74,8323710
ALRS,2022-08-24,70.45,71.8,70.15,71.3,12909340
ALRS,2022-08-25,71.38,72.74,70.02,70.52,11000060
ALRS,2022-08-26,70.54,72.0,70.54,72.0,4872020
ALRS,2022-08-29,71.99,72.66,71.34,72.0,5409730
ALRS,2022-08-30,72.39,72.7,70.56,70.81,5417370
ALRS,2022-08-31,71.95,73.28,70.92,73.1,7376060
ALRS,2022-09-01,73.3,73.88,72.0,72.15,6889410
ALRS,2022-09-02,72.44,74.28,72.2,74.22,6679230
ALRS,2022-09-05,74.5,75.05,73.51,74.9,4594540
ALRS,2022-09-06,75.0,76.64,71.22,73.62,13760450
ALRS,2022-09-07,73.6,74.4,72.59,73.48,5034330
ALRS,2022-09-08,73.78,73.86,71.3,71.51,4989840
ALRS,2022-09-09,71.8,75.7,71.58,75.19,16020170
ALRS,2022-09-12,74.9,77.2,74.42,77.1,13700870
ALRS,2022-09-13,77.11,77.72,75.98,76.32,10292350
ALRS,2022-09-14,76.1,78.74,74.85,78.48,16187870
ALRS,2022-09-15,78.55,79.6,77.24,77.73,15781450
ALRS,2022-09-16,77.9,78.1,77.1,77.8,5830810
ALRS,2022-09-19,77.83,78.4,76.3,76.93,6034260
ALRS,2022-09-20,76.8,77.14,69.21,71.32,19397140
ALRS,2022-09-21,66.2,70.63,65.1,66.94,14040350
ALRS,2022-09-22,66.1,70.5,66.02,68.5,10973950
ALRS,2022-09-23,68.5,68.7,65.31,65.63,11877530
ALRS,2022-09-26,63.1,64.6,57.01,58.9,16927560
ALRS,2022-09-27,59.3,62.89,58.1,61.39,9248340
ALRS,2022-09-28,61.49,62.46,59.62,61.25,7316590
ALRS,2022-09-29,60.8,61.28,58.1,59.67,11013210
ALRS,2022-09-30,59.96,60.99,56.76,59.99,11010560
ALRS,2022-10-03,60.0,64.98,59.8,64.51,14125930
ALRS,2022-10-04,64.95,65.85,63.61,64.84,10412510
ALRS,2022-10-05,64.64,69.9,61.65,69.1,38110800
ALRS,2022-10-06,69.52,70.02,67.01,67.06,16995970
ALRS,2022-10-07,66.75,66.85,62.7,63.83,14009670
ALRS,2022-10-10,60.7,65.98,60.45,65.56,8788280
ALRS,2022-10-11,65.65,69.0,64.95,67.88,13906590
ALRS,2022-10-12,68.59,68.77,66.02,66.11,8463070
ALRS,2022-10-13,66.1,66.81,65.5,66.42,4348190
ALRS,2022-10-14,66.5,66.96,66.2,66.73,3725670
ALRS,2022-10-17,66.8,69.28,66.8,69.11,6559150
ALRS,2022-10-18,69.15,69.76,67.0,67.65,7833690
ALRS,2022-10-19,66.7,67.7,64.7,66.25,12863240
ALRS,2022-10-20,66.33,66.66,65.51,66.05,10330200
ALRS,2022-10-21,66.35,66.35,64.5,65.85,9365650
ALRS,2022-10-24,66.41,66.88,65.0,65.84,9891690
ALRS,2022-10-25,66.02,67.3,65.53,66.96,14500820
ALRS,2022-10-26,67.1,67.4,65.58,66.36,9948870
ALRS,2022-10-27,66.45,67.7,66.02,67.03,17234070
ALRS,2022-10-28,66.9,67.34,65.8,66.4,11122520
ALRS,2022-10-31,66.56,67.2,65.52,66.07,6957400
ALRS,2022-11-01,66.19,66.32,65.55,66.31,5725270
ALRS,2022-11-02,66.46,66.55,63.5,65.04,6504910
ALRS,2022-11-03,64.9,65.44,64.12,65.41,5832200
ALRS,2022-11-07,65.8,66.48,65.41,66.3,9707570
ALRS,2022-11-08,66.47,66.57,65.03,65.93,7285870
ALRS,2022-11-09,65.93,67.87,64.51,65.4,16701050
ALRS,2022-11-10,65.67,67.23,64.71,67.15,12126970
ALRS,2022-11-11,67.25,69.24,66.55,68.61,21548520
ALRS,2022-11-14,68.6,69.7,67.3,68.59,11434060
ALRS,2022-11-15,68.65,69.07,64.71,66.31,12810280
ALRS,2022-11-16,66.96,68.0,66.28,67.77,6290650
ALRS,2022-11-17,67.78,68.18,66.27,66.85,5670790
ALRS,2022-11-18,66.95,66.95,66.06,66.5,2863750
ALRS,2022-11-21,66.5,66.52,65.15,65.73,5077390
ALRS,2022-11-22,65.53,66.45,65.0,66.23,4345130
ALRS,2022-11-23,66.5,66.5,65.44,65.88,7352760
ALRS,2022-11-24,65.95,66.11,65.6,65.76,4236850
ALRS,2022-11-25,65.9,66.04,65.1,65.28,5404760
ALRS,2022-11-28,65.15,65.2,64.13,64.72,6277340
ALRS,2022-11-29,64.58,65.19,64.41,65.0,4871620
ALRS,2022-11-30,65.07,65.26,64.61,64.99,4793000
ALRS,2022-12-01,65.03,65.07,64.44,64.66,5060540
ALRS,2022-12-02,64.52,64.66,63.93,64.16,5248110
ALRS,2022-12-05,64.2,65.0,63.63,64.7,5821980
ALRS,2022-12-06,64.77,65.47,64.5,64.61,4761130
ALRS,2022-12-07,64.41,64.98,64.03,64.66,3940410
ALRS,2022-12-08,64.79,64.82,64.39,64.59,1505190
ALRS,2022-12-09,64.4,64.86,60.77,61.52,38068950
ALRS,2022-12-12,60.86,61.52,60.31,61.15,18515130
ALRS,2022-12-13,61.31,61.5,60.6,61.27,8857440
ALRS,2022-12-14,61.38,61.68,60.61,60.8,7570660
ALRS,2022-12-15,60.64,60.78,59.87,60.41,8568480
ALRS,2022-12-16,60.35,61.0,60.05,60.9,5504570
ALRS,2022-12-19,60.9,60.98,59.4,59.89,9198120
ALRS,2022-12-20,59.9,60.4,58.84,60.16,15483310
ALRS,2022-12-21,60.3,60.5,58.93,59.49,9987760
ALRS,2022-12-22,59.54,59.73,58.96,59.22,8179290
ALRS,2022-12-23,59.2,59.44,58.85,59.2,5903020
ALRS,2022-12-26,59.22,59.67,59.04,59.31,7053430
ALRS,2022-12-27,59.42,59.44,58.9,59.11,8925500
ALRS,2022-12-28,59.11,59.12,58.01,58.22,15271000
ALRS,2022-12-29,58.15,59.0,58.0,58.99,6776240
ALRS,2022-12-30,59.02,59.18,58.5,58.82,5780810
ALRS,2023-01-03,58.83,59.53,58.83,59.35,4531120
ALRS,2023-01-04,59.48,59.48,59.09,59.28,2070960
ALRS,2023-01-05,59.36,59.36,58.58,58.89,3964010
ALRS,2023-01-06,58.8,58.99,58.72,58.83,1772130
ALRS,2023-01-09,59.09,59.25,58.75,59.16,5887570
ALRS,2023-01-10,59.28,59.83,58.87,59.81,7763120
ALRS,2023-01-11,59.9,60.8,59.85,60.75,12277940
ALRS,2023-01-12,60.8,60.86,59.87,60.1,8473450
ALRS,2023-01-13,60.05,60.41,59.77,60.09,7023410
ALRS,2023-01-16,60.2,62.6,60.0,62.52,29510150
ALRS,2023-01-17,63.1,63.68,61.6,61.79,37352570
ALRS,2023-01-18,61.92,62.7,61.1,61.68,16028880
ALRS,2023-01-19,61.52,61.62,59.8,60.3,28384560
ALRS,2023-01-20,60.41,60.62,59.9,60.16,10513190
ALRS,2023-01-23,60.49,61.88,60.09,61.54,17817580
ALRS,2023-01-24,61.78,61.85,60.56,60.7,15293940
ALRS,2023-01-25,60.7,60.93,60.11,60.87,7451180
ALRS,2023-01-26,60.92,61.09,60.22,60.44,7853530
ALRS,2023-01-27,60.5,61.11,60.18,60.78,7778880
ALRS,2023-01-30,61.2,61.69,60.91,61.55,10455620
ALRS,2023-01-31,61.68,62.48,61.56,62.0,13182260
ALRS,2023-02-01,62.1,62.4,61.24,61.73,12458700
ALRS,2023-02-02,61.9,61.94,61.16,61.62,8598930
ALRS,2023-02-03,61.55,61.99,60.85,61.72,8867240
ALRS,2023-02-06,61.98,62.88,61.73,62.55,15179230
ALRS,2023-02-07,62.5,63.41,61.9,62.34,12584710
ALRS,2023-02-08,62.44,62.8,61.3,61.99,11383330
ALRS,2023-02-09,62.05,62.07,61.53,61.78,6511270
ALRS,2023-02-10,61.67,62.06,61.53,61.82,4213400
ALRS,2023-02-13,61.82,62.19,61.61,61.73,4888880
ALRS,2023-02-14,61.65,61.79,59.25,60.39,14547150
ALRS,2023-02-15,60.19,60.19,58.12,58.88,14857930
ALRS,2023-02-16,59.07,59.59,58.53,58.94,8155960
ALRS,2023-02-17,58.7,59.49,58.7,59.39,5764210
ALRS,2023-02-20,59.66,59.88,58.25,59.05,18673980
ALRS,2023-02-21,58.9,60.3,58.81,59.88,12713610
ALRS,2023-02-22,60.0,60.15,59.45,59.95,4392510
ALRS,2023-02-24,60.2,60.8,58.61,59.39,24663190
ALRS,2023-02-27,59.1,60.3,59.01,60.22,7371170
ALRS,2023-02-28,60.4,60.65,60.13,60.52,7260900
ALRS,2023-03-01,60.7,61.53,60.4,61.35,10271660
ALRS,2023-03-02,61.35,61.77,59.96,60.45,10988710
ALRS,2023-03-03,60.84,62.3,60.8,62.18,29189980
ALRS,2023-03-06,62.29,62.82,61.72,61.88,11846310
ALRS,2023-03-07,61.71,61.99,61.3,61.6,7162570
ALRS,2023-03-09,61.75,62.35,61.43,61.5,5230320
ALRS,2023-03-10,61.35,61.74,61.0,61.55,4410790
ALRS,2023-03-13,61.63,62.18,60.6,61.05,8864140
ALRS,2023-03-14,61.06,61.66,60.75,61.35,5451820
ALRS,2023-03-15,61.5,61.7,60.31,60.69,8941060
ALRS,2023-03-16,60.65,60.96,59.88,60.4,8084680
ALRS,2023-03-17,60.4,60.95,60.3,60.8,10899820
ALRS,2023-03-20,60.9,63.23,60.85,63.12,23968450
ALRS,2023-03-21,63.4,65.8,62.85,64.24,46991020
ALRS,2023-03-22,64.3,64.9,63.59,63.79,13568900
ALRS,2023-03-23,63.93,64.1,63.07,63.79,11811790
ALRS,2023-03-24,63.79,63.92,63.21,63.54,6417990
ALRS,2023-03-27,63.7,65.6,63.7,65.44,20175300
ALRS,2023-03-28,65.65,65.9,64.1,64.87,12132550
ALRS,2023-03-29,64.99,65.11,64.21,64.56,8026010
ALRS,2023-03-30,64.37,67.2,64.2,66.51,28787700
ALRS,2023-03-31,66.55,66.9,64.7,65.99,21859080
ALRS,2023-04-03,66.92,67.37,66.18,66.78,17101390
ALRS,2023-04-04,67.0,67.15,65.61,66.26,17444690
ALRS,2023-04-05,66.25,67.05,65.25,66.55,11975920
ALRS,2023-04-06,66.7,67.78,65.81,65.99,22974200
ALRS,2023-04-07,66.1,66.84,66.02,66.64,12644420
ALRS,2023-04-10,66.88,67.95,66.77,67.79,16823460
ALRS,2023-04-11,67.98,68.74,66.3,66.8,23630320
ALRS,2023-04-12,66.96,67.44,66.01,66.57,16943900
ALRS,2023-04-13,66.37,66.49,65.32,65.96,11495290
ALRS,2023-04-14,65.92,66.48,65.53,66.4,6563390
ALRS,2023-04-17,66.57,67.3,66.53,67.07,8504000
ALRS,2023-04-18,67.24,67.58,66.63,67.22,9830170
ALRS,2023-04-19,67.37,67.79,66.3,66.68,15442300
ALRS,2023-04-20,66.7,67.69,65.71,67.19,12921570
ALRS,2023-04-21,67.36,68.78,66.93,68.17,18951770
ALRS,2023-04-24,68.0,69.09,67.56,68.11,14388390
ALRS,2023-04-25,68.24,68.49,67.38,67.55,8339940
ALRS,2023-04-26,67.76,68.65,67.4,68.04,10128940
ALRS,2023-04-27,68.11,68.54,67.56,68.34,11553100
ALRS,2023-04-28,68.51,68.97,66.86,67.75,11705440
ALRS,2023-05-02,67.95,68.2,66.17,66.7,9607820
ALRS,2023-05-03,66.74,67.51,64.81,65.4,15610090
ALRS,2023-05-04,65.56,66.11,65.05,65.86,6600090
ALRS,2023-05-05,65.94,66.4,64.67,64.79,7576600
ALRS,2023-05-08,64.7,65.06,64.1,64.53,3392950
ALRS,2023-05-10,65.7,66.5,64.56,65.96,20405830
ALRS,2023-05-11,66.1,66.97,64.58,65.49,14550150
ALRS,2023-05-12,65.5,65.95,65.01,65.65,6388620
ALRS,2023-05-15,65.65,67.5,65.65,67.4,9977860
ALRS,2023-05-16,67.51,67.9,66.65,67.36,7861210
ALRS,2023-05-17,67.82,68.42,67.05,67.7,13601550
ALRS,2023-05-18,67.72,67.97,66.71,66.89,11814350
ALRS,2023-05-19,66.0,66.44,65.44,66.25,13887370
ALRS,2023-05-22,66.5,66.92,65.9,66.81,6520970
ALRS,2023-05-23,66.95,66.95,66.0,66.63,5826970
ALRS,2023-05-24,66.5,67.35,66.12,66.95,7443660
ALRS,2023-05-25,67.0,67.15,65.8,66.34,7031850
ALRS,2023-05-26,66.2,66.95,66.06,66.78,5982860
ALRS,2023-05-29,67.0,67.88,66.61,66.94,16236800
ALRS,2023-05-30,66.59,71.44,66.13,67.53,148679510
ALRS,2023-05-31,64.37,65.96,64.0,65.79,57055900
ALRS,2023-06-01,66.0,66.81,65.28,65.5,11218980
ALRS,2023-06-02,65.54,66.17,65.3,66.08,13331750
ALRS,2023-06-05,66.35,66.94,65.6,65.8,16271200
ALRS,2023-06-06,65.51,66.17,65.21,66.1,9201810
ALRS,2023-06-07,66.11,66.36,65.73,65.98,6353960
ALRS,2023-06-08,66.1,66.22,65.76,66.05,3594030
ALRS,2023-06-09,66.05,67.5,65.87,66.93,18168910
ALRS,2023-06-13,67.09,67.75,67.09,67.62,10781650
ALRS,2023-06-14,67.73,68.36,67.0,68.36,15294750
ALRS,2023-06-15,68.53,68.75,67.05,67.44,23859760
ALRS,2023-06-16,67.5,67.64,66.7,67.04,12377690
ALRS,2023-06-19,69.75,69.8,68.01,69.3,49391720
ALRS,2023-06-20,69.19,69.71,67.8,68.86,19157610
ALRS,2023-06-21,68.87,69.09,68.3,68.81,8093120
ALRS,2023-06-22,68.59,68.97,68.29,68.38,8589810
ALRS,2023-06-23,68.29,68.65,66.4,66.89,20228420
ALRS,2023-06-26,67.28,67.53,66.1,67.07,16063520
ALRS,2023-06-27,67.24,67.87,67.1,67.61,7032870
ALRS,2023-06-28,67.75,67.8,67.1,67.45,5066140
ALRS,2023-06-29,67.6,68.77,67.58,68.64,11385220
ALRS,2023-06-30,68.81,71.23,68.21,70.3,37373830
ALRS,2023-07-03,70.61,72.35,70.23,71.29,35795370
ALRS,2023-07-04,71.48,71.8,69.8,70.08,19148900
ALRS,2023-07-05,70.1,71.12,69.87,70.8,14830800
ALRS,2023-07-06,71.09,71.67,70.56,71.07,21134570
ALRS,2023-07-07,71.4,72.26,70.82,72.18,16255420
ALRS,2023-07-10,72.3,74.3,72.28,74.14,32498090
ALRS,2023-07-11,74.3,75.07,73.72,74.67,23738630
ALRS,2023-07-12,74.8,76.85,74.7,76.79,27756940
ALRS,2023-07-13,76.98,77.59,75.6,77.33,35010130
ALRS,2023-07-14,77.33,78.29,76.65,77.89,19305450
ALRS,2023-07-17,77.5,78.75,77.0,78.57,19446830
ALRS,2023-07-18,78.63,81.89,78.6,81.77,53281160
ALRS,2023-07-19,81.9,82.52,80.85,81.13,20314800
ALRS,2023-07-20,81.0,81.12,78.65,79.06,35047310
ALRS,2023-07-21,78.81,81.2,78.81,81.07,16017700
ALRS,2023-07-24,81.07,81.85,80.16,80.8,13881090
ALRS,2023-07-25,80.8,80.95,79.61,80.61,12014320
ALRS,2023-07-26,80.61,82.78,80.27,82.71,18346950
ALRS,2023-07-27,84.85,86.26,83.21,84.61,57490230
ALRS,2023-07-28,84.61,84.9,83.45,83.98,16544760
ALRS,2023-07-31,84.05,85.6,83.75,85.5,18956030
ALRS,2023-08-01,85.75,86.5,84.31,85.5,20280870
ALRS,2023-08-02,85.4,86.33,84.62,85.61,19735060
ALRS,2023-08-03,85.61,89.48,85.52,88.69,40016910
ALRS,2023-08-04,89.0,89.6,83.55,85.58,46011880
ALRS,2023-08-07,86.01,87.87,84.25,85.54,29145430
ALRS,2023-08-08,85.55,86.38,82.75,86.12,25531500
ALRS,2023-08-09,86.31,87.64,85.32,87.17,22414630
ALRS,2023-08-10,87.51,89.08,86.86,88.9,17444640
ALRS,2023-08-11,89.0,92.0,88.7,91.98,35001790
ALRS,2023-08-14,92.9,93.7,87.06,87.52,107012810
ALRS,2023-08-15,87.0,88.96,85.32,85.98,32246250
ALRS,2023-08-16,85.9,86.61,81.62,83.38,53969460
ALRS,2023-08-17,84.3,86.19,81.95,85.8,37339530
ALRS,2023-08-18,85.8,88.38,84.2,88.03,41989860
ALRS,2023-08-21,88.03,88.5,85.2,86.08,37885040
ALRS,2023-08-22,86.01,86.07,84.27,85.05,28170090
ALRS,2023-08-23,85.11,85.57,82.82,83.39,27743730
ALRS,2023-08-24,83.76,85.38,83.59,85.1,15818390
ALRS,2023-08-25,85.15,85.9,84.1,84.69,19243440
ALRS,2023-08-28,85.0,85.4,84.16,84.73,17419570
ALRS,2023-08-29,84.48,84.48,82.5,82.85,46218900
ALRS,2023-08-30,82.6,82.76,80.92,81.93,28287750
ALRS,2023-08-31,82.0,82.36,81.1,81.27,16266480
ALRS,2023-09-01,81.29,82.34,80.66,82.23,25854380
ALRS,2023-09-04,82.35,83.33,82.14,83.0,21155010
ALRS,2023-09-05,83.1,83.15,81.51,82.12,15488110
ALRS,2023-09-06,82.01,82.25,81.32,82.01,12320650
ALRS,2023-09-07,82.0,82.01,79.66,80.19,21136150
ALRS,2023-09-08,80.0,81.0,77.77,79.82,21805840
ALRS,2023-09-11,80.07,80.29,77.91,78.15,14855720
ALRS,2023-09-12,78.29,79.7,78.26,79.64,10073220
ALRS,2023-09-13,79.85,80.08,78.55,78.93,6706930
ALRS,2023-09-14,79.04,79.04,77.31,78.12,13429430
ALRS,2023-09-15,78.05,78.29,76.55,77.0,23607500
ALRS,2023-09-18,76.82,76.82,74.95,75.26,30685190
ALRS,2023-09-19,75.0,75.66,73.12,73.64,27839820
ALRS,2023-09-20,73.65,75.26,71.82,72.17,54267180
ALRS,2023-09-21,71.98,71.98,69.7,69.88,37479850
ALRS,2023-09-22,69.5,72.78,69.3,72.69,34493190
ALRS,2023-09-25,72.68,72.68,71.11,71.97,16834360
ALRS,2023-09-26,72.0,73.69,71.14,73.05,14401490
ALRS,2023-09-27,73.07,73.96,72.71,73.26,20289310
ALRS,2023-09-28,73.26,73.71,72.35,73.03,16487420
ALRS,2023-09-29,73.0,73.9,72.2,73.81,16243800
ALRS,2023-10-02,74.03,75.68,72.61,73.19,44225330
ALRS,2023-10-03,73.19,74.84,71.81,74.15,27207120
ALRS,2023-10-04,74.0,74.24,73.17,73.18,10604510
ALRS,2023-10-05,73.44,74.0,73.03,73.78,6915100
ALRS,2023-10-06,73.82,74.77,73.64,74.68,10015040
ALRS,2023-10-09,74.98,75.46,74.24,74.97,11798790
ALRS,2023-10-10,75.0,77.45,74.84,77.32,27841480
ALRS,2023-10-11,77.41,78.09,75.56,75.89,29084700
ALRS,2023-10-12,75.65,77.15,75.15,76.86,11662490
ALRS,2023-10-13,77.0,77.16,76.12,76.7,11111540
ALRS,2023-10-16,77.0,77.45,76.64,76.9,18734880
ALRS,2023-10-17,76.81,77.3,76.4,77.01,33139870
ALRS,2023-10-18,73.33,73.65,72.7,72.82,41223360
ALRS,2023-10-19,72.6,72.7,71.8,72.2,23572640
ALRS,2023-10-20,72.15,72.36,71.4,72.06,12157050
ALRS,2023-10-23,72.02,73.0,71.8,72.61,14312460
ALRS,2023-10-24,72.75,72.75,72.02,72.36,7462450
ALRS,2023-10-25,72.3,72.3,71.44,71.54,9737680
ALRS,2023-10-26,71.5,71.5,70.4,70.79,14940880
ALRS,2023-10-27,71.0,71.54,70.35,70.74,12188280
ALRS,2023-10-30,70.52,70.52,69.8,70.03,10756760
ALRS,2023-10-31,70.2,70.59,69.71,69.98,11183400
ALRS,2023-11-01,69.75,70.7,69.75,70.5,9832140
ALRS,2023-11-02,70.5,71.79,70.15,70.87,16012260
ALRS,2023-11-03,71.16,71.36,69.75,70.01,13727960
ALRS,2023-11-06,70.26,70.5,69.91,70.17,5161590
ALRS,2023-11-07,70.07,70.83,69.98,70.39,6541240
ALRS,2023-11-08,70.48,71.99,70.11,71.62,16843250
ALRS,2023-11-09,71.62,71.78,70.92,71.36,6527550
ALRS,2023-11-10,71.12,71.42,70.2,70.37,7193150
ALRS,2023-11-13,70.13,71.15,68.06,68.5,18882650
ALRS,2023-11-14,68.0,68.38,66.98,68.02,20044120
ALRS,2023-11-15,68.12,69.28,67.21,68.66,19483270
ALRS,2023-11-16,68.63,68.87,66.68,66.95,12913640
ALRS,2023-11-17,66.4,66.99,65.67,66.66,16639680
ALRS,2023-11-20,66.75,66.98,66.03,66.38,7141400
ALRS,2023-11-21,66.38,67.27,65.91,67.07,7580230
ALRS,2023-11-22,67.27,67.43,66.5,66.6,5474870
ALRS,2023-11-23,66.37,66.84,66.01,66.14,4637320
ALRS,2023-11-24,66.13,66.67,65.51,66.01,8656290
ALRS,2023-11-27,66.0,66.25,64.99,65.4,8569120
ALRS,2023-11-28,65.67,66.95,64.2,66.5,13300060
ALRS,2023-11-29,66.5,67.72,65.41,66.73,18344050
ALRS,2023-11-30,66.89,66.96,65.0,65.18,11644400
ALRS,2023-12-01,65.02,65.84,64.65,65.03,7657130
ALRS,2023-12-04,64.99,66.14,64.41,65.24,10096870
ALRS,2023-12-05,65.46,66.95,65.2,66.3,7464790
ALRS,2023-12-06,66.54,66.54,64.7,65.89,22882650
ALRS,2023-12-07,65.79,67.7,65.4,67.53,22203740
ALRS,2023-12-08,67.75,70.96,67.75,70.92,42841800
ALRS,2023-12-11,71.0,72.26,68.75,70.62,49935290
ALRS,2023-12-12,70.89,72.62,69.69,72.19,29790520
ALRS,2023-12-13,72.15,73.14,71.1,71.48,19135390
ALRS,2023-12-14,71.49,71.81,69.1,69.49,17523950
ALRS,2023-12-15,69.39,71.89,69.39,71.2,14293600
ALRS,2023-12-18,70.95,73.35,70.94,72.51,30021130
ALRS,2023-12-19,72.79,72.94,71.61,72.3,16291990
ALRS,2023-12-20,72.14,73.15,71.96,72.19,14147570
ALRS,2023-12-21,71.79,72.36,70.3,71.21,14628080
ALRS,2023-12-22,71.43,72.14,70.58,70.97,16172430
ALRS,2023-12-25,71.02,71.5,70.02,70.05,10070960
ALRS,2023-12-26,70.0,70.79,69.26,70.38,13378300
ALRS,2023-12-27,70.35,70.36,69.77,69.85,9841070
ALRS,2023-12-28,69.85,70.21,69.1,69.5,9699080
ALRS,2023-12-29,69.5,69.98,69.27,69.5,3845100
ALRS,2024-01-03,69.5,71.3,69.28,71.2,8698280
ALRS,2024-01-04,71.0,71.29,70.51,71.22,6187070
ALRS,2024-01-05,71.38,71.71,70.82,71.47,5688620
ALRS,2024-01-08,71.47,71.61,71.03,71.16,3780250
ALRS,2024-01-09,71.14,72.09,70.43,71.98,11994820
ALRS,2024-01-10,72.02,72.7,71.36,71.4,8358880
ALRS,2024-01-11,71.57,71.95,71.25,71.79,6666520
ALRS,2024-01-12,72.0,74.3,71.85,73.73,20500260
ALRS,2024-01-15,74.01,76.2,74.0,75.0,33895780
ALRS,2024-01-16,75.16,75.16,73.38,73.96,25638780
ALRS,2024-01-17,73.9,74.0,72.9,73.38,10151210
ALRS,2024-01-18,73.39,73.67,72.23,73.07,12810340
ALRS,2024-01-19,73.1,73.5,72.57,72.79,8310360
ALRS,2024-01-22,72.89,73.33,72.52,72.98,8209130
ALRS,2024-01-23,73.18,73.45,71.59,71.76,12664250
ALRS,2024-01-24,71.76,71.8,70.56,70.77,14749330
ALRS,2024-01-25,70.7,72.15,70.41,71.2,16610350
ALRS,2024-01-26,71.39,71.94,70.62,70.64,8061610
ALRS,2024-01-29,70.63,71.2,70.01,70.64,10790420
ALRS,2024-01-30,70.64,71.5,70.45,71.29,9941380
ALRS,2024-01-31,71.49,71.75,71.01,71.47,8353320
ALRS,2024-02-01,71.6,72.1,70.74,71.12,9680250
ALRS,2024-02-02,71.24,71.24,70.56,70.72,7194160
ALRS,2024-02-05,70.72,71.15,70.4,70.76,7817320
ALRS,2024-02-06,70.84,71.29,70.8,71.12,7388630
ALRS,2024-02-07,71.32,71.34,70.13,70.38,9961890
ALRS,2024-02-08,70.4,70.59,69.2,69.26,14071820
ALRS,2024-02-09,69.26,69.54,68.71,69.07,8163400
ALRS,2024-02-12,69.08,69.5,67.75,67.96,11999620
ALRS,2024-02-13,68.0,68.56,67.62,68.14,12987590
ALRS,2024-02-14,68.29,69.04,67.9,68.27,10190980
ALRS,2024-02-15,68.42,68.44,67.81,68.3,7142040
ALRS,2024-02-16,68.4,68.99,68.04,68.75,9442540
ALRS,2024-02-19,68.78,70.37,68.45,69.55,23355750
ALRS,2024-02-20,69.61,71.04,69.44,69.81,30915020
ALRS,2024-02-21,69.81,70.12,68.76,69.55,14715170
ALRS,2024-02-22,69.8,70.9,69.01,70.59,16605570
ALRS,2024-02-26,70.89,71.65,70.88,71.26,12398600
ALRS,2024-02-27,71.4,72.93,71.17,72.81,21922540
ALRS,2024-02-28,72.85,72.99,70.64,70.79,36758490
ALRS,2024-02-29,70.7,71.54,70.5,71.32,11373180
ALRS,2024-03-01,71.12,72.37,71.12,72.23,11947760
ALRS,2024-03-04,72.7,73.73,71.93,73.56,19617620
ALRS,2024-03-05,73.69,74.22,73.0,73.62,17556200
ALRS,2024-03-06,73.62,74.71,73.48,74.44,14398450
ALRS,2024-03-07,74.5,74.95,73.8,74.93,11507570
ALRS,2024-03-11,75.05,75.32,74.27,75.31,17298040
ALRS,2024-03-12,75.19,75.44,74.57,75.27,9105340
ALRS,2024-03-13,75.28,75.62,74.64,74.7,12499790
ALRS,2024-03-14,74.7,74.9,73.24,73.86,13665370
ALRS,2024-03-15,73.86,74.45,73.55,74.35,8101090
ALRS,2024-03-18,74.4,74.82,73.6,74.34,12175030
ALRS,2024-03-19,74.4,75.03,73.7,74.99,19030120
ALRS,2024-03-20,75.07,77.5,74.78,77.12,49500800
ALRS,2024-03-21,77.12,77.38,75.56,76.65,32467310
ALRS,2024-03-22,76.75,77.18,74.46,75.58,24011670
ALRS,2024-03-25,75.58,76.5,74.72,76.41,14085660
ALRS,2024-03-26,76.43,76.82,75.4,76.7,13603020
ALRS,2024-03-27,76.7,78.74,76.15,78.39,24035820
ALRS,2024-03-28,78.55,78.78,77.25,78.45,29209430
ALRS,2024-03-29,78.69,79.33,77.8,78.72,16860780
ALRS,2024-04-01,78.78,79.42,77.83,78.61,14647640
ALRS,2024-04-02,78.88,79.89,78.03,79.65,19012400
ALRS,2024-04-03,79.51,79.97,78.34,78.66,15068340
ALRS,2024-04-04,78.65,78.99,78.12,78.26,9678040
ALRS,2024-04-05,78.11,78.48,77.3,77.54,9926940
ALRS,2024-04-08,77.7,78.46,77.5,77.99,16710970
ALRS,2024-04-09,78.2,78.29,76.24,76.51,16886230
ALRS,2024-04-10,76.39,77.36,75.93,76.96,10023950
ALRS,2024-04-11,77.11,77.11,76.27,76.75,6673980
ALRS,2024-04-12,76.9,77.44,76.52,76.9,13424570
ALRS,2024-04-15,76.88,77.2,76.57,76.75,7693930
ALRS,2024-04-16,76.68,77.1,75.68,76.39,25085410
ALRS,2024-04-17,76.4,76.74,75.83,75.87,7685710
ALRS,2024-04-18,75.99,76.21,75.2,75.5,8356350
ALRS,2024-04-19,75.63,76.64,75.41,76.2,7021130
ALRS,2024-04-22,76.28,77.38,76.15,77.32,11470510
ALRS,2024-04-23,77.42,77.96,76.21,76.25,10964720
ALRS,2024-04-24,76.06,76.8,75.67,75.94,9593150
ALRS,2024-04-25,75.92,76.63,75.5,76.51,4884700
ALRS,2024-04-26,76.35,76.97,75.8,76.29,7266290
ALRS,2024-04-27,76.43,76.96,75.9,76.71,5505080
ALRS,2024-04-29,76.8,77.65,76.4,76.79,5225190
ALRS,2024-04-30,76.98,77.56,76.28,77.4,4658130
ALRS,2024-05-02,77.38,79.09,77.38,78.49,24368550
ALRS,2024-05-03,78.65,79.06,77.3,77.63,10267720
ALRS,2024-05-06,77.62,77.94,76.8,77.12,13099130
ALRS,2024-05-07,77.05,78.01,77.0,77.12,8881090
ALRS,2024-05-08,77.18,78.24,77.12,78.11,6638980
ALRS,2024-05-10,78.11,78.57,77.7,78.37,5720840
ALRS,2024-05-13,78.72,79.7,78.15,79.58,12477100
ALRS,2024-05-14,79.7,79.8,78.51,79.23,10210960
ALRS,2024-05-15,79.23,79.91,78.83,79.7,10774810
ALRS,2024-05-16,80.0,81.43,79.51,80.82,32001290
ALRS,2024-05-17,81.01,81.2,80.13,80.92,17134830
ALRS,2024-05-20,82.13,83.18,80.25,81.45,28749340
ALRS,2024-05-21,81.45,81.68,79.82,81.3,15909950
ALRS,2024-05-22,81.46,82.12,80.73,80.73,12882510
ALRS,2024-05-23,80.89,81.9,80.7,81.21,12555510
ALRS,2024-05-24,81.21,81.49,79.1,80.05,14449620
ALRS,2024-05-27,80.09,80.22,78.02,79.29,22422090
ALRS,2024-05-28,79.45,81.2,79.0,80.17,31064480
ALRS,2024-05-29,80.45,80.45,78.8,79.97,12144200
ALRS,2024-05-30,79.96,80.25,77.58,78.9,17848690
ALRS,2024-05-31,76.76,76.98,73.88,74.98,29677090
ALRS,2024-06-03,74.71,75.44,71.22,74.17,26377930
ALRS,2024-06-04,74.17,75.24,73.09,74.71,14595320
ALRS,2024-06-05,75.01,77.0,74.04,74.69,15811480
ALRS,2024-06-06,74.69,75.09,73.51,73.65,7844830
ALRS,2024-06-07,73.93,75.32,73.26,74.53,16051000
ALRS,2024-06-10,75.28,75.88,73.14,73.71,15515700
ALRS,2024-06-11,73.42,75.59,72.62,74.82,23451810
ALRS,2024-06-13,72.5,74.25,71.02,74.0,16425780
ALRS,2024-06-14,74.1,74.71,73.43,73.87,15523270
ALRS,2024-06-17,74.0,74.24,72.0,72.5,15098260
ALRS,2024-06-18,72.2,72.96,70.21,70.96,15878780
ALRS,2024-06-19,70.68,71.18,68.3,69.49,20482830
ALRS,2024-06-20,69.69,72.35,68.97,72.04,23459690
ALRS,2024-06-21,72.04,72.61,70.41,71.3,9907890
ALRS,2024-06-24,71.3,73.88,71.08,71.56,27717220
ALRS,2024-06-25,71.34,72.55,70.24,72.45,12401120
ALRS,2024-06-26,72.5,72.63,71.12,71.3,8627700
ALRS,2024-06-27,71.3,71.45,69.8,71.05,11599670
ALRS,2024-06-28,71.2,71.68,70.33,70.83,6940960
ALRS,2024-07-01,71.1,72.45,70.46,72.24,10473320
ALRS,2024-07-02,72.4,72.44,70.96,71.3,10312500
ALRS,2024-07-03,71.41,71.78,69.81,70.42,11547630
ALRS,2024-07-04,70.36,70.67,69.41,69.87,8971290
ALRS,2024-07-05,69.8,70.24,69.11,70.04,9220460
ALRS,2024-07-08,70.04,70.49,68.55,68.89,8473280
ALRS,2024-07-09,68.61,69.17,67.88,68.05,11717280
ALRS,2024-07-10,68.0,68.61,65.11,65.15,23253740
ALRS,2024-07-11,65.16,67.1,64.36,66.58,42600510
ALRS,2024-07-12,66.44,66.96,64.33,64.47,24312730
ALRS,2024-07-15,64.47,65.12,61.5,62.14,36097980
ALRS,2024-07-16,62.36,62.94,61.05,62.4,29866120
ALRS,2024-07-17,62.4,62.63,60.45,61.48,28575740
ALRS,2024-07-18,61.4,63.4,61.0,63.11,22315770
ALRS,2024-07-19,63.35,64.2,62.33,62.8,24674360
ALRS,2024-07-22,63.07,64.47,62.93,64.0,29002250
ALRS,2024-07-23,64.03,64.5,62.7,63.67,22864310
ALRS,2024-07-24,63.45,64.46,63.3,63.82,18405750
ALRS,2024-07-25,63.69,63.88,63.1,63.19,11717640
ALRS,2024-07-26,63.11,63.89,60.54,61.35,47629090
ALRS,2024-07-29,60.9,61.0,59.75,59.92,25267430
ALRS,2024-07-30,59.9,61.17,59.55,60.68,18373450
ALRS,2024-07-31,60.8,61.45,60.52,60.98,17881000
ALRS,2024-08-01,61.08,61.87,60.5,60.58,11895130
ALRS,2024-08-02,60.58,61.3,59.82,60.24,11934190
ALRS,2024-08-05,59.8,59.88,58.78,59.19,21980040
ALRS,2024-08-06,59.67,60.74,59.19,60.2,17408920
ALRS,2024-08-07,60.2,61.23,59.42,61.06,24829670
ALRS,2024-08-08,61.0,61.78,60.0,60.61,22062390
ALRS,2024-08-09,60.5,61.26,60.3,60.95,11004010
ALRS,2024-08-12,60.77,61.6,59.13,59.5,53382190
ALRS,2024-08-13,59.65,60.17,59.33,59.58,20478280
ALRS,2024-08-14,59.58,60.0,58.55,58.69,21101160
ALRS,2024-08-15,58.78,59.08,58.46,58.7,15932500
ALRS,2024-08-16,58.77,59.01,57.74,57.87,14327380
ALRS,2024-08-19,57.99,58.28,56.94,57.03,18181040
ALRS,2024-08-20,57.01,57.2,55.44,55.63,38827990
ALRS,2024-08-21,55.65,55.99,54.77,55.47,23862140
ALRS,2024-08-22,55.6,55.6,52.35,52.9,29704860
ALRS,2024-08-23,52.79,54.43,52.0,53.88,48420470
ALRS,2024-08-26,54.6,55.0,53.3,54.81,24962980
ALRS,2024-08-27,55.76,56.13,51.55,52.06,56604900
ALRS,2024-08-28,51.99,52.0,50.85,51.59,26323930
ALRS,2024-08-29,51.64,52.48,50.57,51.69,18789810
ALRS,2024-08-30,51.8,51.9,49.43,49.43,18494590
ALRS,2024-09-02,49.02,49.23,45.53,46.5,46516520
ALRS,2024-09-03,46.4,48.86,46.07,47.49,53222890
ALRS,2024-09-04,47.59,49.65,47.15,49.5,28487870
ALRS,2024-09-05,49.71,50.25,48.58,48.72,30215200
ALRS,2024-09-06,48.72,50.2,47.99,50.15,18947360
ALRS,2024-09-09,50.2,51.28,49.63,50.52,40033120
ALRS,2024-09-10,50.7,51.07,49.6,50.13,20829350
ALRS,2024-09-11,50.15,50.31,48.3,48.51,21086960
ALRS,2024-09-12,48.51,49.15,47.55,48.99,16842640
ALRS,2024-09-13,49.18,49.85,47.2,49.64,26727040
ALRS,2024-09-16,49.99,51.87,49.53,51.36,32463860
ALRS,2024-09-17,51.61,53.34,51.05,53.33,34679460
ALRS,2024-09-18,53.02,53.33,51.52,51.83,29542930
ALRS,2024-09-19,51.84,53.5,51.5,52.19,32140930
ALRS,2024-09-20,52.2,52.98,52.18,52.64,16082980
ALRS,2024-09-23,52.77,54.23,52.73,53.89,38230810
ALRS,2024-09-24,54.0,56.09,53.12,55.82,35721660
ALRS,2024-09-25,55.82,55.99,54.3,54.64,31618170
ALRS,2024-09-26,54.63,54.99,53.65,54.64,15732360
ALRS,2024-09-27,54.74,55.46,54.18,55.27,12337840
ALRS,2024-09-30,55.47,56.8,53.86,54.09,36126220
ALRS,2024-10-01,54.16,54.65,53.5,54.44,20741130
ALRS,2024-10-02,54.44,54.99,52.5,53.37,21295690
ALRS,2024-10-03,53.3,54.47,52.52,54.29,18270710
ALRS,2024-10-04,54.29,54.72,53.76,54.52,11808120
ALRS,2024-10-07,54.63,54.99,53.52,54.06,12049750
ALRS,2024-10-08,54.1,54.12,53.05,53.7,10013920
ALRS,2024-10-09,53.71,54.41,53.37,54.13,12343710
ALRS,2024-10-10,54.15,54.79,53.53,53.89,7410120
ALRS,2024-10-11,53.89,53.97,52.63,53.0,13201910
ALRS,2024-10-14,52.97,55.33,52.31,55.23,32703480
ALRS,2024-10-15,54.85,55.66,54.79,55.06,18941420
ALRS,2024-10-16,55.17,55.31,54.71,54.97,13995360
ALRS,2024-10-17,54.95,55.24,53.8,54.15,20781630
ALRS,2024-10-18,51.53,53.27,51.14,52.2,33804000
ALRS,2024-10-21,52.2,52.84,51.8,52.3,13594990
ALRS,2024-10-22,52.3,52.48,50.51,50.78,20674570
ALRS,2024-10-23,50.68,51.56,50.0,50.25,18203030
ALRS,2024-10-24,50.2,50.54,49.55,50.01,20627440
ALRS,2024-10-25,50.06,51.0,48.51,48.92,19733810
ALRS,2024-10-28,48.69,48.92,46.24,47.34,22390000
ALRS,2024-10-29,47.33,48.35,46.45,47.81,27782030
ALRS,2024-10-30,47.87,48.94,46.96,47.2,23273320
ALRS,2024-10-31,47.18,47.9,46.3,47.24,17632120
ALRS,2024-11-01,47.29,48.64,47.07,48.62,16980690
ALRS,2024-11-02,48.62,48.88,47.66,48.41,14074120
ALRS,2024-11-05,48.59,48.68,47.8,48.54,14190670
ALRS,2024-11-06,49.54,51.71,49.52,50.84,48667360
ALRS,2024-11-07,50.74,52.23,50.2,52.0,25637260
ALRS,2024-11-08,52.13,53.14,51.71,52.92,22960970
ALRS,2024-11-11,53.5,53.75,52.76,53.06,19700750
ALRS,2024-11-12,52.95,52.98,51.44,51.9,17222690
ALRS,2024-11-13,51.85,52.7,51.12,51.24,13928130
ALRS,2024-11-14,51.24,51.84,50.7,51.34,12288510
ALRS,2024-11-15,51.45,53.43,51.22,53.22,19846200
ALRS,2024-11-18,52.06,53.2,52.0,52.4,16890540
ALRS,2024-11-19,52.05,52.75,50.5,50.88,19646150
ALRS,2024-11-20,50.9,51.22,49.25,49.88,23792290
ALRS,2024-11-21,49.74,50.33,48.33,49.74,33251090
ALRS,2024-11-22,49.74,50.04,48.84,49.55,13749200
ALRS,2024-11-25,49.28,49.63,46.79,47.21,25751680
ALRS,2024-11-26,47.21,48.53,45.6,46.03,43237050
ALRS,2024-11-27,46.42,49.12,45.0,49.07,52190910
ALRS,2024-11-28,49.31,50.53,48.06,50.24,26924350
ALRS,2024-11-29,50.0,50.69,49.0,49.54,19000470
ALRS,2024-12-02,49.8,50.25,48.63,48.86,15478570
ALRS,2024-12-03,48.8,48.92,47.41,47.5,14029840
ALRS,2024-12-04,47.45,49.1,46.21,46.5,29885390
ALRS,2024-12-05,46.6,48.6,46.1,48.07,27771440
ALRS,2024-12-06,48.3,49.75,47.47,49.46,24944990
ALRS,2024-12-09,49.8,50.19,49.12,49.45,17177570
ALRS,2024-12-10,49.55,49.55,47.61,47.62,16483430
ALRS,2024-12-11,47.49,48.5,47.03,48.46,15961890
ALRS,2024-12-12,48.4,48.41,47.31,47.73,14658390
ALRS,2024-12-13,47.6,47.68,46.6,46.79,17403390
ALRS,2024-12-16,46.6,46.69,45.1,45.6,22283850
ALRS,2024-12-17,45.5,46.03,45.19,45.94,16548000
ALRS,2024-12-18,46.0,46.5,45.65,46.37,17514430
ALRS,2024-12-19,46.25,47.27,46.01,46.87,27368260
ALRS,2024-12-20,46.87,50.99,46.5,50.88,42664560
ALRS,2024-12-23,51.65,52.99,51.12,52.3,35811450
ALRS,2024-12-24,52.3,53.32,50.86,52.98,31525300
ALRS,2024-12-25,52.97,53.5,52.0,52.96,33303240
ALRS,2024-12-26,53.3,54.65,52.85,54.0,40273350
ALRS,2024-12-27,54.05,54.86,53.83,54.69,23726870
ALRS,2024-12-28,54.73,56.44,54.7,56.42,38161620
ALRS,2024-12-30,56.5,58.0,56.43,57.86,19764580
ALRS,2025-01-03,58.35,58.35,55.07,56.05,15094480
ALRS,2025-01-06,56.04,56.04,54.55,55.19,12579210
ALRS,2025-01-08,55.0,56.63,54.8,56.55,9027020
ALRS,2025-01-09,56.55,56.98,54.32,54.66,18585490
ALRS,2025-01-10,54.7,57.2,54.67,57.0,23926940
ALRS,2025-01-13,57.3,59.3,57.25,58.03,32176680
ALRS,2025-01-14,58.1,58.37,57.24,58.0,14334070
ALRS,2025-01-15,58.01,58.32,57.11,58.08,17273240
ALRS,2025-01-16,58.5,58.97,57.36,58.5,24745970
ALRS,2025-01-17,58.5,58.75,57.5,58.26,24828930
ALRS,2025-01-20,58.7,58.88,56.02,56.11,35335290
ALRS,2025-01-21,56.15,56.62,55.67,56.51,15791370
ALRS,2025-01-22,56.61,57.51,55.31,55.92,27352430
ALRS,2025-01-23,55.9,56.04,54.37,55.0,30918040
ALRS,2025-01-24,55.11,55.37,54.58,54.83,23656700
ALRS,2025-01-27,54.9,55.39,54.02,54.96,20263940
ALRS,2025-01-28,54.98,55.73,54.2,55.49,32308090
ALRS,2025-01-29,55.5,56.28,54.8,55.21,23020630
ALRS,2025-01-30,55.14,57.37,55.14,57.07,27476860
ALRS,2025-01-31,57.07,58.4,56.5,56.86,32852670
ALRS,2025-02-03,57.03,57.27,55.27,56.11,16227160
ALRS,2025-02-04,56.12,56.68,54.38,54.51,15725230
ALRS,2025-02-05,54.26,56.58,53.81,56.32,32378500
ALRS,2025-02-06,56.53,57.29,55.77,57.01,18931020
ALRS,2025-02-07,57.05,57.89,56.25,56.76,20893230
ALRS,2025-02-10,56.93,58.89,56.9,57.8,30448820
ALRS,2025-02-11,57.75,58.47,56.54,57.95,20339850
ALRS,2025-02-12,57.73,61.16,57.55,60.97,56589200
ALRS,2025-02-13,61.4,63.58,59.11,61.18,80122420
ALRS,2025-02-14,61.2,63.21,60.22,61.23,47489170
ALRS,2025-02-17,62.2,64.22,61.92,64.12,38483750
ALRS,2025-02-18,64.25,64.4,61.15,61.7,46485410
ALRS,2025-02-19,61.6,63.3,61.1,62.72,17417550
ALRS,2025-02-20,63.0,63.27,62.31,62.77,12162770
ALRS,2025-02-21,62.78,63.79,61.74,62.62,20594320
ALRS,2025-02-24,62.7,64.99,62.42,64.77,20509690
ALRS,2025-02-25,64.82,65.48,62.81,63.45,35063370
ALRS,2025-02-26,63.29,64.08,60.76,61.14,27470140
ALRS,2025-02-27,60.79,61.71,58.72,58.74,48224300
ALRS,2025-02-28,58.79,62.16,58.25,61.76,73351400
ALRS,2025-03-03,61.76,61.88,59.01,60.35,35247700
ALRS,2025-03-04,60.5,63.0,60.35,61.42,34048860
ALRS,2025-03-05,61.82,62.38,59.8,60.13,21737850
ALRS,2025-03-06,60.15,61.15,59.77,60.47,14017680
ALRS,2025-03-07,60.5,61.9,59.4,60.32,18670370
ALRS,2025-03-10,60.76,62.16,60.3,61.3,15677640
ALRS,2025-03-11,61.23,61.65,59.2,59.51,36870570
ALRS,2025-03-12,59.52,60.35,58.8,59.79,21571360
ALRS,2025-03-13,59.8,60.61,58.32,59.75,26486650
ALRS,2025-03-14,59.35,60.35,59.11,60.18,13205890
ALRS,2025-03-17,60.18,61.5,60.07,61.15,17063830
ALRS,2025-03-18,61.24,62.45,59.67,60.57,33470770
ALRS,2025-03-19,60.27,60.95,59.36,60.6,16250130
ALRS,2025-03-20,60.54,61.04,58.92,59.31,23592130
ALRS,2025-03-21,59.36,60.06,58.6,58.89,15400810
ALRS,2025-03-24,58.81,58.93,56.04,56.4,28335200
ALRS,2025-03-25,56.57,57.8,56.5,57.46,16428550
ALRS,2025-03-26,57.79,57.9,56.51,56.63,8828200
ALRS,2025-03-27,56.35,56.6,55.21,55.32,16226730
ALRS,2025-03-28,55.32,55.43,54.24,54.66,20078140
ALRS,2025-03-31,54.99,55.15,53.07,54.34,20725810
ALRS,2025-04-01,54.34,54.98,51.84,52.08,23211360
ALRS,2025-04-02,51.92,52.96,51.62,52.58,21944950
ALRS,2025-04-03,52.93,53.08,49.62,50.8,22512940
ALRS,2025-04-04,51.04,51.32,48.7,48.81,28259170
ALRS,2025-04-07,48.81,49.98,45.6,48.17,42741280
ALRS,2025-04-08,48.16,49.27,46.24,46.33,39780370
ALRS,2025-04-09,46.33,48.32,44.73,48.21,44527790
ALRS,2025-04-10,48.44,48.85,47.31,48.18,21708670
ALRS,2025-04-11,48.2,49.79,48.05,49.03,20693370
ALRS,2025-04-14,49.27,50.33,48.15,48.44,28873460
ALRS,2025-04-15,48.42,49.27,48.25,48.97,15293730
ALRS,2025-04-16,48.8,50.19,48.1,49.48,32774570
ALRS,2025-04-17,49.47,52.46,49.4,52.33,50162540
ALRS,2025-04-18,51.95,52.24,50.33,50.4,28786670
ALRS,2025-04-21,50.82,51.59,50.64,51.06,9057910
ALRS,2025-04-22,51.33,52.49,50.61,52.07,17663180
ALRS,2025-04-23,52.3,52.36,49.86,50.84,20752290
ALRS,2025-04-24,50.84,51.33,50.32,50.43,11130740
ALRS,2025-04-25,50.44,51.9,50.44,51.5,11399730
ALRS,2025-04-28,51.71,52.49,50.66,51.39,20979410
ALRS,2025-04-29,51.59,51.59,49.11,49.19,22439710
ALRS,2025-04-30,49.2,50.28,48.48,50.1,21773200
ALRS,2025-05-02,50.45,50.45,48.14,48.15,8077230
ALRS,2025-05-05,47.78,48.61,46.65,47.49,14760390
ALRS,2025-05-06,47.49,48.38,46.9,47.76,9926450
ALRS,2025-05-07,47.58,48.34,47.45,48.07,6822240
ALRS,2025-05-08,48.07,49.16,48.07,48.54,5933780
ALRS,2025-05-12,48.88,50.21,48.54,49.83,9847180
ALRS,2025-05-13,50.0,50.0,49.19,49.58,5086820
ALRS,2025-05-14,49.59,50.0,48.56,48.64,5668210
ALRS,2025-05-15,48.26,49.05,47.62,48.26,7815260
ALRS,2025-05-16,48.33,48.77,47.21,48.25,8242320
ALRS,2025-05-19,48.25,49.16,47.73,48.08,7873260
ALRS,2025-05-20,48.18,48.29,47.1,47.46,8210710
ALRS,2025-05-21,47.47,47.74,46.92,47.34,8383480
ALRS,2025-05-22,47.29,47.45,46.18,46.65,10493450
ALRS,2025-05-23,46.65,46.85,45.73,45.98,7875630
ALRS,2025-05-26,45.98,46.12,44.08,44.48,16782720
ALRS,2025-05-27,44.47,45.35,43.78,44.6,22321090
ALRS,2025-05-28,44.78,46.46,44.66,46.03,13684090
ALRS,2025-05-29,46.0,46.94,45.66,45.89,11453060
ALRS,2025-05-30,45.98,46.7,45.47,46.03,7755810
ALRS,2025-06-02,46.25,46.74,44.7,46.69,12934090
ALRS,2025-06-03,46.97,47.88,46.76,47.62,8462000
ALRS,2025-06-04,47.82,49.75,47.64,48.56,22689890
ALRS,2025-06-05,48.56,49.03,47.92,48.37,9338560
ALRS,2025-06-06,48.37,49.6,46.71,46.76,15668050
ALRS,2025-06-09,46.6,47.11,45.37,45.9,8830460
ALRS,2025-06-10,46.0,46.3,45.1,45.38,7420830
ALRS,2025-06-11,45.38,46.58,45.11,46.07,12408870
ALRS,2025-06-13,46.95,46.95,45.02,45.27,9717430
ALRS,2025-06-16,45.09,45.74,44.51,44.65,12880480
ALRS,2025-06-17,44.6,45.64,44.21,45.33,13296060
ALRS,2025-06-18,45.59,46.13,45.14,45.19,8815610
ALRS,2025-06-19,45.25,45.6,44.73,45.08,10169730
ALRS,2025-06-20,45.19,45.37,44.56,44.65,7008250
ALRS,2025-06-23,44.65,44.9,44.27,44.48,8051130
ALRS,2025-06-24,44.51,45.49,44.33,45.3,9212430
ALRS,2025-06-25,45.31,45.96,44.96,45.67,13483430
ALRS,2025-06-26,45.67,46.32,45.34,45.88,7796980
ALRS,2025-06-27,45.97,46.93,45.58,46.57,10618200
ALRS,2025-06-30,46.5,48.5,46.2,47.94,27701560
ALRS,2025-07-01,47.9,48.38,47.38,47.75,12326630
ALRS,2025-07-02,47.75,48.29,47.41,47.54,10709110
ALRS,2025-07-03,47.5,48.2,46.61,46.61,10341740
ALRS,2025-07-04,46.66,46.98,46.02,46.25,7449190
ALRS,2025-07-07,46.21,46.4,45.31,45.31,5455350
ALRS,2025-07-08,45.25,45.66,44.83,44.98,7749730
ALRS,2025-07-09,44.98,45.24,44.6,45.04,5999710
ALRS,2025-07-10,45.1,45.78,44.95,45.15,9664560
ALRS,2025-07-11,45.16,45.29,43.76,43.82,9470830
ALRS,2025-07-14,43.82,45.21,42.89,45.1,17008060
ALRS,2025-07-15,45.31,45.51,44.85,44.88,6723900
ALRS,2025-07-16,44.88,46.47,44.64,46.23,16721940
ALRS,2025-07-17,46.34,46.44,45.04,45.1,10092720
ALRS,2025-07-18,45.1,46.7,44.89,46.55,11593790
ALRS,2025-07-21,46.82,47.92,46.3,47.69,21679720
ALRS,2025-07-22,47.78,47.91,47.05,47.78,8137550
ALRS,2025-07-23,47.97,48.34,47.15,47.36,12091360
ALRS,2025-07-24,47.36,47.77,46.0,46.37,14965040
ALRS,2025-07-25,46.4,46.49,45.03,45.42,12746870
ALRS,2025-07-28,45.42,46.2,44.81,45.01,18923010
ALRS,2025-07-29,44.93,45.77,44.93,45.3,6250290
ALRS,2025-07-30,45.37,46.07,45.11,45.74,7192300
ALRS,2025-07-31,45.75,46.34,45.64,45.78,5327390
ALRS,2025-08-01,45.8,46.9,44.86,45.2,15112180
ALRS,2025-08-04,45.21,45.83,45.08,45.73,5946880
ALRS,2025-08-05,45.79,46.29,45.33,45.73,10210700
ALRS,2025-08-06,45.89,47.03,45.16,46.35,12167680
ALRS,2025-08-07,46.35,47.9,45.95,47.22,17714670
ALRS,2025-08-08,47.4,48.25,46.97,48.25,11496630
ALRS,2025-08-11,48.53,49.13,47.74,48.14,16461170
ALRS,2025-08-12,48.14,49.64,47.41,49.53,30468180
ALRS,2025-08-13,49.6,49.87,48.14,48.26,23657160
ALRS,2025-08-14,48.51,48.89,47.6,48.76,11088070
ALRS,2025-08-15,48.9,49.58,48.61,49.15,11141470
ALRS,2025-08-18,48.53,49.09,47.9,48.82,14017900
ALRS,2025-08-19,49.03,50.16,48.96,49.06,20313040
ALRS,2025-08-20,49.24,49.48,48.4,48.53,6491640
ALRS,2025-08-21,48.51,48.71,46.95,47.09,10518170
ALRS,2025-08-22,47.1,48.45,46.7,48.27,13438110
ALRS,2025-08-25,48.39,48.4,46.82,47.25,7520850
ALRS,2025-08-26,47.25,47.76,47.0,47.37,4739660
ALRS,2025-08-27,47.4,49.99,47.31,49.28,64989800
ALRS,2025-08-28,49.27,49.42,47.33,47.7,34642920
ALRS,2025-08-29,47.75,48.12,46.92,46.98,20009620
ALRS,2025-09-01,46.98,47.38,45.86,46.01,25159220
ALRS,2025-09-02,46.0,46.45,45.07,45.73,20070280
ALRS,2025-09-03,45.75,46.11,45.3,46.01,15291370
ALRS,2025-09-04,46.13,46.47,45.86,46.28,9291020
ALRS,2025-09-05,46.36,47.14,46.24,47.04,14289150
ALRS,2025-09-08,47.1,47.57,46.86,47.39,8930660
ALRS,2025-09-09,47.39,47.75,47.23,47.65,6946000
ALRS,2025-09-10,47.7,47.74,47.07,47.17,8123520
ALRS,2025-09-11,47.13,48.18,46.66,47.84,13198480
ALRS,2025-09-12,47.86,48.58,45.8,46.0,16112310
ALRS,2025-09-15,46.1,46.23,45.42,45.57,11103560
ALRS,2025-09-16,45.6,46.17,45.16,45.75,10636760
ALRS,2025-09-17,45.9,46.78,45.56,46.45,13707980
ALRS,2025-09-18,46.5,46.67,44.9,45.36,20353900
ALRS,2025-09-19,45.27,45.42,44.5,44.69,11178660
ALRS,2025-09-22,44.6,44.82,43.87,44.4,10579140
ALRS,2025-09-23,44.59,45.08,43.55,43.81,16026320
ALRS,2025-09-24,43.81,44.47,43.51,44.36,9194750
ALRS,2025-09-25,44.4,44.59,43.84,44.0,5787990
ALRS,2025-09-26,44.0,44.73,43.83,44.33,6886300
ALRS,2025-09-29,44.42,45.41,43.51,43.61,15108480
ALRS,2025-09-30,43.7,43.84,42.53,42.96,15127000
ALRS,2025-10-01,42.96,43.35,42.17,42.39,11368210
ALRS,2025-10-02,42.28,42.48,41.3,41.59,11111200
ALRS,2025-10-03,41.51,42.27,40.88,40.96,12223210
ALRS,2025-10-06,41.23,42.0,40.36,41.75,14910570
ALRS,2025-10-07,41.7,42.54,41.57,41.94,6443430
ALRS,2025-10-08,41.95,42.17,39.52,40.05,16461030
ALRS,2025-10-09,40.27,41.65,38.63,41.24,22902440
ALRS,2025-10-10,41.24,42.06,40.03,40.2,8728880
ALRS,2025-10-13,40.07,40.94,39.75,40.45,11842880
ALRS,2025-10-14,40.46,40.86,39.75,40.43,5505510
ALRS,2025-10-15,40.38,40.57,39.76,40.05,5965770
ALRS,2025-10-16,39.82,42.24,39.46,42.24,18599990
ALRS,2025-10-17,42.5,42.6,41.56,42.17,9810710
ALRS,2025-10-20,42.2,43.16,42.2,42.64,7519060
ALRS,2025-10-21,42.64,42.71,40.7,41.16,11506750
ALRS,2025-10-22,41.34,41.49,40.12,40.62,6662710
ALRS,2025-10-23,40.0,40.21,39.59,39.92,6885740
ALRS,2025-10-24,39.96,40.57,39.3,39.5,9324530
ALRS,2025-10-27,39.64,39.68,38.52,38.67,7907040
ALRS,2025-10-28,38.65,39.59,38.35,38.82,11689840
ALRS,2025-10-29,38.92,39.49,38.72,39.12,6132690
ALRS,2025-10-30,39.15,39.84,39.01,39.71,7388140
ALRS,2025-10-31,39.66,39.93,38.86,39.17,6252850
ALRS,2025-11-01,39.22,39.35,39.13,39.23,1452660
ALRS,2025-11-03,39.27,39.82,39.27,39.69,2329260
ALRS,2025-11-05,39.65,39.86,39.29,39.43,5472520
ALRS,2025-11-06,39.43,39.61,39.08,39.51,4875930
ALRS,2025-11-07,39.43,40.2,39.35,39.75,8955250
ALRS,2025-11-10,39.75,40.37,39.22,39.39,10293430
ALRS,2025-11-11,39.39,39.9,39.21,39.72,6961960
ALRS,2025-11-12,39.73,39.91,38.92,39.11,8027010
ALRS,2025-11-13,39.1,39.25,38.75,38.89,6375770
ALRS,2025-11-14,38.89,39.0,38.06,38.38,9907860
ALRS,2025-11-17,38.5,38.54,37.8,37.82,9894100
ALRS,2025-11-18,37.85,38.62,37.72,38.08,21584530
ALRS,2025-11-19,38.14,39.6,38.09,39.19,24275510
ALRS,2025-11-20,39.19,39.84,38.5,39.77,16448670
ALRS,2025-11-21,39.77,39.93,38.87,39.44,14287010
ALRS,2025-11-24,40.1,40.28,39.0,39.3,13326320
ALRS,2025-11-25,39.3,39.79,39.03,39.57,12818660
ALRS,2025-11-26,39.7,39.71,39.06,39.18,4440960
ALRS,2025-11-27,39.18,39.57,38.84,38.99,9819890
ALRS,2025-11-28,39.07,39.95,38.91,39.73,8247650
ALRS,2025-12-01,39.71,40.11,39.41,39.55,10539410
ALRS,2025-12-02,39.69,39.91,39.21,39.58,9105270
ALRS,2025-12-03,39.33,39.58,39.07,39.55,8170240
ALRS,2025-12-04,39.6,39.98,39.55,39.64,6709720
ALRS,2025-12-05,39.6,41.53,39.43,41.47,39329340
ALRS,2025-12-08,41.39,41.65,40.55,40.69,20893490
ALRS,2025-12-09,40.71,41.41,40.62,41.2,9389060
ALRS,2025-12-10,41.08,41.33,40.85,41.01,5462240
ALRS,2025-12-11,41.3,41.84,40.74,41.31,19203580
ALRS,2025-12-12,41.31,41.63,40.06,40.11,12136300
ALRS,2025-12-15,40.19,40.69,39.89,40.51,10866590
ALRS,2025-12-16,40.56,41.76,40.44,41.36,18376910
ALRS,2025-12-17,41.4,42.64,41.4,42.02,24211680
ALRS,2025-12-18,42.04,43.71,41.95,43.51,34325760
ALRS,2025-12-19,43.65,43.72,42.9,43.19,21393450
ALRS,2025-12-22,43.19,43.29,41.74,41.95,17296650
ALRS,2025-12-23,41.94,42.35,41.55,42.13,8989720
ALRS,2025-12-24,42.12,42.78,41.95,42.36,12067250
ALRS,2025-12-25,42.35,42.98,42.12,42.34,12305360
ALRS,2025-12-26,42.48,43.29,42.29,43.0,13315990
ALRS,2025-12-29,43.07,43.53,41.0,41.56,33135410
ALRS,2025-12-30,41.56,41.87,41.12,41.38,8774410
ALRS,2026-01-05,41.27,41.64,40.62,40.72,5670400
ALRS,2026-01-06,40.78,41.1,40.6,40.68,4759280
ALRS,2026-01-08,40.5,40.97,40.4,40.68,4450980
ALRS,2026-01-09,40.71,41.35,40.68,40.99,3556470
ALRS,2026-01-12,40.99,41.92,40.97,41.72,10288590
ALRS,2026-01-13,41.65,42.04,40.49,40.58,10936110
ALRS,2026-01-14,40.6,41.19,40.12,40.59,10576050
ALRS,2026-01-15,40.56,41.19,40.4,40.75,8418660
ALRS,2026-01-16,40.9,41.66,40.81,41.43,7622330
ALRS,2026-01-19,41.55,42.88,41.3,42.29,17764430
ALRS,2026-01-20,42.31,42.58,41.82,42.27,6354550
ALRS,2026-01-21,42.29,42.65,41.85,42.37,12205120
ALRS,2026-01-22,42.4,42.75,41.84,42.16,9682600
ALRS,2026-01-23,42.09,42.26,41.63,41.91,7390060
ALRS,2026-01-26,41.91,42.17,40.9,41.08,15336320
ALRS,2026-01-27,41.2,41.97,41.01,41.85,10690500
ALRS,2026-01-28,41.97,42.42,41.6,41.73,14143130
ALRS,2026-01-29,41.87,42.98,41.64,42.17,30541730
ALRS,2026-01-30,42.16,42.45,41.22,41.32,13214720
ALRS,2026-02-02,41.32,41.78,41.07,41.67,10249650
ALRS,2026-02-03,41.74,41.81,41.37,41.54,7095280
ALRS,2026-02-04,41.54,42.05,41.08,41.28,11462560
ALRS,2026-02-05,41.22,41.33,40.51,40.88,9728550
ALRS,2026-02-06,40.88,41.18,40.37,40.57,7629290
ALRS,2026-02-09,40.57,40.7,40.11,40.29,6724120
ALRS,2026-02-10,40.27,40.46,39.6,39.69,9139080
ALRS,2026-02-11,39.8,40.7,39.71,40.47,11292770
ALRS,2026-02-12,40.34,41.11,40.27,40.59,6824150
ALRS,2026-02-13,40.63,41.04,40.11,40.87,9335820
ALRS,2026-02-16,40.87,41.19,40.29,40.44,10045860
ALRS,2026-02-17,40.4,40.61,39.92,40.1,10657300
ALRS,2026-02-18,40.1,40.47,39.95,40.44,9518380
ALRS,2026-02-19,40.48,40.7,39.96,40.01,8706980
ALRS,2026-02-20,40.09,40.34,39.9,40.06,5102740
ALRS,2026-02-24,40.07,40.28,39.5,39.52,14170090
ALRS,2026-02-25,39.52,40.2,39.52,40.18,10320030
ALRS,2026-02-26,40.19,40.39,39.73,39.93,6419130
ALRS,2026-02-27,39.93,40.37,39.74,40.22,8651540
ALRS,2026-03-02,40.22,40.3,39.5,39.68,22805910
ALRS,2026-03-03,39.7,39.87,39.01,39.02,15577740
ALRS,2026-03-04,39.04,39.77,39.03,39.4,9824550
ALRS,2026-03-05,39.32,39.75,39.22,39.36,6526520
ALRS,2026-03-06,39.4,39.55,39.07,39.22,6021740
ALRS,2026-03-09,39.31,39.55,38.83,39.15,10917550
ALRS,2026-03-10,39.2,39.48,38.63,38.87,14628130
ALRS,2026-03-11,38.87,39.1,38.41,38.56,10774900
ALRS,2026-03-12,38.56,38.85,37.95,38.17,20780880
ALRS,2026-03-13,38.17,38.67,38.04,38.14,11032770
ALRS,2026-03-16,38.19,38.44,37.95,38.12,13383230
ALRS,2026-03-17,38.03,38.19,37.75,37.9,13267000
ALRS,2026-03-18,37.85,38.83,37.59,38.54,22283340
ALRS,2026-03-19,38.53,38.71,38.11,38.43,19634870
ALRS,2026-03-20,38.52,38.54,37.68,37.75,13108140
ALRS,2026-03-23,37.87,37.88,37.05,37.29,18222560
ALRS,2026-03-24,37.38,37.54,36.94,37.21,7178300
ALRS,2026-03-25,37.18,37.37,36.4,36.64,19704770
ALRS,2026-03-26,36.74,36.78,35.85,35.96,19342260
ALRS,2026-03-27,35.9,36.08,35.41,35.44,18993900
ALRS,2026-03-30,35.5,35.95,34.78,34.82,34128550
ALRS,2026-03-31,34.9,34.98,33.92,34.28,28329020
ALRS,2026-04-01,34.28,34.59,33.84,34.42,22446580
ALRS,2026-04-02,34.4,34.59,33.64,33.72,29540890
ALRS,2026-04-03,33.72,33.98,33.1,33.14,25842060
ALRS,2026-04-06,33.2,34.28,33.08,34.0,41224530
ALRS,2026-04-07,34.0,34.23,33.36,33.44,18616370
ALRS,2026-04-08,33.55,34.05,33.12,33.26,19830530
ALRS,2026-04-09,33.36,33.7,33.15,33.63,18024100
ALRS,2026-04-10,33.71,33.84,33.2,33.25,14011370
ALRS,2026-04-13,33.3,33.47,31.57,31.99,63777220
ALRS,2026-04-14,31.94,32.56,31.6,31.85,46747530
ALRS,2026-04-15,31.85,32.81,31.85,32.7,25235170
ALRS,2026-04-16,32.78,32.78,32.26,32.35,15710270
ALRS,2026-04-17,32.37,32.73,31.58,31.68,25569750
ALRS,2026-04-20,31.84,31.95,31.15,31.24,23709430
ALRS,2026-04-21,31.24,31.39,30.56,30.8,29715310
ALRS,2026-04-22,30.84,31.59,30.66,31.31,30033140
ALRS,2026-04-23,31.44,31.66,31.11,31.16,21220360
ALRS,2026-04-24,31.19,31.25,29.72,29.96,51438530
ALRS,2026-04-27,29.96,30.02,29.12,29.25,41086560
ALRS,2026-04-28,29.27,29.62,28.5,28.55,42810750
ALRS,2026-04-29,28.49,28.83,27.05,27.75,69413060
ALRS,2026-04-30,27.75,28.59,26.81,28.19,80857990
ALRS,2026-05-04,28.16,28.66,27.51,27.76,41754040
ALRS,2026-05-05,27.8,28.25,27.01,28.18,44642540
ALRS,2026-05-06,28.26,28.78,27.87,28.36,64078850
ALRS,2026-05-07,28.24,29.26,28.06,28.2,47309740
ALRS,2026-05-08,28.2,28.58,27.65,28.24,30576220
ALRS,2026-05-11,28.6,28.75,28.28,28.63,11527110
ALRS,2026-05-12,28.71,29.14,28.37,28.98,23422660
ALRS,2026-05-13,28.99,29.19,28.45,28.71,17441210
ALRS,2026-05-14,28.7,28.81,28.02,28.08,19399860
ALRS,2026-05-15,28.02,28.24,27.45,27.5,18808800
ALRS,2026-05-18,27.54,27.77,27.24,27.63,29690240
ALRS,2026-05-19,27.64,28.12,27.6,27.72,22297540
ALRS,2026-05-20,27.72,27.8,27.27,27.28,14317460
ALRS,2026-05-21,27.28,27.56,26.7,27.25,29758540
ALRS,2026-05-22,27.25,27.66,26.75,26.85,20474800
ALRS,2026-05-25,26.85,27.09,26.46,26.72,25832220
ALRS,2026-05-26,26.76,26.85,26.27,26.4,20155920
ALRS,2026-05-27,26.45,26.7,26.12,26.32,21124020
ALRS,2026-05-28,26.35,26.75,25.55,25.57,30686320
ALRS,2026-05-29,25.71,25.76,24.34,24.35,43074540
ALRS,2026-06-01,24.42,25.2,24.25,25.14,46931440
ALRS,2026-06-02,25.14,26.07,25.06,25.87,42655970
ALRS,2026-06-03,25.93,26.04,24.91,24.96,34487980
ALRS,2026-06-04,24.96,25.39,24.96,25.38,19954710
ALRS,2026-06-05,25.3,25.41,24.72,24.81,16690180
ALRS,2026-06-08,24.77,24.98,23.85,23.94,28006740
ALRS,2026-06-09,23.96,24.04,22.9,23.86,80418570
ALRS,2026-06-10,23.8,24.14,22.85,23.45,74311930
ALRS,2026-06-11,23.5,23.76,23.15,23.31,23189460
ALRS,2026-06-15,23.37,24.87,23.27,24.7,76673190
ALRS,2026-06-16,24.7,25.77,24.06,25.72,130726230
ALRS,2026-06-17,25.75,26.56,25.22,26.21,113458050
ALRS,2026-06-18,26.25,26.3,25.23,25.38,75828530
ALRS,2026-06-19,25.3,25.77,24.21,24.3,82954080
ALRS,2026-06-22,24.3,24.45,21.85,22.15,131146050
ALRS,2026-06-23,22.15,23.0,21.8,22.74,66109120
ALRS,2026-06-24,22.74,22.95,21.42,21.94,51003880
ALRS,2026-06-25,21.89,22.39,20.79,20.9,83241430
ALRS,2026-06-26,20.98,22.19,20.0,20.54,149261840
ALRS,2026-06-29,20.55,21.49,20.25,21.33,62810520
ALRS,2026-06-30,21.33,21.92,21.1,21.3,49840660
ALRS,2026-07-01,21.3,21.91,21.05,21.39,34745580
ALRS,2026-07-02,21.39,21.46,20.16,20.18,34996810
ALRS,2026-07-03,20.27,20.69,20.01,20.38,42484970
ALRS,2026-07-06,20.38,20.9,19.5,19.67,68158040
ALRS,2026-07-07,19.68,19.84,18.8,19.79,68564540
ALRS,2026-07-08,19.68,19.99,19.2,19.59,34954240
ALRS,2026-07-09,19.56,19.63,18.82,18.89,25984990
ALRS,2026-07-10,18.89,18.96,18.24,18.28,35987800
ALRS,2026-07-13,18.3,18.69,18.04,18.09,47000960
ALRS,2026-07-14,18.1,18.33,17.71,17.72,36969220
ALRS,2026-07-15,17.72,17.83,16.51,16.56,71500940
ALRS,2026-07-16,16.58,16.6,15.71,16.0,107987470
ALRS,2026-07-17,16.0,16.79,15.98,16.26,78685390
ALRS,2026-07-20,16.4,19.24,16.15,19.24,169654680
ALRS,2026-07-21,19.3,21.64,18.73,21.47,279580250
ALRS,2026-07-22,21.42,21.58,20.52,20.91,119885190
ALRS,2026-07-23,20.73,20.97,19.41,19.47,101738130
ALRS,2026-07-24,19.34,20.0,18.42,19.73,159817440
ALRS,2026-07-27,19.89,20.76,19.33,20.51,128176090
ALRS,2026-07-28,20.51,21.19,19.81,20.14,101012490
ALRS,2026-07-29,20.09,20.84,19.95,20.7,67833770
ALRS,2026-07-30,20.71,22.1,20.5,20.8,190677410
ALRS,2026-07-31,20.8,20.95,20.16,20.6,74906160
ALRS,2026-08-03,20.5,21.5,20.46,21.47,50694050
ALRS,2026-08-04,21.5,22.8,21.01,22.37,126612500
ALRS,2026-08-05,22.37,23.39,22.3,23.27,112872500
ALRS,2026-08-06,23.27,23.75,22.46,22.8,79364390
ALRS,2026-08-07,22.7,23.23,21.6,21.67,75486020
ALRS,2026-08-10,21.79,22.48,21.54,22.35,78202780
ALRS,2026-08-11,22.36,22.63,21.71,22.3,57822120
ALRS,2026-08-12,22.3,22.39,21.11,21.27,87146090
ALRS,2026-08-13,21.34,21.34,19.7,19.92,140897050
ALRS,2026-08-14,19.89,20.3,18.73,19.04,120285030
