symbol,date,open,high,low,close,volume
CHMF,2014-06-09,297.0,305.0,295.0,296.5,1814130
CHMF,2014-06-10,297.5,297.5,291.1,293.4,963070
CHMF,2014-06-11,293.2,296.7,290.0,292.5,816920
CHMF,2014-06-16,290.1,290.9,282.7,285.4,2377230
CHMF,2014-06-17,285.4,291.2,284.6,286.5,1404850
CHMF,2014-06-18,288.3,293.9,286.1,291.9,1498790
CHMF,2014-06-19,295.0,298.0,291.3,294.0,1929690
CHMF,2014-06-20,290.0,290.3,285.3,286.2,1563870
CHMF,2014-06-23,287.0,290.0,284.1,285.1,835640
CHMF,2014-06-24,285.4,293.3,285.4,291.8,1505130
CHMF,2014-06-25,289.8,292.8,284.3,284.5,1271190
CHMF,2014-06-26,285.9,286.2,278.3,280.1,1590760
CHMF,2014-06-27,280.1,283.0,276.8,280.6,1078620
CHMF,2014-06-30,281.2,282.9,276.2,279.0,852750
CHMF,2014-07-01,279.7,279.7,277.1,278.7,951730
CHMF,2014-07-02,279.0,287.3,279.0,285.7,1723250
CHMF,2014-07-03,286.4,289.3,285.2,288.7,1438480
CHMF,2014-07-04,289.0,290.9,282.7,283.4,1222690
CHMF,2014-07-07,283.4,290.7,282.9,289.5,1047450
CHMF,2014-07-08,290.0,295.5,289.6,293.0,2052550
CHMF,2014-07-09,293.0,297.5,289.1,291.4,1979230
CHMF,2014-07-10,293.0,294.1,285.2,287.8,2038120
CHMF,2014-07-11,288.8,292.1,286.0,290.9,1896240
CHMF,2014-07-14,291.2,294.6,289.4,293.5,1101820
CHMF,2014-07-15,294.6,302.0,291.5,298.2,2268850
CHMF,2014-07-16,298.5,305.0,297.6,304.5,1947310
CHMF,2014-07-17,302.1,304.5,296.5,303.9,2094060
CHMF,2014-07-18,299.0,303.2,296.5,302.0,2427550
CHMF,2014-07-21,304.0,309.0,303.0,303.9,3236280
CHMF,2014-07-22,305.8,313.4,305.1,311.7,3155140
CHMF,2014-07-23,311.7,317.0,307.1,310.0,2555900
CHMF,2014-07-24,308.8,312.3,306.2,310.5,1208490
CHMF,2014-07-25,310.0,312.7,307.2,310.1,1218340
CHMF,2014-07-28,307.6,309.5,304.6,307.9,1007900
CHMF,2014-07-29,308.0,321.5,308.0,320.0,2571130
CHMF,2014-07-30,317.0,333.8,316.1,331.3,3445340
CHMF,2014-07-31,330.3,346.2,330.3,343.0,3895730
CHMF,2014-08-01,343.1,347.9,337.4,344.9,2403520
CHMF,2014-08-04,348.9,349.6,339.1,343.1,1383010
CHMF,2014-08-05,343.6,344.8,331.3,333.1,2083260
CHMF,2014-08-06,331.7,335.0,326.3,328.3,2250870
CHMF,2014-08-07,326.4,333.8,325.5,330.7,2181600
CHMF,2014-08-08,330.8,337.0,327.2,334.1,2238850
CHMF,2014-08-11,342.0,343.9,333.0,337.5,2293590
CHMF,2014-08-12,337.5,338.8,332.6,334.1,1177810
CHMF,2014-08-13,334.1,341.7,333.3,338.5,1743830
CHMF,2014-08-14,340.0,345.0,336.6,338.7,1593630
CHMF,2014-08-15,340.0,344.8,337.5,340.0,1119910
CHMF,2014-08-18,341.2,344.4,338.5,343.1,819530
CHMF,2014-08-19,343.5,354.1,342.0,353.9,2129060
CHMF,2014-08-20,354.2,362.6,350.2,362.6,1752000
CHMF,2014-08-21,363.8,370.2,360.5,363.1,1994400
CHMF,2014-08-22,363.1,364.8,355.4,360.5,1408360
CHMF,2014-08-25,359.3,363.0,357.5,359.5,605310
CHMF,2014-08-26,360.4,365.5,358.1,363.8,1151560
CHMF,2014-08-27,365.5,367.2,358.7,359.4,1235990
CHMF,2014-08-28,359.3,359.9,351.2,355.6,1942360
CHMF,2014-08-29,356.6,359.5,352.2,359.5,1022820
CHMF,2014-09-01,362.2,364.5,354.6,358.0,1349900
CHMF,2014-09-02,358.0,360.0,355.3,357.1,698830
CHMF,2014-09-03,357.2,371.8,357.2,371.7,1772540
CHMF,2014-09-04,371.8,374.2,368.3,370.0,1003610
CHMF,2014-09-05,366.8,373.8,364.8,369.0,1213890
CHMF,2014-09-08,366.3,370.9,365.6,366.0,853640
CHMF,2014-09-09,367.2,370.4,365.0,366.1,788840
CHMF,2014-09-10,364.5,365.9,360.6,362.3,1149430
CHMF,2014-09-11,365.3,367.6,361.6,362.2,1108140
CHMF,2014-09-12,362.3,367.9,360.1,366.7,805330
CHMF,2014-09-15,366.0,371.7,363.4,370.7,1331780
CHMF,2014-09-16,358.4,380.6,358.4,378.3,1156870
CHMF,2014-09-17,375.3,384.2,373.1,377.5,1237860
CHMF,2014-09-18,377.5,384.8,376.0,382.0,1087970
CHMF,2014-09-19,380.1,386.0,376.3,383.7,1300980
CHMF,2014-09-22,380.1,385.6,378.0,378.0,966320
CHMF,2014-09-23,379.2,382.5,376.4,380.7,921400
CHMF,2014-09-24,380.9,384.8,379.6,379.6,831700
CHMF,2014-09-25,380.1,383.5,379.5,379.9,590660
CHMF,2014-09-26,379.6,390.7,377.3,390.7,2064040
CHMF,2014-09-29,390.9,396.7,387.9,394.3,1755700
CHMF,2014-09-30,397.0,397.0,388.4,393.5,1629070
CHMF,2014-10-01,391.05,398.95,391.05,393.0,888720
CHMF,2014-10-02,391.1,394.9,389.2,389.55,1191200
CHMF,2014-10-03,392.75,394.0,380.65,380.65,1270660
CHMF,2014-10-06,382.7,389.55,381.1,386.5,1151090
CHMF,2014-10-07,388.8,389.4,382.5,384.95,1033900
CHMF,2014-10-08,383.0,384.75,378.5,380.4,1249660
CHMF,2014-10-09,394.2,394.2,381.0,382.5,689330
CHMF,2014-10-10,382.5,400.0,382.45,400.0,4717910
CHMF,2014-10-13,400.1,414.3,400.1,411.9,2856730
CHMF,2014-10-14,412.05,416.55,409.0,409.0,1212240
CHMF,2014-10-15,408.75,409.6,406.1,406.1,1118770
CHMF,2014-10-16,406.1,412.95,404.3,408.55,1633660
CHMF,2014-10-17,410.8,412.45,408.05,410.15,921210
CHMF,2014-10-20,408.1,417.6,408.1,414.3,2717090
CHMF,2014-10-21,414.75,430.3,413.3,428.9,2553180
CHMF,2014-10-22,430.9,433.9,421.0,421.0,1683390
CHMF,2014-10-23,420.5,424.55,418.0,422.0,1515210
CHMF,2014-10-24,419.9,424.0,419.9,424.0,554850
CHMF,2014-10-27,426.0,431.9,425.3,429.25,1269700
CHMF,2014-10-28,429.25,435.0,427.45,434.85,1409600
CHMF,2014-10-29,436.0,444.45,433.2,443.0,1494720
CHMF,2014-10-30,441.05,449.45,441.0,445.3,2110660
CHMF,2014-10-31,452.0,457.1,445.0,457.1,1933090
CHMF,2014-11-03,455.9,502.6,455.1,473.8,1961190
CHMF,2014-11-05,469.55,489.0,465.0,488.7,2052750
CHMF,2014-11-06,488.6,506.45,488.6,502.5,2414210
CHMF,2014-11-07,507.25,514.6,504.45,508.05,3159290
CHMF,2014-11-10,510.0,514.0,496.15,506.8,2859250
CHMF,2014-11-11,507.0,509.4,493.0,494.95,3525320
CHMF,2014-11-12,496.85,499.0,481.6,487.2,2672150
CHMF,2014-11-13,487.2,494.85,486.2,490.1,1514680
CHMF,2014-11-14,490.85,503.15,489.35,496.0,1891710
CHMF,2014-11-17,495.35,502.5,491.25,493.3,1363000
CHMF,2014-11-18,495.15,500.5,492.25,499.2,1986300
CHMF,2014-11-19,500.0,504.0,497.05,498.0,2317230
CHMF,2014-11-20,498.0,503.65,498.0,501.0,1747550
CHMF,2014-11-21,503.45,525.0,499.4,525.0,2689960
CHMF,2014-11-24,480.0,482.0,447.2,450.4,3711690
CHMF,2014-11-25,446.95,450.45,444.0,446.15,1469230
CHMF,2014-11-26,443.95,447.35,441.2,446.8,1278470
CHMF,2014-11-27,446.3,446.3,440.0,441.0,1332550
CHMF,2014-11-28,440.0,454.8,431.6,454.75,2312120
CHMF,2014-12-01,452.0,491.2,451.15,484.15,3469180
CHMF,2014-12-02,484.0,489.8,476.8,486.6,1834470
CHMF,2014-12-03,486.5,500.0,486.5,497.1,1797860
CHMF,2014-12-04,497.25,502.45,478.8,488.1,2668450
CHMF,2014-12-05,489.95,493.75,470.7,471.5,1213540
CHMF,2014-12-08,471.75,485.0,456.95,467.05,1765680
CHMF,2014-12-09,467.95,490.95,460.55,489.0,1563490
CHMF,2014-12-10,490.7,504.5,488.1,504.5,1929560
CHMF,2014-12-11,501.0,509.5,493.95,498.9,1560850
CHMF,2014-12-12,498.0,524.45,489.15,511.0,2726260
CHMF,2014-12-15,512.7,526.85,512.1,525.85,3011740
CHMF,2014-12-16,518.0,568.0,485.8,530.5,3603790
CHMF,2014-12-17,540.0,550.0,511.0,511.0,2305920
CHMF,2014-12-18,512.0,543.5,491.9,505.15,3068890
CHMF,2014-12-19,505.4,510.0,485.0,490.2,1019160
CHMF,2014-12-22,494.35,502.25,485.15,491.3,1069360
CHMF,2014-12-23,489.55,494.95,467.0,468.8,876990
CHMF,2014-12-24,455.25,489.25,455.25,484.0,708310
CHMF,2014-12-25,490.0,492.9,463.05,472.15,459780
CHMF,2014-12-26,466.15,484.95,466.15,483.45,337780
CHMF,2014-12-29,483.25,509.0,480.0,503.0,885460
CHMF,2014-12-30,502.75,507.2,486.25,501.9,615670
CHMF,2015-01-05,500.15,522.0,499.3,522.0,489850
CHMF,2015-01-06,521.9,556.9,521.75,556.9,1138900
CHMF,2015-01-08,557.0,565.95,542.7,542.7,1173090
CHMF,2015-01-09,542.9,553.95,538.8,548.55,782550
CHMF,2015-01-12,551.55,559.7,547.3,558.45,716080
CHMF,2015-01-13,556.55,589.5,556.55,583.0,1435290
CHMF,2015-01-14,585.05,598.8,577.75,595.0,1285620
CHMF,2015-01-15,595.0,597.85,575.0,577.0,1316660
CHMF,2015-01-16,578.05,589.0,571.2,587.9,692750
CHMF,2015-01-19,588.35,604.6,578.15,589.0,1163090
CHMF,2015-01-20,590.0,597.25,580.0,586.9,841460
CHMF,2015-01-21,586.7,595.95,586.3,592.0,580840
CHMF,2015-01-22,591.55,601.35,590.1,599.5,1114280
CHMF,2015-01-23,600.0,611.0,578.3,587.0,1259680
CHMF,2015-01-26,587.1,618.4,580.0,616.15,1409650
CHMF,2015-01-27,615.0,642.95,612.1,632.5,2119350
CHMF,2015-01-28,639.5,647.05,625.15,630.85,1055380
CHMF,2015-01-29,630.9,656.4,628.0,634.2,1072220
CHMF,2015-01-30,639.0,652.0,633.75,642.35,1104810
CHMF,2015-02-02,640.0,650.9,630.6,645.9,880520
CHMF,2015-02-03,646.0,649.95,626.05,632.0,1094750
CHMF,2015-02-04,633.0,656.0,626.95,656.0,1303910
CHMF,2015-02-05,656.45,669.3,652.0,663.4,1391630
CHMF,2015-02-06,663.4,705.0,657.45,701.2,1675470
CHMF,2015-02-09,704.6,709.45,691.7,696.0,1529970
CHMF,2015-02-10,693.3,695.3,684.0,688.0,876060
CHMF,2015-02-11,692.65,701.55,688.65,695.0,753290
CHMF,2015-02-12,700.15,714.85,687.2,713.0,1170910
CHMF,2015-02-13,715.05,721.0,701.05,711.5,1116260
CHMF,2015-02-16,710.75,712.0,681.2,685.0,758050
CHMF,2015-02-17,685.05,712.6,674.0,698.6,1327430
CHMF,2015-02-18,705.0,715.0,689.15,702.0,1307910
CHMF,2015-02-19,702.0,710.5,687.3,706.0,875670
CHMF,2015-02-20,714.45,714.45,692.9,704.9,502150
CHMF,2015-02-24,700.0,707.3,689.0,698.1,577150
CHMF,2015-02-25,704.65,704.65,682.2,689.0,728780
CHMF,2015-02-26,690.0,690.15,675.7,684.0,708980
CHMF,2015-02-27,681.25,695.7,675.2,682.0,922800
CHMF,2015-03-02,692.6,707.6,685.05,707.6,603430
CHMF,2015-03-03,707.5,744.0,704.0,738.45,1819360
CHMF,2015-03-04,744.75,749.5,725.1,730.0,1286120
CHMF,2015-03-05,738.65,742.0,717.1,730.05,1117980
CHMF,2015-03-06,730.8,735.0,721.0,721.0,748250
CHMF,2015-03-10,718.0,725.5,707.4,710.35,1312150
CHMF,2015-03-11,710.05,738.95,707.2,734.5,1506610
CHMF,2015-03-12,736.8,738.0,705.85,710.0,842590
CHMF,2015-03-13,715.15,717.5,701.1,708.1,837830
CHMF,2015-03-16,708.1,714.3,699.1,708.6,695340
CHMF,2015-03-17,711.0,714.25,692.8,692.8,704240
CHMF,2015-03-18,695.0,701.65,685.0,690.0,941690
CHMF,2015-03-19,689.5,693.5,677.0,680.75,803910
CHMF,2015-03-20,681.0,698.25,676.45,683.0,966210
CHMF,2015-03-23,690.0,695.0,670.5,674.5,786640
CHMF,2015-03-24,670.05,674.0,655.6,661.7,871990
CHMF,2015-03-25,661.8,668.0,650.0,658.15,666490
CHMF,2015-03-26,660.0,660.0,635.0,636.9,988430
CHMF,2015-03-27,631.8,649.55,630.65,642.8,603720
CHMF,2015-03-30,646.95,664.5,643.85,657.0,769810
CHMF,2015-03-31,656.5,667.7,641.0,658.0,985390
CHMF,2015-04-01,654.0,663.0,638.55,644.5,857390
CHMF,2015-04-02,645.0,645.0,635.25,643.0,634550
CHMF,2015-04-03,644.15,649.6,639.05,641.05,340860
CHMF,2015-04-06,642.3,646.5,635.0,638.2,350940
CHMF,2015-04-07,638.0,642.3,633.0,636.9,449620
CHMF,2015-04-08,635.5,636.5,612.0,620.0,831570
CHMF,2015-04-09,618.6,618.6,603.5,612.6,814210
CHMF,2015-04-10,609.0,613.0,592.0,607.0,1077080
CHMF,2015-04-13,612.0,628.75,604.0,604.5,1165130
CHMF,2015-04-14,605.75,607.35,584.0,590.0,1233360
CHMF,2015-04-15,586.0,589.7,576.0,580.95,881510
CHMF,2015-04-16,580.0,581.0,559.4,566.55,1215050
CHMF,2015-04-17,565.15,582.3,560.75,563.0,1753450
CHMF,2015-04-20,563.6,578.45,555.55,564.95,1375680
CHMF,2015-04-21,566.75,578.75,566.2,569.0,904320
CHMF,2015-04-22,570.0,588.3,567.1,572.6,1327220
CHMF,2015-04-23,574.25,579.65,545.3,548.7,1602910
CHMF,2015-04-24,547.05,556.0,539.65,550.0,1393410
CHMF,2015-04-27,551.1,571.75,551.1,565.1,1365550
CHMF,2015-04-28,567.8,578.0,567.35,575.3,1446930
CHMF,2015-04-29,576.2,579.0,570.15,570.6,1049070
CHMF,2015-04-30,570.0,579.75,561.5,578.55,960000
CHMF,2015-05-05,580.0,590.9,571.9,576.5,1159390
CHMF,2015-05-06,576.5,576.5,554.0,571.8,1308440
CHMF,2015-05-07,570.1,586.4,562.0,583.0,1422500
CHMF,2015-05-08,582.5,594.9,580.0,589.8,1205960
CHMF,2015-05-12,595.1,622.1,595.1,617.0,1593480
CHMF,2015-05-13,617.0,621.6,595.6,595.7,1371840
CHMF,2015-05-14,597.7,623.8,591.7,620.3,1631030
CHMF,2015-05-15,623.5,629.0,615.1,621.7,1212540
CHMF,2015-05-18,623.8,623.8,602.0,605.2,1334130
CHMF,2015-05-19,605.2,608.7,598.4,603.9,889180
CHMF,2015-05-20,600.6,606.2,595.7,596.6,604600
CHMF,2015-05-21,597.8,619.0,596.7,615.1,1263740
CHMF,2015-05-22,615.3,626.0,606.0,617.6,1141030
CHMF,2015-05-25,617.6,624.0,605.8,613.8,551360
CHMF,2015-05-26,615.0,622.7,612.0,617.2,601010
CHMF,2015-05-27,617.4,633.4,611.1,630.9,1182010
CHMF,2015-05-28,631.3,640.7,626.1,629.2,1089310
CHMF,2015-05-29,635.0,636.5,608.4,608.4,1330990
CHMF,2015-06-01,621.8,623.6,610.0,611.1,1072600
CHMF,2015-06-02,615.9,619.3,611.1,615.0,551080
CHMF,2015-06-03,615.8,626.0,611.4,622.0,1484430
CHMF,2015-06-04,601.9,609.0,596.4,607.9,1008110
CHMF,2015-06-05,608.5,620.4,607.4,618.1,904660
CHMF,2015-06-08,615.5,630.4,615.5,624.9,941130
CHMF,2015-06-09,623.9,628.1,622.2,626.9,529460
CHMF,2015-06-10,627.0,629.2,601.5,604.1,1028480
CHMF,2015-06-11,604.1,611.7,587.4,594.2,1146020
CHMF,2015-06-15,590.0,604.0,590.0,599.0,885150
CHMF,2015-06-16,601.0,604.6,595.0,596.1,547420
CHMF,2015-06-17,597.2,597.3,587.3,587.3,612240
CHMF,2015-06-18,589.0,589.3,572.4,582.0,862430
CHMF,2015-06-19,582.7,594.7,580.0,585.4,777250
CHMF,2015-06-22,588.0,600.6,588.0,596.9,877200
CHMF,2015-06-23,597.9,601.6,591.5,595.0,469180
CHMF,2015-06-24,596.0,597.2,577.1,577.1,816410
CHMF,2015-06-25,574.3,583.0,570.0,577.8,724470
CHMF,2015-06-26,577.8,585.2,574.2,585.0,765050
CHMF,2015-06-29,581.1,594.8,581.1,594.3,680770
CHMF,2015-06-30,594.3,596.4,581.5,594.0,776940
CHMF,2015-07-01,593.9,593.9,582.1,585.3,424480
CHMF,2015-07-02,585.3,597.5,585.3,592.5,673820
CHMF,2015-07-03,596.3,596.3,589.1,593.5,367090
CHMF,2015-07-06,594.5,608.7,592.5,605.7,957510
CHMF,2015-07-07,606.3,617.9,598.6,602.4,1525140
CHMF,2015-07-08,600.5,605.7,582.0,588.5,1567720
CHMF,2015-07-09,590.2,592.4,576.6,579.3,1050350
CHMF,2015-07-10,581.1,589.8,579.0,580.0,703400
CHMF,2015-07-13,580.4,589.8,580.4,586.8,635190
CHMF,2015-07-14,587.1,598.3,587.1,594.0,936250
CHMF,2015-07-15,593.9,597.8,583.7,595.0,888500
CHMF,2015-07-16,594.3,603.8,593.5,596.4,909220
CHMF,2015-07-17,602.9,603.0,592.0,592.2,532280
CHMF,2015-07-20,593.8,600.0,588.5,594.0,606060
CHMF,2015-07-21,595.0,602.0,591.0,598.8,729120
CHMF,2015-07-22,597.1,614.5,593.7,612.4,1343540
CHMF,2015-07-23,613.5,618.6,608.8,609.6,1284560
CHMF,2015-07-24,611.6,624.9,606.3,623.9,858680
CHMF,2015-07-27,622.9,634.5,620.5,632.0,879750
CHMF,2015-07-28,631.0,654.0,631.0,647.6,1241660
CHMF,2015-07-29,648.1,655.0,642.2,650.3,1395640
CHMF,2015-07-30,646.5,671.2,645.6,663.6,1378460
CHMF,2015-07-31,668.0,687.5,662.0,687.5,1684830
CHMF,2015-08-03,688.0,698.7,686.0,692.0,885330
CHMF,2015-08-04,692.1,695.2,686.2,695.0,770700
CHMF,2015-08-05,692.8,694.8,681.0,687.5,796250
CHMF,2015-08-06,689.0,689.5,677.3,681.0,980780
CHMF,2015-08-07,681.0,689.0,673.9,677.1,959860
CHMF,2015-08-10,678.1,683.2,673.1,675.3,551180
CHMF,2015-08-11,677.0,694.3,673.3,682.0,914590
CHMF,2015-08-12,681.0,692.0,675.9,687.9,683790
CHMF,2015-08-13,690.1,699.0,686.2,696.8,813220
CHMF,2015-08-14,696.9,711.9,696.9,705.1,975220
CHMF,2015-08-17,706.0,707.5,696.0,706.7,738130
CHMF,2015-08-18,707.5,711.0,694.8,695.1,851590
CHMF,2015-08-19,695.0,708.3,690.0,706.7,1004800
CHMF,2015-08-20,706.7,729.0,706.0,723.1,1133270
CHMF,2015-08-21,728.0,728.0,715.1,719.1,775370
CHMF,2015-08-24,711.5,738.5,708.3,723.8,1348390
CHMF,2015-08-25,729.4,731.7,704.0,707.0,1070030
CHMF,2015-08-26,708.0,714.1,697.3,700.1,840740
CHMF,2015-08-27,702.0,704.8,686.9,691.5,1051270
CHMF,2015-08-28,690.0,706.5,689.1,693.3,1038360
CHMF,2015-08-31,695.9,727.6,695.9,725.2,1827410
CHMF,2015-09-01,722.6,727.1,713.8,725.0,927390
CHMF,2015-09-02,724.8,726.8,716.3,723.1,794550
CHMF,2015-09-03,724.1,730.9,717.4,730.4,915420
CHMF,2015-09-04,730.0,734.6,721.5,727.0,537990
CHMF,2015-09-07,728.1,733.7,722.5,733.5,321350
CHMF,2015-09-08,732.1,754.6,730.8,744.7,852850
CHMF,2015-09-09,744.3,763.5,744.3,757.1,900600
CHMF,2015-09-10,759.0,761.2,749.3,754.5,501730
CHMF,2015-09-11,758.8,762.9,753.1,755.1,336140
CHMF,2015-09-14,758.0,768.0,753.7,758.6,700900
CHMF,2015-09-15,761.0,761.7,742.6,749.9,757730
CHMF,2015-09-16,750.0,751.5,728.1,730.0,744760
CHMF,2015-09-17,730.5,743.8,727.1,740.5,362510
CHMF,2015-09-18,742.8,744.9,717.0,717.0,985870
CHMF,2015-09-21,720.0,734.9,714.3,732.9,499230
CHMF,2015-09-22,733.5,738.2,706.0,715.3,952730
CHMF,2015-09-23,715.3,715.3,696.4,702.6,903970
CHMF,2015-09-24,703.0,717.5,699.2,710.0,678520
CHMF,2015-09-25,698.2,704.7,689.6,693.1,719150
CHMF,2015-09-28,693.6,696.7,679.5,681.2,347960
CHMF,2015-09-29,680.4,702.0,675.1,696.3,801310
CHMF,2015-09-30,698.0,704.0,691.2,700.0,926830
CHMF,2015-10-01,701.4,701.4,681.0,690.1,677290
CHMF,2015-10-02,689.0,697.9,687.5,693.2,630520
CHMF,2015-10-05,695.7,698.6,677.4,680.2,919460
CHMF,2015-10-06,678.1,694.3,677.5,678.7,765050
CHMF,2015-10-07,678.7,679.6,657.4,670.5,941460
CHMF,2015-10-08,668.0,673.8,660.0,663.5,907600
CHMF,2015-10-09,665.1,671.3,651.1,660.0,872190
CHMF,2015-10-12,660.0,665.0,643.2,658.5,1177330
CHMF,2015-10-13,660.8,674.6,660.8,672.3,780040
CHMF,2015-10-14,674.9,694.8,672.9,685.0,1122970
CHMF,2015-10-15,685.0,729.0,683.6,725.0,2246170
CHMF,2015-10-16,724.7,739.2,710.3,711.7,1361310
CHMF,2015-10-19,712.1,732.5,712.1,726.5,776570
CHMF,2015-10-20,727.0,737.2,725.6,731.9,568980
CHMF,2015-10-21,734.0,742.9,721.4,722.5,1052260
CHMF,2015-10-22,721.1,726.1,712.4,717.6,898550
CHMF,2015-10-23,717.6,722.9,701.0,712.0,1255820
CHMF,2015-10-26,712.0,718.5,702.1,715.0,880450
CHMF,2015-10-27,715.5,734.9,706.4,734.9,1047070
CHMF,2015-10-28,732.8,739.7,711.1,717.0,1145400
CHMF,2015-10-29,717.5,733.5,712.3,731.0,875110
CHMF,2015-10-30,729.0,757.7,726.0,742.0,2020840
CHMF,2015-11-02,745.0,749.7,740.1,749.7,458760
CHMF,2015-11-03,749.0,751.9,736.0,739.2,680730
CHMF,2015-11-05,749.0,752.7,741.1,750.0,975140
CHMF,2015-11-06,749.4,757.6,740.5,747.0,902720
CHMF,2015-11-09,747.2,754.1,735.3,741.0,573220
CHMF,2015-11-10,738.6,739.5,722.6,727.0,955770
CHMF,2015-11-11,727.0,728.2,714.9,722.6,715800
CHMF,2015-11-12,722.0,729.8,718.4,720.0,476060
CHMF,2015-11-13,720.2,726.6,709.0,719.4,635550
CHMF,2015-11-16,716.4,726.7,702.8,714.6,698430
CHMF,2015-11-17,715.0,726.7,706.0,706.0,633550
CHMF,2015-11-18,712.2,735.8,695.2,730.8,1746490
CHMF,2015-11-19,736.0,753.1,729.2,735.4,1814420
CHMF,2015-11-20,734.9,744.0,727.4,737.1,479570
CHMF,2015-11-23,739.0,748.5,731.3,735.0,519150
CHMF,2015-11-24,735.1,737.9,702.7,712.4,1341160
CHMF,2015-11-25,713.0,724.6,705.2,715.2,512340
CHMF,2015-11-26,715.2,725.9,714.0,722.0,381830
CHMF,2015-11-27,722.9,723.8,705.2,710.6,486730
CHMF,2015-11-30,710.0,718.8,702.7,703.8,1107410
CHMF,2015-12-01,707.3,713.2,700.0,703.3,566130
CHMF,2015-12-02,709.5,714.5,702.1,705.7,374630
CHMF,2015-12-03,707.9,707.9,697.4,697.5,628630
CHMF,2015-12-04,695.3,702.9,677.6,686.7,1267420
CHMF,2015-12-07,690.0,690.0,670.0,673.9,623700
CHMF,2015-12-08,673.1,683.5,668.1,674.6,700030
CHMF,2015-12-09,678.7,680.9,656.5,658.0,925930
CHMF,2015-12-10,657.5,667.5,650.0,650.0,960560
CHMF,2015-12-11,651.0,657.5,640.6,644.9,951760
CHMF,2015-12-14,638.2,646.6,630.2,634.6,1177820
CHMF,2015-12-15,635.7,655.6,632.8,645.0,1384780
CHMF,2015-12-16,648.0,649.9,630.5,633.4,921920
CHMF,2015-12-17,635.6,644.7,622.7,630.0,1684800
CHMF,2015-12-18,619.0,623.7,605.3,606.0,1441380
CHMF,2015-12-21,610.0,616.6,602.1,606.6,910690
CHMF,2015-12-22,606.5,612.8,598.4,608.0,508910
CHMF,2015-12-23,607.0,613.5,601.1,604.0,488130
CHMF,2015-12-24,606.0,606.1,593.3,600.1,481970
CHMF,2015-12-25,600.3,604.1,597.1,600.3,181140
CHMF,2015-12-28,602.0,611.6,598.4,610.5,624700
CHMF,2015-12-29,607.6,617.3,607.6,616.0,492050
CHMF,2015-12-30,616.0,618.1,607.4,609.5,374200
CHMF,2016-01-04,608.1,611.0,597.4,597.4,305460
CHMF,2016-01-05,598.8,613.6,597.5,612.8,307680
CHMF,2016-01-06,612.8,644.0,607.9,639.8,1547580
CHMF,2016-01-11,634.3,635.5,613.4,618.9,1050970
CHMF,2016-01-12,615.3,625.4,608.2,620.0,715150
CHMF,2016-01-13,621.4,621.4,609.8,611.3,635740
CHMF,2016-01-14,609.0,613.1,604.0,613.0,552130
CHMF,2016-01-15,611.9,614.3,597.7,604.0,1454360
CHMF,2016-01-18,600.9,625.5,588.5,622.0,1050800
CHMF,2016-01-19,628.5,636.8,622.7,629.0,1553520
CHMF,2016-01-20,625.0,642.0,617.9,634.8,991350
CHMF,2016-01-21,642.0,673.3,635.0,662.0,2063920
CHMF,2016-01-22,666.0,675.0,640.1,642.0,1861960
CHMF,2016-01-25,643.0,655.5,626.3,648.2,1168540
CHMF,2016-01-26,642.6,659.7,641.0,644.8,827200
CHMF,2016-01-27,648.5,658.6,644.2,651.5,868060
CHMF,2016-01-28,654.7,654.7,623.0,630.0,1273250
CHMF,2016-01-29,622.9,629.1,607.2,621.5,2150580
CHMF,2016-02-01,622.0,635.1,619.0,635.0,1021580
CHMF,2016-02-02,634.9,643.8,629.1,634.4,1041860
CHMF,2016-02-03,630.0,639.0,625.1,632.3,705480
CHMF,2016-02-04,630.2,648.9,630.2,642.8,1396180
CHMF,2016-02-05,643.0,643.0,633.1,637.0,575330
CHMF,2016-02-08,634.5,642.7,624.3,641.0,594030
CHMF,2016-02-09,639.5,654.9,639.5,649.0,647910
CHMF,2016-02-10,647.5,662.9,638.6,648.3,812170
CHMF,2016-02-11,648.5,664.5,639.0,663.9,961200
CHMF,2016-02-12,664.9,668.8,654.1,658.0,619560
CHMF,2016-02-15,659.9,661.2,651.0,655.0,386230
CHMF,2016-02-16,652.6,663.6,649.1,662.0,428510
CHMF,2016-02-17,663.2,665.0,644.1,644.1,695080
CHMF,2016-02-18,640.0,650.3,637.0,650.1,917470
CHMF,2016-02-19,650.6,650.6,632.7,645.0,1186270
CHMF,2016-02-20,645.0,646.3,641.0,644.0,67020
CHMF,2016-02-22,644.3,646.9,637.1,645.7,726260
CHMF,2016-02-24,639.5,649.0,639.5,641.3,467680
CHMF,2016-02-25,644.9,654.4,636.7,640.1,1060780
CHMF,2016-02-26,637.7,643.9,620.5,635.0,1315730
CHMF,2016-02-29,626.0,634.0,617.0,630.0,1412480
CHMF,2016-03-01,626.1,630.5,618.3,621.0,833300
CHMF,2016-03-02,621.0,628.6,617.7,626.3,815630
CHMF,2016-03-03,624.3,629.8,621.0,624.0,590380
CHMF,2016-03-04,623.0,635.7,620.1,629.1,1311480
CHMF,2016-03-07,632.3,644.4,630.1,644.3,1101170
CHMF,2016-03-09,638.1,659.5,638.1,640.0,1682820
CHMF,2016-03-10,643.2,654.0,641.3,648.9,938440
CHMF,2016-03-11,648.5,652.7,642.7,652.0,746040
CHMF,2016-03-14,653.7,682.9,650.3,679.0,1931690
CHMF,2016-03-15,682.0,686.9,648.7,651.0,2642270
CHMF,2016-03-16,649.7,664.2,646.8,657.0,1074040
CHMF,2016-03-17,655.0,664.7,648.3,651.5,1148050
CHMF,2016-03-18,653.0,667.6,645.0,667.6,1383320
CHMF,2016-03-21,665.0,680.1,662.3,680.1,1027200
CHMF,2016-03-22,679.3,711.0,678.1,711.0,1802560
CHMF,2016-03-23,709.2,717.0,697.0,705.0,1044720
CHMF,2016-03-24,705.8,716.0,699.2,715.8,546570
CHMF,2016-03-25,715.8,718.7,708.4,713.0,139460
CHMF,2016-03-28,713.0,718.8,705.9,716.0,398960
CHMF,2016-03-29,717.0,727.0,716.2,717.6,633310
CHMF,2016-03-30,718.0,735.6,718.0,731.5,817890
CHMF,2016-03-31,729.8,731.2,711.1,712.0,1019100
CHMF,2016-04-01,709.0,737.3,707.2,734.9,1012160
CHMF,2016-04-04,732.0,754.0,730.8,751.5,853360
CHMF,2016-04-05,748.9,757.6,730.9,746.9,701460
CHMF,2016-04-06,744.0,748.9,736.5,738.6,356550
CHMF,2016-04-07,740.0,748.5,738.1,742.5,751950
CHMF,2016-04-08,739.1,748.2,731.0,731.0,495620
CHMF,2016-04-11,733.1,760.4,731.0,760.4,779290
CHMF,2016-04-12,760.4,766.0,747.3,747.3,1180590
CHMF,2016-04-13,752.0,765.7,751.1,764.5,803440
CHMF,2016-04-14,766.8,796.5,765.2,787.0,1354830
CHMF,2016-04-15,785.0,788.0,777.7,784.9,513640
CHMF,2016-04-18,782.1,787.7,767.7,776.8,863520
CHMF,2016-04-19,776.7,786.6,772.3,779.9,587140
CHMF,2016-04-20,778.1,802.3,773.4,798.8,775690
CHMF,2016-04-21,796.1,809.5,795.3,806.7,973760
CHMF,2016-04-22,806.6,820.0,797.4,817.9,939930
CHMF,2016-04-25,819.0,830.9,814.4,829.0,586280
CHMF,2016-04-26,829.0,829.0,763.1,772.0,2464330
CHMF,2016-04-27,775.0,775.0,754.1,767.0,944310
CHMF,2016-04-28,769.5,770.0,750.6,758.1,712760
CHMF,2016-04-29,758.3,760.0,727.0,727.0,1413710
CHMF,2016-05-04,729.0,739.8,706.8,712.9,1993670
CHMF,2016-05-05,714.5,728.8,705.7,715.9,713700
CHMF,2016-05-06,716.6,725.7,712.5,722.0,697590
CHMF,2016-05-10,718.9,719.2,676.2,686.4,1600360
CHMF,2016-05-11,688.0,696.6,680.0,683.0,995510
CHMF,2016-05-12,688.0,692.9,677.0,690.0,751010
CHMF,2016-05-13,688.9,698.5,682.1,689.0,1171260
CHMF,2016-05-16,692.0,692.3,683.1,683.2,556350
CHMF,2016-05-17,683.6,692.9,677.0,689.1,583940
CHMF,2016-05-18,685.6,714.5,683.6,713.7,1598550
CHMF,2016-05-19,713.0,724.5,700.7,700.7,1485790
CHMF,2016-05-20,704.1,710.0,701.0,704.4,960290
CHMF,2016-05-23,702.2,706.5,683.1,694.8,853160
CHMF,2016-05-24,694.7,706.3,691.8,696.3,712590
CHMF,2016-05-25,699.8,711.0,692.1,703.1,579240
CHMF,2016-05-26,705.8,710.0,692.1,697.0,546250
CHMF,2016-05-27,698.9,708.8,687.3,706.0,439190
CHMF,2016-05-30,709.0,713.9,698.0,701.2,244190
CHMF,2016-05-31,702.9,704.4,670.5,670.5,1070490
CHMF,2016-06-01,674.2,678.5,660.1,674.5,939050
CHMF,2016-06-02,676.0,678.7,661.7,675.2,511880
CHMF,2016-06-03,673.7,685.0,663.6,667.5,533820
CHMF,2016-06-06,667.5,692.4,667.5,688.0,432230
CHMF,2016-06-07,678.9,702.4,678.9,701.9,667500
CHMF,2016-06-08,699.0,703.7,681.4,692.2,470200
CHMF,2016-06-09,695.7,695.7,675.3,675.4,378830
CHMF,2016-06-10,670.0,681.9,670.0,671.9,334520
CHMF,2016-06-14,671.8,674.3,660.2,662.0,581640
CHMF,2016-06-15,662.0,662.9,651.5,651.8,736580
CHMF,2016-06-16,659.4,659.4,631.7,640.6,824770
CHMF,2016-06-17,643.1,667.7,637.7,652.4,1141900
CHMF,2016-06-20,661.0,666.6,655.8,663.2,433200
CHMF,2016-06-21,666.0,674.0,655.4,674.0,577530
CHMF,2016-06-22,665.2,689.0,665.2,689.0,840330
CHMF,2016-06-23,688.0,689.0,667.5,684.0,652670
CHMF,2016-06-24,656.6,689.7,647.3,679.0,706310
CHMF,2016-06-27,678.9,687.8,647.0,656.8,662390
CHMF,2016-06-28,662.4,686.0,660.1,682.4,665910
CHMF,2016-06-29,686.8,700.0,681.4,697.5,722860
CHMF,2016-06-30,698.8,706.2,683.0,700.7,754040
CHMF,2016-07-01,700.7,704.0,695.0,699.1,419560
CHMF,2016-07-04,679.2,687.5,675.0,684.1,405650
CHMF,2016-07-05,684.3,692.0,677.7,691.8,315920
CHMF,2016-07-06,691.0,701.9,688.7,701.0,689420
CHMF,2016-07-07,701.0,703.7,671.3,676.1,862840
CHMF,2016-07-08,678.0,679.3,650.1,658.2,932770
CHMF,2016-07-11,660.0,671.6,659.0,669.1,560000
CHMF,2016-07-12,669.0,702.1,669.0,693.8,1101420
CHMF,2016-07-13,694.0,704.6,691.6,694.3,1182590
CHMF,2016-07-14,694.0,717.7,694.0,711.2,883730
CHMF,2016-07-15,711.6,730.0,708.5,730.0,800070
CHMF,2016-07-18,728.8,739.9,720.8,730.3,733010
CHMF,2016-07-19,730.1,744.0,723.4,738.8,765650
CHMF,2016-07-20,738.8,751.8,731.0,745.0,817910
CHMF,2016-07-21,747.7,752.0,733.0,741.0,703550
CHMF,2016-07-22,738.6,747.9,736.8,747.5,382430
CHMF,2016-07-25,747.0,752.0,743.0,751.0,410750
CHMF,2016-07-26,749.0,766.0,746.3,761.0,548210
CHMF,2016-07-27,763.3,773.3,752.1,764.0,628090
CHMF,2016-07-28,763.0,770.0,741.0,770.0,574850
CHMF,2016-07-29,766.4,794.9,766.2,793.2,880330
CHMF,2016-08-01,791.6,805.1,770.1,774.5,884290
CHMF,2016-08-02,771.3,782.0,766.0,769.3,520030
CHMF,2016-08-03,773.0,789.3,763.0,785.9,559080
CHMF,2016-08-04,786.0,797.8,782.5,796.2,734110
CHMF,2016-08-05,796.3,799.5,783.7,795.0,359610
CHMF,2016-08-08,792.5,801.4,790.7,796.9,388940
CHMF,2016-08-09,793.0,816.0,790.6,816.0,746260
CHMF,2016-08-10,812.8,815.1,793.2,793.3,559480
CHMF,2016-08-11,790.0,797.8,784.3,793.5,461570
CHMF,2016-08-12,796.0,796.0,781.0,788.0,349240
CHMF,2016-08-15,788.0,798.8,782.0,793.0,316550
CHMF,2016-08-16,796.0,804.2,786.4,799.0,422670
CHMF,2016-08-17,797.4,802.0,771.6,777.0,628570
CHMF,2016-08-18,780.9,814.9,775.2,809.0,964360
CHMF,2016-08-19,807.2,812.5,796.4,802.1,584370
CHMF,2016-08-22,803.3,813.8,797.8,813.8,374870
CHMF,2016-08-23,810.0,822.7,807.5,815.0,519510
CHMF,2016-08-24,823.0,823.0,797.5,806.3,333900
CHMF,2016-08-25,808.6,808.6,789.0,802.0,427860
CHMF,2016-08-26,800.0,803.8,783.0,791.0,455540
CHMF,2016-08-29,784.4,785.0,770.5,783.5,387230
CHMF,2016-08-30,783.9,791.0,771.1,778.3,385900
CHMF,2016-08-31,781.3,782.0,752.0,752.0,737920
CHMF,2016-09-01,755.0,769.5,755.0,764.7,405530
CHMF,2016-09-02,762.5,780.9,757.2,777.0,560030
CHMF,2016-09-05,782.3,783.7,772.4,781.6,282740
CHMF,2016-09-06,781.0,789.0,775.0,789.0,355930
CHMF,2016-09-07,789.5,797.1,786.0,787.0,346270
CHMF,2016-09-08,790.8,798.9,785.9,798.9,331680
CHMF,2016-09-09,794.9,797.7,781.6,781.6,521810
CHMF,2016-09-12,772.0,786.6,772.0,782.1,409610
CHMF,2016-09-13,785.4,792.0,780.2,789.0,513890
CHMF,2016-09-14,794.3,794.3,765.0,768.7,781550
CHMF,2016-09-15,751.0,754.5,728.5,730.4,1079080
CHMF,2016-09-16,731.2,739.5,719.7,726.4,671150
CHMF,2016-09-19,726.0,743.8,720.3,735.9,753560
CHMF,2016-09-20,733.1,759.9,726.4,759.9,552670
CHMF,2016-09-21,758.9,778.0,758.0,778.0,854100
CHMF,2016-09-22,780.0,785.2,769.4,785.2,725890
CHMF,2016-09-23,781.2,786.0,773.5,782.0,617480
CHMF,2016-09-26,778.0,788.7,767.7,774.9,869030
CHMF,2016-09-27,774.1,788.0,770.1,781.2,606660
CHMF,2016-09-28,781.1,792.6,778.0,792.2,424500
CHMF,2016-09-29,794.0,796.1,776.3,779.7,451570
CHMF,2016-09-30,774.8,781.8,753.0,753.0,991480
CHMF,2016-10-03,755.6,771.0,751.0,767.0,327120
CHMF,2016-10-04,767.2,789.3,767.1,789.0,781080
CHMF,2016-10-05,789.0,799.0,778.8,798.2,756780
CHMF,2016-10-06,797.7,802.3,791.8,797.6,351680
CHMF,2016-10-07,798.0,799.9,791.1,799.0,257600
CHMF,2016-10-10,799.7,814.0,794.6,808.9,482100
CHMF,2016-10-11,809.9,818.6,806.3,817.0,622870
CHMF,2016-10-12,817.0,820.0,804.3,816.5,520390
CHMF,2016-10-13,816.5,816.5,801.2,810.7,506250
CHMF,2016-10-14,809.0,814.9,803.5,808.0,322250
CHMF,2016-10-17,808.0,825.0,801.6,820.1,769980
CHMF,2016-10-18,821.9,821.9,799.0,800.0,591470
CHMF,2016-10-19,800.0,816.2,796.2,815.0,666090
CHMF,2016-10-20,813.8,827.3,810.9,821.5,719780
CHMF,2016-10-21,823.0,828.9,815.2,827.2,402930
CHMF,2016-10-24,826.5,834.0,822.0,830.4,569520
CHMF,2016-10-25,832.2,838.4,823.7,825.0,871050
CHMF,2016-10-26,826.0,858.8,821.3,855.7,1078780
CHMF,2016-10-27,855.0,880.3,854.5,868.6,906490
CHMF,2016-10-28,867.9,869.3,855.3,866.8,345240
CHMF,2016-10-31,863.0,894.7,860.8,886.4,971260
CHMF,2016-11-01,888.0,892.3,867.1,868.2,953080
CHMF,2016-11-02,861.7,867.5,848.4,848.8,544120
CHMF,2016-11-03,846.0,856.9,838.0,842.8,685110
CHMF,2016-11-07,843.0,874.0,842.8,861.0,853770
CHMF,2016-11-08,863.0,871.8,857.6,864.4,371770
CHMF,2016-11-09,851.1,889.8,850.2,878.0,1054740
CHMF,2016-11-10,878.0,934.2,871.5,922.7,1653920
CHMF,2016-11-11,920.0,953.0,908.6,933.0,1454610
CHMF,2016-11-14,935.0,957.3,925.0,925.0,910860
CHMF,2016-11-15,925.0,928.3,909.0,916.6,679310
CHMF,2016-11-16,921.5,934.5,910.0,916.0,643820
CHMF,2016-11-17,912.0,922.5,905.6,922.0,415470
CHMF,2016-11-18,921.4,931.9,911.5,914.5,355810
CHMF,2016-11-21,918.8,920.8,898.2,907.0,424380
CHMF,2016-11-22,909.4,948.6,900.4,943.0,1029890
CHMF,2016-11-23,943.0,970.0,942.0,960.2,1073110
CHMF,2016-11-24,962.5,978.8,960.3,968.0,974280
CHMF,2016-11-25,968.0,988.5,960.3,983.6,591710
CHMF,2016-11-28,983.6,997.5,978.0,984.0,342750
CHMF,2016-11-29,979.0,994.6,971.1,978.5,549960
CHMF,2016-11-30,975.7,987.4,956.7,960.7,1111410
CHMF,2016-12-01,969.0,978.2,957.5,964.9,429110
CHMF,2016-12-02,962.9,982.7,955.0,973.0,469350
CHMF,2016-12-05,974.0,980.9,963.0,967.5,412930
CHMF,2016-12-06,970.0,1012.0,962.8,1007.6,606330
CHMF,2016-12-07,1008.5,1022.4,1001.8,1007.0,500870
CHMF,2016-12-08,1009.9,1015.7,1002.0,1015.7,402820
CHMF,2016-12-09,1018.0,1051.5,987.5,1006.0,991610
CHMF,2016-12-12,981.0,983.0,958.0,968.9,796850
CHMF,2016-12-13,973.0,979.4,960.2,978.0,768650
CHMF,2016-12-14,977.9,982.0,944.0,950.4,624110
CHMF,2016-12-15,949.1,969.9,946.5,969.9,837120
CHMF,2016-12-16,966.9,978.4,945.0,945.0,679580
CHMF,2016-12-19,947.3,948.6,922.4,923.3,585310
CHMF,2016-12-20,924.9,941.0,914.1,941.0,434740
CHMF,2016-12-21,940.0,944.8,922.9,922.9,249810
CHMF,2016-12-22,927.4,927.4,909.1,910.7,316560
CHMF,2016-12-23,913.8,915.4,898.0,900.8,390720
CHMF,2016-12-26,902.3,924.5,900.9,919.0,163230
CHMF,2016-12-27,921.5,924.7,906.0,910.0,332180
CHMF,2016-12-28,910.0,917.9,905.3,906.0,464690
CHMF,2016-12-29,906.3,919.9,901.0,912.0,419910
CHMF,2016-12-30,912.1,942.2,912.1,942.2,289000
CHMF,2017-01-03,944.0,969.1,937.9,940.0,630180
CHMF,2017-01-04,940.0,953.0,931.4,950.5,314660
CHMF,2017-01-05,952.0,953.8,926.2,942.0,312470
CHMF,2017-01-06,941.9,948.9,923.5,941.9,317380
CHMF,2017-01-09,941.9,954.8,940.0,951.0,274520
CHMF,2017-01-10,953.8,962.0,947.2,962.0,309660
CHMF,2017-01-11,959.0,969.0,948.2,961.7,436980
CHMF,2017-01-12,962.0,962.3,951.3,955.3,184600
CHMF,2017-01-13,950.6,953.1,924.6,942.6,343290
CHMF,2017-01-16,940.0,953.0,930.3,951.7,172630
CHMF,2017-01-17,952.2,954.4,930.5,949.4,256870
CHMF,2017-01-18,941.4,951.3,932.3,940.0,251660
CHMF,2017-01-19,940.0,944.3,918.7,933.4,346430
CHMF,2017-01-20,933.4,933.4,910.8,912.7,305040
CHMF,2017-01-23,912.7,914.2,897.4,901.5,290090
CHMF,2017-01-24,901.4,927.3,901.1,927.3,440220
CHMF,2017-01-25,927.0,943.8,917.7,934.7,388430
CHMF,2017-01-26,936.2,981.8,935.5,980.0,1134220
CHMF,2017-01-27,979.0,994.3,971.1,993.7,546590
CHMF,2017-01-30,984.0,992.2,963.9,964.4,370130
CHMF,2017-01-31,962.1,972.5,950.0,950.0,560540
CHMF,2017-02-01,953.4,978.0,952.0,974.8,417930
CHMF,2017-02-02,978.8,984.5,950.0,952.0,450160
CHMF,2017-02-03,950.0,950.0,921.0,932.6,616660
CHMF,2017-02-06,931.7,955.9,921.8,955.9,464620
CHMF,2017-02-07,956.4,960.2,931.8,940.6,423000
CHMF,2017-02-08,937.1,950.7,917.6,932.0,513310
CHMF,2017-02-09,932.0,937.9,884.0,906.1,2415020
CHMF,2017-02-10,908.7,914.7,902.3,909.8,492600
CHMF,2017-02-13,910.1,928.3,910.0,924.9,498490
CHMF,2017-02-14,927.0,927.0,901.0,907.8,254340
CHMF,2017-02-15,903.6,908.5,888.8,908.5,627780
CHMF,2017-02-16,909.9,909.9,892.2,899.9,510930
CHMF,2017-02-17,899.9,899.9,879.0,882.9,618020
CHMF,2017-02-20,882.0,897.8,871.6,882.0,441530
CHMF,2017-02-21,894.0,899.9,880.5,898.9,501410
CHMF,2017-02-22,900.0,905.0,875.5,875.5,712180
CHMF,2017-02-24,874.0,877.3,841.2,849.7,694080
CHMF,2017-02-27,850.0,854.0,836.3,840.9,436510
CHMF,2017-02-28,841.9,844.1,818.0,827.3,885840
CHMF,2017-03-01,828.0,865.8,827.3,859.6,546740
CHMF,2017-03-02,860.0,869.1,833.0,834.6,668040
CHMF,2017-03-03,834.5,843.3,823.0,825.0,381140
CHMF,2017-03-06,830.0,838.4,819.1,823.1,356260
CHMF,2017-03-07,826.0,826.4,787.7,798.3,914460
CHMF,2017-03-09,798.3,819.0,792.1,809.1,647730
CHMF,2017-03-10,822.7,825.8,804.8,810.2,389810
CHMF,2017-03-13,810.1,832.9,810.1,811.3,410380
CHMF,2017-03-14,811.0,835.0,811.0,822.8,453620
CHMF,2017-03-15,826.0,829.2,811.1,813.0,450890
CHMF,2017-03-16,820.8,833.5,815.9,833.5,944430
CHMF,2017-03-17,833.0,845.0,820.5,833.5,1567560
CHMF,2017-03-20,832.4,837.3,803.1,815.4,692430
CHMF,2017-03-21,819.1,834.2,811.9,834.2,744580
CHMF,2017-03-22,829.0,837.0,816.4,836.3,405790
CHMF,2017-03-23,844.0,844.2,815.8,824.5,543030
CHMF,2017-03-24,824.0,825.4,814.4,825.0,658670
CHMF,2017-03-27,824.8,826.6,800.0,821.3,551620
CHMF,2017-03-28,823.0,831.7,812.6,830.0,501350
CHMF,2017-03-29,832.0,834.1,816.1,830.5,463360
CHMF,2017-03-30,829.8,830.8,811.5,815.1,449120
CHMF,2017-03-31,814.5,820.4,807.8,809.9,430230
CHMF,2017-04-03,809.5,845.9,809.1,839.0,748510
CHMF,2017-04-04,839.0,842.8,823.5,827.0,619170
CHMF,2017-04-05,827.0,860.0,826.2,860.0,1000840
CHMF,2017-04-06,855.1,859.9,839.3,843.0,658460
CHMF,2017-04-07,840.1,851.0,831.5,840.0,474590
CHMF,2017-04-10,843.4,853.5,813.1,815.0,809010
CHMF,2017-04-11,813.5,823.0,808.0,812.0,597390
CHMF,2017-04-12,816.0,816.0,792.0,799.0,517250
CHMF,2017-04-13,799.1,801.5,772.7,795.9,788060
CHMF,2017-04-14,798.6,801.1,779.1,781.4,169660
CHMF,2017-04-17,777.0,795.3,776.6,793.8,200030
CHMF,2017-04-18,797.4,798.5,770.2,777.5,611170
CHMF,2017-04-19,782.7,782.7,758.3,765.4,676290
CHMF,2017-04-20,774.9,782.0,747.2,769.8,968090
CHMF,2017-04-21,768.1,779.6,768.1,774.0,908660
CHMF,2017-04-24,770.7,785.0,770.7,783.4,463950
CHMF,2017-04-25,789.9,801.7,776.1,795.0,604900
CHMF,2017-04-26,795.1,798.3,776.7,785.4,643130
CHMF,2017-04-27,790.0,790.0,768.0,778.0,555910
CHMF,2017-04-28,779.0,783.2,772.4,776.0,567200
CHMF,2017-05-02,780.9,786.0,775.1,779.0,760160
CHMF,2017-05-03,784.0,784.9,775.5,777.0,769400
CHMF,2017-05-04,780.7,783.7,769.0,780.6,489710
CHMF,2017-05-05,775.0,777.4,766.3,775.3,380080
CHMF,2017-05-10,777.9,783.6,769.8,779.6,523630
CHMF,2017-05-11,776.1,778.9,756.0,765.9,878160
CHMF,2017-05-12,764.6,767.4,742.4,748.5,572070
CHMF,2017-05-15,749.6,750.9,728.0,736.5,805860
CHMF,2017-05-16,734.2,744.8,725.2,743.0,824450
CHMF,2017-05-17,740.0,755.0,738.9,745.2,700000
CHMF,2017-05-18,743.2,749.7,729.6,734.4,826990
CHMF,2017-05-19,734.7,742.4,724.7,735.6,724510
CHMF,2017-05-22,740.6,740.6,721.6,725.6,399700
CHMF,2017-05-23,726.6,757.9,725.7,746.2,894410
CHMF,2017-05-24,748.0,762.0,747.2,762.0,460660
CHMF,2017-05-25,762.0,768.6,748.0,760.0,808560
CHMF,2017-05-26,760.1,765.2,748.8,749.0,617610
CHMF,2017-05-29,752.8,758.1,748.9,752.7,318180
CHMF,2017-05-30,755.0,762.7,750.1,757.0,617710
CHMF,2017-05-31,758.1,759.7,731.9,738.5,2956890
CHMF,2017-06-01,738.6,746.9,727.9,732.0,593160
CHMF,2017-06-02,725.0,737.7,722.1,726.4,539320
CHMF,2017-06-05,730.1,734.3,722.1,722.1,309620
CHMF,2017-06-06,722.1,726.5,711.7,712.0,786530
CHMF,2017-06-07,713.5,729.0,712.3,723.1,651460
CHMF,2017-06-08,724.9,735.4,723.1,734.0,550190
CHMF,2017-06-09,730.1,749.0,730.1,732.3,716430
CHMF,2017-06-13,730.0,734.4,719.9,722.6,666840
CHMF,2017-06-14,722.1,728.4,689.5,689.5,2271160
CHMF,2017-06-15,690.8,703.1,685.7,697.2,1835150
CHMF,2017-06-16,700.0,723.5,699.9,717.0,1442060
CHMF,2017-06-19,675.0,689.5,672.5,684.2,1223190
CHMF,2017-06-20,687.1,709.0,686.4,704.0,1222500
CHMF,2017-06-21,703.0,717.6,692.3,714.3,965090
CHMF,2017-06-22,715.0,726.4,712.0,720.0,663350
CHMF,2017-06-23,723.7,728.6,703.7,728.0,778670
CHMF,2017-06-26,723.2,736.0,718.0,733.5,527260
CHMF,2017-06-27,734.9,766.3,730.7,766.3,1220740
CHMF,2017-06-28,757.7,783.9,757.7,783.9,734140
CHMF,2017-06-29,783.7,786.0,771.0,774.0,1013190
CHMF,2017-06-30,774.5,777.6,762.2,776.0,725300
CHMF,2017-07-03,777.9,793.0,774.2,793.0,541850
CHMF,2017-07-04,793.0,808.0,785.5,804.0,648400
CHMF,2017-07-05,804.0,817.7,800.0,815.7,702290
CHMF,2017-07-06,815.0,819.6,800.4,805.2,709320
CHMF,2017-07-07,809.0,809.3,790.7,800.6,704860
CHMF,2017-07-10,806.9,809.9,793.4,801.5,447800
CHMF,2017-07-11,801.5,823.5,797.3,823.0,750120
CHMF,2017-07-12,823.0,849.8,823.0,843.9,976720
CHMF,2017-07-13,844.0,851.7,823.8,834.4,594080
CHMF,2017-07-14,831.9,839.7,824.8,835.0,449670
CHMF,2017-07-17,833.0,843.1,824.2,835.0,514000
CHMF,2017-07-18,835.0,843.7,825.5,836.3,764080
CHMF,2017-07-19,833.1,860.0,833.1,860.0,1089710
CHMF,2017-07-20,859.7,864.6,833.0,848.0,1477680
CHMF,2017-07-21,843.0,843.1,815.1,820.0,909660
CHMF,2017-07-24,818.6,837.1,818.0,837.1,643530
CHMF,2017-07-25,837.7,842.5,825.0,840.7,524630
CHMF,2017-07-26,840.0,847.3,835.7,842.0,381830
CHMF,2017-07-27,843.0,843.9,835.3,841.0,248510
CHMF,2017-07-28,838.3,838.6,817.5,820.5,649300
CHMF,2017-07-31,823.0,836.0,818.6,833.7,1202770
CHMF,2017-08-01,834.8,843.7,832.7,841.5,439550
CHMF,2017-08-02,841.7,853.0,838.1,852.0,420920
CHMF,2017-08-03,854.9,859.5,840.4,847.3,369570
CHMF,2017-08-04,845.6,846.7,833.4,845.3,294510
CHMF,2017-08-07,849.0,864.2,845.1,853.2,647890
CHMF,2017-08-08,856.0,870.0,855.1,861.7,690740
CHMF,2017-08-09,857.0,868.8,851.4,857.6,483850
CHMF,2017-08-10,861.5,862.3,842.1,850.2,522870
CHMF,2017-08-11,845.0,847.8,828.0,828.0,649450
CHMF,2017-08-14,830.2,841.3,828.7,838.8,378690
CHMF,2017-08-15,839.0,841.3,830.1,840.3,337740
CHMF,2017-08-16,841.6,847.8,838.4,844.4,650120
CHMF,2017-08-17,844.0,852.5,839.0,852.5,415230
CHMF,2017-08-18,846.0,851.9,840.8,850.0,451870
CHMF,2017-08-21,851.0,858.0,849.1,857.6,459650
CHMF,2017-08-22,857.1,867.0,857.1,865.2,293180
CHMF,2017-08-23,865.0,868.7,857.1,860.2,376380
CHMF,2017-08-24,863.5,864.3,851.8,859.3,196610
CHMF,2017-08-25,864.0,883.9,861.6,879.0,932510
CHMF,2017-08-28,880.0,880.0,866.6,874.9,274310
CHMF,2017-08-29,870.0,877.0,860.3,876.9,511230
CHMF,2017-08-30,881.7,895.0,875.2,894.7,768760
CHMF,2017-08-31,892.0,923.9,892.0,910.0,1140640
CHMF,2017-09-01,919.1,919.1,890.2,894.9,672560
CHMF,2017-09-04,892.0,907.0,890.5,904.5,468930
CHMF,2017-09-05,907.8,907.8,887.3,894.0,549140
CHMF,2017-09-06,890.9,911.7,880.0,911.7,780310
CHMF,2017-09-07,912.2,914.5,896.0,905.0,671760
CHMF,2017-09-08,904.5,907.0,890.5,898.3,453220
CHMF,2017-09-11,898.2,912.9,891.1,906.0,601600
CHMF,2017-09-12,906.0,917.5,905.2,912.3,422040
CHMF,2017-09-13,912.0,922.7,909.8,912.2,464380
CHMF,2017-09-14,915.0,918.0,899.2,912.6,509600
CHMF,2017-09-15,911.0,919.9,903.5,912.2,634240
CHMF,2017-09-18,918.0,918.0,906.0,913.1,414640
CHMF,2017-09-19,911.2,913.7,891.4,891.4,934010
CHMF,2017-09-20,891.5,907.9,887.2,907.9,609800
CHMF,2017-09-21,907.0,909.4,891.5,892.1,864080
CHMF,2017-09-22,890.0,890.1,873.2,882.3,947220
CHMF,2017-09-25,865.0,878.7,861.6,875.9,905650
CHMF,2017-09-26,877.4,885.1,873.9,875.0,556230
CHMF,2017-09-27,875.0,884.3,868.4,874.8,475740
CHMF,2017-09-28,874.8,878.2,866.0,867.1,420020
CHMF,2017-09-29,867.0,873.4,865.2,869.5,317070
CHMF,2017-10-02,870.1,885.7,869.6,883.6,546040
CHMF,2017-10-03,886.9,894.8,886.1,892.3,508820
CHMF,2017-10-04,892.3,894.8,882.0,887.0,375340
CHMF,2017-10-05,886.9,888.3,878.1,887.3,395730
CHMF,2017-10-06,889.0,891.9,878.6,886.2,423290
CHMF,2017-10-09,888.0,896.0,886.2,895.9,714790
CHMF,2017-10-10,898.0,900.0,891.2,898.0,397830
CHMF,2017-10-11,898.6,916.0,894.9,914.9,724630
CHMF,2017-10-12,914.9,914.9,900.5,900.8,566920
CHMF,2017-10-13,904.0,909.8,895.0,903.2,514030
CHMF,2017-10-16,904.0,912.6,898.4,906.7,514170
CHMF,2017-10-17,908.0,909.4,891.9,900.0,513890
CHMF,2017-10-18,903.3,911.3,897.0,897.0,1063870
CHMF,2017-10-19,898.4,902.5,886.0,891.0,802140
CHMF,2017-10-20,892.4,905.0,888.6,905.0,658990
CHMF,2017-10-23,906.7,913.0,900.5,911.0,548820
CHMF,2017-10-24,913.6,923.7,912.3,917.7,760170
CHMF,2017-10-25,921.0,930.0,905.0,908.5,1172030
CHMF,2017-10-26,907.9,910.0,900.0,905.1,608660
CHMF,2017-10-27,907.9,909.5,896.9,905.5,566520
CHMF,2017-10-30,900.0,908.3,897.8,900.9,416920
CHMF,2017-10-31,900.0,904.9,898.3,898.3,342240
CHMF,2017-11-01,903.0,915.0,900.0,910.7,529710
CHMF,2017-11-02,908.9,913.9,898.0,899.2,590470
CHMF,2017-11-03,900.1,911.7,900.1,902.3,940270
CHMF,2017-11-07,907.0,913.3,891.2,911.0,1686730
CHMF,2017-11-08,912.4,928.0,909.1,911.5,1155850
CHMF,2017-11-09,890.0,900.0,881.3,884.5,4493340
CHMF,2017-11-10,885.0,889.6,883.1,884.4,1188400
CHMF,2017-11-13,888.0,911.9,885.5,897.0,3469010
CHMF,2017-11-14,900.0,910.0,897.0,897.0,2876700
CHMF,2017-11-15,900.1,904.6,897.0,902.2,1527760
CHMF,2017-11-16,902.5,904.4,886.8,890.3,1018960
CHMF,2017-11-17,890.3,896.2,886.5,894.6,659460
CHMF,2017-11-20,894.8,901.8,890.0,896.4,553770
CHMF,2017-11-21,898.7,910.4,895.1,905.1,990960
CHMF,2017-11-22,909.5,909.5,900.8,905.0,635150
CHMF,2017-11-23,905.0,908.0,902.3,906.8,465820
CHMF,2017-11-24,907.5,919.8,905.2,910.5,745520
CHMF,2017-11-27,910.7,914.0,897.0,898.0,936630
CHMF,2017-11-28,897.9,905.0,895.6,901.7,592040
CHMF,2017-11-29,903.1,907.0,895.0,895.4,752670
CHMF,2017-11-30,895.6,924.0,895.1,924.0,1337630
CHMF,2017-12-01,918.8,919.0,903.7,912.5,1394750
CHMF,2017-12-04,882.0,889.5,875.0,875.5,976130
CHMF,2017-12-05,875.1,877.8,860.9,868.0,657880
CHMF,2017-12-06,867.3,880.0,864.0,880.0,800910
CHMF,2017-12-07,886.8,892.9,878.2,892.9,969130
CHMF,2017-12-08,892.0,894.9,879.7,886.7,424920
CHMF,2017-12-11,886.5,899.6,883.0,899.6,805360
CHMF,2017-12-12,899.5,901.6,887.3,895.0,838240
CHMF,2017-12-13,893.0,898.6,889.5,898.3,357330
CHMF,2017-12-14,892.6,902.0,892.6,899.6,293580
CHMF,2017-12-15,899.6,901.4,893.5,901.4,611240
CHMF,2017-12-18,901.4,902.7,889.1,891.6,394610
CHMF,2017-12-19,891.6,893.0,881.1,892.8,482570
CHMF,2017-12-20,892.5,892.5,873.5,877.8,414430
CHMF,2017-12-21,880.0,884.6,870.5,871.2,539240
CHMF,2017-12-22,873.7,881.0,868.1,876.9,200360
CHMF,2017-12-25,875.2,881.9,870.3,875.7,67670
CHMF,2017-12-26,872.5,882.0,869.2,869.2,133410
CHMF,2017-12-27,871.9,889.9,869.5,889.9,544440
CHMF,2017-12-28,889.5,894.0,883.2,889.6,220770
CHMF,2017-12-29,890.0,899.9,883.0,887.4,347620
CHMF,2018-01-03,888.1,899.9,887.4,897.4,206790
CHMF,2018-01-04,896.1,908.0,894.1,908.0,657990
CHMF,2018-01-05,908.0,920.0,902.1,920.0,586320
CHMF,2018-01-09,919.2,939.7,915.1,939.3,1130490
CHMF,2018-01-10,938.9,949.4,928.0,949.0,697810
CHMF,2018-01-11,948.0,955.9,938.3,955.9,716600
CHMF,2018-01-12,952.6,968.6,949.1,968.6,678810
CHMF,2018-01-15,963.8,979.5,951.5,963.7,775150
CHMF,2018-01-16,963.0,963.0,937.8,945.0,560550
CHMF,2018-01-17,943.0,943.0,931.4,941.2,651500
CHMF,2018-01-18,941.8,948.7,931.0,936.2,820560
CHMF,2018-01-19,936.1,957.0,936.1,953.0,663780
CHMF,2018-01-22,955.0,967.8,951.1,967.8,600810
CHMF,2018-01-23,967.9,973.7,932.1,935.4,803300
CHMF,2018-01-24,935.4,937.8,921.6,930.0,581780
CHMF,2018-01-25,931.0,950.0,927.1,950.0,991000
CHMF,2018-01-26,948.0,952.7,937.6,952.7,492040
CHMF,2018-01-29,952.3,960.4,934.1,936.9,699100
CHMF,2018-01-30,934.0,941.9,926.0,929.8,506060
CHMF,2018-01-31,927.0,931.1,919.1,919.1,649450
CHMF,2018-02-01,921.5,941.8,916.8,941.8,750950
CHMF,2018-02-02,944.7,959.6,915.2,918.0,1004880
CHMF,2018-02-05,917.9,931.0,911.9,923.8,714540
CHMF,2018-02-06,909.9,922.0,905.0,912.9,1026380
CHMF,2018-02-07,919.0,932.2,915.5,932.2,410970
CHMF,2018-02-08,929.8,929.8,909.2,917.8,610260
CHMF,2018-02-09,907.3,912.4,899.1,907.0,953700
CHMF,2018-02-12,911.2,921.8,907.1,913.5,479600
CHMF,2018-02-13,917.1,944.0,917.1,941.6,911050
CHMF,2018-02-14,944.0,945.9,927.8,930.0,925890
CHMF,2018-02-15,938.0,953.0,932.6,949.2,674580
CHMF,2018-02-16,951.7,963.4,941.0,949.2,738300
CHMF,2018-02-19,950.0,959.0,945.0,945.3,247030
CHMF,2018-02-20,945.0,952.0,936.2,940.0,389390
CHMF,2018-02-21,941.0,942.7,931.5,942.4,525430
CHMF,2018-02-22,940.0,944.5,927.5,936.0,581960
CHMF,2018-02-26,938.0,952.4,937.8,949.9,958290
CHMF,2018-02-27,948.0,948.5,937.7,939.7,440230
CHMF,2018-02-28,936.4,939.0,918.4,918.4,807720
CHMF,2018-03-01,917.0,921.6,912.5,914.2,377180
CHMF,2018-03-02,911.2,919.6,882.7,897.3,1459260
CHMF,2018-03-05,897.3,906.3,896.0,903.2,956370
CHMF,2018-03-06,906.7,909.5,892.5,897.0,848450
CHMF,2018-03-07,894.9,894.9,884.5,891.0,1075070
CHMF,2018-03-09,891.1,891.1,876.4,886.5,674460
CHMF,2018-03-12,890.0,896.7,882.7,886.0,889460
CHMF,2018-03-13,885.9,889.0,875.9,884.5,1063190
CHMF,2018-03-14,884.5,899.7,878.8,895.0,1283990
CHMF,2018-03-15,894.9,897.0,881.9,890.8,841070
CHMF,2018-03-16,892.5,907.1,883.3,907.1,1403860
CHMF,2018-03-19,904.4,911.0,884.8,884.8,1148220
CHMF,2018-03-20,889.5,895.4,866.2,873.6,2101990
CHMF,2018-03-21,873.4,884.6,868.6,880.1,1048440
CHMF,2018-03-22,881.8,884.4,873.3,877.8,1169940
CHMF,2018-03-23,870.0,882.0,863.1,882.0,803330
CHMF,2018-03-26,883.4,883.5,867.3,867.3,703710
CHMF,2018-03-27,873.0,881.5,865.4,865.4,560160
CHMF,2018-03-28,865.0,873.8,863.9,865.8,590440
CHMF,2018-03-29,869.0,874.1,865.8,869.4,1044580
CHMF,2018-03-30,872.0,874.6,870.3,872.4,112790
CHMF,2018-04-02,873.8,883.0,869.5,870.0,341190
CHMF,2018-04-03,870.0,875.6,867.0,874.1,305270
CHMF,2018-04-04,872.9,874.0,867.7,868.1,398640
CHMF,2018-04-05,872.3,884.6,871.5,881.7,652800
CHMF,2018-04-06,879.5,895.1,877.7,890.2,803890
CHMF,2018-04-09,886.0,888.9,786.7,837.0,2505460
CHMF,2018-04-10,847.0,923.0,838.0,900.1,2170040
CHMF,2018-04-11,902.7,913.2,880.3,901.5,1349770
CHMF,2018-04-12,901.7,910.0,884.0,903.8,649130
CHMF,2018-04-13,900.3,908.0,880.7,881.0,752590
CHMF,2018-04-16,880.0,901.6,875.3,895.0,1008630
CHMF,2018-04-17,909.0,930.4,907.6,922.7,1842160
CHMF,2018-04-18,922.1,952.0,922.1,946.5,1320030
CHMF,2018-04-19,949.0,954.9,937.1,948.5,922800
CHMF,2018-04-20,949.8,954.5,946.3,953.7,453060
CHMF,2018-04-23,953.9,962.0,949.2,962.0,866740
CHMF,2018-04-24,964.0,967.8,956.0,965.2,580900
CHMF,2018-04-25,962.4,981.2,955.0,978.4,991940
CHMF,2018-04-26,978.4,996.4,975.2,996.4,610430
CHMF,2018-04-27,997.1,1010.0,990.0,993.9,881590
CHMF,2018-04-28,993.0,993.6,985.3,988.0,87780
CHMF,2018-04-30,992.0,1018.0,988.4,1011.9,663640
CHMF,2018-05-02,1014.6,1014.6,997.0,1000.0,512100
CHMF,2018-05-03,997.0,999.5,976.5,982.1,592240
CHMF,2018-05-04,981.0,989.4,973.2,975.5,523460
CHMF,2018-05-07,980.8,987.0,978.3,978.3,271710
CHMF,2018-05-08,980.9,992.0,967.0,991.0,1154950
CHMF,2018-05-10,992.0,996.6,972.5,973.7,715670
CHMF,2018-05-11,973.9,989.5,973.8,986.2,406920
CHMF,2018-05-14,983.4,998.2,975.5,998.2,576640
CHMF,2018-05-15,996.2,996.8,979.0,986.0,629660
CHMF,2018-05-16,980.1,997.0,980.0,995.0,623010
CHMF,2018-05-17,994.7,998.7,987.2,987.2,504040
CHMF,2018-05-18,987.1,998.0,985.8,994.3,506300
CHMF,2018-05-21,997.4,1001.1,986.9,986.9,488180
CHMF,2018-05-22,987.7,993.2,981.5,986.6,548350
CHMF,2018-05-23,985.1,988.9,978.3,978.3,403140
CHMF,2018-05-24,980.9,995.3,978.4,995.3,433860
CHMF,2018-05-25,995.0,1023.5,991.7,1012.0,740940
CHMF,2018-05-28,1012.8,1016.0,1002.6,1006.0,236300
CHMF,2018-05-29,1011.0,1022.0,1001.5,1008.6,609170
CHMF,2018-05-30,1006.0,1017.9,1002.1,1002.1,639850
CHMF,2018-05-31,1003.0,1014.2,993.5,1002.8,1170300
CHMF,2018-06-01,1003.0,1007.8,994.8,994.8,435840
CHMF,2018-06-04,1001.8,1017.0,998.5,1013.3,395440
CHMF,2018-06-05,1014.0,1025.5,1010.5,1023.4,521660
CHMF,2018-06-06,1026.0,1038.0,1025.9,1031.0,429130
CHMF,2018-06-07,1034.5,1041.3,1026.7,1033.3,388330
CHMF,2018-06-08,1038.0,1038.0,1015.0,1015.0,1025980
CHMF,2018-06-09,1020.0,1029.0,1019.9,1025.0,71710
CHMF,2018-06-11,1024.5,1051.2,1024.5,1041.8,495200
CHMF,2018-06-13,1042.5,1055.3,1040.5,1040.5,605310
CHMF,2018-06-14,1042.0,1044.5,1020.5,1025.9,809620
CHMF,2018-06-15,1025.2,1048.0,1025.2,1039.4,1719970
CHMF,2018-06-18,978.0,1000.0,960.0,964.6,1477490
CHMF,2018-06-19,965.0,965.0,935.4,958.8,1026220
CHMF,2018-06-20,964.9,974.9,955.5,960.0,794090
CHMF,2018-06-21,963.4,972.0,950.0,960.5,555290
CHMF,2018-06-22,964.4,973.3,957.4,961.7,598270
CHMF,2018-06-25,962.1,967.5,943.0,944.0,526260
CHMF,2018-06-26,945.1,951.7,940.5,942.4,257460
CHMF,2018-06-27,943.0,947.0,925.3,925.3,691450
CHMF,2018-06-28,926.0,930.0,907.9,910.4,802890
CHMF,2018-06-29,918.7,933.4,915.1,930.1,671020
CHMF,2018-07-02,925.0,945.5,918.0,931.0,559910
CHMF,2018-07-03,937.1,938.4,923.3,934.7,375600
CHMF,2018-07-04,934.9,935.3,921.1,930.9,418520
CHMF,2018-07-05,930.6,942.3,923.3,942.3,979690
CHMF,2018-07-06,938.4,946.9,932.2,941.9,578860
CHMF,2018-07-09,942.1,968.8,942.1,962.9,760300
CHMF,2018-07-10,967.0,974.9,959.6,967.0,611340
CHMF,2018-07-11,965.0,971.0,951.7,955.0,805580
CHMF,2018-07-12,950.6,961.4,938.3,960.0,483560
CHMF,2018-07-13,958.9,968.4,948.1,961.6,518910
CHMF,2018-07-16,964.6,964.6,946.3,953.1,401230
CHMF,2018-07-17,950.0,967.8,942.7,961.3,556800
CHMF,2018-07-18,961.6,982.8,960.5,980.7,833870
CHMF,2018-07-19,1010.0,1015.6,975.6,984.0,1700280
CHMF,2018-07-20,985.0,988.6,971.5,972.5,646820
CHMF,2018-07-23,973.5,987.8,972.3,983.0,684770
CHMF,2018-07-24,986.0,996.2,977.0,989.9,886510
CHMF,2018-07-25,984.0,993.7,979.9,991.2,767750
CHMF,2018-07-26,994.0,1001.1,988.9,997.5,820240
CHMF,2018-07-27,1000.0,1014.7,996.1,1014.7,734690
CHMF,2018-07-30,1013.0,1013.9,1004.7,1009.0,398010
CHMF,2018-07-31,1008.9,1020.3,1006.2,1020.3,675140
CHMF,2018-08-01,1020.3,1025.0,1012.0,1013.4,866580
CHMF,2018-08-02,1010.0,1014.9,984.7,996.1,991040
CHMF,2018-08-03,996.8,1025.7,985.8,1024.5,772910
CHMF,2018-08-06,1025.7,1028.6,1013.0,1024.0,629630
CHMF,2018-08-07,1025.2,1025.7,1015.2,1021.4,394260
CHMF,2018-08-08,1022.2,1024.9,1001.8,1024.9,785970
CHMF,2018-08-09,1021.0,1032.0,1002.6,1018.8,1020430
CHMF,2018-08-10,990.0,1000.0,971.1,986.1,1784150
CHMF,2018-08-13,985.9,1023.4,978.1,1019.9,1138880
CHMF,2018-08-14,1023.7,1030.0,1011.2,1024.5,829650
CHMF,2018-08-15,1025.2,1028.9,1003.4,1022.8,735410
CHMF,2018-08-16,1018.9,1025.0,1011.5,1018.0,526590
CHMF,2018-08-17,1021.9,1027.8,1013.0,1020.2,452350
CHMF,2018-08-20,1024.8,1047.4,1021.4,1045.0,657220
CHMF,2018-08-21,1044.2,1053.4,1036.0,1049.4,482980
CHMF,2018-08-22,1049.6,1058.8,1033.4,1058.8,723790
CHMF,2018-08-23,1057.7,1069.0,1046.3,1049.5,628730
CHMF,2018-08-24,1055.8,1075.0,1043.5,1075.0,544260
CHMF,2018-08-27,1075.0,1097.0,1065.0,1093.1,607630
CHMF,2018-08-28,1093.0,1098.3,1083.5,1084.0,515330
CHMF,2018-08-29,1084.1,1106.0,1076.9,1097.0,512720
CHMF,2018-08-30,1103.0,1103.0,1080.4,1086.5,480370
CHMF,2018-08-31,1081.5,1089.4,1075.4,1086.1,553290
CHMF,2018-09-03,1089.0,1103.7,1087.8,1093.8,312260
CHMF,2018-09-04,1092.5,1100.9,1086.6,1086.6,374180
CHMF,2018-09-05,1081.4,1092.5,1067.6,1067.6,359870
CHMF,2018-09-06,1067.9,1078.0,1059.0,1059.0,332060
CHMF,2018-09-07,1066.1,1070.9,1053.0,1057.0,432880
CHMF,2018-09-10,1057.8,1068.4,1053.6,1065.0,619070
CHMF,2018-09-11,1065.0,1080.8,1051.1,1077.5,1288980
CHMF,2018-09-12,1080.0,1086.0,1064.6,1083.0,595030
CHMF,2018-09-13,1085.1,1095.6,1078.4,1095.6,503760
CHMF,2018-09-14,1095.6,1098.0,1086.3,1087.0,382200
CHMF,2018-09-17,1088.0,1095.5,1079.1,1079.2,389270
CHMF,2018-09-18,1075.6,1087.9,1071.6,1078.2,627680
CHMF,2018-09-19,1082.4,1090.3,1080.5,1082.4,621950
CHMF,2018-09-20,1081.6,1113.0,1081.6,1098.5,1361670
CHMF,2018-09-21,1102.0,1115.0,1099.5,1115.0,1306570
CHMF,2018-09-24,1072.3,1093.0,1062.5,1072.0,1174460
CHMF,2018-09-25,1070.1,1076.4,1059.3,1073.2,689960
CHMF,2018-09-26,1073.2,1081.7,1064.0,1064.0,647270
CHMF,2018-09-27,1066.0,1091.5,1065.0,1091.5,773250
CHMF,2018-09-28,1095.2,1096.9,1074.1,1091.3,828940
CHMF,2018-10-01,1092.5,1094.1,1078.9,1083.4,409150
CHMF,2018-10-02,1085.3,1087.5,1071.9,1078.7,332790
CHMF,2018-10-03,1081.1,1100.0,1079.2,1099.6,597440
CHMF,2018-10-04,1091.1,1118.6,1090.2,1109.1,621230
CHMF,2018-10-05,1110.0,1116.0,1094.2,1094.2,532830
CHMF,2018-10-08,1095.9,1104.7,1088.1,1089.9,490200
CHMF,2018-10-09,1091.9,1112.1,1087.3,1103.2,439160
CHMF,2018-10-10,1110.7,1114.3,1087.0,1092.8,681610
CHMF,2018-10-11,1080.6,1083.7,1054.2,1065.0,1226680
CHMF,2018-10-12,1066.6,1078.9,1050.2,1057.0,622240
CHMF,2018-10-15,1057.0,1064.1,1030.0,1030.0,713720
CHMF,2018-10-16,1023.4,1046.9,1022.1,1044.0,617880
CHMF,2018-10-17,1050.0,1078.7,1049.5,1073.0,635700
CHMF,2018-10-18,1068.1,1078.0,1045.7,1054.8,617020
CHMF,2018-10-19,1060.0,1070.1,1049.3,1049.3,593120
CHMF,2018-10-22,1052.6,1060.6,1045.0,1054.5,464480
CHMF,2018-10-23,1048.4,1050.6,1014.3,1018.9,1269960
CHMF,2018-10-24,1028.7,1036.6,1009.0,1009.1,1046860
CHMF,2018-10-25,1002.0,1016.6,994.2,1015.5,744900
CHMF,2018-10-26,1007.5,1012.2,987.5,994.5,627330
CHMF,2018-10-29,994.5,1005.1,988.0,1001.4,528500
CHMF,2018-10-30,999.0,1000.5,986.5,996.8,373310
CHMF,2018-10-31,1000.0,1030.0,999.4,1030.0,766600
CHMF,2018-11-01,1027.5,1028.4,1012.7,1026.0,484600
CHMF,2018-11-02,1028.5,1045.5,1026.2,1040.5,959390
CHMF,2018-11-06,1040.6,1054.0,1026.4,1032.6,674570
CHMF,2018-11-07,1030.0,1050.2,1027.5,1042.6,556000
CHMF,2018-11-08,1046.3,1046.4,1021.0,1025.6,582910
CHMF,2018-11-09,1016.7,1039.3,1015.5,1039.3,695540
CHMF,2018-11-12,1039.0,1046.0,1029.8,1033.5,548070
CHMF,2018-11-13,1027.0,1041.3,1025.1,1037.0,557650
CHMF,2018-11-14,1037.0,1043.0,1024.1,1024.9,526720
CHMF,2018-11-15,1029.6,1037.4,1023.0,1023.5,631480
CHMF,2018-11-16,1027.0,1033.9,1021.5,1024.1,487380
CHMF,2018-11-19,1024.1,1030.4,1007.0,1010.0,899090
CHMF,2018-11-20,1009.0,1010.9,999.4,1005.0,698500
CHMF,2018-11-21,1005.0,1017.0,1001.0,1015.8,642330
CHMF,2018-11-22,1014.0,1014.0,1004.4,1006.6,737620
CHMF,2018-11-23,1006.6,1010.9,1002.0,1002.0,636320
CHMF,2018-11-26,1004.2,1008.8,991.6,998.0,859290
CHMF,2018-11-27,999.5,1008.4,986.4,986.4,1251110
CHMF,2018-11-28,987.9,998.2,985.5,997.1,881740
CHMF,2018-11-29,1000.0,1008.0,996.1,1003.0,881300
CHMF,2018-11-30,1006.5,1006.5,991.2,1002.7,1721330
CHMF,2018-12-03,974.5,988.4,967.5,978.0,1479230
CHMF,2018-12-04,981.0,981.0,959.0,964.3,1285240
CHMF,2018-12-05,963.0,974.8,960.1,960.6,678330
CHMF,2018-12-06,960.0,961.3,950.3,952.5,638120
CHMF,2018-12-07,958.5,966.3,948.7,955.1,584820
CHMF,2018-12-10,950.5,959.9,947.7,947.7,373920
CHMF,2018-12-11,949.0,952.8,931.0,940.0,834650
CHMF,2018-12-12,940.0,941.6,926.7,937.9,560910
CHMF,2018-12-13,937.0,941.0,925.6,940.4,474710
CHMF,2018-12-14,939.9,939.9,926.5,936.2,428040
CHMF,2018-12-17,935.0,958.8,931.4,957.9,719490
CHMF,2018-12-18,950.0,964.5,948.0,957.3,745500
CHMF,2018-12-19,952.7,969.4,950.2,969.4,836740
CHMF,2018-12-20,960.1,967.0,955.0,962.5,554500
CHMF,2018-12-21,960.0,961.0,938.6,945.0,663300
CHMF,2018-12-24,942.8,948.2,926.9,934.8,495550
CHMF,2018-12-25,925.8,930.0,910.0,926.8,336350
CHMF,2018-12-26,926.9,934.8,904.7,915.0,398810
CHMF,2018-12-27,929.9,930.0,920.9,929.5,788860
CHMF,2018-12-28,933.4,949.5,931.5,937.7,466700
CHMF,2018-12-29,940.0,944.9,937.8,942.9,84690
CHMF,2019-01-03,940.0,942.6,926.3,934.2,601710
CHMF,2019-01-04,934.0,949.7,931.1,949.7,335530
CHMF,2019-01-08,952.0,960.0,941.3,952.7,565630
CHMF,2019-01-09,953.1,973.5,950.0,972.6,1027070
CHMF,2019-01-10,972.5,973.4,958.6,970.0,725450
CHMF,2019-01-11,970.2,972.5,961.5,972.5,709800
CHMF,2019-01-14,969.8,969.8,956.2,960.5,557870
CHMF,2019-01-15,959.9,964.0,951.8,954.8,550380
CHMF,2019-01-16,954.9,959.2,947.1,953.1,510330
CHMF,2019-01-17,952.1,954.8,945.2,953.2,656130
CHMF,2019-01-18,953.7,961.8,950.3,954.8,425580
CHMF,2019-01-21,956.0,956.9,948.2,950.0,273220
CHMF,2019-01-22,951.6,952.3,946.0,952.3,416310
CHMF,2019-01-23,946.0,952.2,943.3,945.8,414110
CHMF,2019-01-24,944.0,944.7,923.7,926.0,953220
CHMF,2019-01-25,927.9,951.0,922.3,951.0,675030
CHMF,2019-01-28,951.0,953.0,942.2,952.5,438970
CHMF,2019-01-29,953.1,959.3,947.0,956.9,491120
CHMF,2019-01-30,955.2,976.6,953.3,976.2,952440
CHMF,2019-01-31,979.3,1006.0,976.7,998.5,1963760
CHMF,2019-02-01,1000.2,1014.8,988.6,1014.8,1141000
CHMF,2019-02-04,1015.2,1030.0,1014.8,1029.0,1102560
CHMF,2019-02-05,1030.0,1039.8,1022.0,1028.8,1134050
CHMF,2019-02-06,1024.0,1028.8,1012.4,1019.0,935560
CHMF,2019-02-07,1016.0,1030.0,1010.2,1026.0,755920
CHMF,2019-02-08,1020.0,1030.0,1020.0,1022.2,460570
CHMF,2019-02-11,1021.0,1035.0,1021.0,1031.4,731290
CHMF,2019-02-12,1033.6,1039.2,1023.0,1035.0,499620
CHMF,2019-02-13,1034.8,1037.4,1010.8,1011.8,830640
CHMF,2019-02-14,1002.8,1023.2,1001.6,1014.0,847190
CHMF,2019-02-15,1014.8,1027.0,1013.2,1024.2,436540
CHMF,2019-02-18,1023.0,1028.0,1005.4,1013.0,373280
CHMF,2019-02-19,1013.2,1014.6,997.2,999.0,340960
CHMF,2019-02-20,998.8,1010.8,995.8,1007.8,696290
CHMF,2019-02-21,1006.0,1008.2,990.4,992.4,622770
CHMF,2019-02-22,995.0,1002.4,994.0,1001.6,464410
CHMF,2019-02-25,1005.4,1029.8,1002.0,1029.8,929280
CHMF,2019-02-26,1029.0,1035.0,1021.2,1035.0,530150
CHMF,2019-02-27,1035.0,1039.6,1022.6,1033.4,508440
CHMF,2019-02-28,1037.6,1037.6,1019.0,1028.8,776030
CHMF,2019-03-01,1026.0,1031.8,1021.6,1029.0,445480
CHMF,2019-03-04,1033.4,1048.6,1029.2,1041.6,1120800
CHMF,2019-03-05,1041.0,1048.0,1024.0,1033.4,815170
CHMF,2019-03-06,1034.0,1038.6,1022.2,1029.6,433880
CHMF,2019-03-07,1029.6,1034.0,1019.4,1020.8,365550
CHMF,2019-03-11,1015.2,1026.8,1011.2,1025.8,343640
CHMF,2019-03-12,1025.8,1031.2,1018.0,1021.6,436490
CHMF,2019-03-13,1017.8,1023.6,1013.0,1014.0,572050
CHMF,2019-03-14,1012.8,1019.8,1004.4,1007.8,452150
CHMF,2019-03-15,1010.0,1041.0,1005.2,1036.8,2079080
CHMF,2019-03-18,1034.8,1036.8,1020.2,1034.2,1095020
CHMF,2019-03-19,1030.8,1038.4,1016.4,1019.8,1013460
CHMF,2019-03-20,1017.4,1021.8,1007.0,1013.4,649020
CHMF,2019-03-21,1016.0,1022.2,1011.0,1017.2,595960
CHMF,2019-03-22,1017.2,1019.8,1010.4,1013.6,401800
CHMF,2019-03-25,1011.0,1016.2,1006.8,1008.4,424930
CHMF,2019-03-26,1011.0,1014.8,1008.4,1014.8,275950
CHMF,2019-03-27,1014.8,1016.0,1006.0,1006.0,306480
CHMF,2019-03-28,1006.0,1030.0,1004.4,1027.8,733450
CHMF,2019-03-29,1027.0,1035.8,1022.2,1028.0,752280
CHMF,2019-04-01,1029.6,1038.0,1021.6,1028.2,626230
CHMF,2019-04-02,1031.6,1045.4,1028.4,1041.8,575600
CHMF,2019-04-03,1045.0,1059.8,1043.0,1058.4,750100
CHMF,2019-04-04,1058.0,1058.0,1041.4,1052.0,558290
CHMF,2019-04-05,1053.8,1053.8,1043.2,1043.2,308910
CHMF,2019-04-08,1045.8,1054.0,1043.0,1043.0,410900
CHMF,2019-04-09,1037.0,1050.0,1034.0,1044.0,717160
CHMF,2019-04-10,1046.0,1052.4,1034.4,1034.4,865740
CHMF,2019-04-11,1035.0,1038.6,1022.6,1023.6,465000
CHMF,2019-04-12,1024.8,1048.4,1023.0,1039.2,592890
CHMF,2019-04-15,1039.2,1042.8,1030.6,1038.0,448560
CHMF,2019-04-16,1039.0,1046.6,1034.8,1046.6,521030
CHMF,2019-04-17,1046.6,1053.4,1033.4,1037.0,778050
CHMF,2019-04-18,1037.0,1038.8,1032.0,1035.4,473090
CHMF,2019-04-19,1041.0,1049.8,1041.0,1047.6,207310
CHMF,2019-04-22,1050.0,1055.0,1048.0,1054.0,186690
CHMF,2019-04-23,1052.0,1052.6,1036.0,1040.4,904500
CHMF,2019-04-24,1040.0,1054.0,1035.2,1053.0,567700
CHMF,2019-04-25,1053.0,1058.2,1045.0,1045.0,576820
CHMF,2019-04-26,1048.0,1059.4,1038.6,1059.4,545110
CHMF,2019-04-29,1059.0,1065.8,1055.4,1058.0,364550
CHMF,2019-04-30,1057.6,1060.4,1045.2,1045.2,582550
CHMF,2019-05-02,1049.6,1060.0,1046.6,1053.6,421520
CHMF,2019-05-03,1058.6,1061.2,1049.0,1055.0,852050
CHMF,2019-05-06,1026.6,1034.0,1024.0,1032.6,464390
CHMF,2019-05-07,1032.2,1043.4,1030.4,1034.0,773820
CHMF,2019-05-08,1035.0,1037.4,1028.4,1028.4,429320
CHMF,2019-05-10,1023.0,1030.6,998.6,998.6,1495580
CHMF,2019-05-13,1000.0,1006.0,986.4,988.0,782780
CHMF,2019-05-14,993.0,1000.0,980.0,980.0,896280
CHMF,2019-05-15,980.0,988.6,974.4,976.0,738680
CHMF,2019-05-16,975.8,982.0,972.2,972.2,704800
CHMF,2019-05-17,973.8,978.4,967.0,973.2,651320
CHMF,2019-05-20,977.0,992.0,975.8,978.6,718240
CHMF,2019-05-21,985.0,1004.2,980.0,995.8,924110
CHMF,2019-05-22,996.0,1013.8,993.6,1008.4,988210
CHMF,2019-05-23,1007.8,1008.0,992.4,996.0,617200
CHMF,2019-05-24,998.0,1007.8,994.0,998.2,627490
CHMF,2019-05-27,999.0,1007.0,999.0,1002.2,163490
CHMF,2019-05-28,1003.6,1029.8,1001.8,1029.8,1600870
CHMF,2019-05-29,1026.6,1039.0,1019.6,1039.0,629580
CHMF,2019-05-30,1039.0,1050.4,1032.8,1048.2,709700
CHMF,2019-05-31,1044.8,1045.0,1026.2,1036.4,680750
CHMF,2019-06-03,1030.0,1042.0,1024.0,1040.0,697690
CHMF,2019-06-04,1038.4,1045.0,1035.0,1043.8,920350
CHMF,2019-06-05,1042.0,1045.8,1030.6,1033.4,382420
CHMF,2019-06-06,1032.8,1052.8,1032.8,1048.8,661310
CHMF,2019-06-07,1048.8,1054.6,1048.6,1050.0,625640
CHMF,2019-06-10,1050.4,1060.0,1050.2,1060.0,484930
CHMF,2019-06-11,1060.0,1084.8,1057.0,1084.8,1043760
CHMF,2019-06-13,1084.8,1109.0,1081.2,1106.0,1227750
CHMF,2019-06-14,1109.6,1121.6,1103.8,1121.0,1465160
CHMF,2019-06-17,1090.0,1096.8,1059.0,1059.6,1400770
CHMF,2019-06-18,1056.0,1082.2,1053.4,1081.4,1032500
CHMF,2019-06-19,1083.0,1093.6,1075.2,1083.8,718820
CHMF,2019-06-20,1090.0,1101.8,1085.4,1099.2,1229320
CHMF,2019-06-21,1097.0,1098.0,1086.4,1097.4,781840
CHMF,2019-06-24,1095.0,1100.0,1078.6,1083.0,467010
CHMF,2019-06-25,1082.4,1095.4,1077.2,1095.4,300140
CHMF,2019-06-26,1098.0,1104.0,1094.0,1094.0,691690
CHMF,2019-06-27,1097.8,1100.8,1086.2,1087.6,437880
CHMF,2019-06-28,1080.0,1080.0,1065.0,1067.6,736680
CHMF,2019-07-01,1074.4,1085.0,1070.8,1070.8,641650
CHMF,2019-07-02,1070.0,1082.0,1066.2,1075.0,829640
CHMF,2019-07-03,1080.0,1080.8,1068.0,1078.4,607120
CHMF,2019-07-04,1078.0,1078.4,1057.8,1065.0,568660
CHMF,2019-07-05,1065.0,1066.4,1048.4,1051.8,605410
CHMF,2019-07-08,1048.6,1066.8,1044.0,1066.0,607710
CHMF,2019-07-09,1065.0,1074.4,1061.0,1071.4,423770
CHMF,2019-07-10,1071.4,1080.4,1059.4,1079.4,699810
CHMF,2019-07-11,1079.0,1079.4,1048.0,1054.2,744580
CHMF,2019-07-12,1054.2,1058.2,1038.0,1044.4,761940
CHMF,2019-07-15,1049.6,1054.8,1040.6,1043.6,423670
CHMF,2019-07-16,1043.2,1056.2,1043.2,1049.4,609950
CHMF,2019-07-17,1049.4,1054.8,1046.2,1054.6,274570
CHMF,2019-07-18,1051.6,1073.0,1049.2,1063.8,865870
CHMF,2019-07-19,1061.2,1069.4,1042.2,1043.4,594130
CHMF,2019-07-22,1048.6,1059.6,1040.2,1056.0,352920
CHMF,2019-07-23,1056.2,1061.6,1045.4,1051.0,458360
CHMF,2019-07-24,1051.0,1051.8,1032.8,1033.8,573470
CHMF,2019-07-25,1038.6,1050.0,1031.2,1038.8,691960
CHMF,2019-07-26,1038.8,1040.6,1025.2,1026.8,544640
CHMF,2019-07-29,1028.6,1032.0,1022.4,1029.0,264590
CHMF,2019-07-30,1032.0,1036.4,1020.2,1024.0,552710
CHMF,2019-07-31,1021.8,1029.6,1018.4,1028.8,398380
CHMF,2019-08-01,1025.0,1028.0,1016.0,1019.0,342330
CHMF,2019-08-02,1014.0,1050.0,1000.4,1000.4,923510
CHMF,2019-08-05,1002.2,1011.0,990.2,992.0,1292030
CHMF,2019-08-06,996.0,1000.2,986.2,989.0,1482960
CHMF,2019-08-07,992.6,996.8,984.2,987.2,819610
CHMF,2019-08-08,994.0,995.4,989.2,989.2,606050
CHMF,2019-08-09,990.6,992.8,970.6,970.6,1134130
CHMF,2019-08-12,970.0,977.6,968.8,969.6,695700
CHMF,2019-08-13,969.6,971.4,951.0,954.0,1139000
CHMF,2019-08-14,957.0,959.6,938.6,947.4,1392550
CHMF,2019-08-15,950.0,959.4,939.0,943.0,1041060
CHMF,2019-08-16,949.0,949.6,926.8,928.4,792840
CHMF,2019-08-19,933.4,952.0,926.0,946.0,1245740
CHMF,2019-08-20,946.2,964.0,946.2,957.4,1084380
CHMF,2019-08-21,958.6,962.4,951.8,954.2,496610
CHMF,2019-08-22,954.0,956.2,941.2,944.0,714380
CHMF,2019-08-23,945.0,951.8,942.4,946.0,618920
CHMF,2019-08-26,942.0,951.8,937.2,947.0,400370
CHMF,2019-08-27,949.4,953.0,941.4,953.0,1068570
CHMF,2019-08-28,952.0,962.6,950.2,958.8,1059580
CHMF,2019-08-29,959.6,980.4,958.0,979.0,926750
CHMF,2019-08-30,980.0,1002.8,979.6,1002.8,1291220
CHMF,2019-09-02,1000.2,1008.8,993.0,1003.0,870517
CHMF,2019-09-03,1003.0,1005.0,982.4,990.6,1091138
CHMF,2019-09-04,992.8,999.4,983.2,986.6,910195
CHMF,2019-09-05,990.0,1005.0,988.8,1001.6,1083795
CHMF,2019-09-06,1000.0,1001.0,988.2,992.8,712846
CHMF,2019-09-09,1002.8,1002.8,994.0,998.2,681737
CHMF,2019-09-10,999.8,1006.0,993.6,1005.0,878745
CHMF,2019-09-11,1005.0,1023.8,1001.0,1022.0,1158594
CHMF,2019-09-12,1020.0,1022.8,1006.4,1018.6,1009323
CHMF,2019-09-13,1016.4,1019.0,1005.4,1014.0,1202867
CHMF,2019-09-16,991.0,1000.0,977.6,1000.0,1383775
CHMF,2019-09-17,999.0,999.6,990.2,998.8,807542
CHMF,2019-09-18,999.0,1003.6,980.4,986.8,978840
CHMF,2019-09-19,986.6,993.6,966.0,967.0,1715307
CHMF,2019-09-20,967.0,969.0,956.8,965.0,1124841
CHMF,2019-09-23,966.0,966.6,953.2,954.6,818041
CHMF,2019-09-24,956.0,965.4,940.8,942.2,1408004
CHMF,2019-09-25,941.2,948.6,935.0,945.0,1037007
CHMF,2019-09-26,947.0,953.2,942.6,950.8,673769
CHMF,2019-09-27,950.0,951.4,941.0,944.4,512299
CHMF,2019-09-30,945.4,950.2,933.2,933.2,968679
CHMF,2019-10-01,935.0,938.8,921.0,923.8,1316335
CHMF,2019-10-02,922.0,928.4,901.0,901.6,1721244
CHMF,2019-10-03,903.0,903.0,876.2,882.2,2286208
CHMF,2019-10-04,886.4,894.4,869.8,876.8,1437516
CHMF,2019-10-07,879.0,892.8,862.2,880.0,1591017
CHMF,2019-10-08,884.8,897.2,874.2,878.8,1534071
CHMF,2019-10-09,881.8,887.8,870.6,873.0,1021783
CHMF,2019-10-10,877.6,896.0,870.2,894.0,982997
CHMF,2019-10-11,898.4,906.4,889.6,893.4,1149107
CHMF,2019-10-14,897.8,899.6,879.0,881.0,693823
CHMF,2019-10-15,876.8,881.8,864.0,871.4,1709878
CHMF,2019-10-16,874.0,888.8,872.0,887.0,1106810
CHMF,2019-10-17,889.0,898.2,887.6,894.0,1053398
CHMF,2019-10-18,892.4,892.4,878.0,881.0,2415175
CHMF,2019-10-21,879.8,882.0,870.2,871.0,1292958
CHMF,2019-10-22,871.0,882.2,871.0,878.0,1110895
CHMF,2019-10-23,876.8,879.2,871.2,876.0,1014184
CHMF,2019-10-24,878.0,880.6,872.4,877.2,975292
CHMF,2019-10-25,876.4,879.4,872.6,878.4,1147752
CHMF,2019-10-28,880.0,898.2,878.2,886.0,1382064
CHMF,2019-10-29,888.0,906.2,881.6,903.4,1209133
CHMF,2019-10-30,903.0,905.6,890.4,895.0,1104031
CHMF,2019-10-31,896.0,902.0,880.2,882.2,1286890
CHMF,2019-11-01,885.0,893.2,882.2,893.2,631550
CHMF,2019-11-05,895.2,916.0,895.0,914.0,1555059
CHMF,2019-11-06,914.0,926.0,914.0,923.6,1617996
CHMF,2019-11-07,922.2,938.4,916.2,931.2,1807779
CHMF,2019-11-08,930.8,930.8,905.0,909.6,2353937
CHMF,2019-11-11,908.8,916.2,893.6,895.0,1908383
CHMF,2019-11-12,898.0,904.2,893.8,900.0,1398876
CHMF,2019-11-13,896.0,900.8,888.2,889.8,1283865
CHMF,2019-11-14,891.0,893.8,875.2,880.8,1655605
CHMF,2019-11-15,881.4,886.8,877.2,881.4,1064487
CHMF,2019-11-18,883.2,894.6,880.0,884.0,1274863
CHMF,2019-11-19,887.0,904.6,884.4,904.6,1935438
CHMF,2019-11-20,897.0,906.8,895.4,903.0,1203768
CHMF,2019-11-21,898.2,902.4,891.0,895.6,1241372
CHMF,2019-11-22,895.6,902.0,891.8,901.8,886852
CHMF,2019-11-25,903.8,919.0,903.0,917.0,1659515
CHMF,2019-11-26,914.8,920.8,906.0,909.6,2554381
CHMF,2019-11-27,914.0,915.0,906.0,911.2,798354
CHMF,2019-11-28,911.0,911.0,898.8,907.8,838128
CHMF,2019-11-29,907.6,909.4,900.0,908.0,1731038
CHMF,2019-12-02,884.2,891.0,878.6,885.0,2003694
CHMF,2019-12-03,882.0,885.8,870.4,874.6,1273336
CHMF,2019-12-04,879.2,879.2,865.0,875.4,965423
CHMF,2019-12-05,877.2,885.0,868.8,880.8,992263
CHMF,2019-12-06,880.2,885.0,878.0,883.0,627737
CHMF,2019-12-09,885.0,891.6,881.2,891.6,775753
CHMF,2019-12-10,892.0,892.0,885.0,888.8,1269071
CHMF,2019-12-11,888.0,897.8,886.8,896.6,958757
CHMF,2019-12-12,897.6,907.0,896.4,901.0,1352230
CHMF,2019-12-13,904.6,920.0,904.0,918.4,1501519
CHMF,2019-12-16,920.2,929.4,915.6,923.0,1016794
CHMF,2019-12-17,924.0,930.0,917.2,930.0,1273709
CHMF,2019-12-18,929.0,930.0,922.2,928.6,917977
CHMF,2019-12-19,928.8,928.8,914.6,928.4,1130662
CHMF,2019-12-20,926.6,928.0,919.0,926.4,567188
CHMF,2019-12-23,926.4,930.0,920.4,930.0,581718
CHMF,2019-12-24,930.0,936.0,925.6,927.4,388528
CHMF,2019-12-25,928.4,929.0,922.2,926.2,185214
CHMF,2019-12-26,927.4,929.8,924.2,929.4,262214
CHMF,2019-12-27,929.4,943.0,929.4,938.2,692375
CHMF,2019-12-30,940.0,943.8,936.0,937.6,477444
CHMF,2020-01-03,943.4,947.4,938.4,945.8,572085
CHMF,2020-01-06,945.0,945.6,923.2,929.0,737786
CHMF,2020-01-08,924.2,931.6,918.0,927.2,677136
CHMF,2020-01-09,926.0,937.0,926.0,928.2,1026964
CHMF,2020-01-10,932.0,937.4,928.4,937.4,461418
CHMF,2020-01-13,942.0,960.2,936.0,960.2,1325896
CHMF,2020-01-14,960.2,976.2,959.2,967.8,1740663
CHMF,2020-01-15,967.0,967.6,950.0,960.2,1423488
CHMF,2020-01-16,962.0,971.0,960.2,963.4,771921
CHMF,2020-01-17,964.8,978.0,961.0,977.2,1177606
CHMF,2020-01-20,980.0,1000.0,960.0,990.6,1250095
CHMF,2020-01-21,990.0,990.0,971.4,978.6,1112633
CHMF,2020-01-22,978.6,986.2,956.4,959.2,1198559
CHMF,2020-01-23,954.0,968.4,946.0,962.0,987729
CHMF,2020-01-24,964.4,973.0,955.8,956.2,534852
CHMF,2020-01-27,946.6,953.0,925.4,930.0,1295316
CHMF,2020-01-28,934.0,942.6,923.6,938.6,729688
CHMF,2020-01-29,945.6,947.6,933.6,941.2,629791
CHMF,2020-01-30,935.8,942.4,928.4,931.0,727443
CHMF,2020-01-31,940.2,941.2,911.4,911.4,1810778
CHMF,2020-02-03,909.8,918.2,904.2,904.2,1990021
CHMF,2020-02-04,908.2,924.8,908.0,912.4,1383486
CHMF,2020-02-05,916.0,934.6,912.0,923.4,1166916
CHMF,2020-02-06,927.0,934.6,918.2,925.0,1019357
CHMF,2020-02-07,925.2,935.4,920.0,935.4,913185
CHMF,2020-02-10,934.2,937.0,919.2,922.0,850348
CHMF,2020-02-11,926.6,932.4,923.0,923.4,956246
CHMF,2020-02-12,926.0,943.0,920.2,938.0,1336702
CHMF,2020-02-13,935.0,936.0,926.0,926.0,623628
CHMF,2020-02-14,929.8,933.2,921.4,928.0,508959
CHMF,2020-02-17,930.2,933.6,922.2,924.6,514460
CHMF,2020-02-18,922.4,924.4,913.2,914.6,835020
CHMF,2020-02-19,917.4,920.4,908.4,914.0,1104311
CHMF,2020-02-20,914.6,927.6,911.4,915.8,1259926
CHMF,2020-02-21,912.0,915.0,908.0,908.0,1181492
CHMF,2020-02-25,899.2,909.6,890.0,890.0,1676485
CHMF,2020-02-26,889.0,896.8,881.0,886.4,1851999
CHMF,2020-02-27,883.0,892.0,865.4,865.4,2323857
CHMF,2020-02-28,845.6,855.6,807.4,814.6,3894403
CHMF,2020-03-02,832.6,846.8,799.4,810.6,2447881
CHMF,2020-03-03,830.6,834.8,817.4,820.4,1959411
CHMF,2020-03-04,818.8,834.6,812.0,827.0,1266112
CHMF,2020-03-05,838.0,839.8,823.4,830.0,1705692
CHMF,2020-03-06,820.0,826.2,792.6,808.6,2152514
CHMF,2020-03-10,772.0,856.6,770.0,829.0,4374024
CHMF,2020-03-11,845.0,848.8,814.4,824.0,2477844
CHMF,2020-03-12,800.0,805.0,771.6,776.8,3272380
CHMF,2020-03-13,775.0,825.0,773.0,809.6,3036550
CHMF,2020-03-16,820.4,827.2,770.0,818.8,2190221
CHMF,2020-03-17,812.2,830.6,777.0,800.4,1920250
CHMF,2020-03-18,777.2,805.0,775.8,780.0,1909575
CHMF,2020-03-19,780.0,820.0,762.0,812.0,2200057
CHMF,2020-03-20,824.8,845.8,800.4,812.6,2197300
CHMF,2020-03-23,790.0,818.0,780.0,793.6,1427079
CHMF,2020-03-24,813.8,849.8,809.4,843.8,1877760
CHMF,2020-03-25,851.0,892.0,828.0,853.4,2298709
CHMF,2020-03-26,850.0,853.0,819.2,848.8,1331501
CHMF,2020-03-27,841.0,847.6,819.0,825.4,1022382
CHMF,2020-03-30,813.8,843.6,807.2,843.6,1005881
CHMF,2020-03-31,848.4,873.0,837.4,866.6,2175316
CHMF,2020-04-01,851.4,863.2,845.0,848.4,1203338
CHMF,2020-04-02,855.0,872.0,838.0,859.6,1170281
CHMF,2020-04-03,859.2,885.0,856.6,882.0,2013875
CHMF,2020-04-06,887.0,898.0,876.6,892.8,1051458
CHMF,2020-04-07,900.0,904.0,882.4,888.0,1647323
CHMF,2020-04-08,884.0,899.2,878.0,899.2,814791
CHMF,2020-04-09,900.0,905.0,885.2,905.0,1321526
CHMF,2020-04-10,903.6,903.6,892.8,900.0,309054
CHMF,2020-04-13,899.0,900.6,881.4,882.2,512522
CHMF,2020-04-14,890.0,901.4,887.8,899.0,954616
CHMF,2020-04-15,894.0,896.0,853.4,861.2,1299209
CHMF,2020-04-16,862.6,882.2,854.0,857.4,1392295
CHMF,2020-04-17,869.4,877.2,862.2,864.6,605614
CHMF,2020-04-20,862.2,880.8,858.6,874.2,996899
CHMF,2020-04-21,871.0,871.8,850.4,866.0,1414886
CHMF,2020-04-22,865.8,879.0,861.2,868.6,1455305
CHMF,2020-04-23,874.0,874.6,860.0,870.0,996425
CHMF,2020-04-24,869.4,870.8,861.0,862.4,1004556
CHMF,2020-04-27,866.8,874.8,863.2,869.0,897341
CHMF,2020-04-28,871.8,886.0,864.2,870.0,1261524
CHMF,2020-04-29,875.6,890.8,870.6,875.6,1198552
CHMF,2020-04-30,879.8,892.4,870.4,889.6,1425775
CHMF,2020-05-04,881.0,881.2,866.0,871.0,881382
CHMF,2020-05-05,876.4,880.8,870.4,873.2,542254
CHMF,2020-05-06,877.0,883.4,870.0,870.6,819544
CHMF,2020-05-07,874.6,881.6,869.2,869.2,1107846
CHMF,2020-05-08,873.0,873.8,866.6,871.4,519532
CHMF,2020-05-12,862.4,867.6,853.4,853.4,1381364
CHMF,2020-05-13,852.0,853.6,838.0,838.0,992737
CHMF,2020-05-14,837.8,841.0,818.4,823.4,1569346
CHMF,2020-05-15,828.4,842.6,824.2,824.2,1155227
CHMF,2020-05-18,831.4,861.0,831.4,861.0,1126079
CHMF,2020-05-19,861.4,868.4,855.0,862.4,1004459
CHMF,2020-05-20,862.0,885.2,855.0,884.4,1122615
CHMF,2020-05-21,884.4,895.8,862.0,863.6,1395123
CHMF,2020-05-22,857.2,875.0,854.2,872.0,1182336
CHMF,2020-05-25,874.0,909.0,873.0,908.0,1508485
CHMF,2020-05-26,909.2,923.0,905.0,905.0,1999576
CHMF,2020-05-27,911.8,923.0,906.4,919.4,1235601
CHMF,2020-05-28,922.0,940.0,915.4,940.0,1343878
CHMF,2020-05-29,936.2,940.0,922.4,934.6,1984697
CHMF,2020-06-01,940.6,946.2,928.0,939.0,968625
CHMF,2020-06-02,938.4,948.0,937.4,945.0,991598
CHMF,2020-06-03,950.6,954.6,941.6,954.6,1461257
CHMF,2020-06-04,950.0,953.2,934.4,940.6,1159586
CHMF,2020-06-05,945.6,951.8,942.4,949.0,697047
CHMF,2020-06-08,952.4,956.6,944.0,944.0,1141255
CHMF,2020-06-09,946.6,954.0,938.0,948.0,1287968
CHMF,2020-06-10,950.0,952.8,942.6,950.4,1205654
CHMF,2020-06-11,945.0,950.0,936.2,939.0,2370720
CHMF,2020-06-15,885.0,892.4,876.4,879.2,2132859
CHMF,2020-06-16,884.4,897.0,880.0,880.0,1503226
CHMF,2020-06-17,884.2,889.2,876.6,883.6,1300940
CHMF,2020-06-18,883.8,884.8,869.2,874.4,1386099
CHMF,2020-06-19,879.8,882.6,871.6,872.2,1808768
CHMF,2020-06-22,873.2,874.0,862.2,870.6,1162866
CHMF,2020-06-23,870.4,878.0,868.0,872.0,753462
CHMF,2020-06-25,865.2,867.4,856.4,861.4,1231065
CHMF,2020-06-26,863.4,864.8,847.2,851.6,1322305
CHMF,2020-06-29,850.0,855.0,841.0,854.8,872222
CHMF,2020-06-30,855.4,870.8,852.6,864.0,1291369
CHMF,2020-07-02,867.2,874.8,863.6,869.0,655644
CHMF,2020-07-03,868.2,887.8,866.0,884.2,896409
CHMF,2020-07-06,892.0,906.0,890.2,901.0,1602502
CHMF,2020-07-07,902.4,903.6,881.4,892.2,869804
CHMF,2020-07-08,890.0,897.4,886.0,894.0,501238
CHMF,2020-07-09,894.0,896.8,867.8,876.2,1012890
CHMF,2020-07-10,866.8,882.4,866.8,880.2,621305
CHMF,2020-07-13,882.8,889.0,870.6,872.8,572650
CHMF,2020-07-14,875.0,879.2,862.4,876.0,896828
CHMF,2020-07-15,880.0,891.0,875.4,883.8,839690
CHMF,2020-07-16,877.8,884.6,874.0,879.8,646193
CHMF,2020-07-17,880.0,884.0,875.4,878.2,427079
CHMF,2020-07-20,878.4,887.6,874.0,887.6,750443
CHMF,2020-07-21,890.6,902.4,890.4,894.2,1076087
CHMF,2020-07-22,895.0,899.6,886.6,896.6,886694
CHMF,2020-07-23,899.6,901.6,889.0,889.6,902839
CHMF,2020-07-24,889.8,897.0,885.2,894.2,612624
CHMF,2020-07-27,894.8,912.6,893.8,909.6,897866
CHMF,2020-07-28,912.6,925.2,911.6,919.2,1172547
CHMF,2020-07-29,920.0,928.6,915.6,925.4,871548
CHMF,2020-07-30,925.4,925.6,896.0,908.4,1280744
CHMF,2020-07-31,912.0,920.0,904.0,912.6,990900
CHMF,2020-08-03,912.6,920.0,910.0,916.8,672613
CHMF,2020-08-04,920.0,935.0,918.0,934.6,1192748
CHMF,2020-08-05,935.0,942.0,929.4,940.6,1148152
CHMF,2020-08-06,941.0,946.0,933.6,939.8,706720
CHMF,2020-08-07,938.2,940.0,912.4,924.8,1189970
CHMF,2020-08-10,925.8,934.0,925.2,933.2,629903
CHMF,2020-08-11,934.0,952.0,933.2,944.4,1728807
CHMF,2020-08-12,941.8,978.0,941.8,973.6,1700398
CHMF,2020-08-13,973.8,976.6,962.8,970.0,1112824
CHMF,2020-08-14,972.8,974.0,956.2,965.6,795989
CHMF,2020-08-17,969.8,974.0,957.2,968.4,795838
CHMF,2020-08-18,965.0,971.0,959.4,960.8,936330
CHMF,2020-08-19,963.0,974.0,956.6,966.0,745399
CHMF,2020-08-20,965.4,968.4,951.8,957.8,827747
CHMF,2020-08-21,959.0,963.8,946.6,960.2,764914
CHMF,2020-08-24,964.4,969.0,961.2,962.6,524033
CHMF,2020-08-25,966.4,968.8,955.8,962.8,722658
CHMF,2020-08-26,963.0,965.0,956.2,962.4,638077
CHMF,2020-08-27,963.0,964.8,948.6,952.2,789471
CHMF,2020-08-28,954.4,954.4,941.0,943.6,550438
CHMF,2020-08-31,945.0,952.2,929.2,931.0,1371584
CHMF,2020-09-01,934.6,947.6,919.6,946.4,1332108
CHMF,2020-09-02,948.4,959.4,941.0,951.0,1350894
CHMF,2020-09-03,951.0,957.0,942.0,943.6,1128128
CHMF,2020-09-04,942.4,949.2,932.4,947.4,1252726
CHMF,2020-09-07,931.0,933.0,925.6,929.6,924283
CHMF,2020-09-08,930.0,936.8,926.0,928.6,1360982
CHMF,2020-09-09,928.0,947.4,927.0,943.6,1605101
CHMF,2020-09-10,947.8,975.2,939.8,966.0,2037730
CHMF,2020-09-11,970.8,973.0,964.2,968.0,1030384
CHMF,2020-09-14,974.2,990.4,971.0,987.4,1160356
CHMF,2020-09-15,990.0,998.0,986.0,997.0,1321231
CHMF,2020-09-16,996.8,998.2,977.0,987.2,1289377
CHMF,2020-09-17,983.8,994.6,980.8,989.8,784894
CHMF,2020-09-18,992.0,992.0,973.4,976.0,1056606
CHMF,2020-09-21,979.0,979.0,960.0,972.2,950030
CHMF,2020-09-22,967.4,981.6,966.6,976.2,879993
CHMF,2020-09-23,976.8,983.6,967.2,968.0,1261901
CHMF,2020-09-24,974.8,979.0,962.2,975.0,800940
CHMF,2020-09-25,973.4,987.0,967.8,984.6,701354
CHMF,2020-09-28,985.8,995.2,975.6,983.0,883204
CHMF,2020-09-29,984.0,1013.8,981.2,1008.0,1686515
CHMF,2020-09-30,1010.0,1010.6,988.4,992.0,852706
CHMF,2020-10-01,998.0,1003.4,986.8,996.6,581406
CHMF,2020-10-02,994.0,1005.6,988.0,1001.6,516439
CHMF,2020-10-05,1004.4,1012.0,997.6,1005.4,867394
CHMF,2020-10-06,1008.6,1008.6,992.4,998.8,743738
CHMF,2020-10-07,996.0,1003.6,990.2,994.8,784591
CHMF,2020-10-08,993.0,1007.8,993.0,1000.2,705283
CHMF,2020-10-09,1004.2,1007.0,995.4,999.6,458057
CHMF,2020-10-12,1004.6,1012.0,998.2,1010.0,573282
CHMF,2020-10-13,1008.4,1016.2,989.2,993.0,732303
CHMF,2020-10-14,984.4,1007.6,984.4,1005.0,677638
CHMF,2020-10-15,1006.8,1006.8,997.0,1001.8,551668
CHMF,2020-10-16,1001.8,1006.8,992.6,995.2,609250
CHMF,2020-10-19,999.8,1000.8,982.0,988.0,459362
CHMF,2020-10-20,988.6,1008.8,988.0,1005.8,655970
CHMF,2020-10-21,1007.8,1017.6,1002.0,1009.2,659381
CHMF,2020-10-22,1015.4,1062.6,1014.8,1061.8,2211933
CHMF,2020-10-23,1061.4,1070.0,1052.2,1067.0,1063244
CHMF,2020-10-26,1064.0,1071.6,1042.0,1063.0,767481
CHMF,2020-10-27,1064.0,1081.0,1059.6,1062.8,1352491
CHMF,2020-10-28,1058.2,1061.0,1035.0,1040.2,1448061
CHMF,2020-10-29,1042.0,1060.8,1039.0,1056.0,896974
CHMF,2020-10-30,1051.2,1092.2,1038.0,1085.0,1485181
CHMF,2020-11-02,1085.0,1099.8,1067.0,1093.0,925501
CHMF,2020-11-03,1100.0,1113.8,1087.4,1107.2,930609
CHMF,2020-11-05,1119.4,1124.8,1066.8,1081.0,2475353
CHMF,2020-11-06,1074.0,1095.6,1065.4,1090.8,1303570
CHMF,2020-11-09,1100.0,1106.8,1083.0,1098.0,1587042
CHMF,2020-11-10,1097.6,1099.0,1081.6,1093.2,1247619
CHMF,2020-11-11,1095.0,1102.6,1087.6,1096.4,1032866
CHMF,2020-11-12,1095.6,1104.8,1082.6,1091.4,1209948
CHMF,2020-11-13,1091.6,1110.0,1085.0,1109.0,971938
CHMF,2020-11-16,1114.8,1134.8,1111.4,1132.0,1313000
CHMF,2020-11-17,1132.6,1134.0,1106.0,1116.2,1217968
CHMF,2020-11-18,1118.0,1124.0,1107.4,1117.8,888519
CHMF,2020-11-19,1114.0,1121.4,1095.4,1105.4,802330
CHMF,2020-11-20,1096.4,1108.0,1096.2,1107.2,417248
CHMF,2020-11-23,1107.2,1122.8,1107.2,1115.0,840548
CHMF,2020-11-24,1117.4,1144.8,1115.4,1139.0,1239056
CHMF,2020-11-25,1140.0,1143.0,1121.0,1128.0,1328395
CHMF,2020-11-26,1125.0,1149.2,1123.6,1147.2,1194186
CHMF,2020-11-27,1149.0,1154.8,1132.8,1147.2,1053360
CHMF,2020-11-30,1145.0,1149.0,1119.6,1131.8,2250165
CHMF,2020-12-01,1136.2,1146.8,1128.8,1144.0,974899
CHMF,2020-12-02,1145.0,1170.2,1142.0,1159.4,1688034
CHMF,2020-12-03,1164.8,1164.8,1135.2,1146.6,1489957
CHMF,2020-12-04,1156.8,1190.4,1151.8,1188.8,2287777
CHMF,2020-12-07,1150.2,1184.0,1148.8,1163.0,3207307
CHMF,2020-12-08,1162.0,1210.0,1147.8,1165.8,3030854
CHMF,2020-12-09,1167.8,1185.8,1165.0,1170.2,1322465
CHMF,2020-12-10,1172.2,1209.0,1172.2,1204.0,1562023
CHMF,2020-12-11,1201.6,1239.2,1200.2,1224.6,1687171
CHMF,2020-12-14,1235.0,1294.0,1203.4,1268.6,4106155
CHMF,2020-12-15,1269.0,1289.6,1251.4,1267.0,1462104
CHMF,2020-12-16,1264.2,1283.0,1244.2,1269.0,1418997
CHMF,2020-12-17,1279.8,1279.8,1241.8,1251.0,1569841
CHMF,2020-12-18,1244.0,1278.4,1217.4,1263.6,1859868
CHMF,2020-12-21,1254.0,1278.0,1218.6,1252.0,1904035
CHMF,2020-12-22,1247.8,1295.6,1244.0,1286.2,1299439
CHMF,2020-12-23,1292.0,1302.4,1280.0,1298.0,857771
CHMF,2020-12-24,1295.6,1327.4,1289.4,1321.2,891467
CHMF,2020-12-25,1329.2,1378.6,1324.6,1363.4,1329249
CHMF,2020-12-28,1356.2,1378.2,1345.6,1374.4,1327994
CHMF,2020-12-29,1375.2,1392.6,1310.2,1337.8,2333083
CHMF,2020-12-30,1335.2,1349.4,1312.2,1323.2,1388097
CHMF,2021-01-04,1324.0,1364.0,1324.0,1343.2,999393
CHMF,2021-01-05,1338.0,1344.6,1298.6,1334.2,2043795
CHMF,2021-01-06,1334.0,1340.6,1317.8,1326.4,840831
CHMF,2021-01-08,1333.0,1384.8,1332.8,1369.2,1690048
CHMF,2021-01-11,1372.0,1384.6,1324.4,1351.2,1417649
CHMF,2021-01-12,1346.0,1361.6,1318.0,1332.8,1343224
CHMF,2021-01-13,1332.0,1343.8,1303.0,1315.6,1473405
CHMF,2021-01-14,1306.0,1382.8,1286.6,1367.6,2844748
CHMF,2021-01-15,1366.0,1394.4,1340.4,1344.8,1743891
CHMF,2021-01-18,1352.0,1361.4,1313.0,1347.8,1701712
CHMF,2021-01-19,1363.0,1365.2,1335.2,1340.4,1003197
CHMF,2021-01-20,1340.6,1352.6,1333.0,1340.0,1048089
CHMF,2021-01-21,1345.0,1354.0,1323.6,1344.4,1322274
CHMF,2021-01-22,1336.0,1341.8,1304.0,1320.4,1546458
CHMF,2021-01-25,1328.0,1337.0,1290.8,1313.0,1656031
CHMF,2021-01-26,1309.2,1327.2,1295.0,1316.2,929465
CHMF,2021-01-27,1326.0,1333.4,1273.2,1280.6,2021307
CHMF,2021-01-28,1275.0,1288.8,1263.2,1279.6,1425153
CHMF,2021-01-29,1275.0,1281.8,1252.6,1262.8,1901513
CHMF,2021-02-01,1271.6,1285.0,1263.8,1278.4,1247995
CHMF,2021-02-02,1287.8,1299.4,1280.2,1287.0,1072246
CHMF,2021-02-03,1293.2,1298.6,1272.8,1284.0,822349
CHMF,2021-02-04,1287.4,1313.0,1283.6,1299.6,1786812
CHMF,2021-02-05,1306.8,1308.0,1277.0,1287.0,1158179
CHMF,2021-02-08,1288.0,1306.4,1285.0,1296.4,1297139
CHMF,2021-02-09,1302.8,1304.0,1281.6,1287.6,785973
CHMF,2021-02-10,1285.0,1295.6,1275.0,1283.0,823481
CHMF,2021-02-11,1281.0,1284.8,1273.4,1277.2,527056
CHMF,2021-02-12,1275.6,1289.8,1247.6,1287.2,982822
CHMF,2021-02-15,1290.0,1299.2,1277.0,1287.8,880350
CHMF,2021-02-16,1289.8,1303.0,1280.4,1301.0,940534
CHMF,2021-02-17,1301.0,1305.0,1286.0,1293.0,945929
CHMF,2021-02-18,1291.0,1294.6,1275.0,1280.8,961939
CHMF,2021-02-19,1280.6,1319.4,1271.0,1308.4,984716
CHMF,2021-02-20,1312.0,1320.0,1299.0,1311.8,234891
CHMF,2021-02-22,1320.0,1345.6,1303.8,1334.6,1560142
CHMF,2021-02-24,1324.4,1330.0,1292.4,1304.4,1286604
CHMF,2021-02-25,1306.0,1363.4,1305.8,1341.0,2354896
CHMF,2021-02-26,1330.0,1368.2,1325.8,1343.6,2507413
CHMF,2021-03-01,1350.0,1374.4,1328.6,1366.8,1241712
CHMF,2021-03-02,1364.6,1380.0,1351.2,1360.0,1111203
CHMF,2021-03-03,1358.0,1381.0,1358.0,1375.4,1508603
CHMF,2021-03-04,1377.4,1380.2,1327.2,1333.0,1374606
CHMF,2021-03-05,1340.6,1341.2,1321.6,1339.0,1105114
CHMF,2021-03-09,1345.0,1350.6,1286.6,1315.6,2106488
CHMF,2021-03-10,1310.0,1340.0,1301.4,1334.4,1424670
CHMF,2021-03-11,1344.6,1366.8,1339.8,1361.0,1272278
CHMF,2021-03-12,1369.0,1414.4,1350.0,1408.0,1895721
CHMF,2021-03-15,1398.8,1450.8,1398.0,1436.2,1687699
CHMF,2021-03-16,1444.4,1445.6,1410.0,1435.2,1275797
CHMF,2021-03-17,1431.0,1440.6,1414.4,1417.0,1061678
CHMF,2021-03-18,1420.6,1440.6,1406.2,1411.4,999901
CHMF,2021-03-19,1417.4,1441.8,1407.2,1422.6,1890799
CHMF,2021-03-22,1425.0,1425.0,1403.6,1411.8,743680
CHMF,2021-03-23,1415.0,1415.0,1371.6,1378.6,1325640
CHMF,2021-03-24,1388.0,1413.6,1362.4,1397.6,1129590
CHMF,2021-03-25,1402.0,1420.6,1375.0,1396.6,1883276
CHMF,2021-03-26,1398.0,1429.0,1398.0,1426.2,1757038
CHMF,2021-03-29,1422.0,1451.8,1413.2,1441.2,2361813
CHMF,2021-03-30,1452.2,1486.2,1450.0,1480.6,1569618
CHMF,2021-03-31,1481.0,1553.2,1477.2,1534.6,2300742
CHMF,2021-04-01,1540.0,1560.0,1492.4,1509.2,2181367
CHMF,2021-04-02,1510.0,1531.4,1503.0,1528.2,537776
CHMF,2021-04-05,1529.8,1529.8,1497.2,1507.8,767914
CHMF,2021-04-06,1510.2,1527.8,1493.0,1503.0,1478143
CHMF,2021-04-07,1490.0,1533.0,1467.2,1521.8,2244336
CHMF,2021-04-08,1537.0,1556.2,1521.2,1553.0,1275434
CHMF,2021-04-09,1555.0,1558.0,1525.2,1537.8,837248
CHMF,2021-04-12,1534.6,1610.0,1530.8,1607.8,1594703
CHMF,2021-04-13,1609.0,1650.0,1605.0,1632.2,2217133
CHMF,2021-04-14,1642.0,1647.6,1596.8,1611.8,1327988
CHMF,2021-04-15,1600.0,1671.0,1592.6,1668.6,1407135
CHMF,2021-04-16,1677.8,1769.4,1671.2,1768.8,2483924
CHMF,2021-04-19,1773.0,1819.0,1722.0,1735.6,3580314
CHMF,2021-04-20,1745.0,1776.0,1731.4,1749.0,1775503
CHMF,2021-04-21,1760.0,1828.6,1752.2,1827.8,2574715
CHMF,2021-04-22,1830.0,1911.2,1802.4,1874.8,3604401
CHMF,2021-04-23,1871.6,1889.6,1852.8,1881.2,1635746
CHMF,2021-04-26,1877.4,1905.0,1855.0,1876.0,2064637
CHMF,2021-04-27,1875.6,1877.6,1779.6,1811.8,3732143
CHMF,2021-04-28,1804.0,1836.8,1769.0,1795.2,2222545
CHMF,2021-04-29,1801.0,1817.2,1787.4,1811.6,803086
CHMF,2021-04-30,1810.0,1810.0,1757.6,1774.0,1458565
CHMF,2021-05-04,1777.4,1792.4,1730.2,1757.8,1663831
CHMF,2021-05-05,1759.0,1760.0,1700.4,1752.2,1967500
CHMF,2021-05-06,1757.6,1769.4,1722.6,1760.0,1770475
CHMF,2021-05-07,1760.0,1837.0,1759.4,1835.6,2387799
CHMF,2021-05-10,1836.0,1864.0,1822.0,1831.2,1300350
CHMF,2021-05-11,1826.2,1845.6,1803.6,1827.8,1165207
CHMF,2021-05-12,1825.2,1847.0,1813.8,1819.2,857115
CHMF,2021-05-13,1823.0,1827.2,1764.2,1789.0,1774473
CHMF,2021-05-14,1780.0,1789.8,1751.2,1780.0,1157465
CHMF,2021-05-17,1779.8,1791.8,1753.0,1772.8,754540
CHMF,2021-05-18,1781.0,1815.8,1762.2,1783.8,1720281
CHMF,2021-05-19,1783.8,1787.8,1752.8,1767.8,1471576
CHMF,2021-05-20,1762.0,1824.6,1762.0,1813.0,1945127
CHMF,2021-05-21,1822.0,1822.0,1770.2,1783.4,1342365
CHMF,2021-05-24,1779.0,1787.2,1765.6,1784.0,666405
CHMF,2021-05-25,1780.2,1800.0,1768.6,1789.0,878796
CHMF,2021-05-26,1786.2,1796.0,1731.4,1754.4,2056264
CHMF,2021-05-27,1757.4,1778.6,1734.4,1756.2,2545395
CHMF,2021-05-28,1750.0,1775.0,1739.0,1758.2,2281710
CHMF,2021-05-31,1680.0,1696.8,1652.0,1686.0,2235220
CHMF,2021-06-01,1686.0,1697.6,1675.8,1695.2,1345374
CHMF,2021-06-02,1700.8,1705.0,1662.6,1681.6,1646412
CHMF,2021-06-03,1683.2,1692.6,1654.4,1663.6,1540028
CHMF,2021-06-04,1662.8,1671.0,1605.2,1646.6,2116625
CHMF,2021-06-07,1645.0,1689.2,1628.6,1685.4,1303623
CHMF,2021-06-08,1685.0,1704.2,1643.0,1658.8,1891194
CHMF,2021-06-09,1661.4,1661.6,1634.0,1655.0,1259126
CHMF,2021-06-10,1653.2,1700.0,1645.8,1691.0,2213376
CHMF,2021-06-11,1692.0,1750.8,1685.0,1733.8,2248119
CHMF,2021-06-14,1735.0,1758.0,1708.6,1721.2,1038677
CHMF,2021-06-15,1715.6,1727.8,1690.0,1695.0,1327210
CHMF,2021-06-16,1690.4,1694.2,1660.2,1661.4,1342217
CHMF,2021-06-17,1660.0,1665.6,1627.6,1636.6,1782540
CHMF,2021-06-18,1632.2,1643.2,1603.0,1620.0,2144874
CHMF,2021-06-21,1617.8,1619.8,1578.8,1613.0,2337980
CHMF,2021-06-22,1618.0,1624.8,1586.0,1603.0,1099693
CHMF,2021-06-23,1603.0,1617.2,1591.8,1600.6,895208
CHMF,2021-06-24,1600.0,1616.2,1484.2,1581.6,5659223
CHMF,2021-06-25,1575.0,1592.6,1535.4,1566.2,3648010
CHMF,2021-06-28,1566.2,1597.8,1551.6,1571.4,1919802
CHMF,2021-06-29,1574.4,1578.0,1531.2,1540.6,1263903
CHMF,2021-06-30,1543.6,1579.6,1530.0,1577.4,1585177
CHMF,2021-07-01,1577.0,1593.4,1556.2,1570.0,1013032
CHMF,2021-07-02,1561.4,1587.0,1561.4,1574.0,691625
CHMF,2021-07-05,1570.0,1573.8,1546.6,1555.0,990292
CHMF,2021-07-06,1560.0,1561.4,1511.0,1528.2,1247478
CHMF,2021-07-07,1534.0,1590.0,1531.6,1590.0,1465875
CHMF,2021-07-08,1591.4,1620.8,1552.2,1561.0,1691122
CHMF,2021-07-09,1555.6,1629.4,1555.6,1624.8,1876539
CHMF,2021-07-12,1628.0,1640.4,1604.0,1631.8,1334994
CHMF,2021-07-13,1630.0,1676.4,1620.8,1671.0,2038479
CHMF,2021-07-14,1671.2,1690.0,1646.0,1652.4,1645961
CHMF,2021-07-15,1656.8,1684.2,1646.4,1680.2,1472554
CHMF,2021-07-16,1704.0,1718.2,1642.6,1663.6,2593405
CHMF,2021-07-19,1661.6,1677.8,1642.8,1673.6,1668580
CHMF,2021-07-20,1678.2,1724.0,1675.8,1716.6,2815842
CHMF,2021-07-21,1720.0,1729.8,1704.2,1711.8,1498891
CHMF,2021-07-22,1717.0,1741.8,1710.6,1739.0,1570242
CHMF,2021-07-23,1738.8,1753.0,1727.6,1741.6,985471
CHMF,2021-07-26,1730.0,1749.2,1714.0,1748.6,1026591
CHMF,2021-07-27,1749.8,1789.0,1742.8,1783.2,1939502
CHMF,2021-07-28,1787.4,1804.0,1770.2,1788.0,1166164
CHMF,2021-07-29,1799.2,1810.4,1775.6,1795.4,1294490
CHMF,2021-07-30,1797.0,1808.0,1776.2,1799.4,2537502
CHMF,2021-08-02,1799.8,1814.8,1781.6,1786.0,1034651
CHMF,2021-08-03,1782.6,1795.0,1776.4,1792.8,757920
CHMF,2021-08-04,1796.0,1806.0,1782.2,1789.6,755498
CHMF,2021-08-05,1799.0,1799.0,1783.0,1796.8,813260
CHMF,2021-08-06,1800.6,1803.6,1756.2,1759.8,1179789
CHMF,2021-08-09,1756.6,1757.4,1726.8,1736.0,1697186
CHMF,2021-08-10,1748.6,1777.6,1734.8,1775.0,1294889
CHMF,2021-08-11,1777.0,1788.2,1761.0,1767.4,764834
CHMF,2021-08-12,1767.0,1768.4,1737.4,1744.2,876967
CHMF,2021-08-13,1740.0,1755.0,1729.0,1747.8,648923
CHMF,2021-08-16,1745.0,1774.2,1742.8,1761.2,764139
CHMF,2021-08-17,1754.0,1759.8,1738.6,1743.2,1155161
CHMF,2021-08-18,1744.2,1751.2,1699.0,1707.2,1365467
CHMF,2021-08-19,1693.8,1699.0,1660.4,1683.8,1693051
CHMF,2021-08-20,1692.4,1698.4,1653.8,1669.0,1082452
CHMF,2021-08-23,1673.6,1695.0,1663.2,1690.2,1073251
CHMF,2021-08-24,1695.0,1705.0,1676.4,1688.6,1430579
CHMF,2021-08-25,1688.6,1716.4,1683.4,1709.2,1311916
CHMF,2021-08-26,1709.0,1716.4,1695.8,1698.8,1209772
CHMF,2021-08-27,1705.0,1734.4,1692.2,1734.4,1560314
CHMF,2021-08-30,1742.0,1754.0,1734.4,1739.4,1241425
CHMF,2021-08-31,1746.0,1749.2,1713.2,1722.4,2447696
CHMF,2021-09-01,1647.6,1668.8,1622.6,1661.0,2959328
CHMF,2021-09-02,1656.2,1704.0,1643.2,1671.8,2486659
CHMF,2021-09-03,1671.6,1678.2,1634.6,1648.0,2095340
CHMF,2021-09-06,1645.0,1671.2,1640.0,1663.0,951075
CHMF,2021-09-07,1668.0,1673.6,1650.0,1662.0,720508
CHMF,2021-09-08,1668.4,1668.4,1654.6,1657.4,807907
CHMF,2021-09-09,1654.8,1655.8,1612.6,1615.4,1726788
CHMF,2021-09-10,1620.4,1647.0,1606.0,1635.0,1336336
CHMF,2021-09-13,1638.2,1655.2,1623.6,1648.8,1083817
CHMF,2021-09-14,1647.6,1647.6,1615.2,1622.4,1441902
CHMF,2021-09-15,1622.4,1651.2,1598.4,1630.8,2131783
CHMF,2021-09-16,1624.0,1630.0,1606.0,1609.0,1092771
CHMF,2021-09-17,1610.0,1613.0,1563.8,1571.0,1887093
CHMF,2021-09-20,1554.8,1561.0,1505.0,1510.2,2257703
CHMF,2021-09-21,1524.6,1536.4,1496.0,1521.8,2327131
CHMF,2021-09-22,1535.0,1581.0,1521.8,1561.0,1827619
CHMF,2021-09-23,1573.0,1580.0,1536.0,1579.4,1934560
CHMF,2021-09-24,1579.6,1599.8,1543.8,1563.4,1510518
CHMF,2021-09-27,1566.2,1590.0,1557.0,1568.0,985721
CHMF,2021-09-28,1572.2,1572.2,1524.0,1533.2,1164478
CHMF,2021-09-29,1535.0,1554.6,1528.0,1543.2,1147919
CHMF,2021-09-30,1549.8,1550.0,1510.0,1520.0,1379362
CHMF,2021-10-01,1515.4,1515.6,1491.0,1504.8,1802572
CHMF,2021-10-04,1505.0,1507.8,1439.0,1462.4,2212765
CHMF,2021-10-05,1452.6,1485.0,1430.2,1485.0,2453314
CHMF,2021-10-06,1472.0,1549.8,1462.6,1538.0,2434433
CHMF,2021-10-07,1540.2,1575.0,1528.2,1560.0,2254338
CHMF,2021-10-08,1560.0,1609.4,1541.2,1584.2,2289652
CHMF,2021-10-11,1591.0,1604.0,1570.4,1595.6,1349129
CHMF,2021-10-12,1594.0,1599.0,1575.2,1591.4,1240605
CHMF,2021-10-13,1598.0,1605.0,1572.0,1586.6,1464426
CHMF,2021-10-14,1595.2,1605.0,1579.0,1595.6,1269053
CHMF,2021-10-15,1598.8,1599.8,1544.0,1567.6,1867082
CHMF,2021-10-18,1591.0,1640.8,1576.0,1639.6,3642466
CHMF,2021-10-19,1646.0,1664.8,1618.4,1652.2,2548227
CHMF,2021-10-20,1648.0,1650.6,1612.4,1627.8,1637210
CHMF,2021-10-21,1616.2,1655.8,1614.2,1628.0,1719319
CHMF,2021-10-22,1626.8,1641.6,1618.0,1621.0,1252255
CHMF,2021-10-25,1618.6,1644.2,1618.6,1632.2,1142534
CHMF,2021-10-26,1632.0,1654.4,1625.4,1633.4,1474532
CHMF,2021-10-27,1630.2,1638.0,1611.2,1630.0,973338
CHMF,2021-10-28,1629.8,1635.2,1596.0,1619.4,1948565
CHMF,2021-10-29,1617.0,1624.6,1609.6,1614.2,1062778
CHMF,2021-11-01,1615.0,1664.0,1605.6,1662.4,1194892
CHMF,2021-11-02,1660.0,1665.0,1639.0,1647.4,976340
CHMF,2021-11-03,1645.0,1657.0,1635.2,1651.0,703632
CHMF,2021-11-05,1651.0,1657.0,1617.0,1632.2,996540
CHMF,2021-11-08,1633.0,1672.0,1633.0,1665.8,1092174
CHMF,2021-11-09,1663.0,1694.6,1655.0,1674.6,1216574
CHMF,2021-11-10,1678.2,1682.0,1623.0,1641.0,1224003
CHMF,2021-11-11,1644.8,1680.0,1632.0,1666.0,1090651
CHMF,2021-11-12,1662.0,1679.0,1645.2,1676.4,1257227
CHMF,2021-11-15,1673.2,1690.8,1665.0,1667.4,894131
CHMF,2021-11-16,1678.8,1678.8,1662.0,1669.4,708588
CHMF,2021-11-17,1675.8,1683.8,1668.0,1671.4,717425
CHMF,2021-11-18,1671.4,1709.4,1668.2,1695.0,1266594
CHMF,2021-11-19,1700.0,1708.0,1655.6,1673.8,1141630
CHMF,2021-11-22,1670.6,1673.0,1621.0,1663.6,1555283
CHMF,2021-11-23,1651.0,1677.0,1627.4,1667.8,1969613
CHMF,2021-11-24,1672.0,1676.4,1650.2,1655.2,882045
CHMF,2021-11-25,1651.6,1666.0,1650.0,1656.2,438712
CHMF,2021-11-26,1647.2,1647.2,1590.0,1592.4,1266767
CHMF,2021-11-29,1601.4,1638.0,1601.4,1621.2,807196
CHMF,2021-11-30,1607.6,1616.8,1547.6,1564.6,3056972
CHMF,2021-12-01,1566.8,1594.6,1554.6,1563.0,1406161
CHMF,2021-12-02,1568.8,1588.8,1557.2,1587.4,1133983
CHMF,2021-12-03,1598.6,1612.2,1556.6,1570.2,1215986
CHMF,2021-12-06,1571.2,1585.8,1537.2,1556.0,1059869
CHMF,2021-12-07,1556.0,1608.4,1551.2,1603.4,1386211
CHMF,2021-12-08,1600.0,1630.2,1579.8,1595.6,1694185
CHMF,2021-12-09,1595.6,1604.8,1572.2,1589.8,1525129
CHMF,2021-12-10,1590.2,1604.2,1583.2,1595.6,2066460
CHMF,2021-12-13,1515.2,1523.8,1482.2,1482.8,2119730
CHMF,2021-12-14,1491.0,1494.8,1321.2,1466.2,2347379
CHMF,2021-12-15,1461.2,1478.4,1424.6,1452.2,1674833
CHMF,2021-12-16,1455.0,1518.4,1450.0,1507.0,1578426
CHMF,2021-12-17,1500.0,1511.6,1480.2,1502.8,1104756
CHMF,2021-12-20,1499.6,1522.0,1476.4,1512.0,1041504
CHMF,2021-12-21,1510.0,1547.0,1510.0,1545.4,1061381
CHMF,2021-12-22,1547.8,1570.0,1526.0,1561.0,884185
CHMF,2021-12-23,1567.0,1579.0,1553.8,1561.0,936108
CHMF,2021-12-24,1560.0,1580.0,1550.4,1578.0,462768
CHMF,2021-12-27,1578.0,1599.6,1573.2,1588.6,560748
CHMF,2021-12-28,1583.8,1595.8,1570.2,1587.6,1334051
CHMF,2021-12-29,1587.6,1594.0,1556.8,1570.4,1046964
CHMF,2021-12-30,1568.0,1606.6,1557.2,1604.2,863010
CHMF,2022-01-03,1600.4,1621.0,1594.0,1619.8,455403
CHMF,2022-01-04,1620.0,1625.6,1598.0,1603.4,515503
CHMF,2022-01-05,1603.4,1617.4,1562.6,1575.2,755210
CHMF,2022-01-06,1570.0,1610.4,1562.2,1584.0,562494
CHMF,2022-01-10,1580.0,1600.0,1540.2,1554.6,941328
CHMF,2022-01-11,1560.0,1594.4,1545.0,1572.4,1001411
CHMF,2022-01-12,1572.4,1593.0,1562.0,1591.2,840067
CHMF,2022-01-13,1580.0,1595.8,1534.4,1570.4,1300103
CHMF,2022-01-14,1564.0,1580.0,1499.0,1551.8,1672776
CHMF,2022-01-17,1548.0,1568.8,1493.4,1514.8,1146535
CHMF,2022-01-18,1520.4,1521.8,1416.4,1460.4,2301224
CHMF,2022-01-19,1467.0,1496.8,1416.0,1480.6,3719334
CHMF,2022-01-20,1494.0,1524.8,1471.0,1482.8,1520811
CHMF,2022-01-21,1481.0,1510.0,1465.2,1480.0,1484896
CHMF,2022-01-24,1481.2,1492.6,1367.4,1416.0,2263519
CHMF,2022-01-25,1395.8,1434.0,1374.0,1423.8,1787099
CHMF,2022-01-26,1428.0,1467.8,1400.4,1428.0,1725895
CHMF,2022-01-27,1429.0,1485.8,1405.8,1467.6,2147547
CHMF,2022-01-28,1474.0,1496.0,1451.2,1475.6,1276503
CHMF,2022-01-31,1470.6,1520.0,1470.6,1511.0,1264878
CHMF,2022-02-01,1508.4,1544.0,1491.0,1540.0,1266821
CHMF,2022-02-02,1539.4,1581.0,1530.0,1567.8,1421512
CHMF,2022-02-03,1568.0,1571.8,1540.0,1558.4,1038386
CHMF,2022-02-04,1562.0,1591.6,1545.0,1560.6,1391804
CHMF,2022-02-07,1563.6,1582.0,1550.0,1559.0,1199661
CHMF,2022-02-08,1558.0,1629.4,1553.0,1627.0,1544306
CHMF,2022-02-09,1628.0,1698.6,1622.4,1675.2,2130544
CHMF,2022-02-10,1679.8,1682.6,1622.8,1649.0,1865424
CHMF,2022-02-11,1640.0,1658.6,1592.0,1599.2,1704627
CHMF,2022-02-14,1592.8,1645.0,1542.8,1619.0,3241185
CHMF,2022-02-15,1621.0,1669.8,1616.0,1651.0,1375005
CHMF,2022-02-16,1660.8,1675.2,1634.4,1669.0,1043536
CHMF,2022-02-17,1668.0,1669.0,1597.0,1612.8,2255009
CHMF,2022-02-18,1621.0,1663.8,1600.4,1636.0,2990590
CHMF,2022-02-21,1639.6,1674.8,1382.4,1494.2,5513739
CHMF,2022-02-22,1489.4,1612.0,1430.2,1604.8,4798566
CHMF,2022-02-24,1490.0,1500.0,954.6,1250.0,7246666
CHMF,2022-02-25,1280.0,1432.2,1257.8,1315.0,2056711
CHMF,2022-03-24,1315.0,1439.0,1250.0,1280.0,2674028
CHMF,2022-03-25,1299.6,1340.0,1137.0,1160.4,577924
CHMF,2022-03-28,1159.0,1160.0,1040.0,1053.8,606028
CHMF,2022-03-29,1061.6,1097.0,980.0,1013.8,700141
CHMF,2022-03-30,1002.0,1068.0,1002.0,1058.0,448618
CHMF,2022-03-31,1069.0,1140.0,1066.0,1100.0,1169798
CHMF,2022-04-01,1149.0,1200.0,1111.2,1192.6,1083471
CHMF,2022-04-04,1219.2,1248.0,1163.0,1185.0,852416
CHMF,2022-04-05,1186.4,1208.8,1080.8,1093.0,1030960
CHMF,2022-04-06,1093.0,1095.2,1050.2,1061.8,1126591
CHMF,2022-04-07,1065.0,1085.0,1057.6,1066.0,713256
CHMF,2022-04-08,1082.2,1082.2,1049.0,1067.8,365478
CHMF,2022-04-11,1070.0,1079.0,1015.0,1018.0,650823
CHMF,2022-04-12,1014.0,1046.2,982.0,1035.6,712413
CHMF,2022-04-13,1035.6,1042.2,1001.2,1013.4,337358
CHMF,2022-04-14,1019.0,1019.0,970.4,975.6,375011
CHMF,2022-04-15,975.0,994.6,950.0,971.0,421499
CHMF,2022-04-18,973.0,985.0,957.0,973.6,271578
CHMF,2022-04-19,973.8,1015.6,964.2,1003.4,539462
CHMF,2022-04-20,1005.0,1045.0,986.6,1045.0,712463
CHMF,2022-04-21,1040.4,1064.2,1020.0,1045.0,567417
CHMF,2022-04-22,1047.2,1068.0,995.0,1061.8,406826
CHMF,2022-04-25,1055.0,1058.2,1031.0,1055.0,236751
CHMF,2022-04-26,1044.0,1072.6,1033.4,1069.8,405585
CHMF,2022-04-27,1062.0,1096.6,1060.6,1080.0,342234
CHMF,2022-04-28,1095.0,1097.4,1050.0,1059.8,362513
CHMF,2022-04-29,1052.0,1096.0,1043.0,1095.0,292131
CHMF,2022-05-04,1096.0,1120.0,1074.8,1081.0,302054
CHMF,2022-05-05,1088.8,1103.8,1083.6,1102.0,207890
CHMF,2022-05-06,1098.6,1108.0,1090.0,1108.0,172988
CHMF,2022-05-11,1105.6,1130.0,1104.0,1125.0,304627
CHMF,2022-05-12,1124.8,1134.6,1078.0,1092.6,289575
CHMF,2022-05-13,1100.0,1109.2,1078.0,1082.2,257611
CHMF,2022-05-16,1090.0,1110.0,1084.2,1105.4,283536
CHMF,2022-05-17,1106.0,1120.0,1102.0,1114.0,213978
CHMF,2022-05-18,1120.0,1159.4,1115.0,1144.0,400256
CHMF,2022-05-19,1145.0,1158.8,1125.0,1150.6,283211
CHMF,2022-05-20,1152.0,1152.6,1102.2,1111.6,318247
CHMF,2022-05-23,1118.0,1118.0,1019.0,1051.0,397135
CHMF,2022-05-24,1028.0,1049.6,988.0,1004.0,697351
CHMF,2022-05-25,1010.0,1049.0,1005.6,1046.0,298034
CHMF,2022-05-26,1047.8,1068.0,1025.6,1042.0,399669
CHMF,2022-05-27,1042.2,1059.2,1026.0,1035.0,358442
CHMF,2022-05-30,1030.2,1031.8,989.0,1004.8,482172
CHMF,2022-05-31,1000.0,1001.2,965.0,974.8,405045
CHMF,2022-06-01,962.0,974.6,945.4,962.8,468891
CHMF,2022-06-02,958.0,970.0,807.0,815.8,3703362
CHMF,2022-06-03,812.0,830.0,685.0,711.0,11742037
CHMF,2022-06-06,712.0,735.2,680.2,716.8,4186357
CHMF,2022-06-07,716.2,723.0,694.2,717.4,1702047
CHMF,2022-06-08,718.2,748.4,718.0,731.8,1942462
CHMF,2022-06-09,733.4,739.0,706.4,714.0,957639
CHMF,2022-06-10,714.0,723.8,701.2,721.0,718359
CHMF,2022-06-14,711.6,720.0,704.2,720.0,563637
CHMF,2022-06-15,720.4,733.0,714.2,726.0,557772
CHMF,2022-06-16,726.6,745.0,723.0,741.4,804017
CHMF,2022-06-17,741.4,743.2,724.8,735.0,699383
CHMF,2022-06-20,738.0,775.0,733.0,768.0,1320941
CHMF,2022-06-21,770.0,794.8,753.0,770.6,1511211
CHMF,2022-06-22,765.0,785.8,750.0,785.8,870471
CHMF,2022-06-23,784.0,808.2,774.0,807.0,925683
CHMF,2022-06-24,807.0,837.8,800.0,818.6,1470240
CHMF,2022-06-27,818.6,832.8,811.0,832.6,591470
CHMF,2022-06-28,832.0,843.0,802.8,810.8,636369
CHMF,2022-06-29,803.8,840.0,784.6,840.0,1155744
CHMF,2022-06-30,842.0,849.8,797.0,830.0,1247247
CHMF,2022-07-01,829.6,859.0,810.0,830.0,824580
CHMF,2022-07-04,836.0,848.2,830.0,846.8,440129
CHMF,2022-07-05,848.0,848.0,802.0,832.0,634587
CHMF,2022-07-06,826.4,843.8,820.4,831.2,389152
CHMF,2022-07-07,831.0,831.0,811.0,823.8,346109
CHMF,2022-07-08,822.4,822.6,811.0,821.4,229769
CHMF,2022-07-11,816.2,819.4,800.0,808.6,297262
CHMF,2022-07-12,805.0,808.6,770.6,779.8,541467
CHMF,2022-07-13,779.4,785.0,748.0,756.4,581530
CHMF,2022-07-14,757.4,770.0,738.2,743.6,353342
CHMF,2022-07-15,746.0,749.6,725.0,739.8,564691
CHMF,2022-07-18,739.4,741.0,722.0,722.2,355018
CHMF,2022-07-19,722.6,722.6,706.0,715.0,543877
CHMF,2022-07-20,711.6,721.6,698.6,702.8,811687
CHMF,2022-07-21,699.0,699.0,677.0,683.0,1015339
CHMF,2022-07-22,680.0,689.6,670.4,689.6,690101
CHMF,2022-07-25,688.8,698.6,679.8,695.0,801226
CHMF,2022-07-26,698.6,723.4,697.0,723.0,692551
CHMF,2022-07-27,730.2,753.4,725.4,742.4,1189030
CHMF,2022-07-28,744.0,751.6,712.8,720.0,1122015
CHMF,2022-07-29,715.2,735.8,707.6,733.8,652095
CHMF,2022-08-01,736.6,754.6,732.0,732.0,1066209
CHMF,2022-08-02,731.0,740.0,717.2,725.4,583945
CHMF,2022-08-03,720.0,724.6,695.4,696.0,741880
CHMF,2022-08-04,695.0,703.0,686.6,698.4,421874
CHMF,2022-08-05,704.0,718.8,680.0,680.0,667556
CHMF,2022-08-08,714.0,714.0,683.6,683.6,529458
CHMF,2022-08-09,685.0,707.6,672.0,707.6,686743
CHMF,2022-08-10,707.6,708.6,695.2,698.0,425102
CHMF,2022-08-11,700.8,714.0,697.0,705.0,578832
CHMF,2022-08-12,700.2,705.6,691.6,700.0,310783
CHMF,2022-08-15,708.4,708.4,695.2,708.2,422705
CHMF,2022-08-16,708.2,714.2,701.0,713.6,612000
CHMF,2022-08-17,716.0,720.8,702.0,702.0,465307
CHMF,2022-08-18,702.0,705.0,696.6,699.4,244817
CHMF,2022-08-19,699.0,704.6,691.6,703.4,310355
CHMF,2022-08-22,704.6,709.4,699.8,708.0,255553
CHMF,2022-08-23,709.6,715.6,706.2,712.0,275314
CHMF,2022-08-24,711.6,714.0,704.0,710.0,277274
CHMF,2022-08-25,710.4,713.8,701.0,705.8,301815
CHMF,2022-08-26,705.8,712.6,704.0,712.6,167462
CHMF,2022-08-29,712.4,739.0,711.0,739.0,758039
CHMF,2022-08-30,740.0,754.8,737.0,743.8,772506
CHMF,2022-08-31,744.4,770.6,740.0,754.8,735135
CHMF,2022-09-01,754.8,755.0,740.4,742.4,436949
CHMF,2022-09-02,744.8,774.4,738.6,774.4,806247
CHMF,2022-09-05,777.6,798.0,765.0,798.0,793862
CHMF,2022-09-06,798.0,805.0,780.0,787.8,1353462
CHMF,2022-09-07,787.8,802.8,783.0,785.0,645330
CHMF,2022-09-08,783.2,787.2,769.2,774.4,546511
CHMF,2022-09-09,780.2,783.0,773.2,782.8,489103
CHMF,2022-09-12,780.0,793.0,777.0,780.0,624533
CHMF,2022-09-13,782.2,783.6,772.2,777.8,442489
CHMF,2022-09-14,777.8,777.8,756.6,769.6,576108
CHMF,2022-09-15,770.2,788.0,761.2,775.2,630761
CHMF,2022-09-16,773.0,784.0,773.0,781.4,389703
CHMF,2022-09-19,783.0,790.6,778.2,782.4,335178
CHMF,2022-09-20,781.6,785.4,714.0,728.6,1262405
CHMF,2022-09-21,688.0,723.8,676.0,700.8,967636
CHMF,2022-09-22,701.0,734.6,701.0,724.2,730891
CHMF,2022-09-23,724.0,724.0,687.2,700.4,816478
CHMF,2022-09-26,690.4,693.0,599.2,606.0,1776574
CHMF,2022-09-27,620.0,633.0,589.0,624.4,851631
CHMF,2022-09-28,622.0,633.8,602.0,616.6,552862
CHMF,2022-09-29,618.0,620.0,571.8,580.8,1014651
CHMF,2022-09-30,583.0,626.4,561.0,622.0,1439550
CHMF,2022-10-03,624.6,646.2,611.2,634.2,816396
CHMF,2022-10-04,639.0,640.6,606.0,610.2,629937
CHMF,2022-10-05,607.0,608.8,575.0,595.0,829316
CHMF,2022-10-06,595.0,604.6,585.4,591.0,403887
CHMF,2022-10-07,589.8,592.4,570.0,572.6,496868
CHMF,2022-10-10,565.0,595.0,560.0,592.6,768834
CHMF,2022-10-11,593.0,606.0,582.8,600.6,891184
CHMF,2022-10-12,604.6,608.0,589.0,596.0,481747
CHMF,2022-10-13,594.2,600.6,587.2,590.6,324227
CHMF,2022-10-14,592.8,616.0,586.0,616.0,1509581
CHMF,2022-10-17,618.0,656.0,611.4,655.4,2174769
CHMF,2022-10-18,656.0,666.6,641.2,644.0,1686939
CHMF,2022-10-19,644.2,656.2,636.8,653.8,1129631
CHMF,2022-10-20,657.6,688.6,656.2,687.0,1270998
CHMF,2022-10-21,687.0,736.8,676.8,732.2,2019027
CHMF,2022-10-24,731.2,743.6,712.6,727.6,1362888
CHMF,2022-10-25,727.6,762.6,723.8,757.2,900726
CHMF,2022-10-26,757.8,784.6,745.4,779.6,1653079
CHMF,2022-10-27,779.2,831.8,772.6,826.4,2398564
CHMF,2022-10-28,826.4,830.2,805.4,816.4,1676595
CHMF,2022-10-31,816.0,819.0,784.4,786.8,1299325
CHMF,2022-11-01,792.8,798.4,775.8,789.2,861115
CHMF,2022-11-02,790.0,790.0,760.2,770.0,579028
CHMF,2022-11-03,770.0,788.6,760.0,782.0,1212158
CHMF,2022-11-07,787.4,830.0,787.4,824.0,1548012
CHMF,2022-11-08,824.0,837.0,807.0,822.4,1104024
CHMF,2022-11-09,814.6,819.8,777.0,785.4,1378397
CHMF,2022-11-10,787.0,805.0,773.6,800.4,1095785
CHMF,2022-11-11,803.6,804.6,785.0,798.8,483963
CHMF,2022-11-14,802.4,806.0,787.0,795.2,649314
CHMF,2022-11-15,798.0,802.0,753.0,773.2,883470
CHMF,2022-11-16,773.2,799.8,771.0,791.6,548168
CHMF,2022-11-17,791.4,796.0,780.8,785.4,343878
CHMF,2022-11-18,781.6,788.4,772.0,788.2,335819
CHMF,2022-11-21,789.8,789.8,770.4,776.2,360209
CHMF,2022-11-22,776.0,793.4,768.4,789.6,579234
CHMF,2022-11-23,796.8,801.8,786.6,798.4,511371
CHMF,2022-11-24,799.4,805.0,788.4,792.0,411666
CHMF,2022-11-25,791.0,793.8,782.6,791.6,241504
CHMF,2022-11-28,783.4,792.8,780.8,791.6,271414
CHMF,2022-11-29,792.0,797.0,790.0,792.6,230881
CHMF,2022-11-30,793.4,794.4,783.2,790.8,328964
CHMF,2022-12-01,787.8,792.6,782.6,784.6,282571
CHMF,2022-12-02,784.0,788.0,773.0,778.0,487171
CHMF,2022-12-05,776.2,787.6,771.0,780.4,349680
CHMF,2022-12-06,784.4,789.8,777.0,784.0,253957
CHMF,2022-12-07,782.0,795.8,778.6,792.2,432932
CHMF,2022-12-08,793.0,803.4,790.0,801.0,715624
CHMF,2022-12-09,801.0,816.0,794.6,805.0,528630
CHMF,2022-12-12,805.4,821.8,800.0,820.6,1023234
CHMF,2022-12-13,821.0,848.8,820.6,841.6,1469998
CHMF,2022-12-14,839.0,845.0,833.2,838.2,611743
CHMF,2022-12-15,837.0,844.8,828.0,839.6,1119145
CHMF,2022-12-16,837.4,858.2,835.8,853.8,804156
CHMF,2022-12-19,855.0,881.8,850.6,875.4,1334337
CHMF,2022-12-20,872.0,892.0,870.2,885.8,1064342
CHMF,2022-12-21,888.6,891.8,864.2,869.0,1484324
CHMF,2022-12-22,869.8,885.0,867.4,882.4,884405
CHMF,2022-12-23,884.4,900.0,874.4,888.6,469735
CHMF,2022-12-26,892.0,899.8,883.6,893.0,644347
CHMF,2022-12-27,895.4,907.8,889.6,907.4,588570
CHMF,2022-12-28,907.4,909.6,882.8,888.8,694904
CHMF,2022-12-29,889.8,896.0,883.0,888.2,327857
CHMF,2022-12-30,894.8,929.6,887.2,904.0,652371
CHMF,2023-01-03,901.4,909.6,892.8,897.6,358177
CHMF,2023-01-04,896.8,900.8,883.0,888.6,369931
CHMF,2023-01-05,885.8,891.4,874.4,882.8,297184
CHMF,2023-01-06,882.0,894.0,878.4,884.4,328169
CHMF,2023-01-09,887.2,892.8,862.0,872.6,835930
CHMF,2023-01-10,872.0,872.0,860.0,863.6,403565
CHMF,2023-01-11,865.6,879.8,862.0,879.8,422407
CHMF,2023-01-12,880.0,885.0,869.8,880.4,415677
CHMF,2023-01-13,880.8,893.6,875.2,890.4,330223
CHMF,2023-01-16,890.8,927.8,890.8,922.0,784445
CHMF,2023-01-17,922.6,927.8,902.0,903.8,663912
CHMF,2023-01-18,905.8,923.4,898.0,910.8,506542
CHMF,2023-01-19,905.6,910.6,891.4,894.2,382658
CHMF,2023-01-20,894.0,904.0,881.0,887.8,574341
CHMF,2023-01-23,887.0,893.8,882.2,892.0,333783
CHMF,2023-01-24,894.0,898.0,872.0,875.2,442753
CHMF,2023-01-25,871.2,879.2,868.2,875.2,444426
CHMF,2023-01-26,876.0,883.8,871.4,881.4,306486
CHMF,2023-01-27,882.0,896.0,878.6,895.4,488944
CHMF,2023-01-30,896.6,917.6,894.0,912.8,688125
CHMF,2023-01-31,913.0,932.0,911.8,929.0,998959
CHMF,2023-02-01,931.0,977.0,925.8,976.6,1661089
CHMF,2023-02-02,981.6,1014.4,960.6,997.2,1857875
CHMF,2023-02-03,992.2,1025.0,981.4,1016.2,1432342
CHMF,2023-02-06,1016.2,1048.0,1006.0,1035.0,1511333
CHMF,2023-02-07,1040.6,1045.0,992.2,1000.0,1744941
CHMF,2023-02-08,999.0,1009.4,981.0,982.2,1356665
CHMF,2023-02-09,980.6,1019.0,971.0,1008.6,1626745
CHMF,2023-02-10,1008.0,1027.0,1000.0,1020.6,894151
CHMF,2023-02-13,1020.0,1038.4,1015.0,1016.0,724124
CHMF,2023-02-14,1017.0,1019.6,991.4,996.0,926912
CHMF,2023-02-15,991.6,998.4,948.4,964.6,1477248
CHMF,2023-02-16,968.0,989.0,956.4,973.8,985563
CHMF,2023-02-17,971.0,988.2,957.4,975.6,622285
CHMF,2023-02-20,980.0,988.6,958.0,985.0,714831
CHMF,2023-02-21,985.8,1018.4,981.0,1012.8,1378621
CHMF,2023-02-22,1012.8,1032.0,1004.0,1025.8,1295145
CHMF,2023-02-24,1025.8,1043.0,1021.6,1041.6,993878
CHMF,2023-02-27,1039.0,1062.0,1030.6,1061.0,1118812
CHMF,2023-02-28,1064.0,1074.8,1050.0,1055.0,1028689
CHMF,2023-03-01,1057.0,1066.2,1047.2,1060.4,647377
CHMF,2023-03-02,1061.0,1072.0,1032.0,1049.0,1094333
CHMF,2023-03-03,1050.0,1065.0,1046.2,1063.4,400018
CHMF,2023-03-06,1067.0,1070.2,1049.2,1053.0,683464
CHMF,2023-03-07,1053.0,1060.0,1045.2,1055.8,519462
CHMF,2023-03-09,1060.0,1064.0,1048.2,1052.6,437911
CHMF,2023-03-10,1048.0,1061.8,1044.6,1052.2,637772
CHMF,2023-03-13,1053.0,1059.6,1033.8,1042.0,723195
CHMF,2023-03-14,1041.4,1044.8,1035.0,1036.0,554677
CHMF,2023-03-15,1036.0,1040.0,1010.8,1019.4,844078
CHMF,2023-03-16,1015.4,1031.8,1002.0,1028.4,856837
CHMF,2023-03-17,1033.0,1039.8,1023.0,1033.6,671769
CHMF,2023-03-20,1036.2,1062.0,1030.0,1060.0,897833
CHMF,2023-03-21,1065.0,1065.0,1034.2,1038.6,618426
CHMF,2023-03-22,1036.2,1053.8,1033.2,1046.8,415699
CHMF,2023-03-23,1046.0,1049.6,1038.0,1039.2,289627
CHMF,2023-03-24,1041.6,1043.0,1028.0,1034.6,360852
CHMF,2023-03-27,1036.2,1042.6,1032.2,1039.8,410739
CHMF,2023-03-28,1041.4,1044.0,1033.0,1038.0,269094
CHMF,2023-03-29,1040.6,1078.4,1035.4,1074.6,1793991
CHMF,2023-03-30,1074.6,1084.8,1058.0,1061.0,1303132
CHMF,2023-03-31,1061.0,1061.0,1041.6,1050.6,755115
CHMF,2023-04-03,1053.2,1058.2,1041.6,1053.0,598548
CHMF,2023-04-04,1055.0,1057.0,1040.0,1044.2,676914
CHMF,2023-04-05,1046.2,1050.0,1036.2,1048.8,788696
CHMF,2023-04-06,1048.8,1054.2,1039.0,1039.4,898002
CHMF,2023-04-07,1038.8,1043.8,1021.0,1033.8,1347972
CHMF,2023-04-10,1033.6,1049.0,1028.2,1038.6,1122079
CHMF,2023-04-11,1038.6,1042.0,1018.0,1023.4,1221733
CHMF,2023-04-12,1021.0,1035.6,1012.6,1026.2,1039785
CHMF,2023-04-13,1026.6,1032.0,1014.8,1021.6,724462
CHMF,2023-04-14,1022.0,1023.8,1015.4,1021.4,448476
CHMF,2023-04-17,1026.0,1039.0,1022.0,1038.0,992916
CHMF,2023-04-18,1041.0,1056.0,1030.0,1052.2,1370344
CHMF,2023-04-19,1053.0,1067.0,1020.0,1026.8,2677709
CHMF,2023-04-20,1025.0,1027.2,1002.2,1013.6,1635921
CHMF,2023-04-21,1015.0,1021.0,1005.2,1018.8,501469
CHMF,2023-04-24,1020.0,1024.2,1014.2,1016.6,636757
CHMF,2023-04-25,1016.0,1018.0,1006.2,1010.2,500815
CHMF,2023-04-26,1010.2,1014.2,995.0,998.0,680451
CHMF,2023-04-27,999.4,1006.0,986.4,1004.6,917318
CHMF,2023-04-28,1005.8,1007.0,990.2,1002.0,510253
CHMF,2023-05-02,1002.0,1004.0,969.2,972.6,868759
CHMF,2023-05-03,976.8,990.8,950.2,957.4,1554406
CHMF,2023-05-04,960.0,972.6,951.6,963.2,620335
CHMF,2023-05-05,963.2,970.4,953.8,954.6,385942
CHMF,2023-05-08,952.6,964.8,942.6,962.0,364795
CHMF,2023-05-10,968.4,988.8,962.0,987.2,685575
CHMF,2023-05-11,989.0,1004.0,971.8,985.8,1002637
CHMF,2023-05-12,987.8,994.0,976.2,988.0,418192
CHMF,2023-05-15,990.0,1000.0,986.0,995.6,647084
CHMF,2023-05-16,998.2,1009.6,992.4,1008.4,716122
CHMF,2023-05-17,1010.0,1014.6,1002.0,1009.8,532508
CHMF,2023-05-18,1007.8,1013.6,996.0,1003.8,438851
CHMF,2023-05-19,996.6,999.8,982.2,997.0,632556
CHMF,2023-05-22,1000.0,1003.8,984.6,988.6,343562
CHMF,2023-05-23,988.0,1000.6,983.0,996.0,377288
CHMF,2023-05-24,992.8,1000.4,987.0,993.6,335725
CHMF,2023-05-25,994.0,1020.8,990.8,1006.6,1736910
CHMF,2023-05-26,1010.0,1017.8,1000.2,1005.8,521758
CHMF,2023-05-29,1011.4,1027.0,1007.4,1027.0,884302
CHMF,2023-05-30,1021.0,1042.4,1011.6,1025.8,1591036
CHMF,2023-05-31,1022.2,1032.0,1013.0,1024.0,518902
CHMF,2023-06-01,1024.0,1037.0,1020.4,1032.0,554727
CHMF,2023-06-02,1025.6,1040.0,1025.6,1037.8,566935
CHMF,2023-06-05,1041.0,1054.0,1027.2,1031.4,745179
CHMF,2023-06-06,1029.0,1029.0,1008.0,1021.0,799647
CHMF,2023-06-07,1023.0,1033.0,1013.6,1020.6,619231
CHMF,2023-06-08,1020.4,1044.0,1015.0,1040.6,683087
CHMF,2023-06-09,1042.6,1044.4,1030.2,1030.4,276475
CHMF,2023-06-13,1030.6,1053.8,1028.0,1052.4,806808
CHMF,2023-06-14,1055.6,1056.8,1046.4,1049.0,469597
CHMF,2023-06-15,1052.2,1079.6,1047.2,1077.6,1149603
CHMF,2023-06-16,1080.0,1080.0,1064.2,1073.6,446525
CHMF,2023-06-19,1073.4,1158.0,1056.0,1155.0,4722877
CHMF,2023-06-20,1154.8,1160.0,1127.0,1145.0,2364223
CHMF,2023-06-21,1144.4,1188.0,1133.0,1182.0,2273159
CHMF,2023-06-22,1183.0,1199.0,1153.0,1164.8,1877783
CHMF,2023-06-23,1155.2,1205.0,1153.0,1164.6,2916455
CHMF,2023-06-26,1178.2,1197.8,1127.0,1158.2,2653526
CHMF,2023-06-27,1160.6,1196.0,1146.6,1187.8,1967429
CHMF,2023-06-28,1191.0,1199.8,1165.8,1169.0,1040357
CHMF,2023-06-29,1171.4,1176.8,1160.6,1166.8,688374
CHMF,2023-06-30,1162.8,1184.0,1156.2,1174.0,627926
CHMF,2023-07-03,1177.2,1227.4,1174.0,1219.0,2008185
CHMF,2023-07-04,1221.8,1229.0,1197.0,1201.4,1570567
CHMF,2023-07-05,1211.0,1220.0,1203.2,1213.0,801477
CHMF,2023-07-06,1215.0,1219.0,1198.2,1203.8,749859
CHMF,2023-07-07,1208.0,1208.0,1187.8,1199.4,786165
CHMF,2023-07-10,1209.0,1223.4,1200.0,1218.4,666452
CHMF,2023-07-11,1222.0,1227.8,1208.6,1222.8,582957
CHMF,2023-07-12,1225.0,1249.4,1218.0,1244.0,1117178
CHMF,2023-07-13,1244.0,1250.0,1231.8,1238.8,591508
CHMF,2023-07-14,1241.0,1255.0,1233.2,1253.0,662859
CHMF,2023-07-17,1248.4,1280.0,1244.4,1275.0,913616
CHMF,2023-07-18,1276.2,1300.0,1265.2,1287.8,1588286
CHMF,2023-07-19,1292.0,1292.0,1271.2,1277.4,628318
CHMF,2023-07-20,1278.4,1286.0,1258.8,1260.8,782572
CHMF,2023-07-21,1257.0,1275.0,1233.8,1274.2,760092
CHMF,2023-07-24,1275.4,1292.0,1272.0,1286.0,665088
CHMF,2023-07-25,1285.8,1317.4,1284.4,1313.6,935492
CHMF,2023-07-26,1317.0,1319.6,1292.6,1301.4,782493
CHMF,2023-07-27,1303.0,1337.0,1294.0,1328.0,1240652
CHMF,2023-07-28,1327.4,1336.0,1318.2,1334.8,628913
CHMF,2023-07-31,1340.0,1375.0,1333.0,1367.6,970666
CHMF,2023-08-01,1368.0,1383.8,1351.8,1364.6,849549
CHMF,2023-08-02,1364.6,1372.8,1353.2,1364.0,739116
CHMF,2023-08-03,1364.0,1401.0,1354.4,1399.0,1052522
CHMF,2023-08-04,1402.6,1406.6,1323.8,1348.4,1837365
CHMF,2023-08-07,1356.0,1381.8,1316.0,1327.4,1295592
CHMF,2023-08-08,1327.4,1329.8,1291.0,1326.2,1377102
CHMF,2023-08-09,1330.0,1354.4,1322.0,1339.4,1596308
CHMF,2023-08-10,1343.4,1359.0,1330.2,1356.4,1074129
CHMF,2023-08-11,1359.0,1369.8,1340.0,1345.4,972088
CHMF,2023-08-14,1353.0,1358.8,1303.8,1307.8,1462561
CHMF,2023-08-15,1302.0,1334.0,1297.0,1305.6,1027505
CHMF,2023-08-16,1305.6,1314.6,1251.6,1278.0,1439221
CHMF,2023-08-17,1291.0,1298.4,1266.0,1291.0,905201
CHMF,2023-08-18,1286.6,1304.0,1270.6,1302.2,697201
CHMF,2023-08-21,1313.0,1320.0,1294.8,1299.8,1161675
CHMF,2023-08-22,1303.6,1333.0,1287.4,1329.6,1599611
CHMF,2023-08-23,1333.2,1353.0,1290.6,1302.6,2460840
CHMF,2023-08-24,1309.0,1348.8,1306.0,1346.8,1209064
CHMF,2023-08-25,1346.8,1360.0,1330.2,1360.0,991291
CHMF,2023-08-28,1361.8,1395.0,1350.4,1385.4,1347815
CHMF,2023-08-29,1390.0,1404.8,1347.8,1358.6,2373190
CHMF,2023-08-30,1359.8,1399.0,1352.4,1385.0,1371022
CHMF,2023-08-31,1387.0,1429.2,1383.2,1427.4,1684986
CHMF,2023-09-01,1427.4,1439.6,1412.0,1431.6,825805
CHMF,2023-09-04,1438.0,1445.0,1422.8,1432.2,751173
CHMF,2023-09-05,1429.2,1433.4,1400.4,1411.0,881822
CHMF,2023-09-06,1407.4,1407.4,1357.4,1370.0,1976579
CHMF,2023-09-07,1374.0,1385.8,1332.6,1342.0,1578323
CHMF,2023-09-08,1339.2,1349.0,1312.0,1316.6,1084726
CHMF,2023-09-11,1316.6,1322.4,1271.0,1289.0,2187543
CHMF,2023-09-12,1299.6,1328.0,1285.6,1326.6,992121
CHMF,2023-09-13,1323.0,1338.0,1290.2,1295.8,1019463
CHMF,2023-09-14,1300.0,1305.0,1262.2,1293.6,1317652
CHMF,2023-09-15,1295.0,1314.4,1281.0,1311.4,717245
CHMF,2023-09-18,1313.0,1325.8,1286.6,1292.8,821362
CHMF,2023-09-19,1292.0,1299.6,1263.6,1286.8,1234589
CHMF,2023-09-20,1285.6,1314.6,1265.0,1285.2,1163403
CHMF,2023-09-21,1278.4,1293.4,1258.0,1268.8,1440543
CHMF,2023-09-22,1268.2,1344.0,1259.0,1342.0,2428421
CHMF,2023-09-25,1341.4,1350.0,1325.4,1331.8,974106
CHMF,2023-09-26,1329.0,1383.6,1317.0,1370.8,1597143
CHMF,2023-09-27,1374.8,1386.2,1364.0,1378.4,944000
CHMF,2023-09-28,1380.0,1387.8,1354.0,1375.2,919550
CHMF,2023-09-29,1378.4,1381.4,1360.0,1368.4,527810
CHMF,2023-10-02,1371.0,1393.8,1362.0,1390.0,1067388
CHMF,2023-10-03,1392.0,1393.8,1351.0,1358.4,1137993
CHMF,2023-10-04,1355.6,1388.4,1345.0,1370.6,1096454
CHMF,2023-10-05,1370.0,1384.0,1360.0,1372.2,529632
CHMF,2023-10-06,1369.4,1376.2,1353.4,1367.0,678993
CHMF,2023-10-09,1367.0,1380.0,1361.0,1368.4,537110
CHMF,2023-10-10,1366.0,1375.0,1361.8,1374.4,374159
CHMF,2023-10-11,1375.0,1415.6,1355.0,1358.0,1756692
CHMF,2023-10-12,1358.0,1373.4,1352.0,1368.8,934798
CHMF,2023-10-13,1370.0,1380.8,1367.2,1378.2,547004
CHMF,2023-10-16,1380.0,1405.0,1378.8,1403.8,801319
CHMF,2023-10-17,1405.0,1437.8,1398.0,1422.2,990017
CHMF,2023-10-18,1425.0,1432.8,1393.4,1408.6,835710
CHMF,2023-10-19,1408.0,1408.0,1387.6,1396.0,582266
CHMF,2023-10-20,1396.0,1419.0,1368.0,1409.8,1025439
CHMF,2023-10-23,1410.0,1411.6,1391.2,1399.8,671546
CHMF,2023-10-24,1400.4,1406.0,1389.8,1395.2,396157
CHMF,2023-10-25,1395.6,1397.4,1380.0,1387.4,440331
CHMF,2023-10-26,1383.0,1393.2,1368.0,1369.6,473505
CHMF,2023-10-27,1367.0,1378.4,1340.4,1362.8,575202
CHMF,2023-10-30,1363.0,1384.4,1354.2,1372.0,482102
CHMF,2023-10-31,1368.0,1374.0,1347.6,1354.8,470119
CHMF,2023-11-01,1357.6,1364.0,1343.0,1351.0,288549
CHMF,2023-11-02,1347.2,1369.6,1347.2,1359.8,444476
CHMF,2023-11-03,1359.6,1379.4,1341.0,1372.0,507180
CHMF,2023-11-06,1374.0,1399.0,1373.0,1386.2,542614
CHMF,2023-11-07,1386.0,1400.0,1369.0,1391.6,732608
CHMF,2023-11-08,1391.2,1397.4,1370.0,1375.2,662261
CHMF,2023-11-09,1377.8,1377.8,1354.0,1359.2,817878
CHMF,2023-11-10,1360.0,1372.8,1349.0,1366.8,750488
CHMF,2023-11-13,1364.0,1388.4,1352.6,1378.8,489178
CHMF,2023-11-14,1380.0,1380.0,1350.4,1356.8,611521
CHMF,2023-11-15,1355.0,1363.8,1345.0,1360.0,516556
CHMF,2023-11-16,1359.6,1375.8,1344.6,1350.8,560996
CHMF,2023-11-17,1348.4,1358.8,1313.6,1351.0,677995
CHMF,2023-11-20,1351.2,1356.0,1330.2,1332.4,642586
CHMF,2023-11-21,1330.4,1333.2,1315.0,1327.0,954103
CHMF,2023-11-22,1326.0,1351.8,1325.4,1349.8,682990
CHMF,2023-11-23,1352.8,1354.8,1323.2,1330.4,604919
CHMF,2023-11-24,1330.4,1334.2,1308.6,1317.2,738882
CHMF,2023-11-27,1317.2,1317.2,1284.2,1294.2,1028865
CHMF,2023-11-28,1293.0,1315.6,1286.0,1304.2,741760
CHMF,2023-11-29,1302.4,1309.4,1285.2,1297.2,484737
CHMF,2023-11-30,1297.2,1299.6,1266.0,1268.2,789781
CHMF,2023-12-01,1265.0,1278.6,1254.0,1257.0,757897
CHMF,2023-12-04,1257.0,1281.6,1241.8,1274.0,806549
CHMF,2023-12-05,1275.0,1297.0,1263.6,1295.2,771366
CHMF,2023-12-06,1299.0,1303.6,1250.0,1252.0,879841
CHMF,2023-12-07,1252.0,1265.0,1228.2,1245.0,916185
CHMF,2023-12-08,1247.6,1274.8,1244.2,1270.4,715616
CHMF,2023-12-11,1269.0,1289.4,1246.2,1251.0,811054
CHMF,2023-12-12,1251.0,1261.2,1235.2,1240.6,790919
CHMF,2023-12-13,1240.6,1252.8,1234.0,1245.4,555781
CHMF,2023-12-14,1248.0,1250.8,1216.6,1216.6,551629
CHMF,2023-12-15,1216.4,1273.6,1216.4,1273.6,731346
CHMF,2023-12-18,1275.4,1309.0,1273.6,1283.2,967373
CHMF,2023-12-19,1283.0,1313.0,1273.6,1307.2,1104443
CHMF,2023-12-20,1310.2,1336.6,1310.0,1330.0,964075
CHMF,2023-12-21,1328.0,1349.8,1319.6,1336.6,959508
CHMF,2023-12-22,1336.6,1354.8,1327.0,1333.8,798497
CHMF,2023-12-25,1333.8,1345.8,1333.0,1341.2,514967
CHMF,2023-12-26,1343.8,1377.2,1338.0,1375.2,767946
CHMF,2023-12-27,1375.6,1389.4,1375.0,1382.0,646620
CHMF,2023-12-28,1384.0,1414.0,1375.2,1408.0,891814
CHMF,2023-12-29,1408.4,1409.8,1392.0,1407.0,558550
CHMF,2024-01-03,1407.0,1431.6,1403.4,1427.0,458125
CHMF,2024-01-04,1427.0,1435.0,1412.2,1419.4,311734
CHMF,2024-01-05,1419.0,1444.6,1410.2,1442.4,505752
CHMF,2024-01-08,1444.8,1467.8,1441.0,1467.0,758709
CHMF,2024-01-09,1469.0,1469.0,1432.0,1434.6,1007568
CHMF,2024-01-10,1434.0,1448.2,1417.2,1443.2,1083181
CHMF,2024-01-11,1444.0,1555.0,1444.0,1541.2,5636978
CHMF,2024-01-12,1545.4,1573.8,1527.4,1561.4,2288377
CHMF,2024-01-15,1565.0,1575.0,1536.4,1548.2,1372381
CHMF,2024-01-16,1548.0,1554.0,1529.0,1550.2,810754
CHMF,2024-01-17,1550.2,1564.8,1546.4,1560.2,622745
CHMF,2024-01-18,1563.4,1568.8,1537.6,1541.8,1010658
CHMF,2024-01-19,1540.0,1583.8,1525.0,1582.0,1742829
CHMF,2024-01-22,1584.0,1619.6,1577.0,1619.4,1734021
CHMF,2024-01-23,1620.0,1624.8,1586.2,1604.4,1301543
CHMF,2024-01-24,1605.0,1619.6,1595.2,1614.0,951231
CHMF,2024-01-25,1616.0,1623.8,1601.0,1609.0,665497
CHMF,2024-01-26,1609.4,1615.6,1590.4,1602.0,875078
CHMF,2024-01-29,1609.4,1630.6,1592.2,1629.8,1732433
CHMF,2024-01-30,1635.2,1685.0,1631.0,1683.8,2080382
CHMF,2024-01-31,1686.0,1688.8,1647.8,1664.0,1961704
CHMF,2024-02-01,1656.0,1679.8,1650.4,1672.0,1549249
CHMF,2024-02-02,1668.6,1710.0,1625.0,1627.8,7225710
CHMF,2024-02-05,1623.0,1627.0,1604.4,1621.2,1737652
CHMF,2024-02-06,1627.8,1627.8,1597.2,1603.4,1647114
CHMF,2024-02-07,1603.4,1603.4,1590.6,1591.2,1124452
CHMF,2024-02-08,1590.2,1591.0,1556.4,1558.0,1588432
CHMF,2024-02-09,1556.0,1588.8,1555.0,1587.0,1205799
CHMF,2024-02-12,1590.6,1599.8,1567.2,1589.0,1089670
CHMF,2024-02-13,1592.8,1616.8,1589.0,1609.8,1309729
CHMF,2024-02-14,1614.8,1622.0,1605.4,1608.4,664993
CHMF,2024-02-15,1609.2,1618.2,1591.6,1613.2,854301
CHMF,2024-02-16,1615.4,1620.2,1595.4,1603.0,757698
CHMF,2024-02-19,1603.0,1610.6,1597.4,1604.0,425324
CHMF,2024-02-20,1600.8,1603.8,1551.0,1565.4,1077544
CHMF,2024-02-21,1568.2,1579.6,1550.0,1568.2,937382
CHMF,2024-02-22,1573.0,1585.4,1564.0,1581.6,826869
CHMF,2024-02-26,1594.0,1616.4,1594.0,1615.0,855296
CHMF,2024-02-27,1613.0,1635.0,1608.2,1634.4,1220866
CHMF,2024-02-28,1634.8,1639.2,1620.2,1634.8,722016
CHMF,2024-02-29,1636.0,1656.6,1627.0,1651.6,905810
CHMF,2024-03-01,1652.0,1678.8,1639.0,1671.2,1076367
CHMF,2024-03-04,1674.6,1682.2,1661.6,1670.8,724020
CHMF,2024-03-05,1674.2,1688.8,1663.4,1679.2,650760
CHMF,2024-03-06,1685.8,1688.8,1678.2,1685.4,586426
CHMF,2024-03-07,1688.4,1706.2,1682.8,1704.2,1061742
CHMF,2024-03-11,1706.4,1728.2,1704.2,1720.0,762411
CHMF,2024-03-12,1721.0,1728.2,1708.2,1726.2,480354
CHMF,2024-03-13,1729.0,1740.0,1727.0,1735.2,552289
CHMF,2024-03-14,1735.2,1738.6,1696.2,1705.4,1133994
CHMF,2024-03-15,1705.0,1724.4,1698.6,1721.8,489285
CHMF,2024-03-18,1724.4,1743.6,1723.2,1731.8,635484
CHMF,2024-03-19,1729.0,1730.8,1708.6,1719.0,543929
CHMF,2024-03-20,1720.0,1742.0,1719.2,1741.0,796404
CHMF,2024-03-21,1743.2,1805.0,1743.2,1796.4,1998357
CHMF,2024-03-22,1796.6,1804.6,1767.0,1774.2,1370642
CHMF,2024-03-25,1777.8,1836.8,1775.6,1832.8,1393964
CHMF,2024-03-26,1836.2,1857.6,1830.2,1846.0,868503
CHMF,2024-03-27,1847.8,1894.4,1838.6,1883.8,973256
CHMF,2024-03-28,1884.0,1889.8,1850.0,1861.4,930905
CHMF,2024-03-29,1861.2,1890.0,1841.0,1877.8,1274857
CHMF,2024-04-01,1877.8,1896.0,1850.4,1857.4,1103202
CHMF,2024-04-02,1857.4,1874.0,1847.8,1865.8,465792
CHMF,2024-04-03,1869.4,1869.4,1852.2,1857.6,380156
CHMF,2024-04-04,1862.2,1862.2,1824.0,1824.8,1071784
CHMF,2024-04-05,1824.8,1840.4,1815.6,1818.0,847298
CHMF,2024-04-08,1817.8,1844.0,1805.8,1840.0,882335
CHMF,2024-04-09,1843.0,1867.2,1839.0,1859.0,788408
CHMF,2024-04-10,1859.0,1865.0,1835.0,1849.0,589244
CHMF,2024-04-11,1852.0,1853.0,1830.8,1832.8,516587
CHMF,2024-04-12,1834.6,1838.4,1821.8,1831.6,674916
CHMF,2024-04-15,1831.6,1845.8,1830.2,1835.2,461195
CHMF,2024-04-16,1836.6,1838.0,1826.2,1831.2,485664
CHMF,2024-04-17,1831.0,1879.0,1814.2,1860.0,1409847
CHMF,2024-04-18,1868.0,1885.0,1860.8,1863.6,893098
CHMF,2024-04-19,1867.4,1873.8,1850.6,1864.4,600300
CHMF,2024-04-22,1868.2,1885.0,1864.0,1879.0,690636
CHMF,2024-04-23,1888.0,1888.0,1850.0,1856.6,1172944
CHMF,2024-04-24,1860.4,1878.4,1856.0,1864.0,646644
CHMF,2024-04-25,1864.0,1877.0,1864.0,1873.0,525371
CHMF,2024-04-26,1875.4,1884.0,1867.0,1871.2,541818
CHMF,2024-04-27,1876.0,1889.0,1871.6,1887.6,517667
CHMF,2024-04-29,1892.2,1935.8,1891.2,1931.0,878412
CHMF,2024-04-30,1931.0,1946.0,1915.0,1927.6,495177
CHMF,2024-05-02,1931.6,1936.4,1891.4,1904.2,813551
CHMF,2024-05-03,1904.4,1924.6,1887.2,1915.4,731463
CHMF,2024-05-06,1916.0,1923.6,1890.0,1898.0,657042
CHMF,2024-05-07,1904.4,1921.8,1901.6,1919.2,382484
CHMF,2024-05-08,1921.4,1934.0,1917.2,1928.2,384980
CHMF,2024-05-10,1930.0,1963.0,1925.0,1960.0,592584
CHMF,2024-05-13,1970.0,1989.2,1961.0,1976.2,901015
CHMF,2024-05-14,1975.4,1977.0,1962.4,1967.2,498938
CHMF,2024-05-15,1967.4,1978.0,1953.0,1970.6,442892
CHMF,2024-05-16,1971.0,1977.4,1967.0,1972.6,287242
CHMF,2024-05-17,1975.8,1975.8,1965.6,1970.2,266523
CHMF,2024-05-20,1974.2,1976.8,1937.6,1951.4,674932
CHMF,2024-05-21,1949.8,1970.6,1943.0,1968.4,460824
CHMF,2024-05-22,1968.4,2009.0,1966.4,2006.0,879286
CHMF,2024-05-23,2002.0,2008.4,1982.6,1997.6,815249
CHMF,2024-05-24,1997.6,2002.4,1968.2,1990.8,722088
CHMF,2024-05-27,1990.8,2011.8,1918.0,1942.6,1366213
CHMF,2024-05-28,1943.6,1969.2,1881.6,1887.6,1690065
CHMF,2024-05-29,1890.0,1934.0,1853.0,1928.2,1746414
CHMF,2024-05-30,1929.0,1935.0,1830.0,1848.6,1464491
CHMF,2024-05-31,1854.6,1867.8,1710.6,1778.0,2451266
CHMF,2024-06-03,1793.0,1847.6,1770.0,1840.2,2308956
CHMF,2024-06-04,1848.8,1866.6,1794.0,1841.0,1624570
CHMF,2024-06-05,1845.0,1862.0,1824.4,1833.8,1085047
CHMF,2024-06-06,1833.8,1842.8,1813.8,1826.8,738817
CHMF,2024-06-07,1826.8,1850.0,1817.4,1841.4,1210201
CHMF,2024-06-10,1861.4,1892.0,1825.0,1852.6,1706127
CHMF,2024-06-11,1850.0,1858.0,1809.2,1832.2,1225012
CHMF,2024-06-13,1750.0,1845.0,1707.4,1837.4,1711759
CHMF,2024-06-14,1838.2,1848.8,1812.0,1836.4,1400100
CHMF,2024-06-17,1841.2,1862.0,1816.0,1821.2,2869003
CHMF,2024-06-18,1656.2,1656.2,1529.4,1555.6,6879916
CHMF,2024-06-19,1554.0,1554.0,1489.8,1504.8,2953735
CHMF,2024-06-20,1504.8,1590.0,1492.0,1579.2,3010547
CHMF,2024-06-21,1580.8,1595.6,1558.2,1575.8,1102053
CHMF,2024-06-24,1570.0,1595.0,1542.8,1547.6,1088104
CHMF,2024-06-25,1553.6,1563.2,1522.0,1555.6,976773
CHMF,2024-06-26,1559.0,1568.2,1531.2,1542.0,637967
CHMF,2024-06-27,1542.8,1557.8,1525.0,1549.4,854477
CHMF,2024-06-28,1550.8,1552.4,1538.0,1549.8,408801
CHMF,2024-07-01,1552.0,1582.0,1545.2,1577.2,858621
CHMF,2024-07-02,1577.8,1601.0,1563.0,1569.8,952449
CHMF,2024-07-03,1570.0,1579.6,1556.6,1562.8,525337
CHMF,2024-07-04,1561.0,1570.0,1507.0,1522.2,1026213
CHMF,2024-07-05,1522.2,1544.6,1505.0,1529.6,863027
CHMF,2024-07-08,1529.6,1546.0,1522.0,1523.2,534313
CHMF,2024-07-09,1522.0,1525.0,1448.2,1451.4,1343538
CHMF,2024-07-10,1451.4,1479.6,1391.6,1393.6,1787443
CHMF,2024-07-11,1394.2,1484.0,1393.8,1474.6,1325057
CHMF,2024-07-12,1480.0,1480.4,1450.0,1471.6,565738
CHMF,2024-07-15,1480.0,1487.0,1406.4,1422.0,876562
CHMF,2024-07-16,1419.2,1455.0,1374.6,1448.0,1800102
CHMF,2024-07-17,1451.0,1454.8,1408.4,1413.4,812968
CHMF,2024-07-18,1413.4,1477.0,1412.0,1471.8,841350
CHMF,2024-07-19,1477.6,1521.6,1456.0,1502.8,2287036
CHMF,2024-07-22,1506.8,1519.0,1456.0,1460.0,2447181
CHMF,2024-07-23,1457.4,1471.0,1437.8,1465.0,1190838
CHMF,2024-07-24,1466.0,1473.6,1445.8,1448.0,629068
CHMF,2024-07-25,1447.2,1457.6,1438.8,1449.0,516719
CHMF,2024-07-26,1449.2,1465.8,1411.0,1443.6,1131554
CHMF,2024-07-29,1441.0,1442.4,1402.8,1406.2,690213
CHMF,2024-07-30,1403.4,1424.0,1400.4,1421.0,652438
CHMF,2024-07-31,1423.4,1430.8,1411.0,1423.4,682538
CHMF,2024-08-01,1423.4,1423.8,1410.0,1411.0,349373
CHMF,2024-08-02,1408.2,1412.6,1392.0,1405.6,665031
CHMF,2024-08-05,1394.8,1399.0,1365.2,1373.4,908485
CHMF,2024-08-06,1378.2,1401.8,1351.0,1372.4,815616
CHMF,2024-08-07,1372.6,1397.0,1353.2,1390.0,703026
CHMF,2024-08-08,1390.0,1408.2,1371.0,1377.6,385262
CHMF,2024-08-09,1378.2,1395.0,1375.0,1383.6,275669
CHMF,2024-08-12,1385.0,1394.2,1365.2,1391.4,479197
CHMF,2024-08-13,1390.6,1404.8,1388.6,1402.0,703254
CHMF,2024-08-14,1407.0,1413.2,1385.0,1388.8,495623
CHMF,2024-08-15,1387.0,1405.0,1380.2,1382.0,455993
CHMF,2024-08-16,1384.0,1390.0,1371.2,1375.0,372753
CHMF,2024-08-19,1375.0,1382.2,1340.0,1342.8,594306
CHMF,2024-08-20,1345.6,1356.0,1327.2,1338.0,623316
CHMF,2024-08-21,1337.0,1343.8,1310.4,1321.0,488492
CHMF,2024-08-22,1324.0,1328.0,1285.6,1292.8,661673
CHMF,2024-08-23,1285.0,1298.0,1234.6,1253.2,1309361
CHMF,2024-08-26,1280.2,1319.0,1276.0,1318.6,847125
CHMF,2024-08-27,1322.0,1349.2,1265.4,1275.2,1028011
CHMF,2024-08-28,1273.0,1276.6,1225.8,1275.4,839507
CHMF,2024-08-29,1283.0,1288.8,1247.4,1268.2,925797
CHMF,2024-08-30,1271.4,1278.8,1220.0,1225.0,727330
CHMF,2024-09-02,1224.2,1234.8,1155.4,1172.0,1400335
CHMF,2024-09-03,1170.0,1214.0,1140.2,1176.2,1531914
CHMF,2024-09-04,1176.4,1239.6,1174.8,1235.6,1238674
CHMF,2024-09-05,1244.2,1294.8,1225.6,1236.0,1828766
CHMF,2024-09-06,1239.8,1258.4,1215.8,1244.0,983247
CHMF,2024-09-09,1248.6,1315.0,1248.0,1313.0,1869936
CHMF,2024-09-10,1282.0,1288.0,1251.0,1254.2,2018036
CHMF,2024-09-11,1250.4,1260.0,1196.2,1201.2,1004610
CHMF,2024-09-12,1203.8,1212.4,1181.0,1208.4,965647
CHMF,2024-09-13,1210.6,1235.8,1160.6,1233.8,1408208
CHMF,2024-09-16,1236.4,1269.0,1235.0,1265.0,1050973
CHMF,2024-09-17,1267.6,1300.0,1261.8,1294.4,1276885
CHMF,2024-09-18,1294.6,1294.6,1270.0,1272.0,885192
CHMF,2024-09-19,1274.6,1284.8,1259.0,1273.8,792230
CHMF,2024-09-20,1273.8,1319.0,1271.2,1319.0,687692
CHMF,2024-09-23,1325.8,1340.0,1302.0,1309.6,1335050
CHMF,2024-09-24,1312.4,1325.0,1295.0,1302.2,1213774
CHMF,2024-09-25,1304.8,1328.4,1274.0,1287.8,1375184
CHMF,2024-09-26,1282.2,1294.6,1260.4,1271.0,816261
CHMF,2024-09-27,1276.6,1293.2,1265.0,1288.4,594760
CHMF,2024-09-30,1290.0,1315.0,1256.6,1257.6,1034330
CHMF,2024-10-01,1258.0,1283.0,1254.0,1272.0,1089512
CHMF,2024-10-02,1272.0,1292.0,1236.6,1247.8,1315435
CHMF,2024-10-03,1245.2,1256.4,1208.4,1241.8,1120423
CHMF,2024-10-04,1242.0,1259.8,1228.0,1236.0,656291
CHMF,2024-10-07,1236.0,1236.0,1213.8,1221.0,668916
CHMF,2024-10-08,1220.0,1247.6,1204.0,1239.0,914397
CHMF,2024-10-09,1239.0,1246.8,1206.2,1224.0,766017
CHMF,2024-10-10,1224.0,1239.4,1217.4,1228.2,637213
CHMF,2024-10-11,1224.0,1234.0,1210.0,1221.0,784246
CHMF,2024-10-14,1220.0,1254.8,1207.6,1248.4,849754
CHMF,2024-10-15,1247.6,1265.6,1232.4,1242.4,1251149
CHMF,2024-10-16,1242.4,1250.0,1233.0,1243.2,499294
CHMF,2024-10-17,1243.4,1244.0,1182.6,1191.0,2569179
CHMF,2024-10-18,1189.8,1204.4,1170.2,1192.2,1677193
CHMF,2024-10-21,1194.6,1229.0,1181.6,1189.8,2632009
CHMF,2024-10-22,1191.0,1202.0,1178.4,1192.4,873985
CHMF,2024-10-23,1195.4,1195.4,1170.8,1172.0,754820
CHMF,2024-10-24,1170.0,1179.2,1155.0,1173.8,1167495
CHMF,2024-10-25,1173.4,1178.0,1135.2,1144.2,1201663
CHMF,2024-10-28,1137.0,1137.0,1094.2,1102.8,1261072
CHMF,2024-10-29,1105.0,1129.0,1085.6,1126.4,1167026
CHMF,2024-10-30,1131.4,1142.0,1102.4,1107.0,753853
CHMF,2024-10-31,1107.0,1120.8,1078.0,1085.6,1070137
CHMF,2024-11-01,1085.0,1103.4,1076.4,1103.2,907391
CHMF,2024-11-02,1101.4,1118.0,1101.4,1113.0,239301
CHMF,2024-11-05,1113.4,1133.6,1104.0,1127.8,578718
CHMF,2024-11-06,1146.6,1168.6,1143.0,1158.6,1168539
CHMF,2024-11-07,1160.8,1185.2,1141.0,1174.0,794101
CHMF,2024-11-08,1177.0,1210.0,1170.2,1209.8,1239677
CHMF,2024-11-11,1226.2,1274.0,1215.0,1272.4,1656190
CHMF,2024-11-12,1270.0,1270.0,1220.2,1228.0,1270096
CHMF,2024-11-13,1225.6,1243.6,1209.8,1211.0,864011
CHMF,2024-11-14,1208.6,1229.6,1190.2,1202.0,547522
CHMF,2024-11-15,1202.0,1237.8,1193.0,1235.0,809655
CHMF,2024-11-18,1200.0,1224.2,1195.0,1199.8,778063
CHMF,2024-11-19,1202.0,1203.2,1146.2,1152.2,845931
CHMF,2024-11-20,1154.6,1168.8,1111.8,1120.0,913441
CHMF,2024-11-21,1122.4,1129.0,1085.0,1117.8,1371967
CHMF,2024-11-22,1121.8,1138.0,1106.8,1130.4,852186
CHMF,2024-11-25,1131.4,1137.0,1094.0,1101.4,712933
CHMF,2024-11-26,1103.6,1119.0,1051.4,1072.0,1330809
CHMF,2024-11-27,1071.4,1103.6,1050.0,1096.8,1713416
CHMF,2024-11-28,1101.8,1127.6,1081.2,1095.8,1339561
CHMF,2024-11-29,1096.0,1131.4,1088.4,1123.2,946612
CHMF,2024-12-02,1131.8,1148.2,1128.0,1142.8,798137
CHMF,2024-12-03,1142.8,1145.4,1092.4,1100.0,827658
CHMF,2024-12-04,1097.8,1109.2,1054.8,1058.0,1501597
CHMF,2024-12-05,1058.0,1088.8,1040.4,1081.6,1300476
CHMF,2024-12-06,1083.8,1107.0,1076.4,1097.4,987649
CHMF,2024-12-09,1100.0,1128.6,1100.0,1125.8,829911
CHMF,2024-12-10,1127.4,1128.4,1090.4,1098.8,1053528
CHMF,2024-12-11,1098.0,1106.8,1083.0,1103.2,710485
CHMF,2024-12-12,1101.4,1114.8,1081.0,1083.0,524517
CHMF,2024-12-13,1083.2,1097.2,1076.0,1091.2,501275
CHMF,2024-12-16,1087.0,1090.2,1050.6,1054.4,951329
CHMF,2024-12-17,1012.0,1025.0,1005.4,1016.4,817336
CHMF,2024-12-18,1018.2,1054.2,1015.0,1033.8,849859
CHMF,2024-12-19,1035.8,1059.8,1026.0,1043.6,1332649
CHMF,2024-12-20,1041.8,1206.8,1035.8,1163.0,2576051
CHMF,2024-12-23,1170.2,1218.8,1130.0,1148.2,2308872
CHMF,2024-12-24,1151.0,1197.6,1127.8,1135.8,1876744
CHMF,2024-12-25,1128.0,1165.0,1118.4,1161.8,1715860
CHMF,2024-12-26,1161.4,1192.6,1148.0,1174.4,1352916
CHMF,2024-12-27,1174.4,1191.8,1169.4,1186.2,740576
CHMF,2024-12-28,1189.0,1239.6,1184.4,1232.2,1513384
CHMF,2024-12-30,1242.0,1337.4,1235.0,1337.4,1807606
CHMF,2025-01-03,1330.0,1337.0,1279.0,1288.6,1102385
CHMF,2025-01-06,1279.8,1297.4,1267.0,1296.6,506120
CHMF,2025-01-08,1297.0,1297.6,1280.4,1283.0,426073
CHMF,2025-01-09,1283.0,1287.6,1227.2,1228.0,1079015
CHMF,2025-01-10,1232.4,1293.2,1230.0,1292.2,1316644
CHMF,2025-01-13,1295.0,1319.6,1268.2,1277.4,1101974
CHMF,2025-01-14,1274.2,1286.0,1262.8,1281.6,631852
CHMF,2025-01-15,1284.2,1284.2,1245.0,1282.6,997328
CHMF,2025-01-16,1285.4,1303.6,1272.2,1285.0,951967
CHMF,2025-01-17,1287.6,1333.6,1271.4,1326.8,1542944
CHMF,2025-01-20,1342.4,1365.8,1285.4,1295.4,2359137
CHMF,2025-01-21,1296.4,1303.0,1263.4,1290.0,913291
CHMF,2025-01-22,1290.4,1294.4,1250.0,1252.0,1172465
CHMF,2025-01-23,1250.0,1259.0,1221.0,1258.6,1544936
CHMF,2025-01-24,1259.0,1266.4,1237.6,1243.4,901672
CHMF,2025-01-27,1243.2,1256.0,1222.2,1225.4,984065
CHMF,2025-01-28,1225.4,1260.8,1203.2,1259.2,1043813
CHMF,2025-01-29,1259.2,1275.0,1250.4,1252.6,894786
CHMF,2025-01-30,1252.6,1283.0,1250.2,1279.6,819607
CHMF,2025-01-31,1275.2,1285.2,1207.6,1211.8,3674721
CHMF,2025-02-03,1211.8,1211.8,1166.0,1192.4,5736236
CHMF,2025-02-04,1192.0,1205.8,1171.6,1175.0,2593783
CHMF,2025-02-05,1175.0,1205.0,1162.8,1202.8,1483536
CHMF,2025-02-06,1202.0,1210.6,1190.0,1196.8,1312473
CHMF,2025-02-07,1196.0,1212.4,1193.2,1207.6,710718
CHMF,2025-02-10,1209.0,1227.4,1203.4,1205.4,842682
CHMF,2025-02-11,1204.0,1242.0,1198.6,1242.0,1071891
CHMF,2025-02-12,1242.0,1329.0,1239.6,1313.6,2036064
CHMF,2025-02-13,1319.6,1366.2,1277.0,1325.0,1824368
CHMF,2025-02-14,1429.2,1429.2,1201.6,1307.6,1729212
CHMF,2025-02-17,1316.0,1371.4,1315.0,1371.4,1078617
CHMF,2025-02-18,1372.0,1380.8,1303.0,1313.4,1231143
CHMF,2025-02-19,1313.4,1349.6,1300.0,1340.8,808676
CHMF,2025-02-20,1341.0,1363.8,1331.6,1345.2,872354
CHMF,2025-02-21,1347.0,1395.0,1336.4,1385.8,1576066
CHMF,2025-02-24,1379.0,1444.4,1376.0,1442.2,1781725
CHMF,2025-02-25,1444.0,1449.4,1407.2,1416.2,1262289
CHMF,2025-02-26,1417.8,1432.6,1350.4,1363.6,1338855
CHMF,2025-02-27,1363.6,1392.0,1332.6,1351.0,935763
CHMF,2025-02-28,1338.0,1367.0,1317.4,1350.2,1325773
CHMF,2025-03-03,1358.0,1364.6,1301.0,1325.4,999654
CHMF,2025-03-04,1327.6,1378.2,1325.6,1370.0,974730
CHMF,2025-03-05,1370.0,1395.0,1331.6,1334.8,1299118
CHMF,2025-03-06,1333.2,1389.4,1331.2,1370.0,1089188
CHMF,2025-03-07,1370.8,1389.8,1327.0,1357.2,1112761
CHMF,2025-03-10,1358.0,1365.6,1334.2,1340.0,428306
CHMF,2025-03-11,1340.0,1357.2,1326.2,1342.6,472915
CHMF,2025-03-12,1342.6,1350.0,1323.4,1330.2,337190
CHMF,2025-03-13,1334.4,1334.6,1283.2,1316.2,1633162
CHMF,2025-03-14,1308.0,1318.2,1296.4,1301.0,972023
CHMF,2025-03-17,1301.0,1351.2,1300.2,1349.0,992676
CHMF,2025-03-18,1351.8,1363.6,1330.0,1336.2,1023361
CHMF,2025-03-19,1336.2,1350.0,1318.6,1332.0,609962
CHMF,2025-03-20,1336.0,1344.0,1303.0,1322.8,957838
CHMF,2025-03-21,1324.2,1335.0,1295.0,1311.0,753525
CHMF,2025-03-24,1311.0,1312.2,1252.0,1259.8,1144204
CHMF,2025-03-25,1258.4,1284.6,1247.0,1279.6,802171
CHMF,2025-03-26,1283.0,1292.0,1242.6,1245.8,913505
CHMF,2025-03-27,1244.4,1247.0,1194.4,1199.2,1299547
CHMF,2025-03-28,1200.0,1209.0,1142.0,1153.2,1797547
CHMF,2025-03-31,1156.0,1189.6,1113.6,1188.0,1654702
CHMF,2025-04-01,1188.0,1196.6,1130.4,1137.0,1139642
CHMF,2025-04-02,1136.6,1170.0,1131.6,1161.2,815432
CHMF,2025-04-03,1161.4,1176.6,1099.0,1122.2,1310806
CHMF,2025-04-04,1126.0,1127.0,1076.4,1081.4,1608171
CHMF,2025-04-07,1080.0,1105.0,1015.4,1053.4,2442026
CHMF,2025-04-08,1056.0,1077.8,991.6,992.8,4466694
CHMF,2025-04-09,993.0,1059.4,958.0,1058.6,4586254
CHMF,2025-04-10,1060.0,1062.0,1006.0,1022.4,3144150
CHMF,2025-04-11,1022.4,1064.8,1022.4,1058.6,1790133
CHMF,2025-04-14,1063.6,1091.2,1029.0,1035.0,1661010
CHMF,2025-04-15,1031.4,1048.4,1018.4,1042.0,873608
CHMF,2025-04-16,1043.4,1056.4,1021.0,1041.4,986514
CHMF,2025-04-17,1041.4,1065.0,1037.6,1062.0,1247448
CHMF,2025-04-18,1055.8,1055.8,1006.2,1022.4,1642014
CHMF,2025-04-21,1026.2,1044.0,1017.6,1040.6,1301869
CHMF,2025-04-22,1044.8,1107.6,1033.0,1093.0,3122761
CHMF,2025-04-23,1102.6,1103.4,1055.0,1062.4,1713028
CHMF,2025-04-24,1057.8,1089.2,1051.4,1071.4,1491481
CHMF,2025-04-25,1078.0,1112.0,1073.2,1106.4,1299509
CHMF,2025-04-28,1120.2,1121.0,1070.0,1081.2,2320399
CHMF,2025-04-29,1075.0,1082.2,1025.4,1033.6,1591426
CHMF,2025-04-30,1031.4,1061.0,1012.8,1054.0,2203254
CHMF,2025-05-02,1054.0,1054.0,1011.2,1016.0,714839
CHMF,2025-05-05,1021.8,1027.6,972.6,992.8,1750649
CHMF,2025-05-06,992.8,1021.8,978.2,1007.8,1405204
CHMF,2025-05-07,1007.8,1021.0,996.2,1013.0,716792
CHMF,2025-05-08,1017.4,1035.2,1012.4,1015.0,445024
CHMF,2025-05-12,1015.2,1053.8,1014.0,1047.6,850038
CHMF,2025-05-13,1048.6,1056.6,1042.0,1046.6,495172
CHMF,2025-05-14,1046.0,1050.8,1028.0,1029.0,538077
CHMF,2025-05-15,1029.2,1035.6,1010.2,1031.2,640970
CHMF,2025-05-16,1031.8,1039.0,1008.0,1027.2,504519
CHMF,2025-05-19,1031.0,1047.6,1021.0,1025.4,677381
CHMF,2025-05-20,1027.0,1028.0,1000.4,1008.2,635248
CHMF,2025-05-21,1008.2,1012.6,993.0,1002.6,530277
CHMF,2025-05-22,1002.6,1006.4,982.2,996.0,705743
CHMF,2025-05-23,996.0,1000.6,980.0,982.2,629927
CHMF,2025-05-26,982.2,982.2,942.0,947.6,921699
CHMF,2025-05-27,946.8,960.0,926.4,951.8,886766
CHMF,2025-05-28,953.0,995.8,953.0,988.8,1178776
CHMF,2025-05-29,992.0,1006.0,977.0,985.8,885197
CHMF,2025-05-30,985.4,1010.0,978.6,1004.8,535197
CHMF,2025-06-02,1007.2,1013.2,972.8,1008.2,838305
CHMF,2025-06-03,1008.4,1053.0,1007.0,1052.2,1061551
CHMF,2025-06-04,1053.2,1074.8,1050.8,1052.2,1738940
CHMF,2025-06-05,1050.0,1066.8,1042.6,1049.2,866840
CHMF,2025-06-06,1049.2,1095.0,1012.4,1016.8,1655016
CHMF,2025-06-09,1016.8,1027.2,979.6,987.2,1033419
CHMF,2025-06-10,989.2,994.8,975.4,983.2,598871
CHMF,2025-06-11,985.0,999.4,976.0,987.0,511440
CHMF,2025-06-13,991.0,1004.6,981.8,982.4,295459
CHMF,2025-06-16,983.0,1003.4,978.0,989.2,848201
CHMF,2025-06-17,989.2,1041.2,987.2,1041.0,1617365
CHMF,2025-06-18,1041.0,1050.0,1015.0,1021.2,1687668
CHMF,2025-06-19,1024.0,1028.0,1002.4,1009.8,1140054
CHMF,2025-06-20,1013.0,1021.2,1005.8,1009.8,624407
CHMF,2025-06-23,1012.2,1013.6,986.0,993.6,728648
CHMF,2025-06-24,992.0,1001.6,978.4,996.6,844066
CHMF,2025-06-25,996.0,1016.8,993.2,1011.8,816089
CHMF,2025-06-26,1009.6,1023.0,1009.6,1013.2,571536
CHMF,2025-06-27,1013.2,1033.0,1000.0,1033.0,870372
CHMF,2025-06-30,1029.8,1066.8,1020.2,1055.6,1141969
CHMF,2025-07-01,1053.6,1069.0,1042.0,1047.6,1074642
CHMF,2025-07-02,1047.8,1055.4,1033.4,1042.0,612398
CHMF,2025-07-03,1035.2,1074.8,1034.4,1063.0,1098585
CHMF,2025-07-04,1061.0,1065.8,1031.0,1040.0,865275
CHMF,2025-07-07,1038.8,1044.0,1007.4,1011.8,871453
CHMF,2025-07-08,1011.8,1017.6,992.0,998.2,685924
CHMF,2025-07-09,999.0,1014.0,994.0,1010.2,704545
CHMF,2025-07-10,1013.8,1021.8,999.0,1002.6,646270
CHMF,2025-07-11,1000.8,1005.0,980.8,983.6,696265
CHMF,2025-07-14,987.0,1022.8,970.0,1016.4,939768
CHMF,2025-07-15,1020.0,1038.6,1017.2,1030.4,764146
CHMF,2025-07-16,1030.8,1045.6,1030.4,1034.0,517341
CHMF,2025-07-17,1034.0,1040.6,1018.0,1020.2,499905
CHMF,2025-07-18,1018.0,1057.0,1017.0,1040.6,1961130
CHMF,2025-07-21,1041.0,1054.0,1026.4,1042.6,1885172
CHMF,2025-07-22,1040.0,1072.4,1035.6,1061.2,1268300
CHMF,2025-07-23,1061.0,1066.2,1035.2,1040.0,1095120
CHMF,2025-07-24,1040.2,1045.6,1015.8,1031.8,1215570
CHMF,2025-07-25,1029.0,1037.6,1006.0,1008.6,900206
CHMF,2025-07-28,1013.2,1024.0,999.0,1003.2,958598
CHMF,2025-07-29,1001.6,1014.4,999.0,1001.4,598926
CHMF,2025-07-30,1001.0,1008.2,991.0,993.0,532593
CHMF,2025-07-31,995.0,1003.2,992.4,998.2,439912
CHMF,2025-08-01,999.0,1011.8,991.4,996.4,460872
CHMF,2025-08-04,998.8,1008.8,996.8,1003.6,452206
CHMF,2025-08-05,1004.2,1024.6,999.2,1013.8,942290
CHMF,2025-08-06,1015.4,1037.4,1000.0,1027.4,1072118
CHMF,2025-08-07,1023.4,1057.0,1020.0,1039.2,1325346
CHMF,2025-08-08,1039.2,1074.0,1023.0,1073.8,1421709
CHMF,2025-08-11,1080.6,1147.6,1080.6,1129.0,4025168
CHMF,2025-08-12,1133.8,1133.8,1097.0,1105.2,2188186
CHMF,2025-08-13,1108.8,1116.6,1083.6,1092.0,898288
CHMF,2025-08-14,1095.0,1122.8,1087.4,1118.0,1201478
CHMF,2025-08-15,1118.8,1125.8,1111.4,1120.2,788560
CHMF,2025-08-18,1099.0,1117.0,1075.4,1114.0,2245784
CHMF,2025-08-19,1114.0,1130.8,1102.2,1116.4,1544916
CHMF,2025-08-20,1116.4,1119.8,1095.4,1105.0,596530
CHMF,2025-08-21,1102.4,1107.6,1057.0,1065.0,1259833
CHMF,2025-08-22,1066.0,1074.0,1055.2,1066.6,755025
CHMF,2025-08-25,1066.6,1071.6,1053.0,1068.0,914260
CHMF,2025-08-26,1068.0,1080.4,1066.8,1077.0,537325
CHMF,2025-08-27,1079.6,1105.2,1075.6,1100.2,581431
CHMF,2025-08-28,1100.4,1101.6,1061.2,1070.6,752022
CHMF,2025-08-29,1072.8,1084.0,1057.2,1061.0,682749
CHMF,2025-09-01,1061.0,1079.2,1053.6,1057.6,805598
CHMF,2025-09-02,1061.2,1079.2,1035.8,1046.8,1481197
CHMF,2025-09-03,1047.0,1066.0,1038.0,1066.0,637114
CHMF,2025-09-04,1066.0,1070.6,1048.8,1064.6,457586
CHMF,2025-09-05,1065.2,1075.8,1062.6,1072.6,396371
CHMF,2025-09-08,1072.6,1081.8,1065.0,1080.2,740614
CHMF,2025-09-09,1080.2,1108.4,1080.0,1105.6,1188058
CHMF,2025-09-10,1105.8,1106.0,1081.0,1081.8,939744
CHMF,2025-09-11,1083.0,1088.6,1055.0,1063.0,1066884
CHMF,2025-09-12,1063.8,1070.6,1043.0,1052.4,1581787
CHMF,2025-09-15,1052.4,1057.4,1020.0,1030.2,947295
CHMF,2025-09-16,1030.0,1038.6,1010.4,1019.2,750591
CHMF,2025-09-17,1019.2,1023.6,1003.0,1016.6,768718
CHMF,2025-09-18,1017.0,1028.0,1009.4,1016.8,1232079
CHMF,2025-09-19,1017.0,1021.8,974.4,980.8,1476745
CHMF,2025-09-22,980.8,994.2,971.6,988.0,1220201
CHMF,2025-09-23,991.2,997.0,960.2,965.2,1123611
CHMF,2025-09-24,964.8,978.4,954.6,974.4,914386
CHMF,2025-09-25,974.2,982.0,965.8,967.0,511193
CHMF,2025-09-26,967.0,980.0,962.0,977.8,647519
CHMF,2025-09-29,978.0,992.4,956.6,960.6,901736
CHMF,2025-09-30,960.6,965.0,941.0,943.2,951055
CHMF,2025-10-01,945.0,955.6,917.2,922.2,1079658
CHMF,2025-10-02,922.4,934.6,911.8,928.8,911968
CHMF,2025-10-03,928.6,937.8,907.0,907.8,748010
CHMF,2025-10-06,909.8,935.0,899.4,932.8,1213908
CHMF,2025-10-07,932.2,954.0,926.2,948.2,754323
CHMF,2025-10-08,948.2,951.6,899.8,907.2,884253
CHMF,2025-10-09,907.2,932.4,876.8,927.0,1789469
CHMF,2025-10-10,930.8,934.6,903.2,904.8,990605
CHMF,2025-10-13,904.6,919.8,897.2,905.0,756901
CHMF,2025-10-14,909.0,909.0,878.8,885.0,665258
CHMF,2025-10-15,888.0,889.0,870.0,874.8,1069893
CHMF,2025-10-16,876.2,932.0,869.2,929.0,1742048
CHMF,2025-10-17,934.6,948.0,921.0,939.2,1184474
CHMF,2025-10-20,939.2,958.2,920.0,928.8,1996698
CHMF,2025-10-21,929.8,929.8,900.6,914.0,1329712
CHMF,2025-10-22,914.0,924.6,896.2,905.0,923421
CHMF,2025-10-23,889.6,898.0,887.0,895.2,585247
CHMF,2025-10-24,897.8,903.0,875.6,875.8,912094
CHMF,2025-10-27,875.8,878.2,848.6,850.8,751888
CHMF,2025-10-28,850.8,872.6,845.6,864.4,768064
CHMF,2025-10-29,866.0,870.6,846.6,853.2,1399288
CHMF,2025-10-30,853.2,882.8,848.2,878.0,1433623
CHMF,2025-10-31,878.0,880.8,847.0,853.4,1562608
CHMF,2025-11-01,856.4,859.4,851.8,855.2,273469
CHMF,2025-11-03,857.0,869.0,855.2,862.4,449600
CHMF,2025-11-05,862.0,868.0,852.4,859.4,723957
CHMF,2025-11-06,860.0,864.0,851.2,852.6,429772
CHMF,2025-11-07,852.4,867.0,851.0,864.4,666221
CHMF,2025-11-10,865.0,883.6,864.0,870.2,1195427
CHMF,2025-11-11,870.2,894.0,865.2,892.6,920310
CHMF,2025-11-12,892.6,895.0,879.0,886.2,1240386
CHMF,2025-11-13,887.4,894.0,870.4,875.4,739740
CHMF,2025-11-14,877.0,881.6,855.6,861.6,777631
CHMF,2025-11-17,862.0,864.8,850.0,851.2,686850
CHMF,2025-11-18,850.0,882.2,848.0,876.0,1507202
CHMF,2025-11-19,876.6,932.8,876.4,913.0,2502993
CHMF,2025-11-20,911.2,943.2,898.0,942.2,1678334
CHMF,2025-11-21,942.0,944.2,917.6,931.6,1186319
CHMF,2025-11-24,941.2,948.8,913.0,918.0,908896
CHMF,2025-11-25,918.0,945.0,904.0,937.8,1199411
CHMF,2025-11-26,937.8,937.8,923.0,926.2,328309
CHMF,2025-11-27,927.6,929.6,908.6,919.0,641506
CHMF,2025-11-28,920.0,941.8,916.2,938.2,644504
CHMF,2025-12-01,939.0,954.0,935.4,944.4,675033
CHMF,2025-12-02,944.4,948.8,928.8,936.2,585113
CHMF,2025-12-03,926.0,930.8,909.0,923.4,813997
CHMF,2025-12-04,926.0,944.0,926.0,932.0,465451
CHMF,2025-12-05,934.8,954.0,928.4,945.2,1092808
CHMF,2025-12-08,949.0,961.4,937.0,938.2,1329392
CHMF,2025-12-09,939.0,958.6,935.4,952.8,1204239
CHMF,2025-12-10,952.4,956.8,942.4,949.2,559076
CHMF,2025-12-11,949.8,977.8,948.2,960.8,1692527
CHMF,2025-12-12,960.8,965.4,952.0,953.6,1031801
CHMF,2025-12-15,955.6,967.6,953.4,967.4,864728
CHMF,2025-12-16,967.4,990.0,964.2,987.0,792548
CHMF,2025-12-17,986.8,994.0,970.8,983.8,917322
CHMF,2025-12-18,982.4,999.4,978.4,992.4,894699
CHMF,2025-12-19,992.8,1001.2,982.6,994.2,1051537
CHMF,2025-12-22,992.4,996.8,965.2,971.0,965724
CHMF,2025-12-23,971.0,977.4,958.0,973.2,604939
CHMF,2025-12-24,973.2,976.4,963.4,965.8,524473
CHMF,2025-12-25,967.0,969.4,959.2,964.2,306118
CHMF,2025-12-26,964.2,982.0,963.4,980.0,689903
CHMF,2025-12-29,979.8,995.0,963.4,967.6,1311008
CHMF,2025-12-30,969.4,973.0,960.4,962.2,536742
CHMF,2026-01-05,961.0,964.6,942.8,951.2,346901
CHMF,2026-01-06,951.2,956.2,942.0,949.4,248894
CHMF,2026-01-08,944.8,949.0,934.8,935.4,279231
CHMF,2026-01-09,937.6,943.8,932.0,933.6,169228
CHMF,2026-01-12,933.2,957.8,933.0,956.0,444186
CHMF,2026-01-13,955.0,957.6,933.2,933.2,473870
CHMF,2026-01-14,933.2,944.0,920.2,926.8,578910
CHMF,2026-01-15,926.8,947.0,926.8,942.0,473357
CHMF,2026-01-16,941.8,956.0,938.0,947.2,521982
CHMF,2026-01-19,949.6,967.6,941.0,956.0,789701
CHMF,2026-01-20,956.0,969.6,952.6,967.4,413466
CHMF,2026-01-21,967.4,978.2,956.0,974.0,740971
CHMF,2026-01-22,974.2,976.8,958.2,964.2,484351
CHMF,2026-01-23,963.6,981.6,959.8,978.2,502886
CHMF,2026-01-26,979.2,982.6,962.6,968.6,613691
CHMF,2026-01-27,971.0,977.8,961.6,974.0,578396
CHMF,2026-01-28,973.6,986.6,963.8,967.4,897762
CHMF,2026-01-29,967.8,1022.8,967.8,1012.0,3380039
CHMF,2026-01-30,1011.4,1020.6,986.8,999.8,1254474
CHMF,2026-02-02,999.0,1007.8,980.0,989.6,1414546
CHMF,2026-02-03,990.0,1004.0,982.0,994.0,2073085
CHMF,2026-02-04,985.2,996.2,979.0,983.0,850996
CHMF,2026-02-05,981.0,981.0,960.8,969.0,944435
CHMF,2026-02-06,966.4,973.6,960.6,968.0,438085
CHMF,2026-02-09,973.2,975.2,944.0,948.6,702196
CHMF,2026-02-10,948.6,955.6,939.6,941.6,480527
CHMF,2026-02-11,941.2,969.0,940.2,959.0,806996
CHMF,2026-02-12,962.8,977.0,955.2,970.6,611035
CHMF,2026-02-13,974.6,991.8,961.4,989.6,806255
CHMF,2026-02-16,989.0,994.2,970.2,971.0,723603
CHMF,2026-02-17,971.2,979.0,958.4,960.6,580912
CHMF,2026-02-18,963.6,965.0,953.6,963.6,506239
CHMF,2026-02-19,964.2,972.6,955.4,957.2,501676
CHMF,2026-02-20,958.6,963.2,954.4,960.0,397444
CHMF,2026-02-24,960.2,971.4,951.8,952.8,507973
CHMF,2026-02-25,954.6,960.8,950.4,958.0,409830
CHMF,2026-02-26,958.2,967.6,955.6,958.8,560353
CHMF,2026-02-27,958.8,971.4,955.4,965.6,542288
CHMF,2026-03-02,969.0,969.6,942.0,946.0,960040
CHMF,2026-03-03,946.0,959.2,942.8,947.2,912764
CHMF,2026-03-04,944.2,961.2,942.2,958.2,802267
CHMF,2026-03-05,960.0,966.2,931.0,939.8,924270
CHMF,2026-03-06,940.0,942.0,921.0,924.6,957707
CHMF,2026-03-09,925.8,940.8,920.0,935.0,578365
CHMF,2026-03-10,934.8,952.0,926.4,931.6,906671
CHMF,2026-03-11,932.0,940.8,930.0,931.8,463890
CHMF,2026-03-12,931.8,935.4,917.0,919.6,801359
CHMF,2026-03-13,921.0,932.0,915.4,927.8,663440
CHMF,2026-03-16,927.8,938.2,921.2,924.4,485073
CHMF,2026-03-17,924.6,930.0,915.8,919.2,418756
CHMF,2026-03-18,919.4,924.0,905.0,906.0,886424
CHMF,2026-03-19,908.6,923.0,903.6,910.2,906202
CHMF,2026-03-20,910.2,918.6,905.0,906.4,301581
CHMF,2026-03-23,906.6,908.0,885.0,888.0,865713
CHMF,2026-03-24,885.6,890.8,870.6,875.8,632578
CHMF,2026-03-25,876.6,886.6,873.2,886.4,556430
CHMF,2026-03-26,886.4,888.4,861.8,863.2,550630
CHMF,2026-03-27,863.2,868.2,841.0,848.6,1439799
CHMF,2026-03-30,848.8,866.6,843.0,859.8,1375826
CHMF,2026-03-31,860.0,866.6,837.2,842.4,937552
CHMF,2026-04-01,842.4,857.0,840.2,852.6,905510
CHMF,2026-04-02,852.8,854.8,838.2,841.4,914791
CHMF,2026-04-03,843.0,847.6,823.2,823.8,1268957
CHMF,2026-04-06,825.2,839.6,817.2,838.8,1177628
CHMF,2026-04-07,839.6,847.6,828.0,829.8,975609
CHMF,2026-04-08,836.0,854.6,832.8,837.8,1000473
CHMF,2026-04-09,838.0,840.2,820.0,826.0,797729
CHMF,2026-04-10,827.6,829.6,813.0,813.0,621396
CHMF,2026-04-13,814.0,821.4,798.8,806.4,1061532
CHMF,2026-04-14,808.8,817.6,800.0,807.6,806524
CHMF,2026-04-15,809.0,831.4,806.4,831.4,857661
CHMF,2026-04-16,832.0,838.4,822.0,823.8,966274
CHMF,2026-04-17,824.4,832.8,815.8,817.8,750389
CHMF,2026-04-20,820.8,822.2,804.0,811.6,1258919
CHMF,2026-04-21,811.6,815.8,802.0,812.0,1887357
CHMF,2026-04-22,812.0,837.4,807.0,836.0,1404144
CHMF,2026-04-23,835.8,836.0,819.4,822.6,705813
CHMF,2026-04-24,825.0,829.8,797.2,800.2,1715708
CHMF,2026-04-27,803.4,805.4,790.4,794.0,910942
CHMF,2026-04-28,794.4,795.0,773.4,775.0,835520
CHMF,2026-04-29,777.8,782.2,750.4,759.6,1594133
CHMF,2026-04-30,760.0,775.6,752.8,760.4,876076
CHMF,2026-05-04,762.8,768.0,740.4,742.6,1210857
CHMF,2026-05-05,742.6,754.6,728.4,749.2,1087246
CHMF,2026-05-06,749.8,755.6,732.4,734.6,1098001
CHMF,2026-05-07,735.0,748.2,733.0,734.8,844692
CHMF,2026-05-08,736.4,739.8,726.6,730.0,736369
CHMF,2026-05-11,740.6,755.4,734.4,755.4,720638
CHMF,2026-05-12,755.0,763.6,748.8,761.6,1009246
CHMF,2026-05-13,763.4,767.0,753.6,762.4,554610
CHMF,2026-05-14,763.8,770.0,753.6,754.8,904932
CHMF,2026-05-15,754.2,758.4,740.2,744.0,603271
CHMF,2026-05-18,744.0,754.8,736.0,754.6,766084
CHMF,2026-05-19,755.0,760.0,751.2,754.6,640478
CHMF,2026-05-20,754.6,760.8,742.4,750.6,859964
CHMF,2026-05-21,746.0,767.0,738.6,754.2,773879
CHMF,2026-05-22,758.0,765.0,740.4,743.0,571719
CHMF,2026-05-25,743.8,746.0,711.4,717.0,1565355
CHMF,2026-05-26,717.0,725.8,699.0,704.2,2153606
CHMF,2026-05-27,701.4,713.2,700.0,708.4,870054
CHMF,2026-05-28,708.4,713.0,689.0,691.0,1462784
CHMF,2026-05-29,688.4,695.0,682.6,687.4,942787
CHMF,2026-06-01,686.6,701.8,686.6,696.8,1021042
CHMF,2026-06-02,696.8,710.0,694.0,708.6,900104
CHMF,2026-06-03,708.6,711.6,689.6,691.4,984287
CHMF,2026-06-04,691.4,698.0,679.4,686.2,1191321
CHMF,2026-06-05,688.6,689.4,675.2,676.6,678451
CHMF,2026-06-08,676.6,684.2,675.0,679.6,1618504
CHMF,2026-06-09,679.6,698.6,667.4,688.0,2951444
CHMF,2026-06-10,688.0,691.6,673.4,681.8,1382417
CHMF,2026-06-11,684.0,694.4,678.8,685.0,797547
CHMF,2026-06-15,685.0,701.8,676.6,694.6,1544204
CHMF,2026-06-16,693.6,699.4,670.6,672.4,1373022
CHMF,2026-06-17,672.4,680.6,664.2,669.2,1070515
CHMF,2026-06-18,669.2,669.4,643.2,646.0,2096482
CHMF,2026-06-19,646.0,658.2,624.0,625.8,1850466
CHMF,2026-06-22,627.0,629.8,594.0,597.8,2395117
CHMF,2026-06-23,594.4,609.8,584.4,606.6,1589049
CHMF,2026-06-24,606.4,609.8,572.6,587.4,1751391
CHMF,2026-06-25,587.6,593.6,564.4,567.2,2204542
CHMF,2026-06-26,567.2,597.0,551.2,569.4,2922333
CHMF,2026-06-29,572.8,601.8,564.8,596.4,2136659
CHMF,2026-06-30,596.4,631.0,592.8,619.0,3990649
CHMF,2026-07-01,618.8,622.4,605.0,611.8,1912924
CHMF,2026-07-02,611.8,612.8,571.4,576.4,1938731
CHMF,2026-07-03,577.0,585.0,558.0,560.2,1828909
CHMF,2026-07-06,560.4,571.0,536.8,538.8,1952292
CHMF,2026-07-07,539.6,556.6,523.0,554.0,2311484
CHMF,2026-07-08,554.2,565.4,538.8,557.0,2131548
CHMF,2026-07-09,556.0,560.6,535.6,538.4,1169755
CHMF,2026-07-10,538.4,549.8,533.8,543.8,1746344
CHMF,2026-07-13,543.8,565.0,538.0,553.2,1805921
CHMF,2026-07-14,553.2,558.8,540.6,549.4,949856
CHMF,2026-07-15,549.4,552.8,520.4,523.0,1668735
CHMF,2026-07-16,521.4,533.4,509.4,510.0,2572100
CHMF,2026-07-17,513.8,533.0,505.6,517.8,2355935
CHMF,2026-07-20,517.8,560.0,513.0,558.6,3289046
CHMF,2026-07-21,558.6,577.0,542.2,566.6,3302841
CHMF,2026-07-22,566.6,580.6,552.0,574.8,2457512
CHMF,2026-07-23,576.6,576.6,549.2,556.0,1601130
CHMF,2026-07-24,555.2,584.0,543.0,578.4,2426033
CHMF,2026-07-27,580.2,623.6,572.4,620.0,2827956
CHMF,2026-07-28,616.0,624.8,605.2,610.4,1990876
CHMF,2026-07-29,610.4,643.0,610.4,639.0,1928201
CHMF,2026-07-30,642.0,650.2,614.6,623.4,2478643
CHMF,2026-07-31,623.4,649.0,612.0,638.4,1405356
CHMF,2026-08-03,640.0,669.0,638.4,666.0,1900336
CHMF,2026-08-04,666.2,670.4,645.6,660.6,1414124
CHMF,2026-08-05,660.6,671.6,654.2,667.0,1084304
CHMF,2026-08-06,667.0,671.0,644.2,660.8,1831361
CHMF,2026-08-07,664.0,666.6,636.0,639.4,1819009
CHMF,2026-08-10,639.0,667.6,637.0,665.0,1747887
CHMF,2026-08-11,661.6,693.8,661.6,686.4,2996911
CHMF,2026-08-12,685.6,691.8,667.2,668.0,1913527
CHMF,2026-08-13,667.2,670.6,643.8,644.4,1596447
CHMF,2026-08-14,644.4,654.6,609.2,614.0,1574358
