symbol,date,open,high,low,close,volume
LSRG,2013-07-15,579.6,579.6,579.6,579.6,5
LSRG,2013-07-16,585.5,592.7,585.5,592.7,50
LSRG,2013-07-17,606.2,824.4,606.2,824.4,14
LSRG,2013-07-19,609.1,609.1,609.1,609.1,43
LSRG,2013-07-22,611.6,622.8,611.6,622.8,3
LSRG,2013-08-29,700.0,700.0,700.0,700.0,1
LSRG,2013-09-02,567.5,581.3,560.2,572.5,3854
LSRG,2013-09-03,573.9,582.3,562.2,565.0,5064
LSRG,2013-09-04,565.0,572.6,555.0,565.0,3528
LSRG,2013-09-05,566.5,581.3,564.1,580.3,15458
LSRG,2013-09-06,575.8,589.0,575.8,580.0,22353
LSRG,2013-09-09,580.0,599.0,580.0,582.0,10032
LSRG,2013-09-10,590.4,598.3,571.1,571.7,7962
LSRG,2013-09-11,578.9,580.5,571.3,572.0,7564
LSRG,2013-09-12,580.0,580.0,565.3,565.6,23338
LSRG,2013-09-13,568.9,570.9,542.5,543.0,16197
LSRG,2013-09-16,549.7,619.3,549.7,573.0,63693
LSRG,2013-09-17,573.0,573.0,565.0,567.0,2525
LSRG,2013-09-18,566.1,570.1,557.0,559.0,6881
LSRG,2013-09-19,566.8,588.7,566.8,587.0,13554
LSRG,2013-09-20,587.4,594.0,566.0,568.8,8397
LSRG,2013-09-23,558.2,572.9,558.2,560.1,3182
LSRG,2013-09-24,565.1,565.5,558.0,563.0,15726
LSRG,2013-09-25,565.0,565.5,555.5,558.1,3020
LSRG,2013-09-26,563.5,569.5,559.0,569.5,9412
LSRG,2013-09-27,570.0,570.0,556.2,568.9,4788
LSRG,2013-09-30,567.0,569.5,561.0,564.0,10750
LSRG,2013-10-01,563.2,571.9,563.2,568.0,1782
LSRG,2013-10-02,565.8,568.0,551.4,558.1,3395
LSRG,2013-10-03,558.3,568.7,545.8,551.3,19848
LSRG,2013-10-04,552.8,558.0,545.9,553.3,5078
LSRG,2013-10-07,552.4,552.4,544.7,548.1,3562
LSRG,2013-10-08,552.0,556.8,547.7,553.0,3405
LSRG,2013-10-09,555.6,564.3,551.7,564.3,5264
LSRG,2013-10-10,565.0,570.1,555.0,569.7,12203
LSRG,2013-10-11,575.0,575.4,556.5,567.9,12197
LSRG,2013-10-14,565.0,577.3,555.5,577.2,8297
LSRG,2013-10-15,577.7,599.3,577.7,599.3,13019
LSRG,2013-10-16,596.0,619.3,587.9,615.0,13675
LSRG,2013-10-17,615.7,624.3,595.3,606.0,6613
LSRG,2013-10-18,601.1,629.2,600.0,625.0,16089
LSRG,2013-10-21,621.0,621.0,598.1,601.0,26699
LSRG,2013-10-22,599.3,609.5,597.7,603.0,3171
LSRG,2013-10-23,599.3,602.1,594.3,595.8,3539
LSRG,2013-10-24,595.0,596.1,585.0,592.6,4646
LSRG,2013-10-25,592.0,597.7,586.1,592.0,6311
LSRG,2013-10-28,594.8,604.3,592.1,601.7,12605
LSRG,2013-10-29,600.3,609.0,595.3,600.9,9675
LSRG,2013-10-30,603.7,609.8,596.0,602.8,8622
LSRG,2013-10-31,597.9,602.7,585.3,585.3,2450
LSRG,2013-11-01,589.2,594.0,580.0,581.6,7978
LSRG,2013-11-05,580.0,585.8,577.4,582.8,2722
LSRG,2013-11-06,586.3,586.3,578.0,580.0,5439
LSRG,2013-11-07,582.9,594.3,578.0,585.3,4348
LSRG,2013-11-08,583.4,583.4,549.7,550.0,60784
LSRG,2013-11-11,551.1,555.5,544.9,546.5,13009
LSRG,2013-11-12,550.2,562.3,544.2,560.1,18176
LSRG,2013-11-13,558.3,564.0,550.5,550.5,8054
LSRG,2013-11-14,562.6,572.0,556.0,570.2,9881
LSRG,2013-11-15,570.3,570.9,551.4,560.0,10706
LSRG,2013-11-18,563.8,567.9,556.0,557.9,3310
LSRG,2013-11-19,561.0,565.5,556.3,560.0,3468
LSRG,2013-11-20,559.0,559.0,553.3,556.0,3516
LSRG,2013-11-21,555.0,558.3,553.1,555.0,20741
LSRG,2013-11-22,555.0,560.4,553.9,560.0,12283
LSRG,2013-11-25,560.9,561.9,534.3,548.0,18021
LSRG,2013-11-26,546.0,550.2,532.0,546.0,19793
LSRG,2013-11-27,546.0,553.0,545.0,552.2,6043
LSRG,2013-11-28,553.5,566.0,553.0,564.0,10906
LSRG,2013-11-29,564.3,574.0,560.5,573.0,18244
LSRG,2013-12-02,573.6,574.3,569.1,572.0,21394
LSRG,2013-12-03,569.3,569.5,557.1,563.9,24901
LSRG,2013-12-04,560.0,566.0,555.2,555.7,7855
LSRG,2013-12-05,561.8,567.2,555.0,558.0,1947
LSRG,2013-12-06,563.4,568.9,556.0,561.0,8219
LSRG,2013-12-09,561.0,566.6,556.1,565.9,4107
LSRG,2013-12-10,565.0,566.0,555.1,556.8,4785
LSRG,2013-12-11,561.0,561.0,545.0,557.4,7501
LSRG,2013-12-12,556.7,566.0,553.0,561.0,12296
LSRG,2013-12-13,563.8,569.5,561.6,568.0,6518
LSRG,2013-12-16,569.0,584.0,566.5,583.7,19477
LSRG,2013-12-17,583.7,586.3,577.4,581.0,2544
LSRG,2013-12-18,581.9,599.3,581.9,598.5,15459
LSRG,2013-12-19,600.1,604.3,586.0,587.9,15577
LSRG,2013-12-20,587.8,587.8,577.9,577.9,12901
LSRG,2013-12-23,582.5,618.9,580.1,611.9,42779
LSRG,2013-12-24,600.8,616.9,599.5,601.6,4047
LSRG,2013-12-25,601.5,612.8,591.8,594.4,1909
LSRG,2013-12-26,591.8,603.7,590.0,602.9,708
LSRG,2013-12-27,600.0,610.0,595.0,606.7,1575
LSRG,2013-12-30,605.7,615.3,600.2,610.8,2484
LSRG,2014-01-06,600.6,606.7,580.2,585.0,10681
LSRG,2014-01-08,583.0,607.9,579.2,598.6,7176
LSRG,2014-01-09,591.5,599.0,585.1,592.0,3811
LSRG,2014-01-10,593.2,593.2,585.0,590.0,18164
LSRG,2014-01-13,590.0,603.9,586.2,602.2,17492
LSRG,2014-01-14,595.0,614.3,590.0,609.5,25061
LSRG,2014-01-15,612.4,627.9,610.2,615.0,20752
LSRG,2014-01-16,620.0,626.9,597.1,597.4,15466
LSRG,2014-01-17,600.0,617.9,595.3,607.0,9004
LSRG,2014-01-20,604.9,611.5,603.5,605.0,44221
LSRG,2014-01-21,605.0,607.1,604.0,605.0,7733
LSRG,2014-01-22,603.1,607.6,600.1,600.6,16912
LSRG,2014-01-23,604.9,606.0,603.5,604.0,11541
LSRG,2014-01-24,604.3,604.5,592.9,596.5,6076
LSRG,2014-01-27,593.0,602.2,553.1,587.5,25413
LSRG,2014-01-28,678.7,678.7,580.1,591.5,7975
LSRG,2014-01-29,591.9,614.0,568.0,578.6,29592
LSRG,2014-01-30,581.3,583.7,557.5,559.0,52842
LSRG,2014-01-31,563.3,572.1,550.0,551.0,30538
LSRG,2014-02-03,551.1,559.0,541.1,544.5,19511
LSRG,2014-02-04,541.4,541.4,527.2,534.6,16080
LSRG,2014-02-05,539.0,552.1,535.8,549.9,44780
LSRG,2014-02-06,551.2,558.0,541.7,555.0,24560
LSRG,2014-02-07,555.5,569.8,550.2,569.8,21893
LSRG,2014-02-10,563.6,570.0,563.5,569.1,8223
LSRG,2014-02-11,567.6,584.0,566.0,580.9,18726
LSRG,2014-02-12,581.4,590.6,578.0,585.6,11599
LSRG,2014-02-13,583.0,595.0,581.6,585.0,35533
LSRG,2014-02-14,589.0,590.3,565.5,589.0,38239
LSRG,2014-02-17,590.7,598.8,585.3,591.5,15922
LSRG,2014-02-18,594.1,598.5,591.5,597.0,7500
LSRG,2014-02-19,599.0,599.2,587.2,590.4,10388
LSRG,2014-02-20,587.5,598.7,583.6,593.9,6201
LSRG,2014-02-21,597.9,600.0,591.5,591.7,4112
LSRG,2014-02-24,591.8,592.0,580.0,580.1,966
LSRG,2014-02-25,587.9,587.9,570.0,577.4,1789
LSRG,2014-02-26,575.0,581.8,567.0,571.0,966
LSRG,2014-02-27,568.8,576.3,554.6,565.0,7865
LSRG,2014-02-28,560.3,569.1,556.0,567.9,2888
LSRG,2014-03-03,549.5,549.5,450.0,465.0,52070
LSRG,2014-03-04,483.4,529.0,460.4,498.3,25961
LSRG,2014-03-05,500.2,500.3,472.3,477.4,54815
LSRG,2014-03-06,490.5,514.8,463.9,468.0,79909
LSRG,2014-03-07,473.0,477.0,455.4,470.0,10128
LSRG,2014-03-11,469.0,470.0,461.0,464.4,26268
LSRG,2014-03-12,463.1,467.2,432.0,433.4,39099
LSRG,2014-03-13,434.2,443.1,405.6,415.0,43794
LSRG,2014-03-14,405.4,410.1,366.2,387.8,59580
LSRG,2014-03-17,394.8,449.0,376.1,406.9,62081
LSRG,2014-03-18,409.0,435.9,398.0,434.0,46893
LSRG,2014-03-19,430.0,477.0,427.0,446.0,45609
LSRG,2014-03-20,442.3,465.5,439.9,455.9,30849
LSRG,2014-03-21,444.5,467.6,444.5,449.8,23603
LSRG,2014-03-24,512.6,512.6,446.9,449.9,7438
LSRG,2014-03-25,450.4,463.0,448.0,457.4,24078
LSRG,2014-03-26,457.9,461.0,451.0,456.3,15636
LSRG,2014-03-27,443.3,457.9,443.3,449.4,9243
LSRG,2014-03-28,453.0,458.0,450.2,453.1,19605
LSRG,2014-03-31,454.8,459.0,450.9,456.3,15784
LSRG,2014-04-01,456.4,465.0,456.3,460.0,11726
LSRG,2014-04-02,445.5,459.8,445.5,456.9,6176
LSRG,2014-04-03,457.5,465.0,455.0,457.7,43457
LSRG,2014-04-04,456.6,464.5,456.5,458.0,6823
LSRG,2014-04-07,460.0,460.0,443.1,449.7,72968
LSRG,2014-04-08,448.0,448.0,440.3,446.6,5504
LSRG,2014-04-09,446.1,472.4,446.0,465.0,21702
LSRG,2014-04-10,464.3,494.0,456.1,494.0,42964
LSRG,2014-04-11,481.7,493.4,480.0,482.9,10160
LSRG,2014-04-14,478.1,479.9,472.5,477.0,13135
LSRG,2014-04-15,478.0,484.0,475.0,475.0,68340
LSRG,2014-04-16,474.7,485.9,474.7,481.9,27383
LSRG,2014-04-17,483.9,484.9,475.2,483.9,4275
LSRG,2014-04-18,488.3,518.3,488.3,517.0,28967
LSRG,2014-04-21,516.9,545.7,510.5,535.3,17261
LSRG,2014-04-22,539.9,542.0,505.1,506.0,49268
LSRG,2014-04-23,506.1,512.0,505.0,510.8,13994
LSRG,2014-04-24,512.9,514.0,497.1,508.9,16587
LSRG,2014-04-25,510.0,518.5,481.1,504.0,66343
LSRG,2014-04-28,500.2,513.4,485.1,495.0,5534
LSRG,2014-04-29,501.9,508.5,488.5,490.0,7203
LSRG,2014-04-30,490.4,494.5,482.7,486.1,54756
LSRG,2014-05-02,486.7,495.2,480.0,489.4,1810
LSRG,2014-05-05,485.1,494.5,485.0,494.1,2490
LSRG,2014-05-06,494.9,497.0,490.0,493.2,3164
LSRG,2014-05-07,493.5,530.0,488.8,529.7,15688
LSRG,2014-05-08,529.6,529.7,507.0,519.0,15737
LSRG,2014-05-12,519.0,520.0,513.4,515.1,4133
LSRG,2014-05-13,519.0,522.9,514.6,517.0,7326
LSRG,2014-05-14,518.8,523.1,512.9,517.6,9048
LSRG,2014-05-15,522.7,522.9,515.0,520.0,10527
LSRG,2014-05-16,524.6,528.9,516.5,524.3,10613
LSRG,2014-05-19,529.4,539.0,520.1,533.2,7288
LSRG,2014-05-20,535.9,543.8,529.7,536.0,10538
LSRG,2014-05-21,539.8,550.0,530.3,550.0,6891
LSRG,2014-05-22,550.4,562.9,540.0,559.5,13310
LSRG,2014-05-23,559.6,569.3,558.0,567.9,17719
LSRG,2014-05-26,569.9,584.3,566.0,575.1,18274
LSRG,2014-05-27,573.1,576.8,563.3,572.1,21322
LSRG,2014-05-28,578.8,584.0,571.2,581.1,9966
LSRG,2014-05-29,579.8,609.0,579.8,609.0,24068
LSRG,2014-05-30,605.1,605.1,587.0,595.9,9166
LSRG,2014-06-02,595.0,609.3,593.0,609.3,17998
LSRG,2014-06-03,603.5,608.0,591.5,605.9,21156
LSRG,2014-06-04,605.8,614.3,600.1,613.0,9601
LSRG,2014-06-05,617.7,622.9,610.0,615.1,7852
LSRG,2014-06-06,616.2,624.3,601.5,623.9,7428
LSRG,2014-06-09,623.7,624.0,612.0,620.8,3866
LSRG,2014-06-10,624.6,629.8,612.2,627.5,17611
LSRG,2014-06-11,630.6,643.9,618.5,629.5,23137
LSRG,2014-06-16,629.7,639.3,615.0,626.0,45123
LSRG,2014-06-17,635.0,635.0,611.1,616.1,16590
LSRG,2014-06-18,611.2,628.0,610.0,624.0,9518
LSRG,2014-06-19,625.0,636.0,620.3,620.3,17370
LSRG,2014-06-20,632.5,632.5,610.0,610.0,18359
LSRG,2014-06-23,615.6,619.8,605.1,611.9,8556
LSRG,2014-06-24,614.1,620.0,612.7,618.0,8504
LSRG,2014-06-25,622.7,627.0,610.3,619.8,11278
LSRG,2014-06-26,624.5,624.5,615.0,619.7,5911
LSRG,2014-06-27,600.0,621.0,600.0,621.0,17798
LSRG,2014-06-30,581.3,598.5,580.7,595.4,11928
LSRG,2014-07-01,589.7,597.9,588.0,592.5,2350
LSRG,2014-07-02,595.4,598.3,585.5,596.4,26370
LSRG,2014-07-03,597.5,598.0,595.0,596.0,3538
LSRG,2014-07-04,599.8,603.9,593.0,600.0,13803
LSRG,2014-07-07,605.1,614.3,600.0,612.6,7907
LSRG,2014-07-08,610.0,619.3,606.5,614.0,8303
LSRG,2014-07-09,618.6,618.7,598.1,607.9,7195
LSRG,2014-07-10,606.2,607.1,551.6,595.0,9011
LSRG,2014-07-11,593.2,607.0,590.0,600.3,6282
LSRG,2014-07-14,599.4,608.5,597.2,602.0,2744
LSRG,2014-07-15,622.2,622.2,590.0,600.0,3111
LSRG,2014-07-16,599.4,616.0,599.4,610.1,5393
LSRG,2014-07-17,603.7,619.4,601.4,611.7,4579
LSRG,2014-07-18,609.2,611.5,587.2,587.9,5682
LSRG,2014-07-21,593.1,593.1,575.3,580.0,8073
LSRG,2014-07-22,616.4,616.4,579.0,589.3,9123
LSRG,2014-07-23,580.4,598.4,565.0,585.8,19513
LSRG,2014-07-24,582.9,584.4,572.9,575.5,7948
LSRG,2014-07-25,578.3,585.0,576.0,580.3,6411
LSRG,2014-07-28,576.4,576.6,551.3,560.2,11075
LSRG,2014-07-29,559.2,574.8,550.8,572.8,2673
LSRG,2014-07-30,571.0,600.0,565.5,590.5,3572
LSRG,2014-07-31,590.0,594.9,572.0,576.4,2441
LSRG,2014-08-01,566.3,576.3,561.4,569.5,2094
LSRG,2014-08-04,568.2,578.8,555.8,568.1,3613
LSRG,2014-08-05,569.0,589.4,564.3,570.7,6823
LSRG,2014-08-06,567.5,574.9,556.7,568.2,7600
LSRG,2014-08-07,572.1,576.5,542.6,562.8,7964
LSRG,2014-08-08,564.5,575.0,555.0,568.3,2552
LSRG,2014-08-11,572.0,575.0,568.1,570.5,1625
LSRG,2014-08-12,574.6,578.5,565.3,571.9,4080
LSRG,2014-08-13,576.9,598.0,571.6,591.3,3863
LSRG,2014-08-14,585.8,598.0,585.7,595.0,3956
LSRG,2014-08-15,590.1,594.7,580.0,590.5,3422
LSRG,2014-08-18,591.9,594.3,585.6,588.6,1785
LSRG,2014-08-19,588.4,605.1,585.3,605.0,6442
LSRG,2014-08-20,607.0,614.3,600.4,614.3,4273
LSRG,2014-08-21,616.0,619.3,604.2,604.2,2876
LSRG,2014-08-22,591.1,612.7,590.5,602.0,2054
LSRG,2014-08-25,599.1,608.4,596.0,604.0,1593
LSRG,2014-08-26,600.2,616.6,587.8,600.1,7901
LSRG,2014-08-27,596.5,611.8,592.7,595.5,4522
LSRG,2014-08-28,593.3,600.5,586.0,586.0,12393
LSRG,2014-08-29,588.0,590.0,566.6,566.6,4983
LSRG,2014-09-01,573.2,590.0,573.0,575.0,11063
LSRG,2014-09-02,575.0,589.8,575.0,579.7,7404
LSRG,2014-09-03,582.9,614.3,582.9,610.4,23674
LSRG,2014-09-04,608.8,612.1,588.7,608.5,3589
LSRG,2014-09-05,600.2,614.3,600.2,612.9,2611
LSRG,2014-09-08,613.0,627.9,608.0,618.9,19506
LSRG,2014-09-09,628.0,631.8,613.1,613.5,5205
LSRG,2014-09-10,618.0,626.5,610.2,620.1,14684
LSRG,2014-09-11,628.4,644.4,619.0,620.2,31043
LSRG,2014-09-12,624.7,631.2,620.3,626.9,3635
LSRG,2014-09-15,629.0,637.1,613.0,620.0,26097
LSRG,2014-09-16,624.3,632.9,620.0,626.2,9021
LSRG,2014-09-17,629.7,629.7,620.0,623.0,7985
LSRG,2014-09-18,638.9,639.0,622.6,634.9,2518
LSRG,2014-09-19,628.8,634.9,611.8,626.3,38020
LSRG,2014-09-22,633.3,648.6,628.0,643.3,20429
LSRG,2014-09-23,644.2,649.0,642.2,648.9,14309
LSRG,2014-09-24,649.7,668.8,649.7,664.0,25729
LSRG,2014-09-25,673.0,686.4,660.0,660.0,22735
LSRG,2014-09-26,659.5,680.0,658.9,672.3,25672
LSRG,2014-09-29,679.8,693.5,665.0,672.1,11492
LSRG,2014-09-30,672.1,672.1,643.0,656.0,16080
LSRG,2014-10-01,640.0,678.0,640.0,652.0,15344
LSRG,2014-10-02,643.0,644.0,602.0,615.0,17055
LSRG,2014-10-03,609.0,625.0,609.0,625.0,1955
LSRG,2014-10-06,624.0,665.0,624.0,645.0,10091
LSRG,2014-10-07,630.0,657.0,630.0,655.0,1653
LSRG,2014-10-08,655.0,655.0,624.0,631.0,6624
LSRG,2014-10-09,640.0,646.0,620.0,625.0,10046
LSRG,2014-10-10,622.0,639.0,614.0,635.0,9659
LSRG,2014-10-13,634.0,645.0,625.0,630.0,3496
LSRG,2014-10-14,630.0,630.0,614.0,614.0,1958
LSRG,2014-10-15,614.0,615.0,589.0,595.0,23847
LSRG,2014-10-16,594.0,632.0,587.0,590.0,17370
LSRG,2014-10-17,597.0,623.0,591.0,599.0,9075
LSRG,2014-10-20,607.0,607.0,580.0,581.0,3228
LSRG,2014-10-21,581.0,595.0,577.0,585.0,6657
LSRG,2014-10-22,587.0,590.0,572.0,574.0,8081
LSRG,2014-10-23,573.0,579.0,571.0,574.0,9179
LSRG,2014-10-24,573.0,588.0,567.0,584.0,1768
LSRG,2014-10-27,587.0,608.0,582.0,589.0,3090
LSRG,2014-10-28,588.0,604.0,588.0,591.0,4469
LSRG,2014-10-29,597.0,599.0,585.0,586.0,2213
LSRG,2014-10-30,585.0,602.0,584.0,601.0,14220
LSRG,2014-10-31,600.0,621.0,600.0,614.0,13294
LSRG,2014-11-03,618.0,626.0,432.0,596.0,11264
LSRG,2014-11-05,597.0,631.0,597.0,631.0,34047
LSRG,2014-11-06,631.0,650.0,621.0,642.0,13517
LSRG,2014-11-07,637.0,644.0,610.0,617.0,9956
LSRG,2014-11-10,619.0,620.0,609.0,616.0,4819
LSRG,2014-11-11,615.0,626.0,612.0,618.0,27216
LSRG,2014-11-12,616.0,619.0,602.0,612.0,21070
LSRG,2014-11-13,617.0,626.0,607.0,607.0,34019
LSRG,2014-11-14,608.0,622.0,608.0,617.0,1021
LSRG,2014-11-17,625.0,625.0,595.0,600.0,5043
LSRG,2014-11-18,606.0,609.0,595.0,600.0,4900
LSRG,2014-11-19,604.0,605.0,595.0,602.0,3184
LSRG,2014-11-20,602.0,616.0,598.0,600.0,18677
LSRG,2014-11-21,600.0,603.0,585.0,599.0,5832
LSRG,2014-11-24,600.0,603.0,589.0,590.0,5548
LSRG,2014-11-25,596.0,599.0,589.0,597.0,25129
LSRG,2014-11-26,598.0,600.0,585.0,588.0,23266
LSRG,2014-11-27,588.0,600.0,577.0,581.0,13726
LSRG,2014-11-28,596.0,596.0,561.0,565.0,18299
LSRG,2014-12-01,571.0,579.0,557.0,573.0,15291
LSRG,2014-12-02,567.0,576.0,547.0,551.0,7876
LSRG,2014-12-03,550.0,572.0,544.0,572.0,3225
LSRG,2014-12-04,553.0,578.0,552.0,552.0,4319
LSRG,2014-12-05,551.0,560.0,517.0,529.0,7324
LSRG,2014-12-08,530.0,535.0,492.0,492.0,4149
LSRG,2014-12-09,500.0,513.0,456.0,492.0,10601
LSRG,2014-12-10,487.0,508.0,487.0,496.0,5424
LSRG,2014-12-11,500.0,506.0,486.0,502.0,3011
LSRG,2014-12-12,505.0,594.0,489.0,522.0,4447
LSRG,2014-12-15,546.0,561.0,490.0,495.0,15782
LSRG,2014-12-16,487.0,499.0,458.0,472.0,15858
LSRG,2014-12-17,508.0,610.0,450.0,468.0,12242
LSRG,2014-12-18,470.0,489.0,455.0,468.0,11459
LSRG,2014-12-19,469.0,475.0,461.0,461.0,4805
LSRG,2014-12-22,469.0,471.0,442.0,451.0,14669
LSRG,2014-12-23,454.0,459.0,442.0,444.0,6786
LSRG,2014-12-24,452.0,458.0,440.0,455.0,5759
LSRG,2014-12-25,459.0,475.0,445.0,450.0,3018
LSRG,2014-12-26,450.0,458.0,446.0,447.0,1171
LSRG,2014-12-29,446.0,465.0,444.0,458.0,2570
LSRG,2014-12-30,457.0,458.0,445.0,458.0,4496
LSRG,2015-01-05,457.0,477.0,454.0,473.0,807
LSRG,2015-01-06,472.0,485.0,467.0,473.0,805
LSRG,2015-01-08,478.0,495.0,476.0,480.0,1505
LSRG,2015-01-09,484.0,490.0,465.0,489.0,1212
LSRG,2015-01-12,487.0,488.0,463.0,484.0,1311
LSRG,2015-01-13,482.0,485.0,465.0,468.0,2015
LSRG,2015-01-14,467.0,475.0,450.0,454.0,7712
LSRG,2015-01-15,453.0,475.0,450.0,467.0,4455
LSRG,2015-01-16,465.0,471.0,455.0,463.0,3217
LSRG,2015-01-19,460.0,460.0,444.0,447.0,13866
LSRG,2015-01-20,451.0,454.0,436.0,447.0,9705
LSRG,2015-01-21,454.0,454.0,433.0,443.0,12371
LSRG,2015-01-22,445.0,461.0,440.0,460.0,14151
LSRG,2015-01-23,464.0,509.0,455.0,485.0,94649
LSRG,2015-01-26,480.0,491.0,459.0,476.0,13419
LSRG,2015-01-27,476.0,485.0,463.0,473.0,10419
LSRG,2015-01-28,484.0,512.0,471.0,486.0,62531
LSRG,2015-01-29,488.0,498.0,485.0,494.0,4347
LSRG,2015-01-30,494.0,502.0,465.0,471.0,10531
LSRG,2015-02-02,476.0,477.0,455.0,468.0,8254
LSRG,2015-02-03,470.0,475.0,464.0,467.0,3457
LSRG,2015-02-04,406.0,477.0,406.0,477.0,3304
LSRG,2015-02-05,475.0,482.0,463.0,478.0,5187
LSRG,2015-02-06,479.0,488.0,472.0,481.0,6103
LSRG,2015-02-09,482.0,560.0,479.0,520.0,24346
LSRG,2015-02-10,536.0,570.0,522.0,549.0,23069
LSRG,2015-02-11,560.0,580.0,552.0,561.0,10729
LSRG,2015-02-12,570.0,598.0,538.0,571.0,16712
LSRG,2015-02-13,581.0,591.0,540.0,568.0,36783
LSRG,2015-02-16,569.0,580.0,545.0,580.0,15477
LSRG,2015-02-17,578.0,578.0,564.0,569.0,3654
LSRG,2015-02-18,568.0,582.0,563.0,579.0,15343
LSRG,2015-02-19,578.0,586.0,554.0,571.0,12577
LSRG,2015-02-20,574.0,578.0,562.0,572.0,1074
LSRG,2015-02-24,548.0,585.0,543.0,582.0,8764
LSRG,2015-02-25,564.0,619.0,564.0,589.0,55327
LSRG,2015-02-26,590.0,604.0,585.0,592.0,15010
LSRG,2015-02-27,596.0,599.0,580.0,589.0,26617
LSRG,2015-03-02,588.0,588.0,575.0,584.0,2050
LSRG,2015-03-03,587.0,600.0,580.0,600.0,10316
LSRG,2015-03-04,592.0,600.0,585.0,590.0,8300
LSRG,2015-03-05,599.0,600.0,575.0,592.0,6917
LSRG,2015-03-06,621.0,743.0,607.0,619.0,125766
LSRG,2015-03-10,620.0,625.0,602.0,617.0,58564
LSRG,2015-03-11,613.0,644.0,611.0,616.0,27615
LSRG,2015-03-12,619.0,623.0,609.0,616.0,9531
LSRG,2015-03-13,615.0,630.0,612.0,615.0,21071
LSRG,2015-03-16,618.0,624.0,607.0,617.0,11173
LSRG,2015-03-17,617.0,645.0,617.0,624.0,49095
LSRG,2015-03-18,625.0,648.0,620.0,640.0,217105
LSRG,2015-03-19,654.0,666.0,641.0,652.0,58805
LSRG,2015-03-20,704.0,704.0,653.0,668.0,26369
LSRG,2015-03-23,667.0,677.0,664.0,671.0,16970
LSRG,2015-03-24,677.0,714.0,670.0,703.0,44854
LSRG,2015-03-25,736.0,736.0,666.0,676.0,55676
LSRG,2015-03-26,660.0,684.0,640.0,650.0,82094
LSRG,2015-03-27,654.0,665.0,646.0,661.0,51844
LSRG,2015-03-30,664.0,675.0,655.0,664.0,27013
LSRG,2015-03-31,683.0,683.0,640.0,665.0,117962
LSRG,2015-04-01,661.0,667.0,647.0,653.0,55347
LSRG,2015-04-02,656.0,660.0,648.0,657.0,20280
LSRG,2015-04-03,657.0,659.0,645.0,650.0,22304
LSRG,2015-04-06,752.0,752.0,651.0,654.0,14395
LSRG,2015-04-07,660.0,671.0,654.0,670.0,43349
LSRG,2015-04-08,675.0,684.0,665.0,670.0,38995
LSRG,2015-04-09,670.0,670.0,650.0,659.0,19346
LSRG,2015-04-10,660.0,664.0,634.0,649.0,61402
LSRG,2015-04-13,650.0,659.0,647.0,648.0,36375
LSRG,2015-04-14,655.0,658.0,636.0,640.0,30147
LSRG,2015-04-15,640.0,659.0,638.0,659.0,45523
LSRG,2015-04-16,650.0,650.0,601.0,629.0,85380
LSRG,2015-04-17,610.0,620.0,593.0,613.0,44109
LSRG,2015-04-20,595.0,596.0,572.0,575.0,62111
LSRG,2015-04-21,551.0,615.0,551.0,606.0,110106
LSRG,2015-04-22,610.0,633.0,595.0,620.0,108947
LSRG,2015-04-23,629.0,629.0,602.0,616.0,18283
LSRG,2015-04-24,619.0,623.0,600.0,612.0,18603
LSRG,2015-04-27,616.0,622.0,601.0,611.0,98273
LSRG,2015-04-28,645.0,645.0,600.0,609.0,9624
LSRG,2015-04-29,654.0,654.0,601.0,609.0,9351
LSRG,2015-04-30,603.0,618.0,603.0,613.0,24910
LSRG,2015-05-05,615.0,630.0,614.0,619.0,52990
LSRG,2015-05-06,623.0,623.0,612.0,616.0,4905
LSRG,2015-05-07,622.0,622.0,606.0,611.0,8299
LSRG,2015-05-08,608.0,613.0,608.0,612.0,6247
LSRG,2015-05-12,614.0,619.0,609.0,613.0,13015
LSRG,2015-05-13,614.0,617.0,590.0,609.0,14243
LSRG,2015-05-14,562.0,614.0,562.0,610.0,20624
LSRG,2015-05-15,612.0,613.0,610.0,610.0,8693
LSRG,2015-05-18,611.0,618.0,610.0,616.0,26309
LSRG,2015-05-19,616.0,620.0,610.0,620.0,9700
LSRG,2015-05-20,613.0,618.0,611.0,612.0,3200
LSRG,2015-05-21,610.0,613.0,610.0,613.0,3348
LSRG,2015-05-22,610.0,613.0,607.0,610.0,32617
LSRG,2015-05-25,613.0,613.0,600.0,610.0,35946
LSRG,2015-05-26,612.0,615.0,608.0,612.0,54683
LSRG,2015-05-27,629.0,629.0,611.0,618.0,18124
LSRG,2015-05-28,616.0,635.0,616.0,616.0,56977
LSRG,2015-05-29,625.0,633.0,616.0,616.0,6721
LSRG,2015-06-01,620.0,630.0,612.0,612.0,1340
LSRG,2015-06-02,620.0,623.0,614.0,614.0,1938
LSRG,2015-06-03,618.0,620.0,601.0,601.0,111241
LSRG,2015-06-04,605.0,621.0,596.0,601.0,49793
LSRG,2015-06-05,600.0,615.0,590.0,600.0,28095
LSRG,2015-06-08,602.0,615.0,600.0,612.0,3022
LSRG,2015-06-09,615.0,620.0,612.0,619.0,7645
LSRG,2015-06-10,620.0,622.0,610.0,610.0,22039
LSRG,2015-06-11,611.0,619.0,610.0,614.0,8914
LSRG,2015-06-15,614.0,620.0,610.0,615.0,17719
LSRG,2015-06-16,620.0,620.0,610.0,615.0,5825
LSRG,2015-06-17,613.0,620.0,610.0,612.0,14622
LSRG,2015-06-18,618.0,619.0,610.0,610.0,25396
LSRG,2015-06-19,618.0,618.0,600.0,612.0,74179
LSRG,2015-06-22,608.0,610.0,601.0,605.0,67119
LSRG,2015-06-23,608.0,618.0,601.0,602.0,2543
LSRG,2015-06-24,603.0,608.0,600.0,601.0,4860
LSRG,2015-06-25,603.0,604.0,600.0,602.0,103854
LSRG,2015-06-26,594.0,605.0,592.0,602.0,44634
LSRG,2015-06-29,597.0,597.0,552.0,581.0,23047
LSRG,2015-06-30,583.0,588.0,564.0,572.0,2711
LSRG,2015-07-01,575.0,594.0,563.0,581.0,7720
LSRG,2015-07-02,580.0,595.0,570.0,580.0,6647
LSRG,2015-07-03,583.0,589.0,578.0,580.0,15881
LSRG,2015-07-06,578.0,583.0,547.0,566.0,13407
LSRG,2015-07-07,563.0,578.0,561.0,569.0,7969
LSRG,2015-07-08,563.0,563.0,540.0,553.0,8468
LSRG,2015-07-09,550.0,570.0,546.0,565.0,13170
LSRG,2015-07-10,566.0,575.0,562.0,568.0,2046
LSRG,2015-07-13,565.0,600.0,562.0,597.0,7002
LSRG,2015-07-14,595.0,612.0,589.0,611.0,7926
LSRG,2015-07-15,607.0,625.0,601.0,604.0,5606
LSRG,2015-07-16,609.0,613.0,597.0,599.0,1757
LSRG,2015-07-17,600.0,602.0,588.0,590.0,2071
LSRG,2015-07-20,587.0,587.0,575.0,579.0,3605
LSRG,2015-07-21,581.0,605.0,576.0,598.0,8955
LSRG,2015-07-22,605.0,626.0,598.0,608.0,10284
LSRG,2015-07-23,604.0,604.0,585.0,587.0,3800
LSRG,2015-07-24,585.0,586.0,580.0,585.0,11226
LSRG,2015-07-27,585.0,591.0,554.0,555.0,7444
LSRG,2015-07-28,555.0,574.0,550.0,570.0,14814
LSRG,2015-07-29,569.0,575.0,560.0,573.0,11668
LSRG,2015-07-30,575.0,605.0,575.0,593.0,12747
LSRG,2015-07-31,591.0,610.0,590.0,600.0,14516
LSRG,2015-08-03,606.0,606.0,595.0,595.0,2129
LSRG,2015-08-04,596.0,609.0,595.0,595.0,2270
LSRG,2015-08-05,606.0,608.0,595.0,599.0,972
LSRG,2015-08-06,595.0,605.0,585.0,590.0,2950
LSRG,2015-08-07,589.0,598.0,582.0,586.0,3793
LSRG,2015-08-10,589.0,592.0,586.0,590.0,812
LSRG,2015-08-11,590.0,597.0,590.0,593.0,1036
LSRG,2015-08-12,590.0,597.0,585.0,587.0,2257
LSRG,2015-08-13,587.0,600.0,582.0,600.0,9430
LSRG,2015-08-14,600.0,608.0,592.0,592.0,17531
LSRG,2015-08-17,591.0,595.0,584.0,584.0,8336
LSRG,2015-08-18,585.0,590.0,583.0,583.0,2650
LSRG,2015-08-19,583.0,594.0,582.0,586.0,5077
LSRG,2015-08-20,580.0,588.0,570.0,585.0,11357
LSRG,2015-08-21,585.0,589.0,581.0,581.0,3950
LSRG,2015-08-24,573.0,582.0,555.0,564.0,5585
LSRG,2015-08-25,562.0,571.0,550.0,560.0,30842
LSRG,2015-08-26,565.0,570.0,544.0,555.0,8760
LSRG,2015-08-27,568.0,580.0,555.0,569.0,12676
LSRG,2015-08-28,575.0,580.0,567.0,573.0,6166
LSRG,2015-08-31,574.0,576.0,565.0,574.0,1649
LSRG,2015-09-01,578.0,593.0,567.0,576.0,10184
LSRG,2015-09-02,576.0,585.0,570.0,571.0,2075
LSRG,2015-09-03,574.0,575.0,560.0,566.0,4774
LSRG,2015-09-04,563.0,567.0,561.0,564.0,1646
LSRG,2015-09-07,565.0,566.0,551.0,560.0,4200
LSRG,2015-09-08,561.0,566.0,559.0,560.0,1335
LSRG,2015-09-09,563.0,578.0,555.0,567.0,6335
LSRG,2015-09-10,568.0,578.0,562.0,572.0,5437
LSRG,2015-09-11,577.0,580.0,571.0,574.0,3440
LSRG,2015-09-14,573.0,579.0,556.0,560.0,25000
LSRG,2015-09-15,561.0,566.0,543.0,548.0,34146
LSRG,2015-09-16,552.0,555.0,545.0,550.0,15186
LSRG,2015-09-17,567.0,567.0,540.0,551.0,38131
LSRG,2015-09-18,554.0,554.0,534.0,541.0,40013
LSRG,2015-09-21,544.0,552.0,535.0,542.0,10825
LSRG,2015-09-22,543.0,552.0,540.0,547.0,7524
LSRG,2015-09-23,546.0,603.0,546.0,560.0,33386
LSRG,2015-09-24,565.0,574.0,553.0,561.0,11149
LSRG,2015-09-25,565.0,565.0,550.0,558.0,11401
LSRG,2015-09-28,556.0,562.0,555.0,559.0,4217
LSRG,2015-09-29,558.0,562.0,555.0,555.0,8647
LSRG,2015-09-30,562.0,574.0,555.0,569.0,12285
LSRG,2015-10-01,569.0,569.0,548.0,557.0,15364
LSRG,2015-10-02,558.0,559.0,551.0,555.0,1088
LSRG,2015-10-05,555.0,570.0,553.0,567.0,5278
LSRG,2015-10-06,570.0,585.0,559.0,585.0,10787
LSRG,2015-10-07,584.0,588.0,562.0,572.0,9844
LSRG,2015-10-08,574.0,581.0,557.0,570.0,7018
LSRG,2015-10-09,570.0,589.0,569.0,584.0,11246
LSRG,2015-10-12,590.0,590.0,575.0,580.0,5952
LSRG,2015-10-13,590.0,598.0,580.0,592.0,33329
LSRG,2015-10-14,592.0,599.0,591.0,598.0,2144
LSRG,2015-10-15,598.0,598.0,585.0,587.0,2845
LSRG,2015-10-16,595.0,598.0,593.0,595.0,17026
LSRG,2015-10-19,595.0,598.0,589.0,594.0,4108
LSRG,2015-10-20,593.0,607.0,592.0,607.0,13035
LSRG,2015-10-21,601.0,616.0,601.0,607.0,2745
LSRG,2015-10-22,601.0,618.0,601.0,614.0,3117
LSRG,2015-10-23,624.0,624.0,611.0,618.0,1649
LSRG,2015-10-26,612.0,624.0,606.0,606.0,2184
LSRG,2015-10-27,606.0,607.0,580.0,586.0,15236
LSRG,2015-10-28,588.0,608.0,585.0,608.0,9564
LSRG,2015-10-29,611.0,612.0,591.0,594.0,5569
LSRG,2015-10-30,596.0,623.0,593.0,619.0,11576
LSRG,2015-11-02,619.0,619.0,600.0,606.0,7841
LSRG,2015-11-03,610.0,614.5,597.0,597.0,8215
LSRG,2015-11-05,600.5,616.0,599.0,603.0,10216
LSRG,2015-11-06,606.0,620.0,606.0,615.5,5443
LSRG,2015-11-09,615.5,627.5,612.0,627.5,5564
LSRG,2015-11-10,625.0,628.5,615.0,624.0,2266
LSRG,2015-11-11,624.0,627.5,611.0,620.5,3800
LSRG,2015-11-12,618.0,628.5,617.0,625.0,5001
LSRG,2015-11-13,621.0,622.5,602.0,620.0,10672
LSRG,2015-11-16,619.5,628.5,599.5,615.5,15715
LSRG,2015-11-17,623.0,633.0,614.0,625.5,60796
LSRG,2015-11-18,633.0,640.0,627.0,630.0,7217
LSRG,2015-11-19,636.0,649.0,630.5,631.0,4436
LSRG,2015-11-20,637.0,649.0,630.0,630.5,10604
LSRG,2015-11-23,631.0,661.0,631.0,657.0,20988
LSRG,2015-11-24,662.5,662.5,647.0,655.0,19824
LSRG,2015-11-25,659.5,662.5,653.5,659.5,6380
LSRG,2015-11-26,663.0,670.0,655.0,669.5,6457
LSRG,2015-11-27,669.5,674.5,662.5,667.0,5921
LSRG,2015-11-30,662.5,674.5,658.0,673.0,6602
LSRG,2015-12-01,673.0,698.0,671.5,690.5,10515
LSRG,2015-12-02,686.0,700.0,683.0,690.0,5380
LSRG,2015-12-03,697.0,710.0,687.5,701.0,10811
LSRG,2015-12-04,700.0,708.0,684.0,695.0,10433
LSRG,2015-12-07,702.0,710.0,690.5,710.0,26408
LSRG,2015-12-08,699.5,708.0,692.5,703.0,19804
LSRG,2015-12-09,703.0,705.5,689.0,693.0,4460
LSRG,2015-12-10,692.0,699.5,686.5,691.5,1717
LSRG,2015-12-11,697.0,698.0,679.0,697.5,1749
LSRG,2015-12-14,697.0,697.5,681.5,683.5,8459
LSRG,2015-12-15,681.0,694.5,677.5,677.5,1974
LSRG,2015-12-16,684.0,684.0,666.5,667.0,3791
LSRG,2015-12-17,674.0,693.5,672.5,680.0,9030
LSRG,2015-12-18,679.0,710.0,670.5,682.0,16721
LSRG,2015-12-21,691.5,695.0,675.0,678.5,5721
LSRG,2015-12-22,684.5,688.0,667.0,667.0,4240
LSRG,2015-12-23,674.5,683.0,665.5,678.5,4459
LSRG,2015-12-24,671.0,679.0,665.0,672.0,1176
LSRG,2015-12-25,680.5,680.5,667.0,667.5,805
LSRG,2015-12-28,666.5,678.5,649.5,668.0,4052
LSRG,2015-12-29,669.0,669.0,659.0,667.5,2536
LSRG,2015-12-30,668.0,690.0,668.0,673.0,6838
LSRG,2016-01-04,680.5,710.0,674.0,698.0,3481
LSRG,2016-01-05,707.5,720.0,706.0,717.5,46293
LSRG,2016-01-06,717.5,732.0,715.0,732.0,5057
LSRG,2016-01-11,712.5,720.0,694.5,695.5,37281
LSRG,2016-01-12,697.5,698.5,665.5,681.0,10290
LSRG,2016-01-13,685.5,700.5,684.0,684.0,15981
LSRG,2016-01-14,689.0,689.0,662.5,668.0,7513
LSRG,2016-01-15,675.5,675.5,610.0,623.0,15687
LSRG,2016-01-18,610.0,627.5,584.0,589.5,54982
LSRG,2016-01-19,594.0,619.5,594.0,615.0,31710
LSRG,2016-01-20,615.0,615.0,584.0,597.5,24840
LSRG,2016-01-21,602.0,629.5,601.0,629.0,17707
LSRG,2016-01-22,629.0,669.0,629.0,634.5,21836
LSRG,2016-01-25,640.0,647.0,615.0,624.0,8975
LSRG,2016-01-26,615.0,639.5,607.0,622.0,7787
LSRG,2016-01-27,622.0,633.0,614.0,633.0,11406
LSRG,2016-01-28,634.0,644.0,626.0,632.5,7989
LSRG,2016-01-29,630.5,635.0,620.5,624.0,14557
LSRG,2016-02-01,626.5,633.5,625.0,630.0,1823
LSRG,2016-02-02,628.5,633.0,625.0,626.5,1555
LSRG,2016-02-03,625.0,626.5,610.0,614.5,26624
LSRG,2016-02-04,615.0,621.5,598.0,604.0,32190
LSRG,2016-02-05,608.0,619.0,605.0,610.5,13216
LSRG,2016-02-08,612.0,621.0,610.5,621.0,8199
LSRG,2016-02-09,621.0,623.5,615.5,618.5,10374
LSRG,2016-02-10,621.5,625.0,608.0,610.0,13645
LSRG,2016-02-11,615.5,623.5,610.0,618.0,8821
LSRG,2016-02-12,621.0,625.0,615.0,616.0,10088
LSRG,2016-02-15,617.0,618.0,606.5,610.0,17368
LSRG,2016-02-16,610.5,611.5,601.5,611.0,14115
LSRG,2016-02-17,612.0,613.5,592.0,592.0,45930
LSRG,2016-02-18,594.0,597.5,588.5,593.5,26813
LSRG,2016-02-19,598.0,598.0,588.5,592.0,64848
LSRG,2016-02-20,591.0,598.5,587.0,596.5,2525
LSRG,2016-02-22,598.0,598.5,589.5,591.5,20053
LSRG,2016-02-24,592.0,598.0,590.0,596.0,8483
LSRG,2016-02-25,596.0,597.0,591.0,597.0,19753
LSRG,2016-02-26,597.0,597.0,585.5,588.5,54597
LSRG,2016-02-29,590.5,595.0,589.0,594.0,16841
LSRG,2016-03-01,597.5,601.0,586.0,599.5,74937
LSRG,2016-03-02,601.5,610.0,599.0,607.5,51710
LSRG,2016-03-03,607.0,646.0,606.0,638.0,200348
LSRG,2016-03-04,644.0,657.5,642.0,653.0,122767
LSRG,2016-03-07,666.0,668.0,656.0,658.0,66155
LSRG,2016-03-09,659.0,663.5,652.0,654.0,89157
LSRG,2016-03-10,656.0,659.0,647.5,653.0,68732
LSRG,2016-03-11,654.5,658.5,648.5,655.0,28293
LSRG,2016-03-14,659.5,665.5,654.0,664.5,32483
LSRG,2016-03-15,666.0,669.5,660.0,665.0,63242
LSRG,2016-03-16,669.0,680.0,665.5,677.0,85091
LSRG,2016-03-17,685.0,688.0,671.5,673.5,79077
LSRG,2016-03-18,677.0,679.0,669.5,669.5,55373
LSRG,2016-03-21,673.0,676.5,670.0,675.0,30091
LSRG,2016-03-22,678.5,678.5,672.0,676.0,25919
LSRG,2016-03-23,678.5,679.0,669.5,674.5,22983
LSRG,2016-03-24,670.0,676.0,669.5,672.0,20454
LSRG,2016-03-25,670.0,675.0,670.0,673.5,15558
LSRG,2016-03-28,674.0,679.5,673.5,675.5,17401
LSRG,2016-03-29,674.0,678.5,672.0,674.0,21812
LSRG,2016-03-30,677.0,678.5,672.0,678.5,21854
LSRG,2016-03-31,678.0,685.5,675.5,681.5,23023
LSRG,2016-04-01,683.0,689.0,678.5,684.0,29936
LSRG,2016-04-04,685.0,689.5,679.5,688.5,22971
LSRG,2016-04-05,689.5,689.5,677.0,686.0,39466
LSRG,2016-04-06,688.0,689.5,676.0,680.0,33251
LSRG,2016-04-07,684.0,685.0,678.5,685.0,20348
LSRG,2016-04-08,685.0,685.5,680.0,684.0,17934
LSRG,2016-04-11,683.0,689.0,680.0,689.0,48508
LSRG,2016-04-12,689.0,702.5,687.0,702.5,71991
LSRG,2016-04-13,704.5,715.0,703.5,711.0,67712
LSRG,2016-04-14,709.0,718.0,708.0,718.0,109441
LSRG,2016-04-15,646.5,660.0,646.5,654.5,131839
LSRG,2016-04-18,650.0,655.5,638.0,647.0,59005
LSRG,2016-04-19,640.0,644.5,635.0,640.0,75250
LSRG,2016-04-20,640.0,653.0,638.0,648.0,42943
LSRG,2016-04-21,651.5,658.0,643.0,648.5,33655
LSRG,2016-04-22,649.0,656.5,646.5,647.0,19434
LSRG,2016-04-25,647.5,649.5,635.5,639.0,17412
LSRG,2016-04-26,642.0,646.5,635.0,644.5,16055
LSRG,2016-04-27,647.5,647.5,636.5,636.5,8859
LSRG,2016-04-28,643.0,643.0,633.5,642.0,16202
LSRG,2016-04-29,642.0,655.0,638.0,649.0,30020
LSRG,2016-05-04,646.0,654.5,643.5,649.5,7924
LSRG,2016-05-05,649.0,651.5,645.0,645.5,11066
LSRG,2016-05-06,645.0,650.5,644.0,647.0,15014
LSRG,2016-05-10,646.0,649.0,638.0,643.0,12861
LSRG,2016-05-11,644.0,648.0,641.0,643.0,2890
LSRG,2016-05-12,643.0,645.0,628.0,630.5,14979
LSRG,2016-05-13,626.0,639.5,623.0,637.0,12047
LSRG,2016-05-16,639.0,644.0,636.5,638.0,10180
LSRG,2016-05-17,637.0,639.0,630.0,635.5,7570
LSRG,2016-05-18,635.0,650.0,631.5,643.0,14002
LSRG,2016-05-19,643.0,653.0,641.0,645.5,34245
LSRG,2016-05-20,645.5,648.0,643.5,646.5,2993
LSRG,2016-05-23,645.5,672.0,644.5,672.0,65062
LSRG,2016-05-24,665.0,696.0,665.0,672.5,87462
LSRG,2016-05-25,672.0,683.5,665.0,672.0,12041
LSRG,2016-05-26,680.0,705.0,674.0,700.0,99360
LSRG,2016-05-27,700.0,719.5,687.0,717.5,81087
LSRG,2016-05-30,717.0,717.5,694.5,702.0,10106
LSRG,2016-05-31,700.0,724.5,700.0,708.0,27061
LSRG,2016-06-01,717.0,725.0,702.0,716.0,37417
LSRG,2016-06-02,712.0,744.0,710.5,736.0,64428
LSRG,2016-06-03,740.0,742.0,721.0,727.0,16103
LSRG,2016-06-06,728.0,750.0,726.5,744.0,38524
LSRG,2016-06-07,746.0,764.0,740.0,759.5,56987
LSRG,2016-06-08,760.0,777.5,759.0,777.5,32410
LSRG,2016-06-09,769.5,787.5,727.0,758.0,24442
LSRG,2016-06-10,759.5,761.0,730.0,734.5,17152
LSRG,2016-06-14,733.0,743.5,722.0,738.0,16511
LSRG,2016-06-15,738.0,746.0,738.0,742.0,3279
LSRG,2016-06-16,742.0,753.5,739.5,749.0,4115
LSRG,2016-06-17,749.0,749.5,742.5,745.0,2321
LSRG,2016-06-20,745.0,769.5,740.0,767.0,10219
LSRG,2016-06-21,770.0,777.0,753.0,776.0,11058
LSRG,2016-06-22,777.0,790.0,775.0,786.5,11598
LSRG,2016-06-23,786.5,799.5,752.5,776.5,37680
LSRG,2016-06-24,730.0,811.5,730.0,809.5,54778
LSRG,2016-06-27,811.5,832.0,811.5,826.0,16974
LSRG,2016-06-28,822.5,830.0,802.5,827.5,14079
LSRG,2016-06-29,828.0,846.0,824.0,830.0,17380
LSRG,2016-06-30,830.5,836.5,816.5,823.0,14221
LSRG,2016-07-01,831.0,846.0,819.0,823.5,4037
LSRG,2016-07-04,823.5,845.0,820.0,843.0,20439
LSRG,2016-07-05,842.0,859.5,842.0,859.0,8245
LSRG,2016-07-06,862.0,875.0,828.5,828.5,19826
LSRG,2016-07-07,840.5,859.0,830.5,846.0,9317
LSRG,2016-07-08,845.0,860.0,840.5,840.5,13303
LSRG,2016-07-11,844.5,855.0,830.0,842.5,5633
LSRG,2016-07-12,840.5,845.0,835.0,841.5,4852
LSRG,2016-07-13,840.5,868.5,840.5,860.5,11417
LSRG,2016-07-14,865.0,882.5,850.0,876.5,19581
LSRG,2016-07-15,863.0,894.0,863.0,887.0,5381
LSRG,2016-07-18,885.0,900.5,871.0,879.0,8255
LSRG,2016-07-19,874.5,916.0,874.5,912.5,15356
LSRG,2016-07-20,910.0,921.0,898.0,902.5,10664
LSRG,2016-07-21,900.5,915.0,879.0,898.0,15270
LSRG,2016-07-22,905.5,918.0,882.0,908.0,4224
LSRG,2016-07-25,905.0,908.0,900.5,905.5,4656
LSRG,2016-07-26,905.0,908.0,899.0,905.0,12302
LSRG,2016-07-27,902.5,906.5,900.0,905.0,6888
LSRG,2016-07-28,903.5,904.5,888.0,900.5,15643
LSRG,2016-07-29,901.0,908.0,887.5,907.5,19071
LSRG,2016-08-01,902.0,908.0,896.0,900.0,6686
LSRG,2016-08-02,899.0,899.0,883.0,886.5,3589
LSRG,2016-08-03,889.5,891.0,881.0,889.5,1973
LSRG,2016-08-04,894.5,900.0,890.0,899.5,4755
LSRG,2016-08-05,896.5,900.0,887.0,889.0,1988
LSRG,2016-08-08,888.5,897.0,861.5,893.0,6118
LSRG,2016-08-09,890.0,895.0,875.5,892.5,1859
LSRG,2016-08-10,893.0,908.0,885.5,895.5,5543
LSRG,2016-08-11,894.5,907.5,889.5,905.0,3782
LSRG,2016-08-12,905.0,908.0,897.0,904.0,7884
LSRG,2016-08-15,902.0,907.5,883.0,898.0,4373
LSRG,2016-08-16,896.5,904.5,880.0,888.0,6373
LSRG,2016-08-17,889.0,895.0,880.0,880.5,5776
LSRG,2016-08-18,888.5,895.0,878.0,886.5,9612
LSRG,2016-08-19,885.5,932.0,880.5,918.5,13535
LSRG,2016-08-22,920.5,926.5,899.5,908.0,25112
LSRG,2016-08-23,902.0,915.0,901.5,905.0,11580
LSRG,2016-08-24,905.5,911.0,895.0,896.0,6096
LSRG,2016-08-25,903.0,910.0,897.5,904.5,44223
LSRG,2016-08-26,904.5,915.0,899.0,908.0,3566
LSRG,2016-08-29,902.5,907.0,880.0,880.0,5994
LSRG,2016-08-30,869.0,881.0,850.0,879.0,34147
LSRG,2016-08-31,874.5,880.5,873.5,878.0,5556
LSRG,2016-09-01,877.0,899.0,867.0,895.0,10366
LSRG,2016-09-02,895.5,903.0,895.5,901.5,5554
LSRG,2016-09-05,901.0,904.0,899.5,899.5,4088
LSRG,2016-09-06,897.5,903.0,896.0,896.0,1319
LSRG,2016-09-07,896.0,901.0,885.0,897.5,3336
LSRG,2016-09-08,900.5,915.0,890.0,896.0,3570
LSRG,2016-09-09,894.5,900.0,890.0,895.0,6715
LSRG,2016-09-12,891.0,898.0,885.0,891.0,4455
LSRG,2016-09-13,889.5,899.0,865.0,888.0,3789
LSRG,2016-09-14,887.5,896.0,886.0,890.5,1759
LSRG,2016-09-15,887.5,893.5,886.5,893.0,1074
LSRG,2016-09-16,892.0,900.0,885.5,890.0,5182
LSRG,2016-09-19,894.0,905.0,893.0,899.0,3128
LSRG,2016-09-20,897.0,904.0,894.0,894.5,1739
LSRG,2016-09-21,898.5,899.5,882.0,887.0,2872
LSRG,2016-09-22,887.0,892.0,877.0,884.0,5481
LSRG,2016-09-23,887.0,887.0,876.0,880.0,1524
LSRG,2016-09-26,880.0,883.5,876.5,883.5,2707
LSRG,2016-09-27,883.5,898.5,878.0,882.0,8739
LSRG,2016-09-28,888.0,891.5,876.0,883.5,10300
LSRG,2016-09-29,890.0,900.0,881.0,883.5,1997
LSRG,2016-09-30,886.5,895.5,880.5,891.0,13031
LSRG,2016-10-03,887.0,893.0,870.5,891.0,6994
LSRG,2016-10-04,885.5,900.0,884.0,896.0,34474
LSRG,2016-10-05,896.0,899.0,889.0,889.5,914
LSRG,2016-10-06,892.0,892.0,884.0,884.5,1560
LSRG,2016-10-07,885.5,894.5,881.0,886.5,11245
LSRG,2016-10-10,891.5,900.5,890.0,895.5,6437
LSRG,2016-10-11,899.5,900.0,891.0,896.0,935
LSRG,2016-10-12,896.0,900.0,892.0,898.5,4472
LSRG,2016-10-13,900.0,900.0,894.0,895.0,7459
LSRG,2016-10-14,894.5,900.0,890.0,898.0,8212
LSRG,2016-10-17,895.0,895.0,878.0,880.0,10085
LSRG,2016-10-18,883.5,891.5,881.0,884.0,2617
LSRG,2016-10-19,885.5,889.5,876.5,880.0,2013
LSRG,2016-10-20,881.5,900.0,880.5,898.0,11852
LSRG,2016-10-21,894.0,911.0,892.5,908.5,22188
LSRG,2016-10-24,906.5,909.0,898.5,900.5,7582
LSRG,2016-10-25,901.5,907.0,880.5,886.0,5392
LSRG,2016-10-26,887.0,893.5,880.0,888.5,3944
LSRG,2016-10-27,893.5,894.0,885.0,885.5,3725
LSRG,2016-10-28,886.5,895.0,881.0,885.0,2575
LSRG,2016-10-31,881.5,889.0,870.0,879.5,6216
LSRG,2016-11-01,877.0,925.5,877.0,906.5,74710
LSRG,2016-11-02,905.0,919.5,890.0,900.0,4263
LSRG,2016-11-03,900.5,903.5,893.5,894.0,741
LSRG,2016-11-07,898.0,898.0,880.5,883.0,4857
LSRG,2016-11-08,883.0,905.5,883.0,883.5,8125
LSRG,2016-11-09,880.0,914.0,880.0,901.5,17683
LSRG,2016-11-10,906.0,913.5,884.5,905.0,17693
LSRG,2016-11-11,910.0,921.5,908.0,914.5,55593
LSRG,2016-11-14,916.0,921.0,891.5,895.0,3967
LSRG,2016-11-15,895.5,906.5,885.0,898.0,5230
LSRG,2016-11-16,899.5,903.0,889.0,892.5,2537
LSRG,2016-11-17,894.5,901.0,888.5,894.5,2438
LSRG,2016-11-18,895.0,900.0,881.5,883.5,7961
LSRG,2016-11-21,887.5,892.0,864.0,885.5,11906
LSRG,2016-11-22,888.5,891.0,867.0,874.0,20347
LSRG,2016-11-23,880.0,889.5,875.0,888.5,6109
LSRG,2016-11-24,890.0,898.5,878.0,883.5,3654
LSRG,2016-11-25,881.5,892.0,881.0,892.0,16587
LSRG,2016-11-28,894.5,902.5,892.5,897.0,6423
LSRG,2016-11-29,900.0,915.0,898.5,915.0,39903
LSRG,2016-11-30,913.0,918.0,906.5,916.5,5662
LSRG,2016-12-01,917.0,925.0,912.0,917.5,9069
LSRG,2016-12-02,917.5,924.0,908.5,919.0,18084
LSRG,2016-12-05,915.0,925.0,915.0,925.0,13535
LSRG,2016-12-06,925.0,956.0,922.0,945.0,28146
LSRG,2016-12-07,954.0,979.0,950.5,977.0,22618
LSRG,2016-12-08,985.5,988.0,952.5,985.0,14899
LSRG,2016-12-09,985.0,985.0,957.0,968.5,12944
LSRG,2016-12-12,960.5,960.5,957.5,960.5,4858
LSRG,2016-12-13,969.0,969.0,945.0,955.5,26816
LSRG,2016-12-14,956.5,965.0,955.0,956.5,16510
LSRG,2016-12-15,963.0,966.0,934.0,948.5,12137
LSRG,2016-12-16,951.0,958.0,921.5,932.0,59579
LSRG,2016-12-19,935.5,977.0,935.0,956.0,23721
LSRG,2016-12-20,957.0,975.5,951.5,964.0,30291
LSRG,2016-12-21,968.0,985.0,968.0,975.0,13806
LSRG,2016-12-22,975.0,979.0,931.5,955.0,5963
LSRG,2016-12-23,952.0,981.0,950.0,974.5,13707
LSRG,2016-12-26,975.0,987.0,960.0,972.0,3996
LSRG,2016-12-27,972.5,981.5,966.0,972.5,1286
LSRG,2016-12-28,971.5,985.0,963.0,973.5,16124
LSRG,2016-12-29,964.5,975.5,954.5,966.5,3886
LSRG,2016-12-30,966.5,975.5,946.0,952.0,13077
LSRG,2017-01-03,952.0,982.0,950.5,982.0,6106
LSRG,2017-01-04,975.0,985.0,971.5,975.5,2234
LSRG,2017-01-05,980.0,980.0,966.5,972.5,862
LSRG,2017-01-06,977.0,981.5,963.0,970.5,6091
LSRG,2017-01-09,976.5,1014.0,972.0,1001.5,11091
LSRG,2017-01-10,1001.5,1017.0,992.5,1014.5,5455
LSRG,2017-01-11,1011.5,1030.0,1000.0,1016.0,6156
LSRG,2017-01-12,1014.5,1043.5,1005.0,1036.0,9864
LSRG,2017-01-13,1034.0,1050.5,1017.5,1040.5,18579
LSRG,2017-01-16,1044.5,1055.0,1035.5,1050.0,12788
LSRG,2017-01-17,1050.0,1065.5,1025.0,1026.5,50530
LSRG,2017-01-18,1027.5,1038.5,1015.0,1022.5,10175
LSRG,2017-01-19,1022.0,1024.5,999.0,1006.0,14168
LSRG,2017-01-20,1004.0,1015.5,989.0,1004.0,7312
LSRG,2017-01-23,1012.0,1021.0,1005.0,1007.0,28376
LSRG,2017-01-24,1004.0,1011.5,991.0,1000.0,6947
LSRG,2017-01-25,1000.5,1002.0,991.0,999.5,8179
LSRG,2017-01-26,1001.0,1012.0,998.5,1008.0,19117
LSRG,2017-01-27,1010.0,1010.0,998.0,1000.0,8719
LSRG,2017-01-30,1002.0,1010.0,997.0,999.5,6681
LSRG,2017-01-31,1002.5,1007.0,1000.0,1001.0,9281
LSRG,2017-02-01,1003.5,1009.0,995.0,998.5,4102
LSRG,2017-02-02,998.5,1002.0,983.0,985.0,18842
LSRG,2017-02-03,991.0,1010.0,983.5,1001.5,9528
LSRG,2017-02-06,1000.0,1008.5,997.0,1001.0,7240
LSRG,2017-02-07,1000.5,1003.0,985.5,990.0,4953
LSRG,2017-02-08,984.0,997.0,958.0,968.0,15606
LSRG,2017-02-09,970.5,979.0,959.0,966.5,6159
LSRG,2017-02-10,976.0,976.0,962.0,966.5,6962
LSRG,2017-02-13,968.5,1020.0,960.5,987.5,8189
LSRG,2017-02-14,993.5,1000.5,980.0,989.0,6502
LSRG,2017-02-15,990.0,996.5,960.5,990.0,12572
LSRG,2017-02-16,990.5,995.0,978.0,984.0,8724
LSRG,2017-02-17,983.0,990.5,983.0,988.5,9794
LSRG,2017-02-20,992.0,994.5,983.0,987.0,19755
LSRG,2017-02-21,990.0,992.0,987.5,990.0,5163
LSRG,2017-02-22,991.5,997.0,983.5,987.0,2389
LSRG,2017-02-24,987.0,991.5,963.0,976.0,3532
LSRG,2017-02-27,981.0,983.5,944.0,949.5,15076
LSRG,2017-02-28,951.5,956.5,901.0,952.5,15850
LSRG,2017-03-01,961.0,978.0,948.5,970.5,39361
LSRG,2017-03-02,972.0,984.5,953.5,954.0,13767
LSRG,2017-03-03,951.0,958.0,935.5,947.0,4375
LSRG,2017-03-06,955.0,960.0,935.5,949.0,35168
LSRG,2017-03-07,949.5,956.5,941.5,945.5,10313
LSRG,2017-03-09,941.0,955.5,919.5,929.0,14389
LSRG,2017-03-10,925.0,947.5,910.0,917.5,29533
LSRG,2017-03-13,920.0,934.0,918.0,918.0,23985
LSRG,2017-03-14,929.0,929.0,918.0,920.0,17214
LSRG,2017-03-15,928.0,931.0,907.0,914.5,18887
LSRG,2017-03-16,918.0,925.0,914.0,919.5,30152
LSRG,2017-03-17,921.0,930.0,915.5,930.0,32502
LSRG,2017-03-20,930.0,939.0,918.0,919.5,10249
LSRG,2017-03-21,920.0,930.0,916.0,919.5,14202
LSRG,2017-03-22,921.5,926.0,915.0,919.0,5800
LSRG,2017-03-23,921.5,922.0,914.5,918.0,10445
LSRG,2017-03-24,918.5,918.5,908.5,913.5,91262
LSRG,2017-03-27,912.0,916.0,901.5,914.0,4793
LSRG,2017-03-28,914.5,936.0,910.5,936.0,15857
LSRG,2017-03-29,939.0,945.0,921.5,943.0,23229
LSRG,2017-03-30,943.0,945.0,938.5,942.5,11120
LSRG,2017-03-31,942.5,943.0,922.0,927.0,11725
LSRG,2017-04-03,932.5,935.0,925.0,930.0,8051
LSRG,2017-04-04,933.0,940.0,929.0,930.5,15600
LSRG,2017-04-05,933.0,941.5,933.0,941.0,4366
LSRG,2017-04-06,938.5,940.0,928.5,937.5,8728
LSRG,2017-04-07,935.0,936.5,924.0,929.0,10805
LSRG,2017-04-10,929.0,934.0,886.0,924.0,21689
LSRG,2017-04-11,919.5,919.5,904.0,908.5,19442
LSRG,2017-04-12,909.0,916.5,898.5,902.0,9951
LSRG,2017-04-13,909.0,919.0,895.0,898.0,10341
LSRG,2017-04-14,909.0,912.0,895.5,899.0,6535
LSRG,2017-04-17,896.0,900.0,885.5,898.5,7168
LSRG,2017-04-18,900.0,904.0,852.5,872.5,52674
LSRG,2017-04-19,875.0,875.0,834.5,835.0,74458
LSRG,2017-04-20,840.0,866.0,812.0,863.5,28287
LSRG,2017-04-21,856.5,869.0,851.0,857.5,16851
LSRG,2017-04-24,860.0,864.5,848.0,850.0,21761
LSRG,2017-04-25,853.0,859.5,841.0,859.0,8276
LSRG,2017-04-26,860.0,877.0,852.5,862.5,12786
LSRG,2017-04-27,866.0,870.0,851.5,860.0,10320
LSRG,2017-04-28,860.5,872.5,854.0,870.0,58100
LSRG,2017-05-02,876.0,897.5,865.0,880.0,24626
LSRG,2017-05-03,880.0,885.0,874.5,882.5,10853
LSRG,2017-05-04,882.5,891.0,882.5,890.0,4089
LSRG,2017-05-05,887.5,899.0,884.0,898.0,12808
LSRG,2017-05-10,908.0,908.0,890.5,895.0,18085
LSRG,2017-05-11,899.0,900.5,872.5,895.5,36249
LSRG,2017-05-12,899.5,908.0,867.0,890.0,12090
LSRG,2017-05-15,884.5,893.5,879.0,880.0,3234
LSRG,2017-05-16,876.0,883.5,856.5,881.5,8266
LSRG,2017-05-17,879.5,905.0,876.0,903.5,11601
LSRG,2017-05-18,896.0,903.0,890.5,902.0,5592
LSRG,2017-05-19,900.5,908.0,891.0,906.5,6213
LSRG,2017-05-22,903.0,908.0,900.0,908.0,5402
LSRG,2017-05-23,911.5,924.5,902.5,908.5,6746
LSRG,2017-05-24,908.5,917.0,906.0,909.0,10141
LSRG,2017-05-25,911.5,920.0,910.0,918.0,19213
LSRG,2017-05-26,913.0,919.0,911.0,915.0,3561
LSRG,2017-05-29,911.0,916.0,905.0,914.5,9993
LSRG,2017-05-30,911.0,915.0,907.0,914.0,1502
LSRG,2017-05-31,911.5,913.0,899.0,906.5,4293
LSRG,2017-06-01,917.0,918.0,866.0,916.0,10461
LSRG,2017-06-02,909.0,914.0,885.0,892.5,20829
LSRG,2017-06-05,897.0,904.5,886.5,893.5,17028
LSRG,2017-06-06,897.0,906.0,877.5,886.5,16711
LSRG,2017-06-07,894.0,894.0,885.5,890.0,6707
LSRG,2017-06-08,888.5,896.0,887.0,891.5,6314
LSRG,2017-06-09,899.5,899.5,883.0,883.5,17043
LSRG,2017-06-13,886.5,905.0,884.0,898.0,19454
LSRG,2017-06-14,898.0,900.0,887.5,887.5,20963
LSRG,2017-06-15,890.5,890.5,865.5,870.0,25875
LSRG,2017-06-16,878.5,896.5,870.0,883.0,19180
LSRG,2017-06-19,816.5,819.5,794.5,796.0,57523
LSRG,2017-06-20,796.5,809.5,780.0,785.0,22152
LSRG,2017-06-21,786.0,808.0,777.0,802.5,18714
LSRG,2017-06-22,791.0,805.0,791.0,804.0,6729
LSRG,2017-06-23,804.0,807.0,802.0,806.5,2754
LSRG,2017-06-26,808.0,820.0,807.0,815.0,5836
LSRG,2017-06-27,815.0,825.0,815.0,824.0,6049
LSRG,2017-06-28,823.5,826.0,815.0,817.0,15119
LSRG,2017-06-29,815.0,822.0,812.0,820.5,3596
LSRG,2017-06-30,820.5,823.5,814.0,820.0,2340
LSRG,2017-07-03,819.5,821.0,815.5,820.0,5462
LSRG,2017-07-04,819.0,836.5,818.5,833.5,12403
LSRG,2017-07-05,834.5,839.0,828.0,833.0,3057
LSRG,2017-07-06,833.0,849.0,833.0,845.0,4919
LSRG,2017-07-07,843.0,871.5,837.5,869.0,13455
LSRG,2017-07-10,869.5,878.0,860.0,865.0,4673
LSRG,2017-07-11,870.0,873.5,845.0,848.5,7339
LSRG,2017-07-12,847.0,870.0,847.0,857.5,15735
LSRG,2017-07-13,866.0,873.0,859.0,861.5,11526
LSRG,2017-07-14,861.0,862.5,857.5,861.0,5571
LSRG,2017-07-17,861.0,864.5,858.5,859.5,10632
LSRG,2017-07-18,870.0,919.5,859.5,861.0,25426
LSRG,2017-07-19,865.0,869.0,821.0,828.0,56812
LSRG,2017-07-20,825.0,825.0,796.0,797.0,61658
LSRG,2017-07-21,800.0,800.0,786.0,789.5,26365
LSRG,2017-07-24,805.0,805.0,772.0,778.0,31515
LSRG,2017-07-25,775.5,782.0,769.5,782.0,23281
LSRG,2017-07-26,788.0,797.0,755.5,765.0,39574
LSRG,2017-07-27,769.0,784.0,748.0,758.5,101237
LSRG,2017-07-28,758.0,763.0,722.5,728.5,40635
LSRG,2017-07-31,730.0,739.0,718.5,725.0,27429
LSRG,2017-08-01,735.0,737.0,722.0,733.0,38363
LSRG,2017-08-02,734.5,745.0,728.0,738.5,14337
LSRG,2017-08-03,739.5,760.5,739.5,760.0,20948
LSRG,2017-08-04,760.0,760.0,746.0,753.0,44503
LSRG,2017-08-07,751.0,771.5,751.0,770.0,17116
LSRG,2017-08-08,776.0,784.0,766.0,781.0,16563
LSRG,2017-08-09,781.0,787.5,780.0,780.0,22491
LSRG,2017-08-10,781.0,785.5,770.0,770.5,20263
LSRG,2017-08-11,771.0,781.5,766.0,777.5,11210
LSRG,2017-08-14,780.5,790.0,780.0,788.5,9932
LSRG,2017-08-15,789.5,797.5,782.5,790.0,23023
LSRG,2017-08-16,790.0,797.0,787.5,790.5,15332
LSRG,2017-08-17,770.0,807.0,767.0,807.0,20991
LSRG,2017-08-18,807.0,817.5,799.0,816.0,19641
LSRG,2017-08-21,814.0,815.5,801.0,812.0,12455
LSRG,2017-08-22,811.0,812.0,802.0,806.5,4399
LSRG,2017-08-23,804.5,807.0,793.5,799.0,5706
LSRG,2017-08-24,801.0,814.5,798.0,814.0,9642
LSRG,2017-08-25,812.5,832.5,812.5,829.0,13394
LSRG,2017-08-28,829.0,845.0,827.5,840.5,10492
LSRG,2017-08-29,840.5,843.0,810.0,820.0,49936
LSRG,2017-08-30,816.0,818.0,782.0,796.5,31306
LSRG,2017-08-31,796.5,796.5,771.0,779.5,23939
LSRG,2017-09-01,779.5,801.5,774.0,789.0,27933
LSRG,2017-09-04,781.0,790.0,775.0,780.0,11391
LSRG,2017-09-05,777.0,787.0,777.0,785.0,8553
LSRG,2017-09-06,778.0,818.5,778.0,809.5,15573
LSRG,2017-09-07,809.0,819.0,804.0,807.5,5485
LSRG,2017-09-08,809.5,815.0,800.5,803.0,4232
LSRG,2017-09-11,803.0,807.5,801.5,805.0,2580
LSRG,2017-09-12,806.0,806.0,800.5,805.5,3308
LSRG,2017-09-13,807.0,810.0,802.0,809.0,3422
LSRG,2017-09-14,807.0,817.5,803.0,814.5,19079
LSRG,2017-09-15,810.5,820.5,808.0,816.5,3002
LSRG,2017-09-18,813.5,813.5,804.5,811.5,6573
LSRG,2017-09-19,812.0,814.5,805.0,809.5,3811
LSRG,2017-09-20,809.0,809.5,805.0,808.0,3257
LSRG,2017-09-21,808.0,821.0,808.0,821.0,7334
LSRG,2017-09-22,822.0,827.0,809.0,814.0,4278
LSRG,2017-09-25,814.0,816.0,808.5,814.0,3905
LSRG,2017-09-26,813.0,824.0,806.5,812.0,10581
LSRG,2017-09-27,813.0,814.0,801.5,807.5,5210
LSRG,2017-09-28,804.0,813.5,803.5,805.0,2996
LSRG,2017-09-29,807.0,810.0,806.5,807.0,2512
LSRG,2017-10-02,808.0,808.0,796.0,800.0,6655
LSRG,2017-10-03,801.5,804.5,781.5,787.0,19850
LSRG,2017-10-04,786.0,787.0,776.0,783.5,14407
LSRG,2017-10-05,785.0,786.0,777.0,781.0,8200
LSRG,2017-10-06,784.0,786.0,781.5,782.0,16766
LSRG,2017-10-09,784.0,802.0,782.0,795.5,10846
LSRG,2017-10-10,795.0,806.0,795.0,799.5,9536
LSRG,2017-10-11,797.0,830.5,797.0,827.5,41831
LSRG,2017-10-12,827.0,841.0,826.5,829.5,31888
LSRG,2017-10-13,837.5,838.0,825.0,831.0,15893
LSRG,2017-10-16,832.5,836.5,817.0,827.0,14382
LSRG,2017-10-17,828.0,837.5,826.0,827.5,13264
LSRG,2017-10-18,834.5,834.5,810.5,823.5,11542
LSRG,2017-10-19,823.5,824.0,811.0,815.0,4333
LSRG,2017-10-20,815.0,828.0,811.0,828.0,13092
LSRG,2017-10-23,823.5,824.0,814.0,815.5,3539
LSRG,2017-10-24,814.5,825.5,790.5,817.0,14782
LSRG,2017-10-25,816.5,819.5,811.0,813.0,5787
LSRG,2017-10-26,814.0,814.0,806.0,813.0,7254
LSRG,2017-10-27,811.0,831.5,808.5,825.5,18105
LSRG,2017-10-30,825.5,826.0,814.0,820.5,3616
LSRG,2017-10-31,814.0,824.0,814.0,815.0,2711
LSRG,2017-11-01,812.0,820.0,812.0,817.0,4553
LSRG,2017-11-02,822.0,822.0,813.0,813.5,988
LSRG,2017-11-03,813.0,820.5,809.0,816.0,5958
LSRG,2017-11-07,814.0,836.0,813.5,833.0,10297
LSRG,2017-11-08,830.5,835.0,825.0,826.0,7973
LSRG,2017-11-09,830.0,832.0,820.5,821.5,7915
LSRG,2017-11-10,825.0,825.0,816.5,821.5,3441
LSRG,2017-11-13,827.5,828.5,811.5,815.0,18217
LSRG,2017-11-14,827.5,827.5,808.5,810.0,6952
LSRG,2017-11-15,819.0,824.0,801.0,809.0,17964
LSRG,2017-11-16,807.5,820.0,807.0,807.0,6240
LSRG,2017-11-17,809.5,811.5,786.5,796.5,30852
LSRG,2017-11-20,793.0,803.0,786.0,802.0,12630
LSRG,2017-11-21,805.0,808.0,788.0,793.5,26241
LSRG,2017-11-22,790.5,809.0,790.5,809.0,5163
LSRG,2017-11-23,802.5,820.0,802.5,820.0,20567
LSRG,2017-11-24,816.5,820.0,810.5,814.0,7355
LSRG,2017-11-27,814.0,814.0,804.0,806.5,33151
LSRG,2017-11-28,807.5,812.0,806.0,807.5,4408
LSRG,2017-11-29,807.0,807.5,805.5,806.0,14148
LSRG,2017-11-30,804.5,804.5,791.5,796.0,14936
LSRG,2017-12-01,796.5,804.5,796.5,799.0,7266
LSRG,2017-12-04,798.5,802.0,795.5,801.5,6114
LSRG,2017-12-05,795.0,806.0,790.5,793.5,12909
LSRG,2017-12-06,793.5,793.5,775.5,779.0,42456
LSRG,2017-12-07,785.0,787.0,770.0,773.0,14630
LSRG,2017-12-08,772.5,774.5,769.5,771.0,42684
LSRG,2017-12-11,770.5,774.0,767.0,769.0,25850
LSRG,2017-12-12,766.5,770.0,750.5,766.0,19801
LSRG,2017-12-13,767.0,772.5,751.0,762.5,63992
LSRG,2017-12-14,762.5,762.5,745.0,756.0,31607
LSRG,2017-12-15,755.0,768.5,750.0,760.0,42366
LSRG,2017-12-18,764.0,789.0,755.0,759.0,37825
LSRG,2017-12-19,760.5,772.0,755.5,769.0,15305
LSRG,2017-12-20,771.0,772.5,753.0,760.5,13625
LSRG,2017-12-21,761.5,797.5,753.5,792.5,62722
LSRG,2017-12-22,799.5,830.5,799.0,817.5,95674
LSRG,2017-12-25,820.0,832.0,820.0,822.5,13401
LSRG,2017-12-26,829.0,829.0,815.5,822.0,19343
LSRG,2017-12-27,822.0,825.0,807.5,809.5,16254
LSRG,2017-12-28,811.0,824.5,807.5,813.0,11002
LSRG,2017-12-29,814.5,831.5,810.0,826.5,24020
LSRG,2018-01-03,820.5,839.0,817.5,824.5,6416
LSRG,2018-01-04,826.5,829.5,801.0,820.0,19477
LSRG,2018-01-05,819.0,825.5,812.0,825.5,26053
LSRG,2018-01-09,825.5,829.5,816.5,828.0,14040
LSRG,2018-01-10,828.0,835.0,817.5,818.0,20253
LSRG,2018-01-11,822.0,848.0,818.0,840.0,71793
LSRG,2018-01-12,842.5,866.0,842.5,861.0,66327
LSRG,2018-01-15,860.0,875.0,854.5,871.0,71163
LSRG,2018-01-16,872.5,876.5,835.5,858.0,60228
LSRG,2018-01-17,844.0,846.5,831.0,833.5,73003
LSRG,2018-01-18,835.0,835.5,822.0,826.5,20724
LSRG,2018-01-19,826.5,834.0,810.0,820.5,35643
LSRG,2018-01-22,820.0,838.0,820.0,837.0,31001
LSRG,2018-01-23,840.0,841.5,831.0,836.5,17076
LSRG,2018-01-24,837.5,841.5,830.0,836.0,25766
LSRG,2018-01-25,841.0,845.0,830.5,840.0,28917
LSRG,2018-01-26,845.5,857.0,837.0,844.0,37993
LSRG,2018-01-29,835.0,855.0,835.0,851.5,31937
LSRG,2018-01-30,850.0,852.5,846.0,846.5,18720
LSRG,2018-01-31,843.0,847.5,835.5,842.0,13070
LSRG,2018-02-01,849.0,849.0,822.5,830.0,36342
LSRG,2018-02-02,831.0,831.0,821.5,829.0,26268
LSRG,2018-02-05,820.5,844.5,820.0,832.0,35816
LSRG,2018-02-06,811.0,824.0,785.5,819.0,23283
LSRG,2018-02-07,823.5,834.5,820.0,825.0,7094
LSRG,2018-02-08,829.0,830.0,821.0,823.5,11128
LSRG,2018-02-09,800.0,834.5,800.0,825.0,47022
LSRG,2018-02-12,826.0,829.0,822.0,824.0,4549
LSRG,2018-02-13,824.5,827.5,822.5,824.0,9609
LSRG,2018-02-14,825.5,827.0,816.0,825.0,10446
LSRG,2018-02-15,826.0,828.0,817.0,823.0,31113
LSRG,2018-02-16,827.5,827.5,815.5,820.5,11947
LSRG,2018-02-19,821.0,839.0,816.0,839.0,24740
LSRG,2018-02-20,837.0,842.5,825.0,842.0,7666
LSRG,2018-02-21,844.0,845.0,835.0,843.0,8111
LSRG,2018-02-22,837.5,841.0,832.0,838.0,5141
LSRG,2018-02-26,840.5,847.0,832.5,843.0,23662
LSRG,2018-02-27,846.0,857.5,837.5,850.0,35108
LSRG,2018-02-28,850.0,859.0,841.5,859.0,19361
LSRG,2018-03-01,856.0,872.0,847.5,872.0,15987
LSRG,2018-03-02,850.5,885.0,847.0,885.0,65990
LSRG,2018-03-05,876.0,902.0,861.5,900.0,44513
LSRG,2018-03-06,898.0,906.0,881.0,904.0,49317
LSRG,2018-03-07,902.0,916.0,897.0,916.0,46482
LSRG,2018-03-09,915.0,926.0,907.0,922.0,60409
LSRG,2018-03-12,924.0,925.5,902.0,910.0,43929
LSRG,2018-03-13,903.5,914.5,884.0,900.5,74792
LSRG,2018-03-14,900.5,900.5,873.5,880.0,30987
LSRG,2018-03-15,870.5,880.0,866.0,870.0,28432
LSRG,2018-03-16,872.0,872.0,857.0,864.0,85983
LSRG,2018-03-19,870.0,870.0,837.0,849.5,82654
LSRG,2018-03-20,850.0,850.0,838.5,847.5,19953
LSRG,2018-03-21,850.0,865.5,850.0,858.5,32115
LSRG,2018-03-22,859.5,865.0,849.0,850.0,9580
LSRG,2018-03-23,854.0,854.0,841.5,846.0,11947
LSRG,2018-03-26,854.5,858.0,846.0,853.0,11519
LSRG,2018-03-27,852.5,866.0,850.5,863.5,13813
LSRG,2018-03-28,865.5,873.0,854.5,870.0,9507
LSRG,2018-03-29,873.0,881.0,870.5,875.0,10010
LSRG,2018-03-30,886.5,886.5,871.0,874.0,2996
LSRG,2018-04-02,872.0,876.5,863.0,865.0,3040
LSRG,2018-04-03,874.0,874.0,863.0,872.5,14222
LSRG,2018-04-04,870.5,891.0,870.5,877.5,10233
LSRG,2018-04-05,885.0,885.0,875.0,883.0,4035
LSRG,2018-04-06,886.5,888.0,880.5,882.5,4300
LSRG,2018-04-09,881.5,882.0,803.0,825.0,42288
LSRG,2018-04-10,829.0,839.5,802.5,830.0,36875
LSRG,2018-04-11,830.0,834.0,807.0,818.0,26142
LSRG,2018-04-12,818.0,830.5,810.0,829.0,28084
LSRG,2018-04-13,829.0,837.5,823.0,829.5,11491
LSRG,2018-04-16,831.5,833.5,806.0,810.0,19430
LSRG,2018-04-17,810.0,820.0,807.0,808.0,48792
LSRG,2018-04-18,809.0,826.0,809.0,821.0,22239
LSRG,2018-04-19,820.0,827.5,818.0,826.0,48619
LSRG,2018-04-20,824.5,837.0,822.5,825.0,7153
LSRG,2018-04-23,826.5,829.5,824.0,825.5,14392
LSRG,2018-04-24,827.5,834.0,825.5,832.5,10130
LSRG,2018-04-25,827.0,830.5,826.0,828.5,6922
LSRG,2018-04-26,829.5,834.0,825.0,832.5,9554
LSRG,2018-04-27,833.0,837.0,832.0,834.5,3573
LSRG,2018-04-28,831.0,842.5,831.0,841.0,4824
LSRG,2018-04-30,838.0,845.5,836.0,836.0,5488
LSRG,2018-05-02,830.0,837.0,823.5,831.5,13725
LSRG,2018-05-03,832.0,841.5,832.0,840.0,40447
LSRG,2018-05-04,841.5,845.0,832.5,838.0,18970
LSRG,2018-05-07,839.0,848.5,839.0,842.0,19347
LSRG,2018-05-08,839.5,847.0,836.5,840.5,5766
LSRG,2018-05-10,837.5,839.5,820.5,830.0,29362
LSRG,2018-05-11,829.0,835.0,825.5,834.0,20996
LSRG,2018-05-14,833.5,839.0,826.0,827.0,11142
LSRG,2018-05-15,829.0,832.0,827.0,829.0,7240
LSRG,2018-05-16,830.0,832.0,823.0,826.5,13742
LSRG,2018-05-17,831.0,831.0,822.5,826.0,9808
LSRG,2018-05-18,824.0,827.5,823.0,824.0,9653
LSRG,2018-05-21,824.0,827.0,823.0,823.0,6449
LSRG,2018-05-22,824.0,900.0,820.0,823.5,20058
LSRG,2018-05-23,825.0,828.0,807.0,814.0,17646
LSRG,2018-05-24,816.0,819.5,810.0,815.0,8426
LSRG,2018-05-25,818.0,823.0,814.5,819.5,8937
LSRG,2018-05-28,826.0,830.0,820.5,824.5,24985
LSRG,2018-05-29,845.0,860.0,830.0,843.0,96049
LSRG,2018-05-30,840.5,860.0,825.5,836.0,37520
LSRG,2018-05-31,837.5,843.5,833.0,836.5,15641
LSRG,2018-06-01,836.0,845.0,832.0,843.5,17592
LSRG,2018-06-04,847.0,865.0,845.0,864.5,98606
LSRG,2018-06-05,858.0,868.0,858.0,866.0,8508
LSRG,2018-06-06,860.5,873.0,860.5,865.0,14965
LSRG,2018-06-07,870.0,871.0,856.0,860.0,7383
LSRG,2018-06-08,858.0,859.5,845.0,845.5,11420
LSRG,2018-06-09,852.5,861.0,841.0,859.0,2756
LSRG,2018-06-11,852.0,861.5,851.0,858.5,1962
LSRG,2018-06-13,860.0,860.5,848.0,853.0,10653
LSRG,2018-06-14,850.5,855.5,843.5,843.5,12511
LSRG,2018-06-15,844.0,853.5,841.0,841.0,15059
LSRG,2018-06-18,843.5,846.0,837.0,845.5,13225
LSRG,2018-06-19,842.5,849.5,825.0,840.0,22127
LSRG,2018-06-20,840.0,846.5,836.5,844.0,11797
LSRG,2018-06-21,845.5,848.5,831.0,835.5,9759
LSRG,2018-06-22,837.0,838.5,827.0,833.0,12314
LSRG,2018-06-25,833.0,849.5,833.0,840.0,7764
LSRG,2018-06-26,843.0,849.5,839.0,847.5,6228
LSRG,2018-06-27,849.0,851.5,845.0,846.0,10118
LSRG,2018-06-28,850.5,850.5,846.0,849.0,10957
LSRG,2018-06-29,849.0,850.0,847.0,849.5,14537
LSRG,2018-07-02,850.0,851.0,843.5,847.0,22950
LSRG,2018-07-03,848.0,857.0,840.5,843.5,33838
LSRG,2018-07-04,843.5,854.0,843.5,853.0,21414
LSRG,2018-07-05,853.0,857.5,837.5,844.0,75821
LSRG,2018-07-06,850.0,851.0,842.0,850.0,119161
LSRG,2018-07-09,788.5,790.5,776.5,784.5,99791
LSRG,2018-07-10,786.0,786.0,777.5,781.5,45646
LSRG,2018-07-11,780.0,780.0,774.0,775.0,39985
LSRG,2018-07-12,775.0,781.5,775.0,780.0,9502
LSRG,2018-07-13,782.5,796.5,778.5,780.0,24397
LSRG,2018-07-16,783.5,787.0,778.5,779.0,15245
LSRG,2018-07-17,780.0,785.0,779.0,784.5,10208
LSRG,2018-07-18,784.0,789.5,781.5,782.5,19354
LSRG,2018-07-19,782.5,785.5,766.0,772.0,24317
LSRG,2018-07-20,775.0,780.0,767.5,778.5,13149
LSRG,2018-07-23,775.0,780.0,772.0,779.5,6841
LSRG,2018-07-24,779.0,780.0,777.5,778.0,5869
LSRG,2018-07-25,776.0,780.0,765.5,773.5,11715
LSRG,2018-07-26,777.0,777.0,764.0,773.5,17953
LSRG,2018-07-27,773.0,819.0,765.0,773.0,19368
LSRG,2018-07-30,774.0,778.0,769.5,770.0,7658
LSRG,2018-07-31,770.0,776.5,770.0,774.0,7195
LSRG,2018-08-01,770.0,778.5,770.0,772.0,12801
LSRG,2018-08-02,773.0,776.0,770.0,770.0,9597
LSRG,2018-08-03,770.5,776.0,766.5,770.5,10207
LSRG,2018-08-06,773.5,777.0,767.0,777.0,14352
LSRG,2018-08-07,775.5,782.0,775.0,777.0,19156
LSRG,2018-08-08,776.0,781.5,767.0,771.0,13889
LSRG,2018-08-09,771.0,771.0,750.0,767.5,26049
LSRG,2018-08-10,769.5,770.0,754.5,763.0,11313
LSRG,2018-08-13,763.0,763.5,755.0,757.0,10668
LSRG,2018-08-14,779.5,779.5,750.0,754.0,13882
LSRG,2018-08-15,754.0,757.5,750.5,756.0,4413
LSRG,2018-08-16,756.0,757.0,750.0,752.0,5395
LSRG,2018-08-17,752.5,754.5,748.5,752.5,18151
LSRG,2018-08-20,753.5,755.5,750.0,753.0,3981
LSRG,2018-08-21,755.0,755.0,750.5,752.0,3387
LSRG,2018-08-22,752.5,762.5,750.5,760.0,8310
LSRG,2018-08-23,760.5,760.5,754.5,760.0,7542
LSRG,2018-08-24,757.5,760.5,749.0,758.0,9839
LSRG,2018-08-27,757.5,758.5,751.0,751.5,4505
LSRG,2018-08-28,753.5,754.5,718.0,726.0,47428
LSRG,2018-08-29,729.0,731.5,715.0,723.0,47449
LSRG,2018-08-30,725.0,736.0,723.0,727.5,25288
LSRG,2018-08-31,733.5,733.5,715.0,721.0,17867
LSRG,2018-09-03,721.5,721.5,701.0,715.0,15002
LSRG,2018-09-04,717.0,720.0,711.5,711.5,16795
LSRG,2018-09-05,713.0,716.0,688.5,695.0,26123
LSRG,2018-09-06,695.0,696.5,650.0,660.0,94769
LSRG,2018-09-07,660.0,668.5,620.5,629.0,123732
LSRG,2018-09-10,629.0,632.5,615.5,625.5,34328
LSRG,2018-09-11,628.5,633.0,615.5,618.5,42056
LSRG,2018-09-12,618.5,649.0,618.5,647.0,59351
LSRG,2018-09-13,647.0,664.0,647.0,662.0,25781
LSRG,2018-09-14,664.0,673.0,632.0,639.0,42582
LSRG,2018-09-17,639.0,655.0,636.5,648.5,30154
LSRG,2018-09-18,649.5,659.0,640.0,647.5,56552
LSRG,2018-09-19,649.0,658.0,642.5,656.0,50679
LSRG,2018-09-20,656.5,671.5,647.0,648.0,62442
LSRG,2018-09-21,648.0,657.5,648.0,648.0,27035
LSRG,2018-09-24,656.0,658.5,647.5,651.0,37784
LSRG,2018-09-25,652.5,664.5,650.5,663.5,22495
LSRG,2018-09-26,665.5,682.0,662.0,681.5,52083
LSRG,2018-09-27,680.0,684.5,676.0,678.0,40519
LSRG,2018-09-28,678.0,681.0,659.5,676.0,30810
LSRG,2018-10-01,686.5,687.5,666.0,671.0,16647
LSRG,2018-10-02,671.0,677.5,671.0,674.0,21833
LSRG,2018-10-03,676.5,685.0,672.0,682.0,14197
LSRG,2018-10-04,682.0,687.5,665.0,668.0,28597
LSRG,2018-10-05,672.0,674.0,661.5,672.0,10971
LSRG,2018-10-08,675.0,677.0,667.5,673.5,6918
LSRG,2018-10-09,681.0,681.0,671.0,672.0,9316
LSRG,2018-10-10,678.5,678.5,663.0,666.5,13223
LSRG,2018-10-11,661.0,661.0,646.0,650.5,41839
LSRG,2018-10-12,651.0,662.5,645.0,660.5,10686
LSRG,2018-10-15,664.0,675.0,664.0,670.5,7193
LSRG,2018-10-16,670.5,676.5,663.5,676.0,13389
LSRG,2018-10-17,676.0,677.5,670.0,672.0,9764
LSRG,2018-10-18,671.0,681.0,669.0,680.0,21085
LSRG,2018-10-19,680.0,684.0,666.0,666.0,20101
LSRG,2018-10-22,673.5,679.5,651.0,653.0,29787
LSRG,2018-10-23,656.5,660.5,646.0,649.5,34049
LSRG,2018-10-24,651.5,656.0,646.5,653.0,15266
LSRG,2018-10-25,648.0,659.5,643.0,647.5,33327
LSRG,2018-10-26,648.0,651.5,630.0,633.5,21135
LSRG,2018-10-29,636.0,643.0,631.5,635.5,27403
LSRG,2018-10-30,635.0,641.5,629.0,630.0,8713
LSRG,2018-10-31,636.5,639.0,626.0,629.5,31131
LSRG,2018-11-01,632.8,633.0,629.4,630.8,13818
LSRG,2018-11-02,630.8,634.0,627.4,632.0,33924
LSRG,2018-11-06,633.0,638.6,628.6,630.0,45529
LSRG,2018-11-07,635.8,638.2,630.2,637.8,36540
LSRG,2018-11-08,638.4,642.0,637.8,637.8,23865
LSRG,2018-11-09,639.0,641.0,630.4,633.0,21186
LSRG,2018-11-12,633.2,641.6,633.0,634.6,11582
LSRG,2018-11-13,636.8,641.0,631.0,632.4,25664
LSRG,2018-11-14,635.0,635.0,630.4,633.8,30146
LSRG,2018-11-15,633.2,638.0,630.8,631.0,20737
LSRG,2018-11-16,634.0,637.4,630.0,636.0,29932
LSRG,2018-11-19,639.2,640.0,636.0,638.0,15638
LSRG,2018-11-20,637.4,639.2,634.0,637.4,28116
LSRG,2018-11-21,633.2,638.4,631.8,636.8,21647
LSRG,2018-11-22,636.8,638.8,631.2,636.0,25765
LSRG,2018-11-23,631.6,638.2,631.6,636.8,13161
LSRG,2018-11-26,637.0,638.6,631.0,631.0,16851
LSRG,2018-11-27,632.6,633.8,630.2,630.8,9350
LSRG,2018-11-28,632.6,638.0,630.0,631.6,25780
LSRG,2018-11-29,636.4,650.0,631.6,642.0,22262
LSRG,2018-11-30,641.8,645.2,636.2,639.0,16514
LSRG,2018-12-03,640.0,658.2,640.0,658.2,66255
LSRG,2018-12-04,657.0,675.0,657.0,664.2,19554
LSRG,2018-12-05,660.4,681.0,660.4,675.6,24630
LSRG,2018-12-06,675.0,675.4,658.2,664.6,20323
LSRG,2018-12-07,665.4,672.6,665.0,665.4,8568
LSRG,2018-12-10,664.8,678.0,655.6,663.0,32227
LSRG,2018-12-11,667.0,668.6,642.2,646.0,18109
LSRG,2018-12-12,647.0,649.8,640.2,642.8,15690
LSRG,2018-12-13,648.4,649.8,640.0,642.2,11030
LSRG,2018-12-14,643.0,646.2,631.2,636.4,17427
LSRG,2018-12-17,636.6,644.4,627.6,629.6,22717
LSRG,2018-12-18,632.8,632.8,615.2,616.2,51425
LSRG,2018-12-19,616.2,616.2,607.8,609.0,41139
LSRG,2018-12-20,609.0,611.4,604.8,608.0,27493
LSRG,2018-12-21,606.0,618.0,598.8,598.8,42091
LSRG,2018-12-24,600.4,606.6,591.4,593.2,35608
LSRG,2018-12-25,590.8,602.0,585.2,598.4,23506
LSRG,2018-12-26,598.2,602.8,590.4,592.8,30284
LSRG,2018-12-27,597.0,609.4,588.4,597.0,53917
LSRG,2018-12-28,602.8,605.0,590.0,590.0,38421
LSRG,2018-12-29,590.4,599.0,590.2,597.8,12170
LSRG,2019-01-03,595.0,605.0,595.0,600.4,8100
LSRG,2019-01-04,601.0,608.6,590.0,608.2,17634
LSRG,2019-01-08,608.0,626.2,608.0,624.2,23814
LSRG,2019-01-09,622.2,634.6,622.2,629.0,29095
LSRG,2019-01-10,629.8,636.0,625.0,636.0,15883
LSRG,2019-01-11,631.0,640.2,622.0,622.2,57916
LSRG,2019-01-14,621.2,623.6,620.0,622.0,10368
LSRG,2019-01-15,625.0,625.2,615.0,616.0,28886
LSRG,2019-01-16,615.4,621.0,613.0,614.2,27698
LSRG,2019-01-17,618.2,619.0,603.4,612.0,55824
LSRG,2019-01-18,613.0,619.8,610.2,619.8,38706
LSRG,2019-01-21,619.8,625.0,619.8,623.2,56107
LSRG,2019-01-22,621.8,623.4,615.0,621.4,75980
LSRG,2019-01-23,622.8,631.0,622.2,629.4,64904
LSRG,2019-01-24,629.6,650.0,629.6,646.8,82096
LSRG,2019-01-25,648.4,667.4,648.0,664.0,59848
LSRG,2019-01-28,666.8,680.0,655.8,671.0,120125
LSRG,2019-01-29,668.4,677.4,646.4,649.8,101106
LSRG,2019-01-30,659.8,659.8,645.2,650.8,39712
LSRG,2019-01-31,653.8,661.2,651.8,656.0,39860
LSRG,2019-02-01,656.0,665.4,650.8,655.0,36541
LSRG,2019-02-04,657.8,661.6,647.4,652.4,51831
LSRG,2019-02-05,652.8,657.8,651.8,653.6,41138
LSRG,2019-02-06,655.0,660.0,652.0,653.0,93614
LSRG,2019-02-07,655.0,657.8,645.6,648.8,26553
LSRG,2019-02-08,647.0,650.0,639.0,643.0,50373
LSRG,2019-02-11,645.0,648.0,641.8,646.4,18965
LSRG,2019-02-12,651.0,657.4,650.4,651.0,38977
LSRG,2019-02-13,651.0,656.0,646.2,646.4,33570
LSRG,2019-02-14,645.2,647.0,640.0,643.0,33354
LSRG,2019-02-15,646.0,648.0,642.0,642.4,35942
LSRG,2019-02-18,645.2,650.4,644.0,650.0,70197
LSRG,2019-02-19,651.0,653.6,646.0,648.0,34175
LSRG,2019-02-20,650.8,651.8,645.8,648.8,32191
LSRG,2019-02-21,649.8,649.8,643.4,643.8,14227
LSRG,2019-02-22,647.0,649.0,642.0,645.8,18182
LSRG,2019-02-25,647.2,648.6,645.2,646.8,20901
LSRG,2019-02-26,648.0,648.0,641.2,644.6,25685
LSRG,2019-02-27,646.0,646.0,636.0,636.0,34377
LSRG,2019-02-28,638.4,640.0,634.2,637.4,30168
LSRG,2019-03-01,639.8,644.4,639.0,642.2,36439
LSRG,2019-03-04,644.8,650.0,643.4,647.2,27709
LSRG,2019-03-05,646.0,648.6,640.8,646.0,33941
LSRG,2019-03-06,642.8,648.4,636.2,639.6,79018
LSRG,2019-03-07,643.8,644.8,639.0,644.0,20779
LSRG,2019-03-11,644.0,645.6,641.0,644.8,22352
LSRG,2019-03-12,645.4,647.2,642.6,646.0,19416
LSRG,2019-03-13,646.0,648.4,641.0,644.0,38135
LSRG,2019-03-14,642.2,645.2,641.0,643.4,21784
LSRG,2019-03-15,643.8,645.0,640.0,640.2,30681
LSRG,2019-03-18,645.4,646.8,639.6,642.6,49152
LSRG,2019-03-19,644.0,656.2,644.0,647.2,132805
LSRG,2019-03-20,648.4,654.0,648.0,653.0,96547
LSRG,2019-03-21,651.6,659.6,651.6,656.4,68894
LSRG,2019-03-22,658.0,659.8,649.2,654.6,41350
LSRG,2019-03-25,654.8,659.8,648.0,656.0,40248
LSRG,2019-03-26,652.8,670.0,652.8,669.0,61603
LSRG,2019-03-27,669.8,674.8,664.2,666.6,33033
LSRG,2019-03-28,668.8,672.2,660.2,670.0,52297
LSRG,2019-03-29,670.0,674.4,657.0,660.0,100433
LSRG,2019-04-01,664.8,665.8,648.2,649.8,104300
LSRG,2019-04-02,645.8,654.8,630.2,635.0,320177
LSRG,2019-04-03,630.0,630.0,596.0,618.4,1520084
LSRG,2019-04-04,621.8,629.8,618.8,624.8,275674
LSRG,2019-04-05,625.0,633.8,624.8,633.6,166858
LSRG,2019-04-08,635.0,636.0,632.0,632.4,72217
LSRG,2019-04-09,632.2,637.6,630.4,631.0,67521
LSRG,2019-04-10,631.0,637.4,620.2,635.8,206769
LSRG,2019-04-11,636.0,639.6,634.0,636.2,71318
LSRG,2019-04-12,637.0,640.0,634.0,636.0,36622
LSRG,2019-04-15,639.8,640.0,636.4,636.6,68212
LSRG,2019-04-16,638.4,656.6,636.8,645.8,249382
LSRG,2019-04-17,647.0,659.4,644.0,656.0,83640
LSRG,2019-04-18,656.0,660.4,648.6,658.0,70781
LSRG,2019-04-19,656.0,670.0,656.0,669.2,101581
LSRG,2019-04-22,669.2,672.0,665.0,670.2,66285
LSRG,2019-04-23,670.2,673.2,650.6,657.4,103495
LSRG,2019-04-24,660.0,662.0,655.0,655.0,65291
LSRG,2019-04-25,656.0,659.6,651.0,652.2,44909
LSRG,2019-04-26,652.2,656.6,650.2,652.6,54969
LSRG,2019-04-29,655.2,662.0,652.6,660.0,53315
LSRG,2019-04-30,660.0,668.0,658.8,666.0,42581
LSRG,2019-05-02,667.8,670.6,663.2,666.0,24385
LSRG,2019-05-03,668.8,670.0,661.0,667.0,35946
LSRG,2019-05-06,661.0,669.0,658.8,666.6,27142
LSRG,2019-05-07,667.8,673.4,661.6,661.8,88223
LSRG,2019-05-08,662.2,664.8,650.6,654.2,125049
LSRG,2019-05-10,654.2,659.8,651.0,651.0,38907
LSRG,2019-05-13,651.8,651.8,641.2,643.2,52463
LSRG,2019-05-14,644.0,653.0,639.6,650.0,60646
LSRG,2019-05-15,653.6,657.8,643.0,653.4,72408
LSRG,2019-05-16,683.0,698.4,678.0,685.0,296590
LSRG,2019-05-17,681.0,689.0,680.2,688.8,118165
LSRG,2019-05-20,690.0,690.8,681.0,682.2,43584
LSRG,2019-05-21,680.6,687.6,680.4,683.2,49671
LSRG,2019-05-22,682.6,685.4,681.8,683.2,34660
LSRG,2019-05-23,684.0,684.4,675.0,675.4,67825
LSRG,2019-05-24,678.0,682.8,675.0,681.6,90701
LSRG,2019-05-27,681.6,684.0,677.4,680.8,46494
LSRG,2019-05-28,683.0,684.0,680.2,682.2,27736
LSRG,2019-05-29,682.0,684.6,680.2,684.0,24650
LSRG,2019-05-30,684.0,690.0,683.6,689.0,46573
LSRG,2019-05-31,689.0,693.2,685.0,693.2,52958
LSRG,2019-06-03,693.0,693.0,683.2,685.0,36622
LSRG,2019-06-04,688.0,692.0,682.6,690.6,21469
LSRG,2019-06-05,691.2,699.0,689.6,698.0,39421
LSRG,2019-06-06,698.0,709.4,698.0,704.2,54794
LSRG,2019-06-07,707.0,717.0,705.0,715.2,48593
LSRG,2019-06-10,716.0,721.0,712.8,715.0,65182
LSRG,2019-06-11,715.0,729.8,714.0,728.8,62336
LSRG,2019-06-13,728.0,739.8,727.0,739.2,85240
LSRG,2019-06-14,739.8,742.2,732.0,740.2,53543
LSRG,2019-06-17,740.0,749.0,733.0,747.0,52312
LSRG,2019-06-18,750.0,750.0,738.0,745.2,74290
LSRG,2019-06-19,747.2,750.6,745.4,747.0,44285
LSRG,2019-06-20,749.8,750.0,745.0,745.2,32395
LSRG,2019-06-21,748.0,760.0,745.0,752.0,59297
LSRG,2019-06-24,754.6,777.0,753.2,771.6,101255
LSRG,2019-06-25,771.6,777.0,754.0,776.4,86222
LSRG,2019-06-26,776.2,804.4,771.2,804.4,187022
LSRG,2019-06-27,804.6,812.0,780.2,787.2,100706
LSRG,2019-06-28,783.0,797.8,765.2,782.2,171806
LSRG,2019-07-01,789.8,799.0,782.0,795.0,72839
LSRG,2019-07-02,799.8,799.8,792.2,794.0,50452
LSRG,2019-07-03,794.0,795.0,782.0,790.4,49006
LSRG,2019-07-04,791.0,792.0,782.0,784.8,71761
LSRG,2019-07-05,785.0,789.6,770.2,785.0,138657
LSRG,2019-07-08,787.0,790.0,781.2,790.0,250572
LSRG,2019-07-09,725.0,748.0,722.4,746.4,298455
LSRG,2019-07-10,754.6,772.0,741.2,759.2,123537
LSRG,2019-07-11,758.0,758.0,737.0,755.0,144443
LSRG,2019-07-12,750.2,754.8,745.0,750.4,69971
LSRG,2019-07-15,750.4,755.0,749.6,753.8,45053
LSRG,2019-07-16,748.8,754.0,748.6,753.2,51806
LSRG,2019-07-17,744.0,754.6,742.4,751.2,50761
LSRG,2019-07-18,755.0,766.0,748.2,761.0,58935
LSRG,2019-07-19,768.0,775.0,760.2,769.0,44302
LSRG,2019-07-22,771.6,771.6,763.2,765.6,34753
LSRG,2019-07-23,765.0,769.4,760.2,767.0,27593
LSRG,2019-07-24,770.0,770.6,763.0,763.0,28341
LSRG,2019-07-25,762.0,763.2,757.2,760.2,24491
LSRG,2019-07-26,760.2,761.4,751.0,752.0,36067
LSRG,2019-07-29,753.8,757.8,747.0,750.2,18162
LSRG,2019-07-30,750.2,764.6,750.2,763.0,29218
LSRG,2019-07-31,765.0,779.4,753.4,778.8,61558
LSRG,2019-08-01,773.6,779.8,767.0,775.0,35397
LSRG,2019-08-02,768.0,772.0,758.8,764.4,40404
LSRG,2019-08-05,765.0,765.0,745.0,747.4,78975
LSRG,2019-08-06,747.0,753.4,746.0,747.0,31041
LSRG,2019-08-07,747.6,752.2,746.0,752.0,50725
LSRG,2019-08-08,756.2,763.2,747.8,763.2,44736
LSRG,2019-08-09,763.0,763.0,749.0,750.2,26164
LSRG,2019-08-12,753.8,757.4,741.2,742.4,21078
LSRG,2019-08-13,746.8,747.0,726.4,736.2,43996
LSRG,2019-08-14,738.4,740.0,713.8,713.8,39222
LSRG,2019-08-15,719.8,721.6,692.0,715.0,82854
LSRG,2019-08-16,714.6,716.6,709.0,715.0,35231
LSRG,2019-08-19,716.6,733.0,704.4,712.2,35888
LSRG,2019-08-20,714.2,714.2,705.4,706.0,20294
LSRG,2019-08-21,706.4,718.8,704.6,717.2,25177
LSRG,2019-08-22,720.8,726.2,717.0,718.0,24432
LSRG,2019-08-23,720.8,722.0,710.0,710.4,14058
LSRG,2019-08-26,706.0,716.0,701.4,714.4,25852
LSRG,2019-08-27,714.0,719.8,713.0,718.4,16888
LSRG,2019-08-28,720.0,731.8,715.4,731.2,31503
LSRG,2019-08-29,735.2,759.0,735.2,755.0,113641
LSRG,2019-08-30,755.0,765.0,755.0,763.4,49203
LSRG,2019-09-02,760.0,765.6,747.8,753.4,28971
LSRG,2019-09-03,751.2,751.2,739.4,739.4,41745
LSRG,2019-09-04,749.0,759.0,740.4,759.0,46208
LSRG,2019-09-05,755.0,758.8,751.4,755.4,32967
LSRG,2019-09-06,758.4,760.0,751.8,753.0,41214
LSRG,2019-09-09,754.2,758.6,743.0,746.8,19774
LSRG,2019-09-10,746.8,750.0,741.2,745.2,15383
LSRG,2019-09-11,750.0,755.6,744.2,753.8,22404
LSRG,2019-09-12,755.0,758.0,747.4,751.0,39034
LSRG,2019-09-13,752.8,756.8,752.2,754.0,18711
LSRG,2019-09-16,757.4,757.4,745.4,749.4,17904
LSRG,2019-09-17,749.4,755.0,749.4,752.0,16303
LSRG,2019-09-18,751.8,759.4,751.6,753.2,19347
LSRG,2019-09-19,753.0,761.8,746.2,761.8,33862
LSRG,2019-09-20,753.8,764.0,742.0,745.4,43363
LSRG,2019-09-23,745.4,750.8,733.8,739.4,29332
LSRG,2019-09-24,743.4,745.6,733.6,733.6,22784
LSRG,2019-09-25,738.6,740.0,716.0,727.6,39717
LSRG,2019-09-26,728.6,744.8,725.8,730.6,22620
LSRG,2019-09-27,735.0,740.8,730.0,731.0,20728
LSRG,2019-09-30,732.0,744.4,720.2,722.0,32161
LSRG,2019-10-01,722.8,734.0,720.0,720.2,33893
LSRG,2019-10-02,726.8,726.8,715.6,716.2,28701
LSRG,2019-10-03,719.6,722.4,708.2,714.0,32656
LSRG,2019-10-04,719.0,722.8,706.0,706.8,35184
LSRG,2019-10-07,712.0,719.8,706.0,712.0,36021
LSRG,2019-10-08,712.6,719.4,709.0,709.0,27609
LSRG,2019-10-09,712.0,723.0,707.8,712.6,56997
LSRG,2019-10-10,712.0,717.8,708.8,713.4,36585
LSRG,2019-10-11,721.0,721.0,710.2,714.6,48934
LSRG,2019-10-14,716.0,718.8,711.2,712.0,22851
LSRG,2019-10-15,716.4,716.4,708.2,712.4,41782
LSRG,2019-10-16,710.0,715.2,708.0,713.0,37804
LSRG,2019-10-17,713.0,715.0,704.0,707.6,102677
LSRG,2019-10-18,707.6,712.0,702.8,704.4,40256
LSRG,2019-10-21,705.0,712.8,701.4,711.0,36902
LSRG,2019-10-22,713.0,720.4,710.2,715.4,45283
LSRG,2019-10-23,718.0,729.6,710.4,712.0,99984
LSRG,2019-10-24,712.0,722.0,711.2,718.0,46250
LSRG,2019-10-25,720.0,721.0,707.8,715.0,31212
LSRG,2019-10-28,716.0,720.4,711.6,713.4,33439
LSRG,2019-10-29,713.4,717.4,712.2,714.6,27927
LSRG,2019-10-30,713.2,717.4,711.4,714.0,24614
LSRG,2019-10-31,715.8,717.8,708.0,709.8,62390
LSRG,2019-11-01,710.0,717.0,708.0,713.4,76796
LSRG,2019-11-05,715.4,738.4,713.6,726.0,107010
LSRG,2019-11-06,728.2,733.0,724.2,732.0,78793
LSRG,2019-11-07,732.4,745.8,729.8,742.6,79970
LSRG,2019-11-08,742.0,752.8,736.2,748.6,115976
LSRG,2019-11-11,747.0,758.8,745.4,756.2,61394
LSRG,2019-11-12,756.2,774.4,754.8,770.0,96577
LSRG,2019-11-13,767.0,785.0,763.0,772.6,100469
LSRG,2019-11-14,771.2,786.8,750.0,769.4,199596
LSRG,2019-11-15,770.0,777.0,764.6,770.2,66803
LSRG,2019-11-18,770.2,776.2,770.0,770.0,66883
LSRG,2019-11-19,772.0,775.0,760.0,764.0,59585
LSRG,2019-11-20,760.0,767.6,751.6,767.0,39786
LSRG,2019-11-21,761.2,767.2,753.8,762.6,26176
LSRG,2019-11-22,767.6,768.2,758.4,763.0,26028
LSRG,2019-11-25,763.0,770.2,760.8,764.8,37337
LSRG,2019-11-26,764.8,767.8,754.0,757.2,66516
LSRG,2019-11-27,762.0,762.0,756.4,762.0,26980
LSRG,2019-11-28,762.0,762.0,751.0,759.8,36016
LSRG,2019-11-29,755.2,760.8,755.2,760.0,13157
LSRG,2019-12-02,760.0,768.0,753.0,754.2,33817
LSRG,2019-12-03,755.0,757.6,745.4,748.2,40298
LSRG,2019-12-04,750.2,750.8,740.0,743.8,41465
LSRG,2019-12-05,742.0,746.6,739.8,743.6,36298
LSRG,2019-12-06,739.8,754.2,739.8,748.4,119837
LSRG,2019-12-09,751.2,756.0,747.0,750.0,104496
LSRG,2019-12-10,748.0,752.0,747.0,749.2,127118
LSRG,2019-12-11,752.2,755.4,745.0,750.0,172530
LSRG,2019-12-12,750.2,754.4,748.0,749.8,137139
LSRG,2019-12-13,751.0,751.8,746.4,750.0,108329
LSRG,2019-12-16,750.2,754.0,748.6,751.4,248602
LSRG,2019-12-17,753.8,760.0,752.6,759.4,127884
LSRG,2019-12-18,760.0,771.0,756.6,766.0,100621
LSRG,2019-12-19,770.2,782.0,766.8,774.4,110704
LSRG,2019-12-20,776.6,784.6,773.0,775.0,66489
LSRG,2019-12-23,775.0,779.6,770.0,773.0,58248
LSRG,2019-12-24,773.6,774.8,760.6,770.6,87531
LSRG,2019-12-25,772.0,772.0,758.6,765.0,53803
LSRG,2019-12-26,767.0,767.0,760.6,764.0,54896
LSRG,2019-12-27,764.8,767.0,758.2,764.0,68840
LSRG,2019-12-30,763.8,769.0,756.0,764.0,97929
LSRG,2020-01-03,765.0,785.0,764.0,781.0,68895
LSRG,2020-01-06,781.2,797.0,778.0,797.0,92949
LSRG,2020-01-08,792.0,797.0,762.8,788.2,97383
LSRG,2020-01-09,788.8,799.0,781.0,797.6,196621
LSRG,2020-01-10,798.8,801.2,790.2,795.0,161341
LSRG,2020-01-13,795.0,815.6,795.0,811.0,142018
LSRG,2020-01-14,811.0,831.0,805.2,824.8,162461
LSRG,2020-01-15,824.8,825.0,812.2,812.2,86535
LSRG,2020-01-16,818.4,848.4,815.6,848.4,234112
LSRG,2020-01-17,847.8,872.4,845.6,866.8,196906
LSRG,2020-01-20,877.0,893.6,860.2,893.6,176153
LSRG,2020-01-21,892.8,897.8,867.4,891.6,166569
LSRG,2020-01-22,882.0,916.2,880.8,890.0,180170
LSRG,2020-01-23,880.2,918.0,849.2,909.4,230245
LSRG,2020-01-24,913.0,920.0,900.0,907.0,152009
LSRG,2020-01-27,895.0,897.4,881.6,888.0,279684
LSRG,2020-01-28,888.0,898.0,880.8,895.0,227909
LSRG,2020-01-29,898.8,906.6,895.4,900.0,116535
LSRG,2020-01-30,903.2,930.0,896.2,910.0,222513
LSRG,2020-01-31,920.0,926.2,885.0,905.0,132185
LSRG,2020-02-03,905.0,914.0,885.4,899.2,159342
LSRG,2020-02-04,904.4,910.0,902.4,904.2,84597
LSRG,2020-02-05,908.0,917.6,900.4,915.0,147564
LSRG,2020-02-06,918.0,925.0,912.6,916.8,110976
LSRG,2020-02-07,923.0,924.0,909.4,920.8,57736
LSRG,2020-02-10,921.0,921.0,901.4,909.0,58086
LSRG,2020-02-11,915.0,915.0,902.0,912.0,75723
LSRG,2020-02-12,912.0,916.0,908.0,912.8,44977
LSRG,2020-02-13,918.0,918.0,904.0,906.2,80742
LSRG,2020-02-14,911.6,911.6,899.0,904.0,98774
LSRG,2020-02-17,904.0,910.0,899.2,904.8,52658
LSRG,2020-02-18,904.8,908.0,893.0,899.0,65438
LSRG,2020-02-19,900.0,908.0,899.2,902.6,74952
LSRG,2020-02-20,902.0,917.6,902.0,912.0,50490
LSRG,2020-02-21,915.8,927.6,903.0,923.2,95736
LSRG,2020-02-25,913.8,919.2,901.0,902.0,139684
LSRG,2020-02-26,901.0,901.0,860.4,879.0,182324
LSRG,2020-02-27,874.8,884.8,852.0,854.6,138557
LSRG,2020-02-28,845.6,849.8,772.0,827.0,285920
LSRG,2020-03-02,846.0,872.2,835.2,845.0,278925
LSRG,2020-03-03,870.0,870.0,840.6,865.0,224708
LSRG,2020-03-04,856.8,875.0,843.8,849.0,170915
LSRG,2020-03-05,855.0,856.0,837.4,852.0,106284
LSRG,2020-03-06,837.0,843.0,811.0,829.2,138142
LSRG,2020-03-10,746.4,809.8,726.4,767.2,212330
LSRG,2020-03-11,782.0,802.8,735.4,752.0,240325
LSRG,2020-03-12,733.6,734.4,676.4,676.4,288731
LSRG,2020-03-13,677.2,728.8,670.0,670.0,271341
LSRG,2020-03-16,688.0,688.0,577.0,600.0,394788
LSRG,2020-03-17,595.4,617.0,516.4,540.4,503559
LSRG,2020-03-18,535.0,540.0,501.2,510.0,364023
LSRG,2020-03-19,505.2,554.0,505.0,530.0,312061
LSRG,2020-03-20,552.0,588.8,521.6,521.6,886564
LSRG,2020-03-23,514.4,535.8,501.8,518.0,275171
LSRG,2020-03-24,551.0,586.0,533.0,584.0,436119
LSRG,2020-03-25,595.8,629.0,558.4,577.0,582786
LSRG,2020-03-26,589.2,690.0,515.4,558.0,1578287
LSRG,2020-03-27,555.0,563.8,532.0,550.0,386723
LSRG,2020-03-30,540.0,567.0,535.0,558.8,255133
LSRG,2020-03-31,564.8,587.0,551.8,587.0,284146
LSRG,2020-04-01,572.2,593.0,567.2,589.8,157135
LSRG,2020-04-02,595.0,604.8,571.0,589.4,158620
LSRG,2020-04-03,590.0,601.8,585.2,591.8,134372
LSRG,2020-04-06,600.0,620.0,591.2,613.0,152541
LSRG,2020-04-07,625.2,640.0,605.0,608.0,275642
LSRG,2020-04-08,603.0,619.0,602.0,610.0,95475
LSRG,2020-04-09,618.2,626.6,608.6,612.0,200030
LSRG,2020-04-10,609.0,614.6,600.4,609.6,85610
LSRG,2020-04-13,608.8,611.6,593.0,599.0,97297
LSRG,2020-04-14,602.0,608.0,598.0,598.2,82424
LSRG,2020-04-15,593.0,597.4,562.0,565.2,218640
LSRG,2020-04-16,575.0,590.0,559.0,568.2,183708
LSRG,2020-04-17,577.0,583.6,573.0,574.8,133890
LSRG,2020-04-20,576.0,584.8,572.6,575.0,117314
LSRG,2020-04-21,573.2,575.0,561.0,563.8,147635
LSRG,2020-04-22,557.8,576.0,557.8,569.0,180033
LSRG,2020-04-23,570.0,580.0,564.2,578.2,172846
LSRG,2020-04-24,577.8,581.0,570.0,574.0,129548
LSRG,2020-04-27,577.6,596.0,575.6,580.0,166637
LSRG,2020-04-28,591.6,597.4,583.2,593.8,207599
LSRG,2020-04-29,598.0,613.0,594.8,602.0,272833
LSRG,2020-04-30,608.0,613.0,600.6,604.0,368916
LSRG,2020-05-04,601.0,610.0,595.0,607.6,189957
LSRG,2020-05-05,615.0,615.0,606.0,613.6,153298
LSRG,2020-05-06,614.8,617.8,612.2,617.2,224885
LSRG,2020-05-07,618.6,626.8,617.4,624.8,355583
LSRG,2020-05-08,599.2,602.0,587.6,598.6,351619
LSRG,2020-05-12,600.0,600.0,580.0,580.0,261397
LSRG,2020-05-13,580.0,590.0,572.8,579.4,204060
LSRG,2020-05-14,574.4,585.0,564.2,565.8,201288
LSRG,2020-05-15,570.0,584.0,570.0,583.2,145297
LSRG,2020-05-18,583.2,603.6,583.2,602.0,305465
LSRG,2020-05-19,604.0,604.0,561.2,593.0,220985
LSRG,2020-05-20,593.6,594.0,588.0,593.0,152098
LSRG,2020-05-21,593.0,598.8,585.2,586.6,148475
LSRG,2020-05-22,584.4,585.0,578.0,580.4,114820
LSRG,2020-05-25,591.6,591.6,581.4,588.2,72837
LSRG,2020-05-26,591.0,594.0,588.8,591.0,175485
LSRG,2020-05-27,588.4,593.8,583.6,589.2,127448
LSRG,2020-05-28,592.0,594.0,589.0,593.8,138126
LSRG,2020-05-29,593.8,594.0,582.2,584.8,435507
LSRG,2020-06-01,589.0,593.4,586.0,590.6,154150
LSRG,2020-06-02,590.0,606.8,588.4,606.2,336636
LSRG,2020-06-03,607.2,645.2,602.2,644.8,642480
LSRG,2020-06-04,647.4,649.2,624.0,635.0,407155
LSRG,2020-06-05,635.0,654.8,635.0,647.8,240804
LSRG,2020-06-08,647.8,679.6,647.8,666.0,415573
LSRG,2020-06-09,678.0,683.4,651.6,654.0,259402
LSRG,2020-06-10,668.0,678.0,660.8,676.6,330725
LSRG,2020-06-11,672.0,672.0,648.8,668.0,279896
LSRG,2020-06-15,654.8,664.6,630.0,651.8,229401
LSRG,2020-06-16,664.8,677.4,652.2,675.8,212382
LSRG,2020-06-17,676.2,683.2,659.2,660.0,184779
LSRG,2020-06-18,665.0,665.0,655.0,660.0,129843
LSRG,2020-06-19,660.0,703.0,660.0,703.0,699749
LSRG,2020-06-22,693.0,703.0,683.8,690.8,213024
LSRG,2020-06-23,695.0,723.0,691.4,713.0,228791
LSRG,2020-06-25,705.4,718.0,685.8,704.8,205088
LSRG,2020-06-26,699.0,718.8,699.0,709.0,168133
LSRG,2020-06-29,703.2,719.0,697.6,713.0,132796
LSRG,2020-06-30,717.8,717.8,700.8,700.8,152483
LSRG,2020-07-02,707.0,732.0,680.0,729.6,428878
LSRG,2020-07-03,729.6,737.0,720.8,729.2,99196
LSRG,2020-07-06,739.0,741.4,724.6,732.4,124793
LSRG,2020-07-07,737.6,737.6,709.4,728.0,121738
LSRG,2020-07-08,727.8,737.4,726.2,730.4,101525
LSRG,2020-07-09,733.6,735.0,715.6,717.0,69220
LSRG,2020-07-10,716.8,725.6,711.0,720.8,50248
LSRG,2020-07-13,720.8,728.0,710.2,712.0,92274
LSRG,2020-07-14,710.2,713.0,700.0,707.8,102361
LSRG,2020-07-15,708.0,715.6,703.8,708.6,84815
LSRG,2020-07-16,708.6,721.4,706.2,721.2,62204
LSRG,2020-07-17,721.0,722.0,714.2,715.0,80189
LSRG,2020-07-20,715.0,724.4,709.4,724.2,59583
LSRG,2020-07-21,725.0,740.8,725.0,737.8,158807
LSRG,2020-07-22,739.6,740.0,728.6,739.0,59660
LSRG,2020-07-23,741.6,749.0,725.0,731.0,114370
LSRG,2020-07-24,728.4,743.8,721.4,732.2,71593
LSRG,2020-07-27,732.4,739.6,732.4,735.0,60201
LSRG,2020-07-28,739.2,745.0,735.6,741.0,64295
LSRG,2020-07-29,743.4,747.0,737.4,741.6,93121
LSRG,2020-07-30,745.0,745.0,731.2,735.0,56351
LSRG,2020-07-31,734.0,740.6,732.6,734.0,82556
LSRG,2020-08-03,737.0,769.8,734.2,748.8,156797
LSRG,2020-08-04,747.6,779.0,747.6,775.6,215918
LSRG,2020-08-05,772.2,775.0,751.6,770.8,156938
LSRG,2020-08-06,771.0,773.6,762.6,770.4,90583
LSRG,2020-08-07,770.0,774.0,765.0,771.2,113177
LSRG,2020-08-10,771.0,781.0,763.2,769.4,127361
LSRG,2020-08-11,765.2,785.0,765.2,777.0,89772
LSRG,2020-08-12,779.4,793.8,776.0,792.0,83426
LSRG,2020-08-13,799.8,799.8,783.0,787.0,124027
LSRG,2020-08-14,787.0,794.6,783.4,793.0,55131
LSRG,2020-08-17,794.6,797.0,775.0,785.6,130068
LSRG,2020-08-18,782.8,790.0,775.4,783.6,74302
LSRG,2020-08-19,787.2,789.8,722.8,775.0,95777
LSRG,2020-08-20,775.4,778.6,757.0,767.0,137319
LSRG,2020-08-21,767.2,780.6,762.2,771.8,66115
LSRG,2020-08-24,773.0,779.8,766.4,772.4,63435
LSRG,2020-08-25,770.2,780.2,770.2,776.8,73893
LSRG,2020-08-26,777.6,781.0,770.6,773.0,76756
LSRG,2020-08-27,772.0,777.0,768.4,774.2,69381
LSRG,2020-08-28,780.8,786.0,774.4,780.0,230441
LSRG,2020-08-31,785.6,786.0,776.4,780.4,117417
LSRG,2020-09-01,783.4,794.0,775.0,789.0,158005
LSRG,2020-09-02,793.4,793.4,783.6,790.0,116473
LSRG,2020-09-03,786.2,794.0,776.6,785.8,98447
LSRG,2020-09-04,789.4,799.8,783.2,798.6,98572
LSRG,2020-09-07,799.0,824.8,780.2,821.8,158863
LSRG,2020-09-08,823.6,829.0,801.2,817.0,109732
LSRG,2020-09-09,815.0,859.0,782.2,807.6,87453
LSRG,2020-09-10,806.8,815.2,802.4,803.2,60804
LSRG,2020-09-11,807.8,817.0,804.4,811.8,67713
LSRG,2020-09-14,813.0,824.0,813.0,821.2,55361
LSRG,2020-09-15,823.4,847.2,819.2,844.0,111219
LSRG,2020-09-16,844.0,868.8,830.2,857.2,188042
LSRG,2020-09-17,855.0,862.0,839.2,847.0,122733
LSRG,2020-09-18,851.4,879.8,849.2,871.0,236548
LSRG,2020-09-21,877.2,892.2,855.8,872.0,287067
LSRG,2020-09-22,869.0,877.8,860.4,867.4,86442
LSRG,2020-09-23,860.0,875.2,854.2,862.0,102160
LSRG,2020-09-24,866.0,874.0,859.0,872.2,81501
LSRG,2020-09-25,865.2,878.0,858.8,862.6,77885
LSRG,2020-09-28,868.8,872.8,861.2,870.0,122407
LSRG,2020-09-29,871.8,883.8,867.6,882.8,79079
LSRG,2020-09-30,882.6,884.6,843.2,856.2,167301
LSRG,2020-10-01,854.0,867.0,853.2,860.4,139551
LSRG,2020-10-02,857.0,877.0,850.0,872.2,147755
LSRG,2020-10-05,878.0,882.8,869.4,875.2,106095
LSRG,2020-10-06,880.0,882.2,871.2,875.2,43916
LSRG,2020-10-07,877.2,884.0,869.6,876.2,130124
LSRG,2020-10-08,880.0,880.0,863.8,873.4,125798
LSRG,2020-10-09,859.8,859.8,841.2,851.0,109014
LSRG,2020-10-12,846.0,881.0,842.4,869.6,113589
LSRG,2020-10-13,872.0,877.6,855.0,862.0,113380
LSRG,2020-10-14,860.0,880.2,855.8,874.8,100918
LSRG,2020-10-15,869.2,880.0,867.4,875.4,64361
LSRG,2020-10-16,875.4,877.0,869.0,872.2,109199
LSRG,2020-10-19,874.0,874.0,864.0,872.0,58717
LSRG,2020-10-20,874.0,929.0,865.4,918.0,368524
LSRG,2020-10-21,920.0,927.0,902.6,909.6,181682
LSRG,2020-10-22,915.4,1000.0,908.4,953.8,524403
LSRG,2020-10-23,954.0,973.8,925.6,956.8,298769
LSRG,2020-10-26,956.8,959.2,904.8,915.0,238226
LSRG,2020-10-27,900.4,909.8,885.2,903.4,187899
LSRG,2020-10-28,898.4,899.8,870.0,880.6,155935
LSRG,2020-10-29,883.0,897.8,871.0,893.4,87227
LSRG,2020-10-30,885.2,911.6,882.6,904.4,193965
LSRG,2020-11-02,903.4,904.2,887.6,890.6,155860
LSRG,2020-11-03,894.8,900.2,887.0,891.6,62587
LSRG,2020-11-05,899.0,918.8,893.0,918.4,88345
LSRG,2020-11-06,918.4,947.6,900.2,934.2,128813
LSRG,2020-11-09,948.0,956.0,930.2,940.0,130250
LSRG,2020-11-10,944.8,955.0,923.2,949.2,175836
LSRG,2020-11-11,951.6,953.6,921.2,938.0,76315
LSRG,2020-11-12,936.8,946.4,927.2,930.4,45426
LSRG,2020-11-13,936.4,952.0,921.2,950.0,48751
LSRG,2020-11-16,950.0,959.6,936.2,949.0,74678
LSRG,2020-11-17,950.8,950.8,936.6,944.2,48834
LSRG,2020-11-18,944.2,966.0,942.4,951.4,76224
LSRG,2020-11-19,955.6,960.8,899.4,928.4,98569
LSRG,2020-11-20,934.8,936.0,903.0,920.0,90731
LSRG,2020-11-23,915.2,934.2,901.0,911.6,67767
LSRG,2020-11-24,919.2,923.0,891.6,903.8,152677
LSRG,2020-11-25,909.0,913.6,890.0,909.6,120330
LSRG,2020-11-26,907.8,919.0,903.0,916.8,43544
LSRG,2020-11-27,929.8,929.8,910.2,916.4,66623
LSRG,2020-11-30,912.4,922.0,902.8,907.8,76283
LSRG,2020-12-01,904.0,914.2,903.8,909.4,68781
LSRG,2020-12-02,910.0,913.0,898.2,903.0,149576
LSRG,2020-12-03,905.0,905.4,898.0,902.0,39927
LSRG,2020-12-04,903.8,910.0,900.4,905.4,105247
LSRG,2020-12-07,907.0,918.2,893.4,899.4,111944
LSRG,2020-12-08,899.0,904.2,880.6,895.8,77598
LSRG,2020-12-09,889.6,897.0,882.2,886.0,67273
LSRG,2020-12-10,883.0,889.8,862.0,882.6,94252
LSRG,2020-12-11,884.8,886.4,871.2,874.6,70684
LSRG,2020-12-14,878.0,882.0,872.0,874.8,52996
LSRG,2020-12-15,875.0,891.6,865.0,890.8,68267
LSRG,2020-12-16,886.8,897.6,872.0,880.4,65365
LSRG,2020-12-17,880.2,880.2,855.2,862.8,223898
LSRG,2020-12-18,865.6,865.6,849.2,853.2,113895
LSRG,2020-12-21,852.6,860.8,847.8,858.0,148190
LSRG,2020-12-22,861.6,879.2,853.6,873.4,84240
LSRG,2020-12-23,870.8,870.8,852.0,859.4,88669
LSRG,2020-12-24,862.6,862.6,848.4,854.2,81035
LSRG,2020-12-25,856.2,864.0,850.4,861.6,29436
LSRG,2020-12-28,857.8,865.0,857.8,860.4,51549
LSRG,2020-12-29,864.8,874.2,860.4,867.8,94989
LSRG,2020-12-30,871.2,871.8,863.2,867.6,53866
LSRG,2021-01-04,871.0,898.4,868.4,890.6,83560
LSRG,2021-01-05,894.8,913.0,888.8,905.0,100406
LSRG,2021-01-06,902.8,909.2,890.0,897.4,95561
LSRG,2021-01-08,905.0,912.6,895.2,900.0,110172
LSRG,2021-01-11,900.4,915.2,897.6,913.8,154130
LSRG,2021-01-12,914.0,917.4,891.0,900.6,143132
LSRG,2021-01-13,900.2,905.6,895.0,903.4,71844
LSRG,2021-01-14,904.8,917.6,892.6,908.6,154586
LSRG,2021-01-15,911.0,913.2,901.0,902.8,47569
LSRG,2021-01-18,906.4,914.8,900.0,911.0,69447
LSRG,2021-01-19,910.4,924.6,910.4,924.2,95507
LSRG,2021-01-20,925.6,932.6,903.2,925.0,90583
LSRG,2021-01-21,922.4,930.0,912.0,919.6,80517
LSRG,2021-01-22,921.0,934.8,914.0,930.2,131217
LSRG,2021-01-25,935.0,946.0,927.6,942.6,119577
LSRG,2021-01-26,945.6,945.6,932.0,936.2,94244
LSRG,2021-01-27,940.2,944.0,928.0,931.2,79463
LSRG,2021-01-28,931.0,946.2,917.6,941.2,74495
LSRG,2021-01-29,943.2,962.0,936.2,942.6,179074
LSRG,2021-02-01,951.0,958.4,930.2,952.2,68281
LSRG,2021-02-02,949.0,965.6,943.4,947.2,82906
LSRG,2021-02-03,949.8,955.4,934.4,948.2,99183
LSRG,2021-02-04,954.6,955.4,942.6,949.8,47084
LSRG,2021-02-05,959.6,959.6,936.8,943.4,68274
LSRG,2021-02-08,946.0,949.8,939.6,941.6,50824
LSRG,2021-02-09,943.2,944.2,931.2,940.8,64907
LSRG,2021-02-10,938.2,940.8,925.2,929.0,82375
LSRG,2021-02-11,926.2,943.4,926.2,929.2,59490
LSRG,2021-02-12,935.4,935.4,920.0,929.2,68898
LSRG,2021-02-15,928.0,939.2,925.0,933.4,46845
LSRG,2021-02-16,934.4,938.2,925.4,930.8,54008
LSRG,2021-02-17,930.2,937.6,905.6,921.2,91913
LSRG,2021-02-18,921.0,922.6,910.0,913.6,42834
LSRG,2021-02-19,913.6,928.8,906.4,925.0,73551
LSRG,2021-02-20,921.0,928.4,916.0,922.6,11087
LSRG,2021-02-22,920.0,949.2,917.0,938.2,98519
LSRG,2021-02-24,940.2,944.4,918.0,928.0,83948
LSRG,2021-02-25,931.0,932.6,904.2,911.2,142608
LSRG,2021-02-26,911.8,917.8,840.4,862.2,711546
LSRG,2021-03-01,869.0,869.0,836.0,859.6,442007
LSRG,2021-03-02,853.6,861.4,848.0,854.2,143482
LSRG,2021-03-03,852.0,875.0,852.0,860.2,257579
LSRG,2021-03-04,861.2,872.0,855.0,857.0,136189
LSRG,2021-03-05,863.6,867.6,856.0,864.4,92970
LSRG,2021-03-09,866.8,872.0,840.0,863.2,182164
LSRG,2021-03-10,865.0,869.6,845.0,856.0,212839
LSRG,2021-03-11,862.0,862.6,852.0,861.8,78372
LSRG,2021-03-12,863.0,865.6,853.0,860.8,72320
LSRG,2021-03-15,863.0,867.0,847.0,854.2,256549
LSRG,2021-03-16,854.2,859.0,843.6,851.4,145919
LSRG,2021-03-17,854.6,857.8,832.0,847.0,162091
LSRG,2021-03-18,847.0,855.0,838.0,839.6,186469
LSRG,2021-03-19,847.0,847.0,832.4,840.0,204697
LSRG,2021-03-22,840.0,855.0,822.6,843.4,434071
LSRG,2021-03-23,840.0,842.6,810.2,816.4,453880
LSRG,2021-03-24,817.0,824.0,800.6,805.6,281009
LSRG,2021-03-25,805.4,821.0,802.2,818.2,172319
LSRG,2021-03-26,820.0,831.0,815.4,822.6,253184
LSRG,2021-03-29,844.4,844.6,817.6,825.8,287124
LSRG,2021-03-30,827.8,838.2,822.0,827.2,289863
LSRG,2021-03-31,824.0,832.8,819.4,828.6,299821
LSRG,2021-04-01,830.0,844.8,828.6,836.0,202759
LSRG,2021-04-02,841.8,856.8,835.2,850.0,200953
LSRG,2021-04-05,853.0,871.8,852.6,864.4,220415
LSRG,2021-04-06,863.0,865.8,843.2,847.0,242351
LSRG,2021-04-07,841.0,861.6,838.0,845.0,151415
LSRG,2021-04-08,845.0,852.0,844.4,850.4,57160
LSRG,2021-04-09,845.8,849.4,828.0,836.2,261846
LSRG,2021-04-12,830.0,850.0,828.4,848.8,122880
LSRG,2021-04-13,851.0,854.0,840.8,845.8,96741
LSRG,2021-04-14,850.0,854.0,842.0,847.0,133644
LSRG,2021-04-15,842.4,860.0,842.0,855.8,135788
LSRG,2021-04-16,858.8,863.6,851.2,859.2,110134
LSRG,2021-04-19,860.0,863.4,855.0,857.2,87525
LSRG,2021-04-20,855.2,862.2,843.6,854.6,119278
LSRG,2021-04-21,855.0,858.0,846.8,852.8,80296
LSRG,2021-04-22,855.6,858.2,849.4,855.8,101094
LSRG,2021-04-23,860.0,866.6,848.4,857.8,208413
LSRG,2021-04-26,858.4,865.6,858.4,862.0,97693
LSRG,2021-04-27,857.8,861.6,843.8,852.0,207890
LSRG,2021-04-28,852.0,854.8,833.6,841.4,240983
LSRG,2021-04-29,845.0,845.0,823.8,831.2,195705
LSRG,2021-04-30,828.4,831.6,805.0,818.8,316513
LSRG,2021-05-04,818.8,829.2,810.6,824.2,203656
LSRG,2021-05-05,825.0,829.0,813.6,824.4,271976
LSRG,2021-05-06,823.8,835.0,820.0,833.0,303960
LSRG,2021-05-07,825.4,832.8,825.0,828.6,416793
LSRG,2021-05-10,794.6,797.2,787.0,790.0,425431
LSRG,2021-05-11,786.8,794.0,770.2,781.0,222987
LSRG,2021-05-12,780.0,783.2,760.6,765.4,237704
LSRG,2021-05-13,768.0,769.0,754.0,761.0,197127
LSRG,2021-05-14,762.2,762.2,741.4,748.6,203017
LSRG,2021-05-17,754.6,758.8,733.2,753.0,162931
LSRG,2021-05-18,753.0,766.4,749.0,766.0,165227
LSRG,2021-05-19,765.0,765.2,753.0,760.0,131297
LSRG,2021-05-20,760.0,761.6,745.0,750.8,126727
LSRG,2021-05-21,749.0,756.4,749.0,756.0,98551
LSRG,2021-05-24,756.0,760.6,751.4,758.8,169594
LSRG,2021-05-25,760.0,760.4,748.0,750.8,128365
LSRG,2021-05-26,752.0,752.0,744.0,749.4,87902
LSRG,2021-05-27,750.8,756.0,744.2,752.0,266132
LSRG,2021-05-28,754.0,761.8,749.4,755.6,129562
LSRG,2021-05-31,761.4,775.6,754.4,775.6,135262
LSRG,2021-06-01,777.6,786.0,772.2,777.8,145310
LSRG,2021-06-02,782.8,782.8,770.2,774.6,109607
LSRG,2021-06-03,778.4,779.8,770.2,774.8,75935
LSRG,2021-06-04,775.6,794.0,767.0,792.8,267519
LSRG,2021-06-07,794.6,811.0,793.0,808.2,265030
LSRG,2021-06-08,809.8,812.0,786.2,789.8,199420
LSRG,2021-06-09,790.2,795.8,775.0,780.6,186550
LSRG,2021-06-10,781.6,784.8,771.0,777.0,155151
LSRG,2021-06-11,776.0,778.6,768.2,772.4,120395
LSRG,2021-06-14,773.0,775.0,761.6,764.8,140560
LSRG,2021-06-15,766.0,766.0,755.4,761.6,206074
LSRG,2021-06-16,763.2,768.4,753.6,760.4,155897
LSRG,2021-06-17,760.8,763.8,754.8,760.8,195456
LSRG,2021-06-18,760.8,762.0,751.0,757.6,564572
LSRG,2021-06-21,759.6,784.4,758.0,780.8,311282
LSRG,2021-06-22,781.0,782.8,769.4,777.4,97499
LSRG,2021-06-23,783.4,783.4,771.8,776.0,47822
LSRG,2021-06-24,777.4,777.6,761.4,765.6,84384
LSRG,2021-06-25,769.6,786.0,763.0,773.6,122540
LSRG,2021-06-28,776.4,781.0,774.0,776.0,78395
LSRG,2021-06-29,778.6,781.0,767.8,772.4,75509
LSRG,2021-06-30,776.0,780.4,769.0,774.2,46069
LSRG,2021-07-01,777.6,778.2,771.0,773.8,46090
LSRG,2021-07-02,779.4,779.4,771.0,775.2,37495
LSRG,2021-07-05,778.0,778.0,769.2,771.8,76636
LSRG,2021-07-06,776.0,776.0,769.0,770.2,67757
LSRG,2021-07-07,770.8,773.6,770.0,771.2,33024
LSRG,2021-07-08,775.0,775.0,759.0,771.0,177406
LSRG,2021-07-09,775.6,775.6,765.4,769.6,37862
LSRG,2021-07-12,771.8,771.8,765.8,767.0,54820
LSRG,2021-07-13,767.0,773.6,762.4,770.8,101773
LSRG,2021-07-14,774.2,778.6,768.0,775.0,102399
LSRG,2021-07-15,777.2,777.4,768.4,770.6,59391
LSRG,2021-07-16,771.0,774.4,761.8,763.2,78903
LSRG,2021-07-19,767.0,767.2,735.0,742.0,205275
LSRG,2021-07-20,745.2,750.6,733.2,736.8,160248
LSRG,2021-07-21,757.0,757.0,740.4,745.4,65630
LSRG,2021-07-22,748.8,756.6,743.6,755.0,68655
LSRG,2021-07-23,759.8,759.8,750.6,758.0,63876
LSRG,2021-07-26,759.0,759.0,749.4,752.4,59107
LSRG,2021-07-27,754.0,766.8,752.0,764.6,76695
LSRG,2021-07-28,761.6,770.0,760.8,768.4,76993
LSRG,2021-07-29,768.4,780.0,764.2,779.4,151563
LSRG,2021-07-30,779.4,784.6,760.2,768.6,296448
LSRG,2021-08-02,771.0,775.0,767.0,771.2,121106
LSRG,2021-08-03,772.0,772.8,768.2,772.0,110339
LSRG,2021-08-04,772.0,776.0,762.0,766.0,70294
LSRG,2021-08-05,766.8,767.2,756.0,761.4,99976
LSRG,2021-08-06,762.0,762.0,753.2,760.4,183864
LSRG,2021-08-09,760.0,767.0,756.8,762.4,76871
LSRG,2021-08-10,769.0,769.8,763.8,767.0,80622
LSRG,2021-08-11,768.4,774.0,765.8,769.4,47497
LSRG,2021-08-12,775.0,775.0,764.2,766.2,137821
LSRG,2021-08-13,767.2,767.4,756.2,760.8,146899
LSRG,2021-08-16,760.8,768.4,760.8,766.4,35069
LSRG,2021-08-17,766.8,770.0,760.2,767.2,103746
LSRG,2021-08-18,770.2,772.0,763.2,763.2,72481
LSRG,2021-08-19,763.2,769.4,760.6,765.2,63353
LSRG,2021-08-20,768.0,775.0,764.8,772.6,106906
LSRG,2021-08-23,777.4,777.6,768.0,775.0,62864
LSRG,2021-08-24,777.0,781.0,770.8,779.4,69152
LSRG,2021-08-25,780.6,802.0,778.2,798.2,253757
LSRG,2021-08-26,798.8,808.0,787.4,797.0,179710
LSRG,2021-08-27,798.2,804.2,794.2,804.0,115914
LSRG,2021-08-30,808.0,808.8,796.8,801.4,177624
LSRG,2021-08-31,802.0,802.0,772.8,776.4,313653
LSRG,2021-09-01,784.8,784.8,765.0,772.2,143412
LSRG,2021-09-02,773.8,779.4,770.6,773.8,87862
LSRG,2021-09-03,775.0,775.8,766.8,774.8,44461
LSRG,2021-09-06,776.4,779.0,771.4,774.0,68871
LSRG,2021-09-07,776.2,778.0,767.8,772.2,56549
LSRG,2021-09-08,772.8,774.0,767.8,767.8,62354
LSRG,2021-09-09,767.8,771.8,760.0,767.6,84803
LSRG,2021-09-10,770.6,772.2,765.0,771.6,90903
LSRG,2021-09-13,772.4,779.8,760.4,767.4,146319
LSRG,2021-09-14,765.0,773.0,762.6,767.0,238055
LSRG,2021-09-15,767.8,770.6,761.2,769.0,81726
LSRG,2021-09-16,772.8,778.0,766.8,769.2,70422
LSRG,2021-09-17,771.0,777.2,768.2,770.4,70063
LSRG,2021-09-20,770.4,770.4,747.0,751.8,102393
LSRG,2021-09-21,750.0,758.6,750.0,751.6,45911
LSRG,2021-09-22,752.0,759.8,751.8,759.4,53540
LSRG,2021-09-23,760.6,760.8,754.6,758.0,39519
LSRG,2021-09-24,759.0,767.4,754.8,763.0,46836
LSRG,2021-09-27,774.0,774.2,750.0,756.8,101192
LSRG,2021-09-28,758.4,758.4,746.0,748.0,100770
LSRG,2021-09-29,749.2,763.8,745.6,755.6,174861
LSRG,2021-09-30,756.0,761.8,751.2,758.4,126099
LSRG,2021-10-01,757.0,768.6,755.2,762.4,47793
LSRG,2021-10-04,760.4,762.6,747.6,748.8,77597
LSRG,2021-10-05,748.8,753.4,742.0,751.0,73611
LSRG,2021-10-06,755.0,757.8,745.2,755.2,72273
LSRG,2021-10-07,756.4,762.0,750.6,756.0,49291
LSRG,2021-10-08,757.6,765.0,751.8,758.8,84273
LSRG,2021-10-11,763.8,763.8,753.0,757.8,91249
LSRG,2021-10-12,758.2,760.0,752.2,754.2,71225
LSRG,2021-10-13,760.2,760.8,752.6,755.4,53506
LSRG,2021-10-14,763.4,768.6,755.8,765.0,60226
LSRG,2021-10-15,770.0,773.2,759.0,771.0,45720
LSRG,2021-10-18,772.6,773.6,761.4,762.6,55147
LSRG,2021-10-19,765.2,765.4,756.8,761.8,45483
LSRG,2021-10-20,762.0,762.0,755.0,757.6,53446
LSRG,2021-10-21,756.6,758.8,752.6,755.2,30265
LSRG,2021-10-22,757.8,759.6,753.4,755.2,26129
LSRG,2021-10-25,760.6,762.8,755.0,756.0,32829
LSRG,2021-10-26,762.6,762.6,755.0,755.0,29090
LSRG,2021-10-27,762.6,762.6,755.0,757.6,34151
LSRG,2021-10-28,759.8,759.8,746.6,753.8,66442
LSRG,2021-10-29,755.2,757.0,745.0,749.4,98728
LSRG,2021-11-01,749.4,757.4,745.6,755.8,40765
LSRG,2021-11-02,759.8,761.8,752.6,754.8,82354
LSRG,2021-11-03,756.8,758.6,751.2,755.2,38653
LSRG,2021-11-05,760.6,765.4,753.0,757.0,51408
LSRG,2021-11-08,761.2,766.6,750.6,753.6,45556
LSRG,2021-11-09,756.6,757.2,750.0,750.4,35119
LSRG,2021-11-10,751.4,751.6,745.0,745.0,34741
LSRG,2021-11-11,747.4,748.8,738.0,740.4,66617
LSRG,2021-11-12,746.2,746.2,736.8,739.2,54371
LSRG,2021-11-15,745.6,749.0,737.2,737.6,50038
LSRG,2021-11-16,742.8,742.8,734.0,735.2,42403
LSRG,2021-11-17,737.6,737.6,723.0,724.8,78186
LSRG,2021-11-18,729.0,730.8,717.0,725.6,66491
LSRG,2021-11-19,728.0,745.8,722.0,734.0,176894
LSRG,2021-11-22,738.8,738.8,714.2,716.0,109361
LSRG,2021-11-23,725.6,742.2,701.2,737.0,196142
LSRG,2021-11-24,741.6,741.6,726.6,738.4,69574
LSRG,2021-11-25,744.0,754.6,738.2,746.2,94989
LSRG,2021-11-26,735.0,743.0,726.8,733.0,89854
LSRG,2021-11-29,738.0,745.4,728.0,741.0,71871
LSRG,2021-11-30,745.8,747.2,734.2,745.0,170706
LSRG,2021-12-01,753.8,761.4,742.4,745.6,86349
LSRG,2021-12-02,745.6,758.8,739.6,745.6,59534
LSRG,2021-12-03,743.0,748.4,720.0,724.2,66262
LSRG,2021-12-06,727.8,733.4,702.6,716.8,77357
LSRG,2021-12-07,713.2,731.8,713.2,729.6,81289
LSRG,2021-12-08,730.8,738.0,717.0,718.0,57608
LSRG,2021-12-09,719.0,728.4,716.2,723.8,39067
LSRG,2021-12-10,724.8,725.6,706.2,711.4,58737
LSRG,2021-12-13,717.6,720.6,677.0,686.2,116346
LSRG,2021-12-14,687.0,687.0,625.0,648.8,273738
LSRG,2021-12-15,648.6,652.0,605.0,623.0,339486
LSRG,2021-12-16,624.0,634.8,597.0,604.0,478217
LSRG,2021-12-17,604.0,609.6,587.2,595.6,332877
LSRG,2021-12-20,586.0,602.0,573.0,583.2,297104
LSRG,2021-12-21,586.8,589.6,575.0,582.0,135455
LSRG,2021-12-22,584.8,595.2,576.0,585.2,213667
LSRG,2021-12-23,582.0,589.8,578.6,579.6,120151
LSRG,2021-12-24,578.4,582.0,571.2,578.2,146979
LSRG,2021-12-27,579.0,592.8,576.0,583.6,560553
LSRG,2021-12-28,582.8,604.0,582.8,593.6,341139
LSRG,2021-12-29,594.0,608.6,592.0,603.4,191393
LSRG,2021-12-30,605.8,614.0,604.6,609.0,173960
LSRG,2022-01-03,612.0,622.6,610.2,614.6,94619
LSRG,2022-01-04,616.2,620.4,610.2,613.0,88168
LSRG,2022-01-05,608.6,617.0,603.0,612.2,58596
LSRG,2022-01-06,603.4,610.0,584.0,586.0,146721
LSRG,2022-01-10,586.2,678.0,586.2,632.0,563346
LSRG,2022-01-11,631.8,714.0,623.0,690.0,1386059
LSRG,2022-01-12,695.0,718.2,672.0,713.8,903470
LSRG,2022-01-13,709.2,720.0,696.4,703.6,262794
LSRG,2022-01-14,704.0,704.8,682.8,693.2,236260
LSRG,2022-01-17,699.2,715.2,694.0,715.0,162784
LSRG,2022-01-18,712.6,727.2,696.0,706.2,401259
LSRG,2022-01-19,705.0,710.0,658.6,686.0,261067
LSRG,2022-01-20,695.0,700.0,679.8,684.0,101599
LSRG,2022-01-21,682.6,682.6,630.0,653.2,236790
LSRG,2022-01-24,644.6,670.0,622.2,655.2,269924
LSRG,2022-01-25,659.8,683.4,650.0,679.4,101536
LSRG,2022-01-26,680.0,684.8,661.4,663.6,75656
LSRG,2022-01-27,663.6,686.6,651.2,667.0,48516
LSRG,2022-01-28,667.2,678.0,655.2,664.6,32388
LSRG,2022-01-31,666.6,672.6,656.2,656.2,51075
LSRG,2022-02-01,656.0,692.8,655.0,685.8,76212
LSRG,2022-02-02,685.0,694.8,680.0,681.6,29362
LSRG,2022-02-03,675.0,697.2,673.0,688.0,49616
LSRG,2022-02-04,683.2,706.6,681.0,706.0,76725
LSRG,2022-02-07,702.0,715.8,702.0,715.0,96864
LSRG,2022-02-08,715.0,741.0,714.2,740.0,147414
LSRG,2022-02-09,743.0,747.8,730.0,735.4,53602
LSRG,2022-02-10,744.0,745.0,730.2,740.4,36801
LSRG,2022-02-11,729.8,740.0,707.4,712.0,74453
LSRG,2022-02-14,702.6,742.8,697.0,740.0,126693
LSRG,2022-02-15,740.8,744.0,728.8,740.4,68298
LSRG,2022-02-16,743.6,747.2,735.0,741.0,33379
LSRG,2022-02-17,738.0,746.8,727.6,746.0,42022
LSRG,2022-02-18,746.0,746.0,731.4,740.0,57243
LSRG,2022-02-21,740.0,747.0,665.0,702.4,302778
LSRG,2022-02-22,683.2,684.0,584.0,645.4,258473
LSRG,2022-02-24,585.0,585.0,402.0,460.6,221617
LSRG,2022-02-25,475.4,633.4,475.4,520.0,111122
LSRG,2022-03-28,498.0,499.6,425.0,445.2,98012
LSRG,2022-03-29,445.2,479.0,445.0,452.8,50819
LSRG,2022-03-30,456.0,623.6,455.0,523.8,111813
LSRG,2022-03-31,555.8,615.0,525.8,564.8,93501
LSRG,2022-04-01,564.8,598.8,564.8,588.0,67310
LSRG,2022-04-04,586.2,615.8,560.0,581.0,47577
LSRG,2022-04-05,581.2,587.0,530.0,550.6,29308
LSRG,2022-04-06,556.0,556.6,540.2,543.8,27669
LSRG,2022-04-07,543.8,550.0,530.2,547.4,24440
LSRG,2022-04-08,549.2,561.0,532.0,538.0,21812
LSRG,2022-04-11,536.0,538.0,520.2,530.4,16773
LSRG,2022-04-12,530.0,540.2,501.2,513.0,21350
LSRG,2022-04-13,513.0,523.0,503.8,509.0,23780
LSRG,2022-04-14,508.0,514.6,473.2,480.2,25639
LSRG,2022-04-15,484.6,493.0,461.8,485.8,23117
LSRG,2022-04-18,480.0,489.8,470.4,471.2,15812
LSRG,2022-04-19,471.0,479.8,450.0,458.0,27439
LSRG,2022-04-20,479.0,480.0,455.2,466.0,28443
LSRG,2022-04-21,475.0,516.4,465.0,483.0,78431
LSRG,2022-04-22,490.0,524.6,471.4,502.4,81841
LSRG,2022-04-25,499.4,514.0,483.2,494.2,45169
LSRG,2022-04-26,500.0,507.4,495.2,503.4,36540
LSRG,2022-04-27,506.0,517.4,494.2,515.8,21196
LSRG,2022-04-28,515.8,527.0,504.0,505.8,38671
LSRG,2022-04-29,494.0,519.0,494.0,505.0,26859
LSRG,2022-05-04,511.0,526.2,504.0,507.8,19518
LSRG,2022-05-05,506.4,519.2,493.6,497.0,30975
LSRG,2022-05-06,507.6,507.6,491.0,493.0,17952
LSRG,2022-05-11,492.0,504.0,484.0,488.4,18714
LSRG,2022-05-12,485.0,487.6,475.0,478.2,14213
LSRG,2022-05-13,481.0,513.0,471.4,483.2,56867
LSRG,2022-05-16,488.0,497.8,480.6,492.8,22975
LSRG,2022-05-17,494.4,500.4,492.2,496.2,11805
LSRG,2022-05-18,502.0,509.8,499.0,502.2,31958
LSRG,2022-05-19,503.2,508.2,498.0,499.2,18505
LSRG,2022-05-20,500.0,503.4,491.0,494.2,14759
LSRG,2022-05-23,497.0,508.0,490.0,493.2,42532
LSRG,2022-05-24,493.2,499.4,490.0,492.8,22376
LSRG,2022-05-25,492.8,498.0,490.8,491.8,13679
LSRG,2022-05-26,497.6,518.8,495.6,496.0,49574
LSRG,2022-05-27,502.8,505.8,498.0,499.0,21829
LSRG,2022-05-30,503.2,508.0,499.4,506.0,26007
LSRG,2022-05-31,506.0,509.8,498.0,500.6,33202
LSRG,2022-06-01,497.4,502.4,488.4,500.2,12601
LSRG,2022-06-02,504.4,504.4,493.0,493.2,12493
LSRG,2022-06-03,493.2,497.4,487.0,489.2,13482
LSRG,2022-06-06,490.2,496.6,480.4,484.0,13302
LSRG,2022-06-07,484.0,488.0,472.2,478.4,34638
LSRG,2022-06-08,479.4,482.4,470.4,479.0,25101
LSRG,2022-06-09,480.4,500.6,475.4,498.4,63235
LSRG,2022-06-10,499.0,510.0,475.6,479.0,109074
LSRG,2022-06-14,480.0,496.4,479.0,485.4,26490
LSRG,2022-06-15,486.0,490.0,480.6,488.0,13933
LSRG,2022-06-16,490.0,501.8,488.2,493.2,39746
LSRG,2022-06-17,500.6,508.0,481.0,500.0,74465
LSRG,2022-06-20,503.8,507.0,492.0,500.0,56858
LSRG,2022-06-21,501.0,548.8,492.0,542.0,319746
LSRG,2022-06-22,531.6,539.8,521.0,535.6,143954
LSRG,2022-06-23,535.4,562.0,531.4,560.2,214768
LSRG,2022-06-24,560.8,604.8,560.6,585.0,489661
LSRG,2022-06-27,585.0,618.0,584.4,611.0,303736
LSRG,2022-06-28,620.0,670.0,596.4,618.6,836128
LSRG,2022-06-29,618.0,619.8,571.4,577.2,336507
LSRG,2022-06-30,572.0,600.0,550.2,558.4,310246
LSRG,2022-07-01,556.4,584.6,539.0,570.0,228980
LSRG,2022-07-04,570.0,590.0,555.4,561.0,142500
LSRG,2022-07-05,570.0,582.4,533.0,556.0,192997
LSRG,2022-07-06,556.2,561.8,545.2,549.0,96880
LSRG,2022-07-07,545.0,558.2,536.0,551.0,93813
LSRG,2022-07-08,551.0,551.0,538.0,546.8,57972
LSRG,2022-07-11,549.8,550.0,526.2,531.8,118684
LSRG,2022-07-12,530.0,530.8,507.8,526.2,109304
LSRG,2022-07-13,521.0,554.8,505.2,526.8,311100
LSRG,2022-07-14,520.2,540.0,517.8,532.4,153970
LSRG,2022-07-15,540.2,540.2,527.2,537.4,77158
LSRG,2022-07-18,532.2,579.8,532.2,567.0,360579
LSRG,2022-07-19,572.4,584.0,551.2,563.0,252807
LSRG,2022-07-20,563.0,595.0,558.0,578.0,335449
LSRG,2022-07-21,580.0,597.2,552.2,589.2,529822
LSRG,2022-07-22,598.4,615.0,580.2,591.8,582843
LSRG,2022-07-25,595.0,598.6,565.0,586.8,219623
LSRG,2022-07-26,588.6,591.6,573.0,576.4,99300
LSRG,2022-07-27,577.8,580.0,566.0,567.6,78572
LSRG,2022-07-28,565.4,569.2,554.0,562.0,91612
LSRG,2022-07-29,561.0,574.0,558.0,573.8,84758
LSRG,2022-08-01,575.0,590.0,570.0,570.0,110929
LSRG,2022-08-02,570.6,570.6,554.0,557.0,113455
LSRG,2022-08-03,557.0,563.0,555.0,556.0,53531
LSRG,2022-08-04,554.0,560.8,550.2,556.4,38908
LSRG,2022-08-05,551.8,556.6,540.0,541.4,64340
LSRG,2022-08-08,552.6,553.6,544.2,547.0,32411
LSRG,2022-08-09,547.0,552.0,540.2,549.8,31907
LSRG,2022-08-10,554.8,579.8,550.4,565.4,104362
LSRG,2022-08-11,564.2,573.6,546.4,558.4,80187
LSRG,2022-08-12,560.2,576.0,556.4,561.8,104349
LSRG,2022-08-15,562.0,575.0,546.0,566.0,50834
LSRG,2022-08-16,566.0,573.2,566.0,571.0,32469
LSRG,2022-08-17,575.0,579.0,561.4,565.4,60650
LSRG,2022-08-18,565.4,569.0,551.6,562.0,44841
LSRG,2022-08-19,564.8,564.8,557.0,562.2,12162
LSRG,2022-08-22,566.8,577.6,561.8,574.8,41266
LSRG,2022-08-23,574.8,581.6,570.0,575.4,53943
LSRG,2022-08-24,569.8,578.0,569.8,575.8,28306
LSRG,2022-08-25,580.0,580.0,562.6,567.6,39858
LSRG,2022-08-26,568.2,595.0,567.2,593.0,99897
LSRG,2022-08-29,598.0,612.0,588.2,610.0,185830
LSRG,2022-08-30,612.0,615.0,592.0,596.2,147086
LSRG,2022-08-31,596.0,612.8,590.4,601.0,80560
LSRG,2022-09-01,601.6,613.8,596.0,609.8,131537
LSRG,2022-09-02,612.0,612.2,603.0,607.2,45704
LSRG,2022-09-05,612.0,620.0,606.2,609.2,87605
LSRG,2022-09-06,619.0,619.0,580.0,594.2,117067
LSRG,2022-09-07,594.8,595.8,581.6,587.6,50522
LSRG,2022-09-08,587.6,594.0,582.0,589.8,40184
LSRG,2022-09-09,593.0,610.0,590.0,598.4,123652
LSRG,2022-09-12,604.8,636.0,598.6,632.0,492533
LSRG,2022-09-13,636.0,653.0,625.6,633.2,526668
LSRG,2022-09-14,634.0,634.0,612.0,631.8,156301
LSRG,2022-09-15,637.0,637.0,622.6,634.6,84215
LSRG,2022-09-16,640.8,645.0,605.8,610.0,335960
LSRG,2022-09-19,610.0,611.0,588.4,593.2,198095
LSRG,2022-09-20,593.2,593.6,507.0,527.0,317575
LSRG,2022-09-21,490.0,521.8,459.6,512.4,162115
LSRG,2022-09-22,512.4,536.4,505.4,525.2,64005
LSRG,2022-09-23,525.2,525.2,488.4,497.0,64474
LSRG,2022-09-26,491.0,495.0,438.0,457.0,131720
LSRG,2022-09-27,443.8,466.4,426.8,435.0,170399
LSRG,2022-09-28,448.0,448.0,427.0,430.0,61854
LSRG,2022-09-29,432.4,439.6,406.8,410.2,74903
LSRG,2022-09-30,425.0,438.8,400.0,424.8,130134
LSRG,2022-10-03,427.8,457.0,427.6,450.2,124275
LSRG,2022-10-04,465.2,465.2,436.0,452.0,63175
LSRG,2022-10-05,444.0,450.0,424.0,437.4,60177
LSRG,2022-10-06,445.2,464.8,430.2,452.6,165289
LSRG,2022-10-07,449.2,459.6,432.0,436.0,101987
LSRG,2022-10-10,420.0,444.8,404.0,443.0,53463
LSRG,2022-10-11,445.0,456.4,439.4,450.4,26018
LSRG,2022-10-12,455.0,481.2,450.0,467.2,110780
LSRG,2022-10-13,473.6,473.8,456.0,464.6,58892
LSRG,2022-10-14,465.0,469.6,457.0,460.6,17466
LSRG,2022-10-17,464.2,489.0,461.0,478.8,165276
LSRG,2022-10-18,480.4,493.6,475.0,480.0,64528
LSRG,2022-10-19,471.0,474.4,460.0,461.8,60450
LSRG,2022-10-20,461.8,474.0,461.8,471.0,48673
LSRG,2022-10-21,469.0,471.8,462.6,471.6,21320
LSRG,2022-10-24,475.6,487.8,467.0,480.0,48870
LSRG,2022-10-25,481.6,488.8,481.6,485.4,30953
LSRG,2022-10-26,485.4,496.2,472.0,491.8,127342
LSRG,2022-10-27,498.2,508.0,484.6,495.4,114179
LSRG,2022-10-28,495.0,495.0,485.2,492.0,54172
LSRG,2022-10-31,492.0,492.6,485.8,488.8,22214
LSRG,2022-11-01,486.2,502.4,486.2,498.0,71229
LSRG,2022-11-02,499.6,503.0,492.8,497.2,34823
LSRG,2022-11-03,495.4,495.4,485.6,490.0,26056
LSRG,2022-11-07,492.4,503.8,492.0,496.0,36477
LSRG,2022-11-08,496.0,503.0,496.0,497.8,33805
LSRG,2022-11-09,498.0,500.6,488.0,488.0,30136
LSRG,2022-11-10,488.0,491.0,470.4,488.0,42992
LSRG,2022-11-11,486.0,490.2,476.0,480.8,48839
LSRG,2022-11-14,485.0,485.0,475.0,481.4,51815
LSRG,2022-11-15,481.6,497.8,481.6,493.4,105423
LSRG,2022-11-16,492.0,494.6,481.0,482.6,80971
LSRG,2022-11-17,484.2,487.8,475.0,482.0,69062
LSRG,2022-11-18,482.2,483.4,476.8,477.2,19834
LSRG,2022-11-21,477.4,499.4,464.0,484.0,108206
LSRG,2022-11-22,484.0,488.0,475.0,478.2,48640
LSRG,2022-11-23,479.0,482.2,475.6,478.6,46640
LSRG,2022-11-24,478.6,480.6,477.6,478.0,4840
LSRG,2022-11-25,480.6,481.2,466.2,472.0,34528
LSRG,2022-11-28,471.0,471.8,465.0,470.0,11445
LSRG,2022-11-29,470.4,472.2,469.2,470.0,9980
LSRG,2022-11-30,470.0,471.4,468.0,468.6,6957
LSRG,2022-12-01,471.6,471.6,468.2,470.0,11662
LSRG,2022-12-02,470.0,472.0,467.4,468.6,7439
LSRG,2022-12-05,468.6,472.6,465.0,467.4,12473
LSRG,2022-12-06,470.0,470.0,465.0,467.6,12213
LSRG,2022-12-07,466.0,468.0,461.0,464.8,15779
LSRG,2022-12-08,464.8,466.2,460.2,464.2,8397
LSRG,2022-12-09,461.4,472.6,461.0,464.2,37689
LSRG,2022-12-12,464.0,469.2,462.0,463.2,16530
LSRG,2022-12-13,466.0,466.0,455.2,455.6,25822
LSRG,2022-12-14,458.0,458.0,446.0,448.2,24918
LSRG,2022-12-15,448.0,458.0,437.2,454.2,92496
LSRG,2022-12-16,454.4,470.0,446.0,446.4,48443
LSRG,2022-12-19,446.8,449.0,435.0,439.8,35451
LSRG,2022-12-20,444.2,464.6,440.0,454.0,78787
LSRG,2022-12-21,462.6,471.0,457.0,467.4,90736
LSRG,2022-12-22,473.0,480.0,467.2,472.2,41022
LSRG,2022-12-23,472.4,474.8,461.4,465.0,21360
LSRG,2022-12-26,466.0,474.4,462.0,467.0,38651
LSRG,2022-12-27,467.0,470.0,464.6,465.0,15916
LSRG,2022-12-28,464.6,470.0,464.0,466.2,23946
LSRG,2022-12-29,463.6,472.8,463.6,465.8,24982
LSRG,2022-12-30,465.6,467.2,462.2,462.6,17959
LSRG,2023-01-03,461.4,477.8,461.4,475.4,42051
LSRG,2023-01-04,476.2,476.2,472.0,474.0,12100
LSRG,2023-01-05,474.0,474.2,470.2,470.4,9355
LSRG,2023-01-06,470.0,475.8,464.0,465.8,15695
LSRG,2023-01-09,465.8,472.4,465.6,471.2,13706
LSRG,2023-01-10,469.6,474.0,454.2,472.8,45139
LSRG,2023-01-11,472.6,475.0,465.0,469.6,96826
LSRG,2023-01-12,470.0,473.0,462.0,462.8,71435
LSRG,2023-01-13,466.0,466.4,455.6,459.0,92759
LSRG,2023-01-16,463.2,463.8,458.6,463.2,145335
LSRG,2023-01-17,463.6,464.0,456.4,458.0,77768
LSRG,2023-01-18,459.2,463.0,452.0,458.0,67155
LSRG,2023-01-19,458.0,459.0,446.8,452.0,66592
LSRG,2023-01-20,453.8,456.0,449.8,452.8,20162
LSRG,2023-01-23,453.4,455.4,451.0,453.4,21806
LSRG,2023-01-24,454.0,459.2,453.0,457.2,31877
LSRG,2023-01-25,458.4,461.4,454.2,457.4,54392
LSRG,2023-01-26,459.8,459.8,447.4,453.4,33576
LSRG,2023-01-27,456.4,458.6,453.0,454.0,40924
LSRG,2023-01-30,458.0,458.0,451.2,451.8,36651
LSRG,2023-01-31,452.8,460.2,452.0,457.4,54856
LSRG,2023-02-01,457.4,474.8,456.6,467.0,170361
LSRG,2023-02-02,470.6,471.0,461.8,464.6,55397
LSRG,2023-02-03,461.4,467.2,458.8,464.4,43822
LSRG,2023-02-06,464.0,469.8,464.0,467.4,47639
LSRG,2023-02-07,467.4,469.0,463.6,465.6,39240
LSRG,2023-02-08,465.6,467.8,462.2,465.4,53025
LSRG,2023-02-09,467.2,469.0,462.6,466.2,57432
LSRG,2023-02-10,469.6,481.0,466.0,475.0,148321
LSRG,2023-02-13,476.6,483.8,468.0,479.6,81750
LSRG,2023-02-14,479.6,485.4,468.2,483.0,89562
LSRG,2023-02-15,479.0,482.2,457.0,458.0,139281
LSRG,2023-02-16,464.8,474.6,457.2,468.0,51472
LSRG,2023-02-17,462.4,470.8,462.0,466.4,24735
LSRG,2023-02-20,467.8,468.0,457.0,463.0,24700
LSRG,2023-02-21,464.4,479.0,463.2,474.4,69470
LSRG,2023-02-22,474.4,478.0,470.8,475.0,28518
LSRG,2023-02-24,477.2,479.2,471.4,474.8,12853
LSRG,2023-02-27,473.6,480.0,472.2,478.2,38783
LSRG,2023-02-28,481.6,483.0,465.6,481.6,109837
LSRG,2023-03-01,478.2,484.0,477.6,480.6,32819
LSRG,2023-03-02,480.6,482.8,470.8,474.8,44656
LSRG,2023-03-03,477.2,479.6,473.8,478.2,18043
LSRG,2023-03-06,478.2,482.0,478.2,481.2,37530
LSRG,2023-03-07,481.8,481.8,477.4,480.2,29565
LSRG,2023-03-09,480.8,499.0,478.2,498.6,284716
LSRG,2023-03-10,496.0,509.0,491.8,501.4,310764
LSRG,2023-03-13,506.0,518.0,501.0,509.4,306712
LSRG,2023-03-14,510.8,510.8,500.0,501.8,89960
LSRG,2023-03-15,500.4,504.2,492.0,496.0,84308
LSRG,2023-03-16,499.6,499.6,480.4,497.8,65973
LSRG,2023-03-17,498.0,511.0,493.0,505.0,134711
LSRG,2023-03-20,507.4,510.8,499.6,507.0,69977
LSRG,2023-03-21,507.2,507.8,502.2,507.4,37900
LSRG,2023-03-22,509.8,509.8,496.0,500.6,43065
LSRG,2023-03-23,499.0,507.0,498.6,504.4,47441
LSRG,2023-03-24,504.4,525.0,502.6,514.0,297875
LSRG,2023-03-27,518.8,521.4,515.0,517.2,89600
LSRG,2023-03-28,522.0,522.0,505.0,511.4,54099
LSRG,2023-03-29,510.8,528.8,505.0,517.4,200261
LSRG,2023-03-30,519.2,519.2,510.2,515.8,48827
LSRG,2023-03-31,515.0,517.6,505.6,507.2,73425
LSRG,2023-04-03,511.4,517.0,507.4,511.8,66743
LSRG,2023-04-04,510.2,513.6,506.6,508.0,35632
LSRG,2023-04-05,507.0,508.6,501.0,508.2,40914
LSRG,2023-04-06,509.8,519.0,508.0,513.8,160059
LSRG,2023-04-07,514.0,520.0,513.0,513.8,53236
LSRG,2023-04-10,514.6,524.0,514.4,520.0,82709
LSRG,2023-04-11,522.0,526.6,503.6,516.0,163902
LSRG,2023-04-12,519.0,519.0,512.0,515.2,28913
LSRG,2023-04-13,515.2,517.0,510.0,515.0,29796
LSRG,2023-04-14,515.0,516.6,510.6,513.2,20165
LSRG,2023-04-17,516.0,522.0,513.8,519.6,70234
LSRG,2023-04-18,522.2,522.8,515.2,517.6,54686
LSRG,2023-04-19,518.2,519.6,510.0,513.6,78040
LSRG,2023-04-20,513.6,522.4,506.2,511.8,43061
LSRG,2023-04-21,513.4,514.8,507.0,513.4,47179
LSRG,2023-04-24,513.6,548.0,511.6,544.4,658202
LSRG,2023-04-25,545.0,575.0,545.0,566.8,1129038
LSRG,2023-04-26,571.4,596.8,555.2,588.0,719920
LSRG,2023-04-27,593.2,608.0,570.4,576.8,636967
LSRG,2023-04-28,582.4,590.4,566.0,590.0,369168
LSRG,2023-05-02,590.0,592.0,547.4,561.2,294006
LSRG,2023-05-03,562.0,563.8,531.0,534.2,271989
LSRG,2023-05-04,534.0,556.0,533.2,542.6,150407
LSRG,2023-05-05,547.8,548.0,538.0,541.0,65747
LSRG,2023-05-08,538.6,548.6,525.6,533.0,123240
LSRG,2023-05-10,530.4,561.0,526.0,553.0,177012
LSRG,2023-05-11,554.8,580.0,553.2,575.4,188306
LSRG,2023-05-12,568.6,572.8,558.6,562.2,100138
LSRG,2023-05-15,560.0,575.0,556.4,568.2,258214
LSRG,2023-05-16,569.0,575.0,564.0,570.6,64261
LSRG,2023-05-17,572.0,585.0,567.0,576.0,79949
LSRG,2023-05-18,575.0,579.8,570.2,572.2,54386
LSRG,2023-05-19,629.4,772.2,629.4,675.4,3298008
LSRG,2023-05-22,675.2,694.0,662.2,668.0,493703
LSRG,2023-05-23,674.8,675.0,655.6,667.0,172237
LSRG,2023-05-24,667.0,680.6,666.2,678.4,183182
LSRG,2023-05-25,685.0,686.0,676.0,682.2,128841
LSRG,2023-05-26,682.2,708.0,682.2,698.8,297752
LSRG,2023-05-29,706.8,736.8,703.6,727.0,372398
LSRG,2023-05-30,725.0,750.0,720.0,731.6,406206
LSRG,2023-05-31,731.6,744.2,723.0,738.0,166291
LSRG,2023-06-01,740.0,752.6,739.4,745.0,173627
LSRG,2023-06-02,743.8,768.0,743.0,765.0,219378
LSRG,2023-06-05,770.0,799.0,742.0,763.0,542979
LSRG,2023-06-06,762.0,790.0,746.0,773.2,294429
LSRG,2023-06-07,775.0,780.0,770.0,774.4,129671
LSRG,2023-06-08,774.2,776.0,750.2,767.4,121491
LSRG,2023-06-09,767.4,781.8,766.2,777.0,126049
LSRG,2023-06-13,779.8,789.8,777.0,783.6,124702
LSRG,2023-06-14,783.6,789.2,775.0,781.6,125482
LSRG,2023-06-15,781.8,783.2,778.0,783.0,93521
LSRG,2023-06-16,783.2,794.6,781.0,794.0,161780
LSRG,2023-06-19,798.0,841.2,794.0,822.0,820272
LSRG,2023-06-20,825.0,849.6,805.0,832.0,585597
LSRG,2023-06-21,837.2,844.0,825.0,837.2,218057
LSRG,2023-06-22,841.4,841.4,833.8,838.4,96734
LSRG,2023-06-23,838.4,840.0,830.6,839.8,143556
LSRG,2023-06-26,830.0,841.8,796.0,827.2,437099
LSRG,2023-06-27,839.0,858.0,831.8,845.8,627126
LSRG,2023-06-28,848.0,867.0,845.8,866.4,462777
LSRG,2023-06-29,871.0,879.8,866.4,878.0,291819
LSRG,2023-06-30,879.8,880.0,865.0,869.0,249286
LSRG,2023-07-03,877.6,877.6,802.2,811.0,991117
LSRG,2023-07-04,806.0,813.2,766.6,793.4,925116
LSRG,2023-07-05,785.0,797.2,770.2,790.6,666675
LSRG,2023-07-06,711.6,715.8,676.0,689.0,1877828
LSRG,2023-07-07,685.0,714.6,680.6,710.6,788226
LSRG,2023-07-10,710.6,743.4,710.6,734.0,896711
LSRG,2023-07-11,734.2,741.4,725.0,728.2,295644
LSRG,2023-07-12,728.4,737.0,726.0,732.6,171842
LSRG,2023-07-13,732.8,744.8,726.2,729.6,307109
LSRG,2023-07-14,729.4,734.0,725.0,730.0,158329
LSRG,2023-07-17,729.4,736.6,713.0,725.6,311984
LSRG,2023-07-18,725.6,727.8,716.2,723.8,216778
LSRG,2023-07-19,724.0,726.2,720.0,721.8,172609
LSRG,2023-07-20,721.8,723.8,701.0,704.4,233295
LSRG,2023-07-21,704.4,718.4,692.4,704.2,461231
LSRG,2023-07-24,712.0,727.0,705.0,722.6,308377
LSRG,2023-07-25,725.4,739.8,725.0,733.2,370771
LSRG,2023-07-26,738.4,776.2,723.2,770.0,1665213
LSRG,2023-07-27,773.4,794.4,753.8,781.4,709894
LSRG,2023-07-28,792.0,792.0,764.8,767.0,257463
LSRG,2023-07-31,772.4,788.0,770.2,774.6,192664
LSRG,2023-08-01,774.6,793.8,765.0,781.0,496946
LSRG,2023-08-02,788.0,788.0,772.0,777.8,165853
LSRG,2023-08-03,772.0,805.0,763.2,786.0,337704
LSRG,2023-08-04,786.0,791.2,757.4,763.6,433848
LSRG,2023-08-07,769.0,775.0,763.6,765.4,123567
LSRG,2023-08-08,765.4,767.4,741.2,759.8,235326
LSRG,2023-08-09,765.0,776.0,759.2,772.0,161110
LSRG,2023-08-10,772.0,778.0,760.4,765.6,84084
LSRG,2023-08-11,770.0,770.8,758.0,768.4,123036
LSRG,2023-08-14,770.0,791.0,766.2,778.4,499203
LSRG,2023-08-15,764.6,776.4,742.4,766.0,343027
LSRG,2023-08-16,763.6,764.8,716.0,730.0,394315
LSRG,2023-08-17,735.0,737.8,709.6,720.0,251756
LSRG,2023-08-18,719.8,736.6,712.4,736.0,152439
LSRG,2023-08-21,738.0,758.0,735.4,752.8,197147
LSRG,2023-08-22,753.0,770.0,753.0,758.4,165702
LSRG,2023-08-23,760.0,762.8,741.2,748.4,291802
LSRG,2023-08-24,743.2,753.2,736.0,750.8,121678
LSRG,2023-08-25,750.8,762.6,746.2,746.8,117028
LSRG,2023-08-28,760.0,790.0,752.0,773.0,479669
LSRG,2023-08-29,780.0,780.0,754.4,768.6,243387
LSRG,2023-08-30,762.0,767.0,752.8,754.6,132149
LSRG,2023-08-31,754.8,758.0,743.0,748.2,113603
LSRG,2023-09-01,748.2,757.0,746.0,756.8,124947
LSRG,2023-09-04,753.6,781.6,753.6,773.4,304521
LSRG,2023-09-05,773.4,785.0,760.2,774.0,255590
LSRG,2023-09-06,773.4,777.0,760.0,766.0,134743
LSRG,2023-09-07,766.8,766.8,711.0,731.0,381427
LSRG,2023-09-08,731.0,743.8,711.0,742.4,166531
LSRG,2023-09-11,742.4,748.8,715.2,717.6,112777
LSRG,2023-09-12,717.0,732.0,716.2,729.8,126033
LSRG,2023-09-13,729.8,740.0,721.2,724.6,71171
LSRG,2023-09-14,722.4,724.4,670.0,707.2,300358
LSRG,2023-09-15,707.0,726.0,682.6,725.0,426258
LSRG,2023-09-18,725.2,739.6,720.2,725.4,146710
LSRG,2023-09-19,722.0,730.0,690.0,703.4,256858
LSRG,2023-09-20,700.4,701.8,651.4,664.0,795838
LSRG,2023-09-21,660.0,660.0,630.4,630.8,404710
LSRG,2023-09-22,630.2,652.0,619.0,651.2,330000
LSRG,2023-09-25,657.2,678.0,636.8,665.4,229030
LSRG,2023-09-26,665.2,673.0,654.8,664.2,103624
LSRG,2023-09-27,664.4,697.6,664.4,694.2,334521
LSRG,2023-09-28,692.0,710.0,686.0,691.6,244587
LSRG,2023-09-29,692.0,718.6,690.0,705.4,183180
LSRG,2023-10-02,705.4,718.4,687.0,691.2,154807
LSRG,2023-10-03,693.6,698.4,672.4,686.8,254690
LSRG,2023-10-04,687.6,695.4,675.8,679.6,111460
LSRG,2023-10-05,679.6,683.0,668.0,681.2,100460
LSRG,2023-10-06,679.6,697.0,678.8,696.8,69014
LSRG,2023-10-09,696.8,705.0,691.8,691.8,85571
LSRG,2023-10-10,696.4,713.0,683.4,711.8,177420
LSRG,2023-10-11,713.4,728.0,702.8,711.0,175885
LSRG,2023-10-12,702.2,720.0,685.0,720.0,112080
LSRG,2023-10-13,724.0,728.0,716.2,721.4,59485
LSRG,2023-10-16,721.6,744.6,716.6,742.6,210134
LSRG,2023-10-17,743.0,750.0,736.0,739.0,85485
LSRG,2023-10-18,739.0,744.6,727.2,729.8,121239
LSRG,2023-10-19,727.8,734.0,718.4,727.8,97486
LSRG,2023-10-20,727.0,746.2,721.2,728.2,185625
LSRG,2023-10-23,730.0,739.6,725.6,737.6,82236
LSRG,2023-10-24,737.0,739.4,729.0,730.0,34014
LSRG,2023-10-25,729.2,746.0,725.2,741.2,90950
LSRG,2023-10-26,742.6,763.8,712.4,714.0,205211
LSRG,2023-10-27,713.8,719.2,686.4,709.0,164996
LSRG,2023-10-30,709.0,725.0,690.4,692.8,269288
LSRG,2023-10-31,692.8,695.8,661.0,664.6,433778
LSRG,2023-11-01,662.8,679.6,653.2,670.4,222325
LSRG,2023-11-02,671.6,682.2,668.0,675.0,133447
LSRG,2023-11-03,674.8,680.0,665.6,677.4,57857
LSRG,2023-11-06,677.4,680.8,668.2,675.6,64671
LSRG,2023-11-07,677.4,719.0,672.8,693.0,229229
LSRG,2023-11-08,693.0,705.8,690.6,696.2,100954
LSRG,2023-11-09,696.2,704.0,690.0,701.2,93236
LSRG,2023-11-10,699.2,712.0,693.0,707.4,78754
LSRG,2023-11-13,707.4,712.0,695.0,696.8,88236
LSRG,2023-11-14,698.0,698.0,672.4,677.6,129109
LSRG,2023-11-15,676.0,694.0,669.2,686.2,117156
LSRG,2023-11-16,685.0,715.0,683.0,688.6,149038
LSRG,2023-11-17,687.0,697.0,678.2,684.0,77087
LSRG,2023-11-20,683.0,695.2,683.0,690.6,65982
LSRG,2023-11-21,684.8,690.6,682.0,684.8,23091
LSRG,2023-11-22,685.0,685.0,679.4,680.0,25818
LSRG,2023-11-23,680.0,680.6,655.2,661.0,54896
LSRG,2023-11-24,661.0,674.4,658.0,672.2,74283
LSRG,2023-11-27,670.4,672.0,641.2,651.6,104935
LSRG,2023-11-28,651.0,655.0,640.4,650.0,68766
LSRG,2023-11-29,650.0,675.6,643.6,668.6,107774
LSRG,2023-11-30,662.8,673.8,655.4,657.4,39738
LSRG,2023-12-01,655.0,664.4,641.4,647.2,95825
LSRG,2023-12-04,647.0,675.2,632.2,637.6,120453
LSRG,2023-12-05,641.6,657.6,626.0,636.8,186169
LSRG,2023-12-06,636.0,644.0,605.0,615.0,181927
LSRG,2023-12-07,609.2,630.0,595.2,622.0,308946
LSRG,2023-12-08,624.0,639.8,617.2,638.0,157913
LSRG,2023-12-11,638.0,645.0,623.0,634.2,118507
LSRG,2023-12-12,636.4,649.8,629.0,643.2,89760
LSRG,2023-12-13,643.0,665.0,640.2,656.6,101624
LSRG,2023-12-14,654.8,663.0,626.0,628.8,144859
LSRG,2023-12-15,625.2,654.8,622.6,652.2,101403
LSRG,2023-12-18,650.4,660.0,641.4,648.0,82574
LSRG,2023-12-19,645.0,658.0,645.0,656.6,56980
LSRG,2023-12-20,656.6,661.6,650.0,652.4,43642
LSRG,2023-12-21,653.0,653.0,631.6,639.2,67434
LSRG,2023-12-22,639.6,651.0,638.2,643.8,37297
LSRG,2023-12-25,643.8,655.0,643.8,644.8,39654
LSRG,2023-12-26,644.8,648.6,625.0,632.6,80675
LSRG,2023-12-27,632.6,648.0,624.2,629.2,89882
LSRG,2023-12-28,629.2,631.6,613.4,621.8,100878
LSRG,2023-12-29,621.6,654.0,620.0,650.0,183382
LSRG,2024-01-03,650.0,660.2,643.4,655.4,48998
LSRG,2024-01-04,657.2,659.6,640.2,652.2,41316
LSRG,2024-01-05,652.4,654.6,646.0,649.6,20774
LSRG,2024-01-08,646.2,682.4,646.2,679.2,283540
LSRG,2024-01-09,680.0,695.0,669.4,680.0,158578
LSRG,2024-01-10,680.0,705.0,677.4,694.8,259428
LSRG,2024-01-11,694.8,698.4,684.0,684.6,91082
LSRG,2024-01-12,685.0,693.4,681.6,685.0,63925
LSRG,2024-01-15,689.4,691.8,676.0,681.2,68927
LSRG,2024-01-16,684.0,723.8,681.6,720.0,475433
LSRG,2024-01-17,718.6,733.4,711.0,714.8,375729
LSRG,2024-01-18,719.0,724.8,711.8,719.4,65105
LSRG,2024-01-19,722.6,727.6,712.8,719.4,154076
LSRG,2024-01-22,729.8,754.8,724.4,753.4,483044
LSRG,2024-01-23,753.4,757.0,745.4,751.0,187002
LSRG,2024-01-24,749.2,750.0,741.0,749.8,128410
LSRG,2024-01-25,748.0,761.0,738.4,758.4,127094
LSRG,2024-01-26,758.0,758.2,744.2,744.6,154534
LSRG,2024-01-29,743.2,750.2,743.2,748.4,70431
LSRG,2024-01-30,748.6,753.0,741.4,744.0,110812
LSRG,2024-01-31,741.2,747.0,727.2,733.0,148116
LSRG,2024-02-01,732.2,736.8,729.8,735.8,75863
LSRG,2024-02-02,735.8,764.0,733.4,763.0,369131
LSRG,2024-02-05,763.0,771.4,746.0,752.4,198138
LSRG,2024-02-06,755.0,765.0,745.0,757.4,169315
LSRG,2024-02-07,757.4,773.0,753.0,770.0,201607
LSRG,2024-02-08,770.2,776.0,755.0,761.2,153006
LSRG,2024-02-09,765.0,768.0,748.0,750.4,182870
LSRG,2024-02-12,752.2,778.8,752.0,773.0,266400
LSRG,2024-02-13,775.0,804.8,774.2,790.0,315097
LSRG,2024-02-14,789.4,830.0,785.6,810.0,834486
LSRG,2024-02-15,803.2,839.6,795.0,817.4,631467
LSRG,2024-02-16,817.4,829.8,800.4,817.4,326778
LSRG,2024-02-19,817.4,827.0,796.4,800.0,190896
LSRG,2024-02-20,798.0,798.0,781.4,794.4,239530
LSRG,2024-02-21,780.4,788.2,760.6,770.0,283256
LSRG,2024-02-22,765.2,809.0,765.2,806.6,388050
LSRG,2024-02-26,839.0,877.8,822.2,877.8,1471928
LSRG,2024-02-27,875.0,966.0,864.0,966.0,3154748
LSRG,2024-02-28,974.0,1056.6,968.0,1010.0,10638000
LSRG,2024-02-29,1010.0,1027.8,971.4,983.4,3456619
LSRG,2024-03-01,980.0,997.8,963.8,984.4,2037177
LSRG,2024-03-04,985.0,1022.8,981.0,992.0,1289421
LSRG,2024-03-05,995.0,1013.8,972.2,1000.0,1300250
LSRG,2024-03-06,1003.0,1027.0,993.0,997.8,1550242
LSRG,2024-03-07,987.4,998.0,976.0,983.0,851008
LSRG,2024-03-11,985.0,1005.0,978.2,991.0,699187
LSRG,2024-03-12,991.2,991.2,977.4,987.0,461553
LSRG,2024-03-13,990.8,997.8,981.6,991.0,434734
LSRG,2024-03-14,994.8,1023.2,982.4,1005.0,2662002
LSRG,2024-03-15,1005.2,1034.4,895.0,924.4,5791830
LSRG,2024-03-18,925.0,942.0,900.0,932.8,1507509
LSRG,2024-03-19,934.0,941.8,922.4,934.8,887508
LSRG,2024-03-20,941.2,948.2,930.4,945.0,658840
LSRG,2024-03-21,948.8,949.0,936.8,940.6,207942
LSRG,2024-03-22,957.0,957.0,938.0,945.0,216206
LSRG,2024-03-25,940.0,946.0,911.0,942.4,369814
LSRG,2024-03-26,942.0,946.0,932.0,937.0,191875
LSRG,2024-03-27,937.0,939.6,923.6,929.2,192843
LSRG,2024-03-28,932.0,989.0,926.0,969.4,801658
LSRG,2024-03-29,970.0,983.6,952.0,970.0,589505
LSRG,2024-04-01,979.4,1000.0,970.2,996.8,505716
LSRG,2024-04-02,997.0,1014.8,994.0,1000.6,413652
LSRG,2024-04-03,1008.0,1008.0,993.2,1002.2,218625
LSRG,2024-04-04,1003.8,1018.0,1002.4,1017.0,296582
LSRG,2024-04-05,1016.0,1029.6,1006.2,1022.0,528295
LSRG,2024-04-08,1026.8,1088.4,1025.8,1084.4,1259949
LSRG,2024-04-09,1088.8,1132.2,1080.2,1126.0,2156346
LSRG,2024-04-10,1130.2,1149.0,1121.0,1148.0,1216333
LSRG,2024-04-11,1150.0,1164.6,1113.4,1130.0,1024165
LSRG,2024-04-12,1130.0,1140.0,1067.2,1117.6,770383
LSRG,2024-04-15,1117.6,1152.0,1117.6,1136.0,731502
LSRG,2024-04-16,1137.0,1142.8,1122.0,1135.8,263241
LSRG,2024-04-17,1136.0,1144.0,1105.6,1119.0,594787
LSRG,2024-04-18,1130.0,1139.8,1091.2,1122.0,582654
LSRG,2024-04-19,1122.4,1129.8,1110.0,1114.8,315403
LSRG,2024-04-22,1107.6,1125.8,1107.6,1118.2,239295
LSRG,2024-04-23,1114.8,1118.0,1091.0,1095.0,493024
LSRG,2024-04-24,1093.0,1107.6,1066.4,1106.8,685401
LSRG,2024-04-25,1109.8,1122.8,1093.2,1113.4,493282
LSRG,2024-04-26,1117.2,1119.6,1105.0,1114.6,253432
LSRG,2024-04-27,1116.0,1128.0,1109.2,1121.0,524297
LSRG,2024-04-29,1121.6,1130.0,1107.4,1121.2,482424
LSRG,2024-04-30,1121.2,1146.8,1110.4,1139.6,954573
LSRG,2024-05-02,1025.6,1025.6,968.8,969.0,2688908
LSRG,2024-05-03,967.0,968.0,924.8,943.8,2213026
LSRG,2024-05-06,943.8,953.0,930.0,942.0,608811
LSRG,2024-05-07,942.0,955.4,939.0,946.6,231849
LSRG,2024-05-08,946.6,949.8,936.4,943.0,152277
LSRG,2024-05-10,943.2,943.4,937.2,940.6,73500
LSRG,2024-05-13,940.6,942.8,926.0,934.0,167021
LSRG,2024-05-14,931.0,944.6,930.4,943.0,182491
LSRG,2024-05-15,943.0,952.0,931.0,938.2,219486
LSRG,2024-05-16,938.2,944.4,926.4,942.0,213554
LSRG,2024-05-17,945.0,947.0,932.6,939.2,129809
LSRG,2024-05-20,939.2,941.6,892.6,900.4,454170
LSRG,2024-05-21,900.4,901.2,875.6,885.6,432488
LSRG,2024-05-22,886.8,890.2,848.6,859.2,393845
LSRG,2024-05-23,856.8,856.8,834.0,845.0,575617
LSRG,2024-05-24,845.0,845.0,796.2,802.4,1074644
LSRG,2024-05-27,800.0,805.0,772.0,780.0,821484
LSRG,2024-05-28,782.6,816.0,775.0,787.6,621753
LSRG,2024-05-29,789.0,803.4,780.0,791.4,256274
LSRG,2024-05-30,792.0,819.6,787.2,803.4,429091
LSRG,2024-05-31,798.0,799.6,774.2,779.4,396771
LSRG,2024-06-03,779.4,803.0,738.0,780.2,464231
LSRG,2024-06-04,781.8,805.0,776.0,798.0,220519
LSRG,2024-06-05,805.0,849.0,800.8,820.8,854662
LSRG,2024-06-06,820.0,827.0,800.6,803.0,304501
LSRG,2024-06-07,806.2,843.8,804.6,813.0,402852
LSRG,2024-06-10,817.0,828.4,796.2,798.0,191577
LSRG,2024-06-11,798.0,799.0,765.0,777.6,286914
LSRG,2024-06-13,735.0,793.2,726.4,783.2,279038
LSRG,2024-06-14,786.2,823.0,777.4,818.8,343307
LSRG,2024-06-17,823.8,823.8,791.6,795.8,237912
LSRG,2024-06-18,796.0,796.8,762.0,769.6,220939
LSRG,2024-06-19,769.0,787.0,745.0,764.4,323110
LSRG,2024-06-20,764.6,779.0,751.0,761.4,254574
LSRG,2024-06-21,764.4,780.0,758.4,767.4,142861
LSRG,2024-06-24,764.2,782.6,759.6,764.6,161933
LSRG,2024-06-25,762.2,764.6,750.6,754.2,72510
LSRG,2024-06-26,759.0,766.2,753.0,759.8,78731
LSRG,2024-06-27,760.0,764.8,736.0,738.6,144798
LSRG,2024-06-28,738.6,747.0,734.0,737.2,72494
LSRG,2024-07-01,731.2,760.0,730.6,758.0,196881
LSRG,2024-07-02,759.4,773.8,749.0,764.2,176663
LSRG,2024-07-03,764.2,776.8,754.0,760.0,157100
LSRG,2024-07-04,757.0,763.2,733.2,747.0,261234
LSRG,2024-07-05,744.6,748.8,735.0,745.8,127271
LSRG,2024-07-08,740.2,745.0,719.8,725.0,173501
LSRG,2024-07-09,715.0,728.0,707.2,715.0,239394
LSRG,2024-07-10,723.0,723.0,678.2,680.0,156867
LSRG,2024-07-11,688.0,725.8,675.6,720.8,185269
LSRG,2024-07-12,721.0,729.8,702.0,716.2,129259
LSRG,2024-07-15,720.0,721.2,692.0,699.8,90241
LSRG,2024-07-16,699.6,736.8,689.6,719.8,124537
LSRG,2024-07-17,723.0,729.8,691.6,696.4,211921
LSRG,2024-07-18,696.4,715.0,691.4,713.0,101793
LSRG,2024-07-19,713.4,725.0,709.0,717.0,69847
LSRG,2024-07-22,720.0,745.0,719.2,744.0,190546
LSRG,2024-07-23,744.4,744.4,731.4,738.6,60197
LSRG,2024-07-24,739.0,781.4,732.6,778.0,527852
LSRG,2024-07-25,770.0,779.8,756.6,760.0,251605
LSRG,2024-07-26,761.8,771.4,729.4,748.0,248187
LSRG,2024-07-29,742.0,742.8,722.0,725.0,128017
LSRG,2024-07-30,724.2,749.2,722.6,735.4,120728
LSRG,2024-07-31,736.0,744.4,725.8,732.8,75871
LSRG,2024-08-01,732.8,740.8,732.8,737.0,47363
LSRG,2024-08-02,737.0,737.0,715.0,722.4,127963
LSRG,2024-08-05,708.8,717.8,690.0,699.2,120466
LSRG,2024-08-06,694.4,724.6,694.4,710.0,92171
LSRG,2024-08-07,707.6,713.2,697.0,713.0,99591
LSRG,2024-08-08,712.0,719.8,703.0,703.2,37036
LSRG,2024-08-09,700.0,709.8,695.0,701.6,39904
LSRG,2024-08-12,701.0,701.0,676.0,692.0,157498
LSRG,2024-08-13,692.0,726.2,688.6,720.4,176318
LSRG,2024-08-14,720.2,730.0,697.8,704.8,219686
LSRG,2024-08-15,703.0,715.6,696.8,712.2,223408
LSRG,2024-08-16,709.8,714.0,705.0,710.2,51979
LSRG,2024-08-19,710.0,716.8,703.2,703.6,74319
LSRG,2024-08-20,703.6,710.0,699.0,703.8,57462
LSRG,2024-08-21,703.8,708.8,700.8,702.0,54077
LSRG,2024-08-22,702.0,704.2,657.0,657.4,214295
LSRG,2024-08-23,659.2,674.8,640.2,666.0,369667
LSRG,2024-08-26,678.6,696.8,662.0,663.2,253456
LSRG,2024-08-27,664.0,680.0,661.2,667.2,113653
LSRG,2024-08-28,667.2,690.0,650.2,675.0,301213
LSRG,2024-08-29,675.0,680.0,649.2,667.8,114601
LSRG,2024-08-30,661.8,672.8,645.4,649.8,64974
LSRG,2024-09-02,646.6,646.6,581.0,609.0,375011
LSRG,2024-09-03,608.0,626.4,587.0,591.4,224782
LSRG,2024-09-04,590.0,619.8,590.0,617.2,91516
LSRG,2024-09-05,620.4,650.0,620.4,647.8,189100
LSRG,2024-09-06,640.6,646.0,624.0,631.2,82962
LSRG,2024-09-09,633.8,651.0,632.0,651.0,90165
LSRG,2024-09-10,651.2,659.8,642.0,642.8,87949
LSRG,2024-09-11,640.0,648.8,617.0,625.2,202704
LSRG,2024-09-12,613.4,623.8,606.0,622.8,92899
LSRG,2024-09-13,617.0,629.0,602.4,625.4,191711
LSRG,2024-09-16,628.0,647.0,621.0,645.4,144596
LSRG,2024-09-17,645.2,659.0,640.0,659.0,147559
LSRG,2024-09-18,659.8,682.0,656.2,666.4,305196
LSRG,2024-09-19,666.6,669.0,655.0,667.0,134559
LSRG,2024-09-20,667.0,675.6,664.0,672.0,83486
LSRG,2024-09-23,673.4,711.0,673.4,704.8,296405
LSRG,2024-09-24,711.6,714.8,678.8,685.8,322847
LSRG,2024-09-25,686.0,700.0,674.2,685.4,277993
LSRG,2024-09-26,680.0,686.0,667.4,672.4,126043
LSRG,2024-09-27,672.8,687.6,671.0,686.8,126297
LSRG,2024-09-30,690.2,703.4,689.6,698.0,157298
LSRG,2024-10-01,695.0,700.0,685.0,687.0,91666
LSRG,2024-10-02,685.8,702.6,685.8,686.0,186092
LSRG,2024-10-03,684.0,697.8,675.8,693.6,190001
LSRG,2024-10-04,695.2,714.6,689.0,711.8,326382
LSRG,2024-10-07,715.0,723.0,706.2,721.4,278603
LSRG,2024-10-08,722.0,729.0,701.0,702.2,282161
LSRG,2024-10-09,702.2,705.8,691.2,693.4,108316
LSRG,2024-10-10,692.0,710.8,692.0,709.4,208945
LSRG,2024-10-11,710.0,715.6,698.6,713.6,100179
LSRG,2024-10-14,713.2,713.4,701.0,705.0,131748
LSRG,2024-10-15,703.8,713.0,700.6,708.2,53425
LSRG,2024-10-16,708.2,712.4,699.0,701.0,37687
LSRG,2024-10-17,702.0,704.6,692.0,699.6,102927
LSRG,2024-10-18,700.0,707.2,696.0,705.6,132531
LSRG,2024-10-21,702.0,713.2,700.8,709.2,79655
LSRG,2024-10-22,709.6,712.0,704.0,709.2,67839
LSRG,2024-10-23,708.0,717.0,696.0,712.0,149439
LSRG,2024-10-24,708.6,720.0,705.0,713.0,459084
LSRG,2024-10-25,711.0,718.0,692.0,700.0,628548
LSRG,2024-10-28,690.0,704.4,681.6,694.8,575797
LSRG,2024-10-29,699.8,711.8,692.4,707.8,404415
LSRG,2024-10-30,712.0,744.6,709.2,720.0,862393
LSRG,2024-10-31,705.8,709.4,690.4,702.2,734172
LSRG,2024-11-01,701.4,719.0,697.2,719.0,523540
LSRG,2024-11-02,719.0,727.6,713.0,722.2,177758
LSRG,2024-11-05,720.0,729.6,713.0,718.6,379462
LSRG,2024-11-06,729.6,752.0,716.0,737.4,382141
LSRG,2024-11-07,733.0,736.6,721.6,736.0,173548
LSRG,2024-11-08,737.2,745.8,724.2,727.4,142773
LSRG,2024-11-11,733.8,748.0,731.6,745.8,257600
LSRG,2024-11-12,746.0,789.8,739.2,786.6,626652
LSRG,2024-11-13,782.4,782.4,765.6,770.6,388109
LSRG,2024-11-14,766.0,796.0,757.6,786.2,331412
LSRG,2024-11-15,784.0,802.2,763.2,772.0,493916
LSRG,2024-11-18,770.0,808.0,758.6,806.8,414598
LSRG,2024-11-19,802.0,805.6,770.2,773.6,450096
LSRG,2024-11-20,774.0,787.2,761.2,766.4,253293
LSRG,2024-11-21,754.8,765.2,741.2,742.6,260063
LSRG,2024-11-22,749.2,759.4,734.6,754.0,114132
LSRG,2024-11-25,753.0,755.4,737.4,748.4,124210
LSRG,2024-11-26,744.4,758.4,705.0,710.0,278735
LSRG,2024-11-27,704.2,710.4,651.2,698.8,754592
LSRG,2024-11-28,715.0,730.0,705.0,728.0,369818
LSRG,2024-11-29,728.0,735.0,718.4,729.0,133770
LSRG,2024-12-02,730.0,732.6,717.8,730.0,100496
LSRG,2024-12-03,728.0,728.2,703.4,707.4,120365
LSRG,2024-12-04,702.0,745.0,702.0,719.0,473954
LSRG,2024-12-05,710.0,739.8,708.6,731.0,256545
LSRG,2024-12-06,735.0,745.0,721.6,739.0,143600
LSRG,2024-12-09,739.0,743.8,720.2,724.4,171056
LSRG,2024-12-10,723.0,727.4,710.0,713.2,109838
LSRG,2024-12-11,707.8,719.6,706.0,714.6,85042
LSRG,2024-12-12,716.0,720.0,711.6,714.4,89786
LSRG,2024-12-13,713.2,715.8,696.8,700.2,219975
LSRG,2024-12-16,693.2,698.4,661.8,661.8,260837
LSRG,2024-12-17,661.0,672.4,650.0,670.2,234252
LSRG,2024-12-18,672.0,687.4,663.4,680.0,129891
LSRG,2024-12-19,680.0,695.4,680.0,685.0,155475
LSRG,2024-12-20,685.2,819.0,673.8,782.6,605375
LSRG,2024-12-23,788.4,855.0,765.4,770.0,525916
LSRG,2024-12-24,770.0,770.6,748.0,756.2,97222
LSRG,2024-12-25,754.0,783.6,748.0,783.0,170906
LSRG,2024-12-26,785.4,811.4,785.4,788.0,77611
LSRG,2024-12-27,783.0,788.6,775.2,784.6,50946
LSRG,2024-12-28,785.8,803.0,785.2,802.0,39259
LSRG,2024-12-30,807.0,838.8,807.0,835.4,90822
LSRG,2025-01-03,838.2,850.0,821.0,828.8,49339
LSRG,2025-01-06,825.0,825.0,801.6,810.4,38002
LSRG,2025-01-08,810.0,821.8,800.4,816.2,25430
LSRG,2025-01-09,819.4,820.0,792.0,793.0,66107
LSRG,2025-01-10,792.8,826.8,787.2,819.6,104721
LSRG,2025-01-13,819.6,827.0,810.2,815.4,60029
LSRG,2025-01-14,815.4,822.4,801.6,817.0,55028
LSRG,2025-01-15,818.0,819.8,809.2,815.0,27380
LSRG,2025-01-16,831.4,881.8,823.8,879.8,567729
LSRG,2025-01-17,874.8,927.0,861.0,914.0,1080918
LSRG,2025-01-20,923.0,953.0,886.0,893.0,422424
LSRG,2025-01-21,892.8,903.0,866.6,878.2,291776
LSRG,2025-01-22,885.0,885.0,856.0,863.6,247037
LSRG,2025-01-23,857.8,864.8,841.0,854.6,188661
LSRG,2025-01-24,861.0,893.0,861.0,885.8,464253
LSRG,2025-01-27,885.8,888.6,858.2,860.2,137361
LSRG,2025-01-28,860.0,888.6,848.4,883.0,163998
LSRG,2025-01-29,881.8,891.0,846.6,854.0,340325
LSRG,2025-01-30,854.2,867.4,854.2,860.2,127304
LSRG,2025-01-31,862.2,870.0,856.6,861.6,75472
LSRG,2025-02-03,852.0,870.0,848.4,861.2,110879
LSRG,2025-02-04,862.2,882.8,848.8,860.0,261623
LSRG,2025-02-05,852.0,864.0,840.6,858.8,117399
LSRG,2025-02-06,872.8,913.8,866.6,874.8,681309
LSRG,2025-02-07,876.0,890.0,864.4,876.0,96857
LSRG,2025-02-10,882.2,890.0,873.0,881.0,45791
LSRG,2025-02-11,881.0,890.0,857.0,872.2,86928
LSRG,2025-02-12,882.0,888.2,866.2,874.2,47962
LSRG,2025-02-13,918.0,920.0,882.6,893.4,101052
LSRG,2025-02-14,899.0,931.0,886.2,891.2,215411
LSRG,2025-02-17,902.4,908.6,892.0,904.4,46423
LSRG,2025-02-18,900.0,905.8,890.2,891.8,63775
LSRG,2025-02-19,890.0,899.6,878.4,888.8,36858
LSRG,2025-02-20,891.8,897.8,880.0,889.0,30051
LSRG,2025-02-21,888.6,906.0,885.6,903.2,40574
LSRG,2025-02-24,904.2,919.0,893.8,905.0,49718
LSRG,2025-02-25,910.0,948.0,903.0,905.8,396546
LSRG,2025-02-26,910.0,912.8,850.0,855.4,395289
LSRG,2025-02-27,854.0,859.0,817.6,827.8,137763
LSRG,2025-02-28,829.0,850.0,801.2,845.0,244028
LSRG,2025-03-03,836.0,838.8,820.0,828.8,61622
LSRG,2025-03-04,840.0,858.8,836.4,856.6,82904
LSRG,2025-03-05,859.0,888.8,857.0,858.2,239169
LSRG,2025-03-06,857.6,861.8,835.0,842.4,126942
LSRG,2025-03-07,845.4,867.0,840.4,845.0,118777
LSRG,2025-03-10,855.0,865.8,849.8,857.8,28906
LSRG,2025-03-11,857.8,882.4,836.0,844.0,257982
LSRG,2025-03-12,838.0,846.4,826.0,839.0,69318
LSRG,2025-03-13,830.4,849.0,826.0,842.2,39087
LSRG,2025-03-14,847.0,887.8,842.8,873.2,280825
LSRG,2025-03-17,895.0,905.0,883.0,896.8,222859
LSRG,2025-03-18,909.0,934.0,895.0,904.0,339147
LSRG,2025-03-19,904.0,908.6,880.2,901.2,217231
LSRG,2025-03-20,903.2,911.8,887.0,897.2,145145
LSRG,2025-03-21,897.2,905.8,882.8,889.0,121877
LSRG,2025-03-24,895.2,898.6,875.4,880.0,106002
LSRG,2025-03-25,882.0,894.2,875.0,886.0,49417
LSRG,2025-03-26,888.8,892.8,883.0,885.8,31044
LSRG,2025-03-27,882.6,882.6,860.4,864.2,141326
LSRG,2025-03-28,862.0,875.4,849.0,866.8,86886
LSRG,2025-03-31,866.8,880.0,855.6,865.2,43215
LSRG,2025-04-01,870.0,880.4,847.0,850.0,82222
LSRG,2025-04-02,850.0,869.0,834.6,847.0,108293
LSRG,2025-04-03,855.0,865.8,840.0,845.6,70038
LSRG,2025-04-04,852.0,856.8,840.0,843.0,71255
LSRG,2025-04-07,810.0,855.0,755.6,783.4,501714
LSRG,2025-04-08,798.2,814.8,788.4,801.8,99862
LSRG,2025-04-09,791.6,809.6,766.4,774.0,120544
LSRG,2025-04-10,835.0,838.4,777.0,784.8,282213
LSRG,2025-04-11,783.6,808.2,778.8,791.6,260822
LSRG,2025-04-14,792.4,830.0,791.2,803.0,339571
LSRG,2025-04-15,804.6,812.6,785.4,801.4,224274
LSRG,2025-04-16,802.8,803.8,789.2,798.0,184625
LSRG,2025-04-17,798.4,810.0,794.6,801.8,249227
LSRG,2025-04-18,801.6,804.6,794.4,800.8,150826
LSRG,2025-04-21,805.0,812.0,798.0,802.0,396152
LSRG,2025-04-22,800.0,809.0,798.2,802.2,246870
LSRG,2025-04-23,808.4,808.4,792.2,800.8,171290
LSRG,2025-04-24,802.0,816.0,800.6,808.4,387307
LSRG,2025-04-25,810.0,845.0,807.4,837.6,510352
LSRG,2025-04-28,850.6,885.0,848.0,869.8,2281368
LSRG,2025-04-29,786.2,795.8,768.0,780.2,1774323
LSRG,2025-04-30,782.0,783.0,764.8,777.2,291110
LSRG,2025-05-02,773.0,777.0,750.0,752.2,194205
LSRG,2025-05-05,745.0,748.0,696.6,709.2,760806
LSRG,2025-05-06,709.8,730.6,700.0,727.6,198866
LSRG,2025-05-07,727.6,744.0,718.6,730.4,172100
LSRG,2025-05-08,730.8,734.6,724.0,726.2,65361
LSRG,2025-05-12,727.0,759.0,721.0,757.8,281104
LSRG,2025-05-13,757.0,763.4,741.8,744.2,101694
LSRG,2025-05-14,742.6,756.0,727.4,732.0,149440
LSRG,2025-05-15,734.0,745.8,728.8,743.0,107746
LSRG,2025-05-16,743.2,763.4,735.0,755.0,153043
LSRG,2025-05-19,752.6,765.8,743.0,752.0,145572
LSRG,2025-05-20,752.0,759.8,745.4,750.2,65177
LSRG,2025-05-21,750.8,758.0,747.4,753.0,80579
LSRG,2025-05-22,753.0,776.2,739.4,763.8,270211
LSRG,2025-05-23,766.0,774.0,758.4,773.4,70331
LSRG,2025-05-26,767.4,772.8,750.0,758.0,69097
LSRG,2025-05-27,758.0,780.0,746.0,774.0,140688
LSRG,2025-05-28,775.0,792.2,774.4,791.6,145126
LSRG,2025-05-29,795.0,795.0,760.4,764.0,74415
LSRG,2025-05-30,764.0,774.8,757.0,764.8,61856
LSRG,2025-06-02,768.2,771.0,742.2,758.6,84727
LSRG,2025-06-03,767.6,778.8,764.0,776.8,114233
LSRG,2025-06-04,777.8,784.4,758.6,770.8,110898
LSRG,2025-06-05,769.2,780.2,768.6,779.0,65511
LSRG,2025-06-06,780.2,805.0,752.6,760.8,219054
LSRG,2025-06-09,751.8,765.0,733.4,745.2,96494
LSRG,2025-06-10,744.0,753.6,734.2,740.8,45634
LSRG,2025-06-11,743.0,745.8,734.0,736.2,31936
LSRG,2025-06-13,744.0,753.8,726.4,728.0,43239
LSRG,2025-06-16,728.2,735.6,713.6,722.0,69005
LSRG,2025-06-17,722.2,734.8,710.0,730.4,57664
LSRG,2025-06-18,739.0,756.4,734.2,748.0,161972
LSRG,2025-06-19,744.6,753.6,744.6,749.0,31315
LSRG,2025-06-20,749.0,754.2,735.0,744.6,55896
LSRG,2025-06-23,744.8,745.2,720.4,726.2,49794
LSRG,2025-06-24,729.0,744.4,720.0,742.0,85830
LSRG,2025-06-25,741.4,745.8,741.2,741.4,20011
LSRG,2025-06-26,742.8,764.4,740.0,753.6,157446
LSRG,2025-06-27,758.8,773.0,755.0,763.2,67574
LSRG,2025-06-30,764.6,781.2,747.0,775.8,153161
LSRG,2025-07-01,770.6,779.0,767.0,768.8,77162
LSRG,2025-07-02,767.0,775.4,765.0,767.0,43814
LSRG,2025-07-03,767.0,784.0,766.8,772.2,74453
LSRG,2025-07-04,770.4,775.2,754.8,756.8,37142
LSRG,2025-07-07,759.4,759.4,740.0,746.8,56730
LSRG,2025-07-08,745.4,748.4,738.0,741.6,52476
LSRG,2025-07-09,741.6,745.6,722.6,733.2,102722
LSRG,2025-07-10,732.4,742.6,730.6,733.0,61114
LSRG,2025-07-11,733.4,735.6,712.0,714.8,52743
LSRG,2025-07-14,714.0,758.8,712.2,752.6,129199
LSRG,2025-07-15,752.6,764.0,745.2,750.2,104129
LSRG,2025-07-16,749.2,771.6,744.2,766.8,154814
LSRG,2025-07-17,770.0,774.6,752.6,756.0,86667
LSRG,2025-07-18,758.8,767.8,748.2,764.0,105888
LSRG,2025-07-21,764.2,772.2,759.0,767.8,57235
LSRG,2025-07-22,767.6,776.8,761.6,771.8,44736
LSRG,2025-07-23,772.6,785.4,771.6,777.0,84238
LSRG,2025-07-24,777.8,789.0,773.4,781.2,115920
LSRG,2025-07-25,780.0,788.0,757.0,757.4,189816
LSRG,2025-07-28,757.4,774.2,743.6,759.8,238108
LSRG,2025-07-29,757.4,780.8,757.0,776.6,123242
LSRG,2025-07-30,778.0,780.6,761.6,764.6,58170
LSRG,2025-07-31,765.0,776.8,755.8,773.4,44283
LSRG,2025-08-01,773.0,787.8,763.0,769.8,71442
LSRG,2025-08-04,769.4,772.6,756.0,766.4,51349
LSRG,2025-08-05,771.0,774.4,764.6,768.4,20684
LSRG,2025-08-06,767.0,780.0,756.8,772.2,50471
LSRG,2025-08-07,772.2,784.4,765.0,771.0,56808
LSRG,2025-08-08,772.0,781.8,768.2,777.4,90296
LSRG,2025-08-11,778.0,824.0,778.0,813.6,517029
LSRG,2025-08-12,814.0,834.4,805.0,820.8,349619
LSRG,2025-08-13,825.4,828.0,791.2,801.8,120867
LSRG,2025-08-14,803.0,815.8,780.8,808.6,107994
LSRG,2025-08-15,808.6,810.8,795.8,799.0,56738
LSRG,2025-08-18,799.0,810.0,775.2,802.8,100012
LSRG,2025-08-19,803.0,818.2,801.4,807.0,72729
LSRG,2025-08-20,807.0,810.8,781.2,792.8,75879
LSRG,2025-08-21,793.0,797.0,774.0,775.6,71290
LSRG,2025-08-22,779.0,800.4,774.4,791.8,58282
LSRG,2025-08-25,791.8,800.4,781.6,796.0,57140
LSRG,2025-08-26,796.0,808.8,794.8,797.2,43175
LSRG,2025-08-27,797.2,805.4,797.2,801.2,26520
LSRG,2025-08-28,802.0,805.0,788.2,797.8,60360
LSRG,2025-08-29,801.6,804.0,783.6,797.2,72864
LSRG,2025-09-01,797.0,805.0,792.4,799.0,57660
LSRG,2025-09-02,800.0,802.6,779.0,789.2,47589
LSRG,2025-09-03,787.2,791.4,779.6,787.4,15627
LSRG,2025-09-04,784.4,790.0,784.0,784.6,23619
LSRG,2025-09-05,784.4,789.6,782.2,785.2,16778
LSRG,2025-09-08,784.8,800.0,782.8,797.2,39953
LSRG,2025-09-09,796.0,801.0,794.6,798.2,24305
LSRG,2025-09-10,798.0,799.8,790.6,791.4,22781
LSRG,2025-09-11,791.2,794.0,777.4,790.0,49216
LSRG,2025-09-12,788.0,791.6,750.8,753.2,142343
LSRG,2025-09-15,757.8,757.8,727.4,732.0,82176
LSRG,2025-09-16,732.2,746.2,729.0,739.4,36909
LSRG,2025-09-17,742.6,742.8,731.6,735.4,21224
LSRG,2025-09-18,737.4,741.4,719.6,722.4,38443
LSRG,2025-09-19,720.8,732.0,717.0,718.6,40833
LSRG,2025-09-22,718.8,722.4,706.6,715.0,47419
LSRG,2025-09-23,719.0,739.4,705.2,712.0,104977
LSRG,2025-09-24,712.0,728.4,702.0,724.2,80839
LSRG,2025-09-25,722.2,730.4,715.0,720.6,26006
LSRG,2025-09-26,721.0,725.0,712.0,718.8,15077
LSRG,2025-09-29,719.0,726.0,710.8,717.8,96154
LSRG,2025-09-30,721.8,744.8,713.4,734.0,89300
LSRG,2025-10-01,736.8,744.8,725.8,730.2,71434
LSRG,2025-10-02,730.4,730.4,710.6,713.2,58650
LSRG,2025-10-03,713.8,725.4,673.8,686.8,80119
LSRG,2025-10-06,686.6,706.6,669.0,702.8,88624
LSRG,2025-10-07,706.8,709.4,699.0,701.0,15774
LSRG,2025-10-08,704.0,709.6,664.4,680.0,125691
LSRG,2025-10-09,680.4,697.8,661.2,687.4,85173
LSRG,2025-10-10,687.2,699.0,674.4,677.2,32265
LSRG,2025-10-13,677.4,694.0,669.2,682.0,56899
LSRG,2025-10-14,686.4,692.8,671.0,674.4,27728
LSRG,2025-10-15,674.2,684.8,665.2,672.4,44822
LSRG,2025-10-16,672.0,710.0,670.2,709.8,77801
LSRG,2025-10-17,708.2,728.2,706.0,714.0,84260
LSRG,2025-10-20,714.4,771.2,714.4,750.0,183514
LSRG,2025-10-21,756.0,756.0,718.0,730.4,173694
LSRG,2025-10-22,727.2,745.2,709.0,717.4,119019
LSRG,2025-10-23,709.2,728.8,683.0,705.2,468253
LSRG,2025-10-24,705.2,717.8,689.0,703.0,312168
LSRG,2025-10-27,703.0,709.2,687.6,687.6,92403
LSRG,2025-10-28,687.6,701.4,684.2,698.2,30435
LSRG,2025-10-29,700.0,706.2,697.0,700.0,15771
LSRG,2025-10-30,700.0,715.4,697.0,712.0,49470
LSRG,2025-10-31,712.0,714.8,699.2,705.0,37789
LSRG,2025-11-01,707.4,710.2,702.0,703.2,8784
LSRG,2025-11-03,701.6,714.4,700.2,710.0,17253
LSRG,2025-11-05,710.0,713.4,695.4,698.0,60814
LSRG,2025-11-06,697.0,703.6,692.0,694.4,21090
LSRG,2025-11-07,694.2,700.0,693.4,699.4,32489
LSRG,2025-11-10,699.4,709.0,689.2,694.0,47776
LSRG,2025-11-11,695.8,699.2,689.2,697.0,63121
LSRG,2025-11-12,691.2,705.0,691.0,697.8,62082
LSRG,2025-11-13,697.0,703.0,693.2,697.6,22183
LSRG,2025-11-14,700.2,709.0,694.6,696.4,23553
LSRG,2025-11-17,696.2,708.0,692.4,695.2,49219
LSRG,2025-11-18,690.2,705.2,690.2,695.6,44401
LSRG,2025-11-19,699.8,707.0,692.4,700.0,88778
LSRG,2025-11-20,697.4,713.2,694.0,709.0,90276
LSRG,2025-11-21,703.8,713.2,700.0,709.8,57590
LSRG,2025-11-24,708.0,719.4,699.4,706.0,44736
LSRG,2025-11-25,708.6,714.6,702.8,710.0,38684
LSRG,2025-11-26,714.0,714.8,705.0,705.8,18667
LSRG,2025-11-27,707.2,708.0,684.2,693.6,65040
LSRG,2025-11-28,693.0,697.6,678.8,692.2,89622
LSRG,2025-12-01,694.6,699.0,690.0,693.2,42157
LSRG,2025-12-02,691.0,694.2,685.0,690.2,41540
LSRG,2025-12-03,686.8,688.4,676.6,681.2,44596
LSRG,2025-12-04,682.0,692.2,682.0,684.8,19134
LSRG,2025-12-05,686.6,701.0,681.0,689.0,121543
LSRG,2025-12-08,689.0,695.0,680.2,682.8,66380
LSRG,2025-12-09,685.0,690.2,680.6,687.2,28718
LSRG,2025-12-10,688.0,690.6,686.0,689.0,18289
LSRG,2025-12-11,689.0,696.2,684.6,689.4,68693
LSRG,2025-12-12,691.0,697.8,682.0,684.0,72500
LSRG,2025-12-15,684.6,694.0,682.4,692.0,70105
LSRG,2025-12-16,692.2,699.8,687.2,693.0,101113
LSRG,2025-12-17,694.4,699.0,686.8,691.4,80567
LSRG,2025-12-18,693.0,694.2,689.0,693.0,36040
LSRG,2025-12-19,692.0,694.6,681.0,684.0,112643
LSRG,2025-12-22,684.0,689.2,671.2,672.0,68147
LSRG,2025-12-23,672.2,676.6,664.2,668.8,79858
LSRG,2025-12-24,668.8,670.8,654.2,658.6,69189
LSRG,2025-12-25,659.0,662.0,634.8,640.2,173698
LSRG,2025-12-26,641.0,666.0,640.4,650.2,162207
LSRG,2025-12-29,659.2,661.6,646.0,649.0,151878
LSRG,2025-12-30,649.6,650.0,641.0,644.6,67461
LSRG,2026-01-05,645.0,653.0,638.0,649.0,49863
LSRG,2026-01-06,648.8,656.6,647.6,650.2,30346
LSRG,2026-01-08,648.8,657.2,638.0,652.6,58050
LSRG,2026-01-09,651.0,657.4,650.0,655.6,22307
LSRG,2026-01-12,656.0,687.0,651.0,676.4,204290
LSRG,2026-01-13,677.0,677.4,664.2,668.2,40065
LSRG,2026-01-14,670.0,691.6,662.0,689.6,212175
LSRG,2026-01-15,690.0,693.6,682.4,692.2,56097
LSRG,2026-01-16,689.0,697.8,686.4,696.2,100890
LSRG,2026-01-19,697.8,699.4,691.8,693.6,71922
LSRG,2026-01-20,693.6,696.8,684.8,691.8,61545
LSRG,2026-01-21,694.8,703.2,686.8,695.4,110119
LSRG,2026-01-22,696.4,703.8,693.2,700.4,107201
LSRG,2026-01-23,698.8,707.4,698.8,700.6,63672
LSRG,2026-01-26,700.6,706.4,697.2,698.2,74866
LSRG,2026-01-27,697.8,702.6,695.2,699.4,44666
LSRG,2026-01-28,698.6,706.6,698.6,700.0,57395
LSRG,2026-01-29,702.0,705.2,698.0,700.0,63097
LSRG,2026-01-30,699.2,702.2,688.2,693.8,81222
LSRG,2026-02-02,695.0,715.0,693.2,711.4,136765
LSRG,2026-02-03,712.0,727.0,711.0,724.8,146626
LSRG,2026-02-04,723.2,736.0,706.6,716.0,318794
LSRG,2026-02-05,714.0,714.0,701.0,706.8,125185
LSRG,2026-02-06,707.0,714.4,703.6,706.0,61885
LSRG,2026-02-09,705.6,709.2,690.0,693.8,122037
LSRG,2026-02-10,698.4,699.6,689.2,691.4,54811
LSRG,2026-02-11,690.6,705.0,689.8,702.2,57982
LSRG,2026-02-12,703.4,703.6,696.6,701.8,30683
LSRG,2026-02-13,701.8,712.8,698.2,706.0,113067
LSRG,2026-02-16,707.0,715.2,702.4,704.8,37899
LSRG,2026-02-17,710.0,711.0,703.0,707.0,32731
LSRG,2026-02-18,708.4,709.8,703.6,706.6,22100
LSRG,2026-02-19,706.6,715.0,702.8,704.6,63848
LSRG,2026-02-20,706.8,708.4,701.2,704.4,31315
LSRG,2026-02-24,704.6,714.6,701.2,704.4,89304
LSRG,2026-02-25,704.6,714.2,704.4,713.0,62018
LSRG,2026-02-26,714.2,722.4,704.4,708.8,71597
LSRG,2026-02-27,708.8,726.6,705.2,722.2,148906
LSRG,2026-03-02,722.2,722.6,705.0,711.4,91960
LSRG,2026-03-03,711.4,717.2,706.4,709.8,37466
LSRG,2026-03-04,710.2,712.8,693.6,705.6,86606
LSRG,2026-03-05,709.2,709.8,699.0,704.2,45692
LSRG,2026-03-06,703.0,706.4,699.0,703.6,66902
LSRG,2026-03-09,703.8,708.0,695.2,702.6,38854
LSRG,2026-03-10,703.0,712.8,702.4,705.4,59580
LSRG,2026-03-11,704.4,712.0,704.4,707.8,21746
LSRG,2026-03-12,706.0,710.0,706.0,707.8,13191
LSRG,2026-03-13,706.8,714.4,703.2,712.6,48989
LSRG,2026-03-16,712.0,712.6,702.4,710.8,44225
LSRG,2026-03-17,711.4,711.8,706.0,707.4,22265
LSRG,2026-03-18,707.0,715.6,706.2,711.6,41442
LSRG,2026-03-19,710.0,722.4,708.8,714.8,61838
LSRG,2026-03-20,714.8,721.8,712.8,713.2,43314
LSRG,2026-03-23,713.2,714.2,703.4,710.6,50535
LSRG,2026-03-24,707.0,716.4,694.0,697.0,76503
LSRG,2026-03-25,703.4,703.8,669.2,677.2,161456
LSRG,2026-03-26,675.8,689.8,672.4,677.8,121492
LSRG,2026-03-27,682.6,688.2,675.2,684.6,57304
LSRG,2026-03-30,683.0,690.6,664.0,666.6,110452
LSRG,2026-03-31,668.2,669.6,657.8,666.6,46459
LSRG,2026-04-01,665.4,689.6,664.2,678.8,113052
LSRG,2026-04-02,674.6,687.2,670.0,672.4,44074
LSRG,2026-04-03,670.6,684.4,669.0,678.0,33377
LSRG,2026-04-06,679.4,681.4,668.6,679.0,30197
LSRG,2026-04-07,681.2,681.4,671.2,674.4,23000
LSRG,2026-04-08,672.2,677.8,667.6,675.6,25152
LSRG,2026-04-09,673.0,678.4,668.0,669.0,25831
LSRG,2026-04-10,668.4,672.6,664.6,666.0,14140
LSRG,2026-04-13,665.8,676.2,640.0,660.0,79761
LSRG,2026-04-14,655.8,663.6,649.6,656.0,20742
LSRG,2026-04-15,656.0,677.0,650.0,670.0,87260
LSRG,2026-04-16,671.2,676.4,659.4,665.8,27346
LSRG,2026-04-17,665.8,669.8,658.0,662.6,17461
LSRG,2026-04-20,663.4,669.4,655.0,657.0,29154
LSRG,2026-04-21,657.0,658.8,645.2,651.6,23997
LSRG,2026-04-22,651.4,665.8,650.8,665.6,35152
LSRG,2026-04-23,665.0,672.6,661.4,665.2,37610
LSRG,2026-04-24,664.0,681.6,651.8,657.8,59032
LSRG,2026-04-27,659.4,659.6,649.2,652.8,26538
LSRG,2026-04-28,649.6,652.8,637.4,642.8,28035
LSRG,2026-04-29,642.6,645.0,606.8,623.8,166521
LSRG,2026-04-30,623.0,636.0,618.4,624.2,45176
LSRG,2026-05-04,624.2,634.4,621.0,626.0,23487
LSRG,2026-05-05,622.0,628.6,614.8,625.8,20098
LSRG,2026-05-06,625.8,629.0,617.6,623.4,9853
LSRG,2026-05-07,625.8,626.8,612.2,617.4,40087
LSRG,2026-05-08,617.2,622.4,613.0,619.4,18065
LSRG,2026-05-11,619.0,625.2,617.4,621.8,8910
LSRG,2026-05-12,622.8,635.0,615.8,626.8,26606
LSRG,2026-05-13,626.8,628.2,622.6,627.8,16906
LSRG,2026-05-14,627.8,635.8,621.2,621.8,32211
LSRG,2026-05-15,621.8,624.2,616.2,619.4,13675
LSRG,2026-05-18,615.6,618.0,609.0,609.8,30319
LSRG,2026-05-19,611.0,613.0,608.0,610.0,21910
LSRG,2026-05-20,610.0,612.0,595.2,599.6,72525
LSRG,2026-05-21,597.8,624.8,588.6,613.2,123272
LSRG,2026-05-22,613.6,614.0,602.6,606.4,50253
LSRG,2026-05-25,606.2,607.0,585.0,600.4,53334
LSRG,2026-05-26,599.4,601.8,587.0,596.2,30843
LSRG,2026-05-27,591.6,672.0,588.6,645.0,476122
LSRG,2026-05-28,645.6,655.0,637.0,647.4,237078
LSRG,2026-05-29,647.4,661.6,630.2,640.4,88155
LSRG,2026-06-01,640.0,655.4,637.2,645.8,54851
LSRG,2026-06-02,659.0,664.4,646.2,658.6,79260
LSRG,2026-06-03,659.0,680.0,644.6,664.4,142974
LSRG,2026-06-04,665.6,669.6,660.0,663.0,18364
LSRG,2026-06-05,663.4,665.0,657.4,661.4,13609
LSRG,2026-06-08,662.2,670.0,643.0,650.8,83521
LSRG,2026-06-09,647.2,657.4,632.8,645.6,60638
LSRG,2026-06-10,645.8,663.8,638.2,656.8,32746
LSRG,2026-06-11,657.6,664.0,646.8,655.6,24535
LSRG,2026-06-15,655.6,695.0,653.0,684.6,159516
LSRG,2026-06-16,684.6,700.0,662.8,680.0,310423
LSRG,2026-06-17,679.0,694.4,658.2,662.2,160131
LSRG,2026-06-18,662.2,663.4,634.0,641.6,134585
LSRG,2026-06-19,641.6,652.8,628.4,632.4,108485
LSRG,2026-06-22,634.6,635.0,597.0,602.6,171895
LSRG,2026-06-23,603.0,615.0,591.8,601.6,150475
LSRG,2026-06-24,601.8,609.4,569.6,583.0,144020
LSRG,2026-06-25,582.6,587.0,557.0,566.8,139487
LSRG,2026-06-26,563.2,580.0,552.0,571.0,146139
LSRG,2026-06-29,575.0,602.2,571.2,599.0,133995
LSRG,2026-06-30,599.0,623.4,597.6,614.4,132883
LSRG,2026-07-01,611.4,622.0,606.6,614.2,64236
LSRG,2026-07-02,614.4,619.0,590.0,600.2,77383
LSRG,2026-07-03,602.0,604.4,591.2,597.0,42113
LSRG,2026-07-06,601.6,605.6,565.2,577.8,107061
LSRG,2026-07-07,580.8,600.0,560.2,574.8,148777
LSRG,2026-07-08,578.4,581.6,566.8,578.8,40602
LSRG,2026-07-09,578.8,600.0,573.6,589.6,92434
LSRG,2026-07-10,588.0,604.8,575.4,582.4,286105
LSRG,2026-07-13,503.0,507.2,486.8,500.6,539871
LSRG,2026-07-14,501.4,503.0,496.4,498.4,43234
LSRG,2026-07-15,498.2,500.8,491.0,494.6,82066
LSRG,2026-07-16,494.8,494.8,470.0,471.2,167769
LSRG,2026-07-17,474.8,486.2,468.0,472.6,67580
LSRG,2026-07-20,473.6,513.0,468.4,508.4,117986
LSRG,2026-07-21,508.4,518.4,491.0,511.0,106679
LSRG,2026-07-22,511.0,536.4,500.2,521.6,146498
LSRG,2026-07-23,521.6,525.6,508.0,512.8,43267
LSRG,2026-07-24,512.8,544.0,497.6,541.8,152419
LSRG,2026-07-27,543.0,547.0,523.8,533.8,141739
LSRG,2026-07-28,532.8,542.6,524.8,527.8,78288
LSRG,2026-07-29,528.0,537.0,510.0,533.6,86028
LSRG,2026-07-30,533.8,547.0,530.2,539.4,84195
LSRG,2026-07-31,538.6,559.0,532.6,546.8,251729
LSRG,2026-08-03,550.4,564.8,550.4,563.0,137006
LSRG,2026-08-04,563.6,566.4,553.4,561.4,77903
LSRG,2026-08-05,566.0,568.4,555.2,565.2,39294
LSRG,2026-08-06,568.0,569.6,555.0,559.0,71816
LSRG,2026-08-07,559.0,569.8,558.2,560.0,46433
LSRG,2026-08-10,561.0,573.2,559.2,569.4,49591
LSRG,2026-08-11,571.2,578.0,566.0,568.0,24300
LSRG,2026-08-12,569.6,573.6,553.2,555.2,25779
LSRG,2026-08-13,555.6,556.4,518.4,528.4,115205
LSRG,2026-08-14,531.0,544.8,511.2,521.4,76496
