symbol,date,open,high,low,close,volume
NVTK,2013-04-10,317.74,317.74,317.74,317.74,30
NVTK,2013-04-17,310.0,310.0,310.0,310.0,1000
NVTK,2013-05-14,310.0,310.0,310.0,310.0,10
NVTK,2013-05-20,277.72,277.72,277.72,277.72,350
NVTK,2013-05-21,307.0,307.0,307.0,307.0,350
NVTK,2013-05-24,293.0,293.0,293.0,293.0,10
NVTK,2013-06-24,350.0,365.68,349.0,349.0,50
NVTK,2013-06-25,317.58,340.0,317.58,323.02,40
NVTK,2013-06-26,311.5,311.5,311.5,311.5,10
NVTK,2013-07-15,362.0,366.0,361.0,365.0,270
NVTK,2013-07-17,368.0,368.0,365.0,365.0,290
NVTK,2013-07-18,366.0,366.0,365.01,365.01,150
NVTK,2013-07-22,355.01,355.69,355.01,355.69,100
NVTK,2013-07-23,360.94,360.94,360.94,360.94,60
NVTK,2013-08-02,361.0,361.0,361.0,361.0,60
NVTK,2013-08-07,341.0,341.0,341.0,341.0,40
NVTK,2013-08-12,348.4,352.4,347.87,349.0,850
NVTK,2013-08-19,359.0,359.0,359.0,359.0,200
NVTK,2013-08-23,367.0,367.0,367.0,367.0,100
NVTK,2013-08-27,364.77,365.4,364.77,365.4,3060
NVTK,2013-08-29,391.97,391.97,359.77,365.0,350
NVTK,2013-08-30,363.33,363.33,358.02,361.02,200
NVTK,2013-09-02,362.0,364.0,359.51,362.09,298560
NVTK,2013-09-03,363.27,372.53,362.55,369.33,723620
NVTK,2013-09-04,371.18,373.74,367.57,373.09,652040
NVTK,2013-09-05,374.0,389.5,372.46,388.77,2167020
NVTK,2013-09-06,389.05,394.48,385.51,387.46,1391350
NVTK,2013-09-09,385.9,392.26,383.3,386.96,1142020
NVTK,2013-09-10,388.13,391.97,380.35,385.3,1208670
NVTK,2013-09-11,385.62,393.93,385.0,392.7,1319160
NVTK,2013-09-12,394.82,394.97,388.07,393.17,850910
NVTK,2013-09-13,391.35,393.0,381.11,385.0,1073760
NVTK,2013-09-16,385.0,394.9,385.0,391.65,2615200
NVTK,2013-09-17,389.05,393.59,389.05,392.13,729000
NVTK,2013-09-18,395.03,395.03,386.99,387.97,1231650
NVTK,2013-09-19,393.55,397.99,383.8,386.03,2190000
NVTK,2013-09-20,383.59,389.47,379.05,379.5,1005410
NVTK,2013-09-23,379.01,380.0,372.99,373.1,1207860
NVTK,2013-09-24,373.03,378.9,372.54,377.83,1033460
NVTK,2013-09-25,377.83,382.5,375.04,379.81,617790
NVTK,2013-09-26,382.44,387.69,381.11,386.0,1080770
NVTK,2013-09-27,388.43,388.43,380.26,382.92,552800
NVTK,2013-09-30,382.41,387.0,381.0,386.01,733770
NVTK,2013-10-01,385.08,388.35,381.51,382.56,473800
NVTK,2013-10-02,382.56,385.66,372.96,373.2,1146910
NVTK,2013-10-03,375.53,378.92,372.16,376.0,647940
NVTK,2013-10-04,376.15,379.99,373.07,379.75,419530
NVTK,2013-10-07,379.0,390.0,375.92,387.5,1022820
NVTK,2013-10-08,386.99,394.0,386.99,393.8,1387920
NVTK,2013-10-09,392.86,394.8,389.01,391.89,1266660
NVTK,2013-10-10,393.72,410.68,393.06,407.89,2234490
NVTK,2013-10-11,408.6,409.79,402.66,406.1,1191400
NVTK,2013-10-14,406.14,406.14,399.51,399.8,1066740
NVTK,2013-10-15,402.0,406.09,399.48,400.1,1615900
NVTK,2013-10-16,400.0,403.84,397.96,401.48,1792510
NVTK,2013-10-17,401.28,403.99,393.04,395.97,1328210
NVTK,2013-10-18,401.0,409.49,395.57,406.63,2005300
NVTK,2013-10-21,406.92,413.72,406.8,409.39,749810
NVTK,2013-10-22,409.93,410.98,406.9,407.25,695760
NVTK,2013-10-23,406.92,411.23,402.55,405.0,1173410
NVTK,2013-10-24,405.99,408.76,402.57,407.05,1323460
NVTK,2013-10-25,407.05,415.81,403.51,413.6,1858880
NVTK,2013-10-28,414.02,419.5,414.02,415.87,1246800
NVTK,2013-10-29,415.38,417.39,414.13,415.94,1186830
NVTK,2013-10-30,416.49,417.47,411.16,413.0,1403110
NVTK,2013-10-31,409.97,415.89,408.2,410.95,786040
NVTK,2013-11-01,412.25,418.0,411.57,416.9,2030850
NVTK,2013-11-05,419.51,419.51,413.11,414.03,706350
NVTK,2013-11-06,415.1,419.31,411.76,411.99,1866220
NVTK,2013-11-07,416.05,416.28,408.53,413.33,1455120
NVTK,2013-11-08,409.86,410.34,402.32,404.05,1474020
NVTK,2013-11-11,405.15,409.47,402.7,408.14,733100
NVTK,2013-11-12,408.0,418.0,407.0,416.0,2037510
NVTK,2013-11-13,413.55,414.9,410.6,410.61,1856420
NVTK,2013-11-14,412.59,419.0,410.01,416.0,1259680
NVTK,2013-11-15,418.47,422.54,412.51,412.63,1377410
NVTK,2013-11-18,414.88,417.47,410.06,410.2,1246070
NVTK,2013-11-19,410.22,412.97,402.75,406.96,1754990
NVTK,2013-11-20,406.74,410.54,395.45,408.0,2763750
NVTK,2013-11-21,406.01,411.45,404.99,408.43,1075500
NVTK,2013-11-22,410.0,411.3,402.0,402.02,2461890
NVTK,2013-11-25,388.5,406.0,388.5,402.0,2778580
NVTK,2013-11-26,402.01,404.84,397.38,401.23,1397290
NVTK,2013-11-27,401.67,404.9,395.57,395.57,1198940
NVTK,2013-11-28,396.8,401.26,396.41,399.49,710960
NVTK,2013-11-29,399.47,401.9,394.13,398.98,1131950
NVTK,2013-12-02,398.74,401.75,396.93,397.74,1179110
NVTK,2013-12-03,396.95,398.01,390.0,391.73,1754420
NVTK,2013-12-04,392.42,397.47,390.0,390.0,1301610
NVTK,2013-12-05,391.3,395.7,387.82,388.63,1758470
NVTK,2013-12-06,389.9,400.44,385.4,399.47,1511690
NVTK,2013-12-09,400.0,415.01,397.34,414.01,2863940
NVTK,2013-12-10,413.98,415.45,409.12,410.75,2068270
NVTK,2013-12-11,410.65,413.0,404.04,405.09,1405780
NVTK,2013-12-12,400.08,403.0,397.0,400.98,1669420
NVTK,2013-12-13,402.03,406.25,399.56,400.6,1520960
NVTK,2013-12-16,400.5,403.85,398.83,401.99,1752050
NVTK,2013-12-17,402.89,404.78,398.72,401.0,1469040
NVTK,2013-12-18,401.07,404.33,400.7,402.0,1898250
NVTK,2013-12-19,403.9,411.3,400.0,401.0,2657930
NVTK,2013-12-20,401.5,403.22,398.0,399.3,1278080
NVTK,2013-12-23,401.0,404.97,400.17,404.0,1284260
NVTK,2013-12-24,405.29,408.2,404.01,405.97,751660
NVTK,2013-12-25,405.19,408.54,401.89,402.5,509910
NVTK,2013-12-26,403.81,404.52,401.62,404.3,527430
NVTK,2013-12-27,404.47,404.87,396.79,399.0,621930
NVTK,2013-12-30,397.0,404.9,397.0,399.01,754270
NVTK,2014-01-06,397.99,398.51,393.1,393.11,1684610
NVTK,2014-01-08,394.55,395.48,388.13,389.79,831990
NVTK,2014-01-09,389.5,390.0,383.57,385.7,1316060
NVTK,2014-01-10,386.71,388.0,379.75,387.35,1598240
NVTK,2014-01-13,387.36,397.97,385.37,396.8,1548810
NVTK,2014-01-14,394.28,399.93,388.07,399.0,1494760
NVTK,2014-01-15,399.38,400.41,392.05,400.4,1784810
NVTK,2014-01-16,400.04,401.25,393.06,394.1,1749870
NVTK,2014-01-17,395.58,400.99,390.03,400.2,1113130
NVTK,2014-01-20,399.6,405.75,397.28,405.12,1104510
NVTK,2014-01-21,406.88,408.86,405.73,405.8,1173960
NVTK,2014-01-22,403.77,405.98,401.62,405.1,802690
NVTK,2014-01-23,404.43,418.79,404.43,416.0,2393490
NVTK,2014-01-24,413.0,416.6,406.58,408.68,2164360
NVTK,2014-01-27,405.03,411.26,403.01,406.0,1391920
NVTK,2014-01-28,406.42,406.99,391.05,391.3,1908870
NVTK,2014-01-29,394.54,399.89,387.19,389.98,2864310
NVTK,2014-01-30,388.95,393.4,386.18,390.98,1485350
NVTK,2014-01-31,392.76,397.23,390.17,393.45,1401600
NVTK,2014-02-03,395.5,397.81,388.51,388.51,1284690
NVTK,2014-02-04,386.11,388.48,383.31,386.7,1523010
NVTK,2014-02-05,384.92,396.79,384.92,395.52,1457890
NVTK,2014-02-06,395.8,400.47,393.0,400.47,1130940
NVTK,2014-02-07,402.0,408.0,400.24,407.84,1436470
NVTK,2014-02-10,408.44,409.6,403.77,403.81,841220
NVTK,2014-02-11,405.03,410.0,402.2,409.65,1523030
NVTK,2014-02-12,410.67,416.4,410.5,415.25,1766110
NVTK,2014-02-13,414.02,415.0,407.73,410.27,1770270
NVTK,2014-02-14,412.0,418.0,410.71,417.43,1642540
NVTK,2014-02-17,417.32,419.45,412.14,416.13,1047590
NVTK,2014-02-18,416.39,418.74,411.01,413.27,868490
NVTK,2014-02-19,413.53,416.0,410.57,413.0,1690630
NVTK,2014-02-20,409.96,414.61,408.11,409.0,1316090
NVTK,2014-02-21,410.69,412.49,407.0,407.5,780870
NVTK,2014-02-24,407.49,411.0,404.6,411.0,957530
NVTK,2014-02-25,413.68,418.2,408.01,417.02,1281750
NVTK,2014-02-26,418.86,421.0,415.1,420.0,1201150
NVTK,2014-02-27,420.27,427.52,410.0,414.81,3448550
NVTK,2014-02-28,415.95,419.76,406.24,411.09,2471310
NVTK,2014-03-03,400.01,402.42,340.86,346.69,6298290
NVTK,2014-03-04,348.76,382.48,348.76,377.93,5746640
NVTK,2014-03-05,380.0,381.99,367.72,377.23,2463800
NVTK,2014-03-06,377.0,385.99,354.65,369.89,3904710
NVTK,2014-03-07,370.0,373.4,360.23,361.16,2373940
NVTK,2014-03-11,359.87,359.99,348.0,351.53,2183820
NVTK,2014-03-12,348.0,351.5,341.12,343.21,2368040
NVTK,2014-03-13,344.23,347.61,330.25,332.91,3405310
NVTK,2014-03-14,327.0,327.0,307.51,310.5,7158550
NVTK,2014-03-17,303.6,331.58,303.6,328.56,6781520
NVTK,2014-03-18,333.42,365.65,330.26,360.81,4627090
NVTK,2014-03-19,360.0,368.9,346.97,356.78,3428590
NVTK,2014-03-20,351.17,362.99,350.11,359.0,2965810
NVTK,2014-03-21,345.0,345.0,312.3,328.0,16597620
NVTK,2014-03-24,331.27,344.76,327.02,330.26,6625040
NVTK,2014-03-25,332.97,344.96,325.01,340.17,3790620
NVTK,2014-03-26,343.5,355.79,342.95,354.0,3594680
NVTK,2014-03-27,350.0,358.47,339.0,341.37,2701520
NVTK,2014-03-28,342.94,351.89,340.02,342.75,2157230
NVTK,2014-03-31,344.64,352.22,342.56,351.0,2250520
NVTK,2014-04-01,354.0,356.3,345.5,353.0,2635860
NVTK,2014-04-02,352.8,355.0,344.01,348.89,1673090
NVTK,2014-04-03,349.86,350.99,344.0,347.0,1643970
NVTK,2014-04-04,347.4,351.89,344.14,350.56,1672010
NVTK,2014-04-07,345.65,345.65,333.5,337.0,3198270
NVTK,2014-04-08,337.0,340.9,333.0,340.39,1876730
NVTK,2014-04-09,339.9,344.0,335.8,342.64,1701510
NVTK,2014-04-10,344.47,348.5,342.13,345.0,1994600
NVTK,2014-04-11,341.0,346.9,335.13,346.0,1607810
NVTK,2014-04-14,343.1,344.01,337.0,339.5,1503840
NVTK,2014-04-15,339.0,340.63,333.0,333.15,2070330
NVTK,2014-04-16,333.52,339.55,330.13,339.55,1628650
NVTK,2014-04-17,340.01,342.93,334.61,340.0,1318850
NVTK,2014-04-18,344.0,351.85,344.0,350.0,2038480
NVTK,2014-04-21,350.0,354.0,346.62,347.01,1094920
NVTK,2014-04-22,346.24,348.3,341.39,343.95,1532900
NVTK,2014-04-23,345.87,345.87,340.1,341.0,1798970
NVTK,2014-04-24,342.85,343.96,325.37,326.99,3179830
NVTK,2014-04-25,327.25,333.85,320.02,333.0,2325580
NVTK,2014-04-28,329.05,338.0,327.26,338.0,1555810
NVTK,2014-04-29,339.94,345.0,339.12,342.74,1913520
NVTK,2014-04-30,346.73,346.73,336.36,341.4,1131470
NVTK,2014-05-02,341.97,344.95,340.42,341.54,434610
NVTK,2014-05-05,340.79,341.61,335.06,338.5,643900
NVTK,2014-05-06,339.47,348.0,338.89,346.94,1328760
NVTK,2014-05-07,345.26,373.48,345.13,369.99,2502180
NVTK,2014-05-08,370.0,373.22,359.28,365.0,4539470
NVTK,2014-05-12,365.0,370.51,360.52,368.5,1368090
NVTK,2014-05-13,370.09,374.33,364.3,366.25,1394770
NVTK,2014-05-14,363.8,368.36,360.11,364.2,1330720
NVTK,2014-05-15,364.15,369.89,360.2,361.2,1136420
NVTK,2014-05-16,360.1,365.5,360.1,365.5,907850
NVTK,2014-05-19,366.1,374.63,365.6,371.8,1755010
NVTK,2014-05-20,373.0,381.43,373.0,376.11,3518600
NVTK,2014-05-21,377.9,391.0,372.67,389.0,3555920
NVTK,2014-05-22,393.0,393.0,381.6,387.71,1444180
NVTK,2014-05-23,389.0,389.95,382.18,386.5,1230530
NVTK,2014-05-26,387.04,391.5,386.57,388.54,907560
NVTK,2014-05-27,389.72,389.72,369.0,372.99,2206040
NVTK,2014-05-28,373.75,382.3,368.0,378.09,1753860
NVTK,2014-05-29,376.18,386.62,376.18,381.57,1164240
NVTK,2014-05-30,382.1,386.0,370.0,370.0,1256900
NVTK,2014-06-02,374.96,388.67,374.68,386.8,1828840
NVTK,2014-06-03,384.0,388.11,380.1,387.79,1278320
NVTK,2014-06-04,387.31,389.75,382.0,382.15,1611890
NVTK,2014-06-05,382.91,396.2,382.01,392.56,2589040
NVTK,2014-06-06,393.28,405.43,393.0,403.17,2812730
NVTK,2014-06-09,407.21,408.69,403.51,405.93,1728690
NVTK,2014-06-10,404.83,406.49,398.17,401.37,1494260
NVTK,2014-06-11,401.67,404.79,399.54,400.7,1339920
NVTK,2014-06-16,401.2,409.0,394.4,407.99,6064950
NVTK,2014-06-17,407.05,410.75,404.0,408.34,1921970
NVTK,2014-06-18,409.28,416.2,407.2,414.5,3510360
NVTK,2014-06-19,419.49,419.9,415.32,416.95,1543040
NVTK,2014-06-20,416.0,435.0,414.81,419.63,13203710
NVTK,2014-06-23,422.26,424.84,420.02,421.43,1594660
NVTK,2014-06-24,422.05,427.69,422.0,427.45,2452870
NVTK,2014-06-25,426.0,426.78,413.75,417.5,3508540
NVTK,2014-06-26,419.34,420.41,412.18,415.28,1114340
NVTK,2014-06-27,418.02,419.5,412.76,418.0,941860
NVTK,2014-06-30,414.86,420.99,414.86,420.0,2027880
NVTK,2014-07-01,418.25,419.4,411.56,413.4,1619490
NVTK,2014-07-02,413.88,418.2,413.56,417.11,1848280
NVTK,2014-07-03,418.01,419.95,410.71,413.14,1193700
NVTK,2014-07-04,413.02,416.25,404.11,408.9,1249960
NVTK,2014-07-07,409.38,414.93,406.33,413.0,834890
NVTK,2014-07-08,413.0,416.74,412.0,412.0,1255020
NVTK,2014-07-09,411.11,415.21,400.73,410.3,1090170
NVTK,2014-07-10,412.36,415.8,399.77,400.23,1977080
NVTK,2014-07-11,400.36,404.63,397.38,400.0,1010240
NVTK,2014-07-14,402.0,403.56,390.72,393.0,1198370
NVTK,2014-07-15,394.5,403.58,390.37,401.0,1778570
NVTK,2014-07-16,401.0,404.0,396.43,400.1,1430190
NVTK,2014-07-17,393.0,393.0,364.0,378.0,9302180
NVTK,2014-07-18,370.01,379.77,367.01,374.1,2743080
NVTK,2014-07-21,390.78,390.78,364.8,364.87,1381000
NVTK,2014-07-22,368.75,376.0,366.32,368.0,2340090
NVTK,2014-07-23,375.0,375.0,364.11,365.57,1732600
NVTK,2014-07-24,365.05,366.94,356.8,358.0,1997560
NVTK,2014-07-25,356.1,358.97,354.1,354.15,1395740
NVTK,2014-07-28,352.83,354.41,347.1,350.0,1213210
NVTK,2014-07-29,349.45,362.11,348.84,355.74,1627240
NVTK,2014-07-30,355.75,372.31,355.75,365.03,2400440
NVTK,2014-07-31,367.5,374.5,365.5,365.5,1809470
NVTK,2014-08-01,365.0,367.9,360.11,363.5,1163460
NVTK,2014-08-04,363.3,369.92,363.3,366.6,859880
NVTK,2014-08-05,368.0,369.0,353.35,355.35,1905390
NVTK,2014-08-06,353.9,359.59,351.0,351.15,1498050
NVTK,2014-08-07,355.58,364.0,347.03,357.2,1750810
NVTK,2014-08-08,355.9,366.3,351.79,363.2,1472950
NVTK,2014-08-11,369.02,371.5,367.22,370.54,1210220
NVTK,2014-08-12,369.96,374.39,363.88,373.45,1139110
NVTK,2014-08-13,391.45,391.45,370.23,375.4,1224340
NVTK,2014-08-14,379.06,385.96,372.6,384.56,1319970
NVTK,2014-08-15,383.01,392.2,382.0,391.0,1354670
NVTK,2014-08-18,391.9,392.5,387.12,392.0,627340
NVTK,2014-08-19,392.91,397.0,390.33,391.0,971640
NVTK,2014-08-20,390.67,393.27,383.2,391.99,806160
NVTK,2014-08-21,391.26,403.2,391.0,398.21,1049510
NVTK,2014-08-22,400.25,402.29,388.77,389.51,1399440
NVTK,2014-08-25,388.5,392.98,387.0,391.62,385150
NVTK,2014-08-26,390.01,396.2,384.5,384.5,926170
NVTK,2014-08-27,388.92,391.2,381.55,383.0,747530
NVTK,2014-08-28,382.12,383.6,370.0,375.05,2048220
NVTK,2014-08-29,375.13,381.78,368.0,368.0,1254210
NVTK,2014-09-01,370.0,376.29,364.5,367.38,2605960
NVTK,2014-09-02,370.11,375.3,367.0,373.8,900100
NVTK,2014-09-03,374.75,401.37,373.96,398.0,3469670
NVTK,2014-09-04,399.22,400.98,392.03,396.51,1121070
NVTK,2014-09-05,396.47,407.7,393.29,405.17,1411530
NVTK,2014-09-08,404.2,408.25,397.72,402.1,990140
NVTK,2014-09-09,402.4,407.0,399.2,400.25,1058720
NVTK,2014-09-10,398.35,403.85,394.41,403.5,819310
NVTK,2014-09-11,404.0,407.15,392.0,392.5,1364940
NVTK,2014-09-12,392.45,405.43,390.73,400.55,1589540
NVTK,2014-09-15,402.26,404.93,395.1,401.5,2320350
NVTK,2014-09-16,400.09,413.9,400.09,413.0,1879510
NVTK,2014-09-17,412.93,415.0,400.11,401.69,1507860
NVTK,2014-09-18,405.03,405.03,396.0,396.8,1192820
NVTK,2014-09-19,407.74,407.74,391.3,395.0,2239490
NVTK,2014-09-22,395.0,400.0,390.12,393.59,817800
NVTK,2014-09-23,393.6,403.01,392.51,403.01,1714170
NVTK,2014-09-24,403.02,405.5,401.01,404.48,1040490
NVTK,2014-09-25,404.86,412.15,403.53,408.0,1766070
NVTK,2014-09-26,406.0,414.0,405.0,409.0,1369720
NVTK,2014-09-29,414.95,416.0,402.46,403.42,1702270
NVTK,2014-09-30,405.37,412.0,400.02,408.77,1679090
NVTK,2014-10-01,409.14,412.0,403.4,404.43,787120
NVTK,2014-10-02,401.31,404.64,392.6,398.49,1488280
NVTK,2014-10-03,398.0,406.48,398.0,401.49,882330
NVTK,2014-10-06,403.0,411.95,403.0,408.54,1236860
NVTK,2014-10-07,410.0,411.92,401.9,408.25,1598060
NVTK,2014-10-08,406.99,410.2,400.5,404.75,1092890
NVTK,2014-10-09,407.98,413.89,406.21,406.69,1194330
NVTK,2014-10-10,405.0,406.0,397.17,400.0,1115000
NVTK,2014-10-13,399.0,413.03,398.03,409.0,1565410
NVTK,2014-10-14,398.98,418.95,398.98,418.95,1464870
NVTK,2014-10-15,417.05,419.9,410.0,412.5,1042540
NVTK,2014-10-16,412.76,422.48,406.5,411.51,2229250
NVTK,2014-10-17,416.0,423.7,416.0,419.64,2321510
NVTK,2014-10-20,422.26,424.35,413.0,416.0,1135000
NVTK,2014-10-21,415.06,415.06,405.61,407.97,2081630
NVTK,2014-10-22,408.83,410.8,404.21,404.5,1530230
NVTK,2014-10-23,404.5,412.0,402.02,411.91,2752330
NVTK,2014-10-24,407.45,412.16,404.93,411.47,991210
NVTK,2014-10-27,412.75,422.74,411.0,419.9,1497390
NVTK,2014-10-28,419.69,432.0,417.5,418.0,1964410
NVTK,2014-10-29,420.0,431.69,414.14,427.97,2115580
NVTK,2014-10-30,427.8,435.0,420.35,430.5,2000030
NVTK,2014-10-31,434.05,443.39,430.78,442.05,1740380
NVTK,2014-11-03,439.98,444.39,436.13,439.73,589450
NVTK,2014-11-05,436.92,440.0,431.21,439.95,1557820
NVTK,2014-11-06,438.22,442.93,421.18,426.12,2245530
NVTK,2014-11-07,426.0,435.29,422.2,429.56,3394700
NVTK,2014-11-10,430.0,448.15,430.0,445.1,2184090
NVTK,2014-11-11,446.0,458.2,445.26,455.36,1949450
NVTK,2014-11-12,458.54,458.54,448.7,451.25,1379230
NVTK,2014-11-13,450.85,455.0,441.01,442.0,1020410
NVTK,2014-11-14,440.11,461.74,438.3,455.01,2514070
NVTK,2014-11-17,455.1,464.6,453.0,458.99,1452140
NVTK,2014-11-18,463.0,468.37,457.06,462.02,1734370
NVTK,2014-11-19,462.02,465.04,456.02,456.1,1139590
NVTK,2014-11-20,459.4,467.48,455.01,459.49,899780
NVTK,2014-11-21,462.0,463.0,452.52,458.01,1239000
NVTK,2014-11-24,458.1,458.99,446.33,450.51,1154230
NVTK,2014-11-25,449.43,450.79,444.03,449.98,843240
NVTK,2014-11-26,446.74,449.23,442.55,446.76,1239780
NVTK,2014-11-27,446.38,459.91,443.41,458.28,1561330
NVTK,2014-11-28,456.17,465.62,453.62,460.0,1730830
NVTK,2014-12-01,459.7,501.3,456.2,478.0,3446880
NVTK,2014-12-02,480.0,486.6,458.1,466.9,2269570
NVTK,2014-12-03,469.0,482.9,464.4,474.9,2265720
NVTK,2014-12-04,476.7,480.2,460.1,465.0,2700300
NVTK,2014-12-05,465.2,466.0,438.0,440.2,2784490
NVTK,2014-12-08,438.2,447.0,414.8,414.8,2771450
NVTK,2014-12-09,414.2,429.9,405.5,420.6,2394740
NVTK,2014-12-10,422.1,443.8,422.1,428.0,2056480
NVTK,2014-12-11,427.0,450.8,416.8,424.7,2810890
NVTK,2014-12-12,421.6,441.3,410.1,431.0,2393870
NVTK,2014-12-15,435.0,455.8,421.0,438.0,3917310
NVTK,2014-12-16,430.5,505.0,398.5,460.0,4889380
NVTK,2014-12-17,465.0,497.0,433.1,454.9,3775370
NVTK,2014-12-18,467.7,496.0,455.0,476.0,2972260
NVTK,2014-12-19,481.9,485.0,441.1,445.0,1377020
NVTK,2014-12-22,451.4,459.7,435.0,438.5,1552900
NVTK,2014-12-23,438.0,443.6,412.8,420.6,1695620
NVTK,2014-12-24,420.7,435.0,415.0,418.5,820100
NVTK,2014-12-25,415.5,420.0,408.0,413.0,544220
NVTK,2014-12-26,413.2,427.3,413.2,417.0,765320
NVTK,2014-12-29,419.1,459.9,411.6,451.5,1746550
NVTK,2014-12-30,450.0,453.3,421.0,434.6,1142110
NVTK,2015-01-05,432.6,457.5,430.5,455.5,771110
NVTK,2015-01-06,452.1,477.5,452.0,476.7,706660
NVTK,2015-01-08,476.9,492.8,475.1,483.0,986820
NVTK,2015-01-09,484.6,486.9,455.4,475.1,1534450
NVTK,2015-01-12,475.4,486.9,467.7,470.7,826810
NVTK,2015-01-13,476.2,492.0,467.9,489.4,699740
NVTK,2015-01-14,488.5,498.0,484.0,497.9,961550
NVTK,2015-01-15,500.0,505.5,482.0,483.2,1140610
NVTK,2015-01-16,482.5,493.3,476.0,490.0,724490
NVTK,2015-01-19,490.0,504.9,482.5,487.0,1272620
NVTK,2015-01-20,491.8,492.8,470.6,475.0,1173320
NVTK,2015-01-21,477.0,492.7,476.0,490.4,1155090
NVTK,2015-01-22,492.0,523.7,490.4,523.7,1717170
NVTK,2015-01-23,526.7,535.9,510.2,512.0,1583920
NVTK,2015-01-26,512.0,512.0,495.0,504.0,1036560
NVTK,2015-01-27,497.9,518.0,495.5,505.5,867390
NVTK,2015-01-28,509.0,523.7,488.0,488.0,1438370
NVTK,2015-01-29,488.0,495.6,479.5,480.4,1387120
NVTK,2015-01-30,483.1,489.9,460.0,460.0,1240830
NVTK,2015-02-02,469.7,484.1,462.2,472.0,1690910
NVTK,2015-02-03,475.6,489.8,475.0,482.3,1177400
NVTK,2015-02-04,488.0,489.7,477.0,478.5,1355360
NVTK,2015-02-05,477.1,500.6,475.1,500.2,2018250
NVTK,2015-02-06,503.0,524.0,500.2,522.2,2405720
NVTK,2015-02-09,522.6,555.0,514.8,527.5,3411710
NVTK,2015-02-10,524.9,540.3,509.6,520.0,1230870
NVTK,2015-02-11,530.0,539.5,527.3,530.9,1213070
NVTK,2015-02-12,535.0,550.0,515.0,539.5,2606490
NVTK,2015-02-13,544.1,554.2,539.9,543.8,1103230
NVTK,2015-02-16,545.0,547.9,520.0,524.6,1096380
NVTK,2015-02-17,524.1,542.2,515.5,522.7,1596550
NVTK,2015-02-18,528.1,540.0,525.3,527.5,1104700
NVTK,2015-02-19,526.7,534.1,509.4,529.2,1043330
NVTK,2015-02-20,531.1,535.0,515.0,518.1,849860
NVTK,2015-02-24,507.0,524.0,505.2,518.3,1476260
NVTK,2015-02-25,519.0,519.8,501.9,506.7,1471130
NVTK,2015-02-26,510.0,512.7,497.5,499.3,1061460
NVTK,2015-02-27,501.0,505.4,493.0,503.7,1101360
NVTK,2015-03-02,505.0,516.5,505.0,512.2,611830
NVTK,2015-03-03,513.0,532.0,509.3,522.0,1321150
NVTK,2015-03-04,522.5,526.0,509.2,512.7,915810
NVTK,2015-03-05,512.7,525.0,505.7,512.4,1121060
NVTK,2015-03-06,513.0,517.0,497.1,498.7,888520
NVTK,2015-03-10,495.0,499.9,481.1,485.0,1354840
NVTK,2015-03-11,471.4,494.0,471.4,482.0,1061860
NVTK,2015-03-12,486.0,486.0,470.0,471.8,1025030
NVTK,2015-03-13,471.5,474.9,460.0,461.7,1656350
NVTK,2015-03-16,461.9,472.7,461.7,466.0,1333710
NVTK,2015-03-17,467.4,470.6,456.5,460.0,1093320
NVTK,2015-03-18,463.0,466.7,456.2,464.0,760270
NVTK,2015-03-19,469.5,471.4,447.0,447.0,1969210
NVTK,2015-03-20,448.8,456.7,445.0,453.0,1543630
NVTK,2015-03-23,455.0,455.0,430.6,434.8,1173470
NVTK,2015-03-24,433.9,436.0,427.0,429.4,1827950
NVTK,2015-03-25,430.5,432.7,423.1,430.3,1225180
NVTK,2015-03-26,433.8,435.9,410.8,418.0,2477370
NVTK,2015-03-27,417.0,420.2,411.5,416.5,704810
NVTK,2015-03-30,417.4,435.0,417.4,432.0,1105050
NVTK,2015-03-31,432.2,434.9,422.4,432.0,1079460
NVTK,2015-04-01,430.0,452.7,426.2,450.3,1749420
NVTK,2015-04-02,450.9,470.2,450.8,467.2,2013360
NVTK,2015-04-03,467.5,479.8,467.5,476.4,1104130
NVTK,2015-04-06,475.8,483.0,475.8,478.0,1149470
NVTK,2015-04-07,465.6,480.2,465.6,474.4,1704850
NVTK,2015-04-08,473.5,476.2,465.0,470.6,1379400
NVTK,2015-04-09,467.5,469.8,459.2,465.5,1529660
NVTK,2015-04-10,466.0,466.4,451.3,463.6,2101370
NVTK,2015-04-13,465.2,481.2,462.0,477.2,1446660
NVTK,2015-04-14,476.5,479.0,461.6,462.9,1163860
NVTK,2015-04-15,459.0,481.9,459.0,480.7,1623890
NVTK,2015-04-16,482.8,494.8,477.3,493.0,2311050
NVTK,2015-04-17,492.7,504.8,491.6,504.8,2409760
NVTK,2015-04-20,505.0,509.6,498.0,507.0,1778220
NVTK,2015-04-21,508.5,525.0,507.1,523.3,2332750
NVTK,2015-04-22,520.9,531.9,504.0,505.1,1436080
NVTK,2015-04-23,502.6,507.1,483.6,499.6,1967040
NVTK,2015-04-24,497.1,506.1,489.2,498.9,1239620
NVTK,2015-04-27,498.5,504.0,493.3,496.4,750790
NVTK,2015-04-28,495.0,500.5,488.5,495.4,874410
NVTK,2015-04-29,495.1,502.5,487.6,499.0,1074680
NVTK,2015-04-30,495.0,499.8,490.8,494.0,1126920
NVTK,2015-05-05,499.0,510.5,491.7,501.0,1393760
NVTK,2015-05-06,500.8,501.5,488.9,490.6,1170330
NVTK,2015-05-07,490.6,492.3,477.0,490.0,983060
NVTK,2015-05-08,490.0,506.0,489.0,502.7,1011740
NVTK,2015-05-12,502.9,507.5,498.9,502.7,1007930
NVTK,2015-05-13,501.0,504.7,495.2,501.4,936590
NVTK,2015-05-14,498.6,504.7,494.5,500.9,458010
NVTK,2015-05-15,503.5,505.9,500.0,504.1,530880
NVTK,2015-05-18,504.1,511.5,501.5,502.0,749660
NVTK,2015-05-19,502.0,510.5,489.5,495.5,1029810
NVTK,2015-05-20,496.5,499.8,488.7,494.7,513900
NVTK,2015-05-21,494.5,508.6,492.6,508.6,1200210
NVTK,2015-05-22,508.8,517.1,506.3,512.4,1163750
NVTK,2015-05-25,511.4,513.6,500.1,506.8,631990
NVTK,2015-05-26,507.1,520.0,506.8,515.7,1187710
NVTK,2015-05-27,517.6,524.7,508.0,524.4,1787720
NVTK,2015-05-28,522.3,537.0,521.4,528.5,1139900
NVTK,2015-05-29,528.9,539.3,522.5,522.5,1676900
NVTK,2015-06-01,517.3,536.6,517.3,525.1,1014440
NVTK,2015-06-02,525.6,539.0,524.5,536.3,861480
NVTK,2015-06-03,538.0,544.3,530.1,539.4,1361140
NVTK,2015-06-04,540.0,546.4,535.1,538.2,1224740
NVTK,2015-06-05,539.1,547.4,533.0,541.9,780530
NVTK,2015-06-08,542.3,549.9,537.3,541.2,977630
NVTK,2015-06-09,542.0,548.8,538.2,547.3,502930
NVTK,2015-06-10,550.5,550.5,539.0,543.9,834590
NVTK,2015-06-11,543.0,545.0,535.3,543.5,503570
NVTK,2015-06-15,543.9,553.2,538.0,550.9,1382220
NVTK,2015-06-16,553.9,553.9,545.3,546.9,771960
NVTK,2015-06-17,546.6,549.8,539.2,545.0,1124270
NVTK,2015-06-18,545.1,546.8,537.1,540.0,964440
NVTK,2015-06-19,540.0,547.1,537.0,547.1,807410
NVTK,2015-06-22,544.0,548.4,542.5,546.4,681650
NVTK,2015-06-23,547.3,548.0,540.4,544.5,497070
NVTK,2015-06-24,545.1,548.0,537.3,541.7,1028470
NVTK,2015-06-25,542.0,542.0,530.7,531.1,759550
NVTK,2015-06-26,530.1,548.5,530.1,546.5,996190
NVTK,2015-06-29,544.8,550.5,542.2,549.9,654160
NVTK,2015-06-30,550.0,565.7,546.3,557.7,1661280
NVTK,2015-07-01,557.6,568.5,557.0,560.6,1157950
NVTK,2015-07-02,561.1,562.8,549.0,550.0,1317740
NVTK,2015-07-03,549.5,551.8,543.5,551.0,820510
NVTK,2015-07-06,547.9,557.6,546.5,557.6,577690
NVTK,2015-07-07,555.8,564.4,550.2,559.4,1032420
NVTK,2015-07-08,555.4,562.2,545.0,561.2,1129730
NVTK,2015-07-09,562.0,566.5,557.8,564.7,833780
NVTK,2015-07-10,563.5,566.0,561.1,565.5,799480
NVTK,2015-07-13,565.5,577.0,564.9,575.0,1197230
NVTK,2015-07-14,572.1,579.2,566.6,577.7,1559420
NVTK,2015-07-15,575.0,580.0,575.0,578.4,1211560
NVTK,2015-07-16,576.1,584.0,575.0,577.7,1025820
NVTK,2015-07-17,578.8,582.2,572.5,574.7,732490
NVTK,2015-07-20,576.0,577.1,567.3,570.0,855920
NVTK,2015-07-21,570.0,573.6,563.5,564.2,870630
NVTK,2015-07-22,564.0,569.5,560.0,569.5,975560
NVTK,2015-07-23,569.2,570.5,561.3,566.7,659420
NVTK,2015-07-24,565.0,572.2,557.7,559.5,1145870
NVTK,2015-07-27,559.5,568.5,556.2,567.5,1095860
NVTK,2015-07-28,564.5,583.4,564.5,577.0,1115470
NVTK,2015-07-29,580.0,585.6,568.7,578.2,1585240
NVTK,2015-07-30,579.4,581.0,569.9,575.0,908700
NVTK,2015-07-31,574.0,591.0,572.1,591.0,1303090
NVTK,2015-08-03,589.0,595.6,586.2,587.9,925500
NVTK,2015-08-04,588.2,599.4,588.2,597.9,798340
NVTK,2015-08-05,596.0,600.0,586.5,589.3,1104100
NVTK,2015-08-06,587.4,599.0,586.0,593.3,1354950
NVTK,2015-08-07,594.0,600.5,593.0,598.0,649170
NVTK,2015-08-10,599.5,600.0,588.6,597.4,858300
NVTK,2015-08-11,597.4,601.5,590.3,592.5,1207230
NVTK,2015-08-12,591.7,597.5,590.5,597.5,536430
NVTK,2015-08-13,596.1,599.6,584.5,593.8,1045950
NVTK,2015-08-14,592.0,599.0,590.4,590.7,1000690
NVTK,2015-08-17,591.9,592.2,576.0,584.4,766540
NVTK,2015-08-18,581.0,584.0,572.6,584.0,606020
NVTK,2015-08-19,582.0,588.4,567.6,571.7,940240
NVTK,2015-08-20,572.0,588.0,571.6,586.0,900430
NVTK,2015-08-21,582.0,585.4,562.3,564.0,1084650
NVTK,2015-08-24,558.0,571.0,541.1,567.2,2104470
NVTK,2015-08-25,568.0,576.9,556.3,560.3,1218610
NVTK,2015-08-26,562.6,585.4,552.7,581.2,1188790
NVTK,2015-08-27,585.9,604.9,582.0,599.5,1204030
NVTK,2015-08-28,599.9,618.7,596.9,613.9,1374530
NVTK,2015-08-31,611.2,633.0,606.1,633.0,924690
NVTK,2015-09-01,626.6,627.6,608.1,610.0,1337110
NVTK,2015-09-02,612.9,615.7,605.0,606.0,1422580
NVTK,2015-09-03,610.0,610.0,598.4,602.2,1115400
NVTK,2015-09-04,602.2,606.5,597.7,606.0,827510
NVTK,2015-09-07,605.2,613.8,603.3,611.1,540320
NVTK,2015-09-08,613.3,630.9,612.1,619.0,1233800
NVTK,2015-09-09,624.0,630.0,620.1,621.0,692060
NVTK,2015-09-10,619.1,627.6,613.2,624.3,609250
NVTK,2015-09-11,626.6,634.0,623.4,630.0,669860
NVTK,2015-09-14,631.9,646.3,630.1,634.1,886600
NVTK,2015-09-15,635.0,637.9,625.2,628.1,961010
NVTK,2015-09-16,630.6,632.7,624.0,628.6,1342220
NVTK,2015-09-17,629.6,637.9,622.5,632.0,701100
NVTK,2015-09-18,633.0,641.1,616.5,631.8,1008830
NVTK,2015-09-21,628.0,629.7,617.3,617.3,915100
NVTK,2015-09-22,618.7,621.9,601.5,604.0,860590
NVTK,2015-09-23,604.9,618.3,601.0,612.5,1101300
NVTK,2015-09-24,612.0,613.1,594.4,598.0,1139350
NVTK,2015-09-25,603.0,615.0,590.0,593.0,1114550
NVTK,2015-09-28,597.0,597.0,577.2,577.3,623930
NVTK,2015-09-29,577.3,592.6,572.8,586.2,693500
NVTK,2015-09-30,588.5,604.9,586.2,597.0,1492870
NVTK,2015-10-01,598.9,603.7,581.7,587.8,579850
NVTK,2015-10-02,585.3,590.4,580.1,588.1,595460
NVTK,2015-10-05,588.0,611.9,586.7,608.0,1144870
NVTK,2015-10-06,610.0,625.0,606.6,618.1,825990
NVTK,2015-10-07,616.1,618.0,603.6,604.0,960210
NVTK,2015-10-08,604.0,606.6,592.5,605.6,1299650
NVTK,2015-10-09,608.0,608.5,595.4,606.0,1243540
NVTK,2015-10-12,609.0,609.0,591.2,599.4,1089890
NVTK,2015-10-13,596.5,604.0,589.7,600.9,555880
NVTK,2015-10-14,597.8,605.3,593.0,601.1,689420
NVTK,2015-10-15,602.5,607.8,601.7,604.9,1124090
NVTK,2015-10-16,606.0,607.1,594.0,599.4,817220
NVTK,2015-10-19,597.2,599.0,589.6,598.8,732910
NVTK,2015-10-20,599.0,600.8,583.4,589.5,934790
NVTK,2015-10-21,590.0,594.1,582.6,594.1,880420
NVTK,2015-10-22,593.8,599.7,590.8,596.6,492720
NVTK,2015-10-23,598.8,609.0,596.9,601.1,784880
NVTK,2015-10-26,603.3,607.0,591.6,599.7,1066950
NVTK,2015-10-27,598.5,614.9,590.4,613.9,541690
NVTK,2015-10-28,614.0,617.0,598.4,601.3,916460
NVTK,2015-10-29,601.4,602.9,584.6,586.5,951000
NVTK,2015-10-30,585.6,589.5,579.6,584.3,603400
NVTK,2015-11-02,581.7,588.8,574.1,587.7,830700
NVTK,2015-11-03,588.0,598.4,587.5,591.1,866940
NVTK,2015-11-05,596.8,606.4,594.0,598.0,735990
NVTK,2015-11-06,597.1,605.8,594.4,598.1,778550
NVTK,2015-11-09,598.1,614.9,597.9,606.1,819320
NVTK,2015-11-10,607.0,618.4,596.6,616.0,862290
NVTK,2015-11-11,616.5,616.7,593.3,596.1,777940
NVTK,2015-11-12,593.3,604.0,588.6,591.0,698860
NVTK,2015-11-13,591.9,596.7,585.0,593.2,1018590
NVTK,2015-11-16,594.9,611.5,592.0,606.1,860190
NVTK,2015-11-17,610.3,628.3,609.0,624.5,1600000
NVTK,2015-11-18,628.7,638.7,622.0,631.2,905530
NVTK,2015-11-19,636.0,639.8,620.0,620.2,1219280
NVTK,2015-11-20,622.0,628.9,607.0,627.3,973150
NVTK,2015-11-23,628.5,641.1,617.4,635.0,843020
NVTK,2015-11-24,636.0,636.0,607.0,612.1,1671510
NVTK,2015-11-25,615.5,631.6,615.5,629.5,1012590
NVTK,2015-11-26,629.7,637.6,622.1,627.2,694320
NVTK,2015-11-27,629.0,630.6,620.4,626.4,1157280
NVTK,2015-11-30,622.0,630.0,615.8,621.0,999010
NVTK,2015-12-01,623.8,628.6,605.1,607.6,767010
NVTK,2015-12-02,608.0,622.8,597.6,601.0,630240
NVTK,2015-12-03,597.0,612.5,594.8,608.2,776010
NVTK,2015-12-04,607.0,613.7,573.4,584.3,1686630
NVTK,2015-12-07,587.0,593.2,573.4,580.8,1227980
NVTK,2015-12-08,581.0,584.7,570.0,570.0,1295400
NVTK,2015-12-09,574.0,593.5,572.0,589.1,1413500
NVTK,2015-12-10,590.0,599.5,580.1,582.2,1328790
NVTK,2015-12-11,582.0,582.8,574.0,580.9,723470
NVTK,2015-12-14,574.3,583.6,565.5,570.0,1372000
NVTK,2015-12-15,571.0,592.2,568.0,585.0,1403120
NVTK,2015-12-16,587.0,594.5,584.9,588.0,727340
NVTK,2015-12-17,589.1,606.2,580.5,604.0,1365010
NVTK,2015-12-18,601.0,605.0,573.0,578.2,1570970
NVTK,2015-12-21,578.5,593.5,572.3,575.8,833240
NVTK,2015-12-22,579.0,583.1,570.5,570.6,622330
NVTK,2015-12-23,573.0,591.0,573.0,591.0,823030
NVTK,2015-12-24,594.0,605.0,584.4,587.7,833420
NVTK,2015-12-25,590.0,593.4,580.0,581.8,180700
NVTK,2015-12-28,584.0,586.2,575.0,579.2,360100
NVTK,2015-12-29,582.0,599.5,578.0,599.5,729420
NVTK,2015-12-30,600.2,603.8,590.0,591.0,749850
NVTK,2016-01-04,594.1,594.1,570.3,571.0,861790
NVTK,2016-01-05,572.4,575.7,566.8,573.6,1028660
NVTK,2016-01-06,572.1,575.3,565.0,568.0,604380
NVTK,2016-01-11,562.0,562.9,545.7,550.5,1151900
NVTK,2016-01-12,548.9,568.9,537.0,567.0,1247610
NVTK,2016-01-13,568.8,579.8,565.2,572.8,1165070
NVTK,2016-01-14,567.8,577.0,560.7,576.1,889580
NVTK,2016-01-15,574.1,577.0,537.9,543.7,2732040
NVTK,2016-01-18,540.1,563.7,535.1,559.5,1051760
NVTK,2016-01-19,564.5,584.6,555.4,561.8,1431840
NVTK,2016-01-20,555.6,555.6,540.0,553.7,2331170
NVTK,2016-01-21,553.0,572.1,552.9,568.1,1554020
NVTK,2016-01-22,580.0,602.0,569.0,593.5,2528400
NVTK,2016-01-25,597.5,600.0,581.0,595.7,1110470
NVTK,2016-01-26,590.0,600.0,575.8,577.0,1512250
NVTK,2016-01-27,578.4,602.7,577.6,600.0,1286800
NVTK,2016-01-28,599.5,622.9,599.0,618.4,2393210
NVTK,2016-01-29,620.1,639.2,615.1,639.2,1733300
NVTK,2016-02-01,639.0,644.2,629.6,630.0,1372750
NVTK,2016-02-02,629.0,639.3,621.0,622.1,1258200
NVTK,2016-02-03,619.9,626.1,613.0,613.0,1170910
NVTK,2016-02-04,630.0,642.4,620.2,636.0,1744420
NVTK,2016-02-05,636.0,636.9,620.4,623.3,949610
NVTK,2016-02-08,624.4,628.6,601.0,604.1,1398100
NVTK,2016-02-09,600.0,616.0,598.6,604.9,1951960
NVTK,2016-02-10,602.0,619.6,597.8,615.8,1627470
NVTK,2016-02-11,613.2,613.2,594.1,597.0,2496410
NVTK,2016-02-12,602.3,613.7,602.0,610.0,1189670
NVTK,2016-02-15,614.9,615.9,601.0,607.2,812350
NVTK,2016-02-16,613.0,617.8,602.3,605.2,913820
NVTK,2016-02-17,602.9,621.8,602.9,615.7,1111910
NVTK,2016-02-18,617.1,636.3,617.0,636.3,1146120
NVTK,2016-02-19,633.9,633.9,618.3,629.5,1461930
NVTK,2016-02-20,626.0,628.1,620.2,621.4,110650
NVTK,2016-02-22,623.5,640.6,622.3,640.3,704900
NVTK,2016-02-24,630.3,634.3,621.8,630.8,1238150
NVTK,2016-02-25,631.2,636.7,616.3,634.3,1656450
NVTK,2016-02-26,636.1,650.0,629.6,630.1,2051470
NVTK,2016-02-29,628.7,646.0,622.1,646.0,1192490
NVTK,2016-03-01,641.3,650.0,637.4,637.8,924170
NVTK,2016-03-02,645.3,650.0,634.0,636.0,1107090
NVTK,2016-03-03,636.5,641.8,625.9,628.9,1477160
NVTK,2016-03-04,630.2,633.6,624.0,625.7,988670
NVTK,2016-03-07,627.0,641.8,624.3,639.6,924690
NVTK,2016-03-09,630.6,640.8,625.8,632.0,1078160
NVTK,2016-03-10,629.5,641.4,628.0,634.0,689490
NVTK,2016-03-11,636.2,639.5,622.7,624.4,1165130
NVTK,2016-03-14,629.3,629.3,615.0,624.0,885440
NVTK,2016-03-15,626.0,630.0,620.6,620.6,2827340
NVTK,2016-03-16,622.4,626.3,620.5,623.8,767580
NVTK,2016-03-17,626.6,638.5,610.3,610.5,3371950
NVTK,2016-03-18,613.3,622.7,610.5,610.5,2667580
NVTK,2016-03-21,612.0,613.5,605.5,612.5,1174880
NVTK,2016-03-22,612.7,622.0,608.7,616.2,1307110
NVTK,2016-03-23,614.0,624.3,605.2,608.5,1131180
NVTK,2016-03-24,606.6,611.7,603.8,606.5,862200
NVTK,2016-03-25,607.6,610.9,606.4,608.0,298800
NVTK,2016-03-28,610.0,612.6,599.8,602.2,457400
NVTK,2016-03-29,603.7,603.9,588.8,597.5,807090
NVTK,2016-03-30,599.5,606.0,597.1,599.6,1054050
NVTK,2016-03-31,598.9,604.9,591.6,598.0,1097240
NVTK,2016-04-01,597.0,597.4,583.7,590.0,1240770
NVTK,2016-04-04,592.0,597.0,588.2,590.0,1042210
NVTK,2016-04-05,588.0,601.8,585.0,600.0,1574630
NVTK,2016-04-06,603.0,605.0,595.3,601.6,1420380
NVTK,2016-04-07,603.8,604.9,588.8,591.7,1049410
NVTK,2016-04-08,592.7,594.5,584.4,584.4,1075780
NVTK,2016-04-11,586.4,598.4,581.3,596.8,1991230
NVTK,2016-04-12,598.7,606.1,596.1,599.0,1557360
NVTK,2016-04-13,601.2,615.0,601.2,610.0,2110790
NVTK,2016-04-14,610.0,615.5,600.0,601.7,1607850
NVTK,2016-04-15,602.8,605.6,598.0,602.3,936900
NVTK,2016-04-18,596.9,604.8,596.2,604.0,1363740
NVTK,2016-04-19,604.0,610.5,598.6,604.6,1533560
NVTK,2016-04-20,602.6,607.3,588.0,604.2,2181670
NVTK,2016-04-21,608.0,610.0,596.0,607.7,1669380
NVTK,2016-04-22,607.9,615.3,602.6,611.0,1297480
NVTK,2016-04-25,611.0,619.0,607.1,607.1,1271220
NVTK,2016-04-26,607.6,615.5,605.2,610.9,685520
NVTK,2016-04-27,612.0,623.6,605.6,613.0,1631000
NVTK,2016-04-28,615.3,638.3,613.6,638.1,1631710
NVTK,2016-04-29,632.2,642.4,612.1,612.8,1559070
NVTK,2016-05-04,610.0,632.0,606.4,623.0,1326630
NVTK,2016-05-05,624.0,624.0,610.8,611.1,970200
NVTK,2016-05-06,611.5,623.7,609.9,618.9,948570
NVTK,2016-05-10,618.1,631.0,614.0,623.9,962190
NVTK,2016-05-11,629.0,629.4,616.3,628.8,1095290
NVTK,2016-05-12,629.0,629.2,618.0,620.3,789130
NVTK,2016-05-13,619.0,621.2,612.3,618.4,864370
NVTK,2016-05-16,618.8,630.0,618.0,626.4,729870
NVTK,2016-05-17,628.0,634.7,618.9,632.3,895710
NVTK,2016-05-18,630.2,643.8,628.0,639.2,920830
NVTK,2016-05-19,637.0,646.0,632.2,642.6,780160
NVTK,2016-05-20,641.1,654.9,641.1,654.5,1043190
NVTK,2016-05-23,652.8,654.3,645.3,648.7,677000
NVTK,2016-05-24,648.0,654.5,648.0,651.3,487240
NVTK,2016-05-25,654.9,658.1,647.2,657.3,461190
NVTK,2016-05-26,657.3,668.8,649.0,652.0,1020830
NVTK,2016-05-27,651.1,661.3,646.9,659.9,800300
NVTK,2016-05-30,659.0,673.5,658.7,671.8,381180
NVTK,2016-05-31,669.9,671.9,651.5,659.4,915120
NVTK,2016-06-01,652.2,659.7,648.3,659.0,786530
NVTK,2016-06-02,657.3,665.0,647.0,660.8,637580
NVTK,2016-06-03,661.0,665.0,645.1,654.4,989360
NVTK,2016-06-06,654.4,665.0,651.1,651.1,852600
NVTK,2016-06-07,654.4,679.0,650.1,673.9,986520
NVTK,2016-06-08,677.7,682.0,664.7,665.9,1000730
NVTK,2016-06-09,667.8,683.7,661.1,680.0,1179380
NVTK,2016-06-10,680.0,683.1,659.1,662.0,692750
NVTK,2016-06-14,658.7,669.2,654.0,663.6,740070
NVTK,2016-06-15,661.1,671.5,655.0,655.0,1444860
NVTK,2016-06-16,655.0,659.9,641.2,649.3,1174080
NVTK,2016-06-17,653.3,669.6,643.5,669.6,945250
NVTK,2016-06-20,660.5,667.0,656.2,667.0,782090
NVTK,2016-06-21,666.7,671.0,651.3,659.6,835550
NVTK,2016-06-22,656.2,665.0,651.2,651.2,525700
NVTK,2016-06-23,651.2,662.0,642.5,658.1,544400
NVTK,2016-06-24,641.2,645.9,627.2,630.3,1433790
NVTK,2016-06-27,637.0,637.0,622.0,628.4,717920
NVTK,2016-06-28,632.4,638.0,627.1,627.8,604750
NVTK,2016-06-29,634.0,642.7,628.6,641.9,567890
NVTK,2016-06-30,638.0,648.0,638.0,647.6,552540
NVTK,2016-07-01,648.3,652.4,642.2,644.2,497900
NVTK,2016-07-04,644.5,650.0,639.2,641.5,308900
NVTK,2016-07-05,641.9,641.9,629.0,634.1,597550
NVTK,2016-07-06,629.7,637.7,627.0,632.0,553960
NVTK,2016-07-07,634.5,650.7,634.5,640.0,899250
NVTK,2016-07-08,638.5,642.5,629.2,638.5,1255980
NVTK,2016-07-11,641.5,648.0,635.2,643.2,537570
NVTK,2016-07-12,641.2,665.9,641.2,659.8,980480
NVTK,2016-07-13,659.2,665.9,653.5,660.5,902690
NVTK,2016-07-14,662.4,665.0,647.5,650.2,761060
NVTK,2016-07-15,650.2,663.6,650.2,651.6,641880
NVTK,2016-07-18,654.6,659.4,645.0,648.2,529710
NVTK,2016-07-19,652.3,655.0,641.3,645.1,943750
NVTK,2016-07-20,646.0,649.2,639.5,646.9,732180
NVTK,2016-07-21,649.0,656.8,647.1,653.5,708030
NVTK,2016-07-22,652.9,655.2,645.6,645.9,257970
NVTK,2016-07-25,649.1,654.0,640.6,642.8,606960
NVTK,2016-07-26,644.1,655.0,641.1,655.0,589750
NVTK,2016-07-27,652.6,664.5,646.3,655.4,809170
NVTK,2016-07-28,657.4,661.5,650.1,653.2,864200
NVTK,2016-07-29,653.2,657.3,644.8,648.1,692960
NVTK,2016-08-01,651.6,663.6,651.6,654.8,688140
NVTK,2016-08-02,652.0,653.1,640.0,641.0,1071870
NVTK,2016-08-03,640.0,646.0,640.0,645.0,448620
NVTK,2016-08-04,648.8,658.5,647.4,652.4,1070470
NVTK,2016-08-05,654.5,656.8,644.1,647.3,608430
NVTK,2016-08-08,650.2,654.6,647.0,648.1,352670
NVTK,2016-08-09,647.5,660.8,644.8,652.1,688090
NVTK,2016-08-10,652.9,653.0,642.3,642.4,765120
NVTK,2016-08-11,644.5,645.5,640.0,643.5,801780
NVTK,2016-08-12,647.9,652.4,644.5,650.4,622360
NVTK,2016-08-15,651.9,658.5,649.9,658.4,703130
NVTK,2016-08-16,658.5,674.7,654.4,668.0,1198800
NVTK,2016-08-17,665.8,677.4,665.5,672.7,820760
NVTK,2016-08-18,674.4,680.0,672.1,679.9,810450
NVTK,2016-08-19,679.0,686.0,677.7,680.1,642200
NVTK,2016-08-22,679.0,693.0,672.0,688.6,756310
NVTK,2016-08-23,689.7,699.0,685.3,696.0,489930
NVTK,2016-08-24,697.0,704.5,693.1,697.5,646140
NVTK,2016-08-25,696.4,700.8,692.1,698.8,505660
NVTK,2016-08-26,697.8,710.0,692.2,708.1,842640
NVTK,2016-08-29,702.0,706.1,689.0,695.6,402090
NVTK,2016-08-30,695.8,705.1,692.0,695.7,350400
NVTK,2016-08-31,695.7,695.7,680.2,684.9,565140
NVTK,2016-09-01,684.9,684.9,671.2,678.2,591930
NVTK,2016-09-02,676.2,691.5,671.5,691.5,824340
NVTK,2016-09-05,691.3,703.7,673.4,677.9,1124720
NVTK,2016-09-06,678.0,682.2,671.6,680.1,532690
NVTK,2016-09-07,680.1,683.6,673.9,680.3,520440
NVTK,2016-09-08,680.3,683.9,675.0,679.2,401980
NVTK,2016-09-09,679.2,681.6,674.1,677.9,314850
NVTK,2016-09-12,673.5,676.9,665.5,669.3,793460
NVTK,2016-09-13,670.0,675.6,651.0,653.9,855670
NVTK,2016-09-14,654.0,655.0,645.0,651.4,835150
NVTK,2016-09-15,652.0,668.5,645.0,660.7,819500
NVTK,2016-09-16,664.8,670.9,655.0,665.5,875190
NVTK,2016-09-19,667.0,670.1,655.0,658.4,567440
NVTK,2016-09-20,658.0,658.0,632.2,639.1,2110650
NVTK,2016-09-21,642.3,648.0,638.1,643.3,684380
NVTK,2016-09-22,645.6,664.0,638.8,661.0,960080
NVTK,2016-09-23,659.0,665.6,651.1,665.0,841650
NVTK,2016-09-26,662.3,664.8,653.7,662.4,556410
NVTK,2016-09-27,664.5,664.5,650.2,663.8,542850
NVTK,2016-09-28,664.4,675.0,660.2,670.5,646560
NVTK,2016-09-29,675.7,681.8,667.6,678.5,869470
NVTK,2016-09-30,676.6,686.1,670.8,682.5,652230
NVTK,2016-10-03,682.2,682.6,665.7,674.0,606840
NVTK,2016-10-04,675.0,675.7,666.3,673.6,633880
NVTK,2016-10-05,670.5,670.5,659.2,669.0,843840
NVTK,2016-10-06,666.6,668.0,660.1,667.0,311440
NVTK,2016-10-07,667.7,678.3,666.1,674.1,738800
NVTK,2016-10-10,670.2,675.6,665.6,674.5,515720
NVTK,2016-10-11,669.6,684.4,669.5,681.3,616700
NVTK,2016-10-12,681.5,683.9,673.0,677.0,699860
NVTK,2016-10-13,679.6,679.7,673.4,679.0,435400
NVTK,2016-10-14,679.8,683.2,673.2,677.5,424220
NVTK,2016-10-17,677.0,677.1,664.2,665.3,663880
NVTK,2016-10-18,672.0,676.2,665.6,671.1,410820
NVTK,2016-10-19,668.6,670.5,662.6,668.0,422830
NVTK,2016-10-20,667.7,668.7,656.5,661.0,398110
NVTK,2016-10-21,660.8,661.6,652.8,656.0,259070
NVTK,2016-10-24,658.9,662.4,653.6,654.2,626980
NVTK,2016-10-25,660.3,671.3,654.4,665.8,743720
NVTK,2016-10-26,662.6,671.4,662.3,668.9,483850
NVTK,2016-10-27,669.5,675.0,663.2,668.9,378920
NVTK,2016-10-28,669.0,669.8,661.6,665.2,265860
NVTK,2016-10-31,665.2,666.5,652.9,660.8,712610
NVTK,2016-11-01,665.0,670.0,653.8,653.8,842620
NVTK,2016-11-02,653.8,657.0,642.2,645.0,1067230
NVTK,2016-11-03,647.0,647.1,640.0,640.0,950980
NVTK,2016-11-07,640.5,655.0,640.5,652.3,450300
NVTK,2016-11-08,652.3,660.0,644.7,648.1,514020
NVTK,2016-11-09,633.2,669.2,633.2,668.0,1022110
NVTK,2016-11-10,669.9,696.1,661.0,686.0,1692600
NVTK,2016-11-11,680.3,697.6,672.1,685.4,950940
NVTK,2016-11-14,686.0,697.6,670.7,676.5,667140
NVTK,2016-11-15,680.4,687.5,664.3,679.4,1352200
NVTK,2016-11-16,681.0,698.2,678.6,692.0,839120
NVTK,2016-11-17,691.1,702.9,688.0,700.9,1154310
NVTK,2016-11-18,700.0,707.4,699.1,704.7,702100
NVTK,2016-11-21,706.1,717.6,701.5,717.0,1028790
NVTK,2016-11-22,718.0,722.7,707.1,717.4,883150
NVTK,2016-11-23,717.1,729.4,716.3,727.5,856070
NVTK,2016-11-24,728.8,738.4,725.2,735.9,663190
NVTK,2016-11-25,736.8,736.8,725.8,728.5,358430
NVTK,2016-11-28,728.0,729.9,717.6,724.1,354320
NVTK,2016-11-29,723.9,725.1,709.0,719.5,566710
NVTK,2016-11-30,717.7,740.0,713.8,732.0,1236760
NVTK,2016-12-01,734.4,742.7,729.1,731.2,617990
NVTK,2016-12-02,731.0,738.0,724.0,733.0,592520
NVTK,2016-12-05,732.0,760.0,730.1,760.0,949240
NVTK,2016-12-06,756.3,775.4,755.3,761.9,769110
NVTK,2016-12-07,760.6,773.5,755.1,770.0,800180
NVTK,2016-12-08,774.5,775.0,765.0,765.0,604910
NVTK,2016-12-09,765.1,783.5,762.1,768.0,690480
NVTK,2016-12-12,773.8,798.7,745.7,764.8,1335230
NVTK,2016-12-13,766.0,800.7,766.0,799.4,1403970
NVTK,2016-12-14,799.4,800.7,786.7,792.2,1124650
NVTK,2016-12-15,788.2,790.0,766.4,784.1,2837800
NVTK,2016-12-16,788.5,800.1,777.0,793.0,893840
NVTK,2016-12-19,799.0,799.0,783.4,787.4,456090
NVTK,2016-12-20,787.0,792.4,777.9,779.2,591860
NVTK,2016-12-21,781.6,783.7,765.6,775.1,547030
NVTK,2016-12-22,772.1,773.6,760.0,770.0,776420
NVTK,2016-12-23,768.0,777.7,748.1,760.4,846690
NVTK,2016-12-26,760.3,762.0,755.0,759.3,101370
NVTK,2016-12-27,758.2,776.7,758.2,775.0,339760
NVTK,2016-12-28,776.9,778.5,760.0,766.0,585790
NVTK,2016-12-29,766.0,775.4,756.2,765.5,696810
NVTK,2016-12-30,765.8,796.1,765.1,791.9,709750
NVTK,2017-01-03,795.0,799.8,783.0,783.0,1017530
NVTK,2017-01-04,780.0,786.1,770.0,775.0,506310
NVTK,2017-01-05,777.0,777.8,748.4,756.4,824320
NVTK,2017-01-06,754.0,764.9,745.9,754.9,595570
NVTK,2017-01-09,758.9,761.8,747.6,755.4,439030
NVTK,2017-01-10,755.4,773.0,754.6,766.7,964310
NVTK,2017-01-11,766.7,770.5,740.2,748.7,947220
NVTK,2017-01-12,756.4,761.0,746.6,752.4,701620
NVTK,2017-01-13,754.8,754.8,733.6,739.9,723370
NVTK,2017-01-16,739.9,744.5,723.0,741.1,533830
NVTK,2017-01-17,741.1,742.6,726.9,736.8,516730
NVTK,2017-01-18,737.8,743.7,728.0,732.6,552500
NVTK,2017-01-19,732.9,734.0,716.6,720.2,1056250
NVTK,2017-01-20,721.1,727.6,716.0,723.3,737800
NVTK,2017-01-23,721.1,721.1,701.0,704.5,1156520
NVTK,2017-01-24,705.9,740.9,704.0,740.9,1426430
NVTK,2017-01-25,738.1,753.2,731.3,751.7,1304370
NVTK,2017-01-26,754.9,772.4,752.3,769.0,1314670
NVTK,2017-01-27,769.0,792.9,760.7,780.0,1505850
NVTK,2017-01-30,772.1,777.9,766.6,772.8,520840
NVTK,2017-01-31,771.0,773.2,757.8,759.8,659620
NVTK,2017-02-01,760.0,766.2,750.9,764.8,691580
NVTK,2017-02-02,764.0,768.6,746.0,746.0,790220
NVTK,2017-02-03,748.1,769.0,748.1,763.3,865270
NVTK,2017-02-06,763.3,770.9,755.8,759.8,749180
NVTK,2017-02-07,759.5,761.7,755.0,761.1,647940
NVTK,2017-02-08,761.0,762.0,748.1,755.0,705770
NVTK,2017-02-09,754.0,757.4,725.5,735.2,778530
NVTK,2017-02-10,735.2,746.7,728.6,744.2,516330
NVTK,2017-02-13,744.0,757.1,740.4,756.5,502690
NVTK,2017-02-14,755.9,756.8,736.4,747.0,684180
NVTK,2017-02-15,749.9,755.5,732.0,750.0,480520
NVTK,2017-02-16,755.5,756.1,742.4,756.1,568140
NVTK,2017-02-17,756.1,760.9,751.9,759.5,545410
NVTK,2017-02-20,759.5,763.3,747.4,754.9,415420
NVTK,2017-02-21,752.6,781.7,748.9,779.0,1181890
NVTK,2017-02-22,782.1,785.0,770.1,778.9,1031490
NVTK,2017-02-24,775.0,787.5,772.7,783.0,671460
NVTK,2017-02-27,783.7,783.7,755.0,757.5,705720
NVTK,2017-02-28,757.0,757.9,737.1,754.0,712490
NVTK,2017-03-01,756.5,758.7,740.0,751.7,743600
NVTK,2017-03-02,752.0,759.4,739.8,739.8,1017080
NVTK,2017-03-03,737.8,746.3,730.2,746.3,660400
NVTK,2017-03-06,746.3,759.9,741.1,755.0,531280
NVTK,2017-03-07,756.0,759.5,732.2,746.3,761150
NVTK,2017-03-09,735.0,747.6,713.0,715.2,1300070
NVTK,2017-03-10,723.4,725.1,707.3,707.3,1196840
NVTK,2017-03-13,710.8,722.8,708.2,721.8,542350
NVTK,2017-03-14,724.0,734.4,714.4,717.4,832440
NVTK,2017-03-15,724.1,732.7,715.7,723.2,675680
NVTK,2017-03-16,726.0,734.3,712.6,722.1,1997420
NVTK,2017-03-17,722.0,742.0,720.1,740.0,842800
NVTK,2017-03-20,745.1,745.1,730.3,738.1,555440
NVTK,2017-03-21,743.4,751.2,737.2,742.5,614970
NVTK,2017-03-22,740.0,747.0,727.1,747.0,745100
NVTK,2017-03-23,745.0,752.3,731.6,738.6,518450
NVTK,2017-03-24,737.2,745.4,730.6,736.0,401710
NVTK,2017-03-27,735.0,735.0,715.8,727.7,436670
NVTK,2017-03-28,730.6,740.6,721.3,740.6,621940
NVTK,2017-03-29,733.0,742.8,724.7,729.2,478210
NVTK,2017-03-30,729.9,731.5,712.1,714.1,927870
NVTK,2017-03-31,714.6,717.1,702.2,704.9,967050
NVTK,2017-04-03,705.7,706.6,695.3,701.5,650650
NVTK,2017-04-04,702.1,723.9,702.1,723.0,922410
NVTK,2017-04-05,723.2,739.4,722.4,733.3,1001060
NVTK,2017-04-06,729.5,738.8,727.1,736.5,914670
NVTK,2017-04-07,732.0,737.3,720.6,736.7,958500
NVTK,2017-04-10,733.7,736.3,709.3,712.7,819100
NVTK,2017-04-11,712.3,714.5,702.7,710.1,1037320
NVTK,2017-04-12,712.3,715.6,697.0,702.7,675060
NVTK,2017-04-13,703.4,706.2,681.2,699.9,1465760
NVTK,2017-04-14,699.9,699.9,680.0,685.0,249350
NVTK,2017-04-17,688.0,688.0,668.5,679.0,536640
NVTK,2017-04-18,685.0,690.9,678.4,684.4,729070
NVTK,2017-04-19,687.4,694.6,674.6,678.8,514040
NVTK,2017-04-20,678.9,688.7,671.5,685.1,675780
NVTK,2017-04-21,688.1,697.1,677.5,683.7,933000
NVTK,2017-04-24,689.1,694.2,684.0,689.6,549850
NVTK,2017-04-25,692.5,705.1,681.2,696.8,778650
NVTK,2017-04-26,702.0,709.5,697.2,709.5,595900
NVTK,2017-04-27,706.3,708.4,690.5,697.1,980210
NVTK,2017-04-28,695.0,698.7,687.1,695.4,891140
NVTK,2017-05-02,692.0,699.6,687.1,695.7,1247860
NVTK,2017-05-03,695.5,698.6,682.1,687.4,778850
NVTK,2017-05-04,688.3,700.1,686.3,693.0,527560
NVTK,2017-05-05,690.0,699.5,682.4,696.0,710740
NVTK,2017-05-10,703.0,705.0,683.6,692.0,1016120
NVTK,2017-05-11,693.5,694.9,679.0,682.9,458700
NVTK,2017-05-12,683.8,684.0,670.5,677.0,607600
NVTK,2017-05-15,678.6,684.7,670.0,684.0,586420
NVTK,2017-05-16,682.3,689.8,673.0,678.1,627600
NVTK,2017-05-17,677.4,685.4,671.0,685.2,718470
NVTK,2017-05-18,684.2,694.1,677.0,677.7,1095000
NVTK,2017-05-19,681.8,689.4,673.7,684.4,707930
NVTK,2017-05-22,683.2,685.0,674.6,680.0,547190
NVTK,2017-05-23,680.0,682.0,675.2,681.0,372300
NVTK,2017-05-24,679.0,688.5,678.6,687.0,686480
NVTK,2017-05-25,689.4,689.4,675.5,680.1,986320
NVTK,2017-05-26,677.0,685.0,658.0,658.2,1354070
NVTK,2017-05-29,658.5,662.9,642.4,650.0,534840
NVTK,2017-05-30,647.5,660.7,645.5,650.6,690540
NVTK,2017-05-31,647.7,657.3,636.1,641.0,956210
NVTK,2017-06-01,640.0,649.1,618.2,624.7,1383280
NVTK,2017-06-02,621.7,625.4,610.0,615.0,1114770
NVTK,2017-06-05,616.1,618.4,605.0,609.0,655960
NVTK,2017-06-06,611.0,620.6,608.9,618.0,575020
NVTK,2017-06-07,618.9,627.7,613.1,615.0,601120
NVTK,2017-06-08,616.8,626.0,613.6,624.6,540920
NVTK,2017-06-09,624.8,640.7,620.1,634.3,700240
NVTK,2017-06-13,632.0,632.9,610.2,616.1,940350
NVTK,2017-06-14,614.0,623.3,613.5,622.2,951420
NVTK,2017-06-15,622.2,624.8,601.5,617.7,3971800
NVTK,2017-06-16,617.7,621.9,607.2,616.9,839720
NVTK,2017-06-19,616.8,629.3,612.0,626.7,579550
NVTK,2017-06-20,630.7,634.1,616.0,619.8,747380
NVTK,2017-06-21,619.0,622.7,609.5,611.0,684960
NVTK,2017-06-22,613.0,626.8,607.5,624.1,1110820
NVTK,2017-06-23,626.3,633.6,617.0,625.9,906160
NVTK,2017-06-26,625.9,630.0,617.0,621.9,702120
NVTK,2017-06-27,619.5,642.5,618.0,634.8,600750
NVTK,2017-06-28,633.0,640.1,628.0,635.6,632970
NVTK,2017-06-29,639.2,652.0,636.1,641.7,1191510
NVTK,2017-06-30,642.1,654.8,640.0,645.5,1241220
NVTK,2017-07-03,645.5,660.0,644.2,658.9,868610
NVTK,2017-07-04,659.2,666.8,655.2,657.7,594810
NVTK,2017-07-05,657.0,661.9,651.0,651.7,655170
NVTK,2017-07-06,653.1,656.5,643.2,646.5,632550
NVTK,2017-07-07,643.0,649.0,634.0,641.0,738540
NVTK,2017-07-10,636.1,645.8,630.0,638.6,820550
NVTK,2017-07-11,641.3,643.1,634.7,638.5,963020
NVTK,2017-07-12,641.0,649.0,636.0,639.3,1053460
NVTK,2017-07-13,639.7,643.9,628.2,633.5,603060
NVTK,2017-07-14,631.7,632.8,625.2,625.2,375180
NVTK,2017-07-17,626.3,631.8,620.1,625.0,410190
NVTK,2017-07-18,627.0,629.0,612.8,617.0,822110
NVTK,2017-07-19,614.9,626.4,612.9,624.8,653270
NVTK,2017-07-20,625.0,629.5,618.9,627.6,527590
NVTK,2017-07-21,625.1,627.2,616.3,617.1,403940
NVTK,2017-07-24,618.6,624.3,611.3,624.3,613670
NVTK,2017-07-25,623.2,623.6,611.0,614.0,881240
NVTK,2017-07-26,616.0,619.7,609.0,612.5,749620
NVTK,2017-07-27,614.0,617.2,612.1,615.9,742120
NVTK,2017-07-28,614.8,614.8,600.5,604.9,714780
NVTK,2017-07-31,605.0,611.1,598.0,607.7,1100940
NVTK,2017-08-01,611.0,621.3,604.4,613.1,858390
NVTK,2017-08-02,613.1,625.7,609.3,621.4,1014160
NVTK,2017-08-03,625.7,625.9,615.7,617.9,647120
NVTK,2017-08-04,615.7,618.9,609.0,609.0,855760
NVTK,2017-08-07,610.2,616.1,609.6,614.1,459820
NVTK,2017-08-08,615.8,624.7,615.0,624.7,1176950
NVTK,2017-08-09,621.1,621.8,612.2,615.0,653520
NVTK,2017-08-10,615.5,624.0,612.3,614.0,747990
NVTK,2017-08-11,614.0,617.3,609.1,613.5,892290
NVTK,2017-08-14,614.2,618.6,603.7,604.5,855050
NVTK,2017-08-15,605.0,607.1,595.6,603.9,1063190
NVTK,2017-08-16,602.6,603.9,599.0,599.0,721690
NVTK,2017-08-17,599.0,599.0,591.1,595.6,757050
NVTK,2017-08-18,594.0,596.7,590.2,596.7,527900
NVTK,2017-08-21,594.5,606.3,593.5,605.2,565850
NVTK,2017-08-22,605.5,614.5,605.0,612.1,661660
NVTK,2017-08-23,611.5,614.9,602.1,602.1,778370
NVTK,2017-08-24,604.5,605.4,601.4,602.0,301410
NVTK,2017-08-25,603.7,604.5,599.0,603.8,364720
NVTK,2017-08-28,605.0,605.9,595.0,596.0,437010
NVTK,2017-08-29,595.9,596.9,590.6,594.1,554720
NVTK,2017-08-30,595.0,602.8,593.7,601.2,1262750
NVTK,2017-08-31,601.2,611.0,597.6,599.3,1179950
NVTK,2017-09-01,600.1,604.1,596.5,596.5,555670
NVTK,2017-09-04,595.0,602.1,594.0,597.7,512230
NVTK,2017-09-05,601.3,604.0,597.5,602.0,593320
NVTK,2017-09-06,601.0,601.6,592.3,599.8,828010
NVTK,2017-09-07,601.0,609.2,598.5,600.0,1233540
NVTK,2017-09-08,601.4,609.3,601.4,606.2,731980
NVTK,2017-09-11,609.0,611.8,599.1,600.1,951200
NVTK,2017-09-12,600.2,606.0,600.0,604.5,721200
NVTK,2017-09-13,606.6,608.0,602.7,606.0,1009080
NVTK,2017-09-14,605.0,606.6,601.2,606.1,784690
NVTK,2017-09-15,605.5,610.0,602.1,610.0,1265610
NVTK,2017-09-18,609.9,623.1,605.6,623.0,1581620
NVTK,2017-09-19,623.2,629.6,620.3,627.0,951230
NVTK,2017-09-20,626.0,643.9,626.0,636.8,1231990
NVTK,2017-09-21,635.5,655.0,635.2,651.5,1783950
NVTK,2017-09-22,651.0,651.2,643.2,645.4,995480
NVTK,2017-09-25,645.5,653.6,644.2,651.7,809730
NVTK,2017-09-26,653.5,665.0,651.8,662.3,1047540
NVTK,2017-09-27,658.3,664.8,652.9,660.3,1046140
NVTK,2017-09-28,660.3,667.7,657.0,657.0,961750
NVTK,2017-09-29,659.8,664.0,655.0,664.0,700460
NVTK,2017-10-02,662.6,665.9,659.0,660.0,588720
NVTK,2017-10-03,660.0,663.9,653.6,663.5,747410
NVTK,2017-10-04,660.6,669.0,660.6,668.4,645760
NVTK,2017-10-05,667.9,681.0,665.4,680.0,957910
NVTK,2017-10-06,681.0,686.4,673.0,677.1,1134210
NVTK,2017-10-09,674.4,674.4,666.0,666.1,740550
NVTK,2017-10-10,665.0,673.7,661.3,666.7,552500
NVTK,2017-10-11,667.1,683.0,667.1,681.6,753810
NVTK,2017-10-12,680.3,680.5,672.5,675.3,470720
NVTK,2017-10-13,675.2,677.1,663.2,669.0,673870
NVTK,2017-10-16,668.2,674.7,662.8,667.1,642960
NVTK,2017-10-17,667.9,667.9,656.6,657.7,531520
NVTK,2017-10-18,658.1,664.8,656.0,664.6,608380
NVTK,2017-10-19,664.6,664.6,656.9,660.7,494100
NVTK,2017-10-20,662.0,662.9,656.8,661.8,620890
NVTK,2017-10-23,661.1,668.0,658.0,664.0,522370
NVTK,2017-10-24,665.5,666.8,656.0,656.0,595820
NVTK,2017-10-25,658.8,660.1,643.2,650.7,1283690
NVTK,2017-10-26,650.2,653.3,641.7,647.0,691490
NVTK,2017-10-27,649.0,653.0,645.3,651.8,766350
NVTK,2017-10-30,653.3,653.9,647.3,649.0,539490
NVTK,2017-10-31,650.0,657.0,647.0,651.0,572140
NVTK,2017-11-01,655.5,660.6,649.3,654.0,718990
NVTK,2017-11-02,654.5,656.0,649.0,652.0,463050
NVTK,2017-11-03,653.0,657.3,650.1,651.1,454140
NVTK,2017-11-07,655.4,674.9,655.1,672.0,1647160
NVTK,2017-11-08,672.0,681.8,666.8,674.2,652290
NVTK,2017-11-09,676.5,680.0,667.3,674.3,776430
NVTK,2017-11-10,671.3,676.0,662.2,675.2,827690
NVTK,2017-11-13,675.2,686.0,669.0,673.5,855660
NVTK,2017-11-14,667.0,679.3,667.0,675.2,702850
NVTK,2017-11-15,671.2,677.7,655.2,656.8,748330
NVTK,2017-11-16,656.8,664.4,650.3,663.5,550560
NVTK,2017-11-17,663.5,663.5,653.1,658.4,400380
NVTK,2017-11-20,658.5,667.3,653.5,665.0,409320
NVTK,2017-11-21,666.8,675.8,665.4,667.0,696200
NVTK,2017-11-22,668.0,677.7,667.6,671.1,425130
NVTK,2017-11-23,674.8,675.5,668.0,669.9,359950
NVTK,2017-11-24,670.0,681.3,668.8,673.3,707750
NVTK,2017-11-27,673.1,674.7,657.1,661.4,718120
NVTK,2017-11-28,663.5,678.7,657.3,678.7,624620
NVTK,2017-11-29,676.1,676.9,659.5,666.4,670990
NVTK,2017-11-30,666.0,668.4,650.0,650.0,763140
NVTK,2017-12-01,650.6,668.6,647.3,663.5,722610
NVTK,2017-12-04,665.9,672.4,652.7,666.0,815480
NVTK,2017-12-05,663.9,674.1,660.3,669.8,479420
NVTK,2017-12-06,670.9,679.0,665.3,673.0,479340
NVTK,2017-12-07,673.0,677.1,666.3,677.1,646990
NVTK,2017-12-08,676.3,681.1,665.5,668.4,654670
NVTK,2017-12-11,668.4,676.9,666.3,676.9,506500
NVTK,2017-12-12,676.7,695.9,673.3,695.0,1083000
NVTK,2017-12-13,695.6,696.2,686.6,690.0,624060
NVTK,2017-12-14,690.8,697.3,682.8,686.0,640920
NVTK,2017-12-15,686.1,698.0,684.4,698.0,670770
NVTK,2017-12-18,695.0,699.9,683.0,688.6,963260
NVTK,2017-12-19,688.6,693.2,675.0,680.0,592140
NVTK,2017-12-20,676.3,682.1,662.6,665.1,836530
NVTK,2017-12-21,667.0,677.9,666.1,674.7,1161400
NVTK,2017-12-22,674.7,685.0,672.8,684.4,329410
NVTK,2017-12-25,682.0,688.5,671.0,671.8,185170
NVTK,2017-12-26,673.9,674.5,665.2,671.5,205620
NVTK,2017-12-27,673.0,680.8,670.0,679.5,347370
NVTK,2017-12-28,679.9,679.9,670.0,676.0,243870
NVTK,2017-12-29,676.0,678.0,670.6,677.7,222320
NVTK,2018-01-03,679.8,696.8,678.3,695.1,515990
NVTK,2018-01-04,695.2,705.7,691.7,697.3,634300
NVTK,2018-01-05,695.5,705.3,694.5,701.0,574550
NVTK,2018-01-09,704.0,705.7,692.4,695.4,785260
NVTK,2018-01-10,695.2,696.0,680.5,685.4,1184750
NVTK,2018-01-11,685.0,689.2,680.0,687.4,977130
NVTK,2018-01-12,689.1,689.3,676.1,679.2,1031570
NVTK,2018-01-15,680.0,691.3,678.0,690.4,729450
NVTK,2018-01-16,693.4,696.9,684.9,686.9,576840
NVTK,2018-01-17,689.9,692.5,668.0,689.1,1015670
NVTK,2018-01-18,689.2,695.7,687.5,693.0,709950
NVTK,2018-01-19,693.0,700.6,691.6,700.0,785210
NVTK,2018-01-22,700.1,704.9,696.2,704.0,895750
NVTK,2018-01-23,704.1,705.9,700.9,703.9,1194310
NVTK,2018-01-24,705.9,710.8,701.4,709.0,634970
NVTK,2018-01-25,710.5,723.0,707.0,717.2,1116310
NVTK,2018-01-26,717.0,726.2,707.1,718.6,871000
NVTK,2018-01-29,720.0,721.4,703.3,714.7,711740
NVTK,2018-01-30,710.0,716.0,704.2,711.6,1172480
NVTK,2018-01-31,708.0,727.9,705.3,727.7,997600
NVTK,2018-02-01,725.0,734.4,722.3,732.0,790660
NVTK,2018-02-02,732.9,744.4,727.0,733.0,1436680
NVTK,2018-02-05,730.0,731.4,708.0,728.0,1092580
NVTK,2018-02-06,709.0,738.0,709.0,729.7,1738770
NVTK,2018-02-07,731.9,742.0,731.7,736.4,887740
NVTK,2018-02-08,736.0,743.4,728.6,731.0,920020
NVTK,2018-02-09,727.5,733.1,708.9,714.4,1455010
NVTK,2018-02-12,720.0,730.6,712.5,718.0,1134410
NVTK,2018-02-13,716.0,722.6,712.4,719.1,1346190
NVTK,2018-02-14,720.3,730.0,715.7,730.0,1223720
NVTK,2018-02-15,732.6,746.0,728.0,741.8,1364940
NVTK,2018-02-16,744.9,758.2,737.5,737.6,1378650
NVTK,2018-02-19,738.8,745.1,726.0,729.1,949150
NVTK,2018-02-20,732.5,737.1,723.7,728.0,872820
NVTK,2018-02-21,728.9,739.9,724.6,739.9,964790
NVTK,2018-02-22,739.9,739.9,731.1,735.9,676050
NVTK,2018-02-26,740.3,754.5,732.1,734.0,1379520
NVTK,2018-02-27,736.0,742.5,734.0,735.0,604380
NVTK,2018-02-28,735.5,736.5,710.0,710.0,971410
NVTK,2018-03-01,714.2,734.9,714.2,732.9,793620
NVTK,2018-03-02,732.0,736.2,716.0,732.0,647100
NVTK,2018-03-05,733.0,740.0,730.2,736.4,449020
NVTK,2018-03-06,739.1,742.8,730.9,736.9,474160
NVTK,2018-03-07,734.9,734.9,715.0,729.3,1008310
NVTK,2018-03-09,727.3,739.0,725.6,737.5,413120
NVTK,2018-03-12,740.5,746.7,733.8,744.8,594430
NVTK,2018-03-13,744.1,746.2,730.1,731.6,719700
NVTK,2018-03-14,730.0,732.0,720.3,726.7,869780
NVTK,2018-03-15,725.7,735.0,721.5,734.5,1150370
NVTK,2018-03-16,735.0,787.0,729.6,747.1,1653840
NVTK,2018-03-19,747.1,758.1,738.1,757.0,1001440
NVTK,2018-03-20,758.9,763.5,744.4,757.5,875350
NVTK,2018-03-21,759.0,762.0,751.0,760.4,612880
NVTK,2018-03-22,760.9,762.0,747.2,748.7,532780
NVTK,2018-03-23,742.7,754.0,738.4,750.0,752370
NVTK,2018-03-26,748.7,750.9,734.3,743.1,678090
NVTK,2018-03-27,744.0,752.8,734.5,752.8,643060
NVTK,2018-03-28,747.5,753.7,737.2,743.0,752300
NVTK,2018-03-29,742.9,746.4,736.1,741.9,475100
NVTK,2018-03-30,743.8,746.8,737.6,737.6,172960
NVTK,2018-04-02,740.3,745.0,734.0,735.2,338990
NVTK,2018-04-03,737.4,743.7,735.3,741.0,379630
NVTK,2018-04-04,743.0,753.1,742.8,753.1,670780
NVTK,2018-04-05,754.0,773.9,754.0,770.0,946040
NVTK,2018-04-06,768.0,775.7,758.2,762.3,639020
NVTK,2018-04-09,762.0,779.2,656.3,710.9,3631270
NVTK,2018-04-10,713.8,751.9,707.8,747.5,3064430
NVTK,2018-04-11,747.5,758.0,722.5,743.4,2484320
NVTK,2018-04-12,749.0,757.8,735.3,739.0,1496340
NVTK,2018-04-13,743.9,744.8,725.0,732.1,1315870
NVTK,2018-04-16,723.9,734.7,709.1,716.0,1270740
NVTK,2018-04-17,726.7,736.9,720.1,728.0,1087080
NVTK,2018-04-18,728.7,748.5,725.7,746.1,1010070
NVTK,2018-04-19,749.0,755.1,733.0,734.1,786690
NVTK,2018-04-20,736.2,744.9,735.7,738.6,643050
NVTK,2018-04-23,739.1,749.0,729.0,743.7,1279340
NVTK,2018-04-24,748.0,748.2,738.0,743.7,640280
NVTK,2018-04-25,741.9,743.9,728.7,740.4,763140
NVTK,2018-04-26,744.9,760.0,741.4,760.0,963830
NVTK,2018-04-27,759.9,770.8,753.4,770.8,737760
NVTK,2018-04-28,768.8,770.0,762.3,766.1,177060
NVTK,2018-04-30,769.8,774.6,762.5,770.0,599760
NVTK,2018-05-02,763.9,765.2,755.6,758.2,568680
NVTK,2018-05-03,756.0,762.0,740.5,748.4,682230
NVTK,2018-05-04,750.8,765.7,750.2,765.7,574550
NVTK,2018-05-07,765.8,771.5,750.0,754.0,625090
NVTK,2018-05-08,755.0,758.0,746.0,754.0,784600
NVTK,2018-05-10,758.0,766.0,754.9,765.0,791690
NVTK,2018-05-11,766.7,778.7,764.4,769.5,1103330
NVTK,2018-05-14,767.3,778.0,766.5,774.3,615220
NVTK,2018-05-15,775.2,779.5,768.5,772.2,915050
NVTK,2018-05-16,775.0,778.5,766.9,768.3,720640
NVTK,2018-05-17,770.1,774.4,768.1,770.6,507900
NVTK,2018-05-18,773.4,776.0,767.0,772.8,563320
NVTK,2018-05-21,776.3,782.7,773.1,775.1,593610
NVTK,2018-05-22,778.0,778.1,766.5,770.0,510480
NVTK,2018-05-23,770.4,770.4,757.7,761.3,527960
NVTK,2018-05-24,762.0,763.5,752.3,757.2,750300
NVTK,2018-05-25,759.9,812.8,759.9,808.1,2858900
NVTK,2018-05-28,805.5,807.4,795.6,802.5,670400
NVTK,2018-05-29,802.0,832.6,800.2,825.4,2034450
NVTK,2018-05-30,820.0,830.3,820.0,821.2,1347120
NVTK,2018-05-31,823.2,845.0,822.3,838.2,1382160
NVTK,2018-06-01,840.0,843.6,831.8,838.4,967460
NVTK,2018-06-04,838.4,846.3,836.6,841.0,524050
NVTK,2018-06-05,840.2,851.4,836.7,847.1,911130
NVTK,2018-06-06,848.2,854.5,844.3,844.4,662770
NVTK,2018-06-07,850.6,850.7,842.2,848.0,507480
NVTK,2018-06-08,846.0,848.4,821.1,824.2,1043960
NVTK,2018-06-09,828.6,833.4,825.6,827.1,69680
NVTK,2018-06-11,827.6,834.9,821.2,828.2,370150
NVTK,2018-06-13,833.0,835.0,812.7,824.0,677800
NVTK,2018-06-14,821.1,822.0,800.0,813.8,923830
NVTK,2018-06-15,813.0,819.7,796.4,804.0,1830420
NVTK,2018-06-18,802.0,811.5,790.2,799.5,923600
NVTK,2018-06-19,795.3,811.0,787.1,805.0,1012690
NVTK,2018-06-20,807.9,847.7,800.7,847.0,1337580
NVTK,2018-06-21,845.0,850.0,830.6,832.3,940070
NVTK,2018-06-22,836.5,842.5,821.5,827.8,864760
NVTK,2018-06-25,831.0,835.7,823.5,829.1,410710
NVTK,2018-06-26,830.0,836.0,827.3,833.3,251640
NVTK,2018-06-27,836.0,851.0,831.0,840.9,598070
NVTK,2018-06-28,844.0,849.7,839.0,845.0,609480
NVTK,2018-06-29,848.0,865.2,845.3,852.8,1246790
NVTK,2018-07-02,854.4,882.2,848.1,879.3,1149680
NVTK,2018-07-03,876.7,879.9,866.9,879.9,553280
NVTK,2018-07-04,875.4,880.8,872.9,874.7,296410
NVTK,2018-07-05,876.0,903.7,872.6,903.7,959740
NVTK,2018-07-06,903.1,911.4,890.4,907.2,709800
NVTK,2018-07-09,907.2,920.5,901.3,906.2,682140
NVTK,2018-07-10,910.0,923.0,895.1,901.3,1028680
NVTK,2018-07-11,900.0,913.8,892.2,909.8,976440
NVTK,2018-07-12,905.0,907.1,881.5,891.8,1017450
NVTK,2018-07-13,891.5,901.8,882.8,897.2,523800
NVTK,2018-07-16,897.0,900.4,889.2,898.0,758680
NVTK,2018-07-17,893.9,895.7,882.4,886.0,1059220
NVTK,2018-07-18,887.0,897.7,884.5,893.0,693670
NVTK,2018-07-19,896.1,901.7,880.5,890.8,848400
NVTK,2018-07-20,895.2,895.2,875.0,881.6,946000
NVTK,2018-07-23,881.8,883.0,866.5,871.0,955720
NVTK,2018-07-24,868.1,875.0,865.0,875.0,757210
NVTK,2018-07-25,871.5,898.5,868.0,895.7,883930
NVTK,2018-07-26,895.9,920.9,895.9,914.5,1309130
NVTK,2018-07-27,916.1,920.9,908.8,920.0,481900
NVTK,2018-07-30,915.0,917.5,907.8,907.8,594440
NVTK,2018-07-31,906.2,929.9,902.3,924.4,1169070
NVTK,2018-08-01,928.9,938.0,920.4,930.2,731920
NVTK,2018-08-02,930.0,937.9,925.7,929.4,860130
NVTK,2018-08-03,927.5,941.5,915.6,924.9,955920
NVTK,2018-08-06,929.0,938.3,921.2,926.0,487560
NVTK,2018-08-07,928.8,939.9,919.2,939.9,546890
NVTK,2018-08-08,936.0,939.0,920.0,923.6,1380520
NVTK,2018-08-09,923.6,937.0,908.0,933.0,1582230
NVTK,2018-08-10,933.5,943.8,930.2,939.5,1178140
NVTK,2018-08-13,938.4,972.5,938.4,959.1,1383830
NVTK,2018-08-14,963.3,988.8,957.1,987.6,1413050
NVTK,2018-08-15,987.5,988.6,961.2,974.0,1015950
NVTK,2018-08-16,973.4,978.8,962.3,978.8,791480
NVTK,2018-08-17,977.7,983.6,968.2,977.0,661990
NVTK,2018-08-20,979.5,986.9,976.0,981.0,469720
NVTK,2018-08-21,983.7,987.5,973.2,982.0,673250
NVTK,2018-08-22,985.3,1000.0,984.6,998.0,987030
NVTK,2018-08-23,1002.9,1003.9,987.8,995.0,1130150
NVTK,2018-08-24,997.0,1018.7,988.3,1013.1,943090
NVTK,2018-08-27,1017.0,1086.4,1017.0,1070.0,1545110
NVTK,2018-08-28,1069.6,1075.5,1060.0,1067.0,1109750
NVTK,2018-08-29,1065.9,1115.0,1063.7,1111.8,1878220
NVTK,2018-08-30,1115.1,1119.5,1092.9,1099.5,1487820
NVTK,2018-08-31,1096.1,1099.0,1078.4,1083.0,1072050
NVTK,2018-09-03,1084.5,1087.3,1062.6,1080.0,834540
NVTK,2018-09-04,1083.9,1105.8,1081.3,1100.9,1084710
NVTK,2018-09-05,1100.1,1125.0,1094.8,1120.1,1226760
NVTK,2018-09-06,1117.6,1179.0,1116.6,1167.0,2419380
NVTK,2018-09-07,1167.1,1189.0,1133.2,1150.9,2552260
NVTK,2018-09-10,1163.2,1168.1,1121.8,1129.5,1360450
NVTK,2018-09-11,1126.4,1135.0,1110.7,1125.2,1126210
NVTK,2018-09-12,1134.0,1137.2,1100.3,1112.3,968160
NVTK,2018-09-13,1103.7,1115.7,1088.7,1092.1,851860
NVTK,2018-09-14,1094.1,1101.7,1073.1,1087.7,652480
NVTK,2018-09-17,1092.7,1093.7,1066.8,1074.1,711430
NVTK,2018-09-18,1077.0,1140.0,1073.0,1139.8,2006440
NVTK,2018-09-19,1143.8,1144.4,1101.0,1115.3,1492860
NVTK,2018-09-20,1112.8,1155.0,1101.8,1135.9,3531600
NVTK,2018-09-21,1129.4,1129.4,1104.3,1113.5,1767510
NVTK,2018-09-24,1112.9,1126.0,1102.0,1111.0,600850
NVTK,2018-09-25,1112.9,1117.0,1084.3,1104.5,1176440
NVTK,2018-09-26,1104.0,1115.6,1088.2,1107.0,662070
NVTK,2018-09-27,1112.8,1151.3,1089.6,1147.5,1254010
NVTK,2018-09-28,1150.0,1180.9,1130.8,1168.2,1193400
NVTK,2018-10-01,1173.9,1185.0,1159.0,1174.8,579520
NVTK,2018-10-02,1175.0,1188.0,1159.0,1162.7,525910
NVTK,2018-10-03,1169.5,1215.0,1165.9,1200.0,999300
NVTK,2018-10-04,1203.0,1207.6,1181.2,1197.0,708690
NVTK,2018-10-05,1197.4,1197.4,1172.1,1183.3,520930
NVTK,2018-10-08,1180.5,1208.0,1170.3,1180.0,520830
NVTK,2018-10-09,1171.1,1188.8,1145.0,1145.0,750270
NVTK,2018-10-10,1149.9,1176.5,1145.0,1170.0,1074700
NVTK,2018-10-11,1139.9,1156.7,1119.3,1126.0,1319130
NVTK,2018-10-12,1133.0,1181.1,1133.0,1163.0,1046180
NVTK,2018-10-15,1165.7,1176.7,1147.2,1168.0,506930
NVTK,2018-10-16,1170.0,1172.1,1143.9,1154.6,524020
NVTK,2018-10-17,1158.0,1163.5,1114.2,1117.4,1045990
NVTK,2018-10-18,1118.0,1133.1,1100.0,1103.5,786910
NVTK,2018-10-19,1103.0,1115.0,1080.5,1083.6,1100760
NVTK,2018-10-22,1083.6,1094.2,1046.0,1051.1,1004380
NVTK,2018-10-23,1045.0,1087.3,1029.3,1084.0,936090
NVTK,2018-10-24,1090.0,1097.0,1036.5,1039.0,1478610
NVTK,2018-10-25,1035.0,1055.0,1013.8,1051.0,970120
NVTK,2018-10-26,1054.6,1054.7,1022.9,1036.4,625050
NVTK,2018-10-29,1035.0,1067.7,1028.9,1067.5,731510
NVTK,2018-10-30,1067.0,1069.3,1020.5,1031.5,846380
NVTK,2018-10-31,1035.5,1067.0,1034.6,1049.8,1173320
NVTK,2018-11-01,1055.8,1093.5,1042.5,1082.1,1481670
NVTK,2018-11-02,1088.7,1107.7,1080.1,1080.4,924840
NVTK,2018-11-06,1095.4,1095.4,1080.5,1081.6,536550
NVTK,2018-11-07,1081.6,1111.0,1064.3,1103.8,1148480
NVTK,2018-11-08,1107.3,1112.0,1087.2,1087.2,1075270
NVTK,2018-11-09,1087.1,1087.4,1051.1,1062.3,823480
NVTK,2018-11-12,1064.2,1081.8,1050.4,1058.2,819950
NVTK,2018-11-13,1058.0,1100.3,1054.9,1087.5,1136190
NVTK,2018-11-14,1078.8,1132.2,1075.3,1128.0,1391730
NVTK,2018-11-15,1133.1,1134.3,1109.2,1118.0,750790
NVTK,2018-11-16,1122.0,1129.7,1112.5,1124.6,533930
NVTK,2018-11-19,1125.0,1145.5,1118.0,1131.4,994190
NVTK,2018-11-20,1132.1,1144.6,1117.0,1119.6,1299800
NVTK,2018-11-21,1137.0,1138.8,1115.3,1135.0,762950
NVTK,2018-11-22,1134.0,1138.0,1123.2,1124.0,544100
NVTK,2018-11-23,1124.0,1128.9,1108.2,1115.6,596450
NVTK,2018-11-26,1124.8,1125.7,1082.0,1096.0,1328590
NVTK,2018-11-27,1104.0,1119.6,1095.9,1104.9,712090
NVTK,2018-11-28,1111.0,1146.9,1110.0,1143.5,763700
NVTK,2018-11-29,1148.0,1186.5,1138.6,1167.8,1337680
NVTK,2018-11-30,1165.9,1174.9,1127.2,1127.2,994790
NVTK,2018-12-03,1153.7,1167.0,1136.0,1149.7,989970
NVTK,2018-12-04,1149.6,1149.6,1128.3,1130.0,419750
NVTK,2018-12-05,1128.0,1137.1,1115.0,1136.3,513010
NVTK,2018-12-06,1131.0,1132.2,1112.0,1128.0,614180
NVTK,2018-12-07,1127.1,1139.6,1117.1,1117.1,712070
NVTK,2018-12-10,1117.0,1118.0,1095.3,1104.0,586960
NVTK,2018-12-11,1105.0,1113.4,1087.6,1100.6,799870
NVTK,2018-12-12,1097.0,1122.6,1092.1,1097.0,749280
NVTK,2018-12-13,1105.0,1117.0,1098.0,1107.0,737190
NVTK,2018-12-14,1108.9,1133.9,1101.3,1123.8,612610
NVTK,2018-12-17,1120.2,1134.9,1117.1,1117.1,441720
NVTK,2018-12-18,1117.0,1123.2,1100.7,1119.3,671160
NVTK,2018-12-19,1117.0,1124.5,1108.4,1120.1,469820
NVTK,2018-12-20,1117.0,1127.7,1099.1,1127.7,1255210
NVTK,2018-12-21,1120.1,1129.3,1111.1,1121.1,693060
NVTK,2018-12-24,1121.1,1127.9,1102.3,1110.5,350980
NVTK,2018-12-25,1105.0,1110.8,1065.0,1087.6,372130
NVTK,2018-12-26,1087.6,1098.8,1086.2,1096.5,195160
NVTK,2018-12-27,1107.0,1114.9,1103.0,1106.4,363570
NVTK,2018-12-28,1114.5,1131.3,1108.0,1126.8,437840
NVTK,2018-12-29,1126.8,1133.3,1122.3,1132.0,78490
NVTK,2019-01-03,1129.8,1131.9,1111.0,1118.2,417590
NVTK,2019-01-04,1118.0,1140.8,1118.0,1138.8,416890
NVTK,2019-01-08,1138.9,1138.9,1117.1,1118.2,466410
NVTK,2019-01-09,1125.2,1136.3,1119.0,1121.0,501600
NVTK,2019-01-10,1125.0,1132.9,1114.1,1132.5,417740
NVTK,2019-01-11,1132.5,1137.7,1123.3,1129.4,511460
NVTK,2019-01-14,1128.5,1133.0,1118.7,1128.9,474680
NVTK,2019-01-15,1129.3,1146.5,1120.5,1130.8,609780
NVTK,2019-01-16,1131.3,1135.9,1123.5,1124.9,456720
NVTK,2019-01-17,1130.0,1135.0,1120.1,1127.5,537580
NVTK,2019-01-18,1130.0,1132.5,1122.3,1130.0,497150
NVTK,2019-01-21,1132.0,1137.7,1121.4,1122.0,413390
NVTK,2019-01-22,1121.5,1127.4,1110.6,1116.4,403730
NVTK,2019-01-23,1122.0,1125.9,1116.3,1124.0,314860
NVTK,2019-01-24,1118.7,1120.8,1082.1,1098.3,948160
NVTK,2019-01-25,1104.0,1120.0,1100.8,1115.0,549640
NVTK,2019-01-28,1115.1,1122.6,1112.1,1118.6,417840
NVTK,2019-01-29,1121.0,1138.3,1118.5,1133.5,591250
NVTK,2019-01-30,1135.0,1148.8,1128.1,1139.3,457850
NVTK,2019-01-31,1145.0,1157.7,1134.6,1145.0,579190
NVTK,2019-02-01,1144.4,1145.2,1125.0,1125.2,564650
NVTK,2019-02-04,1126.0,1142.6,1117.6,1138.0,476400
NVTK,2019-02-05,1138.0,1147.0,1131.0,1143.4,380100
NVTK,2019-02-06,1144.0,1149.4,1125.4,1126.4,383880
NVTK,2019-02-07,1126.4,1133.6,1120.2,1130.0,486860
NVTK,2019-02-08,1121.0,1137.4,1121.0,1127.6,441640
NVTK,2019-02-11,1129.0,1134.6,1110.2,1114.2,471150
NVTK,2019-02-12,1115.4,1128.2,1111.2,1121.2,397990
NVTK,2019-02-13,1123.8,1124.8,1090.6,1095.0,1012770
NVTK,2019-02-14,1080.8,1098.0,1065.0,1090.6,1401970
NVTK,2019-02-15,1091.8,1091.8,1072.4,1087.4,907980
NVTK,2019-02-18,1091.2,1095.0,1055.0,1074.0,724650
NVTK,2019-02-19,1075.8,1099.2,1074.2,1094.6,759850
NVTK,2019-02-20,1096.2,1125.8,1096.2,1125.0,1093030
NVTK,2019-02-21,1125.0,1138.8,1115.0,1121.6,1202710
NVTK,2019-02-22,1125.2,1135.0,1120.0,1129.0,375560
NVTK,2019-02-25,1132.6,1133.6,1113.4,1121.2,625750
NVTK,2019-02-26,1121.2,1122.4,1103.8,1106.0,450820
NVTK,2019-02-27,1114.0,1120.8,1091.0,1095.4,566520
NVTK,2019-02-28,1099.0,1102.0,1072.6,1080.4,361110
NVTK,2019-03-01,1085.0,1096.6,1075.0,1076.2,437370
NVTK,2019-03-04,1079.6,1094.6,1076.0,1094.2,282630
NVTK,2019-03-05,1089.2,1093.0,1068.6,1081.0,509180
NVTK,2019-03-06,1076.2,1092.6,1076.2,1092.0,557400
NVTK,2019-03-07,1092.0,1092.0,1072.2,1074.6,494060
NVTK,2019-03-11,1073.6,1094.8,1072.6,1089.0,563930
NVTK,2019-03-12,1088.6,1092.8,1080.2,1088.0,510770
NVTK,2019-03-13,1085.2,1088.6,1075.0,1080.0,541350
NVTK,2019-03-14,1080.0,1081.6,1058.0,1060.4,801830
NVTK,2019-03-15,1061.4,1064.8,1054.2,1057.6,1388200
NVTK,2019-03-18,1062.0,1064.8,1051.4,1054.8,604770
NVTK,2019-03-19,1054.8,1066.8,1052.0,1052.0,719700
NVTK,2019-03-20,1056.2,1064.4,1047.4,1052.0,746200
NVTK,2019-03-21,1055.2,1088.0,1051.8,1085.4,1749560
NVTK,2019-03-22,1089.2,1090.0,1077.6,1084.8,731920
NVTK,2019-03-25,1085.2,1091.4,1069.2,1091.0,593920
NVTK,2019-03-26,1090.0,1091.0,1077.4,1079.0,613540
NVTK,2019-03-27,1079.2,1084.6,1060.4,1061.8,369670
NVTK,2019-03-28,1062.4,1065.0,1055.0,1059.2,325160
NVTK,2019-03-29,1065.4,1078.2,1055.2,1078.2,728700
NVTK,2019-04-01,1076.6,1078.8,1061.0,1063.0,469580
NVTK,2019-04-02,1067.0,1071.0,1060.0,1061.8,334870
NVTK,2019-04-03,1069.0,1077.0,1065.8,1068.0,353960
NVTK,2019-04-04,1067.0,1070.4,1057.4,1060.0,360530
NVTK,2019-04-05,1064.4,1068.6,1056.0,1065.8,306520
NVTK,2019-04-08,1065.6,1079.6,1061.4,1076.0,307020
NVTK,2019-04-09,1075.8,1087.0,1067.6,1084.0,472790
NVTK,2019-04-10,1084.0,1098.4,1083.2,1084.0,853880
NVTK,2019-04-11,1089.0,1091.2,1071.4,1082.0,452470
NVTK,2019-04-12,1080.0,1098.6,1075.4,1097.0,590190
NVTK,2019-04-15,1099.8,1109.4,1077.8,1082.2,661720
NVTK,2019-04-16,1084.2,1108.2,1084.2,1103.4,458310
NVTK,2019-04-17,1104.8,1117.0,1099.2,1107.0,491890
NVTK,2019-04-18,1104.0,1115.4,1093.0,1110.2,286560
NVTK,2019-04-19,1112.0,1123.8,1112.0,1116.4,217170
NVTK,2019-04-22,1118.2,1145.8,1118.2,1145.0,465970
NVTK,2019-04-23,1149.0,1158.8,1133.6,1146.0,779730
NVTK,2019-04-24,1149.8,1149.8,1137.4,1148.0,543370
NVTK,2019-04-25,1145.0,1212.0,1137.4,1187.0,1489790
NVTK,2019-04-26,1187.2,1219.6,1184.2,1218.4,1212680
NVTK,2019-04-29,1219.0,1231.8,1191.2,1205.2,876370
NVTK,2019-04-30,1199.8,1210.2,1190.4,1205.2,624760
NVTK,2019-05-02,1205.0,1208.0,1193.4,1207.2,898530
NVTK,2019-05-03,1200.2,1202.4,1187.4,1199.8,1136270
NVTK,2019-05-06,1195.0,1199.8,1185.8,1199.8,439110
NVTK,2019-05-07,1195.0,1219.4,1191.6,1205.8,1305390
NVTK,2019-05-08,1195.0,1205.6,1193.6,1203.0,935000
NVTK,2019-05-10,1196.4,1208.8,1192.4,1200.0,413450
NVTK,2019-05-13,1197.2,1216.6,1197.2,1210.0,1172600
NVTK,2019-05-14,1210.0,1219.8,1187.2,1190.0,873550
NVTK,2019-05-15,1197.4,1197.4,1174.4,1186.0,598350
NVTK,2019-05-16,1179.0,1220.0,1176.0,1204.6,1024770
NVTK,2019-05-17,1212.0,1217.4,1192.8,1198.6,756670
NVTK,2019-05-20,1198.0,1308.2,1194.0,1220.2,1015750
NVTK,2019-05-21,1226.0,1257.4,1224.4,1245.0,1152580
NVTK,2019-05-22,1252.6,1308.4,1242.0,1297.0,1827540
NVTK,2019-05-23,1290.0,1303.0,1271.2,1302.0,1483210
NVTK,2019-05-24,1304.4,1304.4,1282.6,1291.4,978150
NVTK,2019-05-27,1291.4,1320.0,1289.2,1317.2,481560
NVTK,2019-05-28,1313.2,1324.2,1293.2,1306.0,1055050
NVTK,2019-05-29,1306.6,1320.0,1295.2,1307.4,740060
NVTK,2019-05-30,1315.6,1319.0,1276.4,1308.0,791300
NVTK,2019-05-31,1307.8,1332.4,1297.0,1323.0,736730
NVTK,2019-06-03,1323.0,1357.8,1305.0,1321.0,746820
NVTK,2019-06-04,1320.0,1337.0,1285.2,1296.0,1173140
NVTK,2019-06-05,1297.6,1301.6,1271.0,1279.0,620670
NVTK,2019-06-06,1277.8,1297.8,1275.2,1293.0,580940
NVTK,2019-06-07,1303.6,1303.6,1286.6,1295.2,664440
NVTK,2019-06-10,1299.0,1312.8,1293.0,1298.4,424690
NVTK,2019-06-11,1298.0,1335.0,1292.4,1320.0,591330
NVTK,2019-06-13,1315.0,1322.4,1298.8,1308.0,599290
NVTK,2019-06-14,1310.0,1336.0,1302.0,1305.4,591990
NVTK,2019-06-17,1305.0,1315.0,1301.4,1307.0,1054190
NVTK,2019-06-18,1305.8,1313.4,1292.2,1309.8,734290
NVTK,2019-06-19,1308.4,1319.0,1274.2,1275.4,943830
NVTK,2019-06-20,1280.4,1318.8,1280.0,1309.8,1607100
NVTK,2019-06-21,1312.0,1321.0,1297.4,1320.0,1410890
NVTK,2019-06-24,1314.4,1318.2,1290.4,1293.2,578130
NVTK,2019-06-25,1294.8,1305.4,1290.6,1294.0,419290
NVTK,2019-06-26,1292.6,1308.8,1285.8,1306.0,500610
NVTK,2019-06-27,1308.0,1346.6,1296.0,1330.4,760240
NVTK,2019-06-28,1340.0,1353.0,1321.0,1337.4,1103790
NVTK,2019-07-01,1345.0,1382.2,1300.0,1305.2,1280590
NVTK,2019-07-02,1310.0,1319.2,1299.6,1305.4,670310
NVTK,2019-07-03,1307.6,1307.8,1286.6,1299.2,855380
NVTK,2019-07-04,1299.8,1314.0,1289.6,1310.0,668940
NVTK,2019-07-05,1307.0,1319.6,1300.4,1308.4,748010
NVTK,2019-07-08,1309.8,1312.0,1298.0,1309.2,536690
NVTK,2019-07-09,1310.0,1327.2,1307.6,1322.0,653660
NVTK,2019-07-10,1328.8,1330.0,1313.0,1320.0,404570
NVTK,2019-07-11,1318.2,1326.6,1307.0,1317.0,462560
NVTK,2019-07-12,1317.0,1317.0,1284.2,1288.8,557870
NVTK,2019-07-15,1299.6,1299.6,1271.0,1274.2,428340
NVTK,2019-07-16,1274.0,1289.8,1272.0,1280.0,368500
NVTK,2019-07-17,1279.6,1311.0,1275.6,1309.8,556600
NVTK,2019-07-18,1303.8,1306.0,1285.0,1290.4,257410
NVTK,2019-07-19,1299.0,1300.8,1286.8,1292.2,351990
NVTK,2019-07-22,1292.8,1299.8,1288.2,1297.0,217410
NVTK,2019-07-23,1297.8,1298.6,1287.2,1297.2,205080
NVTK,2019-07-24,1299.2,1323.4,1291.2,1307.0,795470
NVTK,2019-07-25,1310.0,1337.4,1303.2,1322.4,1064210
NVTK,2019-07-26,1319.2,1338.8,1316.6,1336.8,693210
NVTK,2019-07-29,1330.2,1341.6,1330.2,1339.4,264680
NVTK,2019-07-30,1336.4,1342.0,1323.0,1325.0,251410
NVTK,2019-07-31,1323.2,1330.4,1312.8,1319.6,398930
NVTK,2019-08-01,1315.0,1335.4,1310.2,1328.0,237520
NVTK,2019-08-02,1326.0,1332.8,1282.8,1294.0,1002780
NVTK,2019-08-05,1287.6,1295.6,1275.6,1288.2,514190
NVTK,2019-08-06,1289.6,1303.2,1282.0,1303.2,349010
NVTK,2019-08-07,1297.0,1308.8,1288.8,1304.8,449490
NVTK,2019-08-08,1305.4,1329.2,1305.4,1318.0,502440
NVTK,2019-08-09,1327.8,1327.8,1285.6,1288.6,591770
NVTK,2019-08-12,1287.2,1299.0,1259.0,1273.0,812120
NVTK,2019-08-13,1274.8,1287.0,1250.0,1278.4,747090
NVTK,2019-08-14,1277.6,1281.4,1245.0,1255.8,577340
NVTK,2019-08-15,1256.0,1262.0,1226.4,1237.8,778160
NVTK,2019-08-16,1235.2,1256.0,1230.0,1250.0,747380
NVTK,2019-08-19,1257.0,1267.4,1245.4,1248.0,601730
NVTK,2019-08-20,1254.0,1278.4,1249.2,1275.6,513380
NVTK,2019-08-21,1280.0,1281.6,1270.0,1276.2,632490
NVTK,2019-08-22,1275.0,1292.2,1272.0,1280.8,712510
NVTK,2019-08-23,1280.0,1285.8,1260.0,1272.6,950870
NVTK,2019-08-26,1263.0,1289.6,1260.8,1284.0,334700
NVTK,2019-08-27,1283.0,1283.8,1239.6,1258.8,1839160
NVTK,2019-08-28,1260.0,1275.0,1251.0,1275.0,606680
NVTK,2019-08-29,1275.0,1288.4,1272.0,1282.4,434590
NVTK,2019-08-30,1282.4,1303.0,1281.2,1288.0,339650
NVTK,2019-09-02,1296.0,1312.6,1284.0,1306.0,413920
NVTK,2019-09-03,1308.2,1324.6,1289.0,1320.0,601977
NVTK,2019-09-04,1320.2,1335.0,1315.2,1318.8,521362
NVTK,2019-09-05,1325.0,1334.0,1317.0,1321.0,847310
NVTK,2019-09-06,1320.0,1329.0,1201.2,1312.0,889335
NVTK,2019-09-09,1311.0,1326.8,1292.0,1292.0,351009
NVTK,2019-09-10,1290.8,1297.2,1269.0,1279.0,607438
NVTK,2019-09-11,1277.0,1312.8,1277.0,1303.6,608868
NVTK,2019-09-12,1304.0,1309.4,1266.0,1274.0,796006
NVTK,2019-09-13,1269.4,1274.0,1257.2,1269.0,428481
NVTK,2019-09-16,1271.4,1317.0,1271.4,1317.0,864971
NVTK,2019-09-17,1312.0,1337.0,1308.6,1326.0,1019493
NVTK,2019-09-18,1327.2,1332.0,1317.4,1325.6,381553
NVTK,2019-09-19,1321.4,1330.6,1310.4,1314.2,571244
NVTK,2019-09-20,1313.0,1337.4,1298.0,1337.4,757816
NVTK,2019-09-23,1330.0,1361.0,1318.0,1357.6,691652
NVTK,2019-09-24,1354.4,1364.2,1326.4,1335.0,548606
NVTK,2019-09-25,1333.0,1353.4,1323.0,1350.0,396017
NVTK,2019-09-26,1350.0,1369.0,1342.8,1367.0,792266
NVTK,2019-09-27,1367.0,1375.8,1337.0,1339.6,615116
NVTK,2019-09-30,1345.8,1345.8,1311.8,1312.4,587440
NVTK,2019-10-01,1317.0,1331.2,1311.4,1319.0,517667
NVTK,2019-10-02,1313.0,1322.0,1291.8,1294.0,492807
NVTK,2019-10-03,1303.4,1307.8,1286.4,1290.0,471808
NVTK,2019-10-04,1298.0,1313.4,1290.0,1291.6,456716
NVTK,2019-10-07,1292.0,1312.8,1286.4,1306.8,303363
NVTK,2019-10-08,1304.0,1316.2,1300.8,1314.0,382614
NVTK,2019-10-09,1303.0,1330.8,1297.0,1299.2,431962
NVTK,2019-10-10,1299.2,1325.0,1291.6,1324.0,330107
NVTK,2019-10-11,1326.6,1348.4,1311.2,1334.2,469418
NVTK,2019-10-14,1328.0,1348.2,1321.0,1325.4,367858
NVTK,2019-10-15,1322.6,1339.0,1316.4,1337.0,367598
NVTK,2019-10-16,1337.0,1360.0,1337.0,1360.0,621972
NVTK,2019-10-17,1362.0,1363.4,1343.6,1352.0,368073
NVTK,2019-10-18,1345.2,1355.0,1335.6,1336.8,312992
NVTK,2019-10-21,1335.2,1339.0,1324.0,1330.6,402850
NVTK,2019-10-22,1330.6,1348.0,1319.4,1348.0,431779
NVTK,2019-10-23,1345.6,1349.2,1337.0,1340.0,259408
NVTK,2019-10-24,1339.2,1359.8,1332.0,1359.8,511725
NVTK,2019-10-25,1359.0,1359.0,1313.4,1343.0,853543
NVTK,2019-10-28,1343.0,1353.6,1335.0,1342.0,581392
NVTK,2019-10-29,1339.8,1359.4,1336.2,1359.4,598871
NVTK,2019-10-30,1358.0,1365.6,1345.4,1365.0,846950
NVTK,2019-10-31,1368.2,1372.8,1347.4,1360.0,593796
NVTK,2019-11-01,1360.0,1367.0,1350.0,1364.0,478749
NVTK,2019-11-05,1367.0,1377.2,1357.0,1374.4,597945
NVTK,2019-11-06,1374.0,1374.2,1365.0,1373.6,477017
NVTK,2019-11-07,1372.6,1380.0,1357.8,1380.0,583755
NVTK,2019-11-08,1375.0,1382.0,1351.0,1363.0,708290
NVTK,2019-11-11,1360.0,1362.0,1348.8,1349.0,594948
NVTK,2019-11-12,1353.8,1368.8,1350.0,1352.2,552502
NVTK,2019-11-13,1351.2,1356.6,1340.2,1351.0,365587
NVTK,2019-11-14,1349.0,1356.4,1319.4,1331.6,577313
NVTK,2019-11-15,1332.4,1346.0,1315.8,1334.4,672164
NVTK,2019-11-18,1335.0,1342.6,1306.2,1309.8,566209
NVTK,2019-11-19,1315.0,1327.8,1305.0,1314.2,650151
NVTK,2019-11-20,1314.0,1315.6,1298.0,1305.0,506002
NVTK,2019-11-21,1305.0,1306.8,1295.2,1302.8,389621
NVTK,2019-11-22,1302.8,1321.6,1300.4,1309.4,658537
NVTK,2019-11-25,1309.8,1315.2,1299.0,1308.8,417883
NVTK,2019-11-26,1308.0,1309.8,1272.0,1280.0,949665
NVTK,2019-11-27,1290.0,1295.0,1256.2,1269.0,1504735
NVTK,2019-11-28,1271.6,1278.8,1252.6,1272.8,501670
NVTK,2019-11-29,1273.2,1276.6,1260.0,1267.6,453535
NVTK,2019-12-02,1269.8,1274.0,1256.8,1258.4,589995
NVTK,2019-12-03,1257.0,1264.8,1248.8,1250.0,424798
NVTK,2019-12-04,1250.0,1276.4,1236.2,1271.0,951036
NVTK,2019-12-05,1276.0,1276.0,1250.0,1251.4,715584
NVTK,2019-12-06,1253.6,1268.0,1249.0,1255.0,652909
NVTK,2019-12-09,1267.2,1267.8,1256.2,1262.6,647229
NVTK,2019-12-10,1260.4,1264.6,1245.6,1248.8,556198
NVTK,2019-12-11,1250.0,1261.0,1245.0,1245.6,568612
NVTK,2019-12-12,1251.0,1268.0,1245.4,1256.0,1035114
NVTK,2019-12-13,1260.0,1265.8,1249.2,1259.6,717889
NVTK,2019-12-16,1261.8,1285.2,1252.2,1284.0,515828
NVTK,2019-12-17,1290.0,1291.6,1269.8,1279.2,823096
NVTK,2019-12-18,1279.2,1288.8,1274.0,1288.8,664222
NVTK,2019-12-19,1289.6,1302.8,1283.2,1294.4,969070
NVTK,2019-12-20,1294.6,1300.4,1276.8,1292.4,898547
NVTK,2019-12-23,1288.4,1292.6,1271.6,1274.4,569893
NVTK,2019-12-24,1274.4,1277.2,1257.0,1263.6,322109
NVTK,2019-12-25,1264.2,1273.8,1251.2,1268.4,188773
NVTK,2019-12-26,1270.0,1272.8,1256.2,1269.0,236463
NVTK,2019-12-27,1272.0,1274.2,1252.6,1268.8,558541
NVTK,2019-12-30,1269.4,1269.4,1260.2,1262.0,268287
NVTK,2020-01-03,1264.2,1271.0,1260.6,1264.0,407823
NVTK,2020-01-06,1268.0,1272.0,1256.8,1271.0,253125
NVTK,2020-01-08,1280.8,1329.0,1276.2,1325.4,1238918
NVTK,2020-01-09,1325.0,1345.0,1310.4,1339.4,758155
NVTK,2020-01-10,1339.0,1339.6,1303.8,1306.8,639010
NVTK,2020-01-13,1314.6,1314.8,1295.0,1305.6,623810
NVTK,2020-01-14,1310.0,1317.4,1258.0,1259.0,1678903
NVTK,2020-01-15,1258.6,1272.0,1251.8,1260.0,1262323
NVTK,2020-01-16,1263.0,1274.0,1260.2,1264.0,748759
NVTK,2020-01-17,1263.0,1279.6,1255.4,1255.4,1152899
NVTK,2020-01-20,1255.8,1267.0,1241.6,1243.0,1086915
NVTK,2020-01-21,1243.0,1247.6,1211.4,1242.0,1070377
NVTK,2020-01-22,1245.8,1249.8,1185.2,1196.8,2010364
NVTK,2020-01-23,1200.0,1233.6,1198.0,1212.4,1509440
NVTK,2020-01-24,1212.4,1219.2,1193.0,1202.0,951558
NVTK,2020-01-27,1195.0,1207.4,1172.0,1176.6,1241822
NVTK,2020-01-28,1178.2,1185.8,1156.2,1168.2,1021520
NVTK,2020-01-29,1169.4,1202.0,1161.0,1199.0,1547800
NVTK,2020-01-30,1190.0,1202.8,1185.8,1193.6,964843
NVTK,2020-01-31,1197.0,1199.8,1154.2,1155.6,2060061
NVTK,2020-02-03,1146.0,1166.0,1128.2,1140.0,1342822
NVTK,2020-02-04,1139.2,1154.0,1122.2,1143.6,1153441
NVTK,2020-02-05,1143.0,1170.4,1129.2,1153.8,1845597
NVTK,2020-02-06,1158.0,1165.0,1092.0,1097.6,2480156
NVTK,2020-02-07,1098.2,1108.8,1059.0,1072.0,2492224
NVTK,2020-02-10,1076.8,1087.2,1046.0,1047.2,2352305
NVTK,2020-02-11,1052.2,1067.0,1037.4,1060.0,2408611
NVTK,2020-02-12,1064.0,1065.0,1043.0,1050.0,2293957
NVTK,2020-02-13,1050.2,1075.6,1049.6,1054.0,1865805
NVTK,2020-02-14,1055.0,1071.0,1048.0,1051.4,1477636
NVTK,2020-02-17,1059.8,1101.8,1051.4,1092.0,3447771
NVTK,2020-02-18,1099.0,1117.0,1082.2,1094.4,2991813
NVTK,2020-02-19,1100.6,1122.0,1063.0,1117.0,3320234
NVTK,2020-02-20,1120.6,1138.6,1100.6,1106.4,3403283
NVTK,2020-02-21,1090.0,1116.6,1080.4,1094.2,2720403
NVTK,2020-02-25,1056.4,1082.8,1045.4,1048.0,2312191
NVTK,2020-02-26,1048.0,1049.4,1002.2,1039.6,4171615
NVTK,2020-02-27,1018.0,1028.0,988.6,998.4,2668847
NVTK,2020-02-28,970.0,989.8,906.2,964.8,5692592
NVTK,2020-03-02,984.0,1005.0,946.6,997.2,4513810
NVTK,2020-03-03,1013.8,1021.8,992.0,1007.6,2059089
NVTK,2020-03-04,992.2,1005.8,984.0,998.0,1445351
NVTK,2020-03-05,1005.4,1011.0,971.4,988.0,1853608
NVTK,2020-03-06,976.0,977.6,901.0,964.8,3640178
NVTK,2020-03-10,868.4,980.8,808.8,963.0,7566605
NVTK,2020-03-11,970.0,973.4,908.0,916.6,2948300
NVTK,2020-03-12,884.8,889.0,788.8,801.0,4163248
NVTK,2020-03-13,805.0,857.8,800.0,806.0,4244397
NVTK,2020-03-16,808.0,836.6,746.0,824.2,3712236
NVTK,2020-03-17,819.0,834.0,772.8,788.4,3190652
NVTK,2020-03-18,771.8,782.8,710.2,715.8,4216075
NVTK,2020-03-19,720.0,843.6,682.8,832.4,6371989
NVTK,2020-03-20,849.0,900.0,780.4,781.8,6288266
NVTK,2020-03-23,753.2,827.6,730.0,806.0,4674826
NVTK,2020-03-24,850.0,876.4,828.2,864.0,3153338
NVTK,2020-03-25,878.8,935.0,868.0,922.2,4939702
NVTK,2020-03-26,911.0,935.0,885.4,918.2,2626020
NVTK,2020-03-27,921.2,924.0,834.6,869.6,2669559
NVTK,2020-03-30,859.8,875.6,826.2,866.0,2016670
NVTK,2020-03-31,879.8,924.4,876.2,917.6,3511779
NVTK,2020-04-01,893.2,910.0,883.2,891.0,2075032
NVTK,2020-04-02,919.0,959.0,899.2,953.0,3725368
NVTK,2020-04-03,972.0,1010.0,950.0,987.0,4073630
NVTK,2020-04-06,999.0,1027.0,988.0,1006.2,2216771
NVTK,2020-04-07,1026.2,1046.8,1021.2,1038.0,2709766
NVTK,2020-04-08,1033.8,1053.8,1016.2,1053.8,2044255
NVTK,2020-04-09,1073.8,1092.6,1032.4,1073.0,3582775
NVTK,2020-04-10,1070.6,1070.6,1048.6,1062.6,920212
NVTK,2020-04-13,1063.0,1068.2,1021.4,1024.0,1271245
NVTK,2020-04-14,1033.0,1044.6,1003.2,1007.2,2002519
NVTK,2020-04-15,1000.2,1012.8,941.6,952.0,3328673
NVTK,2020-04-16,950.2,955.6,931.8,938.4,3014938
NVTK,2020-04-17,950.0,977.0,942.2,957.8,2454443
NVTK,2020-04-20,952.2,972.6,952.0,971.2,1507707
NVTK,2020-04-21,960.0,971.0,930.4,955.0,2680331
NVTK,2020-04-22,953.2,988.0,951.8,981.4,2100737
NVTK,2020-04-23,986.4,994.6,967.0,976.4,1766313
NVTK,2020-04-24,976.6,985.4,954.4,973.2,1230693
NVTK,2020-04-27,970.2,1011.0,970.2,993.8,1454975
NVTK,2020-04-28,993.8,1055.8,991.8,1034.2,2303461
NVTK,2020-04-29,1030.0,1045.6,1018.0,1040.2,1679502
NVTK,2020-04-30,1049.8,1054.2,1017.0,1037.2,1459361
NVTK,2020-05-04,1024.0,1035.0,1007.2,1030.0,1258078
NVTK,2020-05-05,1044.6,1076.0,1041.6,1059.8,1470168
NVTK,2020-05-06,1067.2,1080.0,1043.0,1060.0,4523697
NVTK,2020-05-07,1046.0,1056.6,1023.6,1028.0,2570516
NVTK,2020-05-08,1032.2,1034.8,1000.4,1032.0,1973642
NVTK,2020-05-12,1026.4,1034.0,1005.0,1028.0,1400044
NVTK,2020-05-13,1022.0,1022.0,1002.6,1002.6,1216961
NVTK,2020-05-14,1000.0,1010.2,991.2,1003.0,1313888
NVTK,2020-05-15,1018.6,1027.0,1004.8,1008.2,1353688
NVTK,2020-05-18,1018.2,1067.8,1008.0,1060.0,2501963
NVTK,2020-05-19,1062.0,1079.2,1055.2,1077.0,2197830
NVTK,2020-05-20,1078.0,1142.8,1067.0,1140.0,4223399
NVTK,2020-05-21,1139.8,1147.8,1091.0,1093.0,2621795
NVTK,2020-05-22,1076.2,1089.0,1063.6,1078.4,1525005
NVTK,2020-05-25,1086.8,1105.0,1082.2,1096.0,744094
NVTK,2020-05-26,1103.2,1123.2,1086.8,1093.0,1567651
NVTK,2020-05-27,1088.0,1103.8,1051.0,1068.0,2392991
NVTK,2020-05-28,1068.2,1085.0,1067.6,1084.0,1364831
NVTK,2020-05-29,1074.2,1078.2,1025.0,1029.6,2938650
NVTK,2020-06-01,1050.0,1053.6,1018.0,1039.2,2188825
NVTK,2020-06-02,1044.0,1069.2,1040.6,1066.0,1764465
NVTK,2020-06-03,1071.8,1079.4,1056.6,1066.8,1864071
NVTK,2020-06-04,1067.2,1081.8,1053.4,1067.6,1686322
NVTK,2020-06-05,1073.0,1101.2,1064.0,1086.4,1878625
NVTK,2020-06-08,1095.8,1095.8,1076.4,1080.0,1303853
NVTK,2020-06-09,1088.0,1092.8,1065.4,1078.0,1247261
NVTK,2020-06-10,1078.0,1093.4,1060.0,1092.0,1469150
NVTK,2020-06-11,1077.0,1091.2,1050.0,1068.4,1672657
NVTK,2020-06-15,1057.8,1077.4,1036.4,1060.0,1547880
NVTK,2020-06-16,1074.8,1082.8,1065.4,1075.4,1219018
NVTK,2020-06-17,1076.2,1087.0,1069.2,1072.2,914200
NVTK,2020-06-18,1073.6,1075.2,1050.0,1075.2,1326334
NVTK,2020-06-19,1078.4,1082.8,1051.0,1079.0,2315399
NVTK,2020-06-22,1073.6,1082.8,1057.6,1081.4,1285009
NVTK,2020-06-23,1081.0,1090.0,1073.8,1076.2,939852
NVTK,2020-06-25,1062.0,1070.2,1055.0,1064.0,1177959
NVTK,2020-06-26,1061.0,1066.2,1042.0,1045.0,702314
NVTK,2020-06-29,1045.0,1052.6,1028.4,1043.8,1327863
NVTK,2020-06-30,1047.0,1048.6,1010.8,1022.0,1453240
NVTK,2020-07-02,1028.2,1050.6,1025.0,1043.0,1181988
NVTK,2020-07-03,1039.4,1049.0,1036.4,1048.6,495530
NVTK,2020-07-06,1052.0,1067.8,1040.2,1047.4,1704009
NVTK,2020-07-07,1035.2,1051.0,1025.4,1034.4,1258193
NVTK,2020-07-08,1030.2,1048.2,1029.6,1045.4,732054
NVTK,2020-07-09,1045.4,1047.0,1021.0,1025.8,1022021
NVTK,2020-07-10,1020.0,1043.0,1020.0,1039.0,771261
NVTK,2020-07-13,1044.4,1055.0,1034.2,1036.4,863474
NVTK,2020-07-14,1043.4,1063.0,1032.0,1059.4,1586809
NVTK,2020-07-15,1062.8,1075.0,1057.4,1069.8,904961
NVTK,2020-07-16,1064.0,1077.0,1061.0,1067.2,617304
NVTK,2020-07-17,1073.0,1093.2,1067.8,1086.8,854416
NVTK,2020-07-20,1084.0,1100.0,1076.6,1094.0,883921
NVTK,2020-07-21,1100.0,1110.0,1095.4,1099.0,925241
NVTK,2020-07-22,1100.0,1105.2,1075.2,1098.4,912318
NVTK,2020-07-23,1105.0,1107.0,1081.0,1082.4,809877
NVTK,2020-07-24,1082.8,1100.0,1080.0,1093.0,756076
NVTK,2020-07-27,1100.0,1100.0,1066.2,1082.0,1542779
NVTK,2020-07-28,1082.0,1086.2,1070.8,1080.0,717588
NVTK,2020-07-29,1080.6,1092.2,1077.8,1089.6,838542
NVTK,2020-07-30,1088.2,1092.6,1075.4,1080.8,794944
NVTK,2020-07-31,1088.8,1092.0,1077.2,1089.4,608957
NVTK,2020-08-03,1088.4,1092.2,1058.0,1065.8,1514718
NVTK,2020-08-04,1069.8,1069.8,1056.0,1066.4,807380
NVTK,2020-08-05,1066.0,1101.4,1063.0,1096.2,2171363
NVTK,2020-08-06,1099.8,1115.0,1092.8,1108.4,1247980
NVTK,2020-08-07,1107.0,1109.6,1094.0,1104.8,946742
NVTK,2020-08-10,1106.0,1116.8,1101.6,1107.4,633038
NVTK,2020-08-11,1109.6,1128.0,1108.0,1115.0,1196834
NVTK,2020-08-12,1120.6,1154.8,1114.0,1153.4,1030797
NVTK,2020-08-13,1148.6,1168.0,1136.8,1150.0,1076325
NVTK,2020-08-14,1172.2,1181.6,1158.4,1180.2,1976083
NVTK,2020-08-17,1180.6,1189.8,1151.2,1162.6,1388792
NVTK,2020-08-18,1156.0,1170.2,1147.6,1154.4,786273
NVTK,2020-08-19,1154.6,1161.6,1143.6,1147.2,679902
NVTK,2020-08-20,1142.2,1151.2,1115.0,1127.8,1340699
NVTK,2020-08-21,1129.6,1137.8,1115.8,1120.6,1130904
NVTK,2020-08-24,1126.0,1142.2,1121.0,1141.4,969151
NVTK,2020-08-25,1147.0,1148.6,1131.4,1138.0,800140
NVTK,2020-08-26,1133.8,1140.8,1125.6,1138.4,672244
NVTK,2020-08-27,1134.2,1140.2,1101.0,1110.4,1111053
NVTK,2020-08-28,1117.8,1117.8,1090.2,1096.4,1393004
NVTK,2020-08-31,1098.8,1112.0,1098.8,1103.0,539997
NVTK,2020-09-01,1110.0,1110.0,1091.6,1106.0,1067388
NVTK,2020-09-02,1109.0,1124.4,1093.0,1097.0,1663012
NVTK,2020-09-03,1093.2,1104.2,1090.4,1095.0,945330
NVTK,2020-09-04,1090.4,1133.0,1090.4,1130.4,1427242
NVTK,2020-09-07,1127.6,1132.4,1107.0,1113.6,849293
NVTK,2020-09-08,1118.8,1118.8,1084.0,1102.8,1024572
NVTK,2020-09-09,1108.2,1121.8,1087.8,1092.0,875298
NVTK,2020-09-10,1088.8,1092.8,1071.0,1078.0,1175785
NVTK,2020-09-11,1078.0,1084.8,1070.2,1077.8,863463
NVTK,2020-09-14,1084.4,1093.8,1083.6,1091.2,607726
NVTK,2020-09-15,1092.0,1119.6,1089.4,1118.2,1528698
NVTK,2020-09-16,1120.0,1126.0,1104.4,1114.4,1276469
NVTK,2020-09-17,1104.0,1130.2,1103.4,1125.0,1076699
NVTK,2020-09-18,1127.0,1129.0,1112.2,1122.0,1282963
NVTK,2020-09-21,1122.8,1122.8,1082.2,1092.0,1358170
NVTK,2020-09-22,1086.0,1106.8,1078.0,1087.6,850794
NVTK,2020-09-23,1090.0,1090.0,1051.6,1054.0,2547399
NVTK,2020-09-24,1053.0,1065.0,1043.6,1063.0,1350556
NVTK,2020-09-25,1065.0,1088.6,1051.2,1081.4,1416823
NVTK,2020-09-28,1082.4,1098.6,1078.6,1092.0,960983
NVTK,2020-09-29,1090.2,1104.2,1063.8,1073.2,1351786
NVTK,2020-09-30,1071.0,1082.0,1057.0,1064.0,887694
NVTK,2020-10-01,1066.0,1070.8,1043.4,1050.4,796428
NVTK,2020-10-02,1049.2,1066.0,1042.4,1060.4,906288
NVTK,2020-10-05,1066.0,1076.8,1049.6,1070.6,1147551
NVTK,2020-10-06,1075.0,1117.0,1072.2,1107.2,1662152
NVTK,2020-10-07,1108.8,1111.6,1092.4,1097.6,1156648
NVTK,2020-10-08,1105.8,1112.6,1083.0,1090.6,803251
NVTK,2020-10-09,1078.2,1098.6,1076.0,1090.8,924338
NVTK,2020-10-12,1096.6,1105.0,1091.4,1099.8,591185
NVTK,2020-10-13,1100.6,1103.6,1075.0,1077.0,629163
NVTK,2020-10-14,1079.8,1093.0,1075.0,1089.0,379173
NVTK,2020-10-15,1088.2,1097.6,1060.6,1067.0,788868
NVTK,2020-10-16,1065.0,1070.0,1054.6,1069.6,584945
NVTK,2020-10-19,1069.6,1078.6,1060.2,1066.8,724240
NVTK,2020-10-20,1064.0,1073.4,1051.8,1062.2,676181
NVTK,2020-10-21,1064.8,1066.4,1037.0,1043.2,1205611
NVTK,2020-10-22,1039.8,1048.0,1028.8,1034.6,991688
NVTK,2020-10-23,1036.0,1063.0,1035.0,1058.6,1060784
NVTK,2020-10-26,1054.0,1063.0,1031.2,1037.8,640988
NVTK,2020-10-27,1039.0,1044.4,1027.0,1032.0,640764
NVTK,2020-10-28,1029.8,1035.0,980.0,991.6,2029153
NVTK,2020-10-29,990.0,1002.0,972.0,985.8,1620970
NVTK,2020-10-30,979.2,979.4,948.8,951.4,2195906
NVTK,2020-11-02,952.4,1026.4,937.6,1026.0,3297821
NVTK,2020-11-03,1019.0,1032.6,1014.4,1030.8,1314618
NVTK,2020-11-05,1040.2,1071.6,1036.2,1063.0,1752869
NVTK,2020-11-06,1062.0,1095.4,1047.2,1094.4,1922710
NVTK,2020-11-09,1099.8,1189.0,1095.4,1159.0,4666476
NVTK,2020-11-10,1157.8,1214.2,1145.8,1188.2,3479084
NVTK,2020-11-11,1188.0,1207.0,1172.2,1193.0,1823146
NVTK,2020-11-12,1190.2,1214.0,1185.0,1198.0,1377653
NVTK,2020-11-13,1196.0,1241.4,1190.8,1240.8,1647252
NVTK,2020-11-16,1239.0,1259.8,1222.2,1253.0,1692276
NVTK,2020-11-17,1250.0,1256.8,1230.6,1248.2,1314118
NVTK,2020-11-18,1248.8,1275.4,1242.8,1261.4,1111612
NVTK,2020-11-19,1261.4,1266.4,1240.4,1246.8,1062616
NVTK,2020-11-20,1248.0,1271.4,1237.2,1264.0,1629737
NVTK,2020-11-23,1263.0,1277.8,1245.0,1257.2,1341671
NVTK,2020-11-24,1260.0,1274.8,1255.0,1269.6,766622
NVTK,2020-11-25,1266.6,1273.0,1248.2,1267.6,935003
NVTK,2020-11-26,1268.0,1268.0,1246.0,1251.0,723881
NVTK,2020-11-27,1251.0,1256.0,1235.8,1244.2,1239870
NVTK,2020-11-30,1238.0,1240.0,1179.6,1199.4,1926044
NVTK,2020-12-01,1205.0,1230.0,1201.4,1226.4,1258840
NVTK,2020-12-02,1221.8,1229.0,1201.4,1222.6,794957
NVTK,2020-12-03,1228.0,1228.2,1190.6,1193.2,825524
NVTK,2020-12-04,1204.8,1234.8,1200.2,1224.2,1115515
NVTK,2020-12-07,1215.6,1230.4,1198.2,1216.6,870868
NVTK,2020-12-08,1214.0,1221.0,1187.0,1198.4,1456687
NVTK,2020-12-09,1199.0,1202.8,1176.6,1177.8,958902
NVTK,2020-12-10,1177.0,1245.0,1160.0,1236.8,1780044
NVTK,2020-12-11,1234.4,1244.4,1217.2,1224.2,1584986
NVTK,2020-12-14,1227.0,1265.8,1212.4,1215.0,2103719
NVTK,2020-12-15,1216.0,1227.0,1193.2,1214.8,1417208
NVTK,2020-12-16,1215.0,1217.6,1173.0,1194.0,1556840
NVTK,2020-12-17,1200.0,1209.6,1185.0,1198.0,1887198
NVTK,2020-12-18,1192.4,1244.4,1181.0,1236.8,3161079
NVTK,2020-12-21,1226.4,1231.0,1194.0,1207.8,2643924
NVTK,2020-12-22,1194.0,1232.8,1194.0,1219.4,1039372
NVTK,2020-12-23,1222.6,1228.2,1204.4,1218.6,917816
NVTK,2020-12-24,1219.8,1224.2,1205.0,1205.0,607258
NVTK,2020-12-25,1208.0,1229.2,1205.0,1225.0,460250
NVTK,2020-12-28,1223.4,1239.2,1222.0,1236.8,702070
NVTK,2020-12-29,1239.8,1255.0,1225.6,1236.0,1582464
NVTK,2020-12-30,1237.4,1272.0,1233.6,1261.4,4825920
NVTK,2021-01-04,1258.8,1273.6,1210.2,1250.4,2010570
NVTK,2021-01-05,1253.0,1291.0,1240.6,1287.4,1160540
NVTK,2021-01-06,1282.8,1308.6,1273.0,1301.2,1611440
NVTK,2021-01-08,1314.2,1380.0,1313.8,1379.2,2737675
NVTK,2021-01-11,1375.2,1434.4,1361.0,1405.4,2456112
NVTK,2021-01-12,1414.8,1422.2,1387.8,1401.0,1594642
NVTK,2021-01-13,1410.0,1430.0,1397.2,1425.6,1303446
NVTK,2021-01-14,1422.0,1459.0,1415.0,1438.0,1563508
NVTK,2021-01-15,1430.8,1439.2,1370.2,1375.8,2318106
NVTK,2021-01-18,1374.0,1412.8,1353.0,1390.4,1726520
NVTK,2021-01-19,1398.0,1403.2,1370.0,1377.2,1030455
NVTK,2021-01-20,1384.0,1407.2,1377.2,1388.6,1025120
NVTK,2021-01-21,1396.0,1396.0,1341.0,1352.0,1520467
NVTK,2021-01-22,1347.6,1367.0,1323.6,1359.2,1494129
NVTK,2021-01-25,1364.8,1388.0,1356.6,1373.0,1399284
NVTK,2021-01-26,1364.0,1382.8,1356.4,1373.8,698669
NVTK,2021-01-27,1373.8,1379.4,1333.2,1340.8,1338770
NVTK,2021-01-28,1330.0,1353.8,1317.2,1325.0,1149215
NVTK,2021-01-29,1320.6,1321.8,1263.4,1266.8,2577788
NVTK,2021-02-01,1280.0,1306.0,1260.0,1302.8,1516822
NVTK,2021-02-02,1306.0,1357.0,1306.0,1336.0,2331393
NVTK,2021-02-03,1340.0,1353.4,1325.0,1336.8,1057297
NVTK,2021-02-04,1335.0,1351.4,1323.0,1339.4,1157737
NVTK,2021-02-05,1341.2,1381.0,1340.0,1378.2,1434542
NVTK,2021-02-08,1381.0,1403.6,1375.2,1399.8,1310295
NVTK,2021-02-09,1402.0,1413.6,1364.8,1378.0,1858029
NVTK,2021-02-10,1372.2,1385.0,1334.6,1347.0,1767679
NVTK,2021-02-11,1346.0,1359.8,1326.0,1327.4,1002775
NVTK,2021-02-12,1329.8,1380.0,1309.0,1370.0,1363020
NVTK,2021-02-15,1385.0,1410.0,1377.4,1409.8,2018800
NVTK,2021-02-16,1410.0,1425.0,1382.8,1399.0,1560541
NVTK,2021-02-17,1399.0,1408.2,1343.2,1372.0,2651382
NVTK,2021-02-18,1380.0,1380.2,1330.0,1330.4,1239186
NVTK,2021-02-19,1330.0,1369.4,1317.4,1363.0,1693820
NVTK,2021-02-20,1368.0,1368.0,1349.4,1363.0,96457
NVTK,2021-02-22,1363.0,1368.2,1326.4,1338.6,1051043
NVTK,2021-02-24,1344.0,1344.0,1295.8,1323.0,2233749
NVTK,2021-02-25,1323.0,1336.0,1288.0,1293.4,1922648
NVTK,2021-02-26,1289.0,1294.0,1268.0,1276.0,1665177
NVTK,2021-03-01,1291.0,1304.2,1280.2,1298.6,995331
NVTK,2021-03-02,1294.0,1324.0,1288.6,1319.0,1157147
NVTK,2021-03-03,1323.8,1352.2,1307.0,1318.8,1421303
NVTK,2021-03-04,1323.8,1336.6,1281.8,1297.0,2021696
NVTK,2021-03-05,1307.0,1407.8,1303.0,1395.0,3674586
NVTK,2021-03-09,1404.0,1471.0,1398.2,1459.4,2572002
NVTK,2021-03-10,1454.8,1483.0,1440.0,1467.2,2026747
NVTK,2021-03-11,1472.0,1499.2,1465.8,1490.4,1336859
NVTK,2021-03-12,1490.4,1535.2,1480.0,1532.0,1966194
NVTK,2021-03-15,1530.2,1563.0,1524.2,1558.6,2139701
NVTK,2021-03-16,1559.2,1559.8,1528.8,1540.2,1498316
NVTK,2021-03-17,1540.0,1550.0,1470.0,1493.6,3094013
NVTK,2021-03-18,1498.0,1510.0,1438.0,1443.0,2460517
NVTK,2021-03-19,1442.0,1464.4,1410.6,1427.8,3004060
NVTK,2021-03-22,1425.4,1450.6,1420.2,1434.6,1599130
NVTK,2021-03-23,1427.0,1480.8,1417.0,1464.4,2119977
NVTK,2021-03-24,1466.0,1526.0,1453.2,1501.0,1415465
NVTK,2021-03-25,1497.0,1516.8,1466.0,1492.8,1143248
NVTK,2021-03-26,1502.0,1524.0,1485.0,1518.6,1325512
NVTK,2021-03-29,1506.8,1524.6,1481.2,1497.6,1085412
NVTK,2021-03-30,1497.0,1528.6,1476.8,1484.0,1436676
NVTK,2021-03-31,1494.8,1508.4,1481.2,1488.2,976501
NVTK,2021-04-01,1487.0,1526.8,1466.8,1489.0,1293466
NVTK,2021-04-02,1494.0,1499.8,1468.2,1484.6,403733
NVTK,2021-04-05,1480.0,1480.2,1445.4,1459.6,827997
NVTK,2021-04-06,1464.2,1471.8,1422.4,1424.0,1493597
NVTK,2021-04-07,1430.8,1474.6,1413.6,1462.4,1628272
NVTK,2021-04-08,1465.0,1477.0,1431.2,1445.0,987532
NVTK,2021-04-09,1446.0,1446.0,1418.0,1429.4,732132
NVTK,2021-04-12,1427.2,1454.6,1408.0,1442.6,1219654
NVTK,2021-04-13,1444.0,1470.0,1425.0,1451.2,859746
NVTK,2021-04-14,1465.0,1479.0,1432.8,1456.8,1199257
NVTK,2021-04-15,1440.4,1472.0,1437.6,1447.6,1098496
NVTK,2021-04-16,1455.0,1461.4,1442.0,1457.4,847956
NVTK,2021-04-19,1469.8,1472.0,1422.6,1431.0,933749
NVTK,2021-04-20,1438.0,1447.6,1410.2,1423.4,1233018
NVTK,2021-04-21,1420.0,1435.0,1412.0,1430.8,1031760
NVTK,2021-04-22,1430.8,1450.0,1411.4,1443.6,1260392
NVTK,2021-04-23,1449.4,1453.0,1419.2,1427.2,941921
NVTK,2021-04-26,1428.6,1433.0,1402.4,1408.8,1272377
NVTK,2021-04-27,1413.4,1427.8,1400.6,1406.4,1383856
NVTK,2021-04-28,1410.0,1411.0,1376.0,1395.8,1296254
NVTK,2021-04-29,1405.0,1419.0,1381.8,1401.0,1458584
NVTK,2021-04-30,1404.8,1408.0,1353.2,1358.0,1588664
NVTK,2021-05-04,1363.0,1408.6,1363.0,1406.2,1953097
NVTK,2021-05-05,1409.0,1428.8,1405.2,1418.6,1887475
NVTK,2021-05-06,1407.0,1418.0,1398.0,1411.0,1143648
NVTK,2021-05-07,1416.6,1424.0,1398.0,1419.6,1067738
NVTK,2021-05-10,1420.8,1423.6,1391.0,1414.0,1117509
NVTK,2021-05-11,1405.2,1414.6,1391.0,1407.0,983674
NVTK,2021-05-12,1406.2,1407.8,1386.2,1389.4,1286399
NVTK,2021-05-13,1383.6,1402.6,1380.6,1393.4,973893
NVTK,2021-05-14,1394.0,1397.2,1361.6,1373.2,991094
NVTK,2021-05-17,1378.0,1394.0,1357.2,1393.2,1220471
NVTK,2021-05-18,1400.0,1425.8,1394.2,1402.2,2220239
NVTK,2021-05-19,1402.2,1416.6,1379.0,1393.0,1647128
NVTK,2021-05-20,1395.0,1397.8,1363.2,1375.0,1102867
NVTK,2021-05-21,1380.0,1411.8,1368.8,1403.6,1309682
NVTK,2021-05-24,1408.0,1418.0,1394.0,1402.6,711690
NVTK,2021-05-25,1406.0,1416.6,1395.0,1404.8,796093
NVTK,2021-05-26,1410.2,1424.0,1408.6,1421.2,1018136
NVTK,2021-05-27,1424.8,1466.4,1410.2,1466.0,2175880
NVTK,2021-05-28,1468.0,1472.0,1445.2,1456.0,1266524
NVTK,2021-05-31,1456.0,1464.8,1446.0,1447.6,372844
NVTK,2021-06-01,1455.0,1501.2,1449.4,1491.0,1891908
NVTK,2021-06-02,1493.4,1553.8,1487.2,1552.8,1986442
NVTK,2021-06-03,1557.0,1577.0,1520.4,1551.0,1817937
NVTK,2021-06-04,1553.6,1586.6,1541.2,1576.8,1717404
NVTK,2021-06-07,1574.8,1582.2,1560.2,1569.0,849791
NVTK,2021-06-08,1561.0,1598.0,1559.0,1583.4,1140005
NVTK,2021-06-09,1588.4,1621.4,1584.0,1619.8,1236710
NVTK,2021-06-10,1619.8,1619.8,1565.4,1568.4,1640579
NVTK,2021-06-11,1571.0,1582.8,1543.0,1550.6,1392457
NVTK,2021-06-14,1551.0,1581.8,1551.0,1575.2,674648
NVTK,2021-06-15,1579.6,1579.6,1544.8,1561.6,1034533
NVTK,2021-06-16,1560.0,1597.6,1553.2,1575.4,1423914
NVTK,2021-06-17,1576.0,1604.8,1557.0,1559.0,1592084
NVTK,2021-06-18,1559.0,1569.0,1525.4,1555.4,2533431
NVTK,2021-06-21,1556.4,1578.6,1545.2,1569.6,846551
NVTK,2021-06-22,1577.2,1577.4,1536.2,1554.8,872483
NVTK,2021-06-23,1560.0,1570.0,1536.0,1537.4,982252
NVTK,2021-06-24,1536.4,1547.8,1482.2,1504.0,1107435
NVTK,2021-06-25,1512.0,1554.8,1503.6,1552.0,1782924
NVTK,2021-06-28,1550.0,1564.4,1535.8,1545.2,1111934
NVTK,2021-06-29,1537.2,1547.6,1510.6,1528.2,1090466
NVTK,2021-06-30,1530.0,1612.4,1518.6,1608.0,2108072
NVTK,2021-07-01,1610.0,1676.8,1605.6,1657.8,3058704
NVTK,2021-07-02,1649.8,1680.0,1637.4,1657.0,1395596
NVTK,2021-07-05,1659.6,1688.0,1643.0,1681.2,743452
NVTK,2021-07-06,1682.0,1709.6,1647.6,1651.0,1897221
NVTK,2021-07-07,1650.0,1686.0,1622.0,1640.0,1349004
NVTK,2021-07-08,1637.0,1649.0,1614.2,1638.6,1019060
NVTK,2021-07-09,1635.0,1642.0,1607.0,1612.4,1201111
NVTK,2021-07-12,1610.6,1631.8,1596.2,1614.8,983052
NVTK,2021-07-13,1618.4,1620.6,1590.8,1605.0,715957
NVTK,2021-07-14,1609.0,1617.8,1587.0,1587.0,963452
NVTK,2021-07-15,1594.0,1594.0,1546.8,1556.2,1099157
NVTK,2021-07-16,1555.0,1582.4,1534.6,1537.0,1331910
NVTK,2021-07-19,1534.8,1542.4,1506.2,1515.4,1121725
NVTK,2021-07-20,1520.2,1535.0,1497.6,1523.8,1527682
NVTK,2021-07-21,1529.0,1544.0,1511.0,1540.2,873360
NVTK,2021-07-22,1545.6,1573.8,1529.2,1551.6,1586763
NVTK,2021-07-23,1551.0,1560.8,1520.0,1536.8,956639
NVTK,2021-07-26,1534.4,1566.8,1524.0,1566.0,685874
NVTK,2021-07-27,1565.8,1585.0,1546.4,1554.4,1265944
NVTK,2021-07-28,1551.8,1605.6,1551.2,1604.6,1595445
NVTK,2021-07-29,1609.2,1645.2,1606.8,1640.2,1370065
NVTK,2021-07-30,1634.8,1641.6,1619.2,1633.8,1073243
NVTK,2021-08-02,1639.8,1663.4,1610.0,1625.8,1778749
NVTK,2021-08-03,1633.8,1660.0,1624.6,1660.0,1204621
NVTK,2021-08-04,1656.8,1665.8,1638.6,1648.4,999160
NVTK,2021-08-05,1640.2,1686.6,1640.2,1686.4,875439
NVTK,2021-08-06,1686.4,1704.8,1664.8,1667.6,1553066
NVTK,2021-08-09,1660.0,1694.2,1655.6,1670.0,1451158
NVTK,2021-08-10,1675.0,1716.0,1673.8,1712.8,1290732
NVTK,2021-08-11,1720.0,1729.0,1695.4,1706.0,1056211
NVTK,2021-08-12,1709.0,1737.8,1706.2,1732.8,865476
NVTK,2021-08-13,1733.6,1747.8,1714.6,1729.8,753190
NVTK,2021-08-16,1722.8,1795.0,1718.0,1773.4,1530221
NVTK,2021-08-17,1778.6,1813.8,1761.4,1798.2,1736316
NVTK,2021-08-18,1809.2,1815.4,1770.0,1781.2,1514592
NVTK,2021-08-19,1773.0,1781.4,1727.6,1763.6,2507249
NVTK,2021-08-20,1773.0,1774.2,1705.6,1733.0,1477462
NVTK,2021-08-23,1745.0,1758.8,1733.2,1754.6,1014056
NVTK,2021-08-24,1756.0,1759.8,1725.0,1734.6,1227596
NVTK,2021-08-25,1731.0,1741.4,1702.6,1711.0,1176841
NVTK,2021-08-26,1705.4,1720.6,1675.8,1684.8,1155277
NVTK,2021-08-27,1688.0,1723.8,1681.2,1723.8,1569718
NVTK,2021-08-30,1725.0,1762.0,1721.4,1745.6,1198539
NVTK,2021-08-31,1750.0,1755.2,1715.2,1725.2,1896008
NVTK,2021-09-01,1731.0,1805.4,1731.0,1805.4,2079456
NVTK,2021-09-02,1815.0,1856.0,1788.6,1839.4,2184225
NVTK,2021-09-03,1839.0,1865.0,1815.0,1840.4,1378742
NVTK,2021-09-06,1836.4,1864.8,1836.4,1853.8,934561
NVTK,2021-09-07,1862.0,1960.2,1859.0,1952.0,2565813
NVTK,2021-09-08,1956.0,1964.0,1911.4,1924.0,1997809
NVTK,2021-09-09,1922.4,1954.8,1890.0,1891.0,2254444
NVTK,2021-09-10,1905.0,1933.0,1898.0,1913.0,1222813
NVTK,2021-09-13,1918.8,1994.8,1905.0,1993.0,1803965
NVTK,2021-09-14,1996.0,2025.8,1946.0,1957.2,2740491
NVTK,2021-09-15,1957.2,1965.6,1903.6,1924.8,2462481
NVTK,2021-09-16,1920.0,1924.8,1871.0,1900.6,2669683
NVTK,2021-09-17,1900.0,1929.2,1843.4,1850.0,2669069
NVTK,2021-09-20,1840.0,1863.2,1804.0,1840.0,1821579
NVTK,2021-09-21,1859.8,1865.4,1825.0,1837.0,1526796
NVTK,2021-09-22,1846.0,1920.0,1841.4,1913.6,1742270
NVTK,2021-09-23,1918.0,1940.6,1853.2,1869.0,2114395
NVTK,2021-09-24,1854.8,1890.8,1791.6,1884.6,7540374
NVTK,2021-09-27,1930.0,1930.0,1837.0,1867.0,3374827
NVTK,2021-09-28,1883.2,1888.0,1826.6,1854.2,3794077
NVTK,2021-09-29,1862.0,1875.0,1836.0,1861.0,2047097
NVTK,2021-09-30,1870.2,1927.6,1865.2,1921.0,2855302
NVTK,2021-10-01,1917.0,1941.2,1903.6,1931.8,1667493
NVTK,2021-10-04,1934.6,1969.0,1934.6,1953.0,2057423
NVTK,2021-10-05,1957.6,1992.0,1940.2,1991.6,2199620
NVTK,2021-10-06,1992.0,2003.8,1908.8,1930.4,3246337
NVTK,2021-10-07,1939.8,1944.6,1885.2,1915.8,1965450
NVTK,2021-10-08,1896.0,1947.2,1886.0,1906.4,1379576
NVTK,2021-10-11,1908.4,1923.4,1897.2,1905.0,1119623
NVTK,2021-10-12,1898.0,1915.0,1896.2,1897.6,761226
NVTK,2021-10-13,1895.8,1910.0,1837.0,1907.0,2229510
NVTK,2021-10-14,1914.0,1928.4,1891.2,1898.2,1306746
NVTK,2021-10-15,1903.0,1919.0,1894.2,1905.6,1069274
NVTK,2021-10-18,1901.0,1906.6,1867.2,1897.0,1177101
NVTK,2021-10-19,1891.2,1900.0,1875.0,1892.2,973958
NVTK,2021-10-20,1890.6,1897.4,1858.0,1893.6,1593160
NVTK,2021-10-21,1883.0,1890.0,1840.0,1856.0,1416038
NVTK,2021-10-22,1851.0,1866.4,1827.0,1836.6,1000252
NVTK,2021-10-25,1848.0,1858.0,1823.4,1856.4,1008196
NVTK,2021-10-26,1859.0,1863.6,1827.8,1829.6,1193138
NVTK,2021-10-27,1829.0,1831.8,1786.4,1806.8,1691268
NVTK,2021-10-28,1805.0,1810.8,1772.6,1801.0,1671415
NVTK,2021-10-29,1801.8,1810.0,1771.0,1804.8,1724738
NVTK,2021-11-01,1798.4,1845.8,1798.4,1844.0,1028618
NVTK,2021-11-02,1850.2,1855.6,1800.6,1806.0,940994
NVTK,2021-11-03,1805.2,1810.4,1782.8,1796.6,1016743
NVTK,2021-11-05,1791.0,1797.4,1776.6,1781.8,583604
NVTK,2021-11-08,1794.8,1809.4,1786.0,1788.8,855437
NVTK,2021-11-09,1790.0,1799.0,1777.2,1777.2,915683
NVTK,2021-11-10,1777.4,1795.4,1751.0,1756.2,950085
NVTK,2021-11-11,1756.4,1814.6,1751.0,1790.0,1356399
NVTK,2021-11-12,1800.0,1800.0,1741.2,1780.2,2149126
NVTK,2021-11-15,1775.6,1798.0,1755.0,1785.0,1720548
NVTK,2021-11-16,1800.0,1800.0,1737.4,1771.8,1879886
NVTK,2021-11-17,1760.0,1774.8,1737.4,1759.8,2257620
NVTK,2021-11-18,1758.0,1772.0,1711.4,1714.8,1659461
NVTK,2021-11-19,1727.2,1728.8,1616.0,1624.0,4360396
NVTK,2021-11-22,1627.8,1636.0,1530.8,1575.8,5645710
NVTK,2021-11-23,1560.0,1667.0,1541.6,1665.2,4480839
NVTK,2021-11-24,1670.0,1684.0,1620.2,1668.0,2856191
NVTK,2021-11-25,1680.0,1696.6,1629.6,1632.0,1381887
NVTK,2021-11-26,1602.6,1639.6,1567.2,1611.2,3129512
NVTK,2021-11-29,1633.4,1656.0,1619.0,1633.6,2168522
NVTK,2021-11-30,1624.0,1665.0,1602.4,1627.6,2486142
NVTK,2021-12-01,1639.0,1706.0,1635.4,1678.8,2162307
NVTK,2021-12-02,1683.4,1734.6,1673.0,1721.8,2700543
NVTK,2021-12-03,1726.0,1757.6,1696.4,1715.0,1637337
NVTK,2021-12-06,1715.0,1736.2,1636.6,1662.2,2029411
NVTK,2021-12-07,1662.2,1730.0,1644.0,1717.8,1587937
NVTK,2021-12-08,1708.0,1744.4,1675.0,1684.2,1789114
NVTK,2021-12-09,1694.8,1709.0,1652.6,1689.0,1279097
NVTK,2021-12-10,1684.0,1689.0,1655.8,1676.6,745515
NVTK,2021-12-13,1685.4,1696.4,1582.0,1590.6,1763045
NVTK,2021-12-14,1590.0,1625.0,1471.2,1609.6,2252735
NVTK,2021-12-15,1615.4,1657.0,1595.0,1637.8,2136050
NVTK,2021-12-16,1644.4,1667.0,1630.4,1653.0,2292052
NVTK,2021-12-17,1652.8,1676.2,1630.8,1666.2,1440544
NVTK,2021-12-20,1640.6,1695.8,1618.0,1683.6,1516134
NVTK,2021-12-21,1690.2,1711.8,1665.4,1683.2,1402406
NVTK,2021-12-22,1696.2,1735.8,1673.0,1710.2,1413740
NVTK,2021-12-23,1720.6,1725.0,1650.6,1655.8,1631540
NVTK,2021-12-24,1650.8,1662.0,1621.8,1652.6,968605
NVTK,2021-12-27,1657.4,1708.0,1650.4,1697.6,1073206
NVTK,2021-12-28,1702.0,1728.2,1687.0,1700.0,1236041
NVTK,2021-12-29,1700.2,1730.0,1681.0,1716.8,1325016
NVTK,2021-12-30,1716.6,1743.6,1711.4,1719.4,1062691
NVTK,2022-01-03,1720.0,1775.0,1720.0,1774.4,902509
NVTK,2022-01-04,1770.0,1795.8,1756.6,1788.6,964473
NVTK,2022-01-05,1786.6,1800.8,1705.2,1707.8,1135215
NVTK,2022-01-06,1707.8,1758.8,1692.6,1749.0,1391246
NVTK,2022-01-10,1771.0,1787.2,1740.8,1758.6,1599083
NVTK,2022-01-11,1758.6,1792.0,1747.0,1779.8,1083779
NVTK,2022-01-12,1780.0,1834.6,1764.6,1807.4,1672907
NVTK,2022-01-13,1786.0,1807.2,1703.2,1744.2,2383319
NVTK,2022-01-14,1744.2,1779.8,1687.2,1726.0,4064903
NVTK,2022-01-17,1730.0,1745.0,1622.0,1641.8,2592027
NVTK,2022-01-18,1641.8,1653.6,1540.0,1579.6,4594963
NVTK,2022-01-19,1572.0,1651.0,1514.2,1593.6,3737694
NVTK,2022-01-20,1604.8,1638.8,1574.4,1588.4,2298961
NVTK,2022-01-21,1581.0,1630.6,1562.8,1592.8,2426051
NVTK,2022-01-24,1596.2,1614.4,1462.0,1538.0,3755398
NVTK,2022-01-25,1525.2,1593.8,1497.0,1590.0,2637848
NVTK,2022-01-26,1590.0,1604.0,1516.0,1523.4,3108897
NVTK,2022-01-27,1514.6,1645.0,1498.4,1611.8,3786312
NVTK,2022-01-28,1610.0,1636.4,1576.0,1591.4,2131868
NVTK,2022-01-31,1605.0,1658.0,1603.4,1637.2,1911591
NVTK,2022-02-01,1640.8,1649.0,1613.2,1628.4,1268301
NVTK,2022-02-02,1630.4,1642.0,1605.0,1612.0,1516502
NVTK,2022-02-03,1612.0,1623.0,1567.4,1614.8,1687083
NVTK,2022-02-04,1619.6,1670.0,1606.4,1628.4,1799269
NVTK,2022-02-07,1628.4,1645.0,1588.0,1602.0,927632
NVTK,2022-02-08,1606.0,1645.0,1600.2,1628.2,1225451
NVTK,2022-02-09,1638.0,1665.0,1625.2,1659.0,1330377
NVTK,2022-02-10,1660.0,1678.8,1628.0,1632.0,1327737
NVTK,2022-02-11,1632.0,1641.4,1535.2,1556.6,1978825
NVTK,2022-02-14,1552.6,1629.8,1522.0,1618.8,2508535
NVTK,2022-02-15,1628.0,1637.0,1593.0,1620.0,2419794
NVTK,2022-02-16,1625.0,1656.4,1587.0,1621.4,2613103
NVTK,2022-02-17,1625.0,1625.0,1530.0,1542.8,3081134
NVTK,2022-02-18,1549.8,1572.2,1479.4,1492.8,2986525
NVTK,2022-02-21,1492.8,1544.0,1200.0,1281.8,7506232
NVTK,2022-02-22,1281.0,1358.8,1206.6,1354.0,9726127
NVTK,2022-02-24,1209.4,1237.0,654.0,1001.4,5532902
NVTK,2022-02-25,1090.0,1273.0,1060.2,1134.0,2189689
NVTK,2022-03-24,1130.0,1449.0,1130.0,1343.6,1330520
NVTK,2022-03-25,1444.4,1444.8,1300.0,1400.0,1008410
NVTK,2022-03-28,1410.0,1423.0,1314.2,1379.0,380577
NVTK,2022-03-29,1379.0,1509.8,1351.0,1470.0,891066
NVTK,2022-03-30,1472.0,1500.0,1422.0,1444.0,352194
NVTK,2022-03-31,1452.8,1485.0,1433.8,1450.0,773769
NVTK,2022-04-01,1450.6,1470.0,1366.0,1390.0,902147
NVTK,2022-04-04,1390.0,1408.0,1351.0,1389.2,670477
NVTK,2022-04-05,1395.0,1397.6,1284.2,1298.0,958842
NVTK,2022-04-06,1306.0,1316.8,1253.4,1264.0,497117
NVTK,2022-04-07,1266.0,1296.8,1262.0,1263.0,278349
NVTK,2022-04-08,1272.0,1274.6,1175.0,1200.6,765218
NVTK,2022-04-11,1197.2,1198.0,1132.2,1141.6,588787
NVTK,2022-04-12,1136.6,1139.0,1072.6,1116.2,906496
NVTK,2022-04-13,1125.0,1138.2,1096.0,1101.4,459065
NVTK,2022-04-14,1105.0,1106.6,1008.0,1013.0,586279
NVTK,2022-04-15,1018.0,1059.8,985.6,1056.0,606063
NVTK,2022-04-18,1065.0,1112.4,1021.4,1047.8,606886
NVTK,2022-04-19,1051.6,1078.8,993.0,1011.0,986222
NVTK,2022-04-20,1019.0,1031.0,968.0,1001.2,1084615
NVTK,2022-04-21,1008.0,1080.0,995.0,998.8,1751746
NVTK,2022-04-22,1000.0,1020.8,956.0,970.2,1176981
NVTK,2022-04-25,975.0,990.2,944.0,967.2,748013
NVTK,2022-04-26,971.2,1057.8,969.6,1049.0,1369516
NVTK,2022-04-27,1053.2,1098.0,1020.4,1092.0,1085003
NVTK,2022-04-28,1092.0,1144.0,1040.0,1065.0,1626392
NVTK,2022-04-29,1081.6,1093.0,1060.0,1076.0,1081454
NVTK,2022-05-04,1037.0,1054.8,1007.0,1007.0,740652
NVTK,2022-05-05,1010.4,1022.0,1004.2,1009.2,560838
NVTK,2022-05-06,1009.2,1014.2,985.0,989.0,842673
NVTK,2022-05-11,990.0,1009.6,970.8,989.6,543358
NVTK,2022-05-12,989.0,989.4,951.2,956.0,530223
NVTK,2022-05-13,964.0,978.8,944.0,971.0,473642
NVTK,2022-05-16,970.8,998.2,968.8,996.6,431339
NVTK,2022-05-17,997.0,1011.0,992.4,1009.0,435713
NVTK,2022-05-18,1011.2,1029.0,1000.0,1002.0,498949
NVTK,2022-05-19,1000.0,1015.0,986.0,1010.8,340385
NVTK,2022-05-20,1014.4,1018.6,986.0,990.8,400702
NVTK,2022-05-23,989.0,994.0,960.2,962.8,309123
NVTK,2022-05-24,962.8,962.8,928.6,943.0,546723
NVTK,2022-05-25,946.2,960.0,930.4,942.0,422997
NVTK,2022-05-26,949.8,988.0,945.0,977.4,581560
NVTK,2022-05-27,980.0,988.4,957.0,960.2,468936
NVTK,2022-05-30,965.0,969.8,934.2,944.6,492245
NVTK,2022-05-31,940.0,940.0,910.0,910.0,664186
NVTK,2022-06-01,908.0,920.0,900.0,902.0,674829
NVTK,2022-06-02,900.0,910.0,859.0,862.4,1130003
NVTK,2022-06-03,862.2,866.8,811.0,817.0,1397362
NVTK,2022-06-06,825.0,827.8,775.0,791.6,1555167
NVTK,2022-06-07,789.8,839.0,761.2,814.6,3143307
NVTK,2022-06-08,823.0,846.0,804.0,812.2,1694274
NVTK,2022-06-09,819.0,819.4,785.0,815.8,860950
NVTK,2022-06-10,812.2,825.0,797.0,798.0,750759
NVTK,2022-06-14,797.0,815.0,791.0,799.4,607308
NVTK,2022-06-15,803.6,847.0,799.0,847.0,1127441
NVTK,2022-06-16,850.4,889.4,835.2,887.2,2624895
NVTK,2022-06-17,888.8,897.4,870.0,875.8,1197608
NVTK,2022-06-20,885.0,979.2,880.4,978.0,4383355
NVTK,2022-06-21,982.2,1022.2,940.6,998.0,5033194
NVTK,2022-06-22,998.0,1037.4,971.2,1026.0,3146182
NVTK,2022-06-23,1029.0,1047.0,1002.0,1010.0,2588515
NVTK,2022-06-24,1010.0,1020.0,978.0,1003.0,1548248
NVTK,2022-06-27,1005.8,1014.0,990.0,1008.0,915036
NVTK,2022-06-28,1010.0,1015.0,994.6,1005.8,839217
NVTK,2022-06-29,1006.6,1034.0,995.0,1019.0,1132708
NVTK,2022-06-30,1019.0,1055.0,970.2,1024.0,2985464
NVTK,2022-07-01,1025.8,1076.0,1009.6,1060.2,1611645
NVTK,2022-07-04,1060.6,1096.0,1011.2,1025.0,1867316
NVTK,2022-07-05,1034.0,1044.4,963.0,970.2,2678332
NVTK,2022-07-06,972.0,1012.6,965.0,1009.6,1547916
NVTK,2022-07-07,1014.0,1027.0,987.0,998.0,959251
NVTK,2022-07-08,998.0,1002.8,981.0,993.0,696610
NVTK,2022-07-11,994.8,997.8,963.6,968.6,825317
NVTK,2022-07-12,967.0,967.8,913.0,942.0,1960518
NVTK,2022-07-13,942.0,949.0,905.2,916.2,1027111
NVTK,2022-07-14,915.2,946.8,911.2,926.6,1198284
NVTK,2022-07-15,927.8,954.4,926.4,953.0,1092455
NVTK,2022-07-18,959.6,964.2,936.0,946.6,720329
NVTK,2022-07-19,950.0,952.0,923.0,928.8,628494
NVTK,2022-07-20,929.0,938.8,919.0,925.8,524550
NVTK,2022-07-21,925.8,927.8,902.0,916.0,689941
NVTK,2022-07-22,918.0,957.0,915.2,944.0,835099
NVTK,2022-07-25,947.0,965.0,928.0,960.8,1384244
NVTK,2022-07-26,966.0,1008.0,964.0,1008.0,1336014
NVTK,2022-07-27,1017.0,1061.8,996.0,1038.0,3172595
NVTK,2022-07-28,1039.0,1053.8,1016.8,1025.2,1474987
NVTK,2022-07-29,1037.0,1055.8,1022.0,1052.0,1237062
NVTK,2022-08-01,1055.2,1056.8,1030.0,1035.0,1031276
NVTK,2022-08-02,1032.0,1032.2,995.4,1009.0,1342840
NVTK,2022-08-03,1008.0,1014.0,987.0,988.0,711528
NVTK,2022-08-04,988.0,1005.2,971.6,1003.6,723957
NVTK,2022-08-05,1005.0,1010.0,961.6,975.0,1001754
NVTK,2022-08-08,986.0,1036.6,986.0,1009.8,1052693
NVTK,2022-08-09,1014.4,1024.6,1000.2,1021.0,838910
NVTK,2022-08-10,1027.0,1045.0,1021.2,1039.8,1147611
NVTK,2022-08-11,1041.2,1048.0,1015.4,1020.0,818101
NVTK,2022-08-12,1019.8,1039.0,1010.2,1036.0,857059
NVTK,2022-08-15,1034.8,1066.4,1028.4,1065.0,1192237
NVTK,2022-08-16,1071.2,1103.8,1071.2,1100.6,1673045
NVTK,2022-08-17,1110.0,1129.0,1074.0,1095.0,2094671
NVTK,2022-08-18,1092.6,1109.0,1080.0,1090.0,916105
NVTK,2022-08-19,1094.8,1095.0,1072.0,1085.0,693283
NVTK,2022-08-22,1087.0,1150.2,1076.4,1150.2,2055678
NVTK,2022-08-23,1153.0,1168.0,1134.2,1135.0,1682555
NVTK,2022-08-24,1135.0,1146.0,1126.0,1146.0,903578
NVTK,2022-08-25,1160.0,1176.2,1131.0,1140.8,2003339
NVTK,2022-08-26,1146.0,1161.0,1130.0,1156.2,960170
NVTK,2022-08-29,1156.2,1175.0,1151.6,1158.0,975252
NVTK,2022-08-30,1163.0,1164.0,1137.0,1147.0,1164262
NVTK,2022-08-31,1147.6,1156.0,1115.4,1133.0,2077714
NVTK,2022-09-01,1133.8,1152.4,1121.0,1149.8,1346852
NVTK,2022-09-02,1153.4,1165.0,1135.4,1148.8,1453314
NVTK,2022-09-05,1158.0,1204.2,1148.8,1197.0,2915133
NVTK,2022-09-06,1199.0,1216.8,1150.0,1163.8,2450874
NVTK,2022-09-07,1163.0,1198.0,1140.8,1178.0,1963786
NVTK,2022-09-08,1175.4,1182.8,1150.2,1157.0,1050217
NVTK,2022-09-09,1161.0,1166.2,1157.0,1160.0,658187
NVTK,2022-09-12,1157.2,1193.0,1155.0,1187.0,1213526
NVTK,2022-09-13,1192.0,1196.8,1172.6,1179.0,761086
NVTK,2022-09-14,1179.0,1180.0,1156.8,1175.4,850900
NVTK,2022-09-15,1176.0,1198.0,1170.0,1190.2,1057803
NVTK,2022-09-16,1192.4,1197.0,1172.4,1180.0,846519
NVTK,2022-09-19,1174.8,1186.6,1160.6,1171.8,602866
NVTK,2022-09-20,1159.0,1161.6,995.4,1044.0,6126838
NVTK,2022-09-21,956.0,1031.6,900.0,1009.2,2774202
NVTK,2022-09-22,1010.0,1050.0,1007.4,1016.6,1609006
NVTK,2022-09-23,1016.6,1017.6,950.0,950.8,1972958
NVTK,2022-09-26,935.0,944.4,821.6,897.6,3095633
NVTK,2022-09-27,908.0,985.0,904.2,984.8,2613412
NVTK,2022-09-28,986.8,998.0,948.4,967.8,2047078
NVTK,2022-09-29,972.0,979.0,913.0,964.8,2385034
NVTK,2022-09-30,966.0,984.2,920.0,969.0,1664029
NVTK,2022-10-03,978.0,1015.0,975.2,1013.4,1441072
NVTK,2022-10-04,1015.2,1025.0,995.8,1007.0,1108398
NVTK,2022-10-05,1002.0,1009.6,986.8,1000.0,1491803
NVTK,2022-10-06,959.0,982.6,957.0,963.2,1380586
NVTK,2022-10-07,963.0,963.0,902.0,906.4,1002495
NVTK,2022-10-10,855.0,963.0,855.0,960.0,1546514
NVTK,2022-10-11,962.2,979.4,948.2,965.8,937310
NVTK,2022-10-12,968.0,986.6,950.8,972.8,1010136
NVTK,2022-10-13,978.0,990.0,968.0,981.0,881456
NVTK,2022-10-14,983.0,987.0,958.2,974.0,704551
NVTK,2022-10-17,980.0,1010.0,976.4,1008.4,1259834
NVTK,2022-10-18,1012.6,1022.0,967.4,988.4,1173449
NVTK,2022-10-19,980.2,1001.8,976.0,995.0,990732
NVTK,2022-10-20,998.0,1011.0,990.8,1003.2,904365
NVTK,2022-10-21,1005.2,1010.0,985.4,1007.6,850962
NVTK,2022-10-24,1014.8,1022.0,995.2,1006.8,939599
NVTK,2022-10-25,1003.4,1038.0,1000.8,1036.8,1115352
NVTK,2022-10-26,1039.0,1052.0,1022.6,1041.8,955033
NVTK,2022-10-27,1047.0,1083.4,1040.6,1078.0,1408949
NVTK,2022-10-28,1076.0,1110.0,1052.2,1106.2,1306053
NVTK,2022-10-31,1111.0,1133.6,1092.8,1104.0,1248514
NVTK,2022-11-01,1105.0,1120.0,1105.0,1109.2,592997
NVTK,2022-11-02,1109.2,1118.2,1092.0,1102.4,746010
NVTK,2022-11-03,1101.2,1110.6,1081.8,1108.0,986625
NVTK,2022-11-07,1115.2,1141.2,1114.0,1140.8,879515
NVTK,2022-11-08,1140.8,1147.0,1129.0,1134.8,886577
NVTK,2022-11-09,1135.6,1135.6,1092.2,1105.0,1052674
NVTK,2022-11-10,1103.0,1131.2,1086.4,1124.0,952457
NVTK,2022-11-11,1125.0,1133.0,1107.4,1113.0,747346
NVTK,2022-11-14,1116.8,1122.4,1109.0,1118.0,564644
NVTK,2022-11-15,1119.8,1128.6,1052.4,1084.6,1386803
NVTK,2022-11-16,1091.0,1117.0,1087.0,1109.0,720601
NVTK,2022-11-17,1110.0,1118.4,1095.4,1099.8,592552
NVTK,2022-11-18,1096.6,1099.8,1078.0,1092.2,510990
NVTK,2022-11-21,1089.8,1089.8,1058.0,1075.4,825455
NVTK,2022-11-22,1075.6,1081.8,1064.4,1073.2,595652
NVTK,2022-11-23,1077.0,1099.0,1064.2,1089.6,698821
NVTK,2022-11-24,1090.6,1091.6,1073.0,1078.0,484295
NVTK,2022-11-25,1076.8,1077.8,1060.0,1065.4,488639
NVTK,2022-11-28,1058.0,1058.0,1032.2,1037.8,1209390
NVTK,2022-11-29,1042.6,1047.6,1035.0,1039.8,875900
NVTK,2022-11-30,1040.0,1041.0,1028.0,1040.0,591199
NVTK,2022-12-01,1043.0,1065.0,1035.4,1055.4,1361915
NVTK,2022-12-02,1059.8,1059.8,1040.2,1046.0,685197
NVTK,2022-12-05,1048.6,1057.2,1040.0,1045.0,915071
NVTK,2022-12-06,1048.0,1048.0,1032.0,1035.0,633134
NVTK,2022-12-07,1033.0,1039.2,1026.8,1036.0,717527
NVTK,2022-12-08,1041.8,1060.0,1035.6,1048.2,778087
NVTK,2022-12-09,1050.4,1050.4,1036.4,1042.6,473402
NVTK,2022-12-12,1044.8,1044.8,1031.6,1040.8,567544
NVTK,2022-12-13,1043.0,1044.0,1022.4,1035.0,672287
NVTK,2022-12-14,1036.0,1036.0,1027.2,1029.0,414507
NVTK,2022-12-15,1026.6,1027.6,1005.0,1006.8,1042692
NVTK,2022-12-16,1007.4,1017.0,1003.2,1016.0,565064
NVTK,2022-12-19,1017.2,1024.2,1000.0,1010.6,751184
NVTK,2022-12-20,1010.4,1057.0,1004.2,1053.4,1360015
NVTK,2022-12-21,1059.8,1071.0,1045.6,1061.0,1271626
NVTK,2022-12-22,1065.0,1074.8,1043.6,1049.0,967192
NVTK,2022-12-23,1049.0,1051.6,1033.2,1048.0,754746
NVTK,2022-12-26,1056.2,1059.8,1046.0,1052.4,754232
NVTK,2022-12-27,1055.0,1058.4,1045.2,1052.0,701804
NVTK,2022-12-28,1047.8,1055.0,1047.8,1051.2,592145
NVTK,2022-12-29,1051.4,1066.0,1050.0,1064.2,405832
NVTK,2022-12-30,1066.0,1080.0,1056.4,1078.4,743174
NVTK,2023-01-03,1078.4,1087.0,1071.0,1072.6,357140
NVTK,2023-01-04,1072.0,1078.6,1058.6,1060.8,519881
NVTK,2023-01-05,1060.0,1062.0,1050.0,1053.0,289174
NVTK,2023-01-06,1050.4,1054.0,1038.6,1052.6,339234
NVTK,2023-01-09,1054.4,1059.6,1048.2,1051.8,408614
NVTK,2023-01-10,1052.0,1052.6,1035.2,1039.6,749318
NVTK,2023-01-11,1041.4,1044.8,1030.6,1044.2,847394
NVTK,2023-01-12,1044.4,1045.0,1038.0,1040.0,341654
NVTK,2023-01-13,1040.0,1046.0,1036.2,1042.0,390307
NVTK,2023-01-16,1044.0,1054.0,1042.2,1050.6,773479
NVTK,2023-01-17,1051.0,1051.0,1038.4,1042.0,464916
NVTK,2023-01-18,1042.0,1042.8,1021.2,1031.8,770530
NVTK,2023-01-19,1028.8,1033.2,1010.4,1014.8,909021
NVTK,2023-01-20,1018.0,1028.0,1008.0,1027.6,736908
NVTK,2023-01-23,1029.8,1031.0,1018.8,1024.6,517023
NVTK,2023-01-24,1027.8,1027.8,1012.4,1020.2,687390
NVTK,2023-01-25,1019.4,1022.0,1009.0,1018.2,483340
NVTK,2023-01-26,1018.4,1025.0,1011.2,1017.6,779067
NVTK,2023-01-27,1020.0,1025.8,1012.8,1022.6,601615
NVTK,2023-01-30,1024.6,1026.0,1019.0,1022.4,457984
NVTK,2023-01-31,1022.0,1034.6,1021.0,1029.8,532181
NVTK,2023-02-01,1029.0,1033.2,1024.0,1026.6,566874
NVTK,2023-02-02,1028.8,1034.8,1021.2,1027.8,511158
NVTK,2023-02-03,1027.8,1034.0,1022.4,1030.2,577998
NVTK,2023-02-06,1032.0,1100.0,1030.2,1098.0,3759564
NVTK,2023-02-07,1103.0,1116.4,1076.0,1089.0,2014713
NVTK,2023-02-08,1089.2,1096.8,1059.2,1074.0,1533056
NVTK,2023-02-09,1077.2,1079.4,1061.0,1072.0,919499
NVTK,2023-02-10,1069.8,1090.0,1065.8,1083.6,783799
NVTK,2023-02-13,1084.0,1093.0,1072.0,1073.0,613810
NVTK,2023-02-14,1074.0,1074.0,1050.0,1058.4,1290536
NVTK,2023-02-15,1058.0,1058.0,1012.8,1026.2,1378338
NVTK,2023-02-16,1027.2,1041.6,1026.6,1030.8,1005885
NVTK,2023-02-17,1033.0,1043.6,1020.6,1031.4,645783
NVTK,2023-02-20,1032.0,1038.4,1015.8,1033.2,776829
NVTK,2023-02-21,1034.2,1054.6,1033.6,1045.0,993761
NVTK,2023-02-22,1045.4,1050.4,1027.6,1045.0,809764
NVTK,2023-02-24,1049.0,1049.0,1039.2,1042.6,274587
NVTK,2023-02-27,1042.6,1067.0,1040.0,1066.6,1082654
NVTK,2023-02-28,1069.6,1074.0,1056.4,1065.0,824715
NVTK,2023-03-01,1067.2,1074.8,1060.0,1073.4,925005
NVTK,2023-03-02,1072.4,1075.0,1048.4,1056.6,1445475
NVTK,2023-03-03,1056.8,1078.0,1056.6,1072.2,979937
NVTK,2023-03-06,1080.0,1082.4,1072.0,1077.0,809728
NVTK,2023-03-07,1077.0,1080.0,1064.8,1074.4,645039
NVTK,2023-03-09,1074.6,1079.0,1067.2,1073.4,631981
NVTK,2023-03-10,1070.2,1084.2,1058.2,1064.0,1468154
NVTK,2023-03-13,1066.8,1072.8,1047.6,1061.8,935849
NVTK,2023-03-14,1062.0,1066.6,1054.4,1059.2,918830
NVTK,2023-03-15,1062.6,1065.0,1040.2,1048.4,1448311
NVTK,2023-03-16,1046.4,1066.4,1038.2,1064.0,1527884
NVTK,2023-03-17,1068.8,1088.8,1060.2,1074.6,3091898
NVTK,2023-03-20,1081.2,1127.0,1062.0,1122.2,3343059
NVTK,2023-03-21,1125.0,1166.0,1113.2,1126.2,4205908
NVTK,2023-03-22,1130.0,1138.6,1110.0,1128.8,1399847
NVTK,2023-03-23,1128.0,1147.0,1121.0,1138.4,725247
NVTK,2023-03-24,1135.2,1147.0,1135.2,1141.8,608444
NVTK,2023-03-27,1148.0,1175.8,1142.4,1172.0,1197304
NVTK,2023-03-28,1175.0,1176.4,1149.2,1160.0,1090533
NVTK,2023-03-29,1160.0,1164.0,1150.0,1156.6,813211
NVTK,2023-03-30,1156.4,1158.8,1151.2,1153.6,452846
NVTK,2023-03-31,1154.0,1158.0,1135.8,1155.2,1124295
NVTK,2023-04-03,1165.6,1175.0,1152.0,1167.4,1283349
NVTK,2023-04-04,1171.8,1210.6,1170.0,1198.2,2430271
NVTK,2023-04-05,1198.4,1205.0,1181.0,1203.6,1352215
NVTK,2023-04-06,1204.0,1217.6,1202.4,1202.8,1257573
NVTK,2023-04-07,1203.2,1228.4,1200.0,1228.2,1096409
NVTK,2023-04-10,1231.8,1254.8,1230.2,1248.8,1475706
NVTK,2023-04-11,1251.0,1254.8,1212.8,1219.0,1694268
NVTK,2023-04-12,1219.4,1246.0,1205.0,1240.6,1766987
NVTK,2023-04-13,1245.4,1262.8,1233.2,1260.0,1116026
NVTK,2023-04-14,1262.0,1296.4,1260.6,1296.0,1789475
NVTK,2023-04-17,1301.2,1329.0,1299.0,1317.6,1670403
NVTK,2023-04-18,1315.0,1320.0,1301.0,1311.4,1089564
NVTK,2023-04-19,1311.0,1312.2,1290.6,1294.2,1161085
NVTK,2023-04-20,1300.0,1320.0,1286.4,1317.6,1352322
NVTK,2023-04-21,1317.8,1326.6,1306.4,1321.4,970813
NVTK,2023-04-24,1325.6,1335.2,1309.0,1313.6,1291448
NVTK,2023-04-25,1315.8,1316.6,1298.0,1314.4,777816
NVTK,2023-04-26,1316.8,1317.4,1311.2,1313.0,516218
NVTK,2023-04-27,1317.2,1321.4,1313.0,1320.0,844702
NVTK,2023-04-28,1320.8,1349.4,1310.0,1340.8,2004575
NVTK,2023-05-02,1289.0,1296.8,1261.0,1270.0,2348642
NVTK,2023-05-03,1265.2,1269.8,1221.4,1223.8,1556480
NVTK,2023-05-04,1223.2,1240.0,1218.0,1229.8,679351
NVTK,2023-05-05,1232.4,1252.6,1218.8,1222.0,751517
NVTK,2023-05-08,1222.0,1234.6,1212.0,1215.2,317089
NVTK,2023-05-10,1215.2,1279.8,1215.2,1270.0,1215415
NVTK,2023-05-11,1274.0,1290.0,1245.8,1269.2,1272918
NVTK,2023-05-12,1268.2,1273.8,1255.0,1270.4,599704
NVTK,2023-05-15,1273.0,1300.0,1272.8,1300.0,747464
NVTK,2023-05-16,1306.4,1307.4,1286.2,1293.8,587143
NVTK,2023-05-17,1291.2,1300.0,1281.8,1295.4,474648
NVTK,2023-05-18,1297.4,1297.8,1270.2,1278.2,628378
NVTK,2023-05-19,1275.2,1277.6,1258.4,1263.6,592015
NVTK,2023-05-22,1265.0,1274.8,1259.2,1267.8,436456
NVTK,2023-05-23,1268.0,1297.0,1260.4,1294.0,839326
NVTK,2023-05-24,1296.0,1319.8,1287.6,1312.0,1142139
NVTK,2023-05-25,1315.0,1318.0,1281.2,1295.2,712617
NVTK,2023-05-26,1292.6,1311.2,1289.4,1305.4,416763
NVTK,2023-05-29,1312.0,1315.4,1299.0,1307.4,731987
NVTK,2023-05-30,1299.6,1315.8,1265.0,1309.6,1074256
NVTK,2023-05-31,1310.0,1313.8,1290.0,1298.4,1006151
NVTK,2023-06-01,1299.0,1308.4,1282.0,1293.8,643281
NVTK,2023-06-02,1296.4,1349.4,1295.0,1340.4,1728888
NVTK,2023-06-05,1349.0,1380.0,1302.0,1309.6,2683039
NVTK,2023-06-06,1313.0,1350.8,1275.2,1347.4,1874296
NVTK,2023-06-07,1353.2,1359.4,1325.6,1334.2,1011467
NVTK,2023-06-08,1331.0,1349.4,1322.0,1339.8,665971
NVTK,2023-06-09,1343.8,1356.2,1336.2,1355.6,557035
NVTK,2023-06-13,1361.0,1390.4,1360.0,1385.8,982915
NVTK,2023-06-14,1388.0,1392.0,1361.2,1372.8,964839
NVTK,2023-06-15,1373.8,1392.0,1355.0,1388.6,1358315
NVTK,2023-06-16,1391.0,1396.0,1372.4,1378.8,616953
NVTK,2023-06-19,1379.8,1385.0,1363.0,1377.6,678605
NVTK,2023-06-20,1380.8,1385.0,1342.4,1359.6,1403322
NVTK,2023-06-21,1358.2,1369.8,1345.2,1364.4,1055982
NVTK,2023-06-22,1360.0,1368.0,1345.4,1346.2,658449
NVTK,2023-06-23,1345.2,1348.6,1311.8,1317.0,1179835
NVTK,2023-06-26,1332.0,1347.2,1300.0,1322.2,1359093
NVTK,2023-06-27,1323.6,1341.8,1322.2,1332.2,811470
NVTK,2023-06-28,1333.8,1339.0,1316.4,1322.8,549353
NVTK,2023-06-29,1322.8,1328.0,1315.4,1326.4,370257
NVTK,2023-06-30,1327.0,1336.4,1322.4,1335.0,349641
NVTK,2023-07-03,1338.6,1338.8,1315.4,1322.4,463513
NVTK,2023-07-04,1322.0,1333.0,1307.4,1316.6,775710
NVTK,2023-07-05,1323.0,1330.0,1316.2,1322.4,506883
NVTK,2023-07-06,1325.0,1370.0,1322.8,1363.8,1606645
NVTK,2023-07-07,1365.4,1398.0,1357.2,1396.4,1505380
NVTK,2023-07-10,1403.0,1415.0,1399.0,1403.8,903006
NVTK,2023-07-11,1405.4,1421.0,1394.8,1418.8,617186
NVTK,2023-07-12,1421.0,1448.8,1420.2,1445.6,1375027
NVTK,2023-07-13,1449.0,1450.0,1411.2,1423.0,1155568
NVTK,2023-07-14,1421.6,1446.4,1415.0,1440.0,1029867
NVTK,2023-07-17,1436.0,1468.8,1430.2,1468.2,1050396
NVTK,2023-07-18,1469.0,1489.0,1466.6,1485.0,1124576
NVTK,2023-07-19,1485.2,1499.0,1469.2,1479.4,957670
NVTK,2023-07-20,1479.4,1480.0,1452.4,1464.0,1315026
NVTK,2023-07-21,1469.4,1483.4,1454.8,1481.0,955611
NVTK,2023-07-24,1485.0,1498.6,1468.0,1476.4,835683
NVTK,2023-07-25,1478.0,1478.0,1465.4,1472.0,828073
NVTK,2023-07-26,1472.0,1509.0,1468.2,1494.4,1706035
NVTK,2023-07-27,1502.0,1512.0,1487.0,1496.0,996954
NVTK,2023-07-28,1496.0,1502.0,1490.2,1500.2,636193
NVTK,2023-07-31,1504.2,1524.8,1501.0,1519.4,865326
NVTK,2023-08-01,1524.0,1530.0,1508.8,1525.2,866542
NVTK,2023-08-02,1522.4,1571.2,1518.0,1556.2,1531300
NVTK,2023-08-03,1558.0,1608.6,1556.2,1602.4,1359877
NVTK,2023-08-04,1602.4,1621.0,1558.0,1577.0,1615998
NVTK,2023-08-07,1587.0,1620.0,1567.6,1593.4,1174533
NVTK,2023-08-08,1596.2,1597.8,1560.0,1594.4,958407
NVTK,2023-08-09,1599.2,1606.2,1582.4,1592.2,707987
NVTK,2023-08-10,1596.0,1644.6,1596.0,1639.0,1735352
NVTK,2023-08-11,1643.6,1659.0,1623.4,1658.6,1171340
NVTK,2023-08-14,1675.6,1699.0,1603.0,1624.4,2377430
NVTK,2023-08-15,1615.2,1656.4,1605.2,1622.0,1104624
NVTK,2023-08-16,1625.0,1635.0,1570.4,1598.6,1408352
NVTK,2023-08-17,1599.0,1618.2,1575.6,1607.2,1036365
NVTK,2023-08-18,1606.0,1650.0,1600.8,1644.2,779608
NVTK,2023-08-21,1662.0,1678.4,1655.0,1665.6,1161584
NVTK,2023-08-22,1673.0,1691.8,1654.8,1681.6,804894
NVTK,2023-08-23,1685.0,1691.6,1624.2,1642.0,1640538
NVTK,2023-08-24,1649.8,1688.0,1641.2,1674.4,878881
NVTK,2023-08-25,1678.4,1689.6,1660.6,1676.2,1203141
NVTK,2023-08-28,1676.2,1685.8,1665.2,1681.6,768289
NVTK,2023-08-29,1681.8,1699.8,1670.8,1682.8,960544
NVTK,2023-08-30,1687.0,1715.0,1666.0,1688.6,1436340
NVTK,2023-08-31,1686.0,1704.2,1670.8,1684.8,875206
NVTK,2023-09-01,1684.8,1695.0,1679.0,1688.0,442685
NVTK,2023-09-04,1691.4,1702.8,1691.4,1698.2,592952
NVTK,2023-09-05,1701.6,1708.2,1688.2,1703.8,802598
NVTK,2023-09-06,1704.2,1704.8,1685.0,1690.2,553542
NVTK,2023-09-07,1690.0,1698.0,1634.4,1663.6,1140867
NVTK,2023-09-08,1663.0,1674.4,1625.4,1641.4,836455
NVTK,2023-09-11,1643.2,1659.8,1614.0,1622.0,910644
NVTK,2023-09-12,1632.0,1673.8,1625.0,1670.4,1079240
NVTK,2023-09-13,1676.0,1677.2,1640.4,1646.4,557634
NVTK,2023-09-14,1649.8,1652.8,1624.6,1640.4,772563
NVTK,2023-09-15,1641.0,1656.4,1630.4,1656.0,585480
NVTK,2023-09-18,1659.0,1664.2,1628.4,1636.2,632367
NVTK,2023-09-19,1636.8,1637.8,1584.2,1599.6,1131616
NVTK,2023-09-20,1595.0,1646.0,1573.0,1625.6,1400701
NVTK,2023-09-21,1622.0,1633.6,1583.8,1596.2,1353775
NVTK,2023-09-22,1599.4,1630.8,1584.2,1625.2,746918
NVTK,2023-09-25,1620.8,1627.2,1596.2,1605.2,407314
NVTK,2023-09-26,1602.6,1635.0,1592.2,1628.0,611177
NVTK,2023-09-27,1632.2,1652.0,1631.2,1647.2,653634
NVTK,2023-09-28,1649.6,1664.2,1636.4,1664.0,618656
NVTK,2023-09-29,1665.0,1670.0,1633.2,1666.2,862399
NVTK,2023-10-02,1671.8,1701.8,1666.4,1698.0,1279946
NVTK,2023-10-03,1698.6,1707.0,1673.4,1706.0,1022179
NVTK,2023-10-04,1708.8,1725.0,1698.0,1698.0,940366
NVTK,2023-10-05,1703.8,1720.0,1692.0,1710.8,648620
NVTK,2023-10-06,1714.0,1723.0,1705.0,1719.4,919991
NVTK,2023-10-09,1721.0,1757.0,1717.2,1756.2,1721469
NVTK,2023-10-10,1726.8,1737.8,1706.8,1717.4,1670728
NVTK,2023-10-11,1719.6,1736.0,1684.0,1690.2,1254759
NVTK,2023-10-12,1690.2,1709.6,1676.0,1703.6,566486
NVTK,2023-10-13,1707.8,1713.0,1700.4,1708.4,434490
NVTK,2023-10-16,1711.8,1733.0,1709.6,1729.6,699958
NVTK,2023-10-17,1730.0,1732.6,1702.6,1728.6,596568
NVTK,2023-10-18,1730.2,1749.8,1725.0,1730.0,766333
NVTK,2023-10-19,1730.0,1735.6,1710.0,1723.2,551535
NVTK,2023-10-20,1723.8,1724.8,1705.0,1708.6,493363
NVTK,2023-10-23,1714.8,1714.8,1680.2,1688.0,754059
NVTK,2023-10-24,1688.2,1702.4,1668.2,1679.4,687392
NVTK,2023-10-25,1682.8,1704.4,1672.0,1695.0,604686
NVTK,2023-10-26,1698.0,1698.6,1666.2,1682.0,576458
NVTK,2023-10-27,1682.0,1692.0,1667.2,1678.4,472485
NVTK,2023-10-30,1679.0,1683.4,1661.0,1681.0,605885
NVTK,2023-10-31,1680.0,1693.2,1655.4,1661.0,434591
NVTK,2023-11-01,1664.4,1666.0,1654.0,1659.0,396035
NVTK,2023-11-02,1666.0,1686.4,1615.8,1639.8,1706155
NVTK,2023-11-03,1640.0,1652.0,1605.6,1608.4,839901
NVTK,2023-11-06,1608.8,1644.8,1600.0,1644.4,372833
NVTK,2023-11-07,1646.0,1648.2,1624.0,1634.2,567183
NVTK,2023-11-08,1634.0,1646.0,1617.2,1623.4,590804
NVTK,2023-11-09,1621.0,1628.4,1592.0,1612.2,1195584
NVTK,2023-11-10,1615.4,1628.4,1602.0,1618.2,480068
NVTK,2023-11-13,1618.2,1634.0,1610.2,1623.6,392559
NVTK,2023-11-14,1624.6,1624.6,1586.6,1594.0,755261
NVTK,2023-11-15,1591.0,1595.8,1550.2,1566.8,1214126
NVTK,2023-11-16,1566.8,1568.0,1533.0,1538.2,902647
NVTK,2023-11-17,1533.2,1552.0,1510.4,1536.0,908954
NVTK,2023-11-20,1542.0,1548.0,1528.6,1545.6,468848
NVTK,2023-11-21,1545.6,1546.0,1530.0,1539.0,410802
NVTK,2023-11-22,1539.8,1546.6,1515.8,1525.8,790317
NVTK,2023-11-23,1525.0,1525.0,1510.8,1511.2,463425
NVTK,2023-11-24,1511.2,1531.8,1501.0,1514.0,661724
NVTK,2023-11-27,1514.2,1522.0,1503.0,1510.4,472771
NVTK,2023-11-28,1510.6,1518.0,1482.0,1509.2,596731
NVTK,2023-11-29,1510.0,1512.0,1490.0,1493.6,391250
NVTK,2023-11-30,1495.0,1523.0,1482.2,1510.0,531785
NVTK,2023-12-01,1511.0,1521.0,1493.6,1500.0,500255
NVTK,2023-12-04,1497.0,1518.0,1490.0,1505.4,501324
NVTK,2023-12-05,1508.4,1549.0,1508.4,1542.4,990731
NVTK,2023-12-06,1547.8,1549.8,1495.0,1505.8,964477
NVTK,2023-12-07,1508.8,1527.6,1505.8,1515.2,594392
NVTK,2023-12-08,1514.0,1542.0,1514.0,1531.4,380355
NVTK,2023-12-11,1536.0,1542.0,1475.2,1491.0,728038
NVTK,2023-12-12,1488.0,1516.0,1470.0,1496.4,572832
NVTK,2023-12-13,1493.0,1510.6,1484.2,1507.6,335729
NVTK,2023-12-14,1510.0,1514.4,1455.0,1460.2,590831
NVTK,2023-12-15,1460.0,1498.2,1456.0,1494.6,750359
NVTK,2023-12-18,1506.0,1509.2,1494.0,1501.0,808735
NVTK,2023-12-19,1501.0,1539.0,1498.2,1531.4,993011
NVTK,2023-12-20,1536.8,1544.8,1515.6,1531.2,778059
NVTK,2023-12-21,1531.2,1532.8,1452.4,1478.2,3143407
NVTK,2023-12-22,1484.8,1508.0,1471.2,1489.6,1200881
NVTK,2023-12-25,1470.0,1489.8,1455.2,1478.0,871849
NVTK,2023-12-26,1480.0,1496.0,1475.0,1476.2,693636
NVTK,2023-12-27,1476.4,1480.0,1450.0,1450.6,1010547
NVTK,2023-12-28,1450.2,1464.0,1440.4,1448.0,895672
NVTK,2023-12-29,1446.0,1475.0,1445.4,1463.2,532678
NVTK,2024-01-03,1466.2,1485.2,1465.0,1484.8,167611
NVTK,2024-01-04,1490.0,1497.2,1474.0,1479.6,263650
NVTK,2024-01-05,1482.0,1489.2,1476.8,1480.4,223484
NVTK,2024-01-08,1480.4,1493.6,1480.4,1487.2,448077
NVTK,2024-01-09,1491.0,1498.0,1474.2,1489.0,797657
NVTK,2024-01-10,1489.0,1522.6,1489.0,1513.0,1348467
NVTK,2024-01-11,1516.0,1520.0,1493.6,1505.4,1148631
NVTK,2024-01-12,1508.0,1509.2,1497.6,1500.2,455487
NVTK,2024-01-15,1504.0,1515.0,1482.8,1492.2,828409
NVTK,2024-01-16,1498.0,1498.0,1467.0,1474.8,908447
NVTK,2024-01-17,1474.8,1484.8,1460.0,1475.2,895941
NVTK,2024-01-18,1476.4,1485.0,1461.2,1466.0,923103
NVTK,2024-01-19,1465.0,1468.0,1451.0,1457.0,693205
NVTK,2024-01-22,1425.0,1456.0,1421.0,1444.6,2358435
NVTK,2024-01-23,1444.6,1448.6,1430.0,1431.0,764178
NVTK,2024-01-24,1434.2,1450.0,1433.4,1447.6,1246097
NVTK,2024-01-25,1450.0,1459.8,1431.0,1435.8,797474
NVTK,2024-01-26,1443.0,1443.8,1420.6,1423.6,913772
NVTK,2024-01-29,1424.0,1436.8,1418.0,1435.8,765952
NVTK,2024-01-30,1437.4,1443.2,1425.2,1434.2,935270
NVTK,2024-01-31,1435.0,1449.0,1430.6,1439.0,687506
NVTK,2024-02-01,1443.0,1460.0,1439.0,1445.6,1002141
NVTK,2024-02-02,1450.0,1456.6,1442.0,1443.4,581784
NVTK,2024-02-05,1446.2,1498.0,1443.6,1494.0,2690777
NVTK,2024-02-06,1496.6,1499.8,1471.2,1477.4,2137050
NVTK,2024-02-07,1483.0,1484.2,1462.0,1469.8,1097996
NVTK,2024-02-08,1462.0,1467.6,1435.0,1438.4,1138724
NVTK,2024-02-09,1441.4,1466.4,1420.2,1425.0,2149041
NVTK,2024-02-12,1426.2,1431.0,1400.0,1408.8,1694398
NVTK,2024-02-13,1411.6,1424.0,1405.4,1422.0,1116534
NVTK,2024-02-14,1424.4,1431.8,1409.6,1411.8,789602
NVTK,2024-02-15,1414.6,1415.8,1388.0,1409.0,1406729
NVTK,2024-02-16,1409.0,1420.0,1403.0,1409.6,856750
NVTK,2024-02-19,1410.6,1416.0,1385.0,1388.2,1096027
NVTK,2024-02-20,1388.2,1401.0,1374.2,1379.2,1158999
NVTK,2024-02-21,1380.0,1390.0,1338.8,1358.8,1383335
NVTK,2024-02-22,1358.8,1362.0,1325.4,1337.4,2837036
NVTK,2024-02-26,1338.0,1353.4,1330.4,1351.6,1166177
NVTK,2024-02-27,1352.2,1377.0,1348.0,1375.2,1223596
NVTK,2024-02-28,1373.0,1373.0,1343.4,1346.4,1099365
NVTK,2024-02-29,1360.0,1360.0,1338.4,1349.6,992995
NVTK,2024-03-01,1349.8,1355.0,1345.0,1348.0,690501
NVTK,2024-03-04,1355.0,1357.0,1328.0,1337.8,2326473
NVTK,2024-03-05,1339.0,1347.8,1326.0,1343.2,1129589
NVTK,2024-03-06,1346.0,1389.8,1340.2,1385.0,2770296
NVTK,2024-03-07,1387.6,1395.0,1374.0,1389.6,1406449
NVTK,2024-03-11,1394.0,1399.0,1385.6,1396.0,1209117
NVTK,2024-03-12,1397.8,1423.8,1389.4,1417.8,1962514
NVTK,2024-03-13,1419.2,1426.8,1401.0,1406.6,1291830
NVTK,2024-03-14,1406.8,1408.6,1377.0,1399.8,1161414
NVTK,2024-03-15,1401.4,1408.4,1395.8,1400.0,550298
NVTK,2024-03-18,1400.0,1415.0,1397.8,1404.6,714610
NVTK,2024-03-19,1404.6,1408.0,1362.2,1370.8,1963934
NVTK,2024-03-20,1382.2,1386.6,1350.0,1369.6,2267570
NVTK,2024-03-21,1375.8,1385.0,1354.6,1360.8,2266621
NVTK,2024-03-22,1361.0,1368.0,1335.2,1346.0,1832544
NVTK,2024-03-25,1356.0,1367.0,1342.2,1365.4,2469886
NVTK,2024-03-26,1322.8,1333.8,1311.0,1316.8,2723672
NVTK,2024-03-27,1317.0,1319.8,1303.4,1304.6,1502998
NVTK,2024-03-28,1305.0,1322.0,1303.4,1318.4,1385803
NVTK,2024-03-29,1322.2,1329.0,1312.0,1312.6,994706
NVTK,2024-04-01,1315.2,1320.0,1310.0,1316.6,1200790
NVTK,2024-04-02,1313.6,1314.6,1272.6,1283.2,3327392
NVTK,2024-04-03,1283.2,1290.2,1264.2,1287.0,2859194
NVTK,2024-04-04,1290.6,1321.0,1289.6,1297.4,4453362
NVTK,2024-04-05,1298.4,1306.8,1277.0,1283.8,1903398
NVTK,2024-04-08,1286.4,1303.2,1278.8,1283.6,1376261
NVTK,2024-04-09,1284.0,1287.8,1270.0,1274.0,1212137
NVTK,2024-04-10,1274.2,1287.8,1267.0,1277.2,1317095
NVTK,2024-04-11,1280.0,1288.0,1278.0,1283.2,980186
NVTK,2024-04-12,1284.0,1295.2,1281.0,1283.0,1144275
NVTK,2024-04-15,1283.8,1310.0,1283.8,1301.0,1586241
NVTK,2024-04-16,1305.2,1305.2,1283.2,1292.8,972788
NVTK,2024-04-17,1293.4,1295.2,1276.2,1283.8,1139879
NVTK,2024-04-18,1284.0,1286.8,1275.4,1279.2,688550
NVTK,2024-04-19,1282.0,1283.4,1274.2,1276.2,727564
NVTK,2024-04-22,1271.6,1277.4,1260.6,1264.4,1729937
NVTK,2024-04-23,1267.8,1269.0,1246.4,1249.8,1881039
NVTK,2024-04-24,1249.8,1258.6,1247.2,1251.4,1207268
NVTK,2024-04-25,1251.0,1254.0,1237.6,1239.6,1145353
NVTK,2024-04-26,1242.2,1249.6,1234.0,1236.6,857046
NVTK,2024-04-27,1236.6,1242.0,1227.0,1229.0,713686
NVTK,2024-04-29,1229.0,1234.2,1227.0,1228.6,349959
NVTK,2024-04-30,1230.8,1238.4,1229.2,1235.2,516708
NVTK,2024-05-02,1236.0,1237.4,1227.0,1231.0,767414
NVTK,2024-05-03,1230.0,1246.2,1230.0,1231.6,871028
NVTK,2024-05-06,1237.6,1237.6,1221.2,1221.4,797704
NVTK,2024-05-07,1221.8,1242.0,1221.4,1239.2,792282
NVTK,2024-05-08,1242.0,1242.6,1225.0,1227.2,837740
NVTK,2024-05-10,1229.8,1234.0,1228.0,1229.2,304801
NVTK,2024-05-13,1231.0,1240.0,1228.2,1239.8,711515
NVTK,2024-05-14,1240.0,1241.0,1220.0,1227.2,1083769
NVTK,2024-05-15,1223.2,1231.6,1217.4,1222.8,978762
NVTK,2024-05-16,1224.4,1231.0,1222.0,1224.8,685425
NVTK,2024-05-17,1224.0,1228.8,1219.4,1221.0,565271
NVTK,2024-05-20,1222.4,1222.4,1192.2,1195.4,1936932
NVTK,2024-05-21,1195.0,1202.2,1157.2,1176.0,2512186
NVTK,2024-05-22,1177.8,1191.6,1177.8,1184.4,901520
NVTK,2024-05-23,1185.6,1186.0,1154.0,1164.8,1585858
NVTK,2024-05-24,1165.0,1173.2,1120.2,1120.4,1921990
NVTK,2024-05-27,1123.2,1142.2,1115.2,1130.8,2205979
NVTK,2024-05-28,1132.2,1138.6,1095.0,1113.2,1794040
NVTK,2024-05-29,1113.4,1121.0,1105.2,1117.8,927558
NVTK,2024-05-30,1119.0,1123.8,1080.0,1085.0,1118775
NVTK,2024-05-31,1089.0,1102.0,1067.2,1084.0,1544823
NVTK,2024-06-03,1085.0,1100.0,1045.2,1073.6,2096963
NVTK,2024-06-04,1075.0,1080.0,1053.8,1076.4,1389809
NVTK,2024-06-05,1080.0,1080.0,1055.0,1057.8,1744670
NVTK,2024-06-06,1060.2,1060.8,1032.2,1038.4,1810404
NVTK,2024-06-07,1041.4,1051.4,1031.4,1034.4,2038049
NVTK,2024-06-10,1040.4,1054.0,1019.0,1026.0,1884416
NVTK,2024-06-11,1031.2,1078.8,1031.0,1078.0,6461694
NVTK,2024-06-13,1005.0,1067.0,1005.0,1047.0,4691335
NVTK,2024-06-14,1050.0,1090.0,1044.0,1089.6,3016357
NVTK,2024-06-17,1088.0,1099.0,1053.2,1065.0,3320950
NVTK,2024-06-18,1064.8,1067.8,1026.0,1033.2,2164349
NVTK,2024-06-19,1035.0,1056.6,1016.2,1056.0,2672593
NVTK,2024-06-20,1054.8,1066.0,1025.0,1054.8,6464328
NVTK,2024-06-21,1053.0,1058.0,1035.0,1040.0,1417006
NVTK,2024-06-24,1045.0,1057.4,1037.0,1043.2,1556085
NVTK,2024-06-25,1043.6,1060.0,1039.6,1056.4,1268235
NVTK,2024-06-26,1058.8,1066.0,1050.0,1056.4,1554392
NVTK,2024-06-27,1059.0,1060.0,1045.0,1048.4,908390
NVTK,2024-06-28,1050.0,1092.0,1046.8,1091.8,3928747
NVTK,2024-07-01,1096.8,1105.8,1083.0,1097.0,3445401
NVTK,2024-07-02,1100.0,1138.0,1094.2,1134.6,6315658
NVTK,2024-07-03,1136.6,1143.0,1100.6,1101.4,5437963
NVTK,2024-07-04,1102.4,1123.0,1084.0,1088.2,4033907
NVTK,2024-07-05,1088.4,1104.0,1076.0,1096.6,3065222
NVTK,2024-07-08,1098.2,1108.0,1081.0,1082.6,2347986
NVTK,2024-07-09,1080.4,1091.0,1056.0,1062.2,2932848
NVTK,2024-07-10,1058.8,1070.0,1010.0,1013.0,3023660
NVTK,2024-07-11,1015.6,1049.8,1014.0,1045.8,2481613
NVTK,2024-07-12,1049.6,1051.2,1021.0,1024.8,1565940
NVTK,2024-07-15,1026.4,1029.8,997.0,1003.8,2533504
NVTK,2024-07-16,1005.0,1028.0,972.2,1021.6,4614295
NVTK,2024-07-17,1025.6,1051.6,1013.0,1034.6,3417955
NVTK,2024-07-18,1036.2,1074.0,1022.8,1074.0,3595673
NVTK,2024-07-19,1073.4,1101.0,1064.0,1085.8,4057224
NVTK,2024-07-22,1091.8,1118.2,1087.0,1102.4,4381991
NVTK,2024-07-23,1105.0,1105.2,1078.6,1086.6,3095270
NVTK,2024-07-24,1088.8,1105.0,1079.4,1085.8,4778150
NVTK,2024-07-25,1084.8,1097.8,1071.0,1090.4,2409720
NVTK,2024-07-26,1090.4,1099.0,1056.4,1067.2,3750643
NVTK,2024-07-29,1065.0,1065.2,1020.0,1020.8,3285821
NVTK,2024-07-30,1020.0,1053.8,1010.0,1048.6,3428527
NVTK,2024-07-31,1053.0,1056.0,1033.0,1043.6,1933827
NVTK,2024-08-01,1045.0,1053.2,1027.0,1029.0,1563726
NVTK,2024-08-02,1029.6,1037.4,1015.2,1018.4,1965891
NVTK,2024-08-05,1001.0,1016.2,996.8,1005.2,3854457
NVTK,2024-08-06,1015.0,1029.4,1001.0,1010.2,2737964
NVTK,2024-08-07,1014.8,1020.0,997.0,1012.0,3464046
NVTK,2024-08-08,1016.0,1029.2,1009.8,1018.0,3575007
NVTK,2024-08-09,1016.8,1021.2,1012.2,1015.0,1285383
NVTK,2024-08-12,1017.0,1039.4,1005.4,1035.0,2358573
NVTK,2024-08-13,1035.8,1058.0,1029.4,1055.0,2979061
NVTK,2024-08-14,1057.2,1070.8,1032.0,1035.6,3021257
NVTK,2024-08-15,1037.6,1044.8,1026.0,1029.0,1270732
NVTK,2024-08-16,1030.0,1036.6,1005.6,1008.4,3140159
NVTK,2024-08-19,1012.0,1025.0,1008.0,1019.8,3228759
NVTK,2024-08-20,1020.0,1031.8,997.2,1006.0,4998555
NVTK,2024-08-21,1002.2,1008.0,976.4,995.4,7388335
NVTK,2024-08-22,990.0,997.8,945.0,950.4,8342130
NVTK,2024-08-23,950.0,954.8,907.2,924.8,10703442
NVTK,2024-08-26,980.0,1019.0,970.0,1011.2,13712712
NVTK,2024-08-27,1016.4,1017.2,977.8,986.4,7651879
NVTK,2024-08-28,979.0,983.8,950.2,978.8,7056916
NVTK,2024-08-29,979.0,1004.8,970.4,997.8,5514292
NVTK,2024-08-30,996.0,1001.4,965.2,977.2,3896359
NVTK,2024-09-02,975.0,981.4,943.0,958.0,4188554
NVTK,2024-09-03,958.0,976.0,937.6,952.6,4031640
NVTK,2024-09-04,952.4,972.0,947.6,966.8,2235117
NVTK,2024-09-05,970.6,976.0,948.0,949.2,2766279
NVTK,2024-09-06,948.2,964.8,941.0,964.4,2169889
NVTK,2024-09-09,965.0,997.8,965.0,994.6,2363685
NVTK,2024-09-10,997.6,1013.8,970.8,986.0,4684869
NVTK,2024-09-11,982.8,990.8,959.0,964.2,1730345
NVTK,2024-09-12,962.2,968.2,947.4,956.0,2037213
NVTK,2024-09-13,956.4,973.6,946.0,968.6,2434657
NVTK,2024-09-16,977.2,988.8,973.2,985.0,2052390
NVTK,2024-09-17,990.0,999.2,980.0,993.6,1933666
NVTK,2024-09-18,994.0,997.8,984.2,984.8,1558848
NVTK,2024-09-19,984.4,1007.8,984.2,997.4,2419481
NVTK,2024-09-20,999.4,1015.0,993.0,1002.0,2617161
NVTK,2024-09-23,999.0,1007.0,990.0,1001.4,3490706
NVTK,2024-09-24,998.2,1047.2,996.0,1040.2,7983899
NVTK,2024-09-25,1039.8,1048.0,1020.4,1023.8,3689648
NVTK,2024-09-26,1021.8,1025.0,1006.0,1015.6,2695116
NVTK,2024-09-27,1015.8,1035.2,1012.4,1025.6,2822191
NVTK,2024-09-30,1027.6,1042.4,1002.2,1004.2,3432645
NVTK,2024-10-01,1004.4,1012.8,991.0,1007.8,3034545
NVTK,2024-10-02,1007.8,1016.8,969.0,980.2,3603423
NVTK,2024-10-03,980.2,995.0,972.6,993.6,2389449
NVTK,2024-10-04,995.6,1003.4,989.0,999.8,1757098
NVTK,2024-10-07,1001.6,1007.2,985.8,993.6,1967352
NVTK,2024-10-08,994.8,997.0,982.0,985.8,1463598
NVTK,2024-10-09,985.8,993.6,971.2,976.8,1438754
NVTK,2024-10-10,977.2,991.8,977.2,985.6,1795644
NVTK,2024-10-11,955.0,962.2,953.8,957.8,1649888
NVTK,2024-10-14,959.8,971.8,952.0,969.4,1785252
NVTK,2024-10-15,969.0,980.6,964.6,974.2,1480955
NVTK,2024-10-16,975.0,984.4,966.8,970.6,1342301
NVTK,2024-10-17,970.6,972.6,957.2,958.6,1129454
NVTK,2024-10-18,958.6,965.0,953.8,956.6,1043995
NVTK,2024-10-21,956.6,968.0,954.8,958.4,1059692
NVTK,2024-10-22,958.0,968.8,950.6,960.6,1653623
NVTK,2024-10-23,959.0,961.4,923.2,928.8,2675028
NVTK,2024-10-24,928.6,931.6,910.8,922.0,2666253
NVTK,2024-10-25,922.0,931.2,898.0,903.4,3196492
NVTK,2024-10-28,897.8,897.8,861.2,868.4,3157179
NVTK,2024-10-29,868.2,879.4,851.2,865.4,2539429
NVTK,2024-10-30,870.4,883.0,861.4,862.0,1914150
NVTK,2024-10-31,860.2,867.2,838.2,843.8,2139158
NVTK,2024-11-01,845.4,854.8,835.0,854.6,1893684
NVTK,2024-11-02,856.8,870.2,851.4,868.0,827101
NVTK,2024-11-05,869.8,873.6,860.4,867.2,1128968
NVTK,2024-11-06,892.0,918.0,883.0,895.2,3616572
NVTK,2024-11-07,895.2,924.0,883.8,923.2,1795698
NVTK,2024-11-08,925.0,945.8,923.2,944.8,2394246
NVTK,2024-11-11,950.0,957.0,935.0,944.6,1725548
NVTK,2024-11-12,942.6,951.4,922.8,927.8,2147232
NVTK,2024-11-13,926.8,936.8,897.0,902.4,2094139
NVTK,2024-11-14,903.6,910.4,890.0,893.8,1714978
NVTK,2024-11-15,895.6,922.0,890.0,917.8,1579121
NVTK,2024-11-18,902.0,913.2,890.4,898.8,2107012
NVTK,2024-11-19,898.0,901.0,869.0,875.0,2138291
NVTK,2024-11-20,876.0,879.8,837.0,847.8,3240692
NVTK,2024-11-21,849.6,870.0,837.4,864.8,2725937
NVTK,2024-11-22,865.6,868.0,814.8,822.8,4087946
NVTK,2024-11-25,823.0,831.6,805.6,822.8,4460266
NVTK,2024-11-26,822.8,836.8,803.0,807.8,3461877
NVTK,2024-11-27,809.4,828.0,777.2,828.0,4853445
NVTK,2024-11-28,831.0,841.2,812.0,816.6,2694802
NVTK,2024-11-29,816.0,839.0,815.0,835.6,1924135
NVTK,2024-12-02,839.6,854.4,836.8,846.2,1916523
NVTK,2024-12-03,846.8,847.6,815.0,824.0,1523263
NVTK,2024-12-04,822.2,839.8,790.0,800.0,3200300
NVTK,2024-12-05,803.8,832.2,782.0,830.4,4061934
NVTK,2024-12-06,828.6,839.4,816.6,833.2,2410160
NVTK,2024-12-09,840.0,847.0,825.6,829.2,2197269
NVTK,2024-12-10,829.2,829.6,809.0,811.6,1893138
NVTK,2024-12-11,810.6,814.0,800.0,810.0,1768252
NVTK,2024-12-12,810.0,815.6,788.0,791.2,2154991
NVTK,2024-12-13,791.2,797.0,784.0,790.2,1676057
NVTK,2024-12-16,790.0,790.2,764.4,767.2,2325848
NVTK,2024-12-17,768.4,779.2,765.2,771.6,1416876
NVTK,2024-12-18,772.0,785.0,763.2,784.8,1979250
NVTK,2024-12-19,785.0,817.6,780.6,814.4,4887174
NVTK,2024-12-20,812.0,917.6,805.2,894.0,6635573
NVTK,2024-12-23,905.0,950.0,894.4,944.0,5245296
NVTK,2024-12-24,941.8,942.6,907.4,915.4,3415883
NVTK,2024-12-25,910.0,933.8,900.0,929.4,3828731
NVTK,2024-12-26,929.0,969.0,916.2,949.8,4444032
NVTK,2024-12-27,949.8,959.4,934.4,949.2,2436657
NVTK,2024-12-28,948.0,962.4,940.0,951.8,2397326
NVTK,2024-12-30,962.4,999.6,956.2,996.0,2119848
NVTK,2025-01-03,1011.0,1013.0,958.0,963.8,2030124
NVTK,2025-01-06,960.8,968.0,944.2,965.0,1172343
NVTK,2025-01-08,965.0,981.6,960.8,976.6,983097
NVTK,2025-01-09,978.4,984.4,927.0,930.8,2495789
NVTK,2025-01-10,937.6,976.0,930.0,969.0,4444419
NVTK,2025-01-13,988.0,1019.6,975.0,1007.4,7000511
NVTK,2025-01-14,1002.8,1024.8,992.0,1009.0,3897555
NVTK,2025-01-15,1003.6,1009.4,980.0,1007.8,4335402
NVTK,2025-01-16,1007.0,1009.2,987.0,990.2,3082019
NVTK,2025-01-17,990.2,1013.6,983.2,1006.0,3022703
NVTK,2025-01-20,1018.6,1022.0,971.0,974.4,3611089
NVTK,2025-01-21,982.2,1000.0,970.2,998.8,2498755
NVTK,2025-01-22,1001.0,1038.8,990.2,1017.6,6660842
NVTK,2025-01-23,1016.2,1029.6,1006.0,1024.2,2669364
NVTK,2025-01-24,1027.0,1035.0,1018.0,1029.8,2202221
NVTK,2025-01-27,1029.8,1035.8,1000.0,1003.4,2369424
NVTK,2025-01-28,1004.0,1030.0,986.0,1022.4,3562451
NVTK,2025-01-29,1025.4,1058.2,1021.2,1046.0,5066330
NVTK,2025-01-30,1046.0,1086.4,1043.6,1085.6,5690673
NVTK,2025-01-31,1086.2,1106.8,1066.2,1082.0,4852091
NVTK,2025-02-03,1082.0,1089.6,1061.0,1070.2,2489413
NVTK,2025-02-04,1068.0,1085.6,1058.2,1062.2,1646317
NVTK,2025-02-05,1060.6,1103.4,1059.0,1100.0,4437201
NVTK,2025-02-06,1101.4,1116.6,1090.6,1101.4,3146160
NVTK,2025-02-07,1101.4,1106.0,1091.2,1101.8,1320194
NVTK,2025-02-10,1107.4,1157.6,1105.4,1132.6,6221734
NVTK,2025-02-11,1130.4,1168.0,1130.4,1167.8,5538942
NVTK,2025-02-12,1170.0,1278.2,1152.4,1277.2,17135523
NVTK,2025-02-13,1278.2,1294.6,1224.0,1255.8,8957927
NVTK,2025-02-14,1267.4,1275.0,1195.0,1218.8,7718967
NVTK,2025-02-17,1227.8,1294.8,1227.8,1292.8,5496440
NVTK,2025-02-18,1295.0,1300.0,1229.0,1254.6,5271883
NVTK,2025-02-19,1251.6,1283.2,1235.6,1280.0,2776105
NVTK,2025-02-20,1276.4,1322.8,1265.2,1308.4,4492442
NVTK,2025-02-21,1314.8,1331.0,1300.0,1326.4,3769822
NVTK,2025-02-24,1323.0,1345.6,1309.4,1342.8,4383341
NVTK,2025-02-25,1338.4,1350.0,1315.2,1327.8,3199270
NVTK,2025-02-26,1333.0,1336.6,1263.2,1266.8,4295577
NVTK,2025-02-27,1262.4,1294.4,1231.2,1254.4,4949325
NVTK,2025-02-28,1237.0,1291.0,1221.0,1285.2,5326156
NVTK,2025-03-03,1290.8,1292.8,1221.2,1255.2,4936030
NVTK,2025-03-04,1253.6,1323.0,1253.6,1319.0,3886996
NVTK,2025-03-05,1322.0,1341.6,1282.8,1286.4,4449229
NVTK,2025-03-06,1292.0,1306.6,1257.0,1269.6,2989831
NVTK,2025-03-07,1269.6,1312.0,1261.4,1287.0,4669775
NVTK,2025-03-10,1286.4,1305.2,1275.0,1285.0,1918257
NVTK,2025-03-11,1287.4,1289.2,1252.6,1265.8,2190949
NVTK,2025-03-12,1267.0,1274.0,1237.0,1255.0,2400692
NVTK,2025-03-13,1255.0,1295.0,1202.4,1263.8,5313441
NVTK,2025-03-14,1254.0,1281.2,1240.0,1276.2,3220109
NVTK,2025-03-17,1276.2,1309.6,1262.4,1290.0,3505888
NVTK,2025-03-18,1291.0,1343.8,1288.0,1302.2,7833292
NVTK,2025-03-19,1300.8,1326.8,1293.0,1322.2,2748663
NVTK,2025-03-20,1322.2,1330.0,1294.0,1316.0,3702433
NVTK,2025-03-21,1312.8,1324.0,1296.0,1305.8,2375630
NVTK,2025-03-24,1308.0,1308.0,1283.0,1283.4,2181420
NVTK,2025-03-25,1283.8,1323.4,1265.4,1315.8,4200694
NVTK,2025-03-26,1319.8,1322.2,1286.6,1286.8,1897603
NVTK,2025-03-27,1290.0,1295.0,1272.0,1277.6,2515270
NVTK,2025-03-28,1278.0,1284.2,1227.6,1240.2,3172078
NVTK,2025-03-31,1235.0,1251.6,1185.0,1216.6,4565064
NVTK,2025-04-01,1217.6,1268.6,1157.0,1160.4,6823071
NVTK,2025-04-02,1162.0,1228.4,1162.0,1225.8,6175927
NVTK,2025-04-03,1225.8,1258.2,1182.8,1223.8,6070960
NVTK,2025-04-04,1232.0,1243.4,1142.4,1145.4,6551844
NVTK,2025-04-07,1138.8,1178.0,1075.6,1112.6,9120026
NVTK,2025-04-08,1121.8,1128.0,1043.6,1048.8,5470522
NVTK,2025-04-09,1044.0,1105.0,977.2,1102.0,11195138
NVTK,2025-04-10,1107.0,1108.0,1044.8,1062.0,4457509
NVTK,2025-04-11,1063.2,1118.4,1062.2,1115.0,4632744
NVTK,2025-04-14,1118.6,1145.0,1101.0,1115.6,3975761
NVTK,2025-04-15,1115.6,1165.0,1098.0,1159.0,4357353
NVTK,2025-04-16,1154.0,1197.8,1140.0,1190.2,5362687
NVTK,2025-04-17,1190.0,1223.4,1169.0,1219.8,6965791
NVTK,2025-04-18,1205.4,1207.4,1171.8,1193.0,4474634
NVTK,2025-04-21,1202.2,1242.4,1198.2,1237.0,3796489
NVTK,2025-04-22,1238.8,1264.0,1230.0,1244.8,3588657
NVTK,2025-04-23,1248.0,1254.2,1198.4,1235.4,3411773
NVTK,2025-04-24,1239.0,1258.4,1233.6,1249.0,1864611
NVTK,2025-04-25,1250.4,1317.2,1243.0,1314.6,4770174
NVTK,2025-04-28,1286.4,1290.0,1256.2,1266.2,4730938
NVTK,2025-04-29,1261.6,1268.6,1201.0,1214.6,3202199
NVTK,2025-04-30,1214.8,1220.0,1173.2,1186.8,3732107
NVTK,2025-05-02,1181.0,1183.2,1109.2,1110.8,2336242
NVTK,2025-05-05,1112.2,1133.6,1069.8,1077.8,3977028
NVTK,2025-05-06,1080.0,1145.6,1050.0,1124.8,5533007
NVTK,2025-05-07,1126.8,1163.8,1113.8,1149.0,3295423
NVTK,2025-05-08,1150.0,1178.6,1144.6,1160.0,2615264
NVTK,2025-05-12,1167.0,1209.0,1158.8,1200.6,3912300
NVTK,2025-05-13,1202.4,1204.0,1183.0,1197.2,1943607
NVTK,2025-05-14,1197.8,1205.0,1135.0,1144.2,1858787
NVTK,2025-05-15,1143.4,1164.8,1129.0,1148.4,3084293
NVTK,2025-05-16,1148.4,1186.2,1114.8,1149.8,3239773
NVTK,2025-05-19,1150.0,1184.8,1146.8,1157.2,3392252
NVTK,2025-05-20,1160.8,1162.0,1127.4,1141.0,1599251
NVTK,2025-05-21,1143.0,1153.2,1125.6,1143.8,1298517
NVTK,2025-05-22,1143.0,1146.2,1103.4,1106.6,3899196
NVTK,2025-05-23,1104.2,1108.2,1071.0,1077.6,2858132
NVTK,2025-05-26,1073.0,1076.8,1025.2,1031.8,3359561
NVTK,2025-05-27,1027.6,1043.8,1012.4,1040.6,2740789
NVTK,2025-05-28,1042.2,1116.0,1040.8,1113.0,5198978
NVTK,2025-05-29,1115.0,1115.2,1078.0,1078.2,2797906
NVTK,2025-05-30,1077.0,1111.0,1070.4,1101.8,2174579
NVTK,2025-06-02,1101.8,1121.4,1056.0,1113.4,4166272
NVTK,2025-06-03,1110.0,1134.0,1108.0,1132.0,2461800
NVTK,2025-06-04,1135.4,1142.4,1101.0,1105.0,3091181
NVTK,2025-06-05,1106.0,1120.0,1102.0,1112.8,1516569
NVTK,2025-06-06,1112.8,1144.0,1068.2,1069.4,4089405
NVTK,2025-06-09,1072.4,1080.4,1041.6,1043.4,1998685
NVTK,2025-06-10,1045.4,1053.6,1007.4,1009.4,3394602
NVTK,2025-06-11,1010.6,1036.0,1002.0,1028.0,2449616
NVTK,2025-06-13,1045.0,1047.2,1028.0,1035.6,1246139
NVTK,2025-06-16,1044.0,1065.0,1017.6,1023.8,2697138
NVTK,2025-06-17,1024.0,1079.0,1018.2,1073.0,2611236
NVTK,2025-06-18,1077.0,1089.8,1052.4,1061.8,3899657
NVTK,2025-06-19,1061.2,1075.2,1045.4,1056.6,2650698
NVTK,2025-06-20,1057.6,1068.4,1032.0,1040.8,1896583
NVTK,2025-06-23,1050.0,1062.8,1033.2,1039.6,2227180
NVTK,2025-06-24,1039.8,1053.2,1023.0,1046.6,2603609
NVTK,2025-06-25,1049.0,1094.0,1048.0,1090.8,3994648
NVTK,2025-06-26,1090.8,1092.8,1077.6,1078.0,2126210
NVTK,2025-06-27,1080.0,1093.8,1070.6,1091.0,2829059
NVTK,2025-06-30,1090.8,1105.0,1082.0,1097.6,2573518
NVTK,2025-07-01,1099.8,1123.8,1096.2,1111.0,3060162
NVTK,2025-07-02,1113.0,1122.8,1090.8,1093.8,2595663
NVTK,2025-07-03,1094.8,1102.8,1071.4,1073.4,2638005
NVTK,2025-07-04,1071.2,1073.4,1042.6,1050.2,2786980
NVTK,2025-07-07,1052.6,1055.2,1026.0,1030.2,2266261
NVTK,2025-07-08,1031.2,1046.6,1010.0,1016.4,1919097
NVTK,2025-07-09,1016.4,1039.6,1011.0,1032.8,2309023
NVTK,2025-07-10,1036.0,1045.8,1025.2,1037.0,1433331
NVTK,2025-07-11,1038.0,1042.0,989.0,991.4,3642344
NVTK,2025-07-14,993.8,1038.0,966.6,1031.2,5211269
NVTK,2025-07-15,1036.0,1052.2,1031.0,1046.8,2289189
NVTK,2025-07-16,1049.0,1055.0,1037.4,1044.2,2051760
NVTK,2025-07-17,1045.0,1060.8,1031.2,1034.0,2398228
NVTK,2025-07-18,1037.4,1082.2,1034.4,1082.0,3447097
NVTK,2025-07-21,1081.8,1109.0,1080.2,1091.6,3025624
NVTK,2025-07-22,1094.8,1095.8,1075.0,1085.0,1809788
NVTK,2025-07-23,1085.0,1090.8,1066.2,1071.4,3075022
NVTK,2025-07-24,1072.0,1084.0,1064.2,1073.2,1823208
NVTK,2025-07-25,1076.0,1086.2,1046.8,1052.8,3304290
NVTK,2025-07-28,1056.4,1060.2,1012.4,1024.8,3635326
NVTK,2025-07-29,1023.8,1034.4,1019.6,1028.0,1770959
NVTK,2025-07-30,1028.2,1028.6,1013.2,1018.8,1116132
NVTK,2025-07-31,1019.0,1025.0,1008.8,1014.2,1533056
NVTK,2025-08-01,1017.6,1030.0,1003.0,1014.0,2746251
NVTK,2025-08-04,1018.8,1059.0,1013.0,1058.2,3389828
NVTK,2025-08-05,1060.0,1063.4,1041.6,1058.6,2665898
NVTK,2025-08-06,1058.8,1097.6,1035.4,1083.8,5382281
NVTK,2025-08-07,1084.0,1176.0,1072.2,1138.0,17772183
NVTK,2025-08-08,1140.0,1200.0,1120.0,1195.8,8595193
NVTK,2025-08-11,1224.6,1234.4,1205.2,1222.0,9011414
NVTK,2025-08-12,1222.0,1252.8,1206.8,1244.0,4882479
NVTK,2025-08-13,1242.0,1260.0,1230.0,1241.2,5896981
NVTK,2025-08-14,1241.6,1273.4,1221.2,1264.4,6765802
NVTK,2025-08-15,1265.0,1293.0,1251.4,1278.8,6685289
NVTK,2025-08-18,1239.4,1303.6,1222.2,1269.8,10335217
NVTK,2025-08-19,1275.0,1284.0,1239.2,1250.6,5851408
NVTK,2025-08-20,1251.8,1257.2,1210.2,1215.0,5222716
NVTK,2025-08-21,1217.0,1217.2,1158.0,1164.0,9486987
NVTK,2025-08-22,1164.0,1188.8,1151.4,1184.8,4999103
NVTK,2025-08-25,1186.2,1197.0,1155.0,1171.2,4700300
NVTK,2025-08-26,1170.0,1194.0,1164.6,1172.0,3117712
NVTK,2025-08-27,1172.0,1227.8,1163.2,1225.2,7476001
NVTK,2025-08-28,1225.4,1243.6,1205.4,1217.0,8978543
NVTK,2025-08-29,1220.4,1244.2,1217.6,1238.4,5034696
NVTK,2025-09-01,1238.4,1253.0,1221.2,1225.6,3337104
NVTK,2025-09-02,1229.0,1234.4,1201.0,1220.0,5037477
NVTK,2025-09-03,1220.2,1229.6,1205.2,1226.8,2759958
NVTK,2025-09-04,1227.0,1245.0,1213.6,1226.6,3469000
NVTK,2025-09-05,1228.0,1245.6,1226.4,1239.8,2458261
NVTK,2025-09-08,1243.2,1244.8,1226.6,1237.4,2509725
NVTK,2025-09-09,1238.4,1252.8,1237.0,1250.8,2537453
NVTK,2025-09-10,1252.4,1252.6,1222.2,1231.0,2186729
NVTK,2025-09-11,1234.0,1234.0,1207.2,1219.4,2697488
NVTK,2025-09-12,1220.8,1225.0,1193.0,1201.0,3434997
NVTK,2025-09-15,1203.0,1209.0,1184.0,1198.8,2904564
NVTK,2025-09-16,1198.8,1216.0,1188.2,1207.2,3338672
NVTK,2025-09-17,1207.6,1230.0,1200.2,1228.0,2535492
NVTK,2025-09-18,1230.4,1238.0,1202.0,1207.2,3871131
NVTK,2025-09-19,1208.0,1215.0,1162.2,1167.2,3841761
NVTK,2025-09-22,1168.0,1176.0,1107.8,1156.0,6623092
NVTK,2025-09-23,1156.0,1167.4,1111.8,1117.2,4440060
NVTK,2025-09-24,1119.8,1134.4,1085.4,1127.6,5003937
NVTK,2025-09-25,1128.2,1133.0,1112.0,1119.4,2030573
NVTK,2025-09-26,1119.8,1123.0,1098.4,1114.2,2496308
NVTK,2025-09-29,1114.2,1141.8,1092.4,1099.4,3627990
NVTK,2025-09-30,1099.0,1109.4,1086.2,1101.8,2767680
NVTK,2025-10-01,1105.0,1154.4,1100.0,1116.8,3986462
NVTK,2025-10-02,1117.0,1128.8,1107.0,1114.8,2401086
NVTK,2025-10-03,1114.6,1126.0,1075.0,1084.0,3238080
NVTK,2025-10-06,1053.6,1083.4,1042.6,1083.2,4647084
NVTK,2025-10-07,1078.2,1088.4,1065.4,1073.6,2290747
NVTK,2025-10-08,1075.0,1078.6,1012.0,1022.2,4721540
NVTK,2025-10-09,1029.2,1062.0,1002.4,1056.6,4186488
NVTK,2025-10-10,1056.0,1067.2,1027.2,1035.6,2440225
NVTK,2025-10-13,1034.0,1057.8,1020.2,1033.8,2951153
NVTK,2025-10-14,1037.0,1062.8,1021.4,1049.6,2808260
NVTK,2025-10-15,1050.2,1101.2,1040.2,1076.4,4309310
NVTK,2025-10-16,1077.0,1184.0,1055.2,1162.0,8459993
NVTK,2025-10-17,1165.2,1178.8,1142.2,1158.4,4530642
NVTK,2025-10-20,1168.6,1177.4,1151.6,1159.6,2620017
NVTK,2025-10-21,1159.4,1161.0,1080.0,1116.4,4976772
NVTK,2025-10-22,1116.4,1128.6,1059.8,1084.4,4147622
NVTK,2025-10-23,1052.0,1078.2,1052.0,1077.2,2248748
NVTK,2025-10-24,1080.0,1083.4,1040.0,1057.6,2605759
NVTK,2025-10-27,1057.8,1057.8,1022.0,1026.6,2114996
NVTK,2025-10-28,1026.6,1057.6,1016.2,1052.2,2042533
NVTK,2025-10-29,1054.4,1074.0,1045.0,1057.6,1457466
NVTK,2025-10-30,1060.6,1072.4,1047.4,1067.2,1864706
NVTK,2025-10-31,1067.2,1072.0,1037.0,1044.8,1153080
NVTK,2025-11-01,1042.2,1052.4,1042.0,1044.8,405095
NVTK,2025-11-03,1052.2,1069.6,1047.8,1066.0,660362
NVTK,2025-11-05,1065.0,1075.0,1046.2,1055.4,1456667
NVTK,2025-11-06,1055.0,1060.4,1046.4,1060.2,888432
NVTK,2025-11-07,1058.8,1085.4,1050.0,1077.8,1947927
NVTK,2025-11-10,1079.0,1089.8,1067.4,1075.8,1704057
NVTK,2025-11-11,1074.4,1093.8,1071.0,1088.8,1260046
NVTK,2025-11-12,1088.8,1090.0,1071.8,1075.0,1008833
NVTK,2025-11-13,1076.0,1093.0,1073.8,1086.4,1366446
NVTK,2025-11-14,1086.4,1090.8,1071.2,1077.4,1026290
NVTK,2025-11-17,1077.8,1080.0,1048.4,1049.6,1566211
NVTK,2025-11-18,1048.8,1095.0,1045.0,1073.0,3534064
NVTK,2025-11-19,1076.6,1127.4,1075.8,1117.8,4563664
NVTK,2025-11-20,1115.6,1169.0,1106.2,1162.0,4599607
NVTK,2025-11-21,1161.8,1174.8,1131.2,1159.4,3587543
NVTK,2025-11-24,1175.0,1189.0,1133.8,1147.0,3101946
NVTK,2025-11-25,1147.0,1171.8,1130.0,1158.8,3171549
NVTK,2025-11-26,1158.4,1158.6,1143.0,1145.4,956219
NVTK,2025-11-27,1145.4,1152.4,1108.8,1119.2,2256825
NVTK,2025-11-28,1119.2,1168.8,1116.0,1166.4,2963365
NVTK,2025-12-01,1164.0,1196.2,1155.4,1183.0,4504055
NVTK,2025-12-02,1183.0,1194.0,1166.0,1178.0,2373392
NVTK,2025-12-03,1153.8,1161.8,1134.8,1149.2,2943638
NVTK,2025-12-04,1154.0,1170.0,1152.8,1153.6,1422893
NVTK,2025-12-05,1155.8,1197.2,1155.0,1194.4,2710320
NVTK,2025-12-08,1192.6,1202.8,1170.2,1171.6,2620806
NVTK,2025-12-09,1173.0,1210.4,1168.2,1199.6,3235423
NVTK,2025-12-10,1200.0,1204.6,1189.0,1194.8,1490958
NVTK,2025-12-11,1197.0,1240.6,1195.6,1223.0,5481461
NVTK,2025-12-12,1219.8,1228.4,1193.2,1196.4,3060726
NVTK,2025-12-15,1206.8,1225.0,1197.0,1216.0,3009875
NVTK,2025-12-16,1219.8,1231.0,1211.4,1224.4,1753371
NVTK,2025-12-17,1226.4,1234.6,1201.2,1215.8,2540331
NVTK,2025-12-18,1220.0,1220.6,1200.0,1206.0,2536180
NVTK,2025-12-19,1211.8,1219.0,1185.2,1205.0,3592521
NVTK,2025-12-22,1206.0,1212.2,1152.0,1154.6,4947504
NVTK,2025-12-23,1156.8,1168.0,1142.4,1165.0,2419005
NVTK,2025-12-24,1165.0,1171.4,1151.4,1161.2,1430033
NVTK,2025-12-25,1161.6,1163.2,1147.8,1153.8,1002811
NVTK,2025-12-26,1154.0,1198.6,1152.6,1198.2,2973361
NVTK,2025-12-29,1198.2,1229.0,1172.0,1187.0,5335736
NVTK,2025-12-30,1187.4,1196.8,1179.8,1188.0,1612611
NVTK,2026-01-05,1178.2,1180.4,1160.6,1174.0,996122
NVTK,2026-01-06,1174.0,1180.4,1164.0,1171.8,573944
NVTK,2026-01-08,1155.0,1161.8,1151.0,1156.6,990388
NVTK,2026-01-09,1158.0,1167.8,1155.0,1163.6,725453
NVTK,2026-01-12,1163.0,1174.8,1155.6,1159.6,1145622
NVTK,2026-01-13,1158.0,1163.0,1142.6,1147.4,1380403
NVTK,2026-01-14,1144.8,1159.0,1130.0,1141.8,2727095
NVTK,2026-01-15,1143.0,1163.8,1140.2,1162.8,1884616
NVTK,2026-01-16,1163.2,1198.8,1161.0,1196.0,2423253
NVTK,2026-01-19,1195.2,1214.8,1185.0,1194.2,2507669
NVTK,2026-01-20,1196.0,1219.4,1188.0,1215.8,2222354
NVTK,2026-01-21,1216.0,1244.0,1204.0,1243.0,2871940
NVTK,2026-01-22,1243.0,1249.0,1212.2,1216.0,4391672
NVTK,2026-01-23,1210.0,1223.0,1201.8,1217.0,2833026
NVTK,2026-01-26,1216.0,1219.2,1180.0,1183.0,5028293
NVTK,2026-01-27,1184.6,1197.4,1177.0,1194.4,2349196
NVTK,2026-01-28,1194.4,1200.2,1182.0,1183.2,1701079
NVTK,2026-01-29,1185.0,1216.0,1181.0,1198.4,5082019
NVTK,2026-01-30,1197.0,1198.8,1162.6,1178.0,2887411
NVTK,2026-02-02,1178.6,1184.4,1167.0,1173.4,2174629
NVTK,2026-02-03,1176.1,1183.9,1168.0,1172.6,1990528
NVTK,2026-02-04,1173.8,1198.1,1172.6,1180.4,4145997
NVTK,2026-02-05,1180.0,1187.8,1155.2,1167.0,3258724
NVTK,2026-02-06,1169.0,1172.8,1157.3,1161.5,1472492
NVTK,2026-02-09,1162.3,1166.7,1141.2,1146.0,1593879
NVTK,2026-02-10,1148.9,1159.5,1143.0,1145.9,1537168
NVTK,2026-02-11,1146.2,1192.0,1144.2,1182.7,5156439
NVTK,2026-02-12,1182.7,1192.0,1172.2,1179.2,2501500
NVTK,2026-02-13,1182.0,1200.7,1176.4,1194.9,2116867
NVTK,2026-02-16,1195.4,1198.8,1174.2,1174.6,1555983
NVTK,2026-02-17,1177.4,1181.5,1157.0,1162.9,1857248
NVTK,2026-02-18,1166.0,1169.4,1149.9,1168.9,1397710
NVTK,2026-02-19,1171.0,1179.3,1167.4,1167.9,1100993
NVTK,2026-02-20,1168.1,1198.0,1166.3,1196.2,4029901
NVTK,2026-02-24,1198.0,1205.0,1181.0,1187.4,2285158
NVTK,2026-02-25,1188.5,1195.6,1183.1,1188.9,1337686
NVTK,2026-02-26,1193.0,1193.1,1181.7,1184.6,879288
NVTK,2026-02-27,1186.5,1201.4,1181.1,1196.0,1314948
NVTK,2026-03-02,1199.6,1280.0,1192.6,1276.2,14979964
NVTK,2026-03-03,1278.6,1298.0,1245.0,1249.9,10070883
NVTK,2026-03-04,1250.8,1297.0,1250.8,1280.5,7754406
NVTK,2026-03-05,1290.6,1319.3,1282.0,1309.7,6896266
NVTK,2026-03-06,1312.1,1357.5,1312.0,1345.0,8594791
NVTK,2026-03-09,1418.1,1476.8,1323.0,1328.3,12157014
NVTK,2026-03-10,1339.6,1376.7,1297.5,1321.0,8804513
NVTK,2026-03-11,1318.4,1388.0,1312.1,1382.9,8047460
NVTK,2026-03-12,1398.5,1418.8,1379.7,1404.0,8165780
NVTK,2026-03-13,1404.0,1404.9,1369.0,1385.5,4266384
NVTK,2026-03-16,1386.3,1402.5,1341.0,1353.7,7150716
NVTK,2026-03-17,1353.8,1364.7,1341.5,1356.1,2810265
NVTK,2026-03-18,1344.4,1430.0,1325.5,1428.8,11830212
NVTK,2026-03-19,1431.1,1436.8,1404.0,1412.0,10001211
NVTK,2026-03-20,1411.5,1419.1,1381.3,1404.0,3788011
NVTK,2026-03-23,1413.6,1430.0,1340.1,1379.4,9180308
NVTK,2026-03-24,1389.9,1412.0,1365.6,1384.1,4706706
NVTK,2026-03-25,1378.2,1387.3,1355.0,1360.9,4725623
NVTK,2026-03-26,1356.5,1372.3,1304.0,1314.0,11197616
NVTK,2026-03-27,1314.0,1320.6,1286.4,1305.7,7080153
NVTK,2026-03-30,1305.8,1328.1,1280.0,1314.4,5968926
NVTK,2026-03-31,1313.6,1316.8,1272.1,1276.0,3576546
NVTK,2026-04-01,1277.0,1283.6,1260.7,1263.5,2989619
NVTK,2026-04-02,1276.8,1287.2,1243.2,1248.4,3793724
NVTK,2026-04-03,1249.5,1272.0,1243.0,1267.7,3332478
NVTK,2026-04-06,1269.0,1291.6,1257.8,1285.8,3527643
NVTK,2026-04-07,1287.0,1309.8,1277.6,1292.3,3674211
NVTK,2026-04-08,1251.7,1267.5,1220.0,1264.8,3741331
NVTK,2026-04-09,1266.6,1270.9,1242.3,1250.0,2415303
NVTK,2026-04-10,1252.1,1258.8,1232.5,1233.3,2286825
NVTK,2026-04-13,1196.5,1238.0,1192.3,1207.5,4411405
NVTK,2026-04-14,1214.6,1214.6,1182.1,1187.8,2658858
NVTK,2026-04-15,1189.2,1198.8,1178.3,1191.9,1659652
NVTK,2026-04-16,1193.0,1211.7,1185.1,1185.1,1822927
NVTK,2026-04-17,1187.2,1203.7,1151.0,1165.4,2901604
NVTK,2026-04-20,1170.9,1208.8,1162.0,1203.0,3054212
NVTK,2026-04-21,1202.0,1223.3,1189.2,1216.5,2956776
NVTK,2026-04-22,1216.6,1216.6,1201.0,1203.0,1431098
NVTK,2026-04-23,1206.2,1221.0,1203.5,1210.5,2337796
NVTK,2026-04-24,1213.8,1218.0,1178.7,1184.0,1884208
NVTK,2026-04-27,1184.2,1187.6,1170.4,1178.5,1251132
NVTK,2026-04-28,1181.0,1190.5,1167.2,1172.5,1707547
NVTK,2026-04-29,1172.6,1182.3,1122.1,1135.5,4284799
NVTK,2026-04-30,1139.1,1154.0,1126.6,1136.2,2289797
NVTK,2026-05-04,1139.9,1143.2,1115.2,1125.7,2186843
NVTK,2026-05-05,1125.7,1163.8,1112.0,1161.8,2586244
NVTK,2026-05-06,1163.0,1169.3,1137.4,1142.4,2522017
NVTK,2026-05-07,1145.4,1148.2,1122.2,1125.3,1174844
NVTK,2026-05-08,1126.9,1148.4,1119.2,1144.9,1185618
NVTK,2026-05-11,1152.0,1167.0,1150.3,1165.1,1052947
NVTK,2026-05-12,1164.0,1179.4,1155.5,1168.3,1909978
NVTK,2026-05-13,1167.8,1178.8,1158.6,1170.1,1265563
NVTK,2026-05-14,1169.4,1171.3,1146.6,1148.9,1060776
NVTK,2026-05-15,1150.3,1158.4,1127.9,1132.3,1607335
NVTK,2026-05-18,1134.3,1148.0,1120.7,1145.9,2822906
NVTK,2026-05-19,1148.1,1149.6,1130.1,1135.6,1321984
NVTK,2026-05-20,1137.0,1141.8,1116.8,1122.0,1900455
NVTK,2026-05-21,1121.0,1133.2,1111.3,1119.4,1863647
NVTK,2026-05-22,1121.6,1133.3,1105.6,1109.6,1562138
NVTK,2026-05-25,1111.6,1113.6,1056.2,1060.0,3534349
NVTK,2026-05-26,1068.5,1073.6,1051.6,1057.0,2438158
NVTK,2026-05-27,1059.9,1073.9,1051.5,1067.9,1900982
NVTK,2026-05-28,1070.0,1081.8,1064.7,1067.6,1523186
NVTK,2026-05-29,1069.7,1076.7,1055.6,1071.0,1205856
NVTK,2026-06-01,1071.1,1094.4,1067.7,1086.3,1878227
NVTK,2026-06-02,1088.8,1126.0,1077.5,1123.0,2410568
NVTK,2026-06-03,1123.2,1141.0,1104.0,1105.8,2692345
NVTK,2026-06-04,1107.6,1124.3,1099.0,1106.9,1991826
NVTK,2026-06-05,1109.6,1113.9,1090.0,1092.5,1049997
NVTK,2026-06-08,1094.9,1096.8,1056.6,1056.6,1711343
NVTK,2026-06-09,1059.4,1065.0,1033.9,1041.2,3383977
NVTK,2026-06-10,1042.0,1059.6,1016.3,1046.4,2977086
NVTK,2026-06-11,1052.2,1062.9,1035.0,1038.3,1635822
NVTK,2026-06-15,1038.3,1086.4,1033.0,1079.4,2733079
NVTK,2026-06-16,1080.0,1086.4,1024.7,1027.1,4315433
NVTK,2026-06-17,1027.0,1039.1,1012.0,1012.5,2813851
NVTK,2026-06-18,1012.5,1018.0,992.2,999.8,4138530
NVTK,2026-06-19,1002.0,1011.0,974.4,978.4,3285651
NVTK,2026-06-22,981.2,992.9,891.8,900.9,5836228
NVTK,2026-06-23,902.0,956.0,873.5,949.0,6036890
NVTK,2026-06-24,948.0,954.0,901.8,912.9,3536286
NVTK,2026-06-25,916.9,939.0,894.1,905.9,3615606
NVTK,2026-06-26,908.0,962.7,895.4,932.1,6315791
NVTK,2026-06-29,935.7,986.2,918.7,972.6,4655970
NVTK,2026-06-30,973.0,999.8,958.6,973.1,3605575
NVTK,2026-07-01,974.0,993.5,963.1,971.0,2194977
NVTK,2026-07-02,972.5,974.3,919.2,923.0,2846210
NVTK,2026-07-03,925.0,934.7,901.0,922.1,3006685
NVTK,2026-07-06,923.2,949.0,890.0,899.5,3324294
NVTK,2026-07-07,899.5,928.0,865.0,923.6,6123101
NVTK,2026-07-08,925.5,954.9,903.6,950.6,5722483
NVTK,2026-07-09,950.9,967.0,916.5,919.8,3530288
NVTK,2026-07-10,919.9,932.4,906.2,908.4,1804653
NVTK,2026-07-13,908.0,966.8,906.6,962.6,4802226
NVTK,2026-07-14,963.0,997.0,958.5,966.0,4796746
NVTK,2026-07-15,966.0,967.9,927.6,939.6,4207796
NVTK,2026-07-16,937.7,938.1,888.0,896.2,4537154
NVTK,2026-07-17,892.0,915.4,863.5,873.6,4273906
NVTK,2026-07-20,872.5,943.3,865.5,937.9,6175830
NVTK,2026-07-21,939.8,969.5,927.5,964.0,4337791
NVTK,2026-07-22,961.6,1001.3,945.3,988.3,3848741
NVTK,2026-07-23,988.3,1019.9,965.7,1001.5,5034521
NVTK,2026-07-24,1001.0,1035.0,978.8,1019.0,6137496
NVTK,2026-07-27,1020.0,1020.0,980.1,1000.1,3616677
NVTK,2026-07-28,998.6,1011.0,983.0,990.0,2199089
NVTK,2026-07-29,994.0,1030.5,992.9,1023.8,2496300
NVTK,2026-07-30,1025.8,1049.8,994.1,1000.1,3400463
NVTK,2026-07-31,1000.0,1009.0,982.0,997.9,2089336
NVTK,2026-08-03,996.9,1028.8,995.2,1026.1,1694671
NVTK,2026-08-04,1028.2,1033.2,1005.1,1018.9,1850467
NVTK,2026-08-05,1022.3,1048.5,1014.0,1040.3,2711573
NVTK,2026-08-06,1043.3,1055.0,1016.0,1032.2,2639064
NVTK,2026-08-07,1033.3,1035.9,1001.0,1008.1,2248427
NVTK,2026-08-10,1015.4,1040.4,1008.0,1040.1,2479638
NVTK,2026-08-11,1038.5,1048.8,1032.3,1041.5,2243438
NVTK,2026-08-12,1042.2,1046.0,1014.6,1022.4,2095518
NVTK,2026-08-13,1019.8,1023.2,975.4,980.7,3346091
NVTK,2026-08-14,978.9,992.6,924.7,928.1,4331742
