symbol,date,open,high,low,close,volume
PIKK,2013-09-02,64.8,65.0,63.52,64.07,68460
PIKK,2013-09-03,63.63,65.3,63.2,63.42,25100
PIKK,2013-09-04,63.37,63.37,62.1,62.69,74880
PIKK,2013-09-05,62.94,63.45,62.5,63.44,58120
PIKK,2013-09-06,66.7,66.7,62.51,62.51,50660
PIKK,2013-09-09,62.87,65.0,62.62,63.16,49620
PIKK,2013-09-10,63.98,65.93,63.09,63.84,60670
PIKK,2013-09-11,63.58,64.08,63.0,63.01,54270
PIKK,2013-09-12,63.01,63.84,62.07,63.71,49030
PIKK,2013-09-13,63.8,64.5,62.54,63.97,45670
PIKK,2013-09-16,64.32,65.83,63.49,64.55,287790
PIKK,2013-09-17,64.99,65.25,63.77,64.09,20270
PIKK,2013-09-18,63.67,64.01,62.68,63.68,138740
PIKK,2013-09-19,63.23,63.8,63.0,63.02,202290
PIKK,2013-09-20,63.44,63.44,62.74,63.17,71280
PIKK,2013-09-23,64.98,64.98,62.23,62.52,41270
PIKK,2013-09-24,62.61,62.98,59.59,62.2,120160
PIKK,2013-09-25,62.1,63.51,61.55,63.3,1076960
PIKK,2013-09-26,63.29,65.0,63.29,64.27,309480
PIKK,2013-09-27,64.27,64.47,63.63,64.41,179700
PIKK,2013-09-30,63.96,64.55,63.57,63.73,141040
PIKK,2013-10-01,63.69,64.37,63.69,64.15,210980
PIKK,2013-10-02,63.95,64.33,63.5,63.5,84050
PIKK,2013-10-03,63.1,64.1,62.99,63.0,284220
PIKK,2013-10-04,63.47,64.4,63.11,64.0,207610
PIKK,2013-10-07,63.34,64.92,63.0,63.61,218460
PIKK,2013-10-08,64.08,64.3,63.41,63.8,138170
PIKK,2013-10-09,63.67,64.44,63.14,64.3,118870
PIKK,2013-10-10,63.86,64.44,63.11,63.35,93190
PIKK,2013-10-11,63.35,63.9,62.57,63.2,92360
PIKK,2013-10-14,63.59,63.6,62.11,62.99,55780
PIKK,2013-10-15,63.0,63.3,62.7,63.0,130090
PIKK,2013-10-16,62.88,63.29,60.8,61.98,309550
PIKK,2013-10-17,62.0,62.98,61.88,62.04,92810
PIKK,2013-10-18,61.88,63.5,61.2,62.5,163620
PIKK,2013-10-21,62.72,63.5,62.25,63.0,162920
PIKK,2013-10-22,63.0,64.14,62.61,63.5,495340
PIKK,2013-10-23,62.86,63.95,62.85,63.21,302930
PIKK,2013-10-24,63.1,63.75,62.4,63.14,29650
PIKK,2013-10-25,63.48,63.5,62.42,62.47,31760
PIKK,2013-10-28,63.09,63.97,62.43,63.45,71110
PIKK,2013-10-29,63.12,63.5,62.09,63.11,68000
PIKK,2013-10-30,63.72,64.0,62.4,63.34,238980
PIKK,2013-10-31,63.25,63.49,62.48,63.04,32510
PIKK,2013-11-01,63.28,63.97,63.02,63.93,42020
PIKK,2013-11-05,63.61,63.93,62.81,63.0,77970
PIKK,2013-11-06,63.2,63.51,62.44,62.52,149250
PIKK,2013-11-07,62.4,63.29,62.16,62.8,34860
PIKK,2013-11-08,62.42,62.98,62.07,62.55,47710
PIKK,2013-11-11,63.2,63.24,62.6,62.6,37960
PIKK,2013-11-12,62.7,62.7,61.83,62.6,18910
PIKK,2013-11-13,62.37,63.12,61.5,62.02,438460
PIKK,2013-11-14,61.89,63.53,59.95,62.24,597150
PIKK,2013-11-15,62.05,62.61,61.92,62.05,24280
PIKK,2013-11-18,61.88,62.98,61.88,62.55,42370
PIKK,2013-11-19,62.36,62.85,61.71,61.88,106410
PIKK,2013-11-20,62.12,62.12,61.4,61.7,379420
PIKK,2013-11-21,61.64,62.6,60.16,61.71,583080
PIKK,2013-11-22,61.4,63.45,61.4,63.06,96350
PIKK,2013-11-25,63.72,63.95,62.15,62.67,214540
PIKK,2013-11-26,63.86,64.08,62.53,64.0,505890
PIKK,2013-11-27,63.84,64.08,63.28,63.84,626630
PIKK,2013-11-28,64.0,64.51,63.36,64.0,426080
PIKK,2013-11-29,64.0,64.01,62.65,63.9,230360
PIKK,2013-12-02,63.75,64.3,62.23,62.56,81140
PIKK,2013-12-03,63.35,63.35,60.22,60.87,220990
PIKK,2013-12-04,60.5,61.46,59.21,61.1,618990
PIKK,2013-12-05,61.5,62.51,60.51,61.01,526740
PIKK,2013-12-06,61.44,62.1,60.7,61.3,230220
PIKK,2013-12-09,61.0,61.51,60.9,61.3,34240
PIKK,2013-12-10,61.68,61.74,61.0,61.25,87270
PIKK,2013-12-11,62.42,62.42,60.93,61.2,329990
PIKK,2013-12-12,61.0,61.7,60.56,60.99,368350
PIKK,2013-12-13,61.0,64.18,61.0,64.1,1012310
PIKK,2013-12-16,64.05,64.83,63.33,64.25,377200
PIKK,2013-12-17,65.2,67.95,63.9,67.41,601640
PIKK,2013-12-18,67.6,70.45,66.64,70.3,1183010
PIKK,2013-12-19,70.85,72.15,70.0,71.26,966770
PIKK,2013-12-20,71.3,71.31,69.7,70.4,219380
PIKK,2013-12-23,70.4,72.05,70.06,70.9,326160
PIKK,2013-12-24,70.88,71.12,67.69,70.72,97770
PIKK,2013-12-25,70.03,71.77,69.21,70.75,264300
PIKK,2013-12-26,70.1,70.35,69.81,69.81,55890
PIKK,2013-12-27,69.69,70.8,69.51,70.3,55500
PIKK,2013-12-30,70.0,71.5,70.0,70.5,201930
PIKK,2014-01-06,70.13,70.13,67.62,67.7,162070
PIKK,2014-01-08,67.73,69.37,67.1,69.37,67700
PIKK,2014-01-09,68.18,69.32,67.61,68.44,89640
PIKK,2014-01-10,67.94,69.48,67.16,68.61,122010
PIKK,2014-01-13,68.5,71.32,68.06,70.6,98960
PIKK,2014-01-14,69.7,72.45,67.7,72.05,122830
PIKK,2014-01-15,70.01,74.74,69.27,72.5,642090
PIKK,2014-01-16,73.59,73.59,70.07,70.36,184480
PIKK,2014-01-17,72.49,72.49,69.55,69.7,90500
PIKK,2014-01-20,69.61,70.0,68.68,68.89,126600
PIKK,2014-01-21,68.94,69.7,68.05,68.8,99080
PIKK,2014-01-22,69.0,69.73,67.74,67.91,87500
PIKK,2014-01-23,67.99,68.54,66.88,66.88,78920
PIKK,2014-01-24,66.1,67.67,65.15,67.67,46690
PIKK,2014-01-27,67.95,67.95,65.25,65.7,96490
PIKK,2014-01-28,65.75,66.44,65.11,66.24,83060
PIKK,2014-01-29,65.45,67.0,64.51,64.6,185420
PIKK,2014-01-30,66.35,66.35,63.77,64.24,251130
PIKK,2014-01-31,64.56,67.05,63.04,67.0,1137370
PIKK,2014-02-03,66.99,66.99,64.8,65.0,333600
PIKK,2014-02-04,64.88,68.94,64.35,68.5,458100
PIKK,2014-02-05,68.5,72.58,68.31,72.43,2557150
PIKK,2014-02-06,71.86,72.95,70.64,71.55,126550
PIKK,2014-02-07,69.95,76.05,69.95,76.03,510440
PIKK,2014-02-10,75.99,76.79,74.09,76.49,952120
PIKK,2014-02-11,76.49,78.48,75.23,78.3,692890
PIKK,2014-02-12,78.5,79.44,77.05,78.97,718500
PIKK,2014-02-13,78.36,79.96,77.07,79.8,587850
PIKK,2014-02-14,79.89,83.3,79.0,80.52,451810
PIKK,2014-02-17,80.74,81.35,78.87,80.5,676260
PIKK,2014-02-18,80.16,81.51,80.11,80.7,133370
PIKK,2014-02-19,81.22,81.98,79.4,81.5,405270
PIKK,2014-02-20,80.09,81.9,79.32,81.0,549720
PIKK,2014-02-21,80.57,81.5,80.5,81.5,345520
PIKK,2014-02-24,81.42,81.5,80.5,81.3,476030
PIKK,2014-02-25,82.02,82.8,81.62,82.3,551250
PIKK,2014-02-26,82.3,82.5,81.83,81.95,486530
PIKK,2014-02-27,81.99,82.8,80.4,82.8,1460910
PIKK,2014-02-28,81.51,82.95,79.6,82.4,434120
PIKK,2014-03-03,79.86,81.5,74.0,78.0,1654130
PIKK,2014-03-04,78.98,79.2,75.0,79.01,312700
PIKK,2014-03-05,78.11,79.01,76.04,79.01,360480
PIKK,2014-03-06,78.63,81.7,77.0,81.0,545330
PIKK,2014-03-07,81.3,82.1,80.4,80.6,117170
PIKK,2014-03-11,80.0,84.4,79.13,83.86,384310
PIKK,2014-03-12,83.83,86.9,78.88,79.35,347580
PIKK,2014-03-13,78.7,79.88,76.14,78.05,280800
PIKK,2014-03-14,76.0,79.5,71.21,78.0,443340
PIKK,2014-03-17,79.73,82.29,75.7,76.58,396030
PIKK,2014-03-18,78.0,78.9,76.2,77.74,150420
PIKK,2014-03-19,77.78,82.89,76.0,80.5,10379170
PIKK,2014-03-20,78.2,81.99,78.2,81.75,193910
PIKK,2014-03-21,77.55,81.88,77.55,81.88,153050
PIKK,2014-03-24,82.0,82.0,78.63,79.51,147130
PIKK,2014-03-25,79.04,80.99,78.54,79.86,135790
PIKK,2014-03-26,78.89,81.56,78.49,81.5,266780
PIKK,2014-03-27,82.43,82.43,79.82,81.36,40550
PIKK,2014-03-28,79.66,81.49,79.55,81.38,51480
PIKK,2014-03-31,81.99,82.0,80.02,80.84,83750
PIKK,2014-04-01,80.8,83.44,79.97,81.5,68970
PIKK,2014-04-02,79.23,83.88,79.23,82.45,46720
PIKK,2014-04-03,83.44,83.9,80.5,81.01,54640
PIKK,2014-04-04,80.39,82.48,80.39,81.91,31250
PIKK,2014-04-07,81.05,82.75,80.32,81.82,186720
PIKK,2014-04-08,81.84,82.69,80.68,81.5,197990
PIKK,2014-04-09,82.26,83.43,81.75,82.01,68330
PIKK,2014-04-10,82.51,86.99,82.5,86.98,369780
PIKK,2014-04-11,75.25,89.98,75.25,87.99,316180
PIKK,2014-04-14,87.09,87.85,86.0,87.34,16510
PIKK,2014-04-15,87.0,88.0,83.65,83.65,61430
PIKK,2014-04-16,84.65,84.73,82.01,83.07,52650
PIKK,2014-04-17,83.41,85.95,82.67,83.5,19060
PIKK,2014-04-18,84.8,86.5,83.77,86.0,49980
PIKK,2014-04-21,83.0,85.99,83.0,85.0,16200
PIKK,2014-04-22,85.55,85.74,83.75,84.0,116760
PIKK,2014-04-23,84.95,85.12,83.0,83.96,30560
PIKK,2014-04-24,84.0,84.03,83.5,84.0,178200
PIKK,2014-04-25,83.08,83.89,82.1,83.89,218560
PIKK,2014-04-28,84.45,84.49,82.08,82.91,14690
PIKK,2014-04-29,83.98,85.0,80.04,80.46,108880
PIKK,2014-04-30,80.46,83.35,80.46,82.31,180240
PIKK,2014-05-02,81.45,84.83,80.76,84.83,13730
PIKK,2014-05-05,82.71,83.53,81.51,82.4,6630
PIKK,2014-05-06,83.0,83.6,82.01,83.01,8210
PIKK,2014-05-07,82.74,85.0,82.44,84.88,16290
PIKK,2014-05-08,85.0,86.0,83.0,84.5,40610
PIKK,2014-05-12,84.08,84.99,82.49,83.52,45150
PIKK,2014-05-13,83.34,85.3,83.34,83.35,13770
PIKK,2014-05-14,84.35,84.35,79.85,81.9,173160
PIKK,2014-05-15,81.7,83.53,81.7,81.89,48660
PIKK,2014-05-16,82.65,83.0,81.78,82.51,360090
PIKK,2014-05-19,82.4,85.0,82.0,84.51,860280
PIKK,2014-05-20,84.35,85.0,83.28,85.0,59650
PIKK,2014-05-21,84.53,85.65,83.74,85.65,112530
PIKK,2014-05-22,84.71,87.0,83.23,87.0,76330
PIKK,2014-05-23,86.57,86.92,84.16,84.7,42760
PIKK,2014-05-26,84.93,85.04,84.22,84.22,8890
PIKK,2014-05-27,84.0,88.0,81.0,88.0,1137820
PIKK,2014-05-28,87.0,89.68,86.21,89.0,235570
PIKK,2014-05-29,89.83,89.83,88.46,89.57,64610
PIKK,2014-05-30,89.75,93.98,88.15,93.98,158880
PIKK,2014-06-02,93.97,95.73,93.02,94.99,198730
PIKK,2014-06-03,93.14,94.97,92.61,94.7,88260
PIKK,2014-06-04,94.7,94.9,93.4,94.0,16350
PIKK,2014-06-05,94.9,95.7,91.11,91.29,33480
PIKK,2014-06-06,92.0,93.11,90.0,90.0,34700
PIKK,2014-06-09,90.0,93.1,87.76,87.76,56310
PIKK,2014-06-10,89.13,89.13,84.0,84.35,256450
PIKK,2014-06-11,83.69,84.79,81.11,81.42,378790
PIKK,2014-06-16,81.35,83.62,77.27,80.23,708540
PIKK,2014-06-17,80.12,80.39,78.71,79.9,99670
PIKK,2014-06-18,78.66,81.9,78.66,79.94,117440
PIKK,2014-06-19,80.49,80.89,79.05,79.4,124780
PIKK,2014-06-20,79.35,81.0,79.03,79.69,220400
PIKK,2014-06-23,80.44,80.44,78.23,79.01,73590
PIKK,2014-06-24,79.73,79.73,78.24,79.22,39840
PIKK,2014-06-25,79.0,79.75,78.12,78.12,38500
PIKK,2014-06-26,84.35,84.35,78.28,79.76,36890
PIKK,2014-06-27,79.0,80.47,79.0,79.78,28090
PIKK,2014-06-30,79.98,80.81,78.81,79.45,39840
PIKK,2014-07-01,80.48,80.48,78.5,78.5,26440
PIKK,2014-07-02,71.5,81.8,71.5,81.69,241560
PIKK,2014-07-03,81.7,83.48,80.12,80.2,94870
PIKK,2014-07-04,80.0,81.7,80.0,81.0,186290
PIKK,2014-07-07,81.0,83.4,80.96,81.28,934580
PIKK,2014-07-08,81.89,83.97,80.63,80.65,1038450
PIKK,2014-07-09,80.99,81.85,79.11,79.99,188480
PIKK,2014-07-10,79.25,80.17,78.23,79.66,77740
PIKK,2014-07-11,78.51,79.28,77.88,78.33,32580
PIKK,2014-07-14,78.46,78.9,77.22,77.4,55880
PIKK,2014-07-15,77.78,78.08,77.2,77.65,16580
PIKK,2014-07-16,78.1,78.78,76.02,78.05,103040
PIKK,2014-07-17,77.04,78.43,75.5,75.5,95020
PIKK,2014-07-18,75.4,77.68,73.79,76.6,74940
PIKK,2014-07-21,76.99,77.46,76.0,76.35,12480
PIKK,2014-07-22,77.62,78.22,77.05,77.87,29430
PIKK,2014-07-23,77.71,78.7,75.14,78.7,60290
PIKK,2014-07-24,78.01,78.78,76.06,78.0,37240
PIKK,2014-07-25,77.0,77.65,76.02,76.02,25120
PIKK,2014-07-28,75.33,76.29,72.2,74.0,207650
PIKK,2014-07-29,73.04,75.24,73.03,74.75,24420
PIKK,2014-07-30,75.68,77.9,74.0,77.01,208840
PIKK,2014-07-31,77.01,78.88,77.0,78.26,722380
PIKK,2014-08-01,77.75,78.9,77.75,78.4,66680
PIKK,2014-08-04,78.94,80.57,78.94,79.85,210380
PIKK,2014-08-05,81.9,81.9,79.0,79.88,389970
PIKK,2014-08-06,79.32,80.25,79.01,80.0,307530
PIKK,2014-08-07,80.01,82.56,79.01,82.01,1060490
PIKK,2014-08-08,82.2,85.85,82.0,85.03,241590
PIKK,2014-08-11,85.03,89.8,85.0,89.8,880670
PIKK,2014-08-12,89.8,94.75,89.8,94.28,6746530
PIKK,2014-08-13,93.58,99.45,93.58,99.45,1044370
PIKK,2014-08-14,97.0,101.79,95.1,99.5,1249100
PIKK,2014-08-15,96.93,104.0,96.93,100.0,339690
PIKK,2014-08-18,98.55,100.97,98.08,99.9,255070
PIKK,2014-08-19,100.01,102.0,100.0,100.32,42640
PIKK,2014-08-20,100.16,103.88,98.32,99.9,544470
PIKK,2014-08-21,100.0,101.5,98.05,101.5,535860
PIKK,2014-08-22,101.5,101.5,99.61,100.97,138010
PIKK,2014-08-25,100.96,103.5,100.0,100.2,98630
PIKK,2014-08-26,100.01,101.55,100.0,100.39,339270
PIKK,2014-08-27,99.1,101.05,99.1,100.0,276710
PIKK,2014-08-28,99.05,103.5,97.0,100.14,215170
PIKK,2014-08-29,100.98,101.08,70.0,96.73,2333700
PIKK,2014-09-01,94.27,100.0,94.27,99.51,1273860
PIKK,2014-09-02,99.0,102.18,98.1,100.03,236970
PIKK,2014-09-03,102.27,111.0,99.19,109.0,2926080
PIKK,2014-09-04,109.0,112.47,104.58,106.48,91410
PIKK,2014-09-05,106.96,110.63,106.55,107.31,208150
PIKK,2014-09-08,107.99,112.0,105.01,111.11,504000
PIKK,2014-09-09,111.1,114.88,111.0,113.71,267250
PIKK,2014-09-10,116.65,117.99,112.05,115.37,536610
PIKK,2014-09-11,115.7,119.0,111.76,118.36,479150
PIKK,2014-09-12,118.0,120.9,117.85,119.86,288770
PIKK,2014-09-15,119.0,125.43,118.05,124.0,758020
PIKK,2014-09-16,123.01,130.77,123.0,128.15,1245250
PIKK,2014-09-17,127.81,132.0,127.81,128.49,314500
PIKK,2014-09-18,128.33,133.99,128.0,130.0,5782940
PIKK,2014-09-19,129.84,131.95,128.5,130.02,358440
PIKK,2014-09-22,129.69,131.35,129.69,130.45,308610
PIKK,2014-09-23,129.15,137.98,129.02,135.25,450140
PIKK,2014-09-24,135.85,136.27,131.0,132.75,342080
PIKK,2014-09-25,131.41,132.99,128.5,129.01,314620
PIKK,2014-09-26,128.69,129.99,124.91,125.4,228650
PIKK,2014-09-29,124.07,127.67,115.31,121.0,409120
PIKK,2014-09-30,120.69,123.9,116.32,117.2,199650
PIKK,2014-10-01,117.2,117.2,113.6,114.5,230670
PIKK,2014-10-02,114.1,116.0,109.9,114.6,343690
PIKK,2014-10-03,114.0,114.9,113.0,113.6,72190
PIKK,2014-10-06,113.3,115.6,113.2,113.5,42000
PIKK,2014-10-07,113.5,118.4,110.0,112.0,90820
PIKK,2014-10-08,112.0,112.0,108.1,110.0,114170
PIKK,2014-10-09,110.1,112.1,109.4,110.0,87840
PIKK,2014-10-10,108.2,111.8,108.2,109.5,18830
PIKK,2014-10-13,108.9,115.3,108.8,114.8,258360
PIKK,2014-10-14,114.5,119.0,113.8,118.9,592490
PIKK,2014-10-15,118.5,122.5,118.2,119.0,273210
PIKK,2014-10-16,119.4,125.0,119.1,123.3,251790
PIKK,2014-10-17,124.1,130.9,123.4,129.9,184440
PIKK,2014-10-20,129.8,136.9,129.6,131.2,437680
PIKK,2014-10-21,130.9,136.5,127.0,135.6,399300
PIKK,2014-10-22,135.3,138.0,134.6,136.0,270470
PIKK,2014-10-23,135.6,137.5,130.1,135.7,439900
PIKK,2014-10-24,132.0,138.3,132.0,138.0,83830
PIKK,2014-10-27,138.7,142.0,137.0,140.3,684120
PIKK,2014-10-28,140.0,146.5,139.0,146.5,6756250
PIKK,2014-10-29,146.3,152.0,146.1,151.8,898200
PIKK,2014-10-30,151.0,152.9,143.0,149.1,360300
PIKK,2014-10-31,148.1,150.2,148.0,150.0,424850
PIKK,2014-11-03,147.0,150.0,143.3,150.0,163390
PIKK,2014-11-05,149.8,149.8,143.1,149.1,198820
PIKK,2014-11-06,146.3,149.0,145.5,149.0,170160
PIKK,2014-11-07,149.6,149.6,147.0,148.4,137140
PIKK,2014-11-10,148.0,150.2,146.1,150.2,99380
PIKK,2014-11-11,150.8,150.8,147.7,147.7,49050
PIKK,2014-11-12,147.4,149.9,145.7,148.5,86090
PIKK,2014-11-13,149.4,149.4,144.1,148.5,105400
PIKK,2014-11-14,147.3,148.8,147.1,148.8,113080
PIKK,2014-11-17,148.2,152.5,147.5,151.7,462730
PIKK,2014-11-18,152.9,158.0,147.6,154.0,1148110
PIKK,2014-11-19,156.0,160.0,155.9,158.3,353160
PIKK,2014-11-20,160.0,165.0,156.0,164.7,445050
PIKK,2014-11-21,166.0,168.0,160.1,165.5,676160
PIKK,2014-11-24,164.0,171.2,162.0,169.5,700920
PIKK,2014-11-25,171.1,171.1,166.9,170.6,700570
PIKK,2014-11-26,169.2,173.0,168.6,173.0,275490
PIKK,2014-11-27,173.6,177.5,170.6,177.2,1355950
PIKK,2014-11-28,178.0,184.0,175.0,178.0,523860
PIKK,2014-12-01,177.1,180.9,172.2,180.9,464630
PIKK,2014-12-02,182.6,183.2,177.8,177.8,155460
PIKK,2014-12-03,176.8,181.3,148.0,181.3,1262760
PIKK,2014-12-04,181.3,189.3,177.8,180.0,234480
PIKK,2014-12-05,178.1,183.3,172.9,179.9,118290
PIKK,2014-12-08,178.4,180.0,164.1,178.0,255160
PIKK,2014-12-09,176.2,178.6,173.5,177.0,176180
PIKK,2014-12-10,178.4,184.0,174.4,184.0,500860
PIKK,2014-12-11,181.6,189.8,181.6,189.0,375460
PIKK,2014-12-12,189.5,197.5,189.5,195.9,448870
PIKK,2014-12-15,195.9,213.0,189.0,197.5,1483950
PIKK,2014-12-16,190.0,244.0,165.9,188.3,574340
PIKK,2014-12-17,189.0,193.0,185.0,187.2,291610
PIKK,2014-12-18,186.2,189.7,181.5,188.0,227260
PIKK,2014-12-19,188.0,193.0,182.2,184.2,192360
PIKK,2014-12-22,184.0,189.9,184.0,188.5,322700
PIKK,2014-12-23,176.3,190.0,176.3,188.3,108220
PIKK,2014-12-24,188.3,189.9,188.0,188.0,92010
PIKK,2014-12-25,189.0,197.7,188.0,188.0,67170
PIKK,2014-12-26,188.4,188.6,188.0,188.1,116360
PIKK,2014-12-29,209.3,209.3,172.6,190.9,212760
PIKK,2014-12-30,188.5,194.9,187.3,187.3,171570
PIKK,2015-01-05,190.0,192.7,188.2,191.7,28390
PIKK,2015-01-06,191.0,219.6,191.0,198.9,129590
PIKK,2015-01-08,199.8,206.9,191.2,191.2,30850
PIKK,2015-01-09,190.9,195.5,187.6,192.7,18260
PIKK,2015-01-12,191.0,194.8,188.0,188.0,49370
PIKK,2015-01-13,189.0,198.5,188.1,195.4,155680
PIKK,2015-01-14,195.0,197.4,192.1,192.8,14250
PIKK,2015-01-15,193.0,193.6,188.9,189.8,38580
PIKK,2015-01-16,188.5,197.0,188.0,194.1,142790
PIKK,2015-01-19,195.3,199.7,188.7,188.7,48710
PIKK,2015-01-20,190.0,195.8,185.0,188.1,177350
PIKK,2015-01-21,189.5,190.1,188.0,188.0,118890
PIKK,2015-01-22,188.3,191.8,188.0,188.0,72140
PIKK,2015-01-23,189.1,190.0,188.0,188.0,124330
PIKK,2015-01-26,188.7,189.0,185.0,188.0,140280
PIKK,2015-01-27,188.8,192.0,186.2,186.2,159350
PIKK,2015-01-28,188.9,189.0,186.1,186.6,87130
PIKK,2015-01-29,187.5,189.0,185.2,187.4,92350
PIKK,2015-01-30,188.0,191.4,185.1,189.7,106700
PIKK,2015-02-02,189.3,189.7,188.0,188.1,41030
PIKK,2015-02-03,189.6,189.6,186.6,187.9,54160
PIKK,2015-02-04,189.0,189.0,188.0,188.0,59070
PIKK,2015-02-05,188.2,188.9,188.0,188.5,45410
PIKK,2015-02-06,186.8,192.6,186.7,190.8,92090
PIKK,2015-02-09,190.5,218.9,189.1,203.0,154410
PIKK,2015-02-10,213.5,213.5,202.4,204.2,75410
PIKK,2015-02-11,205.8,209.8,201.7,202.0,102930
PIKK,2015-02-12,202.7,214.8,201.6,205.1,128750
PIKK,2015-02-13,206.6,206.6,201.6,204.2,138040
PIKK,2015-02-16,204.2,204.2,200.0,203.4,24790
PIKK,2015-02-17,203.3,205.0,197.6,204.8,45040
PIKK,2015-02-18,204.6,205.9,202.5,205.1,22810
PIKK,2015-02-19,205.7,205.8,193.0,198.6,120410
PIKK,2015-02-20,201.2,201.2,191.0,194.5,31390
PIKK,2015-02-24,192.9,195.7,188.0,194.7,55250
PIKK,2015-02-25,195.0,199.6,188.0,189.8,89410
PIKK,2015-02-26,190.7,190.7,188.0,189.2,83240
PIKK,2015-02-27,187.0,195.0,185.0,195.0,237630
PIKK,2015-03-02,195.0,195.0,190.2,192.1,206900
PIKK,2015-03-03,192.9,192.9,190.0,192.5,82590
PIKK,2015-03-04,194.1,194.1,188.0,188.0,19780
PIKK,2015-03-05,189.5,200.0,188.2,188.4,91870
PIKK,2015-03-06,188.3,194.4,188.0,188.4,28090
PIKK,2015-03-10,189.0,194.7,188.1,188.1,44740
PIKK,2015-03-11,190.0,194.0,189.0,189.8,34370
PIKK,2015-03-12,189.5,192.0,186.3,189.8,14980
PIKK,2015-03-13,188.0,189.6,186.0,187.3,14050
PIKK,2015-03-16,186.6,188.0,178.5,178.9,133010
PIKK,2015-03-17,186.9,186.9,166.0,170.7,83370
PIKK,2015-03-18,173.9,183.0,167.1,181.0,136440
PIKK,2015-03-19,182.9,187.1,176.3,184.8,205200
PIKK,2015-03-20,183.5,190.7,173.2,187.7,2083190
PIKK,2015-03-23,187.0,196.9,178.1,195.0,626390
PIKK,2015-03-24,195.0,197.0,192.0,195.0,129660
PIKK,2015-03-25,194.8,196.8,192.0,192.9,42620
PIKK,2015-03-26,192.9,195.0,191.5,194.1,27100
PIKK,2015-03-27,194.3,194.4,181.6,194.0,235260
PIKK,2015-03-30,188.7,192.3,185.5,192.3,71660
PIKK,2015-03-31,190.1,193.4,187.2,193.0,72700
PIKK,2015-04-01,191.3,194.9,190.0,193.2,22040
PIKK,2015-04-02,192.6,192.6,186.0,186.0,17200
PIKK,2015-04-03,187.6,193.0,186.3,193.0,28410
PIKK,2015-04-06,192.7,193.7,189.3,192.4,17020
PIKK,2015-04-07,192.4,193.9,189.5,189.6,19210
PIKK,2015-04-08,189.2,192.0,183.2,192.0,53590
PIKK,2015-04-09,191.8,193.0,180.1,182.4,85290
PIKK,2015-04-10,183.0,193.0,169.0,192.0,1001750
PIKK,2015-04-13,190.2,192.8,186.4,192.0,182380
PIKK,2015-04-14,197.3,197.3,187.0,192.0,99610
PIKK,2015-04-15,191.1,196.0,187.5,195.6,47510
PIKK,2015-04-16,190.7,193.2,184.4,189.2,74970
PIKK,2015-04-17,189.1,191.2,185.1,186.0,135490
PIKK,2015-04-20,186.9,192.0,186.9,188.4,19030
PIKK,2015-04-21,188.8,191.8,181.3,187.0,192690
PIKK,2015-04-22,186.9,188.0,183.3,188.0,25330
PIKK,2015-04-23,187.2,190.0,186.0,190.0,245020
PIKK,2015-04-24,189.2,191.0,187.0,188.5,28560
PIKK,2015-04-27,188.2,190.0,187.1,188.2,14160
PIKK,2015-04-28,188.2,190.8,186.0,190.1,105310
PIKK,2015-04-29,189.7,191.0,189.3,190.5,55140
PIKK,2015-04-30,188.9,192.0,185.7,192.0,27810
PIKK,2015-05-05,191.4,194.7,189.4,192.8,133950
PIKK,2015-05-06,193.9,193.9,188.0,188.8,176860
PIKK,2015-05-07,187.5,193.3,183.8,192.7,148900
PIKK,2015-05-08,193.0,194.8,192.0,194.8,32690
PIKK,2015-05-12,194.0,194.4,192.1,194.4,51090
PIKK,2015-05-13,190.3,197.8,188.7,194.3,160360
PIKK,2015-05-14,194.3,200.0,193.6,199.7,36180
PIKK,2015-05-15,200.8,200.9,198.0,199.8,7810
PIKK,2015-05-18,203.0,203.9,194.2,201.5,21870
PIKK,2015-05-19,200.3,203.0,200.3,203.0,20260
PIKK,2015-05-20,203.0,204.4,201.5,204.0,24050
PIKK,2015-05-21,204.1,204.8,202.6,203.8,7120
PIKK,2015-05-22,204.2,205.0,181.4,203.2,55190
PIKK,2015-05-25,205.6,206.5,202.9,202.9,18390
PIKK,2015-05-26,203.2,208.3,201.8,206.9,14330
PIKK,2015-05-27,208.0,208.0,198.0,199.4,30360
PIKK,2015-05-28,199.1,201.4,193.4,193.4,12340
PIKK,2015-05-29,193.7,195.0,183.1,183.1,37370
PIKK,2015-06-01,183.9,195.3,183.9,186.4,24000
PIKK,2015-06-02,187.2,193.0,186.2,191.7,27590
PIKK,2015-06-03,190.2,191.2,186.0,186.0,24290
PIKK,2015-06-04,186.9,194.2,186.8,190.0,53250
PIKK,2015-06-05,191.8,192.4,186.0,189.0,30980
PIKK,2015-06-08,189.6,191.0,188.4,190.5,2920
PIKK,2015-06-09,188.0,190.1,185.1,186.0,27300
PIKK,2015-06-10,185.0,187.0,181.8,183.5,20470
PIKK,2015-06-11,184.5,184.5,171.0,178.5,126100
PIKK,2015-06-15,177.8,184.5,176.9,182.5,27190
PIKK,2015-06-16,182.9,187.2,180.3,187.2,13990
PIKK,2015-06-17,189.0,189.0,183.9,185.0,23040
PIKK,2015-06-18,187.8,187.8,173.8,177.7,45320
PIKK,2015-06-19,179.9,182.6,179.9,180.0,38270
PIKK,2015-06-22,179.7,186.0,179.7,184.2,12040
PIKK,2015-06-23,184.2,184.2,178.6,180.0,149690
PIKK,2015-06-24,180.2,183.9,174.2,183.9,34560
PIKK,2015-06-25,180.1,183.8,180.0,180.0,7620
PIKK,2015-06-26,181.5,182.4,180.0,180.0,81770
PIKK,2015-06-29,176.5,181.0,176.5,180.0,24180
PIKK,2015-06-30,177.8,180.4,177.7,180.4,11770
PIKK,2015-07-01,180.4,180.5,179.0,179.9,3910
PIKK,2015-07-02,179.7,180.2,179.7,180.1,32060
PIKK,2015-07-03,180.1,183.5,180.0,182.1,9550
PIKK,2015-07-06,178.3,182.4,176.2,181.0,11180
PIKK,2015-07-07,179.2,185.0,179.2,181.8,20510
PIKK,2015-07-08,181.9,182.8,175.7,181.8,17390
PIKK,2015-07-09,178.3,181.2,177.4,180.6,6950
PIKK,2015-07-10,180.7,180.8,175.5,180.0,29810
PIKK,2015-07-13,179.7,180.5,177.9,180.1,5790
PIKK,2015-07-14,180.2,180.2,178.1,178.1,3760
PIKK,2015-07-15,178.0,180.3,177.1,179.8,13420
PIKK,2015-07-16,180.7,180.7,178.3,179.8,4660
PIKK,2015-07-17,180.6,180.6,178.3,180.3,2030
PIKK,2015-07-20,180.6,180.7,176.0,176.2,19420
PIKK,2015-07-21,176.7,177.2,171.4,173.3,15190
PIKK,2015-07-22,172.2,174.5,170.0,171.0,14200
PIKK,2015-07-23,170.5,170.8,155.5,161.6,92160
PIKK,2015-07-24,161.6,161.6,151.0,151.2,41010
PIKK,2015-07-27,150.9,178.2,142.2,148.7,158770
PIKK,2015-07-28,147.7,160.0,146.4,158.4,33050
PIKK,2015-07-29,158.4,167.8,156.3,163.9,63380
PIKK,2015-07-30,163.9,174.5,162.1,167.9,35880
PIKK,2015-07-31,168.5,173.8,160.7,172.8,38870
PIKK,2015-08-03,172.8,175.9,168.0,168.3,6930
PIKK,2015-08-04,168.3,171.9,158.2,161.8,25660
PIKK,2015-08-05,161.8,169.7,161.6,164.8,35190
PIKK,2015-08-06,163.9,167.7,158.0,159.5,32370
PIKK,2015-08-07,160.6,166.5,160.3,165.0,41920
PIKK,2015-08-10,165.0,169.7,160.9,169.3,21680
PIKK,2015-08-11,168.0,172.0,168.0,172.0,17700
PIKK,2015-08-12,170.2,173.8,170.1,173.0,32250
PIKK,2015-08-13,173.0,175.6,173.0,173.6,23240
PIKK,2015-08-14,172.8,181.8,172.2,181.5,32830
PIKK,2015-08-17,181.4,183.7,175.1,180.1,47860
PIKK,2015-08-18,180.0,183.5,180.0,183.4,19180
PIKK,2015-08-19,183.4,186.5,180.0,180.6,17470
PIKK,2015-08-20,180.2,188.8,180.1,184.9,25840
PIKK,2015-08-21,184.8,190.0,180.0,182.9,11250
PIKK,2015-08-24,176.0,184.2,175.0,180.2,23230
PIKK,2015-08-25,180.2,183.4,180.0,180.0,14890
PIKK,2015-08-26,178.5,183.0,178.5,183.0,31250
PIKK,2015-08-27,183.1,188.9,183.0,188.9,82000
PIKK,2015-08-28,188.9,193.3,188.9,193.2,57470
PIKK,2015-08-31,193.8,201.0,193.2,201.0,70210
PIKK,2015-09-01,196.2,204.6,195.2,204.6,212890
PIKK,2015-09-02,203.9,203.9,187.0,187.0,78810
PIKK,2015-09-03,187.0,190.4,180.0,181.0,18960
PIKK,2015-09-04,180.0,184.1,177.8,182.7,16280
PIKK,2015-09-07,182.7,188.6,182.7,186.7,10510
PIKK,2015-09-08,186.6,189.7,185.3,186.5,7690
PIKK,2015-09-09,186.8,198.3,180.0,194.5,44630
PIKK,2015-09-10,193.3,199.6,191.9,198.0,22020
PIKK,2015-09-11,212.8,212.8,194.2,198.3,35250
PIKK,2015-09-14,199.9,203.9,195.6,197.7,29820
PIKK,2015-09-15,198.9,201.0,192.0,195.0,21250
PIKK,2015-09-16,199.4,199.6,193.8,198.2,17450
PIKK,2015-09-17,195.1,196.7,188.7,191.4,14970
PIKK,2015-09-18,191.6,194.5,180.3,181.0,52830
PIKK,2015-09-21,182.5,183.2,181.2,182.1,13790
PIKK,2015-09-22,181.1,182.4,175.2,180.0,34640
PIKK,2015-09-23,179.9,181.5,177.1,180.3,24870
PIKK,2015-09-24,180.8,182.8,180.0,180.3,18040
PIKK,2015-09-25,180.2,192.1,179.5,190.0,120440
PIKK,2015-09-28,194.9,194.9,185.7,190.0,33970
PIKK,2015-09-29,189.8,191.9,186.4,190.9,250990
PIKK,2015-09-30,190.2,193.4,190.0,191.1,7670
PIKK,2015-10-01,192.6,196.9,190.0,191.0,13120
PIKK,2015-10-02,190.7,193.3,190.0,192.6,7610
PIKK,2015-10-05,191.7,201.6,183.0,201.5,64150
PIKK,2015-10-06,201.5,208.8,191.9,208.8,296130
PIKK,2015-10-07,208.1,219.9,208.0,219.1,109260
PIKK,2015-10-08,219.1,224.8,217.8,220.5,85520
PIKK,2015-10-09,220.6,224.7,220.5,220.5,34210
PIKK,2015-10-12,215.0,221.6,215.0,221.0,41710
PIKK,2015-10-13,222.0,227.1,218.6,222.7,28740
PIKK,2015-10-14,224.7,224.7,220.0,221.2,8320
PIKK,2015-10-15,223.9,227.8,218.7,222.3,182960
PIKK,2015-10-16,222.0,223.4,221.0,223.4,4880
PIKK,2015-10-19,223.4,223.8,211.0,220.9,43590
PIKK,2015-10-20,218.4,222.9,218.4,221.2,51840
PIKK,2015-10-21,221.2,223.7,219.6,220.0,32120
PIKK,2015-10-22,220.0,220.5,220.0,220.4,96650
PIKK,2015-10-23,219.9,222.5,219.9,220.9,29440
PIKK,2015-10-26,221.6,222.4,220.0,220.0,11650
PIKK,2015-10-27,220.1,224.0,220.0,224.0,103790
PIKK,2015-10-28,225.0,226.0,216.3,221.5,269460
PIKK,2015-10-29,221.4,222.8,220.0,220.0,4700
PIKK,2015-10-30,220.0,223.1,220.0,222.5,10310
PIKK,2015-11-02,223.9,228.9,220.7,221.2,16090
PIKK,2015-11-03,224.1,248.6,223.6,241.0,57710
PIKK,2015-11-05,241.9,258.0,232.3,244.2,68690
PIKK,2015-11-06,244.3,248.8,227.3,240.0,14650
PIKK,2015-11-09,239.9,249.8,234.5,235.0,25100
PIKK,2015-11-10,237.2,243.0,223.8,231.9,36430
PIKK,2015-11-11,233.6,235.7,225.2,232.7,13060
PIKK,2015-11-12,228.2,233.0,227.6,232.6,4310
PIKK,2015-11-13,231.8,231.8,220.1,220.1,21730
PIKK,2015-11-16,220.8,226.3,211.3,216.9,36520
PIKK,2015-11-17,216.0,229.3,213.2,219.0,50980
PIKK,2015-11-18,218.4,227.9,215.0,216.1,32570
PIKK,2015-11-19,216.2,221.2,215.0,218.2,128130
PIKK,2015-11-20,218.2,230.0,218.2,225.1,33290
PIKK,2015-11-23,229.6,237.5,222.3,232.1,26430
PIKK,2015-11-24,231.3,232.9,224.5,225.1,15310
PIKK,2015-11-25,225.4,227.2,220.1,221.9,11140
PIKK,2015-11-26,220.2,229.8,220.2,223.8,9870
PIKK,2015-11-27,222.7,224.7,220.0,220.2,20490
PIKK,2015-11-30,221.3,222.1,211.9,217.8,26230
PIKK,2015-12-01,217.8,222.9,217.8,221.0,13110
PIKK,2015-12-02,221.0,224.3,220.0,220.0,8990
PIKK,2015-12-03,220.0,232.5,220.0,230.0,31010
PIKK,2015-12-04,232.1,234.9,220.0,222.4,26750
PIKK,2015-12-07,222.0,227.8,220.0,227.8,28130
PIKK,2015-12-08,226.4,227.0,216.5,216.5,69020
PIKK,2015-12-09,217.3,227.0,217.3,221.6,46240
PIKK,2015-12-10,222.2,226.4,221.2,221.2,5110
PIKK,2015-12-11,220.9,225.1,220.0,221.4,407520
PIKK,2015-12-14,216.5,226.0,209.0,220.0,758920
PIKK,2015-12-15,218.3,223.0,214.1,220.0,308880
PIKK,2015-12-16,219.9,221.2,214.1,220.0,65990
PIKK,2015-12-17,216.8,224.0,216.1,224.0,56530
PIKK,2015-12-18,222.8,222.8,215.2,216.1,30900
PIKK,2015-12-21,217.1,220.9,215.9,220.0,17760
PIKK,2015-12-22,219.9,221.4,218.3,220.0,13110
PIKK,2015-12-23,220.5,221.5,217.0,220.0,7420
PIKK,2015-12-24,217.2,221.4,217.1,220.0,6320
PIKK,2015-12-25,218.2,218.9,215.0,216.1,25570
PIKK,2015-12-28,214.3,220.0,213.0,220.0,44590
PIKK,2015-12-29,217.7,221.9,217.5,218.9,8390
PIKK,2015-12-30,218.5,220.2,216.0,219.0,20040
PIKK,2016-01-04,216.6,219.0,214.1,215.5,5180
PIKK,2016-01-05,214.5,215.4,209.5,213.2,3690
PIKK,2016-01-06,212.7,214.0,212.5,212.5,2570
PIKK,2016-01-11,210.9,212.4,208.2,208.9,20320
PIKK,2016-01-12,208.9,212.8,206.3,210.1,57410
PIKK,2016-01-13,210.1,212.0,206.8,211.1,29500
PIKK,2016-01-14,209.3,211.1,209.1,210.0,183080
PIKK,2016-01-15,209.4,214.0,209.4,211.6,40200
PIKK,2016-01-18,208.9,213.2,208.6,211.3,6180
PIKK,2016-01-19,207.3,215.0,205.0,210.0,123980
PIKK,2016-01-20,207.0,213.4,193.5,211.1,157200
PIKK,2016-01-21,206.1,212.5,206.1,210.1,126740
PIKK,2016-01-22,210.0,211.8,205.1,210.0,311990
PIKK,2016-01-25,210.0,212.2,206.8,210.0,9420
PIKK,2016-01-26,210.0,213.2,210.0,212.0,4260
PIKK,2016-01-27,211.9,218.6,211.1,218.6,10420
PIKK,2016-01-28,220.0,220.9,214.0,214.0,14100
PIKK,2016-01-29,215.9,216.9,208.7,210.1,64880
PIKK,2016-02-01,211.5,215.8,210.2,215.0,31740
PIKK,2016-02-02,213.6,216.0,210.3,213.8,14210
PIKK,2016-02-03,209.3,212.3,209.0,210.7,21500
PIKK,2016-02-04,209.6,218.5,209.5,218.4,33480
PIKK,2016-02-05,215.4,217.5,209.5,210.7,15980
PIKK,2016-02-08,210.7,213.7,207.1,208.6,15120
PIKK,2016-02-09,207.6,213.0,205.5,212.6,16160
PIKK,2016-02-10,210.2,211.3,208.0,211.3,12160
PIKK,2016-02-11,208.6,209.8,204.0,208.7,16670
PIKK,2016-02-12,208.7,210.0,207.0,209.9,4810
PIKK,2016-02-15,207.1,210.0,206.6,208.0,12480
PIKK,2016-02-16,208.3,209.5,205.3,206.9,2280
PIKK,2016-02-17,206.7,212.9,206.7,208.7,13050
PIKK,2016-02-18,207.5,220.9,207.5,220.9,265180
PIKK,2016-02-19,221.0,229.0,218.5,229.0,51780
PIKK,2016-02-20,230.7,236.1,226.5,236.1,11750
PIKK,2016-02-22,236.5,246.0,235.6,246.0,20830
PIKK,2016-02-24,245.3,250.0,242.0,250.0,113290
PIKK,2016-02-25,247.4,252.9,245.0,250.0,103960
PIKK,2016-02-26,247.4,250.0,247.4,247.6,16580
PIKK,2016-02-29,244.6,254.2,243.8,250.2,32050
PIKK,2016-03-01,250.2,254.4,250.0,250.0,8380
PIKK,2016-03-02,253.7,253.7,249.9,250.0,113900
PIKK,2016-03-03,252.8,253.8,249.2,250.0,122010
PIKK,2016-03-04,250.0,254.3,250.0,250.1,29960
PIKK,2016-03-07,252.5,266.0,251.8,254.9,6760
PIKK,2016-03-09,259.0,262.8,252.4,254.5,14820
PIKK,2016-03-10,257.2,257.2,250.1,250.1,11260
PIKK,2016-03-11,252.9,252.9,250.0,250.1,4260
PIKK,2016-03-14,252.6,252.8,250.0,250.4,39410
PIKK,2016-03-15,253.8,255.6,247.3,247.3,61420
PIKK,2016-03-16,248.5,252.8,248.5,251.3,6610
PIKK,2016-03-17,251.1,254.6,250.0,251.5,54710
PIKK,2016-03-18,253.8,254.0,248.4,250.0,30630
PIKK,2016-03-21,250.9,251.3,250.0,250.1,11140
PIKK,2016-03-22,250.9,251.0,250.0,250.0,16340
PIKK,2016-03-23,249.7,253.4,249.6,252.9,9960
PIKK,2016-03-24,254.0,259.8,250.1,252.3,6870
PIKK,2016-03-25,254.8,254.9,252.1,253.2,1100
PIKK,2016-03-28,254.0,257.0,245.2,249.5,20200
PIKK,2016-03-29,249.9,251.0,243.0,250.1,22860
PIKK,2016-03-30,251.3,255.0,250.9,251.5,6900
PIKK,2016-03-31,254.9,254.9,250.8,251.3,8580
PIKK,2016-04-01,252.0,253.1,250.0,251.2,14250
PIKK,2016-04-04,252.9,260.0,250.8,253.0,14550
PIKK,2016-04-05,250.7,252.2,250.1,250.2,4330
PIKK,2016-04-06,250.2,252.7,250.0,250.2,8060
PIKK,2016-04-07,251.0,253.7,248.2,253.6,13760
PIKK,2016-04-08,252.6,254.4,250.0,250.5,3780
PIKK,2016-04-11,250.6,252.3,250.0,250.0,8410
PIKK,2016-04-12,248.0,251.0,247.2,250.4,22170
PIKK,2016-04-13,251.4,253.4,249.8,250.3,8440
PIKK,2016-04-14,248.2,251.8,248.1,250.4,20520
PIKK,2016-04-15,248.6,252.0,248.6,251.2,3540
PIKK,2016-04-18,249.6,252.1,245.7,251.0,18150
PIKK,2016-04-19,251.5,254.9,250.0,250.8,33510
PIKK,2016-04-20,251.4,252.7,250.0,252.4,128630
PIKK,2016-04-21,252.5,253.3,250.0,250.3,32130
PIKK,2016-04-22,253.4,253.9,250.0,251.2,33950
PIKK,2016-04-25,250.2,252.2,248.1,250.0,109160
PIKK,2016-04-26,250.3,252.4,250.0,250.3,153340
PIKK,2016-04-27,250.6,251.7,247.6,250.0,96370
PIKK,2016-04-28,253.2,267.2,246.3,260.0,183100
PIKK,2016-04-29,259.8,262.5,250.2,250.3,18860
PIKK,2016-05-04,250.1,252.2,249.7,250.0,4280
PIKK,2016-05-05,248.0,250.9,248.0,250.0,11170
PIKK,2016-05-06,250.1,253.9,250.0,251.5,9430
PIKK,2016-05-10,251.3,253.1,250.0,251.0,5450
PIKK,2016-05-11,252.5,256.5,251.9,256.5,12660
PIKK,2016-05-12,255.3,259.0,252.2,252.5,8830
PIKK,2016-05-13,252.8,253.0,248.1,250.4,12230
PIKK,2016-05-16,251.8,254.5,250.0,251.0,13230
PIKK,2016-05-17,252.3,252.4,250.1,252.0,4250
PIKK,2016-05-18,252.9,253.0,250.0,251.9,9910
PIKK,2016-05-19,250.3,251.5,250.0,250.6,1730
PIKK,2016-05-20,250.9,253.4,250.0,253.0,10640
PIKK,2016-05-23,253.5,258.5,252.9,257.9,6970
PIKK,2016-05-24,255.1,260.9,253.8,257.2,8460
PIKK,2016-05-25,261.6,268.8,252.5,257.0,8180
PIKK,2016-05-26,257.6,257.6,250.1,250.3,6030
PIKK,2016-05-27,253.6,253.8,250.0,250.8,10400
PIKK,2016-05-30,252.7,253.8,251.3,253.8,1270
PIKK,2016-05-31,253.8,254.7,250.9,251.0,2180
PIKK,2016-06-01,253.1,255.0,251.1,252.8,4220
PIKK,2016-06-02,255.0,255.0,250.0,252.2,9300
PIKK,2016-06-03,252.2,252.4,249.9,249.9,4020
PIKK,2016-06-06,250.0,253.9,250.0,251.2,54550
PIKK,2016-06-07,251.0,253.6,250.2,251.2,6150
PIKK,2016-06-08,250.6,251.5,243.7,250.0,488590
PIKK,2016-06-09,248.4,252.4,247.0,250.0,7030
PIKK,2016-06-10,248.4,250.0,246.5,250.0,18350
PIKK,2016-06-14,247.4,249.1,247.0,248.9,8290
PIKK,2016-06-15,249.9,250.1,240.0,247.4,116110
PIKK,2016-06-16,244.3,246.7,244.0,244.2,8680
PIKK,2016-06-17,242.7,251.0,240.8,251.0,205100
PIKK,2016-06-20,247.1,250.0,240.8,250.0,532660
PIKK,2016-06-21,248.8,250.0,241.5,250.0,723680
PIKK,2016-06-22,250.7,250.7,244.8,247.2,29050
PIKK,2016-06-23,246.6,250.0,243.5,250.0,28400
PIKK,2016-06-24,249.1,250.8,245.4,250.0,14260
PIKK,2016-06-27,247.4,250.0,245.7,250.0,45160
PIKK,2016-06-28,249.0,250.0,247.1,250.0,66030
PIKK,2016-06-29,248.8,250.0,243.2,250.0,26080
PIKK,2016-06-30,249.9,250.8,247.5,250.0,17340
PIKK,2016-07-01,251.0,251.0,248.3,249.3,3090
PIKK,2016-07-04,250.0,250.0,247.1,249.8,9810
PIKK,2016-07-05,249.9,250.0,244.5,250.0,30280
PIKK,2016-07-06,248.0,249.9,245.9,248.9,111550
PIKK,2016-07-07,248.5,249.5,245.9,249.5,81600
PIKK,2016-07-08,248.0,249.4,243.7,243.7,57750
PIKK,2016-07-11,244.4,250.0,243.9,250.0,140050
PIKK,2016-07-12,250.7,258.1,247.8,251.0,28160
PIKK,2016-07-13,248.6,250.0,243.0,250.0,1251220
PIKK,2016-07-14,249.9,250.0,245.0,250.0,1135400
PIKK,2016-07-15,248.1,249.0,245.5,247.7,1114390
PIKK,2016-07-18,246.7,248.7,240.5,247.0,1345110
PIKK,2016-07-19,245.3,248.1,240.0,247.5,1791900
PIKK,2016-07-20,245.6,249.5,242.9,249.5,313770
PIKK,2016-07-21,248.0,249.5,246.0,249.5,247450
PIKK,2016-07-22,249.1,249.5,247.7,249.5,144800
PIKK,2016-07-25,249.5,249.7,247.6,249.7,25020
PIKK,2016-07-26,249.9,253.9,248.6,250.5,12240
PIKK,2016-07-27,250.4,255.0,248.0,250.0,13870
PIKK,2016-07-28,250.0,250.0,248.0,250.0,119260
PIKK,2016-07-29,250.4,251.4,248.5,250.0,10750
PIKK,2016-08-01,250.3,254.5,248.7,250.0,30670
PIKK,2016-08-02,249.2,250.0,248.1,250.0,51530
PIKK,2016-08-03,249.8,252.0,249.2,250.0,12640
PIKK,2016-08-04,251.9,252.7,249.1,250.0,2950
PIKK,2016-08-05,251.6,251.9,249.0,250.1,1920
PIKK,2016-08-08,252.0,254.5,250.2,253.1,6910
PIKK,2016-08-09,255.4,255.4,250.0,250.0,2730
PIKK,2016-08-10,251.8,251.9,249.8,250.6,28610
PIKK,2016-08-11,251.9,251.9,249.7,250.6,5130
PIKK,2016-08-12,249.1,251.3,246.1,251.2,14800
PIKK,2016-08-15,249.5,261.2,249.5,258.3,64100
PIKK,2016-08-16,256.9,260.3,256.9,258.8,9310
PIKK,2016-08-17,259.3,262.4,255.7,259.4,9500
PIKK,2016-08-18,258.5,260.1,256.9,256.9,16770
PIKK,2016-08-19,257.5,263.7,256.3,256.9,1650
PIKK,2016-08-22,256.6,258.9,252.7,258.0,105300
PIKK,2016-08-23,259.7,265.0,257.1,265.0,134040
PIKK,2016-08-24,266.7,308.9,261.0,274.0,77760
PIKK,2016-08-25,278.2,278.3,268.1,272.0,330280
PIKK,2016-08-26,274.7,274.9,270.0,272.0,67500
PIKK,2016-08-29,272.5,274.7,270.2,273.6,1570
PIKK,2016-08-30,274.5,288.6,273.7,273.7,5400
PIKK,2016-08-31,277.8,277.8,271.8,271.8,1360
PIKK,2016-09-01,271.4,274.4,269.3,273.0,71710
PIKK,2016-09-02,274.4,279.0,272.0,279.0,3950
PIKK,2016-09-05,280.8,280.8,272.1,279.9,134640
PIKK,2016-09-06,280.8,283.7,278.0,279.0,61550
PIKK,2016-09-07,282.7,284.9,278.5,278.6,5070
PIKK,2016-09-08,279.1,283.6,278.2,283.6,103490
PIKK,2016-09-09,281.1,282.0,278.2,281.7,38390
PIKK,2016-09-12,279.8,292.6,279.0,280.0,39150
PIKK,2016-09-13,282.2,282.3,279.0,281.0,12170
PIKK,2016-09-14,281.3,283.3,279.0,279.1,4130
PIKK,2016-09-15,282.6,284.9,279.7,282.0,13390
PIKK,2016-09-16,282.6,284.7,279.0,281.2,41750
PIKK,2016-09-19,282.6,282.6,279.3,281.8,97660
PIKK,2016-09-20,282.7,292.4,275.0,282.4,25740
PIKK,2016-09-21,283.0,284.4,278.0,282.0,45420
PIKK,2016-09-22,281.7,287.5,281.7,286.0,117600
PIKK,2016-09-23,287.9,288.9,285.1,286.1,8180
PIKK,2016-09-26,283.0,288.6,280.6,285.1,4590
PIKK,2016-09-27,285.1,292.7,279.7,292.6,21530
PIKK,2016-09-28,292.5,296.8,288.7,290.3,209790
PIKK,2016-09-29,294.0,294.0,290.0,291.3,27030
PIKK,2016-09-30,291.7,292.0,290.0,292.0,116670
PIKK,2016-10-03,292.6,292.8,290.0,292.7,80580
PIKK,2016-10-04,292.0,293.1,287.9,293.1,83700
PIKK,2016-10-05,290.5,291.8,290.0,291.4,149640
PIKK,2016-10-06,290.8,291.4,290.0,291.4,54670
PIKK,2016-10-07,290.6,291.5,286.7,291.0,82570
PIKK,2016-10-10,291.0,291.0,288.0,291.0,77100
PIKK,2016-10-11,290.2,290.2,284.2,289.9,108800
PIKK,2016-10-12,290.2,290.5,288.0,288.0,1740
PIKK,2016-10-13,288.4,290.0,287.4,288.1,5190
PIKK,2016-10-14,289.6,291.4,283.9,290.1,35050
PIKK,2016-10-17,288.3,289.2,285.1,288.0,36260
PIKK,2016-10-18,288.5,288.8,286.2,286.5,2650
PIKK,2016-10-19,286.6,289.0,286.2,288.3,5090
PIKK,2016-10-20,288.9,289.6,283.0,283.1,17470
PIKK,2016-10-21,281.4,288.3,278.9,288.3,34700
PIKK,2016-10-24,291.2,292.4,285.0,286.0,15480
PIKK,2016-10-25,287.1,287.3,285.0,285.8,38020
PIKK,2016-10-26,285.7,285.9,284.7,285.0,10020
PIKK,2016-10-27,284.5,285.1,280.8,283.1,9850
PIKK,2016-10-28,280.4,283.1,280.4,281.9,3060
PIKK,2016-10-31,285.0,292.0,285.0,285.0,17840
PIKK,2016-11-01,285.9,290.0,285.9,288.2,9260
PIKK,2016-11-02,294.8,294.8,280.2,281.7,45170
PIKK,2016-11-03,280.5,282.9,272.6,280.0,49290
PIKK,2016-11-07,278.1,281.9,275.8,280.0,10970
PIKK,2016-11-08,280.4,284.0,278.2,278.2,25080
PIKK,2016-11-09,278.0,281.0,277.9,280.8,35500
PIKK,2016-11-10,280.9,281.2,275.9,280.6,27590
PIKK,2016-11-11,280.2,280.2,279.2,279.8,12200
PIKK,2016-11-14,279.9,279.9,276.8,277.6,3597810
PIKK,2016-11-15,277.2,277.8,277.0,277.6,1410
PIKK,2016-11-16,277.3,278.1,275.8,277.0,74020
PIKK,2016-11-17,275.3,279.2,275.2,279.1,16510
PIKK,2016-11-18,276.5,279.5,276.5,278.5,1500
PIKK,2016-11-21,276.8,278.5,276.3,276.4,12840
PIKK,2016-11-22,274.2,279.2,274.2,275.8,17060
PIKK,2016-11-23,275.3,276.8,275.2,276.5,117480
PIKK,2016-11-24,275.5,276.9,275.5,276.7,258020
PIKK,2016-11-25,276.6,278.6,276.6,278.6,191630
PIKK,2016-11-28,278.1,279.4,277.7,278.5,30490
PIKK,2016-11-29,278.6,279.6,278.5,278.7,34190
PIKK,2016-11-30,279.7,281.0,278.9,279.0,28320
PIKK,2016-12-01,277.9,279.9,277.6,278.1,23710
PIKK,2016-12-02,278.8,282.0,278.5,280.9,21940
PIKK,2016-12-05,282.9,282.9,279.9,281.7,57390
PIKK,2016-12-06,280.7,281.4,278.4,278.4,57030
PIKK,2016-12-07,279.1,282.9,279.0,282.0,33210
PIKK,2016-12-08,284.8,284.9,280.9,282.7,28470
PIKK,2016-12-09,281.7,282.8,278.0,278.9,27460
PIKK,2016-12-12,279.0,282.5,274.6,275.5,38560
PIKK,2016-12-13,278.8,280.3,275.2,275.7,30510
PIKK,2016-12-14,275.5,279.5,273.5,277.7,35600
PIKK,2016-12-15,277.3,277.7,272.0,273.3,77310
PIKK,2016-12-16,274.3,276.0,267.0,267.0,81300
PIKK,2016-12-19,269.4,276.5,269.4,275.0,50030
PIKK,2016-12-20,276.1,282.0,273.5,280.0,44090
PIKK,2016-12-21,280.3,284.5,280.1,280.1,37110
PIKK,2016-12-22,284.2,284.5,278.7,282.0,82520
PIKK,2016-12-23,282.0,286.6,279.5,285.4,91640
PIKK,2016-12-26,287.1,287.5,283.4,287.5,15850
PIKK,2016-12-27,286.1,287.4,284.0,284.9,18760
PIKK,2016-12-28,282.2,286.5,279.1,283.0,23030
PIKK,2016-12-29,281.9,291.1,281.9,289.0,59930
PIKK,2016-12-30,288.6,300.1,288.0,290.0,267300
PIKK,2017-01-03,292.6,293.0,290.1,291.5,26510
PIKK,2017-01-04,291.9,292.5,288.0,289.7,29450
PIKK,2017-01-05,290.0,291.0,284.2,286.8,40280
PIKK,2017-01-06,287.2,288.1,285.7,288.0,16950
PIKK,2017-01-09,288.0,289.1,288.0,289.1,11530
PIKK,2017-01-10,288.6,290.3,287.3,289.4,15090
PIKK,2017-01-11,288.7,289.1,285.7,285.7,17560
PIKK,2017-01-12,286.7,288.2,285.0,285.0,16170
PIKK,2017-01-13,284.0,287.8,284.0,287.5,15420
PIKK,2017-01-16,286.3,288.9,286.1,288.4,13270
PIKK,2017-01-17,287.8,288.1,285.1,288.0,16110
PIKK,2017-01-18,286.6,288.3,285.5,288.3,6560
PIKK,2017-01-19,288.3,290.6,275.0,275.0,49720
PIKK,2017-01-20,274.8,275.0,270.0,273.0,41180
PIKK,2017-01-23,273.8,282.4,271.0,281.5,18780
PIKK,2017-01-24,282.9,287.0,280.5,284.2,41730
PIKK,2017-01-25,283.3,285.0,282.5,284.8,22250
PIKK,2017-01-26,288.7,288.7,284.1,286.4,16500
PIKK,2017-01-27,285.4,286.8,284.7,286.6,22330
PIKK,2017-01-30,285.0,286.8,282.1,286.6,20660
PIKK,2017-01-31,285.7,286.6,282.9,285.9,16450
PIKK,2017-02-01,284.7,285.9,283.6,285.8,15820
PIKK,2017-02-02,284.2,285.9,283.5,283.5,195280
PIKK,2017-02-03,284.4,285.8,281.0,282.0,29320
PIKK,2017-02-06,282.4,284.7,279.5,283.8,17120
PIKK,2017-02-07,283.9,285.5,279.3,285.2,11410
PIKK,2017-02-08,284.1,286.0,282.8,286.0,15960
PIKK,2017-02-09,284.7,290.6,283.9,290.5,21640
PIKK,2017-02-10,291.0,294.5,289.0,294.2,25430
PIKK,2017-02-13,294.5,298.4,293.1,295.0,17200
PIKK,2017-02-14,296.2,296.2,290.5,290.5,66240
PIKK,2017-02-15,290.5,292.9,290.0,291.3,21550
PIKK,2017-02-16,291.1,293.5,291.0,292.5,19190
PIKK,2017-02-17,293.4,293.7,284.9,290.0,67190
PIKK,2017-02-20,291.1,293.0,290.0,291.0,22450
PIKK,2017-02-21,290.4,292.7,290.0,290.0,18310
PIKK,2017-02-22,293.5,293.5,290.0,290.2,17320
PIKK,2017-02-24,291.6,291.9,290.2,291.6,21080
PIKK,2017-02-27,290.7,291.6,289.9,291.6,22240
PIKK,2017-02-28,293.3,293.3,289.9,290.0,17070
PIKK,2017-03-01,291.7,293.0,290.0,291.2,22240
PIKK,2017-03-02,291.0,292.1,289.9,290.0,13500
PIKK,2017-03-03,290.3,291.9,290.0,290.0,40830
PIKK,2017-03-06,291.6,292.5,290.0,290.8,23700
PIKK,2017-03-07,290.0,291.5,290.0,291.3,19800
PIKK,2017-03-09,291.0,291.0,287.6,290.0,25040
PIKK,2017-03-10,288.3,290.7,287.3,290.0,22050
PIKK,2017-03-13,292.1,303.1,292.1,298.0,63760
PIKK,2017-03-14,299.5,301.5,296.5,299.4,48300
PIKK,2017-03-15,298.9,301.9,297.6,299.4,35650
PIKK,2017-03-16,299.4,299.9,293.2,293.2,18590
PIKK,2017-03-17,293.0,293.9,289.5,290.6,27350
PIKK,2017-03-20,289.9,291.4,288.0,288.0,29020
PIKK,2017-03-21,287.7,288.9,285.6,286.0,32970
PIKK,2017-03-22,285.0,289.4,285.0,286.8,20560
PIKK,2017-03-23,286.1,286.2,282.0,283.3,55160
PIKK,2017-03-24,282.9,283.3,279.5,282.7,82310
PIKK,2017-03-27,280.1,282.2,275.6,282.2,164070
PIKK,2017-03-28,280.2,283.5,277.3,278.6,139890
PIKK,2017-03-29,279.2,280.5,276.1,278.7,136790
PIKK,2017-03-30,278.2,303.9,270.0,288.8,230300
PIKK,2017-03-31,290.9,300.0,276.0,296.6,748070
PIKK,2017-04-03,289.9,291.7,280.6,287.7,108400
PIKK,2017-04-04,286.1,291.6,284.0,284.6,204530
PIKK,2017-04-05,286.7,287.5,281.2,283.0,76010
PIKK,2017-04-06,283.3,284.0,282.5,283.0,76660
PIKK,2017-04-07,283.8,284.0,276.0,277.8,87210
PIKK,2017-04-10,278.2,279.0,272.5,279.0,68760
PIKK,2017-04-11,277.9,286.4,276.8,284.0,75110
PIKK,2017-04-12,281.2,285.5,277.0,284.0,104580
PIKK,2017-04-13,282.5,285.0,277.0,279.4,481500
PIKK,2017-04-14,279.0,286.4,274.8,279.0,313570
PIKK,2017-04-17,278.8,279.6,278.5,279.6,81890
PIKK,2017-04-18,279.1,280.8,278.3,279.0,77800
PIKK,2017-04-19,278.5,282.7,278.0,282.7,83550
PIKK,2017-04-20,282.2,285.9,281.6,285.2,93340
PIKK,2017-04-21,285.3,292.6,278.0,286.4,94560
PIKK,2017-04-24,285.7,290.0,284.1,287.4,98250
PIKK,2017-04-25,291.9,291.9,282.5,287.0,142910
PIKK,2017-04-26,288.9,288.9,284.7,285.4,106170
PIKK,2017-04-27,284.1,287.7,283.6,287.7,103190
PIKK,2017-04-28,287.4,288.8,286.2,288.2,94930
PIKK,2017-05-02,289.0,289.0,287.0,287.5,94290
PIKK,2017-05-03,288.4,288.8,284.4,284.4,79520
PIKK,2017-05-04,284.5,291.1,284.3,288.2,102880
PIKK,2017-05-05,289.1,298.1,289.0,297.9,113390
PIKK,2017-05-10,297.0,299.6,287.9,287.9,87700
PIKK,2017-05-11,288.3,288.8,280.2,286.0,115000
PIKK,2017-05-12,286.5,296.6,286.0,295.5,145320
PIKK,2017-05-15,291.6,296.9,290.2,295.5,85660
PIKK,2017-05-16,294.4,295.9,292.0,295.5,73420
PIKK,2017-05-17,293.6,294.0,288.2,290.9,94690
PIKK,2017-05-18,287.1,291.5,274.0,282.5,313500
PIKK,2017-05-19,281.4,287.0,281.4,287.0,165190
PIKK,2017-05-22,286.4,287.1,278.6,282.4,156450
PIKK,2017-05-23,282.7,285.5,281.0,284.5,192670
PIKK,2017-05-24,283.3,292.9,281.1,292.0,154640
PIKK,2017-05-25,292.3,296.6,287.8,293.0,124120
PIKK,2017-05-26,292.6,308.2,288.9,308.2,282380
PIKK,2017-05-29,307.9,309.0,306.0,306.5,86640
PIKK,2017-05-30,307.1,307.1,299.0,303.9,137400
PIKK,2017-05-31,303.9,306.0,296.1,302.0,172840
PIKK,2017-06-01,301.1,310.2,301.1,308.2,103220
PIKK,2017-06-02,309.3,309.3,294.5,300.5,180710
PIKK,2017-06-05,299.2,307.6,296.6,307.0,139290
PIKK,2017-06-06,306.9,309.0,304.5,308.0,108940
PIKK,2017-06-07,309.1,309.1,302.1,302.1,162100
PIKK,2017-06-08,304.0,305.0,302.0,305.0,81070
PIKK,2017-06-09,303.7,311.5,301.1,304.1,229190
PIKK,2017-06-13,302.5,305.7,302.5,302.8,160020
PIKK,2017-06-14,303.3,305.1,301.7,305.1,112810
PIKK,2017-06-15,304.9,309.8,286.0,290.1,294250
PIKK,2017-06-16,292.6,294.8,291.8,291.8,87820
PIKK,2017-06-19,293.8,295.6,292.0,294.9,103770
PIKK,2017-06-20,296.2,297.7,291.5,292.9,105860
PIKK,2017-06-21,292.0,295.0,290.8,291.0,85270
PIKK,2017-06-22,290.1,301.8,290.1,298.9,83050
PIKK,2017-06-23,303.0,308.6,303.0,305.9,74820
PIKK,2017-06-26,303.5,305.5,301.0,302.5,82160
PIKK,2017-06-27,303.4,305.3,300.0,301.6,66900
PIKK,2017-06-28,301.5,302.9,300.4,300.4,93240
PIKK,2017-06-29,300.9,301.8,295.0,295.1,72020
PIKK,2017-06-30,297.2,302.9,291.1,296.9,354110
PIKK,2017-07-03,296.2,305.0,285.1,303.5,174540
PIKK,2017-07-04,304.5,308.0,301.1,308.0,134780
PIKK,2017-07-05,311.2,311.2,301.2,302.4,102400
PIKK,2017-07-06,303.1,303.5,296.0,300.0,83560
PIKK,2017-07-07,298.4,299.9,295.0,295.2,75900
PIKK,2017-07-10,299.4,299.4,295.0,295.0,104600
PIKK,2017-07-11,296.2,297.4,292.0,292.4,75250
PIKK,2017-07-12,293.7,294.7,291.1,294.0,83310
PIKK,2017-07-13,294.7,295.3,290.2,292.0,95030
PIKK,2017-07-14,292.2,299.9,290.7,298.4,76790
PIKK,2017-07-17,298.4,301.5,298.1,299.6,84380
PIKK,2017-07-18,301.6,302.2,295.0,295.4,85620
PIKK,2017-07-19,295.3,298.7,295.0,296.6,71380
PIKK,2017-07-20,298.6,298.6,292.9,295.9,76450
PIKK,2017-07-21,297.2,298.6,293.7,294.5,1450340
PIKK,2017-07-24,295.5,297.2,292.1,294.0,368440
PIKK,2017-07-25,294.6,295.1,281.1,281.2,232330
PIKK,2017-07-26,282.9,288.0,280.1,287.8,92450
PIKK,2017-07-27,288.7,292.6,285.0,290.5,102460
PIKK,2017-07-28,293.2,293.2,285.7,287.2,76210
PIKK,2017-07-31,288.1,292.8,288.1,292.8,83200
PIKK,2017-08-01,293.2,295.0,290.0,291.5,73770
PIKK,2017-08-02,292.3,295.1,290.0,295.1,69630
PIKK,2017-08-03,296.0,297.4,291.0,294.7,105890
PIKK,2017-08-04,293.6,294.8,290.5,294.4,78710
PIKK,2017-08-07,292.7,293.4,290.0,290.0,96750
PIKK,2017-08-08,290.0,292.0,289.3,292.0,63410
PIKK,2017-08-09,291.0,292.1,290.1,291.0,72820
PIKK,2017-08-10,291.6,292.3,289.8,289.8,68820
PIKK,2017-08-11,290.9,293.8,289.0,293.5,79680
PIKK,2017-08-14,294.4,294.8,292.9,294.8,67900
PIKK,2017-08-15,293.5,294.8,292.5,293.9,76030
PIKK,2017-08-16,293.7,294.4,292.1,292.2,83180
PIKK,2017-08-17,291.3,294.8,290.2,294.6,69290
PIKK,2017-08-18,294.7,295.0,293.8,295.0,73190
PIKK,2017-08-21,295.8,297.1,295.0,295.5,69150
PIKK,2017-08-22,294.4,296.5,294.3,296.5,27130
PIKK,2017-08-23,296.2,296.8,295.2,295.5,118570
PIKK,2017-08-24,295.4,296.7,294.3,295.6,82430
PIKK,2017-08-25,295.1,296.8,292.7,295.3,79960
PIKK,2017-08-28,294.1,295.0,290.5,290.5,71300
PIKK,2017-08-29,290.0,292.0,289.2,292.0,89250
PIKK,2017-08-30,294.0,294.0,288.7,291.9,69490
PIKK,2017-08-31,287.2,291.6,287.2,289.9,77470
PIKK,2017-09-01,288.6,294.7,288.1,292.7,102440
PIKK,2017-09-04,292.0,293.8,289.8,290.0,76900
PIKK,2017-09-05,290.0,299.5,289.2,298.7,96130
PIKK,2017-09-06,299.1,314.0,299.0,314.0,52970
PIKK,2017-09-07,317.1,319.1,309.3,312.5,67930
PIKK,2017-09-08,313.0,334.5,311.3,314.2,77080
PIKK,2017-09-11,314.9,317.5,310.2,314.5,84130
PIKK,2017-09-12,313.9,315.0,310.1,310.5,68440
PIKK,2017-09-13,310.5,313.2,310.5,311.0,102420
PIKK,2017-09-14,310.9,321.1,309.0,321.0,120600
PIKK,2017-09-15,320.0,322.7,316.0,316.0,115210
PIKK,2017-09-18,315.2,316.7,312.1,312.1,99930
PIKK,2017-09-19,310.4,313.4,300.0,310.1,151710
PIKK,2017-09-20,308.4,310.7,302.0,310.1,140320
PIKK,2017-09-21,308.4,313.4,307.7,312.0,156130
PIKK,2017-09-22,310.3,311.5,310.0,310.0,107810
PIKK,2017-09-25,308.2,315.8,308.2,314.7,120690
PIKK,2017-09-26,313.7,318.6,313.3,318.6,109750
PIKK,2017-09-27,317.5,320.8,313.7,315.1,137040
PIKK,2017-09-28,313.7,317.0,313.1,317.0,126590
PIKK,2017-09-29,316.0,319.4,314.6,316.3,108940
PIKK,2017-10-02,304.0,319.2,304.0,317.7,107950
PIKK,2017-10-03,317.1,320.6,316.3,319.3,99990
PIKK,2017-10-04,318.1,321.3,317.5,321.2,105750
PIKK,2017-10-05,320.3,324.3,319.6,324.3,99670
PIKK,2017-10-06,325.0,325.7,320.5,320.5,126240
PIKK,2017-10-09,319.2,320.4,315.4,315.4,111890
PIKK,2017-10-10,315.0,319.8,314.0,319.0,110850
PIKK,2017-10-11,318.9,324.8,318.9,324.8,111200
PIKK,2017-10-12,326.2,326.3,323.0,326.3,112930
PIKK,2017-10-13,326.6,333.4,325.0,325.3,143700
PIKK,2017-10-16,325.6,326.0,309.2,309.8,167980
PIKK,2017-10-17,311.0,312.1,310.3,311.5,106850
PIKK,2017-10-18,313.3,316.0,311.5,316.0,117270
PIKK,2017-10-19,314.5,315.6,311.5,311.5,106440
PIKK,2017-10-20,310.1,316.9,308.8,316.9,139740
PIKK,2017-10-23,315.6,317.9,313.3,316.0,120870
PIKK,2017-10-24,313.9,314.4,310.8,311.5,121920
PIKK,2017-10-25,313.0,313.0,310.0,312.8,166840
PIKK,2017-10-26,312.1,314.2,308.0,314.2,174000
PIKK,2017-10-27,314.3,316.7,311.9,312.8,222750
PIKK,2017-10-30,312.2,315.1,311.4,312.0,171760
PIKK,2017-10-31,312.9,313.3,309.3,311.6,169660
PIKK,2017-11-01,313.0,313.0,308.6,310.9,174550
PIKK,2017-11-02,309.9,310.0,308.5,310.0,171460
PIKK,2017-11-03,310.0,311.5,307.0,311.4,197720
PIKK,2017-11-07,310.4,314.0,310.4,314.0,192110
PIKK,2017-11-08,311.0,313.4,309.2,312.9,170700
PIKK,2017-11-09,313.6,314.0,310.0,310.6,177260
PIKK,2017-11-10,313.0,313.9,308.7,313.9,175940
PIKK,2017-11-13,311.2,315.3,311.2,315.2,181000
PIKK,2017-11-14,314.8,317.6,314.5,316.8,177490
PIKK,2017-11-15,317.0,318.1,303.5,307.3,316400
PIKK,2017-11-16,308.0,316.3,304.5,316.3,354540
PIKK,2017-11-17,311.8,315.0,307.7,309.9,443920
PIKK,2017-11-20,310.9,311.2,306.5,309.1,517380
PIKK,2017-11-21,309.4,311.4,305.0,305.6,511810
PIKK,2017-11-22,306.5,308.2,304.3,305.0,512270
PIKK,2017-11-23,305.9,313.0,304.8,313.0,534290
PIKK,2017-11-24,314.6,314.6,304.0,304.5,709180
PIKK,2017-11-27,306.2,306.2,301.6,302.0,420460
PIKK,2017-11-28,305.7,307.7,302.1,304.5,1103480
PIKK,2017-11-29,306.0,306.6,295.2,299.0,1072430
PIKK,2017-11-30,300.9,303.3,299.2,299.6,1024820
PIKK,2017-12-01,300.2,303.5,298.0,303.5,1027190
PIKK,2017-12-04,303.5,312.3,301.1,311.1,708570
PIKK,2017-12-05,310.0,320.5,309.7,317.3,1087130
PIKK,2017-12-06,318.0,322.0,313.7,320.0,509180
PIKK,2017-12-07,318.8,323.8,317.0,323.8,596910
PIKK,2017-12-08,323.8,325.2,312.8,312.8,665200
PIKK,2017-12-11,319.0,321.2,314.1,316.0,851550
PIKK,2017-12-12,319.7,319.7,307.4,310.6,996960
PIKK,2017-12-13,307.1,316.4,307.1,308.4,1048660
PIKK,2017-12-14,309.5,311.7,305.0,310.2,1207000
PIKK,2017-12-15,311.2,311.5,306.3,308.2,1183610
PIKK,2017-12-18,308.0,309.5,305.6,308.8,1205490
PIKK,2017-12-19,311.7,311.7,305.1,307.0,1193900
PIKK,2017-12-20,306.0,308.0,304.6,305.3,1203150
PIKK,2017-12-21,308.1,309.4,304.9,306.9,1234260
PIKK,2017-12-22,306.0,307.1,303.2,307.1,1218850
PIKK,2017-12-25,308.0,308.1,305.6,306.0,1182130
PIKK,2017-12-26,304.9,309.9,304.6,309.9,1185560
PIKK,2017-12-27,308.9,320.0,306.4,319.4,249200
PIKK,2017-12-28,318.7,324.9,317.5,324.9,112140
PIKK,2017-12-29,324.0,328.2,317.1,326.5,112770
PIKK,2018-01-03,327.6,327.9,324.0,327.4,108760
PIKK,2018-01-04,326.1,329.2,325.9,327.5,110360
PIKK,2018-01-05,326.8,328.6,323.7,327.8,99580
PIKK,2018-01-09,327.1,328.1,323.0,323.0,348380
PIKK,2018-01-10,324.1,324.8,320.0,322.4,836770
PIKK,2018-01-11,325.0,327.5,319.7,325.8,829160
PIKK,2018-01-12,327.0,327.0,317.0,317.0,651440
PIKK,2018-01-15,317.0,323.6,315.1,315.4,509250
PIKK,2018-01-16,315.3,316.0,310.1,311.5,212240
PIKK,2018-01-17,310.0,315.4,310.0,314.3,224110
PIKK,2018-01-18,317.0,317.0,306.0,307.8,200500
PIKK,2018-01-19,308.4,309.6,296.5,296.5,213050
PIKK,2018-01-22,298.1,304.3,297.2,303.8,192930
PIKK,2018-01-23,304.5,313.0,303.6,313.0,194490
PIKK,2018-01-24,310.4,314.8,307.8,312.1,90490
PIKK,2018-01-25,312.1,313.4,310.7,311.5,78030
PIKK,2018-01-26,311.4,313.0,304.8,306.5,78620
PIKK,2018-01-29,308.2,308.2,302.4,306.0,106310
PIKK,2018-01-30,304.6,307.3,303.0,307.0,159890
PIKK,2018-01-31,306.8,308.4,302.7,306.0,170170
PIKK,2018-02-01,308.5,308.5,303.7,305.6,144120
PIKK,2018-02-02,305.6,306.0,303.3,306.0,129540
PIKK,2018-02-05,306.9,307.8,304.8,307.8,102670
PIKK,2018-02-06,307.4,308.4,304.2,305.5,110840
PIKK,2018-02-07,305.5,312.9,304.3,305.0,115810
PIKK,2018-02-08,304.4,306.3,303.6,305.0,96610
PIKK,2018-02-09,304.8,306.8,303.1,304.7,117220
PIKK,2018-02-12,305.7,309.5,302.8,309.3,67620
PIKK,2018-02-13,305.0,314.5,305.0,314.5,38120
PIKK,2018-02-14,314.0,315.5,310.6,314.9,25600
PIKK,2018-02-15,314.8,315.5,312.6,313.2,24250
PIKK,2018-02-16,314.4,318.6,313.9,316.7,29960
PIKK,2018-02-19,314.3,318.9,312.5,314.9,44050
PIKK,2018-02-20,314.5,321.0,313.0,320.0,78650
PIKK,2018-02-21,322.7,322.7,315.7,316.8,75130
PIKK,2018-02-22,316.1,319.4,315.2,319.4,49370
PIKK,2018-02-26,320.3,322.0,317.0,322.0,17450
PIKK,2018-02-27,321.9,321.9,316.0,316.0,19720
PIKK,2018-02-28,317.6,323.1,315.3,323.1,47190
PIKK,2018-03-01,321.9,323.4,317.9,322.1,44030
PIKK,2018-03-02,322.3,325.9,317.5,323.1,58380
PIKK,2018-03-05,322.1,324.0,318.2,318.5,93920
PIKK,2018-03-06,319.4,320.9,315.0,320.0,76090
PIKK,2018-03-07,317.3,320.1,315.2,319.0,45590
PIKK,2018-03-09,318.2,321.7,318.2,321.7,39430
PIKK,2018-03-12,323.0,323.7,321.1,322.4,37890
PIKK,2018-03-13,325.0,325.0,322.0,323.5,37670
PIKK,2018-03-14,322.6,324.0,321.1,322.9,39950
PIKK,2018-03-15,323.1,324.0,321.0,323.5,39930
PIKK,2018-03-16,323.9,324.8,319.0,324.8,35210
PIKK,2018-03-19,323.4,325.0,317.3,318.7,61230
PIKK,2018-03-20,318.5,319.6,315.6,316.7,67890
PIKK,2018-03-21,316.7,318.5,314.0,317.7,63410
PIKK,2018-03-22,316.8,318.6,315.3,315.9,79520
PIKK,2018-03-23,316.0,319.0,314.5,318.4,89800
PIKK,2018-03-26,318.5,322.0,313.0,313.0,104870
PIKK,2018-03-27,313.5,322.0,313.5,319.0,121050
PIKK,2018-03-28,320.2,322.0,315.4,316.0,137500
PIKK,2018-03-29,318.3,320.5,314.8,316.7,159210
PIKK,2018-03-30,318.0,318.1,313.8,315.2,127770
PIKK,2018-04-02,315.1,316.7,313.9,314.0,135280
PIKK,2018-04-03,317.0,317.0,311.5,314.0,155680
PIKK,2018-04-04,314.7,316.3,311.3,313.7,164690
PIKK,2018-04-05,313.5,316.9,312.2,316.0,149860
PIKK,2018-04-06,312.2,317.9,311.2,315.4,233090
PIKK,2018-04-09,316.7,317.9,290.0,312.9,343100
PIKK,2018-04-10,305.0,314.2,305.0,308.6,2625910
PIKK,2018-04-11,308.1,311.5,307.4,310.7,1614420
PIKK,2018-04-12,311.9,312.7,309.0,310.5,247310
PIKK,2018-04-13,309.3,311.9,307.0,307.0,33138230
PIKK,2018-04-16,307.0,315.5,305.7,313.2,480770
PIKK,2018-04-17,314.6,320.3,305.4,307.4,454930
PIKK,2018-04-18,309.9,314.7,300.1,309.2,89610
PIKK,2018-04-19,308.0,314.0,307.9,312.3,27650
PIKK,2018-04-20,311.3,314.3,308.6,309.0,98500
PIKK,2018-04-23,308.0,314.0,306.5,306.9,17310460
PIKK,2018-04-24,306.5,308.3,306.5,307.6,3137740
PIKK,2018-04-25,306.5,308.3,305.8,307.6,109660
PIKK,2018-04-26,308.5,309.0,306.7,307.0,77720
PIKK,2018-04-27,308.5,309.3,306.7,307.9,62420
PIKK,2018-04-28,306.8,308.6,306.1,307.6,101550
PIKK,2018-04-30,308.8,309.0,306.3,306.3,3640
PIKK,2018-05-02,306.0,307.8,305.5,306.8,4480
PIKK,2018-05-03,306.5,309.7,306.0,308.8,14830
PIKK,2018-05-04,309.2,317.3,308.7,317.2,44930
PIKK,2018-05-07,318.1,323.9,313.8,322.5,33820
PIKK,2018-05-08,324.9,324.9,320.5,321.1,38370
PIKK,2018-05-10,322.0,324.6,319.3,324.6,35950
PIKK,2018-05-11,325.0,325.0,321.7,322.9,35020
PIKK,2018-05-14,322.0,325.6,320.7,323.8,32240
PIKK,2018-05-15,323.7,327.7,323.3,326.1,29320
PIKK,2018-05-16,327.2,328.5,323.5,327.8,36840
PIKK,2018-05-17,327.0,329.6,326.0,326.0,49750
PIKK,2018-05-18,324.8,327.5,320.0,320.0,32230
PIKK,2018-05-21,320.2,322.0,318.8,321.5,37500
PIKK,2018-05-22,319.1,324.5,318.2,324.5,32940
PIKK,2018-05-23,322.3,326.0,322.3,326.0,31090
PIKK,2018-05-24,326.8,326.9,323.6,326.5,33290
PIKK,2018-05-25,326.3,330.5,325.1,330.0,33920
PIKK,2018-05-28,331.5,332.0,329.8,332.0,27410
PIKK,2018-05-29,333.3,333.3,329.3,330.9,30670
PIKK,2018-05-30,331.1,332.3,327.8,327.8,26370
PIKK,2018-05-31,329.1,330.9,326.6,329.8,31520
PIKK,2018-06-01,330.2,331.9,329.0,331.9,30810
PIKK,2018-06-04,333.0,333.4,331.6,331.6,30690
PIKK,2018-06-05,331.6,333.0,330.2,330.8,31080
PIKK,2018-06-06,329.3,332.8,329.3,331.8,31960
PIKK,2018-06-07,333.1,333.3,331.3,333.3,31800
PIKK,2018-06-08,331.9,333.0,331.1,332.5,32120
PIKK,2018-06-09,334.0,334.0,331.2,333.3,31350
PIKK,2018-06-11,334.8,334.8,332.2,334.6,30590
PIKK,2018-06-13,335.0,337.7,333.4,334.6,31170
PIKK,2018-06-14,333.4,334.8,332.6,333.4,39310
PIKK,2018-06-15,332.3,337.0,332.3,337.0,43490
PIKK,2018-06-18,335.8,336.8,331.6,331.6,26200
PIKK,2018-06-19,332.8,334.9,330.2,334.9,35230
PIKK,2018-06-20,335.5,335.5,331.1,332.9,36290
PIKK,2018-06-21,332.1,335.6,330.5,335.6,32390
PIKK,2018-06-22,336.7,336.7,318.2,318.2,30730
PIKK,2018-06-25,325.0,331.8,319.1,331.8,20960
PIKK,2018-06-26,334.9,334.9,330.5,332.9,50130
PIKK,2018-06-27,335.0,335.0,331.0,331.9,23170
PIKK,2018-06-28,333.8,334.1,330.2,333.7,31680
PIKK,2018-06-29,335.0,335.2,333.2,334.0,30620
PIKK,2018-07-02,334.1,336.0,333.2,335.0,23660
PIKK,2018-07-03,333.8,335.0,333.5,335.0,26360
PIKK,2018-07-04,334.1,336.6,334.1,334.5,31670
PIKK,2018-07-05,334.5,335.0,333.2,335.0,48170
PIKK,2018-07-06,334.3,339.4,333.5,339.4,51620
PIKK,2018-07-09,338.9,341.5,337.6,337.6,50460
PIKK,2018-07-10,338.1,340.5,338.0,338.4,54000
PIKK,2018-07-11,338.0,342.7,335.0,342.7,48880
PIKK,2018-07-12,340.3,343.0,335.3,337.9,54330
PIKK,2018-07-13,336.0,344.5,335.1,343.6,63480
PIKK,2018-07-16,343.9,344.2,338.6,339.2,63910
PIKK,2018-07-17,336.1,345.6,336.1,345.2,63920
PIKK,2018-07-18,345.5,345.6,337.4,337.4,86640
PIKK,2018-07-19,337.0,339.9,336.7,339.9,76120
PIKK,2018-07-20,338.6,340.5,335.0,338.9,102060
PIKK,2018-07-23,340.0,342.9,338.9,342.7,72430
PIKK,2018-07-24,343.7,343.9,340.1,343.5,70370
PIKK,2018-07-25,340.5,347.8,338.5,339.8,69770
PIKK,2018-07-26,339.7,341.4,338.5,340.8,61310
PIKK,2018-07-27,341.5,342.9,340.3,341.2,77860
PIKK,2018-07-30,341.0,344.0,340.6,341.2,51390
PIKK,2018-07-31,342.0,343.3,341.0,342.5,63350
PIKK,2018-08-01,343.4,344.1,341.2,341.2,80690
PIKK,2018-08-02,344.0,344.0,339.3,339.3,67470
PIKK,2018-08-03,342.7,343.0,338.8,341.3,100420
PIKK,2018-08-06,343.6,351.3,342.0,348.5,59510
PIKK,2018-08-07,348.8,351.4,341.6,344.1,52800
PIKK,2018-08-08,345.0,346.6,341.5,346.6,63140
PIKK,2018-08-09,349.6,352.4,344.5,349.9,90730
PIKK,2018-08-10,349.2,352.0,347.5,351.9,103780
PIKK,2018-08-13,350.5,352.9,348.8,350.7,59090
PIKK,2018-08-14,349.3,351.3,348.5,350.0,39620
PIKK,2018-08-15,351.3,361.6,348.9,358.6,117780
PIKK,2018-08-16,357.3,360.3,354.5,359.0,102390
PIKK,2018-08-17,357.5,361.2,348.5,348.5,75100
PIKK,2018-08-20,350.0,353.7,348.7,352.4,141790
PIKK,2018-08-21,353.6,358.1,349.5,356.2,144030
PIKK,2018-08-22,360.0,363.2,356.9,362.2,102640
PIKK,2018-08-23,360.0,364.4,359.5,362.6,88050
PIKK,2018-08-24,364.1,364.4,359.2,362.9,91430
PIKK,2018-08-27,364.2,364.8,359.7,363.2,105160
PIKK,2018-08-28,363.2,365.3,357.3,361.0,73430
PIKK,2018-08-29,362.7,362.7,359.5,361.1,69520
PIKK,2018-08-30,362.6,364.0,360.0,364.0,74490
PIKK,2018-08-31,362.7,364.8,356.1,364.0,148040
PIKK,2018-09-03,345.4,348.0,341.2,343.7,126880
PIKK,2018-09-04,343.4,343.4,338.2,340.7,147410
PIKK,2018-09-05,342.5,348.1,336.2,345.7,127330
PIKK,2018-09-06,345.2,349.3,345.2,346.7,72160
PIKK,2018-09-07,346.7,348.0,343.5,346.9,86600
PIKK,2018-09-10,348.3,348.3,344.1,345.3,72180
PIKK,2018-09-11,345.3,346.8,340.8,343.6,69310
PIKK,2018-09-12,343.4,348.1,342.7,346.8,83180
PIKK,2018-09-13,346.6,352.2,345.2,350.3,110970
PIKK,2018-09-14,350.5,352.4,345.6,347.8,103310
PIKK,2018-09-17,352.0,352.0,342.0,346.5,121520
PIKK,2018-09-18,345.4,347.6,341.4,347.6,114310
PIKK,2018-09-19,346.4,350.9,342.7,344.1,119880
PIKK,2018-09-20,345.7,346.4,342.5,343.0,101200
PIKK,2018-09-21,343.1,348.6,342.4,348.2,154810
PIKK,2018-09-24,348.0,349.7,344.9,344.9,131330
PIKK,2018-09-25,345.0,347.4,341.4,346.8,136270
PIKK,2018-09-26,348.1,348.4,344.5,347.1,65840
PIKK,2018-09-27,343.7,348.2,343.7,345.8,54850
PIKK,2018-09-28,344.9,348.1,344.3,347.6,55980
PIKK,2018-10-01,346.4,349.2,343.2,349.2,82450
PIKK,2018-10-02,349.5,353.3,348.2,353.3,88150
PIKK,2018-10-03,353.1,355.9,351.4,351.4,88580
PIKK,2018-10-04,350.0,353.3,348.3,351.8,103770
PIKK,2018-10-05,351.0,351.2,343.4,344.6,161280
PIKK,2018-10-08,349.9,349.9,344.7,348.1,99000
PIKK,2018-10-09,348.3,349.6,346.1,347.6,48060
PIKK,2018-10-10,346.6,349.3,346.1,349.3,64720
PIKK,2018-10-11,348.8,353.3,343.3,350.2,183470
PIKK,2018-10-12,349.8,350.5,346.4,348.4,137750
PIKK,2018-10-15,352.9,352.9,345.9,346.9,64610
PIKK,2018-10-16,345.1,348.9,343.3,343.3,112150
PIKK,2018-10-17,344.5,351.1,343.3,349.0,128430
PIKK,2018-10-18,349.0,351.1,345.5,349.5,163980
PIKK,2018-10-19,350.7,353.2,345.3,347.3,305090
PIKK,2018-10-22,348.7,350.9,346.0,350.8,123970
PIKK,2018-10-23,349.3,354.6,348.5,353.4,129910
PIKK,2018-10-24,354.7,355.0,349.8,354.6,100400
PIKK,2018-10-25,354.6,354.6,346.4,347.9,133280
PIKK,2018-10-26,347.0,347.0,335.0,346.6,191950
PIKK,2018-10-29,346.1,348.0,340.0,340.5,169330
PIKK,2018-10-30,342.0,349.7,340.0,348.9,94090
PIKK,2018-10-31,350.0,352.3,347.4,352.3,88290
PIKK,2018-11-01,354.4,354.4,347.2,353.7,184900
PIKK,2018-11-02,354.5,354.7,352.2,353.2,63990
PIKK,2018-11-06,354.6,355.2,348.2,353.4,100100
PIKK,2018-11-07,354.8,356.0,349.1,351.2,85620
PIKK,2018-11-08,349.1,355.3,346.5,353.8,171170
PIKK,2018-11-09,352.6,355.2,348.7,348.8,121570
PIKK,2018-11-12,350.1,353.3,347.4,350.3,65040
PIKK,2018-11-13,350.6,352.8,347.1,351.6,131850
PIKK,2018-11-14,353.0,353.0,350.1,352.1,106560
PIKK,2018-11-15,350.3,355.9,349.7,353.7,139050
PIKK,2018-11-16,353.4,355.5,348.0,349.9,71850
PIKK,2018-11-19,350.5,352.5,348.0,351.5,196920
PIKK,2018-11-20,350.3,355.6,350.0,352.2,139920
PIKK,2018-11-21,350.0,358.4,350.0,355.3,228580
PIKK,2018-11-22,353.8,356.6,352.3,354.3,126640
PIKK,2018-11-23,355.1,355.1,350.9,353.7,93900
PIKK,2018-11-26,352.1,352.3,347.2,348.4,196680
PIKK,2018-11-27,347.0,351.4,346.6,350.6,189080
PIKK,2018-11-28,350.0,353.7,349.6,352.2,119900
PIKK,2018-11-29,352.7,358.3,349.7,356.2,185550
PIKK,2018-11-30,357.6,357.6,349.8,351.1,192790
PIKK,2018-12-03,350.4,353.2,349.2,351.0,89280
PIKK,2018-12-04,350.0,352.9,348.7,351.5,128410
PIKK,2018-12-05,349.5,353.3,349.5,352.0,170850
PIKK,2018-12-06,351.9,352.9,350.1,352.9,155670
PIKK,2018-12-07,352.0,356.7,351.9,355.0,139650
PIKK,2018-12-10,352.5,356.7,351.8,356.1,166130
PIKK,2018-12-11,356.7,357.8,354.9,354.9,134620
PIKK,2018-12-12,353.2,356.2,351.6,353.5,137590
PIKK,2018-12-13,354.3,354.3,349.2,352.0,141770
PIKK,2018-12-14,352.5,353.5,348.0,352.4,151100
PIKK,2018-12-17,350.9,356.0,350.9,355.2,110960
PIKK,2018-12-18,355.5,357.5,355.0,357.5,113720
PIKK,2018-12-19,357.5,359.5,355.5,358.1,125500
PIKK,2018-12-20,357.2,362.2,355.6,361.8,79120
PIKK,2018-12-21,360.5,366.3,360.3,362.1,87570
PIKK,2018-12-24,363.7,370.0,363.1,369.7,88300
PIKK,2018-12-25,367.8,373.1,367.8,370.0,78240
PIKK,2018-12-26,373.5,376.4,369.8,376.4,92890
PIKK,2018-12-27,376.6,377.9,375.0,376.9,80270
PIKK,2018-12-28,377.9,377.9,373.3,375.6,174010
PIKK,2018-12-29,376.9,377.7,374.0,376.3,69440
PIKK,2019-01-03,375.2,377.3,374.2,374.7,63890
PIKK,2019-01-04,376.6,376.6,373.2,375.2,37380
PIKK,2019-01-08,375.4,377.9,374.0,376.6,43190
PIKK,2019-01-09,376.3,378.3,373.1,374.7,44970
PIKK,2019-01-10,373.2,374.6,371.6,374.2,43250
PIKK,2019-01-11,375.4,375.5,368.9,368.9,72320
PIKK,2019-01-14,370.0,370.2,367.3,368.1,111410
PIKK,2019-01-15,369.7,371.3,367.9,369.8,78610
PIKK,2019-01-16,368.9,371.2,362.8,363.0,70280
PIKK,2019-01-17,365.0,365.0,357.4,358.2,59220
PIKK,2019-01-18,359.2,359.8,355.0,357.9,63800
PIKK,2019-01-21,358.5,362.1,357.9,361.1,90980
PIKK,2019-01-22,362.4,363.0,360.3,362.9,77910
PIKK,2019-01-23,364.3,364.6,360.0,362.3,91460
PIKK,2019-01-24,360.9,363.5,360.3,362.1,72420
PIKK,2019-01-25,363.6,363.8,360.1,361.2,77250
PIKK,2019-01-28,362.8,362.8,359.7,360.8,73080
PIKK,2019-01-29,361.0,362.3,356.1,358.6,93480
PIKK,2019-01-30,356.0,359.8,355.0,358.5,94370
PIKK,2019-01-31,360.8,360.8,351.5,352.0,48440
PIKK,2019-02-01,353.5,354.9,352.0,352.5,54370
PIKK,2019-02-04,351.7,355.6,351.0,355.6,37130
PIKK,2019-02-05,354.5,357.4,354.1,356.0,54080
PIKK,2019-02-06,356.6,357.6,354.5,356.0,38620
PIKK,2019-02-07,353.5,357.3,353.5,356.7,60350
PIKK,2019-02-08,355.8,358.5,355.3,355.8,58910
PIKK,2019-02-11,355.6,356.7,351.2,352.3,72190
PIKK,2019-02-12,351.8,352.5,350.4,351.8,78760
PIKK,2019-02-13,350.0,353.2,350.0,351.0,64240
PIKK,2019-02-14,352.2,353.4,347.4,351.6,81370
PIKK,2019-02-15,352.1,355.0,351.0,355.0,95230
PIKK,2019-02-18,354.0,356.6,351.6,352.0,71440
PIKK,2019-02-19,353.5,355.7,351.1,354.4,138340
PIKK,2019-02-20,355.7,357.5,354.1,357.5,119520
PIKK,2019-02-21,357.2,357.2,354.9,355.3,106310
PIKK,2019-02-22,354.1,357.3,354.0,355.4,56010
PIKK,2019-02-25,353.0,359.5,353.0,359.5,70350
PIKK,2019-02-26,357.4,361.3,357.4,361.0,61930
PIKK,2019-02-27,361.9,363.0,361.3,363.0,59690
PIKK,2019-02-28,362.0,362.0,355.2,359.0,59570
PIKK,2019-03-01,360.2,360.3,354.7,355.9,62860
PIKK,2019-03-04,359.9,359.9,353.1,355.0,144980
PIKK,2019-03-05,353.2,355.8,352.7,354.8,101990
PIKK,2019-03-06,354.8,356.0,352.0,352.1,134650
PIKK,2019-03-07,352.1,353.8,352.0,352.5,99460
PIKK,2019-03-11,353.6,354.6,352.1,354.2,99940
PIKK,2019-03-12,354.0,355.0,352.7,353.2,119140
PIKK,2019-03-13,353.3,354.8,352.3,353.8,141630
PIKK,2019-03-14,354.7,354.7,351.1,352.0,124490
PIKK,2019-03-15,353.3,353.4,351.1,352.2,65710
PIKK,2019-03-18,351.7,353.8,351.3,353.8,61950
PIKK,2019-03-19,354.9,354.9,352.3,353.2,91070
PIKK,2019-03-20,354.4,354.4,351.7,353.0,67630
PIKK,2019-03-21,354.0,354.8,352.1,354.5,67240
PIKK,2019-03-22,355.4,355.9,352.9,354.8,73440
PIKK,2019-03-25,355.3,355.3,351.5,352.0,62020
PIKK,2019-03-26,351.2,353.5,351.0,353.3,109160
PIKK,2019-03-27,357.7,357.7,351.8,353.5,93250
PIKK,2019-03-28,354.7,354.8,352.0,354.8,84440
PIKK,2019-03-29,354.1,354.9,351.6,353.8,80220
PIKK,2019-04-01,352.9,360.2,349.8,359.1,97260
PIKK,2019-04-02,359.3,368.0,358.3,368.0,75550
PIKK,2019-04-03,366.7,380.0,365.9,378.4,119840
PIKK,2019-04-04,375.7,429.7,363.7,366.6,73630
PIKK,2019-04-05,366.1,366.1,359.2,360.1,115680
PIKK,2019-04-08,361.7,362.8,357.5,359.9,90360
PIKK,2019-04-09,358.5,362.5,358.4,358.6,52590
PIKK,2019-04-10,359.8,360.1,354.8,357.0,111780
PIKK,2019-04-11,355.8,356.1,354.0,356.1,108130
PIKK,2019-04-12,357.2,358.0,355.2,355.2,100390
PIKK,2019-04-15,356.5,356.7,354.0,355.8,107930
PIKK,2019-04-16,358.9,358.9,354.4,356.7,160350
PIKK,2019-04-17,356.9,358.0,355.4,358.0,64220
PIKK,2019-04-18,356.9,361.6,356.5,360.8,54720
PIKK,2019-04-19,362.6,365.2,360.7,364.2,58860
PIKK,2019-04-22,363.3,368.4,363.2,368.2,37770
PIKK,2019-04-23,368.4,371.0,366.6,371.0,58680
PIKK,2019-04-24,369.4,371.2,364.9,365.5,63810
PIKK,2019-04-25,365.9,367.2,363.5,367.0,63470
PIKK,2019-04-26,366.4,368.5,365.5,365.9,52820
PIKK,2019-04-29,366.7,367.1,364.1,367.1,67520
PIKK,2019-04-30,366.2,367.9,365.1,365.5,71590
PIKK,2019-05-02,364.7,370.1,364.0,370.0,36930
PIKK,2019-05-03,371.4,374.2,369.8,374.2,14720
PIKK,2019-05-06,375.8,375.8,371.4,373.8,28860
PIKK,2019-05-07,375.0,375.0,372.2,373.0,47320
PIKK,2019-05-08,374.2,377.7,370.9,377.0,89070
PIKK,2019-05-10,378.7,380.7,377.4,378.4,15360
PIKK,2019-05-13,379.8,381.7,376.2,380.4,93190
PIKK,2019-05-14,382.0,384.1,380.3,384.1,94730
PIKK,2019-05-15,382.7,385.8,381.5,384.6,86860
PIKK,2019-05-16,384.1,386.4,383.2,386.2,77880
PIKK,2019-05-17,387.0,387.0,382.2,384.4,88090
PIKK,2019-05-20,386.9,386.9,380.4,382.7,68470
PIKK,2019-05-21,384.4,384.4,378.7,380.4,86310
PIKK,2019-05-22,382.0,384.0,378.8,384.0,84900
PIKK,2019-05-23,384.0,386.1,381.0,381.5,59200
PIKK,2019-05-24,382.9,386.2,382.1,386.2,97170
PIKK,2019-05-27,385.9,388.0,385.9,387.4,59320
PIKK,2019-05-28,387.2,389.0,386.1,387.6,83430
PIKK,2019-05-29,387.2,389.6,385.7,389.6,70890
PIKK,2019-05-30,389.9,390.3,388.8,389.9,173180
PIKK,2019-05-31,372.6,373.2,366.0,368.4,128040
PIKK,2019-06-03,368.0,368.3,363.5,366.2,110390
PIKK,2019-06-04,366.9,370.8,366.8,370.8,110980
PIKK,2019-06-05,371.7,372.5,367.1,367.1,43490
PIKK,2019-06-06,369.8,371.0,367.5,371.0,86080
PIKK,2019-06-07,371.6,372.3,367.0,370.6,87670
PIKK,2019-06-10,371.7,372.3,368.3,368.9,67260
PIKK,2019-06-11,370.8,370.8,367.1,368.9,81850
PIKK,2019-06-13,369.4,370.6,367.3,369.9,81380
PIKK,2019-06-14,369.9,371.1,366.0,369.6,97590
PIKK,2019-06-17,368.5,370.4,367.1,370.0,75720
PIKK,2019-06-18,373.0,373.0,367.9,369.8,71040
PIKK,2019-06-19,369.8,371.5,368.1,370.3,76870
PIKK,2019-06-20,371.9,371.9,368.8,370.6,80440
PIKK,2019-06-21,370.6,370.8,368.0,368.7,63610
PIKK,2019-06-24,369.9,370.4,368.7,370.4,67370
PIKK,2019-06-25,369.2,372.9,369.1,372.8,75590
PIKK,2019-06-26,370.6,373.6,370.6,373.6,72310
PIKK,2019-06-27,373.3,375.1,372.7,373.6,59000
PIKK,2019-06-28,374.8,375.2,372.1,374.9,72000
PIKK,2019-07-01,374.8,376.5,373.4,374.1,69780
PIKK,2019-07-02,373.5,374.8,372.5,374.1,69510
PIKK,2019-07-03,374.1,375.6,370.4,371.8,64240
PIKK,2019-07-04,370.9,372.7,370.5,371.6,69170
PIKK,2019-07-05,371.8,378.0,371.6,378.0,134840
PIKK,2019-07-08,377.7,378.5,371.0,374.3,57840
PIKK,2019-07-09,373.2,375.8,371.0,375.8,36020
PIKK,2019-07-10,374.5,376.0,373.5,375.4,46440
PIKK,2019-07-11,374.4,376.9,374.1,376.9,37750
PIKK,2019-07-12,374.8,376.6,372.7,375.6,58630
PIKK,2019-07-15,374.4,380.3,373.1,379.0,84230
PIKK,2019-07-16,380.0,381.8,378.4,380.9,38710
PIKK,2019-07-17,380.1,384.8,380.1,383.9,26730
PIKK,2019-07-18,385.0,387.2,379.0,383.7,62630
PIKK,2019-07-19,385.2,385.2,378.0,379.6,27720
PIKK,2019-07-22,379.9,382.4,379.0,379.3,89640
PIKK,2019-07-23,380.4,383.0,378.6,382.2,174770
PIKK,2019-07-24,382.9,384.0,380.6,383.2,145050
PIKK,2019-07-25,383.0,387.0,382.1,387.0,23140
PIKK,2019-07-26,383.7,388.8,382.7,387.2,91710
PIKK,2019-07-29,389.2,398.3,386.1,396.7,53800
PIKK,2019-07-30,396.9,398.5,395.1,396.2,18030
PIKK,2019-07-31,396.2,398.5,395.0,395.0,13890
PIKK,2019-08-01,390.0,393.6,388.8,393.6,21140
PIKK,2019-08-02,387.6,393.9,386.2,393.9,13720
PIKK,2019-08-05,392.5,405.0,392.5,404.0,29950
PIKK,2019-08-06,406.0,415.0,387.0,397.2,138450
PIKK,2019-08-07,395.9,402.5,387.2,388.4,72160
PIKK,2019-08-08,392.0,394.4,384.2,384.2,32000
PIKK,2019-08-09,385.9,386.5,380.0,381.8,95000
PIKK,2019-08-12,383.2,384.6,379.4,382.1,75600
PIKK,2019-08-13,381.6,382.4,377.5,378.1,117020
PIKK,2019-08-14,377.4,379.8,376.0,379.2,100220
PIKK,2019-08-15,380.3,381.5,376.5,377.7,106450
PIKK,2019-08-16,381.3,381.3,376.1,376.1,66880
PIKK,2019-08-19,376.5,382.4,376.2,382.4,64710
PIKK,2019-08-20,386.0,386.7,381.3,381.4,78050
PIKK,2019-08-21,381.7,387.3,381.4,384.6,73940
PIKK,2019-08-22,385.7,386.1,382.0,382.7,69220
PIKK,2019-08-23,384.2,384.3,381.5,384.3,71720
PIKK,2019-08-26,383.1,385.7,381.5,381.7,81430
PIKK,2019-08-27,382.9,385.5,380.0,380.0,127140
PIKK,2019-08-28,379.4,385.0,379.3,384.4,91680
PIKK,2019-08-29,384.8,389.4,383.7,385.4,80240
PIKK,2019-08-30,385.7,389.1,385.0,387.3,46500
PIKK,2019-09-02,390.0,390.9,386.7,387.9,74850
PIKK,2019-09-03,388.0,389.5,385.1,385.1,89170
PIKK,2019-09-04,387.9,387.9,383.9,385.7,99150
PIKK,2019-09-05,385.8,387.2,384.3,384.8,46030
PIKK,2019-09-06,385.4,387.8,384.3,386.0,67030
PIKK,2019-09-09,388.2,389.0,386.0,387.0,81730
PIKK,2019-09-10,390.1,390.3,387.0,388.1,75900
PIKK,2019-09-11,389.4,390.5,386.6,388.3,71170
PIKK,2019-09-12,386.9,391.4,386.7,389.2,62480
PIKK,2019-09-13,388.5,391.1,387.7,390.9,90410
PIKK,2019-09-16,388.1,392.7,388.1,391.2,51610
PIKK,2019-09-17,391.0,392.1,389.1,392.1,50340
PIKK,2019-09-18,390.5,393.6,389.9,390.4,52330
PIKK,2019-09-19,391.6,392.7,390.0,390.0,89890
PIKK,2019-09-20,389.9,402.0,386.8,402.0,41120
PIKK,2019-09-23,397.3,397.5,387.7,390.9,35360
PIKK,2019-09-24,391.8,393.2,386.8,387.9,68330
PIKK,2019-09-25,387.0,388.8,385.5,387.0,74700
PIKK,2019-09-26,388.5,399.1,388.4,397.0,47850
PIKK,2019-09-27,396.1,401.1,395.0,399.8,60390
PIKK,2019-09-30,398.3,401.5,392.2,400.5,108040
PIKK,2019-10-01,402.3,402.3,395.7,395.7,48330
PIKK,2019-10-02,394.4,397.8,386.7,388.1,83620
PIKK,2019-10-03,386.6,396.6,383.0,388.2,200110
PIKK,2019-10-04,386.7,400.0,386.6,399.5,142950
PIKK,2019-10-07,390.3,398.5,371.8,385.9,297930
PIKK,2019-10-08,394.0,398.0,383.3,395.0,351340
PIKK,2019-10-09,398.0,398.0,385.0,385.0,779390
PIKK,2019-10-10,349.0,349.6,340.1,342.0,5094920
PIKK,2019-10-11,344.0,345.2,330.0,338.5,973380
PIKK,2019-10-14,339.3,341.7,333.1,337.0,176090
PIKK,2019-10-15,337.0,343.3,335.5,336.0,178650
PIKK,2019-10-16,336.0,339.1,333.2,334.1,188180
PIKK,2019-10-17,334.6,343.9,334.0,338.1,213140
PIKK,2019-10-18,338.2,341.0,338.2,338.8,78120
PIKK,2019-10-21,339.2,339.9,335.3,335.3,112060
PIKK,2019-10-22,335.0,339.8,335.0,336.0,77990
PIKK,2019-10-23,335.0,338.7,335.0,337.4,165250
PIKK,2019-10-24,336.6,338.3,335.0,335.0,164580
PIKK,2019-10-25,334.4,337.8,334.2,336.0,89780
PIKK,2019-10-28,335.1,337.3,335.1,335.2,118840
PIKK,2019-10-29,335.2,337.0,333.5,334.0,227070
PIKK,2019-10-30,334.0,341.3,333.9,340.1,260010
PIKK,2019-10-31,340.2,377.0,339.5,348.0,425830
PIKK,2019-11-01,348.0,354.9,345.4,354.7,367560
PIKK,2019-11-05,354.3,365.0,292.0,346.0,246940
PIKK,2019-11-06,347.5,347.6,344.1,344.4,310610
PIKK,2019-11-07,343.0,347.0,342.9,344.7,386990
PIKK,2019-11-08,346.9,346.9,343.1,343.1,377960
PIKK,2019-11-11,344.6,346.7,342.5,346.2,388670
PIKK,2019-11-12,346.2,352.3,346.0,351.0,559410
PIKK,2019-11-13,349.4,358.2,349.1,356.2,638340
PIKK,2019-11-14,359.0,361.4,348.6,354.2,815170
PIKK,2019-11-15,354.2,366.4,347.1,364.5,503820
PIKK,2019-11-18,369.2,369.2,364.0,364.0,105790
PIKK,2019-11-19,365.0,365.0,361.9,363.6,62620
PIKK,2019-11-20,362.3,365.7,362.3,364.9,280530
PIKK,2019-11-21,362.2,366.4,361.4,362.1,149290
PIKK,2019-11-22,363.4,368.4,361.6,367.6,224860
PIKK,2019-11-25,368.7,374.7,367.3,374.7,148410
PIKK,2019-11-26,374.9,382.0,373.0,380.0,293590
PIKK,2019-11-27,375.5,383.3,375.5,383.0,118790
PIKK,2019-11-28,383.5,383.5,369.0,382.0,140500
PIKK,2019-11-29,380.5,385.8,378.4,385.7,162660
PIKK,2019-12-02,385.0,387.0,381.6,387.0,115410
PIKK,2019-12-03,382.3,387.1,381.2,384.6,228970
PIKK,2019-12-04,382.8,385.5,382.6,385.5,269000
PIKK,2019-12-05,384.8,386.8,380.0,386.3,266290
PIKK,2019-12-06,382.7,389.7,382.4,389.0,187500
PIKK,2019-12-09,389.8,389.9,385.3,385.3,240850
PIKK,2019-12-10,385.3,390.4,383.0,389.5,222650
PIKK,2019-12-11,390.9,393.4,388.1,392.6,230240
PIKK,2019-12-12,392.8,394.3,389.4,392.6,152060
PIKK,2019-12-13,391.7,396.4,389.0,396.4,178030
PIKK,2019-12-16,396.0,396.0,393.2,396.0,158010
PIKK,2019-12-17,395.9,395.9,390.5,393.3,244890
PIKK,2019-12-18,394.8,396.0,391.0,393.9,169950
PIKK,2019-12-19,396.4,396.4,392.2,395.5,263700
PIKK,2019-12-20,394.5,394.5,389.5,390.8,245900
PIKK,2019-12-23,392.3,394.8,389.1,394.6,195160
PIKK,2019-12-24,394.7,396.0,392.9,395.0,216020
PIKK,2019-12-25,393.7,395.0,393.6,394.4,138190
PIKK,2019-12-26,393.2,399.0,391.0,398.1,121790
PIKK,2019-12-27,398.6,400.8,395.2,400.8,155040
PIKK,2019-12-30,399.0,401.5,396.0,400.4,95400
PIKK,2020-01-03,398.8,407.6,398.7,407.0,53550
PIKK,2020-01-06,407.0,408.4,403.6,405.0,89220
PIKK,2020-01-08,405.2,408.0,403.3,407.0,99190
PIKK,2020-01-09,408.0,408.9,405.1,406.6,142230
PIKK,2020-01-10,406.8,410.5,406.1,407.5,132310
PIKK,2020-01-13,409.0,409.0,402.3,405.8,173100
PIKK,2020-01-14,407.3,409.0,405.0,409.0,124730
PIKK,2020-01-15,408.9,412.1,405.9,406.6,114530
PIKK,2020-01-16,406.6,409.3,405.4,408.1,155000
PIKK,2020-01-17,406.5,410.9,406.5,408.9,160790
PIKK,2020-01-20,408.9,409.7,404.2,406.8,119560
PIKK,2020-01-21,407.8,412.9,405.1,412.9,139900
PIKK,2020-01-22,414.0,414.7,409.2,409.2,117030
PIKK,2020-01-23,409.1,412.0,406.1,409.0,163540
PIKK,2020-01-24,411.6,411.6,405.1,405.8,152850
PIKK,2020-01-27,405.0,412.0,404.3,411.8,203630
PIKK,2020-01-28,412.0,429.0,410.0,427.0,399020
PIKK,2020-01-29,428.0,428.9,424.3,428.2,147470
PIKK,2020-01-30,429.5,436.2,426.0,434.8,172070
PIKK,2020-01-31,432.7,441.0,431.0,435.6,325090
PIKK,2020-02-03,435.6,437.4,431.0,431.0,150210
PIKK,2020-02-04,432.9,436.6,429.2,436.6,142080
PIKK,2020-02-05,435.5,440.3,429.7,438.9,146450
PIKK,2020-02-06,440.9,440.9,434.1,438.7,114240
PIKK,2020-02-07,440.6,440.6,431.0,434.2,164360
PIKK,2020-02-10,434.2,436.5,431.9,436.4,115650
PIKK,2020-02-11,438.3,438.9,433.5,438.0,190190
PIKK,2020-02-12,435.6,443.0,435.6,441.0,225710
PIKK,2020-02-13,442.9,443.4,432.6,436.0,163990
PIKK,2020-02-14,437.9,437.9,429.0,429.0,92190
PIKK,2020-02-17,429.0,435.9,427.3,435.0,102180
PIKK,2020-02-18,434.0,436.7,433.1,436.3,96830
PIKK,2020-02-19,436.9,437.6,433.6,435.0,109610
PIKK,2020-02-20,436.1,436.2,433.0,433.2,133360
PIKK,2020-02-21,433.2,436.7,432.5,435.7,91470
PIKK,2020-02-25,432.5,434.8,419.0,421.0,113230
PIKK,2020-02-26,421.1,421.8,412.1,416.0,147320
PIKK,2020-02-27,417.3,418.5,407.0,409.2,127730
PIKK,2020-02-28,406.9,410.3,379.5,390.9,417300
PIKK,2020-03-02,400.0,414.1,389.1,398.4,163850
PIKK,2020-03-03,402.2,412.8,399.3,410.7,104810
PIKK,2020-03-04,408.7,408.8,399.9,401.5,94310
PIKK,2020-03-05,402.5,403.6,401.1,402.0,82660
PIKK,2020-03-06,400.0,401.4,382.7,384.2,113680
PIKK,2020-03-10,361.2,398.9,361.0,386.3,139840
PIKK,2020-03-11,388.5,394.1,381.5,384.6,92980
PIKK,2020-03-12,381.8,382.0,367.3,369.7,759900
PIKK,2020-03-13,368.6,386.8,368.5,380.6,90880
PIKK,2020-03-16,389.0,389.0,350.0,368.5,332800
PIKK,2020-03-17,366.6,371.2,357.7,370.9,200800
PIKK,2020-03-18,369.1,370.8,351.5,360.0,343240
PIKK,2020-03-19,360.6,378.3,360.6,375.0,113750
PIKK,2020-03-20,376.5,384.5,375.9,384.4,88100
PIKK,2020-03-23,370.2,383.0,370.2,375.0,115430
PIKK,2020-03-24,383.0,398.4,376.9,391.5,108340
PIKK,2020-03-25,399.8,409.8,393.4,402.5,134420
PIKK,2020-03-26,400.0,409.7,396.5,409.7,81390
PIKK,2020-03-27,409.7,409.7,402.3,406.0,60760
PIKK,2020-03-30,395.0,405.0,395.0,401.0,51250
PIKK,2020-03-31,403.0,410.0,401.4,410.0,50630
PIKK,2020-04-01,405.0,410.0,405.0,408.5,35210
PIKK,2020-04-02,406.6,414.7,406.6,414.2,120960
PIKK,2020-04-03,414.2,416.3,411.0,411.6,54830
PIKK,2020-04-06,413.6,415.1,403.0,403.2,98880
PIKK,2020-04-07,403.0,405.3,393.3,397.7,89600
PIKK,2020-04-08,395.3,402.9,395.0,402.9,89380
PIKK,2020-04-09,401.1,404.7,395.0,398.7,85590
PIKK,2020-04-10,399.4,399.4,394.8,398.0,80640
PIKK,2020-04-13,397.8,397.8,391.0,391.0,85440
PIKK,2020-04-14,391.0,397.5,391.0,395.0,52080
PIKK,2020-04-15,393.1,395.8,385.0,385.0,90440
PIKK,2020-04-16,384.6,392.4,382.2,391.7,131620
PIKK,2020-04-17,395.7,395.7,387.3,389.6,89190
PIKK,2020-04-20,391.6,393.8,386.8,393.8,102080
PIKK,2020-04-21,392.0,395.1,379.0,383.4,128560
PIKK,2020-04-22,382.0,393.8,379.0,390.9,98740
PIKK,2020-04-23,389.2,392.7,386.5,391.0,85030
PIKK,2020-04-24,385.0,391.5,385.0,391.0,74840
PIKK,2020-04-27,392.0,400.0,389.1,391.1,87000
PIKK,2020-04-28,393.0,396.1,391.3,395.6,83310
PIKK,2020-04-29,396.1,397.4,392.3,392.6,87450
PIKK,2020-04-30,392.4,395.1,389.0,391.5,81940
PIKK,2020-05-04,389.4,392.5,387.0,392.4,38320
PIKK,2020-05-05,392.4,392.5,389.7,390.6,85470
PIKK,2020-05-06,390.6,391.0,385.0,386.4,102940
PIKK,2020-05-07,389.0,389.0,381.0,382.9,103820
PIKK,2020-05-08,383.0,383.9,376.0,379.9,117380
PIKK,2020-05-12,379.0,382.0,376.1,378.3,86810
PIKK,2020-05-13,378.5,378.8,373.5,373.5,89970
PIKK,2020-05-14,375.8,375.8,367.5,368.0,79010
PIKK,2020-05-15,373.9,373.9,364.0,364.1,95630
PIKK,2020-05-18,363.7,368.5,363.5,368.5,97890
PIKK,2020-05-19,368.3,375.5,362.6,375.5,116840
PIKK,2020-05-20,367.3,372.1,365.2,369.4,117400
PIKK,2020-05-21,372.1,372.1,366.2,369.4,120800
PIKK,2020-05-22,368.8,369.3,367.1,368.3,83580
PIKK,2020-05-25,368.3,369.8,368.1,369.4,103080
PIKK,2020-05-26,369.2,371.3,368.4,370.1,202470
PIKK,2020-05-27,371.5,375.0,369.1,372.2,180260
PIKK,2020-05-28,373.1,381.0,372.4,381.0,149250
PIKK,2020-05-29,381.0,383.9,375.0,383.9,255050
PIKK,2020-06-01,384.9,384.9,375.0,377.0,145350
PIKK,2020-06-02,377.6,379.0,374.7,378.8,119490
PIKK,2020-06-03,379.0,384.1,378.0,383.5,193810
PIKK,2020-06-04,381.9,387.0,381.1,387.0,240870
PIKK,2020-06-05,386.2,389.8,386.0,389.8,157030
PIKK,2020-06-08,390.2,399.2,387.9,398.2,155590
PIKK,2020-06-09,398.2,401.1,390.1,395.1,85690
PIKK,2020-06-10,390.6,397.2,390.6,396.3,147870
PIKK,2020-06-11,391.9,396.8,390.0,395.7,82470
PIKK,2020-06-15,387.4,400.7,387.4,400.6,84530
PIKK,2020-06-16,393.0,410.0,393.0,409.9,73390
PIKK,2020-06-17,405.4,414.6,405.4,414.4,76930
PIKK,2020-06-18,412.7,419.0,409.0,412.1,93070
PIKK,2020-06-19,414.9,419.6,413.5,416.5,84660
PIKK,2020-06-22,415.5,420.0,411.2,419.9,105350
PIKK,2020-06-23,420.0,426.0,419.9,425.1,68680
PIKK,2020-06-25,423.0,426.0,419.2,422.0,77920
PIKK,2020-06-26,425.0,425.0,420.1,424.8,75980
PIKK,2020-06-29,423.2,428.2,422.0,427.5,86830
PIKK,2020-06-30,425.7,429.6,423.1,425.0,81580
PIKK,2020-07-02,427.5,428.0,424.2,427.9,72700
PIKK,2020-07-03,426.4,428.0,424.0,425.2,77320
PIKK,2020-07-06,427.6,429.9,421.1,428.7,189510
PIKK,2020-07-07,428.6,429.4,423.8,424.2,160680
PIKK,2020-07-08,424.1,425.9,419.3,420.1,127190
PIKK,2020-07-09,419.3,420.4,416.2,416.2,165590
PIKK,2020-07-10,416.1,416.1,409.8,409.8,259030
PIKK,2020-07-13,411.7,416.3,400.0,400.0,660800
PIKK,2020-07-14,403.1,427.3,400.0,424.0,533680
PIKK,2020-07-15,426.0,427.3,418.1,425.8,146590
PIKK,2020-07-16,426.0,429.3,423.4,428.3,118890
PIKK,2020-07-17,428.4,431.4,424.4,431.0,65200
PIKK,2020-07-20,434.6,438.9,429.1,434.0,47970
PIKK,2020-07-21,435.1,456.2,435.1,454.5,208770
PIKK,2020-07-22,455.0,461.0,453.1,456.0,192220
PIKK,2020-07-23,457.4,458.0,446.0,447.9,95060
PIKK,2020-07-24,446.5,457.5,445.9,454.7,102870
PIKK,2020-07-27,457.0,463.6,454.9,463.6,114000
PIKK,2020-07-28,455.0,481.0,455.0,480.5,230170
PIKK,2020-07-29,481.2,499.5,480.5,498.6,224670
PIKK,2020-07-30,498.6,500.9,489.0,489.5,131630
PIKK,2020-07-31,486.5,494.4,486.5,486.9,80840
PIKK,2020-08-03,490.8,506.0,488.0,506.0,124870
PIKK,2020-08-04,503.6,508.0,494.5,502.9,126260
PIKK,2020-08-05,504.5,504.5,494.0,497.8,94530
PIKK,2020-08-06,495.1,502.2,493.9,497.6,81500
PIKK,2020-08-07,501.5,501.5,493.5,498.6,85810
PIKK,2020-08-10,495.8,499.9,492.0,493.5,55490
PIKK,2020-08-11,488.8,495.0,484.9,488.2,69080
PIKK,2020-08-12,486.2,501.0,484.1,500.2,113340
PIKK,2020-08-13,494.9,500.0,492.0,495.1,86160
PIKK,2020-08-14,494.2,499.4,493.8,497.7,62350
PIKK,2020-08-17,499.9,500.0,496.1,498.5,65870
PIKK,2020-08-18,500.0,500.0,491.5,491.8,65220
PIKK,2020-08-19,491.5,497.0,491.5,493.0,90700
PIKK,2020-08-20,493.5,495.7,492.1,494.5,67190
PIKK,2020-08-21,499.3,499.3,492.0,495.9,105010
PIKK,2020-08-24,493.0,498.9,492.5,495.2,79520
PIKK,2020-08-25,495.0,498.2,493.5,496.5,118740
PIKK,2020-08-26,494.2,499.5,494.2,499.0,69390
PIKK,2020-08-27,498.4,504.0,496.0,496.0,180440
PIKK,2020-08-28,499.0,500.5,496.0,497.6,73120
PIKK,2020-08-31,500.0,509.5,498.0,506.2,257750
PIKK,2020-09-01,507.9,525.5,503.4,525.2,239220
PIKK,2020-09-02,527.0,540.0,521.1,536.0,255210
PIKK,2020-09-03,531.2,541.9,526.0,527.2,196490
PIKK,2020-09-04,530.0,536.0,528.0,534.0,112210
PIKK,2020-09-07,535.0,559.9,533.0,558.0,298400
PIKK,2020-09-08,555.5,562.0,550.0,553.2,312720
PIKK,2020-09-09,552.2,568.5,551.0,566.9,261930
PIKK,2020-09-10,565.0,570.0,564.0,564.1,264690
PIKK,2020-09-11,569.2,570.0,555.0,564.8,135000
PIKK,2020-09-14,569.0,569.0,560.0,564.1,75210
PIKK,2020-09-15,564.4,571.0,564.1,570.0,148570
PIKK,2020-09-16,571.0,571.0,566.6,569.0,109760
PIKK,2020-09-17,568.3,571.0,558.3,562.2,163240
PIKK,2020-09-18,567.9,567.9,559.0,559.1,87140
PIKK,2020-09-21,563.5,563.5,541.0,549.4,205660
PIKK,2020-09-22,552.0,559.0,547.1,550.8,92360
PIKK,2020-09-23,553.0,565.0,550.0,559.6,126900
PIKK,2020-09-24,561.2,563.5,554.9,557.7,72950
PIKK,2020-09-25,558.0,562.0,555.0,559.0,81970
PIKK,2020-09-28,559.0,564.5,559.0,564.2,92700
PIKK,2020-09-29,564.5,570.0,564.0,569.4,188570
PIKK,2020-09-30,569.0,571.0,565.3,568.2,114390
PIKK,2020-10-01,569.7,571.0,566.2,570.3,101680
PIKK,2020-10-02,568.0,569.9,562.9,567.2,123600
PIKK,2020-10-05,569.5,571.0,565.4,570.4,147440
PIKK,2020-10-06,569.0,571.0,568.5,570.9,94350
PIKK,2020-10-07,570.0,572.1,567.0,572.1,84600
PIKK,2020-10-08,568.9,572.1,564.0,568.9,242020
PIKK,2020-10-09,557.0,569.8,547.1,567.9,392080
PIKK,2020-10-12,567.7,571.5,562.2,567.2,182720
PIKK,2020-10-13,568.9,582.8,564.5,578.0,165130
PIKK,2020-10-14,573.5,586.2,573.5,586.2,214600
PIKK,2020-10-15,586.7,592.7,580.1,583.6,346540
PIKK,2020-10-16,584.7,598.3,582.2,598.3,175580
PIKK,2020-10-19,599.7,609.4,595.0,600.0,337180
PIKK,2020-10-20,603.3,611.0,600.0,604.7,361680
PIKK,2020-10-21,609.0,609.0,596.0,600.0,168640
PIKK,2020-10-22,600.1,609.0,596.6,600.8,220650
PIKK,2020-10-23,598.0,602.3,592.0,596.0,189020
PIKK,2020-10-26,598.1,598.1,578.0,584.5,162690
PIKK,2020-10-27,583.5,584.5,575.0,576.2,103330
PIKK,2020-10-28,579.5,579.5,561.0,567.2,159770
PIKK,2020-10-29,567.1,574.9,562.5,573.4,96580
PIKK,2020-10-30,572.0,572.0,563.9,569.0,112780
PIKK,2020-11-02,571.5,571.5,557.9,564.5,86070
PIKK,2020-11-03,563.0,568.0,559.1,567.0,88740
PIKK,2020-11-05,568.5,583.2,565.0,583.1,169730
PIKK,2020-11-06,582.2,583.1,574.1,582.1,84260
PIKK,2020-11-09,582.1,593.7,580.2,591.2,198930
PIKK,2020-11-10,586.5,592.7,583.0,587.4,95920
PIKK,2020-11-11,589.6,594.1,585.4,591.9,63340
PIKK,2020-11-12,592.1,596.0,585.9,587.5,70740
PIKK,2020-11-13,587.0,589.2,584.5,587.4,33320
PIKK,2020-11-16,586.0,594.3,586.0,593.2,131100
PIKK,2020-11-17,589.5,598.3,588.6,597.2,53850
PIKK,2020-11-18,593.4,603.0,592.6,596.0,161780
PIKK,2020-11-19,596.7,601.7,594.6,597.2,99350
PIKK,2020-11-20,600.0,604.0,595.0,595.1,91170
PIKK,2020-11-23,599.3,604.6,586.8,595.8,167060
PIKK,2020-11-24,597.3,602.3,593.0,598.8,105730
PIKK,2020-11-25,601.2,601.2,593.3,595.0,88640
PIKK,2020-11-26,595.5,598.0,590.0,593.6,62960
PIKK,2020-11-27,596.7,599.0,590.0,594.6,71030
PIKK,2020-11-30,596.4,601.1,591.0,596.5,82380
PIKK,2020-12-01,594.2,597.7,591.7,594.6,59820
PIKK,2020-12-02,592.6,596.4,591.2,593.4,34960
PIKK,2020-12-03,592.1,599.0,592.1,594.4,47780
PIKK,2020-12-04,599.0,599.8,590.4,593.4,58400
PIKK,2020-12-07,589.3,597.6,588.2,594.3,97790
PIKK,2020-12-08,594.4,598.4,588.0,594.1,95540
PIKK,2020-12-09,593.2,596.2,583.1,583.7,116400
PIKK,2020-12-10,584.9,588.7,584.3,587.7,54570
PIKK,2020-12-11,586.0,588.5,580.4,582.5,72510
PIKK,2020-12-14,584.3,584.3,577.5,578.0,58680
PIKK,2020-12-15,581.0,586.0,576.2,585.6,58330
PIKK,2020-12-16,585.0,591.7,581.5,587.6,74150
PIKK,2020-12-17,586.0,590.7,581.8,586.4,117330
PIKK,2020-12-18,583.9,584.0,577.8,580.6,61410
PIKK,2020-12-21,578.9,583.8,570.6,578.7,91650
PIKK,2020-12-22,572.0,585.8,571.9,582.1,82540
PIKK,2020-12-23,580.3,584.9,577.7,582.2,33680
PIKK,2020-12-24,581.3,583.7,578.4,579.6,31950
PIKK,2020-12-25,582.0,589.3,581.2,586.1,20720
PIKK,2020-12-28,587.7,594.8,585.4,592.8,77400
PIKK,2020-12-29,593.0,599.0,591.6,593.6,77210
PIKK,2020-12-30,599.0,600.0,593.1,595.9,61650
PIKK,2021-01-04,598.0,602.6,595.3,597.9,52980
PIKK,2021-01-05,595.5,601.4,594.7,598.8,66750
PIKK,2021-01-06,600.0,600.4,592.9,596.6,74770
PIKK,2021-01-08,595.0,601.0,593.0,596.0,80340
PIKK,2021-01-11,593.4,596.4,592.0,595.2,82190
PIKK,2021-01-12,595.7,598.2,592.2,594.2,108420
PIKK,2021-01-13,594.7,594.9,584.0,589.3,85020
PIKK,2021-01-14,586.7,594.8,582.0,591.2,150770
PIKK,2021-01-15,597.5,600.0,591.6,597.9,139650
PIKK,2021-01-18,600.0,612.9,597.0,611.2,647020
PIKK,2021-01-19,612.1,648.0,611.2,641.4,1074090
PIKK,2021-01-20,646.9,648.8,621.5,643.3,509810
PIKK,2021-01-21,646.8,652.6,637.8,645.7,361420
PIKK,2021-01-22,649.5,658.0,640.7,654.0,344710
PIKK,2021-01-25,652.3,683.4,652.3,680.3,393500
PIKK,2021-01-26,682.6,696.0,678.9,695.5,292570
PIKK,2021-01-27,698.0,698.7,673.6,685.3,367380
PIKK,2021-01-28,682.4,685.5,671.5,677.0,221250
PIKK,2021-01-29,677.0,708.7,672.2,706.9,371030
PIKK,2021-02-01,706.5,706.5,692.9,698.7,233530
PIKK,2021-02-02,695.3,740.1,695.3,733.0,294870
PIKK,2021-02-03,736.0,738.5,723.1,736.7,236210
PIKK,2021-02-04,736.0,747.0,729.0,747.0,209440
PIKK,2021-02-05,741.9,774.9,741.9,759.8,452720
PIKK,2021-02-08,763.7,789.1,756.2,780.1,574590
PIKK,2021-02-09,777.0,788.0,757.5,767.0,471380
PIKK,2021-02-10,767.9,768.6,737.0,748.0,385620
PIKK,2021-02-11,747.8,763.3,733.7,735.0,331460
PIKK,2021-02-12,734.0,760.0,721.4,755.9,346330
PIKK,2021-02-15,762.0,768.4,756.3,764.5,167940
PIKK,2021-02-16,769.1,771.0,758.7,766.0,188980
PIKK,2021-02-17,770.5,770.9,750.0,761.9,318440
PIKK,2021-02-18,754.5,769.5,752.9,763.8,226600
PIKK,2021-02-19,766.9,788.5,758.7,784.9,300930
PIKK,2021-02-20,777.4,788.5,775.0,781.9,60010
PIKK,2021-02-22,785.2,789.0,772.7,785.0,177680
PIKK,2021-02-24,789.2,789.2,767.7,775.0,285180
PIKK,2021-02-25,774.0,785.2,771.8,780.0,102030
PIKK,2021-02-26,780.9,781.3,765.4,770.8,126480
PIKK,2021-03-01,777.3,777.3,745.5,757.3,158451
PIKK,2021-03-02,759.8,783.0,751.0,778.1,220028
PIKK,2021-03-03,782.0,788.0,772.3,773.0,151272
PIKK,2021-03-04,773.4,787.2,760.0,769.1,130278
PIKK,2021-03-05,781.5,786.2,753.1,761.3,141062
PIKK,2021-03-09,755.8,765.0,735.7,760.1,233278
PIKK,2021-03-10,755.0,768.5,750.0,754.1,93807
PIKK,2021-03-11,754.0,757.0,735.1,746.3,147637
PIKK,2021-03-12,744.0,750.9,732.0,739.8,133830
PIKK,2021-03-15,739.9,745.0,715.4,729.6,249829
PIKK,2021-03-16,724.1,747.0,724.1,743.5,170269
PIKK,2021-03-17,747.0,752.0,738.2,744.1,137070
PIKK,2021-03-18,741.0,764.9,739.4,755.6,302986
PIKK,2021-03-19,752.0,760.7,744.0,754.5,156887
PIKK,2021-03-22,760.7,784.4,752.1,778.1,460584
PIKK,2021-03-23,777.5,789.0,775.0,778.4,301771
PIKK,2021-03-24,788.0,808.9,778.5,796.8,324805
PIKK,2021-03-25,800.0,803.8,783.1,791.6,190537
PIKK,2021-03-26,787.7,806.8,787.7,805.8,180739
PIKK,2021-03-29,805.8,849.0,798.0,840.5,432667
PIKK,2021-03-30,849.0,890.0,840.3,880.9,470191
PIKK,2021-03-31,880.8,937.0,871.4,937.0,766662
PIKK,2021-04-01,937.0,964.7,897.9,939.0,914959
PIKK,2021-04-02,932.0,938.8,913.0,919.3,271280
PIKK,2021-04-05,925.0,925.0,890.2,898.4,429994
PIKK,2021-04-06,900.0,926.8,891.1,915.6,310406
PIKK,2021-04-07,920.0,928.5,905.0,917.3,255170
PIKK,2021-04-08,906.1,930.0,906.1,920.6,109335
PIKK,2021-04-09,922.5,924.7,907.6,917.4,104808
PIKK,2021-04-12,927.1,953.6,914.8,948.3,335434
PIKK,2021-04-13,954.8,988.0,947.2,982.0,323640
PIKK,2021-04-14,976.8,994.5,948.2,970.1,362211
PIKK,2021-04-15,963.9,975.0,946.0,956.2,258814
PIKK,2021-04-16,969.8,969.8,948.2,958.7,307715
PIKK,2021-04-19,958.8,980.2,949.3,970.3,291789
PIKK,2021-04-20,977.0,977.0,942.0,954.0,285839
PIKK,2021-04-21,959.0,964.9,946.4,961.9,120569
PIKK,2021-04-22,968.2,973.6,955.8,962.5,101486
PIKK,2021-04-23,971.6,981.0,962.2,975.0,149851
PIKK,2021-04-26,987.9,994.0,972.0,986.7,170146
PIKK,2021-04-27,990.0,992.2,958.5,973.5,273265
PIKK,2021-04-28,972.0,978.0,950.2,968.0,147010
PIKK,2021-04-29,969.8,974.6,935.0,940.9,250030
PIKK,2021-04-30,938.9,939.8,908.5,926.5,282475
PIKK,2021-05-04,921.0,950.0,917.8,947.5,168802
PIKK,2021-05-05,951.5,977.9,938.8,973.1,389478
PIKK,2021-05-06,975.6,1008.4,967.2,999.9,486164
PIKK,2021-05-07,999.4,1004.5,980.8,989.3,191764
PIKK,2021-05-10,990.0,998.5,975.6,995.4,154448
PIKK,2021-05-11,995.0,1004.4,986.0,1002.2,293125
PIKK,2021-05-12,1005.5,1015.4,999.0,1014.4,306778
PIKK,2021-05-13,1014.0,1035.5,982.5,1028.9,596233
PIKK,2021-05-14,991.5,991.5,968.0,979.3,478201
PIKK,2021-05-17,979.3,982.9,950.1,959.3,169565
PIKK,2021-05-18,959.3,974.6,943.0,958.6,201697
PIKK,2021-05-19,956.5,967.9,935.1,945.9,151726
PIKK,2021-05-20,945.0,984.2,934.7,979.7,175512
PIKK,2021-05-21,972.2,1000.0,970.1,992.6,160054
PIKK,2021-05-24,989.0,999.6,987.0,990.7,81863
PIKK,2021-05-25,991.2,999.0,975.9,977.1,85549
PIKK,2021-05-26,970.1,996.0,970.1,996.0,80136
PIKK,2021-05-27,985.1,998.0,982.0,996.8,74635
PIKK,2021-05-28,989.7,1018.6,989.7,1012.4,136956
PIKK,2021-05-31,1006.9,1030.0,1002.2,1028.4,148190
PIKK,2021-06-01,1030.0,1075.0,1024.5,1062.0,325472
PIKK,2021-06-02,1062.2,1069.3,1041.2,1053.5,133916
PIKK,2021-06-03,1056.2,1066.7,1051.6,1064.9,147137
PIKK,2021-06-04,1057.3,1097.5,1040.9,1090.4,332606
PIKK,2021-06-07,1095.2,1133.0,1082.0,1123.0,321586
PIKK,2021-06-08,1130.0,1135.0,1102.2,1120.0,241063
PIKK,2021-06-09,1120.0,1130.0,1101.8,1107.8,290252
PIKK,2021-06-10,1108.0,1109.4,1075.4,1081.4,266930
PIKK,2021-06-11,1088.0,1109.3,1062.0,1101.0,208932
PIKK,2021-06-14,1093.7,1124.5,1093.7,1110.4,101113
PIKK,2021-06-15,1110.0,1121.9,1086.0,1098.4,159847
PIKK,2021-06-16,1092.8,1100.6,1072.4,1083.4,156046
PIKK,2021-06-17,1075.3,1097.0,1075.3,1081.1,153145
PIKK,2021-06-18,1075.0,1100.4,1067.4,1092.9,130374
PIKK,2021-06-21,1090.3,1125.0,1090.0,1119.0,209977
PIKK,2021-06-22,1121.8,1126.8,1108.0,1117.5,79610
PIKK,2021-06-23,1120.0,1126.9,1110.0,1112.2,71462
PIKK,2021-06-24,1109.8,1116.3,1093.5,1093.5,107950
PIKK,2021-06-25,1100.0,1123.4,1093.0,1117.9,143935
PIKK,2021-06-28,1110.0,1123.5,1102.8,1103.9,119897
PIKK,2021-06-29,1100.0,1109.9,1081.8,1093.6,108996
PIKK,2021-06-30,1104.0,1104.0,1062.0,1080.1,217607
PIKK,2021-07-01,1079.5,1087.5,1067.0,1082.3,83635
PIKK,2021-07-02,1077.8,1093.6,1070.2,1090.4,73822
PIKK,2021-07-05,1095.4,1095.7,1083.4,1086.7,46767
PIKK,2021-07-06,1093.0,1093.0,1055.3,1059.9,166471
PIKK,2021-07-07,1062.1,1085.7,1053.5,1069.7,118357
PIKK,2021-07-08,1075.9,1075.9,1055.0,1058.0,87140
PIKK,2021-07-09,1061.0,1061.4,1033.0,1042.7,181266
PIKK,2021-07-12,1038.8,1043.0,1020.2,1029.1,124528
PIKK,2021-07-13,1030.0,1045.0,1020.0,1040.6,116963
PIKK,2021-07-14,1034.2,1051.0,1026.0,1028.0,69258
PIKK,2021-07-15,1027.5,1046.5,1026.0,1039.7,66423
PIKK,2021-07-16,1034.3,1043.3,1024.0,1033.1,55029
PIKK,2021-07-19,1039.9,1040.9,1026.1,1031.6,83942
PIKK,2021-07-20,1029.7,1039.1,1021.5,1033.5,61966
PIKK,2021-07-21,1035.0,1035.0,1023.2,1026.4,54598
PIKK,2021-07-22,1027.0,1036.1,1020.3,1031.2,91534
PIKK,2021-07-23,1030.0,1032.8,1019.6,1024.0,74140
PIKK,2021-07-26,1024.2,1061.0,1019.0,1059.8,133956
PIKK,2021-07-27,1051.0,1104.7,1029.0,1097.0,364017
PIKK,2021-07-28,1100.0,1159.3,1091.5,1147.0,478909
PIKK,2021-07-29,1160.0,1160.0,1124.3,1138.3,257528
PIKK,2021-07-30,1125.0,1170.0,1125.0,1150.3,201951
PIKK,2021-08-02,1153.0,1202.0,1153.0,1176.7,544329
PIKK,2021-08-03,1175.0,1198.8,1167.3,1184.4,339838
PIKK,2021-08-04,1198.0,1209.8,1175.1,1194.9,255466
PIKK,2021-08-05,1200.0,1208.8,1177.3,1187.3,203980
PIKK,2021-08-06,1193.0,1193.0,1175.5,1176.8,99152
PIKK,2021-08-09,1181.4,1200.0,1172.6,1190.9,148462
PIKK,2021-08-10,1198.2,1198.2,1177.4,1193.0,70671
PIKK,2021-08-11,1188.1,1200.8,1184.0,1188.1,96105
PIKK,2021-08-12,1199.9,1199.9,1186.1,1188.1,97565
PIKK,2021-08-13,1192.0,1196.0,1179.0,1186.7,63591
PIKK,2021-08-16,1180.0,1190.0,1175.0,1179.3,108543
PIKK,2021-08-17,1190.0,1190.0,1179.0,1186.3,110895
PIKK,2021-08-18,1186.3,1220.0,1177.5,1198.1,326645
PIKK,2021-08-19,1199.0,1219.5,1182.4,1185.0,377818
PIKK,2021-08-20,1191.8,1214.8,1185.2,1208.0,199624
PIKK,2021-08-23,1220.0,1231.3,1179.7,1207.6,580030
PIKK,2021-08-24,1215.7,1223.0,1205.5,1221.4,337055
PIKK,2021-08-25,1223.0,1280.0,1218.6,1273.0,569956
PIKK,2021-08-26,1266.7,1300.0,1251.7,1265.0,359580
PIKK,2021-08-27,1269.0,1350.0,1254.0,1331.0,526522
PIKK,2021-08-30,1335.0,1433.8,1315.5,1365.8,1663184
PIKK,2021-08-31,1368.5,1368.9,1331.2,1344.7,348491
PIKK,2021-09-01,1354.0,1372.0,1339.4,1370.4,284767
PIKK,2021-09-02,1375.0,1392.0,1360.6,1383.0,381229
PIKK,2021-09-03,1390.0,1400.0,1380.2,1388.5,333563
PIKK,2021-09-06,1393.0,1419.8,1389.5,1414.4,459061
PIKK,2021-09-07,1419.0,1460.0,1415.0,1455.0,690985
PIKK,2021-09-08,1444.0,1457.9,1427.1,1442.9,456306
PIKK,2021-09-09,1448.6,1452.0,1430.6,1436.3,302937
PIKK,2021-09-10,1440.0,1452.0,1434.1,1446.1,350965
PIKK,2021-09-13,1445.7,1464.3,1441.7,1448.5,595157
PIKK,2021-09-14,1449.2,1459.0,1441.7,1454.4,664546
PIKK,2021-09-15,1450.0,1465.0,1445.3,1459.0,404616
PIKK,2021-09-16,1464.9,1471.2,1442.5,1460.4,628861
PIKK,2021-09-17,1465.3,1500.0,1453.7,1484.8,1050203
PIKK,2021-09-20,1485.0,1491.0,1430.0,1445.2,697103
PIKK,2021-09-21,1465.0,1509.6,1450.0,1496.8,713803
PIKK,2021-09-22,1499.0,1503.9,1490.1,1500.0,481816
PIKK,2021-09-23,1500.0,1505.0,1470.6,1482.8,541327
PIKK,2021-09-24,1488.9,1488.9,1430.0,1444.0,747515
PIKK,2021-09-27,1420.1,1454.9,1399.0,1424.4,932832
PIKK,2021-09-28,1420.0,1420.4,1398.5,1415.0,1000276
PIKK,2021-09-29,1400.0,1418.5,1369.9,1407.0,2372873
PIKK,2021-09-30,1415.2,1448.4,1395.2,1430.0,2220037
PIKK,2021-10-01,1340.0,1349.0,1249.5,1278.0,5122776
PIKK,2021-10-04,1278.0,1278.0,1208.0,1229.8,2582908
PIKK,2021-10-05,1228.9,1237.9,1101.1,1203.0,6868720
PIKK,2021-10-06,1202.4,1288.9,1175.9,1280.0,4656327
PIKK,2021-10-07,1281.8,1310.0,1275.0,1304.9,2089056
PIKK,2021-10-08,1305.0,1315.0,1259.3,1312.5,3155795
PIKK,2021-10-11,1312.5,1336.4,1285.0,1331.0,1749721
PIKK,2021-10-12,1331.0,1336.6,1310.2,1313.0,674592
PIKK,2021-10-13,1319.9,1327.1,1285.0,1292.1,703798
PIKK,2021-10-14,1295.0,1306.1,1211.2,1269.4,2480640
PIKK,2021-10-15,1252.1,1278.9,1217.0,1275.0,1498328
PIKK,2021-10-18,1280.0,1334.0,1252.0,1266.0,3845531
PIKK,2021-10-19,1265.0,1280.0,1220.5,1235.0,1491335
PIKK,2021-10-20,1236.1,1236.1,1177.0,1195.0,1627541
PIKK,2021-10-21,1191.0,1204.0,1160.0,1161.2,1049910
PIKK,2021-10-22,1162.5,1209.7,1160.0,1197.0,1057579
PIKK,2021-10-25,1197.0,1209.5,1146.4,1162.9,996511
PIKK,2021-10-26,1162.0,1162.0,1121.0,1148.0,639324
PIKK,2021-10-27,1148.0,1165.0,1137.1,1152.1,418133
PIKK,2021-10-28,1150.0,1160.0,1143.0,1156.0,275045
PIKK,2021-10-29,1156.0,1196.0,1154.0,1177.0,485455
PIKK,2021-11-01,1177.0,1189.7,1140.2,1147.8,969837
PIKK,2021-11-02,1147.0,1150.1,1126.0,1127.5,600639
PIKK,2021-11-03,1130.0,1151.0,1100.0,1133.1,1263145
PIKK,2021-11-05,1133.1,1148.7,1110.2,1114.6,306189
PIKK,2021-11-08,1114.6,1137.1,1100.1,1104.0,575779
PIKK,2021-11-09,1101.1,1178.8,1100.0,1163.6,995969
PIKK,2021-11-10,1165.0,1193.5,1115.5,1124.1,838919
PIKK,2021-11-11,1125.2,1128.2,1105.0,1118.0,443421
PIKK,2021-11-12,1118.0,1128.0,1026.0,1102.2,932481
PIKK,2021-11-15,1101.1,1139.6,1100.2,1116.6,494901
PIKK,2021-11-16,1121.0,1121.0,1100.0,1102.1,274553
PIKK,2021-11-17,1100.0,1117.0,1095.0,1100.2,416756
PIKK,2021-11-18,1100.0,1117.0,1100.0,1101.2,319461
PIKK,2021-11-19,1100.7,1112.7,1051.0,1100.9,955333
PIKK,2021-11-22,1100.0,1115.6,1072.2,1107.7,748489
PIKK,2021-11-23,1108.9,1108.9,1065.0,1080.9,1733880
PIKK,2021-11-24,1080.0,1105.0,1065.0,1102.1,494495
PIKK,2021-11-25,1102.1,1135.0,1102.1,1115.5,360971
PIKK,2021-11-26,1110.0,1115.0,1075.0,1082.2,444247
PIKK,2021-11-29,1099.0,1105.3,1080.0,1086.9,418642
PIKK,2021-11-30,1085.0,1089.4,1075.0,1081.9,320703
PIKK,2021-12-01,1081.4,1099.0,1075.8,1083.9,189151
PIKK,2021-12-02,1083.9,1089.6,1075.0,1080.8,259242
PIKK,2021-12-03,1081.5,1117.4,1077.0,1117.0,664004
PIKK,2021-12-06,1117.0,1125.0,1089.5,1106.8,276678
PIKK,2021-12-07,1100.2,1118.6,1090.0,1106.1,522716
PIKK,2021-12-08,1109.0,1150.0,1100.9,1141.5,536148
PIKK,2021-12-09,1141.4,1190.0,1138.5,1186.4,771158
PIKK,2021-12-10,1180.4,1197.4,1155.4,1176.3,459473
PIKK,2021-12-13,1180.0,1185.0,1100.1,1158.7,760590
PIKK,2021-12-14,1151.2,1151.2,1087.0,1112.0,1146629
PIKK,2021-12-15,1118.8,1205.0,1070.0,1086.0,549772
PIKK,2021-12-16,1092.3,1103.3,1070.2,1081.0,724450
PIKK,2021-12-17,1085.1,1085.1,1060.0,1067.3,394700
PIKK,2021-12-20,1070.0,1070.0,1030.0,1030.2,529274
PIKK,2021-12-21,1040.0,1041.8,1010.0,1012.9,460009
PIKK,2021-12-22,1013.0,1040.0,1010.0,1019.2,371058
PIKK,2021-12-23,1023.0,1029.5,1011.0,1013.4,299674
PIKK,2021-12-24,1013.4,1026.0,1001.0,1002.6,268033
PIKK,2021-12-27,1002.6,1030.0,1000.0,1029.4,674934
PIKK,2021-12-28,1029.5,1045.9,1020.0,1043.0,550077
PIKK,2021-12-29,1046.1,1086.0,1040.0,1085.0,446268
PIKK,2021-12-30,1085.0,1120.0,1077.5,1102.4,653355
PIKK,2022-01-03,1102.4,1159.6,1102.4,1155.7,454596
PIKK,2022-01-04,1158.6,1198.0,1151.3,1171.0,531057
PIKK,2022-01-05,1179.0,1187.5,1132.2,1150.0,495849
PIKK,2022-01-06,1145.0,1169.9,1135.0,1142.3,308028
PIKK,2022-01-10,1149.0,1238.8,1130.0,1210.1,1146520
PIKK,2022-01-11,1216.0,1260.0,1210.1,1254.0,903856
PIKK,2022-01-12,1254.0,1269.2,1225.1,1263.0,570708
PIKK,2022-01-13,1265.0,1268.0,1193.0,1229.9,662252
PIKK,2022-01-14,1235.9,1245.0,1170.1,1223.8,975603
PIKK,2022-01-17,1233.0,1249.9,1186.0,1217.0,657567
PIKK,2022-01-18,1224.0,1226.3,1151.0,1174.7,579597
PIKK,2022-01-19,1190.0,1197.8,1111.0,1128.4,878471
PIKK,2022-01-20,1128.0,1144.0,1092.1,1119.3,674721
PIKK,2022-01-21,1111.0,1118.7,1046.6,1071.5,677395
PIKK,2022-01-24,1071.0,1071.0,1004.4,1039.6,1105655
PIKK,2022-01-25,1030.1,1047.9,880.1,961.1,2671960
PIKK,2022-01-26,963.0,969.9,882.1,890.0,2331195
PIKK,2022-01-27,888.0,945.0,830.0,906.8,2428460
PIKK,2022-01-28,916.0,940.0,895.0,910.8,763538
PIKK,2022-01-31,919.0,988.0,904.0,971.5,1716384
PIKK,2022-02-01,969.1,1030.0,964.0,979.0,964688
PIKK,2022-02-02,985.0,1000.0,970.0,978.8,390487
PIKK,2022-02-03,975.0,990.0,930.0,937.1,588397
PIKK,2022-02-04,944.0,967.4,916.1,945.0,422411
PIKK,2022-02-07,949.0,972.6,901.2,919.2,594459
PIKK,2022-02-08,919.8,923.0,891.0,907.5,675295
PIKK,2022-02-09,906.0,946.4,905.0,940.5,612241
PIKK,2022-02-10,941.5,962.0,907.2,936.7,1005181
PIKK,2022-02-11,937.0,950.0,915.0,930.0,697029
PIKK,2022-02-14,930.0,939.0,880.0,903.0,1148890
PIKK,2022-02-15,904.0,954.9,892.6,942.5,758382
PIKK,2022-02-16,948.9,968.8,940.0,948.0,629428
PIKK,2022-02-17,948.0,954.6,889.0,907.5,684250
PIKK,2022-02-18,913.0,929.6,853.3,880.5,968729
PIKK,2022-02-21,870.0,909.9,618.0,704.9,3353453
PIKK,2022-02-22,695.1,721.0,545.0,700.0,2631298
PIKK,2022-02-24,636.0,649.9,380.1,540.0,1993015
PIKK,2022-02-25,550.0,626.8,470.2,495.0,1839105
PIKK,2022-03-24,470.5,579.4,450.0,505.0,378102
PIKK,2022-03-25,550.0,550.0,480.0,498.6,211400
PIKK,2022-03-28,498.6,507.0,451.5,507.0,195053
PIKK,2022-03-29,506.7,509.0,457.0,505.0,380757
PIKK,2022-03-30,507.0,533.0,501.1,532.0,241120
PIKK,2022-03-31,540.0,633.0,538.8,596.0,806815
PIKK,2022-04-01,621.0,687.2,603.0,672.1,887105
PIKK,2022-04-04,683.0,700.0,621.0,648.1,342494
PIKK,2022-04-05,648.0,648.0,565.6,589.0,404181
PIKK,2022-04-06,589.0,594.6,562.0,567.1,164456
PIKK,2022-04-07,561.0,626.0,561.0,614.3,410329
PIKK,2022-04-08,620.0,647.0,588.4,600.0,348993
PIKK,2022-04-11,599.0,647.4,579.9,605.0,357060
PIKK,2022-04-12,614.0,628.0,580.2,596.7,163148
PIKK,2022-04-13,600.0,625.6,590.3,601.7,216706
PIKK,2022-04-14,605.0,609.0,581.0,590.0,97128
PIKK,2022-04-15,590.8,593.3,565.0,565.5,397979
PIKK,2022-04-18,568.2,570.0,537.2,546.5,223256
PIKK,2022-04-19,535.0,546.6,515.0,535.0,194097
PIKK,2022-04-20,535.1,550.0,526.0,540.0,136632
PIKK,2022-04-21,540.1,560.0,540.0,554.8,226001
PIKK,2022-04-22,564.0,564.0,542.0,550.0,282145
PIKK,2022-04-25,547.0,560.0,530.0,550.1,251689
PIKK,2022-04-26,557.9,569.0,546.0,560.0,311099
PIKK,2022-04-27,551.0,565.0,551.0,562.0,196231
PIKK,2022-04-28,566.0,577.0,548.7,549.6,201307
PIKK,2022-04-29,554.0,572.5,542.2,560.1,1117821
PIKK,2022-05-04,562.0,570.6,536.0,538.0,563359
PIKK,2022-05-05,545.0,549.4,530.8,536.5,388467
PIKK,2022-05-06,533.7,538.1,523.0,531.0,194590
PIKK,2022-05-11,531.2,547.0,524.6,528.0,393615
PIKK,2022-05-12,528.0,532.0,510.6,530.8,638629
PIKK,2022-05-13,530.8,538.3,521.1,534.3,846302
PIKK,2022-05-16,534.3,548.4,530.6,538.4,1250293
PIKK,2022-05-17,540.0,565.0,540.0,558.1,1896015
PIKK,2022-05-18,564.0,599.0,557.1,598.9,2228457
PIKK,2022-05-19,582.5,595.0,567.1,572.2,1585180
PIKK,2022-05-20,572.2,580.3,545.2,545.2,1249778
PIKK,2022-05-23,554.9,562.1,535.0,540.0,1092437
PIKK,2022-05-24,541.3,546.0,527.0,533.1,1263714
PIKK,2022-05-25,534.0,542.0,531.2,540.4,738687
PIKK,2022-05-26,541.0,586.4,541.0,563.0,512169
PIKK,2022-05-27,565.2,572.5,559.4,561.1,103794
PIKK,2022-05-30,569.0,575.0,545.4,553.3,115133
PIKK,2022-05-31,551.0,551.0,535.0,542.9,81142
PIKK,2022-06-01,541.6,562.5,534.9,558.0,157795
PIKK,2022-06-02,559.0,560.5,541.7,543.2,89230
PIKK,2022-06-03,543.2,544.8,523.0,541.7,125879
PIKK,2022-06-06,542.1,545.0,529.1,541.0,72536
PIKK,2022-06-07,541.0,545.8,527.0,539.9,130547
PIKK,2022-06-08,527.2,544.3,520.0,537.8,191656
PIKK,2022-06-09,540.4,565.0,534.4,564.0,221727
PIKK,2022-06-10,565.0,594.7,550.4,555.0,937468
PIKK,2022-06-14,555.0,555.3,540.0,541.0,114428
PIKK,2022-06-15,545.0,549.4,540.4,545.4,98531
PIKK,2022-06-16,548.8,563.1,545.8,559.2,223741
PIKK,2022-06-17,561.8,588.6,555.0,578.3,392547
PIKK,2022-06-20,587.0,598.5,581.1,581.1,400703
PIKK,2022-06-21,585.0,640.9,580.0,636.3,1175994
PIKK,2022-06-22,635.5,635.5,612.1,630.0,674905
PIKK,2022-06-23,630.9,694.0,630.1,691.5,1481619
PIKK,2022-06-24,685.1,728.8,672.0,709.0,1861586
PIKK,2022-06-27,714.0,783.1,703.2,783.0,2197260
PIKK,2022-06-28,784.9,845.6,752.0,794.5,5603381
PIKK,2022-06-29,792.0,792.0,733.0,737.1,2170531
PIKK,2022-06-30,735.7,774.8,706.0,730.1,1451021
PIKK,2022-07-01,729.0,780.0,713.0,780.0,1079988
PIKK,2022-07-04,780.1,790.0,735.1,742.0,815646
PIKK,2022-07-05,743.7,755.0,720.0,745.3,554518
PIKK,2022-07-06,735.0,755.0,735.0,751.5,260425
PIKK,2022-07-07,754.4,770.0,746.8,756.9,309721
PIKK,2022-07-08,759.9,759.9,742.0,757.0,168681
PIKK,2022-07-11,747.0,755.0,723.7,731.0,382868
PIKK,2022-07-12,728.0,729.8,711.0,720.0,291583
PIKK,2022-07-13,729.3,746.0,717.1,723.0,571596
PIKK,2022-07-14,724.0,731.4,715.2,729.0,181008
PIKK,2022-07-15,730.0,743.0,727.2,739.3,231884
PIKK,2022-07-18,742.5,772.0,741.4,770.0,648433
PIKK,2022-07-19,775.0,778.3,750.0,754.0,268766
PIKK,2022-07-20,760.2,769.9,753.7,766.6,183696
PIKK,2022-07-21,765.0,786.0,739.9,782.0,636775
PIKK,2022-07-22,789.8,797.5,770.0,776.0,880415
PIKK,2022-07-25,780.0,790.0,765.1,770.0,341989
PIKK,2022-07-26,779.8,779.8,756.5,760.0,260006
PIKK,2022-07-27,760.0,768.9,752.0,752.5,181385
PIKK,2022-07-28,751.3,758.0,745.1,754.5,123064
PIKK,2022-07-29,755.0,771.1,752.9,771.0,233888
PIKK,2022-08-01,770.0,774.0,750.4,755.5,147134
PIKK,2022-08-02,755.8,755.8,723.0,727.0,205787
PIKK,2022-08-03,725.0,730.0,716.0,719.0,168628
PIKK,2022-08-04,717.0,738.3,701.7,737.0,178022
PIKK,2022-08-05,739.0,745.0,718.0,732.1,168692
PIKK,2022-08-08,737.0,757.0,732.7,741.7,272542
PIKK,2022-08-09,748.0,760.0,738.1,756.0,165389
PIKK,2022-08-10,756.0,764.9,748.3,751.4,156476
PIKK,2022-08-11,753.0,759.8,737.4,737.9,103481
PIKK,2022-08-12,736.0,736.0,720.5,728.8,291247
PIKK,2022-08-15,730.1,738.6,722.0,730.9,222831
PIKK,2022-08-16,730.9,730.9,713.7,725.4,463439
PIKK,2022-08-17,725.4,729.5,717.0,717.0,163005
PIKK,2022-08-18,717.0,726.5,710.2,718.0,163168
PIKK,2022-08-19,718.9,723.7,715.2,721.0,84856
PIKK,2022-08-22,725.0,727.0,718.4,726.2,105249
PIKK,2022-08-23,727.0,731.0,719.5,722.1,163639
PIKK,2022-08-24,721.0,725.2,715.2,718.7,125739
PIKK,2022-08-25,716.8,723.0,685.0,705.9,352433
PIKK,2022-08-26,718.2,726.8,707.1,726.8,308539
PIKK,2022-08-29,728.5,772.0,717.1,772.0,1242763
PIKK,2022-08-30,772.0,779.5,745.0,748.5,637803
PIKK,2022-08-31,738.0,769.6,738.0,765.8,383259
PIKK,2022-09-01,767.0,786.0,755.8,771.0,862525
PIKK,2022-09-02,771.5,778.0,758.5,768.0,226282
PIKK,2022-09-05,773.3,776.0,761.4,767.0,113867
PIKK,2022-09-06,767.0,777.0,733.3,750.2,465580
PIKK,2022-09-07,745.9,760.8,745.9,749.1,141600
PIKK,2022-09-08,750.0,757.0,734.6,744.3,151049
PIKK,2022-09-09,744.4,769.3,740.8,767.8,197281
PIKK,2022-09-12,766.0,794.0,763.7,793.1,953618
PIKK,2022-09-13,794.0,818.0,791.5,803.4,1275860
PIKK,2022-09-14,805.2,805.2,775.7,786.9,663965
PIKK,2022-09-15,792.2,814.9,781.0,814.3,665970
PIKK,2022-09-16,819.5,819.6,779.0,783.7,1275936
PIKK,2022-09-19,786.3,789.9,746.0,748.7,769959
PIKK,2022-09-20,748.7,753.2,641.0,677.4,1729232
PIKK,2022-09-21,600.0,675.0,555.1,650.9,1342970
PIKK,2022-09-22,648.9,679.6,645.4,656.8,501928
PIKK,2022-09-23,653.5,662.2,585.1,594.8,815520
PIKK,2022-09-26,585.0,589.9,487.5,518.0,1565358
PIKK,2022-09-27,520.0,548.7,515.1,538.9,621090
PIKK,2022-09-28,539.9,550.0,516.2,546.9,523274
PIKK,2022-09-29,548.0,549.0,502.0,523.5,995965
PIKK,2022-09-30,522.9,574.5,500.0,558.7,1017446
PIKK,2022-10-03,563.4,584.8,557.0,575.9,856527
PIKK,2022-10-04,579.0,584.0,554.6,563.5,471616
PIKK,2022-10-05,560.0,560.0,520.2,540.0,863687
PIKK,2022-10-06,541.5,543.7,522.1,533.9,460032
PIKK,2022-10-07,533.8,540.6,516.1,526.0,622938
PIKK,2022-10-10,508.0,543.0,500.0,539.7,803669
PIKK,2022-10-11,541.0,572.0,534.4,571.6,820071
PIKK,2022-10-12,569.0,607.0,560.1,603.6,1156221
PIKK,2022-10-13,603.6,624.0,585.0,615.9,1185009
PIKK,2022-10-14,619.8,639.4,602.6,612.5,1073059
PIKK,2022-10-17,610.0,639.4,610.0,627.0,629063
PIKK,2022-10-18,635.4,641.9,616.0,616.6,581740
PIKK,2022-10-19,614.0,623.4,595.0,608.9,408200
PIKK,2022-10-20,609.0,623.0,608.0,612.2,423502
PIKK,2022-10-21,612.5,614.7,599.2,611.6,235857
PIKK,2022-10-24,618.0,624.0,613.6,613.9,258915
PIKK,2022-10-25,614.0,619.5,611.0,618.1,198438
PIKK,2022-10-26,620.0,621.0,611.0,619.5,227110
PIKK,2022-10-27,621.9,638.1,613.0,621.0,651158
PIKK,2022-10-28,621.5,624.9,613.0,618.1,219552
PIKK,2022-10-31,618.1,621.6,609.0,614.0,206278
PIKK,2022-11-01,611.3,618.4,606.0,607.8,195327
PIKK,2022-11-02,608.0,615.5,602.4,609.5,246422
PIKK,2022-11-03,609.5,611.2,602.0,607.8,110275
PIKK,2022-11-07,614.1,618.5,609.5,613.6,271815
PIKK,2022-11-08,615.0,615.0,598.7,604.5,271573
PIKK,2022-11-09,604.5,606.3,580.0,583.1,302029
PIKK,2022-11-10,581.8,599.7,581.2,596.0,198893
PIKK,2022-11-11,599.5,601.9,591.3,594.5,159602
PIKK,2022-11-14,595.1,630.0,592.1,626.3,701919
PIKK,2022-11-15,629.0,664.4,615.0,635.2,1975248
PIKK,2022-11-16,647.9,655.0,628.2,639.0,1280556
PIKK,2022-11-17,637.0,641.6,611.3,626.7,654558
PIKK,2022-11-18,629.9,630.5,618.5,624.6,236375
PIKK,2022-11-21,626.5,627.6,613.1,618.5,169364
PIKK,2022-11-22,615.6,632.9,614.1,629.1,182637
PIKK,2022-11-23,630.0,631.0,621.6,625.6,84535
PIKK,2022-11-24,622.5,627.4,621.4,622.1,72034
PIKK,2022-11-25,622.0,623.8,616.3,621.1,81139
PIKK,2022-11-28,613.5,625.6,608.5,616.5,67652
PIKK,2022-11-29,618.1,621.3,607.2,612.0,136833
PIKK,2022-11-30,610.0,614.9,603.0,613.5,145817
PIKK,2022-12-01,614.0,614.2,602.2,604.6,204189
PIKK,2022-12-02,603.0,604.9,595.8,601.0,191123
PIKK,2022-12-05,601.0,602.9,592.5,594.9,235286
PIKK,2022-12-06,592.0,596.0,584.0,586.6,199954
PIKK,2022-12-07,586.0,599.5,581.8,597.3,231867
PIKK,2022-12-08,599.0,600.0,582.6,584.5,360468
PIKK,2022-12-09,584.5,598.0,584.0,596.2,300664
PIKK,2022-12-12,595.0,601.9,587.1,593.4,147588
PIKK,2022-12-13,593.4,596.6,589.0,591.8,111077
PIKK,2022-12-14,592.0,592.8,586.1,588.6,98781
PIKK,2022-12-15,586.5,613.9,584.2,607.9,611520
PIKK,2022-12-16,608.0,622.3,602.0,605.9,410272
PIKK,2022-12-19,607.3,609.9,580.1,581.1,299696
PIKK,2022-12-20,580.2,602.6,580.2,597.4,289536
PIKK,2022-12-21,603.4,605.6,591.2,598.3,143921
PIKK,2022-12-22,598.2,610.9,595.3,601.4,155418
PIKK,2022-12-23,604.5,610.0,592.0,597.8,106009
PIKK,2022-12-26,602.9,603.7,599.9,602.8,84502
PIKK,2022-12-27,602.8,603.9,596.8,597.4,118193
PIKK,2022-12-28,598.0,602.5,595.0,602.1,147136
PIKK,2022-12-29,602.5,608.0,598.0,603.2,130469
PIKK,2022-12-30,605.2,605.2,599.1,602.5,65395
PIKK,2023-01-03,603.2,605.0,601.0,604.2,49371
PIKK,2023-01-04,601.5,607.3,601.5,607.0,48471
PIKK,2023-01-05,607.3,609.7,600.3,604.9,75850
PIKK,2023-01-06,602.8,607.6,599.7,602.4,41654
PIKK,2023-01-09,602.0,608.8,590.0,600.1,324626
PIKK,2023-01-10,601.0,601.0,593.0,599.7,103546
PIKK,2023-01-11,599.7,604.7,599.0,604.7,97553
PIKK,2023-01-12,605.0,608.2,600.1,602.9,90375
PIKK,2023-01-13,602.9,603.8,598.8,600.6,84666
PIKK,2023-01-16,600.5,622.0,600.5,616.3,529034
PIKK,2023-01-17,618.0,618.0,605.0,607.2,305897
PIKK,2023-01-18,607.0,618.2,602.8,612.3,178384
PIKK,2023-01-19,612.3,612.3,603.1,606.8,120212
PIKK,2023-01-20,607.9,609.5,601.0,604.2,75806
PIKK,2023-01-23,604.3,608.4,603.2,605.9,54071
PIKK,2023-01-24,606.0,611.2,604.1,609.3,160217
PIKK,2023-01-25,610.0,617.9,605.4,615.2,176161
PIKK,2023-01-26,617.0,619.6,609.4,612.6,81357
PIKK,2023-01-27,616.4,616.4,608.8,610.7,48704
PIKK,2023-01-30,612.6,612.6,606.5,609.7,64853
PIKK,2023-01-31,610.1,620.0,607.0,619.1,341334
PIKK,2023-02-01,621.5,631.6,613.9,622.3,353476
PIKK,2023-02-02,623.0,625.4,616.1,619.6,98852
PIKK,2023-02-03,623.0,623.0,610.0,617.0,89327
PIKK,2023-02-06,619.6,626.0,615.5,625.9,121262
PIKK,2023-02-07,625.8,625.9,620.0,623.0,97803
PIKK,2023-02-08,624.4,630.4,621.0,626.0,159863
PIKK,2023-02-09,630.0,630.0,621.2,622.9,70371
PIKK,2023-02-10,622.9,634.9,620.5,630.4,323920
PIKK,2023-02-13,631.5,637.0,631.1,632.9,134929
PIKK,2023-02-14,633.9,633.9,612.5,622.3,235565
PIKK,2023-02-15,622.0,623.0,593.9,601.9,242351
PIKK,2023-02-16,603.0,609.7,596.3,602.2,136404
PIKK,2023-02-17,600.0,608.8,595.6,602.5,176671
PIKK,2023-02-20,602.5,604.7,591.0,597.3,98852
PIKK,2023-02-21,596.1,627.8,595.2,619.4,436254
PIKK,2023-02-22,621.9,628.5,614.8,615.3,244644
PIKK,2023-02-24,621.8,622.6,613.1,617.6,121747
PIKK,2023-02-27,615.5,625.3,614.0,616.8,153493
PIKK,2023-02-28,618.4,626.0,614.5,622.0,155778
PIKK,2023-03-01,622.3,630.0,619.5,628.6,201604
PIKK,2023-03-02,629.5,629.5,609.3,614.7,197964
PIKK,2023-03-03,614.8,623.2,614.8,622.4,87588
PIKK,2023-03-06,622.0,626.0,617.4,622.1,84251
PIKK,2023-03-07,623.3,625.9,619.2,624.0,61975
PIKK,2023-03-09,623.0,632.4,620.6,628.0,158345
PIKK,2023-03-10,626.0,626.4,614.6,621.0,150638
PIKK,2023-03-13,623.1,626.0,616.4,618.3,113507
PIKK,2023-03-14,618.3,622.3,617.0,619.7,61032
PIKK,2023-03-15,621.9,621.9,612.4,614.6,136474
PIKK,2023-03-16,612.4,618.9,605.9,616.5,183326
PIKK,2023-03-17,617.9,629.0,617.1,626.2,221994
PIKK,2023-03-20,622.0,635.0,620.6,630.5,205443
PIKK,2023-03-21,632.5,647.8,624.1,641.8,470101
PIKK,2023-03-22,645.0,647.5,633.2,640.2,159788
PIKK,2023-03-23,640.2,650.0,638.0,647.0,175745
PIKK,2023-03-24,648.8,648.8,640.0,642.3,127811
PIKK,2023-03-27,644.8,658.5,640.1,656.9,286034
PIKK,2023-03-28,659.0,659.0,640.2,649.1,224229
PIKK,2023-03-29,648.7,662.0,646.1,659.5,382276
PIKK,2023-03-30,661.6,669.5,655.3,664.1,241852
PIKK,2023-03-31,664.2,664.5,645.2,654.7,253025
PIKK,2023-04-03,654.8,666.5,654.8,662.5,148628
PIKK,2023-04-04,666.2,666.2,650.0,653.0,190096
PIKK,2023-04-05,658.9,658.9,641.8,653.5,158615
PIKK,2023-04-06,653.6,661.9,652.6,656.4,132281
PIKK,2023-04-07,656.6,659.6,650.5,659.1,106256
PIKK,2023-04-10,662.0,666.1,658.2,665.1,152897
PIKK,2023-04-11,666.0,678.0,658.0,664.0,572406
PIKK,2023-04-12,662.0,667.1,658.0,662.6,108273
PIKK,2023-04-13,660.2,664.2,647.0,654.8,192382
PIKK,2023-04-14,656.1,658.2,647.1,654.6,119070
PIKK,2023-04-17,659.0,660.0,649.9,657.9,145135
PIKK,2023-04-18,657.9,660.4,652.5,660.4,138297
PIKK,2023-04-19,660.9,672.9,654.6,658.7,253722
PIKK,2023-04-20,655.4,662.8,652.3,659.3,169895
PIKK,2023-04-21,660.0,664.3,656.5,659.3,96492
PIKK,2023-04-24,659.3,679.0,655.9,677.9,349736
PIKK,2023-04-25,684.9,719.0,678.0,713.4,1988443
PIKK,2023-04-26,715.0,715.7,699.3,702.7,561782
PIKK,2023-04-27,705.0,706.6,680.5,693.4,511999
PIKK,2023-04-28,695.5,703.0,675.0,688.9,390966
PIKK,2023-05-02,685.9,692.7,651.7,667.8,403198
PIKK,2023-05-03,667.5,682.8,650.0,657.5,374441
PIKK,2023-05-04,657.5,669.5,653.4,664.2,166684
PIKK,2023-05-05,664.0,669.0,645.0,645.4,256587
PIKK,2023-05-08,645.6,648.7,635.2,641.5,106745
PIKK,2023-05-10,640.5,663.0,640.2,659.4,153180
PIKK,2023-05-11,661.0,684.0,660.0,671.9,774461
PIKK,2023-05-12,673.1,678.4,664.7,666.7,159713
PIKK,2023-05-15,668.0,686.3,667.1,682.0,289373
PIKK,2023-05-16,685.0,689.2,671.2,676.9,260517
PIKK,2023-05-17,678.2,681.9,665.8,680.9,154679
PIKK,2023-05-18,681.0,696.0,676.4,695.9,233039
PIKK,2023-05-19,699.0,699.0,682.1,689.0,254905
PIKK,2023-05-22,693.3,693.3,684.5,691.0,111858
PIKK,2023-05-23,688.8,692.0,674.8,679.6,289749
PIKK,2023-05-24,680.2,684.9,677.2,681.1,133280
PIKK,2023-05-25,679.8,682.0,674.1,678.2,99282
PIKK,2023-05-26,679.6,691.7,677.2,689.8,207106
PIKK,2023-05-29,694.0,711.8,694.0,709.6,556051
PIKK,2023-05-30,703.0,739.8,681.5,707.4,1091706
PIKK,2023-05-31,707.4,722.1,691.0,711.6,378101
PIKK,2023-06-01,714.0,719.4,686.9,691.1,612006
PIKK,2023-06-02,690.0,708.8,687.7,706.0,273433
PIKK,2023-06-05,710.5,724.5,701.7,708.5,478941
PIKK,2023-06-06,708.0,723.0,695.0,709.8,345816
PIKK,2023-06-07,710.6,717.7,705.0,707.2,171774
PIKK,2023-06-08,705.8,714.9,705.4,713.0,147296
PIKK,2023-06-09,714.9,719.8,707.2,709.6,272143
PIKK,2023-06-13,712.0,729.0,709.5,728.1,282928
PIKK,2023-06-14,732.8,744.5,710.5,736.9,619510
PIKK,2023-06-15,739.0,759.2,726.6,750.3,954202
PIKK,2023-06-16,754.8,754.8,736.0,739.2,501081
PIKK,2023-06-19,741.5,762.0,721.0,760.5,583641
PIKK,2023-06-20,761.9,790.0,758.0,779.1,1302422
PIKK,2023-06-21,780.7,782.2,762.5,773.4,397420
PIKK,2023-06-22,772.0,784.0,764.9,770.5,276923
PIKK,2023-06-23,768.9,777.0,747.5,749.0,462519
PIKK,2023-06-26,751.1,766.5,726.0,742.6,503801
PIKK,2023-06-27,745.0,748.5,734.6,739.4,235039
PIKK,2023-06-28,740.9,756.7,738.5,750.0,227506
PIKK,2023-06-29,751.5,759.0,750.1,753.0,154708
PIKK,2023-06-30,752.3,759.9,741.8,758.3,228628
PIKK,2023-07-03,758.0,779.0,755.1,771.0,372870
PIKK,2023-07-04,775.4,775.4,751.3,754.4,329675
PIKK,2023-07-05,754.3,756.4,745.5,754.8,244965
PIKK,2023-07-06,757.4,759.0,748.3,755.8,175111
PIKK,2023-07-07,755.0,763.5,754.7,760.4,168489
PIKK,2023-07-10,761.1,770.0,761.1,765.8,176175
PIKK,2023-07-11,768.0,778.6,753.5,775.9,338963
PIKK,2023-07-12,778.0,785.0,766.9,771.6,236460
PIKK,2023-07-13,772.2,779.8,770.6,775.2,193313
PIKK,2023-07-14,775.6,775.8,769.1,771.8,176281
PIKK,2023-07-17,771.8,793.9,762.2,789.3,484516
PIKK,2023-07-18,790.5,798.0,785.1,787.8,356346
PIKK,2023-07-19,787.9,793.5,779.0,783.2,241119
PIKK,2023-07-20,784.2,784.2,746.7,750.4,965083
PIKK,2023-07-21,747.9,765.0,745.2,763.6,838674
PIKK,2023-07-24,774.9,779.2,765.0,778.0,337292
PIKK,2023-07-25,780.0,780.4,771.0,776.7,259595
PIKK,2023-07-26,776.7,779.1,766.7,775.9,242799
PIKK,2023-07-27,774.0,786.2,774.0,784.9,289463
PIKK,2023-07-28,787.5,789.0,771.2,774.1,307172
PIKK,2023-07-31,777.5,785.0,774.2,783.9,262438
PIKK,2023-08-01,785.7,822.8,778.7,811.5,1387365
PIKK,2023-08-02,811.5,824.0,802.9,816.0,465804
PIKK,2023-08-03,816.0,845.0,809.0,838.4,733687
PIKK,2023-08-04,838.0,870.0,794.0,820.7,1440914
PIKK,2023-08-07,825.0,837.4,808.3,815.9,375344
PIKK,2023-08-08,817.6,819.6,797.2,819.1,277389
PIKK,2023-08-09,820.1,824.7,807.6,814.2,194704
PIKK,2023-08-10,815.9,870.0,807.9,836.2,469888
PIKK,2023-08-11,836.4,850.0,824.5,847.0,468885
PIKK,2023-08-14,851.0,867.7,809.0,816.8,919755
PIKK,2023-08-15,801.4,826.5,782.0,794.8,1267209
PIKK,2023-08-16,795.0,809.0,753.4,772.6,1703859
PIKK,2023-08-17,790.6,790.6,760.1,780.6,625587
PIKK,2023-08-18,782.1,823.0,768.0,820.7,1154479
PIKK,2023-08-21,827.0,853.0,817.1,847.8,996478
PIKK,2023-08-22,847.8,849.9,832.4,838.5,705067
PIKK,2023-08-23,836.3,844.0,801.5,805.3,955461
PIKK,2023-08-24,812.0,842.0,806.7,838.5,603463
PIKK,2023-08-25,838.4,842.3,828.2,840.5,301966
PIKK,2023-08-28,841.0,856.4,835.0,855.0,598895
PIKK,2023-08-29,856.0,865.0,833.3,843.0,680513
PIKK,2023-08-30,842.0,853.0,823.1,832.8,504269
PIKK,2023-08-31,830.5,833.0,823.5,827.0,247633
PIKK,2023-09-01,827.0,829.8,817.3,825.0,305802
PIKK,2023-09-04,826.7,847.0,826.1,840.7,617455
PIKK,2023-09-05,840.7,843.9,830.1,836.0,336311
PIKK,2023-09-06,836.0,837.1,816.1,825.6,315371
PIKK,2023-09-07,826.0,826.7,788.5,803.1,697781
PIKK,2023-09-08,801.5,809.0,782.0,796.0,480146
PIKK,2023-09-11,805.0,805.0,770.0,771.9,385224
PIKK,2023-09-12,774.4,795.4,771.0,795.2,395272
PIKK,2023-09-13,794.0,794.0,779.2,781.8,192096
PIKK,2023-09-14,782.0,784.8,761.0,777.3,316122
PIKK,2023-09-15,777.0,789.6,763.0,782.7,545829
PIKK,2023-09-18,782.8,784.3,766.2,770.0,283153
PIKK,2023-09-19,767.5,771.3,742.3,743.0,417366
PIKK,2023-09-20,741.5,764.0,717.0,754.4,808735
PIKK,2023-09-21,747.1,755.0,730.0,737.3,421554
PIKK,2023-09-22,736.5,766.0,732.0,763.4,336954
PIKK,2023-09-25,764.8,770.0,750.2,751.2,245054
PIKK,2023-09-26,751.4,758.9,741.7,750.6,308874
PIKK,2023-09-27,752.1,758.0,748.9,755.8,214777
PIKK,2023-09-28,755.8,762.7,752.5,754.5,119382
PIKK,2023-09-29,754.5,761.8,738.4,742.4,308337
PIKK,2023-10-02,742.6,751.0,731.2,736.5,230614
PIKK,2023-10-03,736.5,739.8,722.7,738.1,429564
PIKK,2023-10-04,738.1,738.7,723.4,723.6,306529
PIKK,2023-10-05,725.1,726.7,704.5,710.2,598693
PIKK,2023-10-06,710.0,736.5,701.4,728.4,983755
PIKK,2023-10-09,727.0,739.2,725.0,727.0,411167
PIKK,2023-10-10,726.2,765.0,726.1,758.8,893579
PIKK,2023-10-11,756.0,776.0,742.1,745.6,769362
PIKK,2023-10-12,747.1,753.6,737.5,746.0,296161
PIKK,2023-10-13,747.5,756.0,735.2,741.6,256950
PIKK,2023-10-16,743.6,761.0,743.1,759.5,437505
PIKK,2023-10-17,761.0,772.0,754.3,767.2,493850
PIKK,2023-10-18,768.7,791.1,765.0,772.0,689328
PIKK,2023-10-19,774.1,774.1,762.6,765.9,393214
PIKK,2023-10-20,767.4,768.2,751.3,762.8,296049
PIKK,2023-10-23,762.8,766.9,758.0,763.8,173512
PIKK,2023-10-24,765.0,765.0,756.6,759.2,156370
PIKK,2023-10-25,760.7,760.7,746.0,751.0,224640
PIKK,2023-10-26,752.5,755.5,741.0,742.4,346750
PIKK,2023-10-27,742.1,744.9,711.0,730.9,830687
PIKK,2023-10-30,730.8,737.7,719.6,722.0,362504
PIKK,2023-10-31,721.0,726.0,703.0,707.5,382007
PIKK,2023-11-01,706.1,729.5,705.4,724.9,360058
PIKK,2023-11-02,726.4,729.0,714.0,719.3,153472
PIKK,2023-11-03,719.0,720.9,707.5,717.6,175788
PIKK,2023-11-06,714.4,732.3,714.4,727.9,135789
PIKK,2023-11-07,732.6,738.5,727.3,736.0,209742
PIKK,2023-11-08,736.0,743.8,726.0,728.5,198832
PIKK,2023-11-09,728.5,738.9,726.1,729.1,179364
PIKK,2023-11-10,730.6,731.5,711.3,718.5,268937
PIKK,2023-11-13,717.0,723.7,711.3,718.1,198931
PIKK,2023-11-14,719.6,722.9,687.1,711.2,484921
PIKK,2023-11-15,709.8,715.0,697.1,709.6,209558
PIKK,2023-11-16,710.4,710.9,699.2,701.7,182542
PIKK,2023-11-17,700.2,709.0,693.3,707.0,155267
PIKK,2023-11-20,703.7,706.8,696.5,696.7,168952
PIKK,2023-11-21,696.7,710.0,696.5,708.4,130863
PIKK,2023-11-22,710.0,719.0,704.6,707.6,113771
PIKK,2023-11-23,708.0,713.0,698.0,702.9,124453
PIKK,2023-11-24,704.3,711.3,698.2,705.8,143505
PIKK,2023-11-27,705.1,712.1,695.9,703.0,161040
PIKK,2023-11-28,701.6,711.0,699.4,709.5,122673
PIKK,2023-11-29,708.0,711.5,695.0,695.4,107131
PIKK,2023-11-30,695.5,696.1,672.1,676.5,567035
PIKK,2023-12-01,676.5,677.5,661.0,666.0,264651
PIKK,2023-12-04,664.0,680.8,647.2,666.5,349095
PIKK,2023-12-05,667.8,682.7,660.0,676.0,265828
PIKK,2023-12-06,676.9,680.6,652.7,658.6,490377
PIKK,2023-12-07,655.5,668.6,643.2,655.5,717249
PIKK,2023-12-08,653.2,668.6,650.2,668.4,326114
PIKK,2023-12-11,668.4,668.4,652.0,661.4,405308
PIKK,2023-12-12,661.5,681.0,658.6,673.3,558691
PIKK,2023-12-13,667.0,677.0,666.0,675.3,210832
PIKK,2023-12-14,677.0,677.5,651.2,656.7,414991
PIKK,2023-12-15,656.0,676.1,654.1,675.4,392854
PIKK,2023-12-18,673.0,693.6,671.1,689.2,366115
PIKK,2023-12-19,689.3,690.0,667.5,676.6,360867
PIKK,2023-12-20,678.0,679.4,670.0,675.4,198872
PIKK,2023-12-21,673.8,680.1,657.6,669.0,388711
PIKK,2023-12-22,669.0,675.5,665.6,675.5,181858
PIKK,2023-12-25,675.2,689.0,675.0,685.0,277451
PIKK,2023-12-26,686.0,686.0,670.2,675.2,174305
PIKK,2023-12-27,675.2,675.7,660.1,663.4,313180
PIKK,2023-12-28,663.4,670.6,645.1,668.7,397682
PIKK,2023-12-29,674.0,683.4,668.8,677.0,328157
PIKK,2024-01-03,675.7,681.0,673.6,678.9,86491
PIKK,2024-01-04,683.0,683.0,672.6,673.7,67737
PIKK,2024-01-05,673.8,674.9,668.1,672.6,70564
PIKK,2024-01-08,672.0,712.5,671.2,709.7,588376
PIKK,2024-01-09,711.2,713.4,699.0,704.8,307887
PIKK,2024-01-10,704.9,710.3,696.7,698.7,260858
PIKK,2024-01-11,698.8,709.9,691.1,705.1,203189
PIKK,2024-01-12,705.0,716.8,703.9,711.1,340655
PIKK,2024-01-15,712.0,714.4,695.7,700.5,232319
PIKK,2024-01-16,705.6,720.7,692.2,714.0,461199
PIKK,2024-01-17,714.0,722.0,706.7,710.0,387945
PIKK,2024-01-18,707.5,717.1,706.9,709.2,123730
PIKK,2024-01-19,707.1,709.8,702.5,704.3,112929
PIKK,2024-01-22,704.3,729.8,704.3,729.0,372461
PIKK,2024-01-23,730.0,730.0,718.0,724.0,307736
PIKK,2024-01-24,724.1,729.3,715.1,717.6,108329
PIKK,2024-01-25,717.0,721.4,712.1,721.0,85602
PIKK,2024-01-26,721.0,737.0,721.0,728.1,376929
PIKK,2024-01-29,733.4,733.8,725.0,726.6,99828
PIKK,2024-01-30,726.0,735.9,721.3,728.8,235924
PIKK,2024-01-31,728.7,741.6,727.5,738.1,193344
PIKK,2024-02-01,740.0,740.5,728.3,730.7,226001
PIKK,2024-02-02,730.7,750.1,723.5,747.6,341307
PIKK,2024-02-05,750.0,756.0,741.6,745.0,228235
PIKK,2024-02-06,745.1,776.0,742.7,770.9,704490
PIKK,2024-02-07,770.9,787.9,766.3,782.8,569366
PIKK,2024-02-08,786.0,798.5,775.5,782.4,686389
PIKK,2024-02-09,785.0,807.8,776.1,807.8,776764
PIKK,2024-02-12,808.0,847.0,808.0,842.7,1160576
PIKK,2024-02-13,842.7,860.0,833.5,850.4,1168918
PIKK,2024-02-14,850.3,858.9,832.2,845.1,690350
PIKK,2024-02-15,842.5,879.0,836.8,871.7,1286894
PIKK,2024-02-16,871.7,889.5,852.0,879.1,2244829
PIKK,2024-02-19,878.9,878.9,858.1,859.0,698788
PIKK,2024-02-20,855.8,874.0,822.2,834.5,1714189
PIKK,2024-02-21,821.0,848.4,807.0,820.7,1229734
PIKK,2024-02-22,822.0,837.7,797.5,835.5,1326248
PIKK,2024-02-26,811.8,849.8,811.4,849.5,1046269
PIKK,2024-02-27,846.4,848.5,825.0,839.4,499405
PIKK,2024-02-28,842.4,896.5,839.4,891.8,2464587
PIKK,2024-02-29,893.9,894.4,866.1,877.5,1645540
PIKK,2024-03-01,875.0,879.7,862.1,868.7,790068
PIKK,2024-03-04,868.7,877.0,855.1,857.5,407188
PIKK,2024-03-05,858.0,902.5,849.0,898.9,1868503
PIKK,2024-03-06,896.0,922.0,887.0,906.5,1978768
PIKK,2024-03-07,905.7,924.7,893.7,923.0,1190868
PIKK,2024-03-11,924.0,939.0,916.3,920.6,1079858
PIKK,2024-03-12,920.9,933.7,908.0,926.8,650377
PIKK,2024-03-13,930.8,930.8,917.4,919.2,263611
PIKK,2024-03-14,917.4,922.8,891.4,898.5,1258155
PIKK,2024-03-15,898.0,903.0,892.3,900.9,517332
PIKK,2024-03-18,900.8,905.0,878.8,892.3,676588
PIKK,2024-03-19,889.6,899.8,884.1,892.8,367853
PIKK,2024-03-20,892.8,896.0,862.0,865.0,751282
PIKK,2024-03-21,860.9,879.4,851.5,863.5,828240
PIKK,2024-03-22,860.1,881.4,812.9,837.9,2440687
PIKK,2024-03-25,831.5,876.0,812.0,865.0,2025593
PIKK,2024-03-26,865.0,892.8,859.6,877.3,1119251
PIKK,2024-03-27,880.4,907.4,870.6,903.0,938392
PIKK,2024-03-28,906.5,914.8,887.1,892.4,456654
PIKK,2024-03-29,899.4,900.0,881.6,888.8,336976
PIKK,2024-04-01,888.8,895.0,870.0,874.5,706130
PIKK,2024-04-02,874.1,881.6,860.1,870.9,557870
PIKK,2024-04-03,870.9,876.6,861.5,865.2,354489
PIKK,2024-04-04,865.1,876.3,855.3,869.6,551958
PIKK,2024-04-05,869.0,876.0,858.7,868.9,423118
PIKK,2024-04-08,868.0,888.7,866.9,884.3,369057
PIKK,2024-04-09,888.5,899.8,869.4,869.7,662157
PIKK,2024-04-10,872.6,884.4,867.2,884.4,230521
PIKK,2024-04-11,886.0,886.0,874.2,878.3,102015
PIKK,2024-04-12,875.5,883.5,874.1,879.7,162920
PIKK,2024-04-15,883.6,894.0,875.8,892.5,331997
PIKK,2024-04-16,892.0,892.5,874.8,882.4,290411
PIKK,2024-04-17,882.4,882.5,854.8,859.6,444483
PIKK,2024-04-18,859.6,874.8,849.3,869.7,357412
PIKK,2024-04-19,867.0,874.3,862.9,871.0,116104
PIKK,2024-04-22,871.1,883.9,861.1,874.0,266437
PIKK,2024-04-23,878.0,878.0,851.1,857.0,335558
PIKK,2024-04-24,856.0,869.0,843.5,863.4,435055
PIKK,2024-04-25,863.3,866.9,850.7,858.2,156130
PIKK,2024-04-26,855.0,859.7,841.0,847.7,239010
PIKK,2024-04-27,850.6,861.9,847.7,857.4,124279
PIKK,2024-04-29,857.3,861.5,847.1,848.0,53826
PIKK,2024-04-30,848.0,861.0,842.7,861.0,143813
PIKK,2024-05-02,860.0,860.0,844.1,850.0,270038
PIKK,2024-05-03,850.1,855.0,841.1,841.3,259423
PIKK,2024-05-06,841.1,848.5,823.6,837.6,406875
PIKK,2024-05-07,837.0,851.7,837.0,849.0,215712
PIKK,2024-05-08,851.9,853.6,840.4,840.9,182581
PIKK,2024-05-10,840.0,849.2,839.3,843.5,67882
PIKK,2024-05-13,843.5,846.8,835.0,835.4,168724
PIKK,2024-05-14,835.1,844.3,835.1,838.5,173231
PIKK,2024-05-15,836.5,840.9,831.5,833.5,192114
PIKK,2024-05-16,833.5,837.1,812.1,835.9,509746
PIKK,2024-05-17,840.0,873.0,837.1,873.0,1824906
PIKK,2024-05-20,873.5,876.5,840.0,845.4,568206
PIKK,2024-05-21,842.3,850.0,821.3,829.8,321278
PIKK,2024-05-22,830.2,856.6,822.1,844.4,422283
PIKK,2024-05-23,841.3,869.9,829.2,863.0,794603
PIKK,2024-05-24,863.1,872.6,851.0,869.1,807726
PIKK,2024-05-27,866.6,880.0,842.0,845.0,708715
PIKK,2024-05-28,847.9,871.9,841.7,866.5,277813
PIKK,2024-05-29,865.0,879.7,858.4,879.7,342073
PIKK,2024-05-30,880.5,889.0,848.3,861.1,473128
PIKK,2024-05-31,860.3,863.4,823.2,838.0,511295
PIKK,2024-06-03,846.0,848.0,812.5,834.8,713657
PIKK,2024-06-04,834.2,852.0,825.7,842.8,363901
PIKK,2024-06-05,842.8,849.9,828.7,830.6,238835
PIKK,2024-06-06,832.0,841.8,825.7,833.3,169097
PIKK,2024-06-07,831.5,878.9,831.5,854.4,542868
PIKK,2024-06-10,857.2,861.9,826.4,836.7,352902
PIKK,2024-06-11,836.5,847.8,816.4,824.5,471551
PIKK,2024-06-13,805.0,858.9,790.9,856.1,1172827
PIKK,2024-06-14,859.0,869.0,843.0,859.1,565430
PIKK,2024-06-17,857.0,868.8,849.8,855.4,354128
PIKK,2024-06-18,853.3,858.7,845.5,848.0,336899
PIKK,2024-06-19,847.2,873.1,842.8,866.7,885800
PIKK,2024-06-20,869.3,959.4,863.3,921.0,3244887
PIKK,2024-06-21,923.0,961.9,905.8,955.5,2113511
PIKK,2024-06-24,956.4,994.9,931.6,938.5,2913443
PIKK,2024-06-25,936.0,952.0,925.5,940.4,839480
PIKK,2024-06-26,940.7,943.8,906.8,915.0,982502
PIKK,2024-06-27,915.0,915.0,902.0,904.5,548105
PIKK,2024-06-28,904.5,914.5,892.1,899.9,371350
PIKK,2024-07-01,898.1,904.0,875.0,878.9,475870
PIKK,2024-07-02,877.5,895.0,868.9,881.0,584520
PIKK,2024-07-03,880.1,884.1,855.0,855.1,329318
PIKK,2024-07-04,854.0,867.8,836.1,840.9,543454
PIKK,2024-07-05,839.9,858.5,828.6,849.9,631203
PIKK,2024-07-08,849.5,853.3,817.0,830.3,689350
PIKK,2024-07-09,827.6,848.5,823.2,832.5,967365
PIKK,2024-07-10,832.1,844.9,817.9,823.9,677911
PIKK,2024-07-11,824.0,864.8,822.4,853.9,510358
PIKK,2024-07-12,854.8,872.0,836.9,867.0,376718
PIKK,2024-07-15,867.0,870.0,845.4,854.2,384749
PIKK,2024-07-16,859.9,874.5,844.7,861.8,500562
PIKK,2024-07-17,862.6,877.5,860.0,862.0,283363
PIKK,2024-07-18,862.0,869.6,849.2,866.0,201526
PIKK,2024-07-19,866.5,877.8,861.8,871.6,186178
PIKK,2024-07-22,872.5,879.1,856.0,859.1,286283
PIKK,2024-07-23,858.2,861.7,847.1,855.3,172656
PIKK,2024-07-24,855.3,856.0,841.1,846.2,122218
PIKK,2024-07-25,846.2,853.0,837.7,845.4,107957
PIKK,2024-07-26,845.4,862.1,776.9,799.0,1367263
PIKK,2024-07-29,780.7,788.3,756.0,763.0,915580
PIKK,2024-07-30,763.0,773.6,743.3,747.2,1204486
PIKK,2024-07-31,749.9,764.9,743.0,761.0,495356
PIKK,2024-08-01,757.7,771.3,751.3,754.7,239356
PIKK,2024-08-02,754.4,760.4,745.3,754.1,196099
PIKK,2024-08-05,748.3,759.5,739.0,748.9,486809
PIKK,2024-08-06,759.0,766.6,750.1,757.5,289610
PIKK,2024-08-07,757.5,795.5,748.0,778.1,553797
PIKK,2024-08-08,778.0,783.0,765.2,769.1,180565
PIKK,2024-08-09,766.0,787.5,762.7,784.9,233081
PIKK,2024-08-12,787.6,800.8,774.2,795.5,290445
PIKK,2024-08-13,796.0,815.0,790.3,811.1,404180
PIKK,2024-08-14,808.6,811.1,777.0,780.6,628254
PIKK,2024-08-15,784.0,784.0,763.5,772.7,306619
PIKK,2024-08-16,772.7,784.2,765.7,777.8,202927
PIKK,2024-08-19,777.9,780.0,745.1,752.7,687631
PIKK,2024-08-20,752.8,753.8,740.0,745.3,328864
PIKK,2024-08-21,745.0,763.9,740.0,761.1,439379
PIKK,2024-08-22,761.5,762.8,718.8,732.9,507976
PIKK,2024-08-23,728.4,740.0,722.5,731.7,362152
PIKK,2024-08-26,739.1,751.7,725.1,743.4,331754
PIKK,2024-08-27,743.4,745.7,728.0,737.0,204911
PIKK,2024-08-28,736.9,740.6,718.0,727.0,312367
PIKK,2024-08-29,726.3,730.0,687.6,699.1,801041
PIKK,2024-08-30,698.9,698.9,671.5,676.6,579780
PIKK,2024-09-02,670.0,676.6,614.1,621.7,935737
PIKK,2024-09-03,621.7,650.5,615.1,636.6,1280168
PIKK,2024-09-04,636.6,682.4,631.3,679.7,453241
PIKK,2024-09-05,682.6,686.5,656.8,663.3,606698
PIKK,2024-09-06,667.0,676.7,655.4,671.0,271155
PIKK,2024-09-09,671.0,715.0,668.2,706.3,506595
PIKK,2024-09-10,705.0,721.0,665.0,666.3,773074
PIKK,2024-09-11,665.6,670.8,625.2,626.7,1384221
PIKK,2024-09-12,623.7,639.6,614.3,637.5,1427265
PIKK,2024-09-13,637.5,647.7,595.9,634.7,3006853
PIKK,2024-09-16,638.0,642.8,611.0,638.8,1269045
PIKK,2024-09-17,637.8,644.5,626.0,636.4,698605
PIKK,2024-09-18,636.2,654.5,636.1,644.0,1178020
PIKK,2024-09-19,643.6,648.7,633.3,637.3,699983
PIKK,2024-09-20,638.1,667.9,635.3,660.4,742176
PIKK,2024-09-23,665.0,669.8,639.1,647.0,1420701
PIKK,2024-09-24,647.0,656.0,637.8,649.4,921460
PIKK,2024-09-25,650.3,652.8,624.2,628.5,964478
PIKK,2024-09-26,623.9,644.0,621.4,634.1,976620
PIKK,2024-09-27,634.1,655.0,633.5,655.0,1039218
PIKK,2024-09-30,655.7,660.3,644.4,648.2,469459
PIKK,2024-10-01,647.6,652.3,633.9,639.6,472987
PIKK,2024-10-02,639.0,643.0,618.0,619.9,579946
PIKK,2024-10-03,617.0,638.1,611.7,637.8,1551419
PIKK,2024-10-04,639.0,640.7,624.4,631.9,362042
PIKK,2024-10-07,631.3,635.7,618.3,633.3,756075
PIKK,2024-10-08,631.3,634.8,626.4,633.4,224921
PIKK,2024-10-09,632.0,636.8,626.4,636.0,236166
PIKK,2024-10-10,635.4,643.0,632.5,639.3,433811
PIKK,2024-10-11,639.5,645.9,634.4,641.2,386300
PIKK,2024-10-14,641.8,654.0,636.8,651.7,491423
PIKK,2024-10-15,651.7,660.0,649.0,656.0,410202
PIKK,2024-10-16,658.0,665.0,640.0,644.3,519300
PIKK,2024-10-17,642.4,644.0,635.1,636.6,381050
PIKK,2024-10-18,635.9,644.3,631.7,638.2,412075
PIKK,2024-10-21,638.0,643.5,634.4,637.8,122236
PIKK,2024-10-22,634.5,637.7,610.1,615.4,553853
PIKK,2024-10-23,614.8,614.8,601.0,604.1,548693
PIKK,2024-10-24,603.5,610.4,592.4,603.2,537662
PIKK,2024-10-25,601.3,625.0,570.6,584.6,1555312
PIKK,2024-10-28,577.0,582.9,557.9,573.2,885213
PIKK,2024-10-29,570.2,583.9,562.0,569.1,683620
PIKK,2024-10-30,571.0,574.3,517.8,522.3,1887462
PIKK,2024-10-31,520.3,524.6,491.2,492.9,3340523
PIKK,2024-11-01,493.0,505.0,470.0,496.5,5647676
PIKK,2024-11-02,500.0,504.7,483.0,501.4,1953565
PIKK,2024-11-05,501.4,507.1,492.1,498.2,2108154
PIKK,2024-11-06,519.9,519.9,478.3,483.4,2392907
PIKK,2024-11-07,475.0,489.9,461.2,489.8,2667800
PIKK,2024-11-08,491.0,515.0,477.9,510.2,1949746
PIKK,2024-11-11,517.0,520.9,495.4,514.4,1618368
PIKK,2024-11-12,513.9,530.5,504.2,527.4,2105949
PIKK,2024-11-13,527.5,538.4,503.1,504.9,2425200
PIKK,2024-11-14,501.2,509.5,489.1,493.9,1459787
PIKK,2024-11-15,492.2,495.8,481.2,491.0,1402572
PIKK,2024-11-18,484.9,506.9,478.4,492.1,1604464
PIKK,2024-11-19,492.6,496.8,476.0,484.3,1050251
PIKK,2024-11-20,483.8,490.4,470.6,479.3,1010146
PIKK,2024-11-21,478.8,484.5,470.0,477.9,926334
PIKK,2024-11-22,478.8,481.6,466.2,469.0,607416
PIKK,2024-11-25,465.0,468.5,438.8,445.9,1311386
PIKK,2024-11-26,442.0,445.5,396.0,407.4,2271630
PIKK,2024-11-27,405.7,406.9,356.5,400.0,6318486
PIKK,2024-11-28,399.9,412.5,376.2,394.8,3398598
PIKK,2024-11-29,393.9,423.0,386.2,419.4,3364283
PIKK,2024-12-02,419.4,434.3,408.1,410.3,1795910
PIKK,2024-12-03,409.1,414.4,390.3,396.9,1869099
PIKK,2024-12-04,396.6,401.8,375.1,382.2,2827477
PIKK,2024-12-05,379.8,397.9,373.0,394.0,2917446
PIKK,2024-12-06,393.8,398.4,382.9,396.3,1502366
PIKK,2024-12-09,398.3,403.0,388.5,397.1,1176685
PIKK,2024-12-10,396.8,396.8,385.0,386.0,1183193
PIKK,2024-12-11,386.0,392.0,378.5,387.7,1305046
PIKK,2024-12-12,386.5,390.7,376.6,378.0,970932
PIKK,2024-12-13,376.6,378.2,367.9,377.6,1145969
PIKK,2024-12-16,372.7,373.7,357.0,361.5,2049477
PIKK,2024-12-17,356.9,362.3,352.1,356.3,1420674
PIKK,2024-12-18,355.3,368.8,355.3,365.8,1048008
PIKK,2024-12-19,365.5,373.9,361.0,371.8,2139390
PIKK,2024-12-20,371.5,439.0,365.6,439.0,8250045
PIKK,2024-12-23,453.0,511.5,434.0,471.3,9870082
PIKK,2024-12-24,472.0,473.0,442.9,444.1,3441076
PIKK,2024-12-25,439.0,456.7,424.4,454.0,6526239
PIKK,2024-12-26,454.0,466.0,444.5,446.9,3316546
PIKK,2024-12-27,445.0,457.9,441.9,457.2,1789754
PIKK,2024-12-28,457.2,485.0,453.5,481.2,1598930
PIKK,2024-12-30,483.1,507.8,477.0,507.8,2695296
PIKK,2025-01-03,515.0,525.0,491.8,505.9,1946685
PIKK,2025-01-06,497.0,497.0,481.7,485.0,1723550
PIKK,2025-01-08,482.0,487.7,475.0,485.3,1546815
PIKK,2025-01-09,483.4,487.9,468.2,474.5,1689062
PIKK,2025-01-10,474.4,497.5,473.7,493.8,1704249
PIKK,2025-01-13,495.0,511.0,481.2,483.6,1598939
PIKK,2025-01-14,480.5,498.3,472.4,496.0,1267966
PIKK,2025-01-15,497.5,529.2,485.7,528.2,2399015
PIKK,2025-01-16,532.0,569.0,517.4,558.1,7500636
PIKK,2025-01-17,557.0,651.2,551.7,645.6,18579842
PIKK,2025-01-20,662.0,688.2,615.7,628.7,12995362
PIKK,2025-01-21,640.0,663.0,622.8,660.8,4859182
PIKK,2025-01-22,661.1,683.0,646.3,652.9,4542807
PIKK,2025-01-23,652.0,700.6,648.2,695.5,7087682
PIKK,2025-01-24,699.4,743.9,692.3,726.4,18254310
PIKK,2025-01-27,726.3,743.0,692.5,697.9,8569744
PIKK,2025-01-28,692.1,726.4,675.6,722.2,8105152
PIKK,2025-01-29,722.2,725.6,698.0,705.3,5450586
PIKK,2025-01-30,702.9,712.8,694.7,699.4,2847339
PIKK,2025-01-31,700.0,717.2,687.0,694.1,3169797
PIKK,2025-02-03,692.0,693.0,669.0,678.7,2957918
PIKK,2025-02-04,679.0,687.3,667.3,672.0,2132391
PIKK,2025-02-05,672.0,707.2,650.2,697.2,5216196
PIKK,2025-02-06,699.9,705.9,685.0,687.5,1798124
PIKK,2025-02-07,688.0,692.0,677.3,685.2,1097040
PIKK,2025-02-10,690.2,706.2,678.4,681.8,1741420
PIKK,2025-02-11,685.0,711.6,682.3,710.0,1937662
PIKK,2025-02-12,711.3,758.0,700.7,744.0,4601894
PIKK,2025-02-13,748.1,778.8,724.2,740.4,2789270
PIKK,2025-02-14,761.0,828.4,720.1,742.6,11627472
PIKK,2025-02-17,751.9,771.5,746.0,762.0,2727894
PIKK,2025-02-18,762.0,767.4,698.6,708.3,3374713
PIKK,2025-02-19,710.8,715.7,671.0,691.1,4944345
PIKK,2025-02-20,693.8,697.4,676.0,682.9,1562342
PIKK,2025-02-21,684.0,712.6,669.4,707.0,2759519
PIKK,2025-02-24,704.0,723.0,690.0,703.7,2067879
PIKK,2025-02-25,705.5,734.8,685.8,692.2,3826251
PIKK,2025-02-26,692.9,712.0,661.1,664.0,2916333
PIKK,2025-02-27,665.0,674.8,636.0,644.8,3574571
PIKK,2025-02-28,641.1,664.5,637.0,658.6,2849320
PIKK,2025-03-03,661.2,666.8,625.9,637.1,2024087
PIKK,2025-03-04,638.4,669.8,638.0,666.2,1409898
PIKK,2025-03-05,666.3,696.3,652.5,668.9,2599295
PIKK,2025-03-06,668.3,689.8,660.9,665.7,2658215
PIKK,2025-03-07,665.5,678.3,650.0,661.2,1397188
PIKK,2025-03-10,663.5,665.9,648.3,652.1,806738
PIKK,2025-03-11,652.1,656.0,628.3,634.4,2615986
PIKK,2025-03-12,634.0,639.4,605.0,608.8,3033166
PIKK,2025-03-13,607.0,629.0,590.5,604.5,3381006
PIKK,2025-03-14,601.3,624.8,598.0,615.0,1766469
PIKK,2025-03-17,615.5,649.9,615.3,646.2,1929647
PIKK,2025-03-18,649.0,657.4,627.1,628.4,2454322
PIKK,2025-03-19,629.4,648.2,622.0,640.1,2119241
PIKK,2025-03-20,642.0,647.7,623.0,626.3,3270095
PIKK,2025-03-21,627.0,632.0,586.0,590.0,7929136
PIKK,2025-03-24,586.1,587.3,548.3,549.3,6706276
PIKK,2025-03-25,551.7,564.6,539.2,563.7,5972377
PIKK,2025-03-26,565.0,572.5,546.5,549.9,2624523
PIKK,2025-03-27,548.9,550.9,523.8,525.7,2667601
PIKK,2025-03-28,525.0,529.8,508.9,513.6,2954601
PIKK,2025-03-31,513.6,542.0,488.4,534.1,4156059
PIKK,2025-04-01,535.0,553.6,504.7,508.4,4775422
PIKK,2025-04-02,508.0,531.2,505.3,529.8,3769013
PIKK,2025-04-03,532.2,539.9,509.2,525.4,3160966
PIKK,2025-04-04,527.0,533.3,491.0,493.8,3306012
PIKK,2025-04-07,501.0,518.5,448.3,472.5,8900773
PIKK,2025-04-08,480.0,487.3,442.2,444.0,4232251
PIKK,2025-04-09,440.0,464.1,411.0,464.1,9571047
PIKK,2025-04-10,462.8,468.9,421.0,429.0,10467330
PIKK,2025-04-11,429.9,441.0,422.8,429.9,11576576
PIKK,2025-04-14,431.7,444.8,421.1,424.1,9678494
PIKK,2025-04-15,423.0,429.6,411.5,423.5,8078054
PIKK,2025-04-16,420.3,437.0,415.6,428.1,4514884
PIKK,2025-04-17,429.2,443.9,427.0,439.3,4216341
PIKK,2025-04-18,433.7,439.0,427.2,433.2,2756183
PIKK,2025-04-21,434.2,451.0,434.2,450.0,3262998
PIKK,2025-04-22,450.9,486.9,450.0,478.2,11074381
PIKK,2025-04-23,479.9,481.6,457.1,471.4,5480482
PIKK,2025-04-24,472.0,506.0,471.0,504.6,11698966
PIKK,2025-04-25,505.0,524.9,500.0,511.6,18282848
PIKK,2025-04-28,518.0,520.6,500.6,503.7,6543013
PIKK,2025-04-29,503.0,507.4,481.0,484.2,3516998
PIKK,2025-04-30,485.5,486.1,465.2,477.3,4717213
PIKK,2025-05-02,478.0,478.2,440.5,442.0,3328608
PIKK,2025-05-05,441.1,455.9,428.1,444.7,4998558
PIKK,2025-05-06,444.7,474.1,435.3,465.0,6433729
PIKK,2025-05-07,465.1,487.0,458.6,480.5,7515112
PIKK,2025-05-08,481.9,489.7,470.4,474.5,3981881
PIKK,2025-05-12,476.5,503.9,474.6,503.0,6260675
PIKK,2025-05-13,504.8,507.9,495.0,497.2,2859214
PIKK,2025-05-14,497.0,515.0,487.8,496.4,7836438
PIKK,2025-05-15,496.0,505.2,492.4,497.2,3551264
PIKK,2025-05-16,497.3,502.3,472.5,483.2,8777519
PIKK,2025-05-19,483.2,500.0,480.8,485.1,4878877
PIKK,2025-05-20,485.5,488.9,478.5,480.5,1992278
PIKK,2025-05-21,480.8,485.0,457.5,460.4,3384810
PIKK,2025-05-22,460.4,479.0,447.1,475.8,6674038
PIKK,2025-05-23,476.5,485.0,464.1,482.0,4198361
PIKK,2025-05-26,481.4,481.6,470.2,473.8,2507760
PIKK,2025-05-27,470.4,510.9,467.1,510.3,9077355
PIKK,2025-05-28,511.1,539.8,511.1,539.4,12305217
PIKK,2025-05-29,542.7,544.9,517.0,520.5,5608678
PIKK,2025-05-30,519.1,538.4,515.0,534.5,5886850
PIKK,2025-06-02,536.5,573.6,516.0,573.0,15749195
PIKK,2025-06-03,574.3,604.8,571.4,597.0,16702427
PIKK,2025-06-04,601.4,605.0,582.7,588.0,10947399
PIKK,2025-06-05,588.1,596.0,582.4,586.7,3787366
PIKK,2025-06-06,590.0,637.6,535.0,541.4,30673687
PIKK,2025-06-09,542.0,554.6,520.1,550.8,12987125
PIKK,2025-06-10,553.2,566.0,536.0,542.4,11071453
PIKK,2025-06-11,543.6,559.0,535.4,551.3,8161671
PIKK,2025-06-13,554.9,556.4,540.1,541.2,2287735
PIKK,2025-06-16,541.5,551.1,533.0,540.9,4794927
PIKK,2025-06-17,541.9,571.5,537.1,566.6,7211445
PIKK,2025-06-18,567.0,575.9,560.3,562.7,4394232
PIKK,2025-06-19,563.5,573.6,561.2,563.3,3798721
PIKK,2025-06-20,561.6,566.7,536.2,538.0,6702677
PIKK,2025-06-23,538.2,539.4,521.0,531.8,4682687
PIKK,2025-06-24,532.5,549.4,530.1,549.1,3399182
PIKK,2025-06-25,551.0,561.6,543.7,552.5,3804289
PIKK,2025-06-26,553.7,556.8,547.1,552.7,1939769
PIKK,2025-06-27,552.7,565.4,547.7,564.5,3608270
PIKK,2025-06-30,565.0,600.8,557.3,598.8,11720457
PIKK,2025-07-01,598.5,613.8,586.9,600.1,7481208
PIKK,2025-07-02,600.1,612.0,594.0,605.4,4259513
PIKK,2025-07-03,605.4,637.9,605.4,626.4,9015931
PIKK,2025-07-04,625.0,633.8,612.2,628.2,5434733
PIKK,2025-07-07,629.2,632.3,607.7,608.2,3926525
PIKK,2025-07-08,606.9,634.9,595.0,613.7,10528993
PIKK,2025-07-09,613.7,633.0,609.6,631.3,9160997
PIKK,2025-07-10,632.5,646.7,630.5,636.1,7073454
PIKK,2025-07-11,636.5,638.0,614.6,617.2,6391387
PIKK,2025-07-14,617.2,652.6,606.2,650.4,7905357
PIKK,2025-07-15,653.4,663.6,646.3,656.2,4887360
PIKK,2025-07-16,657.0,661.8,648.0,648.6,5371464
PIKK,2025-07-17,649.9,659.2,648.0,650.9,3645867
PIKK,2025-07-18,651.0,668.2,651.0,660.8,4863867
PIKK,2025-07-21,662.6,670.0,650.1,656.0,4767262
PIKK,2025-07-22,656.0,663.0,651.1,655.0,1967176
PIKK,2025-07-23,655.0,662.8,652.0,653.9,2930866
PIKK,2025-07-24,653.1,655.5,641.0,645.0,2415224
PIKK,2025-07-25,646.9,654.0,614.2,618.3,9292867
PIKK,2025-07-28,620.2,628.0,598.3,602.1,8941451
PIKK,2025-07-29,604.2,619.0,595.7,618.7,4679223
PIKK,2025-07-30,618.8,626.4,607.1,611.4,3769614
PIKK,2025-07-31,612.0,620.5,605.1,616.6,2220590
PIKK,2025-08-01,616.9,623.5,608.0,610.8,1796303
PIKK,2025-08-04,613.0,619.6,606.0,618.1,1455343
PIKK,2025-08-05,617.4,620.9,613.0,617.7,1234308
PIKK,2025-08-06,618.5,646.5,614.8,633.0,6044996
PIKK,2025-08-07,635.1,648.9,630.5,636.9,3758230
PIKK,2025-08-08,637.5,645.0,631.0,641.0,1480126
PIKK,2025-08-11,651.0,656.8,645.9,648.5,2049759
PIKK,2025-08-12,649.6,652.0,643.7,648.7,936438
PIKK,2025-08-13,649.2,652.9,635.6,639.0,1123609
PIKK,2025-08-14,640.8,642.8,622.0,636.1,2171166
PIKK,2025-08-15,637.0,642.0,627.6,636.4,1349745
PIKK,2025-08-18,625.0,656.1,618.6,650.6,4462389
PIKK,2025-08-19,652.0,664.8,649.2,658.6,2651651
PIKK,2025-08-20,656.5,663.9,650.6,654.7,2026152
PIKK,2025-08-21,654.7,657.7,637.6,642.5,2200833
PIKK,2025-08-22,644.3,661.0,639.7,659.7,2204282
PIKK,2025-08-25,661.7,676.6,656.0,672.9,3647868
PIKK,2025-08-26,675.0,677.8,663.6,666.7,2248198
PIKK,2025-08-27,667.0,673.0,661.0,670.1,1584503
PIKK,2025-08-28,670.1,674.9,652.0,654.7,1788527
PIKK,2025-08-29,656.0,666.1,652.5,659.0,1778788
PIKK,2025-09-01,660.2,671.3,658.0,666.6,1216659
PIKK,2025-09-02,667.5,668.2,643.1,657.0,2487337
PIKK,2025-09-03,657.0,665.0,650.1,664.6,1873252
PIKK,2025-09-04,664.9,666.7,656.3,660.0,1441900
PIKK,2025-09-05,662.0,662.1,647.7,651.2,1292578
PIKK,2025-09-08,654.0,656.6,645.7,652.5,1531716
PIKK,2025-09-09,652.5,654.8,643.8,651.9,1741565
PIKK,2025-09-10,652.0,652.7,629.2,632.4,2498770
PIKK,2025-09-11,633.2,634.1,620.1,622.3,2927128
PIKK,2025-09-12,623.1,626.3,598.7,602.3,6110276
PIKK,2025-09-15,602.4,605.9,575.7,580.1,3636317
PIKK,2025-09-16,580.2,596.5,576.0,593.9,2661187
PIKK,2025-09-17,595.8,607.7,585.6,607.3,2065579
PIKK,2025-09-18,607.3,608.0,586.2,587.7,1926798
PIKK,2025-09-19,587.7,591.5,576.6,576.6,1782346
PIKK,2025-09-22,576.6,576.6,549.5,559.5,2873785
PIKK,2025-09-23,560.2,571.5,532.0,537.4,3742640
PIKK,2025-09-24,538.0,566.6,538.0,565.9,3867371
PIKK,2025-09-25,566.0,567.0,547.2,554.0,1604738
PIKK,2025-09-26,552.4,559.7,541.6,551.1,1632646
PIKK,2025-09-29,552.4,558.0,529.2,530.8,2003498
PIKK,2025-09-30,530.7,537.2,515.2,535.2,2329333
PIKK,2025-10-01,537.0,537.4,520.0,529.2,1607716
PIKK,2025-10-02,525.0,534.1,514.1,523.0,2216708
PIKK,2025-10-03,523.0,530.4,501.2,502.8,1785462
PIKK,2025-10-06,502.0,536.0,489.1,532.7,5812951
PIKK,2025-10-07,529.2,544.1,527.1,539.6,2903396
PIKK,2025-10-08,539.6,543.5,481.6,486.9,11289944
PIKK,2025-10-09,488.0,494.0,446.2,460.0,15911578
PIKK,2025-10-10,462.0,462.0,421.1,421.1,10103422
PIKK,2025-10-13,417.9,432.5,412.0,418.8,9442424
PIKK,2025-10-14,419.4,420.7,378.0,379.3,13518002
PIKK,2025-10-15,379.4,385.8,359.7,370.0,17593236
PIKK,2025-10-16,370.0,404.9,366.3,404.9,19095095
PIKK,2025-10-17,409.0,418.7,394.0,406.1,12293872
PIKK,2025-10-20,408.8,429.3,407.0,426.3,9109877
PIKK,2025-10-21,426.0,426.0,386.5,399.2,12537815
PIKK,2025-10-22,396.5,406.1,382.5,391.3,6533290
PIKK,2025-10-23,383.0,404.0,380.2,402.8,5124834
PIKK,2025-10-24,404.0,415.0,387.7,394.2,8100860
PIKK,2025-10-27,394.5,394.5,368.0,371.5,5791722
PIKK,2025-10-28,370.3,388.4,368.2,380.2,3258069
PIKK,2025-10-29,382.4,391.1,380.0,386.3,2172031
PIKK,2025-10-30,385.2,398.0,383.3,393.7,2681071
PIKK,2025-10-31,394.0,395.4,379.2,382.8,2442199
PIKK,2025-11-01,385.0,388.2,382.0,384.4,621138
PIKK,2025-11-03,387.0,399.3,385.4,394.6,1773246
PIKK,2025-11-05,393.6,413.6,388.4,407.0,4605584
PIKK,2025-11-06,406.0,419.6,404.5,411.0,4215581
PIKK,2025-11-07,410.0,420.9,407.0,417.4,2970665
PIKK,2025-11-10,418.0,426.9,412.4,412.5,2775596
PIKK,2025-11-11,412.7,415.4,401.0,404.7,2637634
PIKK,2025-11-12,405.2,409.9,396.1,400.3,2117856
PIKK,2025-11-13,400.5,407.0,398.8,404.0,1795465
PIKK,2025-11-14,403.8,404.2,393.6,400.1,1584290
PIKK,2025-11-17,400.5,448.9,393.6,436.6,20381554
PIKK,2025-11-18,437.7,440.9,425.5,431.9,7331901
PIKK,2025-11-19,432.1,454.8,431.5,445.6,8266958
PIKK,2025-11-20,448.2,471.0,446.2,467.0,5329686
PIKK,2025-11-21,468.3,469.4,455.0,460.7,2908610
PIKK,2025-11-24,464.4,479.0,450.1,453.8,2976662
PIKK,2025-11-25,453.7,470.7,450.7,465.0,2749103
PIKK,2025-11-26,467.0,468.8,458.4,460.8,1444348
PIKK,2025-11-27,460.8,464.3,451.2,453.1,1490333
PIKK,2025-11-28,453.0,461.0,450.6,458.1,1956568
PIKK,2025-12-01,459.4,466.6,456.0,460.6,1782161
PIKK,2025-12-02,460.6,463.9,454.2,456.3,1040414
PIKK,2025-12-03,452.3,454.3,442.5,452.3,1791719
PIKK,2025-12-04,453.8,467.8,453.8,462.8,3039906
PIKK,2025-12-05,463.0,477.3,463.0,476.8,3425273
PIKK,2025-12-08,476.8,490.6,476.7,478.4,3914737
PIKK,2025-12-09,479.7,487.9,473.7,484.9,2761690
PIKK,2025-12-10,484.0,487.5,480.0,483.5,1414432
PIKK,2025-12-11,484.3,496.5,483.4,494.0,3308348
PIKK,2025-12-12,495.0,508.1,488.1,489.5,4273827
PIKK,2025-12-15,494.0,503.7,489.2,502.3,3602764
PIKK,2025-12-16,502.9,519.0,502.9,519.0,3712599
PIKK,2025-12-17,522.0,526.9,508.3,513.8,6168437
PIKK,2025-12-18,515.3,519.6,503.0,511.5,3284683
PIKK,2025-12-19,513.1,514.5,479.0,490.4,7794455
PIKK,2025-12-22,491.8,492.0,471.6,477.6,4437876
PIKK,2025-12-23,477.3,495.0,474.2,494.6,3727943
PIKK,2025-12-24,495.0,501.9,485.4,491.4,3211318
PIKK,2025-12-25,491.7,492.0,480.1,481.7,1619452
PIKK,2025-12-26,481.7,492.8,478.3,490.8,2341103
PIKK,2025-12-29,492.8,501.5,481.7,485.2,3532734
PIKK,2025-12-30,484.7,491.0,477.1,477.8,1560252
PIKK,2026-01-05,478.0,479.4,463.2,469.0,1900633
PIKK,2026-01-06,471.1,473.3,464.4,464.8,768609
PIKK,2026-01-08,461.0,463.1,452.4,458.9,1481523
PIKK,2026-01-09,459.1,466.7,456.8,460.2,1141826
PIKK,2026-01-12,459.7,463.7,452.8,455.2,1203534
PIKK,2026-01-13,455.4,458.4,449.8,450.9,1587830
PIKK,2026-01-14,451.1,459.9,444.1,454.2,2777043
PIKK,2026-01-15,454.0,458.7,451.3,458.6,1885792
PIKK,2026-01-16,458.8,471.9,458.6,471.4,2756060
PIKK,2026-01-19,472.0,473.7,461.2,462.2,2068069
PIKK,2026-01-20,461.1,468.4,457.8,463.2,2255754
PIKK,2026-01-21,464.2,477.0,460.8,475.2,3284881
PIKK,2026-01-22,477.1,477.9,463.2,467.9,1442885
PIKK,2026-01-23,467.1,472.0,463.0,467.3,1031390
PIKK,2026-01-26,466.9,468.4,459.5,465.9,2680464
PIKK,2026-01-27,465.9,474.4,465.9,472.9,1487460
PIKK,2026-01-28,472.9,477.4,467.4,473.0,1909811
PIKK,2026-01-29,473.6,484.7,472.7,481.5,2781865
PIKK,2026-01-30,480.7,482.5,470.1,471.9,1306947
PIKK,2026-02-02,472.7,478.4,470.8,474.8,1402597
PIKK,2026-02-03,475.3,481.9,474.0,476.8,950836
PIKK,2026-02-04,476.8,492.0,459.9,467.4,4935734
PIKK,2026-02-05,467.4,475.0,460.4,468.1,3392535
PIKK,2026-02-06,468.5,477.6,462.0,467.4,2115421
PIKK,2026-02-09,469.4,473.9,465.0,471.2,1269255
PIKK,2026-02-10,471.6,474.4,466.2,468.6,940765
PIKK,2026-02-11,468.6,484.5,467.0,477.8,2810047
PIKK,2026-02-12,478.6,479.5,469.8,471.2,1308083
PIKK,2026-02-13,471.2,479.4,458.1,474.3,5066829
PIKK,2026-02-16,475.0,476.5,468.0,470.9,1799393
PIKK,2026-02-17,470.9,472.5,465.5,468.3,659249
PIKK,2026-02-18,467.8,469.0,458.3,463.4,1763660
PIKK,2026-02-19,464.3,467.8,462.0,464.6,1383853
PIKK,2026-02-20,464.0,466.1,461.1,462.7,628550
PIKK,2026-02-24,462.7,464.4,456.0,458.1,1202549
PIKK,2026-02-25,458.0,468.0,457.8,463.7,1831465
PIKK,2026-02-26,463.6,466.7,462.7,463.9,519124
PIKK,2026-02-27,463.9,475.9,456.8,473.2,3469644
PIKK,2026-03-02,472.1,474.3,464.1,467.6,2004678
PIKK,2026-03-03,467.6,473.9,464.4,472.1,865751
PIKK,2026-03-04,472.5,478.6,468.5,470.2,660661
PIKK,2026-03-05,471.8,474.0,465.5,467.5,1123341
PIKK,2026-03-06,468.1,469.5,465.0,466.0,585876
PIKK,2026-03-09,465.1,471.0,458.0,468.6,881806
PIKK,2026-03-10,468.6,477.8,465.3,467.1,925367
PIKK,2026-03-11,468.2,476.9,465.1,471.9,626043
PIKK,2026-03-12,472.0,480.0,470.0,474.8,823286
PIKK,2026-03-13,474.4,476.3,468.0,469.7,626197
PIKK,2026-03-16,469.3,474.5,466.6,469.7,781443
PIKK,2026-03-17,471.0,472.3,467.0,469.7,470767
PIKK,2026-03-18,470.1,475.0,468.6,469.9,1101332
PIKK,2026-03-19,470.0,478.0,468.7,470.5,1493291
PIKK,2026-03-20,470.1,481.0,470.1,474.1,1962751
PIKK,2026-03-23,478.1,496.0,475.1,491.5,3458465
PIKK,2026-03-24,491.5,503.0,477.0,484.9,3436658
PIKK,2026-03-25,485.4,485.4,477.5,482.8,753894
PIKK,2026-03-26,482.8,485.3,477.0,483.4,771408
PIKK,2026-03-27,483.4,487.8,478.0,479.1,619770
PIKK,2026-03-30,482.0,484.5,471.5,475.0,970505
PIKK,2026-03-31,475.0,478.3,473.6,475.6,331571
PIKK,2026-04-01,476.4,493.6,475.2,492.1,758551
PIKK,2026-04-02,492.1,500.0,487.0,496.2,1003227
PIKK,2026-04-03,495.8,526.8,495.8,524.6,13183769
PIKK,2026-04-06,524.6,526.8,521.4,523.6,2418533
PIKK,2026-04-07,524.0,528.9,522.8,526.4,1500777
PIKK,2026-04-08,527.9,531.0,524.2,528.4,643746
PIKK,2026-04-09,528.4,530.6,526.9,528.0,890369
PIKK,2026-04-10,527.5,529.2,526.3,527.6,1257007
PIKK,2026-04-13,527.6,530.0,526.6,528.5,1369116
PIKK,2026-04-14,529.3,533.7,527.8,531.7,1300001
PIKK,2026-04-15,531.7,533.0,529.1,532.4,350586
PIKK,2026-04-16,532.3,535.0,530.9,532.1,500569
PIKK,2026-04-17,531.3,533.4,530.1,532.4,371722
PIKK,2026-04-20,532.4,534.4,531.3,533.5,234493
PIKK,2026-04-21,533.8,535.0,532.6,534.1,212016
PIKK,2026-04-22,534.0,536.5,534.0,534.3,391678
PIKK,2026-04-23,534.9,536.9,534.2,536.5,266494
PIKK,2026-04-24,536.5,538.0,534.2,534.5,584476
PIKK,2026-04-27,535.1,535.8,523.3,534.9,634616
PIKK,2026-04-28,534.8,536.0,534.1,535.5,547530
PIKK,2026-04-29,534.6,536.2,534.4,535.0,525714
PIKK,2026-04-30,534.5,536.4,534.5,535.6,702790
PIKK,2026-05-04,536.5,538.4,534.6,536.0,695578
PIKK,2026-05-05,536.9,537.4,536.0,536.7,298703
PIKK,2026-05-06,536.4,537.5,536.3,536.6,788911
PIKK,2026-05-07,536.7,537.4,536.3,537.3,127921
PIKK,2026-05-08,537.0,538.5,536.3,538.0,425201
PIKK,2026-05-11,538.5,540.0,537.0,538.5,223385
PIKK,2026-05-12,539.3,539.3,536.7,538.7,272070
PIKK,2026-05-13,538.7,538.9,537.5,538.2,321150
PIKK,2026-05-14,537.8,539.3,537.6,538.5,334623
PIKK,2026-05-15,538.2,539.8,538.1,539.2,372486
PIKK,2026-05-18,538.8,540.7,537.9,539.8,416251
PIKK,2026-05-19,539.2,541.4,539.2,540.7,138257
PIKK,2026-05-20,539.8,540.9,539.3,540.2,281903
PIKK,2026-05-21,539.5,541.1,536.5,540.4,440185
PIKK,2026-05-22,540.5,544.7,540.1,540.6,320353
PIKK,2026-05-25,540.0,542.5,539.4,542.2,931051
PIKK,2026-05-26,542.5,542.9,540.6,540.7,526306
PIKK,2026-05-27,541.1,542.8,539.9,542.2,630249
PIKK,2026-05-28,541.4,544.0,541.1,542.0,248286
PIKK,2026-05-29,542.6,544.1,541.6,542.9,257849
PIKK,2026-06-01,542.9,545.6,540.7,544.5,272672
PIKK,2026-06-02,544.6,545.0,542.5,543.7,482012
PIKK,2026-06-03,543.5,545.1,543.2,544.6,583581
PIKK,2026-06-04,545.3,545.5,543.5,544.1,319878
PIKK,2026-06-05,545.0,546.6,543.6,544.9,661744
PIKK,2026-06-08,544.9,547.0,541.4,544.2,1728873
PIKK,2026-06-09,544.3,547.7,518.3,542.9,3628019
PIKK,2026-06-10,542.5,547.5,542.0,545.3,1497168
PIKK,2026-06-11,535.0,609.1,532.8,595.0,2951438
PIKK,2026-06-15,586.4,622.6,533.4,580.3,6249165
PIKK,2026-06-16,577.5,637.3,576.8,616.0,4502680
PIKK,2026-06-17,614.7,635.0,577.9,580.5,2093520
PIKK,2026-06-18,581.6,604.9,545.1,562.4,2753649
PIKK,2026-06-19,569.8,631.9,546.2,587.4,2783592
PIKK,2026-06-22,590.0,607.9,583.0,593.6,914979
PIKK,2026-06-23,592.0,606.4,570.5,580.2,708845
PIKK,2026-06-24,581.1,590.5,558.2,570.4,381635
PIKK,2026-06-25,570.4,581.6,547.7,551.8,511784
PIKK,2026-06-26,551.8,553.9,524.0,541.8,751156
PIKK,2026-06-29,540.0,580.0,535.1,568.9,447548
PIKK,2026-06-30,570.0,589.0,560.1,567.7,358790
PIKK,2026-07-01,570.6,576.2,530.6,533.4,340911
PIKK,2026-07-02,537.5,563.1,535.1,544.0,851423
PIKK,2026-07-03,544.0,557.3,538.3,545.4,307343
PIKK,2026-07-06,547.4,555.0,542.1,551.1,208311
PIKK,2026-07-07,553.2,567.6,538.3,563.2,314450
PIKK,2026-07-08,563.2,571.7,557.1,569.4,196159
PIKK,2026-07-09,570.8,572.0,560.3,567.0,148919
PIKK,2026-07-10,566.4,579.1,560.9,571.1,192287
PIKK,2026-07-13,570.0,576.9,566.8,570.1,141934
PIKK,2026-07-14,571.5,578.5,568.1,570.1,94194
PIKK,2026-07-15,569.8,575.8,566.0,570.0,153724
PIKK,2026-07-16,570.0,573.5,545.0,548.9,385800
PIKK,2026-07-17,549.1,569.0,541.2,562.1,242112
PIKK,2026-07-20,557.0,598.9,552.0,591.4,683780
PIKK,2026-07-21,591.4,598.6,577.5,589.2,317852
PIKK,2026-07-22,589.2,597.5,582.9,590.3,176098
PIKK,2026-07-23,586.0,594.0,564.5,568.8,217743
PIKK,2026-07-24,568.5,581.7,551.1,574.9,573879
PIKK,2026-07-27,579.2,589.4,565.5,574.4,243360
PIKK,2026-07-28,576.0,583.4,570.4,580.0,137555
PIKK,2026-07-29,580.1,584.4,571.0,576.4,286343
PIKK,2026-07-30,576.5,581.0,571.4,577.4,181901
PIKK,2026-07-31,574.3,583.1,572.0,580.0,192345
PIKK,2026-08-03,578.5,596.2,576.8,582.0,242754
PIKK,2026-08-04,582.0,586.4,565.8,571.8,201513
PIKK,2026-08-05,572.8,584.7,569.0,577.4,215307
PIKK,2026-08-06,578.0,593.7,574.5,589.5,339668
PIKK,2026-08-07,589.6,600.0,577.0,579.9,188432
PIKK,2026-08-10,579.0,593.9,577.0,585.7,152151
PIKK,2026-08-11,585.7,590.6,572.9,578.2,207814
PIKK,2026-08-12,576.8,580.9,568.2,570.0,148472
PIKK,2026-08-13,572.0,578.4,567.3,572.9,132736
PIKK,2026-08-14,570.0,581.8,569.5,575.0,251324
