symbol,date,open,high,low,close,volume
PLZL,2014-06-09,514.7,514.9,510.1,511.6,7686
PLZL,2014-06-10,513.3,513.9,504.0,507.0,11410
PLZL,2014-06-11,508.0,525.0,507.0,512.8,24528
PLZL,2014-06-16,477.6,525.0,477.6,517.0,13178
PLZL,2014-06-17,549.0,549.0,512.0,513.1,7502
PLZL,2014-06-18,513.1,513.3,507.4,511.2,13739
PLZL,2014-06-19,511.5,515.0,502.5,502.5,37300
PLZL,2014-06-20,505.0,513.0,501.0,504.6,40861
PLZL,2014-06-23,505.0,508.9,501.0,502.0,12107
PLZL,2014-06-24,509.0,509.0,493.0,499.7,26728
PLZL,2014-06-25,502.0,502.0,481.1,484.8,43112
PLZL,2014-06-26,484.8,489.9,473.3,478.9,44231
PLZL,2014-06-27,479.8,488.0,477.8,483.0,13604
PLZL,2014-06-30,487.1,487.1,477.1,482.0,5049
PLZL,2014-07-01,478.8,487.4,478.8,485.2,18706
PLZL,2014-07-02,493.1,493.1,480.0,482.0,10889
PLZL,2014-07-03,483.2,484.8,478.0,479.7,10749
PLZL,2014-07-04,478.1,481.7,475.0,478.0,8652
PLZL,2014-07-07,480.7,481.4,475.3,481.3,7128
PLZL,2014-07-08,482.8,484.0,479.3,480.1,10475
PLZL,2014-07-09,480.6,481.6,476.2,481.2,4176
PLZL,2014-07-10,480.4,481.9,476.4,477.2,11920
PLZL,2014-07-11,478.5,479.6,476.6,477.2,3126
PLZL,2014-07-14,527.3,527.3,472.0,473.0,9688
PLZL,2014-07-15,472.1,474.5,454.0,465.9,34082
PLZL,2014-07-16,462.8,506.5,462.2,506.0,85087
PLZL,2014-07-17,500.1,524.0,481.1,524.0,62470
PLZL,2014-07-18,521.8,541.5,513.0,519.9,47762
PLZL,2014-07-21,516.4,528.8,495.0,496.0,22948
PLZL,2014-07-22,505.1,505.1,490.0,504.7,9839
PLZL,2014-07-23,507.6,515.0,504.5,515.0,15225
PLZL,2014-07-24,511.7,515.0,490.1,500.8,12757
PLZL,2014-07-25,503.8,504.8,497.5,500.5,3343
PLZL,2014-07-28,493.3,508.4,489.4,490.4,10875
PLZL,2014-07-29,493.6,493.6,480.0,489.7,8208
PLZL,2014-07-30,489.9,491.6,480.2,481.2,4902
PLZL,2014-07-31,481.6,487.9,478.0,482.1,6359
PLZL,2014-08-01,480.0,483.7,478.4,481.5,8050
PLZL,2014-08-04,480.2,487.8,480.0,485.5,4330
PLZL,2014-08-05,490.0,490.0,482.5,488.0,2959
PLZL,2014-08-06,485.6,498.0,480.0,496.5,6395
PLZL,2014-08-07,496.2,498.8,480.0,485.6,12848
PLZL,2014-08-08,487.9,492.0,485.0,489.1,4971
PLZL,2014-08-11,489.6,504.9,489.6,495.4,6491
PLZL,2014-08-12,496.0,496.0,490.0,490.0,2663
PLZL,2014-08-13,489.1,497.5,489.1,497.5,4522
PLZL,2014-08-14,496.5,496.5,491.3,496.0,3580
PLZL,2014-08-15,495.9,496.0,490.1,492.9,8129
PLZL,2014-08-18,494.8,495.9,488.1,489.0,2278
PLZL,2014-08-19,489.1,492.5,487.0,488.7,3761
PLZL,2014-08-20,500.3,500.3,490.0,494.5,4121
PLZL,2014-08-21,479.9,496.6,479.9,493.0,5076
PLZL,2014-08-22,491.4,503.0,490.2,496.0,6028
PLZL,2014-08-25,497.8,499.8,486.0,494.5,7437
PLZL,2014-08-26,493.5,495.9,488.2,493.3,4641
PLZL,2014-08-27,494.6,498.5,491.1,498.5,5362
PLZL,2014-08-28,505.0,511.4,494.1,500.0,15165
PLZL,2014-08-29,501.0,502.0,494.3,498.0,5808
PLZL,2014-09-01,498.0,508.8,498.0,502.0,4517
PLZL,2014-09-02,504.9,505.5,496.1,499.5,3404
PLZL,2014-09-03,500.9,501.9,496.1,500.5,5091
PLZL,2014-09-04,514.0,514.0,494.0,499.3,7285
PLZL,2014-09-05,500.0,502.0,498.0,499.2,5393
PLZL,2014-09-08,494.7,515.0,494.7,500.0,5713
PLZL,2014-09-09,501.9,503.6,498.1,499.4,2908
PLZL,2014-09-10,499.2,502.0,498.3,498.9,2743
PLZL,2014-09-11,502.0,502.0,496.9,498.8,3276
PLZL,2014-09-12,497.5,500.8,495.0,498.9,5608
PLZL,2014-09-15,496.8,500.0,495.0,495.6,2420
PLZL,2014-09-16,496.1,497.7,491.0,496.5,4713
PLZL,2014-09-17,495.0,495.0,485.5,490.1,9673
PLZL,2014-09-18,495.0,495.0,483.0,487.5,5357
PLZL,2014-09-19,485.1,509.0,484.5,509.0,12501
PLZL,2014-09-22,501.3,502.9,490.2,493.9,10505
PLZL,2014-09-23,494.0,504.0,491.0,496.1,15230
PLZL,2014-09-24,497.0,502.9,495.2,502.0,8405
PLZL,2014-09-25,503.0,503.0,496.8,499.1,3960
PLZL,2014-09-26,499.0,502.1,491.7,497.0,4261
PLZL,2014-09-29,495.2,498.9,494.7,496.8,3334
PLZL,2014-09-30,498.7,498.7,491.0,493.9,3605
PLZL,2014-10-01,494.0,497.0,491.0,492.5,3441
PLZL,2014-10-02,491.0,494.0,490.0,491.5,4008
PLZL,2014-10-03,491.5,495.0,489.0,494.0,1862
PLZL,2014-10-06,493.5,495.0,491.0,494.0,2987
PLZL,2014-10-07,496.0,496.0,489.0,490.0,2532
PLZL,2014-10-08,489.5,500.0,483.5,487.5,7099
PLZL,2014-10-09,493.0,493.0,489.5,490.0,1590
PLZL,2014-10-10,490.5,492.0,475.5,483.5,5128
PLZL,2014-10-13,483.0,485.0,479.0,484.0,4871
PLZL,2014-10-14,483.0,486.0,479.5,479.5,3661
PLZL,2014-10-15,479.0,481.5,472.5,475.0,4983
PLZL,2014-10-16,478.0,479.5,460.0,471.0,5521
PLZL,2014-10-17,471.0,474.0,469.0,471.0,2734
PLZL,2014-10-20,472.0,476.5,466.5,469.5,19140
PLZL,2014-10-21,468.5,472.0,466.0,470.0,3597
PLZL,2014-10-22,483.0,483.0,463.0,467.0,3570
PLZL,2014-10-23,464.5,468.0,460.0,461.5,5560
PLZL,2014-10-24,462.0,464.5,459.0,461.0,1738
PLZL,2014-10-27,461.0,465.0,456.0,459.0,3897
PLZL,2014-10-28,459.0,463.0,457.5,461.0,7672
PLZL,2014-10-29,465.5,473.0,460.5,468.0,9049
PLZL,2014-10-30,468.0,470.0,464.5,469.0,9595
PLZL,2014-10-31,472.0,480.0,468.5,478.0,9199
PLZL,2014-11-03,481.0,481.0,470.5,476.0,564
PLZL,2014-11-05,475.0,478.0,470.5,475.0,9319
PLZL,2014-11-06,475.5,489.5,465.0,477.5,29811
PLZL,2014-11-07,474.0,482.0,473.0,477.5,6106
PLZL,2014-11-10,478.0,486.0,474.0,483.0,9702
PLZL,2014-11-11,483.0,487.0,475.5,478.0,5729
PLZL,2014-11-12,478.0,479.5,470.5,472.5,8560
PLZL,2014-11-13,471.5,478.0,469.0,471.5,7183
PLZL,2014-11-14,471.0,473.5,461.5,473.5,9976
PLZL,2014-11-17,474.5,475.0,468.0,470.0,3660
PLZL,2014-11-18,467.5,484.0,467.5,482.0,17314
PLZL,2014-11-19,482.0,539.0,482.0,529.0,100288
PLZL,2014-11-20,530.0,544.0,515.0,523.5,46554
PLZL,2014-11-21,530.5,532.5,520.0,529.5,25161
PLZL,2014-11-24,529.5,580.0,529.5,580.0,68694
PLZL,2014-11-25,580.0,662.0,570.5,656.5,167846
PLZL,2014-11-26,662.0,784.0,657.0,759.0,390869
PLZL,2014-11-27,757.0,795.0,703.0,740.0,212457
PLZL,2014-11-28,737.0,757.0,681.0,706.0,96366
PLZL,2014-12-01,623.5,778.0,623.5,755.5,185873
PLZL,2014-12-02,760.0,879.0,755.0,879.0,218716
PLZL,2014-12-03,885.0,1040.0,851.0,1040.0,323768
PLZL,2014-12-04,1045.0,1287.5,1045.0,1209.0,364439
PLZL,2014-12-05,1220.0,1300.0,980.0,1055.0,240480
PLZL,2014-12-08,1020.5,1106.0,911.0,1070.0,187333
PLZL,2014-12-09,1080.5,1189.0,1071.0,1166.0,150212
PLZL,2014-12-10,1195.0,1240.0,1120.0,1143.5,102144
PLZL,2014-12-11,1170.0,1180.0,1024.0,1070.0,73991
PLZL,2014-12-12,1075.0,1091.0,1001.0,1052.0,51003
PLZL,2014-12-15,1052.0,1052.0,961.5,999.0,74629
PLZL,2014-12-16,989.5,1008.0,800.0,1000.0,102695
PLZL,2014-12-17,1070.5,1070.5,985.0,1015.0,26034
PLZL,2014-12-18,1037.5,1041.5,911.5,1006.0,56818
PLZL,2014-12-19,999.0,1025.0,975.0,975.0,33985
PLZL,2014-12-22,895.0,1011.0,895.0,999.5,20974
PLZL,2014-12-23,999.5,1005.0,985.0,1000.0,12073
PLZL,2014-12-24,990.0,1190.5,955.0,1071.5,67888
PLZL,2014-12-25,1072.5,1155.0,1072.5,1105.0,57209
PLZL,2014-12-26,1107.0,1150.0,1012.0,1050.0,38496
PLZL,2014-12-29,1045.0,1079.5,993.5,1000.0,16013
PLZL,2014-12-30,1015.0,1015.0,975.0,997.5,18784
PLZL,2015-01-05,1000.5,1012.0,985.0,1000.5,2031
PLZL,2015-01-06,995.0,1112.5,995.0,1047.0,16827
PLZL,2015-01-08,1050.0,1096.5,1050.0,1060.0,11605
PLZL,2015-01-09,1058.5,1068.0,1041.5,1050.0,9443
PLZL,2015-01-12,1051.5,1066.0,1005.0,1020.0,18363
PLZL,2015-01-13,1024.5,1056.0,1014.0,1035.5,14926
PLZL,2015-01-14,1043.0,1043.0,980.0,1024.0,11302
PLZL,2015-01-15,1034.0,1055.5,1012.5,1045.0,18767
PLZL,2015-01-16,1051.0,1080.0,1042.5,1076.0,15221
PLZL,2015-01-19,1080.0,1180.0,1080.0,1090.0,42338
PLZL,2015-01-20,1093.0,1130.0,1085.0,1119.0,17765
PLZL,2015-01-21,1160.0,1160.0,1111.5,1120.0,15838
PLZL,2015-01-22,1111.0,1138.5,1090.0,1119.0,18147
PLZL,2015-01-23,1085.5,1130.0,1070.0,1070.0,21547
PLZL,2015-01-26,1073.0,1089.0,1040.0,1051.0,13498
PLZL,2015-01-27,1055.0,1079.5,1012.5,1040.0,19432
PLZL,2015-01-28,1045.0,1079.0,1036.0,1055.0,10566
PLZL,2015-01-29,1047.0,1065.0,1038.0,1055.0,10744
PLZL,2015-01-30,1055.0,1079.0,1031.0,1049.5,35185
PLZL,2015-02-02,1058.5,1073.5,1036.0,1046.5,9240
PLZL,2015-02-03,1050.0,1072.0,1040.0,1054.0,24866
PLZL,2015-02-04,1054.0,1062.5,1043.5,1052.0,8270
PLZL,2015-02-05,1052.5,1080.0,1048.0,1061.0,7206
PLZL,2015-02-06,1069.5,1069.5,1050.5,1060.0,8874
PLZL,2015-02-09,1057.5,1074.0,1048.0,1069.0,6063
PLZL,2015-02-10,1077.0,1077.0,1058.5,1063.0,2103
PLZL,2015-02-11,1063.0,1180.0,1059.5,1136.0,44939
PLZL,2015-02-12,1139.0,1150.0,1075.0,1100.5,35702
PLZL,2015-02-13,1061.5,1135.0,1061.5,1112.0,12923
PLZL,2015-02-16,1112.5,1150.0,1096.5,1150.0,10119
PLZL,2015-02-17,1139.5,1180.0,1112.0,1130.5,20689
PLZL,2015-02-18,1130.0,1140.5,1109.5,1118.5,42811
PLZL,2015-02-19,1120.0,1167.0,1090.0,1110.0,24952
PLZL,2015-02-20,1128.0,1130.0,1090.0,1096.0,167520
PLZL,2015-02-24,1070.5,1103.0,1070.5,1100.0,5522
PLZL,2015-02-25,1097.5,1125.0,1090.0,1105.0,51214
PLZL,2015-02-26,1100.5,1140.0,1091.5,1111.5,29618
PLZL,2015-02-27,1112.5,1130.0,1101.5,1110.0,38586
PLZL,2015-03-02,1109.0,1135.5,1109.0,1130.0,7651
PLZL,2015-03-03,1133.5,1155.5,1123.5,1138.0,21857
PLZL,2015-03-04,1116.0,1145.5,1116.0,1134.5,4852
PLZL,2015-03-05,1128.5,1141.0,1120.0,1138.5,9956
PLZL,2015-03-06,1135.0,1139.0,1122.0,1125.5,45275
PLZL,2015-03-10,1116.0,1130.0,1096.5,1116.5,12389
PLZL,2015-03-11,1116.5,1131.5,1115.0,1118.0,6802
PLZL,2015-03-12,1119.0,1130.0,1115.0,1125.5,5849
PLZL,2015-03-13,1130.0,1130.0,1115.5,1116.0,3979
PLZL,2015-03-16,1124.0,1128.5,1055.0,1065.0,9132
PLZL,2015-03-17,1079.5,1079.5,880.0,1000.0,25340
PLZL,2015-03-18,1000.0,1019.5,980.0,998.0,3398
PLZL,2015-03-19,1016.0,1049.0,982.0,1045.0,9085
PLZL,2015-03-20,1045.0,1049.0,1023.0,1042.5,2631
PLZL,2015-03-23,1048.0,1048.5,1003.5,1008.0,5402
PLZL,2015-03-24,1018.5,1025.0,1005.5,1013.0,2045
PLZL,2015-03-25,1005.5,1013.5,992.0,1001.5,6344
PLZL,2015-03-26,993.0,1008.0,993.0,1002.0,4991
PLZL,2015-03-27,993.0,1075.0,993.0,1066.0,22951
PLZL,2015-03-30,1031.0,1058.0,1013.0,1028.0,8122
PLZL,2015-03-31,1025.5,1039.0,1016.5,1016.5,3027
PLZL,2015-04-01,1027.0,1037.5,1025.0,1028.0,1818
PLZL,2015-04-02,1029.5,1029.5,1007.0,1011.0,4807
PLZL,2015-04-03,1013.0,1013.0,1005.0,1013.0,2748
PLZL,2015-04-06,1013.0,1020.0,1005.0,1016.5,2961
PLZL,2015-04-07,1017.0,1038.0,1005.0,1027.5,5201
PLZL,2015-04-08,1023.0,1029.5,1020.0,1022.0,6769
PLZL,2015-04-09,1021.0,1067.5,1020.0,1025.0,6466
PLZL,2015-04-10,1024.5,1059.5,1020.0,1035.0,12479
PLZL,2015-04-13,1037.0,1071.0,1025.0,1059.5,7580
PLZL,2015-04-14,1059.5,1070.0,1020.0,1045.0,8993
PLZL,2015-04-15,1030.5,1100.0,1029.5,1090.0,21854
PLZL,2015-04-16,1100.5,1130.0,1092.5,1120.5,33830
PLZL,2015-04-17,1141.0,1166.0,1130.5,1143.0,22453
PLZL,2015-04-20,1131.5,1178.0,1101.0,1175.0,19884
PLZL,2015-04-21,1198.0,1225.0,1125.5,1220.0,26370
PLZL,2015-04-22,1218.5,1359.0,1202.0,1316.0,62119
PLZL,2015-04-23,1316.5,1348.0,1253.0,1270.5,40351
PLZL,2015-04-24,1261.5,1339.0,1212.0,1324.5,32816
PLZL,2015-04-27,1333.5,1400.0,1310.0,1400.0,26358
PLZL,2015-04-28,1400.0,1569.5,1382.0,1501.5,69325
PLZL,2015-04-29,1490.0,1559.0,1480.0,1515.0,63017
PLZL,2015-04-30,1515.0,1577.0,1460.0,1545.0,39683
PLZL,2015-05-05,1550.0,1614.0,1465.0,1587.5,38999
PLZL,2015-05-06,1602.0,1650.0,1536.5,1610.0,23970
PLZL,2015-05-07,1609.5,1695.0,1581.0,1665.5,24881
PLZL,2015-05-08,1674.0,1737.0,1670.0,1691.0,27527
PLZL,2015-05-12,1694.5,1699.5,1526.5,1590.0,51553
PLZL,2015-05-13,1584.0,1649.5,1533.5,1605.5,21441
PLZL,2015-05-14,1603.5,1650.0,1562.0,1585.0,12391
PLZL,2015-05-15,1580.0,1618.0,1555.5,1600.0,21246
PLZL,2015-05-18,1578.0,1624.5,1578.0,1613.5,13498
PLZL,2015-05-19,1622.0,1638.0,1590.0,1621.5,17473
PLZL,2015-05-20,1615.5,1658.0,1573.0,1637.0,17135
PLZL,2015-05-21,1630.0,1689.0,1595.5,1612.0,12835
PLZL,2015-05-22,1612.0,1633.5,1596.0,1612.0,10556
PLZL,2015-05-25,1598.0,1645.0,1598.0,1607.5,14641
PLZL,2015-05-26,1605.0,1635.5,1575.0,1606.5,8387
PLZL,2015-05-27,1601.0,1615.0,1595.0,1601.5,3076
PLZL,2015-05-28,1595.5,1620.0,1589.0,1591.5,23736
PLZL,2015-05-29,1622.0,1622.0,1569.0,1575.0,6185
PLZL,2015-06-01,1535.0,1580.0,1535.0,1567.0,5134
PLZL,2015-06-02,1560.5,1575.0,1515.0,1515.0,4339
PLZL,2015-06-03,1530.0,1551.0,1435.0,1510.0,6098
PLZL,2015-06-04,1529.5,1529.5,1438.0,1483.0,5166
PLZL,2015-06-05,1451.0,1483.5,1440.0,1475.5,2631
PLZL,2015-06-08,1484.5,1520.0,1478.0,1510.0,7346
PLZL,2015-06-09,1525.0,1609.5,1512.0,1540.0,5548
PLZL,2015-06-10,1569.0,1643.5,1551.5,1640.0,10654
PLZL,2015-06-11,1643.0,1749.5,1620.0,1712.0,20798
PLZL,2015-06-15,1771.5,1830.0,1650.0,1798.5,18956
PLZL,2015-06-16,1815.0,1857.5,1770.0,1804.5,16256
PLZL,2015-06-17,1800.0,1835.0,1771.5,1805.0,11013
PLZL,2015-06-18,1800.0,1864.0,1626.0,1812.0,18547
PLZL,2015-06-19,1803.5,1830.0,1786.0,1806.0,23565
PLZL,2015-06-22,1770.0,1817.0,1761.0,1804.5,4244
PLZL,2015-06-23,1773.0,1807.5,1773.0,1800.5,3753
PLZL,2015-06-24,1772.0,1804.5,1771.0,1804.0,5072
PLZL,2015-06-25,1786.5,1820.0,1786.0,1800.0,4453
PLZL,2015-06-26,1791.0,1800.0,1731.0,1795.0,21258
PLZL,2015-06-29,1799.5,1835.5,1757.0,1801.5,4019
PLZL,2015-06-30,1788.5,1800.0,1620.0,1710.0,20592
PLZL,2015-07-01,1666.5,1744.0,1651.5,1710.0,88466
PLZL,2015-07-02,1709.5,1740.0,1680.0,1730.0,87231
PLZL,2015-07-03,1721.0,1725.0,1690.0,1690.0,20443
PLZL,2015-07-06,1689.5,1715.0,1689.5,1710.0,55242
PLZL,2015-07-07,1699.0,1740.0,1682.0,1706.0,79121
PLZL,2015-07-08,1732.0,1785.0,1686.0,1739.5,14906
PLZL,2015-07-09,1739.0,1786.0,1723.0,1786.0,11160
PLZL,2015-07-10,1789.5,1817.5,1786.5,1801.0,5166
PLZL,2015-07-13,1816.5,1865.5,1770.0,1783.0,16116
PLZL,2015-07-14,1798.0,1824.5,1702.5,1821.0,4722
PLZL,2015-07-15,1820.0,1850.0,1785.5,1824.0,11240
PLZL,2015-07-16,1811.0,1835.0,1804.0,1810.0,1915
PLZL,2015-07-17,1803.0,1839.5,1800.0,1830.0,8492
PLZL,2015-07-20,1840.0,1849.5,1807.0,1807.0,5999
PLZL,2015-07-21,1829.0,1834.0,1809.0,1810.5,5222
PLZL,2015-07-22,1808.0,1829.0,1808.0,1810.5,2574
PLZL,2015-07-23,1803.0,1820.0,1723.0,1786.5,10742
PLZL,2015-07-24,1764.5,1810.0,1764.5,1777.0,4985
PLZL,2015-07-27,1829.5,1950.0,1785.0,1803.5,3526
PLZL,2015-07-28,1800.0,1839.5,1788.0,1807.5,11349
PLZL,2015-07-29,1800.5,1820.0,1800.0,1805.0,1006
PLZL,2015-07-30,1808.5,1835.0,1796.5,1805.0,1992
PLZL,2015-07-31,1828.0,1835.0,1789.5,1800.0,6335
PLZL,2015-08-03,1795.0,1885.0,1795.0,1800.0,4014
PLZL,2015-08-04,1850.0,1850.0,1805.0,1815.0,5102
PLZL,2015-08-05,1845.0,1875.0,1805.0,1835.0,8873
PLZL,2015-08-06,1840.0,1920.0,1840.0,1875.0,7371
PLZL,2015-08-07,1890.0,2130.0,1875.0,2060.0,28530
PLZL,2015-08-10,2050.0,2295.0,2005.0,2280.0,19608
PLZL,2015-08-11,2290.0,2290.0,2050.0,2200.0,14408
PLZL,2015-08-12,2195.0,2435.0,2195.0,2430.0,26502
PLZL,2015-08-13,2400.0,2755.0,2230.0,2360.0,33746
PLZL,2015-08-14,2395.0,2555.0,2300.0,2365.0,15665
PLZL,2015-08-17,2390.0,2390.0,2220.0,2260.0,8393
PLZL,2015-08-18,2235.0,2260.0,2170.0,2200.0,6766
PLZL,2015-08-19,2230.0,2375.0,2225.0,2305.0,14114
PLZL,2015-08-20,2350.0,2400.0,2210.0,2250.0,15352
PLZL,2015-08-21,2340.0,2340.0,2265.0,2315.0,9420
PLZL,2015-08-24,2290.0,2305.0,2150.0,2215.0,17963
PLZL,2015-08-25,2210.0,2285.0,2160.0,2230.0,13083
PLZL,2015-08-26,2185.0,2275.0,2175.0,2230.0,11512
PLZL,2015-08-27,2215.0,2350.0,2215.0,2280.0,6868
PLZL,2015-08-28,2305.0,2400.0,2220.0,2370.0,29683
PLZL,2015-08-31,2345.0,2455.0,2325.0,2370.0,7227
PLZL,2015-09-01,2370.0,2540.0,2300.0,2465.0,12971
PLZL,2015-09-02,2460.0,2520.0,2375.0,2500.0,15462
PLZL,2015-09-03,2525.0,2700.0,2500.0,2615.0,16471
PLZL,2015-09-04,2620.0,2715.0,2605.0,2650.0,12643
PLZL,2015-09-07,2715.0,2790.0,2470.0,2710.0,20238
PLZL,2015-09-08,2725.0,2940.0,2680.0,2935.0,20184
PLZL,2015-09-09,2950.0,3050.0,2820.0,2895.0,32589
PLZL,2015-09-10,2935.0,3085.0,2880.0,3025.0,85616
PLZL,2015-09-11,3045.0,3110.0,2990.0,3025.0,16395
PLZL,2015-09-14,3070.0,3100.0,3015.0,3030.0,22106
PLZL,2015-09-15,3000.0,3020.0,2765.0,2880.0,21759
PLZL,2015-09-16,2900.0,2925.0,2785.0,2785.0,8561
PLZL,2015-09-17,2785.0,2805.0,2650.0,2685.0,11077
PLZL,2015-09-18,2675.0,2795.0,2675.0,2745.0,9129
PLZL,2015-09-21,2770.0,2770.0,2660.0,2670.0,3464
PLZL,2015-09-22,2675.0,2675.0,2515.0,2590.0,15294
PLZL,2015-09-23,2520.0,2950.0,2520.0,2950.0,27415
PLZL,2015-09-24,2975.0,2975.0,2665.0,2680.0,21649
PLZL,2015-09-25,2700.0,2870.0,2650.0,2755.0,18388
PLZL,2015-09-28,2790.0,2920.0,2760.0,2890.0,19347
PLZL,2015-09-29,2890.0,3050.0,2605.0,2960.0,21338
PLZL,2015-09-30,2965.0,3085.0,2870.0,2900.0,9957
PLZL,2015-10-01,2945.0,2985.0,2860.0,2905.0,4343
PLZL,2015-10-02,2920.0,2945.0,2880.0,2890.0,7652
PLZL,2015-10-05,2880.0,2925.0,2815.0,2895.0,5836
PLZL,2015-10-06,2950.0,2950.0,2860.0,2895.0,6238
PLZL,2015-10-07,2870.0,2905.0,2770.0,2780.0,6760
PLZL,2015-10-08,2770.0,2835.0,2700.0,2740.0,4717
PLZL,2015-10-09,2770.0,2770.0,2650.0,2675.0,7249
PLZL,2015-10-12,2670.0,2890.0,2655.0,2770.0,8891
PLZL,2015-10-13,2845.0,2845.0,2740.0,2765.0,4129
PLZL,2015-10-14,2755.0,2845.0,2745.0,2805.0,4642
PLZL,2015-10-15,2800.0,2840.0,2755.0,2820.0,5279
PLZL,2015-10-16,2790.0,2825.0,2775.0,2780.0,2299
PLZL,2015-10-19,2780.0,2820.0,2760.0,2795.0,3713
PLZL,2015-10-20,2775.0,2810.0,2765.0,2770.0,2044
PLZL,2015-10-21,2780.0,2805.0,2770.0,2785.0,3717
PLZL,2015-10-22,2775.0,2805.0,2735.0,2780.0,7514
PLZL,2015-10-23,2800.0,2815.0,2750.0,2785.0,2762
PLZL,2015-10-26,2755.0,2820.0,2755.0,2790.0,3937
PLZL,2015-10-27,2790.0,2815.0,2770.0,2785.0,2604
PLZL,2015-10-28,2805.0,2835.0,2780.0,2800.0,5727
PLZL,2015-10-29,2800.0,2810.0,2770.0,2780.0,2876
PLZL,2015-10-30,2790.0,2930.0,2790.0,2815.0,6498
PLZL,2015-11-02,2870.0,2875.0,2805.0,2810.0,5159
PLZL,2015-11-03,2815.0,2830.0,2775.0,2795.0,6729
PLZL,2015-11-05,2775.0,2820.0,2725.0,2735.0,5304
PLZL,2015-11-06,2745.0,2780.0,2625.0,2625.0,14377
PLZL,2015-11-09,2640.0,2640.0,2610.0,2610.0,11820
PLZL,2015-11-10,2615.0,2660.0,2605.0,2620.0,12311
PLZL,2015-11-11,2620.0,2620.0,2550.0,2575.0,5849
PLZL,2015-11-12,2505.0,2770.0,2505.0,2705.0,17615
PLZL,2015-11-13,2700.0,2735.0,2640.0,2640.0,1961
PLZL,2015-11-16,2635.0,2740.0,2635.0,2660.0,11375
PLZL,2015-11-17,2665.0,2705.0,2655.0,2670.0,3445
PLZL,2015-11-18,2645.0,2750.0,2645.0,2700.0,11640
PLZL,2015-11-19,2700.0,2750.0,2690.0,2705.0,6877
PLZL,2015-11-20,2650.0,2770.0,2650.0,2710.0,14129
PLZL,2015-11-23,2705.0,2750.0,2700.0,2715.0,4287
PLZL,2015-11-24,2710.0,2775.0,2625.0,2635.0,9632
PLZL,2015-11-25,2655.0,2715.0,2635.0,2680.0,5910
PLZL,2015-11-26,2695.0,2700.0,2655.0,2680.0,4541
PLZL,2015-11-27,2665.0,2730.0,2665.0,2700.0,3661
PLZL,2015-11-30,2695.0,2715.0,2630.0,2630.0,7332
PLZL,2015-12-01,2690.0,2700.0,2645.0,2660.0,4031
PLZL,2015-12-02,2670.0,2700.0,2640.0,2650.0,5363
PLZL,2015-12-03,2675.0,2700.0,2635.0,2660.0,2217
PLZL,2015-12-04,2660.0,2700.0,2650.0,2655.0,3204
PLZL,2015-12-07,2685.0,2715.0,2670.0,2670.0,4798
PLZL,2015-12-08,2680.0,2700.0,2645.0,2665.0,4011
PLZL,2015-12-09,2680.0,2710.0,2665.0,2680.0,3738
PLZL,2015-12-10,2705.0,2715.0,2670.0,2685.0,4296
PLZL,2015-12-11,2695.0,2790.0,2680.0,2730.0,8578
PLZL,2015-12-14,2790.0,2860.0,2730.0,2840.0,7582
PLZL,2015-12-15,2840.0,2975.0,2840.0,2920.0,9718
PLZL,2015-12-16,2935.0,2995.0,2855.0,2860.0,20226
PLZL,2015-12-17,2775.0,2955.0,2775.0,2920.0,10161
PLZL,2015-12-18,2900.0,2950.0,2900.0,2910.0,5934
PLZL,2015-12-21,2910.0,4000.0,2860.0,3290.0,41635
PLZL,2015-12-22,3305.0,3650.0,3000.0,3010.0,22036
PLZL,2015-12-23,3055.0,3165.0,2930.0,2930.0,11727
PLZL,2015-12-24,2950.0,3230.0,2945.0,3070.0,20981
PLZL,2015-12-25,3055.0,3145.0,2965.0,2985.0,4855
PLZL,2015-12-28,2990.0,3035.0,2825.0,2830.0,5758
PLZL,2015-12-29,2830.0,2915.0,2810.0,2905.0,9965
PLZL,2015-12-30,2950.0,2950.0,2860.0,2875.0,2526
PLZL,2016-01-04,2900.0,2950.0,2840.0,2860.0,3726
PLZL,2016-01-05,2890.0,2895.0,2840.0,2885.0,989
PLZL,2016-01-06,2870.0,2900.0,2845.0,2890.0,433
PLZL,2016-01-11,2890.0,3090.0,2850.0,3030.0,9025
PLZL,2016-01-12,3100.0,3355.0,3025.0,3180.0,23099
PLZL,2016-01-13,3280.0,3350.0,3070.0,3120.0,7449
PLZL,2016-01-14,3200.0,3215.0,3080.0,3100.0,6769
PLZL,2016-01-15,3100.0,3100.0,2930.0,3100.0,7232
PLZL,2016-01-18,3085.0,3085.0,2950.0,3010.0,4032
PLZL,2016-01-19,3015.0,3015.0,2850.0,2995.0,5058
PLZL,2016-01-20,2995.0,3195.0,2930.0,3075.0,13757
PLZL,2016-01-21,3320.0,3325.0,3120.0,3120.0,8790
PLZL,2016-01-22,3250.0,3250.0,3060.0,3105.0,7691
PLZL,2016-01-25,3110.0,3120.0,3050.0,3080.0,3309
PLZL,2016-01-26,3105.0,3180.0,3065.0,3115.0,5511
PLZL,2016-01-27,3135.0,3145.0,3065.0,3110.0,6559
PLZL,2016-01-28,3145.0,3155.0,3090.0,3100.0,7787
PLZL,2016-01-29,3100.0,3245.0,3090.0,3245.0,6001
PLZL,2016-02-01,3260.0,3260.0,3123.0,3152.0,3316
PLZL,2016-02-02,3101.0,3190.0,3101.0,3138.0,3651
PLZL,2016-02-03,3138.0,3158.0,3091.0,3110.0,5544
PLZL,2016-02-04,3111.0,3119.0,3050.0,3064.0,7916
PLZL,2016-02-05,3065.0,3074.0,3033.0,3064.0,5320
PLZL,2016-02-08,3065.0,3100.0,3064.0,3078.0,3360
PLZL,2016-02-09,3075.0,3120.0,3075.0,3115.0,14652
PLZL,2016-02-10,3129.0,3145.0,3056.0,3119.0,5673
PLZL,2016-02-11,3110.0,3170.0,3086.0,3169.0,8605
PLZL,2016-02-12,3110.0,3169.0,3090.0,3143.0,5589
PLZL,2016-02-15,3113.0,3165.0,3101.0,3142.0,1832
PLZL,2016-02-16,3145.0,3260.0,3120.0,3251.0,9350
PLZL,2016-02-17,3223.0,3300.0,3200.0,3230.0,7126
PLZL,2016-02-18,3227.0,3275.0,3205.0,3275.0,7324
PLZL,2016-02-19,3275.0,3440.0,3251.0,3341.0,12049
PLZL,2016-02-20,3395.0,3397.0,3315.0,3340.0,1620
PLZL,2016-02-22,3399.0,3399.0,3340.0,3356.0,1800
PLZL,2016-02-24,3399.0,3489.0,3347.0,3459.0,14403
PLZL,2016-02-25,3460.0,3620.0,3460.0,3613.0,10406
PLZL,2016-02-26,3610.0,3900.0,3603.0,3884.0,25430
PLZL,2016-02-29,3933.0,3999.0,3810.0,3995.0,18720
PLZL,2016-03-01,3995.0,4288.0,3755.0,3928.0,30596
PLZL,2016-03-02,3979.0,3979.0,3790.0,3844.0,6176
PLZL,2016-03-03,3815.0,4099.0,3815.0,4099.0,20657
PLZL,2016-03-04,4060.0,4190.0,3988.0,4100.0,19325
PLZL,2016-03-07,4101.0,4151.0,4001.0,4070.0,2087
PLZL,2016-03-09,4070.0,4080.0,3906.0,4017.0,10232
PLZL,2016-03-10,3999.0,4079.0,3910.0,4044.0,8300
PLZL,2016-03-11,4019.0,4019.0,3915.0,3940.0,7965
PLZL,2016-03-14,3940.0,3999.0,3830.0,3920.0,9268
PLZL,2016-03-15,3900.0,3927.0,3750.0,3890.0,28688
PLZL,2016-03-16,3845.0,3997.0,3845.0,3997.0,6426
PLZL,2016-03-17,3997.0,4040.0,3902.0,3970.0,3658
PLZL,2016-03-18,3963.0,4000.0,3914.0,3926.0,2298
PLZL,2016-03-21,3955.0,3955.0,3860.0,3861.0,3043
PLZL,2016-03-22,3869.0,3885.0,3792.0,3837.0,5785
PLZL,2016-03-23,3822.0,3848.0,3801.0,3836.0,4988
PLZL,2016-03-24,3837.0,3936.0,3830.0,3890.0,13638
PLZL,2016-03-25,3900.0,3900.0,3820.0,3820.0,4308
PLZL,2016-03-28,3850.0,3920.0,3833.0,3863.0,3813
PLZL,2016-03-29,3880.0,3949.0,3817.0,3930.0,9318
PLZL,2016-03-30,3939.0,3939.0,3838.0,3876.0,1983
PLZL,2016-03-31,3855.0,3860.0,3800.0,3803.0,6318
PLZL,2016-04-01,3810.0,3861.0,3795.0,3849.0,5837
PLZL,2016-04-04,3849.0,3871.0,3815.0,3830.0,4328
PLZL,2016-04-05,3807.0,3930.0,3807.0,3909.0,7616
PLZL,2016-04-06,3929.0,3929.0,3820.0,3820.0,5790
PLZL,2016-04-07,3860.0,3860.0,3802.0,3854.0,4104
PLZL,2016-04-08,3863.0,3863.0,3790.0,3799.0,4290
PLZL,2016-04-11,3830.0,3830.0,3756.0,3760.0,2561
PLZL,2016-04-12,3737.0,3798.0,3680.0,3700.0,6017
PLZL,2016-04-13,3729.0,3729.0,3641.0,3671.0,5697
PLZL,2016-04-14,3688.0,3874.0,3688.0,3849.0,12572
PLZL,2016-04-15,3868.0,4014.0,3738.0,4014.0,44249
PLZL,2016-04-18,4001.0,4347.0,3970.0,4150.0,28859
PLZL,2016-04-19,4189.0,4345.0,4150.0,4290.0,15470
PLZL,2016-04-20,4281.0,4410.0,4281.0,4400.0,19670
PLZL,2016-04-21,4346.0,4597.0,4346.0,4536.0,15245
PLZL,2016-04-22,4470.0,4630.0,4470.0,4570.0,15595
PLZL,2016-04-25,4599.0,4790.0,4574.0,4741.0,19199
PLZL,2016-04-26,4750.0,4850.0,4370.0,4744.0,11046
PLZL,2016-04-27,4652.0,4849.0,4389.0,4798.0,18676
PLZL,2016-04-28,4800.0,4800.0,4700.0,4760.0,7538
PLZL,2016-04-29,4705.0,4793.0,4661.0,4768.0,8041
PLZL,2016-05-04,4797.0,4875.0,4683.0,4750.0,3664
PLZL,2016-05-05,4726.0,4848.0,4703.0,4813.0,5858
PLZL,2016-05-06,4840.0,4845.0,4705.0,4755.0,2861
PLZL,2016-05-10,4735.0,4797.0,4727.0,4756.0,3557
PLZL,2016-05-11,4788.0,4788.0,4740.0,4753.0,4701
PLZL,2016-05-12,4769.0,4770.0,4731.0,4740.0,5317
PLZL,2016-05-13,4727.0,4770.0,4715.0,4750.0,2812
PLZL,2016-05-16,4770.0,4770.0,4732.0,4750.0,3499
PLZL,2016-05-17,4725.0,4800.0,4725.0,4770.0,5050
PLZL,2016-05-18,4799.0,4950.0,4732.0,4733.0,4764
PLZL,2016-05-19,4750.0,4750.0,4680.0,4700.0,4234
PLZL,2016-05-20,4689.0,4790.0,4689.0,4750.0,960
PLZL,2016-05-23,4741.0,4751.0,4676.0,4691.0,4095
PLZL,2016-05-24,4680.0,4747.0,4501.0,4711.0,5041
PLZL,2016-05-25,4749.0,4769.0,4683.0,4705.0,2863
PLZL,2016-05-26,4705.0,4720.0,4673.0,4704.0,3892
PLZL,2016-05-27,4711.0,4730.0,4687.0,4690.0,2500
PLZL,2016-05-30,4750.0,4750.0,4675.0,4720.0,3688
PLZL,2016-05-31,4712.0,4715.0,4671.0,4682.0,8613
PLZL,2016-06-01,4694.0,4699.0,4650.0,4651.0,8569
PLZL,2016-06-02,4688.0,4720.0,4688.0,4719.0,4646
PLZL,2016-06-03,4720.0,4720.0,4698.0,4720.0,4076
PLZL,2016-06-06,4750.0,4750.0,4675.0,4710.0,4554
PLZL,2016-06-07,4678.0,4715.0,4601.0,4700.0,4918
PLZL,2016-06-08,4700.0,4720.0,4652.0,4700.0,5084
PLZL,2016-06-09,4674.0,4742.0,4674.0,4707.0,697
PLZL,2016-06-10,4675.0,4725.0,4675.0,4704.0,1565
PLZL,2016-06-14,4700.0,4718.0,4650.0,4704.0,4770
PLZL,2016-06-15,4705.0,4719.0,4659.0,4719.0,5289
PLZL,2016-06-16,4700.0,4710.0,4670.0,4700.0,4230
PLZL,2016-06-17,4680.0,4710.0,4680.0,4705.0,4215
PLZL,2016-06-20,4705.0,4709.0,4690.0,4697.0,2721
PLZL,2016-06-21,4705.0,4708.0,4690.0,4707.0,2924
PLZL,2016-06-22,4707.0,4707.0,4690.0,4690.0,3965
PLZL,2016-06-23,4681.0,4700.0,4664.0,4687.0,2546
PLZL,2016-06-24,4720.0,4721.0,4651.0,4662.0,5379
PLZL,2016-06-27,4700.0,4750.0,4625.0,4689.0,6320
PLZL,2016-06-28,4700.0,4700.0,4674.0,4693.0,4173
PLZL,2016-06-29,4699.0,4700.0,4683.0,4698.0,1748
PLZL,2016-06-30,4680.0,4700.0,4672.0,4696.0,4910
PLZL,2016-07-01,4697.0,4698.0,4613.0,4689.0,5703
PLZL,2016-07-04,4698.0,4699.0,4657.0,4681.0,3953
PLZL,2016-07-05,4698.0,4700.0,4680.0,4698.0,2391
PLZL,2016-07-06,4697.0,4698.0,4670.0,4690.0,4637
PLZL,2016-07-07,4694.0,4695.0,4653.0,4682.0,2712
PLZL,2016-07-08,4697.0,4697.0,4665.0,4680.0,2889
PLZL,2016-07-11,4662.0,4690.0,4611.0,4686.0,1818
PLZL,2016-07-12,4687.0,4690.0,4620.0,4665.0,3621
PLZL,2016-07-13,4660.0,4668.0,4626.0,4644.0,2402
PLZL,2016-07-14,4647.0,4647.0,4586.0,4610.0,2556
PLZL,2016-07-15,4639.0,4639.0,4560.0,4593.0,3737
PLZL,2016-07-18,4600.0,4602.0,4503.0,4564.0,5367
PLZL,2016-07-19,4569.0,4577.0,4452.0,4548.0,4916
PLZL,2016-07-20,4500.0,4568.0,4480.0,4520.0,4822
PLZL,2016-07-21,4569.0,4579.0,4531.0,4539.0,2574
PLZL,2016-07-22,4561.0,4577.0,4540.0,4564.0,1728
PLZL,2016-07-25,4552.0,4580.0,4500.0,4564.0,3681
PLZL,2016-07-26,4564.0,4690.0,4564.0,4680.0,3204
PLZL,2016-07-27,4679.0,4698.0,4623.0,4688.0,2113
PLZL,2016-07-28,4689.0,4695.0,4641.0,4684.0,2563
PLZL,2016-07-29,4659.0,4680.0,4635.0,4664.0,1567
PLZL,2016-08-01,4671.0,4681.0,4620.0,4669.0,2440
PLZL,2016-08-02,4677.0,4695.0,4630.0,4660.0,4638
PLZL,2016-08-03,4601.0,4666.0,4601.0,4632.0,6428
PLZL,2016-08-04,4648.0,4669.0,4619.0,4659.0,2966
PLZL,2016-08-05,4625.0,4669.0,4625.0,4650.0,3106
PLZL,2016-08-08,4659.0,4660.0,4639.0,4656.0,1009
PLZL,2016-08-09,4650.0,4664.0,4626.0,4628.0,3215
PLZL,2016-08-10,4669.0,4684.0,4633.0,4648.0,1335
PLZL,2016-08-11,4634.0,4648.0,4622.0,4645.0,1569
PLZL,2016-08-12,4624.0,4650.0,4624.0,4635.0,1655
PLZL,2016-08-15,4640.0,4649.0,4602.0,4623.0,1383
PLZL,2016-08-16,4647.0,4647.0,4590.0,4610.0,3729
PLZL,2016-08-17,4600.0,4602.0,4552.0,4587.0,3131
PLZL,2016-08-18,4600.0,4629.0,4400.0,4593.0,1510
PLZL,2016-08-19,4594.0,4599.0,4571.0,4581.0,2494
PLZL,2016-08-22,4575.0,4590.0,4500.0,4573.0,5267
PLZL,2016-08-23,4572.0,4589.0,4550.0,4569.0,2639
PLZL,2016-08-24,4586.0,4634.0,4567.0,4578.0,1956
PLZL,2016-08-25,4599.0,4609.0,4513.0,4560.0,4799
PLZL,2016-08-26,4563.0,4589.0,4540.0,4560.0,5334
PLZL,2016-08-29,4579.0,4589.0,4545.0,4553.0,3667
PLZL,2016-08-30,4555.0,4617.0,4552.0,4586.0,2703
PLZL,2016-08-31,4614.0,4630.0,4590.0,4600.0,2838
PLZL,2016-09-01,4635.0,4650.0,4595.0,4635.0,3707
PLZL,2016-09-02,4630.0,4679.0,4621.0,4646.0,2113
PLZL,2016-09-05,4679.0,4679.0,4530.0,4602.0,2453
PLZL,2016-09-06,4575.0,4665.0,4560.0,4600.0,3177
PLZL,2016-09-07,4606.0,4606.0,4579.0,4580.0,1423
PLZL,2016-09-08,4601.0,4601.0,4555.0,4579.0,1931
PLZL,2016-09-09,4550.0,4589.0,4550.0,4576.0,1135
PLZL,2016-09-12,4594.0,4635.0,4565.0,4628.0,2715
PLZL,2016-09-13,4628.0,4650.0,4599.0,4630.0,1914
PLZL,2016-09-14,4648.0,4650.0,4590.0,4610.0,1877
PLZL,2016-09-15,4648.0,4650.0,4560.0,4585.0,3978
PLZL,2016-09-16,4585.0,4625.0,4579.0,4599.0,1812
PLZL,2016-09-19,4599.0,4609.0,4570.0,4580.0,2416
PLZL,2016-09-20,4597.0,4604.0,4563.0,4579.0,1597
PLZL,2016-09-21,4570.0,4579.0,4550.0,4576.0,2459
PLZL,2016-09-22,4579.0,4588.0,4500.0,4500.0,4202
PLZL,2016-09-23,4519.0,4519.0,4467.0,4488.0,3561
PLZL,2016-09-26,4456.0,4555.0,4450.0,4508.0,2742
PLZL,2016-09-27,4498.0,4557.0,4485.0,4508.0,2623
PLZL,2016-09-28,4519.0,4555.0,4497.0,4550.0,3297
PLZL,2016-09-29,4522.0,4522.0,4480.0,4500.0,2199
PLZL,2016-09-30,4466.0,4504.0,4466.0,4485.0,1258
PLZL,2016-10-03,4345.0,4534.0,4345.0,4489.0,1116
PLZL,2016-10-04,4480.0,4484.0,4446.0,4451.0,2649
PLZL,2016-10-05,4458.0,4500.0,4450.0,4464.0,1733
PLZL,2016-10-06,4476.0,4476.0,4410.0,4447.0,3642
PLZL,2016-10-07,4418.0,4500.0,4405.0,4429.0,3295
PLZL,2016-10-10,4450.0,4547.0,4424.0,4425.0,3023
PLZL,2016-10-11,4402.0,4486.0,4402.0,4434.0,3581
PLZL,2016-10-12,4439.0,4469.0,4412.0,4416.0,3328
PLZL,2016-10-13,4427.0,4505.0,4410.0,4430.0,2748
PLZL,2016-10-14,4428.0,4439.0,4409.0,4413.0,2348
PLZL,2016-10-17,4404.0,4423.0,4398.0,4408.0,5004
PLZL,2016-10-18,4412.0,4449.0,4392.0,4400.0,2609
PLZL,2016-10-19,4400.0,4447.0,4385.0,4405.0,1785
PLZL,2016-10-20,4442.0,4447.0,4388.0,4388.0,1649
PLZL,2016-10-21,4381.0,4431.0,4376.0,4419.0,1870
PLZL,2016-10-24,4385.0,4444.0,4372.0,4372.0,3148
PLZL,2016-10-25,4371.0,4442.0,4256.0,4316.0,4283
PLZL,2016-10-26,4319.0,4400.0,4292.0,4351.0,4658
PLZL,2016-10-27,4360.0,4399.0,4338.0,4388.0,3979
PLZL,2016-10-28,4378.0,4430.0,4302.0,4356.0,3220
PLZL,2016-10-31,4373.0,4430.0,4265.0,4400.0,4734
PLZL,2016-11-01,4363.0,4439.0,4352.0,4391.0,3874
PLZL,2016-11-02,4400.0,4450.0,4390.0,4440.0,2900
PLZL,2016-11-03,4440.0,4650.0,4421.0,4522.0,5609
PLZL,2016-11-07,4530.0,4535.0,3627.0,4500.0,5087
PLZL,2016-11-08,4415.0,4497.0,4400.0,4439.0,2896
PLZL,2016-11-09,4479.0,4620.0,4400.0,4460.0,4561
PLZL,2016-11-10,4430.0,4450.0,4380.0,4408.0,4048
PLZL,2016-11-11,4380.0,4499.0,4380.0,4471.0,3473
PLZL,2016-11-14,4469.0,4494.0,4456.0,4479.0,3096
PLZL,2016-11-15,4484.0,4484.0,4381.0,4416.0,3765
PLZL,2016-11-16,4415.0,4450.0,4401.0,4449.0,3442
PLZL,2016-11-17,4464.0,4485.0,4406.0,4462.0,1616
PLZL,2016-11-18,4485.0,4497.0,4430.0,4454.0,4331
PLZL,2016-11-21,4449.0,4469.0,4402.0,4444.0,3384
PLZL,2016-11-22,4440.0,4471.0,4410.0,4443.0,3252
PLZL,2016-11-23,4425.0,4438.0,4401.0,4426.0,2770
PLZL,2016-11-24,4411.0,4434.0,4400.0,4416.0,3759
PLZL,2016-11-25,4409.0,4448.0,4391.0,4424.0,2788
PLZL,2016-11-28,4429.0,4476.0,4404.0,4427.0,3515
PLZL,2016-11-29,4424.0,4454.0,4405.0,4440.0,2557
PLZL,2016-11-30,4439.0,4489.0,4260.0,4260.0,2376
PLZL,2016-12-01,4376.0,4484.0,4376.0,4480.0,2308
PLZL,2016-12-02,4485.0,4500.0,4420.0,4478.0,2467
PLZL,2016-12-05,4451.0,4480.0,4426.0,4448.0,2830
PLZL,2016-12-06,4444.0,4458.0,4431.0,4440.0,2260
PLZL,2016-12-07,4431.0,4449.0,4420.0,4444.0,3872
PLZL,2016-12-08,4415.0,4450.0,4410.0,4444.0,2785
PLZL,2016-12-09,4418.0,4449.0,4418.0,4449.0,1213
PLZL,2016-12-12,4430.0,4450.0,4402.0,4430.0,2921
PLZL,2016-12-13,4412.0,4455.0,4400.0,4434.0,4179
PLZL,2016-12-14,4426.0,4444.0,4408.0,4443.0,4455
PLZL,2016-12-15,4440.0,4455.0,4416.0,4455.0,3090
PLZL,2016-12-16,4459.0,4468.0,4426.0,4460.0,1618
PLZL,2016-12-19,4474.0,4478.0,4410.0,4450.0,2286
PLZL,2016-12-20,4437.0,4457.0,4424.0,4449.0,2152
PLZL,2016-12-21,4430.0,4465.0,4420.0,4449.0,2838
PLZL,2016-12-22,4467.0,4467.0,4410.0,4449.0,2539
PLZL,2016-12-23,4439.0,4457.0,4415.0,4449.0,2112
PLZL,2016-12-26,4441.0,4447.0,4400.0,4406.0,3898
PLZL,2016-12-27,4401.0,4409.0,4371.0,4386.0,4019
PLZL,2016-12-28,4370.0,4429.0,4370.0,4429.0,2850
PLZL,2016-12-29,4426.0,4450.0,4403.0,4438.0,2588
PLZL,2016-12-30,4416.0,4468.0,4416.0,4431.0,2435
PLZL,2017-01-03,4449.0,4531.0,4435.0,4500.0,879
PLZL,2017-01-04,4492.0,4531.0,4420.0,4500.0,920
PLZL,2017-01-05,4496.0,4536.0,4496.0,4529.0,1214
PLZL,2017-01-06,4529.0,4529.0,4518.0,4527.0,335
PLZL,2017-01-09,4530.0,4530.0,4501.0,4521.0,1092
PLZL,2017-01-10,4500.0,4530.0,4500.0,4525.0,451
PLZL,2017-01-11,4502.0,4539.0,4502.0,4520.0,1089
PLZL,2017-01-12,4500.0,4531.0,4500.0,4520.0,1694
PLZL,2017-01-13,4524.0,4535.0,4520.0,4527.0,296
PLZL,2017-01-16,4518.0,4613.0,4515.0,4607.0,3314
PLZL,2017-01-17,4614.0,4794.0,4569.0,4642.0,5384
PLZL,2017-01-18,4669.0,4671.0,4549.0,4590.0,2816
PLZL,2017-01-19,4580.0,4636.0,4550.0,4600.0,1956
PLZL,2017-01-20,4609.0,4613.0,4590.0,4613.0,1492
PLZL,2017-01-23,4639.0,4659.0,4587.0,4601.0,2163
PLZL,2017-01-24,4601.0,4608.0,4585.0,4599.0,1258
PLZL,2017-01-25,4609.0,4651.0,4572.0,4590.0,3023
PLZL,2017-01-26,4611.0,4630.0,4588.0,4620.0,3524
PLZL,2017-01-27,4610.0,4617.0,4598.0,4609.0,2756
PLZL,2017-01-30,4602.0,4610.0,4582.0,4606.0,2823
PLZL,2017-01-31,4606.0,4650.0,4604.0,4648.0,3606
PLZL,2017-02-01,4649.0,4649.0,4500.0,4586.0,1763
PLZL,2017-02-02,4573.0,4585.0,4568.0,4575.0,1608
PLZL,2017-02-03,4592.0,4592.0,4455.0,4564.0,2120
PLZL,2017-02-06,4588.0,4588.0,4490.0,4495.0,1394
PLZL,2017-02-07,4515.0,4515.0,4400.0,4449.0,1875
PLZL,2017-02-08,4449.0,4515.0,4430.0,4501.0,2788
PLZL,2017-02-09,4519.0,4571.0,4480.0,4481.0,1377
PLZL,2017-02-10,4498.0,4499.0,4427.0,4470.0,4549
PLZL,2017-02-13,4471.0,4487.0,4420.0,4445.0,2009
PLZL,2017-02-14,4465.0,4479.0,4427.0,4450.0,2145
PLZL,2017-02-15,4444.0,4464.0,4412.0,4447.0,1109
PLZL,2017-02-16,4416.0,4458.0,4416.0,4450.0,1043
PLZL,2017-02-17,4450.0,4468.0,4433.0,4450.0,1331
PLZL,2017-02-20,4450.0,4484.0,4450.0,4451.0,383
PLZL,2017-02-21,4465.0,4465.0,4445.0,4451.0,1658
PLZL,2017-02-22,4481.0,4481.0,4450.0,4452.0,939
PLZL,2017-02-24,4449.0,4458.0,4435.0,4452.0,51
PLZL,2017-02-27,4463.0,4463.0,4404.0,4455.0,3162
PLZL,2017-02-28,4407.0,4467.0,4201.0,4450.0,2486
PLZL,2017-03-01,4400.0,4481.0,4393.0,4467.0,816
PLZL,2017-03-02,4425.0,4460.0,4400.0,4459.0,1409
PLZL,2017-03-03,4469.0,4469.0,4400.0,4455.0,1434
PLZL,2017-03-06,4467.0,4500.0,4433.0,4459.0,1018
PLZL,2017-03-07,4461.0,4480.0,4430.0,4470.0,2106
PLZL,2017-03-09,4423.0,4459.0,4400.0,4439.0,2548
PLZL,2017-03-10,4420.0,4465.0,4400.0,4450.0,1786
PLZL,2017-03-13,4451.0,4474.0,4400.0,4450.0,2284
PLZL,2017-03-14,4448.0,4465.0,4423.0,4455.0,489
PLZL,2017-03-15,4455.0,4482.0,4412.0,4476.0,2480
PLZL,2017-03-16,4476.0,4488.0,4342.0,4400.0,6358
PLZL,2017-03-17,4390.0,4460.0,4390.0,4447.0,2811
PLZL,2017-03-20,4430.0,4445.0,4375.0,4410.0,2187
PLZL,2017-03-21,4389.0,4430.0,4346.0,4374.0,4070
PLZL,2017-03-22,4369.0,4449.0,4358.0,4369.0,2633
PLZL,2017-03-23,4370.0,4398.0,4320.0,4333.0,2947
PLZL,2017-03-24,4349.0,4450.0,4349.0,4448.0,4297
PLZL,2017-03-27,4437.0,4453.0,4399.0,4440.0,2111
PLZL,2017-03-28,4416.0,4457.0,4402.0,4437.0,2155
PLZL,2017-03-29,4438.0,4460.0,4404.0,4449.0,1470
PLZL,2017-03-30,4417.0,4466.0,4409.0,4443.0,1831
PLZL,2017-03-31,4438.0,4450.0,4410.0,4450.0,1501
PLZL,2017-04-03,4413.0,4450.0,4400.0,4439.0,2257
PLZL,2017-04-04,4426.0,4444.0,4348.0,4434.0,4280
PLZL,2017-04-05,4440.0,4443.0,4358.0,4425.0,6049
PLZL,2017-04-06,4432.0,4432.0,4395.0,4409.0,2939
PLZL,2017-04-07,4391.0,4425.0,4391.0,4409.0,4425
PLZL,2017-04-10,4419.0,4426.0,3520.0,4396.0,7697
PLZL,2017-04-11,4395.0,4413.0,4356.0,4404.0,3289
PLZL,2017-04-12,4391.0,4404.0,4379.0,4402.0,3682
PLZL,2017-04-13,4402.0,4409.0,4379.0,4400.0,2310
PLZL,2017-04-14,4400.0,4400.0,4350.0,4399.0,4220
PLZL,2017-04-17,4391.0,4417.0,4389.0,4400.0,1423
PLZL,2017-04-18,4375.0,4400.0,4375.0,4390.0,1859
PLZL,2017-04-19,4390.0,4400.0,4172.0,4400.0,3863
PLZL,2017-04-20,4400.0,4421.0,4378.0,4398.0,1299
PLZL,2017-04-21,4382.0,4418.0,4376.0,4400.0,1235
PLZL,2017-04-24,4439.0,4440.0,4380.0,4405.0,1896
PLZL,2017-04-25,4409.0,4410.0,4372.0,4405.0,3394
PLZL,2017-04-26,4410.0,4410.0,4355.0,4398.0,2530
PLZL,2017-04-27,4400.0,4400.0,4374.0,4400.0,2343
PLZL,2017-04-28,4400.0,4410.0,4390.0,4405.0,2141
PLZL,2017-05-02,4405.0,4410.0,4382.0,4398.0,2621
PLZL,2017-05-03,4370.0,4400.0,4367.0,4395.0,2957
PLZL,2017-05-04,4390.0,4400.0,4371.0,4395.0,3571
PLZL,2017-05-05,4381.0,4538.0,4379.0,4399.0,3243
PLZL,2017-05-10,4400.0,4500.0,4379.0,4484.0,3411
PLZL,2017-05-11,4487.0,4487.0,4430.0,4468.0,956
PLZL,2017-05-12,4446.0,4489.0,4419.0,4479.0,3757
PLZL,2017-05-15,4499.0,4499.0,4439.0,4460.0,1840
PLZL,2017-05-16,4457.0,4466.0,4420.0,4450.0,4025
PLZL,2017-05-17,4436.0,4476.0,4418.0,4461.0,2399
PLZL,2017-05-18,4445.0,4501.0,4423.0,4500.0,3287
PLZL,2017-05-19,4500.0,4501.0,4449.0,4478.0,2889
PLZL,2017-05-22,4480.0,4480.0,4449.0,4469.0,1502
PLZL,2017-05-23,4468.0,4475.0,4441.0,4447.0,2264
PLZL,2017-05-24,4445.0,4454.0,4416.0,4416.0,3740
PLZL,2017-05-25,4430.0,4445.0,4389.0,4445.0,2520
PLZL,2017-05-26,4419.0,4461.0,4418.0,4437.0,1591
PLZL,2017-05-29,4441.0,4445.0,4416.0,4440.0,2754
PLZL,2017-05-30,4419.0,4450.0,4407.0,4445.0,2356
PLZL,2017-05-31,4422.0,4463.0,4404.0,4427.0,6218
PLZL,2017-06-01,4425.0,4440.0,4399.0,4425.0,3909
PLZL,2017-06-02,4401.0,4440.0,4401.0,4423.0,4121
PLZL,2017-06-05,4387.0,4449.0,4357.0,4440.0,10199
PLZL,2017-06-06,4440.0,4455.0,4421.0,4450.0,7790
PLZL,2017-06-07,4448.0,4468.0,4421.0,4466.0,3197
PLZL,2017-06-08,4460.0,4460.0,4431.0,4443.0,21763
PLZL,2017-06-09,4479.0,4479.0,4432.0,4445.0,3521
PLZL,2017-06-13,4459.0,4467.0,4315.0,4428.0,27405
PLZL,2017-06-14,4430.0,4469.0,4405.0,4460.0,10052
PLZL,2017-06-15,4391.0,4419.0,4151.0,4400.0,16350
PLZL,2017-06-16,4410.0,4410.0,4227.0,4236.0,1521
PLZL,2017-06-19,4265.0,4304.0,4065.0,4102.0,9845
PLZL,2017-06-20,4196.0,4275.0,4128.0,4228.0,2705
PLZL,2017-06-21,4207.0,4274.0,4201.0,4215.0,2542
PLZL,2017-06-22,4214.0,4252.0,4136.0,4196.0,8529
PLZL,2017-06-23,4210.0,4265.0,4205.0,4237.0,1834
PLZL,2017-06-26,4254.0,4254.0,4152.0,4175.0,1289
PLZL,2017-06-27,4203.0,4215.0,4174.0,4200.0,2576
PLZL,2017-06-28,4229.0,4347.0,4190.0,4203.0,1208
PLZL,2017-06-29,4209.0,4237.0,4015.0,4030.0,3306
PLZL,2017-06-30,3969.99,4100.01,3940.01,3971.08,39198
PLZL,2017-07-03,3990.0,4195.26,3951.57,3955.0,22065
PLZL,2017-07-04,3965.99,3970.0,3873.0,3923.78,15394
PLZL,2017-07-05,3938.99,3939.0,3890.0,3905.71,12069
PLZL,2017-07-06,3925.0,3955.17,3905.01,3939.95,35060
PLZL,2017-07-07,3939.99,4000.01,3930.0,3995.0,34656
PLZL,2017-07-10,4000.0,4009.99,3985.0,3994.97,31599
PLZL,2017-07-11,4011.0,4057.0,4011.0,4047.97,13931
PLZL,2017-07-12,4055.0,4068.0,4031.11,4031.12,11190
PLZL,2017-07-13,4037.97,4064.96,4035.01,4059.0,13433
PLZL,2017-07-14,3950.0,3997.95,3910.02,3925.81,14795
PLZL,2017-07-17,3936.48,3950.0,3934.49,3941.49,12622
PLZL,2017-07-18,3956.0,3958.8,3919.74,3935.0,9189
PLZL,2017-07-19,3948.99,3949.0,3920.09,3932.0,5689
PLZL,2017-07-20,3920.07,3934.96,3892.26,3900.0,7675
PLZL,2017-07-21,3905.0,3905.0,3879.0,3885.15,4667
PLZL,2017-07-24,3901.0,3937.87,3901.0,3929.97,4726
PLZL,2017-07-25,3912.0,3930.0,3896.73,3906.0,10461
PLZL,2017-07-26,3919.96,3919.96,3896.0,3896.0,7502
PLZL,2017-07-27,3905.48,3910.0,3875.0,3903.06,6207
PLZL,2017-07-28,3909.97,3909.97,3854.11,3888.0,3444
PLZL,2017-07-31,3802.01,3910.0,3802.01,3909.75,7089
PLZL,2017-08-01,3909.0,3939.0,3886.0,3918.0,22607
PLZL,2017-08-02,3930.0,3966.0,3920.0,3942.0,18750
PLZL,2017-08-03,3931.0,3970.0,3900.0,3921.0,16828
PLZL,2017-08-04,3922.0,3998.0,3911.0,3954.0,18308
PLZL,2017-08-07,3949.0,3985.0,3949.0,3956.0,18126
PLZL,2017-08-08,3950.0,3986.0,3950.0,3951.0,20976
PLZL,2017-08-09,3960.0,4045.0,3950.0,4032.0,32265
PLZL,2017-08-10,4042.0,4232.0,4040.0,4203.0,56885
PLZL,2017-08-11,4232.0,4350.0,4232.0,4300.0,49977
PLZL,2017-08-14,4330.0,4387.0,4300.0,4310.0,27848
PLZL,2017-08-15,4325.0,4325.0,4300.0,4312.0,35989
PLZL,2017-08-16,4315.0,4316.0,4284.0,4310.0,38183
PLZL,2017-08-17,4311.0,4379.0,4297.0,4343.0,27934
PLZL,2017-08-18,4350.0,4359.0,4330.0,4330.0,25083
PLZL,2017-08-21,4321.0,4348.0,4300.0,4300.0,25068
PLZL,2017-08-22,4315.0,4339.0,4295.0,4310.0,22709
PLZL,2017-08-23,4310.0,4344.0,4302.0,4320.0,20734
PLZL,2017-08-24,4359.0,4359.0,4323.0,4336.0,19973
PLZL,2017-08-25,4330.0,4337.0,4300.0,4310.0,27153
PLZL,2017-08-28,4327.0,4329.0,4300.0,4316.0,6289
PLZL,2017-08-29,4320.0,4575.0,4304.0,4523.0,76266
PLZL,2017-08-30,4511.0,4607.0,4507.0,4607.0,22355
PLZL,2017-08-31,4610.0,4615.0,4531.0,4547.0,19292
PLZL,2017-09-01,4542.0,4618.0,4521.0,4608.0,20396
PLZL,2017-09-04,4654.0,4800.0,4620.0,4700.0,18575
PLZL,2017-09-05,4715.0,4730.0,4644.0,4676.0,26084
PLZL,2017-09-06,4653.0,4710.0,4620.0,4652.0,22236
PLZL,2017-09-07,4653.0,4685.0,4632.0,4666.0,18973
PLZL,2017-09-08,4647.0,4795.0,4647.0,4747.0,20655
PLZL,2017-09-11,4750.0,4778.0,4690.0,4778.0,27552
PLZL,2017-09-12,4740.0,4760.0,4693.0,4693.0,23469
PLZL,2017-09-13,4693.0,4736.0,4655.0,4680.0,20503
PLZL,2017-09-14,4680.0,4718.0,4625.0,4628.0,22600
PLZL,2017-09-15,4635.0,4839.0,4582.0,4599.0,16540
PLZL,2017-09-18,4696.0,4696.0,4619.0,4631.0,15098
PLZL,2017-09-19,4644.0,4668.0,4629.0,4630.0,26314
PLZL,2017-09-20,4658.0,4670.0,4608.0,4629.0,21322
PLZL,2017-09-21,4619.0,4622.0,4553.0,4600.0,33755
PLZL,2017-09-22,4511.0,4540.0,4369.0,4450.0,27749
PLZL,2017-09-25,4448.0,4450.0,4373.0,4435.0,20535
PLZL,2017-09-26,4386.0,4464.0,4362.0,4362.0,27364
PLZL,2017-09-27,4368.0,4460.0,4368.0,4445.0,29575
PLZL,2017-09-28,4452.0,4479.0,4424.0,4438.0,18195
PLZL,2017-09-29,4455.0,4480.0,4438.0,4450.0,20449
PLZL,2017-10-02,4466.0,4529.0,4450.0,4520.0,26486
PLZL,2017-10-03,4536.0,4558.0,4500.0,4526.0,23879
PLZL,2017-10-04,4548.0,4565.0,4513.0,4545.0,27029
PLZL,2017-10-05,4550.0,4581.0,4530.0,4578.0,20309
PLZL,2017-10-06,4551.0,4591.0,4511.0,4543.0,22907
PLZL,2017-10-09,4560.0,4588.0,4532.0,4585.0,18947
PLZL,2017-10-10,4590.0,4604.0,4577.0,4597.0,25608
PLZL,2017-10-11,4598.0,4603.0,4572.0,4590.0,23263
PLZL,2017-10-12,4635.0,4652.0,4590.0,4620.0,37292
PLZL,2017-10-13,4656.0,4665.0,4604.0,4625.0,26022
PLZL,2017-10-16,4635.0,4667.0,4589.0,4667.0,27643
PLZL,2017-10-17,4644.0,4688.0,4617.0,4656.0,29742
PLZL,2017-10-18,4684.0,4810.0,4666.0,4785.0,35814
PLZL,2017-10-19,4785.0,4833.0,4671.0,4728.0,57553
PLZL,2017-10-20,4743.0,4787.0,4713.0,4784.0,30335
PLZL,2017-10-23,4773.0,4789.0,4702.0,4703.0,22184
PLZL,2017-10-24,4725.0,4778.0,4703.0,4740.0,24851
PLZL,2017-10-25,4740.0,4770.0,4600.0,4625.0,28754
PLZL,2017-10-26,4632.0,4659.0,4585.0,4605.0,16374
PLZL,2017-10-27,4632.0,4718.0,4632.0,4671.0,32581
PLZL,2017-10-30,4688.0,4707.0,4664.0,4689.0,20533
PLZL,2017-10-31,4666.0,4814.0,4666.0,4804.0,42362
PLZL,2017-11-01,4800.0,4847.0,4751.0,4816.0,32094
PLZL,2017-11-02,4817.0,4850.0,4772.0,4778.0,17285
PLZL,2017-11-03,4771.0,4835.0,4757.0,4830.0,30518
PLZL,2017-11-07,4850.0,4911.0,4805.0,4823.0,44812
PLZL,2017-11-08,4834.0,4883.0,4813.0,4823.0,59222
PLZL,2017-11-09,4860.0,4930.0,4841.0,4930.0,71985
PLZL,2017-11-10,4929.0,4950.0,4885.0,4943.0,48469
PLZL,2017-11-13,4949.0,5031.0,4907.0,4994.0,70555
PLZL,2017-11-14,5118.0,5209.0,5036.0,5182.0,248997
PLZL,2017-11-15,5156.0,5242.0,5035.0,5083.0,140939
PLZL,2017-11-16,5035.0,5100.0,4902.0,5060.0,89774
PLZL,2017-11-17,5079.0,5117.0,4975.0,5070.0,87454
PLZL,2017-11-20,5072.0,5191.0,5070.0,5070.0,125422
PLZL,2017-11-21,5100.0,5137.0,5047.0,5110.0,124483
PLZL,2017-11-22,5079.0,5079.0,4851.0,5046.0,165491
PLZL,2017-11-23,5040.0,5045.0,4963.0,5030.0,93714
PLZL,2017-11-24,5030.0,5052.0,4960.0,5010.0,101539
PLZL,2017-11-27,5010.0,5050.0,4987.0,5050.0,205426
PLZL,2017-11-28,5101.0,5101.0,5010.0,5055.0,179709
PLZL,2017-11-29,5059.0,5100.0,4995.0,5050.0,190828
PLZL,2017-11-30,5050.0,5109.0,4912.0,4912.0,1691610
PLZL,2017-12-01,4920.0,4965.0,4878.0,4920.0,114078
PLZL,2017-12-04,4950.0,4950.0,4822.0,4868.0,46588
PLZL,2017-12-05,4852.0,4853.0,4569.0,4697.0,65458
PLZL,2017-12-06,4696.0,4887.0,4670.0,4815.0,128337
PLZL,2017-12-07,4850.0,4850.0,4730.0,4780.0,50368
PLZL,2017-12-08,4800.0,4800.0,4620.0,4714.0,41851
PLZL,2017-12-11,4700.0,4742.0,4625.0,4682.0,37934
PLZL,2017-12-12,4668.0,4682.0,4596.0,4668.0,50051
PLZL,2017-12-13,4608.0,4668.0,4291.0,4291.0,55343
PLZL,2017-12-14,4315.0,4526.0,4314.0,4520.0,59080
PLZL,2017-12-15,4503.0,4665.0,4439.0,4665.0,47114
PLZL,2017-12-18,4608.0,4690.0,4601.0,4690.0,22645
PLZL,2017-12-19,4671.0,4725.0,4574.0,4643.0,13517
PLZL,2017-12-20,4622.0,4625.0,4575.0,4592.0,28221
PLZL,2017-12-21,4598.0,4743.0,4395.0,4463.0,25577
PLZL,2017-12-22,4443.0,4479.0,4398.0,4428.0,12554
PLZL,2017-12-25,4411.0,4447.0,4360.0,4363.0,3838
PLZL,2017-12-26,4356.0,4395.0,4356.0,4394.0,3646
PLZL,2017-12-27,4398.0,4458.0,4330.0,4410.0,16101
PLZL,2017-12-28,4430.0,4430.0,4375.0,4405.0,14476
PLZL,2017-12-29,4416.0,4595.0,4352.0,4595.0,23341
PLZL,2018-01-03,4595.0,4630.0,4428.0,4466.0,21907
PLZL,2018-01-04,4455.0,4500.0,4433.0,4478.0,20670
PLZL,2018-01-05,4483.0,4496.0,4420.0,4469.0,17850
PLZL,2018-01-09,4476.0,4568.0,4464.0,4556.0,33366
PLZL,2018-01-10,4527.0,4574.0,4411.0,4411.0,52753
PLZL,2018-01-11,4429.0,4460.0,4357.0,4357.0,21882
PLZL,2018-01-12,4378.0,4413.0,4278.0,4328.0,25976
PLZL,2018-01-15,4309.0,4397.0,4094.0,4382.0,102046
PLZL,2018-01-16,4380.0,4565.0,4365.0,4487.0,73930
PLZL,2018-01-17,4499.0,4727.0,4467.0,4659.0,93469
PLZL,2018-01-18,4683.0,4720.0,4452.0,4520.0,82459
PLZL,2018-01-19,4520.0,4656.0,4328.0,4446.0,157122
PLZL,2018-01-22,4447.0,4527.0,4383.0,4527.0,51577
PLZL,2018-01-23,4505.0,4543.0,4410.0,4543.0,38657
PLZL,2018-01-24,4522.0,4625.0,4507.0,4568.0,84120
PLZL,2018-01-25,4595.0,4617.0,4521.0,4570.0,48276
PLZL,2018-01-26,4575.0,4648.0,4500.0,4500.0,125655
PLZL,2018-01-29,4518.0,4620.0,4450.0,4599.0,42701
PLZL,2018-01-30,4600.0,4600.0,4523.0,4547.0,17817
PLZL,2018-01-31,4550.0,4599.0,4527.0,4580.0,35674
PLZL,2018-02-01,4566.0,4597.0,4505.0,4535.0,24445
PLZL,2018-02-02,4535.0,4542.0,4500.0,4509.0,25632
PLZL,2018-02-05,4491.0,4589.0,4476.0,4542.0,41526
PLZL,2018-02-06,4512.0,4547.0,4462.0,4500.0,58319
PLZL,2018-02-07,4517.0,4550.0,4351.0,4351.0,49047
PLZL,2018-02-08,4340.0,4420.0,4340.0,4381.0,57537
PLZL,2018-02-09,4341.0,4428.0,4313.0,4322.0,51136
PLZL,2018-02-12,4378.0,4413.0,4306.0,4350.0,35718
PLZL,2018-02-13,4358.0,4399.0,4337.0,4386.0,28898
PLZL,2018-02-14,4400.0,4489.0,4350.0,4467.0,39499
PLZL,2018-02-15,4468.0,4564.0,3674.0,4490.0,69282
PLZL,2018-02-16,4545.0,4556.0,4481.0,4503.0,25508
PLZL,2018-02-19,4495.0,4538.0,4371.0,4497.0,16624
PLZL,2018-02-20,4474.0,4514.0,4450.0,4489.0,17686
PLZL,2018-02-21,4465.0,4569.0,4451.0,4569.0,27381
PLZL,2018-02-22,4564.0,4564.0,4472.0,4520.0,32161
PLZL,2018-02-26,4520.0,4595.0,4477.0,4499.0,51094
PLZL,2018-02-27,4517.0,4548.0,4471.0,4548.0,32833
PLZL,2018-02-28,4519.0,4646.0,4491.0,4646.0,84052
PLZL,2018-03-01,4550.0,4745.0,4521.0,4706.0,69444
PLZL,2018-03-02,4720.0,4802.0,4690.0,4760.0,32957
PLZL,2018-03-05,4720.0,4781.0,4701.0,4708.0,15490
PLZL,2018-03-06,4711.0,4744.0,4630.0,4703.0,33973
PLZL,2018-03-07,4670.0,4708.0,4581.0,4677.0,53213
PLZL,2018-03-09,4690.0,4745.0,4656.0,4745.0,15670
PLZL,2018-03-12,4744.0,4829.0,4729.0,4829.0,27016
PLZL,2018-03-13,4800.0,4930.0,4781.0,4930.0,44911
PLZL,2018-03-14,4920.0,4950.0,4835.0,4879.0,36429
PLZL,2018-03-15,4860.0,4903.0,4769.0,4838.0,34255
PLZL,2018-03-16,4850.0,4850.0,4767.0,4780.0,93553
PLZL,2018-03-19,4777.0,4795.0,4701.0,4708.0,29730
PLZL,2018-03-20,4725.0,4725.0,4642.0,4680.0,28747
PLZL,2018-03-21,4666.0,4695.0,4550.0,4575.0,53566
PLZL,2018-03-22,4600.0,4600.0,4455.0,4465.0,37510
PLZL,2018-03-23,4462.0,4499.0,4388.0,4447.0,35955
PLZL,2018-03-26,4450.0,4450.0,4393.0,4393.0,31472
PLZL,2018-03-27,4393.0,4464.0,4330.0,4330.0,39057
PLZL,2018-03-28,4329.0,4545.0,4328.0,4545.0,53375
PLZL,2018-03-29,4535.0,4546.0,4454.0,4461.0,50427
PLZL,2018-03-30,4479.0,4523.0,4469.0,4520.0,19829
PLZL,2018-04-02,4531.0,4545.0,4387.0,4387.0,15556
PLZL,2018-04-03,4408.0,4514.0,4404.0,4514.0,21966
PLZL,2018-04-04,4512.0,4526.0,4471.0,4475.0,39455
PLZL,2018-04-05,4486.0,4557.0,4483.0,4497.0,57718
PLZL,2018-04-06,4512.0,4525.0,4325.0,4359.0,78146
PLZL,2018-04-09,4390.0,4394.0,3208.0,3561.0,353567
PLZL,2018-04-10,3548.0,3716.0,3334.0,3650.0,197675
PLZL,2018-04-11,3701.0,3876.0,3582.0,3585.0,124818
PLZL,2018-04-12,3666.0,3703.0,3551.0,3599.0,250620
PLZL,2018-04-13,3605.0,3645.0,3514.0,3550.0,89118
PLZL,2018-04-16,3512.0,3656.0,3435.0,3541.0,69432
PLZL,2018-04-17,3570.0,3668.0,3570.0,3657.0,86172
PLZL,2018-04-18,3651.0,3900.0,3642.0,3718.0,287365
PLZL,2018-04-19,3769.0,3812.0,3727.0,3775.0,83235
PLZL,2018-04-20,3769.0,3799.0,3751.0,3790.0,32839
PLZL,2018-04-23,3815.0,3900.0,3709.0,3900.0,94394
PLZL,2018-04-24,3880.0,4020.0,3840.0,3906.0,91761
PLZL,2018-04-25,3886.0,3949.0,3806.0,3947.0,41247
PLZL,2018-04-26,3950.0,3999.0,3905.0,3920.0,38534
PLZL,2018-04-27,3930.0,3999.0,3929.0,3937.0,27715
PLZL,2018-04-28,3937.0,3961.0,3911.0,3946.0,4655
PLZL,2018-04-30,3950.0,4020.0,3929.0,3995.0,21501
PLZL,2018-05-02,3982.0,3989.0,3850.0,3850.0,55302
PLZL,2018-05-03,3896.0,3942.0,3850.0,3863.0,48401
PLZL,2018-05-04,3881.0,3969.0,3875.0,3955.0,30751
PLZL,2018-05-07,3973.0,4038.0,3969.0,3976.0,34623
PLZL,2018-05-08,3960.0,3960.0,3890.0,3940.0,43871
PLZL,2018-05-10,3945.0,3979.0,3862.0,3920.0,47647
PLZL,2018-05-11,3935.0,3939.0,3857.0,3868.0,60739
PLZL,2018-05-14,3884.0,3885.0,3810.0,3885.0,45532
PLZL,2018-05-15,3850.0,3868.0,3737.0,3737.0,59624
PLZL,2018-05-16,3724.0,3811.0,3705.0,3710.0,43259
PLZL,2018-05-17,3721.0,3760.0,3685.0,3688.0,68992
PLZL,2018-05-18,3700.0,3760.0,3696.0,3730.0,32996
PLZL,2018-05-21,3741.0,3789.0,3721.0,3739.0,59519
PLZL,2018-05-22,3777.0,3777.0,3703.0,3738.0,81226
PLZL,2018-05-23,3765.0,3796.0,3701.0,3712.0,76938
PLZL,2018-05-24,3717.0,3757.0,3715.0,3737.0,38140
PLZL,2018-05-25,3775.0,3775.0,3721.0,3728.0,37663
PLZL,2018-05-28,3739.0,3796.0,3734.0,3785.0,13618
PLZL,2018-05-29,3787.0,3820.0,3731.0,3755.0,67226
PLZL,2018-05-30,3745.0,3799.0,3725.0,3725.0,57423
PLZL,2018-05-31,3739.0,3822.0,3721.0,3750.0,129451
PLZL,2018-06-01,3761.0,3861.0,3761.0,3800.0,93632
PLZL,2018-06-04,3808.0,3949.0,3808.0,3940.0,70894
PLZL,2018-06-05,3941.0,3955.0,3919.0,3940.0,44236
PLZL,2018-06-06,3940.0,3947.0,3910.0,3911.0,54527
PLZL,2018-06-07,3939.0,3993.0,3909.0,3941.0,92439
PLZL,2018-06-08,3837.0,3912.0,3785.0,3785.0,113229
PLZL,2018-06-09,3825.0,3834.0,3800.0,3810.0,6568
PLZL,2018-06-11,3800.0,3888.0,3790.0,3830.0,21457
PLZL,2018-06-13,3850.0,3880.0,3833.0,3845.0,33068
PLZL,2018-06-14,3825.0,3931.0,3817.0,3903.0,35420
PLZL,2018-06-15,3870.0,3979.0,3870.0,3979.0,77611
PLZL,2018-06-18,3970.0,3978.0,3870.0,3870.0,52297
PLZL,2018-06-19,3858.0,3929.0,3822.0,3890.0,51743
PLZL,2018-06-20,3906.0,3959.0,3877.0,3943.0,43971
PLZL,2018-06-21,3958.0,3958.0,3806.0,3806.0,60607
PLZL,2018-06-22,3809.0,3940.0,3806.0,3873.0,41267
PLZL,2018-06-25,3873.0,3909.0,3862.0,3890.0,21788
PLZL,2018-06-26,3899.0,3949.0,3860.0,3894.0,37122
PLZL,2018-06-27,3910.0,3940.0,3870.0,3880.0,29959
PLZL,2018-06-28,3870.0,4175.0,3870.0,4108.0,142231
PLZL,2018-06-29,4112.0,4206.0,4012.0,4206.0,60689
PLZL,2018-07-02,4186.0,4200.0,4129.0,4170.0,33812
PLZL,2018-07-03,4170.0,4182.0,4079.0,4123.0,31824
PLZL,2018-07-04,4106.0,4157.0,4103.0,4131.0,13586
PLZL,2018-07-05,4120.0,4192.0,4106.0,4192.0,26452
PLZL,2018-07-06,4175.0,4201.0,4151.0,4186.0,26183
PLZL,2018-07-09,4196.0,4280.0,4190.0,4276.0,26163
PLZL,2018-07-10,4276.0,4320.0,4214.0,4220.0,50498
PLZL,2018-07-11,4207.0,4274.0,4187.0,4226.0,32772
PLZL,2018-07-12,4210.0,4227.0,4102.0,4179.0,28465
PLZL,2018-07-13,4179.0,4260.0,4158.0,4260.0,31337
PLZL,2018-07-16,4260.0,4295.0,4144.0,4200.0,18813
PLZL,2018-07-17,4199.0,4199.0,4020.0,4137.0,18504
PLZL,2018-07-18,4157.0,4239.0,4131.0,4189.0,25501
PLZL,2018-07-19,4203.0,4220.0,4120.0,4149.0,17218
PLZL,2018-07-20,4136.0,4181.0,4077.0,4077.0,24838
PLZL,2018-07-23,4093.0,4166.0,4089.0,4142.0,17738
PLZL,2018-07-24,4185.0,4300.0,4141.0,4292.0,29381
PLZL,2018-07-25,4224.0,4390.0,4183.0,4361.0,38241
PLZL,2018-07-26,4361.0,4437.0,4345.0,4437.0,29329
PLZL,2018-07-27,4430.0,4499.0,4387.0,4478.0,42299
PLZL,2018-07-30,4401.0,4453.0,4334.0,4416.0,19553
PLZL,2018-07-31,4395.0,4469.0,4288.0,4469.0,31524
PLZL,2018-08-01,4448.0,4448.0,4348.0,4355.0,24963
PLZL,2018-08-02,4380.0,4470.0,4354.0,4442.0,60653
PLZL,2018-08-03,4440.0,4478.0,4211.0,4359.0,83011
PLZL,2018-08-06,4352.0,4425.0,4305.0,4425.0,15192
PLZL,2018-08-07,4423.0,4485.0,4398.0,4480.0,27544
PLZL,2018-08-08,4486.0,4490.0,4350.0,4383.0,47934
PLZL,2018-08-09,4383.0,4457.0,4350.0,4450.0,48939
PLZL,2018-08-10,4199.0,4323.0,4021.0,4214.0,120740
PLZL,2018-08-13,4232.0,4247.0,4103.0,4165.0,37340
PLZL,2018-08-14,4200.0,4230.0,4130.0,4220.0,38722
PLZL,2018-08-15,4244.0,4244.0,4033.0,4146.0,51132
PLZL,2018-08-16,4166.0,4199.0,4091.0,4116.0,27298
PLZL,2018-08-17,4132.0,4132.0,4006.0,4055.0,34069
PLZL,2018-08-20,4096.0,4240.0,4096.0,4208.0,25840
PLZL,2018-08-21,4177.0,4246.0,4150.0,4190.0,29140
PLZL,2018-08-22,4197.0,4269.0,4167.0,4268.0,32614
PLZL,2018-08-23,4268.0,4304.0,4231.0,4255.0,45409
PLZL,2018-08-24,4250.0,4397.0,4180.0,4393.0,49708
PLZL,2018-08-27,4350.0,4438.0,4306.0,4398.0,27679
PLZL,2018-08-28,4400.0,4430.0,4290.0,4337.0,45941
PLZL,2018-08-29,4330.0,4368.0,4191.0,4241.0,58938
PLZL,2018-08-30,4250.0,4266.0,4113.0,4149.0,40961
PLZL,2018-08-31,4155.0,4375.0,4111.0,4373.0,116641
PLZL,2018-09-03,4354.0,4408.0,4340.0,4367.0,23285
PLZL,2018-09-04,4332.0,4400.0,4266.0,4350.0,22358
PLZL,2018-09-05,4291.0,4349.0,4278.0,4289.0,37961
PLZL,2018-09-06,4289.0,4425.0,4270.0,4361.0,30984
PLZL,2018-09-07,4358.0,4373.0,4266.0,4308.0,26248
PLZL,2018-09-10,4310.0,4390.0,4281.0,4336.0,22440
PLZL,2018-09-11,4331.0,4370.0,4296.0,4350.0,30211
PLZL,2018-09-12,4345.0,4376.0,4150.0,4299.0,43338
PLZL,2018-09-13,4300.0,4326.0,4202.0,4233.0,45519
PLZL,2018-09-14,4238.0,4240.0,4100.0,4145.0,63517
PLZL,2018-09-17,4156.0,4166.0,4054.0,4105.0,46538
PLZL,2018-09-18,4110.0,4180.0,4082.0,4110.0,44857
PLZL,2018-09-19,4127.0,4132.0,4077.0,4089.0,56691
PLZL,2018-09-20,4100.0,4152.0,4075.0,4075.0,101171
PLZL,2018-09-21,4077.0,4129.0,4070.0,4122.0,115738
PLZL,2018-09-24,4124.0,4165.0,4055.0,4060.0,46946
PLZL,2018-09-25,4079.0,4085.0,4053.0,4053.0,74394
PLZL,2018-09-26,4066.0,4092.0,3928.0,4048.0,66414
PLZL,2018-09-27,4050.0,4094.0,4014.0,4094.0,31906
PLZL,2018-09-28,4090.0,4128.0,4033.0,4128.0,49276
PLZL,2018-10-01,4107.0,4129.0,4072.0,4090.0,22272
PLZL,2018-10-02,4094.0,4157.0,4071.0,4145.0,55400
PLZL,2018-10-03,4150.0,4236.0,4149.0,4180.0,62963
PLZL,2018-10-04,4167.0,4197.0,4136.0,4170.0,44561
PLZL,2018-10-05,4170.0,4194.0,4111.0,4150.0,34975
PLZL,2018-10-08,4192.0,4205.0,4152.0,4152.0,26150
PLZL,2018-10-09,4142.0,4180.0,4131.0,4140.0,17439
PLZL,2018-10-10,4150.0,4180.0,4090.0,4110.0,21288
PLZL,2018-10-11,4085.0,4249.0,4060.0,4222.0,74849
PLZL,2018-10-12,4225.0,4288.0,4153.0,4240.0,63105
PLZL,2018-10-15,4206.0,4250.0,4204.0,4204.0,32843
PLZL,2018-10-16,4235.0,4350.0,4234.0,4316.0,89016
PLZL,2018-10-17,4219.0,4350.0,4218.0,4350.0,57137
PLZL,2018-10-18,4350.0,4350.0,4268.0,4314.0,32726
PLZL,2018-10-19,4327.0,4361.0,4270.0,4300.0,64209
PLZL,2018-10-22,4300.0,4315.0,4205.0,4213.0,37056
PLZL,2018-10-23,4214.0,4329.0,4125.0,4239.0,44036
PLZL,2018-10-24,4252.0,4276.0,4165.0,4165.0,56935
PLZL,2018-10-25,4130.0,4262.0,4130.0,4180.0,66107
PLZL,2018-10-26,4127.0,4187.0,4087.0,4137.0,81595
PLZL,2018-10-29,4137.0,4220.0,4112.0,4200.0,34199
PLZL,2018-10-30,4170.0,4194.0,4099.0,4099.0,50174
PLZL,2018-10-31,4105.0,4152.0,4076.0,4152.0,46252
PLZL,2018-11-01,4137.0,4155.0,4111.0,4148.5,39447
PLZL,2018-11-02,4150.0,4200.5,4150.0,4185.0,31162
PLZL,2018-11-06,4184.0,4233.5,4175.0,4214.0,41529
PLZL,2018-11-07,4225.0,4258.5,4152.0,4247.0,64651
PLZL,2018-11-08,4250.0,4260.0,4195.5,4260.0,48687
PLZL,2018-11-09,4225.5,4356.0,4219.0,4356.0,39073
PLZL,2018-11-12,4312.0,4370.0,4312.0,4330.0,28783
PLZL,2018-11-13,4311.5,4370.0,4283.0,4323.5,26509
PLZL,2018-11-14,4340.0,4409.5,4304.5,4400.0,42290
PLZL,2018-11-15,4400.0,4430.0,4329.5,4329.5,46708
PLZL,2018-11-16,4360.0,4377.5,4295.0,4295.0,26789
PLZL,2018-11-19,4322.5,4485.0,4307.0,4480.0,54526
PLZL,2018-11-20,4480.0,4480.0,4377.0,4450.0,36115
PLZL,2018-11-21,4401.0,4589.0,4386.0,4550.0,77790
PLZL,2018-11-22,4550.5,4777.0,4519.0,4689.0,97034
PLZL,2018-11-23,4660.0,4749.0,4555.0,4732.0,42574
PLZL,2018-11-26,4686.0,4777.0,4451.5,4752.0,71596
PLZL,2018-11-27,4709.0,4771.5,4675.0,4700.0,64896
PLZL,2018-11-28,4647.0,4744.0,4630.0,4688.5,42610
PLZL,2018-11-29,4688.0,4738.5,4665.5,4704.0,39678
PLZL,2018-11-30,4660.0,4827.5,4660.0,4827.5,95924
PLZL,2018-12-03,4827.5,4875.0,4660.0,4695.5,84432
PLZL,2018-12-04,4726.5,4750.0,4680.5,4715.0,46105
PLZL,2018-12-05,4702.0,4788.5,4690.0,4780.0,37817
PLZL,2018-12-06,4760.0,4810.0,4715.0,4775.0,22684
PLZL,2018-12-07,4765.0,4868.0,4753.5,4847.5,42177
PLZL,2018-12-10,4849.5,5025.0,4834.5,5024.5,84801
PLZL,2018-12-11,5024.5,5047.5,4825.5,4873.5,76881
PLZL,2018-12-12,4844.0,4934.5,4770.0,4878.0,25329
PLZL,2018-12-13,4900.5,5044.5,4875.0,4999.0,51222
PLZL,2018-12-14,4999.0,5070.0,4922.5,4991.5,49780
PLZL,2018-12-17,4995.0,5045.5,4945.0,5024.5,26276
PLZL,2018-12-18,5005.5,5088.0,4875.0,5053.0,58485
PLZL,2018-12-19,5048.0,5213.5,5048.0,5175.5,78850
PLZL,2018-12-20,5215.0,5275.0,4980.5,5167.0,116067
PLZL,2018-12-21,5161.0,5300.0,5142.0,5300.0,111087
PLZL,2018-12-24,5294.5,5399.0,5256.0,5300.0,35211
PLZL,2018-12-25,5360.0,5374.5,5209.0,5219.0,16457
PLZL,2018-12-26,5276.0,5276.0,5122.5,5200.0,20941
PLZL,2018-12-27,5228.5,5380.0,5144.0,5298.5,50138
PLZL,2018-12-28,5307.0,5410.5,5307.0,5392.0,34462
PLZL,2018-12-29,5399.5,5399.5,5351.0,5399.0,3525
PLZL,2019-01-03,5400.0,5468.0,5281.0,5299.5,27782
PLZL,2019-01-04,5325.5,5349.0,5250.0,5286.5,34476
PLZL,2019-01-08,5260.0,5260.0,5060.0,5134.5,46091
PLZL,2019-01-09,5121.5,5275.0,5121.5,5275.0,38262
PLZL,2019-01-10,5270.0,5414.0,5243.5,5414.0,61688
PLZL,2019-01-11,5390.5,5416.0,5325.0,5416.0,49216
PLZL,2019-01-14,5364.0,5412.5,5340.0,5372.5,41119
PLZL,2019-01-15,5375.5,5409.0,5365.0,5365.0,27745
PLZL,2019-01-16,5350.5,5395.5,5290.0,5339.5,44198
PLZL,2019-01-17,5373.0,5442.0,5314.5,5400.0,40927
PLZL,2019-01-18,5380.0,5407.0,5340.0,5370.0,38248
PLZL,2019-01-21,5350.0,5391.0,5324.0,5330.0,21163
PLZL,2019-01-22,5344.0,5398.0,5317.0,5398.0,44077
PLZL,2019-01-23,5401.5,5437.5,5365.0,5400.0,32780
PLZL,2019-01-24,5404.0,5412.0,5327.0,5359.0,49776
PLZL,2019-01-25,5369.0,5395.0,5330.0,5390.0,40470
PLZL,2019-01-28,5406.5,5409.0,5321.0,5371.5,28555
PLZL,2019-01-29,5343.0,5600.0,5343.0,5550.0,52483
PLZL,2019-01-30,5550.0,5574.5,5460.5,5548.0,44779
PLZL,2019-01-31,5569.5,5678.0,5482.0,5494.0,66688
PLZL,2019-02-01,5529.5,5529.5,5465.5,5521.5,45824
PLZL,2019-02-04,5508.0,5532.0,5470.0,5490.5,20202
PLZL,2019-02-05,5495.5,5526.5,5477.0,5526.5,25246
PLZL,2019-02-06,5525.0,5555.0,5468.5,5530.0,46265
PLZL,2019-02-07,5508.5,5527.5,5464.5,5475.5,36882
PLZL,2019-02-08,5488.0,5522.5,5380.5,5440.0,49481
PLZL,2019-02-11,5400.0,5468.0,5297.5,5300.0,54656
PLZL,2019-02-12,5306.0,5370.0,5278.5,5300.0,52137
PLZL,2019-02-13,5305.5,5325.0,5213.5,5213.5,61087
PLZL,2019-02-14,5202.5,5359.0,5148.0,5320.0,65445
PLZL,2019-02-15,5340.0,5403.5,5327.5,5344.5,66213
PLZL,2019-02-18,5359.5,5449.5,5300.0,5430.5,99942
PLZL,2019-02-19,5430.5,5488.0,5400.0,5445.0,49038
PLZL,2019-02-20,5460.0,5478.0,5405.5,5445.0,62087
PLZL,2019-02-21,5459.5,5459.5,5327.0,5370.0,85608
PLZL,2019-02-22,5369.5,5398.0,5297.5,5360.0,57742
PLZL,2019-02-25,5340.5,5376.5,5319.0,5373.0,25198
PLZL,2019-02-26,5360.0,5489.0,5334.0,5445.0,202870
PLZL,2019-02-27,5450.0,5494.0,5410.5,5450.0,106649
PLZL,2019-02-28,5409.0,5470.0,5342.0,5470.0,92935
PLZL,2019-03-01,5460.0,5460.0,5350.0,5350.5,48325
PLZL,2019-03-04,5350.5,5372.0,5092.0,5092.0,72335
PLZL,2019-03-05,5092.0,5184.0,5020.0,5139.5,69058
PLZL,2019-03-06,5124.0,5296.5,5124.0,5205.5,53376
PLZL,2019-03-07,5205.5,5256.0,5128.0,5200.0,33387
PLZL,2019-03-11,5220.5,5282.5,5176.5,5235.0,76311
PLZL,2019-03-12,5237.5,5325.0,5220.5,5325.0,65093
PLZL,2019-03-13,5320.0,5445.0,5292.0,5444.5,121299
PLZL,2019-03-14,5430.0,5482.0,5420.0,5468.0,70559
PLZL,2019-03-15,5480.0,5490.0,5343.5,5343.5,201290
PLZL,2019-03-18,5399.5,5589.0,5390.0,5460.5,81701
PLZL,2019-03-19,5492.0,5496.0,5433.0,5493.0,34887
PLZL,2019-03-20,5494.0,5499.5,5310.5,5342.0,139040
PLZL,2019-03-21,5364.0,5485.0,5360.0,5394.0,68339
PLZL,2019-03-22,5394.0,5420.0,5372.0,5393.5,35965
PLZL,2019-03-25,5396.0,5396.0,5257.5,5260.0,42301
PLZL,2019-03-26,5298.0,5434.0,5249.5,5434.0,96348
PLZL,2019-03-27,5413.5,5433.5,5379.5,5410.0,49566
PLZL,2019-03-28,5408.5,5439.5,5375.0,5416.5,29432
PLZL,2019-03-29,5412.0,5439.5,5357.0,5437.0,37543
PLZL,2019-04-01,5417.0,5460.0,5400.0,5421.5,24663
PLZL,2019-04-02,5411.0,5485.0,5405.0,5480.0,16348
PLZL,2019-04-03,5445.0,5469.5,5206.0,5320.0,376908
PLZL,2019-04-04,5230.0,5257.0,5081.5,5100.0,786452
PLZL,2019-04-05,5139.5,5153.5,5093.5,5096.0,131557
PLZL,2019-04-08,5130.0,5153.5,5111.0,5141.0,413639
PLZL,2019-04-09,5163.0,5175.0,5062.0,5092.0,149008
PLZL,2019-04-10,5091.5,5091.5,4972.0,4990.0,207882
PLZL,2019-04-11,5000.0,5013.5,4902.5,4930.0,122092
PLZL,2019-04-12,4930.0,4986.0,4915.0,4950.0,55735
PLZL,2019-04-15,4941.5,4947.5,4835.0,4835.0,131093
PLZL,2019-04-16,4840.0,4954.0,4840.0,4922.0,153629
PLZL,2019-04-17,4952.0,4982.0,4927.0,4950.0,73872
PLZL,2019-04-18,4933.0,4982.0,4930.5,4982.0,75642
PLZL,2019-04-19,4981.5,5019.0,4967.5,5000.0,19717
PLZL,2019-04-22,5015.0,5055.0,4982.5,5049.0,40042
PLZL,2019-04-23,5050.0,5060.5,4901.0,4905.0,90775
PLZL,2019-04-24,4914.5,4970.0,4900.0,4965.0,79042
PLZL,2019-04-25,4942.0,4983.0,4940.0,4957.0,52549
PLZL,2019-04-26,4978.5,5073.5,4944.5,5060.0,78357
PLZL,2019-04-29,5057.0,5084.0,5031.5,5052.5,42495
PLZL,2019-04-30,5051.0,5094.0,5037.5,5037.5,48979
PLZL,2019-05-02,5035.0,5060.5,4984.0,5040.0,16898
PLZL,2019-05-03,5035.0,5085.0,5013.5,5050.0,28387
PLZL,2019-05-06,5050.0,5095.0,5006.5,5055.0,33568
PLZL,2019-05-07,5035.0,5085.5,5021.0,5033.0,40129
PLZL,2019-05-08,5041.0,5068.5,5019.0,5019.0,46235
PLZL,2019-05-10,5021.0,5057.0,4981.5,4990.0,33210
PLZL,2019-05-13,4996.5,5050.0,4996.5,5001.0,67243
PLZL,2019-05-14,5042.5,5044.0,5004.0,5018.0,121835
PLZL,2019-05-15,4969.5,4973.0,4908.0,4950.0,74601
PLZL,2019-05-16,4960.0,4976.0,4924.5,4930.0,45462
PLZL,2019-05-17,4925.0,4940.0,4844.0,4844.5,78972
PLZL,2019-05-20,4870.0,4874.0,4760.0,4773.0,66960
PLZL,2019-05-21,4778.0,4862.0,4778.0,4833.0,47274
PLZL,2019-05-22,4830.0,4915.5,4823.5,4906.0,48645
PLZL,2019-05-23,4895.0,4972.0,4891.0,4972.0,85720
PLZL,2019-05-24,4975.0,5001.5,4943.0,4985.0,55233
PLZL,2019-05-27,4987.0,4995.0,4941.5,4985.5,15996
PLZL,2019-05-28,4987.0,5010.0,4956.0,4970.0,185264
PLZL,2019-05-29,4969.0,5053.0,4963.5,5053.0,94526
PLZL,2019-05-30,5060.0,5083.0,5036.5,5075.0,58289
PLZL,2019-05-31,5065.0,5170.5,5060.5,5170.5,150799
PLZL,2019-06-03,5179.5,5249.5,5175.0,5244.0,119818
PLZL,2019-06-04,5249.0,5269.5,5216.0,5269.5,60566
PLZL,2019-06-05,5270.0,5328.0,5260.0,5323.0,61059
PLZL,2019-06-06,5316.5,5345.5,5280.0,5326.0,48022
PLZL,2019-06-07,5322.0,5460.0,5305.0,5460.0,120584
PLZL,2019-06-10,5440.0,5491.5,5330.5,5485.0,200776
PLZL,2019-06-11,5478.0,5576.0,5464.5,5576.0,147501
PLZL,2019-06-13,5575.0,5637.0,5552.5,5580.0,229087
PLZL,2019-06-14,5600.0,5740.0,5585.0,5721.0,218379
PLZL,2019-06-17,5749.5,5791.0,5600.0,5600.0,113002
PLZL,2019-06-18,5618.0,5729.5,5610.0,5646.0,184852
PLZL,2019-06-19,5649.0,5726.0,5487.0,5560.0,96346
PLZL,2019-06-20,5650.0,5692.0,5610.0,5638.5,183843
PLZL,2019-06-21,5651.0,5808.5,5612.5,5805.5,152263
PLZL,2019-06-24,5800.0,5973.5,5747.5,5931.0,109138
PLZL,2019-06-25,5947.0,5989.5,5885.0,5931.0,90992
PLZL,2019-06-26,5910.0,5964.5,5825.5,5896.0,90815
PLZL,2019-06-27,5875.0,5924.5,5801.0,5836.0,80250
PLZL,2019-06-28,5850.0,5869.5,5764.5,5828.0,63243
PLZL,2019-07-01,5775.0,5809.5,5650.0,5695.0,183789
PLZL,2019-07-02,5674.5,5848.0,5674.5,5848.0,114999
PLZL,2019-07-03,5905.0,6058.0,5853.5,6029.0,194616
PLZL,2019-07-04,6030.0,6114.5,5958.0,6108.5,65089
PLZL,2019-07-05,6100.5,6284.0,6064.0,6200.0,214330
PLZL,2019-07-08,6217.0,6269.5,6188.5,6225.0,84778
PLZL,2019-07-09,6196.0,6259.5,6174.0,6209.0,92244
PLZL,2019-07-10,6265.5,6357.5,6150.5,6293.0,142451
PLZL,2019-07-11,6337.0,6361.5,6165.0,6225.0,128801
PLZL,2019-07-12,6200.0,6400.0,6132.5,6316.0,170676
PLZL,2019-07-15,6322.0,6343.0,6258.0,6300.0,56649
PLZL,2019-07-16,6283.0,6397.0,6283.0,6371.5,53096
PLZL,2019-07-17,6355.0,6398.0,6308.0,6385.0,47027
PLZL,2019-07-18,6393.0,6430.0,6333.5,6413.0,39099
PLZL,2019-07-19,6430.0,6499.5,6413.0,6472.0,63011
PLZL,2019-07-22,6522.5,6550.0,6450.5,6476.0,87393
PLZL,2019-07-23,6430.0,6451.5,6201.0,6400.0,119180
PLZL,2019-07-24,6400.0,6427.0,6315.5,6416.0,56268
PLZL,2019-07-25,6412.5,6490.0,6362.5,6490.0,63737
PLZL,2019-07-26,6485.0,6495.0,6341.5,6412.5,72992
PLZL,2019-07-29,6411.5,6485.0,6380.0,6467.5,28479
PLZL,2019-07-30,6487.5,6501.0,6451.5,6500.0,30545
PLZL,2019-07-31,6500.0,6500.0,6460.0,6460.0,54126
PLZL,2019-08-01,6433.0,6465.5,6374.5,6431.0,55558
PLZL,2019-08-02,6479.0,6582.0,6436.5,6510.0,119957
PLZL,2019-08-05,6559.5,6890.0,6547.5,6844.5,211893
PLZL,2019-08-06,6900.0,6986.5,6782.0,6791.5,184406
PLZL,2019-08-07,6840.0,6979.5,6827.5,6944.0,113375
PLZL,2019-08-08,6950.0,6967.0,6880.5,6897.5,80367
PLZL,2019-08-09,6932.5,7035.5,6911.5,7010.0,119776
PLZL,2019-08-12,7009.5,7116.5,6971.5,7090.0,131842
PLZL,2019-08-13,7194.0,7199.5,6886.0,7024.0,239036
PLZL,2019-08-14,6960.0,7249.0,6951.5,7194.0,146955
PLZL,2019-08-15,7222.0,7300.0,7161.0,7254.0,143390
PLZL,2019-08-16,7254.0,7265.0,7093.5,7130.0,174973
PLZL,2019-08-19,7130.0,7250.0,7068.0,7200.0,222363
PLZL,2019-08-20,7217.0,7350.0,7217.0,7314.0,168356
PLZL,2019-08-21,7335.0,7340.5,7188.5,7244.0,146547
PLZL,2019-08-22,7259.5,7270.0,7100.0,7236.0,196581
PLZL,2019-08-23,7252.0,7308.0,7181.5,7280.0,130080
PLZL,2019-08-26,7337.0,7490.0,7314.5,7485.0,153337
PLZL,2019-08-27,7500.0,7623.5,7452.0,7574.0,236146
PLZL,2019-08-28,7575.0,7578.5,7443.0,7510.0,105398
PLZL,2019-08-29,7535.0,7600.0,7508.5,7524.0,106187
PLZL,2019-08-30,7511.0,7665.0,7464.5,7665.0,176967
PLZL,2019-09-02,7670.0,7672.0,7550.5,7600.0,67417
PLZL,2019-09-03,7587.5,7647.0,7551.0,7618.5,61379
PLZL,2019-09-04,7628.0,7638.5,7506.5,7573.5,137694
PLZL,2019-09-05,7595.0,7600.0,7352.5,7400.0,134432
PLZL,2019-09-06,7390.0,7525.0,6527.0,7470.0,231997
PLZL,2019-09-09,7469.0,7480.0,7279.5,7383.0,96371
PLZL,2019-09-10,7325.0,7370.0,7258.0,7301.0,118141
PLZL,2019-09-11,7260.0,7448.0,7216.5,7440.0,144796
PLZL,2019-09-12,7406.5,7507.5,7380.0,7500.0,93706
PLZL,2019-09-13,7507.5,7622.0,7400.0,7457.5,101679
PLZL,2019-09-16,7457.5,7809.0,7434.5,7636.0,132776
PLZL,2019-09-17,7636.0,7750.0,7582.0,7734.0,86928
PLZL,2019-09-18,7767.5,7800.0,7720.5,7784.5,102820
PLZL,2019-09-19,7756.5,7768.5,7702.5,7731.0,63794
PLZL,2019-09-20,7748.5,7799.0,7661.0,7770.0,83507
PLZL,2019-09-23,7780.5,7790.5,7593.0,7640.0,92011
PLZL,2019-09-24,7649.0,7737.0,7647.5,7720.5,57251
PLZL,2019-09-25,7749.5,7833.0,7718.0,7778.5,74454
PLZL,2019-09-26,7786.0,7790.0,7684.0,7775.0,60503
PLZL,2019-09-27,7773.0,7792.5,7500.0,7561.5,114144
PLZL,2019-09-30,7652.0,7652.0,7426.5,7545.0,101545
PLZL,2019-10-01,7502.0,7581.0,7412.5,7549.0,96092
PLZL,2019-10-02,7544.0,7594.0,7451.0,7452.0,60519
PLZL,2019-10-03,7513.0,7538.5,7421.0,7477.5,31429
PLZL,2019-10-04,7509.5,7570.0,7462.5,7525.0,37410
PLZL,2019-10-07,7538.0,7564.0,7473.0,7515.0,37064
PLZL,2019-10-08,7500.0,7739.0,7483.5,7680.0,96279
PLZL,2019-10-09,7541.5,7631.0,7540.0,7575.5,77103
PLZL,2019-10-10,7580.0,7585.0,7482.5,7530.5,42627
PLZL,2019-10-11,7510.0,7511.0,7224.0,7260.0,122622
PLZL,2019-10-14,7300.0,7317.5,7116.0,7159.0,85542
PLZL,2019-10-15,7160.5,7300.0,7026.0,7111.0,105609
PLZL,2019-10-16,7111.0,7331.0,7097.5,7286.5,67647
PLZL,2019-10-17,7287.0,7344.5,7100.0,7210.0,95165
PLZL,2019-10-18,7240.0,7400.0,7171.0,7400.0,53962
PLZL,2019-10-21,7397.5,7409.0,7156.0,7213.0,97203
PLZL,2019-10-22,7214.5,7289.0,7086.0,7130.0,100796
PLZL,2019-10-23,7160.0,7230.0,7112.0,7160.0,75088
PLZL,2019-10-24,7150.0,7300.0,7118.0,7276.5,69377
PLZL,2019-10-25,7294.0,7304.5,7164.0,7259.0,53853
PLZL,2019-10-28,7230.0,7493.5,7214.5,7301.0,98248
PLZL,2019-10-29,7300.0,7398.5,7246.5,7297.0,72673
PLZL,2019-10-30,7305.5,7354.0,7170.0,7354.0,80881
PLZL,2019-10-31,7360.0,7641.5,7346.5,7469.0,206119
PLZL,2019-11-01,7470.0,7621.0,7400.0,7400.0,133946
PLZL,2019-11-05,7474.0,7568.0,7325.0,7377.0,180565
PLZL,2019-11-06,7359.0,7616.0,7359.0,7616.0,185409
PLZL,2019-11-07,7599.5,7616.5,7402.0,7415.0,119211
PLZL,2019-11-08,7347.5,7417.5,7140.0,7195.0,164754
PLZL,2019-11-11,7197.0,7319.0,7158.0,7185.0,72559
PLZL,2019-11-12,7190.0,7210.0,7003.5,7047.5,130785
PLZL,2019-11-13,7068.0,7169.5,7060.0,7137.0,85464
PLZL,2019-11-14,7145.0,7170.0,7040.0,7093.0,124377
PLZL,2019-11-15,7092.0,7100.0,7005.0,7084.0,73793
PLZL,2019-11-18,7050.5,7078.5,6930.0,7052.5,114045
PLZL,2019-11-19,7050.0,7060.0,6957.0,6983.5,75768
PLZL,2019-11-20,6995.0,7135.0,6986.0,7040.5,94364
PLZL,2019-11-21,7018.0,7049.0,6814.5,6832.0,133485
PLZL,2019-11-22,6870.0,6927.5,6835.5,6927.5,79980
PLZL,2019-11-25,6924.5,6925.0,6780.0,6792.0,96791
PLZL,2019-11-26,6780.0,6790.0,6666.0,6728.5,378814
PLZL,2019-11-27,6705.0,6875.5,6703.5,6822.0,111094
PLZL,2019-11-28,6790.0,6899.0,6770.5,6840.5,63253
PLZL,2019-11-29,6838.5,6895.0,6821.5,6891.0,66095
PLZL,2019-12-02,6882.0,6949.5,6874.5,6885.0,53246
PLZL,2019-12-03,6870.0,7015.0,6828.0,6996.0,139323
PLZL,2019-12-04,7000.0,7047.5,6933.5,6933.5,94763
PLZL,2019-12-05,6935.5,6990.0,6833.0,6894.0,88415
PLZL,2019-12-06,6870.0,6945.5,6725.0,6758.0,129597
PLZL,2019-12-09,6760.0,6822.5,6720.0,6792.0,52843
PLZL,2019-12-10,6792.0,6852.0,6740.5,6842.5,66862
PLZL,2019-12-11,6842.0,7189.5,6796.0,7142.5,168156
PLZL,2019-12-12,7159.5,7265.0,7080.0,7095.0,127208
PLZL,2019-12-13,7049.5,7128.0,6957.5,6987.0,116240
PLZL,2019-12-16,7023.0,7065.0,6986.5,7000.0,45077
PLZL,2019-12-17,7024.5,7070.0,6866.0,6941.0,123007
PLZL,2019-12-18,6932.0,6980.5,6889.5,6959.0,118381
PLZL,2019-12-19,6952.0,6974.0,6850.0,6855.0,95909
PLZL,2019-12-20,6879.5,6907.5,6771.5,6771.5,62766
PLZL,2019-12-23,6789.5,6941.5,6780.5,6868.0,71772
PLZL,2019-12-24,6900.0,6967.5,6892.0,6940.5,44393
PLZL,2019-12-25,6970.0,6989.0,6937.0,6976.5,17903
PLZL,2019-12-26,6990.0,7140.0,6965.0,7140.0,56719
PLZL,2019-12-27,7110.5,7175.0,7101.0,7145.0,61435
PLZL,2019-12-30,7123.0,7170.0,7025.0,7103.5,68236
PLZL,2020-01-03,7177.0,7286.0,7157.5,7286.0,122316
PLZL,2020-01-06,7370.0,7525.0,7359.5,7421.5,140372
PLZL,2020-01-08,7530.0,7600.0,7456.5,7468.0,122933
PLZL,2020-01-09,7435.0,7435.0,7240.0,7326.0,105171
PLZL,2020-01-10,7329.0,7329.0,7185.0,7220.0,81847
PLZL,2020-01-13,7195.0,7357.5,7162.0,7357.5,91594
PLZL,2020-01-14,7328.5,7484.0,7275.0,7391.0,114099
PLZL,2020-01-15,7407.0,7435.0,7321.0,7421.5,93684
PLZL,2020-01-16,7421.5,7462.0,7335.0,7379.0,87620
PLZL,2020-01-17,7378.0,7452.5,7352.5,7360.0,85253
PLZL,2020-01-20,7400.5,7400.5,7354.0,7385.0,48198
PLZL,2020-01-21,7420.0,7475.0,7302.0,7374.5,88453
PLZL,2020-01-22,7374.5,7397.0,7307.5,7380.0,49891
PLZL,2020-01-23,7382.0,7400.0,7330.0,7377.5,62158
PLZL,2020-01-24,7375.0,7448.5,7343.0,7448.5,63061
PLZL,2020-01-27,7500.0,7869.0,7500.0,7857.0,354128
PLZL,2020-01-28,7856.0,7879.0,7710.5,7775.0,213609
PLZL,2020-01-29,7770.0,7789.0,7608.0,7752.0,120039
PLZL,2020-01-30,7771.0,7962.5,7770.0,7819.5,130660
PLZL,2020-01-31,7799.5,7845.0,7701.0,7814.5,93011
PLZL,2020-02-03,7821.5,7922.0,7622.5,7698.0,150480
PLZL,2020-02-04,7684.0,7684.0,7459.0,7529.0,181368
PLZL,2020-02-05,7558.0,7597.0,7340.5,7481.0,152346
PLZL,2020-02-06,7475.0,7617.0,7415.0,7562.0,108182
PLZL,2020-02-07,7565.0,7815.0,7501.0,7765.5,150711
PLZL,2020-02-10,7800.5,7915.5,7770.5,7915.5,160471
PLZL,2020-02-11,7875.5,7998.5,7833.5,7895.5,157010
PLZL,2020-02-12,7885.0,7885.0,7717.0,7838.5,102844
PLZL,2020-02-13,7924.5,7985.0,7882.0,7968.5,75410
PLZL,2020-02-14,7940.0,8041.0,7850.0,8003.0,90238
PLZL,2020-02-17,7972.0,8016.0,7883.0,7922.0,56222
PLZL,2020-02-18,7979.5,8065.0,7945.5,8000.0,113234
PLZL,2020-02-19,8069.0,8195.0,8038.5,8111.0,113439
PLZL,2020-02-20,8111.5,8315.5,8104.5,8200.0,264412
PLZL,2020-02-21,8300.0,8618.5,8273.0,8507.5,313247
PLZL,2020-02-25,8750.0,9127.5,8690.5,8780.0,428376
PLZL,2020-02-26,8828.5,9088.5,8600.0,8644.5,298697
PLZL,2020-02-27,8944.0,8960.5,8725.0,8901.5,172262
PLZL,2020-02-28,9000.0,9000.0,8260.0,8464.0,419875
PLZL,2020-03-02,8590.0,8678.0,8258.5,8540.5,202843
PLZL,2020-03-03,8468.5,8620.0,8271.0,8591.0,249849
PLZL,2020-03-04,8652.0,8688.0,8470.0,8566.5,153935
PLZL,2020-03-05,8594.0,8650.0,8321.0,8628.0,342244
PLZL,2020-03-06,8700.5,9010.0,8693.5,8885.0,273601
PLZL,2020-03-10,9000.0,9529.5,9000.0,9381.5,383341
PLZL,2020-03-11,9477.0,9480.0,9220.0,9372.5,175693
PLZL,2020-03-12,9300.0,9460.0,8702.0,8970.0,359910
PLZL,2020-03-13,8823.5,9138.0,8721.0,8744.5,298759
PLZL,2020-03-16,8908.0,9181.0,7650.0,7954.0,488866
PLZL,2020-03-17,7898.5,8344.0,7302.0,8121.0,417086
PLZL,2020-03-18,7958.0,8809.0,7752.0,8383.5,358047
PLZL,2020-03-19,8381.0,8532.0,7917.5,8456.5,354496
PLZL,2020-03-20,8739.0,8799.5,8200.0,8495.5,354585
PLZL,2020-03-23,8490.0,8603.0,8050.0,8423.0,267100
PLZL,2020-03-24,8690.0,9544.0,8608.0,9520.5,322210
PLZL,2020-03-25,9600.0,10095.5,9597.5,9995.0,319922
PLZL,2020-03-26,10043.0,11088.5,10016.5,11047.5,358405
PLZL,2020-03-27,11053.0,11053.0,10503.5,10820.5,197523
PLZL,2020-03-30,10830.0,11295.0,10618.5,11172.5,236419
PLZL,2020-03-31,11127.0,11484.0,10552.5,10637.5,344764
PLZL,2020-04-01,10670.0,11089.0,9952.0,10038.0,318407
PLZL,2020-04-02,10080.0,10476.0,9850.0,10354.5,324283
PLZL,2020-04-03,10355.0,10456.0,10130.0,10394.5,160449
PLZL,2020-04-06,10450.5,11000.0,10426.5,10818.5,205499
PLZL,2020-04-07,10999.5,11111.0,10710.0,10970.0,137850
PLZL,2020-04-08,10970.0,11070.0,10846.5,11050.5,161534
PLZL,2020-04-09,11130.0,11324.0,10937.0,11260.5,215802
PLZL,2020-04-10,11300.0,11500.0,11101.5,11401.0,111014
PLZL,2020-04-13,11419.5,11645.0,11292.0,11525.0,123925
PLZL,2020-04-14,11620.0,12358.0,11554.0,12150.0,377327
PLZL,2020-04-15,11910.5,12164.5,11375.5,11472.5,296855
PLZL,2020-04-16,11622.0,12139.0,11602.0,11940.0,273407
PLZL,2020-04-17,11734.5,11888.0,11570.5,11685.0,233967
PLZL,2020-04-20,11630.0,11675.0,11203.5,11635.0,259877
PLZL,2020-04-21,11668.0,12000.0,11342.0,11794.5,309230
PLZL,2020-04-22,11828.5,12500.0,11812.0,12209.0,353297
PLZL,2020-04-23,12298.0,12488.5,11910.5,11951.0,408476
PLZL,2020-04-24,12037.5,12245.0,11922.0,12095.0,164243
PLZL,2020-04-27,12100.0,12347.5,12055.0,12081.0,188936
PLZL,2020-04-28,12085.0,12172.0,11811.5,11916.5,254016
PLZL,2020-04-29,11998.0,11998.0,11750.0,11935.5,198253
PLZL,2020-04-30,12084.0,12110.0,11925.5,12110.0,151514
PLZL,2020-05-04,12100.0,12350.0,11835.5,12023.0,190503
PLZL,2020-05-05,11950.0,12040.0,11805.0,11832.0,111611
PLZL,2020-05-06,11855.0,12043.0,11830.0,11920.5,126388
PLZL,2020-05-07,11915.0,12032.0,11333.0,11839.0,142263
PLZL,2020-05-08,11973.0,11985.0,11857.0,11973.0,76909
PLZL,2020-05-12,11926.0,12047.0,11682.5,11979.0,164973
PLZL,2020-05-13,12007.5,12390.0,11934.0,12295.0,245089
PLZL,2020-05-14,12381.0,12490.0,12100.0,12350.0,143559
PLZL,2020-05-15,12389.5,12444.5,12160.0,12306.0,124381
PLZL,2020-05-18,12400.0,12738.0,12090.0,12257.0,264892
PLZL,2020-05-19,12127.0,12257.0,11971.0,12110.0,203305
PLZL,2020-05-20,12203.0,12269.5,11980.0,12073.5,183655
PLZL,2020-05-21,11978.5,12044.0,11754.5,11925.0,137540
PLZL,2020-05-22,12000.0,12088.5,11755.0,11814.5,136330
PLZL,2020-05-25,11755.0,11982.0,11750.5,11975.0,59343
PLZL,2020-05-26,12000.0,12000.0,11628.0,11628.0,147649
PLZL,2020-05-27,11600.0,11620.0,11020.0,11262.5,302924
PLZL,2020-05-28,11358.0,11424.5,11201.5,11340.0,189537
PLZL,2020-05-29,11388.0,11701.0,11268.0,11673.0,655920
PLZL,2020-06-01,11650.0,11686.5,11159.0,11400.0,172075
PLZL,2020-06-02,11379.5,11426.0,11032.0,11142.0,213079
PLZL,2020-06-03,10967.0,11029.0,10400.0,10567.0,423438
PLZL,2020-06-04,10495.0,11036.0,10450.5,10688.5,395376
PLZL,2020-06-05,10618.0,10620.5,10150.5,10246.0,311404
PLZL,2020-06-08,10290.0,10302.5,9952.0,10149.0,330705
PLZL,2020-06-09,10149.5,10680.0,10075.0,10465.0,364118
PLZL,2020-06-10,10538.0,10790.0,10456.0,10589.5,268000
PLZL,2020-06-11,10801.0,10970.0,10616.0,10888.0,338322
PLZL,2020-06-15,10889.0,10893.0,10315.0,10520.0,250140
PLZL,2020-06-16,10518.0,10642.5,10345.0,10345.0,179185
PLZL,2020-06-17,10399.5,10749.5,10395.0,10742.0,247865
PLZL,2020-06-18,10753.0,10915.0,10670.0,10850.0,218863
PLZL,2020-06-19,10879.5,11193.5,10802.0,11067.5,359407
PLZL,2020-06-22,11177.5,11478.0,11095.5,11336.5,257826
PLZL,2020-06-23,11303.5,11640.5,11234.0,11583.5,199922
PLZL,2020-06-25,11530.0,11792.5,11508.5,11673.0,247832
PLZL,2020-06-26,11690.0,11835.0,11628.0,11738.5,142151
PLZL,2020-06-29,11750.0,12010.0,11718.0,11890.0,219174
PLZL,2020-06-30,11899.0,12072.0,11851.0,11970.0,172987
PLZL,2020-07-02,11942.0,12000.0,11780.0,11974.0,208227
PLZL,2020-07-03,11970.0,12284.0,11933.5,12220.0,170542
PLZL,2020-07-06,12220.0,12600.0,12125.0,12491.0,209437
PLZL,2020-07-07,12470.0,12722.0,12453.0,12707.0,174710
PLZL,2020-07-08,12710.0,12961.0,12556.0,12914.0,236782
PLZL,2020-07-09,12954.5,13394.0,12921.0,13280.0,327243
PLZL,2020-07-10,13250.0,13729.5,13056.0,13170.5,329078
PLZL,2020-07-13,13280.0,13373.5,12765.0,12852.0,211209
PLZL,2020-07-14,12880.0,12930.0,12366.0,12819.5,264651
PLZL,2020-07-15,12840.0,13320.0,12825.5,13270.0,250084
PLZL,2020-07-16,13269.0,13536.0,12940.0,13168.0,318624
PLZL,2020-07-17,13132.5,13320.0,13105.5,13225.0,140339
PLZL,2020-07-20,13290.5,13426.0,13121.5,13342.0,144374
PLZL,2020-07-21,13400.5,13629.5,13251.0,13484.5,151642
PLZL,2020-07-22,13558.5,13944.0,13503.5,13920.0,188305
PLZL,2020-07-23,13973.0,14600.0,13921.0,14498.0,295189
PLZL,2020-07-24,14549.5,15274.5,14452.0,15265.0,340898
PLZL,2020-07-27,15570.0,17490.0,15477.0,17248.0,620592
PLZL,2020-07-28,17092.5,17097.5,16028.0,16580.0,563457
PLZL,2020-07-29,16689.0,17094.5,16215.0,16650.0,393061
PLZL,2020-07-30,16327.0,16430.0,16075.0,16240.0,222351
PLZL,2020-07-31,16578.0,17079.5,16466.0,16949.0,368890
PLZL,2020-08-03,17074.5,17185.0,16720.0,16850.0,188257
PLZL,2020-08-04,16831.0,17420.0,16707.5,17380.5,229203
PLZL,2020-08-05,17463.5,18500.0,17450.5,18169.5,498629
PLZL,2020-08-06,18400.0,18773.0,18023.0,18592.0,322328
PLZL,2020-08-07,18440.0,18564.5,17755.0,18067.5,482098
PLZL,2020-08-10,18000.0,18123.5,17710.0,17753.0,244733
PLZL,2020-08-11,17291.5,17599.5,16750.0,16834.0,445790
PLZL,2020-08-12,16829.0,17595.0,16526.0,17301.5,387220
PLZL,2020-08-13,17315.0,17630.0,17122.0,17460.0,218349
PLZL,2020-08-14,17310.5,17563.0,17183.5,17419.0,155017
PLZL,2020-08-17,17530.0,18280.5,17517.0,18152.5,268967
PLZL,2020-08-18,18338.5,18659.0,17887.0,17948.0,329605
PLZL,2020-08-19,17856.0,18170.0,17560.5,17633.0,247392
PLZL,2020-08-20,17789.0,17899.0,17317.0,17830.0,176987
PLZL,2020-08-21,17755.0,17917.0,17420.0,17686.0,161842
PLZL,2020-08-24,17725.0,18186.5,17588.0,17966.0,170160
PLZL,2020-08-25,17983.5,18127.0,17820.5,17985.5,97574
PLZL,2020-08-26,17929.5,18444.0,17800.5,18344.5,202145
PLZL,2020-08-27,18200.0,18470.0,18077.5,18170.0,174104
PLZL,2020-08-28,18300.0,18442.0,18052.0,18366.0,231331
PLZL,2020-08-31,18400.5,18404.5,17890.5,18085.5,227940
PLZL,2020-09-01,18220.0,18765.0,17707.5,17868.0,296656
PLZL,2020-09-02,17800.0,17869.0,17253.5,17529.5,238993
PLZL,2020-09-03,17374.0,17444.5,16763.5,16951.0,330001
PLZL,2020-09-04,16968.5,17380.0,16928.5,17266.0,217930
PLZL,2020-09-07,17230.0,17646.5,17230.0,17431.0,159204
PLZL,2020-09-08,17493.0,17527.0,16820.5,17023.0,211925
PLZL,2020-09-09,17014.5,17074.0,16518.0,16735.0,253314
PLZL,2020-09-10,16700.0,16998.0,16607.0,16806.5,204313
PLZL,2020-09-11,16820.0,17395.0,16762.0,17067.0,238284
PLZL,2020-09-14,17077.5,17122.0,16778.0,16950.0,187427
PLZL,2020-09-15,16980.0,17073.0,16776.0,16943.0,161175
PLZL,2020-09-16,16938.5,17413.0,16886.0,17270.0,245718
PLZL,2020-09-17,16280.0,17367.0,16280.0,16947.0,301910
PLZL,2020-09-18,17092.0,17161.0,16789.5,16930.0,256708
PLZL,2020-09-21,16940.0,16995.5,15902.0,16460.0,205996
PLZL,2020-09-22,16255.0,16676.5,16126.0,16285.0,200456
PLZL,2020-09-23,16097.0,16531.0,15800.0,16309.5,211273
PLZL,2020-09-24,16200.0,16423.5,15870.5,16335.0,214814
PLZL,2020-09-25,16345.0,16585.0,16161.0,16335.5,128871
PLZL,2020-09-28,16320.0,16645.0,16224.5,16423.5,148335
PLZL,2020-09-29,16500.0,16699.5,16273.0,16658.0,118379
PLZL,2020-09-30,16550.0,16586.5,16247.5,16250.5,134698
PLZL,2020-10-01,16348.0,16515.5,16125.0,16352.0,121496
PLZL,2020-10-02,16495.0,16862.0,16369.5,16737.0,173807
PLZL,2020-10-05,16685.0,17037.0,16475.0,16962.5,129335
PLZL,2020-10-06,16970.0,16977.5,16400.0,16401.0,162649
PLZL,2020-10-07,16500.0,16661.0,16425.0,16566.0,91061
PLZL,2020-10-08,16630.0,16968.5,16551.0,16883.0,177610
PLZL,2020-10-09,16950.0,17063.0,16780.0,16981.5,120279
PLZL,2020-10-12,17039.0,17039.0,16715.0,16850.0,123984
PLZL,2020-10-13,16790.0,16855.0,16615.0,16655.0,67084
PLZL,2020-10-14,16700.0,17470.5,16690.0,17430.0,249854
PLZL,2020-10-15,17399.0,17399.0,17085.5,17318.5,158858
PLZL,2020-10-16,17380.0,17538.0,17255.0,17399.5,172712
PLZL,2020-10-19,17299.5,17382.5,17149.0,17268.5,72599
PLZL,2020-10-20,17229.5,17248.5,17037.0,17130.0,84193
PLZL,2020-10-21,17153.0,17218.0,16667.5,16800.5,125572
PLZL,2020-10-22,16839.0,17049.0,16620.0,16768.5,155783
PLZL,2020-10-23,16880.0,16880.0,16316.0,16527.0,97749
PLZL,2020-10-26,16468.0,16568.5,16078.0,16141.5,96849
PLZL,2020-10-27,16050.5,16543.5,16050.5,16499.0,100507
PLZL,2020-10-28,16412.0,16497.5,15455.5,15935.0,201473
PLZL,2020-10-29,16000.0,16279.0,15421.0,15601.0,137427
PLZL,2020-10-30,15520.0,15600.0,15127.0,15536.5,162179
PLZL,2020-11-02,15598.5,16340.0,15524.5,16319.0,148982
PLZL,2020-11-03,16251.0,16670.5,16235.5,16670.5,172615
PLZL,2020-11-05,16710.0,17265.0,16610.0,17195.0,215722
PLZL,2020-11-06,17118.0,17750.0,17056.5,17697.5,223882
PLZL,2020-11-09,17812.5,18027.0,15802.5,16615.0,584435
PLZL,2020-11-10,16615.0,16749.0,16010.0,16432.5,323933
PLZL,2020-11-11,16483.0,16483.0,15464.5,15880.0,364559
PLZL,2020-11-12,15825.0,16335.0,15650.0,16033.0,305271
PLZL,2020-11-13,15964.0,16480.0,15825.5,16295.5,217888
PLZL,2020-11-16,16213.0,16349.0,15907.5,16035.0,225301
PLZL,2020-11-17,15970.5,16024.5,15730.5,15790.5,165600
PLZL,2020-11-18,15746.0,15875.0,15608.0,15770.5,129016
PLZL,2020-11-19,15720.0,15736.5,15440.5,15490.0,217219
PLZL,2020-11-20,15442.0,15530.0,15315.0,15410.0,160854
PLZL,2020-11-23,15440.0,15469.5,14454.5,14785.0,403352
PLZL,2020-11-24,14592.0,15343.5,14362.0,14630.0,618664
PLZL,2020-11-25,14580.0,14650.0,14259.0,14570.0,219779
PLZL,2020-11-26,14580.0,15129.0,14580.0,15020.0,278035
PLZL,2020-11-27,14989.5,15038.0,14472.0,14640.0,232892
PLZL,2020-11-30,14568.5,14659.0,14350.5,14530.0,247391
PLZL,2020-12-01,14572.5,14888.5,14547.0,14859.0,295057
PLZL,2020-12-02,14767.5,14980.0,14543.5,14656.5,288251
PLZL,2020-12-03,14749.5,14840.5,14416.0,14503.0,209806
PLZL,2020-12-04,14530.0,14539.5,14280.0,14360.0,134168
PLZL,2020-12-07,14379.5,14898.5,13975.5,14740.0,425702
PLZL,2020-12-08,14792.0,15114.0,14630.0,15061.0,347289
PLZL,2020-12-09,14999.5,15059.0,14510.5,14580.0,262042
PLZL,2020-12-10,14550.0,14696.5,14333.0,14429.5,188076
PLZL,2020-12-11,14400.0,14435.0,14119.0,14212.5,180005
PLZL,2020-12-14,14180.0,14540.0,14010.0,14393.5,220036
PLZL,2020-12-15,14530.0,15049.5,14400.0,14899.5,246845
PLZL,2020-12-16,15000.0,15012.5,14540.0,14750.0,174854
PLZL,2020-12-17,14820.0,15432.0,14754.0,15286.0,387853
PLZL,2020-12-18,15150.5,15584.5,15138.0,15320.0,352167
PLZL,2020-12-21,15630.0,15845.0,15330.0,15650.0,288245
PLZL,2020-12-22,15550.0,15692.5,15004.5,15102.0,247239
PLZL,2020-12-23,15130.0,15373.0,15057.0,15191.5,122009
PLZL,2020-12-24,15230.0,15258.0,15109.0,15195.0,58376
PLZL,2020-12-25,15142.5,15230.0,15142.0,15183.0,23781
PLZL,2020-12-28,15260.0,15345.0,15125.0,15175.0,95429
PLZL,2020-12-29,15127.0,15335.0,15127.0,15229.0,79363
PLZL,2020-12-30,15250.0,15325.0,15141.0,15245.0,75278
PLZL,2021-01-04,15500.0,16024.0,15400.5,15948.0,314058
PLZL,2021-01-05,15950.0,16125.0,15611.5,15987.5,282060
PLZL,2021-01-06,15950.0,16060.0,15522.0,15792.5,203989
PLZL,2021-01-08,15721.5,15869.0,15304.0,15396.0,308972
PLZL,2021-01-11,15402.0,15583.0,15334.5,15489.0,179879
PLZL,2021-01-12,15555.0,15642.0,15252.5,15419.5,149972
PLZL,2021-01-13,15490.0,15524.5,15328.5,15426.0,134414
PLZL,2021-01-14,15350.0,15420.0,15015.0,15080.0,268319
PLZL,2021-01-15,15079.5,15138.0,14800.0,14840.0,149740
PLZL,2021-01-18,14950.0,15100.0,14715.0,14840.5,177463
PLZL,2021-01-19,14891.5,14910.0,14620.5,14690.5,144679
PLZL,2021-01-20,14780.0,15133.5,14656.0,15055.0,241474
PLZL,2021-01-21,15089.0,15217.5,14937.0,15059.5,175697
PLZL,2021-01-22,14896.5,15060.0,14660.0,14835.0,186665
PLZL,2021-01-25,14873.0,15199.0,14739.0,15048.0,136342
PLZL,2021-01-26,15089.0,15227.5,14815.0,15119.0,185084
PLZL,2021-01-27,15150.0,15192.0,14783.0,14860.0,95998
PLZL,2021-01-28,14840.0,14892.5,14542.5,14669.5,190318
PLZL,2021-01-29,14732.5,14732.5,14279.5,14305.5,339605
PLZL,2021-02-01,14470.0,14910.0,14377.5,14793.0,236030
PLZL,2021-02-02,14743.0,15049.0,14575.0,14893.0,255826
PLZL,2021-02-03,15020.0,15049.0,14499.5,14599.5,153541
PLZL,2021-02-04,14470.0,14576.0,14308.5,14454.0,157213
PLZL,2021-02-05,14438.0,14636.0,14410.0,14600.0,126219
PLZL,2021-02-08,14590.0,14690.0,14464.0,14550.5,149542
PLZL,2021-02-09,14600.0,14619.0,14450.5,14530.5,84601
PLZL,2021-02-10,14569.0,14624.5,14276.0,14404.5,128140
PLZL,2021-02-11,14355.0,14550.0,14319.0,14394.0,75540
PLZL,2021-02-12,14400.0,14410.0,14290.0,14390.0,75830
PLZL,2021-02-15,14390.0,14499.0,14359.0,14470.5,60384
PLZL,2021-02-16,14471.0,14565.5,14328.0,14400.0,136704
PLZL,2021-02-17,14360.0,14420.0,13912.5,14099.0,203197
PLZL,2021-02-18,14100.0,14100.0,13665.5,13772.5,151925
PLZL,2021-02-19,13725.0,14008.5,13617.0,13948.0,138795
PLZL,2021-02-20,13971.5,14000.0,13908.0,13988.0,12639
PLZL,2021-02-22,14040.0,14070.0,13860.0,13929.0,116853
PLZL,2021-02-24,13820.5,14146.0,13706.0,14091.0,182519
PLZL,2021-02-25,14018.5,14188.0,14010.0,14120.0,206490
PLZL,2021-02-26,13989.5,14154.5,13920.0,14027.0,173415
PLZL,2021-03-01,14100.0,14290.0,14000.0,14260.0,151464
PLZL,2021-03-02,14170.0,14524.5,14115.0,14505.0,177988
PLZL,2021-03-03,14529.0,14617.5,14400.0,14401.5,226510
PLZL,2021-03-04,14483.0,14483.0,14040.0,14064.0,123448
PLZL,2021-03-05,14210.0,14625.0,14115.0,14500.0,164634
PLZL,2021-03-09,14500.0,14660.5,14350.0,14513.0,155492
PLZL,2021-03-10,14512.0,14528.5,13954.5,14107.5,186072
PLZL,2021-03-11,14239.5,14340.0,14144.0,14231.0,95582
PLZL,2021-03-12,14200.0,14206.5,13974.0,14110.5,107253
PLZL,2021-03-15,14230.0,14377.0,13990.5,14089.5,152405
PLZL,2021-03-16,14089.5,14268.0,13990.0,14175.5,89988
PLZL,2021-03-17,14222.0,14301.0,14094.5,14264.0,75812
PLZL,2021-03-18,14300.0,14412.0,14170.0,14299.5,143356
PLZL,2021-03-19,14299.5,14444.0,14265.0,14301.5,147888
PLZL,2021-03-22,14302.0,14310.0,14045.0,14120.0,77741
PLZL,2021-03-23,14190.0,14240.0,14065.0,14147.0,73517
PLZL,2021-03-24,14198.0,14198.0,13895.0,13992.5,96272
PLZL,2021-03-25,13927.0,14007.0,13828.5,13917.0,69870
PLZL,2021-03-26,13950.0,13989.0,13809.5,13930.5,176768
PLZL,2021-03-29,13922.0,13945.0,13740.0,13838.5,97212
PLZL,2021-03-30,13818.0,13845.0,13400.0,13505.0,160312
PLZL,2021-03-31,13514.0,13984.5,13485.0,13926.0,153497
PLZL,2021-04-01,13994.0,14044.0,13660.0,13928.5,139594
PLZL,2021-04-02,14000.0,14000.0,13853.0,13944.0,27182
PLZL,2021-04-05,13943.5,13953.0,13773.0,13871.0,44737
PLZL,2021-04-06,13915.0,14414.0,13880.0,14361.5,182276
PLZL,2021-04-07,14323.0,14480.0,14243.0,14269.0,105999
PLZL,2021-04-08,14310.5,14365.0,14169.5,14267.0,100512
PLZL,2021-04-09,14187.0,14376.5,14130.5,14313.0,96523
PLZL,2021-04-12,14340.5,14524.5,14250.0,14488.0,92284
PLZL,2021-04-13,14550.0,14855.5,14460.5,14618.0,136195
PLZL,2021-04-14,14670.0,14810.0,14514.5,14610.0,164207
PLZL,2021-04-15,14575.5,14969.0,14563.5,14879.5,118400
PLZL,2021-04-16,14959.0,15103.0,14739.0,15004.0,150615
PLZL,2021-04-19,15048.0,15389.0,14953.5,15232.5,205802
PLZL,2021-04-20,15235.0,15439.0,15186.5,15349.0,177739
PLZL,2021-04-21,15449.0,15667.5,15332.5,15642.5,194316
PLZL,2021-04-22,15670.0,15949.0,15645.5,15671.5,248183
PLZL,2021-04-23,15651.5,15651.5,15160.5,15244.0,184171
PLZL,2021-04-26,15300.0,15300.0,14810.0,14989.0,195162
PLZL,2021-04-27,15020.0,15149.5,14558.0,14666.0,153705
PLZL,2021-04-28,14700.0,14702.0,14412.0,14572.0,101645
PLZL,2021-04-29,14617.5,14677.5,13940.0,14123.0,191641
PLZL,2021-04-30,14127.5,14168.0,13854.0,13959.5,115622
PLZL,2021-05-04,14099.5,14337.5,13956.0,14080.0,138512
PLZL,2021-05-05,14080.5,14280.0,13986.5,14280.0,72165
PLZL,2021-05-06,14300.0,14848.5,14285.5,14812.0,146450
PLZL,2021-05-07,14853.0,15470.0,14811.0,15070.5,261894
PLZL,2021-05-10,15220.0,15472.0,14870.0,15188.0,133855
PLZL,2021-05-11,15122.5,15248.0,14952.5,15220.5,150587
PLZL,2021-05-12,15230.0,15395.0,14877.0,14924.0,166548
PLZL,2021-05-13,14927.0,15081.0,14690.5,14888.5,115266
PLZL,2021-05-14,14950.0,15027.5,14865.0,14970.0,54785
PLZL,2021-05-17,15136.0,15386.0,14992.0,15339.0,136874
PLZL,2021-05-18,15470.0,15860.0,15382.0,15774.5,221063
PLZL,2021-05-19,15795.0,15920.0,15430.5,15700.0,184301
PLZL,2021-05-20,15845.0,15879.0,15628.5,15732.0,131297
PLZL,2021-05-21,15732.0,15896.5,15600.0,15698.5,101963
PLZL,2021-05-24,15700.5,15867.0,15658.5,15758.0,67658
PLZL,2021-05-25,15729.0,15852.0,15660.0,15849.5,91897
PLZL,2021-05-26,15861.0,16100.0,15841.0,16012.0,187427
PLZL,2021-05-27,16098.0,16212.0,15677.0,15997.0,254210
PLZL,2021-05-28,16036.5,16129.0,15780.5,15941.0,165519
PLZL,2021-05-31,15990.0,16019.5,15737.5,15850.5,96325
PLZL,2021-06-01,15949.5,16160.0,15910.0,16099.0,167525
PLZL,2021-06-02,16099.0,16155.0,15864.0,16103.5,146652
PLZL,2021-06-03,16080.0,16103.5,15850.0,16000.0,258870
PLZL,2021-06-04,15700.0,15776.0,15301.5,15583.0,161087
PLZL,2021-06-07,15509.5,15516.5,14971.0,15200.0,161514
PLZL,2021-06-08,15239.5,15311.5,15000.0,15197.0,151319
PLZL,2021-06-09,15257.0,15279.5,14989.0,15099.0,116989
PLZL,2021-06-10,15099.0,15130.0,14801.0,15025.0,135098
PLZL,2021-06-11,15126.0,15238.5,14767.0,14940.0,132594
PLZL,2021-06-14,14895.5,14932.5,14663.0,14786.0,111757
PLZL,2021-06-15,14794.0,14884.5,14743.0,14825.0,77486
PLZL,2021-06-16,14860.0,14914.0,14605.5,14650.5,97350
PLZL,2021-06-17,14647.5,14649.0,14327.0,14450.0,165886
PLZL,2021-06-18,14490.0,14697.0,14422.5,14514.5,168943
PLZL,2021-06-21,14497.0,14750.5,14496.0,14703.5,112505
PLZL,2021-06-22,14709.5,14769.0,14527.0,14752.5,137554
PLZL,2021-06-23,14780.0,14833.0,14630.0,14730.0,58158
PLZL,2021-06-24,14730.0,14748.5,14371.5,14401.0,137099
PLZL,2021-06-25,14500.0,14500.0,14257.5,14330.0,88066
PLZL,2021-06-28,14335.0,14439.0,14219.0,14355.0,56787
PLZL,2021-06-29,14355.0,14401.0,13888.0,13966.0,184146
PLZL,2021-06-30,13920.0,14262.0,13782.0,14241.0,116212
PLZL,2021-07-01,14268.0,14385.5,14075.5,14128.0,101879
PLZL,2021-07-02,14169.5,14317.5,14095.0,14277.5,102916
PLZL,2021-07-05,14317.0,14394.5,14041.0,14195.0,105354
PLZL,2021-07-06,14250.0,14359.0,14100.0,14205.5,106673
PLZL,2021-07-07,14250.5,14529.5,14200.0,14525.5,122144
PLZL,2021-07-08,14422.0,14755.0,14362.5,14549.0,126874
PLZL,2021-07-09,14545.0,14545.0,14111.0,14190.0,175274
PLZL,2021-07-12,14116.0,14200.0,14064.0,14182.5,60546
PLZL,2021-07-13,14186.0,14357.0,14130.0,14319.0,99175
PLZL,2021-07-14,14321.5,14425.0,14170.0,14275.0,88181
PLZL,2021-07-15,14335.0,14550.0,14263.5,14400.0,137871
PLZL,2021-07-16,14379.5,14405.5,14039.0,14056.0,103903
PLZL,2021-07-19,14001.5,14144.5,13830.5,14001.0,106224
PLZL,2021-07-20,13999.5,14055.0,13819.0,13845.5,86398
PLZL,2021-07-21,13820.0,13876.5,13640.0,13693.0,112027
PLZL,2021-07-22,13750.0,13913.5,13644.0,13891.0,59619
PLZL,2021-07-23,13892.0,13940.0,13550.0,13661.0,94262
PLZL,2021-07-26,13688.0,13854.0,13624.5,13724.0,58285
PLZL,2021-07-27,13666.0,13701.5,13557.5,13590.5,76338
PLZL,2021-07-28,13530.0,13775.0,13530.0,13775.0,92115
PLZL,2021-07-29,13825.0,14145.0,13800.0,14105.5,127710
PLZL,2021-07-30,14055.0,14125.0,13902.0,14000.0,90803
PLZL,2021-08-02,14039.5,14100.0,13821.0,13896.0,81002
PLZL,2021-08-03,13850.0,14031.5,13816.5,14030.0,53290
PLZL,2021-08-04,14051.5,14223.5,13982.0,14060.0,84979
PLZL,2021-08-05,14096.0,14125.0,13850.5,13940.5,69435
PLZL,2021-08-06,13894.5,13917.0,13601.5,13674.0,95927
PLZL,2021-08-09,13619.5,13700.0,13508.0,13558.5,90268
PLZL,2021-08-10,13620.0,13635.0,13360.0,13500.0,104049
PLZL,2021-08-11,13501.0,13527.0,13315.0,13400.5,134223
PLZL,2021-08-12,13402.5,13510.0,13350.0,13432.5,68061
PLZL,2021-08-13,13487.0,13500.0,13410.0,13492.5,70028
PLZL,2021-08-16,13422.0,13482.5,13366.5,13380.0,88073
PLZL,2021-08-17,13380.0,13610.0,13355.0,13561.0,148429
PLZL,2021-08-18,13543.5,13624.0,13401.0,13448.5,81662
PLZL,2021-08-19,13400.5,13749.5,13379.5,13577.5,151936
PLZL,2021-08-20,13659.0,13749.5,13442.5,13476.5,99097
PLZL,2021-08-23,13549.0,13753.0,13422.5,13728.5,65732
PLZL,2021-08-24,13776.5,13837.0,13595.0,13710.0,77433
PLZL,2021-08-25,13630.0,13667.0,13540.0,13565.5,60430
PLZL,2021-08-26,13556.0,13596.5,13380.0,13463.5,71781
PLZL,2021-08-27,13486.0,13535.0,13360.0,13529.0,74847
PLZL,2021-08-30,13536.0,13550.0,13431.5,13458.0,49913
PLZL,2021-08-31,13482.0,13490.0,13082.5,13259.5,237088
PLZL,2021-09-01,13270.0,13310.0,13110.0,13258.0,151542
PLZL,2021-09-02,13261.5,13412.5,13191.0,13311.0,165135
PLZL,2021-09-03,13373.5,13623.5,13223.0,13583.0,159864
PLZL,2021-09-06,13600.0,13658.5,13389.0,13518.0,61983
PLZL,2021-09-07,13450.0,13475.5,13320.5,13330.0,83109
PLZL,2021-09-08,13325.0,13460.0,13167.5,13283.0,155774
PLZL,2021-09-09,13320.0,13544.0,13175.5,13295.5,115215
PLZL,2021-09-10,13350.0,13364.5,13121.5,13162.0,85823
PLZL,2021-09-13,13162.0,13175.5,12905.5,12988.0,142838
PLZL,2021-09-14,13000.0,13000.0,12775.0,12905.0,173192
PLZL,2021-09-15,12910.0,12949.5,12601.0,12630.5,160466
PLZL,2021-09-16,12600.0,12624.5,12265.5,12425.0,223304
PLZL,2021-09-17,12500.0,12772.5,12370.0,12545.5,247666
PLZL,2021-09-20,12545.5,13000.0,12492.0,12880.0,317454
PLZL,2021-09-21,12798.5,12838.5,12614.0,12760.5,124682
PLZL,2021-09-22,12750.0,12875.0,12678.0,12735.5,97911
PLZL,2021-09-23,12710.0,12795.5,12443.0,12582.5,135204
PLZL,2021-09-24,12685.0,12685.0,12310.0,12340.5,111839
PLZL,2021-09-27,12370.0,12410.0,12040.0,12080.0,164093
PLZL,2021-09-28,12000.0,12029.5,11860.0,11882.0,133077
PLZL,2021-09-29,11882.0,12088.0,11651.0,11694.5,159055
PLZL,2021-09-30,11689.0,12049.0,11525.0,12048.0,176419
PLZL,2021-10-01,12049.5,12077.0,11780.0,11820.5,137604
PLZL,2021-10-04,11840.5,11939.0,11548.0,11932.0,141170
PLZL,2021-10-05,11958.5,12138.0,11810.0,12124.0,152434
PLZL,2021-10-06,12124.0,12230.0,12028.0,12159.5,162017
PLZL,2021-10-07,12200.0,12493.5,12131.5,12360.0,189370
PLZL,2021-10-08,12100.0,12577.5,11977.0,12381.0,194029
PLZL,2021-10-11,12450.0,12453.5,12140.5,12219.0,106266
PLZL,2021-10-12,12288.0,12787.0,12260.0,12711.0,183598
PLZL,2021-10-13,12800.0,13314.5,12725.5,13244.0,354701
PLZL,2021-10-14,13279.0,13797.5,13165.5,13688.0,355609
PLZL,2021-10-15,13680.0,13690.5,13280.0,13363.5,235755
PLZL,2021-10-18,13353.0,13604.5,13227.5,13453.5,168396
PLZL,2021-10-19,13578.5,13990.0,13512.0,13879.0,210408
PLZL,2021-10-20,13921.5,14364.5,13824.5,13850.0,342580
PLZL,2021-10-21,13912.0,14145.0,13865.0,14013.5,129362
PLZL,2021-10-22,14127.5,14475.5,13922.5,14261.0,226224
PLZL,2021-10-25,14280.0,14390.0,13967.5,14070.0,137673
PLZL,2021-10-26,14025.0,14094.5,13651.0,13662.0,133812
PLZL,2021-10-27,13650.5,14213.0,13541.5,14149.5,195643
PLZL,2021-10-28,14176.5,14340.0,14050.5,14090.0,194753
PLZL,2021-10-29,14000.5,14152.5,13920.0,13985.5,144676
PLZL,2021-11-01,13987.0,14171.5,13975.5,14150.0,82350
PLZL,2021-11-02,14187.5,14286.0,14055.5,14090.5,79009
PLZL,2021-11-03,14115.5,14150.0,13758.0,14066.5,134784
PLZL,2021-11-05,14170.0,14586.0,14150.5,14498.5,173582
PLZL,2021-11-08,14597.5,14950.0,14527.0,14858.0,228760
PLZL,2021-11-09,14777.0,14847.5,14570.0,14800.0,115625
PLZL,2021-11-10,14750.0,15220.0,14620.5,15117.0,239278
PLZL,2021-11-11,15209.0,15932.5,15175.0,15785.0,443935
PLZL,2021-11-12,15760.0,16113.0,15616.5,15972.0,402144
PLZL,2021-11-15,15927.0,16095.0,15682.0,15750.0,145130
PLZL,2021-11-16,15860.0,16160.0,15750.0,15776.5,200761
PLZL,2021-11-17,15889.0,15950.5,15667.5,15780.0,124549
PLZL,2021-11-18,15780.0,15939.0,15673.0,15804.5,113969
PLZL,2021-11-19,15790.0,16010.0,15720.0,15798.5,125950
PLZL,2021-11-22,15691.5,15812.0,14777.0,14904.0,373782
PLZL,2021-11-23,15000.0,15423.5,14600.0,14751.0,352860
PLZL,2021-11-24,14825.5,14965.0,14004.0,14280.5,321868
PLZL,2021-11-25,14448.0,14491.0,14200.0,14372.0,115586
PLZL,2021-11-26,14520.0,14669.5,14108.5,14194.5,268887
PLZL,2021-11-29,14325.0,14325.0,13800.0,13977.0,210173
PLZL,2021-11-30,14067.0,14615.0,13831.5,14170.0,390448
PLZL,2021-12-01,14300.0,14399.5,13870.5,13960.0,149114
PLZL,2021-12-02,13952.5,14047.5,13692.0,13776.0,117126
PLZL,2021-12-03,13849.5,13995.0,13396.0,13975.5,198189
PLZL,2021-12-06,13975.0,14034.0,13579.0,13738.0,84494
PLZL,2021-12-07,13774.0,13965.0,13619.0,13719.0,121336
PLZL,2021-12-08,13784.0,13870.0,13462.0,13555.0,95304
PLZL,2021-12-09,13608.0,13608.0,13062.0,13150.5,132918
PLZL,2021-12-10,13179.5,13182.0,12872.0,12943.0,131549
PLZL,2021-12-13,12995.5,13082.0,12465.0,12618.0,163279
PLZL,2021-12-14,12508.0,12645.0,11900.0,12393.5,164812
PLZL,2021-12-15,12451.0,12630.0,12314.0,12545.5,137705
PLZL,2021-12-16,12600.0,12899.0,12476.5,12850.0,153731
PLZL,2021-12-17,12899.0,13633.5,12742.5,13482.5,555124
PLZL,2021-12-20,13483.5,13888.0,13120.0,13232.0,203351
PLZL,2021-12-21,13201.0,13330.0,12931.0,13004.5,155498
PLZL,2021-12-22,13150.0,13150.0,12871.0,13026.0,139371
PLZL,2021-12-23,13129.5,13180.0,12825.0,12925.5,143017
PLZL,2021-12-24,12905.5,13032.0,12780.0,13010.0,69929
PLZL,2021-12-27,13010.0,13110.0,12929.0,13046.0,66374
PLZL,2021-12-28,13045.5,13134.0,12935.5,12960.5,117850
PLZL,2021-12-29,12965.5,13044.0,12637.5,12793.0,148646
PLZL,2021-12-30,12798.0,13120.0,12680.5,13087.0,111897
PLZL,2022-01-03,13120.0,13259.0,12866.0,12964.5,92344
PLZL,2022-01-04,13046.5,13072.5,12794.0,12996.0,101454
PLZL,2022-01-05,13005.5,13015.0,12510.0,12551.5,174902
PLZL,2022-01-06,12550.0,12824.5,12180.5,12315.0,180954
PLZL,2022-01-10,12320.0,12513.5,12100.0,12251.5,168316
PLZL,2022-01-11,12299.0,12434.5,12175.0,12381.0,122127
PLZL,2022-01-12,12380.0,12413.0,12110.0,12386.0,217747
PLZL,2022-01-13,12350.0,12414.5,12128.0,12233.0,171373
PLZL,2022-01-14,12230.0,12366.5,11851.5,11929.0,236457
PLZL,2022-01-17,12043.0,12046.0,11384.5,11607.0,221266
PLZL,2022-01-18,11640.0,11647.0,11032.0,11439.0,262724
PLZL,2022-01-19,11439.0,12050.0,11103.0,11949.5,514063
PLZL,2022-01-20,11902.0,12369.0,11640.5,11930.0,394329
PLZL,2022-01-21,11930.0,12463.0,11735.5,12310.0,344306
PLZL,2022-01-24,12338.0,12662.0,11620.0,12274.0,414549
PLZL,2022-01-25,12212.0,12486.5,11690.0,12109.0,243974
PLZL,2022-01-26,12070.0,12420.0,11830.0,11900.0,202933
PLZL,2022-01-27,11850.5,12079.0,11682.5,11797.5,276166
PLZL,2022-01-28,11950.0,11950.0,11554.5,11809.5,156014
PLZL,2022-01-31,11780.0,12348.0,11771.0,12230.0,183055
PLZL,2022-02-01,12240.0,12495.0,12112.0,12211.5,192635
PLZL,2022-02-02,12211.5,12379.5,12060.0,12320.0,107635
PLZL,2022-02-03,12207.5,12289.0,11854.0,12210.0,146272
PLZL,2022-02-04,12211.5,12275.0,11834.0,12118.5,162393
PLZL,2022-02-07,12150.0,12188.5,11916.0,12076.0,90810
PLZL,2022-02-08,12076.0,12149.5,11812.0,12050.0,130963
PLZL,2022-02-09,12080.0,12248.5,11954.5,12216.5,183199
PLZL,2022-02-10,12230.0,12610.0,12174.5,12302.0,200519
PLZL,2022-02-11,12312.0,12394.0,11934.0,12284.5,173050
PLZL,2022-02-14,12320.0,12865.0,12137.5,12799.0,298170
PLZL,2022-02-15,12832.0,13025.5,12400.0,12590.5,257947
PLZL,2022-02-16,12650.0,12913.0,12471.0,12910.5,181565
PLZL,2022-02-17,12950.0,13369.5,12680.0,13340.5,344387
PLZL,2022-02-18,13330.0,13388.0,12894.0,12894.0,288478
PLZL,2022-02-21,12846.0,13316.5,11700.0,12320.0,450150
PLZL,2022-02-22,12320.0,13150.0,11339.0,13014.0,505154
PLZL,2022-02-24,12711.5,12754.0,8600.0,9810.0,495258
PLZL,2022-02-25,9790.0,11439.0,9719.5,10633.0,282390
PLZL,2022-03-24,11681.0,13004.5,11110.5,12300.0,107835
PLZL,2022-03-25,12100.0,12466.0,11800.0,12200.0,38684
PLZL,2022-03-28,12200.0,12280.0,11870.0,11985.0,29277
PLZL,2022-03-29,11985.0,12149.0,10740.5,10982.5,68794
PLZL,2022-03-30,11200.0,12182.5,11084.5,12074.0,35224
PLZL,2022-03-31,12045.0,12890.0,11600.0,12727.0,86096
PLZL,2022-04-01,12750.5,12872.0,12301.0,12500.0,46559
PLZL,2022-04-04,12592.0,12999.0,12541.5,12950.5,38100
PLZL,2022-04-05,12970.0,13950.0,12500.0,13512.0,73072
PLZL,2022-04-06,13500.0,13940.0,13300.0,13450.0,73826
PLZL,2022-04-07,13699.5,14125.5,13105.0,13975.0,51319
PLZL,2022-04-08,14000.0,14100.0,13250.0,13636.0,33818
PLZL,2022-04-11,13636.0,14394.5,13455.0,14375.5,73247
PLZL,2022-04-12,14400.0,14950.0,14235.5,14392.5,92460
PLZL,2022-04-13,14550.0,14550.0,14004.0,14051.0,51142
PLZL,2022-04-14,14051.0,14123.5,13360.0,13365.0,49559
PLZL,2022-04-15,13400.0,14180.5,12600.0,13900.0,56798
PLZL,2022-04-18,13999.0,14283.5,13626.0,13700.0,31600
PLZL,2022-04-19,13711.5,13957.0,13372.5,13650.0,32241
PLZL,2022-04-20,13670.0,13848.0,13439.0,13848.0,27398
PLZL,2022-04-21,13785.0,13785.0,13306.0,13642.0,34978
PLZL,2022-04-22,13633.5,13633.5,13259.5,13400.0,13895
PLZL,2022-04-25,13280.5,13339.5,12700.0,12789.0,25419
PLZL,2022-04-26,12788.5,13100.0,12754.0,13005.0,33111
PLZL,2022-04-27,13005.0,13220.5,12851.0,13130.0,35920
PLZL,2022-04-28,13145.0,13475.0,13045.5,13262.0,44094
PLZL,2022-04-29,13300.0,13800.0,13160.0,13630.0,40304
PLZL,2022-05-04,13630.0,13744.0,13309.5,13498.0,25511
PLZL,2022-05-05,13580.0,13900.0,13455.0,13615.0,52264
PLZL,2022-05-06,13612.0,13614.5,13351.0,13485.0,17320
PLZL,2022-05-11,13468.5,13484.5,13008.0,13100.0,32634
PLZL,2022-05-12,13100.0,13100.0,12500.0,12757.0,26048
PLZL,2022-05-13,12739.0,12789.5,12270.0,12270.0,29034
PLZL,2022-05-16,12300.0,12400.0,12001.0,12335.0,50020
PLZL,2022-05-17,12360.0,12572.5,12300.0,12380.0,42075
PLZL,2022-05-18,12380.0,12450.0,12243.5,12351.0,40821
PLZL,2022-05-19,12300.5,12350.0,12049.0,12350.0,18896
PLZL,2022-05-20,12360.0,12454.5,12000.0,12000.0,29504
PLZL,2022-05-23,12092.0,12124.0,11600.0,11624.5,24936
PLZL,2022-05-24,11663.0,11698.0,10920.5,11461.0,37739
PLZL,2022-05-25,11461.0,11650.0,11261.0,11650.0,24725
PLZL,2022-05-26,11640.0,11770.0,11417.0,11666.0,30588
PLZL,2022-05-27,11645.0,11906.0,11401.0,11440.0,26688
PLZL,2022-05-30,11598.0,11800.0,11100.0,11800.0,35019
PLZL,2022-05-31,11800.0,11800.0,11325.5,11624.0,23153
PLZL,2022-06-01,11412.5,11567.0,11342.5,11567.0,24378
PLZL,2022-06-02,11500.0,11567.0,11303.0,11400.0,19069
PLZL,2022-06-03,11420.0,11489.0,11110.0,11145.0,31213
PLZL,2022-06-06,11145.0,11200.0,11011.0,11090.0,17893
PLZL,2022-06-07,11090.0,11141.0,10570.0,10849.0,49495
PLZL,2022-06-08,10805.5,10968.5,10670.0,10799.5,27438
PLZL,2022-06-09,10799.5,10845.5,10407.0,10680.0,31840
PLZL,2022-06-10,10515.0,10598.5,10126.5,10192.0,56356
PLZL,2022-06-14,10157.0,10357.0,10010.5,10300.0,40535
PLZL,2022-06-15,10197.0,10300.0,10114.0,10152.0,31015
PLZL,2022-06-16,10240.5,10250.0,10100.0,10245.0,39846
PLZL,2022-06-17,10249.0,10350.5,10115.0,10350.5,43427
PLZL,2022-06-20,10320.5,10408.5,10150.0,10228.0,70131
PLZL,2022-06-21,10224.5,10239.0,9730.0,9777.0,107424
PLZL,2022-06-22,9699.5,9699.5,9460.0,9609.5,100864
PLZL,2022-06-23,9550.0,9569.0,9106.5,9288.0,119727
PLZL,2022-06-24,9299.0,9439.5,9122.0,9431.5,81451
PLZL,2022-06-27,9150.0,9220.0,9002.0,9220.0,99382
PLZL,2022-06-28,9183.0,9220.0,9010.0,9101.0,61038
PLZL,2022-06-29,9095.0,9379.5,9041.0,9225.0,76766
PLZL,2022-06-30,9262.0,9290.0,8824.5,8850.0,102613
PLZL,2022-07-01,8830.5,8958.5,8362.5,8464.0,98412
PLZL,2022-07-04,8484.5,8505.0,7855.5,7997.5,169244
PLZL,2022-07-05,7965.0,8174.0,7925.0,8100.0,106655
PLZL,2022-07-06,8098.0,8300.0,7980.0,8020.0,92301
PLZL,2022-07-07,8020.0,8342.0,8009.0,8225.0,97282
PLZL,2022-07-08,8305.0,8496.0,8120.0,8376.0,74628
PLZL,2022-07-11,8400.0,8673.0,8280.0,8484.0,121258
PLZL,2022-07-12,8491.0,8567.0,8129.0,8320.0,79749
PLZL,2022-07-13,8385.0,8388.5,7862.0,8171.0,113175
PLZL,2022-07-14,8150.0,8342.0,8071.0,8182.0,50193
PLZL,2022-07-15,8206.0,8375.0,8120.0,8375.0,32672
PLZL,2022-07-18,8370.0,8494.0,8271.5,8271.5,39983
PLZL,2022-07-19,8290.0,8344.0,8107.0,8260.0,28182
PLZL,2022-07-20,8271.5,8353.0,8117.0,8179.5,33882
PLZL,2022-07-21,8132.0,8168.0,7870.5,7933.5,81978
PLZL,2022-07-22,7920.0,7920.0,7511.0,7717.0,94791
PLZL,2022-07-25,7706.5,7843.0,7539.0,7676.5,93572
PLZL,2022-07-26,7676.0,7998.5,7676.0,7998.5,61379
PLZL,2022-07-27,8003.0,8279.0,8003.0,8155.5,74322
PLZL,2022-07-28,8240.0,8373.5,7958.0,8242.5,78666
PLZL,2022-07-29,8296.5,8644.0,8195.0,8644.0,93195
PLZL,2022-08-01,8654.0,8850.5,8275.0,8527.0,206898
PLZL,2022-08-02,8500.0,8648.0,8095.5,8095.5,90794
PLZL,2022-08-03,8097.0,8166.5,7775.0,7813.0,179901
PLZL,2022-08-04,7837.0,7865.0,7479.0,7514.0,167515
PLZL,2022-08-05,7506.0,7550.0,7155.5,7261.0,183380
PLZL,2022-08-08,7256.0,7535.0,7200.0,7200.0,139421
PLZL,2022-08-09,7200.0,7250.0,6951.0,7100.0,204570
PLZL,2022-08-10,7110.0,7476.0,7004.0,7439.0,182716
PLZL,2022-08-11,7461.5,7677.0,7350.0,7475.5,186902
PLZL,2022-08-12,7485.0,7535.5,7325.0,7510.0,104308
PLZL,2022-08-15,7520.0,7699.5,7440.5,7610.0,79872
PLZL,2022-08-16,7638.0,7979.0,7603.5,7975.0,130074
PLZL,2022-08-17,8010.0,8077.0,7782.5,7855.0,111523
PLZL,2022-08-18,7855.0,7897.0,7670.0,7814.5,104371
PLZL,2022-08-19,7801.5,7945.0,7727.0,7890.0,64863
PLZL,2022-08-22,7809.0,7880.0,7714.5,7750.0,68270
PLZL,2022-08-23,7750.0,7850.5,7714.0,7820.0,51917
PLZL,2022-08-24,7830.0,7935.0,7820.0,7908.0,55682
PLZL,2022-08-25,7930.0,8182.5,7930.0,8001.0,117548
PLZL,2022-08-26,8001.0,8235.0,7862.0,8197.0,88988
PLZL,2022-08-29,8200.0,8230.0,8050.0,8198.0,69558
PLZL,2022-08-30,8200.0,8412.5,8146.0,8180.0,150282
PLZL,2022-08-31,8184.5,8320.0,8060.0,8320.0,98538
PLZL,2022-09-01,8288.0,8358.0,8155.5,8275.0,77369
PLZL,2022-09-02,8297.5,8378.5,8276.0,8378.5,72111
PLZL,2022-09-05,8378.5,8448.5,8248.5,8315.0,119725
PLZL,2022-09-06,8316.0,8595.0,7757.5,8050.0,535830
PLZL,2022-09-07,8051.0,8147.5,7934.5,7970.0,99360
PLZL,2022-09-08,8050.0,8050.0,7951.0,7975.0,62487
PLZL,2022-09-09,8030.0,8225.0,8010.0,8208.0,145711
PLZL,2022-09-12,8228.0,8344.5,8170.0,8314.5,81648
PLZL,2022-09-13,8320.0,8364.5,8170.0,8182.0,86363
PLZL,2022-09-14,8136.5,8168.0,8019.0,8152.0,68009
PLZL,2022-09-15,8147.5,8177.0,8075.0,8110.0,58254
PLZL,2022-09-16,8100.0,8133.0,7771.0,8032.0,77843
PLZL,2022-09-19,8043.0,8145.0,7958.0,8072.0,66290
PLZL,2022-09-20,8099.0,8130.0,7196.0,7448.0,240623
PLZL,2022-09-21,6950.0,7444.5,6617.0,7019.5,184654
PLZL,2022-09-22,7001.5,7190.0,6860.0,6949.5,148556
PLZL,2022-09-23,6949.5,6965.0,6292.5,6366.0,219072
PLZL,2022-09-26,6292.0,6300.0,5500.0,5572.5,227462
PLZL,2022-09-27,5682.5,5784.5,5151.0,5484.0,227021
PLZL,2022-09-28,5475.0,5475.0,5275.5,5390.0,186866
PLZL,2022-09-29,5403.0,5439.5,5020.0,5112.5,249550
PLZL,2022-09-30,5138.5,5190.0,4910.0,5018.0,318927
PLZL,2022-10-03,5020.0,5560.0,4961.0,5558.5,591451
PLZL,2022-10-04,5585.0,6070.0,5457.5,5999.0,703023
PLZL,2022-10-05,6010.0,6060.0,5625.0,5790.0,543589
PLZL,2022-10-06,5799.0,5890.0,5731.0,5812.0,228954
PLZL,2022-10-07,5795.0,5799.0,5313.0,5360.0,330781
PLZL,2022-10-10,5215.5,5425.0,5124.0,5300.0,356187
PLZL,2022-10-11,5320.0,5390.0,5208.5,5310.5,235532
PLZL,2022-10-12,5340.0,5356.5,5190.0,5210.0,180033
PLZL,2022-10-13,5200.0,5290.0,5131.0,5230.0,285643
PLZL,2022-10-14,5260.0,5260.0,5071.0,5119.0,196747
PLZL,2022-10-17,5145.0,5368.0,5110.5,5352.0,259889
PLZL,2022-10-18,5350.0,5750.0,5252.0,5570.0,629569
PLZL,2022-10-19,5525.0,5695.0,5442.0,5663.5,360736
PLZL,2022-10-20,5664.0,6050.0,5615.5,5943.0,532350
PLZL,2022-10-21,5950.0,6295.0,5812.5,6250.5,768090
PLZL,2022-10-24,6308.0,6465.0,6160.0,6213.0,418479
PLZL,2022-10-25,6190.0,6395.0,6161.5,6308.0,286768
PLZL,2022-10-26,6345.5,6409.5,6007.0,6114.0,440376
PLZL,2022-10-27,6129.5,6249.0,6050.0,6116.5,293580
PLZL,2022-10-28,6120.0,6120.0,5940.0,6030.5,268807
PLZL,2022-10-31,6037.5,6235.0,5973.0,6047.0,292971
PLZL,2022-11-01,6051.5,6143.5,5985.0,6056.0,159553
PLZL,2022-11-02,6060.0,6068.0,5830.0,5900.5,160703
PLZL,2022-11-03,5899.5,5970.0,5850.0,5908.0,205534
PLZL,2022-11-07,6015.5,6200.0,5990.5,6178.5,340992
PLZL,2022-11-08,6180.0,6594.0,6065.0,6508.5,523805
PLZL,2022-11-09,6530.0,6728.0,6361.0,6434.5,658618
PLZL,2022-11-10,6456.5,6720.0,6377.0,6715.0,405391
PLZL,2022-11-11,6735.0,6839.5,6652.0,6733.0,316370
PLZL,2022-11-14,6730.0,6800.0,6611.0,6682.0,205221
PLZL,2022-11-15,6680.0,6775.0,6210.0,6482.0,388339
PLZL,2022-11-16,6500.0,6667.0,6451.0,6634.0,203686
PLZL,2022-11-17,6634.0,6653.0,6470.0,6574.5,130684
PLZL,2022-11-18,6570.0,6610.0,6511.5,6575.0,74203
PLZL,2022-11-21,6546.5,6547.5,6331.0,6428.0,212749
PLZL,2022-11-22,6435.0,6770.0,6370.0,6741.5,347858
PLZL,2022-11-23,6767.0,7178.5,6738.5,7140.5,976054
PLZL,2022-11-24,7159.0,7237.0,6942.5,7068.0,502582
PLZL,2022-11-25,7088.0,7095.0,6910.0,7008.0,299921
PLZL,2022-11-28,6971.0,7219.0,6886.0,7150.5,415277
PLZL,2022-11-29,7175.0,7344.0,7159.0,7237.0,415618
PLZL,2022-11-30,7248.0,7340.5,7167.0,7338.5,316107
PLZL,2022-12-01,7400.0,7540.0,7330.0,7525.0,585511
PLZL,2022-12-02,7499.0,7660.0,7374.0,7504.5,650018
PLZL,2022-12-05,7533.5,7640.0,7366.5,7446.5,385906
PLZL,2022-12-06,7402.0,7479.0,7326.0,7382.0,251525
PLZL,2022-12-07,7380.0,7467.0,7265.0,7452.5,236455
PLZL,2022-12-08,7473.0,7495.0,7350.5,7402.0,177161
PLZL,2022-12-09,7426.0,7460.0,7369.0,7420.5,150444
PLZL,2022-12-12,7410.0,7445.0,7370.0,7418.0,99737
PLZL,2022-12-13,7421.0,7710.0,7360.0,7638.5,420371
PLZL,2022-12-14,7640.0,7830.0,7593.5,7738.0,374889
PLZL,2022-12-15,7709.0,7729.5,7427.5,7463.0,315982
PLZL,2022-12-16,7475.0,7597.0,7411.0,7525.5,225807
PLZL,2022-12-19,7550.0,7607.5,7348.0,7503.5,255897
PLZL,2022-12-20,7490.0,7830.0,7473.5,7803.0,362053
PLZL,2022-12-21,7850.0,8029.5,7764.0,7853.0,458173
PLZL,2022-12-22,7877.0,8004.0,7672.0,7760.5,283806
PLZL,2022-12-23,7800.0,7868.0,7713.0,7823.5,141784
PLZL,2022-12-26,7810.0,7898.5,7731.5,7809.0,136624
PLZL,2022-12-27,7849.5,7880.0,7810.0,7862.0,126253
PLZL,2022-12-28,7825.0,7860.0,7750.5,7770.0,101442
PLZL,2022-12-29,7775.0,7802.0,7625.0,7734.0,130845
PLZL,2022-12-30,7750.0,7777.0,7628.0,7692.0,113019
PLZL,2023-01-03,7778.0,7910.0,7753.5,7903.0,180375
PLZL,2023-01-04,7944.0,8036.0,7925.0,8014.5,161839
PLZL,2023-01-05,8014.5,8015.0,7833.0,7875.5,124266
PLZL,2023-01-06,7890.5,7936.0,7780.0,7905.0,145785
PLZL,2023-01-09,7980.0,7999.5,7800.0,7845.0,189192
PLZL,2023-01-10,7830.0,7900.0,7751.0,7876.0,124591
PLZL,2023-01-11,7905.0,7920.0,7856.0,7881.5,103052
PLZL,2023-01-12,7899.0,7974.5,7850.0,7934.0,132621
PLZL,2023-01-13,7937.0,8120.0,7901.5,8068.0,294338
PLZL,2023-01-16,8095.0,8260.0,8076.0,8228.0,299549
PLZL,2023-01-17,8227.5,8280.0,8107.0,8129.0,216465
PLZL,2023-01-18,8128.0,8248.5,8080.5,8155.0,163646
PLZL,2023-01-19,8160.0,8200.0,8039.0,8164.5,158990
PLZL,2023-01-20,8169.0,8205.0,8130.0,8174.5,97678
PLZL,2023-01-23,8200.0,8269.0,8161.5,8224.0,131783
PLZL,2023-01-24,8250.0,8447.0,8250.0,8435.0,404338
PLZL,2023-01-25,8470.0,8569.5,8435.0,8569.5,247464
PLZL,2023-01-26,8571.0,8769.0,8528.5,8766.0,419351
PLZL,2023-01-27,8774.5,8780.0,8662.5,8768.0,200047
PLZL,2023-01-30,8830.0,9298.0,8781.0,9252.5,673608
PLZL,2023-01-31,9248.0,9515.0,9070.0,9478.0,666765
PLZL,2023-02-01,9475.0,9815.0,9355.0,9720.0,1084265
PLZL,2023-02-02,9800.0,9800.0,9430.0,9449.0,645288
PLZL,2023-02-03,9447.5,9545.0,9158.0,9248.0,850812
PLZL,2023-02-06,9263.5,9434.0,9210.0,9342.0,314275
PLZL,2023-02-07,9350.0,9390.0,9025.0,9111.5,427163
PLZL,2023-02-08,9099.5,9287.0,9025.0,9218.5,388662
PLZL,2023-02-09,9249.5,9298.0,9121.0,9139.5,189302
PLZL,2023-02-10,9102.5,9150.0,9042.5,9123.5,151353
PLZL,2023-02-13,9123.5,9240.0,9063.0,9080.0,157625
PLZL,2023-02-14,9101.0,9144.5,8890.0,8931.5,282553
PLZL,2023-02-15,8876.5,8877.0,8085.5,8375.0,1014185
PLZL,2023-02-16,8473.0,8620.0,8303.0,8427.0,582271
PLZL,2023-02-17,8301.0,8693.5,8227.0,8667.0,412027
PLZL,2023-02-20,8643.0,8949.0,8422.0,8922.5,666283
PLZL,2023-02-21,8926.5,9150.0,8824.0,8963.5,619415
PLZL,2023-02-22,8998.5,8998.5,8704.5,8743.0,293322
PLZL,2023-02-24,8749.5,8846.0,8661.0,8788.0,174318
PLZL,2023-02-27,8705.0,8908.0,8700.0,8878.0,214138
PLZL,2023-02-28,8899.5,8940.0,8710.0,8788.5,278294
PLZL,2023-03-01,8820.0,8985.0,8790.0,8939.0,278952
PLZL,2023-03-02,8930.0,8990.0,8781.5,8836.0,334088
PLZL,2023-03-03,8895.0,8969.0,8839.0,8956.0,164090
PLZL,2023-03-06,8995.5,9068.0,8972.0,9003.5,138958
PLZL,2023-03-07,9007.0,9019.0,8885.0,8919.5,140933
PLZL,2023-03-09,8900.0,8954.5,8821.0,8892.5,136341
PLZL,2023-03-10,8880.0,9041.0,8856.0,8976.0,161038
PLZL,2023-03-13,9080.0,9395.0,9051.0,9395.0,709444
PLZL,2023-03-14,9430.0,9488.0,9191.0,9239.5,513122
PLZL,2023-03-15,9239.0,9370.0,9064.5,9268.5,568229
PLZL,2023-03-16,9260.5,9320.0,9178.0,9220.0,191282
PLZL,2023-03-17,9249.5,9475.0,9220.0,9412.0,328168
PLZL,2023-03-20,9494.0,9600.0,9375.0,9419.5,411778
PLZL,2023-03-21,9390.0,9429.5,9261.5,9310.0,184062
PLZL,2023-03-22,9320.5,9532.0,9289.0,9488.0,263240
PLZL,2023-03-23,9531.0,9590.0,9431.0,9488.0,260227
PLZL,2023-03-24,9475.0,9539.5,9440.0,9475.0,122087
PLZL,2023-03-27,9465.5,9495.0,9341.0,9408.5,196064
PLZL,2023-03-28,9400.0,9495.0,9311.0,9449.0,206583
PLZL,2023-03-29,9415.0,9468.5,9406.0,9427.5,90608
PLZL,2023-03-30,9446.0,9485.0,9401.0,9454.0,86674
PLZL,2023-03-31,9482.5,9500.0,9345.0,9441.5,141934
PLZL,2023-04-03,9421.0,9675.0,9375.0,9600.0,239842
PLZL,2023-04-04,9600.0,9750.0,9550.0,9725.0,250073
PLZL,2023-04-05,9750.0,9789.0,9626.0,9699.0,195487
PLZL,2023-04-06,9667.5,9710.0,9572.0,9589.5,124478
PLZL,2023-04-07,9601.0,9645.0,9516.5,9600.0,100126
PLZL,2023-04-10,9580.0,9686.5,9555.5,9666.5,120750
PLZL,2023-04-11,9687.5,9909.5,9557.5,9619.0,396062
PLZL,2023-04-12,9679.0,9767.5,9567.5,9673.0,142399
PLZL,2023-04-13,9699.0,9888.5,9661.0,9883.0,246769
PLZL,2023-04-14,9893.0,9976.0,9725.0,9835.0,285801
PLZL,2023-04-17,9883.0,10369.5,9849.5,10354.0,614728
PLZL,2023-04-18,10368.0,10488.0,10245.0,10421.5,310159
PLZL,2023-04-19,10419.5,10419.5,10125.0,10197.5,271102
PLZL,2023-04-20,10205.0,10470.0,10101.0,10411.0,240253
PLZL,2023-04-21,10380.0,10437.5,10250.0,10382.5,119569
PLZL,2023-04-24,10380.0,10595.0,10370.0,10540.0,218118
PLZL,2023-04-25,10555.0,10600.0,10429.0,10543.0,161628
PLZL,2023-04-26,10555.0,10592.0,10500.0,10543.0,118351
PLZL,2023-04-27,10585.0,10645.0,10506.0,10586.0,151099
PLZL,2023-04-28,10586.0,10608.0,10001.0,10404.0,227547
PLZL,2023-05-02,10325.5,10490.0,10280.0,10460.0,166239
PLZL,2023-05-03,10483.0,10527.0,10213.5,10319.5,200933
PLZL,2023-05-04,10345.5,10600.0,10300.0,10575.0,264958
PLZL,2023-05-05,10600.0,10620.0,10351.5,10474.0,163070
PLZL,2023-05-08,10460.0,10550.0,10443.0,10507.0,47832
PLZL,2023-05-10,10507.0,10750.0,10500.0,10742.5,235941
PLZL,2023-05-11,10777.0,10793.0,10252.0,10439.5,528499
PLZL,2023-05-12,10445.0,10522.0,10341.0,10454.0,130015
PLZL,2023-05-15,10485.0,10566.0,10462.5,10510.5,110382
PLZL,2023-05-16,10526.0,10550.0,10452.0,10512.5,91488
PLZL,2023-05-17,10500.0,10510.0,10390.0,10448.0,67619
PLZL,2023-05-18,10447.0,10447.5,10280.5,10337.5,107500
PLZL,2023-05-19,10200.0,10278.0,9850.0,10175.0,406326
PLZL,2023-05-22,10206.0,10265.0,9930.0,9954.0,137804
PLZL,2023-05-23,9951.0,10200.0,9840.0,10053.0,245267
PLZL,2023-05-24,10122.0,10197.5,10050.5,10128.0,107683
PLZL,2023-05-25,10150.0,10168.5,9990.0,10054.0,75911
PLZL,2023-05-26,10071.0,10225.0,10050.0,10201.5,81590
PLZL,2023-05-29,10250.0,10996.0,10220.0,10773.0,438082
PLZL,2023-05-30,10648.0,10793.5,10402.0,10512.0,244475
PLZL,2023-05-31,10576.0,10777.5,10370.5,10594.0,199543
PLZL,2023-06-01,10600.5,10705.0,10539.0,10622.5,94923
PLZL,2023-06-02,10654.5,10690.0,10501.0,10550.0,146729
PLZL,2023-06-05,10600.0,10600.0,9950.0,10182.0,336633
PLZL,2023-06-06,10185.0,10351.0,9935.0,10287.5,894524
PLZL,2023-06-07,10270.0,10432.0,10200.5,10315.0,213876
PLZL,2023-06-08,10340.0,10369.0,10208.5,10337.0,96933
PLZL,2023-06-09,10338.0,10367.5,10261.0,10313.0,58649
PLZL,2023-06-13,10320.0,10400.0,10250.0,10358.0,157638
PLZL,2023-06-14,10372.5,10470.0,10300.0,10395.0,111888
PLZL,2023-06-15,10364.0,10485.0,10320.0,10450.0,118437
PLZL,2023-06-16,10470.0,10711.0,10420.5,10671.0,239896
PLZL,2023-06-19,10672.0,10754.0,10557.5,10649.0,153412
PLZL,2023-06-20,10649.0,11056.0,10603.5,10980.0,370242
PLZL,2023-06-21,10979.0,11380.0,10867.5,11273.0,363747
PLZL,2023-06-22,11268.0,11480.0,11109.0,11151.5,455145
PLZL,2023-06-23,11130.0,11175.0,10726.0,10845.5,314908
PLZL,2023-06-26,11150.0,11150.0,10474.0,10795.5,327164
PLZL,2023-06-27,10801.0,10976.0,10620.0,10876.0,175864
PLZL,2023-06-28,10874.0,10950.0,10690.5,10861.0,101965
PLZL,2023-06-29,10867.5,10950.0,10740.0,10798.0,84515
PLZL,2023-06-30,10825.0,10887.5,10720.0,10804.0,80574
PLZL,2023-07-03,10822.0,10899.0,10613.5,10717.0,151066
PLZL,2023-07-04,10747.0,10785.0,10660.0,10720.0,90798
PLZL,2023-07-05,10742.0,10932.5,10705.0,10847.0,202564
PLZL,2023-07-06,10882.0,10946.5,10725.5,10780.0,131476
PLZL,2023-07-07,10780.0,10831.0,10650.0,10712.5,121705
PLZL,2023-07-10,10740.0,12308.5,10730.5,10959.5,3009192
PLZL,2023-07-11,11022.5,11045.0,10600.0,10756.0,746954
PLZL,2023-07-12,10755.5,10848.5,10651.0,10774.0,238585
PLZL,2023-07-13,10797.0,10827.0,10685.5,10728.0,165827
PLZL,2023-07-14,10728.0,10864.5,10654.0,10823.0,193791
PLZL,2023-07-17,10790.5,11187.5,10750.0,11152.0,305065
PLZL,2023-07-18,11182.0,11468.0,11161.0,11411.0,482528
PLZL,2023-07-19,11448.0,11530.5,11253.5,11438.0,335355
PLZL,2023-07-20,11473.0,11738.0,11355.0,11521.5,436531
PLZL,2023-07-21,11535.0,11680.0,11482.0,11546.0,165474
PLZL,2023-07-24,11525.0,11642.5,11466.0,11524.5,128801
PLZL,2023-07-25,11525.5,11680.0,11482.5,11643.0,148860
PLZL,2023-07-26,11661.5,11793.5,11475.0,11615.0,286754
PLZL,2023-07-27,11621.0,11747.0,11581.0,11659.5,122698
PLZL,2023-07-28,11650.0,11725.0,11595.5,11685.0,93444
PLZL,2023-07-31,11728.0,11925.0,11691.5,11892.0,156799
PLZL,2023-08-01,11920.0,11922.5,11730.0,11785.0,103067
PLZL,2023-08-02,11800.0,11885.5,11737.0,11799.5,74256
PLZL,2023-08-03,11819.0,11850.0,11720.0,11820.5,89214
PLZL,2023-08-04,11820.5,11869.5,11500.0,11622.5,155814
PLZL,2023-08-07,11642.0,11836.0,11600.0,11639.5,135101
PLZL,2023-08-08,11674.5,11674.5,11307.5,11504.5,118009
PLZL,2023-08-09,11510.0,11567.5,11420.0,11505.5,73095
PLZL,2023-08-10,11506.0,11720.0,11480.0,11697.5,117002
PLZL,2023-08-11,11696.5,11777.5,11658.0,11678.0,82077
PLZL,2023-08-14,11714.5,11825.0,11452.0,11471.0,159407
PLZL,2023-08-15,11471.0,11653.0,11308.0,11521.5,107365
PLZL,2023-08-16,11530.0,11600.0,11150.0,11268.5,131300
PLZL,2023-08-17,11318.0,11382.0,11156.0,11317.0,97027
PLZL,2023-08-18,11337.5,11620.0,11251.0,11588.0,134533
PLZL,2023-08-21,11605.0,11690.5,11402.5,11491.5,115541
PLZL,2023-08-22,11500.0,11509.5,11382.5,11420.0,63401
PLZL,2023-08-23,11435.0,11584.5,11313.5,11404.5,137544
PLZL,2023-08-24,11450.0,11510.0,11357.5,11468.0,58427
PLZL,2023-08-25,11435.0,11487.0,11404.5,11455.0,43122
PLZL,2023-08-28,11471.5,11800.0,11470.0,11748.0,161440
PLZL,2023-08-29,11786.0,11845.0,11555.0,11674.0,252158
PLZL,2023-08-30,11674.0,11719.5,11581.0,11670.5,63477
PLZL,2023-08-31,11670.5,11750.0,11632.0,11671.0,48876
PLZL,2023-09-01,11671.0,11991.0,11648.0,11824.0,160325
PLZL,2023-09-04,11900.0,12142.5,11861.0,12073.0,150827
PLZL,2023-09-05,12090.0,12150.0,11953.0,12037.0,141963
PLZL,2023-09-06,12034.0,12034.0,11831.0,11857.0,89303
PLZL,2023-09-07,11840.0,11890.5,11515.5,11653.5,145474
PLZL,2023-09-08,11653.5,11716.0,11277.5,11389.0,120602
PLZL,2023-09-11,11380.0,11620.0,11325.0,11395.5,111980
PLZL,2023-09-12,11405.5,11530.5,11336.5,11471.0,96827
PLZL,2023-09-13,11485.0,11583.0,11439.0,11488.5,59338
PLZL,2023-09-14,11450.0,11500.0,11201.0,11456.5,99712
PLZL,2023-09-15,11450.0,11658.5,11420.0,11593.5,79023
PLZL,2023-09-18,11650.0,11690.0,11476.0,11642.0,66045
PLZL,2023-09-19,11620.0,11675.5,11277.5,11352.0,107101
PLZL,2023-09-20,11355.0,11471.0,11125.5,11418.5,102629
PLZL,2023-09-21,11405.0,11460.0,11149.0,11161.0,113800
PLZL,2023-09-22,11185.0,11239.0,10838.0,11159.0,129647
PLZL,2023-09-25,11219.5,11235.0,11000.0,11032.0,59871
PLZL,2023-09-26,11026.0,11197.5,10879.5,11094.0,89385
PLZL,2023-09-27,11094.0,11350.0,11094.0,11223.0,57735
PLZL,2023-09-28,11197.0,11322.0,11142.0,11237.0,42693
PLZL,2023-09-29,11253.0,11600.0,11235.5,11418.0,130210
PLZL,2023-10-02,11467.5,11468.0,11177.0,11181.0,112167
PLZL,2023-10-03,11166.0,11433.0,11101.5,11396.0,94252
PLZL,2023-10-04,11374.5,11463.0,11340.0,11370.0,48626
PLZL,2023-10-05,11381.0,11420.0,11300.0,11362.5,46048
PLZL,2023-10-06,11371.0,11550.0,11362.5,11486.5,50192
PLZL,2023-10-09,11532.0,11698.0,11532.0,11627.0,72679
PLZL,2023-10-10,11619.5,11677.0,11475.0,11569.5,67698
PLZL,2023-10-11,11572.0,11779.5,11401.0,11457.0,93070
PLZL,2023-10-12,11425.0,11600.0,11425.0,11513.5,53899
PLZL,2023-10-13,11545.0,11750.0,11506.0,11686.0,86657
PLZL,2023-10-16,11720.0,11796.0,11654.0,11715.5,64391
PLZL,2023-10-17,11724.5,11900.0,11680.0,11849.5,95427
PLZL,2023-10-18,11850.5,11987.5,11818.0,11928.5,80442
PLZL,2023-10-19,11927.0,11999.0,11750.0,11887.5,102836
PLZL,2023-10-20,11900.0,11909.0,11775.0,11829.0,78793
PLZL,2023-10-23,11879.0,11879.0,11751.5,11797.0,46797
PLZL,2023-10-24,11800.0,11802.0,11630.0,11759.0,65204
PLZL,2023-10-25,11788.0,11874.0,11632.0,11756.0,63172
PLZL,2023-10-26,11800.0,11826.5,11550.0,11577.0,69207
PLZL,2023-10-27,11577.0,11800.0,11426.0,11726.0,73508
PLZL,2023-10-30,11736.0,11867.0,11641.0,11650.0,83590
PLZL,2023-10-31,11650.0,11656.0,11223.5,11323.0,89532
PLZL,2023-11-01,11323.0,11488.0,11323.0,11472.5,50003
PLZL,2023-11-02,11472.0,11498.0,11400.0,11400.5,39267
PLZL,2023-11-03,11400.0,11458.0,11301.0,11413.5,40235
PLZL,2023-11-06,11415.5,11475.5,11300.0,11363.5,59974
PLZL,2023-11-07,11398.0,11400.0,11301.0,11351.5,63433
PLZL,2023-11-08,11355.0,11396.5,11259.0,11294.5,90314
PLZL,2023-11-09,11287.0,11360.0,11200.0,11285.5,87710
PLZL,2023-11-10,11299.5,11299.5,11145.0,11179.0,87464
PLZL,2023-11-13,11178.0,11428.0,11175.0,11256.0,79770
PLZL,2023-11-14,11240.0,11348.5,11058.0,11308.5,76285
PLZL,2023-11-15,11326.5,11350.0,11210.0,11263.0,45576
PLZL,2023-11-16,11264.0,11340.0,11200.0,11207.0,39909
PLZL,2023-11-17,11200.0,11346.0,11171.0,11220.0,99479
PLZL,2023-11-20,11213.5,11269.5,11178.0,11209.0,36320
PLZL,2023-11-21,11250.0,11350.0,11207.5,11338.5,64165
PLZL,2023-11-22,11350.5,11472.5,11265.0,11313.0,84386
PLZL,2023-11-23,11349.0,11360.0,11237.5,11339.5,36573
PLZL,2023-11-24,11342.0,11357.5,11110.0,11205.0,75473
PLZL,2023-11-27,11244.5,11250.5,11001.5,11001.5,48270
PLZL,2023-11-28,11005.0,11246.0,11005.0,11195.0,73549
PLZL,2023-11-29,11232.0,11274.0,11016.5,11079.5,57789
PLZL,2023-11-30,11087.0,11114.5,10761.0,10798.0,109979
PLZL,2023-12-01,10800.0,10998.5,10601.0,10971.5,165498
PLZL,2023-12-04,11100.0,11186.0,10701.0,10710.0,126798
PLZL,2023-12-05,10710.0,10840.0,10700.5,10752.5,56846
PLZL,2023-12-06,10791.5,10850.0,10507.0,10551.5,75240
PLZL,2023-12-07,10583.5,10672.0,10507.0,10602.0,89072
PLZL,2023-12-08,10607.5,10769.5,10500.0,10508.0,89637
PLZL,2023-12-11,10510.0,10525.0,10050.5,10050.5,140713
PLZL,2023-12-12,10061.0,10099.0,9825.0,9976.0,163501
PLZL,2023-12-13,9941.0,10140.0,9914.0,10061.0,94392
PLZL,2023-12-14,10114.5,10195.0,9885.0,9885.0,110617
PLZL,2023-12-15,9968.0,10269.5,9906.0,10194.0,80452
PLZL,2023-12-18,10255.0,10308.5,10190.0,10242.5,77187
PLZL,2023-12-19,10244.5,10487.5,10244.5,10403.5,145852
PLZL,2023-12-20,10425.0,10635.0,10405.0,10626.5,121708
PLZL,2023-12-21,10635.0,10680.0,10452.0,10593.5,105477
PLZL,2023-12-22,10647.5,10725.0,10483.5,10555.5,106132
PLZL,2023-12-25,10629.5,10629.5,10450.0,10496.5,65256
PLZL,2023-12-26,10550.0,10704.0,10500.0,10613.0,87236
PLZL,2023-12-27,10640.0,10698.0,10601.0,10670.0,62333
PLZL,2023-12-28,10671.0,10785.0,10605.0,10619.5,89860
PLZL,2023-12-29,10620.0,10684.0,10531.5,10674.5,45115
PLZL,2024-01-03,10700.0,10920.0,10680.5,10830.0,53721
PLZL,2024-01-04,10904.5,10904.5,10760.0,10862.5,24870
PLZL,2024-01-05,10880.0,10880.0,10785.0,10800.0,16200
PLZL,2024-01-08,10855.0,10918.0,10726.5,10900.0,48800
PLZL,2024-01-09,10920.5,11019.0,10860.5,10898.5,55728
PLZL,2024-01-10,10899.0,10902.0,10806.5,10809.0,31929
PLZL,2024-01-11,10812.0,10886.0,10684.5,10851.5,99210
PLZL,2024-01-12,10878.0,11208.5,10868.0,10999.0,138223
PLZL,2024-01-15,11021.5,11103.5,10930.0,11049.0,60405
PLZL,2024-01-16,11050.0,11068.5,10955.5,10995.5,35792
PLZL,2024-01-17,10995.5,11044.0,10949.5,10966.0,33764
PLZL,2024-01-18,10966.0,11137.5,10966.0,11030.5,58891
PLZL,2024-01-19,11015.0,11137.0,10983.0,11003.0,52723
PLZL,2024-01-22,11049.5,11092.5,10995.0,11063.0,38166
PLZL,2024-01-23,11084.0,11084.5,11013.5,11052.0,24213
PLZL,2024-01-24,11030.0,11110.0,10935.0,10936.0,61912
PLZL,2024-01-25,10939.0,11000.0,10875.5,10951.5,53880
PLZL,2024-01-26,10955.5,10995.5,10947.0,10958.0,27696
PLZL,2024-01-29,10960.0,11020.0,10960.0,10981.0,28536
PLZL,2024-01-30,10985.0,11100.0,10948.5,11077.5,71475
PLZL,2024-01-31,11077.0,11440.0,11050.5,11413.0,154857
PLZL,2024-02-01,11420.0,11550.0,11250.0,11373.0,143794
PLZL,2024-02-02,11400.0,11477.0,11260.0,11295.0,52840
PLZL,2024-02-05,11295.0,11358.5,11260.0,11320.0,37898
PLZL,2024-02-06,11310.0,11335.0,11270.0,11310.0,29386
PLZL,2024-02-07,11315.0,11456.0,11312.0,11390.0,61147
PLZL,2024-02-08,11390.0,11420.5,11130.5,11152.0,137452
PLZL,2024-02-09,11152.0,11210.0,11066.0,11167.0,76545
PLZL,2024-02-12,11180.0,11180.0,11025.0,11111.0,57597
PLZL,2024-02-13,11102.0,11140.0,11067.0,11080.0,40335
PLZL,2024-02-14,11080.0,11108.0,10983.0,10999.0,70166
PLZL,2024-02-15,11029.0,11134.0,10913.0,11038.0,68058
PLZL,2024-02-16,11040.0,11098.5,10776.0,10846.0,119109
PLZL,2024-02-19,10851.0,11009.5,10811.0,10927.5,81261
PLZL,2024-02-20,10951.0,11086.5,10610.0,10735.5,99649
PLZL,2024-02-21,10704.5,10876.0,10648.5,10728.0,91563
PLZL,2024-02-22,10728.0,10843.5,10681.5,10774.0,56017
PLZL,2024-02-26,10899.0,11014.0,10860.0,11002.0,67648
PLZL,2024-02-27,11005.0,11087.0,10865.5,10904.5,66907
PLZL,2024-02-28,10900.0,11047.0,10890.0,11045.5,58697
PLZL,2024-02-29,11067.5,11195.0,10959.0,11014.0,168423
PLZL,2024-03-01,11010.0,11053.0,10890.0,11005.0,75433
PLZL,2024-03-04,11015.0,11598.0,11015.0,11592.0,287693
PLZL,2024-03-05,11592.0,11674.0,11361.0,11365.5,250711
PLZL,2024-03-06,11399.0,11829.5,11372.0,11752.0,252384
PLZL,2024-03-07,11786.0,11884.5,11601.0,11702.5,152870
PLZL,2024-03-11,11759.5,11899.5,11651.0,11741.5,106925
PLZL,2024-03-12,11700.0,11753.0,11555.0,11646.0,87500
PLZL,2024-03-13,11662.0,11935.5,11625.0,11870.0,118552
PLZL,2024-03-14,11869.0,11929.0,11713.0,11752.5,125580
PLZL,2024-03-15,11752.5,11876.0,11750.0,11760.0,98749
PLZL,2024-03-18,11786.5,11789.0,11572.5,11673.0,88649
PLZL,2024-03-19,11625.0,11733.0,11469.5,11534.0,104176
PLZL,2024-03-20,11569.0,11825.0,11371.5,11759.5,125865
PLZL,2024-03-21,11850.0,11936.0,11632.0,11666.0,170505
PLZL,2024-03-22,11660.0,11680.5,11253.5,11406.0,192903
PLZL,2024-03-25,11424.5,11519.0,11275.5,11481.0,124685
PLZL,2024-03-26,11527.5,11666.5,11465.5,11573.5,95172
PLZL,2024-03-27,11597.5,11628.5,11400.0,11523.0,145355
PLZL,2024-03-28,11565.0,11749.5,11470.0,11716.5,139728
PLZL,2024-03-29,11750.0,12047.5,11728.0,11985.0,308683
PLZL,2024-04-01,12155.0,12497.5,12103.5,12450.0,405623
PLZL,2024-04-02,12488.0,13000.0,12488.0,13000.0,410699
PLZL,2024-04-03,13080.0,13480.0,13002.5,13313.5,532087
PLZL,2024-04-04,13313.5,13334.5,13032.5,13105.0,243009
PLZL,2024-04-05,13001.5,13420.0,12750.0,13363.5,531898
PLZL,2024-04-08,13494.5,13729.0,13265.0,13455.0,299838
PLZL,2024-04-09,13480.0,13984.0,13433.0,13920.0,474746
PLZL,2024-04-10,13985.0,13986.0,13661.0,13710.5,217862
PLZL,2024-04-11,13710.5,14180.0,13710.5,14158.0,244822
PLZL,2024-04-12,14220.0,14831.5,14213.0,14562.5,866805
PLZL,2024-04-15,14612.5,14698.5,14241.0,14569.5,414555
PLZL,2024-04-16,14576.0,14600.0,14392.0,14469.0,177102
PLZL,2024-04-17,14463.0,14479.5,14130.5,14130.5,203502
PLZL,2024-04-18,14150.0,14298.0,14080.0,14235.0,114229
PLZL,2024-04-19,14296.0,14427.5,14173.0,14253.5,109572
PLZL,2024-04-22,14120.0,14134.5,13775.0,13861.0,258657
PLZL,2024-04-23,13700.0,13794.0,13500.0,13600.0,249707
PLZL,2024-04-24,13650.0,13688.0,13308.5,13311.0,173279
PLZL,2024-04-25,13359.5,13678.0,13311.0,13592.0,203670
PLZL,2024-04-26,13638.5,13882.5,13620.5,13784.5,142343
PLZL,2024-04-27,13800.0,13845.0,13628.5,13712.5,66286
PLZL,2024-04-29,13710.0,13710.0,13511.5,13577.5,57049
PLZL,2024-04-30,13530.0,13540.5,13179.0,13226.0,128235
PLZL,2024-05-02,13325.0,13378.0,13187.0,13301.0,100911
PLZL,2024-05-03,13295.0,13327.5,13017.5,13202.5,134833
PLZL,2024-05-06,13260.0,13669.0,13251.0,13635.0,179189
PLZL,2024-05-07,13641.0,13647.0,13420.0,13515.0,92652
PLZL,2024-05-08,13544.5,13620.0,13445.5,13489.0,51533
PLZL,2024-05-10,13680.0,14050.0,13678.5,13910.0,203884
PLZL,2024-05-13,13869.0,13970.0,13740.0,13950.0,114107
PLZL,2024-05-14,13946.0,13946.0,13767.5,13905.0,85562
PLZL,2024-05-15,13900.0,14340.0,13900.0,14335.0,189692
PLZL,2024-05-16,14351.0,14388.0,14099.5,14170.0,108875
PLZL,2024-05-17,14222.0,14380.0,14055.0,14355.5,122816
PLZL,2024-05-20,14501.0,14752.5,14416.5,14498.0,257719
PLZL,2024-05-21,14405.0,14626.5,14232.0,14467.0,131503
PLZL,2024-05-22,14450.0,14535.0,13913.0,13915.5,171930
PLZL,2024-05-23,13852.0,14178.0,13662.0,13938.5,241632
PLZL,2024-05-24,14055.5,14123.0,13700.5,13770.0,164413
PLZL,2024-05-27,13893.0,13893.0,13189.5,13371.0,202887
PLZL,2024-05-28,13250.0,13622.0,13020.0,13085.0,233698
PLZL,2024-05-29,13100.0,13150.0,12435.0,12809.0,641644
PLZL,2024-05-30,12777.5,12930.0,12437.5,12560.0,184789
PLZL,2024-05-31,12645.0,12690.0,12034.0,12280.0,211815
PLZL,2024-06-03,12161.0,12671.0,11505.0,12556.5,338631
PLZL,2024-06-04,12600.0,12648.0,12060.5,12319.5,190749
PLZL,2024-06-05,12326.0,12655.0,12225.0,12460.0,150286
PLZL,2024-06-06,12550.0,12740.0,12431.0,12598.5,118566
PLZL,2024-06-07,12650.0,12717.0,12270.0,12367.5,197307
PLZL,2024-06-10,12367.0,12374.5,12000.0,12099.5,129164
PLZL,2024-06-11,11998.0,12289.0,11820.0,12052.5,200831
PLZL,2024-06-13,11712.0,12117.5,11100.0,12029.5,122531
PLZL,2024-06-14,12049.0,12350.0,12006.0,12331.5,101624
PLZL,2024-06-17,12320.0,12328.0,12060.5,12078.0,67723
PLZL,2024-06-18,12080.0,12180.5,11770.0,11861.5,140883
PLZL,2024-06-19,11950.0,11950.0,11163.0,11333.0,270760
PLZL,2024-06-20,11360.0,11929.5,11266.0,11898.0,293413
PLZL,2024-06-21,11900.0,12044.0,11678.0,11859.5,96349
PLZL,2024-06-24,11882.5,11989.5,11700.0,11722.0,74963
PLZL,2024-06-25,11722.0,11797.0,11548.0,11759.0,109807
PLZL,2024-06-26,11790.0,11900.0,11676.0,11892.0,84045
PLZL,2024-06-27,11893.0,12134.0,11789.0,12109.0,93971
PLZL,2024-06-28,12115.0,12247.0,12061.5,12098.0,95611
PLZL,2024-07-01,12120.0,12255.0,11950.0,12185.0,78721
PLZL,2024-07-02,12233.5,12480.0,12202.0,12470.0,121265
PLZL,2024-07-03,12550.0,12579.5,12290.5,12350.5,123460
PLZL,2024-07-04,12415.0,12470.0,12060.5,12140.0,96155
PLZL,2024-07-05,12140.0,12498.0,12102.0,12416.5,121704
PLZL,2024-07-08,12480.0,12567.5,12119.5,12207.5,138970
PLZL,2024-07-09,12231.0,12263.5,11759.0,11890.0,131557
PLZL,2024-07-10,11937.0,11940.0,11350.0,11408.5,165461
PLZL,2024-07-11,11390.0,12225.0,11373.5,12207.5,209237
PLZL,2024-07-12,12200.0,12345.0,11968.0,12300.0,194351
PLZL,2024-07-15,12295.0,12391.5,11907.0,11959.0,119690
PLZL,2024-07-16,11983.5,12683.5,11950.0,12539.5,327851
PLZL,2024-07-17,12600.0,12986.0,12468.0,12801.5,363484
PLZL,2024-07-18,12807.0,13028.0,12685.0,12745.5,190983
PLZL,2024-07-19,12697.5,12849.0,12551.0,12713.0,130080
PLZL,2024-07-22,13095.0,13095.0,12800.0,12908.0,117490
PLZL,2024-07-23,12898.0,13075.0,12800.0,13028.0,136269
PLZL,2024-07-24,13070.5,13090.0,12904.5,12959.5,72570
PLZL,2024-07-25,12899.5,12900.0,12711.0,12753.0,81853
PLZL,2024-07-26,12803.5,12927.5,12400.0,12605.5,172231
PLZL,2024-07-29,12605.5,12658.0,12243.5,12283.0,95696
PLZL,2024-07-30,12320.5,12744.0,12250.0,12725.0,94558
PLZL,2024-07-31,12750.0,12979.0,12620.0,12929.5,145228
PLZL,2024-08-01,12949.5,13053.0,12800.0,12850.0,190492
PLZL,2024-08-02,12901.0,12998.5,12501.0,12607.0,125212
PLZL,2024-08-05,12500.0,12520.0,12007.0,12297.0,216464
PLZL,2024-08-06,12350.5,12487.5,12254.0,12379.0,76352
PLZL,2024-08-07,12405.0,12429.0,12126.5,12326.0,82432
PLZL,2024-08-08,12389.0,12445.0,12267.0,12368.5,67671
PLZL,2024-08-09,12368.0,12450.0,12285.0,12305.0,41121
PLZL,2024-08-12,12320.0,12750.0,12170.5,12731.5,153889
PLZL,2024-08-13,12732.0,12914.0,12625.5,12832.5,109317
PLZL,2024-08-14,12859.0,12892.0,12476.0,12572.0,124778
PLZL,2024-08-15,12550.0,12660.0,12500.0,12591.5,73684
PLZL,2024-08-16,12591.0,12765.0,12500.0,12714.5,117292
PLZL,2024-08-19,12793.0,12881.5,12609.5,12703.0,147058
PLZL,2024-08-20,12716.0,13145.0,12656.0,12985.5,309383
PLZL,2024-08-21,12985.5,13089.5,12790.0,12987.0,149355
PLZL,2024-08-22,12981.0,13063.5,12360.0,12614.5,154643
PLZL,2024-08-23,12629.0,12866.0,12542.0,12745.0,156312
PLZL,2024-08-26,13145.0,13196.5,12853.5,12949.0,144332
PLZL,2024-08-27,12950.0,13139.5,12764.0,12952.5,227347
PLZL,2024-08-28,12854.0,12966.0,12505.0,12593.5,134772
PLZL,2024-08-29,12653.5,12739.0,12272.0,12484.5,144123
PLZL,2024-08-30,12484.5,12509.0,11919.0,12000.0,195043
PLZL,2024-09-02,11890.0,12034.0,11355.0,11539.0,199542
PLZL,2024-09-03,11539.0,11899.0,11351.5,11517.0,185319
PLZL,2024-09-04,11450.0,11990.0,11406.5,11903.0,152811
PLZL,2024-09-05,11995.0,12225.0,11865.0,11997.0,186165
PLZL,2024-09-06,11960.0,12200.0,11930.0,12099.5,86143
PLZL,2024-09-09,12100.0,12550.0,12047.0,12546.0,130293
PLZL,2024-09-10,12547.0,12663.0,12352.0,12481.0,96543
PLZL,2024-09-11,12528.0,12637.5,12380.0,12446.0,102215
PLZL,2024-09-12,12450.0,12699.5,12385.0,12657.0,147955
PLZL,2024-09-13,12700.0,12900.0,12460.0,12834.5,190029
PLZL,2024-09-16,12910.0,13298.0,12910.0,13273.0,202365
PLZL,2024-09-17,13277.5,13320.0,13053.0,13178.0,132711
PLZL,2024-09-18,13178.0,13284.0,12901.5,13048.5,203285
PLZL,2024-09-19,13110.0,13345.0,13104.5,13235.0,175564
PLZL,2024-09-20,13290.0,13530.0,13279.5,13510.0,146458
PLZL,2024-09-23,13612.0,13780.0,13514.0,13630.0,160148
PLZL,2024-09-24,13610.0,13765.0,13354.5,13747.5,208656
PLZL,2024-09-25,13760.0,13845.0,13415.5,13441.5,180231
PLZL,2024-09-26,13461.5,13745.5,13421.5,13528.0,175310
PLZL,2024-09-27,13528.0,13550.0,13310.0,13397.5,126413
PLZL,2024-09-30,13406.0,13510.0,13137.5,13189.5,128576
PLZL,2024-10-01,13209.0,13612.0,13120.5,13539.0,180223
PLZL,2024-10-02,13554.0,13692.0,13390.0,13419.5,136952
PLZL,2024-10-03,13420.0,13490.0,13264.5,13448.0,114809
PLZL,2024-10-04,13451.0,13539.0,13400.0,13423.0,101586
PLZL,2024-10-07,13415.0,13430.0,13280.0,13359.5,71303
PLZL,2024-10-08,13359.5,13515.5,13250.5,13288.5,104868
PLZL,2024-10-09,13288.5,13296.0,12970.0,13019.5,98474
PLZL,2024-10-10,13034.0,13099.5,12924.0,13028.5,93687
PLZL,2024-10-11,13036.0,13268.5,13030.0,13259.5,104071
PLZL,2024-10-14,13260.0,13368.0,13259.5,13328.0,84220
PLZL,2024-10-15,13343.5,13535.0,13250.5,13508.0,80087
PLZL,2024-10-16,13592.0,13700.0,13444.0,13513.0,111985
PLZL,2024-10-17,13550.0,13684.0,13474.5,13526.5,101617
PLZL,2024-10-18,13542.5,13699.0,13542.5,13641.0,95155
PLZL,2024-10-21,13730.0,14555.0,13730.0,14554.5,1077154
PLZL,2024-10-22,14632.0,14826.0,14453.0,14602.0,585659
PLZL,2024-10-23,14633.5,14900.0,14368.0,14500.0,957711
PLZL,2024-10-24,14540.0,14825.0,14465.0,14815.0,255351
PLZL,2024-10-25,14850.0,14978.5,14412.0,14594.0,404059
PLZL,2024-10-28,14549.5,14684.0,14256.0,14365.0,280190
PLZL,2024-10-29,14411.5,14590.0,14170.0,14538.0,228457
PLZL,2024-10-30,14620.0,14864.5,14601.0,14799.5,194904
PLZL,2024-10-31,14686.0,14965.0,14639.0,14715.5,209850
PLZL,2024-11-01,14730.0,15176.0,14670.0,15164.0,198151
PLZL,2024-11-02,15250.0,15261.5,15050.0,15189.0,113811
PLZL,2024-11-05,15252.0,15340.0,15174.0,15232.0,139775
PLZL,2024-11-06,15288.0,15489.5,14570.0,14718.5,451592
PLZL,2024-11-07,14718.5,14989.0,14410.0,14850.0,233266
PLZL,2024-11-08,14859.5,14900.0,14592.0,14746.0,131313
PLZL,2024-11-11,14626.5,14712.0,14200.0,14258.0,240624
PLZL,2024-11-12,14208.5,14477.0,13900.0,14370.0,242514
PLZL,2024-11-13,14445.0,14545.0,14114.5,14152.5,171800
PLZL,2024-11-14,14120.0,14223.5,13955.5,14143.5,168383
PLZL,2024-11-15,14173.5,14400.0,14146.0,14365.5,130085
PLZL,2024-11-18,14302.0,14680.0,14268.5,14571.0,235683
PLZL,2024-11-19,14650.0,14693.5,14352.5,14418.0,169369
PLZL,2024-11-20,14450.0,14610.0,14216.5,14409.0,116073
PLZL,2024-11-21,14483.5,14549.5,14252.5,14421.0,126475
PLZL,2024-11-22,14541.5,14850.0,14450.0,14762.0,300407
PLZL,2024-11-25,14680.0,14948.0,14451.5,14513.0,292226
PLZL,2024-11-26,14500.0,14500.5,13940.0,14180.0,209367
PLZL,2024-11-27,14180.0,14517.0,13900.5,14307.5,249456
PLZL,2024-11-28,14325.5,14393.0,14000.5,14203.5,143945
PLZL,2024-11-29,14266.0,14450.0,14100.0,14124.5,136883
PLZL,2024-12-02,14125.0,14500.0,14125.0,14430.0,123959
PLZL,2024-12-03,14495.0,14740.0,14383.5,14512.5,135823
PLZL,2024-12-04,14562.0,14600.0,14202.0,14260.0,90541
PLZL,2024-12-05,14300.0,14414.0,14210.0,14319.0,93522
PLZL,2024-12-06,14365.0,14430.0,14263.5,14323.0,60284
PLZL,2024-12-09,14400.0,14800.0,14360.0,14799.0,193899
PLZL,2024-12-10,14837.0,14898.5,14520.0,14777.0,246924
PLZL,2024-12-11,14790.0,15044.0,14687.0,15044.0,233022
PLZL,2024-12-12,15052.5,15159.0,14642.0,14770.0,238463
PLZL,2024-12-13,13612.0,13873.0,13527.5,13692.5,297936
PLZL,2024-12-16,13690.0,13831.0,13050.0,13074.0,243277
PLZL,2024-12-17,13101.0,13620.0,13101.0,13620.0,197776
PLZL,2024-12-18,13670.0,14068.0,13641.5,13820.0,226989
PLZL,2024-12-19,13815.0,13996.5,13215.5,13336.0,448953
PLZL,2024-12-20,13351.0,13718.0,13265.0,13600.0,305388
PLZL,2024-12-23,13834.0,13998.0,13690.0,13929.5,187722
PLZL,2024-12-24,13950.0,14050.0,13606.0,13719.0,175869
PLZL,2024-12-25,13735.0,13990.0,13605.5,13973.5,129456
PLZL,2024-12-26,13975.0,14138.0,13870.0,14001.0,127159
PLZL,2024-12-27,14001.0,14140.0,13982.5,14139.0,92412
PLZL,2024-12-28,14140.0,14140.0,13840.0,13926.0,112046
PLZL,2024-12-30,13989.0,14044.5,13927.0,13981.0,63179
PLZL,2025-01-03,14050.0,14140.0,14010.0,14095.0,66109
PLZL,2025-01-06,14095.0,14118.0,13988.0,14070.0,27584
PLZL,2025-01-08,14090.0,14430.0,14070.5,14410.0,103506
PLZL,2025-01-09,14448.0,14570.0,14315.5,14533.0,130856
PLZL,2025-01-10,14575.0,14930.0,14550.5,14886.0,150971
PLZL,2025-01-13,14940.0,15085.5,14706.0,14903.0,135900
PLZL,2025-01-14,14914.0,14996.5,14804.0,14914.0,85626
PLZL,2025-01-15,14932.0,15090.0,14870.0,15084.0,83448
PLZL,2025-01-16,15099.0,15235.0,15054.5,15207.5,91638
PLZL,2025-01-17,15208.0,15295.0,15055.5,15163.5,86607
PLZL,2025-01-20,15217.0,15299.0,14856.0,14971.0,124375
PLZL,2025-01-21,15029.0,15835.5,14980.0,15800.0,306502
PLZL,2025-01-22,15800.0,16100.0,15650.5,16010.0,330138
PLZL,2025-01-23,15985.0,16470.0,15950.5,16465.5,338841
PLZL,2025-01-24,16505.0,17098.0,16505.0,17080.0,383715
PLZL,2025-01-27,17105.0,17438.0,16580.0,16902.0,495892
PLZL,2025-01-28,16950.0,17250.0,16652.0,17205.5,233918
PLZL,2025-01-29,17200.0,17250.0,16850.0,17017.0,152478
PLZL,2025-01-30,17036.0,17324.0,16965.0,17250.0,151401
PLZL,2025-01-31,17275.0,17370.0,17058.5,17170.0,160119
PLZL,2025-02-03,17130.0,17477.0,16552.0,17359.5,269936
PLZL,2025-02-04,17350.5,17771.0,17350.0,17678.0,275918
PLZL,2025-02-05,17700.0,17995.0,17700.0,17846.5,280022
PLZL,2025-02-06,17879.0,17977.0,17612.0,17729.5,154249
PLZL,2025-02-07,17749.5,17880.0,17525.5,17830.0,125593
PLZL,2025-02-10,17875.0,18066.0,17862.0,17973.5,134399
PLZL,2025-02-11,17977.5,18180.0,17862.5,18170.5,162629
PLZL,2025-02-12,18170.5,19000.0,18120.0,18882.5,284181
PLZL,2025-02-13,18910.0,19853.5,18910.0,19319.0,396387
PLZL,2025-02-14,19267.0,19695.0,18525.0,18709.5,301535
PLZL,2025-02-17,18815.5,18980.0,18055.0,18500.0,265901
PLZL,2025-02-18,18500.0,18830.0,18165.0,18717.0,230158
PLZL,2025-02-19,18748.5,19060.5,18714.0,18973.5,179472
PLZL,2025-02-20,19015.0,19330.0,18842.5,19009.0,163152
PLZL,2025-02-21,19011.0,19029.5,18600.0,18849.0,114642
PLZL,2025-02-24,18890.0,18959.5,18642.0,18717.0,107160
PLZL,2025-02-25,18656.5,19662.0,18600.0,19521.0,320784
PLZL,2025-02-26,19521.0,19800.0,19325.0,19562.5,178367
PLZL,2025-02-27,19562.5,19625.5,19023.0,19168.0,196924
PLZL,2025-02-28,19158.0,19353.0,18900.0,19313.0,187706
PLZL,2025-03-03,19313.0,19500.0,18885.0,19159.0,182803
PLZL,2025-03-04,19195.0,19800.0,19092.0,19702.5,245609
PLZL,2025-03-05,19750.0,19846.5,19412.0,19531.5,233507
PLZL,2025-03-06,19557.0,19875.0,19428.5,19550.0,153555
PLZL,2025-03-07,19451.0,19670.0,19074.5,19399.5,157184
PLZL,2025-03-10,19450.0,19600.0,18773.0,18871.0,330784
PLZL,2025-03-11,18871.0,19151.5,18612.5,19030.5,141610
PLZL,2025-03-12,19097.5,19125.0,18868.0,19021.5,56896
PLZL,2025-03-13,19036.0,19150.0,18450.0,18997.0,177072
PLZL,2025-03-14,19024.0,19410.0,18900.0,19333.0,170867
PLZL,2025-03-17,19333.0,19530.5,19255.5,19406.5,119663
PLZL,2025-03-18,19409.0,19538.0,19000.0,19001.0,100364
PLZL,2025-03-19,19090.0,19399.5,18900.5,19054.5,88234
PLZL,2025-03-20,19100.0,19142.0,18718.0,19039.5,113222
PLZL,2025-03-21,19061.0,19153.5,18940.0,19017.0,57758
PLZL,2025-03-27,1901.8,1971.0,1830.0,1867.6,1481423
PLZL,2025-03-28,1869.2,1907.2,1854.4,1880.0,949781
PLZL,2025-03-31,1880.2,1911.8,1840.0,1863.6,961857
PLZL,2025-04-01,1868.0,1882.8,1755.0,1783.0,1718044
PLZL,2025-04-02,1789.0,1819.6,1756.0,1811.4,1150960
PLZL,2025-04-03,1818.8,1828.6,1692.4,1741.2,2069178
PLZL,2025-04-04,1750.0,1800.0,1713.0,1741.2,2002495
PLZL,2025-04-07,1725.0,1776.2,1665.8,1727.2,2248355
PLZL,2025-04-08,1736.0,1828.0,1728.8,1776.8,1984075
PLZL,2025-04-09,1787.6,1850.0,1762.2,1818.2,2420757
PLZL,2025-04-10,1830.6,1850.0,1803.0,1850.0,1083602
PLZL,2025-04-11,1863.8,1910.0,1863.0,1899.6,1599860
PLZL,2025-04-14,1904.4,1943.4,1883.2,1897.8,1615896
PLZL,2025-04-15,1905.4,1914.6,1883.4,1898.0,491056
PLZL,2025-04-16,1911.0,1950.0,1906.2,1950.0,1473102
PLZL,2025-04-17,1952.0,1958.0,1903.0,1924.2,1139881
PLZL,2025-04-18,1924.0,1928.0,1854.2,1917.2,742721
PLZL,2025-04-21,1929.4,1960.0,1922.4,1958.0,1677290
PLZL,2025-04-22,1966.6,2003.0,1950.8,1954.2,1991526
PLZL,2025-04-23,1948.0,1952.0,1890.0,1911.0,1111906
PLZL,2025-04-24,1911.2,1943.0,1887.0,1904.8,1041290
PLZL,2025-04-25,1856.0,1877.0,1829.4,1856.8,2181002
PLZL,2025-04-28,1858.0,1870.8,1794.2,1816.6,1644292
PLZL,2025-04-29,1804.0,1812.6,1756.4,1761.8,1002267
PLZL,2025-04-30,1764.0,1765.0,1707.2,1751.4,1090638
PLZL,2025-05-02,1751.4,1784.0,1700.8,1701.8,867127
PLZL,2025-05-05,1705.2,1756.6,1703.0,1744.6,1060453
PLZL,2025-05-06,1752.0,1809.8,1750.2,1804.2,1053239
PLZL,2025-05-07,1794.8,1803.8,1751.0,1763.4,1036610
PLZL,2025-05-08,1772.0,1778.0,1738.0,1748.8,404342
PLZL,2025-05-12,1749.8,1763.8,1702.2,1736.6,1493496
PLZL,2025-05-13,1736.8,1776.6,1731.0,1759.8,746116
PLZL,2025-05-14,1755.0,1757.6,1710.4,1712.0,779130
PLZL,2025-05-15,1708.0,1710.0,1667.2,1684.6,1046598
PLZL,2025-05-16,1682.8,1699.0,1652.2,1663.4,1045151
PLZL,2025-05-19,1666.8,1685.4,1651.0,1655.6,758171
PLZL,2025-05-20,1652.2,1715.6,1625.8,1705.0,1551568
PLZL,2025-05-21,1706.0,1729.8,1688.4,1706.0,971374
PLZL,2025-05-22,1710.6,1718.6,1649.4,1669.8,1058374
PLZL,2025-05-23,1671.4,1724.2,1660.4,1719.4,972752
PLZL,2025-05-26,1719.4,1738.6,1650.6,1663.0,885117
PLZL,2025-05-27,1663.0,1665.0,1617.0,1653.6,670092
PLZL,2025-05-28,1650.0,1692.0,1644.8,1688.8,648351
PLZL,2025-05-29,1690.0,1700.0,1673.2,1680.8,514079
PLZL,2025-05-30,1680.0,1695.6,1668.2,1687.0,427901
PLZL,2025-06-02,1686.0,1735.0,1645.0,1729.8,1294491
PLZL,2025-06-03,1727.6,1754.4,1724.4,1739.0,765192
PLZL,2025-06-04,1741.0,1787.8,1728.8,1761.8,806587
PLZL,2025-06-05,1762.0,1833.8,1762.0,1823.8,1181513
PLZL,2025-06-06,1824.0,1845.8,1731.6,1746.2,1544158
PLZL,2025-06-09,1755.0,1766.4,1690.6,1711.8,925993
PLZL,2025-06-10,1713.2,1737.2,1685.4,1722.4,567415
PLZL,2025-06-11,1733.6,1759.8,1711.8,1734.0,490367
PLZL,2025-06-13,1757.0,1787.4,1743.2,1764.4,648986
PLZL,2025-06-16,1770.0,1774.0,1701.8,1757.0,955331
PLZL,2025-06-17,1757.0,1768.0,1725.0,1744.4,601112
PLZL,2025-06-18,1745.0,1755.0,1725.0,1732.8,384774
PLZL,2025-06-19,1733.0,1740.0,1703.0,1733.0,832422
PLZL,2025-06-20,1730.2,1738.0,1710.2,1715.4,315789
PLZL,2025-06-23,1729.4,1729.4,1701.0,1701.8,553626
PLZL,2025-06-24,1701.0,1719.4,1669.0,1717.8,683009
PLZL,2025-06-25,1719.6,1761.0,1710.4,1755.6,771545
PLZL,2025-06-26,1759.0,1799.2,1751.2,1790.0,842664
PLZL,2025-06-27,1768.0,1799.0,1756.0,1797.2,990663
PLZL,2025-06-30,1790.4,1831.0,1778.0,1817.4,809457
PLZL,2025-07-01,1819.0,1894.4,1813.2,1865.0,1554022
PLZL,2025-07-02,1865.2,1889.0,1829.4,1867.0,971596
PLZL,2025-07-03,1858.4,1880.0,1839.4,1851.6,598365
PLZL,2025-07-04,1855.8,1916.8,1848.0,1908.0,1415565
PLZL,2025-07-07,1908.0,1911.4,1866.2,1882.0,779738
PLZL,2025-07-08,1880.2,1888.6,1841.0,1845.2,760412
PLZL,2025-07-09,1840.2,1851.4,1802.4,1828.4,941250
PLZL,2025-07-10,1830.0,1877.2,1822.8,1860.8,583113
PLZL,2025-07-11,1863.0,1867.0,1777.0,1790.0,1270948
PLZL,2025-07-14,1797.8,1838.4,1750.2,1837.6,1164161
PLZL,2025-07-15,1839.6,1888.0,1835.8,1862.0,720223
PLZL,2025-07-16,1862.0,1900.8,1841.0,1884.4,777626
PLZL,2025-07-17,1884.2,1900.0,1872.2,1891.0,413572
PLZL,2025-07-18,1897.6,1948.2,1854.0,1873.0,1653670
PLZL,2025-07-21,1880.2,1955.0,1870.0,1943.2,1348118
PLZL,2025-07-22,1945.0,1973.6,1925.6,1970.0,890945
PLZL,2025-07-23,1964.0,1991.6,1960.6,1968.8,885103
PLZL,2025-07-24,1961.0,1983.2,1951.4,1973.0,637158
PLZL,2025-07-25,1970.0,1978.0,1907.4,1914.6,877967
PLZL,2025-07-28,1919.0,1956.4,1903.0,1931.0,833081
PLZL,2025-07-29,1936.8,2011.0,1929.0,1987.0,1748124
PLZL,2025-07-30,1994.6,2007.0,1930.0,1930.8,1031622
PLZL,2025-07-31,1938.2,1980.0,1934.0,1967.2,674120
PLZL,2025-08-01,1968.0,1985.0,1943.0,1966.4,655782
PLZL,2025-08-04,1966.6,2035.0,1958.2,2031.6,1501318
PLZL,2025-08-05,2036.6,2063.8,2016.0,2048.0,1354103
PLZL,2025-08-06,2046.2,2071.2,2022.6,2053.8,1300246
PLZL,2025-08-07,2053.8,2085.0,2044.0,2079.4,1057327
PLZL,2025-08-08,2084.8,2147.0,2073.8,2145.0,1330038
PLZL,2025-08-11,2150.0,2248.2,2090.0,2108.4,2024626
PLZL,2025-08-12,2116.6,2129.8,2045.2,2077.0,1627085
PLZL,2025-08-13,2083.8,2120.0,2080.4,2097.4,1011431
PLZL,2025-08-14,2107.8,2127.6,2080.0,2108.0,763294
PLZL,2025-08-15,2109.0,2132.0,2105.6,2116.2,652604
PLZL,2025-08-18,2104.0,2124.4,2068.2,2115.6,790980
PLZL,2025-08-19,2116.4,2166.0,2116.4,2137.8,1413497
PLZL,2025-08-20,2136.2,2163.6,2126.0,2146.8,739190
PLZL,2025-08-21,2150.0,2181.8,2135.6,2147.4,766521
PLZL,2025-08-22,2148.0,2203.2,2144.8,2194.0,1016114
PLZL,2025-08-25,2195.0,2233.2,2187.0,2198.0,1209895
PLZL,2025-08-26,2205.4,2213.4,2176.2,2209.6,579692
PLZL,2025-08-27,2209.6,2219.4,2124.2,2143.8,2032851
PLZL,2025-08-28,2145.2,2170.0,2125.2,2165.0,868462
PLZL,2025-08-29,2165.0,2166.6,2100.0,2138.2,948838
PLZL,2025-09-01,2138.2,2190.0,2123.2,2182.4,954660
PLZL,2025-09-02,2190.0,2228.0,2166.2,2223.8,1273684
PLZL,2025-09-03,2225.0,2238.2,2204.0,2232.2,1273063
PLZL,2025-09-04,2220.6,2232.8,2205.2,2219.4,784306
PLZL,2025-09-05,2222.0,2240.0,2215.8,2235.6,1133415
PLZL,2025-09-08,2238.4,2290.0,2231.0,2280.8,1673512
PLZL,2025-09-09,2281.2,2348.8,2281.2,2327.4,2120992
PLZL,2025-09-10,2330.0,2344.0,2311.8,2336.4,1017724
PLZL,2025-09-11,2330.2,2334.6,2310.8,2328.4,1121816
PLZL,2025-09-12,2334.8,2367.2,2286.4,2312.8,1770081
PLZL,2025-09-15,2318.4,2345.0,2267.0,2345.0,1484504
PLZL,2025-09-16,2345.0,2360.0,2323.2,2340.2,1183077
PLZL,2025-09-17,2340.2,2355.0,2295.8,2309.6,1114821
PLZL,2025-09-18,2315.4,2320.0,2281.6,2296.0,1218527
PLZL,2025-09-19,2299.8,2310.0,2285.2,2293.6,643624
PLZL,2025-09-22,2297.2,2340.0,2277.0,2328.6,1555788
PLZL,2025-09-23,2330.2,2365.0,2306.0,2322.8,1311797
PLZL,2025-09-24,2324.0,2334.6,2301.2,2309.0,832525
PLZL,2025-09-25,2310.0,2336.4,2303.6,2313.0,573741
PLZL,2025-09-26,2312.0,2325.8,2306.0,2320.2,470693
PLZL,2025-09-29,2326.8,2407.6,2320.4,2386.6,1689042
PLZL,2025-09-30,2405.0,2439.0,2340.0,2362.4,1659985
PLZL,2025-10-01,2367.0,2405.0,2344.2,2368.2,1094567
PLZL,2025-10-02,2368.0,2378.8,2286.4,2317.2,1147066
PLZL,2025-10-03,2317.4,2337.0,2295.0,2321.8,728830
PLZL,2025-10-06,2315.2,2382.0,2300.0,2377.4,1267075
PLZL,2025-10-07,2382.0,2396.0,2363.8,2386.0,749081
PLZL,2025-10-08,2396.0,2411.0,2308.2,2352.0,1833046
PLZL,2025-10-09,2352.0,2377.4,2300.0,2323.0,1422574
PLZL,2025-10-10,2322.8,2322.8,2235.6,2292.4,1598534
PLZL,2025-10-13,2270.0,2282.6,2205.8,2223.6,1485441
PLZL,2025-10-14,2230.2,2255.2,2081.6,2128.2,2898644
PLZL,2025-10-15,2140.0,2232.6,2094.0,2212.8,2575089
PLZL,2025-10-16,2220.0,2340.0,2180.0,2340.0,3050062
PLZL,2025-10-17,2360.0,2383.6,2185.0,2196.2,3355551
PLZL,2025-10-20,2196.2,2224.0,2122.8,2186.0,3408655
PLZL,2025-10-21,2186.0,2188.6,2039.0,2058.2,3168418
PLZL,2025-10-22,2061.8,2095.0,2023.0,2043.8,1936766
PLZL,2025-10-23,2033.0,2072.0,1990.0,2037.2,2006315
PLZL,2025-10-24,2041.0,2094.0,2035.0,2043.2,1791988
PLZL,2025-10-27,2041.6,2041.6,1951.2,1971.0,1385676
PLZL,2025-10-28,1971.0,2006.8,1956.0,1980.6,1022996
PLZL,2025-10-29,1980.4,2072.0,1980.0,2045.8,1898465
PLZL,2025-10-30,2040.0,2097.0,2039.4,2094.6,981509
PLZL,2025-10-31,2094.0,2119.8,2041.0,2052.8,1069213
PLZL,2025-11-01,2059.4,2073.0,2050.8,2062.0,242081
PLZL,2025-11-03,2068.0,2107.0,2063.2,2098.8,350387
PLZL,2025-11-05,2094.6,2122.6,2055.2,2087.0,1003159
PLZL,2025-11-06,2088.0,2098.0,2070.2,2072.8,373578
PLZL,2025-11-07,2073.0,2100.0,2072.8,2084.8,443013
PLZL,2025-11-10,2086.0,2148.2,2077.0,2148.0,1089031
PLZL,2025-11-11,2154.0,2179.8,2142.2,2153.8,707673
PLZL,2025-11-12,2151.0,2165.2,2119.0,2153.6,626000
PLZL,2025-11-13,2159.0,2205.0,2155.8,2167.8,1182589
PLZL,2025-11-14,2178.2,2189.0,2113.4,2150.2,942778
PLZL,2025-11-17,2150.2,2164.6,2090.0,2095.0,892243
PLZL,2025-11-18,2087.8,2150.0,2066.2,2130.2,995958
PLZL,2025-11-19,2130.0,2189.0,2119.4,2145.0,1182942
PLZL,2025-11-20,2145.0,2185.0,2131.2,2170.2,1021038
PLZL,2025-11-21,2170.2,2177.0,2140.0,2161.0,683338
PLZL,2025-11-24,2161.2,2182.6,2112.0,2140.0,757288
PLZL,2025-11-25,2140.4,2149.8,2120.6,2133.6,560686
PLZL,2025-11-26,2143.2,2145.2,2110.2,2136.6,422693
PLZL,2025-11-27,2136.0,2138.0,2111.0,2111.2,349833
PLZL,2025-11-28,2116.0,2149.0,2112.0,2140.4,652272
PLZL,2025-12-01,2145.4,2163.0,2116.2,2144.8,594779
PLZL,2025-12-02,2145.2,2151.0,2121.4,2135.0,374880
PLZL,2025-12-03,2129.6,2143.0,2110.4,2128.0,429076
PLZL,2025-12-04,2131.0,2152.0,2119.4,2136.8,581541
PLZL,2025-12-05,2136.8,2192.0,2136.0,2168.6,860567
PLZL,2025-12-08,2168.6,2190.0,2133.0,2138.0,823270
PLZL,2025-12-09,2145.0,2179.4,2126.6,2168.0,501988
PLZL,2025-12-10,2170.0,2185.0,2166.8,2183.8,307826
PLZL,2025-12-11,2188.8,2268.0,2181.0,2255.6,1205717
PLZL,2025-12-12,2259.6,2301.4,2222.0,2241.8,1485304
PLZL,2025-12-15,2247.2,2295.0,2242.2,2294.2,1034363
PLZL,2025-12-16,2294.2,2314.2,2280.2,2312.4,816524
PLZL,2025-12-17,2313.0,2315.8,2283.6,2310.2,649941
PLZL,2025-12-18,2309.6,2326.0,2281.0,2294.4,1075667
PLZL,2025-12-19,2294.4,2315.0,2281.6,2304.8,873123
PLZL,2025-12-22,2294.0,2344.2,2266.0,2286.8,1655240
PLZL,2025-12-23,2295.4,2346.4,2288.0,2328.0,1261876
PLZL,2025-12-24,2330.0,2332.0,2305.0,2325.2,435073
PLZL,2025-12-25,2330.0,2333.6,2307.4,2324.6,362776
PLZL,2025-12-26,2328.6,2379.0,2324.0,2373.4,786921
PLZL,2025-12-29,2376.6,2464.0,2346.0,2372.0,2050373
PLZL,2025-12-30,2377.0,2408.0,2370.0,2398.4,708772
PLZL,2026-01-05,2415.0,2443.0,2412.0,2438.8,436322
PLZL,2026-01-06,2442.0,2457.8,2430.4,2442.0,334595
PLZL,2026-01-08,2430.6,2439.8,2390.2,2408.0,408546
PLZL,2026-01-09,2412.0,2428.6,2396.0,2416.4,278314
PLZL,2026-01-12,2431.6,2580.0,2430.0,2547.0,2593243
PLZL,2026-01-13,2547.0,2607.4,2527.2,2580.0,2378741
PLZL,2026-01-14,2599.0,2629.0,2544.2,2593.2,1453870
PLZL,2026-01-15,2565.4,2578.0,2539.2,2569.8,680808
PLZL,2026-01-16,2560.0,2589.0,2543.0,2561.0,849366
PLZL,2026-01-19,2561.0,2620.0,2556.2,2609.0,951221
PLZL,2026-01-20,2620.0,2649.0,2605.2,2649.0,1300156
PLZL,2026-01-21,2660.6,2728.4,2640.8,2643.0,2456344
PLZL,2026-01-22,2645.6,2702.0,2641.0,2696.0,1277822
PLZL,2026-01-23,2703.2,2720.0,2673.0,2709.0,1083109
PLZL,2026-01-26,2714.0,2776.8,2709.0,2737.4,2143686
PLZL,2026-01-27,2744.8,2749.6,2661.4,2714.8,1608841
PLZL,2026-01-28,2735.2,2764.8,2684.0,2738.0,2359759
PLZL,2026-01-29,2763.0,2765.0,2620.0,2706.0,2824383
PLZL,2026-01-30,2660.0,2678.0,2535.0,2601.2,3373663
PLZL,2026-02-02,2580.0,2638.4,2506.2,2629.8,2943161
PLZL,2026-02-03,2659.0,2694.0,2646.0,2690.0,1185154
PLZL,2026-02-04,2700.6,2726.0,2645.0,2674.8,1178982
PLZL,2026-02-05,2640.0,2666.8,2591.0,2601.6,1135373
PLZL,2026-02-06,2601.8,2640.0,2595.8,2631.8,517172
PLZL,2026-02-09,2633.0,2683.0,2621.4,2677.8,877645
PLZL,2026-02-10,2666.4,2677.2,2643.0,2661.6,700327
PLZL,2026-02-11,2669.0,2694.8,2653.0,2676.0,644876
PLZL,2026-02-12,2677.0,2677.2,2569.0,2573.2,1633559
PLZL,2026-02-13,2581.0,2594.0,2502.0,2533.8,1576437
PLZL,2026-02-16,2528.4,2528.8,2452.8,2469.0,1182484
PLZL,2026-02-17,2464.8,2464.8,2410.2,2421.6,1263749
PLZL,2026-02-18,2427.2,2492.6,2424.2,2485.6,1087682
PLZL,2026-02-19,2485.8,2545.8,2482.0,2499.6,1254206
PLZL,2026-02-20,2505.0,2530.0,2480.4,2505.0,722122
PLZL,2026-02-24,2510.0,2539.0,2484.4,2488.0,863878
PLZL,2026-02-25,2491.0,2516.0,2486.6,2511.4,516796
PLZL,2026-02-26,2512.0,2520.8,2468.6,2481.0,593219
PLZL,2026-02-27,2476.6,2514.6,2466.0,2505.4,671078
PLZL,2026-03-02,2513.6,2600.0,2500.0,2543.0,4365867
PLZL,2026-03-03,2550.0,2552.0,2446.0,2476.4,1952294
PLZL,2026-03-04,2485.6,2516.0,2468.2,2492.4,778030
PLZL,2026-03-05,2500.0,2508.4,2458.8,2475.0,635027
PLZL,2026-03-06,2477.4,2484.0,2415.0,2436.4,1118155
PLZL,2026-03-09,2425.0,2425.0,2351.0,2402.2,971833
PLZL,2026-03-10,2405.8,2476.6,2404.4,2464.4,1407573
PLZL,2026-03-11,2462.4,2471.2,2414.4,2431.6,676497
PLZL,2026-03-12,2424.0,2430.2,2404.8,2408.6,489577
PLZL,2026-03-13,2417.0,2442.0,2405.2,2421.2,522281
PLZL,2026-03-16,2421.8,2436.6,2383.2,2392.6,934619
PLZL,2026-03-17,2394.6,2406.2,2382.8,2386.2,373078
PLZL,2026-03-18,2387.0,2404.6,2320.0,2322.4,1376009
PLZL,2026-03-19,2330.0,2344.6,2237.0,2283.0,2191142
PLZL,2026-03-20,2299.6,2340.4,2278.0,2296.0,1405622
PLZL,2026-03-23,2248.2,2303.0,2212.8,2283.6,2473429
PLZL,2026-03-24,2265.0,2313.2,2261.0,2273.0,961256
PLZL,2026-03-25,2288.6,2300.0,2238.8,2251.4,1446101
PLZL,2026-03-26,2251.4,2254.0,2213.2,2227.6,1104309
PLZL,2026-03-27,2236.0,2243.8,2158.8,2165.6,1544758
PLZL,2026-03-30,2165.6,2188.6,2115.0,2121.0,1473151
PLZL,2026-03-31,2124.2,2141.0,2068.4,2115.4,1870976
PLZL,2026-04-01,2120.8,2176.0,2105.6,2167.8,1704631
PLZL,2026-04-02,2155.6,2175.0,2124.2,2150.0,1077287
PLZL,2026-04-03,2150.0,2167.0,2133.0,2138.6,554198
PLZL,2026-04-06,2140.2,2185.0,2130.4,2171.2,994260
PLZL,2026-04-07,2172.0,2266.0,2169.2,2259.0,1730370
PLZL,2026-04-08,2293.0,2338.0,2251.0,2260.2,2250358
PLZL,2026-04-09,2261.4,2276.0,2206.2,2224.2,1058247
PLZL,2026-04-10,2225.0,2232.8,2153.4,2163.4,1179220
PLZL,2026-04-13,2168.6,2174.8,2105.8,2131.0,1052980
PLZL,2026-04-14,2131.0,2218.8,2131.0,2207.4,1454848
PLZL,2026-04-15,2209.0,2257.4,2202.2,2238.2,1288813
PLZL,2026-04-16,2243.4,2258.6,2222.2,2230.0,650675
PLZL,2026-04-17,2236.0,2295.6,2224.0,2263.2,1222758
PLZL,2026-04-20,2270.0,2304.8,2218.4,2280.2,1717733
PLZL,2026-04-21,2276.8,2315.0,2270.2,2296.6,1217173
PLZL,2026-04-22,2303.0,2332.0,2296.2,2303.4,889172
PLZL,2026-04-23,2303.0,2314.4,2284.0,2288.0,494154
PLZL,2026-04-24,2288.0,2308.0,2275.2,2289.8,619783
PLZL,2026-04-27,2292.6,2312.0,2244.6,2251.0,601266
PLZL,2026-04-28,2249.0,2254.4,2150.0,2162.4,1302412
PLZL,2026-04-29,2172.8,2179.6,2020.0,2069.2,3275735
PLZL,2026-04-30,2071.4,2120.6,2031.0,2099.0,1546912
PLZL,2026-05-04,2100.0,2117.0,2042.6,2057.0,965683
PLZL,2026-05-05,2051.6,2080.0,2031.0,2067.0,631196
PLZL,2026-05-06,2086.0,2195.2,2072.0,2195.0,3114553
PLZL,2026-05-07,2188.6,2216.0,2124.4,2139.0,1491525
PLZL,2026-05-08,2139.0,2180.0,2126.2,2159.0,635354
PLZL,2026-05-11,2158.0,2183.0,2151.0,2181.6,376456
PLZL,2026-05-12,2181.6,2196.8,2164.4,2180.8,510207
PLZL,2026-05-13,2177.0,2189.0,2171.8,2175.2,285114
PLZL,2026-05-14,2186.0,2186.0,2125.4,2132.2,440331
PLZL,2026-05-15,2129.0,2146.4,2092.8,2120.0,971457
PLZL,2026-05-18,2078.6,2119.0,2060.0,2090.4,920126
PLZL,2026-05-19,2093.0,2099.4,2065.0,2073.2,420940
PLZL,2026-05-20,2075.0,2087.0,2062.0,2071.0,406817
PLZL,2026-05-21,2071.6,2119.8,2046.2,2105.8,802663
PLZL,2026-05-22,2106.0,2136.0,2077.0,2082.8,539566
PLZL,2026-05-25,2085.0,2150.8,2082.8,2129.6,1057050
PLZL,2026-05-26,2126.4,2129.0,2096.0,2102.6,490811
PLZL,2026-05-27,2117.4,2139.4,2095.4,2107.2,750897
PLZL,2026-05-28,2100.0,2109.6,2082.0,2102.0,628396
PLZL,2026-05-29,2106.8,2109.8,2082.0,2087.2,376148
PLZL,2026-06-01,2087.2,2099.0,2050.0,2069.6,652440
PLZL,2026-06-02,2070.2,2125.0,2063.8,2110.6,673068
PLZL,2026-06-03,2111.2,2130.0,2090.2,2094.0,446821
PLZL,2026-06-04,2095.4,2119.8,2092.0,2097.6,418728
PLZL,2026-06-05,2092.0,2107.8,2060.2,2064.0,397819
PLZL,2026-06-08,2074.2,2074.2,2010.0,2018.0,1174733
PLZL,2026-06-09,2023.2,2061.8,2000.0,2034.2,887115
PLZL,2026-06-10,2028.8,2028.8,1936.0,1950.0,1836579
PLZL,2026-06-11,1950.2,2015.0,1937.2,1995.0,1110024
PLZL,2026-06-15,1994.0,2100.0,1986.2,2082.4,2033349
PLZL,2026-06-16,2092.8,2098.6,2026.6,2049.4,878765
PLZL,2026-06-17,2049.4,2064.2,2016.0,2029.8,784962
PLZL,2026-06-18,2037.2,2063.2,2014.0,2047.0,896286
PLZL,2026-06-19,2038.0,2039.0,2000.6,2016.4,877872
PLZL,2026-06-22,2016.4,2039.6,1952.0,1994.6,1254479
PLZL,2026-06-23,1989.2,2017.0,1962.0,1997.4,952227
PLZL,2026-06-24,1990.8,2002.6,1886.6,1917.0,1289564
PLZL,2026-06-25,1915.0,1937.0,1888.0,1917.8,1100245
PLZL,2026-06-26,1911.0,2006.6,1857.0,1975.0,1697277
PLZL,2026-06-29,1982.0,2012.2,1920.0,1987.4,859220
PLZL,2026-06-30,1984.0,2005.0,1957.4,1980.4,738241
PLZL,2026-07-01,1960.0,2017.0,1952.0,1983.8,747259
PLZL,2026-07-02,1998.0,2003.8,1920.2,1932.2,770457
PLZL,2026-07-03,1945.6,1966.8,1901.2,1924.4,742658
PLZL,2026-07-06,1928.8,1937.0,1831.0,1854.4,817685
PLZL,2026-07-07,1854.8,1855.0,1720.0,1828.0,1778423
PLZL,2026-07-08,1825.0,1825.0,1330.2,1345.0,16168221
PLZL,2026-07-09,1342.2,1396.8,1321.0,1334.0,5975643
PLZL,2026-07-10,1334.0,1358.6,1174.8,1191.6,8211992
PLZL,2026-07-13,1172.0,1250.0,1128.0,1193.4,10285787
PLZL,2026-07-14,1192.0,1215.0,1170.0,1183.8,2560806
PLZL,2026-07-15,1184.8,1186.8,1144.0,1156.6,2035152
PLZL,2026-07-16,1155.0,1195.2,1006.4,1006.4,6197206
PLZL,2026-07-17,1000.4,1039.4,898.0,927.6,7873493
PLZL,2026-07-20,930.8,1025.4,917.0,1025.4,6320559
PLZL,2026-07-21,1035.0,1163.2,1034.6,1163.2,7328269
PLZL,2026-07-22,1180.0,1312.8,1126.6,1288.0,11847582
PLZL,2026-07-23,1288.0,1292.0,1202.6,1212.0,6026879
PLZL,2026-07-24,1210.0,1241.0,1139.0,1227.2,5381182
PLZL,2026-07-27,1239.0,1339.6,1229.0,1336.4,6817146
PLZL,2026-07-28,1336.4,1396.6,1296.2,1309.2,8852553
PLZL,2026-07-29,1310.0,1341.8,1272.0,1316.4,4664317
PLZL,2026-07-30,1316.4,1332.0,1277.0,1292.6,3450721
PLZL,2026-07-31,1291.0,1298.0,1255.4,1286.0,2168021
PLZL,2026-08-03,1286.0,1317.8,1286.0,1309.0,1327332
PLZL,2026-08-04,1310.0,1315.6,1275.2,1303.0,1327722
PLZL,2026-08-05,1310.0,1382.2,1300.0,1367.0,4356537
PLZL,2026-08-06,1369.2,1389.6,1326.2,1344.6,3024468
PLZL,2026-08-07,1348.6,1366.6,1313.8,1322.6,2355299
PLZL,2026-08-10,1324.8,1362.4,1320.8,1344.2,2221793
PLZL,2026-08-11,1345.2,1354.6,1317.8,1324.2,1910545
PLZL,2026-08-12,1326.0,1333.0,1260.0,1261.6,2918073
PLZL,2026-08-13,1260.0,1263.0,1147.4,1154.6,6630766
PLZL,2026-08-14,1154.6,1185.6,1070.8,1099.2,6526120
