symbol,date,open,high,low,close,volume
SBERP,2013-03-25,75.02,75.05,73.21,73.35,120300
SBERP,2013-03-26,72.64,74.06,71.34,72.3,209100
SBERP,2013-03-27,73.04,73.04,71.85,72.28,76900
SBERP,2013-03-28,72.9,75.16,72.73,75.12,211700
SBERP,2013-03-29,75.28,75.28,74.97,75.11,91800
SBERP,2013-04-01,74.9,75.85,74.63,75.04,208200
SBERP,2013-04-02,74.87,75.44,74.2,74.62,300500
SBERP,2013-04-03,75.09,75.11,74.64,74.64,211800
SBERP,2013-04-04,74.3,75.81,72.36,74.87,836800
SBERP,2013-04-05,74.89,74.89,73.21,73.57,696800
SBERP,2013-04-08,73.99,74.29,72.01,72.7,216600
SBERP,2013-04-09,73.0,73.77,72.48,73.58,812400
SBERP,2013-04-10,72.0,73.0,71.1,71.42,617100
SBERP,2013-04-11,71.52,71.71,69.32,69.32,751600
SBERP,2013-04-12,69.29,69.88,68.32,69.47,314200
SBERP,2013-04-15,68.47,68.49,66.54,67.77,648600
SBERP,2013-04-16,67.08,68.18,67.0,67.59,450700
SBERP,2013-04-17,68.12,68.63,67.48,67.67,339500
SBERP,2013-04-18,67.93,69.72,67.55,68.39,781400
SBERP,2013-04-19,69.27,70.3,68.82,70.3,434800
SBERP,2013-04-22,70.83,71.42,69.65,69.65,395400
SBERP,2013-04-23,69.42,70.05,68.86,70.05,247000
SBERP,2013-04-24,70.7,71.5,70.41,70.53,191900
SBERP,2013-04-25,70.76,72.15,70.66,70.93,699800
SBERP,2013-04-26,70.24,70.74,69.42,70.32,349600
SBERP,2013-04-29,70.45,71.06,69.77,69.87,190200
SBERP,2013-04-30,69.65,72.21,69.1,72.21,425900
SBERP,2013-05-02,72.37,72.62,71.54,72.24,667800
SBERP,2013-05-03,72.8,73.23,71.88,72.77,468200
SBERP,2013-05-06,72.9,73.66,72.9,73.35,470000
SBERP,2013-05-07,73.22,74.91,73.19,74.73,214300
SBERP,2013-05-08,74.88,75.83,74.87,75.83,147300
SBERP,2013-05-10,75.84,75.84,73.05,75.39,333900
SBERP,2013-05-13,74.71,75.81,74.48,75.81,467100
SBERP,2013-05-14,75.43,76.95,75.28,75.57,523300
SBERP,2013-05-15,75.87,75.93,74.7,75.27,402900
SBERP,2013-05-16,75.42,75.56,74.86,75.16,266800
SBERP,2013-05-17,75.36,76.48,74.89,75.91,313500
SBERP,2013-05-20,76.48,77.42,76.07,77.2,211800
SBERP,2013-05-21,76.9,78.16,76.35,78.13,172000
SBERP,2013-05-22,78.23,79.65,78.09,79.65,114400
SBERP,2013-05-23,77.41,77.57,75.82,76.5,308700
SBERP,2013-05-24,76.9,77.31,75.08,75.54,541100
SBERP,2013-05-27,76.4,76.4,75.11,75.49,348900
SBERP,2013-05-28,76.0,77.59,76.0,77.49,229800
SBERP,2013-05-29,77.13,77.13,75.69,76.08,775200
SBERP,2013-05-30,75.96,78.54,75.27,77.1,2047700
SBERP,2013-05-31,77.5,77.5,72.2,72.2,1540200
SBERP,2013-06-03,72.32,72.89,70.61,72.05,1201800
SBERP,2013-06-04,72.31,73.07,71.76,71.76,237600
SBERP,2013-06-05,71.36,71.86,70.38,70.7,538800
SBERP,2013-06-06,70.41,72.12,70.1,72.12,346300
SBERP,2013-06-07,72.12,74.12,70.01,73.41,310700
SBERP,2013-06-10,73.72,74.18,72.96,73.27,274200
SBERP,2013-06-11,72.79,73.59,70.25,70.59,626300
SBERP,2013-06-13,69.24,69.7,68.48,69.0,483300
SBERP,2013-06-14,69.92,70.44,69.36,70.23,443200
SBERP,2013-06-17,70.61,71.91,70.61,71.61,619300
SBERP,2013-06-18,71.57,72.88,71.45,72.39,760200
SBERP,2013-06-19,72.76,72.76,71.13,71.47,210600
SBERP,2013-06-20,70.36,70.36,69.0,69.19,332500
SBERP,2013-06-21,69.16,70.11,69.0,69.0,325000
SBERP,2013-06-24,68.64,69.28,67.76,67.76,261600
SBERP,2013-06-25,68.63,69.0,68.07,68.07,463100
SBERP,2013-06-26,68.18,69.95,67.9,69.86,457600
SBERP,2013-06-27,70.4,70.62,69.28,69.5,449200
SBERP,2013-06-28,70.32,70.5,67.36,67.36,241800
SBERP,2013-07-01,69.91,71.4,69.79,71.26,214100
SBERP,2013-07-02,71.09,71.73,70.63,70.82,145400
SBERP,2013-07-03,70.39,70.39,69.22,69.57,142300
SBERP,2013-07-04,70.0,70.81,69.5,70.81,160700
SBERP,2013-07-05,71.27,71.52,70.18,70.22,164800
SBERP,2013-07-08,70.04,70.51,69.97,70.41,73600
SBERP,2013-07-09,70.88,70.88,69.75,69.75,120300
SBERP,2013-07-10,69.62,70.05,69.39,69.64,303300
SBERP,2013-07-11,70.54,75.22,70.53,72.9,353400
SBERP,2013-07-12,72.83,74.62,72.62,74.62,808500
SBERP,2013-07-15,75.12,76.8,74.64,76.8,598100
SBERP,2013-07-16,73.5,77.19,73.5,76.36,497500
SBERP,2013-07-17,76.1,77.92,76.0,77.5,563100
SBERP,2013-07-18,77.2,77.21,74.89,75.41,526700
SBERP,2013-07-19,75.76,76.7,75.01,76.1,320800
SBERP,2013-07-22,75.7,75.96,74.76,75.0,391400
SBERP,2013-07-23,75.48,75.75,74.4,74.4,555300
SBERP,2013-07-24,74.06,75.14,73.75,74.08,752000
SBERP,2013-07-25,74.15,74.69,73.45,73.45,592600
SBERP,2013-07-26,73.83,73.98,72.94,72.94,321500
SBERP,2013-07-29,72.73,73.42,72.73,73.09,308700
SBERP,2013-07-30,73.71,74.31,73.06,74.14,280100
SBERP,2013-07-31,73.98,75.13,70.36,74.76,388600
SBERP,2013-08-01,75.29,75.44,74.67,74.94,291400
SBERP,2013-08-02,74.0,75.45,74.0,75.45,286100
SBERP,2013-08-05,75.13,76.12,75.13,75.35,316300
SBERP,2013-08-06,75.49,75.51,73.48,73.48,343600
SBERP,2013-08-07,73.03,73.39,72.15,72.51,888800
SBERP,2013-08-08,73.17,73.25,72.11,72.49,757000
SBERP,2013-08-09,72.44,73.16,72.13,73.16,460900
SBERP,2013-08-12,73.13,73.42,72.27,73.22,332000
SBERP,2013-08-13,73.66,74.41,73.04,74.35,486400
SBERP,2013-08-14,74.2,74.94,74.14,74.85,587500
SBERP,2013-08-15,74.39,74.51,72.5,72.62,2490800
SBERP,2013-08-16,72.59,72.83,71.66,72.12,956500
SBERP,2013-08-19,71.97,74.26,71.72,72.9,1123200
SBERP,2013-08-20,72.29,72.3,71.52,71.75,971000
SBERP,2013-08-21,71.87,72.43,71.01,71.67,499400
SBERP,2013-08-22,71.48,72.78,71.39,72.59,572700
SBERP,2013-08-23,72.53,72.64,72.24,72.41,287200
SBERP,2013-08-26,72.85,72.97,71.8,72.07,373500
SBERP,2013-08-27,71.61,72.46,70.52,70.88,651800
SBERP,2013-08-28,70.21,75.26,69.29,69.82,1161800
SBERP,2013-08-29,70.02,70.55,69.52,70.17,482100
SBERP,2013-08-30,69.96,70.24,68.56,70.2,987500
SBERP,2013-09-02,70.49,70.88,69.62,70.0,4234800
SBERP,2013-09-03,70.25,70.94,70.05,70.4,8066600
SBERP,2013-09-04,70.75,70.75,69.99,70.29,3718500
SBERP,2013-09-05,70.49,71.6,70.1,71.39,10677200
SBERP,2013-09-06,71.8,73.02,70.5,70.81,14888600
SBERP,2013-09-09,70.66,73.56,70.66,73.51,12815700
SBERP,2013-09-10,73.75,76.67,73.75,75.68,25451100
SBERP,2013-09-11,75.8,75.98,74.5,74.88,8148500
SBERP,2013-09-12,74.93,75.28,74.19,74.71,7436000
SBERP,2013-09-13,74.42,74.94,74.14,74.44,4842100
SBERP,2013-09-16,75.03,77.04,75.0,76.94,10526000
SBERP,2013-09-17,76.62,77.6,76.2,77.32,8081300
SBERP,2013-09-18,77.88,77.88,76.3,76.37,6708300
SBERP,2013-09-19,78.0,78.99,77.77,78.0,15695500
SBERP,2013-09-20,77.59,78.13,77.32,77.79,5297600
SBERP,2013-09-23,77.61,77.98,76.65,76.8,7055300
SBERP,2013-09-24,76.51,76.73,76.01,76.71,6880200
SBERP,2013-09-25,76.44,77.9,76.2,77.9,7261100
SBERP,2013-09-26,77.85,78.33,77.41,77.9,5688200
SBERP,2013-09-27,78.29,78.29,75.59,75.7,11916200
SBERP,2013-09-30,75.28,75.56,74.3,74.7,7825100
SBERP,2013-10-01,74.68,76.4,74.61,76.3,9530200
SBERP,2013-10-02,76.35,76.36,75.17,75.33,9028000
SBERP,2013-10-03,75.87,76.34,75.21,75.65,8134300
SBERP,2013-10-04,78.66,78.66,75.27,76.44,6491800
SBERP,2013-10-07,76.13,76.26,75.52,75.95,5777500
SBERP,2013-10-08,75.95,77.8,75.86,77.73,10628100
SBERP,2013-10-09,77.37,79.41,76.92,77.6,21456500
SBERP,2013-10-10,77.29,79.05,77.29,78.8,10600500
SBERP,2013-10-11,79.22,79.39,78.12,78.61,7104200
SBERP,2013-10-14,78.5,78.83,77.75,78.6,5400100
SBERP,2013-10-15,79.0,79.92,78.91,79.88,9927600
SBERP,2013-10-16,79.51,80.12,79.26,79.99,12296200
SBERP,2013-10-17,80.45,80.45,78.61,79.4,11245800
SBERP,2013-10-18,79.98,81.4,79.72,81.15,14383500
SBERP,2013-10-21,81.34,82.6,81.01,82.33,11700200
SBERP,2013-10-22,81.97,83.05,81.8,82.67,12846600
SBERP,2013-10-23,82.01,82.33,80.53,80.84,15369400
SBERP,2013-10-24,80.89,81.22,80.2,80.58,8954800
SBERP,2013-10-25,80.54,81.67,79.9,81.34,11737900
SBERP,2013-10-28,81.51,82.3,81.06,81.6,9628600
SBERP,2013-10-29,81.19,83.18,81.01,82.68,18894600
SBERP,2013-10-30,82.73,83.32,82.33,82.54,8130500
SBERP,2013-10-31,82.0,83.17,81.7,82.98,11351100
SBERP,2013-11-01,82.88,83.82,82.74,83.61,10176100
SBERP,2013-11-05,83.61,84.28,81.87,82.09,8001100
SBERP,2013-11-06,82.3,83.38,82.02,83.22,11670900
SBERP,2013-11-07,83.14,84.17,82.7,83.55,11857100
SBERP,2013-11-08,82.58,82.97,82.12,82.94,9623600
SBERP,2013-11-11,83.0,83.23,82.15,82.36,6491100
SBERP,2013-11-12,83.43,83.43,82.34,83.05,12186100
SBERP,2013-11-13,83.33,83.69,81.7,82.68,14763100
SBERP,2013-11-14,83.0,83.56,82.51,83.24,11954000
SBERP,2013-11-15,83.52,83.75,82.95,83.09,6365700
SBERP,2013-11-18,83.41,83.9,83.03,83.89,4841400
SBERP,2013-11-19,83.7,84.7,83.7,84.55,11063700
SBERP,2013-11-20,84.21,85.48,83.93,85.35,10793000
SBERP,2013-11-21,85.03,85.23,84.64,84.97,8272700
SBERP,2013-11-22,85.2,85.85,84.52,85.55,9482100
SBERP,2013-11-25,85.66,86.13,85.35,85.6,6993800
SBERP,2013-11-26,85.5,85.7,84.81,85.16,10241400
SBERP,2013-11-27,85.19,85.77,84.17,85.15,14960700
SBERP,2013-11-28,85.34,85.58,85.0,85.17,5664100
SBERP,2013-11-29,85.17,85.55,84.61,84.85,5814000
SBERP,2013-12-02,84.88,85.16,84.4,84.61,5984600
SBERP,2013-12-03,84.4,84.6,82.74,82.77,11697100
SBERP,2013-12-04,82.85,83.18,81.73,82.0,13246200
SBERP,2013-12-05,82.18,82.27,80.12,80.15,16109600
SBERP,2013-12-06,80.15,81.26,80.1,81.09,11637000
SBERP,2013-12-09,81.4,81.75,81.01,81.35,9939200
SBERP,2013-12-10,81.5,82.04,80.61,81.15,7892100
SBERP,2013-12-11,80.74,81.35,80.51,80.98,6374000
SBERP,2013-12-12,80.4,80.83,79.98,80.79,9653800
SBERP,2013-12-13,78.66,81.32,78.66,80.12,10644600
SBERP,2013-12-16,80.0,80.44,79.62,80.14,9878900
SBERP,2013-12-17,80.12,80.95,79.53,79.53,12950800
SBERP,2013-12-18,79.91,79.91,78.71,79.71,11817200
SBERP,2013-12-19,80.49,80.82,79.41,80.06,13116600
SBERP,2013-12-20,80.06,81.16,79.55,80.57,13292200
SBERP,2013-12-23,81.0,81.34,80.47,81.05,7934300
SBERP,2013-12-24,81.05,81.24,80.38,80.58,5231400
SBERP,2013-12-25,80.87,80.87,80.16,80.33,2620300
SBERP,2013-12-26,80.31,80.7,80.01,80.11,3264900
SBERP,2013-12-27,80.32,80.36,79.55,79.55,4989900
SBERP,2013-12-30,79.5,80.21,79.45,80.21,5874700
SBERP,2014-01-06,79.5,79.72,79.01,79.5,3002200
SBERP,2014-01-08,79.7,79.79,78.0,78.05,8051300
SBERP,2014-01-09,78.12,78.47,77.72,77.86,6474100
SBERP,2014-01-10,77.63,78.39,77.23,78.16,6480900
SBERP,2014-01-13,78.25,79.5,78.01,79.35,7949400
SBERP,2014-01-14,78.8,78.95,78.23,78.26,5767600
SBERP,2014-01-15,78.51,79.43,78.48,79.19,7294500
SBERP,2014-01-16,79.28,79.69,79.01,79.02,4609700
SBERP,2014-01-17,79.01,80.18,78.72,79.83,8074300
SBERP,2014-01-20,79.64,81.42,79.57,81.18,8270500
SBERP,2014-01-21,81.55,81.71,80.91,81.23,5548500
SBERP,2014-01-22,81.28,81.38,80.57,81.26,6797100
SBERP,2014-01-23,80.96,81.84,80.73,81.06,5629400
SBERP,2014-01-24,80.72,80.8,79.3,79.49,8055600
SBERP,2014-01-27,78.99,79.81,77.13,77.2,21172100
SBERP,2014-01-28,77.35,78.21,76.26,76.61,12522000
SBERP,2014-01-29,77.2,77.92,76.01,76.16,12797300
SBERP,2014-01-30,76.27,76.55,74.85,75.5,14554700
SBERP,2014-01-31,75.6,76.3,74.9,75.09,12128600
SBERP,2014-02-03,75.28,75.8,74.65,74.98,9537000
SBERP,2014-02-04,74.22,75.05,73.75,75.0,10889200
SBERP,2014-02-05,75.67,76.17,74.83,75.81,9174200
SBERP,2014-02-06,76.01,77.09,75.8,76.75,9034400
SBERP,2014-02-07,77.2,78.14,77.0,77.7,10546100
SBERP,2014-02-10,78.21,78.22,77.17,77.27,7885100
SBERP,2014-02-11,77.35,78.79,77.35,78.69,8995500
SBERP,2014-02-12,79.0,80.35,78.95,80.25,17565800
SBERP,2014-02-13,79.69,80.17,78.53,78.76,12907800
SBERP,2014-02-14,79.26,79.46,78.36,78.87,10598000
SBERP,2014-02-17,78.94,79.66,78.94,79.43,6320500
SBERP,2014-02-18,78.99,79.89,78.65,78.93,9657100
SBERP,2014-02-19,78.75,78.75,77.21,77.69,9661500
SBERP,2014-02-20,77.1,77.66,76.34,76.99,9470600
SBERP,2014-02-21,77.63,78.08,77.12,77.77,8484200
SBERP,2014-02-24,77.52,77.9,77.18,77.45,4573800
SBERP,2014-02-25,77.63,78.1,77.39,78.09,9364200
SBERP,2014-02-26,78.08,78.48,77.5,78.03,10792000
SBERP,2014-02-27,77.99,78.15,76.04,76.19,14348200
SBERP,2014-02-28,76.48,76.56,74.5,75.44,19922900
SBERP,2014-03-03,71.06,72.99,60.06,66.14,47305600
SBERP,2014-03-04,66.8,71.69,66.39,71.45,39625900
SBERP,2014-03-05,71.8,74.26,70.78,73.36,37700100
SBERP,2014-03-06,73.9,74.5,69.39,70.62,31671700
SBERP,2014-03-07,70.54,71.33,68.0,68.26,24190300
SBERP,2014-03-11,68.01,68.44,64.24,64.3,18663400
SBERP,2014-03-12,63.62,64.1,60.0,61.48,25999400
SBERP,2014-03-13,62.0,62.79,59.0,59.25,28125900
SBERP,2014-03-14,57.0,58.99,55.52,58.54,41868600
SBERP,2014-03-17,58.97,62.98,58.93,62.7,43998700
SBERP,2014-03-18,63.74,66.18,62.73,65.88,35414300
SBERP,2014-03-19,66.0,67.44,65.0,66.09,26989300
SBERP,2014-03-20,65.17,66.44,64.71,65.51,15541300
SBERP,2014-03-21,64.0,65.69,63.1,64.78,15942700
SBERP,2014-03-24,64.96,67.27,64.86,66.27,16302300
SBERP,2014-03-25,66.0,68.2,65.92,67.3,24896900
SBERP,2014-03-26,67.75,68.5,67.37,67.68,31080800
SBERP,2014-03-27,67.12,67.88,65.02,65.85,16645200
SBERP,2014-03-28,65.98,66.43,65.3,65.68,13369800
SBERP,2014-03-31,65.9,67.3,65.56,67.3,17748700
SBERP,2014-04-01,67.4,68.25,67.21,67.62,17307500
SBERP,2014-04-02,67.9,68.0,65.15,65.65,16500500
SBERP,2014-04-03,65.99,66.19,65.02,65.35,11598300
SBERP,2014-04-04,65.6,66.7,65.25,66.6,11957200
SBERP,2014-04-07,65.6,66.4,63.71,64.0,23132700
SBERP,2014-04-08,64.99,64.99,63.48,64.24,15123900
SBERP,2014-04-09,64.5,65.24,63.84,65.0,12693700
SBERP,2014-04-10,65.5,67.2,65.22,67.17,17372500
SBERP,2014-04-11,66.14,67.96,65.45,67.21,34746200
SBERP,2014-04-14,66.62,66.95,64.71,64.98,23456200
SBERP,2014-04-15,64.3,65.14,60.0,60.11,33928300
SBERP,2014-04-16,60.8,62.3,58.99,61.63,38061100
SBERP,2014-04-17,62.12,62.47,60.62,61.42,16532800
SBERP,2014-04-18,62.74,63.37,62.13,62.36,12402800
SBERP,2014-04-21,62.32,62.47,61.25,61.43,8052100
SBERP,2014-04-22,61.27,61.89,59.61,60.06,20134100
SBERP,2014-04-23,60.2,60.3,59.12,59.8,17981200
SBERP,2014-04-24,59.66,60.32,57.11,58.45,33874900
SBERP,2014-04-25,58.33,58.33,56.03,56.99,22931200
SBERP,2014-04-28,56.01,59.4,54.93,59.21,42056700
SBERP,2014-04-29,60.0,60.78,58.94,59.2,19488500
SBERP,2014-04-30,59.45,60.25,58.65,60.16,13713900
SBERP,2014-05-02,57.99,59.9,57.99,59.62,6879100
SBERP,2014-05-05,59.03,59.85,59.0,59.25,7077800
SBERP,2014-05-06,59.59,60.75,59.5,60.66,11207100
SBERP,2014-05-07,60.33,68.49,60.02,65.54,45418500
SBERP,2014-05-08,65.85,66.89,64.15,65.75,28288600
SBERP,2014-05-12,65.67,67.89,65.5,67.19,16265800
SBERP,2014-05-13,67.21,69.31,67.07,69.11,29620000
SBERP,2014-05-14,69.17,69.45,67.5,67.5,20061500
SBERP,2014-05-15,67.87,68.35,66.2,66.5,13437500
SBERP,2014-05-16,66.0,67.53,65.64,67.1,21640700
SBERP,2014-05-19,67.22,68.48,67.11,68.34,15908900
SBERP,2014-05-20,68.45,68.89,66.71,67.28,21142300
SBERP,2014-05-21,67.34,68.12,66.44,67.84,21827200
SBERP,2014-05-22,68.05,68.39,66.01,67.0,20878200
SBERP,2014-05-23,67.51,68.92,66.31,68.83,21671500
SBERP,2014-05-26,69.0,71.05,68.68,70.6,26209100
SBERP,2014-05-27,69.45,70.84,68.13,68.7,23469800
SBERP,2014-05-28,69.0,70.17,68.52,69.19,17902600
SBERP,2014-05-29,69.6,69.77,67.1,68.78,28176000
SBERP,2014-05-30,69.0,69.4,68.53,68.65,10357700
SBERP,2014-06-02,69.0,70.82,68.67,70.35,16392500
SBERP,2014-06-03,70.1,70.7,69.01,70.46,11527400
SBERP,2014-06-04,70.37,72.4,70.02,71.91,18327400
SBERP,2014-06-05,72.11,73.23,71.34,72.1,17392600
SBERP,2014-06-06,72.27,73.05,71.67,72.89,10598900
SBERP,2014-06-09,73.2,73.8,73.07,73.4,7797200
SBERP,2014-06-10,73.47,73.47,72.56,73.33,10327800
SBERP,2014-06-11,75.4,75.4,73.15,73.69,12272400
SBERP,2014-06-16,71.41,71.41,69.41,69.45,19248900
SBERP,2014-06-17,69.54,69.87,67.05,67.34,16097200
SBERP,2014-06-18,67.5,68.65,67.1,67.59,13310200
SBERP,2014-06-19,68.41,68.8,67.5,67.67,14538100
SBERP,2014-06-20,67.8,68.1,67.1,67.1,8653700
SBERP,2014-06-23,67.51,67.96,66.26,67.6,10757800
SBERP,2014-06-24,67.97,69.69,67.49,69.66,15365400
SBERP,2014-06-25,69.25,69.54,68.61,69.04,14344400
SBERP,2014-06-26,69.21,69.96,68.77,69.4,12204300
SBERP,2014-06-27,69.6,70.53,69.36,70.3,9531300
SBERP,2014-06-30,70.23,70.29,68.84,69.0,9274700
SBERP,2014-07-01,69.1,69.2,68.31,68.56,7386900
SBERP,2014-07-02,68.5,69.55,68.45,69.4,8369100
SBERP,2014-07-03,69.6,70.0,69.11,69.14,11043300
SBERP,2014-07-04,69.4,69.43,68.0,68.02,5689100
SBERP,2014-07-07,69.1,69.35,68.0,69.3,8326100
SBERP,2014-07-08,69.02,69.98,68.73,69.02,13219300
SBERP,2014-07-09,68.89,68.99,65.83,68.7,8534300
SBERP,2014-07-10,68.99,69.32,66.8,67.29,10719200
SBERP,2014-07-11,67.49,68.58,67.22,68.5,15167000
SBERP,2014-07-14,69.0,69.0,67.7,68.0,7302500
SBERP,2014-07-15,68.2,68.2,67.12,67.41,7920900
SBERP,2014-07-16,67.27,68.1,66.97,67.74,6517900
SBERP,2014-07-17,67.61,67.65,65.55,65.55,13779700
SBERP,2014-07-18,64.2,64.65,63.53,63.7,19193200
SBERP,2014-07-21,63.96,63.96,60.71,60.9,20340300
SBERP,2014-07-22,61.4,62.98,61.32,62.71,13526800
SBERP,2014-07-23,62.85,63.49,61.13,61.76,15026600
SBERP,2014-07-24,61.45,62.02,61.0,61.8,15928800
SBERP,2014-07-25,61.64,61.8,60.18,61.0,24502700
SBERP,2014-07-28,60.9,60.9,57.12,57.67,28749900
SBERP,2014-07-29,57.4,58.08,55.61,57.17,46552400
SBERP,2014-07-30,56.87,58.75,56.38,57.74,29841100
SBERP,2014-07-31,57.92,58.6,56.47,57.15,25773300
SBERP,2014-08-01,56.9,57.46,55.26,57.13,33622200
SBERP,2014-08-04,57.2,58.02,56.14,56.58,16926600
SBERP,2014-08-05,57.0,57.25,55.67,56.25,12227300
SBERP,2014-08-06,55.98,55.98,52.35,52.64,52966000
SBERP,2014-08-07,50.1,53.49,50.1,52.7,60100000
SBERP,2014-08-08,52.51,54.27,52.28,53.7,30962300
SBERP,2014-08-11,55.0,57.2,54.99,57.1,31852300
SBERP,2014-08-12,57.2,57.49,55.72,56.1,20149300
SBERP,2014-08-13,56.1,57.13,56.0,56.96,14559200
SBERP,2014-08-14,56.99,57.62,56.33,56.57,22492100
SBERP,2014-08-15,56.7,57.52,56.23,57.09,16763400
SBERP,2014-08-18,57.06,57.88,56.65,56.8,15615600
SBERP,2014-08-19,57.5,57.54,56.8,56.97,12297800
SBERP,2014-08-20,56.75,57.8,56.47,57.79,15569300
SBERP,2014-08-21,57.71,59.59,57.63,59.17,19376600
SBERP,2014-08-22,59.3,59.57,56.9,57.96,25506400
SBERP,2014-08-25,58.01,59.02,58.01,58.75,12825900
SBERP,2014-08-26,58.85,59.18,57.57,57.95,16656400
SBERP,2014-08-27,58.27,58.4,57.7,58.1,9564100
SBERP,2014-08-28,57.95,57.95,55.51,55.85,28990200
SBERP,2014-08-29,55.69,56.05,54.73,55.13,19773600
SBERP,2014-09-01,55.49,55.92,54.17,54.65,28837900
SBERP,2014-09-02,54.61,55.1,54.44,55.09,16026800
SBERP,2014-09-03,55.4,58.66,55.05,58.64,49822400
SBERP,2014-09-04,58.55,59.87,57.6,59.39,27593200
SBERP,2014-09-05,59.0,61.23,58.3,60.68,24749900
SBERP,2014-09-08,60.28,60.51,59.73,60.33,21889900
SBERP,2014-09-09,60.05,62.17,60.05,61.6,21288500
SBERP,2014-09-10,61.21,61.5,60.86,61.16,11384400
SBERP,2014-09-11,61.46,61.8,59.12,59.68,22871500
SBERP,2014-09-12,59.32,60.23,58.25,59.2,26162300
SBERP,2014-09-15,58.7,59.61,58.3,58.8,18774300
SBERP,2014-09-16,58.87,60.42,58.79,60.39,14346900
SBERP,2014-09-17,60.25,61.3,58.51,60.29,25654400
SBERP,2014-09-18,60.63,60.63,58.93,59.27,10623900
SBERP,2014-09-19,59.29,59.48,57.66,58.0,14762800
SBERP,2014-09-22,57.77,58.19,56.93,57.15,13765900
SBERP,2014-09-23,57.28,58.18,57.08,57.86,17818900
SBERP,2014-09-24,58.01,59.03,58.01,58.59,21668200
SBERP,2014-09-25,59.0,59.46,58.53,58.63,11448600
SBERP,2014-09-26,58.2,58.7,57.67,58.62,6934900
SBERP,2014-09-29,59.0,59.1,57.3,57.3,10549300
SBERP,2014-09-30,57.58,58.25,57.17,57.75,11376900
SBERP,2014-10-01,56.95,57.99,56.52,56.52,11194800
SBERP,2014-10-02,56.28,56.68,55.1,55.3,12964400
SBERP,2014-10-03,56.0,56.15,55.16,55.37,11484900
SBERP,2014-10-06,55.89,57.38,55.69,57.3,15091000
SBERP,2014-10-07,57.2,57.61,56.38,56.5,16925400
SBERP,2014-10-08,55.99,56.3,55.4,55.45,10662400
SBERP,2014-10-09,56.2,56.69,55.65,55.65,19225600
SBERP,2014-10-10,55.0,55.85,54.72,55.5,13590200
SBERP,2014-10-13,55.19,56.59,55.19,56.21,12216000
SBERP,2014-10-14,55.73,56.74,55.73,56.08,15476100
SBERP,2014-10-15,55.84,56.1,55.08,55.2,12149000
SBERP,2014-10-16,55.74,55.77,53.81,53.81,16948200
SBERP,2014-10-17,54.35,55.58,54.21,55.4,11852500
SBERP,2014-10-20,56.34,56.34,54.96,55.28,13738300
SBERP,2014-10-21,55.01,57.3,54.61,57.3,21730000
SBERP,2014-10-22,57.4,57.87,56.61,56.78,19875000
SBERP,2014-10-23,56.4,56.92,55.5,56.4,12246300
SBERP,2014-10-24,56.0,56.59,55.73,56.5,9203400
SBERP,2014-10-27,57.12,57.8,56.5,57.26,10170900
SBERP,2014-10-28,57.28,58.12,56.76,57.9,14084200
SBERP,2014-10-29,57.76,58.32,57.47,57.56,15841400
SBERP,2014-10-30,57.3,57.54,55.9,56.65,32103100
SBERP,2014-10-31,57.0,57.68,56.65,56.9,21277400
SBERP,2014-11-03,56.83,56.87,55.95,56.18,11879600
SBERP,2014-11-05,55.92,55.94,54.56,55.07,31069400
SBERP,2014-11-06,55.12,55.74,54.06,54.3,18570200
SBERP,2014-11-07,54.17,55.99,53.64,55.99,41703700
SBERP,2014-11-10,56.28,57.5,56.16,57.16,21160200
SBERP,2014-11-11,57.17,57.97,56.6,56.85,23238200
SBERP,2014-11-12,57.5,57.5,55.46,55.71,23274400
SBERP,2014-11-13,55.74,55.79,53.97,54.2,47217100
SBERP,2014-11-14,54.0,54.0,52.81,53.35,39179200
SBERP,2014-11-17,53.21,53.41,52.72,52.88,26092300
SBERP,2014-11-18,53.07,54.49,52.97,54.25,27180200
SBERP,2014-11-19,54.08,54.7,53.41,53.52,24481000
SBERP,2014-11-20,53.46,54.09,53.17,53.97,18646700
SBERP,2014-11-21,54.12,55.12,53.78,54.92,23632700
SBERP,2014-11-24,54.97,55.59,53.99,54.21,23322900
SBERP,2014-11-25,54.37,54.5,53.82,53.94,13294400
SBERP,2014-11-26,53.76,54.18,53.25,53.58,20889600
SBERP,2014-11-27,53.39,53.77,52.89,52.97,19686200
SBERP,2014-11-28,52.51,52.74,51.8,52.25,19751800
SBERP,2014-12-01,51.91,52.77,51.64,52.25,36665300
SBERP,2014-12-02,52.86,52.88,51.53,51.73,21764200
SBERP,2014-12-03,51.81,52.32,51.54,51.99,19560700
SBERP,2014-12-04,52.15,53.66,51.15,51.3,38648700
SBERP,2014-12-05,50.61,51.73,50.18,50.35,23084100
SBERP,2014-12-08,50.5,51.23,48.04,48.45,40204200
SBERP,2014-12-09,48.3,49.9,46.27,49.3,42581500
SBERP,2014-12-10,50.39,51.13,49.12,50.5,28857300
SBERP,2014-12-11,50.52,50.84,48.17,48.6,28690200
SBERP,2014-12-12,48.3,48.49,46.75,46.76,26180300
SBERP,2014-12-15,47.02,47.7,44.5,44.67,43568900
SBERP,2014-12-16,43.5,45.62,36.54,40.39,74867600
SBERP,2014-12-17,40.85,43.5,39.07,42.32,71611200
SBERP,2014-12-18,43.85,46.2,43.02,44.57,53538800
SBERP,2014-12-19,44.59,44.6,40.1,41.91,51937500
SBERP,2014-12-22,42.99,43.64,41.13,41.55,40506300
SBERP,2014-12-23,41.75,41.85,38.34,39.0,48374800
SBERP,2014-12-24,38.8,39.24,37.66,38.54,46492400
SBERP,2014-12-25,38.8,40.7,38.48,40.47,23623900
SBERP,2014-12-26,40.71,41.41,39.32,39.53,23976100
SBERP,2014-12-29,39.3,40.18,38.13,38.5,18955300
SBERP,2014-12-30,38.01,38.92,36.62,37.7,21329500
SBERP,2015-01-05,37.0,38.82,36.9,38.59,10319500
SBERP,2015-01-06,38.25,39.63,37.82,39.5,15149400
SBERP,2015-01-08,39.95,45.11,39.81,43.75,37830900
SBERP,2015-01-09,43.7,44.66,42.15,42.9,19619300
SBERP,2015-01-12,42.49,43.39,41.63,42.41,19344100
SBERP,2015-01-13,42.0,42.2,40.5,40.82,20500200
SBERP,2015-01-14,40.9,41.8,40.62,41.5,16946800
SBERP,2015-01-15,42.19,43.06,41.6,41.7,21974200
SBERP,2015-01-16,41.64,42.55,41.14,42.03,16353200
SBERP,2015-01-19,42.0,43.6,41.84,42.09,20449800
SBERP,2015-01-20,42.65,42.65,41.37,42.24,17161400
SBERP,2015-01-21,42.51,43.5,42.37,43.29,21127900
SBERP,2015-01-22,43.52,44.94,43.24,44.8,23588300
SBERP,2015-01-23,45.12,47.0,45.12,45.94,31593600
SBERP,2015-01-26,45.25,45.45,42.87,42.88,30833600
SBERP,2015-01-27,41.99,44.22,41.07,43.8,27255600
SBERP,2015-01-28,44.13,44.79,43.14,43.15,16916100
SBERP,2015-01-29,43.05,44.07,42.7,43.39,17527300
SBERP,2015-01-30,43.79,43.84,42.5,43.84,21732500
SBERP,2015-02-02,44.42,44.69,42.31,42.7,33764000
SBERP,2015-02-03,43.29,43.54,42.35,43.23,18103100
SBERP,2015-02-04,43.5,43.6,42.5,42.51,12467000
SBERP,2015-02-05,42.3,43.54,41.89,43.5,18031700
SBERP,2015-02-06,43.67,44.93,43.43,44.7,23421000
SBERP,2015-02-09,44.92,46.61,44.39,45.6,26859200
SBERP,2015-02-10,45.14,46.4,44.91,45.28,17247300
SBERP,2015-02-11,46.18,46.45,45.62,45.93,14694800
SBERP,2015-02-12,46.44,49.25,45.51,48.68,52079000
SBERP,2015-02-13,49.0,52.77,49.0,52.77,45433900
SBERP,2015-02-16,52.77,54.0,51.72,52.7,32622300
SBERP,2015-02-17,52.7,54.84,51.77,53.0,38408800
SBERP,2015-02-18,53.55,55.54,53.36,55.5,28274600
SBERP,2015-02-19,54.83,55.5,52.9,53.19,29350600
SBERP,2015-02-20,53.69,54.33,53.05,54.09,15997800
SBERP,2015-02-24,51.92,53.21,51.7,52.67,20799600
SBERP,2015-02-25,52.86,53.2,51.52,52.36,14464800
SBERP,2015-02-26,53.0,54.6,52.9,54.45,19307700
SBERP,2015-02-27,54.2,54.83,53.6,53.7,15276500
SBERP,2015-03-02,53.82,54.79,53.77,54.1,9306600
SBERP,2015-03-03,54.55,55.38,53.6,54.15,16490700
SBERP,2015-03-04,54.26,54.5,52.88,52.91,15253000
SBERP,2015-03-05,52.76,54.3,52.57,53.5,19311100
SBERP,2015-03-06,53.72,54.42,52.87,53.36,13112600
SBERP,2015-03-10,52.9,52.96,50.5,50.77,14784400
SBERP,2015-03-11,50.3,51.49,49.74,50.45,17806300
SBERP,2015-03-12,52.09,52.09,49.68,49.95,14123700
SBERP,2015-03-13,50.0,50.35,48.35,48.6,16210000
SBERP,2015-03-16,48.16,48.74,46.75,46.91,15263900
SBERP,2015-03-17,47.3,47.83,45.75,46.27,16455000
SBERP,2015-03-18,46.72,47.7,46.3,47.0,14779800
SBERP,2015-03-19,48.19,48.4,46.4,46.55,18171200
SBERP,2015-03-20,46.55,47.83,46.11,47.51,21248800
SBERP,2015-03-23,47.85,48.2,45.93,46.1,20378200
SBERP,2015-03-24,46.0,46.94,45.25,45.71,21080900
SBERP,2015-03-25,46.31,46.31,45.28,45.8,10362200
SBERP,2015-03-26,46.21,46.5,44.45,44.65,14499100
SBERP,2015-03-27,44.59,45.6,44.07,44.15,18795100
SBERP,2015-03-30,44.15,46.08,44.0,46.03,14099200
SBERP,2015-03-31,46.74,46.74,44.77,45.63,11290100
SBERP,2015-04-01,45.46,47.55,45.11,47.3,19442100
SBERP,2015-04-02,47.33,48.94,47.0,48.9,18673800
SBERP,2015-04-03,49.01,49.41,48.33,48.86,13281500
SBERP,2015-04-06,49.25,50.7,48.98,50.62,15777200
SBERP,2015-04-07,50.65,51.47,50.02,51.35,30548200
SBERP,2015-04-08,51.33,51.4,50.2,50.7,16365700
SBERP,2015-04-09,50.75,51.89,50.39,51.8,27358400
SBERP,2015-04-10,51.9,52.36,51.5,51.97,25696700
SBERP,2015-04-13,51.98,54.03,51.98,53.5,23000600
SBERP,2015-04-14,53.48,54.08,53.01,53.95,13739200
SBERP,2015-04-15,54.03,54.53,53.7,54.41,22712200
SBERP,2015-04-16,54.78,54.99,53.06,54.5,32336400
SBERP,2015-04-17,54.5,54.87,50.11,50.11,37519600
SBERP,2015-04-20,50.05,50.87,48.4,49.29,44374900
SBERP,2015-04-21,49.5,50.69,48.6,50.69,34031900
SBERP,2015-04-22,50.6,50.6,48.8,49.47,22853100
SBERP,2015-04-23,49.6,51.29,48.38,50.44,31427800
SBERP,2015-04-24,50.5,51.44,49.94,50.88,22302600
SBERP,2015-04-27,51.0,52.04,49.73,51.22,27755100
SBERP,2015-04-28,50.95,51.14,49.84,50.39,13854500
SBERP,2015-04-29,50.34,50.75,49.63,49.71,14991900
SBERP,2015-04-30,49.69,50.18,48.99,50.0,22517700
SBERP,2015-05-05,49.98,52.27,49.83,52.0,27448700
SBERP,2015-05-06,52.1,53.22,52.02,52.28,26853700
SBERP,2015-05-07,52.0,52.03,49.86,50.72,20201600
SBERP,2015-05-08,50.5,51.07,50.33,50.79,12383600
SBERP,2015-05-12,50.35,51.34,49.28,49.43,22596000
SBERP,2015-05-13,48.61,50.48,48.51,50.0,24199800
SBERP,2015-05-14,50.08,50.77,49.13,50.3,15662100
SBERP,2015-05-15,50.23,50.53,49.51,50.36,13324600
SBERP,2015-05-18,50.55,50.64,49.82,50.45,14707400
SBERP,2015-05-19,50.51,50.51,49.4,49.68,14681200
SBERP,2015-05-20,49.55,49.68,48.45,48.95,15600600
SBERP,2015-05-21,49.07,49.82,48.47,49.66,18493700
SBERP,2015-05-22,49.8,50.05,49.01,49.3,12185800
SBERP,2015-05-25,49.3,49.47,47.9,49.05,18659600
SBERP,2015-05-26,49.0,50.27,48.63,48.97,23669900
SBERP,2015-05-27,48.94,48.94,47.73,47.8,23197500
SBERP,2015-05-28,47.73,48.5,47.51,47.54,19126400
SBERP,2015-05-29,47.73,49.13,47.32,48.25,71577200
SBERP,2015-06-01,48.21,48.58,47.32,48.03,24171100
SBERP,2015-06-02,48.39,49.46,47.67,49.2,19485000
SBERP,2015-06-03,49.34,49.64,47.93,48.11,19305500
SBERP,2015-06-04,48.0,48.14,47.05,47.64,20410300
SBERP,2015-06-05,47.54,48.57,47.31,47.85,14922300
SBERP,2015-06-08,48.05,48.4,47.45,47.56,11915300
SBERP,2015-06-09,47.84,47.84,46.66,47.31,17138200
SBERP,2015-06-10,47.5,48.33,47.5,48.31,13824000
SBERP,2015-06-11,48.0,48.37,47.42,48.2,12433800
SBERP,2015-06-15,48.0,49.09,47.78,49.05,15081100
SBERP,2015-06-16,49.02,50.85,48.82,50.85,26357500
SBERP,2015-06-17,50.7,51.37,49.51,49.61,20586700
SBERP,2015-06-18,49.81,50.64,49.56,49.84,8194500
SBERP,2015-06-19,49.82,50.19,48.7,49.12,10040500
SBERP,2015-06-22,49.21,49.78,49.01,49.14,10520400
SBERP,2015-06-23,49.3,49.64,48.83,49.54,5650800
SBERP,2015-06-24,49.27,50.21,48.97,50.04,11195800
SBERP,2015-06-25,50.0,50.35,49.43,49.73,12874200
SBERP,2015-06-26,49.5,54.29,48.21,49.42,20590400
SBERP,2015-06-29,48.65,48.97,47.8,47.9,21340600
SBERP,2015-06-30,48.3,48.45,47.47,48.32,18954800
SBERP,2015-07-01,48.4,48.65,47.71,47.92,16214600
SBERP,2015-07-02,47.99,48.24,47.42,47.95,10041000
SBERP,2015-07-03,48.1,48.3,47.57,48.15,6345800
SBERP,2015-07-06,47.7,48.1,46.5,46.55,12970100
SBERP,2015-07-07,46.51,47.39,46.51,47.3,9181800
SBERP,2015-07-08,47.14,47.37,46.0,46.67,12540100
SBERP,2015-07-09,46.86,48.38,46.84,48.38,12522600
SBERP,2015-07-10,48.75,49.37,48.52,49.15,18531400
SBERP,2015-07-13,48.99,49.97,48.92,49.95,7674800
SBERP,2015-07-14,49.94,51.03,49.73,50.66,17631300
SBERP,2015-07-15,50.82,51.08,50.25,50.7,6431300
SBERP,2015-07-16,50.8,51.06,50.4,50.7,6322000
SBERP,2015-07-17,50.75,51.36,50.41,51.05,9444200
SBERP,2015-07-20,51.0,51.21,50.17,50.7,6959000
SBERP,2015-07-21,50.62,51.84,50.4,51.5,13007400
SBERP,2015-07-22,51.5,51.82,51.06,51.65,7968500
SBERP,2015-07-23,51.4,51.7,50.55,50.76,7809300
SBERP,2015-07-24,50.64,50.75,49.16,49.26,13341800
SBERP,2015-07-27,49.38,49.42,47.12,48.4,15067800
SBERP,2015-07-28,48.4,49.7,47.79,48.9,11950200
SBERP,2015-07-29,49.0,50.95,48.9,50.51,15904900
SBERP,2015-07-30,50.86,51.38,50.2,50.9,8773900
SBERP,2015-07-31,50.9,51.5,49.85,51.39,13525200
SBERP,2015-08-03,50.95,51.22,50.37,50.83,7914100
SBERP,2015-08-04,50.55,51.68,50.55,51.67,7839300
SBERP,2015-08-05,51.88,53.1,51.83,52.76,19250700
SBERP,2015-08-06,52.7,52.88,51.8,51.89,6749700
SBERP,2015-08-07,52.06,53.2,52.06,53.07,8110300
SBERP,2015-08-10,53.02,53.96,52.73,53.95,9369600
SBERP,2015-08-11,53.9,54.54,52.87,52.9,11112500
SBERP,2015-08-12,52.89,53.87,52.42,53.18,9254800
SBERP,2015-08-13,53.6,53.9,53.0,53.43,7538200
SBERP,2015-08-14,53.12,54.38,53.12,54.1,7948800
SBERP,2015-08-17,53.98,54.25,53.03,53.34,8264700
SBERP,2015-08-18,53.18,53.75,52.72,53.23,8220800
SBERP,2015-08-19,53.08,53.86,51.65,51.66,11884700
SBERP,2015-08-20,51.41,52.67,51.16,52.5,11156100
SBERP,2015-08-21,51.7,52.28,50.65,50.75,13281000
SBERP,2015-08-24,49.95,50.16,49.05,49.84,25596800
SBERP,2015-08-25,49.81,51.4,49.81,51.36,17144500
SBERP,2015-08-26,51.36,52.55,50.65,52.06,12891500
SBERP,2015-08-27,52.57,53.53,52.42,53.53,12191500
SBERP,2015-08-28,53.72,54.07,52.82,53.98,13342200
SBERP,2015-08-31,53.51,54.34,53.12,54.34,9465100
SBERP,2015-09-01,54.36,54.95,53.22,53.56,14219900
SBERP,2015-09-02,53.11,54.7,53.11,54.32,13247400
SBERP,2015-09-03,54.41,54.55,53.24,53.53,17349300
SBERP,2015-09-04,53.35,53.74,53.02,53.31,5700300
SBERP,2015-09-07,53.08,53.56,53.08,53.16,2843900
SBERP,2015-09-08,53.33,54.17,52.82,53.38,10601900
SBERP,2015-09-09,53.8,54.35,53.51,53.89,8543000
SBERP,2015-09-10,53.35,54.1,53.26,53.7,6775100
SBERP,2015-09-11,54.05,54.05,53.38,53.5,5686000
SBERP,2015-09-14,53.69,54.72,53.53,54.58,10687600
SBERP,2015-09-15,54.56,54.71,54.04,54.47,6515700
SBERP,2015-09-16,54.69,56.23,54.55,56.17,12686600
SBERP,2015-09-17,56.39,56.99,55.66,56.56,11455000
SBERP,2015-09-18,56.45,56.96,55.61,56.37,8731700
SBERP,2015-09-21,56.3,57.48,56.09,56.94,6997900
SBERP,2015-09-22,56.94,57.04,55.62,56.0,15813800
SBERP,2015-09-23,55.9,56.53,54.57,55.6,14859300
SBERP,2015-09-24,55.52,55.59,54.62,55.18,7134100
SBERP,2015-09-25,55.5,57.37,55.25,57.25,14095900
SBERP,2015-09-28,57.3,58.19,57.02,57.44,16178000
SBERP,2015-09-29,57.08,57.69,56.42,56.87,11478100
SBERP,2015-09-30,56.95,58.14,56.74,58.05,11411400
SBERP,2015-10-01,58.43,58.88,56.73,56.88,9433800
SBERP,2015-10-02,57.0,57.31,56.21,57.25,7096200
SBERP,2015-10-05,57.88,58.81,57.26,58.4,8608400
SBERP,2015-10-06,58.5,59.08,57.9,58.95,14072800
SBERP,2015-10-07,59.1,62.01,59.08,61.8,39399100
SBERP,2015-10-08,61.47,64.43,60.78,64.24,30445300
SBERP,2015-10-09,64.42,66.12,64.42,66.0,26665300
SBERP,2015-10-12,65.7,66.76,65.0,65.75,15537300
SBERP,2015-10-13,65.49,65.91,65.0,65.55,10546200
SBERP,2015-10-14,65.07,66.33,64.7,65.75,14242200
SBERP,2015-10-15,66.09,68.28,66.01,67.25,18459100
SBERP,2015-10-16,67.67,68.69,67.4,67.99,13685000
SBERP,2015-10-19,67.87,68.0,64.94,65.8,15914100
SBERP,2015-10-20,65.88,66.58,65.04,65.23,12257000
SBERP,2015-10-21,65.37,65.46,63.2,63.86,15562800
SBERP,2015-10-22,63.37,64.4,63.07,64.19,7561300
SBERP,2015-10-23,64.69,67.47,64.32,66.75,18230800
SBERP,2015-10-26,67.0,68.37,65.88,67.26,12842800
SBERP,2015-10-27,66.98,66.98,64.9,65.2,9595900
SBERP,2015-10-28,65.2,67.5,64.18,67.05,14058500
SBERP,2015-10-29,67.0,68.2,66.63,67.06,18394100
SBERP,2015-10-30,66.65,68.49,66.65,68.49,10868900
SBERP,2015-11-02,68.0,69.88,68.0,69.45,14796400
SBERP,2015-11-03,69.75,70.61,69.42,69.95,16806500
SBERP,2015-11-05,69.52,71.34,68.89,70.35,19713700
SBERP,2015-11-06,70.35,70.57,68.35,68.5,10376300
SBERP,2015-11-09,68.55,69.25,67.21,67.95,11696200
SBERP,2015-11-10,67.6,68.3,66.87,68.06,10889500
SBERP,2015-11-11,68.07,68.68,67.25,67.5,9721200
SBERP,2015-11-12,67.2,68.38,66.91,68.3,5957600
SBERP,2015-11-13,67.98,69.9,67.45,69.37,15028700
SBERP,2015-11-16,69.17,71.48,69.1,71.3,11397500
SBERP,2015-11-17,71.7,75.0,71.7,75.0,21554100
SBERP,2015-11-18,75.49,76.7,74.65,76.1,16453400
SBERP,2015-11-19,76.2,79.36,74.82,76.5,19263600
SBERP,2015-11-20,76.31,77.74,75.12,77.24,13025400
SBERP,2015-11-23,76.6,80.14,76.38,79.6,12475600
SBERP,2015-11-24,79.96,80.3,75.84,76.35,16491200
SBERP,2015-11-25,76.5,78.78,76.5,78.45,7826600
SBERP,2015-11-26,78.75,78.94,76.81,77.89,9946700
SBERP,2015-11-27,77.4,77.98,76.3,77.8,8559000
SBERP,2015-11-30,77.61,79.08,75.76,76.2,12383500
SBERP,2015-12-01,76.68,76.85,74.06,74.5,11913200
SBERP,2015-12-02,74.8,75.97,74.08,74.5,7893300
SBERP,2015-12-03,74.44,75.47,73.62,75.0,13531700
SBERP,2015-12-04,75.0,75.76,72.1,72.81,12175500
SBERP,2015-12-07,73.0,74.62,72.9,73.99,9221200
SBERP,2015-12-08,73.51,73.86,70.5,71.0,13962200
SBERP,2015-12-09,71.22,72.95,70.52,72.85,10297500
SBERP,2015-12-10,72.4,73.79,71.9,72.61,5771800
SBERP,2015-12-11,72.35,72.61,70.71,71.21,6169200
SBERP,2015-12-14,70.51,70.92,68.12,69.1,26137900
SBERP,2015-12-15,69.84,71.67,69.06,71.4,15173600
SBERP,2015-12-16,71.3,73.45,71.25,72.5,11887700
SBERP,2015-12-17,72.8,74.9,72.61,73.7,14600500
SBERP,2015-12-18,73.0,73.12,68.24,68.24,24963400
SBERP,2015-12-21,68.8,71.5,68.76,70.7,26573800
SBERP,2015-12-22,71.35,72.47,71.16,72.45,9762800
SBERP,2015-12-23,72.34,75.67,72.34,75.67,21169400
SBERP,2015-12-24,76.2,76.6,74.33,75.88,21041900
SBERP,2015-12-25,76.27,76.36,74.6,75.26,5465600
SBERP,2015-12-28,75.02,75.8,74.43,75.25,5992800
SBERP,2015-12-29,75.4,77.11,75.13,76.85,10532100
SBERP,2015-12-30,76.8,76.83,76.0,76.5,5575200
SBERP,2016-01-04,76.86,76.86,73.0,73.88,7121500
SBERP,2016-01-05,73.9,74.46,73.06,74.23,6040300
SBERP,2016-01-06,73.99,75.5,72.42,72.62,10795500
SBERP,2016-01-11,70.5,71.01,69.07,69.11,17043900
SBERP,2016-01-12,68.01,70.08,66.84,69.32,14733400
SBERP,2016-01-13,69.96,70.99,69.7,70.6,11630900
SBERP,2016-01-14,69.72,70.65,69.31,70.57,12098400
SBERP,2016-01-15,70.17,70.8,66.73,66.8,17802400
SBERP,2016-01-18,66.1,67.42,65.5,66.33,12666500
SBERP,2016-01-19,67.0,68.54,65.35,66.1,14127100
SBERP,2016-01-20,65.0,65.25,63.51,63.55,17896900
SBERP,2016-01-21,63.64,65.68,63.45,65.39,18033600
SBERP,2016-01-22,67.4,69.5,66.7,68.75,18495900
SBERP,2016-01-25,70.0,70.0,65.7,66.75,18092800
SBERP,2016-01-26,65.8,67.4,65.13,67.21,15292400
SBERP,2016-01-27,67.25,69.27,66.98,68.8,15683100
SBERP,2016-01-28,68.99,70.21,67.36,68.89,29012000
SBERP,2016-01-29,69.66,70.45,68.02,68.5,16849500
SBERP,2016-02-01,68.9,69.67,67.72,69.5,14218400
SBERP,2016-02-02,69.0,70.11,67.17,67.96,17140800
SBERP,2016-02-03,67.48,69.1,67.4,68.25,11741800
SBERP,2016-02-04,69.8,71.4,69.29,70.79,21634500
SBERP,2016-02-05,70.59,71.2,70.01,70.89,10737600
SBERP,2016-02-08,71.1,71.8,68.61,69.06,14418200
SBERP,2016-02-09,68.66,69.8,68.2,68.65,8860300
SBERP,2016-02-10,68.89,70.33,68.03,70.11,8780400
SBERP,2016-02-11,69.5,69.84,67.51,68.28,10511300
SBERP,2016-02-12,68.95,69.63,68.45,69.3,8457600
SBERP,2016-02-15,69.9,70.5,69.29,69.32,7181100
SBERP,2016-02-16,70.01,70.49,69.07,69.62,7747600
SBERP,2016-02-17,69.8,71.68,69.42,71.29,9992800
SBERP,2016-02-18,71.93,73.38,71.72,73.25,15055600
SBERP,2016-02-19,72.48,73.37,71.61,71.93,10120000
SBERP,2016-02-20,72.0,72.69,72.0,72.63,1506300
SBERP,2016-02-22,72.82,73.78,72.51,73.6,4279200
SBERP,2016-02-24,72.8,73.0,71.81,72.34,6212500
SBERP,2016-02-25,72.7,74.04,71.8,73.76,9528900
SBERP,2016-02-26,74.31,75.69,74.2,75.21,10765400
SBERP,2016-02-29,74.7,76.9,74.35,76.9,7272200
SBERP,2016-03-01,77.04,77.95,76.63,77.31,8745800
SBERP,2016-03-02,78.2,78.29,75.2,75.2,7729200
SBERP,2016-03-03,75.5,76.59,75.0,75.8,6697900
SBERP,2016-03-04,76.1,76.87,75.7,76.82,6207000
SBERP,2016-03-07,77.4,77.84,77.15,77.82,4651000
SBERP,2016-03-09,77.5,77.6,76.03,76.51,8666000
SBERP,2016-03-10,76.06,77.21,75.55,75.56,11005400
SBERP,2016-03-11,76.0,77.76,75.83,77.03,15209600
SBERP,2016-03-14,77.2,77.2,75.77,76.8,7800800
SBERP,2016-03-15,77.13,77.5,75.62,75.62,12426000
SBERP,2016-03-16,75.9,77.4,75.86,77.0,11037800
SBERP,2016-03-17,77.56,78.74,77.3,78.45,17189500
SBERP,2016-03-18,78.35,80.17,78.1,79.7,12663800
SBERP,2016-03-21,79.3,79.84,78.33,79.81,10571200
SBERP,2016-03-22,79.71,80.64,79.01,80.03,11547100
SBERP,2016-03-23,79.5,80.3,78.34,78.93,10478200
SBERP,2016-03-24,78.41,78.92,77.91,78.75,8676500
SBERP,2016-03-25,78.77,79.8,78.77,79.65,3639600
SBERP,2016-03-28,79.88,80.25,78.47,78.65,5136400
SBERP,2016-03-29,78.28,78.75,76.76,77.6,7475900
SBERP,2016-03-30,78.37,79.4,78.14,79.09,5284900
SBERP,2016-03-31,78.68,79.29,77.51,79.09,9516600
SBERP,2016-04-01,78.35,78.49,77.0,77.29,11544300
SBERP,2016-04-04,77.36,77.77,75.35,76.26,17399500
SBERP,2016-04-05,75.49,75.49,74.12,75.13,10229100
SBERP,2016-04-06,75.51,76.43,75.03,76.1,9452400
SBERP,2016-04-07,76.76,77.41,76.12,76.8,10246200
SBERP,2016-04-08,77.37,79.21,76.92,78.75,14241200
SBERP,2016-04-11,78.75,82.0,78.59,81.85,25964400
SBERP,2016-04-12,82.0,83.04,80.67,81.92,14485700
SBERP,2016-04-13,82.04,82.68,81.29,82.45,12056500
SBERP,2016-04-14,82.05,82.43,80.8,81.2,10746700
SBERP,2016-04-15,81.16,81.49,80.35,80.84,10254000
SBERP,2016-04-18,79.12,81.31,78.93,81.07,18838100
SBERP,2016-04-19,81.49,84.44,81.49,82.8,13954500
SBERP,2016-04-20,82.02,84.08,82.0,83.88,10336600
SBERP,2016-04-21,84.46,84.92,81.99,82.95,20430400
SBERP,2016-04-22,82.97,84.35,82.3,84.08,10932900
SBERP,2016-04-25,83.62,84.18,82.75,82.85,7720400
SBERP,2016-04-26,82.9,82.9,80.84,82.37,11304300
SBERP,2016-04-27,82.61,84.0,82.31,83.09,10660200
SBERP,2016-04-28,83.3,84.53,82.56,83.91,10463700
SBERP,2016-04-29,83.98,84.99,83.0,84.0,13425700
SBERP,2016-05-04,82.5,83.3,81.28,82.08,6393600
SBERP,2016-05-05,82.16,83.25,81.92,82.5,4992300
SBERP,2016-05-06,81.72,83.17,81.22,82.78,6394700
SBERP,2016-05-10,82.04,83.16,81.24,82.25,4972000
SBERP,2016-05-11,82.4,84.0,81.48,84.0,7072000
SBERP,2016-05-12,84.0,84.68,82.6,83.08,6544900
SBERP,2016-05-13,83.17,83.48,81.55,83.1,5576500
SBERP,2016-05-16,83.83,84.5,83.25,83.72,3388700
SBERP,2016-05-17,84.0,84.24,82.37,83.83,6619400
SBERP,2016-05-18,83.5,84.39,83.13,84.05,5054500
SBERP,2016-05-19,83.15,83.64,82.0,82.07,11100700
SBERP,2016-05-20,82.71,83.0,81.8,82.92,8929400
SBERP,2016-05-23,82.39,82.85,81.71,82.6,2994000
SBERP,2016-05-24,82.55,84.0,82.25,83.43,4474400
SBERP,2016-05-25,84.15,85.61,84.09,84.9,11923500
SBERP,2016-05-26,85.79,87.7,84.7,87.4,17743100
SBERP,2016-05-27,87.05,89.17,86.74,88.56,16260800
SBERP,2016-05-30,88.66,89.91,87.98,89.83,8836700
SBERP,2016-05-31,90.05,93.44,88.96,91.5,34638400
SBERP,2016-06-01,91.23,92.2,90.83,90.86,14172300
SBERP,2016-06-02,90.63,91.4,89.45,91.25,8325200
SBERP,2016-06-03,91.6,91.91,89.89,90.24,7683600
SBERP,2016-06-06,90.61,92.5,90.61,92.14,9209600
SBERP,2016-06-07,92.02,97.49,91.92,97.21,20885000
SBERP,2016-06-08,97.9,99.23,96.3,97.44,13106700
SBERP,2016-06-09,97.44,98.2,95.85,97.78,7553900
SBERP,2016-06-10,95.96,96.1,93.39,93.75,9968400
SBERP,2016-06-14,92.34,92.76,85.48,88.75,21978700
SBERP,2016-06-15,88.41,90.92,87.13,90.44,10989100
SBERP,2016-06-16,89.7,89.81,87.05,88.0,10731800
SBERP,2016-06-17,88.66,90.4,88.62,89.54,5805000
SBERP,2016-06-20,91.0,92.38,90.56,90.95,7525600
SBERP,2016-06-21,90.8,91.29,89.28,90.51,6783200
SBERP,2016-06-22,91.69,92.65,90.67,91.85,5006300
SBERP,2016-06-23,91.7,95.69,91.08,95.61,12693900
SBERP,2016-06-24,90.01,92.38,89.42,91.01,16594500
SBERP,2016-06-27,92.0,92.08,86.0,87.0,16976600
SBERP,2016-06-28,88.02,88.94,86.09,88.46,9949600
SBERP,2016-06-29,88.9,90.42,88.9,90.35,7200500
SBERP,2016-06-30,90.2,91.24,88.33,90.0,8333300
SBERP,2016-07-01,90.0,90.95,88.88,90.8,7214800
SBERP,2016-07-04,90.9,91.9,89.77,90.73,9215900
SBERP,2016-07-05,90.0,90.64,88.88,89.0,5223400
SBERP,2016-07-06,88.7,89.21,87.0,88.26,7378500
SBERP,2016-07-07,88.8,90.7,88.55,90.16,6841800
SBERP,2016-07-08,89.56,91.8,89.01,91.51,9501100
SBERP,2016-07-11,91.86,94.47,91.7,92.7,8229700
SBERP,2016-07-12,93.39,94.94,92.91,94.81,5922300
SBERP,2016-07-13,94.6,96.7,93.5,96.44,18889100
SBERP,2016-07-14,96.52,97.5,95.28,96.99,6072800
SBERP,2016-07-15,96.51,96.94,94.85,96.0,9452100
SBERP,2016-07-18,96.0,96.9,95.34,96.5,4537300
SBERP,2016-07-19,97.06,97.95,96.1,96.51,6809000
SBERP,2016-07-20,96.71,97.63,95.63,97.37,7524600
SBERP,2016-07-21,97.51,97.87,95.7,97.1,3406200
SBERP,2016-07-22,96.47,97.1,96.19,96.4,2187400
SBERP,2016-07-25,96.98,96.99,94.7,95.2,6378000
SBERP,2016-07-26,95.23,95.72,93.6,95.1,5953400
SBERP,2016-07-27,95.29,95.91,94.64,94.99,5961200
SBERP,2016-07-28,94.9,96.26,94.5,95.9,8251000
SBERP,2016-07-29,96.0,98.91,95.36,98.8,13602700
SBERP,2016-08-01,99.81,99.93,97.4,98.41,8826800
SBERP,2016-08-02,98.7,98.85,96.4,96.58,8004500
SBERP,2016-08-03,96.5,97.42,95.63,97.0,7034000
SBERP,2016-08-04,98.0,98.0,96.63,97.23,3901700
SBERP,2016-08-05,97.01,98.2,97.01,97.51,6032300
SBERP,2016-08-08,98.29,98.9,97.1,98.45,7561200
SBERP,2016-08-09,97.88,99.51,97.88,99.0,5250900
SBERP,2016-08-10,98.72,99.44,98.0,98.0,3202500
SBERP,2016-08-11,98.14,99.5,97.89,99.39,5477700
SBERP,2016-08-12,99.78,100.27,98.8,98.8,4637600
SBERP,2016-08-15,99.3,99.63,98.8,99.13,3113900
SBERP,2016-08-16,99.13,100.19,98.21,99.31,4918000
SBERP,2016-08-17,98.51,99.06,97.72,98.95,4040200
SBERP,2016-08-18,99.23,99.87,97.83,98.85,4296200
SBERP,2016-08-19,99.06,99.32,97.41,98.4,3699000
SBERP,2016-08-22,97.87,99.49,97.21,99.15,6267800
SBERP,2016-08-23,98.95,101.13,98.61,100.8,5524000
SBERP,2016-08-24,100.33,100.85,99.56,100.3,5601100
SBERP,2016-08-25,100.3,102.81,100.08,102.8,6852800
SBERP,2016-08-26,103.0,104.77,102.76,104.09,6925000
SBERP,2016-08-29,103.01,103.74,102.52,103.6,2797300
SBERP,2016-08-30,103.7,104.42,102.34,102.45,4572000
SBERP,2016-08-31,102.43,102.76,101.4,101.97,5594300
SBERP,2016-09-01,102.67,103.5,102.19,103.32,3160300
SBERP,2016-09-02,103.2,104.6,102.37,104.15,5564500
SBERP,2016-09-05,104.53,106.45,104.27,105.97,4450400
SBERP,2016-09-06,106.3,107.96,105.45,107.96,4818800
SBERP,2016-09-07,108.09,111.61,108.0,110.9,9597200
SBERP,2016-09-08,111.85,112.65,108.6,109.07,10884500
SBERP,2016-09-09,108.4,108.5,107.21,107.66,4088000
SBERP,2016-09-12,106.47,107.8,105.67,107.51,4671700
SBERP,2016-09-13,107.6,108.14,105.98,106.97,4243700
SBERP,2016-09-14,107.38,108.07,106.36,106.93,4301400
SBERP,2016-09-15,106.7,107.55,106.3,107.31,7421000
SBERP,2016-09-16,107.57,108.11,105.26,106.06,6670600
SBERP,2016-09-19,106.97,107.77,106.3,107.0,3802400
SBERP,2016-09-20,106.65,107.4,105.55,107.29,2093200
SBERP,2016-09-21,107.42,109.13,107.42,108.45,4735300
SBERP,2016-09-22,109.48,111.55,109.22,111.47,5817800
SBERP,2016-09-23,111.0,111.59,108.7,109.38,4485900
SBERP,2016-09-26,108.98,110.46,108.2,109.26,4393900
SBERP,2016-09-27,109.91,109.91,108.28,108.75,2891600
SBERP,2016-09-28,108.98,109.89,108.45,109.2,2505000
SBERP,2016-09-29,110.97,111.26,108.83,109.0,6210200
SBERP,2016-09-30,107.9,107.9,105.5,105.82,5825700
SBERP,2016-10-03,106.77,109.0,106.07,108.55,6365000
SBERP,2016-10-04,108.73,108.9,106.87,107.82,4181700
SBERP,2016-10-05,107.82,108.87,106.9,108.68,3544000
SBERP,2016-10-06,108.78,111.29,108.55,111.01,7339100
SBERP,2016-10-07,111.0,112.21,110.46,111.22,6745800
SBERP,2016-10-10,111.09,114.25,110.61,113.4,6721600
SBERP,2016-10-11,113.59,114.99,113.2,113.9,5638000
SBERP,2016-10-12,114.1,114.1,111.86,112.32,4416400
SBERP,2016-10-13,111.84,112.45,110.6,110.65,4972900
SBERP,2016-10-14,111.34,111.69,109.8,110.6,6657500
SBERP,2016-10-17,110.89,111.29,109.41,110.19,6965500
SBERP,2016-10-18,110.61,111.44,110.26,110.92,4992100
SBERP,2016-10-19,111.11,112.1,110.77,111.86,4437000
SBERP,2016-10-20,111.99,113.14,111.36,111.37,5362400
SBERP,2016-10-21,111.0,112.4,110.71,111.75,2998700
SBERP,2016-10-24,112.05,113.32,111.8,112.2,5166200
SBERP,2016-10-25,112.9,113.37,112.53,112.82,6776000
SBERP,2016-10-26,112.6,112.83,111.15,111.48,4755700
SBERP,2016-10-27,111.3,112.5,111.3,112.11,3694100
SBERP,2016-10-28,112.4,112.45,111.41,112.44,1875800
SBERP,2016-10-31,111.8,112.5,111.25,111.59,2487800
SBERP,2016-11-01,111.64,112.79,110.22,110.22,2973300
SBERP,2016-11-02,109.5,110.84,107.6,107.6,4705300
SBERP,2016-11-03,107.71,108.71,106.52,106.52,4177600
SBERP,2016-11-07,106.71,108.2,106.04,106.4,3512300
SBERP,2016-11-08,107.0,107.69,105.32,106.76,4802000
SBERP,2016-11-09,105.0,110.73,104.4,110.48,9130000
SBERP,2016-11-10,110.81,112.34,110.2,111.8,9852600
SBERP,2016-11-11,111.55,114.01,110.79,113.49,8341300
SBERP,2016-11-14,113.61,114.33,112.38,113.21,4804200
SBERP,2016-11-15,113.15,113.46,110.81,111.65,4408400
SBERP,2016-11-16,112.06,112.91,111.31,111.65,2256700
SBERP,2016-11-17,111.25,112.02,109.6,110.28,4197100
SBERP,2016-11-18,110.2,111.87,110.17,111.25,2760800
SBERP,2016-11-21,111.5,112.48,111.37,111.95,3597800
SBERP,2016-11-22,112.46,113.88,112.2,113.81,5483400
SBERP,2016-11-23,114.0,114.85,113.72,114.5,3813100
SBERP,2016-11-24,114.5,118.35,114.49,118.24,5070300
SBERP,2016-11-25,118.35,119.86,117.08,118.0,5042800
SBERP,2016-11-28,117.8,118.34,116.25,117.03,3370800
SBERP,2016-11-29,117.37,118.61,115.7,115.7,4567100
SBERP,2016-11-30,116.08,117.79,115.76,116.08,4798700
SBERP,2016-12-01,117.43,117.45,115.2,115.4,4122100
SBERP,2016-12-02,115.4,116.62,114.77,116.62,4127100
SBERP,2016-12-05,116.13,118.77,116.0,118.06,5099600
SBERP,2016-12-06,118.49,119.16,116.46,116.5,5415900
SBERP,2016-12-07,116.8,118.68,116.5,118.21,4248900
SBERP,2016-12-08,118.58,123.75,118.48,123.75,8561800
SBERP,2016-12-09,123.99,124.98,121.81,121.9,7124100
SBERP,2016-12-12,123.18,128.4,123.18,126.3,7278600
SBERP,2016-12-13,126.8,129.53,124.75,129.53,10416700
SBERP,2016-12-14,130.0,130.0,127.3,128.56,5399300
SBERP,2016-12-15,127.14,129.38,126.65,129.09,6834300
SBERP,2016-12-16,129.85,129.88,128.23,128.42,5746600
SBERP,2016-12-19,128.8,129.19,127.72,127.8,2278300
SBERP,2016-12-20,128.26,129.38,127.15,128.45,1943600
SBERP,2016-12-21,128.45,131.49,128.45,129.63,6882100
SBERP,2016-12-22,129.28,129.54,126.36,127.01,5420300
SBERP,2016-12-23,126.96,128.9,126.68,128.13,2983400
SBERP,2016-12-26,128.26,129.25,127.71,128.0,1200400
SBERP,2016-12-27,128.0,128.63,127.07,128.13,1746000
SBERP,2016-12-28,128.58,129.1,128.01,129.0,2593900
SBERP,2016-12-29,128.5,130.55,127.9,130.5,3906100
SBERP,2016-12-30,130.12,131.09,129.52,129.75,2245800
SBERP,2017-01-03,130.9,136.59,130.07,136.59,6955400
SBERP,2017-01-04,135.89,136.66,134.02,134.8,4093700
SBERP,2017-01-05,134.82,136.08,133.41,133.47,2937100
SBERP,2017-01-06,134.0,134.5,131.87,132.5,3040400
SBERP,2017-01-09,132.68,133.74,129.9,130.0,4124600
SBERP,2017-01-10,129.95,132.06,129.61,130.59,3911900
SBERP,2017-01-11,130.2,131.74,128.31,128.8,4052300
SBERP,2017-01-12,129.48,129.9,128.12,128.12,2786300
SBERP,2017-01-13,128.43,130.69,123.3,124.26,6128500
SBERP,2017-01-16,124.79,124.8,122.63,122.76,3955700
SBERP,2017-01-17,122.7,123.65,121.7,122.64,3516300
SBERP,2017-01-18,123.0,124.45,122.2,124.0,3258800
SBERP,2017-01-19,124.4,126.19,123.84,124.99,3904500
SBERP,2017-01-20,124.63,126.58,124.5,126.48,2895600
SBERP,2017-01-23,126.4,126.48,124.23,124.78,3123200
SBERP,2017-01-24,125.0,128.35,125.0,127.7,4149300
SBERP,2017-01-25,127.01,128.65,127.01,127.45,2456400
SBERP,2017-01-26,128.17,130.45,127.59,129.94,4062700
SBERP,2017-01-27,129.95,132.1,129.01,131.9,7274900
SBERP,2017-01-30,131.5,132.0,129.61,130.01,3740700
SBERP,2017-01-31,129.8,130.38,128.1,128.6,2681600
SBERP,2017-02-01,129.0,129.99,128.17,129.42,3158100
SBERP,2017-02-02,130.0,130.44,128.39,128.8,2435800
SBERP,2017-02-03,129.0,130.14,128.77,130.0,2124200
SBERP,2017-02-06,130.21,130.95,129.28,130.46,2695000
SBERP,2017-02-07,130.93,131.68,129.5,130.68,2474300
SBERP,2017-02-08,130.68,130.68,127.87,128.84,2596600
SBERP,2017-02-09,129.38,129.72,127.3,128.4,2568500
SBERP,2017-02-10,128.77,129.5,126.84,127.41,4640400
SBERP,2017-02-13,127.77,129.5,127.0,127.98,6119500
SBERP,2017-02-14,127.98,127.98,125.08,125.44,2171700
SBERP,2017-02-15,125.1,126.93,122.94,125.45,3938600
SBERP,2017-02-16,125.64,125.91,123.12,125.47,2931300
SBERP,2017-02-17,125.52,125.68,123.51,124.45,5321200
SBERP,2017-02-20,124.85,125.34,123.15,125.0,3081700
SBERP,2017-02-21,125.0,127.45,124.32,126.9,4103900
SBERP,2017-02-22,127.3,127.99,126.05,127.99,4730900
SBERP,2017-02-24,128.01,129.15,125.87,125.87,1788100
SBERP,2017-02-27,126.88,126.91,121.21,121.25,4265500
SBERP,2017-02-28,121.25,121.78,118.31,118.81,5199600
SBERP,2017-03-01,119.0,123.5,117.91,122.92,4759500
SBERP,2017-03-02,123.05,125.6,123.05,125.29,7387900
SBERP,2017-03-03,124.05,125.45,122.1,122.43,6127700
SBERP,2017-03-06,122.0,123.75,120.57,120.57,3695300
SBERP,2017-03-07,120.6,121.03,118.08,119.26,4182100
SBERP,2017-03-09,118.25,118.9,116.11,118.46,6214800
SBERP,2017-03-10,118.01,120.65,117.1,117.6,4610100
SBERP,2017-03-13,117.05,119.6,116.33,117.8,4199900
SBERP,2017-03-14,118.7,119.01,117.21,117.51,5367600
SBERP,2017-03-15,118.1,119.29,116.6,117.5,2712100
SBERP,2017-03-16,118.78,121.62,118.78,121.5,8887400
SBERP,2017-03-17,121.33,124.49,121.06,122.73,4261600
SBERP,2017-03-20,123.5,125.71,122.72,125.45,3625300
SBERP,2017-03-21,125.99,127.26,124.41,125.33,4701200
SBERP,2017-03-22,123.99,124.77,121.29,124.73,3896500
SBERP,2017-03-23,125.04,126.45,124.69,126.0,3013900
SBERP,2017-03-24,125.28,126.43,124.0,124.59,3550600
SBERP,2017-03-27,123.01,124.34,122.0,123.0,2581000
SBERP,2017-03-28,123.66,123.69,122.17,123.3,2633200
SBERP,2017-03-29,123.79,124.3,122.36,123.05,1486400
SBERP,2017-03-30,123.9,123.99,121.65,122.88,2307800
SBERP,2017-03-31,122.67,122.7,120.0,120.8,2547000
SBERP,2017-04-03,120.7,122.19,120.2,120.74,2847100
SBERP,2017-04-04,120.69,123.5,119.0,123.42,2908600
SBERP,2017-04-05,123.96,125.49,123.25,124.71,2927700
SBERP,2017-04-06,124.2,125.79,124.0,125.0,2413900
SBERP,2017-04-07,124.24,124.63,120.77,122.59,4396500
SBERP,2017-04-10,121.66,122.57,117.35,117.35,4852600
SBERP,2017-04-11,117.02,119.15,116.41,117.48,4228600
SBERP,2017-04-12,117.72,118.4,113.13,113.29,4026500
SBERP,2017-04-13,114.49,114.78,110.71,113.28,6890700
SBERP,2017-04-14,112.8,113.5,110.9,111.04,1278200
SBERP,2017-04-17,110.73,115.51,109.88,115.51,3142300
SBERP,2017-04-18,115.46,116.25,112.56,113.7,4767700
SBERP,2017-04-19,113.55,114.92,112.25,112.9,4005600
SBERP,2017-04-20,112.5,117.69,111.41,117.4,9195400
SBERP,2017-04-21,117.93,120.79,117.66,120.08,7659400
SBERP,2017-04-24,121.0,123.49,120.8,123.49,5602200
SBERP,2017-04-25,123.64,124.11,121.59,123.88,4856000
SBERP,2017-04-26,124.0,125.77,122.7,125.6,3515100
SBERP,2017-04-27,125.01,125.37,123.9,124.71,3472100
SBERP,2017-04-28,125.5,126.9,124.81,125.82,5314900
SBERP,2017-05-02,125.99,129.15,125.87,128.58,5152500
SBERP,2017-05-03,128.5,128.5,126.02,127.25,3670300
SBERP,2017-05-04,127.95,128.84,126.56,126.7,4126800
SBERP,2017-05-05,125.97,128.51,125.2,128.2,3133600
SBERP,2017-05-10,128.68,130.48,128.55,130.0,4764500
SBERP,2017-05-11,130.12,131.43,127.8,127.85,4518200
SBERP,2017-05-12,127.41,128.8,126.98,127.3,2829800
SBERP,2017-05-15,127.71,131.35,127.71,131.2,4284600
SBERP,2017-05-16,130.95,133.2,129.91,131.33,6917000
SBERP,2017-05-17,130.8,132.2,130.38,131.35,4373200
SBERP,2017-05-18,130.5,130.95,128.02,128.93,5094900
SBERP,2017-05-19,129.11,131.75,128.52,131.1,2988300
SBERP,2017-05-22,132.34,132.48,130.49,131.98,3016100
SBERP,2017-05-23,131.74,133.77,130.97,132.04,7167300
SBERP,2017-05-24,132.4,133.95,130.1,133.0,4137600
SBERP,2017-05-25,133.24,133.68,130.5,130.7,2998900
SBERP,2017-05-26,130.7,131.55,128.72,130.2,7097600
SBERP,2017-05-29,129.29,131.21,129.29,130.5,2857000
SBERP,2017-05-30,130.2,130.46,129.08,129.49,3393800
SBERP,2017-05-31,129.47,129.79,123.7,124.69,9509100
SBERP,2017-06-01,124.9,126.4,122.5,125.34,8666700
SBERP,2017-06-02,124.51,127.0,122.91,126.95,4422700
SBERP,2017-06-05,127.3,127.86,124.3,124.46,3579000
SBERP,2017-06-06,124.44,125.79,122.86,122.98,3531200
SBERP,2017-06-07,123.25,124.78,122.69,123.78,7114900
SBERP,2017-06-08,124.0,124.25,120.2,122.4,6227200
SBERP,2017-06-09,122.39,122.39,121.11,122.25,4089900
SBERP,2017-06-13,117.05,118.6,116.53,116.55,6123500
SBERP,2017-06-14,116.75,116.95,114.05,114.3,5278200
SBERP,2017-06-15,114.0,114.0,108.81,111.02,11273600
SBERP,2017-06-16,112.93,113.59,110.89,111.99,3741300
SBERP,2017-06-19,112.99,114.4,112.17,114.11,2888900
SBERP,2017-06-20,114.49,116.71,113.6,115.5,4499700
SBERP,2017-06-21,115.21,117.54,114.41,116.47,3493300
SBERP,2017-06-22,116.0,116.92,114.59,115.0,3671800
SBERP,2017-06-23,115.01,115.79,114.02,114.58,2829800
SBERP,2017-06-26,114.9,117.0,113.11,113.22,4141800
SBERP,2017-06-27,113.37,115.1,112.72,114.93,1976500
SBERP,2017-06-28,114.56,115.92,113.31,115.72,3123000
SBERP,2017-06-29,116.79,116.8,114.6,115.0,3410300
SBERP,2017-06-30,115.1,120.48,104.87,120.29,13379300
SBERP,2017-07-03,120.7,121.68,119.38,120.4,4187500
SBERP,2017-07-04,120.3,123.47,120.03,123.4,4155400
SBERP,2017-07-05,123.41,125.7,122.55,125.01,6281800
SBERP,2017-07-06,125.1,126.1,123.77,123.87,3075500
SBERP,2017-07-07,123.5,126.04,122.77,125.5,3145400
SBERP,2017-07-10,125.99,127.89,125.73,127.55,2643400
SBERP,2017-07-11,127.85,129.35,126.64,129.0,3635000
SBERP,2017-07-12,129.12,134.0,129.12,133.99,8567700
SBERP,2017-07-13,134.08,136.12,132.4,134.6,9913500
SBERP,2017-07-14,134.01,136.8,133.92,134.51,6784900
SBERP,2017-07-17,135.0,136.4,133.0,133.67,3164100
SBERP,2017-07-18,133.99,135.59,132.46,132.7,5542100
SBERP,2017-07-19,132.91,135.1,131.9,134.72,4633800
SBERP,2017-07-20,135.35,135.9,134.0,134.69,3390700
SBERP,2017-07-21,134.5,135.44,133.51,133.75,4398500
SBERP,2017-07-24,133.39,134.89,131.83,134.35,4076100
SBERP,2017-07-25,134.02,135.0,133.2,134.0,3374300
SBERP,2017-07-26,134.22,135.88,133.84,135.21,3273500
SBERP,2017-07-27,135.71,137.9,135.71,137.24,4185000
SBERP,2017-07-28,136.22,137.18,134.38,136.22,4165100
SBERP,2017-07-31,136.53,138.42,134.47,134.99,4817800
SBERP,2017-08-01,135.97,137.55,135.15,136.44,3087100
SBERP,2017-08-02,136.24,139.31,135.76,138.9,4239200
SBERP,2017-08-03,138.9,139.84,138.1,138.4,2677000
SBERP,2017-08-04,137.76,139.93,137.34,138.77,2926400
SBERP,2017-08-07,139.28,140.45,138.89,139.95,3078900
SBERP,2017-08-08,140.3,143.59,140.05,143.5,6012200
SBERP,2017-08-09,142.59,144.57,141.86,141.9,4201600
SBERP,2017-08-10,142.36,142.46,140.03,141.0,2988300
SBERP,2017-08-11,140.64,141.8,138.26,141.8,5033200
SBERP,2017-08-14,142.5,143.0,140.84,141.67,2379700
SBERP,2017-08-15,141.1,141.8,140.11,141.5,1905500
SBERP,2017-08-16,142.27,143.0,141.04,141.72,2058900
SBERP,2017-08-17,140.6,143.5,140.3,140.98,2323400
SBERP,2017-08-18,140.0,140.79,137.9,138.74,4098400
SBERP,2017-08-21,139.54,141.4,138.96,140.9,2481300
SBERP,2017-08-22,140.98,142.63,140.98,141.83,2396500
SBERP,2017-08-23,141.74,143.99,141.72,143.5,3535800
SBERP,2017-08-24,143.7,147.9,143.7,147.24,4439000
SBERP,2017-08-25,148.12,149.79,147.29,149.7,2842400
SBERP,2017-08-28,149.9,151.31,148.56,150.75,2678000
SBERP,2017-08-29,150.54,151.0,148.03,149.95,3740200
SBERP,2017-08-30,150.5,154.78,150.02,154.0,5728400
SBERP,2017-08-31,153.99,159.0,153.05,157.98,6075300
SBERP,2017-09-01,157.77,159.88,157.22,157.8,6243800
SBERP,2017-09-04,156.99,158.8,156.03,158.35,3495400
SBERP,2017-09-05,157.99,159.7,157.11,159.35,3617900
SBERP,2017-09-06,158.3,159.1,157.42,158.0,2208000
SBERP,2017-09-07,158.5,161.96,158.34,161.43,4778900
SBERP,2017-09-08,161.01,162.61,160.6,162.0,5489300
SBERP,2017-09-11,163.35,164.41,162.11,162.37,5660300
SBERP,2017-09-12,163.2,163.38,160.01,160.48,9445600
SBERP,2017-09-13,160.58,161.38,159.55,159.63,5116600
SBERP,2017-09-14,160.0,160.25,157.61,159.24,4014500
SBERP,2017-09-15,159.7,160.66,158.7,160.1,4390100
SBERP,2017-09-18,160.25,161.8,159.05,159.25,5581600
SBERP,2017-09-19,159.2,159.59,157.22,157.5,2432500
SBERP,2017-09-20,157.25,158.61,156.37,158.61,3007000
SBERP,2017-09-21,159.0,159.27,157.18,158.6,3209000
SBERP,2017-09-22,158.2,158.8,156.86,157.35,3671000
SBERP,2017-09-25,157.72,159.08,157.02,158.25,5597400
SBERP,2017-09-26,158.49,161.3,158.31,158.37,6581800
SBERP,2017-09-27,159.3,159.3,156.21,158.03,6402800
SBERP,2017-09-28,158.03,158.19,155.5,156.06,3610500
SBERP,2017-09-29,156.31,156.77,155.5,155.7,2115700
SBERP,2017-10-02,155.7,158.0,155.2,157.94,2590200
SBERP,2017-10-03,157.94,159.23,156.53,157.67,2337800
SBERP,2017-10-04,157.6,159.55,157.31,159.15,3390700
SBERP,2017-10-05,158.91,160.89,156.35,160.37,3204900
SBERP,2017-10-06,160.3,161.8,159.71,160.25,4938000
SBERP,2017-10-09,160.25,160.71,158.88,160.38,1621800
SBERP,2017-10-10,160.51,160.51,157.27,158.19,2189200
SBERP,2017-10-11,158.0,160.39,157.81,159.6,2177600
SBERP,2017-10-12,160.09,160.84,158.51,158.7,1842100
SBERP,2017-10-13,159.01,160.55,158.65,160.0,2177500
SBERP,2017-10-16,160.49,163.95,159.95,163.95,3758500
SBERP,2017-10-17,164.35,164.35,160.9,162.32,3725000
SBERP,2017-10-18,162.62,163.15,160.98,162.0,2618400
SBERP,2017-10-19,162.0,162.38,158.69,159.01,2925600
SBERP,2017-10-20,159.31,161.27,159.21,160.87,2308900
SBERP,2017-10-23,161.0,161.95,159.2,159.89,2089900
SBERP,2017-10-24,160.49,161.0,158.89,160.0,1929500
SBERP,2017-10-25,160.5,162.1,158.79,158.79,2205200
SBERP,2017-10-26,159.03,160.42,158.07,159.21,2315900
SBERP,2017-10-27,160.06,160.79,159.08,160.0,4507000
SBERP,2017-10-30,160.01,161.95,159.81,160.41,4214300
SBERP,2017-10-31,160.42,160.68,157.92,158.52,3171700
SBERP,2017-11-01,158.5,160.42,158.0,159.7,3517800
SBERP,2017-11-02,159.5,160.77,158.06,159.7,3702300
SBERP,2017-11-03,160.4,161.4,159.58,160.5,1943600
SBERP,2017-11-07,161.48,171.88,161.43,171.4,9887100
SBERP,2017-11-08,171.99,178.84,170.52,178.45,8057000
SBERP,2017-11-09,178.43,191.06,176.94,191.06,12080700
SBERP,2017-11-10,191.0,203.0,188.51,190.1,18718600
SBERP,2017-11-13,190.1,194.35,186.06,188.19,5718900
SBERP,2017-11-14,188.18,191.4,187.31,189.65,4302300
SBERP,2017-11-15,190.1,194.49,188.27,190.0,6578100
SBERP,2017-11-16,191.3,192.4,182.84,185.6,11107100
SBERP,2017-11-17,186.12,187.65,185.0,186.04,3009400
SBERP,2017-11-20,185.9,186.55,184.02,185.6,2119800
SBERP,2017-11-21,185.71,192.5,185.71,192.1,6872200
SBERP,2017-11-22,192.63,195.56,192.0,192.3,6421700
SBERP,2017-11-23,192.42,193.23,188.52,188.7,3819500
SBERP,2017-11-24,188.51,193.0,186.37,192.3,3656000
SBERP,2017-11-27,192.59,193.0,189.71,190.86,1872900
SBERP,2017-11-28,189.6,193.28,189.34,192.5,3569600
SBERP,2017-11-29,193.0,194.4,188.24,189.63,3886200
SBERP,2017-11-30,189.0,190.99,184.53,184.53,3142400
SBERP,2017-12-01,185.71,187.0,183.09,184.55,3044400
SBERP,2017-12-04,184.11,186.89,183.3,184.2,2492300
SBERP,2017-12-05,184.19,185.69,182.5,185.2,2660000
SBERP,2017-12-06,184.9,186.84,183.1,185.4,1292600
SBERP,2017-12-07,185.97,186.47,181.51,181.91,3086600
SBERP,2017-12-08,183.22,185.86,182.33,185.0,3035000
SBERP,2017-12-11,185.3,192.16,185.3,192.05,3412800
SBERP,2017-12-12,194.05,196.0,192.03,195.96,4299000
SBERP,2017-12-13,195.59,199.49,188.6,188.84,9604500
SBERP,2017-12-14,189.9,193.93,188.0,193.23,5309000
SBERP,2017-12-15,193.23,194.03,190.0,190.0,2921700
SBERP,2017-12-18,190.19,193.48,189.75,191.29,2551800
SBERP,2017-12-19,191.98,192.9,189.7,190.67,2706500
SBERP,2017-12-20,191.3,191.96,189.09,191.25,2898100
SBERP,2017-12-21,191.36,192.89,189.22,189.5,3255800
SBERP,2017-12-22,190.3,191.18,188.86,189.2,1275800
SBERP,2017-12-25,189.21,190.4,189.0,189.82,371900
SBERP,2017-12-26,189.97,190.5,187.2,190.0,1414200
SBERP,2017-12-27,190.4,191.83,189.51,190.73,1786400
SBERP,2017-12-28,190.65,191.59,189.5,190.3,1196400
SBERP,2017-12-29,190.02,191.17,189.0,189.0,1572400
SBERP,2018-01-03,190.67,197.4,190.47,197.3,3240000
SBERP,2018-01-04,197.98,204.4,197.01,203.03,4337700
SBERP,2018-01-05,204.02,205.88,203.03,203.5,4082400
SBERP,2018-01-09,203.91,205.93,200.37,201.3,3860600
SBERP,2018-01-10,201.83,202.42,196.16,197.52,4843500
SBERP,2018-01-11,198.5,199.91,196.0,199.78,3322000
SBERP,2018-01-12,199.98,200.9,198.21,199.49,2498700
SBERP,2018-01-15,200.0,203.44,200.0,201.9,3257300
SBERP,2018-01-16,203.98,203.98,199.16,200.82,2315800
SBERP,2018-01-17,199.51,201.8,198.1,201.34,1425900
SBERP,2018-01-18,201.34,205.0,201.34,204.63,3564700
SBERP,2018-01-19,204.5,205.02,201.49,203.97,2455600
SBERP,2018-01-22,203.97,204.5,201.58,202.5,1495100
SBERP,2018-01-23,203.52,204.98,202.01,202.71,1885300
SBERP,2018-01-24,202.57,205.32,202.1,204.2,2592100
SBERP,2018-01-25,205.49,210.5,205.0,209.0,5624400
SBERP,2018-01-26,208.5,211.65,207.86,208.0,3743700
SBERP,2018-01-29,208.97,210.68,208.26,209.9,1790900
SBERP,2018-01-30,209.0,215.3,208.24,213.35,4095600
SBERP,2018-01-31,213.11,218.5,212.12,217.49,5237100
SBERP,2018-02-01,218.49,221.86,213.05,213.77,7708300
SBERP,2018-02-02,214.35,216.89,208.63,208.8,4126800
SBERP,2018-02-05,206.64,210.71,205.86,209.75,2917500
SBERP,2018-02-06,205.0,213.32,202.5,210.6,5098400
SBERP,2018-02-07,212.15,214.5,208.8,210.22,3684800
SBERP,2018-02-08,208.8,210.95,206.4,206.6,2520000
SBERP,2018-02-09,203.0,205.2,198.85,203.18,6415600
SBERP,2018-02-12,205.02,208.18,204.05,207.69,3319100
SBERP,2018-02-13,208.5,210.0,206.77,209.5,2476900
SBERP,2018-02-14,210.21,212.55,208.17,211.64,3523900
SBERP,2018-02-15,215.99,216.0,213.2,214.6,3778900
SBERP,2018-02-16,215.48,216.4,211.82,214.02,3678900
SBERP,2018-02-19,214.45,216.0,210.39,211.04,2450500
SBERP,2018-02-20,211.85,216.0,208.46,215.9,5325300
SBERP,2018-02-21,214.76,224.3,214.76,224.0,6312600
SBERP,2018-02-22,224.0,228.6,221.22,228.5,7272000
SBERP,2018-02-26,229.0,235.0,228.65,232.03,4115500
SBERP,2018-02-27,232.0,233.5,229.0,231.18,2725000
SBERP,2018-02-28,230.0,230.05,223.63,227.0,3702000
SBERP,2018-03-01,224.22,228.8,224.22,226.15,3901500
SBERP,2018-03-02,225.0,226.09,221.5,224.5,2059700
SBERP,2018-03-05,225.0,230.3,225.0,229.29,2434700
SBERP,2018-03-06,231.0,231.7,224.5,224.75,3146200
SBERP,2018-03-07,223.5,225.52,221.0,224.67,2180600
SBERP,2018-03-09,223.31,225.88,222.36,225.3,1855900
SBERP,2018-03-12,226.01,231.41,225.0,226.64,1907400
SBERP,2018-03-13,226.64,228.75,225.3,225.5,2267800
SBERP,2018-03-14,225.48,225.48,216.0,216.99,3213800
SBERP,2018-03-15,217.21,219.88,210.5,210.5,5958700
SBERP,2018-03-16,211.0,213.23,205.0,211.52,8369100
SBERP,2018-03-19,212.0,214.57,209.01,209.19,3748600
SBERP,2018-03-20,209.7,210.21,205.19,206.3,6350600
SBERP,2018-03-21,207.9,222.38,207.0,222.0,12373300
SBERP,2018-03-22,222.22,225.39,217.95,219.47,9413000
SBERP,2018-03-23,217.75,221.51,215.36,220.5,6813000
SBERP,2018-03-26,219.91,222.89,214.33,215.46,6249100
SBERP,2018-03-27,218.5,219.54,213.63,217.2,6162100
SBERP,2018-03-28,217.1,217.1,212.2,213.0,4718500
SBERP,2018-03-29,213.69,218.0,213.31,213.61,3258900
SBERP,2018-03-30,214.64,215.49,213.83,214.14,703400
SBERP,2018-04-02,215.5,218.2,212.55,212.59,2522500
SBERP,2018-04-03,212.2,212.89,207.76,212.12,3520800
SBERP,2018-04-04,212.55,214.89,210.14,213.85,4190100
SBERP,2018-04-05,215.03,220.33,213.85,220.3,6105700
SBERP,2018-04-06,219.2,221.5,215.78,217.0,5422500
SBERP,2018-04-09,216.15,217.93,176.0,187.83,23068300
SBERP,2018-04-10,190.0,193.82,172.59,186.8,31129200
SBERP,2018-04-11,186.7,192.49,178.77,181.7,18987900
SBERP,2018-04-12,184.74,190.65,182.61,185.99,13896700
SBERP,2018-04-13,186.7,188.7,178.22,180.67,9011400
SBERP,2018-04-16,174.81,182.5,168.43,172.59,20451700
SBERP,2018-04-17,180.7,182.68,177.6,181.79,17165800
SBERP,2018-04-18,182.5,192.7,176.0,190.5,22795500
SBERP,2018-04-19,192.69,196.03,188.29,189.69,14147300
SBERP,2018-04-20,190.01,191.45,187.28,190.0,5803800
SBERP,2018-04-23,190.8,196.84,188.79,196.7,10678700
SBERP,2018-04-24,198.72,201.52,195.89,197.51,10426200
SBERP,2018-04-25,195.34,197.63,192.32,194.19,5672300
SBERP,2018-04-26,195.6,196.89,191.11,193.91,5425400
SBERP,2018-04-27,194.8,196.5,191.72,194.91,6030800
SBERP,2018-04-28,195.49,195.49,193.54,195.0,740500
SBERP,2018-04-30,195.0,197.15,192.6,196.22,1969700
SBERP,2018-05-02,195.58,199.21,193.64,196.1,3336300
SBERP,2018-05-03,196.5,200.43,195.9,196.24,6332300
SBERP,2018-05-04,197.4,198.0,194.73,195.7,3782700
SBERP,2018-05-07,197.0,198.3,195.51,196.71,4106700
SBERP,2018-05-08,194.88,195.5,193.0,193.25,4489500
SBERP,2018-05-10,195.5,198.94,195.05,198.94,6338000
SBERP,2018-05-11,199.22,203.32,198.11,202.1,6487400
SBERP,2018-05-14,202.99,203.65,200.43,203.0,3024200
SBERP,2018-05-15,203.45,203.45,197.74,199.4,4357400
SBERP,2018-05-16,199.28,201.5,196.42,201.0,5796800
SBERP,2018-05-17,200.82,201.14,197.5,197.62,3413700
SBERP,2018-05-18,197.19,197.93,194.91,195.49,4182700
SBERP,2018-05-21,196.01,198.72,195.84,198.68,2871600
SBERP,2018-05-22,199.24,199.9,196.23,198.27,2168800
SBERP,2018-05-23,197.01,197.02,194.39,195.29,2990900
SBERP,2018-05-24,196.3,197.87,195.37,196.7,3877500
SBERP,2018-05-25,197.0,197.95,195.43,196.03,4033500
SBERP,2018-05-28,196.06,197.74,195.91,197.0,2019000
SBERP,2018-05-29,197.0,197.9,193.23,193.8,4826300
SBERP,2018-05-30,194.7,196.48,193.46,195.5,4025300
SBERP,2018-05-31,195.5,196.91,194.85,196.0,4389400
SBERP,2018-06-01,195.01,196.85,194.94,196.02,3052600
SBERP,2018-06-04,196.02,198.48,194.89,195.39,8052200
SBERP,2018-06-05,195.8,196.09,191.08,191.3,5363300
SBERP,2018-06-06,192.21,193.88,191.3,193.1,3057600
SBERP,2018-06-07,194.2,194.82,192.5,192.5,2824900
SBERP,2018-06-08,192.78,193.27,188.85,189.32,6370000
SBERP,2018-06-09,190.5,190.86,188.57,189.21,1873200
SBERP,2018-06-11,189.99,190.48,186.34,188.0,4190400
SBERP,2018-06-13,187.97,191.8,187.31,190.14,3973100
SBERP,2018-06-14,190.28,191.91,189.07,189.26,3290300
SBERP,2018-06-15,189.49,190.43,185.45,187.45,7699000
SBERP,2018-06-18,186.2,187.87,182.7,185.0,7753700
SBERP,2018-06-19,183.0,183.9,181.05,183.5,7858300
SBERP,2018-06-20,184.5,188.68,184.5,188.44,5622300
SBERP,2018-06-21,188.58,189.81,186.35,186.43,8529100
SBERP,2018-06-22,187.67,191.5,187.02,191.5,9892400
SBERP,2018-06-25,180.9,182.5,179.2,179.9,7756300
SBERP,2018-06-26,180.08,181.46,177.5,178.27,3382100
SBERP,2018-06-27,178.26,183.83,177.0,183.66,7906300
SBERP,2018-06-28,182.85,184.5,181.78,182.91,4788300
SBERP,2018-06-29,184.05,187.28,184.05,186.5,7641700
SBERP,2018-07-02,186.29,188.27,184.43,185.75,7402100
SBERP,2018-07-03,186.07,187.33,183.26,183.5,4233000
SBERP,2018-07-04,184.2,185.03,183.11,183.43,2074900
SBERP,2018-07-05,184.0,187.45,183.02,186.5,4948900
SBERP,2018-07-06,187.0,188.54,185.66,188.0,5166500
SBERP,2018-07-09,189.0,192.97,188.91,192.21,5159200
SBERP,2018-07-10,193.1,195.8,191.33,195.05,7084900
SBERP,2018-07-11,193.35,193.87,191.5,191.5,7080600
SBERP,2018-07-12,191.9,193.1,189.05,192.61,5474400
SBERP,2018-07-13,193.3,194.15,191.76,192.46,3437700
SBERP,2018-07-16,192.52,193.99,190.26,191.06,3532800
SBERP,2018-07-17,190.99,190.99,186.05,186.95,4632200
SBERP,2018-07-18,187.05,187.7,183.12,184.5,3914000
SBERP,2018-07-19,184.5,184.54,177.24,177.25,8978400
SBERP,2018-07-20,177.9,181.57,172.12,174.1,11882500
SBERP,2018-07-23,175.02,180.55,175.0,179.45,4554900
SBERP,2018-07-24,179.56,184.0,179.56,184.0,4031500
SBERP,2018-07-25,180.8,183.45,178.3,182.13,3972200
SBERP,2018-07-26,183.8,184.45,179.47,179.47,2851700
SBERP,2018-07-27,179.48,181.85,177.7,179.85,2934600
SBERP,2018-07-30,179.74,182.45,178.36,180.5,2368800
SBERP,2018-07-31,181.02,182.94,180.0,182.42,1890500
SBERP,2018-08-01,182.31,182.91,180.36,180.36,1309800
SBERP,2018-08-02,179.12,181.62,176.73,177.48,2880500
SBERP,2018-08-03,177.15,178.27,173.83,175.0,6603900
SBERP,2018-08-06,175.85,178.38,174.0,177.78,2750700
SBERP,2018-08-07,178.49,180.17,176.12,176.65,2964100
SBERP,2018-08-08,176.2,177.0,168.8,169.74,10096300
SBERP,2018-08-09,167.96,170.0,160.6,170.0,17994400
SBERP,2018-08-10,168.4,170.35,161.0,162.86,9856800
SBERP,2018-08-13,159.6,166.12,158.08,162.34,12901000
SBERP,2018-08-14,164.1,165.87,162.12,163.42,6277400
SBERP,2018-08-15,164.3,164.91,161.2,161.4,4147000
SBERP,2018-08-16,162.3,164.85,161.81,164.3,3443300
SBERP,2018-08-17,164.0,164.48,161.66,162.25,3248000
SBERP,2018-08-20,163.5,165.55,162.81,164.92,5129200
SBERP,2018-08-21,165.0,165.83,163.02,164.81,2303700
SBERP,2018-08-22,165.0,166.41,162.12,162.12,4552100
SBERP,2018-08-23,162.17,162.87,156.07,156.66,10685200
SBERP,2018-08-24,156.15,158.21,151.05,157.85,11408900
SBERP,2018-08-27,157.9,161.5,157.37,161.35,5281300
SBERP,2018-08-28,161.5,161.97,159.32,160.61,4610000
SBERP,2018-08-29,160.65,161.52,159.65,160.53,4036700
SBERP,2018-08-30,162.0,162.19,156.26,156.96,4267300
SBERP,2018-08-31,156.0,159.7,154.81,159.49,4538400
SBERP,2018-09-03,158.66,159.6,157.54,158.53,3141500
SBERP,2018-09-04,158.53,159.42,156.18,156.59,3060300
SBERP,2018-09-05,156.3,157.17,154.49,155.23,6843500
SBERP,2018-09-06,154.75,155.37,151.73,152.2,6503100
SBERP,2018-09-07,152.05,153.18,150.64,151.77,5135000
SBERP,2018-09-10,151.26,152.09,145.1,148.36,13843900
SBERP,2018-09-11,147.99,149.48,143.65,144.97,10509400
SBERP,2018-09-12,145.65,149.78,145.14,148.34,13134100
SBERP,2018-09-13,148.5,161.62,148.5,155.05,17124900
SBERP,2018-09-14,155.7,159.5,154.7,159.5,9005300
SBERP,2018-09-17,160.16,162.75,158.25,159.12,6037000
SBERP,2018-09-18,159.23,164.0,158.8,163.9,5812900
SBERP,2018-09-19,164.89,166.17,163.65,165.41,6284400
SBERP,2018-09-20,165.58,168.8,164.79,165.7,10398900
SBERP,2018-09-21,165.7,167.0,163.82,165.5,5911400
SBERP,2018-09-24,167.0,170.0,167.0,169.85,6639100
SBERP,2018-09-25,170.03,171.13,166.6,166.7,7439200
SBERP,2018-09-26,166.72,168.1,165.35,167.26,6175300
SBERP,2018-09-27,167.21,171.78,166.6,171.2,8841800
SBERP,2018-09-28,171.8,173.3,169.19,171.05,6624400
SBERP,2018-10-01,172.48,172.49,170.1,170.9,4284000
SBERP,2018-10-02,171.52,172.1,167.6,167.85,4755200
SBERP,2018-10-03,167.85,170.37,166.0,166.8,4600300
SBERP,2018-10-04,166.8,166.99,160.85,161.33,5046200
SBERP,2018-10-05,161.0,163.48,158.79,162.5,8035900
SBERP,2018-10-08,162.15,166.65,158.85,165.5,5328700
SBERP,2018-10-09,166.57,168.74,163.9,166.51,6475700
SBERP,2018-10-10,166.8,169.0,164.01,164.43,3257000
SBERP,2018-10-11,160.0,163.44,159.12,162.1,7514200
SBERP,2018-10-12,164.4,166.75,163.71,166.75,4845000
SBERP,2018-10-15,166.61,167.35,164.14,165.42,2967700
SBERP,2018-10-16,165.5,168.69,163.53,168.69,3417100
SBERP,2018-10-17,169.5,170.25,165.68,165.91,5160200
SBERP,2018-10-18,165.1,166.82,163.16,163.35,2219000
SBERP,2018-10-19,164.27,164.27,159.88,159.99,5439900
SBERP,2018-10-22,160.63,162.56,156.53,156.6,6332500
SBERP,2018-10-23,155.77,159.69,154.14,158.69,5674300
SBERP,2018-10-24,159.3,163.49,157.22,163.19,7191100
SBERP,2018-10-25,160.0,163.04,158.7,160.8,3402100
SBERP,2018-10-26,160.01,160.49,155.0,156.24,5535100
SBERP,2018-10-29,156.4,161.32,155.03,161.3,4253700
SBERP,2018-10-30,160.5,162.9,158.94,161.2,4522600
SBERP,2018-10-31,162.81,163.69,161.23,163.3,5184800
SBERP,2018-11-01,163.55,165.0,161.35,163.23,5438700
SBERP,2018-11-02,164.0,166.3,163.47,165.67,4774500
SBERP,2018-11-06,167.0,169.5,166.44,169.49,4379810
SBERP,2018-11-07,169.8,173.8,167.26,173.8,7476330
SBERP,2018-11-08,173.99,176.16,171.28,173.3,8442460
SBERP,2018-11-09,171.65,172.43,167.74,169.88,7439640
SBERP,2018-11-12,170.86,175.89,170.86,171.11,6406650
SBERP,2018-11-13,171.0,174.25,169.26,171.5,4920160
SBERP,2018-11-14,170.0,173.88,168.61,173.63,4989970
SBERP,2018-11-15,174.51,175.62,172.91,173.49,4170510
SBERP,2018-11-16,174.38,175.85,172.0,173.4,3768370
SBERP,2018-11-19,173.72,174.36,170.88,171.9,3043550
SBERP,2018-11-20,171.49,172.08,166.37,169.0,4802000
SBERP,2018-11-21,169.0,172.0,168.48,172.0,3116880
SBERP,2018-11-22,172.3,173.48,169.98,172.9,2715220
SBERP,2018-11-23,172.21,172.49,168.8,171.3,3696600
SBERP,2018-11-26,170.99,171.0,163.73,166.5,8799750
SBERP,2018-11-27,166.76,168.56,166.01,167.29,4120740
SBERP,2018-11-28,168.01,168.94,166.55,167.4,2569150
SBERP,2018-11-29,168.58,171.55,167.72,171.5,5219650
SBERP,2018-11-30,170.18,170.18,167.3,169.0,2932100
SBERP,2018-12-03,171.67,174.79,171.53,173.5,6293850
SBERP,2018-12-04,173.03,173.89,171.38,172.54,2843840
SBERP,2018-12-05,170.52,171.49,169.71,170.1,2962310
SBERP,2018-12-06,169.04,169.5,166.7,167.8,4607160
SBERP,2018-12-07,168.4,171.35,168.1,171.1,3330750
SBERP,2018-12-10,169.35,169.94,167.51,169.0,2783610
SBERP,2018-12-11,169.8,170.1,167.54,169.5,4431790
SBERP,2018-12-12,170.1,170.1,167.55,168.4,2130010
SBERP,2018-12-13,167.5,168.45,166.44,166.92,3395020
SBERP,2018-12-14,167.05,167.05,163.56,164.99,6724500
SBERP,2018-12-17,164.95,166.12,162.31,163.48,3839400
SBERP,2018-12-18,162.0,164.75,161.55,164.75,5321140
SBERP,2018-12-19,163.4,166.01,163.4,165.47,5263710
SBERP,2018-12-20,164.5,168.12,164.0,166.85,4569260
SBERP,2018-12-21,166.01,167.77,164.49,164.98,2786130
SBERP,2018-12-24,164.26,165.26,163.11,164.49,2654550
SBERP,2018-12-25,162.55,163.06,160.0,163.0,2795590
SBERP,2018-12-26,163.2,164.57,162.85,163.65,1975510
SBERP,2018-12-27,165.98,166.88,164.0,164.0,2625970
SBERP,2018-12-28,165.25,166.6,164.74,165.07,1440840
SBERP,2018-12-29,166.27,166.49,165.08,166.18,705790
SBERP,2019-01-03,166.07,168.5,165.37,165.44,3538300
SBERP,2019-01-04,166.53,167.28,166.18,167.27,1317260
SBERP,2019-01-08,168.8,169.4,166.85,167.01,3488370
SBERP,2019-01-09,167.73,170.64,167.13,169.8,7287420
SBERP,2019-01-10,169.87,170.2,166.75,169.79,3700110
SBERP,2019-01-11,169.89,171.3,169.47,170.05,3419980
SBERP,2019-01-14,169.4,170.57,168.67,170.0,2498170
SBERP,2019-01-15,171.0,172.34,170.07,171.8,4291770
SBERP,2019-01-16,171.8,173.17,171.38,173.1,3434100
SBERP,2019-01-17,173.75,174.83,172.7,174.48,3894280
SBERP,2019-01-18,175.99,178.98,175.07,178.7,5665960
SBERP,2019-01-21,179.0,181.0,178.5,179.01,4485480
SBERP,2019-01-22,177.81,179.95,177.38,179.11,3394910
SBERP,2019-01-23,179.62,182.85,179.11,182.01,5337530
SBERP,2019-01-24,182.01,183.39,180.72,181.93,4720790
SBERP,2019-01-25,182.4,183.49,180.89,181.12,4663410
SBERP,2019-01-28,181.0,182.57,178.53,179.84,4031630
SBERP,2019-01-29,180.0,184.34,177.9,184.2,8012130
SBERP,2019-01-30,184.02,185.14,182.66,182.81,5133390
SBERP,2019-01-31,184.6,186.45,184.22,186.11,4649550
SBERP,2019-02-01,186.4,186.87,184.4,185.0,3160760
SBERP,2019-02-04,185.02,185.71,183.9,184.1,2778850
SBERP,2019-02-05,184.27,186.81,183.48,186.0,4022960
SBERP,2019-02-06,186.59,186.59,184.5,185.77,2280930
SBERP,2019-02-07,185.97,185.97,181.02,181.6,6793010
SBERP,2019-02-08,180.5,182.54,180.0,181.7,3712420
SBERP,2019-02-11,182.12,183.8,181.93,182.55,4095760
SBERP,2019-02-12,183.1,187.3,183.05,186.5,5489220
SBERP,2019-02-13,187.0,187.92,182.05,182.87,6963360
SBERP,2019-02-14,179.7,179.7,174.05,176.7,16060940
SBERP,2019-02-15,178.19,179.87,177.83,178.78,7156990
SBERP,2019-02-18,179.48,179.95,175.77,177.12,3696070
SBERP,2019-02-19,177.12,177.76,175.01,175.16,4736000
SBERP,2019-02-20,176.17,178.32,175.85,178.0,4621530
SBERP,2019-02-21,178.01,179.14,175.51,175.7,3468430
SBERP,2019-02-22,176.01,177.95,175.61,176.99,2055980
SBERP,2019-02-25,177.4,179.39,176.25,177.46,3803320
SBERP,2019-02-26,177.07,177.69,176.0,177.64,2619590
SBERP,2019-02-27,178.49,178.8,176.77,177.78,2079090
SBERP,2019-02-28,177.81,181.0,177.3,180.15,4696320
SBERP,2019-03-01,180.65,181.63,179.07,179.85,3669780
SBERP,2019-03-04,179.82,180.35,178.59,179.1,1985760
SBERP,2019-03-05,178.6,178.74,177.1,177.2,2969880
SBERP,2019-03-06,177.35,179.44,177.13,178.0,3176850
SBERP,2019-03-07,178.41,178.75,177.0,177.83,4798740
SBERP,2019-03-11,177.59,179.15,176.5,178.99,3232950
SBERP,2019-03-12,179.6,179.95,178.47,179.14,2048300
SBERP,2019-03-13,178.45,179.95,178.31,179.95,2418920
SBERP,2019-03-14,179.99,180.08,178.35,178.56,2857000
SBERP,2019-03-15,178.96,179.38,178.75,179.05,2473550
SBERP,2019-03-18,179.4,181.0,179.18,180.9,3851200
SBERP,2019-03-19,181.0,183.32,180.98,182.15,4880930
SBERP,2019-03-20,182.5,184.89,181.58,184.83,4631030
SBERP,2019-03-21,185.02,186.4,183.67,184.01,5622240
SBERP,2019-03-22,184.7,185.17,182.69,183.5,5379910
SBERP,2019-03-25,182.37,187.49,182.16,187.0,6708450
SBERP,2019-03-26,187.16,191.19,186.61,190.9,10321430
SBERP,2019-03-27,191.68,191.68,189.0,189.0,6773430
SBERP,2019-03-28,188.5,190.28,187.54,189.43,3807580
SBERP,2019-03-29,189.89,191.5,188.05,188.2,7291380
SBERP,2019-04-01,188.98,190.87,188.53,190.22,3549390
SBERP,2019-04-02,190.46,191.98,190.0,191.64,4408890
SBERP,2019-04-03,192.55,196.15,192.2,193.5,9285990
SBERP,2019-04-04,193.0,195.0,191.6,194.9,4421360
SBERP,2019-04-05,195.04,198.69,195.04,198.59,5395290
SBERP,2019-04-08,199.0,201.79,198.95,201.61,6177250
SBERP,2019-04-09,202.0,206.41,202.0,205.7,9364430
SBERP,2019-04-10,205.7,209.7,205.3,206.4,13034400
SBERP,2019-04-11,206.6,208.95,202.71,203.0,11064010
SBERP,2019-04-12,204.1,207.21,202.0,204.81,6540700
SBERP,2019-04-15,205.97,207.82,203.88,204.95,7158810
SBERP,2019-04-16,206.42,206.81,201.55,202.7,7067640
SBERP,2019-04-17,203.05,204.6,201.82,203.1,4862390
SBERP,2019-04-18,202.8,202.8,200.1,200.6,3871990
SBERP,2019-04-19,200.78,202.88,200.78,202.15,2206350
SBERP,2019-04-22,203.22,204.8,202.83,204.75,3329380
SBERP,2019-04-23,205.01,206.99,204.54,205.88,6016280
SBERP,2019-04-24,205.55,206.29,204.77,205.49,3438270
SBERP,2019-04-25,205.26,205.97,200.15,200.47,5410370
SBERP,2019-04-26,200.3,200.5,196.18,197.22,7407900
SBERP,2019-04-29,197.75,201.71,197.6,201.29,3810960
SBERP,2019-04-30,201.5,201.6,198.39,198.39,4149020
SBERP,2019-05-02,199.0,201.37,198.45,200.15,3521480
SBERP,2019-05-03,200.6,203.19,200.11,203.07,3919990
SBERP,2019-05-06,199.7,203.0,198.66,203.0,4129230
SBERP,2019-05-07,202.68,204.65,202.16,202.97,4415070
SBERP,2019-05-08,202.85,204.28,201.3,202.9,2693980
SBERP,2019-05-10,200.0,201.66,198.8,199.01,3315900
SBERP,2019-05-13,199.0,200.64,197.51,198.89,3988540
SBERP,2019-05-14,198.3,202.15,198.3,201.0,6106370
SBERP,2019-05-15,201.44,202.2,198.38,201.3,5777000
SBERP,2019-05-16,201.3,202.66,200.5,200.52,5092880
SBERP,2019-05-17,200.26,202.0,197.58,199.23,6315200
SBERP,2019-05-20,199.47,200.3,198.0,199.0,3393080
SBERP,2019-05-21,199.65,202.67,198.55,202.65,6111330
SBERP,2019-05-22,203.0,205.56,201.9,204.43,6890360
SBERP,2019-05-23,204.3,204.3,200.05,200.9,6200650
SBERP,2019-05-24,202.0,205.59,202.0,205.59,7706500
SBERP,2019-05-27,206.0,207.55,205.5,207.01,4601730
SBERP,2019-05-28,207.7,208.08,203.22,206.0,4893630
SBERP,2019-05-29,205.0,206.3,203.09,205.73,4836840
SBERP,2019-05-30,206.21,207.28,204.77,205.75,3606230
SBERP,2019-05-31,204.02,206.83,203.77,205.51,6307100
SBERP,2019-06-03,204.7,212.27,204.06,211.3,10925840
SBERP,2019-06-04,211.55,212.13,208.5,209.21,8405830
SBERP,2019-06-05,210.44,213.42,209.55,211.0,8048890
SBERP,2019-06-06,211.7,217.17,211.21,216.33,9069330
SBERP,2019-06-07,217.67,220.44,217.6,219.6,11310620
SBERP,2019-06-10,221.58,221.98,217.66,220.1,11487990
SBERP,2019-06-11,206.49,209.16,206.0,206.71,12523000
SBERP,2019-06-13,207.0,208.45,204.33,208.45,10181280
SBERP,2019-06-14,208.45,210.87,206.49,207.47,8892800
SBERP,2019-06-17,206.51,208.4,206.25,206.6,3539590
SBERP,2019-06-18,206.49,208.46,204.61,207.9,5715400
SBERP,2019-06-19,208.16,208.49,205.9,207.08,4134070
SBERP,2019-06-20,208.02,212.41,207.68,208.95,10484760
SBERP,2019-06-21,208.68,209.02,205.71,206.61,5327670
SBERP,2019-06-24,207.47,208.23,206.49,207.14,3039980
SBERP,2019-06-25,207.4,207.4,203.73,205.0,4838100
SBERP,2019-06-26,205.28,208.29,205.16,207.0,3449730
SBERP,2019-06-27,207.5,208.07,205.5,206.73,3841070
SBERP,2019-06-28,207.27,207.48,205.6,205.6,2095590
SBERP,2019-07-01,207.49,210.99,206.54,210.4,6176270
SBERP,2019-07-02,210.5,210.75,207.43,207.52,3179230
SBERP,2019-07-03,208.1,209.88,207.13,208.0,3083910
SBERP,2019-07-04,208.43,209.1,207.51,208.82,2874380
SBERP,2019-07-05,209.0,209.5,207.85,208.0,2935730
SBERP,2019-07-08,208.1,208.74,207.0,208.3,2102620
SBERP,2019-07-09,208.3,209.2,208.01,208.23,2363720
SBERP,2019-07-10,208.4,210.5,207.54,209.4,4406400
SBERP,2019-07-11,210.2,210.43,206.56,207.54,5346600
SBERP,2019-07-12,206.81,207.42,204.53,205.65,4333930
SBERP,2019-07-15,206.49,206.93,202.82,205.01,3612510
SBERP,2019-07-16,204.2,204.63,203.01,204.09,3744300
SBERP,2019-07-17,204.33,206.3,203.7,204.24,2770880
SBERP,2019-07-18,204.49,204.96,203.23,204.05,2789670
SBERP,2019-07-19,205.0,206.28,202.85,203.9,2899430
SBERP,2019-07-22,204.1,204.41,201.07,202.7,4135540
SBERP,2019-07-23,202.0,203.37,200.86,202.56,3344910
SBERP,2019-07-24,203.56,204.19,200.64,200.96,3824410
SBERP,2019-07-25,201.01,205.23,200.52,203.46,3193030
SBERP,2019-07-26,203.93,204.11,201.3,202.29,2414450
SBERP,2019-07-29,202.0,204.57,201.94,203.9,1663900
SBERP,2019-07-30,204.5,205.49,202.25,204.8,2972040
SBERP,2019-07-31,204.99,205.53,202.9,202.9,3451030
SBERP,2019-08-01,202.4,202.48,199.6,199.7,6221210
SBERP,2019-08-02,197.32,197.4,194.24,194.56,9105410
SBERP,2019-08-05,194.09,196.67,192.11,194.2,5935960
SBERP,2019-08-06,194.78,197.66,194.35,197.23,4600570
SBERP,2019-08-07,197.25,198.2,194.56,195.2,4137800
SBERP,2019-08-08,196.99,197.8,195.81,196.9,2738410
SBERP,2019-08-09,197.17,197.47,194.74,194.83,2359220
SBERP,2019-08-12,195.88,196.64,193.73,195.33,2646090
SBERP,2019-08-13,195.4,197.15,193.45,195.2,5597980
SBERP,2019-08-14,195.8,195.8,191.0,191.26,3976830
SBERP,2019-08-15,191.73,192.08,188.04,188.71,6128920
SBERP,2019-08-16,189.49,189.99,186.5,188.0,5839620
SBERP,2019-08-19,188.62,190.8,187.02,190.29,4293490
SBERP,2019-08-20,190.5,191.04,188.4,189.66,4407890
SBERP,2019-08-21,190.5,191.28,188.56,190.5,6060520
SBERP,2019-08-22,190.0,192.86,189.21,192.57,3731970
SBERP,2019-08-23,192.5,194.52,190.49,191.1,3263480
SBERP,2019-08-26,188.7,192.37,188.4,191.14,3562640
SBERP,2019-08-27,190.86,192.0,189.72,191.0,3650470
SBERP,2019-08-28,191.48,192.77,190.82,192.46,2182060
SBERP,2019-08-29,192.76,193.89,192.21,193.6,3129340
SBERP,2019-08-30,194.0,196.09,193.81,194.89,6994850
SBERP,2019-09-02,195.64,198.19,195.02,197.53,3489510
SBERP,2019-09-03,197.49,197.53,195.27,196.49,4683550
SBERP,2019-09-04,197.3,199.09,197.12,198.0,3601420
SBERP,2019-09-05,199.55,201.28,199.31,200.5,4360230
SBERP,2019-09-06,201.1,201.76,199.13,201.0,3858690
SBERP,2019-09-09,201.08,202.36,199.28,199.89,2755540
SBERP,2019-09-10,199.99,204.99,198.03,203.55,6136090
SBERP,2019-09-11,204.24,207.42,203.63,206.8,8375510
SBERP,2019-09-12,207.39,207.39,205.54,206.2,6118310
SBERP,2019-09-13,206.0,206.96,204.89,205.61,2724220
SBERP,2019-09-16,207.2,207.68,205.22,207.1,3113780
SBERP,2019-09-17,206.73,208.13,205.96,206.6,2667310
SBERP,2019-09-18,206.7,207.4,206.2,206.81,2164630
SBERP,2019-09-19,206.81,207.83,205.5,207.05,2983700
SBERP,2019-09-20,206.54,207.06,204.76,206.42,2829550
SBERP,2019-09-23,206.32,206.35,202.13,203.44,3414020
SBERP,2019-09-24,203.62,206.3,202.06,202.43,4118290
SBERP,2019-09-25,202.04,203.28,200.56,203.0,3667930
SBERP,2019-09-26,203.3,204.71,202.02,202.9,2629590
SBERP,2019-09-27,202.8,203.45,201.15,201.25,2730740
SBERP,2019-09-30,201.42,202.0,199.9,201.0,2896070
SBERP,2019-10-01,200.51,202.37,200.1,201.44,2123890
SBERP,2019-10-02,200.92,201.06,197.55,197.62,4443760
SBERP,2019-10-03,197.6,199.79,197.58,199.26,3297470
SBERP,2019-10-04,199.99,201.03,197.61,198.31,2838530
SBERP,2019-10-07,198.0,200.72,197.86,200.35,3813650
SBERP,2019-10-08,200.89,201.42,198.12,198.79,3312080
SBERP,2019-10-09,199.17,201.2,198.71,200.46,2360170
SBERP,2019-10-10,200.01,201.7,198.72,201.22,2781490
SBERP,2019-10-11,202.2,203.18,201.95,202.75,2799260
SBERP,2019-10-14,203.0,203.47,201.01,201.5,2612410
SBERP,2019-10-15,201.68,202.82,200.19,201.7,3091730
SBERP,2019-10-16,201.9,203.4,201.67,203.29,2810640
SBERP,2019-10-17,203.44,205.19,202.75,205.05,4707120
SBERP,2019-10-18,205.25,208.0,204.8,208.0,6143380
SBERP,2019-10-21,207.62,209.46,206.37,207.66,3998170
SBERP,2019-10-22,208.0,212.2,207.6,212.14,8976970
SBERP,2019-10-23,211.85,213.88,210.58,213.55,7299590
SBERP,2019-10-24,213.55,217.44,213.03,217.0,8157030
SBERP,2019-10-25,217.01,217.33,212.73,215.0,5486470
SBERP,2019-10-28,215.0,216.89,212.02,213.3,3773390
SBERP,2019-10-29,213.38,215.85,212.52,215.41,3637770
SBERP,2019-10-30,215.0,217.19,214.51,215.4,3494890
SBERP,2019-10-31,216.04,217.8,212.0,212.55,5107560
SBERP,2019-11-01,212.3,214.65,210.61,214.38,4697430
SBERP,2019-11-05,217.47,217.6,215.05,216.57,4924600
SBERP,2019-11-06,216.49,217.49,216.0,217.0,4258650
SBERP,2019-11-07,216.87,218.7,216.32,218.33,6517410
SBERP,2019-11-08,217.41,218.19,216.5,217.5,3531580
SBERP,2019-11-11,216.89,218.87,216.63,217.75,2497860
SBERP,2019-11-12,218.15,220.32,217.46,217.53,4392580
SBERP,2019-11-13,217.25,217.33,214.5,215.04,4542860
SBERP,2019-11-14,215.79,216.3,215.14,215.79,2861230
SBERP,2019-11-15,216.0,216.88,215.02,216.4,3728430
SBERP,2019-11-18,216.81,217.35,214.05,215.55,3263900
SBERP,2019-11-19,214.82,216.6,214.51,215.15,3114300
SBERP,2019-11-20,215.15,216.49,214.14,215.0,2752710
SBERP,2019-11-21,214.55,215.99,213.79,214.98,2986190
SBERP,2019-11-22,215.44,217.66,214.5,216.16,3111350
SBERP,2019-11-25,216.35,218.27,215.93,216.66,2545170
SBERP,2019-11-26,216.9,217.32,213.3,215.4,4285040
SBERP,2019-11-27,215.65,215.7,212.9,213.29,3446180
SBERP,2019-11-28,213.78,214.28,212.66,213.54,2342960
SBERP,2019-11-29,213.54,213.54,211.3,212.5,2703960
SBERP,2019-12-02,213.5,215.0,213.0,213.35,2494000
SBERP,2019-12-03,213.04,214.05,211.58,211.76,3231890
SBERP,2019-12-04,212.0,213.14,211.07,212.89,3590940
SBERP,2019-12-05,212.89,213.16,210.53,211.23,4476030
SBERP,2019-12-06,211.54,214.2,211.54,214.0,1840830
SBERP,2019-12-09,214.45,216.15,213.51,215.5,2641370
SBERP,2019-12-10,215.21,216.47,214.26,215.52,3533620
SBERP,2019-12-11,216.2,217.21,215.56,216.65,3555750
SBERP,2019-12-12,217.32,217.97,215.75,216.78,3335710
SBERP,2019-12-13,217.33,218.86,216.7,217.0,4310240
SBERP,2019-12-16,217.1,219.8,217.0,218.7,4509540
SBERP,2019-12-17,219.34,220.09,218.61,219.2,3097960
SBERP,2019-12-18,219.2,221.45,217.75,221.45,5502280
SBERP,2019-12-19,222.0,223.49,220.26,221.08,5397360
SBERP,2019-12-20,222.0,222.22,220.31,221.57,1890070
SBERP,2019-12-23,222.08,224.12,221.71,223.27,3136090
SBERP,2019-12-24,223.54,225.59,223.26,224.99,3152900
SBERP,2019-12-25,225.4,226.24,223.46,225.98,1947920
SBERP,2019-12-26,225.99,226.99,224.32,224.93,1785160
SBERP,2019-12-27,225.49,226.95,225.39,226.4,2280110
SBERP,2019-12-30,226.79,229.57,225.1,228.3,4548980
SBERP,2020-01-03,229.79,230.04,226.25,226.4,4469860
SBERP,2020-01-06,226.17,226.73,223.86,225.95,3014330
SBERP,2020-01-08,225.95,230.87,225.22,230.38,5582550
SBERP,2020-01-09,231.0,232.7,230.24,231.0,5739960
SBERP,2020-01-10,231.69,232.4,230.05,232.0,3026290
SBERP,2020-01-13,232.0,234.95,231.99,234.95,2743070
SBERP,2020-01-14,235.0,236.47,230.14,232.2,5520290
SBERP,2020-01-15,232.0,232.8,230.02,230.16,6242260
SBERP,2020-01-16,231.0,233.07,230.6,230.99,3822900
SBERP,2020-01-17,231.4,235.21,231.2,234.57,5898670
SBERP,2020-01-20,235.18,238.7,234.59,238.5,5276930
SBERP,2020-01-21,237.97,239.43,235.11,238.4,4516590
SBERP,2020-01-22,239.88,241.24,235.63,236.5,5475700
SBERP,2020-01-23,235.39,236.17,232.97,233.77,6381510
SBERP,2020-01-24,235.0,236.29,233.73,234.61,3729960
SBERP,2020-01-27,232.3,232.4,227.0,228.51,8112500
SBERP,2020-01-28,229.64,230.45,226.0,229.86,4889290
SBERP,2020-01-29,230.55,232.23,230.15,231.39,4033990
SBERP,2020-01-30,230.48,230.48,228.24,229.63,3554910
SBERP,2020-01-31,230.99,231.3,222.23,227.1,5443480
SBERP,2020-02-03,224.75,226.9,224.56,225.6,6053630
SBERP,2020-02-04,226.27,227.64,225.77,226.9,5557170
SBERP,2020-02-05,226.99,231.69,225.6,229.4,6726570
SBERP,2020-02-06,231.0,231.65,228.45,229.54,5873460
SBERP,2020-02-07,230.5,231.08,226.5,231.08,5716320
SBERP,2020-02-10,231.0,232.85,229.71,231.8,6997640
SBERP,2020-02-11,232.61,243.4,232.61,237.0,14053290
SBERP,2020-02-12,237.4,238.8,233.25,235.6,10437210
SBERP,2020-02-13,235.0,237.0,233.72,236.3,4725660
SBERP,2020-02-14,236.97,236.99,232.33,232.87,5260590
SBERP,2020-02-17,233.58,234.0,230.41,231.47,4747280
SBERP,2020-02-18,230.39,231.05,225.75,228.14,8910060
SBERP,2020-02-19,229.05,229.86,227.15,229.53,5480700
SBERP,2020-02-20,230.0,231.7,229.6,229.9,3866550
SBERP,2020-02-21,229.0,231.33,228.12,230.91,3925400
SBERP,2020-02-25,228.0,229.27,226.8,227.5,5222440
SBERP,2020-02-26,227.0,229.38,225.2,229.08,7677590
SBERP,2020-02-27,226.9,228.27,221.5,222.0,10919450
SBERP,2020-02-28,216.7,221.0,210.0,215.15,17530640
SBERP,2020-03-02,221.0,222.34,207.09,216.96,13079090
SBERP,2020-03-03,220.01,223.53,218.16,222.4,7780360
SBERP,2020-03-04,221.79,222.5,218.83,222.0,6467710
SBERP,2020-03-05,223.29,224.2,218.65,220.0,5823750
SBERP,2020-03-06,217.0,217.99,207.51,210.01,13414020
SBERP,2020-03-10,189.01,203.67,177.0,193.18,32975750
SBERP,2020-03-11,198.96,200.0,187.03,188.8,15886530
SBERP,2020-03-12,180.65,181.51,169.07,171.37,19382960
SBERP,2020-03-13,172.13,190.0,172.13,185.85,20554730
SBERP,2020-03-16,183.0,183.1,168.0,177.0,24733190
SBERP,2020-03-17,178.0,186.15,170.75,172.46,17134400
SBERP,2020-03-18,170.6,172.7,160.35,162.0,21922940
SBERP,2020-03-19,165.0,173.95,160.0,172.95,29602940
SBERP,2020-03-20,177.6,186.88,177.6,180.9,20938510
SBERP,2020-03-23,174.0,178.53,172.0,174.2,12894510
SBERP,2020-03-24,178.72,183.26,178.51,181.1,10748810
SBERP,2020-03-25,184.5,189.23,173.36,177.01,21384010
SBERP,2020-03-26,177.0,180.48,174.35,179.1,10219560
SBERP,2020-03-27,180.0,180.67,173.0,173.0,10863040
SBERP,2020-03-30,169.54,173.9,167.43,173.75,13447420
SBERP,2020-03-31,176.0,178.3,174.13,176.83,14548260
SBERP,2020-04-01,172.0,175.93,172.0,174.1,13362500
SBERP,2020-04-02,178.05,178.05,171.17,174.34,24595220
SBERP,2020-04-03,174.45,175.83,173.0,175.5,12384170
SBERP,2020-04-06,176.5,180.79,175.55,179.88,14996410
SBERP,2020-04-07,182.0,187.4,181.36,183.74,18655040
SBERP,2020-04-08,182.8,185.17,181.54,185.17,11868820
SBERP,2020-04-09,187.0,188.23,184.43,186.6,14524320
SBERP,2020-04-10,186.0,187.0,184.46,185.34,5347440
SBERP,2020-04-13,186.0,186.0,180.52,181.4,8966390
SBERP,2020-04-14,181.31,183.3,179.0,180.36,8223800
SBERP,2020-04-15,178.8,179.5,171.0,172.0,15135580
SBERP,2020-04-16,173.1,175.16,169.4,172.16,17516520
SBERP,2020-04-17,175.0,175.03,165.5,174.1,11901460
SBERP,2020-04-20,173.15,173.8,171.0,171.37,10169100
SBERP,2020-04-21,169.29,169.4,166.44,167.65,19072860
SBERP,2020-04-22,167.7,172.75,166.4,171.9,10453920
SBERP,2020-04-23,173.66,173.66,171.26,172.64,7962700
SBERP,2020-04-24,172.0,173.5,170.16,171.46,5616240
SBERP,2020-04-27,172.8,173.16,171.7,172.43,4112320
SBERP,2020-04-28,172.38,177.34,171.78,176.12,10504480
SBERP,2020-04-29,176.99,177.89,176.3,177.5,7338850
SBERP,2020-04-30,179.0,179.78,176.45,177.2,10158560
SBERP,2020-05-04,176.6,177.12,174.59,176.34,4958890
SBERP,2020-05-05,177.61,179.18,177.4,178.49,5658250
SBERP,2020-05-06,179.05,181.41,178.54,181.0,8317420
SBERP,2020-05-07,181.58,183.33,179.58,180.02,7951880
SBERP,2020-05-08,180.25,180.89,178.23,179.79,7358560
SBERP,2020-05-12,179.38,180.6,176.57,177.9,9972130
SBERP,2020-05-13,176.99,176.99,174.02,174.62,8615850
SBERP,2020-05-14,174.0,175.42,172.0,172.63,10176630
SBERP,2020-05-15,174.33,174.95,172.25,172.28,7372070
SBERP,2020-05-18,173.8,177.41,173.54,177.14,11159860
SBERP,2020-05-19,178.0,180.1,173.3,174.59,24592510
SBERP,2020-05-20,174.45,178.5,173.3,177.88,15212190
SBERP,2020-05-21,178.44,179.62,176.25,176.79,10443840
SBERP,2020-05-22,175.6,176.94,175.22,176.66,5398480
SBERP,2020-05-25,177.0,177.62,174.93,176.8,8064720
SBERP,2020-05-26,177.61,179.0,176.79,177.22,12121250
SBERP,2020-05-27,177.22,179.87,176.4,178.8,13698610
SBERP,2020-05-28,179.22,185.5,179.11,185.5,20661100
SBERP,2020-05-29,184.59,184.79,180.7,181.6,12494510
SBERP,2020-06-01,183.3,185.23,182.51,184.0,6687680
SBERP,2020-06-02,184.55,193.53,184.29,192.5,16656670
SBERP,2020-06-03,194.74,199.0,193.51,198.99,19526350
SBERP,2020-06-04,198.0,199.38,192.08,193.1,12122240
SBERP,2020-06-05,195.0,200.65,194.77,200.3,10602260
SBERP,2020-06-08,201.42,202.6,198.76,200.5,10419630
SBERP,2020-06-09,201.99,202.24,195.12,198.45,7959090
SBERP,2020-06-10,198.75,198.97,195.42,195.85,5696210
SBERP,2020-06-11,194.0,194.02,190.56,191.4,7693450
SBERP,2020-06-15,188.7,191.36,186.53,191.0,6905140
SBERP,2020-06-16,193.02,195.6,192.58,193.2,6492880
SBERP,2020-06-17,194.89,194.89,191.29,191.29,5588540
SBERP,2020-06-18,192.56,192.56,187.71,189.8,5777230
SBERP,2020-06-19,190.46,192.5,190.17,191.09,5345740
SBERP,2020-06-22,190.89,192.97,189.2,191.01,5318480
SBERP,2020-06-23,191.5,193.0,190.2,190.5,6163000
SBERP,2020-06-25,188.0,190.0,186.1,190.0,7434120
SBERP,2020-06-26,190.6,190.62,186.72,187.6,6441660
SBERP,2020-06-29,187.59,190.7,186.02,190.6,6145820
SBERP,2020-06-30,190.8,191.1,187.75,188.76,6008760
SBERP,2020-07-02,190.02,192.9,188.99,192.6,6386090
SBERP,2020-07-03,193.0,194.4,191.98,193.47,5855200
SBERP,2020-07-06,195.79,197.98,195.0,196.91,5979290
SBERP,2020-07-07,194.5,196.75,192.12,193.25,7405950
SBERP,2020-07-08,193.9,194.36,191.57,193.48,6693880
SBERP,2020-07-09,193.48,194.38,191.39,192.46,6267040
SBERP,2020-07-10,191.1,193.68,190.1,193.49,5604780
SBERP,2020-07-13,194.0,195.33,190.8,190.87,6268190
SBERP,2020-07-14,191.18,192.4,189.02,192.17,5077280
SBERP,2020-07-15,192.53,193.86,191.25,193.21,4433940
SBERP,2020-07-16,191.85,195.19,191.85,193.86,3139430
SBERP,2020-07-17,194.48,195.45,193.44,195.19,4467560
SBERP,2020-07-20,195.15,197.9,193.52,197.74,6693450
SBERP,2020-07-21,198.0,200.75,197.9,198.35,8599590
SBERP,2020-07-22,198.95,199.97,196.75,199.36,4692730
SBERP,2020-07-23,199.9,200.83,197.53,198.4,4303760
SBERP,2020-07-24,197.62,199.95,196.67,199.0,3892800
SBERP,2020-07-27,199.99,201.67,198.74,201.29,5229510
SBERP,2020-07-28,201.5,202.01,199.59,200.47,3778340
SBERP,2020-07-29,200.57,203.0,200.18,202.87,5698400
SBERP,2020-07-30,203.0,210.01,200.38,203.33,8842880
SBERP,2020-07-31,203.9,205.95,203.14,205.47,8763370
SBERP,2020-08-03,206.27,210.77,204.0,209.82,8337430
SBERP,2020-08-04,210.4,211.62,208.62,210.4,5530760
SBERP,2020-08-05,210.71,211.5,208.21,209.35,8867880
SBERP,2020-08-06,209.04,210.12,208.0,209.45,4209300
SBERP,2020-08-07,209.46,210.92,208.52,210.6,4820860
SBERP,2020-08-10,211.0,211.91,209.22,210.64,4320140
SBERP,2020-08-11,210.72,216.4,210.72,214.06,9407850
SBERP,2020-08-12,214.52,220.64,214.5,220.5,12184260
SBERP,2020-08-13,220.06,222.57,218.23,220.01,9467110
SBERP,2020-08-14,220.25,220.5,217.22,219.27,7805300
SBERP,2020-08-17,220.73,220.73,215.5,217.79,8781800
SBERP,2020-08-18,217.01,218.43,215.44,216.3,7429860
SBERP,2020-08-19,216.0,219.43,215.09,218.15,5080560
SBERP,2020-08-20,217.72,217.91,213.7,215.5,10959740
SBERP,2020-08-21,216.3,220.9,213.2,217.71,20876700
SBERP,2020-08-24,219.0,219.76,217.6,218.95,7150820
SBERP,2020-08-25,219.25,219.8,216.0,216.99,8303110
SBERP,2020-08-26,216.8,217.64,214.82,217.4,8699010
SBERP,2020-08-27,217.85,218.08,215.66,216.6,7078920
SBERP,2020-08-28,217.16,217.16,215.0,215.54,5512120
SBERP,2020-08-31,216.38,217.11,214.57,215.5,7458260
SBERP,2020-09-01,216.29,217.37,215.62,217.16,4451600
SBERP,2020-09-02,217.57,218.2,212.05,214.0,11998310
SBERP,2020-09-03,214.0,215.49,209.7,210.4,11338480
SBERP,2020-09-04,209.99,214.6,207.4,214.35,8640600
SBERP,2020-09-07,213.7,216.1,212.63,213.93,7693990
SBERP,2020-09-08,214.3,214.47,209.03,211.04,11311090
SBERP,2020-09-09,210.75,211.91,210.0,211.17,6562360
SBERP,2020-09-10,211.77,213.52,209.5,211.4,10397780
SBERP,2020-09-11,212.88,215.15,210.94,214.31,6234870
SBERP,2020-09-14,215.98,218.5,215.08,218.3,8461370
SBERP,2020-09-15,218.4,221.97,218.01,221.87,9841930
SBERP,2020-09-16,221.9,224.1,220.81,222.11,8118170
SBERP,2020-09-17,220.95,222.22,220.01,221.89,7287850
SBERP,2020-09-18,222.3,222.69,221.01,222.14,5554780
SBERP,2020-09-21,221.78,222.32,216.55,219.25,10768840
SBERP,2020-09-22,218.97,223.0,218.55,222.24,9516790
SBERP,2020-09-23,222.2,223.37,220.57,221.8,10992390
SBERP,2020-09-24,221.2,223.7,218.52,220.0,12271230
SBERP,2020-09-25,221.0,221.71,219.01,220.9,10268170
SBERP,2020-09-28,221.0,222.11,220.33,221.47,9682630
SBERP,2020-09-29,221.81,221.9,218.1,219.98,13260010
SBERP,2020-09-30,219.66,222.7,218.2,221.8,12910370
SBERP,2020-10-01,222.01,222.5,219.3,220.02,19582750
SBERP,2020-10-02,203.0,205.0,199.5,202.25,27675790
SBERP,2020-10-05,203.1,205.5,201.07,202.62,10034770
SBERP,2020-10-06,202.11,203.03,200.05,201.49,12822890
SBERP,2020-10-07,202.02,202.66,199.91,201.1,6863010
SBERP,2020-10-08,201.21,201.76,200.22,200.5,4780550
SBERP,2020-10-09,200.02,201.32,197.53,198.76,10462140
SBERP,2020-10-12,199.1,200.08,198.0,198.6,6218500
SBERP,2020-10-13,198.55,198.8,195.08,195.4,8836310
SBERP,2020-10-14,195.7,199.0,195.1,198.62,5830070
SBERP,2020-10-15,198.72,198.79,194.0,195.25,6731140
SBERP,2020-10-16,195.28,196.21,192.3,192.99,8064670
SBERP,2020-10-19,193.49,194.4,192.5,193.0,5114810
SBERP,2020-10-20,193.34,197.5,193.1,197.43,13809850
SBERP,2020-10-21,197.85,199.97,195.97,197.59,9655450
SBERP,2020-10-22,196.81,198.53,195.78,196.97,7799330
SBERP,2020-10-23,196.62,200.77,196.62,200.3,11178910
SBERP,2020-10-26,199.5,200.5,197.55,197.98,7939170
SBERP,2020-10-27,197.9,199.25,195.89,196.7,4632970
SBERP,2020-10-28,196.5,196.5,191.01,193.04,9073160
SBERP,2020-10-29,193.73,196.5,191.5,195.06,6137430
SBERP,2020-10-30,194.0,194.92,192.49,192.91,7188940
SBERP,2020-11-02,192.77,196.8,189.27,196.25,9120600
SBERP,2020-11-03,196.31,201.76,195.82,199.78,11278030
SBERP,2020-11-05,203.5,209.5,202.01,205.01,13951310
SBERP,2020-11-06,204.51,205.8,202.43,204.79,6893600
SBERP,2020-11-09,206.13,215.4,206.12,212.31,21060700
SBERP,2020-11-10,212.4,220.4,211.6,218.19,27333030
SBERP,2020-11-11,219.5,224.21,219.2,221.87,30905230
SBERP,2020-11-12,221.0,224.02,218.3,221.0,18402430
SBERP,2020-11-13,221.0,222.71,219.0,221.0,10769050
SBERP,2020-11-16,222.7,225.77,222.56,224.22,11512220
SBERP,2020-11-17,224.15,226.08,221.55,223.0,9575250
SBERP,2020-11-18,223.43,224.87,222.24,222.7,5594520
SBERP,2020-11-19,222.6,222.95,219.0,220.89,6538890
SBERP,2020-11-20,220.11,221.5,218.76,221.49,4705630
SBERP,2020-11-23,222.94,224.45,219.78,221.77,6761560
SBERP,2020-11-24,223.47,226.4,220.7,225.18,10011510
SBERP,2020-11-25,225.97,230.18,224.67,229.9,13041580
SBERP,2020-11-26,230.0,230.38,226.43,227.86,5826470
SBERP,2020-11-27,228.3,230.5,226.8,229.91,4487900
SBERP,2020-11-30,228.0,230.45,226.81,229.25,6199080
SBERP,2020-12-01,229.54,235.27,229.17,235.17,13318230
SBERP,2020-12-02,235.01,238.99,234.2,238.25,9148970
SBERP,2020-12-03,238.59,240.39,236.41,238.55,6618570
SBERP,2020-12-04,240.1,245.89,239.67,245.5,10171370
SBERP,2020-12-07,244.02,249.78,243.5,248.6,10203390
SBERP,2020-12-08,247.82,250.57,246.37,248.84,7156440
SBERP,2020-12-09,249.16,252.0,249.0,249.4,8031870
SBERP,2020-12-10,249.55,251.8,247.66,251.29,5752840
SBERP,2020-12-11,251.91,253.81,249.9,250.95,7486500
SBERP,2020-12-14,252.0,253.7,243.8,246.26,9773010
SBERP,2020-12-15,245.88,248.75,242.74,245.33,8567970
SBERP,2020-12-16,245.6,247.0,243.55,246.97,5806990
SBERP,2020-12-17,248.0,252.3,248.0,249.05,9725590
SBERP,2020-12-18,248.59,248.98,240.7,243.25,7671970
SBERP,2020-12-21,238.49,238.84,230.5,233.65,12298600
SBERP,2020-12-22,230.54,239.99,227.5,237.12,9508740
SBERP,2020-12-23,237.0,242.89,235.26,242.01,5115380
SBERP,2020-12-24,242.5,245.0,238.22,240.26,5003660
SBERP,2020-12-25,240.4,241.85,239.51,241.0,1461370
SBERP,2020-12-28,242.0,245.99,241.5,245.44,4240780
SBERP,2020-12-29,246.0,247.59,242.72,243.85,4971650
SBERP,2020-12-30,243.89,244.38,240.41,242.06,5043930
SBERP,2021-01-04,242.0,248.65,242.0,245.39,5889030
SBERP,2021-01-05,246.55,248.47,243.7,247.26,3970850
SBERP,2021-01-06,247.0,247.84,245.0,246.2,4662670
SBERP,2021-01-08,247.3,253.47,247.3,252.49,8081890
SBERP,2021-01-11,250.45,259.94,249.07,256.92,11465290
SBERP,2021-01-12,258.04,261.98,254.6,257.69,9637940
SBERP,2021-01-13,258.97,259.6,251.02,252.93,7883450
SBERP,2021-01-14,253.89,255.77,249.16,255.35,5635400
SBERP,2021-01-15,254.0,257.35,248.3,250.34,8112050
SBERP,2021-01-18,249.49,255.1,246.6,253.8,8160390
SBERP,2021-01-19,255.29,256.24,251.12,252.3,5414700
SBERP,2021-01-20,252.87,255.2,251.76,254.0,4094220
SBERP,2021-01-21,255.0,255.45,248.55,248.8,6288330
SBERP,2021-01-22,247.8,248.0,241.9,244.2,8837340
SBERP,2021-01-25,246.51,248.5,241.65,244.61,6992240
SBERP,2021-01-26,243.36,247.43,242.72,247.1,4603340
SBERP,2021-01-27,247.15,250.62,243.57,243.98,6243270
SBERP,2021-01-28,243.0,245.63,240.9,244.85,6327720
SBERP,2021-01-29,243.99,244.0,237.32,237.78,7566610
SBERP,2021-02-01,239.9,243.08,238.1,242.79,4087910
SBERP,2021-02-02,243.21,245.64,241.95,242.07,5122530
SBERP,2021-02-03,242.73,245.79,240.25,242.04,4232240
SBERP,2021-02-04,241.41,247.31,241.41,247.13,5634190
SBERP,2021-02-05,247.56,249.5,246.17,247.86,4522890
SBERP,2021-02-08,248.98,251.37,248.58,250.84,4284620
SBERP,2021-02-09,251.01,251.76,246.07,247.89,5275510
SBERP,2021-02-10,247.47,250.59,243.5,245.16,5891710
SBERP,2021-02-11,245.15,245.96,242.83,243.29,3365540
SBERP,2021-02-12,243.4,245.75,238.58,245.33,6246510
SBERP,2021-02-15,247.0,249.77,246.55,249.75,4521720
SBERP,2021-02-16,250.2,250.68,247.7,248.64,3037950
SBERP,2021-02-17,248.15,251.7,246.11,248.39,5008930
SBERP,2021-02-18,248.98,250.0,245.81,247.0,5749590
SBERP,2021-02-19,246.15,251.11,244.0,249.64,4756620
SBERP,2021-02-20,249.89,249.9,247.74,249.12,719120
SBERP,2021-02-22,248.51,252.0,247.3,251.48,3648980
SBERP,2021-02-24,248.58,251.17,247.85,250.26,5316480
SBERP,2021-02-25,250.4,253.44,249.27,249.51,6170310
SBERP,2021-02-26,248.96,250.95,246.35,249.4,4853330
SBERP,2021-03-01,250.71,252.32,249.72,250.1,5988400
SBERP,2021-03-02,249.43,253.9,248.72,252.75,7013290
SBERP,2021-03-03,255.49,256.26,251.81,252.3,5910450
SBERP,2021-03-04,252.99,256.51,249.14,250.24,8781750
SBERP,2021-03-05,251.51,253.63,249.0,252.75,6397730
SBERP,2021-03-09,252.99,259.3,252.39,258.86,7853310
SBERP,2021-03-10,259.0,260.7,256.64,258.0,6751290
SBERP,2021-03-11,259.35,259.95,256.27,258.47,4740460
SBERP,2021-03-12,258.4,260.96,257.29,260.39,3927340
SBERP,2021-03-15,261.28,264.86,259.8,264.86,4337670
SBERP,2021-03-16,264.99,265.82,261.1,263.33,4479800
SBERP,2021-03-17,262.33,264.3,255.05,257.65,9045460
SBERP,2021-03-18,259.19,260.23,254.85,255.79,6269210
SBERP,2021-03-19,256.0,260.69,255.3,260.62,5882770
SBERP,2021-03-22,259.5,264.76,258.8,263.86,6188870
SBERP,2021-03-23,262.5,263.44,259.81,260.4,6903130
SBERP,2021-03-24,260.11,265.34,260.11,263.7,6368050
SBERP,2021-03-25,263.9,265.17,262.23,264.47,5314090
SBERP,2021-03-26,265.29,269.4,265.29,269.28,7771270
SBERP,2021-03-29,268.8,271.8,267.9,271.38,5637330
SBERP,2021-03-30,271.34,273.2,270.0,271.9,4277400
SBERP,2021-03-31,271.41,273.1,270.17,270.93,4327280
SBERP,2021-04-01,270.81,272.76,268.22,270.5,4764600
SBERP,2021-04-02,271.0,271.98,269.29,271.61,2582330
SBERP,2021-04-05,271.55,271.78,268.76,270.2,4383690
SBERP,2021-04-06,269.7,270.67,264.75,265.4,7974710
SBERP,2021-04-07,265.4,267.0,261.77,266.85,7833040
SBERP,2021-04-08,266.77,268.97,265.71,267.41,6892350
SBERP,2021-04-09,267.69,267.69,264.96,266.12,5494690
SBERP,2021-04-12,264.85,267.79,263.5,266.85,8325490
SBERP,2021-04-13,267.7,270.98,266.33,270.65,7885170
SBERP,2021-04-14,271.96,272.97,270.48,271.76,7472810
SBERP,2021-04-15,268.0,270.0,266.06,269.88,9343490
SBERP,2021-04-16,270.89,274.98,269.73,274.29,6273390
SBERP,2021-04-19,275.0,275.1,272.18,273.71,5577650
SBERP,2021-04-20,274.22,278.0,271.37,272.39,8823140
SBERP,2021-04-21,272.56,275.19,272.4,274.97,5978210
SBERP,2021-04-22,274.27,276.75,272.62,276.08,8335530
SBERP,2021-04-23,276.1,279.8,276.0,279.76,7147220
SBERP,2021-04-26,280.0,282.3,279.77,281.4,7617500
SBERP,2021-04-27,282.0,285.7,281.72,283.98,7118560
SBERP,2021-04-28,284.14,285.05,281.03,284.23,5008350
SBERP,2021-04-29,286.1,286.81,281.81,283.47,8003560
SBERP,2021-04-30,283.46,284.29,281.85,283.5,5146510
SBERP,2021-05-04,285.62,288.93,284.75,288.52,7906730
SBERP,2021-05-05,289.0,289.95,287.73,289.9,6063030
SBERP,2021-05-06,289.98,296.37,289.49,295.95,12457660
SBERP,2021-05-07,296.0,299.5,296.0,298.13,10060300
SBERP,2021-05-10,298.4,299.3,295.29,299.21,12826530
SBERP,2021-05-11,282.5,288.67,280.24,287.7,13270920
SBERP,2021-05-12,287.97,289.49,280.0,280.59,9961800
SBERP,2021-05-13,280.59,285.23,276.86,285.0,8310470
SBERP,2021-05-14,285.26,286.46,281.02,282.26,4260410
SBERP,2021-05-17,281.5,283.5,279.14,281.42,5287880
SBERP,2021-05-18,283.08,283.66,281.43,282.35,3211040
SBERP,2021-05-19,281.5,281.88,276.46,278.09,6643900
SBERP,2021-05-20,278.4,279.79,275.45,278.79,4021180
SBERP,2021-05-21,279.6,283.15,277.5,281.66,4929580
SBERP,2021-05-24,282.89,284.25,280.46,281.44,3070200
SBERP,2021-05-25,281.8,287.0,281.59,285.86,4149400
SBERP,2021-05-26,286.15,288.49,284.99,286.29,4727350
SBERP,2021-05-27,286.35,291.78,285.3,291.44,5752050
SBERP,2021-05-28,291.59,293.26,288.77,290.32,5846960
SBERP,2021-05-31,290.04,294.15,290.04,293.28,3840350
SBERP,2021-06-01,294.45,295.5,292.9,294.32,4389500
SBERP,2021-06-02,294.89,295.71,293.01,294.99,3793730
SBERP,2021-06-03,295.3,296.22,291.15,293.03,4628280
SBERP,2021-06-04,292.57,293.15,288.99,292.08,3483430
SBERP,2021-06-07,292.0,295.46,290.53,294.79,3435970
SBERP,2021-06-08,294.75,295.3,292.32,293.99,2796510
SBERP,2021-06-09,295.0,295.0,292.21,293.99,2251170
SBERP,2021-06-10,293.02,295.39,292.8,293.85,2769940
SBERP,2021-06-11,294.35,294.35,292.03,292.22,2419920
SBERP,2021-06-14,293.5,293.5,290.84,292.48,3039740
SBERP,2021-06-15,293.66,293.78,291.3,291.32,2955480
SBERP,2021-06-16,291.37,293.1,289.52,291.0,4398220
SBERP,2021-06-17,290.0,292.85,289.82,290.91,4093440
SBERP,2021-06-18,291.17,291.36,285.11,286.7,5128090
SBERP,2021-06-21,285.5,286.74,283.56,286.67,4107290
SBERP,2021-06-22,287.63,288.05,284.75,286.27,2051400
SBERP,2021-06-23,287.2,289.22,285.57,286.75,2021910
SBERP,2021-06-24,287.8,287.8,285.15,286.01,1599070
SBERP,2021-06-25,286.02,287.61,285.63,287.22,1325490
SBERP,2021-06-28,286.3,287.34,283.94,283.94,2360990
SBERP,2021-06-29,283.12,283.79,278.7,281.92,4110270
SBERP,2021-06-30,282.01,282.62,279.61,282.16,2310190
SBERP,2021-07-01,281.81,282.86,280.0,281.09,2913790
SBERP,2021-07-02,280.8,283.6,280.2,283.17,1911010
SBERP,2021-07-05,283.1,283.56,281.0,282.5,1526660
SBERP,2021-07-06,283.02,283.02,279.51,280.91,2540400
SBERP,2021-07-07,280.91,282.85,280.23,281.5,2650310
SBERP,2021-07-08,280.95,282.0,278.45,280.5,3363250
SBERP,2021-07-09,280.95,281.76,279.4,281.01,2220450
SBERP,2021-07-12,281.33,284.84,279.53,284.61,2770150
SBERP,2021-07-13,285.0,285.49,280.12,281.87,2001270
SBERP,2021-07-14,281.1,282.36,278.98,279.9,2575360
SBERP,2021-07-15,278.99,281.39,277.86,280.04,3613090
SBERP,2021-07-16,279.6,282.9,277.55,277.78,3134980
SBERP,2021-07-19,277.08,277.08,270.4,272.19,6459680
SBERP,2021-07-20,273.99,277.49,273.0,277.02,5970830
SBERP,2021-07-21,276.95,278.58,274.71,276.01,3632250
SBERP,2021-07-22,276.1,278.9,275.35,278.6,2433140
SBERP,2021-07-23,278.71,280.25,276.52,278.34,2080670
SBERP,2021-07-26,276.39,284.97,275.12,284.95,3216930
SBERP,2021-07-27,285.0,285.48,281.4,281.65,2723290
SBERP,2021-07-28,281.98,283.7,281.51,283.69,2636320
SBERP,2021-07-29,284.22,285.85,283.19,284.95,2656100
SBERP,2021-07-30,284.18,289.67,283.38,288.7,5185480
SBERP,2021-08-02,290.27,290.75,285.42,286.55,4554180
SBERP,2021-08-03,287.81,291.8,286.92,291.76,4240370
SBERP,2021-08-04,292.28,293.44,290.21,290.82,2764320
SBERP,2021-08-05,290.99,294.9,290.24,294.75,2767320
SBERP,2021-08-06,294.78,297.93,294.03,296.31,4281130
SBERP,2021-08-09,295.3,301.84,294.58,301.08,7116890
SBERP,2021-08-10,301.9,305.37,301.38,304.97,4676800
SBERP,2021-08-11,305.01,306.34,301.09,304.23,4480700
SBERP,2021-08-12,304.99,304.99,302.3,303.3,1839030
SBERP,2021-08-13,302.9,304.25,302.4,303.48,1639050
SBERP,2021-08-16,302.86,304.7,302.0,304.2,1923250
SBERP,2021-08-17,304.12,310.0,303.37,308.87,3964340
SBERP,2021-08-18,309.79,312.58,307.82,310.15,4518400
SBERP,2021-08-19,309.5,309.68,304.2,308.3,5761460
SBERP,2021-08-20,309.75,309.75,303.22,303.77,3569720
SBERP,2021-08-23,306.0,307.64,304.51,306.76,1866030
SBERP,2021-08-24,306.82,308.03,302.2,303.79,2969690
SBERP,2021-08-25,302.87,304.19,300.3,303.7,2488960
SBERP,2021-08-26,303.0,304.4,301.36,302.64,2280930
SBERP,2021-08-27,303.66,307.8,302.54,307.47,2747080
SBERP,2021-08-30,307.6,310.22,307.12,308.88,2597130
SBERP,2021-08-31,310.0,311.0,308.06,308.65,2166910
SBERP,2021-09-01,308.1,313.56,308.0,313.23,2139130
SBERP,2021-09-02,314.0,314.34,309.24,309.3,2275170
SBERP,2021-09-03,310.15,310.56,307.0,309.98,2444870
SBERP,2021-09-06,309.98,311.44,308.91,310.32,1611120
SBERP,2021-09-07,311.59,311.59,306.54,307.96,2172160
SBERP,2021-09-08,307.96,314.17,305.0,313.29,3331660
SBERP,2021-09-09,312.99,312.99,308.69,309.28,3007350
SBERP,2021-09-10,309.83,310.58,308.38,309.83,1541570
SBERP,2021-09-13,309.83,310.93,307.61,309.97,2156950
SBERP,2021-09-14,310.24,311.62,308.58,310.22,2487220
SBERP,2021-09-15,310.22,316.74,310.0,316.35,3190130
SBERP,2021-09-16,315.8,317.49,307.61,309.8,5260880
SBERP,2021-09-17,308.55,313.47,308.27,311.52,1970750
SBERP,2021-09-20,310.78,310.78,307.87,308.3,3268770
SBERP,2021-09-21,308.61,310.65,305.8,306.97,3575380
SBERP,2021-09-22,307.84,311.32,306.26,310.01,2918260
SBERP,2021-09-23,312.15,312.7,308.0,310.38,1849720
SBERP,2021-09-24,310.32,310.32,307.26,308.77,1570760
SBERP,2021-09-27,311.0,314.0,309.46,313.5,2696190
SBERP,2021-09-28,314.0,315.2,309.14,309.77,3782530
SBERP,2021-09-29,309.02,311.37,308.32,309.44,2270540
SBERP,2021-09-30,310.7,320.17,310.18,317.26,6409290
SBERP,2021-10-01,316.32,317.73,314.33,316.08,2816320
SBERP,2021-10-04,315.0,322.79,313.83,319.34,7587660
SBERP,2021-10-05,321.48,334.33,316.66,333.23,9825360
SBERP,2021-10-06,335.0,345.92,331.2,336.3,8292340
SBERP,2021-10-07,338.08,343.63,336.5,339.39,5221570
SBERP,2021-10-08,339.81,344.39,338.51,343.43,2405520
SBERP,2021-10-11,347.91,357.0,345.73,356.0,8144070
SBERP,2021-10-12,354.86,356.21,346.5,346.61,7901610
SBERP,2021-10-13,347.9,347.98,340.22,346.45,9159650
SBERP,2021-10-14,350.06,351.3,342.91,345.3,7299150
SBERP,2021-10-15,347.83,347.83,339.33,341.5,4340460
SBERP,2021-10-18,339.67,339.67,331.62,333.03,7335190
SBERP,2021-10-19,333.44,339.94,330.42,339.92,5062950
SBERP,2021-10-20,339.96,339.97,334.3,338.4,2892010
SBERP,2021-10-21,338.0,338.58,332.23,334.25,2569950
SBERP,2021-10-22,335.26,338.88,332.36,333.0,4794240
SBERP,2021-10-25,333.5,339.69,331.0,338.51,4231350
SBERP,2021-10-26,337.05,339.84,334.0,337.87,4783880
SBERP,2021-10-27,336.8,338.7,334.05,335.92,4139770
SBERP,2021-10-28,334.3,338.33,327.25,329.6,6598330
SBERP,2021-10-29,329.0,329.0,319.6,322.38,6923990
SBERP,2021-11-01,323.23,332.99,322.59,332.99,10108770
SBERP,2021-11-02,332.6,334.73,328.6,331.51,5477890
SBERP,2021-11-03,331.0,335.4,327.96,335.02,3321510
SBERP,2021-11-05,333.5,333.5,325.9,327.66,2921810
SBERP,2021-11-08,327.87,330.47,323.37,325.52,3294070
SBERP,2021-11-09,325.25,330.18,324.15,326.3,3590380
SBERP,2021-11-10,325.73,327.85,318.4,318.58,4889960
SBERP,2021-11-11,318.65,325.4,317.22,324.15,3764430
SBERP,2021-11-12,325.08,325.1,310.65,316.7,10557040
SBERP,2021-11-15,316.39,320.95,313.68,315.89,5271020
SBERP,2021-11-16,316.0,317.12,308.28,310.58,6769670
SBERP,2021-11-17,310.27,314.39,309.12,311.48,4231420
SBERP,2021-11-18,311.0,313.5,306.0,309.1,5010910
SBERP,2021-11-19,310.64,311.76,299.0,302.0,8882380
SBERP,2021-11-22,300.98,301.0,285.9,288.7,17452180
SBERP,2021-11-23,288.0,304.0,280.37,303.95,13177770
SBERP,2021-11-24,305.0,306.91,295.44,298.89,8974290
SBERP,2021-11-25,300.7,300.7,294.5,296.2,4732290
SBERP,2021-11-26,290.11,291.54,284.63,286.0,10400840
SBERP,2021-11-29,290.0,299.13,289.6,294.95,6682560
SBERP,2021-11-30,291.9,294.51,288.2,291.82,8364020
SBERP,2021-12-01,294.71,300.75,294.71,296.3,8517090
SBERP,2021-12-02,298.4,299.96,293.3,297.87,4835190
SBERP,2021-12-03,298.4,299.85,293.5,295.51,3622150
SBERP,2021-12-06,295.67,299.06,284.02,287.1,8690940
SBERP,2021-12-07,287.03,291.25,281.38,288.4,12319940
SBERP,2021-12-08,288.41,295.74,275.36,280.69,17389660
SBERP,2021-12-09,280.8,283.78,277.01,280.51,13858250
SBERP,2021-12-10,281.17,283.5,276.75,279.43,10198260
SBERP,2021-12-13,282.5,282.8,265.05,266.46,16296460
SBERP,2021-12-14,265.74,270.29,248.02,269.87,18811830
SBERP,2021-12-15,269.88,272.72,265.52,271.27,9508380
SBERP,2021-12-16,272.91,281.75,272.16,278.41,14000110
SBERP,2021-12-17,277.7,279.49,275.22,278.82,7192540
SBERP,2021-12-20,277.77,277.77,270.57,274.09,8470120
SBERP,2021-12-21,276.39,277.88,271.6,275.9,6586930
SBERP,2021-12-22,275.0,279.6,273.57,276.36,8893350
SBERP,2021-12-23,277.0,279.79,275.22,276.02,5306470
SBERP,2021-12-24,276.8,277.84,273.13,275.96,3909640
SBERP,2021-12-27,275.01,278.9,275.01,278.61,4117480
SBERP,2021-12-28,279.0,280.9,278.1,278.9,4849200
SBERP,2021-12-29,278.96,279.52,275.61,277.45,4596070
SBERP,2021-12-30,277.45,279.97,275.66,279.0,7460350
SBERP,2022-01-03,279.9,289.79,279.13,289.74,4729040
SBERP,2022-01-04,289.8,293.0,286.02,289.01,6340870
SBERP,2022-01-05,288.94,288.94,274.17,274.8,9557700
SBERP,2022-01-06,277.0,280.96,272.37,279.05,11563410
SBERP,2022-01-10,280.5,283.5,274.5,277.8,8100370
SBERP,2022-01-11,277.73,278.78,275.1,278.15,6653170
SBERP,2022-01-12,278.4,279.44,272.11,276.0,9318330
SBERP,2022-01-13,275.93,276.0,260.0,263.95,19975500
SBERP,2022-01-14,264.51,268.89,241.03,252.64,45583630
SBERP,2022-01-17,253.63,256.49,240.0,250.65,28556580
SBERP,2022-01-18,251.02,251.66,223.0,228.61,44803800
SBERP,2022-01-19,226.99,242.65,216.51,238.5,42115420
SBERP,2022-01-20,236.83,250.72,232.14,244.0,38839990
SBERP,2022-01-21,242.87,249.6,238.29,239.12,24049050
SBERP,2022-01-24,238.12,241.8,220.0,230.63,33749180
SBERP,2022-01-25,231.0,236.34,223.21,231.6,21351020
SBERP,2022-01-26,231.68,237.31,226.88,230.14,18062300
SBERP,2022-01-27,228.67,249.21,227.31,243.53,21882050
SBERP,2022-01-28,245.84,252.0,243.04,246.9,15936010
SBERP,2022-01-31,248.0,256.1,245.9,255.53,13613890
SBERP,2022-02-01,256.0,258.86,249.56,252.6,11774470
SBERP,2022-02-02,253.04,254.1,245.25,249.12,11128020
SBERP,2022-02-03,249.12,249.65,239.48,239.9,11265370
SBERP,2022-02-04,240.7,247.57,240.52,245.0,13348540
SBERP,2022-02-07,244.5,248.3,242.11,245.58,6124020
SBERP,2022-02-08,246.24,255.98,244.67,255.68,11182070
SBERP,2022-02-09,257.1,265.8,256.37,265.21,15570780
SBERP,2022-02-10,264.06,267.28,258.41,261.0,11584910
SBERP,2022-02-11,260.0,261.79,249.2,250.86,17108120
SBERP,2022-02-14,249.0,249.0,237.11,245.1,27272580
SBERP,2022-02-15,246.25,258.88,246.02,258.88,19270840
SBERP,2022-02-16,260.9,266.0,259.45,262.49,17279130
SBERP,2022-02-17,261.0,261.98,248.4,250.08,17055960
SBERP,2022-02-18,251.4,255.55,235.0,240.0,20190700
SBERP,2022-02-21,238.0,247.07,180.2,195.01,103918160
SBERP,2022-02-22,194.8,211.56,176.0,204.3,99765980
SBERP,2022-02-24,183.53,183.53,101.0,132.0,55887680
SBERP,2022-02-25,118.8,159.87,115.0,131.3,32401330
SBERP,2022-03-24,130.0,157.95,130.0,135.4,18069380
SBERP,2022-03-25,148.0,148.0,130.0,131.0,6232190
SBERP,2022-03-28,131.0,132.43,125.0,126.94,3613680
SBERP,2022-03-29,127.33,143.9,123.05,130.8,11077630
SBERP,2022-03-30,141.7,141.7,132.3,135.5,3823480
SBERP,2022-03-31,140.0,147.0,136.1,145.9,9096820
SBERP,2022-04-01,150.0,162.0,146.41,159.0,12646880
SBERP,2022-04-04,162.0,174.8,159.0,173.45,11513290
SBERP,2022-04-05,177.7,178.0,149.5,159.99,15789260
SBERP,2022-04-06,148.7,158.39,145.5,149.79,10121310
SBERP,2022-04-07,148.5,155.47,148.5,152.7,5349830
SBERP,2022-04-08,153.7,154.39,147.4,148.99,3947930
SBERP,2022-04-11,148.02,151.0,142.0,143.58,4293960
SBERP,2022-04-12,143.36,144.24,135.0,139.5,5313190
SBERP,2022-04-13,140.0,143.0,137.11,139.99,2426450
SBERP,2022-04-14,142.0,142.0,133.0,133.0,2326520
SBERP,2022-04-15,133.5,135.9,128.0,132.9,4738510
SBERP,2022-04-18,136.0,139.25,128.32,128.55,5957380
SBERP,2022-04-19,129.67,129.67,118.8,125.5,7492490
SBERP,2022-04-20,126.0,129.35,121.63,125.05,4918150
SBERP,2022-04-21,126.43,126.88,122.6,123.12,1977870
SBERP,2022-04-22,123.5,126.1,121.47,123.27,2824140
SBERP,2022-04-25,123.0,123.27,118.05,118.51,2990320
SBERP,2022-04-26,118.6,128.88,117.0,125.45,5126220
SBERP,2022-04-27,125.98,134.5,124.51,134.0,5969630
SBERP,2022-04-28,135.0,136.88,126.5,126.5,6021440
SBERP,2022-04-29,127.0,131.0,126.1,130.4,3931600
SBERP,2022-05-04,130.4,132.23,124.28,124.8,3473670
SBERP,2022-05-05,125.34,126.87,125.0,125.47,1527320
SBERP,2022-05-06,125.47,125.47,123.0,124.2,1290300
SBERP,2022-05-11,124.3,126.41,120.9,121.11,5809650
SBERP,2022-05-12,120.0,121.9,115.6,116.6,6771570
SBERP,2022-05-13,117.9,117.93,115.33,116.7,3903700
SBERP,2022-05-16,116.1,119.89,116.0,119.84,4744150
SBERP,2022-05-17,120.8,124.0,120.05,123.8,3642050
SBERP,2022-05-18,123.7,127.3,122.1,122.33,5019710
SBERP,2022-05-19,122.4,123.47,120.3,122.81,2371500
SBERP,2022-05-20,123.4,124.7,118.38,119.94,4817130
SBERP,2022-05-23,119.0,119.14,117.0,117.05,3290370
SBERP,2022-05-24,117.0,121.72,115.0,118.74,6226020
SBERP,2022-05-25,119.5,121.02,114.69,115.99,16812650
SBERP,2022-05-26,117.0,117.63,113.49,113.75,15855360
SBERP,2022-05-27,113.9,114.34,111.38,111.58,12839880
SBERP,2022-05-30,111.2,113.65,111.2,111.84,8446090
SBERP,2022-05-31,111.7,112.69,109.08,111.61,5185480
SBERP,2022-06-01,112.0,114.5,111.68,113.19,5019520
SBERP,2022-06-02,113.35,114.25,111.8,112.11,3327810
SBERP,2022-06-03,112.12,113.15,110.55,112.02,3703670
SBERP,2022-06-06,112.5,113.82,111.63,113.7,4490840
SBERP,2022-06-07,113.75,113.8,112.3,113.0,3145280
SBERP,2022-06-08,113.7,117.48,112.1,115.14,6854950
SBERP,2022-06-09,115.3,115.6,112.75,113.94,4753160
SBERP,2022-06-10,114.0,115.3,113.63,114.1,2563080
SBERP,2022-06-14,113.91,115.45,110.0,114.49,3737250
SBERP,2022-06-15,115.4,118.0,114.76,116.51,8003420
SBERP,2022-06-16,117.09,118.0,116.0,117.39,6109450
SBERP,2022-06-17,117.9,119.08,117.52,118.4,4271140
SBERP,2022-06-20,118.73,124.9,118.32,124.84,6737880
SBERP,2022-06-21,125.9,126.95,122.01,123.3,7612700
SBERP,2022-06-22,122.0,127.8,121.03,127.8,6971070
SBERP,2022-06-23,128.0,132.1,125.7,130.5,8092770
SBERP,2022-06-24,130.0,131.66,128.11,130.18,3917230
SBERP,2022-06-27,129.9,134.35,129.9,134.2,6101200
SBERP,2022-06-28,134.6,134.97,132.17,133.36,4179070
SBERP,2022-06-29,133.0,133.39,127.79,127.99,5119030
SBERP,2022-06-30,127.92,129.92,119.12,121.21,13240790
SBERP,2022-07-01,121.25,127.85,118.59,126.5,8328670
SBERP,2022-07-04,125.2,128.73,123.3,127.0,5229050
SBERP,2022-07-05,127.05,129.65,126.11,127.79,6129230
SBERP,2022-07-06,128.15,130.76,126.0,127.0,5702970
SBERP,2022-07-07,127.0,128.49,125.22,126.2,3567760
SBERP,2022-07-08,126.65,126.99,124.44,126.5,2935810
SBERP,2022-07-11,125.72,127.18,121.5,121.99,4616920
SBERP,2022-07-12,121.73,123.2,118.99,122.67,6061180
SBERP,2022-07-13,123.2,123.5,119.41,120.36,3484760
SBERP,2022-07-14,120.1,121.84,118.2,120.49,3288690
SBERP,2022-07-15,120.9,123.5,119.27,122.96,3363330
SBERP,2022-07-18,123.65,124.31,121.01,122.39,2906950
SBERP,2022-07-19,122.95,122.95,119.52,121.39,2817730
SBERP,2022-07-20,121.11,122.3,120.05,120.28,2732200
SBERP,2022-07-21,120.13,120.47,117.0,119.5,4027920
SBERP,2022-07-22,119.9,123.0,119.21,122.98,3681110
SBERP,2022-07-25,123.9,125.95,121.29,125.0,4145910
SBERP,2022-07-26,125.12,127.19,125.01,126.29,3764040
SBERP,2022-07-27,125.05,127.75,125.01,126.0,4888970
SBERP,2022-07-28,125.63,126.69,124.0,125.27,3026970
SBERP,2022-07-29,125.05,126.0,124.13,125.55,3027680
SBERP,2022-08-01,125.55,125.55,122.06,122.06,5226700
SBERP,2022-08-02,121.9,122.75,120.35,122.0,3014710
SBERP,2022-08-03,122.1,123.38,121.1,121.27,2258150
SBERP,2022-08-04,121.8,122.18,120.82,121.37,2014520
SBERP,2022-08-05,121.55,121.77,116.23,117.0,6192680
SBERP,2022-08-08,119.11,120.46,118.0,118.91,4101480
SBERP,2022-08-09,119.06,120.3,117.51,120.05,3841320
SBERP,2022-08-10,120.05,120.99,118.86,119.78,3027740
SBERP,2022-08-11,120.0,120.71,117.8,118.0,3393700
SBERP,2022-08-12,117.9,119.35,117.0,119.09,3083370
SBERP,2022-08-15,118.98,119.72,118.31,119.13,2482020
SBERP,2022-08-16,119.2,121.1,119.02,120.6,2579310
SBERP,2022-08-17,120.98,121.51,119.8,119.95,2223730
SBERP,2022-08-18,120.36,121.93,119.31,121.73,1982350
SBERP,2022-08-19,121.3,121.65,120.3,120.65,2229380
SBERP,2022-08-22,120.36,121.9,120.22,121.39,1939280
SBERP,2022-08-23,121.69,125.49,121.45,125.39,4111540
SBERP,2022-08-24,125.61,126.4,123.05,123.17,2901450
SBERP,2022-08-25,123.44,124.6,122.13,123.4,2460370
SBERP,2022-08-26,123.48,125.4,122.83,124.98,2210980
SBERP,2022-08-29,124.99,125.79,124.25,125.2,2773980
SBERP,2022-08-30,125.34,126.55,124.05,124.6,4004630
SBERP,2022-08-31,127.44,131.81,125.8,128.32,9121280
SBERP,2022-09-01,128.38,132.0,126.75,132.0,4543070
SBERP,2022-09-02,133.2,136.55,130.2,135.9,13143870
SBERP,2022-09-05,135.96,137.11,132.01,134.4,7159030
SBERP,2022-09-06,134.4,134.4,128.8,130.12,7668860
SBERP,2022-09-07,130.29,131.37,128.38,129.16,7831860
SBERP,2022-09-08,129.65,129.65,127.05,127.8,3758770
SBERP,2022-09-09,127.99,131.5,127.61,130.98,4437070
SBERP,2022-09-12,129.68,133.0,129.68,131.54,4552150
SBERP,2022-09-13,131.94,132.3,129.68,130.12,3405400
SBERP,2022-09-14,130.44,131.96,128.5,131.4,4362090
SBERP,2022-09-15,131.53,132.78,130.16,132.09,3825410
SBERP,2022-09-16,131.99,133.22,129.93,130.52,5140850
SBERP,2022-09-19,130.26,131.48,129.33,130.27,2959060
SBERP,2022-09-20,130.22,130.97,118.32,121.45,19515430
SBERP,2022-09-21,110.0,119.37,109.49,116.12,14415890
SBERP,2022-09-22,115.77,121.82,115.77,119.23,8098010
SBERP,2022-09-23,120.01,120.01,112.52,114.47,8574420
SBERP,2022-09-26,113.0,113.0,102.0,104.09,15887270
SBERP,2022-09-27,106.0,109.5,104.0,108.51,9948670
SBERP,2022-09-28,107.8,110.8,104.65,106.61,6591560
SBERP,2022-09-29,107.0,107.91,102.19,105.23,7703210
SBERP,2022-09-30,105.95,108.3,100.0,105.66,12178980
SBERP,2022-10-03,105.9,109.96,105.19,109.55,5914110
SBERP,2022-10-04,110.45,110.45,106.61,107.09,4991340
SBERP,2022-10-05,107.2,107.2,103.16,104.85,8148310
SBERP,2022-10-06,104.85,106.5,104.45,105.32,5547700
SBERP,2022-10-07,105.2,105.22,98.5,99.33,7026540
SBERP,2022-10-10,96.1,103.49,94.5,103.2,11577100
SBERP,2022-10-11,103.21,104.19,100.38,103.7,6309610
SBERP,2022-10-12,104.18,104.43,102.43,102.91,3482740
SBERP,2022-10-13,103.11,103.5,102.1,103.07,4506270
SBERP,2022-10-14,102.93,104.56,102.0,103.73,4932490
SBERP,2022-10-17,104.28,108.68,103.9,108.3,4687580
SBERP,2022-10-18,108.5,109.39,106.16,106.43,6178780
SBERP,2022-10-19,106.0,108.1,105.01,107.4,5165400
SBERP,2022-10-20,107.75,110.97,107.37,110.48,5812970
SBERP,2022-10-21,110.4,113.83,108.53,113.7,6978410
SBERP,2022-10-24,114.3,115.4,112.0,113.35,6506330
SBERP,2022-10-25,113.02,119.55,112.7,118.21,7865710
SBERP,2022-10-26,118.6,120.5,116.0,118.4,7193330
SBERP,2022-10-27,118.47,121.5,117.66,120.37,5862280
SBERP,2022-10-28,120.0,121.9,119.0,121.38,5618680
SBERP,2022-10-31,121.4,122.3,119.66,120.56,4472280
SBERP,2022-11-01,120.99,121.68,120.26,120.9,2427860
SBERP,2022-11-02,121.0,121.64,118.55,119.5,2735780
SBERP,2022-11-03,119.5,120.41,117.76,119.28,3835590
SBERP,2022-11-07,120.4,125.9,120.2,125.4,6530330
SBERP,2022-11-08,125.4,126.47,123.19,124.92,5274110
SBERP,2022-11-09,124.55,125.05,120.66,121.6,4732230
SBERP,2022-11-10,125.0,130.49,123.9,130.41,14378350
SBERP,2022-11-11,130.9,132.1,129.17,131.0,8292170
SBERP,2022-11-14,132.0,134.61,130.13,134.5,7559780
SBERP,2022-11-15,134.5,135.4,125.86,130.61,11757090
SBERP,2022-11-16,132.04,134.42,131.83,134.33,5300820
SBERP,2022-11-17,134.35,135.33,132.12,133.35,3872070
SBERP,2022-11-18,132.3,133.46,131.5,132.66,4263280
SBERP,2022-11-21,131.65,131.95,128.54,130.35,6627640
SBERP,2022-11-22,129.83,131.45,129.8,131.38,3251220
SBERP,2022-11-23,131.75,132.0,130.1,131.4,4870840
SBERP,2022-11-24,131.4,132.61,130.96,131.36,2912540
SBERP,2022-11-25,131.78,131.78,130.2,131.19,1971850
SBERP,2022-11-28,130.2,130.82,129.48,130.43,2760710
SBERP,2022-11-29,131.1,131.59,130.55,131.19,2057900
SBERP,2022-11-30,131.05,131.55,130.4,131.54,1305170
SBERP,2022-12-01,131.8,132.45,130.59,131.76,2503060
SBERP,2022-12-02,131.99,131.99,130.88,131.39,1582480
SBERP,2022-12-05,130.74,136.66,130.74,136.4,7952330
SBERP,2022-12-06,137.29,137.58,134.12,135.6,4606720
SBERP,2022-12-07,135.11,137.98,134.14,137.49,5323630
SBERP,2022-12-08,138.56,138.88,135.73,136.06,5291590
SBERP,2022-12-09,135.75,136.9,135.37,136.13,3434880
SBERP,2022-12-12,136.5,136.84,135.5,135.95,2907330
SBERP,2022-12-13,135.95,136.12,134.36,135.45,4296300
SBERP,2022-12-14,135.74,135.74,134.21,134.69,2697040
SBERP,2022-12-15,134.04,134.53,131.0,131.1,5118390
SBERP,2022-12-16,131.1,133.15,130.44,133.0,3422650
SBERP,2022-12-19,132.16,133.69,129.98,132.29,4245800
SBERP,2022-12-20,131.9,135.9,131.9,135.67,4157420
SBERP,2022-12-21,136.0,136.51,134.06,135.23,3887190
SBERP,2022-12-22,135.29,136.56,134.97,135.58,2831960
SBERP,2022-12-23,135.8,136.47,134.78,135.74,2082630
SBERP,2022-12-26,136.37,138.29,135.56,138.08,3705230
SBERP,2022-12-27,138.08,139.0,137.27,137.7,3141970
SBERP,2022-12-28,137.7,138.2,137.3,137.7,3130720
SBERP,2022-12-29,137.55,140.88,137.55,139.76,8128420
SBERP,2022-12-30,139.76,141.29,139.61,140.99,5179490
SBERP,2023-01-03,141.98,143.11,141.01,141.43,2016870
SBERP,2023-01-04,141.22,142.07,140.63,140.98,1521740
SBERP,2023-01-05,141.0,141.18,140.2,140.58,1295450
SBERP,2023-01-06,140.45,140.72,139.8,140.12,1132010
SBERP,2023-01-09,140.55,142.41,140.5,141.99,3056860
SBERP,2023-01-10,142.0,142.0,140.62,141.95,1897160
SBERP,2023-01-11,142.0,148.99,141.93,148.72,8129040
SBERP,2023-01-12,149.19,149.31,147.14,148.36,4948990
SBERP,2023-01-13,148.8,151.6,147.39,150.89,5720830
SBERP,2023-01-16,151.8,153.29,151.36,152.75,4966690
SBERP,2023-01-17,152.75,153.15,148.56,149.61,7716710
SBERP,2023-01-18,150.0,152.18,148.72,151.09,4113120
SBERP,2023-01-19,151.02,151.5,148.5,148.94,4015480
SBERP,2023-01-20,149.39,150.0,148.3,150.0,3503810
SBERP,2023-01-23,150.78,152.0,149.64,151.32,4166260
SBERP,2023-01-24,151.4,152.5,150.06,150.24,4315760
SBERP,2023-01-25,150.0,151.0,149.68,150.46,2846400
SBERP,2023-01-26,150.99,151.1,149.91,150.23,2361470
SBERP,2023-01-27,150.2,151.0,150.0,150.55,1839040
SBERP,2023-01-30,150.55,151.34,150.14,150.79,2090660
SBERP,2023-01-31,150.55,155.5,150.55,155.47,5656960
SBERP,2023-02-01,155.58,157.0,154.49,156.52,6440680
SBERP,2023-02-02,155.53,158.72,155.5,158.07,5219110
SBERP,2023-02-03,158.03,161.28,157.0,160.44,8262470
SBERP,2023-02-06,161.15,165.95,160.62,165.87,8160930
SBERP,2023-02-07,166.0,169.5,161.02,164.15,10953600
SBERP,2023-02-08,164.3,165.07,161.24,163.04,5068990
SBERP,2023-02-09,163.09,165.63,160.8,164.38,7279060
SBERP,2023-02-10,164.2,164.95,163.5,164.33,3095370
SBERP,2023-02-13,164.16,165.3,163.32,163.46,2790230
SBERP,2023-02-14,163.46,163.47,160.21,160.86,4437810
SBERP,2023-02-15,160.0,160.01,151.74,155.4,10567770
SBERP,2023-02-16,156.0,158.46,155.29,157.25,5301770
SBERP,2023-02-17,156.8,158.8,155.0,157.97,4640790
SBERP,2023-02-20,157.92,158.73,155.08,157.71,5007150
SBERP,2023-02-21,157.99,164.0,157.77,162.44,10447810
SBERP,2023-02-22,162.58,162.8,160.61,161.75,3181170
SBERP,2023-02-24,161.26,163.69,161.26,163.06,2548600
SBERP,2023-02-27,162.44,167.73,161.75,167.67,5990690
SBERP,2023-02-28,168.0,169.35,166.69,167.73,5689300
SBERP,2023-03-01,168.11,169.2,167.71,168.99,3370110
SBERP,2023-03-02,168.95,168.95,163.5,165.91,7567060
SBERP,2023-03-03,165.91,168.71,165.91,168.71,3364450
SBERP,2023-03-06,169.4,171.12,169.4,170.39,4141120
SBERP,2023-03-07,170.75,172.74,169.73,172.5,3878630
SBERP,2023-03-09,173.85,173.85,171.0,171.47,6042000
SBERP,2023-03-10,170.79,172.22,169.37,171.9,3966180
SBERP,2023-03-13,171.92,172.7,168.08,170.27,5396730
SBERP,2023-03-14,169.65,174.75,169.43,174.01,5497950
SBERP,2023-03-15,174.5,175.37,172.0,173.04,4294450
SBERP,2023-03-16,173.0,174.02,171.35,174.0,3830910
SBERP,2023-03-17,180.0,193.64,177.0,193.2,37294480
SBERP,2023-03-20,196.0,205.0,195.71,203.85,19268930
SBERP,2023-03-21,204.0,208.13,201.3,203.4,12629320
SBERP,2023-03-22,203.8,204.43,201.8,203.23,5709740
SBERP,2023-03-23,203.3,204.11,202.62,203.13,2385850
SBERP,2023-03-24,203.5,203.87,202.4,203.68,2217130
SBERP,2023-03-27,203.83,213.49,203.83,211.94,9640930
SBERP,2023-03-28,212.49,215.4,210.4,213.9,8203830
SBERP,2023-03-29,214.52,218.88,213.5,217.67,10118330
SBERP,2023-03-30,217.25,218.0,216.35,216.8,4203010
SBERP,2023-03-31,216.9,217.25,211.11,215.84,8614670
SBERP,2023-04-03,216.55,217.78,214.0,215.02,5846390
SBERP,2023-04-04,215.0,216.3,213.59,214.36,4912550
SBERP,2023-04-05,214.37,216.0,212.23,215.6,4625490
SBERP,2023-04-06,215.82,216.81,214.05,214.21,4241280
SBERP,2023-04-07,214.06,216.26,213.6,215.95,2879530
SBERP,2023-04-10,217.0,221.13,216.23,221.13,8011760
SBERP,2023-04-11,221.5,221.95,217.11,218.36,7938840
SBERP,2023-04-12,218.35,219.32,216.51,218.95,5337440
SBERP,2023-04-13,219.56,220.4,218.0,219.38,2672680
SBERP,2023-04-14,219.49,221.98,218.14,221.4,4516000
SBERP,2023-04-17,222.9,228.0,222.5,227.82,6236020
SBERP,2023-04-18,228.45,232.86,227.33,232.51,6975960
SBERP,2023-04-19,232.51,237.27,230.08,233.29,10907380
SBERP,2023-04-20,233.29,236.37,227.9,236.35,8564960
SBERP,2023-04-21,237.95,238.35,233.0,235.47,8853720
SBERP,2023-04-24,235.51,236.33,234.18,235.28,2833150
SBERP,2023-04-25,235.48,235.97,234.5,235.13,2445320
SBERP,2023-04-26,235.79,235.95,234.85,235.22,2169480
SBERP,2023-04-27,235.11,239.91,235.1,239.51,6371370
SBERP,2023-04-28,240.0,241.56,237.03,239.39,6099580
SBERP,2023-05-02,241.9,244.46,237.01,242.46,8206770
SBERP,2023-05-03,242.9,242.9,233.0,235.9,8611920
SBERP,2023-05-04,235.9,239.23,235.9,238.45,4252150
SBERP,2023-05-05,238.83,239.7,236.52,236.8,5256130
SBERP,2023-05-08,237.0,238.89,235.36,235.97,5918480
SBERP,2023-05-10,213.1,226.86,213.08,226.21,14489370
SBERP,2023-05-11,226.97,233.84,222.01,226.55,15682350
SBERP,2023-05-12,227.2,230.5,223.54,226.68,5857030
SBERP,2023-05-15,228.2,228.7,227.0,228.45,3620580
SBERP,2023-05-16,229.12,229.88,227.27,228.52,2402400
SBERP,2023-05-17,227.87,228.52,226.4,228.29,2432790
SBERP,2023-05-18,229.03,231.81,228.1,229.04,5038540
SBERP,2023-05-19,229.04,229.53,228.0,228.56,2657830
SBERP,2023-05-22,229.5,229.72,227.36,228.32,2030020
SBERP,2023-05-23,228.8,233.07,227.51,232.04,4866190
SBERP,2023-05-24,232.01,241.29,232.01,241.1,8125850
SBERP,2023-05-25,241.5,243.0,238.08,239.36,6611800
SBERP,2023-05-26,239.35,244.26,238.51,243.0,5511450
SBERP,2023-05-29,248.0,248.01,244.5,246.91,5769540
SBERP,2023-05-30,245.2,246.44,240.01,241.26,7801500
SBERP,2023-05-31,241.0,243.0,236.37,241.13,5806470
SBERP,2023-06-01,241.7,241.98,237.37,238.47,3446050
SBERP,2023-06-02,238.5,242.33,238.1,240.95,3932560
SBERP,2023-06-05,240.8,241.0,233.37,236.37,6207390
SBERP,2023-06-06,236.16,239.9,230.7,238.58,7181330
SBERP,2023-06-07,239.28,240.8,236.7,238.18,3777290
SBERP,2023-06-08,238.95,239.9,237.0,238.76,2233840
SBERP,2023-06-09,239.21,239.94,237.68,238.49,2103710
SBERP,2023-06-13,239.5,241.9,238.8,241.77,3279620
SBERP,2023-06-14,242.45,244.0,239.7,241.56,3933900
SBERP,2023-06-15,242.97,243.6,241.58,242.9,4474750
SBERP,2023-06-16,243.97,243.97,241.57,241.79,2376960
SBERP,2023-06-19,242.0,242.29,239.8,240.02,2921490
SBERP,2023-06-20,239.53,239.85,237.2,239.24,3393930
SBERP,2023-06-21,239.35,240.48,237.85,239.22,2452850
SBERP,2023-06-22,239.19,239.5,237.2,238.01,2025260
SBERP,2023-06-23,237.25,237.92,232.13,233.81,4981350
SBERP,2023-06-26,236.8,238.23,232.34,236.49,6589280
SBERP,2023-06-27,237.3,239.85,235.15,238.95,3231500
SBERP,2023-06-28,238.76,239.04,236.55,237.12,1660950
SBERP,2023-06-29,237.49,238.77,236.9,237.51,2178140
SBERP,2023-06-30,238.25,238.28,236.41,236.96,1823190
SBERP,2023-07-03,237.01,240.26,236.51,238.5,4145940
SBERP,2023-07-04,239.18,240.0,237.27,237.52,3086940
SBERP,2023-07-05,237.9,238.95,237.0,237.64,2017620
SBERP,2023-07-06,237.51,239.62,237.51,238.37,2654890
SBERP,2023-07-07,238.7,240.86,238.11,240.7,2154860
SBERP,2023-07-10,242.14,246.1,241.51,246.0,4628750
SBERP,2023-07-11,246.74,246.74,243.73,245.5,3915720
SBERP,2023-07-12,246.0,246.9,244.1,245.29,3322350
SBERP,2023-07-13,246.0,246.32,243.4,244.22,2543160
SBERP,2023-07-14,244.22,244.95,242.55,244.5,1851090
SBERP,2023-07-17,242.25,244.58,242.0,244.25,2679150
SBERP,2023-07-18,244.2,246.12,243.8,245.99,3635040
SBERP,2023-07-19,246.44,247.0,245.0,245.0,2842370
SBERP,2023-07-20,245.24,245.25,242.25,242.54,3303480
SBERP,2023-07-21,242.0,244.29,241.64,243.71,3046820
SBERP,2023-07-24,243.42,244.81,243.1,244.49,2348240
SBERP,2023-07-25,244.55,246.4,244.08,246.01,3339040
SBERP,2023-07-26,246.01,246.8,244.61,245.85,2451090
SBERP,2023-07-27,246.12,248.0,246.05,246.4,3947330
SBERP,2023-07-28,246.92,248.48,245.25,247.93,3215360
SBERP,2023-07-31,250.0,265.61,249.01,265.29,12440490
SBERP,2023-08-01,266.15,272.0,262.7,266.67,13911910
SBERP,2023-08-02,267.0,268.13,264.7,267.15,4237320
SBERP,2023-08-03,267.41,269.96,265.12,268.2,5667520
SBERP,2023-08-04,268.5,271.5,260.1,264.04,10775790
SBERP,2023-08-07,265.2,267.45,260.3,261.23,6180900
SBERP,2023-08-08,261.23,264.47,258.0,264.12,6005040
SBERP,2023-08-09,264.57,266.0,262.7,263.2,3996650
SBERP,2023-08-10,264.01,266.75,263.31,266.5,4019580
SBERP,2023-08-11,266.54,266.54,264.55,265.86,3151170
SBERP,2023-08-14,267.1,268.87,259.25,260.11,8799850
SBERP,2023-08-15,259.05,263.99,256.68,260.89,5898570
SBERP,2023-08-16,260.91,261.76,254.0,255.72,6653040
SBERP,2023-08-17,256.11,258.45,255.32,258.09,3312670
SBERP,2023-08-18,258.08,260.87,256.76,260.51,2533680
SBERP,2023-08-21,261.51,262.46,259.45,260.94,3513900
SBERP,2023-08-22,261.45,261.87,259.52,261.19,2519450
SBERP,2023-08-23,261.46,261.83,255.92,256.47,4297810
SBERP,2023-08-24,257.12,259.34,256.3,258.92,2597340
SBERP,2023-08-25,258.22,261.24,257.3,259.88,2530250
SBERP,2023-08-28,259.51,266.6,259.51,265.2,5521660
SBERP,2023-08-29,265.65,266.9,264.3,265.17,3786910
SBERP,2023-08-30,265.0,266.92,262.83,264.25,3556370
SBERP,2023-08-31,264.77,265.98,264.32,264.75,1836410
SBERP,2023-09-01,264.99,265.51,264.04,264.61,1691220
SBERP,2023-09-04,265.93,268.4,265.3,266.82,4363850
SBERP,2023-09-05,267.17,267.4,261.04,264.63,4799020
SBERP,2023-09-06,264.55,264.55,262.17,262.94,2404180
SBERP,2023-09-07,262.8,264.49,255.84,258.26,5932540
SBERP,2023-09-08,257.89,259.07,252.9,255.55,5351990
SBERP,2023-09-11,256.3,257.99,255.01,256.03,5758950
SBERP,2023-09-12,256.94,261.98,256.5,261.78,4050250
SBERP,2023-09-13,262.05,262.29,257.49,257.95,2504890
SBERP,2023-09-14,258.3,261.2,254.61,259.43,4564290
SBERP,2023-09-15,259.39,261.98,258.13,260.39,3224910
SBERP,2023-09-18,261.37,262.75,258.3,258.73,3001400
SBERP,2023-09-19,258.45,259.26,251.22,252.59,6436050
SBERP,2023-09-20,252.88,255.49,249.59,253.59,5729030
SBERP,2023-09-21,253.01,254.19,249.7,249.86,4199250
SBERP,2023-09-22,250.45,252.89,248.84,251.82,2751170
SBERP,2023-09-25,252.0,253.25,249.73,252.4,2508760
SBERP,2023-09-26,252.39,256.83,250.71,255.45,2613410
SBERP,2023-09-27,256.0,257.5,254.39,255.6,2405970
SBERP,2023-09-28,255.68,258.0,255.12,257.28,1693280
SBERP,2023-09-29,257.8,262.3,256.36,260.41,4373690
SBERP,2023-10-02,261.15,261.5,256.36,258.68,4273970
SBERP,2023-10-03,259.0,260.44,257.1,259.37,2503960
SBERP,2023-10-04,258.95,260.17,258.25,258.93,2029590
SBERP,2023-10-05,260.0,260.98,258.12,259.24,2043650
SBERP,2023-10-06,259.23,262.99,257.8,262.45,2354030
SBERP,2023-10-09,262.53,265.76,262.53,264.76,3955630
SBERP,2023-10-10,264.99,265.15,259.8,262.89,2992120
SBERP,2023-10-11,262.67,264.17,259.59,260.16,3139630
SBERP,2023-10-12,260.16,264.5,259.6,264.01,2856720
SBERP,2023-10-13,264.25,264.59,262.33,263.21,1630830
SBERP,2023-10-16,263.49,268.66,263.42,268.04,5096090
SBERP,2023-10-17,268.04,271.51,266.15,269.95,4064760
SBERP,2023-10-18,269.6,270.3,265.67,267.55,3154560
SBERP,2023-10-19,266.75,270.87,266.24,268.23,2425410
SBERP,2023-10-20,268.0,272.25,266.3,269.57,2304080
SBERP,2023-10-23,270.0,273.63,269.14,269.75,3801630
SBERP,2023-10-24,269.7,271.65,268.2,270.85,2427550
SBERP,2023-10-25,270.9,274.19,270.01,272.87,2957230
SBERP,2023-10-26,273.57,275.0,268.9,269.6,4372200
SBERP,2023-10-27,269.61,271.3,266.54,269.24,3790600
SBERP,2023-10-30,269.1,271.0,268.03,269.11,1917040
SBERP,2023-10-31,269.11,269.82,266.11,267.93,2154060
SBERP,2023-11-01,267.93,269.7,267.2,269.12,1021100
SBERP,2023-11-02,270.0,270.0,267.4,268.5,1614060
SBERP,2023-11-03,267.94,269.48,267.0,268.39,1373110
SBERP,2023-11-06,268.2,272.95,268.04,272.75,1784260
SBERP,2023-11-07,272.75,273.94,271.39,272.61,3061930
SBERP,2023-11-08,272.61,277.0,272.59,276.85,5030920
SBERP,2023-11-09,277.3,277.47,274.81,276.05,2720390
SBERP,2023-11-10,276.1,279.9,275.85,279.3,4347980
SBERP,2023-11-13,279.95,283.98,279.5,282.74,3742930
SBERP,2023-11-14,282.72,283.29,279.0,279.54,3614920
SBERP,2023-11-15,279.0,282.78,277.33,281.49,3229170
SBERP,2023-11-16,281.08,282.4,278.56,278.91,2463800
SBERP,2023-11-17,278.56,281.78,278.0,280.79,2880730
SBERP,2023-11-20,280.51,282.99,280.07,282.27,2871340
SBERP,2023-11-21,281.99,282.77,280.07,282.48,3332910
SBERP,2023-11-22,282.5,286.01,282.0,285.63,3984710
SBERP,2023-11-23,285.78,287.38,284.5,285.12,2729430
SBERP,2023-11-24,285.12,287.11,284.79,286.38,1971040
SBERP,2023-11-27,286.38,288.7,278.63,281.87,5754400
SBERP,2023-11-28,281.8,281.8,277.23,279.6,3232420
SBERP,2023-11-29,279.02,280.45,276.1,276.79,2993340
SBERP,2023-11-30,276.79,278.08,272.71,276.95,5422640
SBERP,2023-12-01,276.95,277.94,273.2,273.85,2946250
SBERP,2023-12-04,273.75,274.48,269.54,270.3,3646270
SBERP,2023-12-05,271.81,279.79,270.39,279.15,4921130
SBERP,2023-12-06,280.0,280.47,265.81,267.62,8256720
SBERP,2023-12-07,268.05,270.3,262.78,264.9,5699350
SBERP,2023-12-08,265.92,268.13,263.62,264.68,2976490
SBERP,2023-12-11,265.28,266.29,254.75,256.75,8229680
SBERP,2023-12-12,255.99,262.61,255.13,257.8,4614750
SBERP,2023-12-13,257.0,261.0,256.33,260.1,2345380
SBERP,2023-12-14,260.54,262.62,255.72,256.6,2647860
SBERP,2023-12-15,257.61,268.47,257.19,267.7,5795130
SBERP,2023-12-18,268.97,269.8,266.1,268.11,4255500
SBERP,2023-12-19,268.14,269.38,264.9,267.18,2555770
SBERP,2023-12-20,267.5,268.68,266.0,266.61,2302560
SBERP,2023-12-21,266.61,266.74,263.26,264.72,3392980
SBERP,2023-12-22,265.2,271.63,265.02,271.05,4580840
SBERP,2023-12-25,271.5,274.26,269.87,270.81,3773740
SBERP,2023-12-26,271.47,272.64,269.52,271.92,4346150
SBERP,2023-12-27,272.48,272.7,271.11,271.23,2593530
SBERP,2023-12-28,271.15,272.89,269.05,271.85,3157500
SBERP,2023-12-29,272.0,273.46,271.39,272.22,3315070
SBERP,2024-01-03,272.48,275.29,272.0,274.81,1221630
SBERP,2024-01-04,274.83,275.74,273.94,274.6,1173200
SBERP,2024-01-05,274.6,275.27,273.1,274.11,799590
SBERP,2024-01-08,274.11,277.65,274.11,276.98,1677180
SBERP,2024-01-09,277.1,277.99,275.38,275.98,2319230
SBERP,2024-01-10,275.56,276.75,274.3,275.24,1621980
SBERP,2024-01-11,275.5,276.22,274.58,275.65,1648950
SBERP,2024-01-12,275.66,277.25,275.02,275.82,1568060
SBERP,2024-01-15,275.83,277.96,275.45,276.29,1840360
SBERP,2024-01-16,276.82,277.17,274.25,276.38,2025800
SBERP,2024-01-17,276.33,279.49,276.0,278.58,3587180
SBERP,2024-01-18,278.59,279.28,277.06,277.51,1486500
SBERP,2024-01-19,278.0,278.0,274.06,275.47,1859620
SBERP,2024-01-22,275.55,276.29,274.34,275.19,1666140
SBERP,2024-01-23,275.19,277.2,274.75,275.94,1917680
SBERP,2024-01-24,275.9,276.43,273.37,273.71,2481360
SBERP,2024-01-25,273.72,274.3,271.67,272.9,1688150
SBERP,2024-01-26,273.7,274.5,272.0,272.93,1331670
SBERP,2024-01-29,272.93,275.3,272.93,274.42,1519160
SBERP,2024-01-30,274.33,277.5,274.12,275.7,2537980
SBERP,2024-01-31,276.25,276.35,274.81,276.07,1524620
SBERP,2024-02-01,276.07,277.8,276.0,276.89,1597190
SBERP,2024-02-02,277.58,277.58,275.76,276.86,1421410
SBERP,2024-02-05,276.16,278.84,276.16,278.18,2020800
SBERP,2024-02-06,278.47,279.21,277.8,279.0,1590900
SBERP,2024-02-07,279.0,284.34,279.0,284.34,3266890
SBERP,2024-02-08,286.0,286.45,281.34,282.01,4021370
SBERP,2024-02-09,282.05,284.33,281.52,283.56,2989680
SBERP,2024-02-12,283.6,287.9,283.59,287.13,2968520
SBERP,2024-02-13,287.13,288.5,285.09,287.11,2620950
SBERP,2024-02-14,287.5,290.5,286.41,289.17,2982120
SBERP,2024-02-15,289.18,290.33,287.71,289.99,1897210
SBERP,2024-02-16,290.4,291.97,286.29,288.31,3954760
SBERP,2024-02-19,288.44,289.95,286.99,288.88,2005690
SBERP,2024-02-20,289.36,289.36,283.4,284.38,3334710
SBERP,2024-02-21,284.38,285.4,280.53,282.14,4443050
SBERP,2024-02-22,282.5,284.89,282.2,284.57,2044510
SBERP,2024-02-26,287.14,290.96,287.14,290.95,5220650
SBERP,2024-02-27,291.0,292.95,290.11,292.53,2878880
SBERP,2024-02-28,292.94,293.98,290.08,291.89,4030560
SBERP,2024-02-29,292.75,293.47,291.52,292.2,2200150
SBERP,2024-03-01,292.0,295.52,292.0,294.7,2421830
SBERP,2024-03-04,295.48,299.88,295.36,299.38,5446750
SBERP,2024-03-05,299.8,300.45,297.05,298.88,3400210
SBERP,2024-03-06,298.76,299.49,297.27,298.28,1825640
SBERP,2024-03-07,298.0,300.49,297.59,299.97,2423140
SBERP,2024-03-11,300.6,303.0,299.6,299.89,4058010
SBERP,2024-03-12,299.7,301.5,298.07,301.37,2449850
SBERP,2024-03-13,301.89,301.9,298.59,299.06,2046810
SBERP,2024-03-14,298.1,300.5,295.05,296.39,4038420
SBERP,2024-03-15,296.0,299.98,295.8,298.95,2266300
SBERP,2024-03-18,302.0,302.0,296.4,298.85,2530470
SBERP,2024-03-19,298.59,299.68,294.76,295.44,5371090
SBERP,2024-03-20,296.0,296.95,294.6,296.22,2768460
SBERP,2024-03-21,296.22,297.92,292.71,296.0,3611820
SBERP,2024-03-22,295.9,297.3,291.0,292.97,4393500
SBERP,2024-03-25,293.5,296.0,292.86,294.19,3373560
SBERP,2024-03-26,294.61,295.99,293.75,294.54,1452870
SBERP,2024-03-27,295.2,295.47,294.12,295.19,1121760
SBERP,2024-03-28,295.8,299.84,295.79,299.07,3030600
SBERP,2024-03-29,299.89,300.0,298.1,299.03,1653070
SBERP,2024-04-01,299.51,301.98,299.51,300.83,2781330
SBERP,2024-04-02,300.84,301.41,299.12,300.6,1971340
SBERP,2024-04-03,300.1,307.26,300.1,306.63,3468310
SBERP,2024-04-04,306.6,307.84,304.07,304.71,2676320
SBERP,2024-04-05,304.51,307.12,303.6,306.51,1766740
SBERP,2024-04-08,306.99,308.84,306.23,307.66,1970340
SBERP,2024-04-09,308.23,309.28,305.48,306.78,2641040
SBERP,2024-04-10,306.99,307.74,304.82,306.92,2223650
SBERP,2024-04-11,307.55,308.33,306.01,307.1,1823030
SBERP,2024-04-12,307.49,308.01,305.41,306.9,2440480
SBERP,2024-04-15,306.9,308.42,306.67,307.87,2116310
SBERP,2024-04-16,307.9,308.8,307.06,308.59,1768000
SBERP,2024-04-17,309.0,309.89,306.05,306.65,2343700
SBERP,2024-04-18,306.63,308.54,305.53,307.92,1678000
SBERP,2024-04-19,307.92,308.48,307.28,308.19,1826680
SBERP,2024-04-22,308.52,315.77,308.0,315.72,6471530
SBERP,2024-04-23,315.94,317.22,307.43,308.88,9357380
SBERP,2024-04-24,309.7,310.7,307.7,308.61,3752530
SBERP,2024-04-25,308.01,309.8,308.0,309.5,1180170
SBERP,2024-04-26,309.79,310.78,309.01,310.19,1830310
SBERP,2024-04-27,310.01,310.98,308.8,309.6,2284040
SBERP,2024-04-29,309.01,309.76,308.1,309.51,988470
SBERP,2024-04-30,309.51,310.0,308.05,308.87,924710
SBERP,2024-05-02,309.0,309.57,306.73,307.96,1957660
SBERP,2024-05-03,307.5,309.1,305.01,307.7,2093150
SBERP,2024-05-06,308.6,308.6,305.76,306.23,2057070
SBERP,2024-05-07,306.27,308.95,306.27,308.27,2043780
SBERP,2024-05-08,308.27,312.19,308.26,311.28,2041510
SBERP,2024-05-10,311.41,313.98,311.4,313.57,1283220
SBERP,2024-05-13,314.57,316.0,314.4,315.09,2643840
SBERP,2024-05-14,315.85,318.43,313.77,318.18,2286550
SBERP,2024-05-15,318.5,319.98,317.89,319.66,2542130
SBERP,2024-05-16,320.0,322.99,319.79,322.82,2521300
SBERP,2024-05-17,322.82,323.89,319.72,323.37,2435490
SBERP,2024-05-20,324.0,324.68,319.09,321.14,2733030
SBERP,2024-05-21,321.14,322.89,317.54,320.84,3947290
SBERP,2024-05-22,321.72,322.99,321.04,322.78,1689980
SBERP,2024-05-23,322.71,324.45,321.13,323.71,1968950
SBERP,2024-05-24,323.6,325.25,320.05,321.58,3270080
SBERP,2024-05-27,321.74,323.08,315.83,317.78,4865310
SBERP,2024-05-28,318.0,323.17,316.19,319.06,3203370
SBERP,2024-05-29,319.2,320.66,316.77,320.58,1812190
SBERP,2024-05-30,320.61,321.76,316.9,317.43,2040980
SBERP,2024-05-31,317.0,318.7,309.5,312.99,5052520
SBERP,2024-06-03,312.99,315.26,304.66,310.56,5771240
SBERP,2024-06-04,310.56,316.37,308.59,316.16,3374370
SBERP,2024-06-05,316.99,318.15,314.22,315.0,2426780
SBERP,2024-06-06,315.1,316.89,311.7,313.79,2209300
SBERP,2024-06-07,313.85,320.88,313.2,320.01,4044750
SBERP,2024-06-10,321.15,322.0,313.29,317.92,2494120
SBERP,2024-06-11,317.93,320.31,316.0,318.22,1848590
SBERP,2024-06-13,308.2,318.5,303.1,318.18,3326240
SBERP,2024-06-14,319.44,321.0,317.1,319.97,1923760
SBERP,2024-06-17,320.7,320.7,317.25,318.2,2560840
SBERP,2024-06-18,318.19,318.25,313.1,315.1,2372240
SBERP,2024-06-19,314.6,314.78,307.85,310.74,4192470
SBERP,2024-06-20,310.12,314.87,305.58,314.12,10548850
SBERP,2024-06-21,314.81,316.85,313.06,315.11,2893100
SBERP,2024-06-24,315.4,319.41,314.71,317.8,2332350
SBERP,2024-06-25,317.8,320.0,316.66,320.0,2408850
SBERP,2024-06-26,320.3,324.7,320.18,324.37,4319950
SBERP,2024-06-27,324.38,328.0,323.05,327.7,3949750
SBERP,2024-06-28,327.04,329.58,326.6,327.93,3159430
SBERP,2024-07-01,328.6,330.0,325.6,328.34,2665420
SBERP,2024-07-02,328.5,329.7,327.6,329.4,1857320
SBERP,2024-07-03,329.46,330.7,328.06,328.4,2843580
SBERP,2024-07-04,328.4,329.71,324.02,324.83,4342660
SBERP,2024-07-05,324.83,326.84,321.34,325.0,4209220
SBERP,2024-07-08,326.98,327.97,323.48,324.36,4007140
SBERP,2024-07-09,324.38,325.03,317.0,319.92,7662340
SBERP,2024-07-10,319.89,319.92,314.69,316.78,14057160
SBERP,2024-07-11,288.0,297.1,285.16,296.0,16298390
SBERP,2024-07-12,296.0,297.46,290.71,292.22,5572700
SBERP,2024-07-15,292.28,293.66,283.92,284.56,6578200
SBERP,2024-07-16,284.56,285.58,277.0,285.2,7414310
SBERP,2024-07-17,285.2,290.3,283.07,284.87,3556930
SBERP,2024-07-18,284.87,290.0,282.39,289.89,2826740
SBERP,2024-07-19,289.89,292.99,289.44,290.29,2704460
SBERP,2024-07-22,291.68,295.24,291.05,295.09,2320230
SBERP,2024-07-23,295.2,295.73,292.35,293.99,3125800
SBERP,2024-07-24,294.97,296.5,293.0,295.3,1495960
SBERP,2024-07-25,295.31,297.0,294.07,296.26,1847730
SBERP,2024-07-26,296.26,300.0,292.55,293.39,8888700
SBERP,2024-07-29,293.39,293.57,286.0,286.24,5027530
SBERP,2024-07-30,286.72,291.7,284.44,289.45,3601970
SBERP,2024-07-31,290.61,290.61,287.66,289.2,2399600
SBERP,2024-08-01,289.1,290.48,286.61,286.98,1842680
SBERP,2024-08-02,286.98,287.93,283.92,285.89,2499540
SBERP,2024-08-05,283.0,283.0,275.52,276.0,8086010
SBERP,2024-08-06,277.69,281.09,276.3,279.07,3481010
SBERP,2024-08-07,279.52,282.85,276.71,281.87,3797790
SBERP,2024-08-08,282.75,284.9,278.8,279.94,4482010
SBERP,2024-08-09,279.94,281.95,278.83,280.0,2493780
SBERP,2024-08-12,279.5,280.61,277.12,279.62,2373940
SBERP,2024-08-13,280.2,283.79,279.38,282.99,3885320
SBERP,2024-08-14,282.99,283.96,279.24,279.64,2164090
SBERP,2024-08-15,279.8,280.49,276.59,277.3,2255850
SBERP,2024-08-16,277.3,278.68,273.66,274.28,2232470
SBERP,2024-08-19,274.5,274.99,265.16,268.0,5290990
SBERP,2024-08-20,268.5,269.43,263.35,265.89,3644740
SBERP,2024-08-21,265.89,267.6,263.73,266.48,2589900
SBERP,2024-08-22,267.09,268.0,260.12,261.35,4127690
SBERP,2024-08-23,261.0,261.96,256.36,259.08,6059620
SBERP,2024-08-26,263.04,266.66,260.45,264.95,4032070
SBERP,2024-08-27,266.07,267.0,259.62,260.18,2318910
SBERP,2024-08-28,259.9,261.69,255.19,261.39,3680940
SBERP,2024-08-29,261.39,263.55,258.21,260.06,3140170
SBERP,2024-08-30,259.61,261.3,252.65,253.94,4330360
SBERP,2024-09-02,253.94,253.94,242.09,243.94,9059510
SBERP,2024-09-03,244.99,249.17,239.55,243.56,10297900
SBERP,2024-09-04,244.3,252.98,241.88,252.23,5757030
SBERP,2024-09-05,254.89,257.88,250.53,252.55,6742340
SBERP,2024-09-06,252.55,255.35,250.08,255.0,4023050
SBERP,2024-09-09,256.0,264.14,255.55,263.73,5855380
SBERP,2024-09-10,264.57,264.61,258.86,261.12,4742100
SBERP,2024-09-11,260.87,262.12,257.22,257.95,3707500
SBERP,2024-09-12,257.94,258.29,252.97,254.93,2810600
SBERP,2024-09-13,254.93,259.45,249.14,257.98,7256610
SBERP,2024-09-16,259.01,264.2,258.04,263.5,4403810
SBERP,2024-09-17,263.89,266.5,260.41,265.84,3940420
SBERP,2024-09-18,265.84,267.82,262.84,262.84,3408460
SBERP,2024-09-19,263.52,265.5,262.11,263.78,3270570
SBERP,2024-09-20,264.45,268.87,263.61,268.87,3458080
SBERP,2024-09-23,269.0,273.6,268.8,273.19,3674630
SBERP,2024-09-24,273.54,274.0,270.0,272.52,3235840
SBERP,2024-09-25,273.0,273.43,266.87,267.76,3851690
SBERP,2024-09-26,267.52,269.7,265.45,267.63,2830310
SBERP,2024-09-27,267.99,269.37,267.2,267.97,1532240
SBERP,2024-09-30,268.56,271.95,267.9,268.18,2889710
SBERP,2024-10-01,267.69,268.17,263.6,266.0,3883260
SBERP,2024-10-02,265.0,267.7,258.36,259.4,3266080
SBERP,2024-10-03,259.7,264.42,257.23,264.28,4291680
SBERP,2024-10-04,264.11,265.04,261.99,263.66,2056880
SBERP,2024-10-07,264.0,266.3,260.91,263.23,2338610
SBERP,2024-10-08,262.4,263.82,261.6,262.37,1377950
SBERP,2024-10-09,262.31,263.27,259.46,260.6,2237640
SBERP,2024-10-10,260.8,261.69,258.79,260.01,1535400
SBERP,2024-10-11,260.0,260.44,256.79,256.88,1885560
SBERP,2024-10-14,256.86,263.89,254.2,261.48,3913920
SBERP,2024-10-15,261.47,263.49,259.69,261.83,1937230
SBERP,2024-10-16,262.19,264.49,258.38,259.72,2667540
SBERP,2024-10-17,260.0,260.49,256.4,256.91,1986580
SBERP,2024-10-18,256.89,259.0,254.78,257.27,3279580
SBERP,2024-10-21,257.7,259.95,257.0,257.97,2552610
SBERP,2024-10-22,257.97,258.41,255.0,255.4,2487790
SBERP,2024-10-23,255.75,255.84,251.32,251.96,3238790
SBERP,2024-10-24,251.74,254.12,250.12,252.24,2548650
SBERP,2024-10-25,252.23,255.42,245.05,246.46,7995800
SBERP,2024-10-28,244.96,248.66,241.31,242.43,5901960
SBERP,2024-10-29,242.5,244.0,239.78,242.68,4343610
SBERP,2024-10-30,243.1,246.0,241.06,241.18,3079170
SBERP,2024-10-31,241.18,242.61,236.36,238.12,5219420
SBERP,2024-11-01,238.11,239.18,234.72,237.8,4129140
SBERP,2024-11-02,237.8,239.58,237.52,238.8,1805440
SBERP,2024-11-05,239.19,241.0,238.2,239.33,2315520
SBERP,2024-11-06,245.33,248.3,242.31,244.09,6834460
SBERP,2024-11-07,243.99,251.27,242.4,250.59,2949380
SBERP,2024-11-08,251.58,256.26,250.55,256.2,4868970
SBERP,2024-11-11,258.55,261.38,256.67,261.27,4030110
SBERP,2024-11-12,260.75,260.84,255.21,255.55,3272290
SBERP,2024-11-13,255.2,259.08,254.14,254.79,3250630
SBERP,2024-11-14,254.79,256.22,248.82,249.67,3007280
SBERP,2024-11-15,249.67,254.59,248.22,252.84,3068810
SBERP,2024-11-18,248.75,252.24,247.0,248.59,3789070
SBERP,2024-11-19,248.61,250.0,240.01,240.9,6021210
SBERP,2024-11-20,242.16,243.96,235.03,237.01,5327120
SBERP,2024-11-21,237.89,240.72,233.82,240.72,6664770
SBERP,2024-11-22,240.72,241.29,235.07,236.2,4514070
SBERP,2024-11-25,236.95,238.0,227.5,228.28,6841020
SBERP,2024-11-26,228.39,232.18,221.31,223.27,9048030
SBERP,2024-11-27,224.0,227.0,219.63,226.79,10608780
SBERP,2024-11-28,227.96,229.72,222.84,228.46,6615490
SBERP,2024-11-29,228.5,236.69,227.6,236.23,5063790
SBERP,2024-12-02,236.87,238.75,234.39,235.3,3932680
SBERP,2024-12-03,235.97,235.97,230.04,230.89,3772810
SBERP,2024-12-04,230.8,233.66,224.05,225.18,6278380
SBERP,2024-12-05,225.1,234.21,222.91,233.93,7163860
SBERP,2024-12-06,234.7,237.87,231.48,237.68,5475070
SBERP,2024-12-09,239.0,240.48,236.93,237.5,3821810
SBERP,2024-12-10,238.0,238.72,230.79,230.98,5536260
SBERP,2024-12-11,230.98,234.08,229.25,234.0,4075750
SBERP,2024-12-12,234.0,235.9,228.8,229.05,3332780
SBERP,2024-12-13,229.0,231.37,228.05,228.83,2706570
SBERP,2024-12-16,228.83,229.0,224.82,225.9,4554240
SBERP,2024-12-17,225.4,227.99,224.0,226.56,3145370
SBERP,2024-12-18,226.66,231.14,224.74,230.19,3361050
SBERP,2024-12-19,230.55,235.0,228.39,229.84,7413520
SBERP,2024-12-20,229.96,258.82,228.93,258.19,14130150
SBERP,2024-12-23,259.6,269.69,256.63,264.66,9917380
SBERP,2024-12-24,265.5,267.0,261.11,263.74,4900330
SBERP,2024-12-25,263.73,271.72,260.12,270.32,7559420
SBERP,2024-12-26,271.0,273.34,268.37,269.25,7006850
SBERP,2024-12-27,269.78,273.06,268.6,272.01,7635010
SBERP,2024-12-28,272.01,274.68,271.0,273.5,2561080
SBERP,2024-12-30,274.21,279.65,274.0,279.59,4496310
SBERP,2025-01-03,280.0,281.36,272.0,272.1,3682030
SBERP,2025-01-06,271.0,274.28,270.04,274.28,1857370
SBERP,2025-01-08,273.96,278.69,273.42,276.99,1909370
SBERP,2025-01-09,277.0,280.0,271.05,271.9,3528240
SBERP,2025-01-10,272.13,279.35,270.38,278.54,5033630
SBERP,2025-01-13,279.52,284.66,278.35,279.79,4660650
SBERP,2025-01-14,279.79,281.97,277.01,279.83,3013060
SBERP,2025-01-15,280.57,282.32,275.82,282.32,3628080
SBERP,2025-01-16,283.13,283.94,281.06,281.95,2738610
SBERP,2025-01-17,282.21,283.99,280.17,283.02,3312840
SBERP,2025-01-20,284.2,285.68,277.23,278.22,5265610
SBERP,2025-01-21,278.73,281.77,276.23,281.36,2817440
SBERP,2025-01-22,281.36,283.75,280.0,280.19,3495590
SBERP,2025-01-23,280.19,280.68,277.16,280.04,3026750
SBERP,2025-01-24,280.0,282.55,279.01,280.63,2952420
SBERP,2025-01-27,280.22,280.76,274.43,274.68,3748760
SBERP,2025-01-28,275.0,278.8,273.45,278.17,2883270
SBERP,2025-01-29,278.09,281.64,277.05,280.22,2526350
SBERP,2025-01-30,280.22,282.0,280.06,281.53,1965870
SBERP,2025-01-31,281.53,283.58,280.01,280.4,2315200
SBERP,2025-02-03,280.4,280.4,277.8,279.25,1924970
SBERP,2025-02-04,279.25,281.03,275.8,277.3,2412970
SBERP,2025-02-05,277.0,282.98,275.27,282.17,2859440
SBERP,2025-02-06,282.84,288.49,281.57,286.16,3933820
SBERP,2025-02-07,285.59,287.93,284.44,285.47,2360800
SBERP,2025-02-10,286.5,293.1,286.5,289.16,5541470
SBERP,2025-02-11,288.56,292.68,287.5,292.23,4555210
SBERP,2025-02-12,292.84,313.25,289.74,312.06,15926370
SBERP,2025-02-13,313.02,317.12,305.54,308.2,9228220
SBERP,2025-02-14,302.52,315.84,296.03,307.02,12408670
SBERP,2025-02-17,310.9,316.56,309.06,316.53,6468370
SBERP,2025-02-18,316.63,317.85,307.28,310.11,8566340
SBERP,2025-02-19,311.49,315.1,308.72,314.34,4859830
SBERP,2025-02-20,314.05,316.0,312.34,312.88,3355550
SBERP,2025-02-21,312.88,314.76,310.16,313.34,3350950
SBERP,2025-02-24,313.34,314.95,312.0,314.3,2800880
SBERP,2025-02-25,314.3,316.53,314.17,315.05,2962500
SBERP,2025-02-26,315.05,315.95,306.77,308.97,5863360
SBERP,2025-02-27,309.02,311.09,302.83,305.04,5921730
SBERP,2025-02-28,306.0,309.53,302.57,307.47,5595110
SBERP,2025-03-03,307.47,309.5,298.88,303.77,5659540
SBERP,2025-03-04,304.24,316.5,304.24,314.48,7658200
SBERP,2025-03-05,313.99,316.46,310.51,311.8,6032140
SBERP,2025-03-06,311.8,315.0,311.65,312.57,2236890
SBERP,2025-03-07,312.57,318.89,304.81,312.57,7495240
SBERP,2025-03-10,313.0,316.56,312.7,313.63,3742980
SBERP,2025-03-11,313.83,319.39,312.03,316.99,6447010
SBERP,2025-03-12,316.7,318.39,313.34,315.92,3514430
SBERP,2025-03-13,316.0,317.71,310.1,313.8,6172610
SBERP,2025-03-14,313.2,318.24,311.56,317.91,4149390
SBERP,2025-03-17,317.91,323.88,317.27,322.97,4487970
SBERP,2025-03-18,323.1,326.78,320.2,320.35,6319570
SBERP,2025-03-19,320.5,324.0,318.8,322.13,3293420
SBERP,2025-03-20,322.13,323.32,318.32,320.2,4371060
SBERP,2025-03-21,320.0,322.3,319.0,319.94,2336200
SBERP,2025-03-24,319.88,320.66,315.51,316.72,2805460
SBERP,2025-03-25,317.33,319.31,312.15,317.79,3275430
SBERP,2025-03-26,317.9,318.44,312.48,313.68,1985840
SBERP,2025-03-27,314.01,315.14,309.75,309.96,2625160
SBERP,2025-03-28,309.0,311.31,303.05,306.37,5402850
SBERP,2025-03-31,306.0,309.96,296.83,307.59,6024800
SBERP,2025-04-01,308.0,311.0,301.28,301.44,5398000
SBERP,2025-04-02,301.43,305.98,300.23,304.72,4889060
SBERP,2025-04-03,305.0,307.34,295.0,300.26,4884940
SBERP,2025-04-04,301.6,302.5,283.57,284.85,9373560
SBERP,2025-04-07,285.16,292.58,273.97,286.76,13002910
SBERP,2025-04-08,289.58,293.88,281.66,281.66,6275550
SBERP,2025-04-09,281.59,294.21,277.07,293.28,12308660
SBERP,2025-04-10,294.2,296.8,287.15,291.63,9226280
SBERP,2025-04-11,291.63,298.79,291.63,297.62,4915900
SBERP,2025-04-14,299.43,301.3,293.25,294.98,3850730
SBERP,2025-04-15,294.24,298.7,293.94,296.02,2017820
SBERP,2025-04-16,295.74,301.0,293.72,298.27,2413600
SBERP,2025-04-17,298.34,303.09,298.34,302.7,2908470
SBERP,2025-04-18,300.0,302.21,294.84,299.18,2935640
SBERP,2025-04-21,302.0,306.5,300.34,305.94,2780290
SBERP,2025-04-22,305.94,312.6,304.37,310.0,5179870
SBERP,2025-04-23,311.0,312.75,303.78,307.66,4597870
SBERP,2025-04-24,308.11,310.49,306.68,307.63,2339790
SBERP,2025-04-25,308.3,314.44,307.65,313.42,4369950
SBERP,2025-04-28,314.03,316.98,310.52,311.73,6064180
SBERP,2025-04-29,312.25,312.96,304.7,306.83,3381240
SBERP,2025-04-30,306.8,307.11,300.81,305.5,3888300
SBERP,2025-05-02,305.52,305.59,297.0,297.12,2643720
SBERP,2025-05-05,297.13,300.63,289.74,292.57,4990640
SBERP,2025-05-06,293.0,302.57,290.01,299.5,3413140
SBERP,2025-05-07,299.5,302.8,298.0,300.84,2401150
SBERP,2025-05-08,300.88,303.88,298.61,300.79,1626960
SBERP,2025-05-12,301.21,309.06,300.61,308.69,2988330
SBERP,2025-05-13,308.48,309.9,307.46,309.09,1534830
SBERP,2025-05-14,308.76,311.2,302.08,302.3,2352320
SBERP,2025-05-15,302.0,305.5,298.75,302.83,2870420
SBERP,2025-05-16,302.8,306.93,295.13,304.52,3986640
SBERP,2025-05-19,304.49,311.25,304.16,306.74,4334580
SBERP,2025-05-20,306.74,307.81,302.8,304.42,1213010
SBERP,2025-05-21,304.52,305.4,300.87,301.99,1376630
SBERP,2025-05-22,301.62,303.5,297.51,300.69,2352810
SBERP,2025-05-23,300.7,302.68,299.1,299.9,1322490
SBERP,2025-05-26,300.0,300.68,294.0,295.58,2595800
SBERP,2025-05-27,295.71,298.0,291.25,296.57,1901660
SBERP,2025-05-28,296.97,306.31,296.97,306.08,2939950
SBERP,2025-05-29,306.07,307.84,303.7,304.32,2700410
SBERP,2025-05-30,304.32,308.0,303.07,306.6,1698050
SBERP,2025-06-02,306.71,309.6,299.18,307.1,3629190
SBERP,2025-06-03,307.5,312.69,307.41,311.22,2330300
SBERP,2025-06-04,312.0,316.0,309.75,311.29,3669950
SBERP,2025-06-05,311.42,316.08,311.42,315.63,1930390
SBERP,2025-06-06,316.0,322.45,309.14,310.41,6390420
SBERP,2025-06-09,312.83,313.0,308.0,309.15,2344330
SBERP,2025-06-10,309.77,310.91,305.53,306.82,1840160
SBERP,2025-06-11,307.03,311.64,306.51,310.01,1587850
SBERP,2025-06-13,311.12,311.39,307.71,308.09,1137890
SBERP,2025-06-16,308.13,311.89,305.8,309.12,1589060
SBERP,2025-06-17,309.0,312.9,308.48,311.79,1545390
SBERP,2025-06-18,312.0,313.0,310.41,310.93,1495630
SBERP,2025-06-19,311.16,314.25,308.93,309.35,3408340
SBERP,2025-06-20,309.31,310.76,306.46,307.22,2618940
SBERP,2025-06-23,307.22,308.78,305.47,307.03,1961330
SBERP,2025-06-24,307.1,309.11,306.05,308.55,1642710
SBERP,2025-06-25,308.45,311.37,308.45,310.4,1478020
SBERP,2025-06-26,310.53,311.33,309.2,309.61,1056380
SBERP,2025-06-27,310.05,312.41,309.58,312.1,1394080
SBERP,2025-06-30,312.12,314.96,310.5,313.82,2752750
SBERP,2025-07-01,313.99,316.82,313.58,315.35,1724330
SBERP,2025-07-02,315.35,316.79,314.14,316.59,1632460
SBERP,2025-07-03,316.59,318.77,316.0,317.18,1492900
SBERP,2025-07-04,317.18,318.33,315.35,316.82,2439900
SBERP,2025-07-07,317.28,317.71,310.7,311.26,2323700
SBERP,2025-07-08,311.26,312.95,307.91,308.28,1728300
SBERP,2025-07-09,309.47,310.26,305.88,307.84,2516280
SBERP,2025-07-10,307.5,312.87,307.5,311.95,1390410
SBERP,2025-07-11,312.84,312.84,306.24,307.73,2362730
SBERP,2025-07-14,308.0,317.0,302.9,315.21,6311450
SBERP,2025-07-15,315.21,317.46,314.46,317.0,2825350
SBERP,2025-07-16,317.06,318.8,316.86,318.5,3121800
SBERP,2025-07-17,318.5,325.7,318.21,324.15,8516380
SBERP,2025-07-18,297.0,309.09,297.0,308.4,9871430
SBERP,2025-07-21,308.0,312.62,307.04,307.4,6098580
SBERP,2025-07-22,308.0,308.85,306.15,307.84,1741700
SBERP,2025-07-23,307.38,311.17,307.38,309.47,2185410
SBERP,2025-07-24,309.48,310.32,306.73,308.0,1674520
SBERP,2025-07-25,308.1,309.0,303.53,305.9,3835620
SBERP,2025-07-28,306.34,306.77,300.41,300.47,4397020
SBERP,2025-07-29,300.71,304.6,299.4,301.77,3092350
SBERP,2025-07-30,301.8,302.78,300.02,300.27,1128800
SBERP,2025-07-31,300.3,302.49,299.77,301.69,1180480
SBERP,2025-08-01,301.9,303.88,299.45,300.61,1532239
SBERP,2025-08-04,301.99,305.59,301.12,305.48,3100379
SBERP,2025-08-05,305.48,306.27,302.89,305.24,1772262
SBERP,2025-08-06,305.27,310.0,300.77,308.17,4646926
SBERP,2025-08-07,308.17,313.29,306.05,310.22,5381691
SBERP,2025-08-08,310.3,313.95,309.38,313.91,2385192
SBERP,2025-08-11,316.0,318.8,313.68,314.22,3462129
SBERP,2025-08-12,314.22,316.15,313.28,314.87,1270130
SBERP,2025-08-13,314.87,316.77,314.16,314.36,1502817
SBERP,2025-08-14,314.36,317.33,312.03,316.45,3480436
SBERP,2025-08-15,316.45,318.0,316.45,317.25,1837701
SBERP,2025-08-18,313.65,317.5,309.0,316.0,3230618
SBERP,2025-08-19,317.0,317.43,314.02,314.02,1123906
SBERP,2025-08-20,314.06,315.43,311.08,312.01,1099609
SBERP,2025-08-21,311.56,313.07,307.78,308.33,1695135
SBERP,2025-08-22,309.2,310.84,308.3,310.47,1526202
SBERP,2025-08-25,310.42,310.98,306.86,309.35,1421528
SBERP,2025-08-26,309.1,311.99,308.59,310.07,814522
SBERP,2025-08-27,310.41,311.35,309.32,310.4,1001794
SBERP,2025-08-28,310.8,311.86,307.92,308.61,1546493
SBERP,2025-08-29,308.92,309.31,306.64,308.1,1141394
SBERP,2025-09-01,308.7,310.19,306.68,307.22,1190132
SBERP,2025-09-02,307.24,307.94,305.0,306.14,1307643
SBERP,2025-09-03,306.14,307.35,304.94,307.0,787411
SBERP,2025-09-04,307.0,308.67,305.33,306.57,929323
SBERP,2025-09-05,306.92,309.49,306.92,308.83,1172187
SBERP,2025-09-08,308.85,311.84,308.1,311.17,1966883
SBERP,2025-09-09,311.3,312.96,310.91,312.6,1822302
SBERP,2025-09-10,312.53,312.6,308.53,309.19,1190142
SBERP,2025-09-11,309.0,310.46,306.1,307.4,1615401
SBERP,2025-09-12,308.2,308.35,302.52,303.48,3027775
SBERP,2025-09-15,303.94,304.5,300.75,302.06,1926670
SBERP,2025-09-16,302.52,304.13,299.83,302.09,2300013
SBERP,2025-09-17,302.09,305.88,300.04,304.69,1790113
SBERP,2025-09-18,304.69,305.34,300.05,301.36,3285814
SBERP,2025-09-19,301.36,302.99,295.26,295.52,3083921
SBERP,2025-09-22,295.65,299.27,292.51,298.06,3308052
SBERP,2025-09-23,298.76,299.5,290.42,291.78,2768175
SBERP,2025-09-24,291.81,295.98,288.65,293.04,2462360
SBERP,2025-09-25,293.72,294.32,289.0,289.45,1485969
SBERP,2025-09-26,290.08,292.11,286.66,291.05,1637628
SBERP,2025-09-29,291.64,294.83,286.07,287.69,2149267
SBERP,2025-09-30,287.69,289.79,285.21,287.61,1872084
SBERP,2025-10-01,287.99,290.22,285.0,285.97,1605194
SBERP,2025-10-02,285.97,287.39,282.42,284.74,2287557
SBERP,2025-10-03,284.8,286.94,281.5,282.0,2222997
SBERP,2025-10-06,282.31,289.89,278.53,289.38,3087488
SBERP,2025-10-07,289.0,294.42,287.57,292.93,1897766
SBERP,2025-10-08,292.93,293.98,277.48,281.69,3466224
SBERP,2025-10-09,282.5,289.88,278.21,288.4,5302324
SBERP,2025-10-10,288.4,289.47,283.22,284.38,2653678
SBERP,2025-10-13,284.5,287.99,281.25,284.5,3174343
SBERP,2025-10-14,285.0,285.95,281.16,282.2,2164444
SBERP,2025-10-15,281.76,284.44,281.03,282.1,1947915
SBERP,2025-10-16,282.12,302.22,281.23,301.3,6781212
SBERP,2025-10-17,301.41,302.97,297.72,298.87,3146405
SBERP,2025-10-20,300.23,303.74,300.23,301.99,2267856
SBERP,2025-10-21,301.8,302.5,289.52,293.85,5616003
SBERP,2025-10-22,293.85,294.17,285.41,288.71,3082272
SBERP,2025-10-23,285.82,289.54,282.03,289.26,8023878
SBERP,2025-10-24,289.27,291.9,282.2,284.5,7691273
SBERP,2025-10-27,285.39,285.39,280.0,280.77,3257652
SBERP,2025-10-28,280.77,287.85,278.78,286.59,2876975
SBERP,2025-10-29,286.7,288.73,285.53,287.84,1757743
SBERP,2025-10-30,287.84,294.52,286.96,292.92,2211010
SBERP,2025-10-31,292.54,294.5,286.39,288.03,2252936
SBERP,2025-11-01,288.03,290.65,287.28,289.9,796487
SBERP,2025-11-03,290.19,296.07,290.13,294.7,1334981
SBERP,2025-11-05,294.8,295.25,290.0,291.55,2143103
SBERP,2025-11-06,291.55,292.99,288.53,290.5,1526823
SBERP,2025-11-07,290.5,294.32,289.5,292.96,1559239
SBERP,2025-11-10,293.9,298.84,293.03,296.45,2766597
SBERP,2025-11-11,296.45,297.98,294.46,297.3,1060881
SBERP,2025-11-12,297.2,298.17,293.28,295.32,2099955
SBERP,2025-11-13,295.32,297.58,294.11,295.19,1416659
SBERP,2025-11-14,294.7,295.95,292.03,293.55,1570014
SBERP,2025-11-17,293.55,293.93,290.2,290.81,1982483
SBERP,2025-11-18,290.81,299.0,289.73,295.65,3757154
SBERP,2025-11-19,296.98,305.98,294.98,300.69,5766189
SBERP,2025-11-20,300.68,304.99,297.8,303.71,4261060
SBERP,2025-11-21,304.0,304.8,300.1,303.13,3643445
SBERP,2025-11-24,304.32,305.96,299.4,301.3,2822021
SBERP,2025-11-25,301.5,303.84,298.5,301.96,3006931
SBERP,2025-11-26,301.96,302.54,299.62,300.38,1154438
SBERP,2025-11-27,300.38,301.67,293.66,295.87,2533902
SBERP,2025-11-28,295.85,301.24,295.14,300.44,1915135
SBERP,2025-12-01,300.0,302.73,299.03,300.7,2000537
SBERP,2025-12-02,300.73,301.96,297.66,300.31,1861495
SBERP,2025-12-03,295.55,299.91,295.4,298.58,2269406
SBERP,2025-12-04,299.48,300.31,297.64,297.82,1427360
SBERP,2025-12-05,297.82,304.35,297.82,303.04,2763646
SBERP,2025-12-08,303.04,304.99,300.56,301.11,2049286
SBERP,2025-12-09,301.15,304.3,300.52,303.16,1908653
SBERP,2025-12-10,304.27,304.27,300.04,302.72,1453246
SBERP,2025-12-11,302.8,305.5,301.73,303.9,3597909
SBERP,2025-12-12,303.9,304.78,300.0,300.24,2044058
SBERP,2025-12-15,300.84,302.68,300.09,301.88,2175574
SBERP,2025-12-16,301.46,303.0,300.94,302.29,1602292
SBERP,2025-12-17,302.22,303.19,299.56,300.8,2567378
SBERP,2025-12-18,300.8,301.59,298.09,299.81,3211626
SBERP,2025-12-19,299.81,301.19,296.62,298.1,3201173
SBERP,2025-12-22,298.56,299.66,295.69,296.18,2388563
SBERP,2025-12-23,296.18,299.61,296.02,298.66,1466593
SBERP,2025-12-24,298.66,300.76,297.32,299.84,1347013
SBERP,2025-12-25,299.84,300.77,297.5,297.62,1314054
SBERP,2025-12-26,297.62,300.1,297.62,300.09,1311924
SBERP,2025-12-29,300.12,304.67,297.53,299.18,5788600
SBERP,2025-12-30,299.22,300.69,298.67,299.01,2698333
SBERP,2026-01-05,299.01,299.88,296.05,298.87,1291658
SBERP,2026-01-06,298.52,299.9,298.06,298.86,652926
SBERP,2026-01-08,297.74,298.4,296.5,297.21,783687
SBERP,2026-01-09,297.21,298.85,296.95,298.13,635859
SBERP,2026-01-12,298.03,300.9,298.02,298.21,1249348
SBERP,2026-01-13,298.9,299.2,296.33,296.89,999434
SBERP,2026-01-14,296.89,299.25,295.2,298.06,1330806
SBERP,2026-01-15,298.47,299.1,297.0,298.06,1030088
SBERP,2026-01-16,298.4,301.78,298.06,301.05,1393283
SBERP,2026-01-19,301.5,303.71,299.91,302.38,1785371
SBERP,2026-01-20,302.5,303.16,301.14,302.15,1091169
SBERP,2026-01-21,302.09,305.5,301.66,305.17,1759010
SBERP,2026-01-22,305.5,305.91,302.56,304.97,2757557
SBERP,2026-01-23,304.8,306.16,303.6,306.13,1218188
SBERP,2026-01-26,306.13,306.55,302.0,302.75,2495982
SBERP,2026-01-27,302.88,304.75,301.85,304.09,1171006
SBERP,2026-01-28,304.09,304.85,303.12,303.16,1051138
SBERP,2026-01-29,303.1,310.58,303.01,307.17,3177862
SBERP,2026-01-30,307.25,307.71,303.55,304.82,1696311
SBERP,2026-02-02,304.85,306.65,301.73,304.03,2556583
SBERP,2026-02-03,304.0,306.1,303.0,303.4,1272775
SBERP,2026-02-04,303.86,305.65,302.92,303.56,1040048
SBERP,2026-02-05,303.56,303.8,300.43,301.36,2331045
SBERP,2026-02-06,301.67,302.69,300.62,300.85,1119875
SBERP,2026-02-09,301.26,302.5,300.69,301.9,1139601
SBERP,2026-02-10,302.0,304.57,301.64,302.8,2383779
SBERP,2026-02-11,302.8,305.99,302.72,305.32,1641013
SBERP,2026-02-12,305.32,306.9,304.8,305.12,1741002
SBERP,2026-02-13,305.12,308.51,304.02,308.06,2480038
SBERP,2026-02-16,308.06,312.05,307.84,311.24,2583969
SBERP,2026-02-17,311.15,312.11,309.1,310.48,1375467
SBERP,2026-02-18,310.23,313.38,309.57,312.76,1551648
SBERP,2026-02-19,312.76,313.99,312.18,312.79,1288869
SBERP,2026-02-20,312.7,314.39,312.07,313.91,1502141
SBERP,2026-02-24,313.91,316.9,313.39,315.84,2647712
SBERP,2026-02-25,315.84,318.97,315.47,317.41,1441997
SBERP,2026-02-26,318.3,318.5,315.01,315.45,1562869
SBERP,2026-02-27,315.26,315.98,312.88,315.64,1623431
SBERP,2026-03-02,315.64,315.7,312.3,313.65,2488460
SBERP,2026-03-03,313.65,313.9,311.01,311.75,1403476
SBERP,2026-03-04,311.75,312.53,310.41,311.02,1018315
SBERP,2026-03-05,311.03,315.49,311.03,314.68,1545340
SBERP,2026-03-06,314.68,316.11,313.95,314.21,1218804
SBERP,2026-03-09,314.22,316.99,312.68,316.26,2118368
SBERP,2026-03-10,316.7,318.99,312.07,314.73,2857951
SBERP,2026-03-11,314.6,316.76,314.24,314.82,1056100
SBERP,2026-03-12,314.82,316.99,314.8,316.29,1244323
SBERP,2026-03-13,316.24,318.2,316.24,316.56,1269473
SBERP,2026-03-16,316.61,318.8,315.69,316.14,1894868
SBERP,2026-03-17,316.15,319.45,315.9,319.4,1964396
SBERP,2026-03-18,320.18,322.22,316.81,320.23,3549268
SBERP,2026-03-19,320.24,321.41,319.16,320.49,2030099
SBERP,2026-03-20,321.0,321.99,320.0,320.5,1452713
SBERP,2026-03-23,321.0,321.2,314.71,316.87,3309741
SBERP,2026-03-24,316.87,317.84,315.93,317.2,1174028
SBERP,2026-03-25,317.6,318.25,316.68,317.02,656736
SBERP,2026-03-26,317.02,317.7,315.38,316.1,888092
SBERP,2026-03-27,316.1,317.23,313.51,314.0,1828365
SBERP,2026-03-30,314.0,316.66,312.89,314.25,3765910
SBERP,2026-03-31,314.25,315.31,313.33,314.31,751653
SBERP,2026-04-01,314.31,317.34,314.01,316.82,1598265
SBERP,2026-04-02,316.83,317.48,315.45,316.04,662471
SBERP,2026-04-03,316.39,317.45,314.0,314.63,1503272
SBERP,2026-04-06,315.24,319.66,313.4,318.89,2458839
SBERP,2026-04-07,319.5,320.5,317.66,317.77,1406663
SBERP,2026-04-08,317.93,320.8,317.93,319.1,1011451
SBERP,2026-04-09,319.1,320.84,315.71,317.71,1967228
SBERP,2026-04-10,317.81,318.77,316.55,317.23,807349
SBERP,2026-04-13,317.6,318.47,315.5,316.45,1579544
SBERP,2026-04-14,317.0,317.81,315.16,316.92,945202
SBERP,2026-04-15,316.92,321.45,316.27,320.81,1947181
SBERP,2026-04-16,320.81,324.91,320.2,321.81,2416871
SBERP,2026-04-17,321.6,324.47,321.45,323.51,1483241
SBERP,2026-04-20,324.0,326.0,322.65,325.0,2204059
SBERP,2026-04-21,324.91,325.32,321.8,323.3,1814494
SBERP,2026-04-22,323.31,326.95,323.31,326.69,1755367
SBERP,2026-04-23,326.3,327.92,325.8,327.23,1796232
SBERP,2026-04-24,327.23,328.0,324.3,325.1,1833853
SBERP,2026-04-27,325.16,326.38,322.0,322.11,1771000
SBERP,2026-04-28,322.11,323.42,319.63,320.23,1482899
SBERP,2026-04-29,320.25,322.0,316.26,320.0,2612246
SBERP,2026-04-30,320.45,321.69,318.34,319.89,1403698
SBERP,2026-05-04,320.55,323.59,318.61,321.53,2412636
SBERP,2026-05-05,321.53,322.92,318.1,321.28,1389165
SBERP,2026-05-06,321.19,322.39,319.26,320.17,1155162
SBERP,2026-05-07,320.17,320.69,319.05,319.16,717343
SBERP,2026-05-08,319.0,321.96,318.57,320.38,1075022
SBERP,2026-05-11,321.01,324.8,321.01,323.74,1138810
SBERP,2026-05-12,323.24,326.87,323.1,326.38,1388101
SBERP,2026-05-13,326.61,326.99,325.15,326.35,894885
SBERP,2026-05-14,326.35,327.33,324.1,324.17,1104389
SBERP,2026-05-15,324.2,325.95,322.2,323.25,789786
SBERP,2026-05-18,323.51,326.29,321.56,325.59,1417956
SBERP,2026-05-19,325.47,326.88,323.58,324.38,1332859
SBERP,2026-05-20,324.38,325.92,322.67,323.32,846136
SBERP,2026-05-21,323.32,324.59,321.06,323.36,1707333
SBERP,2026-05-22,323.36,326.2,322.14,323.32,1735750
SBERP,2026-05-25,323.38,325.0,318.41,321.57,2342264
SBERP,2026-05-26,321.5,322.49,319.4,320.6,1544761
SBERP,2026-05-27,320.6,323.79,320.02,322.95,1694698
SBERP,2026-05-28,322.8,324.6,322.0,322.59,884208
SBERP,2026-05-29,322.05,323.17,320.0,320.87,1214814
SBERP,2026-06-01,320.9,323.5,320.9,323.27,1637058
SBERP,2026-06-02,322.7,327.24,322.61,326.6,1759649
SBERP,2026-06-03,326.6,327.59,323.47,323.54,1180307
SBERP,2026-06-04,323.55,325.69,322.54,323.49,885617
SBERP,2026-06-05,323.4,324.11,322.24,323.48,760784
SBERP,2026-06-08,323.45,324.49,320.27,321.47,1804991
SBERP,2026-06-09,321.47,322.45,319.0,321.63,1741433
SBERP,2026-06-10,321.7,323.53,319.64,322.17,1697096
SBERP,2026-06-11,322.18,323.5,321.57,322.34,892120
SBERP,2026-06-15,322.59,326.26,322.0,325.2,1530108
SBERP,2026-06-16,325.2,325.89,318.75,320.9,2466703
SBERP,2026-06-17,320.9,321.77,319.23,319.7,1227403
SBERP,2026-06-18,319.7,320.07,314.41,316.18,4056032
SBERP,2026-06-19,316.18,317.62,311.22,314.14,3033322
SBERP,2026-06-22,314.48,315.11,297.67,302.96,6390022
SBERP,2026-06-23,303.0,309.4,296.92,308.22,3877305
SBERP,2026-06-24,308.25,310.93,298.0,301.99,3981861
SBERP,2026-06-25,302.89,305.79,294.6,296.36,5823221
SBERP,2026-06-26,296.38,303.63,290.22,299.35,8253660
SBERP,2026-06-29,300.02,309.36,295.96,308.5,5361408
SBERP,2026-06-30,308.5,312.98,305.36,308.44,4099126
SBERP,2026-07-01,308.72,311.54,305.5,307.15,2944098
SBERP,2026-07-02,307.2,308.48,299.5,301.7,5309346
SBERP,2026-07-03,302.5,305.0,297.72,301.38,5009906
SBERP,2026-07-06,301.7,305.69,294.65,298.97,4453586
SBERP,2026-07-07,298.96,299.89,292.15,299.22,4092003
SBERP,2026-07-08,298.9,301.0,294.8,299.89,3525409
SBERP,2026-07-09,299.89,300.9,294.71,295.99,2031344
SBERP,2026-07-10,295.99,296.98,290.51,291.14,3566247
SBERP,2026-07-13,291.9,297.19,291.5,293.86,3438585
SBERP,2026-07-14,294.46,296.74,293.83,295.45,1953414
SBERP,2026-07-15,295.45,296.0,287.9,289.41,3713667
SBERP,2026-07-16,289.41,289.41,276.78,278.12,6033697
SBERP,2026-07-17,278.12,285.79,274.16,282.47,7217454
SBERP,2026-07-20,249.7,265.71,245.47,263.26,16288383
SBERP,2026-07-21,263.4,270.23,258.4,264.5,7613867
SBERP,2026-07-22,265.23,267.86,261.12,265.68,4514447
SBERP,2026-07-23,266.0,266.9,262.1,264.09,3868093
SBERP,2026-07-24,264.12,270.99,260.57,270.39,6346720
SBERP,2026-07-27,271.14,276.99,269.61,275.84,4606711
SBERP,2026-07-28,276.5,278.79,273.42,274.62,3243403
SBERP,2026-07-29,275.7,277.73,274.66,276.94,2302172
SBERP,2026-07-30,277.0,278.95,274.76,275.44,2019388
SBERP,2026-07-31,275.43,277.25,274.73,277.0,2813315
SBERP,2026-08-03,277.09,282.35,277.09,282.2,2189850
SBERP,2026-08-04,282.37,286.78,282.17,286.52,5884567
SBERP,2026-08-05,287.0,289.91,285.27,289.45,2982750
SBERP,2026-08-06,289.5,290.4,283.83,286.3,3462937
SBERP,2026-08-07,287.0,287.5,281.2,282.74,3141643
SBERP,2026-08-10,282.74,285.99,282.74,284.98,2628253
SBERP,2026-08-11,285.0,287.36,284.51,286.52,2318774
SBERP,2026-08-12,286.52,287.62,283.78,284.93,2093699
SBERP,2026-08-13,284.93,285.35,278.0,278.15,2870856
SBERP,2026-08-14,278.15,280.88,270.78,273.78,3616267
