symbol,date,open,high,low,close,volume
SNGS,2014-06-09,27.152,27.33,26.831,26.942,14903900
SNGS,2014-06-10,27.0,27.394,26.7,27.394,15981600
SNGS,2014-06-11,27.37,27.65,27.204,27.559,22255600
SNGS,2014-06-16,27.4,27.635,27.0,27.351,68023500
SNGS,2014-06-17,28.121,28.121,27.313,27.792,24434500
SNGS,2014-06-18,27.842,28.388,27.768,28.184,25750100
SNGS,2014-06-19,28.4,28.474,27.211,27.248,22542500
SNGS,2014-06-20,27.098,27.318,26.763,27.186,18556500
SNGS,2014-06-23,27.275,27.498,27.06,27.275,11518100
SNGS,2014-06-24,27.37,27.825,27.317,27.8,19342600
SNGS,2014-06-25,27.599,27.699,26.7,26.717,19274200
SNGS,2014-06-26,26.855,26.928,26.28,26.5,14867200
SNGS,2014-06-27,26.703,26.73,26.257,26.6,13404200
SNGS,2014-06-30,26.641,26.696,26.111,26.436,13080400
SNGS,2014-07-01,26.968,26.968,26.12,26.673,13177800
SNGS,2014-07-02,26.627,27.484,26.627,27.484,22251100
SNGS,2014-07-03,27.629,27.629,27.169,27.26,8955800
SNGS,2014-07-04,27.728,27.728,26.301,26.595,17264300
SNGS,2014-07-07,26.647,27.143,26.584,27.0,14342100
SNGS,2014-07-08,26.94,27.35,26.752,26.791,16403700
SNGS,2014-07-09,27.271,27.271,26.417,26.99,18315400
SNGS,2014-07-10,27.724,27.724,26.3,26.652,24425600
SNGS,2014-07-11,26.704,27.0,26.471,26.9,16061500
SNGS,2014-07-14,26.99,27.0,26.299,26.38,17191900
SNGS,2014-07-15,25.596,26.219,25.596,26.022,21366100
SNGS,2014-07-16,26.0,26.456,25.551,25.965,22742400
SNGS,2014-07-17,25.55,25.856,25.379,25.59,23377800
SNGS,2014-07-18,25.3,25.568,24.778,24.811,27543100
SNGS,2014-07-21,24.93,24.967,24.452,24.555,28105300
SNGS,2014-07-22,24.6,25.327,24.6,24.851,25969700
SNGS,2014-07-23,24.995,25.103,24.577,24.92,14905700
SNGS,2014-07-24,24.7,25.077,24.653,24.882,18261700
SNGS,2014-07-25,24.975,25.03,24.549,24.86,15945600
SNGS,2014-07-28,24.8,25.0,24.421,24.586,19337000
SNGS,2014-07-29,24.608,24.992,24.577,24.821,18467000
SNGS,2014-07-30,24.775,25.3,24.65,24.792,21345500
SNGS,2014-07-31,24.997,25.018,24.778,24.86,13323300
SNGS,2014-08-01,25.16,25.627,24.601,25.511,16795300
SNGS,2014-08-04,25.5,26.435,25.25,26.435,39351200
SNGS,2014-08-05,26.328,26.328,25.35,25.365,23851900
SNGS,2014-08-06,25.325,25.628,25.0,25.108,30489400
SNGS,2014-08-07,25.001,25.446,24.959,25.072,26964400
SNGS,2014-08-08,25.15,25.592,25.065,25.269,15607600
SNGS,2014-08-11,25.38,25.9,25.38,25.47,13286700
SNGS,2014-08-12,25.586,25.663,25.303,25.355,10203000
SNGS,2014-08-13,25.363,25.955,25.355,25.874,24108900
SNGS,2014-08-14,25.748,26.469,25.73,26.25,24275800
SNGS,2014-08-15,26.25,26.377,26.02,26.116,16951300
SNGS,2014-08-18,26.052,26.255,25.778,26.038,11620200
SNGS,2014-08-19,26.035,26.7,25.974,26.59,16549700
SNGS,2014-08-20,26.59,26.915,26.42,26.859,14487500
SNGS,2014-08-21,26.817,27.2,26.8,27.15,18508500
SNGS,2014-08-22,27.08,27.211,26.523,26.583,17988000
SNGS,2014-08-25,27.015,27.015,26.592,26.65,6654000
SNGS,2014-08-26,26.75,26.765,26.5,26.5,10456900
SNGS,2014-08-27,26.388,26.725,26.3,26.64,14599900
SNGS,2014-08-28,26.64,26.64,25.789,26.2,34274200
SNGS,2014-08-29,26.098,26.483,25.525,25.525,17096400
SNGS,2014-09-01,25.778,26.3,25.601,25.601,23388700
SNGS,2014-09-02,25.629,25.995,25.522,25.995,9349500
SNGS,2014-09-03,25.903,26.817,25.903,26.323,26944500
SNGS,2014-09-04,26.417,26.932,26.35,26.775,14635400
SNGS,2014-09-05,26.928,27.025,26.609,26.766,15255800
SNGS,2014-09-08,26.758,26.897,26.462,26.526,14229700
SNGS,2014-09-09,26.532,26.89,26.532,26.811,9261000
SNGS,2014-09-10,26.758,27.2,26.671,27.06,14515000
SNGS,2014-09-11,27.084,27.344,26.94,26.94,16315500
SNGS,2014-09-12,26.9,27.55,26.763,26.95,25925500
SNGS,2014-09-15,26.629,27.23,26.563,27.044,42319200
SNGS,2014-09-16,27.044,27.63,26.903,27.38,19848000
SNGS,2014-09-17,27.21,27.777,27.21,27.35,22652000
SNGS,2014-09-18,27.35,27.72,27.113,27.31,16445300
SNGS,2014-09-19,27.3,27.45,26.674,27.136,22430500
SNGS,2014-09-22,27.04,27.26,26.8,26.8,9666200
SNGS,2014-09-23,26.858,27.4,26.814,27.263,10306200
SNGS,2014-09-24,27.37,27.6,27.31,27.459,15353900
SNGS,2014-09-25,27.498,27.659,26.93,26.93,16243800
SNGS,2014-09-26,26.902,27.13,26.74,26.977,15686400
SNGS,2014-09-29,27.049,27.326,26.247,26.384,25215700
SNGS,2014-09-30,26.479,26.622,25.953,26.04,23537400
SNGS,2014-10-01,26.04,26.5,25.885,26.055,16149800
SNGS,2014-10-02,26.025,26.14,25.38,25.48,23458500
SNGS,2014-10-03,25.7,26.4,25.61,26.01,23774300
SNGS,2014-10-06,26.2,26.9,26.175,26.55,25917400
SNGS,2014-10-07,26.64,26.84,26.015,26.55,18981500
SNGS,2014-10-08,26.4,26.445,26.01,26.01,17198600
SNGS,2014-10-09,26.205,26.48,26.05,26.1,17855400
SNGS,2014-10-10,25.945,25.99,25.67,25.75,14717900
SNGS,2014-10-13,25.745,26.67,25.7,26.475,18862700
SNGS,2014-10-14,26.605,27.04,26.47,26.64,21239100
SNGS,2014-10-15,26.595,26.87,26.35,26.4,16743100
SNGS,2014-10-16,26.4,26.935,26.1,26.2,29744400
SNGS,2014-10-17,26.39,27.22,26.335,26.965,31323000
SNGS,2014-10-20,27.16,27.21,26.45,26.55,24199100
SNGS,2014-10-21,26.85,26.85,26.205,26.47,18182300
SNGS,2014-10-22,26.6,26.72,26.0,26.0,29625200
SNGS,2014-10-23,25.99,26.15,25.7,25.995,31076800
SNGS,2014-10-24,25.95,26.335,25.835,26.215,29837100
SNGS,2014-10-27,26.405,26.88,26.405,26.69,24927700
SNGS,2014-10-28,26.77,27.25,26.75,26.845,26280800
SNGS,2014-10-29,27.5,27.5,26.76,27.4,33177700
SNGS,2014-10-30,27.015,27.69,27.0,27.48,41568600
SNGS,2014-10-31,27.53,28.795,27.46,28.795,61835700
SNGS,2014-11-03,28.6,28.6,28.175,28.23,13660700
SNGS,2014-11-05,28.065,28.475,27.76,28.475,29119400
SNGS,2014-11-06,28.45,29.13,27.9,28.195,31270500
SNGS,2014-11-07,28.8,29.17,27.72,27.765,49808900
SNGS,2014-11-10,27.965,28.775,27.775,28.64,46312100
SNGS,2014-11-11,28.695,29.08,28.56,28.815,24582100
SNGS,2014-11-12,28.775,29.05,28.505,28.815,19095600
SNGS,2014-11-13,28.7,28.945,28.305,28.305,15486500
SNGS,2014-11-14,28.3,28.99,28.1,28.95,29602000
SNGS,2014-11-17,28.755,29.17,28.755,29.005,14681600
SNGS,2014-11-18,28.955,29.28,28.7,29.165,28414900
SNGS,2014-11-19,29.38,30.085,29.165,29.885,36032300
SNGS,2014-11-20,29.905,30.68,29.805,30.06,37180400
SNGS,2014-11-21,30.155,30.285,29.43,29.7,30055000
SNGS,2014-11-24,29.695,29.71,29.06,29.545,16184400
SNGS,2014-11-25,29.45,29.9,29.045,29.44,20172400
SNGS,2014-11-26,29.4,29.575,29.07,29.435,22199400
SNGS,2014-11-27,29.37,29.49,28.635,28.755,29097500
SNGS,2014-11-28,28.69,29.465,28.555,29.2,25669000
SNGS,2014-12-01,29.0,30.62,28.95,30.285,42719300
SNGS,2014-12-02,30.235,31.105,29.495,30.79,43981500
SNGS,2014-12-03,30.91,31.425,30.5,31.27,32466700
SNGS,2014-12-04,31.1,31.675,30.655,30.8,30406300
SNGS,2014-12-05,30.48,31.07,29.7,29.85,27022400
SNGS,2014-12-08,29.975,30.77,28.695,28.895,34740800
SNGS,2014-12-09,29.01,29.105,28.39,28.62,35270400
SNGS,2014-12-10,28.605,29.16,28.22,28.31,28400100
SNGS,2014-12-11,28.255,28.83,27.045,27.22,41158800
SNGS,2014-12-12,27.095,28.79,26.2,26.45,61137300
SNGS,2014-12-15,26.7,27.18,24.5,25.1,65427200
SNGS,2014-12-16,25.1,25.99,21.815,24.62,76524900
SNGS,2014-12-17,24.62,25.59,23.125,23.54,80756000
SNGS,2014-12-18,23.67,26.19,23.67,24.66,69260400
SNGS,2014-12-19,24.68,25.595,24.165,24.42,43270400
SNGS,2014-12-22,25.0,25.4,24.2,24.785,44781200
SNGS,2014-12-23,24.805,25.09,24.4,24.62,28844800
SNGS,2014-12-24,24.55,24.8,24.215,24.5,16489600
SNGS,2014-12-25,24.5,24.665,23.805,24.025,14724300
SNGS,2014-12-26,24.1,24.5,24.05,24.3,12183900
SNGS,2014-12-29,24.18,25.65,24.16,24.52,22679400
SNGS,2014-12-30,24.6,24.625,23.205,23.52,22608400
SNGS,2015-01-05,23.35,24.25,23.235,24.24,11315300
SNGS,2015-01-06,24.01,25.17,24.01,25.015,16211000
SNGS,2015-01-08,25.1,26.8,25.1,26.265,24125500
SNGS,2015-01-09,26.325,26.74,25.345,25.65,26443500
SNGS,2015-01-12,25.51,26.445,25.37,25.45,17384800
SNGS,2015-01-13,25.45,26.1,25.1,25.6,23346700
SNGS,2015-01-14,25.63,26.2,25.53,25.835,21930900
SNGS,2015-01-15,26.26,26.705,25.76,25.99,22386900
SNGS,2015-01-16,26.005,26.335,25.79,26.15,19716900
SNGS,2015-01-19,26.155,27.165,26.095,26.3,34324200
SNGS,2015-01-20,26.36,27.405,26.03,26.6,39456600
SNGS,2015-01-21,26.85,28.5,26.705,28.38,40709700
SNGS,2015-01-22,28.6,30.2,28.07,29.95,60338400
SNGS,2015-01-23,30.075,30.425,29.235,29.475,47044800
SNGS,2015-01-26,29.47,29.47,28.35,28.555,26271500
SNGS,2015-01-27,28.1,30.855,28.1,30.34,49344600
SNGS,2015-01-28,30.6,31.665,29.0,29.1,44610800
SNGS,2015-01-29,29.255,30.44,28.965,29.13,45035100
SNGS,2015-01-30,29.425,31.25,28.52,31.1,86367200
SNGS,2015-02-02,31.3,32.62,30.62,31.7,54972900
SNGS,2015-02-03,31.9,33.18,31.54,32.99,37189300
SNGS,2015-02-04,33.3,33.4,32.03,32.2,29439500
SNGS,2015-02-05,32.015,34.095,31.905,34.095,42431000
SNGS,2015-02-06,34.145,36.17,33.93,35.5,70086900
SNGS,2015-02-09,35.7,38.05,35.545,35.85,93792200
SNGS,2015-02-10,36.0,37.04,35.62,36.6,35121100
SNGS,2015-02-11,37.0,37.9,36.755,36.8,37351800
SNGS,2015-02-12,37.26,37.96,35.68,36.5,69878400
SNGS,2015-02-13,37.0,37.63,35.81,36.6,78593400
SNGS,2015-02-16,36.95,36.95,34.85,35.535,32928200
SNGS,2015-02-17,35.55,36.09,34.785,35.185,32832100
SNGS,2015-02-18,35.455,35.995,35.1,35.1,23536700
SNGS,2015-02-19,35.075,35.5,34.04,34.85,29938600
SNGS,2015-02-20,35.01,35.2,34.2,34.335,12683100
SNGS,2015-02-24,33.84,35.095,33.65,34.2,25756800
SNGS,2015-02-25,34.2,34.35,33.12,33.58,25595100
SNGS,2015-02-26,33.955,34.86,33.38,34.715,33166200
SNGS,2015-02-27,34.71,35.6,33.95,34.2,32065300
SNGS,2015-03-02,34.575,36.75,34.51,36.5,30859800
SNGS,2015-03-03,36.5,37.465,36.26,36.82,30032800
SNGS,2015-03-04,36.81,36.9,35.47,35.9,21885500
SNGS,2015-03-05,35.935,37.39,35.25,35.9,29609200
SNGS,2015-03-06,35.995,36.125,34.7,35.085,20367200
SNGS,2015-03-10,34.755,35.035,33.6,33.75,30338400
SNGS,2015-03-11,33.705,34.89,33.52,34.1,26211400
SNGS,2015-03-12,34.405,34.85,34.1,34.4,15554200
SNGS,2015-03-13,34.6,34.69,33.51,33.985,20843800
SNGS,2015-03-16,33.845,34.3,33.025,33.03,29173100
SNGS,2015-03-17,33.075,33.6,32.91,33.45,20729600
SNGS,2015-03-18,33.52,34.65,33.36,34.105,18572300
SNGS,2015-03-19,34.5,34.87,33.865,34.5,19018200
SNGS,2015-03-20,34.6,36.1,34.21,35.225,47800700
SNGS,2015-03-23,35.455,35.88,34.505,34.595,23685100
SNGS,2015-03-24,34.65,35.85,34.505,35.845,22193900
SNGS,2015-03-25,35.83,36.665,35.545,36.355,30264700
SNGS,2015-03-26,36.65,36.685,34.725,34.73,24582800
SNGS,2015-03-27,34.73,35.45,34.565,35.1,18565400
SNGS,2015-03-30,35.1,36.47,34.965,35.69,23134900
SNGS,2015-03-31,35.69,36.96,35.0,35.1,34495800
SNGS,2015-04-01,35.1,36.2,34.9,35.99,27177100
SNGS,2015-04-02,36.1,37.33,35.785,37.0,38292800
SNGS,2015-04-03,37.005,37.745,36.545,36.69,15746900
SNGS,2015-04-06,36.72,37.36,36.415,37.33,14706300
SNGS,2015-04-07,37.325,37.58,36.71,37.39,13977400
SNGS,2015-04-08,37.305,37.31,36.515,36.7,17621300
SNGS,2015-04-09,36.705,36.895,36.02,36.835,21893500
SNGS,2015-04-10,36.74,36.83,35.41,35.99,24528700
SNGS,2015-04-13,36.19,37.3,35.92,36.8,21540900
SNGS,2015-04-14,35.86,37.4,35.86,36.95,19052200
SNGS,2015-04-15,36.965,37.45,36.44,37.25,19400600
SNGS,2015-04-16,37.3,39.0,36.65,39.0,40359100
SNGS,2015-04-17,39.0,39.8,37.5,37.5,39095500
SNGS,2015-04-20,37.62,38.475,37.37,37.395,27889800
SNGS,2015-04-21,37.495,37.97,36.92,37.205,20609200
SNGS,2015-04-22,37.23,37.56,36.435,36.46,14670200
SNGS,2015-04-23,36.625,36.755,35.17,35.6,24198300
SNGS,2015-04-24,35.755,37.0,35.515,36.8,32625600
SNGS,2015-04-27,37.35,37.35,36.21,36.21,16566100
SNGS,2015-04-28,36.22,36.93,35.94,36.4,18941900
SNGS,2015-04-29,35.955,36.95,35.955,36.505,12318300
SNGS,2015-04-30,37.73,38.4,36.405,38.4,26302800
SNGS,2015-05-05,38.305,39.165,37.91,38.39,25186700
SNGS,2015-05-06,38.3,38.495,37.025,37.35,21413400
SNGS,2015-05-07,37.1,37.35,36.02,36.5,20042300
SNGS,2015-05-08,36.45,36.685,36.0,36.45,20163500
SNGS,2015-05-12,36.57,36.72,34.81,35.44,35988500
SNGS,2015-05-13,35.475,35.91,35.075,35.125,24184400
SNGS,2015-05-14,35.24,35.79,34.82,35.0,13196200
SNGS,2015-05-15,35.205,36.755,35.205,35.94,36470300
SNGS,2015-05-18,36.01,36.25,35.35,35.35,13568400
SNGS,2015-05-19,35.395,35.48,33.835,34.395,22406100
SNGS,2015-05-20,34.5,34.57,33.31,33.35,17129700
SNGS,2015-05-21,33.4,35.05,33.2,35.0,22100800
SNGS,2015-05-22,34.675,35.25,34.14,34.6,16560300
SNGS,2015-05-25,34.495,34.62,33.42,33.85,12009600
SNGS,2015-05-26,33.85,34.225,33.38,33.5,11130800
SNGS,2015-05-27,33.65,33.65,32.32,32.8,27367800
SNGS,2015-05-28,32.85,33.28,32.61,32.61,16322800
SNGS,2015-05-29,32.77,33.18,31.0,31.0,26581000
SNGS,2015-06-01,31.46,32.63,31.415,31.885,21880600
SNGS,2015-06-02,32.08,32.49,31.2,31.9,20623000
SNGS,2015-06-03,31.875,32.125,31.08,31.505,24412500
SNGS,2015-06-04,31.5,32.05,31.415,31.965,18157700
SNGS,2015-06-05,31.9,31.995,31.5,31.9,13242200
SNGS,2015-06-08,31.95,32.1,31.305,31.31,20098600
SNGS,2015-06-09,31.39,31.935,31.18,31.6,12934000
SNGS,2015-06-10,31.625,31.98,31.505,31.6,16564200
SNGS,2015-06-11,31.685,31.705,31.225,31.7,21622100
SNGS,2015-06-15,31.7,32.5,31.415,32.48,37915400
SNGS,2015-06-16,32.54,33.88,32.425,33.505,28685700
SNGS,2015-06-17,33.6,33.955,33.205,33.33,20735600
SNGS,2015-06-18,33.6,33.6,33.015,33.3,13607500
SNGS,2015-06-19,33.32,33.945,33.095,33.885,22403000
SNGS,2015-06-22,34.0,34.87,33.755,34.72,18763200
SNGS,2015-06-23,34.8,34.85,33.86,33.9,14914900
SNGS,2015-06-24,34.05,34.23,33.585,34.225,12870300
SNGS,2015-06-25,34.2,34.2,33.44,33.44,12020400
SNGS,2015-06-26,33.49,33.775,33.1,33.5,18043000
SNGS,2015-06-29,33.08,33.35,32.555,33.315,14225800
SNGS,2015-06-30,33.17,33.3,32.58,33.1,21871200
SNGS,2015-07-01,33.0,33.365,32.65,32.65,13472800
SNGS,2015-07-02,32.79,33.3,32.68,32.77,18066300
SNGS,2015-07-03,32.89,33.035,32.52,32.67,13904000
SNGS,2015-07-06,32.4,32.75,32.27,32.75,13686900
SNGS,2015-07-07,32.57,32.9,31.775,32.035,23896200
SNGS,2015-07-08,31.91,32.22,30.64,30.79,25255200
SNGS,2015-07-09,31.0,31.285,30.89,31.225,18507200
SNGS,2015-07-10,31.25,31.4,30.815,30.88,14939100
SNGS,2015-07-13,30.88,32.3,30.725,32.3,25208500
SNGS,2015-07-14,32.1,32.16,30.89,31.305,34902900
SNGS,2015-07-15,30.31,32.12,30.31,31.94,34682800
SNGS,2015-07-16,32.27,33.28,31.81,33.28,26878200
SNGS,2015-07-17,33.205,33.58,32.66,32.66,21592700
SNGS,2015-07-20,32.6,32.95,31.6,32.04,18683800
SNGS,2015-07-21,32.05,32.65,31.725,32.65,18914900
SNGS,2015-07-22,32.6,32.6,31.56,31.925,19184200
SNGS,2015-07-23,31.65,31.995,31.275,31.725,15661800
SNGS,2015-07-24,31.65,32.0,31.03,31.05,15803000
SNGS,2015-07-27,31.005,31.62,30.805,31.5,23351800
SNGS,2015-07-28,31.465,32.435,31.18,32.1,32376900
SNGS,2015-07-29,31.95,32.875,31.75,32.55,22667600
SNGS,2015-07-30,32.6,33.055,32.41,32.935,20737200
SNGS,2015-07-31,32.9,34.375,32.8,33.995,47006900
SNGS,2015-08-03,34.3,34.3,33.75,34.22,21494400
SNGS,2015-08-04,34.0,34.385,33.61,34.035,17705100
SNGS,2015-08-05,34.03,34.385,33.555,34.135,20730800
SNGS,2015-08-06,34.175,34.37,33.68,34.05,25991400
SNGS,2015-08-07,34.24,34.24,33.81,33.905,15284900
SNGS,2015-08-10,34.045,34.56,33.585,34.5,24865600
SNGS,2015-08-11,34.4,35.235,34.4,34.585,22166500
SNGS,2015-08-12,34.5,34.675,33.805,34.56,22435800
SNGS,2015-08-13,34.56,35.13,34.445,34.98,22623400
SNGS,2015-08-14,34.91,35.41,34.75,35.3,27440700
SNGS,2015-08-17,35.3,35.945,34.835,35.5,20949100
SNGS,2015-08-18,35.55,35.74,34.765,34.92,24922000
SNGS,2015-08-19,34.89,35.145,33.7,33.98,25888900
SNGS,2015-08-20,33.91,34.39,33.305,34.295,35726100
SNGS,2015-08-21,34.195,34.27,33.05,33.06,32110800
SNGS,2015-08-24,32.305,32.45,31.25,31.745,52262200
SNGS,2015-08-25,31.945,33.33,31.825,33.16,39017700
SNGS,2015-08-26,33.25,33.74,32.52,33.1,27237600
SNGS,2015-08-27,33.5,34.15,33.5,34.15,25942200
SNGS,2015-08-28,34.4,35.03,33.755,34.825,29782400
SNGS,2015-08-31,34.77,35.07,34.125,34.295,20114400
SNGS,2015-09-01,34.49,34.565,33.4,33.75,39158300
SNGS,2015-09-02,33.55,34.395,33.4,33.6,20400300
SNGS,2015-09-03,33.805,34.3,33.615,34.03,18985500
SNGS,2015-09-04,34.0,34.12,33.78,34.1,18298400
SNGS,2015-09-07,34.1,34.34,33.83,34.08,9856500
SNGS,2015-09-08,34.13,34.845,34.13,34.45,16629300
SNGS,2015-09-09,34.605,34.93,34.505,34.675,13610700
SNGS,2015-09-10,34.6,35.2,34.33,35.1,19245400
SNGS,2015-09-11,35.035,35.495,34.745,35.24,19837600
SNGS,2015-09-14,35.17,35.73,35.065,35.47,13952300
SNGS,2015-09-15,35.475,35.585,34.65,34.93,16287800
SNGS,2015-09-16,35.0,35.65,34.76,35.6,25185000
SNGS,2015-09-17,35.505,35.7,34.92,34.95,19350300
SNGS,2015-09-18,35.105,35.29,34.065,34.2,25706300
SNGS,2015-09-21,34.505,34.54,33.705,34.145,15284800
SNGS,2015-09-22,34.22,34.22,33.375,33.87,19191300
SNGS,2015-09-23,33.81,34.135,33.1,33.15,23137900
SNGS,2015-09-24,33.39,33.42,32.405,32.695,24706900
SNGS,2015-09-25,32.83,33.675,32.83,33.675,16498700
SNGS,2015-09-28,33.6,33.9,32.8,32.975,11467300
SNGS,2015-09-29,32.875,33.45,32.63,33.3,14531300
SNGS,2015-09-30,33.4,33.78,33.19,33.5,17099500
SNGS,2015-10-01,33.7,33.975,33.11,33.5,19219700
SNGS,2015-10-02,33.5,33.65,33.0,33.3,14406500
SNGS,2015-10-05,33.395,35.26,33.38,35.0,32953300
SNGS,2015-10-06,35.1,35.545,34.74,35.4,21965500
SNGS,2015-10-07,35.39,35.555,34.665,35.055,18217200
SNGS,2015-10-08,34.705,35.49,34.525,35.295,13769500
SNGS,2015-10-09,35.41,36.365,35.32,36.105,23489200
SNGS,2015-10-12,36.025,36.53,35.12,35.195,17044600
SNGS,2015-10-13,35.105,36.0,34.845,35.875,18643200
SNGS,2015-10-14,35.555,35.87,35.15,35.27,16374500
SNGS,2015-10-15,35.38,35.95,35.38,35.5,19588400
SNGS,2015-10-16,35.695,35.995,35.42,35.48,15828900
SNGS,2015-10-19,35.45,36.15,35.45,36.05,13686600
SNGS,2015-10-20,36.025,36.29,35.695,36.29,13443600
SNGS,2015-10-21,36.005,36.2,35.75,35.85,16884500
SNGS,2015-10-22,35.91,36.115,35.72,35.88,11916600
SNGS,2015-10-23,35.9,36.3,35.775,36.03,15324200
SNGS,2015-10-26,35.99,36.115,34.91,35.14,23965000
SNGS,2015-10-27,35.075,35.5,34.535,35.5,17475600
SNGS,2015-10-28,35.35,35.76,35.0,35.76,12358800
SNGS,2015-10-29,35.77,35.82,35.105,35.15,11623900
SNGS,2015-10-30,35.11,35.785,34.85,35.785,18542900
SNGS,2015-11-02,35.655,35.815,35.42,35.65,14633600
SNGS,2015-11-03,35.56,36.16,35.44,35.95,18552300
SNGS,2015-11-05,36.0,36.28,35.8,35.9,14319400
SNGS,2015-11-06,35.9,36.075,35.44,35.575,10445100
SNGS,2015-11-09,35.77,35.775,35.0,35.32,10738900
SNGS,2015-11-10,35.29,35.69,34.755,35.26,15893200
SNGS,2015-11-11,35.44,35.44,34.6,34.795,13458500
SNGS,2015-11-12,34.7,35.195,34.63,35.15,18975900
SNGS,2015-11-13,35.15,35.615,34.74,34.915,17293100
SNGS,2015-11-16,34.85,35.795,34.595,34.595,27047800
SNGS,2015-11-17,34.805,35.32,34.76,34.9,32228300
SNGS,2015-11-18,35.005,36.03,34.96,35.62,19795100
SNGS,2015-11-19,35.8,35.985,35.26,35.31,19711600
SNGS,2015-11-20,35.31,35.38,34.87,34.905,23733700
SNGS,2015-11-23,34.92,36.775,34.8,36.34,36027100
SNGS,2015-11-24,36.35,36.535,34.8,35.25,27868400
SNGS,2015-11-25,35.26,35.98,35.255,35.805,19904900
SNGS,2015-11-26,35.985,36.28,35.5,35.7,12134500
SNGS,2015-11-27,35.55,35.64,34.71,34.75,17028100
SNGS,2015-11-30,34.725,34.935,33.5,33.5,24724400
SNGS,2015-12-01,33.77,34.0,33.36,34.0,25008900
SNGS,2015-12-02,34.0,34.455,33.79,34.21,18405200
SNGS,2015-12-03,34.07,35.19,33.97,34.9,32324700
SNGS,2015-12-04,35.05,35.635,33.815,34.155,30926000
SNGS,2015-12-07,34.235,34.795,34.06,34.255,21465100
SNGS,2015-12-08,34.02,34.7,33.91,33.92,23793300
SNGS,2015-12-09,34.05,34.54,34.04,34.3,18929100
SNGS,2015-12-10,34.275,34.655,34.01,34.295,22428800
SNGS,2015-12-11,34.22,34.28,33.825,34.03,13511700
SNGS,2015-12-14,33.94,34.15,33.355,33.795,18466800
SNGS,2015-12-15,33.9,34.685,33.78,34.27,19859400
SNGS,2015-12-16,34.41,34.88,34.32,34.695,13083500
SNGS,2015-12-17,34.71,35.4,34.455,35.4,17566600
SNGS,2015-12-18,35.4,35.4,34.09,34.25,20829600
SNGS,2015-12-21,34.31,34.575,33.845,33.86,14194400
SNGS,2015-12-22,33.87,34.285,33.87,34.175,8292200
SNGS,2015-12-23,34.205,34.49,33.92,34.0,18746100
SNGS,2015-12-24,34.2,34.205,33.935,33.945,7559000
SNGS,2015-12-25,34.0,34.06,33.84,33.915,3690000
SNGS,2015-12-28,33.935,33.985,33.505,33.675,6213700
SNGS,2015-12-29,33.67,34.55,33.67,34.55,13625200
SNGS,2015-12-30,34.51,34.59,33.715,33.975,15609800
SNGS,2016-01-04,34.19,34.33,33.76,34.05,10449400
SNGS,2016-01-05,34.025,34.485,34.005,34.185,8456700
SNGS,2016-01-06,34.17,34.31,33.76,34.005,9397200
SNGS,2016-01-11,33.33,33.68,33.015,33.2,23361500
SNGS,2016-01-12,33.02,34.355,32.85,34.1,23210600
SNGS,2016-01-13,34.1,34.45,33.95,33.97,17292600
SNGS,2016-01-14,33.91,34.15,33.59,34.0,14733600
SNGS,2016-01-15,34.01,34.2,32.29,32.465,40894200
SNGS,2016-01-18,32.14,33.68,32.0,33.68,20335200
SNGS,2016-01-19,33.7,34.985,33.62,33.78,30899000
SNGS,2016-01-20,33.6,34.025,32.7,33.22,37666700
SNGS,2016-01-21,33.74,34.69,33.28,34.485,28153100
SNGS,2016-01-22,34.82,35.7,34.45,35.2,37632300
SNGS,2016-01-25,35.525,35.85,34.635,35.385,22216400
SNGS,2016-01-26,35.16,36.0,34.835,35.215,18762000
SNGS,2016-01-27,35.15,36.2,35.145,36.2,14833500
SNGS,2016-01-28,36.05,37.2,35.72,37.2,27767500
SNGS,2016-01-29,37.2,37.78,36.565,36.565,33488600
SNGS,2016-02-01,36.81,37.085,36.335,36.71,14742300
SNGS,2016-02-02,36.69,37.35,36.51,37.35,18371100
SNGS,2016-02-03,37.25,37.28,36.28,36.495,11051100
SNGS,2016-02-04,36.92,38.255,36.92,38.12,26094900
SNGS,2016-02-05,38.0,38.385,37.575,37.7,15714300
SNGS,2016-02-08,37.61,37.93,36.59,36.73,15346500
SNGS,2016-02-09,36.76,37.29,36.1,36.585,15586500
SNGS,2016-02-10,36.325,37.145,36.0,36.76,16841400
SNGS,2016-02-11,36.605,36.7,35.5,36.595,27846600
SNGS,2016-02-12,36.635,37.9,36.555,37.19,33766200
SNGS,2016-02-15,37.72,37.975,36.97,37.975,11247100
SNGS,2016-02-16,38.0,38.195,37.55,37.63,13688300
SNGS,2016-02-17,37.55,38.2,37.55,37.94,14443800
SNGS,2016-02-18,38.15,38.65,37.805,38.65,20513100
SNGS,2016-02-19,38.38,38.575,38.03,38.575,23052200
SNGS,2016-02-20,38.545,38.545,38.2,38.23,2154900
SNGS,2016-02-22,38.26,39.76,38.215,39.35,13525900
SNGS,2016-02-24,39.035,39.285,38.27,38.9,19514200
SNGS,2016-02-25,38.91,39.385,38.05,38.49,19647200
SNGS,2016-02-26,38.8,39.3,38.755,39.29,16644900
SNGS,2016-02-29,39.08,39.575,38.915,39.3,17921000
SNGS,2016-03-01,39.495,39.88,39.215,39.45,18253400
SNGS,2016-03-02,39.59,39.705,38.505,39.205,16557000
SNGS,2016-03-03,39.155,39.92,39.15,39.92,22743600
SNGS,2016-03-04,39.95,40.075,39.455,40.075,11475600
SNGS,2016-03-07,40.255,40.645,39.82,40.645,12627500
SNGS,2016-03-09,40.3,41.155,40.21,40.425,21728700
SNGS,2016-03-10,40.46,41.05,40.32,40.64,20955500
SNGS,2016-03-11,40.65,40.93,40.2,40.3,22895500
SNGS,2016-03-14,40.155,40.7,39.865,40.245,28334700
SNGS,2016-03-15,40.43,40.645,39.175,39.36,67089300
SNGS,2016-03-16,39.405,39.75,39.01,39.685,20852000
SNGS,2016-03-17,39.805,40.55,39.665,39.795,44181000
SNGS,2016-03-18,39.89,40.49,38.815,38.815,44576500
SNGS,2016-03-21,38.8,38.98,38.105,38.9,32133200
SNGS,2016-03-22,38.96,39.805,38.5,39.8,28704500
SNGS,2016-03-23,39.535,39.77,38.73,39.23,16369600
SNGS,2016-03-24,38.99,39.075,38.61,38.85,12364200
SNGS,2016-03-25,38.92,39.17,38.705,38.755,4265700
SNGS,2016-03-28,38.845,39.06,38.235,38.45,7607600
SNGS,2016-03-29,38.49,38.7,38.05,38.465,13909500
SNGS,2016-03-30,38.505,39.535,38.505,39.3,20167200
SNGS,2016-03-31,39.095,39.75,38.605,39.71,22769800
SNGS,2016-04-01,39.475,39.9,38.87,39.645,35890100
SNGS,2016-04-04,39.6,40.0,39.435,39.525,16415300
SNGS,2016-04-05,39.36,39.36,38.68,38.925,16043500
SNGS,2016-04-06,39.145,39.145,38.28,38.65,20487400
SNGS,2016-04-07,38.8,38.985,37.6,37.845,23708900
SNGS,2016-04-08,37.985,37.985,37.08,37.6,23416300
SNGS,2016-04-11,37.6,37.98,37.265,37.8,17980500
SNGS,2016-04-12,37.795,37.795,37.01,37.18,19466500
SNGS,2016-04-13,37.33,38.195,37.26,37.74,25715600
SNGS,2016-04-14,37.65,38.16,36.555,37.11,24064300
SNGS,2016-04-15,37.11,37.3,36.51,36.86,16578800
SNGS,2016-04-18,36.4,36.675,35.5,36.095,31728800
SNGS,2016-04-19,36.2,36.5,35.53,35.81,26506800
SNGS,2016-04-20,35.65,35.9,35.015,35.56,31716100
SNGS,2016-04-21,35.7,36.165,35.5,35.93,30445000
SNGS,2016-04-22,35.96,36.4,35.7,36.395,22989700
SNGS,2016-04-25,36.38,36.395,35.91,36.2,16419700
SNGS,2016-04-26,36.15,36.375,35.66,35.9,11116900
SNGS,2016-04-27,36.005,36.13,35.535,35.81,12344500
SNGS,2016-04-28,35.9,35.91,35.455,35.82,14297100
SNGS,2016-04-29,35.775,35.775,34.08,34.1,37301700
SNGS,2016-05-04,33.73,34.02,32.8,33.73,44946500
SNGS,2016-05-05,33.9,34.29,33.25,33.46,38608700
SNGS,2016-05-06,33.44,33.505,32.715,32.875,30310400
SNGS,2016-05-10,32.8,33.19,32.61,33.0,33904800
SNGS,2016-05-11,33.015,34.14,32.955,33.98,33084300
SNGS,2016-05-12,34.0,34.45,33.405,33.57,31635100
SNGS,2016-05-13,33.505,33.625,32.925,33.43,23079100
SNGS,2016-05-16,33.515,33.95,33.335,33.42,15274600
SNGS,2016-05-17,33.44,33.625,32.755,33.52,27614400
SNGS,2016-05-18,33.47,34.385,33.23,34.155,25134900
SNGS,2016-05-19,33.94,34.285,33.5,33.82,20467200
SNGS,2016-05-20,34.0,34.11,33.42,33.65,13422200
SNGS,2016-05-23,33.635,33.635,33.24,33.255,6313700
SNGS,2016-05-24,33.34,33.45,33.155,33.36,8864400
SNGS,2016-05-25,33.48,33.975,33.4,33.555,14887200
SNGS,2016-05-26,33.95,33.95,33.255,33.53,17466400
SNGS,2016-05-27,33.51,33.8,33.2,33.8,11993700
SNGS,2016-05-30,33.61,33.8,33.61,33.8,3709700
SNGS,2016-05-31,33.78,34.38,33.61,33.805,23793000
SNGS,2016-06-01,33.905,34.13,33.35,33.35,16883600
SNGS,2016-06-02,33.49,33.545,32.83,32.91,19283200
SNGS,2016-06-03,33.155,33.31,32.87,33.02,13471300
SNGS,2016-06-06,33.18,34.0,32.935,33.69,20704300
SNGS,2016-06-07,33.705,34.095,33.66,34.095,20776500
SNGS,2016-06-08,34.1,34.185,33.775,34.14,15662700
SNGS,2016-06-09,34.07,34.165,33.25,33.25,15972800
SNGS,2016-06-10,33.21,33.3,32.82,32.82,15276700
SNGS,2016-06-14,33.1,34.125,33.08,33.935,30298400
SNGS,2016-06-15,33.83,34.1,33.505,33.86,20565400
SNGS,2016-06-16,33.78,33.97,33.47,33.95,18594000
SNGS,2016-06-17,34.005,34.395,33.55,33.6,22241400
SNGS,2016-06-20,33.87,33.97,33.53,33.815,9496900
SNGS,2016-06-21,34.0,34.365,33.515,33.74,24293200
SNGS,2016-06-22,34.065,34.08,33.12,33.2,18463100
SNGS,2016-06-23,33.37,33.44,32.86,33.435,16285500
SNGS,2016-06-24,32.1,33.695,32.1,33.695,18050300
SNGS,2016-06-27,33.7,33.705,32.85,32.9,12455900
SNGS,2016-06-28,33.195,33.35,32.715,32.895,11927200
SNGS,2016-06-29,32.95,33.25,32.84,33.24,10267100
SNGS,2016-06-30,33.24,33.35,32.86,33.205,9429700
SNGS,2016-07-01,33.205,33.25,32.94,32.96,8084300
SNGS,2016-07-04,33.0,33.2,32.905,33.045,4061300
SNGS,2016-07-05,33.04,33.07,32.7,32.9,8494200
SNGS,2016-07-06,32.805,32.9,32.005,32.14,17143900
SNGS,2016-07-07,32.3,32.46,31.81,31.95,13316900
SNGS,2016-07-08,31.82,32.075,31.455,32.0,14855000
SNGS,2016-07-11,31.85,32.335,31.77,32.32,10916000
SNGS,2016-07-12,32.375,32.495,32.13,32.39,16814700
SNGS,2016-07-13,32.385,32.45,32.08,32.345,15097000
SNGS,2016-07-14,32.35,33.0,32.105,32.96,26965200
SNGS,2016-07-15,32.57,32.95,32.345,32.95,25638300
SNGS,2016-07-18,32.68,33.09,32.055,32.66,14208900
SNGS,2016-07-19,32.485,32.78,31.405,31.7,19434400
SNGS,2016-07-20,31.775,31.9,31.2,31.61,15486900
SNGS,2016-07-21,31.785,32.0,31.62,31.96,7265700
SNGS,2016-07-22,31.9,32.34,31.755,32.225,10019400
SNGS,2016-07-25,32.225,32.36,31.57,31.98,15346200
SNGS,2016-07-26,31.945,32.02,31.56,31.61,18453300
SNGS,2016-07-27,31.66,31.89,31.615,31.855,12696900
SNGS,2016-07-28,31.885,31.96,31.65,31.74,13016800
SNGS,2016-07-29,31.795,31.955,31.205,31.205,19714300
SNGS,2016-08-01,31.36,31.59,30.465,30.74,17546900
SNGS,2016-08-02,30.77,30.905,30.16,30.235,24785600
SNGS,2016-08-03,30.35,30.375,30.015,30.295,11322000
SNGS,2016-08-04,30.325,30.73,30.26,30.6,14720800
SNGS,2016-08-05,30.66,30.84,30.4,30.64,10385300
SNGS,2016-08-08,30.7,30.835,30.33,30.595,15294200
SNGS,2016-08-09,30.485,30.97,30.355,30.97,13679700
SNGS,2016-08-10,30.98,30.98,30.4,30.4,16659000
SNGS,2016-08-11,30.415,30.6,30.11,30.6,15542400
SNGS,2016-08-12,30.61,30.73,30.45,30.65,13164000
SNGS,2016-08-15,30.63,30.74,30.445,30.51,15420000
SNGS,2016-08-16,30.595,30.85,30.5,30.51,15472800
SNGS,2016-08-17,30.595,30.69,30.335,30.62,12595700
SNGS,2016-08-18,30.65,30.74,30.39,30.53,11157100
SNGS,2016-08-19,30.465,30.57,30.265,30.37,8996300
SNGS,2016-08-22,30.335,30.6,30.16,30.6,12522200
SNGS,2016-08-23,30.68,30.68,30.37,30.375,12175200
SNGS,2016-08-24,30.36,30.47,30.13,30.26,13502900
SNGS,2016-08-25,30.155,30.26,29.5,29.525,28313700
SNGS,2016-08-26,29.555,30.345,29.46,30.285,19404100
SNGS,2016-08-29,30.205,30.74,29.99,30.6,17770100
SNGS,2016-08-30,30.55,30.7,30.36,30.5,10849100
SNGS,2016-08-31,30.67,31.42,30.385,31.19,36574200
SNGS,2016-09-01,31.15,31.365,30.945,31.345,20845200
SNGS,2016-09-02,31.38,31.38,31.1,31.12,10123500
SNGS,2016-09-05,31.11,31.32,30.95,31.06,14645900
SNGS,2016-09-06,31.17,31.28,30.965,31.22,15313300
SNGS,2016-09-07,31.22,31.265,30.745,30.995,23385500
SNGS,2016-09-08,31.1,31.6,31.02,31.33,28726800
SNGS,2016-09-09,31.27,31.665,31.17,31.3,15406000
SNGS,2016-09-12,31.1,31.5,29.115,31.46,15374700
SNGS,2016-09-13,31.455,31.61,31.0,31.425,11921100
SNGS,2016-09-14,31.25,31.49,31.155,31.385,9972100
SNGS,2016-09-15,31.27,31.51,31.135,31.485,20110700
SNGS,2016-09-16,31.455,31.47,30.58,30.79,17593300
SNGS,2016-09-19,30.84,30.91,30.125,30.64,12834400
SNGS,2016-09-20,30.41,30.8,30.11,30.8,13444600
SNGS,2016-09-21,30.81,31.165,30.685,31.1,12961600
SNGS,2016-09-22,31.24,31.265,30.64,31.12,11463500
SNGS,2016-09-23,30.825,30.985,30.535,30.905,8062100
SNGS,2016-09-26,30.805,30.875,30.455,30.645,6900700
SNGS,2016-09-27,30.645,30.645,30.065,30.1,14298800
SNGS,2016-09-28,30.105,30.525,30.105,30.335,13622400
SNGS,2016-09-29,30.565,30.675,30.2,30.59,13075700
SNGS,2016-09-30,30.51,31.0,30.35,30.71,32137500
SNGS,2016-10-03,30.705,30.88,29.945,29.96,31061600
SNGS,2016-10-04,29.9,30.14,28.97,29.28,30238500
SNGS,2016-10-05,29.26,29.34,28.92,29.175,31948900
SNGS,2016-10-06,29.18,29.495,28.985,29.355,22523100
SNGS,2016-10-07,29.35,29.84,29.17,29.38,28008600
SNGS,2016-10-10,29.335,29.55,29.165,29.5,11713300
SNGS,2016-10-11,29.5,29.665,28.945,29.15,28049300
SNGS,2016-10-12,29.145,29.39,28.92,29.1,23852700
SNGS,2016-10-13,29.055,29.4,28.665,28.945,25598600
SNGS,2016-10-14,28.925,29.06,28.74,28.925,9278900
SNGS,2016-10-17,28.925,29.2,28.23,28.23,40563100
SNGS,2016-10-18,28.335,28.445,27.955,27.955,30205100
SNGS,2016-10-19,27.995,28.045,27.24,27.75,37481500
SNGS,2016-10-20,27.75,27.88,27.225,27.395,31098400
SNGS,2016-10-21,27.44,27.79,27.35,27.435,29002600
SNGS,2016-10-24,27.52,27.715,26.945,27.08,30862500
SNGS,2016-10-25,27.12,27.545,27.04,27.1,30503300
SNGS,2016-10-26,27.15,27.51,27.1,27.295,20880200
SNGS,2016-10-27,27.34,27.445,27.0,27.12,29595300
SNGS,2016-10-28,27.245,27.305,27.025,27.235,14246100
SNGS,2016-10-31,27.275,27.275,26.915,27.015,20901000
SNGS,2016-11-01,27.025,27.635,27.025,27.445,20283100
SNGS,2016-11-02,27.405,29.195,27.365,28.6,69530900
SNGS,2016-11-03,28.65,29.2,28.345,28.5,44852800
SNGS,2016-11-07,28.7,29.035,28.175,28.23,20285800
SNGS,2016-11-08,28.32,28.82,28.32,28.685,15821500
SNGS,2016-11-09,28.385,29.6,28.27,29.5,43400700
SNGS,2016-11-10,29.69,30.115,29.075,29.5,41943900
SNGS,2016-11-11,29.69,30.08,29.305,29.5,32383600
SNGS,2016-11-14,29.7,29.845,29.34,29.665,26141900
SNGS,2016-11-15,29.745,29.85,29.505,29.505,22213600
SNGS,2016-11-16,29.64,29.8,29.395,29.415,16145700
SNGS,2016-11-17,29.485,29.67,29.25,29.52,14004000
SNGS,2016-11-18,29.475,29.66,29.36,29.595,7584500
SNGS,2016-11-21,29.605,29.7,29.43,29.43,14687900
SNGS,2016-11-22,29.545,29.545,29.18,29.18,15382500
SNGS,2016-11-23,29.25,29.4,29.1,29.19,15484700
SNGS,2016-11-24,29.2,29.31,28.93,29.025,12645800
SNGS,2016-11-25,29.125,29.125,28.9,29.1,12589800
SNGS,2016-11-28,29.28,29.28,28.975,29.125,11508800
SNGS,2016-11-29,29.2,30.035,29.135,29.905,26422800
SNGS,2016-11-30,29.94,30.0,29.495,29.97,30506200
SNGS,2016-12-01,29.94,30.48,29.805,30.065,25885500
SNGS,2016-12-02,30.07,30.315,29.635,29.635,18205900
SNGS,2016-12-05,29.65,30.21,29.55,30.115,14985400
SNGS,2016-12-06,30.13,30.76,30.055,30.45,25922900
SNGS,2016-12-07,30.33,30.745,30.155,30.35,13940600
SNGS,2016-12-08,30.23,31.0,30.08,31.0,23273300
SNGS,2016-12-09,31.195,31.205,30.58,30.905,21980000
SNGS,2016-12-12,31.05,31.1,29.97,30.2,29210800
SNGS,2016-12-13,30.31,30.77,30.115,30.57,21145600
SNGS,2016-12-14,30.64,30.74,30.26,30.5,13171400
SNGS,2016-12-15,30.51,30.9,30.1,30.88,35647900
SNGS,2016-12-16,30.715,31.12,30.715,31.0,21457900
SNGS,2016-12-19,31.175,31.395,30.855,31.02,15688600
SNGS,2016-12-20,31.03,31.22,30.75,30.87,9218600
SNGS,2016-12-21,30.87,31.1,30.325,30.48,12591000
SNGS,2016-12-22,30.48,30.5,29.515,29.885,19136900
SNGS,2016-12-23,29.805,30.32,29.805,30.03,8674200
SNGS,2016-12-26,30.03,30.155,29.7,29.775,4085200
SNGS,2016-12-27,29.835,30.05,29.75,30.02,5645500
SNGS,2016-12-28,30.06,30.395,29.97,30.005,10092600
SNGS,2016-12-29,30.005,31.065,29.87,30.965,13864600
SNGS,2016-12-30,30.89,31.14,30.61,30.95,12518700
SNGS,2017-01-03,30.8,32.05,30.8,31.93,24870400
SNGS,2017-01-04,31.93,31.93,31.48,31.8,13178300
SNGS,2017-01-05,31.885,31.925,31.08,31.595,16034700
SNGS,2017-01-06,31.45,31.985,31.305,31.69,14138200
SNGS,2017-01-09,31.69,31.835,31.105,31.3,8766300
SNGS,2017-01-10,31.1,31.41,31.065,31.315,11473500
SNGS,2017-01-11,31.255,31.44,31.055,31.3,9960400
SNGS,2017-01-12,31.4,31.405,31.085,31.36,12392500
SNGS,2017-01-13,31.32,31.41,31.07,31.41,7623900
SNGS,2017-01-16,31.465,31.555,31.15,31.355,6519800
SNGS,2017-01-17,31.49,31.49,30.96,31.205,8937300
SNGS,2017-01-18,31.18,31.39,31.05,31.12,6124300
SNGS,2017-01-19,31.11,31.425,30.905,31.425,11293100
SNGS,2017-01-20,31.4,31.895,31.16,31.7,11955200
SNGS,2017-01-23,31.705,31.725,31.07,31.235,10328600
SNGS,2017-01-24,31.24,31.545,31.13,31.38,14098800
SNGS,2017-01-25,31.375,31.87,31.185,31.79,10629800
SNGS,2017-01-26,31.78,32.73,31.73,32.695,23994300
SNGS,2017-01-27,32.55,32.705,32.325,32.525,13200800
SNGS,2017-01-30,32.525,32.57,32.16,32.23,8231600
SNGS,2017-01-31,32.3,32.68,32.055,32.35,20835400
SNGS,2017-02-01,32.375,32.575,31.955,32.3,14086700
SNGS,2017-02-02,32.3,32.3,31.805,31.975,13083800
SNGS,2017-02-03,31.91,32.665,31.9,32.665,18836700
SNGS,2017-02-06,32.605,32.87,32.3,32.57,13996400
SNGS,2017-02-07,32.58,32.79,32.4,32.75,9892400
SNGS,2017-02-08,32.65,32.845,32.36,32.675,11277900
SNGS,2017-02-09,32.655,32.655,32.27,32.525,9868000
SNGS,2017-02-10,32.56,32.6,32.035,32.19,7063400
SNGS,2017-02-13,32.29,32.365,31.34,31.83,13116200
SNGS,2017-02-14,31.84,32.095,31.46,31.995,8693600
SNGS,2017-02-15,31.905,32.085,31.365,31.995,8618100
SNGS,2017-02-16,32.055,32.195,31.7,32.195,7721900
SNGS,2017-02-17,32.19,32.19,31.41,31.61,13846500
SNGS,2017-02-20,31.645,31.75,31.16,31.545,6725400
SNGS,2017-02-21,31.51,31.6,31.275,31.415,4901900
SNGS,2017-02-22,31.4,31.4,30.25,30.53,16877200
SNGS,2017-02-24,30.54,30.785,30.2,30.64,9169300
SNGS,2017-02-27,30.595,30.67,29.59,29.715,14413400
SNGS,2017-02-28,29.7,29.935,29.015,29.395,26440000
SNGS,2017-03-01,29.295,29.875,29.25,29.875,11111900
SNGS,2017-03-02,29.865,30.2,29.66,29.66,20088100
SNGS,2017-03-03,29.82,29.87,29.5,29.61,8175400
SNGS,2017-03-06,29.405,29.785,29.405,29.64,5004300
SNGS,2017-03-07,29.75,29.75,29.085,29.2,11227300
SNGS,2017-03-09,29.1,29.645,28.81,29.195,21758000
SNGS,2017-03-10,29.185,29.43,28.2,28.2,19297300
SNGS,2017-03-13,28.36,28.515,28.2,28.35,7594900
SNGS,2017-03-14,28.42,28.725,28.305,28.655,12761900
SNGS,2017-03-15,28.645,28.78,28.265,28.435,10376700
SNGS,2017-03-16,28.5,28.65,28.06,28.65,25974500
SNGS,2017-03-17,28.485,28.97,28.485,28.935,16948100
SNGS,2017-03-20,28.95,29.47,28.835,29.47,13460100
SNGS,2017-03-21,29.45,29.895,29.275,29.655,15424300
SNGS,2017-03-22,29.55,30.075,29.2,30.075,14652000
SNGS,2017-03-23,30.065,30.145,29.215,29.55,12656500
SNGS,2017-03-24,29.54,29.57,29.255,29.425,6348700
SNGS,2017-03-27,29.3,29.485,28.755,29.0,9204900
SNGS,2017-03-28,29.2,29.5,28.965,29.5,10061100
SNGS,2017-03-29,29.405,29.595,29.105,29.53,6975500
SNGS,2017-03-30,29.46,29.5,29.11,29.37,7287100
SNGS,2017-03-31,29.24,29.48,28.89,29.45,13114300
SNGS,2017-04-03,29.41,29.54,29.115,29.18,5147600
SNGS,2017-04-04,29.18,29.6,28.955,29.535,6920000
SNGS,2017-04-05,29.5,29.94,29.41,29.7,8318200
SNGS,2017-04-06,29.535,30.0,29.33,30.0,12247400
SNGS,2017-04-07,29.95,29.95,29.525,29.66,10315600
SNGS,2017-04-10,29.6,29.9,28.41,28.5,12610900
SNGS,2017-04-11,28.425,28.72,28.155,28.235,9519800
SNGS,2017-04-12,28.325,28.36,27.15,27.32,21467300
SNGS,2017-04-13,27.405,27.47,26.52,27.365,28948800
SNGS,2017-04-14,27.35,27.395,26.71,26.785,4351000
SNGS,2017-04-17,26.955,27.24,26.65,27.21,6258600
SNGS,2017-04-18,27.21,27.35,26.55,26.965,7979700
SNGS,2017-04-19,26.8,27.01,26.54,26.54,7186500
SNGS,2017-04-20,26.65,26.945,26.0,26.49,14392500
SNGS,2017-04-21,26.4,26.96,26.375,26.675,8688700
SNGS,2017-04-24,26.83,27.135,26.515,27.135,9931900
SNGS,2017-04-25,27.135,27.765,26.82,27.64,14688900
SNGS,2017-04-26,27.69,28.565,27.435,28.56,15644200
SNGS,2017-04-27,28.4,28.47,28.005,28.13,8052900
SNGS,2017-04-28,28.195,28.4,27.855,27.91,11496200
SNGS,2017-05-02,27.95,28.355,27.93,28.105,7556500
SNGS,2017-05-03,28.03,29.055,28.03,28.505,18986500
SNGS,2017-05-04,28.7,29.025,28.3,28.615,11991900
SNGS,2017-05-05,28.305,28.885,28.15,28.46,9260600
SNGS,2017-05-10,28.59,29.2,28.405,29.2,21399600
SNGS,2017-05-11,29.3,29.3,28.5,28.7,9328900
SNGS,2017-05-12,28.685,28.7,28.225,28.5,11957100
SNGS,2017-05-15,28.475,28.565,27.85,28.22,10669300
SNGS,2017-05-16,28.095,28.245,27.8,28.075,7729500
SNGS,2017-05-17,28.0,28.355,27.82,28.25,7745800
SNGS,2017-05-18,28.26,28.53,27.65,27.84,15087900
SNGS,2017-05-19,27.985,27.985,27.21,27.25,12087600
SNGS,2017-05-22,27.495,27.495,26.48,26.9,11372700
SNGS,2017-05-23,26.855,28.16,26.71,27.81,14692200
SNGS,2017-05-24,27.835,27.995,27.32,27.695,7966500
SNGS,2017-05-25,27.9,29.36,27.63,29.36,49937200
SNGS,2017-05-26,29.33,29.705,28.92,29.705,59948100
SNGS,2017-05-29,29.665,31.075,29.665,30.99,32902700
SNGS,2017-05-30,30.99,31.19,30.04,31.18,54162700
SNGS,2017-05-31,31.1,31.35,29.885,30.28,44850400
SNGS,2017-06-01,29.5,29.5,26.575,27.15,122156300
SNGS,2017-06-02,27.12,27.345,26.085,26.62,43044400
SNGS,2017-06-05,26.68,27.06,26.6,26.985,20943600
SNGS,2017-06-06,26.98,26.98,26.52,26.815,19697800
SNGS,2017-06-07,26.72,26.995,26.36,26.36,17669300
SNGS,2017-06-08,26.4,26.675,25.87,26.195,31471500
SNGS,2017-06-09,26.15,26.31,25.925,26.23,16359400
SNGS,2017-06-13,26.13,26.28,25.72,25.795,18497300
SNGS,2017-06-14,25.85,25.955,25.04,25.2,24922600
SNGS,2017-06-15,25.065,25.285,24.085,24.81,63116000
SNGS,2017-06-16,24.81,25.08,24.365,24.89,34544500
SNGS,2017-06-19,24.8,24.935,24.465,24.85,22574200
SNGS,2017-06-20,24.9,25.795,24.9,25.785,28225100
SNGS,2017-06-21,25.805,26.0,25.475,25.5,17441100
SNGS,2017-06-22,25.6,25.81,25.405,25.67,15251500
SNGS,2017-06-23,25.76,25.825,25.385,25.71,16827200
SNGS,2017-06-26,25.705,25.74,25.08,25.115,13931000
SNGS,2017-06-27,25.13,25.835,25.07,25.76,13052300
SNGS,2017-06-28,25.805,26.245,25.465,25.965,14135200
SNGS,2017-06-29,26.16,26.375,25.705,25.78,17262100
SNGS,2017-06-30,25.84,25.995,25.645,25.67,13680900
SNGS,2017-07-03,25.725,26.35,25.7,26.18,15578300
SNGS,2017-07-04,26.215,26.66,26.03,26.55,12239600
SNGS,2017-07-05,26.55,26.755,26.445,26.705,10963900
SNGS,2017-07-06,26.66,26.85,26.455,26.735,13143300
SNGS,2017-07-07,26.535,26.95,26.38,26.4,17293800
SNGS,2017-07-10,26.42,26.575,25.92,26.22,15105000
SNGS,2017-07-11,26.34,26.4,26.075,26.4,14333900
SNGS,2017-07-12,26.425,26.785,26.4,26.755,14698800
SNGS,2017-07-13,26.715,27.05,26.555,27.05,13024400
SNGS,2017-07-14,26.955,27.075,26.67,26.67,13223400
SNGS,2017-07-17,26.755,26.94,26.52,26.85,11270600
SNGS,2017-07-18,26.25,26.6,26.2,26.41,11610100
SNGS,2017-07-19,26.355,26.93,26.315,26.93,10633500
SNGS,2017-07-20,26.865,26.89,26.54,26.7,9920400
SNGS,2017-07-21,26.61,26.75,26.35,26.465,8300500
SNGS,2017-07-24,26.42,26.92,26.32,26.92,9848900
SNGS,2017-07-25,26.765,26.94,26.215,26.49,13051500
SNGS,2017-07-26,26.49,26.685,26.205,26.42,10943400
SNGS,2017-07-27,26.415,26.55,26.21,26.3,7317400
SNGS,2017-07-28,26.2,26.25,25.86,26.15,12517200
SNGS,2017-07-31,26.16,26.625,26.07,26.62,9394300
SNGS,2017-08-01,26.565,27.585,26.365,27.57,19896800
SNGS,2017-08-02,27.585,27.89,27.32,27.56,14889700
SNGS,2017-08-03,27.56,27.705,27.355,27.62,8512500
SNGS,2017-08-04,27.6,27.6,26.95,27.07,12423400
SNGS,2017-08-07,27.15,27.245,26.905,27.2,8131300
SNGS,2017-08-08,27.19,27.55,27.09,27.5,8288800
SNGS,2017-08-09,27.305,27.5,27.0,27.16,8036500
SNGS,2017-08-10,27.18,27.38,26.945,27.05,10213900
SNGS,2017-08-11,26.915,27.055,26.21,26.325,17716700
SNGS,2017-08-14,26.4,26.545,26.215,26.215,9223100
SNGS,2017-08-15,26.25,26.535,26.21,26.535,7529100
SNGS,2017-08-16,26.535,26.59,26.195,26.315,6343000
SNGS,2017-08-17,26.23,26.83,26.115,26.59,14748100
SNGS,2017-08-18,26.455,26.69,26.155,26.39,11230100
SNGS,2017-08-21,26.49,26.535,26.185,26.34,8638200
SNGS,2017-08-22,26.44,26.565,26.355,26.48,4807900
SNGS,2017-08-23,26.535,26.8,26.415,26.74,11195700
SNGS,2017-08-24,26.73,26.895,26.53,26.895,6575700
SNGS,2017-08-25,26.8,26.94,26.42,26.68,11665600
SNGS,2017-08-28,26.68,26.68,26.4,26.6,5476300
SNGS,2017-08-29,26.5,26.55,26.12,26.46,13328000
SNGS,2017-08-30,26.505,26.67,26.285,26.665,11520400
SNGS,2017-08-31,26.6,27.0,26.51,27.0,15432400
SNGS,2017-09-01,26.905,27.53,26.865,27.25,15443000
SNGS,2017-09-04,27.295,27.545,27.09,27.285,5918500
SNGS,2017-09-05,27.42,27.6,26.85,27.6,12287800
SNGS,2017-09-06,27.425,27.715,27.03,27.715,17525000
SNGS,2017-09-07,27.61,27.86,27.025,27.025,22681200
SNGS,2017-09-08,27.16,27.775,27.1,27.77,30508000
SNGS,2017-09-11,27.78,28.125,27.5,28.02,18975500
SNGS,2017-09-12,28.09,28.155,27.855,28.04,8706300
SNGS,2017-09-13,28.16,28.34,27.9,27.9,9518400
SNGS,2017-09-14,27.99,28.06,27.58,27.9,18686100
SNGS,2017-09-15,27.895,28.225,27.695,28.15,19911300
SNGS,2017-09-18,28.145,28.385,27.915,28.26,11647000
SNGS,2017-09-19,28.33,28.64,28.23,28.495,10386000
SNGS,2017-09-20,28.5,28.865,28.335,28.83,16513900
SNGS,2017-09-21,28.745,29.175,28.74,28.88,16640000
SNGS,2017-09-22,28.8,28.965,28.52,28.725,9221600
SNGS,2017-09-25,28.72,29.2,28.555,29.18,14411200
SNGS,2017-09-26,29.215,29.41,28.99,29.01,13168400
SNGS,2017-09-27,29.02,29.44,29.02,29.44,12162900
SNGS,2017-09-28,29.4,29.7,29.35,29.47,11905300
SNGS,2017-09-29,29.46,29.545,29.33,29.5,4557100
SNGS,2017-10-02,29.495,29.59,29.31,29.49,5995000
SNGS,2017-10-03,29.5,29.545,29.115,29.24,9396800
SNGS,2017-10-04,29.21,29.345,29.04,29.3,7070800
SNGS,2017-10-05,29.245,29.4,29.045,29.38,11551500
SNGS,2017-10-06,29.46,29.585,29.355,29.54,8447700
SNGS,2017-10-09,29.53,29.535,29.34,29.52,5545800
SNGS,2017-10-10,29.465,29.55,29.255,29.55,5578900
SNGS,2017-10-11,29.505,29.89,29.505,29.795,22654000
SNGS,2017-10-12,29.72,29.915,29.72,29.9,6004700
SNGS,2017-10-13,29.895,29.935,29.52,29.785,7037000
SNGS,2017-10-16,29.755,29.805,29.51,29.805,6375600
SNGS,2017-10-17,29.745,29.79,29.315,29.6,9314800
SNGS,2017-10-18,29.75,29.75,29.4,29.5,6555500
SNGS,2017-10-19,29.515,29.62,29.15,29.33,7914300
SNGS,2017-10-20,29.37,29.62,29.255,29.52,11011000
SNGS,2017-10-23,29.525,29.625,29.4,29.4,4820000
SNGS,2017-10-24,29.415,29.56,28.92,29.27,9893200
SNGS,2017-10-25,29.18,29.365,28.895,29.11,13122100
SNGS,2017-10-26,28.9,29.23,28.67,28.8,9122700
SNGS,2017-10-27,28.8,29.375,28.725,29.375,10279000
SNGS,2017-10-30,30.2,30.2,29.25,29.6,12094900
SNGS,2017-10-31,29.7,29.87,29.175,29.175,13528200
SNGS,2017-11-01,29.215,29.875,29.19,29.77,11012000
SNGS,2017-11-02,29.825,29.825,29.0,29.195,11973000
SNGS,2017-11-03,29.15,29.35,29.095,29.315,10109500
SNGS,2017-11-07,29.41,30.125,29.41,30.11,24654600
SNGS,2017-11-08,30.0,30.71,29.915,30.6,19294900
SNGS,2017-11-09,30.6,30.735,30.255,30.605,16033300
SNGS,2017-11-10,30.48,30.55,29.9,29.9,10613100
SNGS,2017-11-13,30.06,30.385,29.77,29.78,11056700
SNGS,2017-11-14,29.93,30.25,29.76,30.225,10723500
SNGS,2017-11-15,30.12,30.43,29.15,29.155,14679500
SNGS,2017-11-16,29.465,29.465,28.915,28.995,12755000
SNGS,2017-11-17,29.02,29.19,28.86,29.085,8211300
SNGS,2017-11-20,29.1,29.485,29.01,29.33,4734800
SNGS,2017-11-21,29.495,29.905,29.075,29.41,9879100
SNGS,2017-11-22,29.475,29.475,29.1,29.155,4990200
SNGS,2017-11-23,29.245,29.245,28.915,29.15,6059000
SNGS,2017-11-24,29.155,29.58,29.1,29.37,8158600
SNGS,2017-11-27,29.37,29.37,28.8,28.95,6114000
SNGS,2017-11-28,28.9,29.155,28.605,29.155,8272100
SNGS,2017-11-29,28.8,29.065,28.11,28.185,13723400
SNGS,2017-11-30,28.255,28.255,27.17,27.5,28525800
SNGS,2017-12-01,27.505,27.8,27.37,27.705,7225000
SNGS,2017-12-04,27.7,27.755,27.28,27.405,11723100
SNGS,2017-12-05,27.485,27.485,27.175,27.33,6678800
SNGS,2017-12-06,27.25,28.065,27.17,27.99,13042000
SNGS,2017-12-07,27.905,28.085,27.425,27.67,12077900
SNGS,2017-12-08,27.79,28.0,27.32,27.7,8439900
SNGS,2017-12-11,27.6,28.895,27.575,28.895,12421200
SNGS,2017-12-12,28.89,29.09,28.51,29.01,11047900
SNGS,2017-12-13,28.9,29.095,28.72,29.095,9290000
SNGS,2017-12-14,29.005,29.3,28.78,29.3,12967400
SNGS,2017-12-15,29.255,29.255,28.835,28.915,12553600
SNGS,2017-12-18,28.93,29.09,28.53,28.815,13797000
SNGS,2017-12-19,28.555,28.85,28.3,28.4,9780100
SNGS,2017-12-20,28.31,28.5,27.89,28.035,11427700
SNGS,2017-12-21,28.085,28.185,27.515,28.185,16651700
SNGS,2017-12-22,28.185,28.26,27.965,28.235,5015800
SNGS,2017-12-25,28.235,28.32,27.715,27.755,2290300
SNGS,2017-12-26,27.7,27.795,27.42,27.505,4124700
SNGS,2017-12-27,27.56,27.66,27.38,27.66,5799300
SNGS,2017-12-28,27.7,28.09,27.385,28.09,9133400
SNGS,2017-12-29,28.05,28.07,27.545,27.89,5426400
SNGS,2018-01-03,27.9,28.0,27.64,27.905,5612500
SNGS,2018-01-04,27.95,28.19,27.745,28.175,12173700
SNGS,2018-01-05,28.12,28.22,27.85,28.22,5340400
SNGS,2018-01-09,28.49,28.555,28.055,28.32,15210300
SNGS,2018-01-10,28.3,28.475,28.09,28.475,16821100
SNGS,2018-01-11,28.4,28.445,28.23,28.4,9005300
SNGS,2018-01-12,28.4,28.8,28.25,28.8,9545200
SNGS,2018-01-15,28.895,28.995,28.615,28.845,10543400
SNGS,2018-01-16,28.845,29.245,28.715,29.245,10399100
SNGS,2018-01-17,29.195,29.945,28.83,29.945,18834500
SNGS,2018-01-18,29.945,30.47,29.805,30.47,23167900
SNGS,2018-01-19,30.455,30.5,29.665,30.2,18348500
SNGS,2018-01-22,30.2,30.3,29.79,30.3,11563400
SNGS,2018-01-23,30.33,30.44,29.81,30.1,20631900
SNGS,2018-01-24,30.01,30.4,29.965,30.4,20758300
SNGS,2018-01-25,30.4,30.82,30.305,30.8,19554000
SNGS,2018-01-26,30.795,30.875,30.14,30.38,18745100
SNGS,2018-01-29,30.135,30.915,29.805,30.665,16227100
SNGS,2018-01-30,30.63,30.765,29.97,30.3,11778300
SNGS,2018-01-31,30.015,30.1,28.74,28.74,27331900
SNGS,2018-02-01,28.815,29.345,28.815,29.26,14139600
SNGS,2018-02-02,29.26,29.335,28.655,28.955,14103800
SNGS,2018-02-05,28.755,29.55,28.61,29.55,15063700
SNGS,2018-02-06,29.25,29.385,28.55,28.605,29568100
SNGS,2018-02-07,28.675,29.56,28.675,29.415,24556500
SNGS,2018-02-08,29.23,29.345,28.83,28.87,17787800
SNGS,2018-02-09,28.7,28.935,28.31,28.315,23693800
SNGS,2018-02-12,28.49,28.565,28.15,28.23,12853900
SNGS,2018-02-13,28.27,28.59,28.19,28.45,22376500
SNGS,2018-02-14,28.45,28.49,28.055,28.24,18079800
SNGS,2018-02-15,28.3,28.365,28.02,28.265,14795900
SNGS,2018-02-16,28.315,28.77,28.29,28.505,15072900
SNGS,2018-02-19,28.675,28.7,28.325,28.48,7193400
SNGS,2018-02-20,28.345,28.46,28.22,28.415,7199500
SNGS,2018-02-21,28.4,29.12,28.23,29.12,12010700
SNGS,2018-02-22,29.095,29.29,28.66,29.2,16778500
SNGS,2018-02-26,29.47,29.655,29.215,29.485,16174200
SNGS,2018-02-27,29.595,29.63,28.97,29.13,10494200
SNGS,2018-02-28,29.0,29.135,28.52,28.715,26990700
SNGS,2018-03-01,28.5,28.795,28.26,28.52,18597100
SNGS,2018-03-02,28.345,28.635,28.05,28.22,16726700
SNGS,2018-03-05,28.3,28.69,28.2,28.645,13832100
SNGS,2018-03-06,28.69,28.8,28.515,28.625,10455600
SNGS,2018-03-07,28.45,28.475,28.1,28.3,17479600
SNGS,2018-03-09,28.185,28.635,28.17,28.63,10548800
SNGS,2018-03-12,28.65,29.175,28.52,29.15,16606900
SNGS,2018-03-13,28.9,29.47,28.875,29.365,14936700
SNGS,2018-03-14,29.27,29.425,28.92,29.17,16551700
SNGS,2018-03-15,29.155,29.485,28.875,29.18,29475400
SNGS,2018-03-16,29.2,29.41,28.92,29.41,26976600
SNGS,2018-03-19,29.38,29.38,29.03,29.055,10954400
SNGS,2018-03-20,29.18,29.3,28.945,29.175,12419400
SNGS,2018-03-21,29.175,29.23,28.91,29.13,9996300
SNGS,2018-03-22,29.13,29.13,28.53,28.805,9280800
SNGS,2018-03-23,28.605,28.94,28.44,28.885,12760700
SNGS,2018-03-26,28.965,28.965,28.1,28.1,11576800
SNGS,2018-03-27,28.3,28.69,28.065,28.3,16234600
SNGS,2018-03-28,28.32,28.55,28.2,28.45,12008800
SNGS,2018-03-29,28.55,28.665,28.285,28.665,20745800
SNGS,2018-03-30,28.6,28.77,28.37,28.37,4423700
SNGS,2018-04-02,28.48,28.67,28.445,28.5,7436000
SNGS,2018-04-03,28.455,28.57,28.17,28.33,10622300
SNGS,2018-04-04,28.185,28.56,28.185,28.51,10444100
SNGS,2018-04-05,28.59,28.94,28.515,28.94,10370700
SNGS,2018-04-06,28.9,29.085,28.61,28.94,10890000
SNGS,2018-04-09,28.84,28.93,26.86,28.16,44029000
SNGS,2018-04-10,28.0,29.675,27.825,29.095,66956700
SNGS,2018-04-11,29.195,30.065,29.015,29.25,42386500
SNGS,2018-04-12,29.65,29.85,28.835,29.69,24180500
SNGS,2018-04-13,29.695,29.695,28.925,29.095,17629500
SNGS,2018-04-16,29.1,29.445,28.585,29.17,20688800
SNGS,2018-04-17,29.3,29.425,28.865,29.12,15385200
SNGS,2018-04-18,29.335,29.72,29.075,29.54,23792300
SNGS,2018-04-19,29.675,29.845,29.12,29.345,12479500
SNGS,2018-04-20,29.24,29.65,29.155,29.36,9469100
SNGS,2018-04-23,29.325,29.65,28.925,29.09,17167100
SNGS,2018-04-24,29.2,29.32,28.98,29.25,11149800
SNGS,2018-04-25,29.1,29.115,28.78,29.115,11518400
SNGS,2018-04-26,29.015,29.85,28.97,29.85,15072300
SNGS,2018-04-27,29.8,29.975,29.45,29.695,11521300
SNGS,2018-04-28,29.59,29.665,29.4,29.55,1632400
SNGS,2018-04-30,29.73,30.02,29.315,29.44,13881300
SNGS,2018-05-02,29.485,29.75,29.28,29.32,13051800
SNGS,2018-05-03,29.4,29.62,29.2,29.235,16767100
SNGS,2018-05-04,29.465,29.505,29.27,29.405,9453400
SNGS,2018-05-07,29.58,29.63,29.3,29.305,7065100
SNGS,2018-05-08,29.345,29.58,29.205,29.58,12811700
SNGS,2018-05-10,29.75,29.88,29.32,29.39,15112200
SNGS,2018-05-11,29.45,29.765,29.45,29.685,13488600
SNGS,2018-05-14,29.675,30.06,29.355,30.0,12597800
SNGS,2018-05-15,29.95,30.28,29.76,29.76,18813400
SNGS,2018-05-16,29.87,30.0,29.41,29.81,19367700
SNGS,2018-05-17,29.81,30.09,29.65,29.705,20087000
SNGS,2018-05-18,29.735,29.825,29.525,29.7,12439800
SNGS,2018-05-21,29.73,29.95,29.5,29.535,12469900
SNGS,2018-05-22,29.645,29.75,29.475,29.745,10239900
SNGS,2018-05-23,29.745,29.745,29.42,29.42,15238600
SNGS,2018-05-24,29.48,29.55,29.025,29.165,11087800
SNGS,2018-05-25,29.17,29.43,28.86,29.135,16838200
SNGS,2018-05-28,29.1,29.205,28.815,28.875,5642500
SNGS,2018-05-29,28.85,29.155,28.26,28.4,18072300
SNGS,2018-05-30,28.435,28.99,28.28,28.48,17357200
SNGS,2018-05-31,28.5,28.8,28.22,28.63,29402000
SNGS,2018-06-01,28.5,29.16,28.4,28.86,16269100
SNGS,2018-06-04,28.9,29.275,28.875,29.275,7180900
SNGS,2018-06-05,29.315,29.315,28.85,29.02,11829000
SNGS,2018-06-06,29.12,29.12,28.54,28.795,8268400
SNGS,2018-06-07,28.9,29.295,28.78,29.295,11305900
SNGS,2018-06-08,29.3,29.315,28.36,28.36,18705400
SNGS,2018-06-09,28.48,28.63,28.415,28.535,1124500
SNGS,2018-06-11,28.61,28.845,28.36,28.685,7292700
SNGS,2018-06-13,28.785,28.9,28.61,28.895,15210000
SNGS,2018-06-14,28.83,29.12,28.715,29.05,13438800
SNGS,2018-06-15,29.09,29.09,28.26,28.26,27335000
SNGS,2018-06-18,28.25,28.545,28.25,28.375,12888200
SNGS,2018-06-19,28.36,28.75,28.16,28.71,22220600
SNGS,2018-06-20,28.78,29.385,28.71,29.295,20505800
SNGS,2018-06-21,29.395,29.395,28.845,28.85,14030400
SNGS,2018-06-22,28.91,28.935,28.28,28.435,31466400
SNGS,2018-06-25,28.305,28.525,28.3,28.3,9843900
SNGS,2018-06-26,28.45,28.585,28.27,28.39,10418200
SNGS,2018-06-27,28.5,28.66,28.39,28.39,13692100
SNGS,2018-06-28,28.39,28.555,28.21,28.255,16035300
SNGS,2018-06-29,28.35,28.63,28.275,28.48,11545100
SNGS,2018-07-02,28.45,28.85,28.345,28.645,13797800
SNGS,2018-07-03,28.53,28.56,28.105,28.105,20064500
SNGS,2018-07-04,28.22,28.255,27.915,28.085,8879700
SNGS,2018-07-05,28.08,28.42,27.995,28.42,18862700
SNGS,2018-07-06,28.42,28.675,28.27,28.47,18598200
SNGS,2018-07-09,28.5,29.0,28.5,29.0,13056000
SNGS,2018-07-10,28.84,29.315,28.84,29.295,18906400
SNGS,2018-07-11,29.2,29.245,28.69,28.945,14242900
SNGS,2018-07-12,28.815,28.865,28.3,28.445,23709100
SNGS,2018-07-13,28.52,28.9,28.385,28.9,11675900
SNGS,2018-07-16,28.78,29.28,28.74,29.0,12786000
SNGS,2018-07-17,28.985,28.985,28.475,28.595,10938900
SNGS,2018-07-18,28.2,28.585,28.115,28.525,16512600
SNGS,2018-07-19,28.525,28.78,28.39,28.595,10080900
SNGS,2018-07-20,28.71,28.71,28.27,28.465,6325000
SNGS,2018-07-23,28.425,28.54,28.3,28.365,6355700
SNGS,2018-07-24,28.315,28.395,28.19,28.23,6742800
SNGS,2018-07-25,28.23,28.35,28.15,28.35,7223700
SNGS,2018-07-26,28.33,28.54,28.3,28.5,10561100
SNGS,2018-07-27,28.53,28.65,28.225,28.65,10004700
SNGS,2018-07-30,28.605,29.15,28.455,28.965,19039800
SNGS,2018-07-31,28.85,29.15,28.7,28.99,18138000
SNGS,2018-08-01,29.05,29.29,28.885,29.175,9336500
SNGS,2018-08-02,29.155,29.295,28.75,28.82,10024300
SNGS,2018-08-03,28.82,29.27,28.69,29.205,9456000
SNGS,2018-08-06,29.105,29.155,28.82,29.03,10275000
SNGS,2018-08-07,29.03,29.14,28.805,28.98,8950700
SNGS,2018-08-08,28.995,29.185,28.55,28.905,14218300
SNGS,2018-08-09,28.8,29.17,28.65,29.0,17034000
SNGS,2018-08-10,29.03,29.055,28.62,28.92,16663700
SNGS,2018-08-13,28.92,28.92,28.505,28.535,12259800
SNGS,2018-08-14,28.6,28.77,28.435,28.77,16850600
SNGS,2018-08-15,28.76,28.76,28.01,28.35,24064200
SNGS,2018-08-16,28.35,28.35,27.765,28.0,22582000
SNGS,2018-08-17,27.995,28.015,27.645,27.705,13198700
SNGS,2018-08-20,27.87,27.96,27.715,27.885,7361100
SNGS,2018-08-21,27.82,27.885,27.515,27.885,14068400
SNGS,2018-08-22,27.885,28.4,27.8,28.295,14794900
SNGS,2018-08-23,28.24,28.64,28.04,28.12,12771300
SNGS,2018-08-24,28.085,28.31,27.815,28.31,9489400
SNGS,2018-08-27,28.36,28.36,27.935,28.165,7690900
SNGS,2018-08-28,28.16,28.37,28.02,28.195,9724300
SNGS,2018-08-29,28.18,28.855,28.07,28.725,15187100
SNGS,2018-08-30,28.75,29.095,28.33,28.4,14624500
SNGS,2018-08-31,28.45,28.74,28.24,28.74,15806000
SNGS,2018-09-03,28.79,28.87,28.575,28.75,5965200
SNGS,2018-09-04,28.765,28.965,28.555,28.62,12903400
SNGS,2018-09-05,28.55,28.59,28.0,28.0,14757700
SNGS,2018-09-06,28.075,28.245,27.805,27.805,8726200
SNGS,2018-09-07,27.8,28.04,27.575,27.7,12604200
SNGS,2018-09-10,27.7,27.9,27.62,27.75,9833600
SNGS,2018-09-11,27.66,27.925,27.625,27.925,13263600
SNGS,2018-09-12,27.875,28.095,27.575,27.82,9889600
SNGS,2018-09-13,27.745,27.875,27.52,27.67,12876800
SNGS,2018-09-14,27.59,27.645,27.455,27.505,11767700
SNGS,2018-09-17,27.47,27.645,27.375,27.645,10366600
SNGS,2018-09-18,27.645,27.645,27.45,27.615,10357400
SNGS,2018-09-19,27.6,27.725,27.46,27.555,19878700
SNGS,2018-09-20,27.56,27.96,27.465,27.62,40576500
SNGS,2018-09-21,27.615,27.83,27.055,27.095,66774800
SNGS,2018-09-24,27.32,27.54,27.12,27.295,17223100
SNGS,2018-09-25,27.395,27.395,27.11,27.305,11388900
SNGS,2018-09-26,27.38,27.51,27.2,27.51,17078900
SNGS,2018-09-27,27.505,28.145,27.415,28.145,24735400
SNGS,2018-09-28,28.06,28.105,27.425,27.425,16205900
SNGS,2018-10-01,27.69,27.865,27.56,27.8,15853500
SNGS,2018-10-02,27.82,27.865,27.55,27.55,10028500
SNGS,2018-10-03,27.685,28.065,27.58,27.825,18108000
SNGS,2018-10-04,27.85,27.85,27.295,27.395,28032900
SNGS,2018-10-05,27.325,27.53,27.27,27.275,13158600
SNGS,2018-10-08,27.5,27.61,27.35,27.47,9950900
SNGS,2018-10-09,27.57,27.65,27.2,27.215,19075300
SNGS,2018-10-10,27.22,27.385,26.95,26.97,14074000
SNGS,2018-10-11,26.885,27.175,26.775,26.875,17238900
SNGS,2018-10-12,26.995,27.26,26.945,27.12,9375100
SNGS,2018-10-15,27.165,27.295,26.86,27.105,8248300
SNGS,2018-10-16,26.975,27.23,26.915,27.18,8402400
SNGS,2018-10-17,27.2,27.34,27.005,27.175,10203700
SNGS,2018-10-18,27.15,27.375,27.04,27.28,11966500
SNGS,2018-10-19,27.2,27.535,27.19,27.4,11126700
SNGS,2018-10-22,27.38,27.45,26.93,27.03,10390900
SNGS,2018-10-23,26.98,26.995,26.56,26.735,15058500
SNGS,2018-10-24,26.815,26.915,26.59,26.59,13476900
SNGS,2018-10-25,26.495,26.57,26.15,26.51,21708300
SNGS,2018-10-26,26.455,26.52,26.17,26.38,12034700
SNGS,2018-10-29,26.37,26.56,26.235,26.475,6598800
SNGS,2018-10-30,26.515,26.515,26.035,26.11,14646900
SNGS,2018-10-31,26.2,26.6,26.18,26.57,21198600
SNGS,2018-11-01,26.67,26.8,26.135,26.5,21370300
SNGS,2018-11-02,26.515,26.74,26.41,26.685,12844700
SNGS,2018-11-06,26.805,27.32,26.8,27.03,16723600
SNGS,2018-11-07,26.92,27.455,26.85,27.305,18774600
SNGS,2018-11-08,27.265,27.5,27.125,27.225,11542900
SNGS,2018-11-09,27.12,27.365,27.055,27.365,14314100
SNGS,2018-11-12,27.305,27.475,26.94,26.94,8769400
SNGS,2018-11-13,26.815,27.27,26.805,26.93,9663800
SNGS,2018-11-14,26.92,27.215,26.72,27.05,13182000
SNGS,2018-11-15,27.1,27.28,26.88,27.19,9453200
SNGS,2018-11-16,27.23,27.31,27.075,27.3,7260500
SNGS,2018-11-19,27.275,27.37,27.07,27.14,14096000
SNGS,2018-11-20,27.1,27.265,26.77,26.945,13685500
SNGS,2018-11-21,26.875,27.185,26.74,27.155,9713600
SNGS,2018-11-22,27.15,27.3,26.88,27.285,11985800
SNGS,2018-11-23,27.27,27.27,26.915,27.2,8727100
SNGS,2018-11-26,27.19,27.19,26.31,26.76,14767700
SNGS,2018-11-27,26.595,26.905,26.58,26.715,10056200
SNGS,2018-11-28,26.715,26.975,26.675,26.9,9678400
SNGS,2018-11-29,26.95,27.33,26.81,27.21,14406500
SNGS,2018-11-30,27.2,27.4,27.0,27.35,15989200
SNGS,2018-12-03,27.325,28.0,27.325,27.83,17370900
SNGS,2018-12-04,27.85,28.115,27.565,28.115,10225400
SNGS,2018-12-05,27.97,28.3,27.455,28.3,15412800
SNGS,2018-12-06,28.17,28.37,27.805,28.35,17638300
SNGS,2018-12-07,28.28,28.455,28.23,28.315,8755800
SNGS,2018-12-10,28.25,28.29,28.005,28.005,7408600
SNGS,2018-12-11,27.975,28.215,27.885,27.91,9230800
SNGS,2018-12-12,27.92,28.08,27.75,27.945,10913800
SNGS,2018-12-13,27.94,28.1,27.655,28.1,10190800
SNGS,2018-12-14,28.09,28.1,27.82,28.0,6762900
SNGS,2018-12-17,27.935,28.38,27.88,28.1,14629600
SNGS,2018-12-18,27.9,27.99,27.37,27.93,18957200
SNGS,2018-12-19,27.9,27.91,27.47,27.885,16256400
SNGS,2018-12-20,27.56,27.56,27.205,27.4,25764300
SNGS,2018-12-21,27.375,27.405,26.845,26.845,31728500
SNGS,2018-12-24,26.925,27.0,26.4,26.5,8711000
SNGS,2018-12-25,26.48,26.51,25.915,26.5,5578200
SNGS,2018-12-26,26.515,26.75,26.44,26.655,3758900
SNGS,2018-12-27,26.89,26.93,26.275,26.4,14785900
SNGS,2018-12-28,26.445,26.88,26.385,26.8,9818700
SNGS,2018-12-29,26.8,26.895,26.7,26.88,1016800
SNGS,2019-01-03,26.8,26.96,26.565,26.785,6375200
SNGS,2019-01-04,26.83,27.045,26.67,27.045,5865400
SNGS,2019-01-08,27.06,27.16,26.8,27.01,9226100
SNGS,2019-01-09,27.07,27.13,26.91,27.07,8446300
SNGS,2019-01-10,26.95,27.435,26.875,27.435,9069800
SNGS,2019-01-11,27.35,27.665,27.255,27.63,10216400
SNGS,2019-01-14,27.385,27.975,27.37,27.975,8566400
SNGS,2019-01-15,27.93,28.165,27.64,28.165,14915800
SNGS,2019-01-16,28.08,28.17,27.75,27.91,9005100
SNGS,2019-01-17,27.85,27.895,27.58,27.8,10525900
SNGS,2019-01-18,27.8,28.03,27.695,28.025,10063100
SNGS,2019-01-21,28.035,28.095,27.85,27.865,6416400
SNGS,2019-01-22,27.76,27.945,27.66,27.93,9936600
SNGS,2019-01-23,27.875,27.96,27.71,27.89,6632300
SNGS,2019-01-24,27.815,27.865,27.28,27.315,13990300
SNGS,2019-01-25,27.41,27.535,27.235,27.535,10766500
SNGS,2019-01-28,27.41,27.56,27.155,27.355,10623000
SNGS,2019-01-29,27.325,27.5,27.21,27.435,9497400
SNGS,2019-01-30,27.52,27.575,27.355,27.445,9212900
SNGS,2019-01-31,27.5,27.58,27.335,27.355,12166800
SNGS,2019-02-01,27.4,27.6,27.355,27.415,12313000
SNGS,2019-02-04,27.485,27.545,27.37,27.4,5778600
SNGS,2019-02-05,27.38,27.49,27.34,27.475,6663600
SNGS,2019-02-06,27.46,27.52,27.27,27.32,5864500
SNGS,2019-02-07,27.34,27.34,27.01,27.05,7210500
SNGS,2019-02-08,26.97,27.06,26.8,26.845,7060100
SNGS,2019-02-11,26.755,26.98,26.7,26.7,9505400
SNGS,2019-02-12,26.76,26.935,26.64,26.81,8245100
SNGS,2019-02-13,26.875,26.875,26.26,26.26,18501400
SNGS,2019-02-14,26.225,26.565,26.055,26.48,20278100
SNGS,2019-02-15,26.565,26.83,26.455,26.83,11397000
SNGS,2019-02-18,26.83,26.865,26.465,26.485,8374700
SNGS,2019-02-19,26.485,26.57,26.265,26.375,6948600
SNGS,2019-02-20,26.455,26.795,26.435,26.75,11967400
SNGS,2019-02-21,26.775,26.775,26.37,26.435,9106600
SNGS,2019-02-22,26.405,26.57,26.25,26.475,8869300
SNGS,2019-02-25,26.51,26.6,26.305,26.4,8062200
SNGS,2019-02-26,26.35,26.45,26.15,26.24,11325700
SNGS,2019-02-27,26.255,26.285,25.95,26.07,12537000
SNGS,2019-02-28,26.055,26.055,25.67,25.69,20489100
SNGS,2019-03-01,25.73,25.845,25.55,25.56,15641600
SNGS,2019-03-04,25.61,25.72,25.4,25.4,9699800
SNGS,2019-03-05,25.305,25.535,25.28,25.385,12331000
SNGS,2019-03-06,25.425,25.58,25.315,25.39,9433400
SNGS,2019-03-07,25.39,25.44,25.18,25.2,9642000
SNGS,2019-03-11,25.15,25.15,24.66,24.73,28448900
SNGS,2019-03-12,24.84,24.84,24.52,24.61,21656900
SNGS,2019-03-13,24.59,24.615,24.15,24.215,29871800
SNGS,2019-03-14,24.25,24.66,24.16,24.16,37704100
SNGS,2019-03-15,24.185,24.41,24.175,24.2,31742900
SNGS,2019-03-18,24.185,24.785,24.185,24.75,31814600
SNGS,2019-03-19,24.78,25.13,24.745,25.0,34108700
SNGS,2019-03-20,25.05,25.06,24.87,24.88,13373400
SNGS,2019-03-21,24.945,25.035,24.885,24.895,24286400
SNGS,2019-03-22,24.905,24.995,24.43,24.525,19954500
SNGS,2019-03-25,24.45,24.73,24.375,24.535,14436600
SNGS,2019-03-26,24.6,24.85,24.465,24.58,14181600
SNGS,2019-03-27,24.62,24.79,24.515,24.595,10230000
SNGS,2019-03-28,24.54,24.695,24.5,24.6,8707000
SNGS,2019-03-29,24.64,24.885,24.58,24.875,17219000
SNGS,2019-04-01,24.875,25.4,24.805,25.305,19337600
SNGS,2019-04-02,25.32,25.455,24.955,25.12,13220400
SNGS,2019-04-03,25.125,25.41,25.125,25.23,14014500
SNGS,2019-04-04,25.29,25.615,25.15,25.475,15138200
SNGS,2019-04-05,25.475,25.59,25.365,25.365,12002700
SNGS,2019-04-08,25.4,25.61,25.39,25.5,11722300
SNGS,2019-04-09,25.645,25.645,25.4,25.54,12851900
SNGS,2019-04-10,25.43,25.585,25.26,25.3,17242000
SNGS,2019-04-11,25.28,25.36,25.14,25.2,8721000
SNGS,2019-04-12,25.2,25.52,25.17,25.31,10680700
SNGS,2019-04-15,25.22,25.3,24.89,24.89,8929800
SNGS,2019-04-16,24.895,25.125,24.74,25.05,14940700
SNGS,2019-04-17,25.13,25.26,25.04,25.14,8258500
SNGS,2019-04-18,25.105,25.2,24.95,25.08,5316100
SNGS,2019-04-19,25.08,25.14,25.04,25.075,1997700
SNGS,2019-04-22,25.075,25.2,25.035,25.05,3219900
SNGS,2019-04-23,25.15,25.21,24.72,24.72,16804100
SNGS,2019-04-24,24.82,24.82,24.52,24.605,14198100
SNGS,2019-04-25,24.595,24.84,24.535,24.81,14182700
SNGS,2019-04-26,24.74,24.825,24.5,24.825,11656200
SNGS,2019-04-29,24.77,24.84,24.58,24.71,9190100
SNGS,2019-04-30,24.655,24.695,24.55,24.565,9417800
SNGS,2019-05-02,24.56,24.63,24.55,24.555,6206400
SNGS,2019-05-03,24.59,24.985,24.59,24.985,8007300
SNGS,2019-05-06,24.9,24.955,24.745,24.91,4491700
SNGS,2019-05-07,24.91,25.005,24.61,24.915,14887700
SNGS,2019-05-08,24.8,24.825,24.6,24.6,11113000
SNGS,2019-05-10,24.565,24.62,24.2,24.2,40243000
SNGS,2019-05-13,24.3,24.43,24.14,24.14,15081000
SNGS,2019-05-14,24.315,24.35,24.11,24.15,13853900
SNGS,2019-05-15,24.15,24.255,24.06,24.14,13798400
SNGS,2019-05-16,24.11,24.395,24.11,24.18,15152500
SNGS,2019-05-17,24.135,24.435,24.09,24.105,19529600
SNGS,2019-05-20,24.115,24.29,24.1,24.15,12602600
SNGS,2019-05-21,24.265,24.265,24.14,24.26,9942400
SNGS,2019-05-22,24.28,24.46,24.18,24.2,14666500
SNGS,2019-05-23,24.24,24.32,24.145,24.18,11020600
SNGS,2019-05-24,24.25,24.385,24.215,24.365,12519500
SNGS,2019-05-27,24.365,24.445,24.335,24.37,3503300
SNGS,2019-05-28,24.43,24.6,24.2,24.46,35372500
SNGS,2019-05-29,24.37,24.73,24.13,24.73,24237200
SNGS,2019-05-30,24.78,24.99,24.735,24.99,16096300
SNGS,2019-05-31,24.88,24.97,24.63,24.94,12753500
SNGS,2019-06-03,24.805,25.115,24.66,25.115,18649500
SNGS,2019-06-04,25.11,25.2,24.965,25.07,14670300
SNGS,2019-06-05,25.055,25.69,24.9,25.205,26508400
SNGS,2019-06-06,25.17,25.44,25.14,25.26,15382900
SNGS,2019-06-07,25.395,25.425,25.095,25.2,15110800
SNGS,2019-06-10,25.16,25.33,25.04,25.08,9017700
SNGS,2019-06-11,25.09,25.39,25.03,25.39,14568700
SNGS,2019-06-13,25.385,25.385,25.08,25.08,16513700
SNGS,2019-06-14,25.12,25.22,25.03,25.175,9613300
SNGS,2019-06-17,25.11,25.3,25.065,25.15,9651000
SNGS,2019-06-18,25.225,25.43,25.105,25.28,13767700
SNGS,2019-06-19,25.265,25.515,25.265,25.41,8687100
SNGS,2019-06-20,25.51,25.94,25.4,25.94,36705500
SNGS,2019-06-21,25.9,26.06,25.7,25.825,25397000
SNGS,2019-06-24,25.825,26.07,25.785,26.0,12189200
SNGS,2019-06-25,25.99,26.09,25.725,25.92,12685300
SNGS,2019-06-26,25.905,26.365,25.885,26.285,14509600
SNGS,2019-06-27,26.29,26.45,26.08,26.32,13623900
SNGS,2019-06-28,26.305,26.53,26.25,26.34,15318200
SNGS,2019-07-01,26.405,26.625,26.37,26.37,9367600
SNGS,2019-07-02,26.4,26.735,26.4,26.735,11021100
SNGS,2019-07-03,26.68,26.885,26.54,26.8,10047500
SNGS,2019-07-04,26.8,26.865,26.71,26.85,6823400
SNGS,2019-07-05,26.925,26.925,26.62,26.8,7548100
SNGS,2019-07-08,26.795,26.92,26.69,26.92,9078700
SNGS,2019-07-09,26.85,27.2,26.845,27.2,11985700
SNGS,2019-07-10,27.125,27.335,27.055,27.145,12829300
SNGS,2019-07-11,27.085,27.19,26.57,26.705,13929100
SNGS,2019-07-12,26.705,26.855,26.5,26.79,11027900
SNGS,2019-07-15,26.74,26.95,26.54,26.57,20383000
SNGS,2019-07-16,26.57,26.86,26.57,26.83,29125000
SNGS,2019-07-17,26.28,26.57,26.2,26.405,20378000
SNGS,2019-07-18,26.405,26.44,26.245,26.265,8772600
SNGS,2019-07-19,26.345,26.575,26.27,26.385,9024700
SNGS,2019-07-22,26.415,26.475,25.995,25.995,9198400
SNGS,2019-07-23,26.03,26.825,26.03,26.63,17341800
SNGS,2019-07-24,26.64,26.655,26.435,26.63,6914800
SNGS,2019-07-25,26.63,26.735,26.27,26.6,11006500
SNGS,2019-07-26,26.5,26.555,26.075,26.105,17752500
SNGS,2019-07-29,26.24,26.725,26.2,26.725,9025000
SNGS,2019-07-30,26.8,26.94,26.6,26.91,14152300
SNGS,2019-07-31,26.905,27.06,26.705,27.06,11081200
SNGS,2019-08-01,26.83,27.08,26.67,27.08,12723700
SNGS,2019-08-02,26.87,27.05,26.54,26.81,23490600
SNGS,2019-08-05,26.635,26.9,26.3,26.335,13754800
SNGS,2019-08-06,26.495,26.495,26.0,26.0,16421100
SNGS,2019-08-07,26.0,26.145,25.8,26.07,14705600
SNGS,2019-08-08,26.145,26.32,26.1,26.1,11332500
SNGS,2019-08-09,26.07,26.555,26.03,26.245,12067800
SNGS,2019-08-12,26.42,26.73,26.395,26.645,8864200
SNGS,2019-08-13,26.645,26.87,26.305,26.595,11517600
SNGS,2019-08-14,26.66,26.66,26.085,26.1,10844100
SNGS,2019-08-15,26.105,26.48,25.67,25.8,19486500
SNGS,2019-08-16,25.775,25.94,25.465,25.8,11934800
SNGS,2019-08-19,25.85,26.01,25.65,25.875,7566900
SNGS,2019-08-20,25.815,26.15,25.76,26.055,8253100
SNGS,2019-08-21,26.15,26.15,25.6,25.845,11474900
SNGS,2019-08-22,25.85,25.975,25.48,25.55,9300900
SNGS,2019-08-23,25.6,25.955,25.6,25.625,11828500
SNGS,2019-08-26,25.66,25.81,25.47,25.515,5865500
SNGS,2019-08-27,25.645,26.095,25.54,26.095,29305800
SNGS,2019-08-28,26.05,26.29,25.91,26.275,14532600
SNGS,2019-08-29,26.27,26.54,26.16,26.54,11114000
SNGS,2019-08-30,26.43,27.47,26.43,27.45,19699800
SNGS,2019-09-02,27.445,30.825,27.18,30.825,142794800
SNGS,2019-09-03,31.07,37.295,30.185,35.5,454211400
SNGS,2019-09-04,35.97,38.52,33.13,35.395,357197600
SNGS,2019-09-05,35.47,35.7,33.24,33.65,184885800
SNGS,2019-09-06,33.255,33.7,32.37,33.45,91403600
SNGS,2019-09-09,33.31,34.43,32.85,33.06,59107200
SNGS,2019-09-10,33.03,33.86,32.645,33.59,61200300
SNGS,2019-09-11,33.855,36.2,33.415,36.0,129931300
SNGS,2019-09-12,36.075,37.95,35.505,36.395,231334100
SNGS,2019-09-13,36.395,37.715,36.055,37.38,119991100
SNGS,2019-09-16,38.0,38.855,37.125,37.7,115807000
SNGS,2019-09-17,37.61,38.34,36.03,36.455,101451200
SNGS,2019-09-18,36.5,36.73,35.115,35.505,89723400
SNGS,2019-09-19,35.49,36.845,35.15,35.7,79565800
SNGS,2019-09-20,35.55,35.99,35.21,35.495,47258800
SNGS,2019-09-23,35.5,35.615,34.64,35.6,40353000
SNGS,2019-09-24,35.65,35.835,34.85,34.95,24043000
SNGS,2019-09-25,34.95,34.95,34.05,34.545,43873500
SNGS,2019-09-26,34.495,35.31,34.3,34.715,27150800
SNGS,2019-09-27,34.72,35.175,34.655,34.835,17029300
SNGS,2019-09-30,35.07,35.695,34.53,35.4,51683400
SNGS,2019-10-01,35.525,36.97,35.425,35.995,62093700
SNGS,2019-10-02,35.95,36.05,34.85,35.05,33567000
SNGS,2019-10-03,35.0,35.88,34.6,35.585,41118400
SNGS,2019-10-04,35.885,35.885,35.155,35.225,31787500
SNGS,2019-10-07,35.53,36.135,35.16,36.0,25744600
SNGS,2019-10-08,36.0,36.47,35.675,36.09,24077500
SNGS,2019-10-09,36.11,36.715,35.835,36.435,32091100
SNGS,2019-10-10,36.405,36.69,36.14,36.54,19032800
SNGS,2019-10-11,36.655,37.125,36.405,36.725,31849400
SNGS,2019-10-14,36.75,36.885,36.04,36.25,13731200
SNGS,2019-10-15,36.2,36.27,35.725,35.96,17885400
SNGS,2019-10-16,35.91,36.84,35.875,36.725,26337400
SNGS,2019-10-17,36.605,36.73,36.075,36.2,18370600
SNGS,2019-10-18,36.2,36.55,36.11,36.17,14571000
SNGS,2019-10-21,36.2,36.31,35.92,36.04,12497500
SNGS,2019-10-22,35.96,36.745,35.96,36.725,24114100
SNGS,2019-10-23,36.625,42.805,36.39,40.17,222314900
SNGS,2019-10-24,40.525,43.55,40.0,43.55,322825200
SNGS,2019-10-25,43.75,48.0,43.29,46.58,371938100
SNGS,2019-10-28,46.075,48.91,43.5,44.6,285247900
SNGS,2019-10-29,44.5,45.79,43.5,44.55,138464000
SNGS,2019-10-30,44.39,44.79,42.16,43.4,103976600
SNGS,2019-10-31,43.305,43.95,42.655,43.0,50357200
SNGS,2019-11-01,43.01,46.36,43.01,46.255,133961600
SNGS,2019-11-05,47.1,47.835,45.815,46.115,98091400
SNGS,2019-11-06,45.98,46.38,45.08,46.22,54764500
SNGS,2019-11-07,46.175,47.57,45.82,47.29,52951100
SNGS,2019-11-08,47.3,47.34,46.085,46.655,40767800
SNGS,2019-11-11,46.505,49.275,46.0,48.545,117605300
SNGS,2019-11-12,48.705,49.95,47.4,47.935,98429300
SNGS,2019-11-13,47.82,48.595,47.085,47.79,42594800
SNGS,2019-11-14,47.975,49.0,47.07,47.3,58067800
SNGS,2019-11-15,47.62,47.88,46.195,46.45,53419900
SNGS,2019-11-18,46.6,46.9,45.855,46.33,44277200
SNGS,2019-11-19,46.33,47.375,46.13,46.8,44466300
SNGS,2019-11-20,46.725,46.75,46.135,46.47,28103700
SNGS,2019-11-21,46.325,46.86,45.54,45.875,40485600
SNGS,2019-11-22,45.86,47.18,45.635,46.73,40945900
SNGS,2019-11-25,46.755,47.245,45.915,46.185,26839500
SNGS,2019-11-26,46.3,46.425,44.455,45.0,95557100
SNGS,2019-11-27,44.99,45.17,44.24,44.51,42685500
SNGS,2019-11-28,44.4,44.635,43.26,43.645,52747600
SNGS,2019-11-29,43.59,44.29,42.9,44.1,54283400
SNGS,2019-12-02,44.0,44.75,43.245,43.27,39774100
SNGS,2019-12-03,43.25,43.655,42.47,42.54,44623000
SNGS,2019-12-04,42.605,44.625,41.555,43.7,79847100
SNGS,2019-12-05,43.9,44.17,42.905,43.2,46033600
SNGS,2019-12-06,43.35,43.58,42.435,43.345,51411600
SNGS,2019-12-09,43.345,44.205,43.255,43.93,48899600
SNGS,2019-12-10,43.935,44.04,43.0,43.39,31366900
SNGS,2019-12-11,43.32,45.13,43.32,45.035,67328500
SNGS,2019-12-12,45.33,48.48,45.3,48.2,152381100
SNGS,2019-12-13,48.5,49.45,47.06,47.505,88354000
SNGS,2019-12-16,47.635,48.75,46.51,48.025,67476100
SNGS,2019-12-17,48.1,48.7,47.575,48.305,64703100
SNGS,2019-12-18,48.35,49.135,47.79,48.42,64123600
SNGS,2019-12-19,48.4,48.68,47.82,48.15,46925300
SNGS,2019-12-20,48.2,48.47,47.95,48.115,29805500
SNGS,2019-12-23,48.18,51.7,48.115,51.655,137913900
SNGS,2019-12-24,51.98,52.77,50.83,52.2,124562500
SNGS,2019-12-25,52.25,52.34,51.05,51.205,27404900
SNGS,2019-12-26,51.0,51.5,50.28,51.15,38622200
SNGS,2019-12-27,51.05,51.425,50.66,50.855,28581200
SNGS,2019-12-30,50.94,51.3,50.405,50.47,27942800
SNGS,2020-01-03,50.585,51.655,50.56,51.375,30453600
SNGS,2020-01-06,51.015,52.42,51.015,52.2,40709100
SNGS,2020-01-08,52.2,52.99,51.835,52.0,39539000
SNGS,2020-01-09,52.15,53.8,51.665,53.645,51973100
SNGS,2020-01-10,53.745,54.65,53.33,54.0,56051800
SNGS,2020-01-13,54.0,54.48,52.8,53.805,41254200
SNGS,2020-01-14,53.85,54.315,53.24,53.9,36824500
SNGS,2020-01-15,53.71,54.17,52.81,53.09,37856300
SNGS,2020-01-16,53.32,53.7,52.67,53.07,29072100
SNGS,2020-01-17,53.07,54.75,52.885,53.775,56394800
SNGS,2020-01-20,53.9,54.89,53.805,54.17,31170400
SNGS,2020-01-21,54.0,54.11,51.105,52.04,88580000
SNGS,2020-01-22,52.02,52.485,48.82,49.5,125829300
SNGS,2020-01-23,49.1,49.2,47.35,47.8,96291100
SNGS,2020-01-24,47.91,49.25,47.57,48.08,61389000
SNGS,2020-01-27,47.145,47.76,46.13,46.5,59505300
SNGS,2020-01-28,46.72,47.7,45.1,47.395,91416300
SNGS,2020-01-29,47.84,48.815,47.325,47.935,67636500
SNGS,2020-01-30,47.7,48.375,47.115,47.9,39265600
SNGS,2020-01-31,48.295,48.44,46.045,46.045,54074900
SNGS,2020-02-03,45.935,46.07,44.375,44.455,89883500
SNGS,2020-02-04,44.605,47.29,43.455,46.705,141579300
SNGS,2020-02-05,46.85,49.22,46.14,46.875,158224100
SNGS,2020-02-06,47.21,47.885,46.14,46.965,67590100
SNGS,2020-02-07,46.95,47.66,45.32,46.125,62858400
SNGS,2020-02-10,46.21,46.45,45.34,46.22,45961100
SNGS,2020-02-11,46.6,48.375,46.325,47.725,83950500
SNGS,2020-02-12,48.035,49.035,47.81,49.0,85256700
SNGS,2020-02-13,48.71,48.82,47.855,48.31,47730800
SNGS,2020-02-14,48.315,48.78,47.44,48.32,48035600
SNGS,2020-02-17,48.48,49.13,48.31,48.625,25703300
SNGS,2020-02-18,48.09,48.475,46.56,46.695,67558300
SNGS,2020-02-19,47.0,47.65,46.77,47.46,35945300
SNGS,2020-02-20,47.605,48.005,47.39,47.39,25888800
SNGS,2020-02-21,46.94,47.63,46.7,46.755,38080300
SNGS,2020-02-25,45.975,46.495,44.805,44.805,67410900
SNGS,2020-02-26,44.425,44.52,42.9,44.0,101755400
SNGS,2020-02-27,43.125,43.25,38.905,39.6,170372800
SNGS,2020-02-28,37.995,38.955,36.07,38.435,196638700
SNGS,2020-03-02,40.0,40.9,37.05,38.815,121336200
SNGS,2020-03-03,40.0,40.385,38.78,39.05,81769100
SNGS,2020-03-04,38.57,39.325,38.055,38.455,75242600
SNGS,2020-03-05,38.75,38.84,37.05,37.76,82298100
SNGS,2020-03-06,36.9,37.27,34.85,35.68,128089500
SNGS,2020-03-10,32.115,34.575,30.0,30.835,205163100
SNGS,2020-03-11,31.7,33.445,30.55,31.245,150715200
SNGS,2020-03-12,30.095,30.425,28.3,29.4,149951200
SNGS,2020-03-13,29.535,30.165,27.5,27.5,146260200
SNGS,2020-03-16,28.0,28.0,24.645,26.045,161502500
SNGS,2020-03-17,26.155,26.8,24.95,26.33,109424700
SNGS,2020-03-18,25.805,26.25,24.58,24.835,126778200
SNGS,2020-03-19,25.0,27.395,24.185,27.0,153984500
SNGS,2020-03-20,27.95,28.66,26.78,26.86,139772200
SNGS,2020-03-23,25.845,27.345,25.06,26.095,69945800
SNGS,2020-03-24,27.235,28.44,27.03,28.25,79049900
SNGS,2020-03-25,28.6,30.235,27.845,29.665,126019200
SNGS,2020-03-26,29.5,34.55,28.92,32.25,316828500
SNGS,2020-03-27,32.65,33.365,30.055,30.925,131655400
SNGS,2020-03-30,30.3,32.075,29.71,31.7,108857300
SNGS,2020-03-31,32.3,33.9,31.49,33.9,139219500
SNGS,2020-04-01,33.37,35.4,32.71,35.0,157781800
SNGS,2020-04-02,36.15,37.09,34.525,35.67,189477300
SNGS,2020-04-03,35.9,37.5,35.255,36.385,212146500
SNGS,2020-04-06,37.3,37.65,36.69,37.25,96476400
SNGS,2020-04-07,37.6,38.435,36.64,37.2,98650800
SNGS,2020-04-08,36.8,37.1,35.08,36.875,100798300
SNGS,2020-04-09,37.5,38.08,36.6,37.52,108765700
SNGS,2020-04-10,37.4,37.475,36.25,37.08,36004600
SNGS,2020-04-13,36.985,37.05,36.01,36.01,39766500
SNGS,2020-04-14,36.105,36.69,35.335,35.65,65601700
SNGS,2020-04-15,35.115,35.25,33.29,33.75,89554700
SNGS,2020-04-16,33.92,35.025,32.96,34.295,84171200
SNGS,2020-04-17,34.76,34.85,33.965,34.36,48736200
SNGS,2020-04-20,33.5,34.49,33.415,33.995,47570400
SNGS,2020-04-21,33.0,34.17,32.5,33.55,94629700
SNGS,2020-04-22,33.25,35.78,33.2,35.67,85298800
SNGS,2020-04-23,36.38,36.475,35.115,35.885,72001200
SNGS,2020-04-24,35.7,35.845,34.67,35.125,59683500
SNGS,2020-04-27,35.055,35.635,34.84,35.0,37381600
SNGS,2020-04-28,35.0,37.48,34.955,36.8,80272400
SNGS,2020-04-29,36.98,37.705,36.81,37.435,54271300
SNGS,2020-04-30,37.98,38.25,36.45,37.115,60439700
SNGS,2020-05-04,36.63,36.77,35.81,36.41,39582300
SNGS,2020-05-05,36.98,37.315,36.48,36.845,38104600
SNGS,2020-05-06,37.01,37.165,35.72,35.72,66231600
SNGS,2020-05-07,35.995,36.925,35.6,36.54,64600100
SNGS,2020-05-08,36.7,37.4,36.235,37.2,39111100
SNGS,2020-05-12,37.0,37.49,36.8,37.16,31507300
SNGS,2020-05-13,37.0,37.005,36.25,36.445,38919200
SNGS,2020-05-14,36.025,39.345,35.865,39.28,112345200
SNGS,2020-05-15,39.6,41.0,38.92,40.145,185454400
SNGS,2020-05-18,40.765,41.275,40.315,40.6,87910700
SNGS,2020-05-19,40.94,40.95,39.405,40.04,64386000
SNGS,2020-05-20,39.8,41.5,39.505,40.795,94777200
SNGS,2020-05-21,40.9,41.18,38.61,39.0,80956500
SNGS,2020-05-22,38.72,39.96,37.745,39.8,64100100
SNGS,2020-05-25,39.82,41.895,39.82,41.825,61355100
SNGS,2020-05-26,42.305,42.925,41.29,41.7,63129800
SNGS,2020-05-27,41.5,41.815,39.79,40.685,75734100
SNGS,2020-05-28,40.68,41.2,40.11,40.5,55094100
SNGS,2020-05-29,40.33,40.36,38.935,39.61,75274500
SNGS,2020-06-01,40.14,40.48,39.53,39.95,49885500
SNGS,2020-06-02,40.125,40.925,39.885,40.225,82212200
SNGS,2020-06-03,40.485,40.69,39.31,39.995,79865800
SNGS,2020-06-04,39.85,39.99,39.26,39.99,38662300
SNGS,2020-06-05,40.1,40.415,39.935,40.335,39127600
SNGS,2020-06-08,40.35,41.85,39.855,40.305,65610500
SNGS,2020-06-09,40.53,40.775,39.62,40.715,39785800
SNGS,2020-06-10,40.505,41.155,40.205,41.1,42275900
SNGS,2020-06-11,40.735,40.9,39.44,39.98,50573500
SNGS,2020-06-15,39.24,39.41,37.755,39.375,53271700
SNGS,2020-06-16,39.55,40.56,39.55,39.965,34817900
SNGS,2020-06-17,40.315,40.435,38.9,39.205,35447800
SNGS,2020-06-18,39.365,39.39,38.105,38.41,56715300
SNGS,2020-06-19,38.615,39.65,38.615,39.095,56058300
SNGS,2020-06-22,39.0,39.4,38.5,39.22,26998200
SNGS,2020-06-23,39.3,40.16,39.085,39.75,34734700
SNGS,2020-06-25,39.0,39.475,38.575,39.135,37211900
SNGS,2020-06-26,39.22,39.22,38.13,38.3,25016700
SNGS,2020-06-29,38.255,38.635,37.83,38.535,23086800
SNGS,2020-06-30,38.58,38.7,38.26,38.415,26861200
SNGS,2020-07-02,38.75,38.97,38.34,38.76,28529000
SNGS,2020-07-03,38.78,38.835,38.31,38.515,15780100
SNGS,2020-07-06,38.72,39.315,38.72,38.93,27010800
SNGS,2020-07-07,38.8,40.235,38.565,39.7,39504700
SNGS,2020-07-08,39.765,40.26,38.815,39.16,38491500
SNGS,2020-07-09,38.99,39.435,38.41,38.62,25611600
SNGS,2020-07-10,38.265,38.735,38.17,38.59,26548800
SNGS,2020-07-13,38.6,38.985,37.9,37.905,21244000
SNGS,2020-07-14,37.94,38.03,36.25,37.45,59274900
SNGS,2020-07-15,37.6,38.465,36.68,37.27,53515100
SNGS,2020-07-16,36.91,37.24,36.44,36.9,36285600
SNGS,2020-07-17,36.3,36.9,36.265,36.845,25322400
SNGS,2020-07-20,36.715,37.365,36.585,37.225,20810000
SNGS,2020-07-21,37.24,37.775,37.13,37.585,38375800
SNGS,2020-07-22,37.455,37.975,37.35,37.64,25402200
SNGS,2020-07-23,37.685,38.1,37.03,37.2,27327600
SNGS,2020-07-24,37.27,38.245,36.95,38.2,32459900
SNGS,2020-07-27,38.255,38.26,37.49,37.855,28636400
SNGS,2020-07-28,37.9,38.19,37.025,37.145,38847500
SNGS,2020-07-29,37.215,37.62,36.98,37.39,30425000
SNGS,2020-07-30,37.2,37.62,36.85,37.225,34300400
SNGS,2020-07-31,37.26,37.395,36.995,37.25,24426400
SNGS,2020-08-03,37.23,37.345,37.0,37.06,20363600
SNGS,2020-08-04,37.15,37.23,36.52,36.795,30122100
SNGS,2020-08-05,36.77,37.65,36.72,37.385,41266900
SNGS,2020-08-06,37.425,37.55,37.115,37.275,24476600
SNGS,2020-08-07,37.275,37.37,36.955,37.18,20425200
SNGS,2020-08-10,37.35,37.83,37.26,37.42,24433600
SNGS,2020-08-11,37.395,38.07,37.33,37.64,34588700
SNGS,2020-08-12,37.76,38.76,37.65,38.59,25680300
SNGS,2020-08-13,38.745,39.17,38.16,38.71,33617100
SNGS,2020-08-14,38.88,38.93,38.06,38.44,35458100
SNGS,2020-08-17,38.7,38.87,37.99,38.385,25219900
SNGS,2020-08-18,38.33,38.36,37.755,37.905,20292500
SNGS,2020-08-19,37.9,38.4,37.77,38.075,20491400
SNGS,2020-08-20,38.04,38.065,37.0,37.3,36635100
SNGS,2020-08-21,37.255,37.44,36.525,37.035,25854200
SNGS,2020-08-24,37.2,37.7,36.96,37.595,25170900
SNGS,2020-08-25,37.725,37.8,37.0,37.25,21326700
SNGS,2020-08-26,37.25,38.575,37.14,38.48,46975600
SNGS,2020-08-27,38.505,38.74,37.68,37.77,46632700
SNGS,2020-08-28,37.72,37.865,36.97,37.2,23507000
SNGS,2020-08-31,37.26,37.575,36.525,36.705,37946200
SNGS,2020-09-01,36.715,37.155,36.38,36.85,34211900
SNGS,2020-09-02,36.93,37.08,35.795,35.915,64186600
SNGS,2020-09-03,35.755,36.145,35.2,35.5,38792200
SNGS,2020-09-04,35.41,35.91,35.0,35.29,32356300
SNGS,2020-09-07,35.195,35.47,35.075,35.24,16392400
SNGS,2020-09-08,35.3,35.435,34.355,34.515,46016500
SNGS,2020-09-09,34.565,35.365,34.415,35.03,34258500
SNGS,2020-09-10,35.19,35.26,34.48,34.67,30324100
SNGS,2020-09-11,34.67,35.435,34.605,35.09,31640500
SNGS,2020-09-14,35.15,36.195,35.145,36.12,37917000
SNGS,2020-09-15,36.12,37.0,35.925,36.84,68155500
SNGS,2020-09-16,36.995,37.07,36.335,36.515,29460600
SNGS,2020-09-17,36.555,36.715,36.02,36.505,42450300
SNGS,2020-09-18,36.5,36.865,36.0,36.27,37157100
SNGS,2020-09-21,36.18,36.27,35.16,35.38,34099800
SNGS,2020-09-22,35.235,35.75,35.175,35.555,22557900
SNGS,2020-09-23,35.41,35.57,34.825,34.86,30870900
SNGS,2020-09-24,35.0,35.185,34.41,34.97,26553400
SNGS,2020-09-25,35.17,35.17,34.41,34.765,21587200
SNGS,2020-09-28,34.81,35.17,34.655,35.07,19302100
SNGS,2020-09-29,35.125,35.4,34.65,35.375,28398100
SNGS,2020-09-30,35.25,35.56,34.63,34.685,28708500
SNGS,2020-10-01,34.835,37.1,34.04,35.285,190058000
SNGS,2020-10-02,35.15,35.54,34.665,35.225,29457800
SNGS,2020-10-05,35.235,36.07,35.235,35.915,31534400
SNGS,2020-10-06,35.95,36.3,35.58,35.845,36796200
SNGS,2020-10-07,35.855,35.98,34.995,35.26,32377100
SNGS,2020-10-08,35.415,35.58,35.105,35.26,21253800
SNGS,2020-10-09,35.18,35.26,34.41,34.585,36240900
SNGS,2020-10-12,34.52,34.8,34.34,34.595,18120600
SNGS,2020-10-13,34.6,34.65,34.055,34.21,16731200
SNGS,2020-10-14,34.165,34.45,34.075,34.315,14356400
SNGS,2020-10-15,34.275,34.35,33.4,33.8,30211300
SNGS,2020-10-16,33.655,34.27,33.655,33.845,24493300
SNGS,2020-10-19,33.78,34.24,33.78,34.01,14325800
SNGS,2020-10-20,33.925,34.24,33.84,34.115,15371600
SNGS,2020-10-21,34.15,34.17,33.57,33.675,16960900
SNGS,2020-10-22,33.6,33.91,33.505,33.705,20287700
SNGS,2020-10-23,33.625,34.15,33.625,34.0,20124300
SNGS,2020-10-26,33.955,34.275,33.8,34.0,19305000
SNGS,2020-10-27,34.105,34.52,33.965,34.045,24927800
SNGS,2020-10-28,33.985,34.105,32.055,32.4,70942400
SNGS,2020-10-29,32.33,33.67,32.125,33.415,49590600
SNGS,2020-10-30,33.075,33.82,32.49,32.92,45656800
SNGS,2020-11-02,32.775,34.15,32.555,34.01,36551200
SNGS,2020-11-03,33.95,34.74,33.95,34.305,36754900
SNGS,2020-11-05,34.9,35.9,34.555,35.78,48754800
SNGS,2020-11-06,35.69,35.77,35.275,35.54,27809300
SNGS,2020-11-09,35.9,37.08,35.44,36.8,57180700
SNGS,2020-11-10,36.8,37.15,36.18,36.72,46649300
SNGS,2020-11-11,36.9,37.42,36.38,36.575,39318700
SNGS,2020-11-12,36.4,36.77,35.79,35.85,50535400
SNGS,2020-11-13,35.82,36.15,35.48,35.785,26482700
SNGS,2020-11-16,36.175,37.825,35.8,37.77,79510600
SNGS,2020-11-17,37.765,37.96,36.6,37.015,36086000
SNGS,2020-11-18,36.945,37.415,36.74,36.93,35367100
SNGS,2020-11-19,37.1,37.14,36.58,36.735,18892900
SNGS,2020-11-20,36.825,36.9,36.2,36.44,16368400
SNGS,2020-11-23,36.67,37.34,36.55,36.99,32731700
SNGS,2020-11-24,37.44,37.47,36.785,37.07,37209700
SNGS,2020-11-25,37.165,37.6,36.91,37.475,34806900
SNGS,2020-11-26,37.485,37.585,36.73,36.955,23653200
SNGS,2020-11-27,36.99,37.04,36.48,36.875,24636500
SNGS,2020-11-30,36.745,36.75,34.91,35.505,70634400
SNGS,2020-12-01,35.55,35.66,34.9,35.435,63891900
SNGS,2020-12-02,35.265,35.895,35.075,35.6,43729800
SNGS,2020-12-03,35.77,35.905,35.01,35.285,37341600
SNGS,2020-12-04,35.555,35.875,35.285,35.4,24651300
SNGS,2020-12-07,35.375,35.685,35.1,35.115,23839300
SNGS,2020-12-08,35.135,35.315,34.55,34.67,31237100
SNGS,2020-12-09,34.675,35.2,34.51,34.755,31359200
SNGS,2020-12-10,34.8,35.88,34.715,35.5,37352900
SNGS,2020-12-11,35.585,36.175,35.29,35.5,60423900
SNGS,2020-12-14,35.76,36.245,35.3,35.56,38380600
SNGS,2020-12-15,35.5,35.675,34.82,35.155,35606600
SNGS,2020-12-16,35.2,35.52,34.965,35.2,30570900
SNGS,2020-12-17,35.48,35.605,34.89,35.06,47975200
SNGS,2020-12-18,35.035,35.31,34.685,35.09,35601300
SNGS,2020-12-21,34.99,35.07,34.04,34.46,42176800
SNGS,2020-12-22,34.35,35.055,34.115,34.84,28287000
SNGS,2020-12-23,34.895,35.055,34.705,34.97,20268300
SNGS,2020-12-24,34.91,35.075,34.785,34.955,12052600
SNGS,2020-12-25,35.0,35.1,34.91,35.06,6530200
SNGS,2020-12-28,35.05,35.535,35.05,35.26,20173300
SNGS,2020-12-29,35.45,36.04,35.21,35.69,32307200
SNGS,2020-12-30,35.82,36.33,35.6,35.985,32506800
SNGS,2021-01-04,35.96,36.445,35.87,36.11,31017700
SNGS,2021-01-05,36.21,36.755,35.875,36.75,31045900
SNGS,2021-01-06,36.8,37.0,36.295,36.745,32976700
SNGS,2021-01-08,36.825,37.92,36.825,37.705,42014600
SNGS,2021-01-11,37.49,38.05,37.05,37.605,40560900
SNGS,2021-01-12,37.8,38.13,37.255,37.635,28281800
SNGS,2021-01-13,37.75,37.91,36.8,37.285,42554200
SNGS,2021-01-14,37.09,37.82,36.99,37.52,29333000
SNGS,2021-01-15,37.395,37.56,36.365,36.495,25135700
SNGS,2021-01-18,36.58,36.58,35.865,36.205,42025500
SNGS,2021-01-19,36.2,36.43,35.765,36.045,23700700
SNGS,2021-01-20,36.055,36.3,35.81,35.925,21222100
SNGS,2021-01-21,36.0,36.125,34.64,34.885,86931600
SNGS,2021-01-22,34.66,35.425,34.55,35.02,44859200
SNGS,2021-01-25,35.04,35.325,34.805,35.055,25755800
SNGS,2021-01-26,34.97,35.235,34.73,34.925,31888600
SNGS,2021-01-27,35.08,35.095,34.2,34.27,50152800
SNGS,2021-01-28,34.18,34.475,34.075,34.27,29225700
SNGS,2021-01-29,34.16,34.31,33.365,33.47,53951800
SNGS,2021-02-01,33.59,34.0,33.325,33.99,46221600
SNGS,2021-02-02,34.08,34.535,34.005,34.115,55390800
SNGS,2021-02-03,34.305,34.465,33.86,34.18,30317800
SNGS,2021-02-04,34.25,34.32,33.51,33.905,40740700
SNGS,2021-02-05,33.995,34.13,33.665,33.87,35668500
SNGS,2021-02-08,34.01,34.5,33.98,34.5,35709900
SNGS,2021-02-09,34.695,34.7,33.88,34.115,39063900
SNGS,2021-02-10,34.015,34.14,33.635,33.795,21857700
SNGS,2021-02-11,33.76,33.895,33.525,33.675,17714600
SNGS,2021-02-12,33.7,33.735,33.205,33.72,35808200
SNGS,2021-02-15,34.01,34.13,33.85,34.05,23570000
SNGS,2021-02-16,34.16,34.215,33.805,33.935,20040500
SNGS,2021-02-17,33.98,34.7,33.89,34.195,48401500
SNGS,2021-02-18,34.34,34.355,33.425,33.495,39857400
SNGS,2021-02-19,33.415,33.98,33.205,33.83,28234300
SNGS,2021-02-20,33.8,33.975,33.64,33.825,4903600
SNGS,2021-02-22,33.86,33.92,33.535,33.83,14628700
SNGS,2021-02-24,33.83,34.13,33.525,33.805,39158800
SNGS,2021-02-25,33.85,34.01,33.57,33.59,34442600
SNGS,2021-02-26,33.43,33.64,32.235,32.5,95223100
SNGS,2021-03-01,32.715,32.87,32.475,32.59,26399300
SNGS,2021-03-02,32.495,33.495,32.385,33.325,46411700
SNGS,2021-03-03,33.47,33.915,33.37,33.585,35006600
SNGS,2021-03-04,33.67,34.19,33.4,33.495,39346900
SNGS,2021-03-05,33.695,35.085,33.555,34.98,107354600
SNGS,2021-03-09,34.95,36.6,34.76,36.075,107220200
SNGS,2021-03-10,36.09,36.52,35.2,35.47,54671300
SNGS,2021-03-11,35.61,35.99,35.185,35.715,34964400
SNGS,2021-03-12,35.7,36.45,35.45,36.325,33749100
SNGS,2021-03-15,36.33,36.625,35.65,36.095,38387700
SNGS,2021-03-16,36.0,36.405,35.545,35.925,40288700
SNGS,2021-03-17,36.05,36.175,34.135,34.875,69202800
SNGS,2021-03-18,34.95,35.03,33.815,34.04,43231400
SNGS,2021-03-19,34.1,34.55,33.975,34.265,43412200
SNGS,2021-03-22,34.5,34.615,34.075,34.285,28519500
SNGS,2021-03-23,34.055,34.675,33.84,34.165,36439200
SNGS,2021-03-24,34.375,34.745,34.025,34.24,25391000
SNGS,2021-03-25,34.475,34.5,34.0,34.21,19378800
SNGS,2021-03-26,34.28,35.34,34.28,35.25,29070300
SNGS,2021-03-29,35.11,35.29,34.685,34.885,19412800
SNGS,2021-03-30,34.86,34.95,34.55,34.585,13823600
SNGS,2021-03-31,34.65,35.06,34.315,34.53,30182600
SNGS,2021-04-01,34.685,36.345,34.65,36.07,103428100
SNGS,2021-04-02,36.18,37.45,36.045,37.05,127367600
SNGS,2021-04-05,37.0,37.345,35.625,35.87,63071200
SNGS,2021-04-06,35.86,35.99,34.825,34.9,54218800
SNGS,2021-04-07,34.79,35.17,34.55,34.96,25357200
SNGS,2021-04-08,35.19,35.195,34.4,34.59,28165500
SNGS,2021-04-09,34.595,34.77,34.07,34.31,31552300
SNGS,2021-04-12,34.2,34.75,34.105,34.6,21044700
SNGS,2021-04-13,34.715,34.735,34.27,34.605,21328700
SNGS,2021-04-14,34.745,35.605,34.74,35.125,64675200
SNGS,2021-04-15,34.975,35.65,34.795,35.41,40454600
SNGS,2021-04-16,35.545,35.85,35.135,35.39,29056700
SNGS,2021-04-19,35.39,35.5,34.91,34.995,20329800
SNGS,2021-04-20,35.01,35.45,34.97,35.235,23649900
SNGS,2021-04-21,35.185,35.585,35.005,35.22,25145800
SNGS,2021-04-22,35.14,35.615,34.8,35.305,36639700
SNGS,2021-04-23,35.49,35.585,35.195,35.4,16073300
SNGS,2021-04-26,35.6,35.66,34.98,35.155,20954500
SNGS,2021-04-27,35.08,35.295,34.85,35.09,16307300
SNGS,2021-04-28,35.09,35.09,34.38,34.575,30595700
SNGS,2021-04-29,34.65,34.825,34.15,34.41,25328000
SNGS,2021-04-30,34.32,34.51,33.93,34.11,31937700
SNGS,2021-05-04,34.11,34.58,34.11,34.475,24457300
SNGS,2021-05-05,34.52,35.95,34.52,35.78,47643500
SNGS,2021-05-06,35.78,35.85,35.2,35.315,25874500
SNGS,2021-05-07,35.37,35.71,35.15,35.475,18511500
SNGS,2021-05-10,35.695,35.835,35.4,35.4,13731400
SNGS,2021-05-11,35.35,35.825,35.045,35.63,23162100
SNGS,2021-05-12,35.635,35.91,35.425,35.595,20836900
SNGS,2021-05-13,35.5,35.805,35.38,35.585,19631200
SNGS,2021-05-14,35.68,35.735,35.38,35.67,15360900
SNGS,2021-05-17,35.71,37.14,35.615,36.94,73979400
SNGS,2021-05-18,37.1,37.365,36.15,36.355,50598900
SNGS,2021-05-19,36.365,37.15,36.255,36.815,70653300
SNGS,2021-05-20,36.805,36.935,35.795,35.98,51899500
SNGS,2021-05-21,35.915,36.13,35.5,35.675,21513900
SNGS,2021-05-24,35.77,36.01,35.64,35.74,16682900
SNGS,2021-05-25,35.74,35.925,35.08,35.19,30875700
SNGS,2021-05-26,35.3,36.1,35.195,35.65,26869700
SNGS,2021-05-27,35.65,36.325,35.15,35.935,54886800
SNGS,2021-05-28,35.9,36.27,35.685,36.14,21690100
SNGS,2021-05-31,36.245,36.975,36.01,36.255,29440300
SNGS,2021-06-01,36.5,36.695,36.245,36.4,33363000
SNGS,2021-06-02,36.5,36.775,36.2,36.44,37332100
SNGS,2021-06-03,36.55,36.695,36.26,36.52,27307700
SNGS,2021-06-04,36.605,36.725,36.22,36.445,31721200
SNGS,2021-06-07,36.47,36.55,36.255,36.485,11254600
SNGS,2021-06-08,36.485,36.55,36.17,36.41,15051700
SNGS,2021-06-09,36.525,36.575,36.11,36.32,26622900
SNGS,2021-06-10,36.35,36.49,35.71,36.225,34675900
SNGS,2021-06-11,36.2,36.51,36.06,36.38,41726400
SNGS,2021-06-14,36.54,37.34,36.4,37.27,29770400
SNGS,2021-06-15,37.29,38.67,37.01,38.37,88916400
SNGS,2021-06-16,38.5,39.0,37.57,38.055,83033800
SNGS,2021-06-17,38.0,38.44,37.78,38.025,42394200
SNGS,2021-06-18,38.09,38.15,37.22,37.74,59614100
SNGS,2021-06-21,37.75,38.0,37.22,37.885,32432900
SNGS,2021-06-22,37.94,38.325,37.76,38.145,23102000
SNGS,2021-06-23,38.255,38.305,37.56,37.65,21038100
SNGS,2021-06-24,37.8,38.24,37.315,38.045,29950900
SNGS,2021-06-25,38.05,38.23,37.25,37.57,27772800
SNGS,2021-06-28,37.6,37.695,37.08,37.22,13720100
SNGS,2021-06-29,37.165,37.22,36.015,36.245,40213800
SNGS,2021-06-30,36.285,36.865,35.855,36.635,35841300
SNGS,2021-07-01,36.795,36.995,36.345,36.715,22020400
SNGS,2021-07-02,36.7,36.98,36.3,36.53,22761400
SNGS,2021-07-05,36.72,37.55,36.475,36.885,38985800
SNGS,2021-07-06,36.94,37.405,36.67,36.79,23678600
SNGS,2021-07-07,36.91,37.06,36.495,36.6,26530700
SNGS,2021-07-08,36.53,36.595,35.47,35.765,42665600
SNGS,2021-07-09,35.725,35.84,35.325,35.56,21335900
SNGS,2021-07-12,35.6,35.68,35.255,35.495,15402200
SNGS,2021-07-13,35.515,35.63,35.23,35.42,19448600
SNGS,2021-07-14,35.435,35.49,35.105,35.135,17351700
SNGS,2021-07-15,35.1,35.2,34.17,34.2,41976500
SNGS,2021-07-16,34.215,34.64,33.755,33.805,69088200
SNGS,2021-07-19,33.28,33.685,32.58,32.8,64612300
SNGS,2021-07-20,32.99,33.05,32.28,32.59,38419900
SNGS,2021-07-21,32.545,32.985,32.315,32.735,39996100
SNGS,2021-07-22,32.89,32.89,32.325,32.65,35511300
SNGS,2021-07-23,32.7,32.875,32.425,32.615,22296300
SNGS,2021-07-26,32.5,32.57,32.035,32.5,32977200
SNGS,2021-07-27,32.5,32.72,32.32,32.54,23765800
SNGS,2021-07-28,32.6,32.94,32.43,32.91,22944300
SNGS,2021-07-29,33.0,33.7,32.93,33.49,45283600
SNGS,2021-07-30,33.455,33.495,32.17,32.465,78839600
SNGS,2021-08-02,32.57,32.85,32.385,32.61,45388000
SNGS,2021-08-03,32.67,32.85,32.35,32.6,31604300
SNGS,2021-08-04,32.77,34.085,32.465,33.67,92784400
SNGS,2021-08-05,33.575,34.195,33.0,33.44,95200800
SNGS,2021-08-06,33.475,33.65,33.05,33.4,39149300
SNGS,2021-08-09,33.265,33.965,32.75,33.605,57001500
SNGS,2021-08-10,33.8,33.81,33.095,33.46,35655800
SNGS,2021-08-11,33.45,34.145,33.33,33.76,36747600
SNGS,2021-08-12,33.85,34.155,33.76,33.93,28783500
SNGS,2021-08-13,33.81,33.93,33.48,33.56,21691800
SNGS,2021-08-16,33.5,33.705,33.275,33.535,19270000
SNGS,2021-08-17,33.665,34.025,33.545,33.925,32082700
SNGS,2021-08-18,34.0,34.48,33.76,33.875,29461700
SNGS,2021-08-19,33.7,33.905,33.45,33.7,30988600
SNGS,2021-08-20,33.845,33.845,32.125,33.255,44402500
SNGS,2021-08-23,33.645,34.07,33.35,33.79,29703900
SNGS,2021-08-24,34.06,34.06,33.6,33.73,19705000
SNGS,2021-08-25,33.81,33.81,33.505,33.625,15608700
SNGS,2021-08-26,33.515,33.595,33.15,33.175,19253300
SNGS,2021-08-27,33.27,33.57,33.0,33.43,20758300
SNGS,2021-08-30,33.595,33.915,33.5,33.545,17116300
SNGS,2021-08-31,33.545,34.135,33.25,33.68,34131200
SNGS,2021-09-01,33.685,34.06,33.52,33.93,30309500
SNGS,2021-09-02,33.97,34.38,33.795,33.905,36530000
SNGS,2021-09-03,33.93,34.04,33.48,33.745,23777400
SNGS,2021-09-06,33.745,33.83,33.56,33.635,17652200
SNGS,2021-09-07,33.655,33.7,33.5,33.575,13350500
SNGS,2021-09-08,33.67,33.86,33.225,33.62,34414600
SNGS,2021-09-09,33.62,33.625,32.97,33.03,28252600
SNGS,2021-09-10,33.135,33.165,32.855,33.075,19965400
SNGS,2021-09-13,33.105,33.695,33.105,33.425,41794300
SNGS,2021-09-14,33.55,33.55,32.98,33.03,45430300
SNGS,2021-09-15,32.95,33.455,32.945,33.3,29327000
SNGS,2021-09-16,33.29,33.425,33.055,33.225,31192300
SNGS,2021-09-17,33.22,33.255,32.76,32.88,46101600
SNGS,2021-09-20,32.8,32.87,32.3,32.35,32135300
SNGS,2021-09-21,32.415,32.94,32.4,32.49,34370400
SNGS,2021-09-22,32.6,32.98,32.48,32.835,33155200
SNGS,2021-09-23,33.05,33.195,32.73,32.895,41039800
SNGS,2021-09-24,32.955,33.085,32.61,32.995,30320100
SNGS,2021-09-27,33.09,33.58,33.03,33.535,27733300
SNGS,2021-09-28,33.685,34.98,33.56,34.25,98173500
SNGS,2021-09-29,34.1,35.48,34.01,35.465,87527400
SNGS,2021-09-30,35.555,36.935,35.27,36.74,117879900
SNGS,2021-10-01,36.49,37.18,35.99,36.355,59567000
SNGS,2021-10-04,36.39,36.83,36.09,36.375,33717200
SNGS,2021-10-05,36.4,37.645,36.36,37.22,83522400
SNGS,2021-10-06,37.335,38.1,36.51,36.84,97778600
SNGS,2021-10-07,36.975,37.12,36.3,36.5,39229400
SNGS,2021-10-08,36.74,36.98,36.315,36.43,39978600
SNGS,2021-10-11,36.815,37.22,36.47,36.74,37464500
SNGS,2021-10-12,36.795,37.1,36.62,36.72,27937600
SNGS,2021-10-13,36.89,36.92,36.35,36.85,30317800
SNGS,2021-10-14,37.21,37.275,36.735,37.04,22135500
SNGS,2021-10-15,37.25,37.455,36.98,37.36,30189200
SNGS,2021-10-18,37.48,38.085,36.84,36.915,35618300
SNGS,2021-10-19,36.95,37.49,36.925,37.485,26250300
SNGS,2021-10-20,37.32,37.685,37.155,37.48,26246700
SNGS,2021-10-21,37.2,37.425,36.47,36.695,36060600
SNGS,2021-10-22,36.55,36.825,36.11,36.18,26178700
SNGS,2021-10-25,36.3,36.545,35.88,36.455,24722000
SNGS,2021-10-26,36.5,36.955,36.145,36.165,22683900
SNGS,2021-10-27,35.97,36.495,35.675,36.225,30692000
SNGS,2021-10-28,35.95,36.135,34.435,34.725,77788300
SNGS,2021-10-29,34.52,34.705,33.71,34.015,48132300
SNGS,2021-11-01,34.03,34.355,33.75,34.31,24751700
SNGS,2021-11-02,34.35,34.565,33.85,33.85,18136200
SNGS,2021-11-03,33.805,33.92,33.225,33.62,30884800
SNGS,2021-11-05,33.62,33.695,33.25,33.53,19681900
SNGS,2021-11-08,33.57,34.55,33.57,34.38,41310500
SNGS,2021-11-09,34.6,34.6,33.62,33.9,27193700
SNGS,2021-11-10,33.995,34.475,33.775,33.78,32042700
SNGS,2021-11-11,33.875,40.85,33.48,40.255,363928900
SNGS,2021-11-12,40.26,49.0,39.325,46.87,868558500
SNGS,2021-11-15,46.9,50.35,42.56,43.55,516505500
SNGS,2021-11-16,43.795,46.425,42.23,45.22,339024700
SNGS,2021-11-17,45.5,46.0,43.65,44.185,131532700
SNGS,2021-11-18,44.17,44.68,40.2,41.305,180824600
SNGS,2021-11-19,41.895,43.12,38.87,41.25,272335700
SNGS,2021-11-22,41.155,42.295,38.9,39.745,171689000
SNGS,2021-11-23,39.5,41.775,38.88,39.79,119939300
SNGS,2021-11-24,40.18,42.39,39.26,41.065,145013600
SNGS,2021-11-25,41.415,41.7,39.875,40.37,73206700
SNGS,2021-11-26,39.485,40.235,38.095,38.235,100523500
SNGS,2021-11-29,38.95,39.425,38.275,38.595,75429900
SNGS,2021-11-30,38.25,38.515,36.15,36.42,148126200
SNGS,2021-12-01,36.8,38.08,36.7,37.02,93391500
SNGS,2021-12-02,37.34,39.18,37.175,39.11,71380600
SNGS,2021-12-03,39.32,39.865,38.065,38.33,92634400
SNGS,2021-12-06,38.35,39.1,37.6,38.81,59500100
SNGS,2021-12-07,38.985,39.96,38.68,39.47,55336000
SNGS,2021-12-08,39.58,39.85,38.06,38.625,53267300
SNGS,2021-12-09,38.88,39.575,38.455,38.97,48572400
SNGS,2021-12-10,38.825,39.075,38.075,38.34,24737800
SNGS,2021-12-13,38.425,38.8,36.375,36.6,52706800
SNGS,2021-12-14,36.62,37.115,34.36,36.77,49918200
SNGS,2021-12-15,36.625,42.385,36.41,40.6,312997800
SNGS,2021-12-16,40.6,41.4,39.57,39.7,85231400
SNGS,2021-12-17,39.68,41.44,38.555,39.275,116833800
SNGS,2021-12-20,39.0,39.185,37.53,38.66,55771100
SNGS,2021-12-21,38.73,39.6,38.615,38.955,37254900
SNGS,2021-12-22,39.05,40.61,38.85,38.94,67606800
SNGS,2021-12-23,39.0,39.665,38.45,38.75,40125900
SNGS,2021-12-24,38.895,39.12,38.2,38.41,19589300
SNGS,2021-12-27,38.31,38.6,37.925,38.545,32790300
SNGS,2021-12-28,38.61,39.705,38.39,39.265,44906200
SNGS,2021-12-29,39.115,39.685,39.005,39.5,24688100
SNGS,2021-12-30,39.5,40.065,39.205,39.91,28495800
SNGS,2022-01-03,39.9,40.13,39.435,39.6,20537800
SNGS,2022-01-04,39.6,40.5,39.365,40.175,33558200
SNGS,2022-01-05,40.105,40.315,38.665,38.75,30760100
SNGS,2022-01-06,38.78,39.595,38.62,39.125,24886800
SNGS,2022-01-10,39.31,40.115,38.84,39.29,26902200
SNGS,2022-01-11,39.3,40.38,39.17,40.315,36145200
SNGS,2022-01-12,40.37,40.95,39.805,40.83,37272900
SNGS,2022-01-13,40.95,41.025,38.1,38.435,96238100
SNGS,2022-01-14,38.39,38.895,36.405,38.39,97949000
SNGS,2022-01-17,38.76,38.95,37.335,38.01,51201100
SNGS,2022-01-18,38.08,38.25,35.16,36.58,78614800
SNGS,2022-01-19,36.45,37.69,35.2,36.39,126671300
SNGS,2022-01-20,36.41,37.1,36.2,36.2,52379800
SNGS,2022-01-21,36.2,36.425,35.42,35.595,49976500
SNGS,2022-01-24,35.605,36.1,32.97,34.595,73822900
SNGS,2022-01-25,34.58,35.35,33.905,35.0,59142700
SNGS,2022-01-26,35.12,35.12,34.02,34.24,72688100
SNGS,2022-01-27,34.15,36.515,33.92,35.375,94512700
SNGS,2022-01-28,35.4,36.4,35.065,35.735,65156400
SNGS,2022-01-31,36.07,36.81,35.875,36.53,43939500
SNGS,2022-02-01,36.65,36.65,35.67,35.945,27104800
SNGS,2022-02-02,35.88,36.675,35.64,35.81,34769500
SNGS,2022-02-03,35.76,36.07,35.25,35.65,30152000
SNGS,2022-02-04,35.8,36.25,35.645,36.1,41316300
SNGS,2022-02-07,36.075,36.74,35.605,36.015,33062300
SNGS,2022-02-08,35.815,36.78,35.795,36.68,27306600
SNGS,2022-02-09,36.8,37.25,36.225,36.54,44150800
SNGS,2022-02-10,36.54,36.975,36.025,36.42,42716200
SNGS,2022-02-11,36.51,36.57,34.47,34.775,51185800
SNGS,2022-02-14,34.505,36.05,34.08,34.9,69374300
SNGS,2022-02-15,35.18,36.475,35.015,36.09,46207600
SNGS,2022-02-16,36.145,36.525,35.475,35.695,59388100
SNGS,2022-02-17,35.65,35.715,34.735,35.0,39911000
SNGS,2022-02-18,35.105,35.39,33.4,33.835,47449800
SNGS,2022-02-21,33.5,34.57,25.71,28.7,196503900
SNGS,2022-02-22,27.98,30.37,26.645,29.85,153744300
SNGS,2022-02-24,26.875,26.875,15.96,21.2,139363900
SNGS,2022-02-25,21.475,25.0,21.475,22.42,66468900
SNGS,2022-03-24,22.4,26.85,22.105,23.8,33051200
SNGS,2022-03-25,25.0,25.47,22.885,23.3,11796800
SNGS,2022-03-28,22.4,23.45,22.1,22.2,11973400
SNGS,2022-03-29,22.23,23.0,20.55,21.4,25414300
SNGS,2022-03-30,21.99,22.75,21.62,22.44,18421200
SNGS,2022-03-31,22.785,25.695,22.64,24.7,38286900
SNGS,2022-04-01,24.99,28.2,24.825,26.5,58705700
SNGS,2022-04-04,27.0,28.495,27.0,28.0,43545500
SNGS,2022-04-05,28.49,28.49,25.445,26.19,36207400
SNGS,2022-04-06,26.0,27.495,25.51,26.1,19744400
SNGS,2022-04-07,26.2,26.7,25.9,26.1,13745600
SNGS,2022-04-08,26.27,26.545,25.28,25.76,11457400
SNGS,2022-04-11,25.8,26.39,25.5,25.66,10725000
SNGS,2022-04-12,25.63,26.0,24.725,25.56,9101900
SNGS,2022-04-13,25.4,26.25,25.4,26.19,5707800
SNGS,2022-04-14,26.26,26.355,24.7,24.825,9881300
SNGS,2022-04-15,24.57,25.0,24.025,24.62,6114700
SNGS,2022-04-18,24.7,25.1,23.37,23.91,7878300
SNGS,2022-04-19,23.91,23.91,22.2,22.99,16753100
SNGS,2022-04-20,23.095,23.23,22.25,23.2,23189100
SNGS,2022-04-21,22.97,23.7,22.635,23.0,12973900
SNGS,2022-04-22,22.89,23.11,22.6,22.69,5585000
SNGS,2022-04-25,22.6,22.68,21.615,21.89,9962300
SNGS,2022-04-26,22.0,23.365,21.92,23.225,11542700
SNGS,2022-04-27,23.225,24.09,22.905,23.785,13132800
SNGS,2022-04-28,24.0,24.32,23.045,23.355,11346400
SNGS,2022-04-29,23.32,23.91,23.23,23.69,7720700
SNGS,2022-05-04,23.71,23.88,23.055,23.055,4156000
SNGS,2022-05-05,23.3,23.485,23.08,23.3,2773600
SNGS,2022-05-06,23.125,24.07,22.865,23.92,9588700
SNGS,2022-05-11,23.97,23.97,23.315,23.56,6494000
SNGS,2022-05-12,23.56,23.665,22.4,22.55,6061900
SNGS,2022-05-13,22.73,22.785,22.01,22.13,10916300
SNGS,2022-05-16,22.175,22.885,22.005,22.5,7866700
SNGS,2022-05-17,22.625,23.345,22.5,23.0,22632800
SNGS,2022-05-18,23.16,24.7,23.16,23.4,26626700
SNGS,2022-05-19,24.395,24.395,22.915,23.695,14285000
SNGS,2022-05-20,23.6,23.6,22.99,23.0,7327600
SNGS,2022-05-23,22.935,23.1,22.095,22.095,8310200
SNGS,2022-05-24,22.325,22.68,21.8,22.3,7397000
SNGS,2022-05-25,22.42,22.85,22.125,22.49,6846900
SNGS,2022-05-26,22.67,23.525,22.55,23.22,12724000
SNGS,2022-05-27,23.3,23.42,22.77,23.02,6613000
SNGS,2022-05-30,23.275,23.47,22.5,23.005,6623300
SNGS,2022-05-31,22.945,22.945,21.89,22.265,23136300
SNGS,2022-06-01,21.91,22.32,21.91,22.2,11828500
SNGS,2022-06-02,22.18,22.295,21.955,22.0,8312600
SNGS,2022-06-03,22.2,22.2,21.51,21.605,9054900
SNGS,2022-06-06,21.76,21.855,21.25,21.475,7096500
SNGS,2022-06-07,21.59,21.8,21.0,21.735,9080000
SNGS,2022-06-08,21.81,22.2,21.705,22.1,10573500
SNGS,2022-06-09,22.19,22.2,21.74,21.93,8609600
SNGS,2022-06-10,22.01,22.195,21.9,22.1,7413200
SNGS,2022-06-14,21.94,21.995,21.39,21.795,7989800
SNGS,2022-06-15,21.785,21.94,21.52,21.815,6699300
SNGS,2022-06-16,21.815,23.15,21.8,23.025,36606200
SNGS,2022-06-17,23.035,23.095,22.695,22.695,8503700
SNGS,2022-06-20,22.84,23.15,22.73,23.045,8353000
SNGS,2022-06-21,23.15,23.16,22.61,22.61,9407800
SNGS,2022-06-22,22.6,22.95,22.16,22.51,12627700
SNGS,2022-06-23,22.51,22.645,22.22,22.52,11207500
SNGS,2022-06-24,22.425,22.71,22.265,22.495,8254500
SNGS,2022-06-27,22.54,22.88,22.425,22.88,14524100
SNGS,2022-06-28,23.1,27.08,22.81,26.85,99005700
SNGS,2022-06-29,26.98,27.68,24.55,24.9,121655700
SNGS,2022-06-30,24.9,25.615,23.25,24.03,44956700
SNGS,2022-07-01,24.03,26.69,23.77,25.11,65125200
SNGS,2022-07-04,25.35,26.195,25.13,25.485,16041700
SNGS,2022-07-05,25.545,27.22,25.235,26.97,43997500
SNGS,2022-07-06,27.075,27.47,26.005,26.37,29589400
SNGS,2022-07-07,26.35,26.43,25.7,26.135,12379700
SNGS,2022-07-08,26.18,26.28,25.42,25.995,10134200
SNGS,2022-07-11,25.945,25.96,24.985,25.185,10273300
SNGS,2022-07-12,25.115,25.15,24.325,24.78,11367000
SNGS,2022-07-13,24.94,25.01,24.175,24.33,11958900
SNGS,2022-07-14,24.43,24.84,23.805,23.95,11820100
SNGS,2022-07-15,24.1,24.58,23.62,24.55,10914100
SNGS,2022-07-18,24.55,24.9,24.275,24.45,9481700
SNGS,2022-07-19,23.895,24.05,23.425,24.05,14628600
SNGS,2022-07-20,24.05,24.985,23.885,24.9,10625300
SNGS,2022-07-21,24.96,26.5,24.515,25.77,46421800
SNGS,2022-07-22,25.8,26.68,25.775,26.365,22134200
SNGS,2022-07-25,26.35,27.185,25.55,27.05,18040200
SNGS,2022-07-26,27.07,27.43,26.305,26.785,16134500
SNGS,2022-07-27,26.995,26.995,26.1,26.105,11687700
SNGS,2022-07-28,26.1,26.325,25.65,25.88,8593900
SNGS,2022-07-29,25.8,28.4,25.67,28.165,49987200
SNGS,2022-08-01,28.2,29.1,27.265,27.425,45732500
SNGS,2022-08-02,27.35,27.555,26.455,26.455,19329000
SNGS,2022-08-03,26.57,26.86,26.005,26.005,14537000
SNGS,2022-08-04,26.015,26.9,25.8,26.345,18199100
SNGS,2022-08-05,26.35,26.495,25.39,25.39,16345600
SNGS,2022-08-08,26.0,26.355,25.64,25.64,15168400
SNGS,2022-08-09,25.7,26.295,25.52,26.255,12127900
SNGS,2022-08-10,26.3,27.5,26.195,26.83,30223100
SNGS,2022-08-11,26.97,27.215,26.245,26.75,24182500
SNGS,2022-08-12,26.53,26.79,26.36,26.54,6677900
SNGS,2022-08-15,26.7,26.7,25.85,26.49,12745500
SNGS,2022-08-16,26.5,26.5,26.24,26.42,8094800
SNGS,2022-08-17,26.5,26.75,26.0,26.0,9524200
SNGS,2022-08-18,26.0,26.17,25.815,26.0,6531800
SNGS,2022-08-19,26.1,26.1,25.51,25.745,6906100
SNGS,2022-08-22,25.55,26.28,25.5,26.05,9344600
SNGS,2022-08-23,25.99,26.185,25.855,25.97,9427100
SNGS,2022-08-24,25.99,26.1,25.1,25.22,23497700
SNGS,2022-08-25,25.27,25.3,24.44,24.65,22198100
SNGS,2022-08-26,24.85,25.015,24.695,24.96,13629000
SNGS,2022-08-29,24.935,25.325,24.86,25.07,13040900
SNGS,2022-08-30,25.12,25.19,24.915,25.08,14233600
SNGS,2022-08-31,25.055,25.6,24.82,25.5,21721600
SNGS,2022-09-01,25.5,25.81,25.135,25.22,18669500
SNGS,2022-09-02,25.37,27.77,25.34,27.37,142707200
SNGS,2022-09-05,27.49,27.8,26.51,27.345,43227300
SNGS,2022-09-06,27.3,27.3,26.005,26.235,24863100
SNGS,2022-09-07,26.215,26.345,25.5,25.5,17336900
SNGS,2022-09-08,25.645,26.23,25.51,25.71,17026600
SNGS,2022-09-09,26.0,26.77,25.635,26.4,27569700
SNGS,2022-09-12,26.24,26.68,26.205,26.5,14246000
SNGS,2022-09-13,26.57,26.64,25.955,26.005,9020500
SNGS,2022-09-14,26.06,26.085,25.6,26.015,8993800
SNGS,2022-09-15,26.005,26.855,25.95,26.435,26106500
SNGS,2022-09-16,26.46,26.62,25.77,26.035,14022200
SNGS,2022-09-19,26.0,26.285,25.73,25.82,10000100
SNGS,2022-09-20,25.765,25.885,22.58,23.265,72411000
SNGS,2022-09-21,21.52,22.56,20.34,21.7,63445500
SNGS,2022-09-22,21.71,22.38,21.4,22.0,27941500
SNGS,2022-09-23,22.0,22.035,20.55,20.8,23092400
SNGS,2022-09-26,20.5,20.5,16.565,17.35,91143400
SNGS,2022-09-27,17.73,18.275,17.15,18.145,49010900
SNGS,2022-09-28,18.0,18.875,17.86,18.25,33665200
SNGS,2022-09-29,18.415,18.415,17.01,17.945,23240200
SNGS,2022-09-30,17.96,18.39,16.92,18.005,40186900
SNGS,2022-10-03,18.2,19.18,17.85,19.055,32969000
SNGS,2022-10-04,19.3,19.3,18.4,18.86,29085100
SNGS,2022-10-05,18.86,19.565,18.07,18.86,44098700
SNGS,2022-10-06,19.08,19.25,18.5,18.57,16612200
SNGS,2022-10-07,18.5,18.52,17.515,17.6,21096400
SNGS,2022-10-10,17.0,18.53,16.815,18.41,28673700
SNGS,2022-10-11,18.4,18.72,18.2,18.635,12532500
SNGS,2022-10-12,18.72,18.82,18.415,18.555,6707600
SNGS,2022-10-13,18.54,18.99,18.38,18.79,10971700
SNGS,2022-10-14,18.9,18.915,18.435,18.73,8236200
SNGS,2022-10-17,18.78,19.68,18.625,19.55,15884000
SNGS,2022-10-18,19.65,19.83,18.87,19.015,17066800
SNGS,2022-10-19,18.875,19.095,18.51,18.98,13528800
SNGS,2022-10-20,19.035,19.33,18.905,19.17,10641900
SNGS,2022-10-21,19.175,19.7,18.795,19.605,15468700
SNGS,2022-10-24,19.67,19.92,19.45,19.645,9927400
SNGS,2022-10-25,19.65,20.82,19.61,20.77,32249600
SNGS,2022-10-26,20.8,20.99,20.335,20.99,20193500
SNGS,2022-10-27,20.995,21.3,20.63,21.03,22680800
SNGS,2022-10-28,20.98,21.795,20.76,21.535,27985200
SNGS,2022-10-31,21.62,21.94,21.39,21.71,16808200
SNGS,2022-11-01,21.84,22.5,21.7,22.275,18874200
SNGS,2022-11-02,22.285,22.35,21.32,21.635,19874500
SNGS,2022-11-03,21.69,21.8,21.145,21.57,14961300
SNGS,2022-11-07,21.82,22.34,21.49,22.29,21321100
SNGS,2022-11-08,22.3,22.3,21.715,22.025,20880100
SNGS,2022-11-09,22.0,22.255,21.055,21.3,14923900
SNGS,2022-11-10,21.31,21.94,21.31,21.725,17189600
SNGS,2022-11-11,21.845,22.2,21.525,21.885,19790700
SNGS,2022-11-14,21.95,22.28,21.805,22.075,14999600
SNGS,2022-11-15,22.18,22.28,20.55,21.275,25577400
SNGS,2022-11-16,21.345,21.895,21.18,21.7,10259800
SNGS,2022-11-17,21.72,21.8,21.52,21.59,5968500
SNGS,2022-11-18,21.61,22.14,21.375,21.79,10795700
SNGS,2022-11-21,21.79,21.955,21.03,21.355,15862900
SNGS,2022-11-22,21.455,21.62,21.19,21.4,8051100
SNGS,2022-11-23,21.5,21.57,21.155,21.48,7659600
SNGS,2022-11-24,21.495,22.175,21.375,22.06,26252300
SNGS,2022-11-25,22.12,22.125,21.63,21.71,13659600
SNGS,2022-11-28,21.62,21.925,21.47,21.7,8824200
SNGS,2022-11-29,21.775,21.975,21.67,21.83,9857400
SNGS,2022-11-30,21.835,21.835,21.52,21.745,8696100
SNGS,2022-12-01,21.745,21.9,21.6,21.785,8860300
SNGS,2022-12-02,21.8,23.365,21.6,23.08,75164100
SNGS,2022-12-05,23.175,23.7,22.645,22.89,44927700
SNGS,2022-12-06,22.9,23.02,22.455,22.61,16315000
SNGS,2022-12-07,22.55,22.725,22.255,22.57,11231300
SNGS,2022-12-08,22.61,23.01,22.535,22.8,18500100
SNGS,2022-12-09,22.76,22.8,22.35,22.51,12344000
SNGS,2022-12-12,22.54,22.69,22.07,22.465,16850800
SNGS,2022-12-13,22.59,22.695,22.4,22.565,12026300
SNGS,2022-12-14,22.63,22.695,22.2,22.365,12482200
SNGS,2022-12-15,22.3,22.455,21.69,21.905,18410300
SNGS,2022-12-16,21.96,22.04,21.7,21.84,9482300
SNGS,2022-12-19,21.9,22.52,21.505,21.54,31114000
SNGS,2022-12-20,21.52,22.48,21.505,22.38,20140300
SNGS,2022-12-21,22.445,22.69,22.175,22.57,16752900
SNGS,2022-12-22,22.65,22.795,22.28,22.41,19435800
SNGS,2022-12-23,22.37,22.4,21.915,21.99,23630700
SNGS,2022-12-26,22.005,22.13,21.915,22.075,10818600
SNGS,2022-12-27,22.085,22.18,21.995,22.05,12196800
SNGS,2022-12-28,22.045,22.13,21.45,21.55,18330800
SNGS,2022-12-29,21.63,21.86,21.45,21.785,8129100
SNGS,2022-12-30,21.785,21.85,21.585,21.645,7520400
SNGS,2023-01-03,21.7,22.11,21.66,21.905,7490200
SNGS,2023-01-04,21.965,21.97,21.705,21.8,5391700
SNGS,2023-01-05,21.75,21.87,21.65,21.725,4750300
SNGS,2023-01-06,21.65,21.885,21.605,21.685,7262600
SNGS,2023-01-09,21.82,21.85,21.35,21.62,14765600
SNGS,2023-01-10,21.635,21.635,21.13,21.47,15436600
SNGS,2023-01-11,21.45,21.845,21.33,21.805,17885500
SNGS,2023-01-12,21.85,21.87,21.6,21.675,8781900
SNGS,2023-01-13,21.75,21.775,21.605,21.73,8730000
SNGS,2023-01-16,21.8,22.5,21.76,22.355,28753700
SNGS,2023-01-17,22.335,22.745,21.93,22.04,32732100
SNGS,2023-01-18,22.095,22.35,21.92,22.065,14169900
SNGS,2023-01-19,22.095,22.145,21.625,21.775,11489000
SNGS,2023-01-20,21.785,21.89,21.645,21.73,5715500
SNGS,2023-01-23,21.76,21.95,21.75,21.945,10491300
SNGS,2023-01-24,21.945,22.09,21.68,21.695,11245000
SNGS,2023-01-25,21.695,21.825,21.59,21.685,7469900
SNGS,2023-01-26,21.735,21.85,21.645,21.71,5912800
SNGS,2023-01-27,21.7,23.3,21.67,23.285,113113600
SNGS,2023-01-30,23.495,23.725,22.9,23.16,53296300
SNGS,2023-01-31,23.16,23.44,23.0,23.17,23590900
SNGS,2023-02-01,23.205,23.25,22.72,22.91,22715300
SNGS,2023-02-02,23.0,23.68,22.9,23.18,39560600
SNGS,2023-02-03,23.295,23.34,23.005,23.125,14124800
SNGS,2023-02-06,23.205,23.55,23.125,23.41,23553100
SNGS,2023-02-07,23.525,23.985,23.405,23.615,28750900
SNGS,2023-02-08,23.65,23.81,22.97,23.115,24637600
SNGS,2023-02-09,23.12,23.36,22.895,23.095,19230900
SNGS,2023-02-10,23.06,23.295,22.905,23.105,13378900
SNGS,2023-02-13,23.17,23.29,23.09,23.135,7803100
SNGS,2023-02-14,23.065,23.16,22.47,22.64,19259900
SNGS,2023-02-15,22.55,22.57,21.2,21.665,28805000
SNGS,2023-02-16,21.88,22.065,21.21,21.55,21450100
SNGS,2023-02-17,21.475,21.89,21.4,21.6,18648000
SNGS,2023-02-20,21.65,22.45,21.38,22.19,24871300
SNGS,2023-02-21,22.165,22.545,22.1,22.38,22249600
SNGS,2023-02-22,22.38,22.7,22.12,22.27,16726100
SNGS,2023-02-24,22.27,22.425,22.08,22.095,8865200
SNGS,2023-02-27,22.08,22.54,21.98,22.48,12350500
SNGS,2023-02-28,22.49,22.93,22.49,22.73,23677300
SNGS,2023-03-01,22.82,22.965,22.77,22.9,12349800
SNGS,2023-03-02,22.885,22.935,22.2,22.33,26813500
SNGS,2023-03-03,22.275,22.69,22.275,22.525,12615500
SNGS,2023-03-06,22.64,22.815,22.53,22.73,17265100
SNGS,2023-03-07,22.83,22.885,22.585,22.62,12982000
SNGS,2023-03-09,22.625,22.695,22.43,22.5,9071000
SNGS,2023-03-10,22.345,22.4,22.22,22.3,11703400
SNGS,2023-03-13,22.31,22.47,22.04,22.22,19188600
SNGS,2023-03-14,22.1,22.43,22.1,22.28,9869300
SNGS,2023-03-15,22.375,22.425,21.91,22.075,16705300
SNGS,2023-03-16,22.105,22.475,22.0,22.215,24944700
SNGS,2023-03-17,22.45,22.6,22.225,22.5,23176900
SNGS,2023-03-20,22.57,23.425,22.5,23.275,52449900
SNGS,2023-03-21,23.3,23.7,22.705,23.005,42468900
SNGS,2023-03-22,23.09,23.18,22.85,22.965,11711500
SNGS,2023-03-23,23.03,23.235,22.9,23.08,16606100
SNGS,2023-03-24,23.0,23.175,23.0,23.06,8802300
SNGS,2023-03-27,23.39,24.095,23.1,23.76,67044600
SNGS,2023-03-28,23.905,23.96,23.4,23.645,22070300
SNGS,2023-03-29,23.715,23.865,23.46,23.775,21864800
SNGS,2023-03-30,23.84,23.945,23.465,23.88,28478800
SNGS,2023-03-31,23.945,23.97,23.26,23.52,24755800
SNGS,2023-04-03,23.87,24.285,23.67,24.055,42097600
SNGS,2023-04-04,24.155,25.575,24.065,24.84,109495900
SNGS,2023-04-05,24.9,25.275,24.115,25.055,50333100
SNGS,2023-04-06,25.135,25.515,24.645,24.99,42422800
SNGS,2023-04-07,25.01,25.425,24.715,24.965,26824000
SNGS,2023-04-10,25.1,25.36,24.87,25.185,22492700
SNGS,2023-04-11,25.44,25.795,24.6,24.68,56414800
SNGS,2023-04-12,24.785,24.97,24.42,24.8,24540200
SNGS,2023-04-13,24.82,24.95,24.32,24.73,19921200
SNGS,2023-04-14,24.67,24.79,24.49,24.635,10406000
SNGS,2023-04-17,24.75,25.19,24.505,25.13,29621600
SNGS,2023-04-18,25.165,25.43,24.895,25.125,25346100
SNGS,2023-04-19,25.1,25.185,24.73,24.935,20593100
SNGS,2023-04-20,24.9,25.345,24.515,25.27,58946400
SNGS,2023-04-21,25.3,26.345,25.185,26.325,91650500
SNGS,2023-04-24,26.33,26.695,25.62,26.015,65127500
SNGS,2023-04-25,26.03,26.255,25.425,25.53,36276700
SNGS,2023-04-26,25.44,25.595,24.83,25.165,27428200
SNGS,2023-04-27,25.19,25.6,25.05,25.51,21030200
SNGS,2023-04-28,25.56,25.6,24.91,25.085,14395100
SNGS,2023-05-02,25.085,25.265,24.345,24.57,19476200
SNGS,2023-05-03,24.5,24.555,23.41,23.51,42327000
SNGS,2023-05-04,23.52,23.82,23.28,23.555,22619800
SNGS,2023-05-05,23.6,23.725,23.25,23.3,12352600
SNGS,2023-05-08,23.305,23.435,23.14,23.2,6893900
SNGS,2023-05-10,23.225,23.83,23.205,23.8,18848700
SNGS,2023-05-11,23.85,24.345,23.4,23.795,33761600
SNGS,2023-05-12,23.94,24.035,23.6,23.935,14592900
SNGS,2023-05-15,24.1,25.33,24.005,25.265,61462100
SNGS,2023-05-16,25.36,25.485,24.765,25.095,23500900
SNGS,2023-05-17,25.12,25.185,24.655,25.03,24593000
SNGS,2023-05-18,25.12,25.695,23.63,24.305,113678500
SNGS,2023-05-19,24.2,24.67,24.02,24.33,29537200
SNGS,2023-05-22,24.5,24.525,23.92,24.05,16956100
SNGS,2023-05-23,24.1,24.485,23.85,24.35,17543600
SNGS,2023-05-24,24.455,24.455,24.14,24.24,12472900
SNGS,2023-05-25,24.31,24.375,24.005,24.155,12559600
SNGS,2023-05-26,24.16,24.5,24.06,24.34,12818000
SNGS,2023-05-29,24.49,24.82,24.31,24.785,18538300
SNGS,2023-05-30,24.51,24.795,24.1,24.195,17629100
SNGS,2023-05-31,24.15,24.505,24.055,24.425,10998300
SNGS,2023-06-01,24.485,24.855,24.295,24.7,19141100
SNGS,2023-06-02,24.7,25.285,24.665,25.2,20210500
SNGS,2023-06-05,25.24,25.445,24.735,24.915,21347200
SNGS,2023-06-06,24.885,25.24,24.75,25.15,17481100
SNGS,2023-06-07,25.18,25.29,25.0,25.14,9512400
SNGS,2023-06-08,25.135,25.475,25.05,25.455,19483000
SNGS,2023-06-09,25.88,26.1,25.455,25.495,40792500
SNGS,2023-06-13,25.55,26.065,25.55,25.995,20768400
SNGS,2023-06-14,26.1,26.36,25.755,25.905,29769100
SNGS,2023-06-15,25.895,26.9,25.82,26.76,62675600
SNGS,2023-06-16,26.815,26.87,26.465,26.655,18647500
SNGS,2023-06-19,26.67,27.4,26.47,27.25,39501100
SNGS,2023-06-20,27.26,27.65,27.12,27.39,38216900
SNGS,2023-06-21,27.425,27.46,27.185,27.33,15770700
SNGS,2023-06-22,27.32,27.44,26.74,27.0,25318400
SNGS,2023-06-23,26.99,27.08,25.57,25.955,41295500
SNGS,2023-06-26,26.395,26.985,25.93,26.52,57348000
SNGS,2023-06-27,26.55,27.55,26.29,27.25,44603600
SNGS,2023-06-28,27.33,28.23,27.105,27.96,81450900
SNGS,2023-06-29,28.025,28.69,27.905,28.55,54868600
SNGS,2023-06-30,28.7,28.89,28.255,28.44,37009300
SNGS,2023-07-03,28.44,28.51,27.73,27.945,23588200
SNGS,2023-07-04,27.84,28.485,27.455,27.88,39974800
SNGS,2023-07-05,27.925,28.36,27.88,28.28,19728100
SNGS,2023-07-06,28.315,28.56,27.805,28.1,28098000
SNGS,2023-07-07,28.14,28.2,27.915,28.125,8617100
SNGS,2023-07-10,28.34,28.35,28.06,28.25,15368000
SNGS,2023-07-11,28.225,28.38,28.1,28.355,14668000
SNGS,2023-07-12,28.39,29.15,28.365,28.935,36525600
SNGS,2023-07-13,29.005,29.47,28.555,28.79,33139800
SNGS,2023-07-14,28.77,29.14,28.55,29.095,17520400
SNGS,2023-07-17,28.57,29.165,28.51,29.0,28898500
SNGS,2023-07-18,29.005,29.87,28.86,29.855,53121300
SNGS,2023-07-19,29.185,29.49,29.105,29.21,31105200
SNGS,2023-07-20,29.21,29.23,28.325,28.355,26527300
SNGS,2023-07-21,28.355,28.95,28.305,28.92,16735500
SNGS,2023-07-24,28.82,29.09,28.62,28.825,18389600
SNGS,2023-07-25,28.825,29.3,28.58,28.98,29843100
SNGS,2023-07-26,28.99,29.26,28.83,29.17,18981200
SNGS,2023-07-27,29.3,29.495,29.08,29.335,24284900
SNGS,2023-07-28,29.335,29.5,29.115,29.255,20191900
SNGS,2023-07-31,29.37,29.8,29.37,29.785,25309200
SNGS,2023-08-01,29.785,31.8,29.53,31.375,90601300
SNGS,2023-08-02,31.27,32.05,31.07,31.49,46998300
SNGS,2023-08-03,31.49,31.85,31.145,31.785,35633000
SNGS,2023-08-04,31.875,32.9,30.5,31.05,99974300
SNGS,2023-08-07,31.225,31.84,30.215,30.65,49945500
SNGS,2023-08-08,30.52,30.8,29.555,30.755,41817700
SNGS,2023-08-09,30.85,31.035,30.29,30.79,25883500
SNGS,2023-08-10,30.9,31.555,30.635,31.43,30221400
SNGS,2023-08-11,31.435,32.44,31.115,32.26,49647100
SNGS,2023-08-14,32.5,33.14,31.0,31.18,84795500
SNGS,2023-08-15,30.8,32.27,30.33,31.015,73933900
SNGS,2023-08-16,31.05,31.425,29.905,30.2,45281000
SNGS,2023-08-17,30.52,30.72,29.905,30.38,24651100
SNGS,2023-08-18,30.36,30.66,30.02,30.595,24367400
SNGS,2023-08-21,30.71,30.8,30.33,30.435,29490400
SNGS,2023-08-22,30.53,30.84,30.33,30.75,23375900
SNGS,2023-08-23,30.85,31.165,30.0,30.2,43969600
SNGS,2023-08-24,30.305,30.71,30.135,30.595,13723700
SNGS,2023-08-25,30.65,30.74,30.29,30.51,10021700
SNGS,2023-08-28,30.6,31.035,30.5,30.92,20203400
SNGS,2023-08-29,31.0,31.55,30.82,31.335,30924800
SNGS,2023-08-30,31.43,31.635,31.1,31.375,21304400
SNGS,2023-08-31,31.38,31.6,31.225,31.34,17288100
SNGS,2023-09-01,31.4,31.47,31.13,31.41,10732800
SNGS,2023-09-04,31.505,32.3,31.45,32.14,30227100
SNGS,2023-09-05,32.16,32.79,31.81,32.3,42406000
SNGS,2023-09-06,32.33,32.395,31.66,32.215,30392900
SNGS,2023-09-07,32.215,32.67,31.205,31.285,47462300
SNGS,2023-09-08,31.285,31.52,30.55,30.685,29713800
SNGS,2023-09-11,30.68,30.775,30.01,30.125,21614300
SNGS,2023-09-12,30.43,30.925,30.11,30.9,26697600
SNGS,2023-09-13,30.9,30.92,30.32,30.425,17299600
SNGS,2023-09-14,30.4,30.5,29.705,30.27,27634100
SNGS,2023-09-15,30.27,30.79,30.045,30.57,17940100
SNGS,2023-09-18,30.72,30.89,30.22,30.355,14988700
SNGS,2023-09-19,30.355,30.435,29.3,29.425,27725700
SNGS,2023-09-20,29.495,29.675,28.615,29.2,33077500
SNGS,2023-09-21,29.2,29.375,28.37,28.455,25590200
SNGS,2023-09-22,28.485,28.935,28.2,28.66,18271900
SNGS,2023-09-25,28.69,29.28,28.41,28.92,16052800
SNGS,2023-09-26,28.92,28.95,28.54,28.735,18320800
SNGS,2023-09-27,28.82,29.25,28.78,29.065,16257300
SNGS,2023-09-28,29.14,30.25,29.015,30.025,23516000
SNGS,2023-09-29,30.05,31.895,29.86,31.53,80902800
SNGS,2023-10-02,31.9,33.46,31.7,32.59,201663600
SNGS,2023-10-03,32.525,33.7,32.05,33.37,144058200
SNGS,2023-10-04,33.395,34.175,32.775,32.785,132227900
SNGS,2023-10-05,32.86,34.05,32.67,33.725,117181800
SNGS,2023-10-06,33.925,34.1,33.26,33.835,66457200
SNGS,2023-10-09,34.095,34.545,33.18,33.385,65601100
SNGS,2023-10-10,33.45,33.67,33.11,33.29,24335700
SNGS,2023-10-11,33.3,33.42,31.63,31.88,54440100
SNGS,2023-10-12,31.8,32.38,31.575,32.235,36480900
SNGS,2023-10-13,32.24,32.75,32.135,32.48,26512000
SNGS,2023-10-16,32.62,32.89,32.23,32.785,27933200
SNGS,2023-10-17,32.78,33.1,32.625,32.95,20831900
SNGS,2023-10-18,32.995,33.15,32.56,32.96,28521700
SNGS,2023-10-19,33.06,33.06,32.66,32.895,16156200
SNGS,2023-10-20,32.945,32.945,32.135,32.615,32982800
SNGS,2023-10-23,32.515,32.685,32.195,32.275,14792700
SNGS,2023-10-24,32.2,33.075,31.9,32.82,45578100
SNGS,2023-10-25,32.72,34.17,32.4,33.24,82312200
SNGS,2023-10-26,33.2,33.52,32.45,32.575,26535200
SNGS,2023-10-27,32.36,32.975,31.875,32.785,31974400
SNGS,2023-10-30,32.645,33.575,32.49,32.98,26413000
SNGS,2023-10-31,32.97,33.3,32.3,32.675,25152400
SNGS,2023-11-01,32.745,32.88,32.14,32.345,25001200
SNGS,2023-11-02,32.415,32.54,31.725,31.87,27261500
SNGS,2023-11-03,31.975,32.035,31.36,31.775,26414600
SNGS,2023-11-06,31.855,32.445,31.775,32.43,16044500
SNGS,2023-11-07,32.37,32.5,32.0,32.06,14006300
SNGS,2023-11-08,32.1,32.93,31.995,32.57,31425900
SNGS,2023-11-09,32.56,33.135,32.195,32.78,40639000
SNGS,2023-11-10,32.885,32.885,32.495,32.61,14245800
SNGS,2023-11-13,32.65,32.65,32.22,32.305,14541300
SNGS,2023-11-14,32.26,32.335,31.51,31.58,19970100
SNGS,2023-11-15,31.665,32.17,31.41,32.06,13318300
SNGS,2023-11-16,32.06,32.07,31.0,31.175,27431200
SNGS,2023-11-17,31.2,32.46,30.965,32.305,41186100
SNGS,2023-11-20,32.32,32.49,31.935,32.04,18297100
SNGS,2023-11-21,32.04,32.4,31.86,32.345,16308700
SNGS,2023-11-22,32.35,32.74,31.9,32.2,18856600
SNGS,2023-11-23,32.13,32.215,31.615,31.95,9889900
SNGS,2023-11-24,31.995,32.225,31.91,32.06,15022100
SNGS,2023-11-27,32.02,32.08,31.4,31.62,20615400
SNGS,2023-11-28,31.73,32.0,31.48,32.0,16912100
SNGS,2023-11-29,32.05,32.28,31.54,31.81,14612500
SNGS,2023-11-30,31.7,31.935,31.515,31.57,12952300
SNGS,2023-12-01,31.59,31.74,30.46,30.855,31460400
SNGS,2023-12-04,30.85,30.88,29.84,29.91,32152200
SNGS,2023-12-05,29.955,30.165,29.29,29.74,35240800
SNGS,2023-12-06,29.835,29.92,27.145,28.055,65500100
SNGS,2023-12-07,28.09,28.44,27.515,28.02,50499500
SNGS,2023-12-08,28.115,28.55,27.865,27.9,21497900
SNGS,2023-12-11,27.965,27.965,26.51,26.92,56898600
SNGS,2023-12-12,27.0,27.52,26.795,26.925,36156300
SNGS,2023-12-13,26.855,27.33,26.56,27.31,18576400
SNGS,2023-12-14,27.33,27.49,26.79,26.86,18814400
SNGS,2023-12-15,26.98,28.005,26.935,27.715,38455600
SNGS,2023-12-18,27.835,28.635,27.53,28.28,66378100
SNGS,2023-12-19,28.29,28.3,27.755,28.06,33208700
SNGS,2023-12-20,28.145,28.755,27.915,28.225,57710900
SNGS,2023-12-21,28.225,28.27,27.35,27.56,50316200
SNGS,2023-12-22,27.605,27.915,27.505,27.54,28414200
SNGS,2023-12-25,27.7,28.0,27.0,27.5,80567100
SNGS,2023-12-26,27.5,27.615,27.2,27.35,23698000
SNGS,2023-12-27,27.4,27.42,26.925,26.995,32746900
SNGS,2023-12-28,26.855,26.98,26.625,26.755,36478400
SNGS,2023-12-29,26.755,26.97,26.63,26.885,21931400
SNGS,2024-01-03,26.885,27.45,26.885,27.435,15567400
SNGS,2024-01-04,27.46,27.695,27.365,27.595,13556900
SNGS,2024-01-05,27.61,27.69,27.36,27.67,10748500
SNGS,2024-01-08,27.72,28.485,27.705,28.46,37659500
SNGS,2024-01-09,28.495,28.62,28.215,28.36,29339600
SNGS,2024-01-10,28.325,28.73,28.225,28.695,27910700
SNGS,2024-01-11,28.74,29.675,28.68,29.555,68433500
SNGS,2024-01-12,29.685,30.69,29.555,30.125,70880800
SNGS,2024-01-15,30.15,30.555,29.675,29.845,44481600
SNGS,2024-01-16,29.9,29.93,29.46,29.65,24133300
SNGS,2024-01-17,29.605,29.98,29.51,29.695,17631000
SNGS,2024-01-18,29.695,29.805,28.815,28.99,42641900
SNGS,2024-01-19,29.0,29.04,28.605,28.715,31202500
SNGS,2024-01-22,28.705,29.255,28.55,29.035,24689900
SNGS,2024-01-23,29.1,29.43,28.995,29.19,27344200
SNGS,2024-01-24,29.23,29.42,28.75,28.895,25236100
SNGS,2024-01-25,28.895,29.375,28.625,29.185,26721800
SNGS,2024-01-26,29.085,29.335,29.0,29.035,15726200
SNGS,2024-01-29,29.1,29.3,28.715,28.93,24804000
SNGS,2024-01-30,28.94,29.12,28.84,29.025,15982700
SNGS,2024-01-31,29.1,29.28,29.0,29.145,17275400
SNGS,2024-02-01,29.155,30.925,29.14,30.895,158963100
SNGS,2024-02-02,31.0,31.2,30.265,30.45,86455500
SNGS,2024-02-05,30.3,30.445,29.815,30.2,37853800
SNGS,2024-02-06,30.25,30.7,30.02,30.33,36559400
SNGS,2024-02-07,30.34,30.64,30.165,30.21,22115400
SNGS,2024-02-08,30.22,30.355,29.57,29.75,26976900
SNGS,2024-02-09,29.83,30.23,29.66,30.15,22211700
SNGS,2024-02-12,30.275,30.36,29.995,30.28,18200700
SNGS,2024-02-13,30.385,30.735,30.0,30.5,25066600
SNGS,2024-02-14,30.5,30.93,30.35,30.4,31287900
SNGS,2024-02-15,30.41,30.87,30.265,30.78,38947900
SNGS,2024-02-16,30.85,31.33,30.075,30.255,77491500
SNGS,2024-02-19,30.475,30.74,30.16,30.22,30933400
SNGS,2024-02-20,30.2,30.28,28.755,28.995,66113300
SNGS,2024-02-21,28.995,29.2,28.4,28.645,48067700
SNGS,2024-02-22,28.715,29.17,28.295,28.52,34649000
SNGS,2024-02-26,28.8,29.395,28.755,29.285,32483900
SNGS,2024-02-27,29.375,29.875,29.03,29.485,45236700
SNGS,2024-02-28,29.385,29.605,29.05,29.175,23171000
SNGS,2024-02-29,29.305,29.49,29.055,29.405,18281500
SNGS,2024-03-01,29.425,29.49,29.215,29.31,16062200
SNGS,2024-03-04,29.43,29.9,29.32,29.7,35373300
SNGS,2024-03-05,29.79,30.37,29.565,29.74,56331100
SNGS,2024-03-06,29.79,29.89,29.57,29.785,16794400
SNGS,2024-03-07,29.825,29.995,29.7,29.825,17565100
SNGS,2024-03-11,29.9,30.05,29.4,29.615,22446600
SNGS,2024-03-12,29.62,29.85,29.32,29.7,15903200
SNGS,2024-03-13,29.78,29.78,29.35,29.38,13739900
SNGS,2024-03-14,29.4,29.49,29.115,29.24,21236000
SNGS,2024-03-15,29.21,29.45,29.15,29.26,16220100
SNGS,2024-03-18,29.265,29.58,29.225,29.48,19355800
SNGS,2024-03-19,29.55,29.69,28.75,28.85,35820100
SNGS,2024-03-20,28.86,29.125,28.25,28.595,56894400
SNGS,2024-03-21,28.715,28.795,27.965,28.25,51369800
SNGS,2024-03-22,28.25,28.915,28.25,28.39,90758700
SNGS,2024-03-25,28.52,29.35,28.52,29.3,88060700
SNGS,2024-03-26,29.36,29.46,28.845,29.07,62743400
SNGS,2024-03-27,29.1,29.4,28.76,29.32,40620600
SNGS,2024-03-28,29.39,29.57,29.07,29.17,43027800
SNGS,2024-03-29,29.175,29.885,28.92,29.88,64306700
SNGS,2024-04-01,30.0,31.63,29.665,31.225,162068400
SNGS,2024-04-02,31.36,32.225,30.485,30.89,131565100
SNGS,2024-04-03,30.935,31.325,30.57,31.05,51164500
SNGS,2024-04-04,31.16,31.285,30.605,30.71,48687500
SNGS,2024-04-05,30.68,31.46,30.64,30.865,57815100
SNGS,2024-04-08,31.07,31.895,30.835,31.705,61639100
SNGS,2024-04-09,31.8,31.98,30.885,30.9,71876100
SNGS,2024-04-10,30.97,31.58,30.55,31.535,51502600
SNGS,2024-04-11,31.59,31.74,30.91,31.14,46317400
SNGS,2024-04-12,31.205,31.895,31.07,31.42,88373200
SNGS,2024-04-15,31.76,32.75,31.615,32.74,165055700
SNGS,2024-04-16,32.805,33.39,32.43,32.94,115408600
SNGS,2024-04-17,32.98,33.075,32.155,32.26,55606700
SNGS,2024-04-18,32.26,32.985,31.84,32.9,76162900
SNGS,2024-04-19,33.0,34.345,32.96,34.24,194751000
SNGS,2024-04-22,34.355,35.9,33.84,34.96,273535600
SNGS,2024-04-23,34.9,35.385,33.34,33.435,187382500
SNGS,2024-04-24,33.56,33.88,32.9,33.02,106805700
SNGS,2024-04-25,33.02,33.73,32.99,33.355,54403300
SNGS,2024-04-26,33.385,33.87,33.15,33.405,55860200
SNGS,2024-04-27,33.4,34.87,33.35,34.47,141821300
SNGS,2024-04-29,34.7,35.495,34.605,35.485,73422500
SNGS,2024-04-30,35.5,35.745,34.85,35.005,62734300
SNGS,2024-05-02,34.945,35.14,34.61,34.91,40029400
SNGS,2024-05-03,34.795,35.49,34.665,35.2,63154000
SNGS,2024-05-06,35.395,36.225,35.355,35.845,131367600
SNGS,2024-05-07,35.9,36.695,35.9,36.49,82061400
SNGS,2024-05-08,36.59,36.835,35.95,36.36,60597900
SNGS,2024-05-10,36.485,37.05,36.46,36.96,40478900
SNGS,2024-05-13,37.2,37.465,35.635,35.99,148226200
SNGS,2024-05-14,36.0,36.15,35.335,35.435,77201400
SNGS,2024-05-15,35.525,35.53,33.77,33.82,178397700
SNGS,2024-05-16,33.8,34.475,33.5,34.06,84428500
SNGS,2024-05-17,34.175,34.26,33.18,33.275,67966700
SNGS,2024-05-20,33.3,33.65,32.375,33.15,99435800
SNGS,2024-05-21,33.2,33.96,32.6,32.97,67637300
SNGS,2024-05-22,32.97,33.325,32.8,32.88,27450100
SNGS,2024-05-23,32.885,33.49,32.605,32.79,37899500
SNGS,2024-05-24,32.855,32.97,31.545,31.74,71764300
SNGS,2024-05-27,31.715,31.945,30.065,30.17,87089800
SNGS,2024-05-28,30.4,31.0,29.55,30.16,94216900
SNGS,2024-05-29,30.205,30.72,29.9,30.64,46758200
SNGS,2024-05-30,30.79,30.84,29.25,29.49,53272300
SNGS,2024-05-31,29.245,30.155,28.175,28.58,75185100
SNGS,2024-06-03,28.78,29.235,26.7,28.43,154504300
SNGS,2024-06-04,28.32,28.995,27.7,28.865,75873700
SNGS,2024-06-05,28.9,29.3,28.32,28.64,58407200
SNGS,2024-06-06,28.68,28.935,28.36,28.79,26951500
SNGS,2024-06-07,28.89,30.165,28.74,29.83,74654900
SNGS,2024-06-10,30.105,30.49,28.565,29.12,84962900
SNGS,2024-06-11,29.085,29.345,28.405,29.07,52537200
SNGS,2024-06-13,27.4,29.11,26.52,29.06,67747500
SNGS,2024-06-14,28.84,29.525,28.7,29.125,43289000
SNGS,2024-06-17,29.17,29.265,28.675,28.945,33460000
SNGS,2024-06-18,28.825,28.98,27.635,27.85,50711300
SNGS,2024-06-19,27.85,27.95,26.61,27.04,85899300
SNGS,2024-06-20,27.0,28.385,26.86,28.33,184239900
SNGS,2024-06-21,28.4,28.665,27.5,27.82,46795000
SNGS,2024-06-24,27.77,28.12,27.54,27.765,26139400
SNGS,2024-06-25,27.765,28.185,27.65,28.17,24620800
SNGS,2024-06-26,28.185,28.38,27.95,27.97,31694500
SNGS,2024-06-27,28.0,28.195,27.665,27.93,24929100
SNGS,2024-06-28,28.04,29.485,27.91,29.48,107436700
SNGS,2024-07-01,29.56,30.25,29.1,30.22,69318300
SNGS,2024-07-02,30.26,30.8,30.02,30.05,57009400
SNGS,2024-07-03,30.0,30.54,29.735,29.835,53982400
SNGS,2024-07-04,29.995,30.3,28.92,28.94,64219800
SNGS,2024-07-05,28.945,29.34,28.605,28.945,43241900
SNGS,2024-07-08,29.285,29.285,28.225,28.31,35181400
SNGS,2024-07-09,28.31,28.77,27.8,28.085,65718500
SNGS,2024-07-10,28.195,28.31,27.3,27.35,49937200
SNGS,2024-07-11,27.265,28.495,27.265,28.485,50481500
SNGS,2024-07-12,28.5,28.57,27.88,28.17,28631100
SNGS,2024-07-15,28.055,28.29,26.915,27.315,59942600
SNGS,2024-07-16,27.3,27.75,26.765,27.375,46501500
SNGS,2024-07-17,27.37,27.95,27.19,27.835,44340600
SNGS,2024-07-18,27.07,27.865,27.06,27.855,59809600
SNGS,2024-07-19,27.86,28.55,27.62,28.2,64236200
SNGS,2024-07-22,28.37,29.075,28.265,28.99,62817700
SNGS,2024-07-23,29.005,29.02,28.56,28.825,22604600
SNGS,2024-07-24,28.86,29.7,28.64,29.43,43468500
SNGS,2024-07-25,29.545,29.545,28.735,28.79,40793000
SNGS,2024-07-26,28.935,29.225,27.91,28.085,44210600
SNGS,2024-07-29,28.085,28.09,27.01,27.13,32583400
SNGS,2024-07-30,27.1,27.93,27.03,27.73,35351300
SNGS,2024-07-31,27.8,28.145,27.56,27.89,28701400
SNGS,2024-08-01,27.87,28.28,27.51,27.55,21997200
SNGS,2024-08-02,27.54,27.79,26.87,26.955,48787700
SNGS,2024-08-05,26.62,26.685,26.13,26.225,55826400
SNGS,2024-08-06,26.36,26.68,26.01,26.225,33400100
SNGS,2024-08-07,26.3,26.56,25.705,26.325,57800600
SNGS,2024-08-08,26.33,26.475,25.935,26.165,23708900
SNGS,2024-08-09,26.1,26.48,25.98,26.04,20639400
SNGS,2024-08-12,25.96,26.165,25.525,26.09,44944900
SNGS,2024-08-13,26.11,27.195,26.11,26.95,64420800
SNGS,2024-08-14,27.015,27.35,26.375,26.38,42481800
SNGS,2024-08-15,26.4,26.595,26.1,26.22,19774000
SNGS,2024-08-16,26.245,26.375,25.89,26.01,17971600
SNGS,2024-08-19,26.18,26.18,25.435,25.64,43114800
SNGS,2024-08-20,25.64,26.0,25.205,25.525,47381800
SNGS,2024-08-21,25.595,25.815,25.305,25.745,32325800
SNGS,2024-08-22,25.79,25.97,24.525,24.715,50783200
SNGS,2024-08-23,24.675,25.12,23.505,24.275,72700000
SNGS,2024-08-26,24.72,25.055,24.26,24.9,49190800
SNGS,2024-08-27,25.1,25.2,24.18,24.25,41572200
SNGS,2024-08-28,24.26,24.4,23.525,24.185,45971600
SNGS,2024-08-29,24.215,24.385,23.71,24.275,39658800
SNGS,2024-08-30,24.35,24.55,22.96,23.095,61793700
SNGS,2024-09-02,22.98,23.095,21.75,22.115,92487900
SNGS,2024-09-03,22.22,22.65,21.04,22.19,107887900
SNGS,2024-09-04,22.15,23.465,21.935,23.41,139488500
SNGS,2024-09-05,23.495,23.535,22.695,22.87,58137100
SNGS,2024-09-06,22.81,23.635,22.66,23.375,68779800
SNGS,2024-09-09,23.45,24.17,23.43,24.13,66736200
SNGS,2024-09-10,24.17,24.45,23.22,23.44,56004200
SNGS,2024-09-11,23.45,23.77,23.035,23.19,44458900
SNGS,2024-09-12,23.13,23.435,22.86,23.18,40690500
SNGS,2024-09-13,23.295,24.445,22.81,24.345,90590400
SNGS,2024-09-16,24.54,25.27,24.1,25.05,60853700
SNGS,2024-09-17,25.055,25.17,24.675,24.995,41313800
SNGS,2024-09-18,24.995,25.08,24.26,24.42,42851500
SNGS,2024-09-19,24.41,25.085,24.37,24.565,58186500
SNGS,2024-09-20,24.565,24.955,24.51,24.69,36450900
SNGS,2024-09-23,24.89,25.53,24.455,25.21,86496000
SNGS,2024-09-24,25.44,25.44,24.81,25.1,40546800
SNGS,2024-09-25,25.0,25.185,24.5,24.585,39786000
SNGS,2024-09-26,24.5,24.945,24.42,24.9,31265800
SNGS,2024-09-27,24.905,25.145,24.905,25.01,24188500
SNGS,2024-09-30,25.05,25.315,24.8,24.835,43817100
SNGS,2024-10-01,24.81,25.115,24.355,24.895,45930300
SNGS,2024-10-02,25.05,25.975,24.555,25.115,178267600
SNGS,2024-10-03,25.23,25.74,24.75,25.735,77562600
SNGS,2024-10-04,25.76,25.92,25.51,25.665,56619400
SNGS,2024-10-07,25.67,26.27,25.655,26.25,68160000
SNGS,2024-10-08,26.23,26.25,25.93,26.07,37000300
SNGS,2024-10-09,26.035,26.15,25.755,25.95,30824700
SNGS,2024-10-10,26.0,26.165,25.81,26.0,28125400
SNGS,2024-10-11,26.035,26.05,25.705,25.8,21208800
SNGS,2024-10-14,25.72,25.955,25.61,25.82,38462100
SNGS,2024-10-15,25.735,26.295,25.65,26.255,51272300
SNGS,2024-10-16,26.3,26.475,25.9,25.985,30810900
SNGS,2024-10-17,25.95,26.005,25.35,25.5,30693300
SNGS,2024-10-18,25.47,25.695,24.94,25.1,29406800
SNGS,2024-10-21,25.28,25.28,24.815,24.995,25477600
SNGS,2024-10-22,24.975,25.085,24.635,24.74,18788200
SNGS,2024-10-23,24.7,24.77,24.145,24.35,24367300
SNGS,2024-10-24,24.28,24.42,23.755,24.055,25182400
SNGS,2024-10-25,24.05,24.38,23.32,23.47,59673700
SNGS,2024-10-28,23.05,23.6,22.52,22.805,60067400
SNGS,2024-10-29,22.78,23.095,22.545,22.935,47432200
SNGS,2024-10-30,23.05,23.265,22.71,22.735,44351700
SNGS,2024-10-31,22.735,23.03,22.375,22.575,38991400
SNGS,2024-11-01,22.58,23.155,22.395,23.14,39929100
SNGS,2024-11-02,23.2,23.735,23.045,23.715,27424200
SNGS,2024-11-05,23.9,24.08,23.745,23.96,31277300
SNGS,2024-11-06,24.47,24.89,24.215,24.53,42678500
SNGS,2024-11-07,24.475,25.05,24.17,24.885,29740700
SNGS,2024-11-08,25.005,25.4,24.9,25.335,38185700
SNGS,2024-11-11,25.46,25.7,25.14,25.27,39414300
SNGS,2024-11-12,25.22,25.315,25.015,25.095,20739200
SNGS,2024-11-13,25.095,25.8,25.095,25.415,40658100
SNGS,2024-11-14,25.4,26.065,25.29,25.705,35579800
SNGS,2024-11-15,25.85,25.88,25.605,25.84,26873500
SNGS,2024-11-18,25.325,25.69,25.16,25.405,29149600
SNGS,2024-11-19,25.42,25.63,24.085,24.415,56290700
SNGS,2024-11-20,24.55,24.69,23.3,23.72,53831000
SNGS,2024-11-21,23.75,24.55,23.47,24.42,100734300
SNGS,2024-11-22,24.43,24.535,23.62,23.78,51961600
SNGS,2024-11-25,23.875,24.235,22.985,23.095,44602800
SNGS,2024-11-26,23.13,23.485,22.38,22.69,47967900
SNGS,2024-11-27,22.765,23.94,22.23,23.86,80367500
SNGS,2024-11-28,23.875,24.19,23.3,23.81,44886900
SNGS,2024-11-29,23.8,24.085,23.715,23.965,34772800
SNGS,2024-12-02,24.1,24.635,24.1,24.445,24436300
SNGS,2024-12-03,24.575,24.575,23.52,23.615,24134200
SNGS,2024-12-04,23.615,23.76,22.655,22.81,45479100
SNGS,2024-12-05,22.985,23.41,22.5,23.275,41846600
SNGS,2024-12-06,23.37,23.54,22.91,23.27,31220900
SNGS,2024-12-09,23.31,23.795,23.31,23.74,25114000
SNGS,2024-12-10,23.755,23.78,22.85,23.04,27990600
SNGS,2024-12-11,22.96,23.19,22.75,23.085,35723300
SNGS,2024-12-12,23.09,23.245,22.62,22.665,27487400
SNGS,2024-12-13,22.68,22.8,22.545,22.665,16548300
SNGS,2024-12-16,22.55,22.7,22.035,22.185,37762900
SNGS,2024-12-17,22.3,22.42,21.52,21.95,43029000
SNGS,2024-12-18,21.95,22.4,21.725,22.4,40873800
SNGS,2024-12-19,22.38,23.0,22.125,22.495,76933600
SNGS,2024-12-20,22.49,24.15,22.29,24.04,91989000
SNGS,2024-12-23,24.15,24.425,23.82,24.125,79324500
SNGS,2024-12-24,24.12,24.12,23.53,23.64,38525800
SNGS,2024-12-25,23.63,23.785,23.28,23.655,53012500
SNGS,2024-12-26,23.65,24.42,23.555,24.0,62006700
SNGS,2024-12-27,24.1,24.25,23.6,23.87,46785300
SNGS,2024-12-28,23.98,24.2,23.75,24.115,36452500
SNGS,2024-12-30,24.225,25.06,24.225,24.98,58793900
SNGS,2025-01-03,25.07,25.145,24.455,24.545,31992600
SNGS,2025-01-06,24.505,24.67,24.3,24.565,18885900
SNGS,2025-01-08,24.555,24.92,24.455,24.83,19163200
SNGS,2025-01-09,24.9,25.025,23.76,23.865,48470100
SNGS,2025-01-10,24.01,24.105,22.61,23.4,159605200
SNGS,2025-01-13,23.54,23.68,23.18,23.475,66303900
SNGS,2025-01-14,23.41,23.62,23.265,23.5,33273000
SNGS,2025-01-15,23.6,23.98,23.22,23.945,42574500
SNGS,2025-01-16,23.98,25.4,23.745,25.045,134521900
SNGS,2025-01-17,25.0,25.38,24.75,25.185,69559900
SNGS,2025-01-20,25.32,26.94,25.05,25.995,176214800
SNGS,2025-01-21,26.01,27.125,25.7,27.075,115867600
SNGS,2025-01-22,27.115,28.74,27.06,28.13,330282400
SNGS,2025-01-23,28.045,28.65,27.555,28.4,148626200
SNGS,2025-01-24,28.47,29.14,27.86,28.505,129298600
SNGS,2025-01-27,28.5,28.63,27.22,27.28,101233800
SNGS,2025-01-28,27.28,28.29,27.11,28.095,92869200
SNGS,2025-01-29,28.1,28.2,27.585,27.72,36840000
SNGS,2025-01-30,27.69,28.095,27.36,27.895,36456000
SNGS,2025-01-31,27.92,28.45,27.325,27.725,54584200
SNGS,2025-02-03,27.57,28.125,27.355,27.955,37148300
SNGS,2025-02-04,27.95,28.3,27.515,27.7,31262800
SNGS,2025-02-05,27.7,28.11,26.925,27.975,50078900
SNGS,2025-02-06,28.1,28.76,27.9,28.37,76405000
SNGS,2025-02-07,28.445,28.63,27.84,27.95,38417400
SNGS,2025-02-10,28.1,28.46,27.93,28.0,44285200
SNGS,2025-02-11,28.005,28.34,27.815,28.015,38441600
SNGS,2025-02-12,28.015,29.285,27.82,28.8,114556100
SNGS,2025-02-13,29.18,30.37,28.16,28.495,151924300
SNGS,2025-02-14,28.695,29.19,27.07,28.14,86545700
SNGS,2025-02-17,28.38,29.44,28.3,29.44,70024400
SNGS,2025-02-18,29.5,29.58,28.3,28.52,65895700
SNGS,2025-02-19,28.55,29.3,28.205,29.14,45534700
SNGS,2025-02-20,29.19,29.42,28.765,29.13,57183000
SNGS,2025-02-21,29.13,29.265,28.575,28.91,37618400
SNGS,2025-02-24,28.995,29.095,28.64,29.085,37887000
SNGS,2025-02-25,29.11,29.615,28.61,28.745,82872900
SNGS,2025-02-26,28.745,28.945,27.68,28.175,77799700
SNGS,2025-02-27,28.17,28.195,27.48,27.505,40762000
SNGS,2025-02-28,27.495,28.2,27.08,27.8,51154000
SNGS,2025-03-03,27.96,28.175,26.715,27.095,56578000
SNGS,2025-03-04,27.29,28.015,27.02,27.79,66410000
SNGS,2025-03-05,27.8,28.48,27.3,27.39,76806200
SNGS,2025-03-06,27.4,27.865,27.16,27.26,51551900
SNGS,2025-03-07,27.26,27.495,26.305,26.96,60578900
SNGS,2025-03-10,27.03,27.235,26.725,26.8,26022100
SNGS,2025-03-11,26.8,27.06,26.335,26.63,47843200
SNGS,2025-03-12,26.76,26.76,25.74,25.965,65497700
SNGS,2025-03-13,25.96,26.06,25.025,25.79,113783000
SNGS,2025-03-14,25.61,26.06,25.4,25.78,44527400
SNGS,2025-03-17,25.865,26.5,25.79,26.185,65103500
SNGS,2025-03-18,26.22,26.45,25.8,25.905,59020000
SNGS,2025-03-19,25.98,26.62,25.705,26.355,54043700
SNGS,2025-03-20,26.53,26.59,25.75,26.105,48292300
SNGS,2025-03-21,26.12,26.415,25.87,26.19,32346000
SNGS,2025-03-24,26.175,27.375,25.82,27.13,111125500
SNGS,2025-03-25,27.135,27.49,26.805,27.185,93022800
SNGS,2025-03-26,27.375,27.43,26.295,26.4,39556200
SNGS,2025-03-27,26.3,26.61,25.92,26.15,54966000
SNGS,2025-03-28,26.165,26.285,25.4,25.475,56678700
SNGS,2025-03-31,25.57,25.75,24.35,25.535,61136400
SNGS,2025-04-01,25.535,25.845,24.41,24.56,49852500
SNGS,2025-04-02,24.56,25.46,24.45,25.325,63480000
SNGS,2025-04-03,25.265,25.595,24.36,24.695,65208700
SNGS,2025-04-04,24.845,25.0,23.01,23.09,135095500
SNGS,2025-04-07,23.0,23.555,21.31,22.525,195285500
SNGS,2025-04-08,22.7,23.195,21.65,21.805,78856700
SNGS,2025-04-09,21.6,23.16,21.35,23.06,93968600
SNGS,2025-04-10,23.245,23.395,22.31,22.69,71500900
SNGS,2025-04-11,22.7,23.485,22.7,23.405,54703900
SNGS,2025-04-14,23.6,23.935,22.82,23.01,45224900
SNGS,2025-04-15,23.045,23.62,22.875,23.31,37432900
SNGS,2025-04-16,23.265,23.74,22.9,23.405,28215600
SNGS,2025-04-17,23.45,23.865,23.27,23.75,40094100
SNGS,2025-04-18,23.55,23.85,23.3,23.62,43992700
SNGS,2025-04-21,23.7,24.235,23.65,24.13,48400000
SNGS,2025-04-22,24.15,24.635,23.805,24.355,60439600
SNGS,2025-04-23,24.4,24.45,23.82,24.025,39266500
SNGS,2025-04-24,24.0,24.2,23.835,23.915,22481200
SNGS,2025-04-25,23.975,24.27,23.945,24.13,36091100
SNGS,2025-04-28,24.195,24.49,23.645,24.05,79181300
SNGS,2025-04-29,24.115,24.4,23.68,23.745,55282600
SNGS,2025-04-30,23.825,23.825,23.12,23.455,30862000
SNGS,2025-05-02,23.455,23.46,22.605,22.65,27345500
SNGS,2025-05-05,22.65,22.865,22.085,22.27,38880000
SNGS,2025-05-06,22.28,22.995,22.105,22.695,20855300
SNGS,2025-05-07,22.795,23.425,22.55,22.89,54965600
SNGS,2025-05-08,22.995,23.17,22.745,22.95,11614100
SNGS,2025-05-12,23.075,23.735,23.025,23.385,42284100
SNGS,2025-05-13,23.42,23.595,23.215,23.505,20186500
SNGS,2025-05-14,23.505,23.595,22.67,22.72,22780200
SNGS,2025-05-15,22.74,23.055,22.66,22.815,26589400
SNGS,2025-05-16,22.815,22.94,22.36,22.715,27390100
SNGS,2025-05-19,22.7,23.25,22.69,22.82,27568100
SNGS,2025-05-20,22.865,22.925,22.055,22.45,44753900
SNGS,2025-05-21,22.45,22.615,22.17,22.205,22099900
SNGS,2025-05-22,22.205,22.235,21.745,22.02,33561200
SNGS,2025-05-23,22.02,22.09,21.87,21.87,16543700
SNGS,2025-05-26,21.875,21.905,21.355,21.46,29282700
SNGS,2025-05-27,21.46,21.68,21.11,21.53,22774600
SNGS,2025-05-28,21.535,22.23,21.435,22.145,40512500
SNGS,2025-05-29,22.145,22.495,21.74,21.815,23784700
SNGS,2025-05-30,21.805,22.215,21.665,21.965,27646000
SNGS,2025-06-02,21.96,22.25,21.1,22.095,50679000
SNGS,2025-06-03,22.12,22.9,22.015,22.835,32562700
SNGS,2025-06-04,22.875,23.0,22.3,22.38,42698600
SNGS,2025-06-05,22.4,22.645,22.385,22.495,19465200
SNGS,2025-06-06,22.5,22.82,21.92,21.985,49245400
SNGS,2025-06-09,21.99,22.275,21.78,22.27,25678600
SNGS,2025-06-10,22.25,22.47,21.85,22.0,23271000
SNGS,2025-06-11,22.065,22.175,21.77,21.995,23305400
SNGS,2025-06-13,22.37,22.715,22.105,22.645,39125600
SNGS,2025-06-16,22.695,23.33,22.075,22.18,80902500
SNGS,2025-06-17,22.18,22.7,22.09,22.65,35393800
SNGS,2025-06-18,22.695,22.775,22.405,22.44,19827300
SNGS,2025-06-19,22.455,22.6,22.165,22.425,37060800
SNGS,2025-06-20,22.45,22.485,22.165,22.2,17864200
SNGS,2025-06-23,22.485,22.525,22.0,22.04,36378100
SNGS,2025-06-24,22.07,22.305,21.84,22.28,23027300
SNGS,2025-06-25,22.3,22.37,22.1,22.21,15652700
SNGS,2025-06-26,22.21,22.465,22.19,22.335,16039600
SNGS,2025-06-27,22.35,22.7,22.29,22.605,23003700
SNGS,2025-06-30,22.555,22.78,22.5,22.6,40349100
SNGS,2025-07-01,22.65,22.94,22.56,22.62,37263600
SNGS,2025-07-02,22.65,22.705,22.405,22.53,20705700
SNGS,2025-07-03,22.53,22.665,22.355,22.4,26664500
SNGS,2025-07-04,22.4,22.575,22.155,22.25,25828000
SNGS,2025-07-07,22.255,22.48,22.08,22.115,19106200
SNGS,2025-07-08,22.08,22.2,21.695,21.72,21703100
SNGS,2025-07-09,21.63,22.065,21.63,21.78,25420000
SNGS,2025-07-10,21.805,22.335,21.775,22.035,24495500
SNGS,2025-07-11,22.015,22.195,21.575,21.58,27792800
SNGS,2025-07-14,21.62,22.325,21.285,22.205,41984000
SNGS,2025-07-15,22.205,22.675,22.205,22.6,36523400
SNGS,2025-07-16,22.675,23.3,22.67,23.27,63281700
SNGS,2025-07-17,22.575,22.77,22.005,22.07,47894600
SNGS,2025-07-18,22.0,22.61,22.0,22.4,37812700
SNGS,2025-07-21,22.405,22.86,22.405,22.805,35532700
SNGS,2025-07-22,22.805,22.845,22.575,22.645,13069800
SNGS,2025-07-23,22.65,22.825,22.6,22.64,13886100
SNGS,2025-07-24,22.64,22.82,22.45,22.665,13021200
SNGS,2025-07-25,22.725,22.755,22.27,22.37,31503500
SNGS,2025-07-28,22.44,22.445,21.845,21.955,25790300
SNGS,2025-07-29,21.97,22.095,21.805,21.96,16818200
SNGS,2025-07-30,21.96,22.02,21.715,21.78,14098800
SNGS,2025-07-31,21.78,22.16,21.77,22.14,11184200
SNGS,2025-08-01,22.14,22.275,21.66,21.83,24573600
SNGS,2025-08-04,21.83,22.15,21.81,22.08,20134400
SNGS,2025-08-05,22.09,22.235,21.915,22.17,16571500
SNGS,2025-08-06,22.2,22.855,21.815,22.47,59658900
SNGS,2025-08-07,22.515,23.08,22.27,22.73,65702900
SNGS,2025-08-08,22.83,22.975,22.65,22.975,40176100
SNGS,2025-08-11,23.1,23.405,22.875,23.125,47010100
SNGS,2025-08-12,23.125,23.22,22.985,23.125,23357300
SNGS,2025-08-13,23.19,24.265,23.09,23.93,170290200
SNGS,2025-08-14,24.0,24.0,23.375,23.85,70731900
SNGS,2025-08-15,23.9,24.045,23.645,23.78,30782400
SNGS,2025-08-18,23.125,23.975,23.055,23.8,44182100
SNGS,2025-08-19,23.79,23.92,23.325,23.45,21933200
SNGS,2025-08-20,23.45,23.615,23.125,23.195,25345000
SNGS,2025-08-21,23.2,23.45,22.72,22.855,28170600
SNGS,2025-08-22,22.91,23.29,22.755,23.045,30370500
SNGS,2025-08-25,23.095,23.175,22.73,22.945,17213400
SNGS,2025-08-26,23.0,23.25,22.85,22.925,12386300
SNGS,2025-08-27,22.97,23.27,22.855,23.245,14209600
SNGS,2025-08-28,23.245,23.385,22.7,22.885,17440300
SNGS,2025-08-29,22.91,23.055,22.73,22.785,17995000
SNGS,2025-09-01,22.8,22.985,22.73,22.81,19583500
SNGS,2025-09-02,22.815,22.91,22.305,22.48,27822400
SNGS,2025-09-03,22.48,22.675,22.28,22.61,17317700
SNGS,2025-09-04,22.61,22.785,22.425,22.605,15705500
SNGS,2025-09-05,22.6,22.83,22.575,22.63,11334000
SNGS,2025-09-08,22.63,23.17,22.625,23.15,23473900
SNGS,2025-09-09,23.18,23.41,23.05,23.19,25516400
SNGS,2025-09-10,23.19,23.4,22.73,22.77,31773700
SNGS,2025-09-11,22.8,23.14,22.75,22.95,19692500
SNGS,2025-09-12,23.005,23.02,22.23,22.27,33135000
SNGS,2025-09-15,22.27,22.475,21.92,21.965,26148100
SNGS,2025-09-16,21.995,22.24,21.74,22.085,25635600
SNGS,2025-09-17,22.135,22.98,21.92,22.835,52012000
SNGS,2025-09-18,22.83,22.89,22.11,22.145,67176600
SNGS,2025-09-19,22.265,22.415,21.655,21.665,46285000
SNGS,2025-09-22,21.73,21.98,21.395,21.945,39830000
SNGS,2025-09-23,21.89,22.105,21.32,21.44,36845800
SNGS,2025-09-24,21.435,21.65,21.25,21.62,36437100
SNGS,2025-09-25,21.62,21.75,21.345,21.415,13610300
SNGS,2025-09-26,21.375,21.615,21.33,21.525,21205300
SNGS,2025-09-29,21.525,21.7,21.175,21.2,25686800
SNGS,2025-09-30,21.24,21.375,21.06,21.205,19502800
SNGS,2025-10-01,21.21,21.37,20.75,20.81,28724600
SNGS,2025-10-02,20.83,21.07,20.57,20.905,32907900
SNGS,2025-10-03,20.9,21.125,20.655,20.66,22480500
SNGS,2025-10-06,20.65,21.1,20.33,20.9,30599700
SNGS,2025-10-07,20.89,21.08,20.765,21.0,18819000
SNGS,2025-10-08,21.0,21.275,20.15,20.38,31490400
SNGS,2025-10-09,20.47,20.74,19.56,20.61,44090900
SNGS,2025-10-10,20.68,20.775,20.1,20.205,23777200
SNGS,2025-10-13,20.28,20.42,19.86,20.09,33069300
SNGS,2025-10-14,20.055,20.2,19.815,19.95,14505400
SNGS,2025-10-15,19.95,20.12,19.72,19.735,22948500
SNGS,2025-10-16,19.75,20.9,19.65,20.895,46434600
SNGS,2025-10-17,20.9,21.065,20.52,20.7,37756800
SNGS,2025-10-20,20.905,21.05,20.71,20.845,24847400
SNGS,2025-10-21,20.83,20.87,19.975,20.35,40197800
SNGS,2025-10-22,20.35,20.55,19.855,20.13,27701000
SNGS,2025-10-23,19.85,20.495,19.665,20.45,35237000
SNGS,2025-10-24,20.495,20.6,19.895,20.11,22428600
SNGS,2025-10-27,20.115,20.205,19.585,19.68,24330000
SNGS,2025-10-28,19.75,19.975,19.56,19.86,19766200
SNGS,2025-10-29,19.925,20.075,19.745,19.865,20625200
SNGS,2025-10-30,19.855,20.15,19.725,19.96,21574100
SNGS,2025-10-31,20.035,20.06,19.63,19.775,16522300
SNGS,2025-11-01,19.74,19.88,19.735,19.815,6678800
SNGS,2025-11-03,19.8,20.115,19.79,19.91,10071400
SNGS,2025-11-05,19.88,20.03,19.685,19.76,22544100
SNGS,2025-11-06,19.775,19.845,19.685,19.75,14827600
SNGS,2025-11-07,19.705,20.19,19.66,20.13,30556500
SNGS,2025-11-10,20.145,20.44,20.03,20.105,26694700
SNGS,2025-11-11,20.14,20.365,20.065,20.33,11574600
SNGS,2025-11-12,20.33,21.005,20.045,20.53,60738500
SNGS,2025-11-13,20.55,20.765,20.41,20.66,22651800
SNGS,2025-11-14,20.66,20.73,20.4,20.535,18978400
SNGS,2025-11-17,20.535,20.88,20.39,20.605,37134700
SNGS,2025-11-18,20.6,21.845,20.51,21.515,61257900
SNGS,2025-11-19,21.59,22.7,21.44,21.965,78858100
SNGS,2025-11-20,21.97,22.445,21.505,22.32,56903200
SNGS,2025-11-21,22.445,22.445,21.7,22.075,34954100
SNGS,2025-11-24,22.18,22.39,21.6,21.72,30665100
SNGS,2025-11-25,21.8,22.06,21.525,21.805,26854400
SNGS,2025-11-26,21.835,21.85,21.605,21.635,7447600
SNGS,2025-11-27,21.665,21.84,20.85,20.975,33816400
SNGS,2025-11-28,20.92,21.415,20.75,21.305,38777700
SNGS,2025-12-01,21.355,21.475,21.1,21.28,23830800
SNGS,2025-12-02,21.285,21.385,21.065,21.22,14565800
SNGS,2025-12-03,21.07,21.57,20.9,21.55,36601800
SNGS,2025-12-04,21.57,21.8,21.465,21.525,21782700
SNGS,2025-12-05,21.525,22.46,21.5,22.29,44323700
SNGS,2025-12-08,22.27,22.695,21.935,21.985,28852900
SNGS,2025-12-09,22.05,22.245,21.745,21.84,42310400
SNGS,2025-12-10,21.865,22.07,21.83,22.01,17757000
SNGS,2025-12-11,22.04,22.475,22.04,22.305,32308300
SNGS,2025-12-12,22.39,22.4,21.805,21.86,26648900
SNGS,2025-12-15,21.905,22.665,21.825,22.61,43193300
SNGS,2025-12-16,22.585,23.25,22.47,22.96,53293700
SNGS,2025-12-17,22.995,23.175,22.5,22.8,47579300
SNGS,2025-12-18,22.85,23.0,22.4,22.595,36688900
SNGS,2025-12-19,22.575,22.87,22.225,22.48,35045500
SNGS,2025-12-22,22.495,22.595,21.93,22.035,32262600
SNGS,2025-12-23,22.035,22.26,22.0,22.18,11858700
SNGS,2025-12-24,22.195,22.305,22.055,22.135,16931800
SNGS,2025-12-25,22.12,22.15,21.855,21.92,22617400
SNGS,2025-12-26,21.945,22.18,21.94,22.15,22181200
SNGS,2025-12-29,22.19,22.285,21.5,21.665,84809900
SNGS,2025-12-30,21.7,21.95,21.625,21.715,23318500
SNGS,2026-01-05,21.71,21.75,21.25,21.72,14516500
SNGS,2026-01-06,21.72,21.95,21.605,21.695,11480600
SNGS,2026-01-08,21.355,21.59,21.355,21.42,9112500
SNGS,2026-01-09,21.425,21.54,21.39,21.445,5748500
SNGS,2026-01-12,21.415,22.075,21.405,21.905,38404100
SNGS,2026-01-13,21.92,22.1,21.69,21.72,23937800
SNGS,2026-01-14,21.755,22.25,21.505,21.99,53865900
SNGS,2026-01-15,21.905,22.145,21.85,22.06,36618500
SNGS,2026-01-16,22.065,22.33,22.0,22.2,37979900
SNGS,2026-01-19,22.165,22.435,22.125,22.16,39610400
SNGS,2026-01-20,22.235,22.26,21.735,21.85,51326900
SNGS,2026-01-21,21.945,22.165,21.8,22.08,45391500
SNGS,2026-01-22,22.08,22.285,21.995,22.095,41770000
SNGS,2026-01-23,22.075,22.14,21.83,22.05,32204300
SNGS,2026-01-26,22.045,22.09,21.805,21.845,27831100
SNGS,2026-01-27,21.85,22.12,21.805,22.08,28880600
SNGS,2026-01-28,22.11,22.215,21.96,22.055,27216800
SNGS,2026-01-29,22.06,22.75,22.06,22.335,111249400
SNGS,2026-01-30,22.395,22.46,21.965,22.04,36240600
SNGS,2026-02-02,22.09,22.415,21.87,22.35,39863200
SNGS,2026-02-03,22.35,22.47,22.205,22.29,23886800
SNGS,2026-02-04,22.32,22.475,22.09,22.3,50586800
SNGS,2026-02-05,22.32,22.35,21.84,21.945,29374300
SNGS,2026-02-06,21.945,22.055,21.755,21.785,17127700
SNGS,2026-02-09,21.835,21.9,21.48,21.62,48203400
SNGS,2026-02-10,21.62,21.76,21.31,21.39,27604300
SNGS,2026-02-11,21.42,21.88,21.385,21.715,37986500
SNGS,2026-02-12,21.72,21.985,21.675,21.78,17745500
SNGS,2026-02-13,21.845,21.995,21.705,21.945,20566800
SNGS,2026-02-16,21.945,22.035,21.765,21.825,15138300
SNGS,2026-02-17,21.81,21.91,21.525,21.73,29988300
SNGS,2026-02-18,21.735,21.81,21.52,21.71,18842100
SNGS,2026-02-19,21.685,21.835,21.45,21.54,26750100
SNGS,2026-02-20,21.54,21.855,21.475,21.755,22451400
SNGS,2026-02-24,21.745,21.985,21.58,21.68,34255500
SNGS,2026-02-25,21.69,22.15,21.615,22.085,34765500
SNGS,2026-02-26,22.005,22.2,21.83,21.89,23303200
SNGS,2026-02-27,21.89,22.17,21.81,22.04,21580900
SNGS,2026-03-02,22.135,23.22,22.065,22.905,182854700
SNGS,2026-03-03,23.05,23.395,22.185,22.36,101335300
SNGS,2026-03-04,22.36,23.0,22.0,22.195,71469400
SNGS,2026-03-05,22.25,22.73,22.205,22.585,45955700
SNGS,2026-03-06,22.645,23.365,22.6,23.24,88398700
SNGS,2026-03-09,24.1,25.15,22.625,22.745,134643600
SNGS,2026-03-10,22.865,23.27,22.53,23.04,62379300
SNGS,2026-03-11,23.04,23.25,22.815,23.0,30155800
SNGS,2026-03-12,23.385,23.42,22.93,23.2,35781000
SNGS,2026-03-13,23.245,23.4,22.855,22.96,41177500
SNGS,2026-03-16,23.005,23.17,22.345,22.43,70889300
SNGS,2026-03-17,22.55,22.695,22.45,22.55,21233100
SNGS,2026-03-18,22.6,22.94,22.3,22.925,44625500
SNGS,2026-03-19,22.97,23.28,22.615,22.74,75514400
SNGS,2026-03-20,22.775,22.84,22.525,22.75,24824700
SNGS,2026-03-23,22.8,22.835,22.15,22.27,52643300
SNGS,2026-03-24,22.27,22.345,22.04,22.22,25334700
SNGS,2026-03-25,22.2,22.245,22.05,22.175,17607500
SNGS,2026-03-26,22.195,22.33,21.755,21.82,31080500
SNGS,2026-03-27,21.775,21.89,21.13,21.3,44544300
SNGS,2026-03-30,21.295,21.535,21.025,21.2,35505200
SNGS,2026-03-31,21.2,21.45,21.0,21.145,36384700
SNGS,2026-04-01,21.18,21.37,21.09,21.3,15714800
SNGS,2026-04-02,21.34,21.65,21.225,21.32,25450500
SNGS,2026-04-03,21.355,21.4,21.065,21.12,14522600
SNGS,2026-04-06,21.195,21.385,20.93,21.315,23959500
SNGS,2026-04-07,21.32,21.47,21.15,21.215,20899400
SNGS,2026-04-08,21.05,21.06,20.8,20.87,28955700
SNGS,2026-04-09,20.92,20.955,20.53,20.635,17093800
SNGS,2026-04-10,20.62,20.695,20.37,20.395,15616700
SNGS,2026-04-13,20.395,21.1,20.25,20.35,42494700
SNGS,2026-04-14,20.42,20.57,20.225,20.365,15846800
SNGS,2026-04-15,20.38,20.575,20.225,20.515,12201800
SNGS,2026-04-16,20.595,20.68,20.305,20.35,24724100
SNGS,2026-04-17,20.365,20.52,20.05,20.205,26270900
SNGS,2026-04-20,20.295,20.6,20.235,20.51,29981300
SNGS,2026-04-21,20.51,20.685,20.34,20.67,21128000
SNGS,2026-04-22,20.665,20.745,20.525,20.63,13580000
SNGS,2026-04-23,20.645,20.765,20.58,20.625,16760900
SNGS,2026-04-24,20.7,20.72,20.26,20.325,22286800
SNGS,2026-04-27,20.325,20.49,20.25,20.28,17394700
SNGS,2026-04-28,20.255,20.435,20.095,20.1,18138600
SNGS,2026-04-29,20.165,20.255,19.42,19.705,47186600
SNGS,2026-04-30,19.765,19.995,19.635,19.775,30348300
SNGS,2026-05-04,19.775,19.83,19.405,19.58,22546600
SNGS,2026-05-05,19.57,19.79,19.125,19.7,28853000
SNGS,2026-05-06,19.69,19.745,19.345,19.41,17421700
SNGS,2026-05-07,19.39,19.535,19.255,19.325,11405700
SNGS,2026-05-08,19.325,19.67,19.18,19.625,16741400
SNGS,2026-05-11,19.7,19.86,19.62,19.855,13324200
SNGS,2026-05-12,19.855,20.24,19.78,20.105,23097300
SNGS,2026-05-13,20.115,20.175,19.82,20.02,16000200
SNGS,2026-05-14,20.07,20.07,19.47,19.51,17023000
SNGS,2026-05-15,19.51,19.65,19.3,19.345,20950200
SNGS,2026-05-18,19.41,19.69,19.005,19.57,45566200
SNGS,2026-05-19,19.605,19.67,19.415,19.54,10783100
SNGS,2026-05-20,19.54,19.545,19.14,19.19,17043300
SNGS,2026-05-21,19.21,19.62,19.025,19.385,24541700
SNGS,2026-05-22,19.365,19.595,19.115,19.2,11818300
SNGS,2026-05-25,19.205,19.355,18.935,19.02,33164700
SNGS,2026-05-26,19.095,19.14,18.82,18.875,24471000
SNGS,2026-05-27,18.89,18.985,18.685,18.91,26203300
SNGS,2026-05-28,18.91,19.085,18.715,18.815,17139400
SNGS,2026-05-29,18.835,18.89,18.695,18.81,14608300
SNGS,2026-06-01,18.81,19.135,18.725,19.11,23786200
SNGS,2026-06-02,19.1,19.5,18.99,19.42,24517800
SNGS,2026-06-03,19.475,19.525,19.025,19.135,19427200
SNGS,2026-06-04,19.13,19.39,19.075,19.245,24948100
SNGS,2026-06-05,19.305,19.31,19.035,19.09,9155800
SNGS,2026-06-08,19.145,19.225,18.725,18.77,19182900
SNGS,2026-06-09,18.83,19.025,18.26,18.625,41666900
SNGS,2026-06-10,18.635,19.08,18.4,18.88,26525700
SNGS,2026-06-11,18.89,19.055,18.6,18.615,14057300
SNGS,2026-06-15,18.67,19.005,18.555,18.9,23417900
SNGS,2026-06-16,18.9,18.99,18.055,18.335,40041500
SNGS,2026-06-17,18.3,18.555,18.155,18.17,27586500
SNGS,2026-06-18,18.17,18.25,17.46,17.62,66821500
SNGS,2026-06-19,17.62,17.74,17.075,17.365,56150500
SNGS,2026-06-22,17.35,17.465,15.94,16.06,93055600
SNGS,2026-06-23,16.1,16.55,15.8,16.43,57515600
SNGS,2026-06-24,16.43,16.515,15.505,15.645,57348800
SNGS,2026-06-25,15.63,15.78,15.13,15.375,68809800
SNGS,2026-06-26,15.375,16.24,15.215,16.03,91514100
SNGS,2026-06-29,16.145,16.74,15.905,16.65,61566200
SNGS,2026-06-30,16.57,16.96,16.43,16.49,33409200
SNGS,2026-07-01,16.45,16.7,16.39,16.52,23768500
SNGS,2026-07-02,16.485,16.595,15.655,15.725,35839500
SNGS,2026-07-03,15.86,15.96,15.43,15.66,38284700
SNGS,2026-07-06,15.655,15.925,14.64,14.975,75935000
SNGS,2026-07-07,14.92,16.025,14.5,15.51,80194100
SNGS,2026-07-08,15.515,16.21,15.15,16.085,82162100
SNGS,2026-07-09,16.125,16.14,15.34,15.345,30758900
SNGS,2026-07-10,15.35,15.59,15.155,15.205,26281000
SNGS,2026-07-13,15.205,15.79,15.02,15.5,51894200
SNGS,2026-07-14,15.5,15.77,15.45,15.595,28718700
SNGS,2026-07-15,15.595,15.745,15.04,15.245,42337700
SNGS,2026-07-16,14.495,14.56,13.41,13.485,116782100
SNGS,2026-07-17,13.69,13.77,12.945,13.03,76392000
SNGS,2026-07-20,13.075,14.32,13.0,14.32,84949000
SNGS,2026-07-21,14.3,14.585,13.95,14.33,71260900
SNGS,2026-07-22,14.33,14.975,14.16,14.825,52014600
SNGS,2026-07-23,14.82,14.955,14.285,14.325,80391300
SNGS,2026-07-24,14.3,14.555,13.77,14.49,118553400
SNGS,2026-07-27,14.52,14.89,14.18,14.74,72202500
SNGS,2026-07-28,14.795,14.945,14.605,14.685,36934000
SNGS,2026-07-29,14.8,15.2,14.73,15.05,51134100
SNGS,2026-07-30,15.115,15.315,14.785,14.83,48793600
SNGS,2026-07-31,14.86,15.25,14.645,15.185,39674600
SNGS,2026-08-03,15.19,15.57,15.095,15.41,46175100
SNGS,2026-08-04,15.5,15.62,15.135,15.505,52977100
SNGS,2026-08-05,15.51,16.4,15.44,16.315,62411500
SNGS,2026-08-06,16.3,16.78,16.125,16.495,75602600
SNGS,2026-08-07,16.625,17.235,16.52,16.765,140097500
SNGS,2026-08-10,16.795,17.185,16.715,17.08,49718900
SNGS,2026-08-11,17.06,17.2,16.84,17.045,33178800
SNGS,2026-08-12,17.04,17.155,16.91,16.93,37840900
SNGS,2026-08-13,16.925,16.975,16.345,16.36,61661100
SNGS,2026-08-14,16.37,16.685,15.8,15.835,54224900
