symbol,date,open,high,low,close,volume
TATNP,2013-07-19,98.95,98.95,98.95,98.95,10
TATNP,2013-09-02,104.25,105.48,103.1,104.24,259010
TATNP,2013-09-03,104.87,105.49,103.5,105.3,327960
TATNP,2013-09-04,105.3,105.75,103.58,105.51,62670
TATNP,2013-09-05,105.73,108.23,104.02,107.99,364890
TATNP,2013-09-06,107.0,109.5,106.51,107.8,162810
TATNP,2013-09-09,108.5,109.99,107.11,109.5,104040
TATNP,2013-09-10,109.74,109.74,107.92,109.0,297680
TATNP,2013-09-11,109.0,109.0,107.8,108.89,139240
TATNP,2013-09-12,108.35,109.15,105.02,109.14,335020
TATNP,2013-09-13,109.13,109.49,108.55,109.0,278970
TATNP,2013-09-16,109.0,109.87,108.11,109.09,745250
TATNP,2013-09-17,108.8,109.05,108.38,109.0,1203930
TATNP,2013-09-18,109.79,109.79,107.22,108.51,587200
TATNP,2013-09-19,125.95,125.95,108.52,111.01,786340
TATNP,2013-09-20,112.58,112.58,110.7,111.4,119840
TATNP,2013-09-23,112.84,112.84,109.51,110.4,262580
TATNP,2013-09-24,109.78,110.98,109.22,110.1,123850
TATNP,2013-09-25,109.67,110.7,109.67,110.5,347390
TATNP,2013-09-26,110.93,111.97,110.19,111.47,153070
TATNP,2013-09-27,111.08,111.49,110.51,111.25,36250
TATNP,2013-09-30,110.99,112.0,110.4,110.64,200690
TATNP,2013-10-01,110.83,111.96,110.7,110.79,63830
TATNP,2013-10-02,111.88,111.9,109.99,110.27,271260
TATNP,2013-10-03,110.01,114.0,110.0,112.51,657190
TATNP,2013-10-04,112.01,113.2,111.78,113.0,152080
TATNP,2013-10-07,112.9,113.75,112.71,113.26,145440
TATNP,2013-10-08,113.79,114.0,79.5,114.0,178240
TATNP,2013-10-09,114.57,114.57,112.97,114.3,71760
TATNP,2013-10-10,114.23,114.67,113.59,114.5,91610
TATNP,2013-10-11,114.77,114.94,113.99,114.55,104640
TATNP,2013-10-14,114.7,114.9,113.0,114.51,161710
TATNP,2013-10-15,115.0,119.25,115.0,119.25,147710
TATNP,2013-10-16,117.99,118.49,115.1,116.6,67330
TATNP,2013-10-17,117.8,117.8,115.33,115.51,39520
TATNP,2013-10-18,115.51,117.97,114.66,117.2,82850
TATNP,2013-10-21,134.34,134.34,115.99,116.46,32690
TATNP,2013-10-22,116.24,117.65,116.0,117.21,130150
TATNP,2013-10-23,117.51,117.63,115.23,115.3,91980
TATNP,2013-10-24,115.48,116.55,115.0,115.4,39370
TATNP,2013-10-25,115.4,116.2,115.25,115.41,90450
TATNP,2013-10-28,116.0,117.0,115.55,116.51,347450
TATNP,2013-10-29,115.47,117.68,115.45,116.5,150090
TATNP,2013-10-30,116.99,118.0,116.07,117.5,145710
TATNP,2013-10-31,116.51,118.32,116.41,118.0,110660
TATNP,2013-11-01,118.44,119.25,118.0,118.87,164500
TATNP,2013-11-05,118.01,118.57,117.12,118.57,52130
TATNP,2013-11-06,117.73,119.02,117.55,118.31,279200
TATNP,2013-11-07,117.57,119.73,117.51,118.8,85700
TATNP,2013-11-08,119.5,119.5,117.06,117.8,237600
TATNP,2013-11-11,118.06,118.5,116.99,117.12,101100
TATNP,2013-11-12,117.07,118.17,116.93,118.17,49600
TATNP,2013-11-13,117.0,118.11,114.51,114.8,180940
TATNP,2013-11-14,114.9,116.72,114.9,115.65,295060
TATNP,2013-11-15,116.01,116.52,115.45,115.94,31720
TATNP,2013-11-18,115.42,117.66,115.19,117.31,429460
TATNP,2013-11-19,117.68,119.38,117.13,119.38,90050
TATNP,2013-11-20,119.0,119.4,117.16,118.25,59410
TATNP,2013-11-21,118.3,119.7,117.47,119.49,227120
TATNP,2013-11-22,119.79,120.5,118.32,119.32,69610
TATNP,2013-11-25,120.0,122.7,119.5,119.53,160260
TATNP,2013-11-26,120.75,120.97,117.9,119.21,143550
TATNP,2013-11-27,118.56,120.27,118.0,119.0,597780
TATNP,2013-11-28,119.16,119.5,118.7,118.7,16840
TATNP,2013-11-29,118.11,119.33,115.59,117.39,95160
TATNP,2013-12-02,89.13,117.99,89.13,115.32,199420
TATNP,2013-12-03,115.02,116.48,112.15,115.0,272630
TATNP,2013-12-04,114.52,115.81,113.58,114.3,893810
TATNP,2013-12-05,114.99,115.69,111.25,112.29,360720
TATNP,2013-12-06,112.75,114.95,111.89,114.95,137550
TATNP,2013-12-09,114.26,116.2,114.02,116.2,103250
TATNP,2013-12-10,116.25,116.51,114.49,116.39,131860
TATNP,2013-12-11,116.3,116.8,115.0,116.75,88750
TATNP,2013-12-12,115.49,116.75,115.01,116.0,241660
TATNP,2013-12-13,116.75,116.79,115.29,115.9,95320
TATNP,2013-12-16,115.88,116.9,115.51,116.0,647090
TATNP,2013-12-17,116.0,116.9,115.25,116.0,919190
TATNP,2013-12-18,116.5,118.29,115.42,117.2,267370
TATNP,2013-12-19,118.29,118.29,115.84,116.99,722430
TATNP,2013-12-20,117.09,117.75,116.0,116.67,280850
TATNP,2013-12-23,117.75,119.75,116.5,119.49,146910
TATNP,2013-12-24,119.04,119.44,117.97,117.97,116840
TATNP,2013-12-25,118.46,119.17,118.0,119.0,37190
TATNP,2013-12-26,117.96,119.55,117.95,119.19,413070
TATNP,2013-12-27,118.29,121.16,118.29,120.89,72380
TATNP,2013-12-30,119.49,122.0,119.11,121.7,57780
TATNP,2014-01-06,122.25,122.9,116.75,116.75,147610
TATNP,2014-01-08,117.23,117.99,116.01,116.03,56800
TATNP,2014-01-09,116.4,117.47,116.0,117.21,336820
TATNP,2014-01-10,117.21,121.27,115.75,120.0,281200
TATNP,2014-01-13,119.59,126.69,119.44,124.7,784380
TATNP,2014-01-14,123.9,127.75,122.99,125.65,593050
TATNP,2014-01-15,126.33,127.34,125.5,126.74,529250
TATNP,2014-01-16,126.1,126.61,120.45,121.32,195180
TATNP,2014-01-17,121.01,125.93,120.71,122.03,99060
TATNP,2014-01-20,121.9,123.9,121.5,123.37,75690
TATNP,2014-01-21,123.01,124.0,122.5,122.88,110200
TATNP,2014-01-22,122.54,122.96,121.0,122.5,114450
TATNP,2014-01-23,122.5,125.0,122.0,124.18,184730
TATNP,2014-01-24,122.97,125.0,121.35,125.0,101640
TATNP,2014-01-27,123.84,126.0,123.0,124.5,157220
TATNP,2014-01-28,123.26,124.77,122.47,123.0,151780
TATNP,2014-01-29,123.0,124.7,122.43,122.53,190560
TATNP,2014-01-30,122.98,123.98,121.52,123.0,107030
TATNP,2014-01-31,122.49,124.0,122.01,122.5,565900
TATNP,2014-02-03,123.75,124.33,122.0,122.43,73600
TATNP,2014-02-04,122.43,122.95,120.02,121.0,84030
TATNP,2014-02-05,120.75,121.64,119.1,120.0,320530
TATNP,2014-02-06,120.48,122.0,119.38,121.97,435790
TATNP,2014-02-07,122.0,123.12,120.35,120.35,262310
TATNP,2014-02-10,121.29,122.0,120.55,121.76,257000
TATNP,2014-02-11,121.34,122.62,121.13,121.73,44020
TATNP,2014-02-12,122.73,124.39,121.85,124.2,65750
TATNP,2014-02-13,123.55,125.94,122.25,125.02,221400
TATNP,2014-02-14,124.99,127.24,124.99,126.6,346290
TATNP,2014-02-17,127.25,128.0,123.02,123.48,990690
TATNP,2014-02-18,123.5,125.49,123.03,123.11,328820
TATNP,2014-02-19,123.0,123.98,121.3,122.5,1375000
TATNP,2014-02-20,121.59,123.51,121.5,123.11,66140
TATNP,2014-02-21,123.75,125.29,122.56,124.85,1535900
TATNP,2014-02-24,124.0,125.75,124.0,125.4,56730
TATNP,2014-02-25,125.77,125.79,124.5,125.2,153160
TATNP,2014-02-26,125.01,126.37,124.35,125.52,294980
TATNP,2014-02-27,125.52,127.5,125.2,127.49,227720
TATNP,2014-02-28,127.0,127.8,126.01,127.32,278060
TATNP,2014-03-03,123.01,124.45,110.25,116.47,566190
TATNP,2014-03-04,117.15,123.49,116.8,122.19,529100
TATNP,2014-03-05,122.5,124.0,119.1,121.02,84770
TATNP,2014-03-06,122.19,122.75,118.51,120.8,42670
TATNP,2014-03-07,118.76,127.5,118.76,121.99,258660
TATNP,2014-03-11,121.52,121.52,118.26,118.84,450580
TATNP,2014-03-12,119.01,119.01,116.41,116.41,64750
TATNP,2014-03-13,117.75,118.0,116.06,117.0,880710
TATNP,2014-03-14,116.02,116.03,112.33,112.76,164070
TATNP,2014-03-17,114.1,116.25,112.98,115.18,278100
TATNP,2014-03-18,116.0,117.66,115.51,117.0,232800
TATNP,2014-03-19,117.02,118.0,113.12,114.92,134100
TATNP,2014-03-20,114.39,115.17,113.4,114.52,51420
TATNP,2014-03-21,113.55,115.48,112.82,114.44,195520
TATNP,2014-03-24,115.58,116.25,114.63,115.29,71680
TATNP,2014-03-25,115.56,115.99,113.81,115.06,71240
TATNP,2014-03-26,114.75,115.62,114.31,115.12,718600
TATNP,2014-03-27,115.01,115.43,114.01,114.97,71160
TATNP,2014-03-28,115.25,115.68,114.7,115.0,58930
TATNP,2014-03-31,115.0,116.0,115.0,115.86,402540
TATNP,2014-04-01,116.24,116.73,115.61,116.24,159320
TATNP,2014-04-02,116.16,116.41,115.02,115.99,107700
TATNP,2014-04-03,116.4,116.99,115.75,116.85,171060
TATNP,2014-04-04,116.36,118.51,116.34,118.25,142910
TATNP,2014-04-07,117.5,117.54,115.22,116.0,152360
TATNP,2014-04-08,116.7,120.29,115.6,120.0,397900
TATNP,2014-04-09,119.83,122.45,118.2,119.91,143430
TATNP,2014-04-10,119.91,122.11,118.96,122.0,113130
TATNP,2014-04-11,120.51,122.03,120.0,121.8,146710
TATNP,2014-04-14,120.51,121.49,116.21,120.0,65900
TATNP,2014-04-15,121.0,122.25,119.3,119.36,826910
TATNP,2014-04-16,119.4,120.0,116.99,118.85,118650
TATNP,2014-04-17,120.0,121.0,118.5,121.0,182960
TATNP,2014-04-18,124.55,126.01,122.06,124.11,698070
TATNP,2014-04-21,123.64,124.75,123.25,123.26,50850
TATNP,2014-04-22,123.03,123.16,121.34,121.5,40700
TATNP,2014-04-23,121.31,121.49,120.6,121.15,444250
TATNP,2014-04-24,121.0,121.95,119.1,119.1,321310
TATNP,2014-04-25,119.0,124.9,118.5,120.9,107430
TATNP,2014-04-28,120.7,124.0,119.51,121.5,236190
TATNP,2014-04-29,122.99,123.97,120.17,121.68,155880
TATNP,2014-04-30,121.99,123.83,121.58,121.86,21800
TATNP,2014-05-02,122.77,123.48,122.3,123.47,69800
TATNP,2014-05-05,122.99,123.5,121.07,122.75,25670
TATNP,2014-05-06,122.88,122.9,121.03,122.89,19960
TATNP,2014-05-07,122.87,125.29,122.17,125.2,91760
TATNP,2014-05-08,125.98,125.99,122.78,124.28,51640
TATNP,2014-05-12,127.0,127.0,124.0,124.94,24330
TATNP,2014-05-13,125.99,126.0,124.79,124.81,23010
TATNP,2014-05-14,124.81,125.31,123.3,125.3,29740
TATNP,2014-05-15,125.0,125.76,122.22,124.0,189200
TATNP,2014-05-16,123.39,124.94,122.1,124.52,70020
TATNP,2014-05-19,124.12,125.31,123.62,124.6,57140
TATNP,2014-05-20,124.92,125.93,123.84,125.85,110730
TATNP,2014-05-21,125.49,127.26,125.49,126.49,695510
TATNP,2014-05-22,126.04,126.04,125.5,125.79,47970
TATNP,2014-05-23,125.52,126.35,125.5,126.0,66490
TATNP,2014-05-26,126.42,126.7,125.5,125.82,52070
TATNP,2014-05-27,126.36,126.36,125.1,125.5,179110
TATNP,2014-05-28,125.01,126.28,125.0,125.5,23060
TATNP,2014-05-29,125.99,128.45,125.99,128.01,119450
TATNP,2014-05-30,128.03,128.03,125.5,126.0,237720
TATNP,2014-06-02,125.72,127.29,125.65,126.95,71600
TATNP,2014-06-03,126.41,127.11,124.32,125.0,76170
TATNP,2014-06-04,125.0,125.87,123.62,124.38,143900
TATNP,2014-06-05,123.7,125.0,123.66,124.4,74870
TATNP,2014-06-06,124.09,124.85,123.51,124.43,75340
TATNP,2014-06-09,124.3,125.0,123.61,124.56,109670
TATNP,2014-06-10,123.74,124.49,123.64,123.8,87460
TATNP,2014-06-11,123.72,125.2,123.47,125.0,411100
TATNP,2014-06-16,125.01,127.0,123.53,125.49,930400
TATNP,2014-06-17,125.37,127.88,124.63,127.87,165610
TATNP,2014-06-18,127.86,129.28,126.36,129.25,201580
TATNP,2014-06-19,129.02,129.85,128.25,128.25,56750
TATNP,2014-06-20,128.25,129.0,128.0,128.5,32570
TATNP,2014-06-23,128.5,129.71,128.5,129.12,22250
TATNP,2014-06-24,128.52,130.86,128.52,130.36,70060
TATNP,2014-06-25,129.95,131.64,129.95,130.32,32270
TATNP,2014-06-26,130.19,131.97,129.46,130.0,279170
TATNP,2014-06-27,129.99,130.98,129.99,130.98,182850
TATNP,2014-06-30,130.7,131.51,130.33,131.5,147260
TATNP,2014-07-01,130.96,132.49,130.96,132.01,25740
TATNP,2014-07-02,132.01,132.75,131.75,132.39,47880
TATNP,2014-07-03,132.35,137.98,132.0,136.23,161050
TATNP,2014-07-04,134.95,137.77,134.73,135.0,34170
TATNP,2014-07-07,135.98,136.5,134.76,136.06,41390
TATNP,2014-07-08,136.95,137.49,136.0,136.18,131070
TATNP,2014-07-09,136.0,136.75,135.99,136.5,362460
TATNP,2014-07-10,136.32,136.78,135.49,135.75,102370
TATNP,2014-07-11,135.63,136.1,135.0,136.0,56090
TATNP,2014-07-14,135.9,136.18,132.6,133.51,575230
TATNP,2014-07-15,128.18,128.18,125.0,128.0,121180
TATNP,2014-07-16,127.99,129.85,127.03,129.0,120570
TATNP,2014-07-17,128.51,129.55,127.55,128.53,366060
TATNP,2014-07-18,140.17,140.17,121.0,129.88,91940
TATNP,2014-07-21,129.88,129.88,127.0,127.0,214580
TATNP,2014-07-22,128.76,130.4,127.08,130.1,104600
TATNP,2014-07-23,127.88,131.48,127.88,130.7,71050
TATNP,2014-07-24,132.2,132.75,128.28,132.66,60100
TATNP,2014-07-25,132.65,132.65,131.01,131.01,20050
TATNP,2014-07-28,128.13,132.0,126.85,128.46,100130
TATNP,2014-07-29,130.56,133.42,127.1,132.1,48150
TATNP,2014-07-30,132.18,134.16,131.99,132.03,59010
TATNP,2014-07-31,132.04,133.0,131.29,131.31,262230
TATNP,2014-08-01,131.3,131.3,126.32,127.74,118950
TATNP,2014-08-04,127.76,130.0,127.53,129.99,33320
TATNP,2014-08-05,129.07,130.2,127.73,129.5,94010
TATNP,2014-08-06,129.49,130.24,127.02,129.0,55870
TATNP,2014-08-07,128.31,128.98,126.8,127.9,85040
TATNP,2014-08-08,127.9,129.84,127.17,127.7,45960
TATNP,2014-08-11,128.6,129.07,126.05,128.26,121360
TATNP,2014-08-12,127.74,128.5,126.23,128.0,800020
TATNP,2014-08-13,128.0,129.09,127.55,128.0,1499050
TATNP,2014-08-14,127.3,133.51,127.29,132.0,234790
TATNP,2014-08-15,131.62,135.0,129.57,134.43,230100
TATNP,2014-08-18,133.12,137.0,130.4,134.5,42260
TATNP,2014-08-19,134.39,135.6,133.73,134.44,25160
TATNP,2014-08-20,134.92,136.9,133.8,136.9,88670
TATNP,2014-08-21,137.05,137.6,136.39,137.12,41120
TATNP,2014-08-22,137.15,142.49,134.25,142.49,78760
TATNP,2014-08-25,139.5,142.0,138.5,138.72,35610
TATNP,2014-08-26,139.21,144.4,138.72,141.9,240820
TATNP,2014-08-27,141.9,143.85,140.65,141.96,7680
TATNP,2014-08-28,140.95,143.51,138.11,141.0,246480
TATNP,2014-08-29,141.92,150.0,137.7,137.8,100650
TATNP,2014-09-01,138.03,138.74,136.3,136.75,32610
TATNP,2014-09-02,136.96,139.93,134.11,138.88,167560
TATNP,2014-09-03,137.3,141.98,137.3,139.53,55580
TATNP,2014-09-04,139.99,141.35,139.98,140.32,40290
TATNP,2014-09-05,140.95,143.44,139.91,143.44,45360
TATNP,2014-09-08,143.22,143.35,119.57,141.0,122270
TATNP,2014-09-09,141.59,142.5,140.09,140.09,26860
TATNP,2014-09-10,139.76,144.8,139.14,143.68,58850
TATNP,2014-09-11,143.68,144.4,140.04,140.7,158360
TATNP,2014-09-12,140.86,141.65,139.09,139.61,34140
TATNP,2014-09-15,139.01,140.18,137.2,138.0,222780
TATNP,2014-09-16,138.11,139.88,137.03,139.88,149520
TATNP,2014-09-17,139.37,140.96,136.3,137.0,486740
TATNP,2014-09-18,139.4,140.98,136.41,137.0,72140
TATNP,2014-09-19,136.7,143.99,136.51,142.65,455580
TATNP,2014-09-22,142.65,142.65,138.0,139.7,108690
TATNP,2014-09-23,137.7,142.44,137.7,141.47,308590
TATNP,2014-09-24,141.5,146.98,141.5,146.98,101240
TATNP,2014-09-25,147.0,148.99,143.5,143.5,138250
TATNP,2014-09-26,144.04,144.97,142.04,144.56,80320
TATNP,2014-09-29,144.94,147.41,140.3,145.0,205230
TATNP,2014-09-30,145.01,146.0,143.2,144.02,23840
TATNP,2014-10-01,143.4,148.5,141.8,147.0,72520
TATNP,2014-10-02,145.1,145.4,141.2,143.5,98930
TATNP,2014-10-03,142.9,148.0,142.4,147.4,66100
TATNP,2014-10-06,146.4,149.9,146.4,148.0,37790
TATNP,2014-10-07,148.0,149.5,146.0,147.0,14580
TATNP,2014-10-08,147.0,147.7,144.0,147.0,120480
TATNP,2014-10-09,147.2,147.5,143.3,144.0,34510
TATNP,2014-10-10,142.4,143.3,139.2,140.3,86590
TATNP,2014-10-13,141.5,146.0,140.1,146.0,264860
TATNP,2014-10-14,143.5,146.2,143.0,143.0,49660
TATNP,2014-10-15,143.9,143.9,139.8,140.1,55900
TATNP,2014-10-16,141.1,142.0,135.6,136.0,43520
TATNP,2014-10-17,138.4,141.2,136.7,137.0,79980
TATNP,2014-10-20,139.8,139.8,132.3,132.7,144190
TATNP,2014-10-21,132.2,132.5,130.3,131.1,444920
TATNP,2014-10-22,131.8,133.0,131.5,132.0,118130
TATNP,2014-10-23,131.7,132.2,130.4,131.2,36140
TATNP,2014-10-24,131.9,133.0,130.7,132.6,275080
TATNP,2014-10-27,133.2,138.0,132.9,136.3,118650
TATNP,2014-10-28,135.4,140.8,135.4,137.5,166990
TATNP,2014-10-29,138.2,139.2,136.3,139.2,175200
TATNP,2014-10-30,139.5,141.8,136.5,138.5,295160
TATNP,2014-10-31,139.6,145.7,138.0,144.3,253940
TATNP,2014-11-03,143.9,146.7,143.2,145.8,90870
TATNP,2014-11-05,144.0,147.4,140.2,145.2,177800
TATNP,2014-11-06,146.9,148.0,145.2,148.0,211070
TATNP,2014-11-07,147.0,149.7,144.2,148.4,694000
TATNP,2014-11-10,147.4,150.5,147.1,147.8,126760
TATNP,2014-11-11,148.2,148.6,146.9,147.8,32680
TATNP,2014-11-12,147.6,153.4,147.2,152.0,218600
TATNP,2014-11-13,152.9,153.2,144.5,145.1,590730
TATNP,2014-11-14,142.9,146.8,142.9,144.9,174800
TATNP,2014-11-17,145.9,146.1,144.7,145.4,435520
TATNP,2014-11-18,145.2,147.5,143.2,146.2,47370
TATNP,2014-11-19,146.4,146.8,143.6,146.0,89670
TATNP,2014-11-20,147.0,150.0,145.3,147.9,59470
TATNP,2014-11-21,147.5,149.0,146.3,147.9,39060
TATNP,2014-11-24,148.0,148.7,145.8,147.8,35360
TATNP,2014-11-25,146.3,148.0,146.2,147.3,72050
TATNP,2014-11-26,148.4,151.6,143.1,146.6,220450
TATNP,2014-11-27,147.3,151.0,147.3,149.0,175910
TATNP,2014-11-28,150.0,150.0,146.9,147.3,52080
TATNP,2014-12-01,146.9,150.2,143.2,149.3,342010
TATNP,2014-12-02,149.7,151.3,146.8,148.9,76480
TATNP,2014-12-03,148.5,149.4,146.0,148.4,246520
TATNP,2014-12-04,148.4,149.9,146.5,147.7,145910
TATNP,2014-12-05,146.6,149.4,143.6,145.0,131160
TATNP,2014-12-08,145.0,148.1,140.4,140.4,169700
TATNP,2014-12-09,139.6,144.9,137.5,141.2,56190
TATNP,2014-12-10,144.7,147.3,143.0,145.0,565940
TATNP,2014-12-11,142.8,145.4,142.1,144.0,97890
TATNP,2014-12-12,143.9,145.3,141.2,142.0,137270
TATNP,2014-12-15,144.9,144.9,134.8,134.8,90210
TATNP,2014-12-16,134.5,137.0,116.5,129.8,446060
TATNP,2014-12-17,130.5,132.0,120.1,126.4,573450
TATNP,2014-12-18,127.6,137.0,126.9,133.0,84970
TATNP,2014-12-19,134.9,137.0,127.3,127.7,123940
TATNP,2014-12-22,129.9,133.0,128.0,130.9,56230
TATNP,2014-12-23,131.8,132.1,130.0,130.5,29000
TATNP,2014-12-24,131.6,132.0,125.7,129.1,87970
TATNP,2014-12-25,131.2,133.7,127.4,133.7,20520
TATNP,2014-12-26,130.5,136.0,130.5,136.0,36780
TATNP,2014-12-29,134.9,137.5,133.1,135.8,104760
TATNP,2014-12-30,134.8,135.6,131.1,134.1,172670
TATNP,2015-01-05,132.0,136.8,130.7,134.7,30710
TATNP,2015-01-06,136.3,137.8,133.7,135.3,21730
TATNP,2015-01-08,134.1,136.9,134.1,136.0,110990
TATNP,2015-01-09,135.5,135.5,132.8,134.5,52790
TATNP,2015-01-12,134.6,135.1,133.0,133.3,14960
TATNP,2015-01-13,134.3,134.6,130.7,133.8,55700
TATNP,2015-01-14,132.8,135.5,131.8,132.2,325070
TATNP,2015-01-15,133.5,138.5,133.0,137.5,373570
TATNP,2015-01-16,137.0,138.0,135.3,137.3,198910
TATNP,2015-01-19,137.0,138.0,135.3,136.7,382940
TATNP,2015-01-20,136.9,138.0,133.4,137.4,1060630
TATNP,2015-01-21,137.5,140.9,136.7,140.9,95010
TATNP,2015-01-22,141.0,151.1,139.9,150.9,789950
TATNP,2015-01-23,150.1,152.5,149.0,151.8,238210
TATNP,2015-01-26,151.1,151.1,143.5,150.0,155900
TATNP,2015-01-27,149.1,153.8,143.7,148.0,162570
TATNP,2015-01-28,149.3,160.9,148.1,154.2,385130
TATNP,2015-01-29,154.5,159.4,153.9,155.2,63960
TATNP,2015-01-30,156.3,157.7,153.7,157.7,134050
TATNP,2015-02-02,159.0,164.7,156.1,161.0,159160
TATNP,2015-02-03,161.7,164.0,160.4,163.4,71590
TATNP,2015-02-04,163.5,169.8,158.3,164.9,91100
TATNP,2015-02-05,162.5,173.0,159.9,171.5,75500
TATNP,2015-02-06,171.2,183.9,171.1,181.8,429650
TATNP,2015-02-09,182.3,189.9,175.2,184.0,249800
TATNP,2015-02-10,184.8,189.5,180.0,183.8,135410
TATNP,2015-02-11,186.0,188.9,181.6,183.7,124960
TATNP,2015-02-12,187.8,192.0,181.8,185.9,217910
TATNP,2015-02-13,189.9,190.0,183.6,185.0,101190
TATNP,2015-02-16,184.0,187.9,175.0,176.8,70770
TATNP,2015-02-17,179.2,182.2,171.5,173.4,162410
TATNP,2015-02-18,174.1,177.5,173.0,177.5,265490
TATNP,2015-02-19,177.5,180.9,174.9,179.4,337680
TATNP,2015-02-20,181.0,181.2,177.2,178.0,62180
TATNP,2015-02-24,175.1,181.3,175.1,181.3,99780
TATNP,2015-02-25,180.1,181.5,173.1,174.0,280920
TATNP,2015-02-26,175.2,179.1,169.8,170.9,206340
TATNP,2015-02-27,169.9,170.3,165.5,168.6,150450
TATNP,2015-03-02,168.6,170.9,166.9,169.8,85080
TATNP,2015-03-03,169.2,177.0,167.2,176.0,126790
TATNP,2015-03-04,175.1,181.0,173.5,175.9,130290
TATNP,2015-03-05,175.0,177.9,170.4,171.0,109010
TATNP,2015-03-06,172.2,172.2,163.1,163.9,100800
TATNP,2015-03-10,163.8,164.0,159.0,160.5,44910
TATNP,2015-03-11,160.5,163.7,160.0,162.1,123950
TATNP,2015-03-12,163.0,165.7,160.8,164.9,306450
TATNP,2015-03-13,164.5,165.4,161.0,162.8,136620
TATNP,2015-03-16,162.8,162.9,156.4,156.4,129590
TATNP,2015-03-17,158.3,160.6,156.4,156.5,58860
TATNP,2015-03-18,156.8,165.0,155.3,165.0,114080
TATNP,2015-03-19,167.0,169.5,160.8,163.0,114580
TATNP,2015-03-20,161.8,166.1,161.3,164.7,78310
TATNP,2015-03-23,166.0,166.9,162.4,164.0,56920
TATNP,2015-03-24,163.4,164.8,160.4,164.5,75850
TATNP,2015-03-25,164.5,167.5,162.2,165.1,128320
TATNP,2015-03-26,166.6,168.5,160.2,160.6,63380
TATNP,2015-03-27,163.1,163.6,156.8,160.3,154410
TATNP,2015-03-30,159.6,169.4,159.6,168.8,100640
TATNP,2015-03-31,168.1,169.3,165.7,165.7,84180
TATNP,2015-04-01,165.6,171.5,165.6,169.6,113000
TATNP,2015-04-02,169.6,170.0,163.9,166.8,480400
TATNP,2015-04-03,166.8,168.0,165.3,165.9,38530
TATNP,2015-04-06,165.9,170.0,165.2,166.6,78930
TATNP,2015-04-07,169.4,169.4,163.5,164.0,249780
TATNP,2015-04-08,164.9,167.6,164.5,167.4,179990
TATNP,2015-04-09,166.3,167.4,164.5,164.5,256500
TATNP,2015-04-10,165.4,167.0,161.0,161.9,159240
TATNP,2015-04-13,163.0,167.9,162.3,165.0,129320
TATNP,2015-04-14,165.1,165.8,162.2,164.3,64090
TATNP,2015-04-15,164.0,166.2,163.1,166.0,158860
TATNP,2015-04-16,166.0,168.8,163.3,168.0,259580
TATNP,2015-04-17,169.0,169.6,163.8,164.0,100510
TATNP,2015-04-20,164.7,166.0,163.6,166.0,60350
TATNP,2015-04-21,170.2,170.2,164.5,165.8,108420
TATNP,2015-04-22,166.0,167.9,163.0,165.8,78510
TATNP,2015-04-23,166.0,167.5,162.3,165.4,148190
TATNP,2015-04-24,164.1,166.3,162.8,165.3,150380
TATNP,2015-04-27,165.2,171.4,165.2,169.6,124580
TATNP,2015-04-28,170.0,170.6,166.6,167.9,112580
TATNP,2015-04-29,167.9,170.6,163.7,167.2,107570
TATNP,2015-04-30,165.5,168.3,165.4,167.0,122750
TATNP,2015-05-05,168.6,169.3,165.5,166.5,198000
TATNP,2015-05-06,168.1,168.1,165.0,166.5,384760
TATNP,2015-05-07,165.4,166.0,164.0,165.5,112670
TATNP,2015-05-08,165.2,167.1,164.0,166.5,226010
TATNP,2015-05-12,171.3,171.3,165.4,166.5,200660
TATNP,2015-05-13,166.6,167.0,165.7,166.0,28600
TATNP,2015-05-14,166.5,167.7,163.2,163.2,78860
TATNP,2015-05-15,169.6,169.6,162.1,163.9,30840
TATNP,2015-05-18,164.7,166.0,162.0,162.2,159410
TATNP,2015-05-19,157.5,163.8,157.5,160.9,288920
TATNP,2015-05-20,160.2,161.4,158.8,160.6,62640
TATNP,2015-05-21,161.0,161.6,159.6,160.7,147780
TATNP,2015-05-22,160.5,161.6,159.5,160.9,107600
TATNP,2015-05-25,160.6,160.6,157.6,158.1,187730
TATNP,2015-05-26,158.9,159.7,155.6,156.9,95770
TATNP,2015-05-27,157.0,160.0,154.7,158.3,123110
TATNP,2015-05-28,158.9,162.9,158.8,160.1,117870
TATNP,2015-05-29,161.4,162.5,155.0,155.0,85540
TATNP,2015-06-01,155.0,159.0,155.0,157.1,36550
TATNP,2015-06-02,157.4,158.9,157.3,158.1,144980
TATNP,2015-06-03,158.1,158.7,153.6,153.7,92260
TATNP,2015-06-04,155.6,157.9,154.1,155.0,60120
TATNP,2015-06-05,156.1,157.3,154.9,156.6,50230
TATNP,2015-06-08,157.0,157.2,154.9,156.0,45320
TATNP,2015-06-09,156.0,156.5,155.1,155.2,76300
TATNP,2015-06-10,155.2,156.9,154.5,155.9,54160
TATNP,2015-06-11,154.8,155.6,152.4,152.4,260460
TATNP,2015-06-15,154.1,154.1,152.0,152.5,215780
TATNP,2015-06-16,152.7,153.9,152.3,152.4,171160
TATNP,2015-06-17,152.9,155.8,151.4,155.8,306870
TATNP,2015-06-18,155.9,158.1,155.0,157.0,79180
TATNP,2015-06-19,157.9,157.9,154.0,154.0,19350
TATNP,2015-06-22,155.6,157.5,155.0,156.3,124590
TATNP,2015-06-23,157.9,158.3,156.0,158.1,53330
TATNP,2015-06-24,157.6,158.9,156.5,157.5,31900
TATNP,2015-06-25,157.8,159.0,157.0,157.3,42070
TATNP,2015-06-26,158.6,158.9,155.4,157.5,17520
TATNP,2015-06-29,157.4,158.3,156.7,157.6,13980
TATNP,2015-06-30,157.6,158.9,156.0,156.1,257400
TATNP,2015-07-01,156.9,158.0,156.3,157.7,32050
TATNP,2015-07-02,158.7,159.6,156.5,159.4,69370
TATNP,2015-07-03,159.5,159.7,156.8,157.9,23380
TATNP,2015-07-06,157.4,159.6,157.0,158.8,23330
TATNP,2015-07-07,158.8,160.4,157.9,158.6,28880
TATNP,2015-07-08,158.3,158.3,154.1,157.9,157230
TATNP,2015-07-09,158.0,160.0,157.8,158.9,49060
TATNP,2015-07-10,159.8,160.6,157.4,159.7,111750
TATNP,2015-07-13,159.9,164.0,159.8,162.0,194890
TATNP,2015-07-14,152.8,155.7,152.0,154.6,181590
TATNP,2015-07-15,155.0,156.0,150.0,154.9,67270
TATNP,2015-07-16,153.1,154.8,153.1,153.9,31130
TATNP,2015-07-17,154.5,155.4,153.0,153.0,10490
TATNP,2015-07-20,152.5,154.0,152.5,153.8,125330
TATNP,2015-07-21,154.0,156.2,153.4,156.2,120710
TATNP,2015-07-22,155.9,158.5,155.8,158.0,254990
TATNP,2015-07-23,157.6,159.0,153.2,158.8,209620
TATNP,2015-07-24,157.9,158.4,152.5,152.5,46550
TATNP,2015-07-27,154.0,155.4,153.0,154.7,70770
TATNP,2015-07-28,154.7,156.7,154.6,155.5,70610
TATNP,2015-07-29,155.9,157.2,154.7,156.1,135850
TATNP,2015-07-30,156.1,160.0,154.7,159.0,46520
TATNP,2015-07-31,158.7,162.9,156.7,162.4,89390
TATNP,2015-08-03,162.1,163.9,159.3,160.0,84620
TATNP,2015-08-04,160.0,161.3,159.6,160.4,135670
TATNP,2015-08-05,160.5,165.8,159.5,165.4,288830
TATNP,2015-08-06,165.9,167.9,161.5,164.0,218360
TATNP,2015-08-07,163.3,165.0,161.9,163.7,35460
TATNP,2015-08-10,156.3,165.6,155.1,163.5,221050
TATNP,2015-08-11,164.1,168.5,163.9,166.0,448480
TATNP,2015-08-12,165.6,167.6,162.8,167.1,156370
TATNP,2015-08-13,168.0,169.3,167.6,168.0,66730
TATNP,2015-08-14,168.5,171.1,168.0,169.5,94240
TATNP,2015-08-17,170.0,170.0,168.0,169.8,68690
TATNP,2015-08-18,170.2,170.6,166.1,170.0,127340
TATNP,2015-08-19,169.8,170.1,164.0,164.6,79160
TATNP,2015-08-20,164.6,166.8,163.7,165.0,36870
TATNP,2015-08-21,165.0,165.0,161.9,162.1,159510
TATNP,2015-08-24,161.8,162.3,156.7,160.0,358950
TATNP,2015-08-25,159.9,164.2,158.8,161.5,53210
TATNP,2015-08-26,161.0,162.1,156.2,161.1,71310
TATNP,2015-08-27,162.9,169.5,161.8,168.8,183670
TATNP,2015-08-28,169.8,174.8,166.0,174.7,416720
TATNP,2015-08-31,175.0,175.0,171.8,174.0,283700
TATNP,2015-09-01,175.0,175.6,172.3,174.7,134930
TATNP,2015-09-02,174.0,179.7,170.5,176.9,145050
TATNP,2015-09-03,176.9,186.4,172.2,181.0,615460
TATNP,2015-09-04,179.3,180.9,177.3,178.4,65470
TATNP,2015-09-07,179.1,180.9,178.3,179.1,78800
TATNP,2015-09-08,179.9,185.0,178.4,179.4,74010
TATNP,2015-09-09,179.4,182.0,178.8,180.1,156250
TATNP,2015-09-10,175.6,181.8,175.1,181.0,200610
TATNP,2015-09-11,181.9,181.9,180.0,180.0,36370
TATNP,2015-09-14,179.9,181.8,178.4,180.0,90830
TATNP,2015-09-15,179.5,180.9,179.0,180.8,104080
TATNP,2015-09-16,181.1,181.8,179.0,179.3,59140
TATNP,2015-09-17,180.9,181.9,178.9,180.0,178740
TATNP,2015-09-18,180.0,187.2,180.0,185.0,4619320
TATNP,2015-09-21,187.0,187.0,177.7,179.4,608280
TATNP,2015-09-22,180.0,180.0,170.6,171.3,200350
TATNP,2015-09-23,171.7,172.5,168.0,168.6,126980
TATNP,2015-09-24,168.4,175.9,165.5,171.5,73140
TATNP,2015-09-25,172.2,172.2,170.4,172.2,21540
TATNP,2015-09-28,171.9,172.3,169.1,170.0,51510
TATNP,2015-09-29,170.0,172.5,170.0,171.0,186400
TATNP,2015-09-30,171.2,172.5,169.3,172.0,162820
TATNP,2015-10-01,172.0,174.2,170.8,172.8,235700
TATNP,2015-10-02,172.7,175.3,171.9,172.1,39900
TATNP,2015-10-05,175.0,175.0,172.2,174.8,148560
TATNP,2015-10-06,176.0,177.7,173.1,175.0,58380
TATNP,2015-10-07,175.0,176.8,173.0,174.5,43210
TATNP,2015-10-08,173.0,177.1,172.3,175.5,259890
TATNP,2015-10-09,174.2,180.4,174.2,178.0,111430
TATNP,2015-10-12,173.2,179.9,171.3,172.9,302570
TATNP,2015-10-13,171.8,176.1,170.1,173.8,99130
TATNP,2015-10-14,173.1,175.3,172.4,172.9,107340
TATNP,2015-10-15,173.9,175.3,173.0,173.1,95370
TATNP,2015-10-16,173.0,174.7,170.1,172.1,127810
TATNP,2015-10-19,174.7,174.7,170.5,173.6,203390
TATNP,2015-10-20,170.6,175.5,170.5,173.8,140880
TATNP,2015-10-21,173.0,174.6,172.3,174.0,82350
TATNP,2015-10-22,174.2,174.4,172.0,174.4,42040
TATNP,2015-10-23,174.5,179.4,174.5,174.9,41110
TATNP,2015-10-26,175.8,178.7,175.6,178.1,59610
TATNP,2015-10-27,178.2,183.8,176.4,183.7,44900
TATNP,2015-10-28,183.3,183.5,182.0,182.9,35030
TATNP,2015-10-29,182.7,182.7,178.9,180.0,99300
TATNP,2015-10-30,179.7,181.0,179.7,180.9,51390
TATNP,2015-11-02,181.4,182.7,180.0,182.3,44650
TATNP,2015-11-03,182.8,185.4,182.0,184.8,158330
TATNP,2015-11-05,186.4,187.0,182.3,186.8,131170
TATNP,2015-11-06,187.7,190.8,187.5,188.5,181780
TATNP,2015-11-09,189.7,196.5,189.4,196.5,95380
TATNP,2015-11-10,195.6,196.3,190.1,191.8,166290
TATNP,2015-11-11,191.4,194.7,189.8,191.7,145300
TATNP,2015-11-12,191.8,192.0,190.1,191.3,124860
TATNP,2015-11-13,190.8,190.8,187.5,189.5,60120
TATNP,2015-11-16,190.2,191.6,186.5,189.6,66400
TATNP,2015-11-17,190.4,192.5,190.2,192.4,91730
TATNP,2015-11-18,192.1,195.0,191.4,191.4,107910
TATNP,2015-11-19,193.0,197.9,192.1,193.6,75500
TATNP,2015-11-20,194.5,198.5,193.7,196.0,78020
TATNP,2015-11-23,198.4,205.0,195.1,203.9,103560
TATNP,2015-11-24,202.4,204.1,197.1,199.3,348900
TATNP,2015-11-25,198.8,201.7,198.8,200.7,70100
TATNP,2015-11-26,201.2,202.0,199.1,199.1,73990
TATNP,2015-11-27,198.9,200.8,194.2,195.8,62940
TATNP,2015-11-30,195.4,196.8,192.7,193.5,290830
TATNP,2015-12-01,193.2,194.1,189.6,190.0,148660
TATNP,2015-12-02,191.4,193.0,189.8,193.0,263080
TATNP,2015-12-03,193.2,194.0,190.2,192.5,13610
TATNP,2015-12-04,193.3,194.8,189.0,192.8,79460
TATNP,2015-12-07,193.5,194.4,189.1,192.4,227930
TATNP,2015-12-08,193.7,197.4,182.7,187.8,226780
TATNP,2015-12-09,187.6,188.7,182.5,183.4,144630
TATNP,2015-12-10,183.6,183.6,180.1,180.8,214370
TATNP,2015-12-11,180.7,182.2,180.0,180.7,217910
TATNP,2015-12-14,180.0,180.0,178.1,178.8,34380
TATNP,2015-12-15,180.0,184.5,179.1,184.5,120280
TATNP,2015-12-16,185.1,188.7,183.5,187.5,67720
TATNP,2015-12-17,191.8,191.8,182.0,185.3,164970
TATNP,2015-12-18,187.0,188.7,184.5,187.0,185820
TATNP,2015-12-21,187.0,188.9,187.0,187.6,51940
TATNP,2015-12-22,187.6,190.0,187.0,187.5,35000
TATNP,2015-12-23,188.4,189.4,187.5,188.0,16390
TATNP,2015-12-24,189.0,190.9,187.4,188.3,24120
TATNP,2015-12-25,187.5,193.0,187.5,187.9,48880
TATNP,2015-12-28,188.2,189.6,187.0,187.4,38860
TATNP,2015-12-29,188.3,194.8,187.9,193.6,52670
TATNP,2015-12-30,194.6,201.7,192.0,199.1,231380
TATNP,2016-01-04,204.0,204.0,198.2,200.5,143490
TATNP,2016-01-05,200.0,201.0,194.2,200.0,52000
TATNP,2016-01-06,202.7,203.2,196.1,198.5,14850
TATNP,2016-01-11,196.0,197.0,193.3,195.8,59300
TATNP,2016-01-12,194.6,195.0,192.1,193.0,37720
TATNP,2016-01-13,193.4,193.9,189.0,189.0,18650
TATNP,2016-01-14,188.8,189.7,186.2,187.7,40380
TATNP,2016-01-15,187.8,189.7,181.0,184.6,60470
TATNP,2016-01-18,180.0,186.9,180.0,186.0,35040
TATNP,2016-01-19,187.3,189.7,185.0,186.0,53440
TATNP,2016-01-20,185.2,186.3,183.0,183.4,75270
TATNP,2016-01-21,185.2,186.5,182.6,182.6,46220
TATNP,2016-01-22,185.3,189.9,183.6,186.3,228100
TATNP,2016-01-25,187.1,190.0,185.2,190.0,50570
TATNP,2016-01-26,187.7,189.6,185.5,186.0,38430
TATNP,2016-01-27,186.0,187.8,185.0,187.8,9600
TATNP,2016-01-28,187.5,187.5,182.5,182.5,341550
TATNP,2016-01-29,184.3,186.7,184.0,184.9,324990
TATNP,2016-02-01,186.0,187.7,184.3,186.3,78770
TATNP,2016-02-02,185.3,186.9,182.7,183.1,128750
TATNP,2016-02-03,182.7,186.0,182.7,183.8,118660
TATNP,2016-02-04,184.6,190.9,184.6,190.5,213080
TATNP,2016-02-05,189.7,189.8,186.0,186.9,53060
TATNP,2016-02-08,187.2,190.0,183.4,183.7,62320
TATNP,2016-02-09,184.5,186.2,181.3,183.1,43590
TATNP,2016-02-10,182.9,185.0,178.1,180.7,294020
TATNP,2016-02-11,180.5,180.5,175.1,176.0,112960
TATNP,2016-02-12,176.1,179.0,175.3,177.4,312110
TATNP,2016-02-15,179.0,179.4,177.5,178.3,171200
TATNP,2016-02-16,179.0,180.8,178.1,180.7,119590
TATNP,2016-02-17,181.0,184.2,179.2,182.9,152870
TATNP,2016-02-18,183.9,184.6,182.5,183.7,106070
TATNP,2016-02-19,182.1,185.0,181.7,183.4,254540
TATNP,2016-02-20,184.2,184.2,182.2,183.1,6680
TATNP,2016-02-22,182.7,186.4,182.7,185.3,68870
TATNP,2016-02-24,184.4,186.0,181.8,185.0,122030
TATNP,2016-02-25,185.8,186.7,182.2,185.0,40990
TATNP,2016-02-26,185.3,186.7,182.8,182.8,43660
TATNP,2016-02-29,182.9,186.0,182.0,186.0,56460
TATNP,2016-03-01,186.7,189.3,185.0,189.3,52770
TATNP,2016-03-02,189.5,191.0,187.8,190.0,73000
TATNP,2016-03-03,190.5,195.0,190.2,194.6,79640
TATNP,2016-03-04,195.1,196.1,193.7,195.0,99340
TATNP,2016-03-07,195.1,197.5,194.9,196.5,43240
TATNP,2016-03-09,195.0,198.3,193.1,197.0,188660
TATNP,2016-03-10,195.0,200.1,194.4,198.1,262010
TATNP,2016-03-11,198.0,199.8,196.9,199.8,33980
TATNP,2016-03-14,200.6,200.6,195.5,196.8,23320
TATNP,2016-03-15,197.5,198.2,194.6,198.2,164570
TATNP,2016-03-16,198.4,201.7,196.8,200.6,193270
TATNP,2016-03-17,201.5,203.6,197.0,198.0,133110
TATNP,2016-03-18,198.8,204.5,197.2,203.0,316920
TATNP,2016-03-21,202.6,204.4,201.5,201.5,124420
TATNP,2016-03-22,201.9,202.2,196.2,198.3,95720
TATNP,2016-03-23,197.5,199.8,196.0,197.3,26780
TATNP,2016-03-24,198.1,204.1,195.8,203.0,376250
TATNP,2016-03-25,203.6,203.6,200.5,200.6,33080
TATNP,2016-03-28,203.5,203.5,199.8,201.3,24400
TATNP,2016-03-29,201.3,203.7,199.8,201.0,51120
TATNP,2016-03-30,202.4,204.1,199.6,202.9,215780
TATNP,2016-03-31,200.3,203.4,197.1,203.4,244290
TATNP,2016-04-01,200.5,200.5,196.3,199.5,73310
TATNP,2016-04-04,199.9,199.9,196.1,197.8,64410
TATNP,2016-04-05,197.1,198.2,194.0,195.9,107280
TATNP,2016-04-06,196.8,199.1,194.1,198.2,29070
TATNP,2016-04-07,198.7,200.8,196.7,198.0,69790
TATNP,2016-04-08,199.4,199.4,197.9,199.0,13370
TATNP,2016-04-11,199.5,204.4,198.6,204.4,152100
TATNP,2016-04-12,204.0,205.3,199.8,200.0,85040
TATNP,2016-04-13,202.9,203.5,199.4,201.5,37010
TATNP,2016-04-14,195.2,201.4,190.1,195.0,189310
TATNP,2016-04-15,193.1,200.0,193.1,196.8,45430
TATNP,2016-04-18,192.3,196.7,192.2,196.7,95740
TATNP,2016-04-19,195.0,200.8,195.0,197.8,60350
TATNP,2016-04-20,195.1,198.6,193.3,198.6,71600
TATNP,2016-04-21,195.2,200.0,193.2,196.4,94760
TATNP,2016-04-22,196.0,198.9,195.0,198.7,145370
TATNP,2016-04-25,196.0,200.0,196.0,199.8,37210
TATNP,2016-04-26,195.3,199.9,195.3,197.9,50150
TATNP,2016-04-27,199.9,199.9,193.2,194.4,161260
TATNP,2016-04-28,195.1,195.1,192.1,193.0,99110
TATNP,2016-04-29,194.5,196.3,190.6,192.0,135220
TATNP,2016-05-04,192.0,192.0,182.1,184.5,188950
TATNP,2016-05-05,184.3,185.5,182.6,183.5,157960
TATNP,2016-05-06,184.8,184.8,182.0,183.0,70970
TATNP,2016-05-10,183.2,186.0,182.6,186.0,96460
TATNP,2016-05-11,186.0,187.7,183.4,183.9,78400
TATNP,2016-05-12,184.7,186.6,183.5,184.8,119720
TATNP,2016-05-13,184.7,186.4,183.7,186.3,18830
TATNP,2016-05-16,186.3,187.1,183.2,183.5,60090
TATNP,2016-05-17,184.0,187.0,181.6,184.0,157170
TATNP,2016-05-18,183.6,185.0,183.0,184.1,42510
TATNP,2016-05-19,184.0,184.2,181.1,182.1,163950
TATNP,2016-05-20,182.4,182.4,178.2,178.2,95030
TATNP,2016-05-23,179.5,179.5,176.4,177.0,170680
TATNP,2016-05-24,179.0,179.0,175.0,176.6,59160
TATNP,2016-05-25,176.8,178.0,175.1,175.1,121290
TATNP,2016-05-26,176.9,179.0,175.5,176.2,114560
TATNP,2016-05-27,177.0,177.2,174.5,175.3,116870
TATNP,2016-05-30,175.9,176.7,173.5,175.5,128260
TATNP,2016-05-31,173.9,175.9,171.0,171.9,110290
TATNP,2016-06-01,172.2,173.8,170.7,173.5,85800
TATNP,2016-06-02,174.5,175.8,171.3,175.5,190840
TATNP,2016-06-03,175.8,176.9,174.3,175.2,362610
TATNP,2016-06-06,175.8,178.9,175.8,177.8,65760
TATNP,2016-06-07,177.7,182.2,177.7,180.3,696050
TATNP,2016-06-08,181.4,184.0,177.6,179.5,53370
TATNP,2016-06-09,181.4,181.4,175.4,175.8,52600
TATNP,2016-06-10,175.9,176.6,172.0,173.1,122810
TATNP,2016-06-14,173.0,175.4,170.1,175.4,104850
TATNP,2016-06-15,174.8,175.5,171.7,172.3,62330
TATNP,2016-06-16,172.7,173.4,170.0,173.4,66130
TATNP,2016-06-17,173.0,177.5,172.5,177.5,72470
TATNP,2016-06-20,176.9,177.2,175.3,176.3,68170
TATNP,2016-06-21,175.3,178.5,175.2,176.2,203000
TATNP,2016-06-22,177.5,178.0,175.6,175.6,39850
TATNP,2016-06-23,175.3,177.9,174.8,177.5,44430
TATNP,2016-06-24,172.5,176.9,170.9,174.7,105950
TATNP,2016-06-27,174.8,176.1,172.5,172.5,71600
TATNP,2016-06-28,174.7,176.0,173.7,175.2,25560
TATNP,2016-06-29,175.3,177.6,175.2,176.9,62390
TATNP,2016-06-30,178.6,178.6,175.6,176.5,66490
TATNP,2016-07-01,177.0,178.7,176.4,178.4,104670
TATNP,2016-07-04,178.8,179.7,177.3,178.3,67360
TATNP,2016-07-05,178.1,178.3,176.2,176.4,90100
TATNP,2016-07-06,177.5,177.7,175.6,177.2,250630
TATNP,2016-07-07,168.3,171.6,168.1,170.7,471640
TATNP,2016-07-08,170.4,170.6,168.5,169.8,125520
TATNP,2016-07-11,169.0,170.2,168.8,169.9,168150
TATNP,2016-07-12,170.0,171.0,165.2,170.2,667850
TATNP,2016-07-13,169.4,170.0,166.0,166.0,149140
TATNP,2016-07-14,168.0,168.0,165.6,167.3,81860
TATNP,2016-07-15,167.6,169.0,165.7,168.4,141490
TATNP,2016-07-18,168.4,169.6,165.5,166.8,201370
TATNP,2016-07-19,166.8,167.6,164.2,164.8,109220
TATNP,2016-07-20,164.9,165.6,163.3,164.4,126580
TATNP,2016-07-21,164.9,165.0,160.9,160.9,306040
TATNP,2016-07-22,161.0,161.4,158.7,159.5,480570
TATNP,2016-07-25,159.5,162.8,159.4,162.6,366630
TATNP,2016-07-26,163.0,165.0,162.6,164.6,117770
TATNP,2016-07-27,164.2,167.3,164.0,165.9,319500
TATNP,2016-07-28,163.0,167.1,163.0,166.6,43220
TATNP,2016-07-29,166.8,169.2,165.7,169.0,288260
TATNP,2016-08-01,169.5,171.5,169.1,171.3,495350
TATNP,2016-08-02,171.0,172.4,169.2,170.9,495280
TATNP,2016-08-03,171.4,171.4,168.1,168.6,169070
TATNP,2016-08-04,169.2,170.8,169.0,169.7,248070
TATNP,2016-08-05,170.6,172.0,169.5,171.9,276590
TATNP,2016-08-08,172.2,173.2,171.7,172.5,89370
TATNP,2016-08-09,172.0,172.8,171.2,171.7,58530
TATNP,2016-08-10,172.7,172.8,170.0,171.7,94580
TATNP,2016-08-11,171.8,172.0,170.1,171.5,47810
TATNP,2016-08-12,170.5,175.9,170.5,174.1,162600
TATNP,2016-08-15,176.0,177.5,173.6,175.1,65130
TATNP,2016-08-16,174.9,176.4,173.9,175.0,75310
TATNP,2016-08-17,175.0,176.2,171.4,172.7,295960
TATNP,2016-08-18,173.1,175.4,172.6,174.9,104570
TATNP,2016-08-19,175.5,175.6,174.5,175.5,117710
TATNP,2016-08-22,175.1,177.0,173.0,174.9,417160
TATNP,2016-08-23,175.4,175.6,174.0,174.4,29410
TATNP,2016-08-24,175.0,177.1,173.7,174.6,157150
TATNP,2016-08-25,175.0,175.3,171.8,174.0,95570
TATNP,2016-08-26,174.2,175.3,173.2,174.7,43540
TATNP,2016-08-29,172.9,174.0,172.0,173.7,19480
TATNP,2016-08-30,174.1,174.8,173.2,174.2,16360
TATNP,2016-08-31,174.4,176.7,173.1,175.0,202850
TATNP,2016-09-01,175.9,178.7,174.8,177.0,123470
TATNP,2016-09-02,177.3,178.1,176.0,178.1,49820
TATNP,2016-09-05,178.1,180.7,177.8,180.0,70850
TATNP,2016-09-06,180.8,183.4,178.9,180.5,522790
TATNP,2016-09-07,182.7,182.7,179.9,180.8,46220
TATNP,2016-09-08,182.0,182.0,130.8,178.6,114240
TATNP,2016-09-09,178.6,178.6,176.8,177.5,102210
TATNP,2016-09-12,179.0,179.0,176.0,177.2,34590
TATNP,2016-09-13,177.9,179.0,175.5,178.1,156560
TATNP,2016-09-14,179.6,179.6,177.0,177.5,107490
TATNP,2016-09-15,178.9,179.3,175.9,176.2,419110
TATNP,2016-09-16,175.3,180.6,175.0,180.6,84360
TATNP,2016-09-19,179.6,179.6,175.5,176.0,138900
TATNP,2016-09-20,175.9,176.0,173.5,175.7,77580
TATNP,2016-09-21,176.8,176.8,174.4,174.7,114630
TATNP,2016-09-22,174.5,176.2,174.3,176.0,18390
TATNP,2016-09-23,176.4,177.5,175.1,177.2,91740
TATNP,2016-09-26,177.0,177.7,176.5,177.0,40220
TATNP,2016-09-27,176.8,178.1,175.6,178.0,355990
TATNP,2016-09-28,177.3,179.6,177.1,179.0,16190
TATNP,2016-09-29,179.2,182.6,179.2,182.4,68470
TATNP,2016-09-30,181.3,182.9,180.7,181.9,51390
TATNP,2016-10-03,182.9,182.9,179.2,180.7,29590
TATNP,2016-10-04,181.5,181.5,180.3,181.2,15450
TATNP,2016-10-05,181.8,182.3,179.9,182.0,201470
TATNP,2016-10-06,181.6,184.3,181.3,184.0,46050
TATNP,2016-10-07,183.8,188.4,183.1,188.2,83380
TATNP,2016-10-10,188.3,190.5,184.3,190.5,169440
TATNP,2016-10-11,188.3,190.4,180.1,189.9,114960
TATNP,2016-10-12,189.2,190.8,188.0,188.9,79060
TATNP,2016-10-13,189.8,189.9,186.1,186.1,19460
TATNP,2016-10-14,186.5,192.1,185.1,192.1,92520
TATNP,2016-10-17,192.0,193.4,189.2,190.3,53150
TATNP,2016-10-18,191.5,191.5,187.4,190.0,36130
TATNP,2016-10-19,190.3,190.3,187.6,189.1,36190
TATNP,2016-10-20,188.4,190.2,187.3,189.7,35910
TATNP,2016-10-21,190.3,191.8,188.2,190.9,51000
TATNP,2016-10-24,190.2,191.8,190.0,191.6,26810
TATNP,2016-10-25,192.9,196.2,192.0,196.0,115510
TATNP,2016-10-26,195.6,196.0,191.0,193.9,40900
TATNP,2016-10-27,190.8,195.6,190.8,195.0,44180
TATNP,2016-10-28,195.5,198.0,194.8,196.9,277890
TATNP,2016-10-31,197.5,203.0,195.0,203.0,131040
TATNP,2016-11-01,202.5,206.2,197.6,204.1,258210
TATNP,2016-11-02,204.2,205.0,198.0,198.0,244650
TATNP,2016-11-03,199.9,199.9,196.9,196.9,105380
TATNP,2016-11-07,199.0,199.7,195.8,197.0,177180
TATNP,2016-11-08,198.9,199.3,186.7,194.7,212230
TATNP,2016-11-09,194.0,199.6,192.7,197.8,383590
TATNP,2016-11-10,199.5,204.3,196.3,197.9,965920
TATNP,2016-11-11,197.7,199.7,191.0,191.0,224340
TATNP,2016-11-14,191.0,196.0,190.9,193.8,181380
TATNP,2016-11-15,196.0,197.7,191.0,195.8,55590
TATNP,2016-11-16,195.8,198.7,194.0,197.7,546150
TATNP,2016-11-17,198.2,204.8,194.9,203.1,409560
TATNP,2016-11-18,204.9,206.3,199.0,200.0,161360
TATNP,2016-11-21,200.0,201.0,198.0,201.0,251200
TATNP,2016-11-22,201.0,203.0,200.0,200.5,108610
TATNP,2016-11-23,199.9,206.4,199.8,206.0,288910
TATNP,2016-11-24,206.0,208.0,201.0,202.3,464060
TATNP,2016-11-25,204.8,204.8,200.3,203.5,91760
TATNP,2016-11-28,203.1,203.1,200.0,201.0,37430
TATNP,2016-11-29,201.6,203.9,199.2,201.1,91870
TATNP,2016-11-30,202.2,206.4,200.0,200.3,267440
TATNP,2016-12-01,203.1,206.7,202.0,205.4,97560
TATNP,2016-12-02,206.3,208.4,204.7,206.7,103690
TATNP,2016-12-05,205.4,214.8,205.2,214.8,159460
TATNP,2016-12-06,215.0,219.9,210.6,217.6,130900
TATNP,2016-12-07,219.9,224.2,217.7,223.0,275100
TATNP,2016-12-08,223.0,229.2,217.2,223.8,171210
TATNP,2016-12-09,225.9,227.0,221.6,224.9,370840
TATNP,2016-12-12,231.0,233.0,222.0,224.2,604330
TATNP,2016-12-13,222.2,233.3,222.2,232.8,415960
TATNP,2016-12-14,232.4,235.0,229.7,231.3,124980
TATNP,2016-12-15,231.9,231.9,226.3,229.9,292370
TATNP,2016-12-16,231.7,231.7,227.0,231.2,89020
TATNP,2016-12-19,230.5,232.6,227.1,228.0,73920
TATNP,2016-12-20,228.2,229.3,224.1,229.0,122720
TATNP,2016-12-21,229.9,229.9,225.0,225.4,149890
TATNP,2016-12-22,223.1,226.3,218.9,220.2,185440
TATNP,2016-12-23,221.4,224.0,218.2,222.7,69620
TATNP,2016-12-26,224.8,224.8,220.0,220.5,25160
TATNP,2016-12-27,222.8,224.2,220.0,222.3,57200
TATNP,2016-12-28,221.6,230.1,221.6,229.4,94020
TATNP,2016-12-29,227.0,231.5,226.7,230.4,26820
TATNP,2016-12-30,232.7,235.2,225.5,235.0,154210
TATNP,2017-01-03,235.0,246.7,235.0,244.1,196480
TATNP,2017-01-04,246.0,246.0,242.3,244.0,60310
TATNP,2017-01-05,245.7,245.9,233.6,235.8,47540
TATNP,2017-01-06,235.8,239.5,231.8,233.3,78670
TATNP,2017-01-09,233.6,239.0,233.6,235.3,21040
TATNP,2017-01-10,236.4,239.6,236.1,238.6,36580
TATNP,2017-01-11,238.4,239.8,235.5,237.9,63760
TATNP,2017-01-12,240.2,243.3,236.1,238.9,97390
TATNP,2017-01-13,239.8,243.8,236.4,236.8,88820
TATNP,2017-01-16,238.0,238.0,232.1,236.0,35350
TATNP,2017-01-17,235.9,236.5,233.6,234.5,96570
TATNP,2017-01-18,235.0,235.0,230.0,231.5,139090
TATNP,2017-01-19,233.8,233.8,219.5,225.0,345850
TATNP,2017-01-20,226.0,226.0,218.3,221.5,348480
TATNP,2017-01-23,220.1,220.7,214.5,217.2,91010
TATNP,2017-01-24,217.9,221.6,217.5,219.6,134910
TATNP,2017-01-25,220.3,221.2,216.7,218.8,30500
TATNP,2017-01-26,220.0,227.4,219.3,227.0,275440
TATNP,2017-01-27,227.7,230.4,225.0,228.4,91950
TATNP,2017-01-30,228.4,229.0,224.5,227.0,100910
TATNP,2017-01-31,226.2,227.1,224.0,225.5,99650
TATNP,2017-02-01,225.9,227.7,224.5,227.0,44740
TATNP,2017-02-02,227.8,228.4,224.9,227.3,269260
TATNP,2017-02-03,227.8,228.5,225.3,228.0,94770
TATNP,2017-02-06,228.0,229.1,225.8,227.4,70670
TATNP,2017-02-07,227.3,227.3,225.9,226.6,38410
TATNP,2017-02-08,227.0,228.6,225.0,227.6,54870
TATNP,2017-02-09,228.9,229.8,224.9,227.3,60020
TATNP,2017-02-10,227.7,227.7,223.1,224.8,94360
TATNP,2017-02-13,223.4,225.5,221.0,221.4,134050
TATNP,2017-02-14,221.7,224.3,221.1,222.0,229790
TATNP,2017-02-15,222.5,223.4,219.0,222.4,264250
TATNP,2017-02-16,222.4,223.3,220.4,221.5,94050
TATNP,2017-02-17,222.3,226.8,219.9,222.0,174980
TATNP,2017-02-20,223.0,223.0,217.7,219.4,470500
TATNP,2017-02-21,220.2,220.5,217.9,219.5,69410
TATNP,2017-02-22,217.7,224.3,217.7,221.8,251970
TATNP,2017-02-24,222.1,225.7,220.4,223.9,243180
TATNP,2017-02-27,225.2,227.8,218.0,218.9,68440
TATNP,2017-02-28,217.7,219.7,212.0,212.0,96290
TATNP,2017-03-01,213.8,219.6,211.4,213.9,192400
TATNP,2017-03-02,214.3,221.6,214.3,220.6,44550
TATNP,2017-03-03,220.0,223.6,219.5,221.5,57850
TATNP,2017-03-06,220.0,225.0,220.0,222.1,52180
TATNP,2017-03-07,221.3,221.3,212.6,213.6,23970
TATNP,2017-03-09,210.0,213.3,205.0,205.1,59330
TATNP,2017-03-10,205.9,209.6,202.4,203.5,83850
TATNP,2017-03-13,204.2,213.0,202.3,208.2,260330
TATNP,2017-03-14,208.4,211.3,204.0,205.9,72170
TATNP,2017-03-15,206.0,209.6,202.1,202.4,39210
TATNP,2017-03-16,202.4,208.6,202.4,205.1,232720
TATNP,2017-03-17,205.9,214.3,204.7,214.3,122230
TATNP,2017-03-20,214.0,216.7,210.0,211.4,62420
TATNP,2017-03-21,211.4,214.0,208.6,210.7,24840
TATNP,2017-03-22,208.0,211.2,204.8,206.0,167000
TATNP,2017-03-23,207.8,208.8,204.3,205.0,48260
TATNP,2017-03-24,205.6,207.0,202.0,205.7,60100
TATNP,2017-03-27,205.3,206.8,203.1,205.9,131240
TATNP,2017-03-28,206.7,210.3,203.8,210.3,40050
TATNP,2017-03-29,209.0,210.0,206.7,208.3,38550
TATNP,2017-03-30,208.3,210.4,204.5,206.5,108000
TATNP,2017-03-31,206.0,206.2,204.2,204.2,35390
TATNP,2017-04-03,203.9,206.0,203.3,205.4,37530
TATNP,2017-04-04,205.3,206.3,201.3,203.2,118350
TATNP,2017-04-05,203.2,208.7,202.6,208.7,82250
TATNP,2017-04-06,207.4,218.8,206.8,218.4,169820
TATNP,2017-04-07,217.9,217.9,211.8,214.0,262290
TATNP,2017-04-10,214.0,214.0,208.8,210.0,226830
TATNP,2017-04-11,208.9,211.7,208.9,210.5,290420
TATNP,2017-04-12,210.5,213.8,209.0,209.1,367210
TATNP,2017-04-13,211.0,211.4,205.7,209.6,63660
TATNP,2017-04-14,209.3,210.3,207.8,208.3,31350
TATNP,2017-04-17,208.3,210.3,207.7,209.2,155540
TATNP,2017-04-18,210.2,210.2,206.5,208.0,160410
TATNP,2017-04-19,205.8,209.6,205.8,207.8,528910
TATNP,2017-04-20,207.6,208.0,205.7,207.8,143930
TATNP,2017-04-21,207.8,209.2,206.5,207.7,392180
TATNP,2017-04-24,208.0,209.4,206.8,208.0,134710
TATNP,2017-04-25,209.7,211.3,206.8,208.5,97560
TATNP,2017-04-26,208.7,212.3,206.8,212.0,232390
TATNP,2017-04-27,212.4,238.8,211.1,237.0,328750
TATNP,2017-04-28,237.1,246.1,237.1,238.1,267240
TATNP,2017-05-02,243.0,243.0,238.2,239.6,84660
TATNP,2017-05-03,241.7,241.7,234.1,236.7,132450
TATNP,2017-05-04,236.0,246.7,236.0,245.0,186580
TATNP,2017-05-05,247.0,253.0,242.9,249.9,275660
TATNP,2017-05-10,247.0,252.5,246.8,251.5,85930
TATNP,2017-05-11,249.0,265.0,249.0,262.0,99320
TATNP,2017-05-12,255.0,283.4,255.0,269.3,334940
TATNP,2017-05-15,270.0,273.4,264.8,268.8,81040
TATNP,2017-05-16,270.4,270.4,263.0,268.6,209880
TATNP,2017-05-17,268.1,270.3,263.4,269.3,212120
TATNP,2017-05-18,269.1,276.4,267.0,272.8,121280
TATNP,2017-05-19,272.8,274.8,269.5,271.7,126140
TATNP,2017-05-22,271.7,272.8,263.9,266.0,43030
TATNP,2017-05-23,264.2,271.2,264.1,270.4,31980
TATNP,2017-05-24,272.2,272.8,266.5,269.9,32170
TATNP,2017-05-25,271.8,284.0,267.3,277.6,209810
TATNP,2017-05-26,276.5,282.5,274.4,279.8,285390
TATNP,2017-05-29,279.6,286.3,278.6,286.0,148890
TATNP,2017-05-30,288.4,294.0,283.1,293.1,222860
TATNP,2017-05-31,293.0,303.5,291.5,298.9,313830
TATNP,2017-06-01,296.0,302.9,277.9,279.0,237340
TATNP,2017-06-02,279.0,282.4,271.4,280.4,108910
TATNP,2017-06-05,281.7,285.7,278.8,279.5,75580
TATNP,2017-06-06,280.2,280.2,273.4,273.7,30410
TATNP,2017-06-07,272.0,275.7,265.7,269.6,102930
TATNP,2017-06-08,274.4,275.3,266.3,267.0,62730
TATNP,2017-06-09,265.6,269.5,265.0,265.0,151890
TATNP,2017-06-13,265.0,270.0,264.4,266.3,74650
TATNP,2017-06-14,270.6,272.3,260.5,262.1,153520
TATNP,2017-06-15,261.7,264.4,254.7,260.0,314020
TATNP,2017-06-16,262.5,273.3,256.4,272.0,1093010
TATNP,2017-06-19,271.4,275.7,267.1,270.0,144280
TATNP,2017-06-20,272.0,276.5,270.4,273.2,104060
TATNP,2017-06-21,278.3,278.3,268.0,268.0,76740
TATNP,2017-06-22,268.5,270.8,267.5,270.2,43960
TATNP,2017-06-23,270.2,272.8,269.9,271.1,55740
TATNP,2017-06-26,274.7,274.8,271.0,273.0,161230
TATNP,2017-06-27,273.2,273.5,271.0,271.6,54640
TATNP,2017-06-28,272.1,274.1,270.4,273.9,122620
TATNP,2017-06-29,274.2,274.4,273.2,274.1,114900
TATNP,2017-06-30,274.1,274.9,271.1,273.4,80310
TATNP,2017-07-03,274.2,279.8,273.4,279.6,247670
TATNP,2017-07-04,279.0,284.9,277.9,284.0,327860
TATNP,2017-07-05,284.5,292.0,284.0,288.0,258560
TATNP,2017-07-06,266.0,272.2,263.0,269.0,327840
TATNP,2017-07-07,268.9,269.0,264.0,267.0,87560
TATNP,2017-07-10,269.0,269.0,263.5,265.0,46380
TATNP,2017-07-11,265.0,266.8,261.2,263.2,115270
TATNP,2017-07-12,264.6,268.4,261.9,264.5,192700
TATNP,2017-07-13,264.5,266.1,261.5,263.4,87360
TATNP,2017-07-14,261.1,265.9,261.1,264.2,272100
TATNP,2017-07-17,264.4,266.2,264.4,265.0,219440
TATNP,2017-07-18,265.7,271.1,265.1,270.0,253520
TATNP,2017-07-19,271.7,273.7,269.7,272.7,144270
TATNP,2017-07-20,273.2,274.1,269.5,270.1,126990
TATNP,2017-07-21,270.1,271.6,267.4,269.4,79400
TATNP,2017-07-24,271.7,271.9,266.5,269.8,166370
TATNP,2017-07-25,270.8,271.5,262.9,263.9,123650
TATNP,2017-07-26,263.9,268.5,263.9,265.3,101570
TATNP,2017-07-27,265.3,272.2,265.3,269.0,191420
TATNP,2017-07-28,270.0,270.0,262.8,263.0,267740
TATNP,2017-07-31,263.0,267.3,263.0,264.5,171830
TATNP,2017-08-01,264.5,268.5,263.9,267.3,72460
TATNP,2017-08-02,267.2,267.9,265.5,267.0,45760
TATNP,2017-08-03,266.1,267.6,265.8,267.0,66050
TATNP,2017-08-04,265.8,267.2,264.0,264.0,141200
TATNP,2017-08-07,265.5,268.5,265.5,268.0,78660
TATNP,2017-08-08,268.5,279.9,268.5,279.0,158130
TATNP,2017-08-09,278.8,279.3,273.0,274.1,49830
TATNP,2017-08-10,274.1,279.8,274.1,275.3,73200
TATNP,2017-08-11,270.6,274.9,270.6,272.7,385630
TATNP,2017-08-14,276.9,276.9,273.1,274.2,42750
TATNP,2017-08-15,276.6,276.6,273.5,275.4,19090
TATNP,2017-08-16,275.3,276.4,274.0,274.0,25920
TATNP,2017-08-17,273.8,275.8,272.7,273.7,34040
TATNP,2017-08-18,273.7,276.1,273.0,275.0,41560
TATNP,2017-08-21,276.4,277.3,273.5,273.7,50190
TATNP,2017-08-22,274.1,276.3,273.5,273.9,36290
TATNP,2017-08-23,275.1,276.0,273.4,274.0,72110
TATNP,2017-08-24,275.0,276.0,273.5,275.3,28800
TATNP,2017-08-25,276.0,279.7,275.0,276.3,65010
TATNP,2017-08-28,272.6,278.3,272.0,273.7,185510
TATNP,2017-08-29,273.3,275.9,269.6,275.4,113990
TATNP,2017-08-30,275.4,277.7,271.5,271.6,125680
TATNP,2017-08-31,273.3,274.0,267.6,270.0,195720
TATNP,2017-09-01,268.0,271.0,265.0,265.0,217930
TATNP,2017-09-04,264.7,265.7,261.7,262.0,216840
TATNP,2017-09-05,261.3,263.5,259.2,259.8,243290
TATNP,2017-09-06,259.8,264.4,258.5,264.1,198800
TATNP,2017-09-07,264.9,265.9,263.1,263.1,79010
TATNP,2017-09-08,263.2,270.0,263.2,270.0,125420
TATNP,2017-09-11,270.1,271.0,267.7,270.1,155700
TATNP,2017-09-12,270.6,271.4,267.3,270.9,52040
TATNP,2017-09-13,270.3,273.0,269.7,272.0,75420
TATNP,2017-09-14,272.6,278.3,271.1,276.9,143610
TATNP,2017-09-15,275.6,278.0,273.8,276.0,260440
TATNP,2017-09-18,275.0,286.4,275.0,285.2,434570
TATNP,2017-09-19,286.0,286.7,284.2,286.6,94790
TATNP,2017-09-20,286.6,290.3,284.9,289.9,63550
TATNP,2017-09-21,288.5,297.0,288.5,295.0,187560
TATNP,2017-09-22,291.1,293.0,288.3,291.8,69230
TATNP,2017-09-25,291.8,293.5,290.8,293.0,148990
TATNP,2017-09-26,293.7,293.7,290.5,290.5,86510
TATNP,2017-09-27,290.5,292.1,281.2,291.8,91160
TATNP,2017-09-28,290.1,291.1,287.6,290.5,49510
TATNP,2017-09-29,287.1,290.6,287.1,289.1,50650
TATNP,2017-10-02,289.1,291.4,286.4,289.9,122760
TATNP,2017-10-03,289.5,292.0,289.4,291.4,52620
TATNP,2017-10-04,292.6,293.2,290.5,293.0,97480
TATNP,2017-10-05,292.8,296.6,291.1,296.5,103630
TATNP,2017-10-06,296.8,302.9,296.7,301.5,147780
TATNP,2017-10-09,302.4,304.8,296.5,300.5,86680
TATNP,2017-10-10,301.9,302.8,297.9,300.9,108250
TATNP,2017-10-11,300.8,307.0,300.8,307.0,42940
TATNP,2017-10-12,308.1,308.4,303.0,304.4,47630
TATNP,2017-10-13,302.3,309.0,302.3,308.0,71240
TATNP,2017-10-16,308.9,313.5,306.8,313.5,146160
TATNP,2017-10-17,312.2,315.1,308.2,308.8,86450
TATNP,2017-10-18,308.8,309.6,306.2,308.4,47130
TATNP,2017-10-19,307.1,307.7,302.6,304.7,268520
TATNP,2017-10-20,306.5,309.5,303.0,306.3,49390
TATNP,2017-10-23,306.3,308.6,306.0,307.8,27970
TATNP,2017-10-24,308.8,308.8,305.0,307.5,38850
TATNP,2017-10-25,306.8,308.7,301.8,301.8,219680
TATNP,2017-10-26,302.1,303.9,296.1,300.0,77370
TATNP,2017-10-27,300.0,308.9,299.0,308.9,204170
TATNP,2017-10-30,309.0,313.5,307.3,311.7,146040
TATNP,2017-10-31,313.1,319.8,313.1,316.8,199980
TATNP,2017-11-01,316.8,319.8,315.6,318.6,78070
TATNP,2017-11-02,320.1,320.1,315.1,317.1,66890
TATNP,2017-11-03,317.5,325.5,317.5,324.0,88340
TATNP,2017-11-07,344.0,363.9,331.0,359.6,559270
TATNP,2017-11-08,362.6,368.1,349.0,353.1,510310
TATNP,2017-11-09,353.1,358.0,353.0,353.5,350040
TATNP,2017-11-10,354.0,354.9,349.9,350.0,135630
TATNP,2017-11-13,350.0,357.7,350.0,353.3,166300
TATNP,2017-11-14,354.8,356.2,351.4,353.0,112070
TATNP,2017-11-15,353.0,353.0,344.2,345.1,166450
TATNP,2017-11-16,345.1,349.0,340.1,341.0,137910
TATNP,2017-11-17,341.3,345.1,338.0,343.3,108940
TATNP,2017-11-20,343.0,346.8,342.5,345.2,68920
TATNP,2017-11-21,345.5,358.0,345.4,354.5,218520
TATNP,2017-11-22,356.8,360.6,355.0,355.6,154710
TATNP,2017-11-23,360.0,360.0,352.2,356.0,125320
TATNP,2017-11-24,358.5,359.7,351.2,352.0,203170
TATNP,2017-11-27,354.9,356.4,347.7,349.6,124730
TATNP,2017-11-28,351.4,351.5,344.7,346.6,107030
TATNP,2017-11-29,345.7,347.9,341.2,341.8,124580
TATNP,2017-11-30,344.4,353.9,341.0,353.9,182320
TATNP,2017-12-01,349.0,355.1,345.2,353.6,272600
TATNP,2017-12-04,353.8,377.0,352.0,369.8,540250
TATNP,2017-12-05,373.8,379.6,368.6,371.6,404190
TATNP,2017-12-06,372.0,383.4,372.0,380.6,265670
TATNP,2017-12-07,385.2,385.2,374.5,381.0,227430
TATNP,2017-12-08,381.0,381.8,375.4,375.6,222610
TATNP,2017-12-11,375.8,384.0,375.8,383.4,184750
TATNP,2017-12-12,383.7,398.2,383.7,394.0,485770
TATNP,2017-12-13,395.7,395.7,390.0,390.0,230010
TATNP,2017-12-14,390.0,393.9,380.1,383.1,208030
TATNP,2017-12-15,385.8,395.0,380.1,395.0,401480
TATNP,2017-12-18,392.2,395.7,390.0,392.6,296180
TATNP,2017-12-19,392.6,395.5,383.1,391.5,197130
TATNP,2017-12-20,391.5,392.9,385.0,390.0,277070
TATNP,2017-12-21,355.0,369.9,353.9,367.9,335880
TATNP,2017-12-22,367.9,369.0,363.3,368.0,283720
TATNP,2017-12-25,364.2,368.7,353.3,361.1,117210
TATNP,2017-12-26,361.1,363.6,348.9,359.5,298640
TATNP,2017-12-27,358.0,374.0,357.4,369.8,222910
TATNP,2017-12-28,369.9,370.5,365.3,369.9,189370
TATNP,2017-12-29,367.3,371.2,364.4,365.0,140020
TATNP,2018-01-03,366.0,368.0,360.6,367.7,103030
TATNP,2018-01-04,369.5,369.6,362.5,368.7,195560
TATNP,2018-01-05,367.1,373.7,367.1,371.8,120770
TATNP,2018-01-09,373.9,380.6,371.2,380.2,143560
TATNP,2018-01-10,382.5,382.5,376.0,382.0,134710
TATNP,2018-01-11,382.0,398.0,380.3,391.7,322820
TATNP,2018-01-12,392.9,394.3,385.9,391.6,132680
TATNP,2018-01-15,391.6,397.2,388.4,389.5,100290
TATNP,2018-01-16,391.6,393.0,388.7,392.0,76280
TATNP,2018-01-17,389.5,399.3,387.7,397.6,317920
TATNP,2018-01-18,398.0,422.4,398.0,417.5,399930
TATNP,2018-01-19,416.0,432.3,404.4,409.3,446180
TATNP,2018-01-22,407.0,416.9,407.0,415.1,349400
TATNP,2018-01-23,423.6,423.6,410.1,414.6,252790
TATNP,2018-01-24,411.6,416.0,408.0,410.0,246690
TATNP,2018-01-25,414.1,417.9,410.5,413.3,276250
TATNP,2018-01-26,413.2,413.9,411.5,412.5,154320
TATNP,2018-01-29,412.9,418.8,409.5,412.6,92600
TATNP,2018-01-30,408.5,414.9,402.6,407.5,173340
TATNP,2018-01-31,407.0,413.7,405.2,409.0,225620
TATNP,2018-02-01,406.7,415.5,406.7,410.0,113660
TATNP,2018-02-02,410.1,412.6,410.1,411.0,89690
TATNP,2018-02-05,409.2,411.0,407.0,408.4,131280
TATNP,2018-02-06,390.0,404.0,390.0,402.5,400290
TATNP,2018-02-07,403.0,410.2,400.0,405.0,320130
TATNP,2018-02-08,405.0,406.0,395.1,395.3,226430
TATNP,2018-02-09,391.2,392.0,386.5,388.9,242850
TATNP,2018-02-12,391.1,395.9,387.1,390.0,99630
TATNP,2018-02-13,392.0,392.8,388.0,390.2,96990
TATNP,2018-02-14,390.0,392.0,387.6,389.0,170450
TATNP,2018-02-15,391.6,397.5,390.0,396.6,245580
TATNP,2018-02-16,396.6,401.2,396.6,400.1,212440
TATNP,2018-02-19,401.0,406.9,398.6,402.2,51620
TATNP,2018-02-20,400.2,414.9,400.2,414.8,175070
TATNP,2018-02-21,414.0,415.2,406.0,411.5,202970
TATNP,2018-02-22,445.3,445.3,408.9,418.1,130060
TATNP,2018-02-26,426.0,430.0,422.0,425.2,144280
TATNP,2018-02-27,427.1,427.1,418.0,419.5,96370
TATNP,2018-02-28,419.5,422.8,400.0,402.8,193970
TATNP,2018-03-01,404.1,408.6,403.0,406.8,185020
TATNP,2018-03-02,406.6,408.0,398.9,408.0,118710
TATNP,2018-03-05,409.4,413.9,406.5,407.0,80640
TATNP,2018-03-06,408.8,418.7,406.0,417.4,125160
TATNP,2018-03-07,415.6,417.6,406.1,408.0,229810
TATNP,2018-03-09,406.3,412.3,406.3,410.2,114520
TATNP,2018-03-12,411.7,422.3,411.7,419.6,99700
TATNP,2018-03-13,419.9,424.0,416.1,420.0,103670
TATNP,2018-03-14,419.7,419.7,411.1,411.1,92690
TATNP,2018-03-15,413.7,415.5,407.6,415.3,135930
TATNP,2018-03-16,412.6,415.2,393.5,393.5,1646420
TATNP,2018-03-19,399.9,406.5,398.0,402.5,473850
TATNP,2018-03-20,402.5,406.4,401.0,406.4,205010
TATNP,2018-03-21,407.2,412.9,405.8,411.4,197920
TATNP,2018-03-22,412.2,413.4,409.3,410.4,115920
TATNP,2018-03-23,410.0,410.0,404.2,405.8,143170
TATNP,2018-03-26,408.7,413.5,405.0,413.0,191260
TATNP,2018-03-27,411.5,415.6,408.5,414.0,146240
TATNP,2018-03-28,413.7,416.8,410.0,413.1,285380
TATNP,2018-03-29,415.5,415.5,410.5,413.0,159900
TATNP,2018-03-30,413.0,416.0,412.0,416.0,50460
TATNP,2018-04-02,416.0,427.0,414.1,424.7,248560
TATNP,2018-04-03,421.3,426.7,420.2,420.2,206450
TATNP,2018-04-04,421.9,423.9,417.3,422.2,98640
TATNP,2018-04-05,422.2,426.1,420.1,424.2,112720
TATNP,2018-04-06,425.0,425.0,421.7,424.9,77920
TATNP,2018-04-09,422.8,422.8,408.3,410.3,649880
TATNP,2018-04-10,410.0,424.5,403.7,422.3,415460
TATNP,2018-04-11,422.0,428.0,416.0,418.5,226770
TATNP,2018-04-12,424.9,424.9,414.1,424.9,230650
TATNP,2018-04-13,425.0,440.0,421.4,430.2,377050
TATNP,2018-04-16,421.0,450.0,421.0,450.0,540670
TATNP,2018-04-17,451.5,455.0,432.0,432.6,363340
TATNP,2018-04-18,432.8,437.8,428.5,430.2,276660
TATNP,2018-04-19,434.6,435.5,421.6,430.0,480060
TATNP,2018-04-20,430.0,438.0,429.3,437.6,170020
TATNP,2018-04-23,438.0,449.2,437.9,444.6,192470
TATNP,2018-04-24,447.9,453.5,444.3,453.0,102360
TATNP,2018-04-25,451.8,461.0,447.0,460.0,166140
TATNP,2018-04-26,461.3,476.7,458.6,476.7,266110
TATNP,2018-04-27,476.7,479.7,461.8,466.9,184560
TATNP,2018-04-28,464.3,469.7,462.8,464.4,21980
TATNP,2018-04-30,466.0,475.5,462.4,475.5,99200
TATNP,2018-05-02,474.5,480.8,466.8,473.7,135430
TATNP,2018-05-03,474.7,474.7,458.5,458.5,246480
TATNP,2018-05-04,461.6,467.4,458.6,465.7,209150
TATNP,2018-05-07,466.0,472.0,461.4,461.6,106200
TATNP,2018-05-08,461.6,467.7,460.5,462.8,119550
TATNP,2018-05-10,473.4,479.4,466.1,478.2,226540
TATNP,2018-05-11,470.5,489.6,470.5,486.5,165230
TATNP,2018-05-14,489.5,501.9,487.1,500.1,377270
TATNP,2018-05-15,500.1,509.2,491.1,495.3,291590
TATNP,2018-05-16,494.7,501.9,492.2,500.0,140140
TATNP,2018-05-17,500.0,501.9,491.3,495.0,141840
TATNP,2018-05-18,495.0,500.5,492.2,500.1,127260
TATNP,2018-05-21,501.5,504.4,485.0,485.0,167150
TATNP,2018-05-22,489.8,496.4,483.0,493.9,129530
TATNP,2018-05-23,488.7,491.9,485.0,485.0,68690
TATNP,2018-05-24,486.9,490.0,476.1,480.3,140580
TATNP,2018-05-25,480.3,483.8,471.2,474.9,184400
TATNP,2018-05-28,472.5,473.4,465.0,469.0,85110
TATNP,2018-05-29,471.9,472.5,459.1,461.3,297120
TATNP,2018-05-30,461.5,469.7,433.3,467.5,264320
TATNP,2018-05-31,469.0,469.0,451.1,458.0,473620
TATNP,2018-06-01,458.0,466.5,458.0,461.5,112160
TATNP,2018-06-04,463.6,468.5,463.2,464.6,87530
TATNP,2018-06-05,463.4,465.9,462.9,463.0,59620
TATNP,2018-06-06,462.0,467.0,455.5,455.9,93950
TATNP,2018-06-07,457.0,465.3,456.8,461.6,294780
TATNP,2018-06-08,461.6,465.2,459.3,463.5,237990
TATNP,2018-06-09,465.8,466.0,457.1,464.7,16420
TATNP,2018-06-11,466.9,466.9,460.1,463.6,24690
TATNP,2018-06-13,466.0,468.7,462.4,465.0,165840
TATNP,2018-06-14,463.0,471.8,462.1,465.7,206110
TATNP,2018-06-15,468.1,483.5,467.2,483.5,502570
TATNP,2018-06-18,477.4,480.9,477.4,479.0,298280
TATNP,2018-06-19,479.9,483.0,462.3,462.7,310200
TATNP,2018-06-20,463.6,475.1,463.6,473.0,247580
TATNP,2018-06-21,470.0,476.4,469.9,474.0,302580
TATNP,2018-06-22,470.3,477.5,466.4,466.4,312140
TATNP,2018-06-25,466.4,474.9,460.7,470.0,143390
TATNP,2018-06-26,470.0,472.6,454.4,457.8,328370
TATNP,2018-06-27,456.5,466.7,456.1,466.7,267440
TATNP,2018-06-28,465.7,465.7,456.9,460.0,222580
TATNP,2018-06-29,460.0,465.1,455.3,465.1,183020
TATNP,2018-07-02,463.2,464.2,457.5,458.2,254740
TATNP,2018-07-03,458.0,462.6,456.2,457.0,315830
TATNP,2018-07-04,457.1,461.2,456.5,458.4,172240
TATNP,2018-07-05,450.5,456.7,447.2,454.5,334030
TATNP,2018-07-06,456.7,463.6,453.0,460.6,106740
TATNP,2018-07-09,460.7,471.0,460.7,467.1,153510
TATNP,2018-07-10,468.0,481.8,467.9,473.6,291000
TATNP,2018-07-11,473.0,483.9,468.8,480.3,218640
TATNP,2018-07-12,480.5,480.7,477.0,478.6,138870
TATNP,2018-07-13,481.6,482.8,475.6,477.0,152320
TATNP,2018-07-16,477.0,483.3,474.3,480.4,244220
TATNP,2018-07-17,482.6,482.6,475.6,482.3,124780
TATNP,2018-07-18,482.3,488.0,481.0,484.0,224690
TATNP,2018-07-19,483.6,490.0,481.4,485.1,125330
TATNP,2018-07-20,484.0,488.4,478.6,478.6,341850
TATNP,2018-07-23,478.6,483.8,475.9,481.2,148910
TATNP,2018-07-24,484.9,486.0,480.5,483.5,104970
TATNP,2018-07-25,480.3,483.0,478.3,479.1,136860
TATNP,2018-07-26,482.4,486.6,476.9,481.3,83480
TATNP,2018-07-27,480.0,486.0,476.1,477.0,170270
TATNP,2018-07-30,477.0,482.5,475.0,481.2,97810
TATNP,2018-07-31,482.0,485.3,481.1,482.0,67690
TATNP,2018-08-01,482.1,486.8,479.9,483.2,124800
TATNP,2018-08-02,487.0,488.4,482.5,484.0,139760
TATNP,2018-08-03,485.5,496.2,482.9,494.1,109350
TATNP,2018-08-06,495.0,508.5,495.0,500.1,184840
TATNP,2018-08-07,505.5,505.5,499.3,502.8,79860
TATNP,2018-08-08,501.0,504.9,495.0,501.0,222550
TATNP,2018-08-09,501.0,503.8,498.0,503.0,198370
TATNP,2018-08-10,500.0,506.1,496.4,501.5,169200
TATNP,2018-08-13,503.9,512.4,499.0,501.8,440710
TATNP,2018-08-14,507.0,510.0,501.7,506.5,298750
TATNP,2018-08-15,506.6,508.6,498.1,499.7,244350
TATNP,2018-08-16,502.3,503.4,495.5,499.9,100600
TATNP,2018-08-17,496.8,504.4,492.2,501.4,114460
TATNP,2018-08-20,504.3,508.5,501.9,503.0,56510
TATNP,2018-08-21,504.6,506.4,500.0,505.9,58900
TATNP,2018-08-22,507.5,510.0,500.1,500.1,159050
TATNP,2018-08-23,500.5,506.0,500.0,500.2,166000
TATNP,2018-08-24,501.7,506.0,500.0,503.0,113880
TATNP,2018-08-27,503.0,505.5,502.4,504.7,84180
TATNP,2018-08-28,508.8,517.6,506.9,516.0,244460
TATNP,2018-08-29,518.9,537.0,516.1,536.0,390760
TATNP,2018-08-30,539.0,546.9,536.0,539.0,234750
TATNP,2018-08-31,539.1,541.5,524.7,526.0,270530
TATNP,2018-09-03,530.9,535.9,528.1,533.1,137630
TATNP,2018-09-04,530.0,538.5,530.0,534.0,192300
TATNP,2018-09-05,532.5,537.7,531.5,535.0,198670
TATNP,2018-09-06,536.5,536.8,530.0,530.0,228310
TATNP,2018-09-07,531.7,532.5,515.1,524.4,505750
TATNP,2018-09-10,528.7,536.2,526.7,536.0,297620
TATNP,2018-09-11,540.3,542.0,529.8,534.0,291910
TATNP,2018-09-12,536.9,538.2,524.8,524.8,378040
TATNP,2018-09-13,528.1,530.5,520.1,525.8,349220
TATNP,2018-09-14,527.5,527.5,516.6,525.5,423830
TATNP,2018-09-17,525.8,529.9,524.0,525.5,215200
TATNP,2018-09-18,529.9,531.6,521.4,527.2,224060
TATNP,2018-09-19,527.3,546.7,527.3,539.5,628680
TATNP,2018-09-20,540.0,555.0,540.0,544.2,505330
TATNP,2018-09-21,547.5,554.2,543.6,544.9,291310
TATNP,2018-09-24,547.5,551.0,530.1,533.3,512190
TATNP,2018-09-25,537.4,551.4,531.7,547.0,656030
TATNP,2018-09-26,551.7,555.5,549.7,553.2,440980
TATNP,2018-09-27,552.5,565.0,550.1,563.2,365800
TATNP,2018-09-28,566.9,577.8,558.5,575.0,525420
TATNP,2018-10-01,575.1,589.7,562.5,576.3,839310
TATNP,2018-10-02,582.2,582.9,570.0,571.5,290490
TATNP,2018-10-03,571.0,589.5,571.0,586.9,745550
TATNP,2018-10-04,589.8,593.5,575.0,579.6,1219200
TATNP,2018-10-05,580.0,583.0,575.0,577.6,312300
TATNP,2018-10-08,577.6,596.6,576.2,589.9,566420
TATNP,2018-10-09,593.0,597.3,581.7,588.3,677460
TATNP,2018-10-10,585.0,588.5,575.8,578.0,664520
TATNP,2018-10-11,545.0,567.4,538.6,560.2,849180
TATNP,2018-10-12,554.4,571.2,554.4,565.0,343450
TATNP,2018-10-15,569.0,569.2,555.0,562.0,427140
TATNP,2018-10-16,562.0,565.5,554.3,555.0,285130
TATNP,2018-10-17,557.8,561.0,545.8,550.0,209790
TATNP,2018-10-18,547.0,553.8,546.6,550.0,137100
TATNP,2018-10-19,550.2,554.8,547.5,549.6,105000
TATNP,2018-10-22,550.9,553.0,546.5,551.0,150050
TATNP,2018-10-23,549.9,562.0,536.0,555.9,458820
TATNP,2018-10-24,559.0,560.1,548.6,550.1,186270
TATNP,2018-10-25,546.4,549.0,542.4,548.5,160100
TATNP,2018-10-26,548.6,551.3,527.1,532.2,212340
TATNP,2018-10-29,538.1,538.1,521.4,527.0,167970
TATNP,2018-10-30,527.0,528.9,512.5,517.0,404470
TATNP,2018-10-31,517.2,530.0,517.1,526.0,298890
TATNP,2018-11-01,526.1,529.1,520.2,526.0,246270
TATNP,2018-11-02,528.0,530.0,524.2,527.0,243780
TATNP,2018-11-06,528.0,541.8,490.7,537.6,555240
TATNP,2018-11-07,540.6,543.7,537.0,543.0,207440
TATNP,2018-11-08,547.9,559.2,545.5,556.0,399890
TATNP,2018-11-09,556.0,558.7,545.1,553.2,203280
TATNP,2018-11-12,554.1,568.5,550.5,562.8,357640
TATNP,2018-11-13,565.7,567.8,555.8,559.5,479680
TATNP,2018-11-14,556.0,558.5,543.7,548.0,209780
TATNP,2018-11-15,549.8,552.9,545.4,546.2,204550
TATNP,2018-11-16,548.1,551.5,540.0,541.1,201790
TATNP,2018-11-19,541.2,550.3,541.2,546.4,164760
TATNP,2018-11-20,546.4,549.0,529.1,532.4,257400
TATNP,2018-11-21,532.2,534.4,523.7,523.7,350230
TATNP,2018-11-22,527.8,527.9,520.0,520.0,245400
TATNP,2018-11-23,520.0,522.5,501.0,503.0,431700
TATNP,2018-11-26,503.8,509.7,470.6,492.8,551630
TATNP,2018-11-27,493.0,503.5,491.9,498.0,284120
TATNP,2018-11-28,500.9,514.1,499.6,512.0,332650
TATNP,2018-11-29,510.0,520.0,505.9,512.8,274610
TATNP,2018-11-30,515.7,515.7,506.5,508.1,160580
TATNP,2018-12-03,515.8,539.4,514.0,533.5,473920
TATNP,2018-12-04,533.7,549.0,530.1,548.5,379870
TATNP,2018-12-05,542.8,558.7,535.3,555.3,315770
TATNP,2018-12-06,555.3,561.5,544.8,554.9,437730
TATNP,2018-12-07,551.9,557.5,542.7,554.0,554360
TATNP,2018-12-10,546.0,555.8,546.0,549.0,134210
TATNP,2018-12-11,549.9,550.0,537.5,540.3,191000
TATNP,2018-12-12,538.4,541.9,530.6,530.9,119790
TATNP,2018-12-13,530.3,534.8,516.2,520.0,196550
TATNP,2018-12-14,520.0,523.5,513.1,518.0,153020
TATNP,2018-12-17,518.3,526.6,517.2,518.0,136030
TATNP,2018-12-18,517.0,517.0,504.7,511.0,269700
TATNP,2018-12-19,506.9,509.9,496.2,500.0,473650
TATNP,2018-12-20,496.7,497.6,489.2,495.0,281680
TATNP,2018-12-21,492.1,497.5,480.4,488.0,418050
TATNP,2018-12-24,488.4,489.4,474.1,477.4,318980
TATNP,2018-12-25,473.0,474.0,461.0,472.0,246260
TATNP,2018-12-26,472.0,494.9,470.0,490.1,242160
TATNP,2018-12-27,495.1,507.3,495.0,496.0,380800
TATNP,2018-12-28,501.9,514.4,500.1,510.6,298080
TATNP,2018-12-29,512.9,522.9,512.4,522.0,152090
TATNP,2019-01-03,522.0,524.4,518.0,521.9,171680
TATNP,2019-01-04,522.3,523.2,513.7,519.0,322960
TATNP,2019-01-08,500.1,506.0,498.4,505.9,232760
TATNP,2019-01-09,507.0,508.4,500.1,506.0,262450
TATNP,2019-01-10,506.0,510.9,501.5,510.8,253070
TATNP,2019-01-11,510.0,511.9,505.0,505.8,303280
TATNP,2019-01-14,505.0,508.8,503.1,508.8,120520
TATNP,2019-01-15,508.9,512.3,506.8,511.8,253460
TATNP,2019-01-16,512.2,516.6,509.0,514.1,161340
TATNP,2019-01-17,510.0,519.3,510.0,519.0,191370
TATNP,2019-01-18,519.4,530.2,516.0,528.4,280010
TATNP,2019-01-21,529.9,532.8,523.8,525.0,169710
TATNP,2019-01-22,525.0,527.5,521.5,524.2,229290
TATNP,2019-01-23,524.0,552.0,521.8,549.1,578410
TATNP,2019-01-24,545.5,552.6,542.8,545.9,324670
TATNP,2019-01-25,546.0,553.5,546.0,552.0,493910
TATNP,2019-01-28,552.0,553.7,546.6,547.5,185600
TATNP,2019-01-29,547.5,552.0,546.2,550.0,417710
TATNP,2019-01-30,550.0,560.7,549.5,558.0,495340
TATNP,2019-01-31,558.0,571.0,558.0,569.0,579040
TATNP,2019-02-01,563.5,566.8,555.1,557.5,194650
TATNP,2019-02-04,560.4,565.6,553.6,563.7,219870
TATNP,2019-02-05,564.8,569.6,562.0,565.2,266440
TATNP,2019-02-06,567.0,569.2,560.1,564.0,109600
TATNP,2019-02-07,561.5,571.0,557.7,563.8,259500
TATNP,2019-02-08,558.4,565.3,557.1,564.4,198670
TATNP,2019-02-11,565.0,566.4,558.9,562.3,176640
TATNP,2019-02-12,562.2,564.9,558.7,560.8,111260
TATNP,2019-02-13,561.1,563.4,546.6,549.0,246090
TATNP,2019-02-14,544.8,561.3,542.7,555.4,353630
TATNP,2019-02-15,555.8,563.0,555.8,563.0,294500
TATNP,2019-02-18,564.5,568.7,555.4,560.9,139160
TATNP,2019-02-19,563.8,564.9,559.1,560.9,62170
TATNP,2019-02-20,562.3,565.0,558.8,565.0,225820
TATNP,2019-02-21,565.1,568.1,562.6,562.8,108320
TATNP,2019-02-22,558.3,566.5,558.3,563.0,130820
TATNP,2019-02-25,565.0,565.0,556.0,558.8,152720
TATNP,2019-02-26,551.1,557.9,551.0,555.3,165810
TATNP,2019-02-27,554.2,560.5,545.7,547.7,329980
TATNP,2019-02-28,549.9,553.8,547.0,548.5,97580
TATNP,2019-03-01,546.0,551.0,546.0,548.0,88050
TATNP,2019-03-04,548.0,552.0,546.9,549.7,84490
TATNP,2019-03-05,547.1,548.6,543.8,547.0,139010
TATNP,2019-03-06,544.1,550.9,544.1,549.8,72270
TATNP,2019-03-07,550.6,551.0,543.0,543.0,79140
TATNP,2019-03-11,542.7,545.5,535.1,542.0,171470
TATNP,2019-03-12,546.0,546.0,527.5,529.0,299840
TATNP,2019-03-13,530.5,532.4,517.0,524.6,284860
TATNP,2019-03-14,528.3,533.0,522.2,531.0,565370
TATNP,2019-03-15,530.9,537.5,530.0,530.0,356050
TATNP,2019-03-18,535.1,543.6,529.5,540.9,248390
TATNP,2019-03-19,540.0,553.7,539.6,550.2,473180
TATNP,2019-03-20,550.1,563.2,550.1,562.3,387290
TATNP,2019-03-21,563.7,569.0,550.3,550.8,349760
TATNP,2019-03-22,555.0,560.2,545.1,545.2,522810
TATNP,2019-03-25,545.5,548.3,541.2,544.0,155630
TATNP,2019-03-26,544.2,556.0,543.9,552.4,306370
TATNP,2019-03-27,556.7,561.0,546.1,546.1,262870
TATNP,2019-03-28,546.1,553.9,546.1,553.0,289040
TATNP,2019-03-29,554.5,566.3,553.0,557.8,962400
TATNP,2019-04-01,561.7,563.0,556.2,556.6,272860
TATNP,2019-04-02,556.7,559.6,554.0,555.0,278750
TATNP,2019-04-03,555.0,559.4,554.5,555.9,137400
TATNP,2019-04-04,556.0,556.7,546.7,547.1,184360
TATNP,2019-04-05,547.4,555.0,547.4,555.0,103730
TATNP,2019-04-08,551.0,578.7,551.0,574.5,450850
TATNP,2019-04-09,575.0,578.0,571.5,575.8,165430
TATNP,2019-04-10,575.8,586.1,575.5,583.3,546240
TATNP,2019-04-11,587.4,587.9,577.9,585.0,191210
TATNP,2019-04-12,585.0,592.8,580.4,588.0,316910
TATNP,2019-04-15,590.7,591.8,581.1,588.6,184260
TATNP,2019-04-16,589.7,590.7,576.0,582.8,196960
TATNP,2019-04-17,585.4,587.9,578.9,579.0,84670
TATNP,2019-04-18,579.0,580.9,571.1,574.0,115190
TATNP,2019-04-19,575.7,579.0,574.6,578.2,23660
TATNP,2019-04-22,580.0,586.5,580.0,586.5,73550
TATNP,2019-04-23,588.0,588.0,580.1,581.8,100670
TATNP,2019-04-24,585.0,585.0,573.4,574.1,134150
TATNP,2019-04-25,583.9,583.9,572.3,580.9,202980
TATNP,2019-04-26,582.0,630.8,577.9,620.0,1159510
TATNP,2019-04-29,623.0,629.2,614.6,623.0,425710
TATNP,2019-04-30,616.8,635.7,616.8,634.6,495400
TATNP,2019-05-02,634.5,637.4,628.3,634.9,91780
TATNP,2019-05-03,637.0,648.0,634.9,645.4,217510
TATNP,2019-05-06,641.1,646.3,636.8,641.3,340700
TATNP,2019-05-07,640.3,649.0,632.0,634.0,338880
TATNP,2019-05-08,637.7,643.0,615.0,619.3,610940
TATNP,2019-05-10,614.1,624.0,600.1,603.1,224390
TATNP,2019-05-13,603.0,610.8,588.6,593.0,329770
TATNP,2019-05-14,594.2,618.0,591.5,600.0,686580
TATNP,2019-05-15,603.0,606.2,586.0,593.8,326110
TATNP,2019-05-16,595.0,599.3,575.6,579.2,561110
TATNP,2019-05-17,582.9,584.5,571.3,573.0,890350
TATNP,2019-05-20,575.0,579.6,560.0,568.7,418430
TATNP,2019-05-21,573.0,575.0,568.3,574.0,796560
TATNP,2019-05-22,574.0,601.3,571.7,600.0,1155300
TATNP,2019-05-23,598.9,599.7,579.0,583.0,1051210
TATNP,2019-05-24,585.0,591.7,578.7,579.0,895430
TATNP,2019-05-27,585.0,585.7,573.4,576.0,250870
TATNP,2019-05-28,578.0,582.3,569.1,575.0,666380
TATNP,2019-05-29,577.3,580.0,573.7,577.3,696960
TATNP,2019-05-30,580.0,597.6,578.0,593.0,1195820
TATNP,2019-05-31,590.0,592.7,583.4,584.4,562020
TATNP,2019-06-03,583.9,586.8,579.2,584.9,737360
TATNP,2019-06-04,585.0,604.0,582.7,603.1,754330
TATNP,2019-06-05,603.0,605.0,588.5,591.5,362400
TATNP,2019-06-06,595.9,597.9,590.6,594.8,255490
TATNP,2019-06-07,600.0,606.6,595.2,595.2,681300
TATNP,2019-06-10,597.0,602.0,597.0,600.4,301950
TATNP,2019-06-11,601.0,610.0,596.9,608.4,526890
TATNP,2019-06-13,607.7,621.5,601.8,621.4,444370
TATNP,2019-06-14,622.7,632.4,618.3,626.0,443050
TATNP,2019-06-17,625.6,630.0,622.0,623.0,166490
TATNP,2019-06-18,626.0,628.4,603.4,621.7,269900
TATNP,2019-06-19,628.7,631.9,618.6,620.0,244370
TATNP,2019-06-20,626.8,633.4,623.0,633.1,335070
TATNP,2019-06-21,633.5,639.0,629.4,629.4,494800
TATNP,2019-06-24,635.0,640.0,632.0,635.1,301230
TATNP,2019-06-25,634.5,638.7,627.6,630.8,162590
TATNP,2019-06-26,637.0,639.8,630.7,634.8,339710
TATNP,2019-06-27,639.8,641.9,637.0,638.3,327510
TATNP,2019-06-28,639.0,642.0,636.2,636.2,208740
TATNP,2019-07-01,639.9,643.9,637.6,643.9,243500
TATNP,2019-07-02,644.0,649.0,643.1,648.3,473050
TATNP,2019-07-03,647.7,666.0,645.5,664.5,1101630
TATNP,2019-07-04,637.5,658.0,635.2,656.1,1329930
TATNP,2019-07-05,656.1,661.9,645.4,651.4,571430
TATNP,2019-07-08,650.1,650.7,642.0,646.9,401260
TATNP,2019-07-09,640.6,650.0,628.0,635.0,789340
TATNP,2019-07-10,636.8,638.9,629.0,630.5,308890
TATNP,2019-07-11,633.8,634.3,620.0,623.8,395060
TATNP,2019-07-12,622.7,628.0,611.8,619.3,456550
TATNP,2019-07-15,622.9,625.9,611.1,611.1,419270
TATNP,2019-07-16,615.0,631.3,610.2,625.8,515790
TATNP,2019-07-17,627.0,637.0,625.1,627.0,1164940
TATNP,2019-07-18,627.5,632.1,621.7,625.9,381950
TATNP,2019-07-19,632.8,638.0,629.0,636.0,585850
TATNP,2019-07-22,637.5,642.0,628.0,633.6,379910
TATNP,2019-07-23,634.5,639.1,630.4,639.1,520060
TATNP,2019-07-24,639.9,646.0,637.7,642.9,1101320
TATNP,2019-07-25,640.0,651.0,636.8,644.0,1082730
TATNP,2019-07-26,648.0,650.0,641.0,649.9,735260
TATNP,2019-07-29,650.0,675.0,648.3,675.0,819580
TATNP,2019-07-30,679.0,690.7,660.7,663.0,907360
TATNP,2019-07-31,666.0,680.5,666.0,674.1,905450
TATNP,2019-08-01,674.0,678.0,665.0,665.0,697130
TATNP,2019-08-02,663.7,673.5,652.1,672.8,743150
TATNP,2019-08-05,671.9,672.0,655.0,661.3,698380
TATNP,2019-08-06,673.0,676.0,662.7,663.7,997350
TATNP,2019-08-07,664.0,666.6,652.8,660.0,484500
TATNP,2019-08-08,660.5,665.6,660.3,661.0,242820
TATNP,2019-08-09,663.9,663.9,651.0,658.0,404160
TATNP,2019-08-12,653.8,660.0,651.5,652.0,249400
TATNP,2019-08-13,652.0,653.6,635.9,649.0,820130
TATNP,2019-08-14,651.0,653.1,635.0,642.3,373830
TATNP,2019-08-15,638.0,644.2,628.3,632.0,506160
TATNP,2019-08-16,633.9,637.0,614.5,615.0,1185860
TATNP,2019-08-19,621.8,630.3,617.5,622.9,954690
TATNP,2019-08-20,625.4,630.3,624.0,625.9,566630
TATNP,2019-08-21,627.9,630.5,624.5,625.0,542580
TATNP,2019-08-22,625.0,627.8,621.0,625.9,458880
TATNP,2019-08-23,628.5,634.7,626.9,630.0,632630
TATNP,2019-08-26,626.1,631.1,624.0,629.6,402800
TATNP,2019-08-27,630.1,631.6,623.2,629.0,486820
TATNP,2019-08-28,629.5,639.4,629.1,630.0,812000
TATNP,2019-08-29,632.0,635.7,628.4,630.5,663720
TATNP,2019-08-30,634.0,635.8,630.5,635.0,552860
TATNP,2019-09-02,638.6,646.0,635.1,641.3,797833
TATNP,2019-09-03,641.4,645.8,639.7,641.2,670088
TATNP,2019-09-04,643.7,650.8,642.3,650.5,705383
TATNP,2019-09-05,652.0,658.9,652.0,658.6,475774
TATNP,2019-09-06,659.5,671.8,653.1,670.0,816372
TATNP,2019-09-09,672.3,676.6,670.7,671.5,680318
TATNP,2019-09-10,672.0,675.0,661.8,671.3,522278
TATNP,2019-09-11,671.3,676.4,668.0,672.2,504324
TATNP,2019-09-12,675.4,675.4,666.1,669.5,549684
TATNP,2019-09-13,666.8,670.2,657.3,661.2,629348
TATNP,2019-09-16,678.0,679.9,666.2,679.9,1104367
TATNP,2019-09-17,680.0,684.7,670.1,672.4,784368
TATNP,2019-09-18,672.4,682.0,670.2,676.6,391103
TATNP,2019-09-19,676.0,680.9,673.0,680.0,511097
TATNP,2019-09-20,679.9,680.4,668.5,668.5,921564
TATNP,2019-09-23,673.5,679.9,670.2,677.1,917877
TATNP,2019-09-24,675.2,677.8,668.5,675.6,707765
TATNP,2019-09-25,673.8,673.8,661.1,667.0,1448952
TATNP,2019-09-26,630.0,634.9,624.0,631.9,1541144
TATNP,2019-09-27,633.5,644.8,633.5,638.8,1454142
TATNP,2019-09-30,639.9,640.0,624.1,626.7,828728
TATNP,2019-10-01,627.0,629.9,619.0,622.4,620113
TATNP,2019-10-02,622.4,625.4,615.0,615.0,365065
TATNP,2019-10-03,616.0,618.3,604.0,612.1,552522
TATNP,2019-10-04,616.6,624.3,613.5,618.0,668200
TATNP,2019-10-07,621.9,638.9,618.0,637.5,820985
TATNP,2019-10-08,639.0,644.1,629.1,630.0,430350
TATNP,2019-10-09,630.0,638.2,629.3,635.8,346803
TATNP,2019-10-10,635.8,639.0,631.1,634.0,289200
TATNP,2019-10-11,635.5,636.0,631.4,632.0,479206
TATNP,2019-10-14,634.0,635.0,629.1,629.1,281855
TATNP,2019-10-15,629.3,630.9,621.0,629.2,512903
TATNP,2019-10-16,629.5,632.6,626.3,630.0,316784
TATNP,2019-10-17,630.0,631.3,627.3,627.9,335205
TATNP,2019-10-18,628.0,631.4,627.7,629.0,159905
TATNP,2019-10-21,631.6,632.5,629.5,631.5,328362
TATNP,2019-10-22,632.4,645.2,632.4,643.5,566684
TATNP,2019-10-23,643.0,654.0,640.5,650.5,789004
TATNP,2019-10-24,651.5,658.2,651.5,658.0,789410
TATNP,2019-10-25,658.0,661.7,641.1,660.0,1046958
TATNP,2019-10-28,661.0,664.8,652.0,656.4,446800
TATNP,2019-10-29,654.9,658.4,647.1,650.8,647392
TATNP,2019-10-30,650.5,659.6,649.5,657.5,533198
TATNP,2019-10-31,658.2,664.0,652.8,659.0,779470
TATNP,2019-11-01,657.2,661.5,653.4,656.3,251671
TATNP,2019-11-05,658.0,666.5,656.0,661.6,650602
TATNP,2019-11-06,661.7,666.4,659.1,659.5,704402
TATNP,2019-11-07,661.0,669.9,656.6,669.9,492007
TATNP,2019-11-08,668.0,673.8,665.1,671.7,661119
TATNP,2019-11-11,670.0,672.8,667.1,669.4,230916
TATNP,2019-11-12,669.8,673.8,664.2,667.9,319084
TATNP,2019-11-13,670.0,671.7,663.4,665.0,205535
TATNP,2019-11-14,673.0,675.0,668.1,672.0,504898
TATNP,2019-11-15,673.6,674.3,669.6,670.7,455386
TATNP,2019-11-18,670.2,673.9,665.6,672.4,519634
TATNP,2019-11-19,670.1,677.0,670.1,676.0,458934
TATNP,2019-11-20,675.9,678.1,671.1,676.6,309412
TATNP,2019-11-21,674.4,676.3,672.1,675.0,131727
TATNP,2019-11-22,675.0,679.8,674.2,679.5,235471
TATNP,2019-11-25,680.0,686.5,677.6,686.3,505022
TATNP,2019-11-26,684.0,691.6,681.0,690.8,802912
TATNP,2019-11-27,690.8,695.8,683.0,690.0,641994
TATNP,2019-11-28,688.0,693.5,682.9,682.9,323238
TATNP,2019-11-29,689.7,689.9,682.3,689.9,245560
TATNP,2019-12-02,689.1,695.0,685.8,693.5,445667
TATNP,2019-12-03,693.0,696.0,688.4,691.1,383498
TATNP,2019-12-04,694.0,694.8,682.0,682.7,713918
TATNP,2019-12-05,684.3,691.0,683.4,690.0,540738
TATNP,2019-12-06,691.8,695.3,689.5,695.3,325524
TATNP,2019-12-09,695.7,708.0,694.8,708.0,477682
TATNP,2019-12-10,707.8,709.9,697.0,708.9,593761
TATNP,2019-12-11,706.2,720.6,705.1,720.0,519978
TATNP,2019-12-12,720.2,730.0,720.0,724.2,530431
TATNP,2019-12-13,729.8,738.8,726.6,738.5,469037
TATNP,2019-12-16,738.5,750.0,736.0,743.3,1008425
TATNP,2019-12-17,747.9,749.7,732.5,735.6,628345
TATNP,2019-12-18,738.1,738.4,727.6,738.2,334469
TATNP,2019-12-19,738.2,743.6,734.2,734.3,333023
TATNP,2019-12-20,739.0,740.9,734.2,740.9,482916
TATNP,2019-12-23,741.0,745.2,738.5,744.0,316240
TATNP,2019-12-24,746.5,746.5,735.5,739.8,289996
TATNP,2019-12-25,740.0,745.5,738.1,744.1,346604
TATNP,2019-12-26,747.5,752.9,741.7,752.9,606392
TATNP,2019-12-27,730.0,746.6,725.4,739.0,996901
TATNP,2019-12-30,742.7,744.0,733.6,734.0,370953
TATNP,2020-01-03,744.0,744.0,731.1,734.0,544608
TATNP,2020-01-06,736.1,739.4,734.5,736.3,213930
TATNP,2020-01-08,738.0,749.4,735.1,749.1,467733
TATNP,2020-01-09,747.2,827.0,742.0,769.9,1026960
TATNP,2020-01-10,769.0,785.8,766.1,773.5,906030
TATNP,2020-01-13,774.4,788.5,758.8,761.4,1118648
TATNP,2020-01-14,765.0,770.8,761.1,766.9,552067
TATNP,2020-01-15,768.8,768.8,750.5,760.0,756288
TATNP,2020-01-16,759.0,764.9,756.2,761.0,420337
TATNP,2020-01-17,760.8,765.0,758.5,763.7,410282
TATNP,2020-01-20,767.5,785.0,764.7,777.5,532013
TATNP,2020-01-21,775.2,800.0,766.4,767.2,433088
TATNP,2020-01-22,768.6,774.0,755.5,758.3,563484
TATNP,2020-01-23,756.7,756.7,721.1,743.8,523123
TATNP,2020-01-24,744.0,750.9,733.1,734.5,489402
TATNP,2020-01-27,721.2,729.0,715.0,715.4,599950
TATNP,2020-01-28,716.5,726.7,709.4,721.4,717155
TATNP,2020-01-29,725.1,739.9,724.1,729.4,797330
TATNP,2020-01-30,729.4,733.8,720.8,723.0,318909
TATNP,2020-01-31,730.0,733.0,716.9,716.9,486200
TATNP,2020-02-03,715.1,715.1,703.8,707.9,685631
TATNP,2020-02-04,713.9,728.2,706.5,720.0,1052563
TATNP,2020-02-05,720.9,733.3,714.0,729.5,957240
TATNP,2020-02-06,734.0,739.0,721.5,724.0,508807
TATNP,2020-02-07,725.0,728.4,715.5,722.6,495518
TATNP,2020-02-10,720.0,723.0,711.4,715.0,424067
TATNP,2020-02-11,722.4,734.5,719.0,734.5,638049
TATNP,2020-02-12,734.7,748.3,731.8,748.3,1042592
TATNP,2020-02-13,742.2,743.8,736.4,741.0,763421
TATNP,2020-02-14,742.8,746.7,735.1,742.0,533522
TATNP,2020-02-17,744.5,744.5,738.5,739.2,229329
TATNP,2020-02-18,739.0,741.0,724.7,725.5,463103
TATNP,2020-02-19,730.0,738.7,727.4,736.0,556725
TATNP,2020-02-20,738.5,740.9,734.2,734.3,365952
TATNP,2020-02-21,732.0,733.1,725.3,726.0,437227
TATNP,2020-02-25,716.0,724.9,695.0,695.0,1543616
TATNP,2020-02-26,690.0,709.8,688.1,705.0,1576539
TATNP,2020-02-27,695.1,701.7,680.8,681.3,1116325
TATNP,2020-02-28,665.0,671.1,645.2,660.8,2215925
TATNP,2020-03-02,681.5,685.0,655.4,661.1,1721358
TATNP,2020-03-03,676.5,683.9,670.0,676.0,904042
TATNP,2020-03-04,676.0,683.6,661.0,678.0,803902
TATNP,2020-03-05,683.1,689.9,672.8,679.7,717619
TATNP,2020-03-06,674.9,676.0,645.9,650.1,959029
TATNP,2020-03-10,585.1,603.0,521.6,527.0,4144391
TATNP,2020-03-11,549.5,549.5,516.3,523.5,2197570
TATNP,2020-03-12,505.0,506.2,451.0,456.0,2780876
TATNP,2020-03-13,460.0,492.1,454.1,455.5,3403104
TATNP,2020-03-16,440.0,448.9,407.5,425.8,3135743
TATNP,2020-03-17,425.8,435.3,387.5,404.3,3219546
TATNP,2020-03-18,396.0,410.0,360.3,365.5,3912374
TATNP,2020-03-19,370.0,412.0,355.0,410.3,3964764
TATNP,2020-03-20,440.3,499.4,440.3,469.5,5326816
TATNP,2020-03-23,450.1,494.4,432.0,465.2,3340976
TATNP,2020-03-24,511.7,546.7,500.2,517.7,2535958
TATNP,2020-03-25,544.0,552.1,486.0,510.1,3639904
TATNP,2020-03-26,510.0,528.2,492.8,527.0,1540796
TATNP,2020-03-27,524.6,526.0,487.8,503.0,1738741
TATNP,2020-03-30,494.0,494.9,415.6,487.0,1506835
TATNP,2020-03-31,511.2,530.6,503.1,520.5,3455687
TATNP,2020-04-01,506.0,520.8,488.2,516.0,1956601
TATNP,2020-04-02,540.0,562.0,527.0,554.0,3502641
TATNP,2020-04-03,557.0,582.8,550.7,567.5,2557380
TATNP,2020-04-06,576.5,589.0,563.0,566.4,1468704
TATNP,2020-04-07,573.1,580.0,542.3,548.6,2314745
TATNP,2020-04-08,557.5,561.8,542.2,555.4,947964
TATNP,2020-04-09,564.3,578.7,558.1,572.0,1767375
TATNP,2020-04-10,567.9,569.8,555.6,567.0,522937
TATNP,2020-04-13,563.0,567.0,541.1,542.2,1098464
TATNP,2020-04-14,549.0,558.7,521.0,521.2,1367597
TATNP,2020-04-15,517.2,521.0,481.6,485.0,2018585
TATNP,2020-04-16,490.0,503.8,469.6,484.0,1832068
TATNP,2020-04-17,499.0,500.0,490.5,494.0,1440437
TATNP,2020-04-20,489.8,502.9,451.2,461.0,3427402
TATNP,2020-04-21,450.0,451.0,430.1,446.0,3698658
TATNP,2020-04-22,434.5,480.4,433.0,474.0,3706914
TATNP,2020-04-23,486.0,495.0,475.8,493.0,2064060
TATNP,2020-04-24,489.9,491.3,474.4,481.0,1498178
TATNP,2020-04-27,480.0,487.0,473.4,480.1,714326
TATNP,2020-04-28,477.0,497.0,475.0,487.0,1715262
TATNP,2020-04-29,488.0,521.4,486.0,520.0,2183043
TATNP,2020-04-30,524.8,541.0,504.4,514.1,2797628
TATNP,2020-05-04,508.0,513.8,494.6,507.0,1005931
TATNP,2020-05-05,517.1,523.4,508.0,515.0,1255158
TATNP,2020-05-06,515.2,517.6,504.0,507.7,973281
TATNP,2020-05-07,509.9,515.6,506.0,510.7,625322
TATNP,2020-05-08,513.7,521.2,508.6,519.0,634521
TATNP,2020-05-12,519.0,523.4,513.3,520.4,1026660
TATNP,2020-05-13,517.7,517.7,494.1,494.1,1437821
TATNP,2020-05-14,495.0,503.0,487.9,495.6,874105
TATNP,2020-05-15,502.1,510.5,496.0,496.0,908029
TATNP,2020-05-18,508.9,521.9,506.2,520.0,1091816
TATNP,2020-05-19,522.0,526.7,513.8,516.6,812143
TATNP,2020-05-20,519.5,530.3,511.0,529.1,1521231
TATNP,2020-05-21,533.0,537.5,508.0,511.2,1338893
TATNP,2020-05-22,504.9,517.0,501.6,510.9,746058
TATNP,2020-05-25,514.1,519.3,511.9,515.6,438652
TATNP,2020-05-26,520.8,534.9,520.1,528.0,1117406
TATNP,2020-05-27,528.0,536.0,515.5,519.1,1163651
TATNP,2020-05-28,525.3,531.5,519.4,529.7,701197
TATNP,2020-05-29,528.7,528.7,509.0,509.0,1542453
TATNP,2020-06-01,518.9,534.3,517.4,520.8,831550
TATNP,2020-06-02,527.0,528.7,521.6,526.0,844828
TATNP,2020-06-03,530.0,553.3,528.0,544.9,2343088
TATNP,2020-06-04,547.0,547.0,534.7,540.0,1762134
TATNP,2020-06-05,544.5,552.1,541.4,550.8,1388385
TATNP,2020-06-08,552.8,575.4,552.2,561.8,1581016
TATNP,2020-06-09,562.0,575.0,553.4,575.0,1043656
TATNP,2020-06-10,570.0,579.6,566.8,579.0,954995
TATNP,2020-06-11,570.2,572.3,555.7,566.3,912156
TATNP,2020-06-15,552.6,566.6,541.4,563.6,779866
TATNP,2020-06-16,568.5,575.1,556.4,560.5,842240
TATNP,2020-06-17,560.6,570.0,551.0,551.0,686586
TATNP,2020-06-18,550.8,561.3,541.5,557.7,748734
TATNP,2020-06-19,567.5,570.6,556.6,563.7,1011478
TATNP,2020-06-22,562.7,569.8,545.7,567.3,741151
TATNP,2020-06-23,568.0,570.5,561.1,562.4,542168
TATNP,2020-06-25,554.9,560.1,550.2,559.7,530749
TATNP,2020-06-26,557.6,560.4,547.2,548.0,432643
TATNP,2020-06-29,549.9,551.1,541.0,549.7,325176
TATNP,2020-06-30,550.0,551.3,538.4,539.9,591426
TATNP,2020-07-02,545.1,551.0,542.1,550.0,358181
TATNP,2020-07-03,550.4,558.9,546.5,555.0,413015
TATNP,2020-07-06,558.9,563.8,548.0,551.5,801361
TATNP,2020-07-07,546.8,555.0,542.6,550.5,292669
TATNP,2020-07-08,553.5,553.5,542.5,546.5,458021
TATNP,2020-07-09,548.8,548.8,533.1,538.0,638016
TATNP,2020-07-10,533.0,540.0,527.5,538.7,644793
TATNP,2020-07-13,539.9,544.0,522.2,523.6,662457
TATNP,2020-07-14,523.5,525.2,510.5,524.1,798712
TATNP,2020-07-15,528.0,534.5,525.4,532.9,432144
TATNP,2020-07-16,529.0,533.7,527.5,528.8,375836
TATNP,2020-07-17,531.9,531.9,523.4,529.3,308993
TATNP,2020-07-20,528.9,539.0,522.8,537.9,412778
TATNP,2020-07-21,538.0,544.0,536.7,539.5,547811
TATNP,2020-07-22,540.9,541.7,534.0,540.7,421330
TATNP,2020-07-23,544.0,544.7,528.8,537.0,354195
TATNP,2020-07-24,537.9,540.9,530.0,538.0,271545
TATNP,2020-07-27,538.0,541.2,536.6,538.4,274323
TATNP,2020-07-28,539.2,540.8,536.0,536.9,187154
TATNP,2020-07-29,536.5,542.1,536.4,542.0,354275
TATNP,2020-07-30,539.0,542.2,535.0,538.8,351313
TATNP,2020-07-31,539.5,541.1,533.8,537.5,292158
TATNP,2020-08-03,537.2,537.2,526.0,529.3,641516
TATNP,2020-08-04,529.8,531.0,522.5,528.3,502282
TATNP,2020-08-05,530.2,541.2,527.6,537.7,658450
TATNP,2020-08-06,538.0,541.2,534.0,540.0,396141
TATNP,2020-08-07,538.8,540.0,535.4,538.0,209260
TATNP,2020-08-10,538.0,543.6,537.5,543.2,297858
TATNP,2020-08-11,543.4,572.7,543.2,564.8,1218370
TATNP,2020-08-12,573.0,589.2,562.5,584.2,1035123
TATNP,2020-08-13,580.2,589.6,576.1,580.0,660814
TATNP,2020-08-14,581.9,584.4,573.7,583.3,364061
TATNP,2020-08-17,586.9,588.3,574.9,578.4,729411
TATNP,2020-08-18,574.2,585.0,572.1,573.6,506434
TATNP,2020-08-19,576.5,576.5,566.8,571.3,328427
TATNP,2020-08-20,570.0,572.3,548.6,557.6,670275
TATNP,2020-08-21,558.1,561.2,541.0,548.0,556669
TATNP,2020-08-24,551.0,556.8,544.7,548.0,732600
TATNP,2020-08-25,548.5,553.0,543.0,548.0,403049
TATNP,2020-08-26,548.0,551.0,542.6,549.5,531272
TATNP,2020-08-27,551.0,551.9,540.2,543.5,278355
TATNP,2020-08-28,544.5,544.9,538.1,541.7,422067
TATNP,2020-08-31,541.8,544.5,527.2,532.7,1223502
TATNP,2020-09-01,532.1,535.4,525.6,531.2,579782
TATNP,2020-09-02,530.8,539.2,527.3,529.1,690936
TATNP,2020-09-03,530.3,531.1,512.4,516.2,851129
TATNP,2020-09-04,514.5,526.1,512.2,524.1,610253
TATNP,2020-09-07,520.2,524.2,517.3,521.0,377002
TATNP,2020-09-08,521.4,521.4,508.0,514.7,575925
TATNP,2020-09-09,511.8,521.1,510.4,517.0,449617
TATNP,2020-09-10,520.0,523.4,512.0,520.0,759405
TATNP,2020-09-11,521.9,527.9,519.7,523.8,614204
TATNP,2020-09-14,527.4,533.9,524.7,529.6,431992
TATNP,2020-09-15,528.0,539.4,527.2,539.1,643761
TATNP,2020-09-16,539.9,544.0,492.2,515.5,4324218
TATNP,2020-09-17,509.3,513.0,498.1,503.8,2122383
TATNP,2020-09-18,504.0,507.4,495.0,498.1,1361283
TATNP,2020-09-21,496.3,497.2,467.4,474.4,2403214
TATNP,2020-09-22,470.4,475.9,457.8,466.9,2063548
TATNP,2020-09-23,465.0,466.3,451.2,452.3,1651977
TATNP,2020-09-24,453.0,454.5,440.0,451.1,2618736
TATNP,2020-09-25,454.5,454.5,436.2,447.9,1392954
TATNP,2020-09-28,447.9,456.8,440.0,453.5,2408281
TATNP,2020-09-29,454.1,457.0,442.4,445.8,1432916
TATNP,2020-09-30,445.6,448.4,442.5,443.6,1319004
TATNP,2020-10-01,446.0,446.6,437.0,438.5,1287180
TATNP,2020-10-02,436.0,436.7,432.1,434.5,1022243
TATNP,2020-10-05,438.7,457.9,436.3,457.3,1306630
TATNP,2020-10-06,456.8,468.8,453.5,456.9,1819839
TATNP,2020-10-07,462.6,462.9,449.0,456.2,1467788
TATNP,2020-10-08,456.6,460.0,450.8,454.0,890317
TATNP,2020-10-09,445.0,449.9,438.8,443.3,912137
TATNP,2020-10-12,442.6,444.0,437.1,438.0,791872
TATNP,2020-10-13,438.5,439.1,430.1,430.4,1036381
TATNP,2020-10-14,432.6,433.9,423.7,428.5,1510379
TATNP,2020-10-15,427.6,428.4,415.6,417.8,1965024
TATNP,2020-10-16,418.4,418.7,408.0,408.8,2208042
TATNP,2020-10-19,410.1,412.8,400.0,400.2,1136422
TATNP,2020-10-20,401.0,404.0,390.1,402.6,3441161
TATNP,2020-10-21,402.6,410.5,398.6,400.8,1911296
TATNP,2020-10-22,399.7,405.7,395.6,405.3,1767608
TATNP,2020-10-23,405.2,419.6,403.0,417.2,1598328
TATNP,2020-10-26,411.1,416.6,407.4,410.2,988119
TATNP,2020-10-27,412.8,412.9,401.7,404.3,1026922
TATNP,2020-10-28,401.2,403.7,385.3,388.1,2275720
TATNP,2020-10-29,391.0,394.9,383.4,393.4,1206985
TATNP,2020-10-30,391.9,402.0,384.2,397.6,1352059
TATNP,2020-11-02,395.0,405.0,390.6,404.8,839213
TATNP,2020-11-03,404.3,414.8,403.5,413.6,1265859
TATNP,2020-11-05,421.0,433.7,414.4,428.2,2432610
TATNP,2020-11-06,428.0,431.9,423.0,428.8,1545934
TATNP,2020-11-09,432.4,463.6,429.0,453.0,4142375
TATNP,2020-11-10,453.0,477.0,446.1,470.4,3590306
TATNP,2020-11-11,475.0,494.1,474.0,476.2,3658693
TATNP,2020-11-12,483.3,493.9,467.6,473.9,2503036
TATNP,2020-11-13,471.9,480.0,466.8,479.4,1142187
TATNP,2020-11-16,485.3,488.9,479.0,485.2,1483974
TATNP,2020-11-17,485.0,485.6,469.5,477.6,1119544
TATNP,2020-11-18,477.0,487.9,473.6,481.2,801236
TATNP,2020-11-19,481.8,483.8,477.8,479.6,589147
TATNP,2020-11-20,478.4,483.9,475.8,482.9,481712
TATNP,2020-11-23,484.5,495.5,477.3,485.5,1737723
TATNP,2020-11-24,488.8,492.7,481.3,492.1,1011885
TATNP,2020-11-25,492.7,503.8,488.6,502.8,1750548
TATNP,2020-11-26,503.0,506.9,493.0,494.1,1260806
TATNP,2020-11-27,494.9,497.2,466.8,481.2,2839248
TATNP,2020-11-30,471.1,477.5,462.4,469.0,1923472
TATNP,2020-12-01,470.0,474.5,468.4,472.0,1090705
TATNP,2020-12-02,472.0,483.8,467.8,482.7,925666
TATNP,2020-12-03,481.0,482.7,470.3,474.0,856733
TATNP,2020-12-04,478.9,486.9,476.8,481.4,1261605
TATNP,2020-12-07,480.1,482.1,472.5,474.5,874494
TATNP,2020-12-08,474.0,475.3,463.0,468.9,1252485
TATNP,2020-12-09,468.0,475.3,464.0,466.0,922519
TATNP,2020-12-10,466.3,478.5,464.2,475.4,1200914
TATNP,2020-12-11,475.1,482.7,474.3,479.0,1283887
TATNP,2020-12-14,483.0,489.8,480.5,483.9,1746247
TATNP,2020-12-15,483.3,486.9,478.0,485.5,671970
TATNP,2020-12-16,483.0,486.1,472.1,478.0,761090
TATNP,2020-12-17,479.9,484.5,478.1,479.4,773099
TATNP,2020-12-18,478.9,479.2,472.3,473.4,489269
TATNP,2020-12-21,469.6,469.7,451.9,464.1,1617110
TATNP,2020-12-22,458.4,469.1,458.4,464.6,696214
TATNP,2020-12-23,462.4,470.6,462.3,468.2,457962
TATNP,2020-12-24,467.7,470.8,467.0,468.0,369399
TATNP,2020-12-25,468.6,469.5,466.6,468.5,243282
TATNP,2020-12-28,469.8,471.0,467.0,468.5,786668
TATNP,2020-12-29,467.9,472.8,467.9,470.5,503483
TATNP,2020-12-30,472.3,478.3,470.5,475.7,729206
TATNP,2021-01-04,480.0,484.0,472.3,476.5,990697
TATNP,2021-01-05,477.3,485.6,474.1,485.6,737938
TATNP,2021-01-06,486.1,489.0,478.9,482.5,1298649
TATNP,2021-01-08,485.9,492.4,485.7,491.3,2670225
TATNP,2021-01-11,488.0,496.3,483.5,489.0,2020021
TATNP,2021-01-12,489.6,496.9,489.1,494.7,1194655
TATNP,2021-01-13,498.9,508.6,497.7,503.5,2048691
TATNP,2021-01-14,505.7,513.4,500.0,513.4,1192453
TATNP,2021-01-15,511.0,514.6,497.8,500.3,1900194
TATNP,2021-01-18,498.8,498.8,490.4,496.4,878197
TATNP,2021-01-19,498.5,502.9,491.2,494.7,659817
TATNP,2021-01-20,495.1,499.3,493.5,495.0,451344
TATNP,2021-01-21,494.1,496.4,480.7,481.7,996151
TATNP,2021-01-22,480.1,480.1,467.5,470.6,1460112
TATNP,2021-01-25,473.9,476.2,470.6,473.8,1045036
TATNP,2021-01-26,473.0,473.2,469.1,471.6,900153
TATNP,2021-01-27,473.0,476.3,467.0,469.0,1166898
TATNP,2021-01-28,468.8,469.7,461.7,468.6,1260993
TATNP,2021-01-29,467.4,467.4,456.2,457.0,1163564
TATNP,2021-02-01,461.1,461.4,453.4,461.3,935969
TATNP,2021-02-02,461.8,469.1,459.4,463.5,1457053
TATNP,2021-02-03,465.0,472.5,461.3,469.3,994015
TATNP,2021-02-04,470.0,470.4,464.5,469.7,942723
TATNP,2021-02-05,471.0,481.0,470.4,480.0,2377071
TATNP,2021-02-08,480.8,496.2,480.8,496.0,1703391
TATNP,2021-02-09,499.0,503.2,486.1,493.0,1807241
TATNP,2021-02-10,495.0,495.0,483.4,485.8,792549
TATNP,2021-02-11,486.0,487.8,480.1,480.5,557186
TATNP,2021-02-12,482.4,489.8,469.5,489.3,1273037
TATNP,2021-02-15,496.2,499.6,490.1,497.6,922793
TATNP,2021-02-16,499.0,499.6,493.5,497.0,911402
TATNP,2021-02-17,497.0,502.0,486.1,496.6,1083328
TATNP,2021-02-18,497.5,497.8,480.9,481.9,896587
TATNP,2021-02-19,480.2,495.8,476.0,491.1,1018441
TATNP,2021-02-20,493.9,494.4,489.3,492.9,211839
TATNP,2021-02-22,493.5,494.9,486.4,492.3,573613
TATNP,2021-02-24,489.5,505.0,487.3,500.9,1387640
TATNP,2021-02-25,503.2,511.8,500.0,500.1,1580450
TATNP,2021-02-26,498.3,501.9,488.3,491.8,1236487
TATNP,2021-03-01,498.0,498.5,491.6,494.7,615674
TATNP,2021-03-02,491.0,502.0,491.0,498.0,728037
TATNP,2021-03-03,501.0,508.8,500.0,501.9,1041881
TATNP,2021-03-04,503.0,512.0,496.0,500.4,1436715
TATNP,2021-03-05,504.6,526.7,501.6,525.3,2581203
TATNP,2021-03-09,522.9,560.9,521.0,555.8,3041968
TATNP,2021-03-10,553.3,565.0,540.0,556.9,2015597
TATNP,2021-03-11,560.0,567.2,556.5,566.6,1363108
TATNP,2021-03-12,566.6,574.7,562.1,570.4,1015260
TATNP,2021-03-15,572.0,584.6,571.6,579.0,1312130
TATNP,2021-03-16,578.7,578.7,561.1,567.1,1144990
TATNP,2021-03-17,568.5,571.9,554.2,565.6,994538
TATNP,2021-03-18,563.0,569.1,538.0,543.3,1244673
TATNP,2021-03-19,544.0,561.1,536.2,557.6,1734107
TATNP,2021-03-22,557.0,561.9,551.6,559.6,795261
TATNP,2021-03-23,559.0,561.3,546.5,548.2,1093634
TATNP,2021-03-24,554.0,569.0,551.7,564.6,1252757
TATNP,2021-03-25,561.2,567.5,549.0,557.4,812873
TATNP,2021-03-26,560.0,567.9,560.0,566.8,502424
TATNP,2021-03-29,564.6,567.5,559.0,562.8,629933
TATNP,2021-03-30,562.8,566.1,556.2,560.5,439576
TATNP,2021-03-31,564.8,564.8,555.3,558.3,362367
TATNP,2021-04-01,559.2,575.6,558.2,569.2,977973
TATNP,2021-04-02,569.2,574.1,566.2,569.1,490617
TATNP,2021-04-05,570.6,570.6,558.1,561.6,329080
TATNP,2021-04-06,561.0,563.6,548.7,550.4,660696
TATNP,2021-04-07,550.0,554.6,541.5,552.3,711749
TATNP,2021-04-08,552.0,554.4,544.1,548.1,428012
TATNP,2021-04-09,545.8,546.7,527.1,534.4,1040305
TATNP,2021-04-12,534.0,538.8,520.0,535.2,1608456
TATNP,2021-04-13,535.0,538.7,528.0,537.4,704450
TATNP,2021-04-14,539.0,553.6,533.8,548.7,1055070
TATNP,2021-04-15,544.3,552.0,539.0,551.4,735584
TATNP,2021-04-16,552.3,556.5,544.4,550.5,614196
TATNP,2021-04-19,550.6,550.6,541.0,543.9,349843
TATNP,2021-04-20,547.0,550.0,529.6,536.7,814504
TATNP,2021-04-21,537.8,540.8,529.2,537.1,562200
TATNP,2021-04-22,535.2,536.4,526.4,529.6,1336945
TATNP,2021-04-23,530.8,534.8,528.5,531.2,440836
TATNP,2021-04-26,531.0,533.7,524.7,530.0,910500
TATNP,2021-04-27,530.0,533.1,526.1,530.6,898478
TATNP,2021-04-28,529.0,529.0,486.5,496.6,4595309
TATNP,2021-04-29,496.8,498.5,456.8,461.1,12171364
TATNP,2021-04-30,461.0,469.7,458.0,469.1,2043116
TATNP,2021-05-04,470.0,481.8,469.3,478.3,1633649
TATNP,2021-05-05,478.4,480.3,474.1,477.4,1114226
TATNP,2021-05-06,478.4,482.7,476.5,482.1,1367814
TATNP,2021-05-07,482.6,483.4,476.0,480.8,1203283
TATNP,2021-05-10,480.8,487.0,477.7,482.7,647155
TATNP,2021-05-11,482.0,482.8,474.6,481.8,783145
TATNP,2021-05-12,481.8,484.1,478.3,478.6,531984
TATNP,2021-05-13,481.4,481.4,471.6,475.0,1063882
TATNP,2021-05-14,475.9,475.9,465.7,472.3,1002928
TATNP,2021-05-17,473.0,476.5,467.9,476.0,510178
TATNP,2021-05-18,476.4,481.0,474.0,475.4,967995
TATNP,2021-05-19,475.8,477.3,462.6,467.9,1323153
TATNP,2021-05-20,468.4,468.9,456.6,460.4,1553229
TATNP,2021-05-21,460.6,468.3,456.1,465.6,1142411
TATNP,2021-05-24,466.2,471.7,465.7,469.4,571858
TATNP,2021-05-25,470.0,470.7,462.5,466.4,678551
TATNP,2021-05-26,467.3,470.3,464.3,467.8,511949
TATNP,2021-05-27,467.7,467.7,461.5,466.3,711310
TATNP,2021-05-28,466.5,471.0,466.2,468.7,685846
TATNP,2021-05-31,469.0,478.6,468.9,477.5,1322537
TATNP,2021-06-01,479.8,485.7,478.0,484.6,1218747
TATNP,2021-06-02,485.2,496.4,484.1,496.2,1685241
TATNP,2021-06-03,497.4,499.6,489.8,495.0,1705877
TATNP,2021-06-04,497.0,497.4,491.3,495.0,701277
TATNP,2021-06-07,494.9,498.0,491.7,495.5,987004
TATNP,2021-06-08,496.0,497.0,492.7,496.2,580721
TATNP,2021-06-09,496.5,500.9,495.3,499.1,1048277
TATNP,2021-06-10,497.8,504.3,496.7,500.7,1036202
TATNP,2021-06-11,502.0,505.8,496.0,500.1,778360
TATNP,2021-06-14,501.0,509.4,499.5,508.1,707132
TATNP,2021-06-15,509.7,515.4,508.1,513.0,1187467
TATNP,2021-06-16,514.2,520.4,512.2,515.4,1100961
TATNP,2021-06-17,512.6,520.5,503.2,509.5,1702531
TATNP,2021-06-18,509.5,512.7,498.2,504.0,1748484
TATNP,2021-06-21,503.5,511.5,496.5,511.0,890885
TATNP,2021-06-22,512.0,514.9,507.0,511.6,561712
TATNP,2021-06-23,516.0,517.1,510.2,511.7,645876
TATNP,2021-06-24,512.4,512.5,504.1,506.1,496449
TATNP,2021-06-25,506.1,511.7,504.7,507.8,751548
TATNP,2021-06-28,508.5,511.7,501.0,502.1,600207
TATNP,2021-06-29,500.0,503.7,487.3,495.9,1013525
TATNP,2021-06-30,496.8,504.2,488.6,502.0,805337
TATNP,2021-07-01,502.0,510.0,499.1,505.7,1197236
TATNP,2021-07-02,505.0,508.6,503.1,506.7,493115
TATNP,2021-07-05,507.0,511.4,504.7,508.5,644937
TATNP,2021-07-06,509.4,512.8,505.0,505.7,1543580
TATNP,2021-07-07,506.0,511.9,501.7,503.9,1113879
TATNP,2021-07-08,493.9,493.9,482.6,489.1,1214171
TATNP,2021-07-09,489.7,490.9,483.1,486.4,503419
TATNP,2021-07-12,487.8,488.7,482.4,484.7,500390
TATNP,2021-07-13,484.7,487.1,483.4,486.2,312822
TATNP,2021-07-14,486.2,486.9,481.1,481.7,555037
TATNP,2021-07-15,481.4,482.3,462.2,465.4,1831984
TATNP,2021-07-16,464.3,474.3,460.9,465.5,1982427
TATNP,2021-07-19,465.0,465.6,450.0,454.3,2068359
TATNP,2021-07-20,455.0,457.6,445.5,454.6,1299033
TATNP,2021-07-21,453.0,461.4,449.7,460.2,1810435
TATNP,2021-07-22,461.4,461.4,454.6,459.0,924434
TATNP,2021-07-23,459.0,462.5,455.1,457.0,786774
TATNP,2021-07-26,455.0,458.8,446.5,458.0,868909
TATNP,2021-07-27,458.0,458.4,452.2,453.3,1129282
TATNP,2021-07-28,454.0,461.0,453.8,460.9,989636
TATNP,2021-07-29,463.7,465.6,460.0,464.8,718152
TATNP,2021-07-30,462.8,463.3,453.0,456.1,1307991
TATNP,2021-08-02,458.0,463.2,456.8,460.7,876574
TATNP,2021-08-03,461.7,463.7,454.1,459.6,882198
TATNP,2021-08-04,459.6,460.7,456.0,457.3,644490
TATNP,2021-08-05,457.0,465.1,453.7,465.0,997811
TATNP,2021-08-06,466.0,468.0,458.7,461.1,585553
TATNP,2021-08-09,459.6,460.9,455.0,460.0,610549
TATNP,2021-08-10,461.3,465.6,458.5,465.4,556477
TATNP,2021-08-11,468.0,468.0,459.6,463.9,708774
TATNP,2021-08-12,463.9,466.5,463.2,465.5,551955
TATNP,2021-08-13,466.3,466.9,463.8,465.9,397884
TATNP,2021-08-16,464.0,465.0,461.4,464.6,458554
TATNP,2021-08-17,463.3,470.5,462.5,469.0,617940
TATNP,2021-08-18,470.3,471.4,463.5,464.0,434969
TATNP,2021-08-19,462.5,464.0,455.5,459.3,980911
TATNP,2021-08-20,458.7,460.3,456.3,458.9,775259
TATNP,2021-08-23,461.0,471.3,461.0,470.9,1118178
TATNP,2021-08-24,472.5,478.5,469.7,477.6,2120221
TATNP,2021-08-25,477.5,482.8,475.6,482.5,1229116
TATNP,2021-08-26,470.5,472.6,458.4,460.8,2540755
TATNP,2021-08-27,462.6,462.7,454.5,458.7,1499447
TATNP,2021-08-30,459.4,462.9,458.5,459.9,864066
TATNP,2021-08-31,460.0,462.1,456.5,457.3,995564
TATNP,2021-09-01,457.5,463.0,453.9,461.5,1329772
TATNP,2021-09-02,461.8,461.9,457.3,458.6,833828
TATNP,2021-09-03,461.1,461.1,457.5,458.6,518380
TATNP,2021-09-06,458.6,459.5,454.4,456.5,775282
TATNP,2021-09-07,456.5,457.0,448.0,450.0,1752286
TATNP,2021-09-08,450.0,452.3,443.3,450.5,1893015
TATNP,2021-09-09,450.5,452.7,446.2,449.0,980712
TATNP,2021-09-10,450.2,452.1,445.3,446.9,1181887
TATNP,2021-09-13,448.2,454.8,447.3,454.7,1925377
TATNP,2021-09-14,454.5,467.6,454.5,462.8,2530384
TATNP,2021-09-15,464.0,475.0,462.7,473.9,1920571
TATNP,2021-09-16,473.0,477.0,467.9,470.5,1602642
TATNP,2021-09-17,470.5,471.4,463.6,468.5,1202540
TATNP,2021-09-20,465.0,465.9,454.4,456.5,1062989
TATNP,2021-09-21,458.6,464.3,457.5,460.3,1013771
TATNP,2021-09-22,463.5,472.0,463.0,470.0,1072258
TATNP,2021-09-23,471.2,473.2,466.2,472.0,993316
TATNP,2021-09-24,472.0,472.0,465.3,467.9,735912
TATNP,2021-09-27,472.8,488.7,470.0,487.8,2905697
TATNP,2021-09-28,490.4,496.4,481.0,481.4,3367515
TATNP,2021-09-29,480.0,485.8,475.2,480.8,1731689
TATNP,2021-09-30,481.5,485.0,479.1,484.0,915233
TATNP,2021-10-01,482.6,490.0,479.8,489.9,1001006
TATNP,2021-10-04,490.1,498.2,487.8,494.8,1433255
TATNP,2021-10-05,497.0,530.0,495.9,528.9,4402810
TATNP,2021-10-06,530.6,537.4,508.6,519.9,3201760
TATNP,2021-10-07,519.7,524.8,506.8,522.9,1975385
TATNP,2021-10-08,527.6,529.3,522.9,525.5,2356961
TATNP,2021-10-11,513.0,522.6,512.1,518.0,1892817
TATNP,2021-10-12,517.6,531.2,515.1,526.1,1582673
TATNP,2021-10-13,526.3,530.4,509.2,519.6,1441454
TATNP,2021-10-14,521.2,524.4,515.8,518.2,741472
TATNP,2021-10-15,519.8,527.5,515.2,524.6,920625
TATNP,2021-10-18,525.9,528.0,521.2,523.0,496429
TATNP,2021-10-19,525.0,525.7,519.2,525.7,1022713
TATNP,2021-10-20,524.6,533.6,522.5,532.0,1161453
TATNP,2021-10-21,529.8,531.6,512.7,516.0,916531
TATNP,2021-10-22,514.6,522.9,513.1,515.9,490317
TATNP,2021-10-25,517.0,526.5,514.6,523.5,1007521
TATNP,2021-10-26,523.2,525.6,517.0,517.5,549700
TATNP,2021-10-27,517.0,518.0,501.2,502.7,982072
TATNP,2021-10-28,499.2,504.3,483.1,503.4,1694455
TATNP,2021-10-29,502.9,502.9,485.1,489.3,1729752
TATNP,2021-11-01,489.7,503.2,486.8,500.1,868102
TATNP,2021-11-02,501.0,508.4,489.0,494.5,894393
TATNP,2021-11-03,490.0,492.7,481.5,487.7,840207
TATNP,2021-11-05,485.7,492.7,481.9,489.5,1058567
TATNP,2021-11-08,495.5,500.4,491.1,497.2,932500
TATNP,2021-11-09,497.2,501.7,486.9,492.5,677620
TATNP,2021-11-10,492.8,499.4,485.3,487.0,859149
TATNP,2021-11-11,488.3,494.7,487.0,490.5,992446
TATNP,2021-11-12,491.0,491.0,479.0,482.9,1272053
TATNP,2021-11-15,482.0,486.4,477.0,480.0,961258
TATNP,2021-11-16,482.6,486.2,479.9,483.1,904526
TATNP,2021-11-17,483.1,484.5,474.1,476.9,1005516
TATNP,2021-11-18,475.1,475.6,463.5,467.1,1876737
TATNP,2021-11-19,471.0,471.0,451.5,455.3,1567730
TATNP,2021-11-22,455.3,460.7,443.7,449.8,2412232
TATNP,2021-11-23,452.2,456.7,443.9,454.7,2149983
TATNP,2021-11-24,459.0,459.0,447.9,456.4,1621254
TATNP,2021-11-25,457.8,459.8,449.1,451.4,1348179
TATNP,2021-11-26,442.0,444.1,428.1,428.5,2582131
TATNP,2021-11-29,434.0,444.8,434.0,438.4,1201349
TATNP,2021-11-30,434.9,442.9,428.7,439.3,1392639
TATNP,2021-12-01,441.1,451.6,437.0,440.0,1731248
TATNP,2021-12-02,441.1,461.0,441.1,460.9,2565276
TATNP,2021-12-03,458.9,460.6,441.4,447.4,2873293
TATNP,2021-12-06,448.0,453.8,436.0,445.0,894632
TATNP,2021-12-07,446.3,453.6,443.2,450.8,1536334
TATNP,2021-12-08,450.7,454.4,442.2,447.1,1100562
TATNP,2021-12-09,448.9,451.7,443.2,446.9,793386
TATNP,2021-12-10,447.4,447.4,436.5,440.0,682671
TATNP,2021-12-13,444.9,451.0,416.9,418.3,1626620
TATNP,2021-12-14,418.0,427.0,393.3,426.6,1441598
TATNP,2021-12-15,426.8,439.5,422.4,438.9,906685
TATNP,2021-12-16,439.2,446.4,435.1,443.2,1696193
TATNP,2021-12-17,445.8,449.2,440.0,449.0,1141729
TATNP,2021-12-20,440.5,448.2,437.0,444.8,1392485
TATNP,2021-12-21,447.8,450.5,441.6,446.6,857832
TATNP,2021-12-22,446.0,454.1,444.2,450.4,1041601
TATNP,2021-12-23,450.3,453.9,443.1,445.5,624234
TATNP,2021-12-24,445.3,446.8,437.9,446.1,550292
TATNP,2021-12-27,446.0,452.0,445.1,451.9,617700
TATNP,2021-12-28,451.4,459.7,450.9,455.7,1082884
TATNP,2021-12-29,456.1,459.4,451.9,456.4,535477
TATNP,2021-12-30,459.6,463.0,454.8,462.8,801160
TATNP,2022-01-03,462.8,472.5,462.0,472.1,1095427
TATNP,2022-01-04,472.1,474.4,470.1,473.8,644373
TATNP,2022-01-05,473.8,475.1,452.3,453.0,1556375
TATNP,2022-01-06,447.8,459.8,442.5,459.0,1606970
TATNP,2022-01-10,457.8,465.7,456.1,460.0,1476203
TATNP,2022-01-11,461.5,468.0,456.6,466.4,966287
TATNP,2022-01-12,467.5,470.6,462.5,469.1,1513299
TATNP,2022-01-13,467.4,472.3,448.8,453.9,1166482
TATNP,2022-01-14,453.9,459.4,439.1,452.7,1592358
TATNP,2022-01-17,452.7,459.8,445.2,451.9,1132662
TATNP,2022-01-18,451.9,455.0,425.5,433.8,1637787
TATNP,2022-01-19,432.4,456.8,419.1,449.0,2139181
TATNP,2022-01-20,449.6,458.1,438.1,439.1,1392413
TATNP,2022-01-21,437.9,443.2,431.5,433.9,1775095
TATNP,2022-01-24,436.0,439.2,394.5,414.7,3304360
TATNP,2022-01-25,414.8,421.8,402.0,418.8,3100285
TATNP,2022-01-26,419.9,427.0,412.0,414.0,2417256
TATNP,2022-01-27,413.5,440.3,410.3,431.9,1634237
TATNP,2022-01-28,430.8,449.7,430.8,447.8,1985343
TATNP,2022-01-31,447.8,456.2,447.1,453.5,1735682
TATNP,2022-02-01,452.2,454.3,441.8,445.0,1058363
TATNP,2022-02-02,444.8,448.5,438.6,442.5,1104291
TATNP,2022-02-03,441.2,442.4,433.4,437.6,598340
TATNP,2022-02-04,441.0,450.0,436.6,445.0,1362090
TATNP,2022-02-07,445.0,449.1,436.7,442.8,511305
TATNP,2022-02-08,441.4,449.4,440.4,448.1,666835
TATNP,2022-02-09,449.8,458.5,448.0,456.4,1009735
TATNP,2022-02-10,457.3,457.5,448.5,449.5,709567
TATNP,2022-02-11,450.1,450.6,430.0,432.8,1063036
TATNP,2022-02-14,432.8,442.5,427.5,433.9,1374554
TATNP,2022-02-15,435.0,451.0,434.0,450.7,1064496
TATNP,2022-02-16,450.7,458.9,448.5,455.1,1083330
TATNP,2022-02-17,454.7,454.7,440.6,441.5,1421898
TATNP,2022-02-18,442.9,452.4,431.2,433.3,2030602
TATNP,2022-02-21,432.9,442.8,370.9,372.9,3371663
TATNP,2022-02-22,370.2,402.2,338.0,399.6,4295712
TATNP,2022-02-24,360.9,369.8,203.0,273.6,3119229
TATNP,2022-02-25,260.7,340.0,260.7,313.1,1443056
TATNP,2022-03-24,313.0,369.9,300.4,329.0,1767605
TATNP,2022-03-25,349.0,349.0,315.0,318.5,605574
TATNP,2022-03-28,326.0,327.0,303.0,318.0,569398
TATNP,2022-03-29,321.8,344.0,313.0,336.7,1188152
TATNP,2022-03-30,336.9,356.4,330.1,351.8,894241
TATNP,2022-03-31,352.0,365.5,351.8,356.3,991269
TATNP,2022-04-01,356.0,379.7,355.6,368.1,921728
TATNP,2022-04-04,368.0,374.0,353.7,363.8,341489
TATNP,2022-04-05,368.8,368.9,340.0,353.9,273206
TATNP,2022-04-06,352.0,355.6,335.8,347.0,201633
TATNP,2022-04-07,349.0,350.2,340.0,342.0,317310
TATNP,2022-04-08,343.0,346.5,336.0,339.2,232662
TATNP,2022-04-11,339.2,346.7,338.1,340.2,167301
TATNP,2022-04-12,340.2,343.5,335.6,342.5,264974
TATNP,2022-04-13,344.0,346.4,342.1,343.1,92383
TATNP,2022-04-14,343.2,346.5,329.0,332.1,290705
TATNP,2022-04-15,333.6,333.6,316.5,327.9,223060
TATNP,2022-04-18,331.9,331.9,317.3,319.2,106028
TATNP,2022-04-19,320.5,320.5,297.6,308.1,570028
TATNP,2022-04-20,308.1,325.0,301.2,315.1,276896
TATNP,2022-04-21,314.3,320.4,303.7,308.6,194786
TATNP,2022-04-22,310.0,317.7,301.2,310.4,163195
TATNP,2022-04-25,311.7,322.0,303.4,319.2,269530
TATNP,2022-04-26,320.5,346.3,316.4,346.3,567383
TATNP,2022-04-27,340.0,348.9,340.0,343.9,402364
TATNP,2022-04-28,345.0,352.2,343.4,343.4,377126
TATNP,2022-04-29,343.5,359.0,338.8,357.0,431341
TATNP,2022-05-04,353.3,361.2,344.0,344.6,258805
TATNP,2022-05-05,348.9,353.0,342.0,343.8,163873
TATNP,2022-05-06,343.4,346.7,333.0,338.2,141757
TATNP,2022-05-11,341.9,351.4,338.5,345.0,217241
TATNP,2022-05-12,341.0,345.7,325.0,330.0,333053
TATNP,2022-05-13,330.0,335.1,324.4,334.8,177242
TATNP,2022-05-16,331.0,344.8,328.4,340.8,332578
TATNP,2022-05-17,344.0,358.0,341.9,355.0,373458
TATNP,2022-05-18,358.9,369.9,356.5,365.0,369600
TATNP,2022-05-19,365.0,368.6,356.7,364.0,288220
TATNP,2022-05-20,365.1,368.7,353.1,366.8,492408
TATNP,2022-05-23,374.0,374.4,337.6,338.1,873704
TATNP,2022-05-24,340.0,341.0,323.0,334.5,392024
TATNP,2022-05-25,335.9,345.8,333.3,345.8,247976
TATNP,2022-05-26,346.8,360.0,342.8,354.4,352634
TATNP,2022-05-27,355.0,365.0,353.9,362.5,267514
TATNP,2022-05-30,365.1,370.1,360.2,362.9,214901
TATNP,2022-05-31,359.9,359.9,352.0,353.2,136915
TATNP,2022-06-01,352.3,364.3,350.0,356.4,253354
TATNP,2022-06-02,358.3,359.3,350.6,354.0,136049
TATNP,2022-06-03,355.7,356.0,340.7,347.8,240950
TATNP,2022-06-06,350.5,350.8,344.6,346.0,147367
TATNP,2022-06-07,346.0,349.8,343.0,349.8,208600
TATNP,2022-06-08,350.0,359.2,346.0,359.0,225374
TATNP,2022-06-09,359.4,360.7,352.7,357.3,142120
TATNP,2022-06-10,353.0,366.8,353.0,364.9,218741
TATNP,2022-06-14,364.8,366.0,358.4,365.0,185147
TATNP,2022-06-15,363.0,373.9,361.2,370.0,326959
TATNP,2022-06-16,371.0,392.5,371.0,389.1,449385
TATNP,2022-06-17,390.0,394.0,389.4,391.9,314350
TATNP,2022-06-20,393.2,416.2,391.0,416.0,629420
TATNP,2022-06-21,416.0,416.0,400.4,406.9,480408
TATNP,2022-06-22,406.9,407.2,389.2,401.6,467444
TATNP,2022-06-23,403.9,407.0,395.2,406.4,323745
TATNP,2022-06-24,406.4,417.9,402.6,405.9,351257
TATNP,2022-06-27,408.4,410.0,403.3,410.0,159648
TATNP,2022-06-28,412.0,413.8,404.1,404.5,120128
TATNP,2022-06-29,404.5,405.0,392.2,402.1,275872
TATNP,2022-06-30,403.8,405.1,383.1,398.9,440081
TATNP,2022-07-01,383.4,404.8,380.0,380.0,370757
TATNP,2022-07-04,387.2,391.0,381.6,383.0,232335
TATNP,2022-07-05,389.0,389.0,379.4,382.5,215091
TATNP,2022-07-06,382.0,388.7,381.6,383.8,233731
TATNP,2022-07-07,366.0,373.0,365.2,365.3,299263
TATNP,2022-07-08,365.3,368.9,357.9,361.9,132929
TATNP,2022-07-11,360.0,362.9,355.5,355.9,272045
TATNP,2022-07-12,355.9,355.9,341.3,347.4,225232
TATNP,2022-07-13,349.0,352.4,333.4,340.9,225789
TATNP,2022-07-14,340.0,347.0,330.5,332.8,260841
TATNP,2022-07-15,333.1,358.5,330.0,347.0,242894
TATNP,2022-07-18,345.9,352.7,342.2,348.2,151264
TATNP,2022-07-19,348.5,350.0,338.7,342.0,129647
TATNP,2022-07-20,342.2,346.6,340.3,344.2,123405
TATNP,2022-07-21,344.3,344.3,334.4,341.3,140377
TATNP,2022-07-22,341.9,347.0,340.2,344.0,137009
TATNP,2022-07-25,344.0,349.8,337.8,346.0,113049
TATNP,2022-07-26,349.0,358.5,346.1,358.3,194200
TATNP,2022-07-27,358.8,371.0,355.0,366.5,244537
TATNP,2022-07-28,370.4,374.9,364.8,370.3,352511
TATNP,2022-07-29,370.8,377.6,367.0,376.1,120804
TATNP,2022-08-01,378.4,379.8,372.0,374.8,372852
TATNP,2022-08-02,379.8,379.8,369.4,371.1,506647
TATNP,2022-08-03,371.0,376.3,371.0,374.0,201444
TATNP,2022-08-04,374.0,374.9,370.6,374.0,122199
TATNP,2022-08-05,373.5,374.5,359.1,362.1,353735
TATNP,2022-08-08,370.0,374.4,365.5,366.1,294660
TATNP,2022-08-09,366.1,395.3,362.8,394.1,738970
TATNP,2022-08-10,398.9,404.1,395.1,400.0,585524
TATNP,2022-08-11,400.4,403.9,396.0,398.3,224440
TATNP,2022-08-12,397.3,405.2,391.3,405.1,225740
TATNP,2022-08-15,405.1,408.5,380.9,396.7,1472706
TATNP,2022-08-16,430.2,435.0,412.2,416.0,1220828
TATNP,2022-08-17,418.8,419.0,411.4,414.0,257855
TATNP,2022-08-18,413.9,415.4,410.1,415.0,167314
TATNP,2022-08-19,413.8,415.7,408.4,409.2,170940
TATNP,2022-08-22,409.2,414.4,406.6,414.0,165278
TATNP,2022-08-23,415.0,416.9,414.1,415.9,166899
TATNP,2022-08-24,416.0,417.8,412.3,414.9,130723
TATNP,2022-08-25,414.6,416.1,412.7,412.9,137525
TATNP,2022-08-26,412.0,415.0,412.0,415.0,102435
TATNP,2022-08-29,419.9,419.9,415.9,418.0,234495
TATNP,2022-08-30,419.0,427.9,418.1,418.9,331606
TATNP,2022-08-31,418.9,425.1,416.0,418.0,306124
TATNP,2022-09-01,419.0,420.5,413.1,415.0,305902
TATNP,2022-09-02,415.3,421.9,413.5,418.4,386176
TATNP,2022-09-05,420.1,420.1,414.1,418.0,303926
TATNP,2022-09-06,419.0,419.7,405.5,410.9,333207
TATNP,2022-09-07,410.9,415.6,407.3,410.0,215055
TATNP,2022-09-08,410.0,412.7,406.8,408.0,184007
TATNP,2022-09-09,409.0,410.0,402.2,408.3,301932
TATNP,2022-09-12,408.9,418.8,406.1,415.8,314700
TATNP,2022-09-13,415.9,417.5,410.8,413.7,158421
TATNP,2022-09-14,413.6,413.6,407.0,413.0,203845
TATNP,2022-09-15,413.1,416.8,410.0,414.0,169187
TATNP,2022-09-16,414.5,415.4,410.5,412.9,177263
TATNP,2022-09-19,412.2,414.8,408.5,412.9,196802
TATNP,2022-09-20,411.2,412.7,375.0,385.0,1093334
TATNP,2022-09-21,355.0,379.1,351.0,361.0,839313
TATNP,2022-09-22,365.5,394.9,363.0,386.0,985369
TATNP,2022-09-23,386.8,386.8,363.5,370.1,544335
TATNP,2022-09-26,368.0,368.0,331.1,340.9,1158889
TATNP,2022-09-27,343.1,351.5,337.6,349.8,716030
TATNP,2022-09-28,347.3,354.7,340.1,349.0,493258
TATNP,2022-09-29,349.9,350.0,339.0,344.2,324013
TATNP,2022-09-30,344.2,361.2,335.7,356.2,498395
TATNP,2022-10-03,360.0,373.6,353.6,372.5,371979
TATNP,2022-10-04,373.7,373.9,362.0,371.0,246755
TATNP,2022-10-05,371.6,373.0,363.3,369.7,546597
TATNP,2022-10-06,370.0,375.9,366.5,373.4,434337
TATNP,2022-10-07,374.0,374.0,352.0,354.9,1029778
TATNP,2022-10-10,324.0,335.0,321.0,333.6,936619
TATNP,2022-10-11,332.0,340.3,330.6,339.4,531791
TATNP,2022-10-12,340.8,340.8,333.2,335.0,230828
TATNP,2022-10-13,339.4,339.4,331.6,334.3,231475
TATNP,2022-10-14,335.9,336.8,333.2,334.3,168731
TATNP,2022-10-17,335.2,346.0,334.2,344.7,346726
TATNP,2022-10-18,345.2,351.1,337.1,339.5,387566
TATNP,2022-10-19,339.0,341.8,333.0,338.5,171277
TATNP,2022-10-20,339.6,342.9,336.5,339.0,183313
TATNP,2022-10-21,339.6,342.9,335.8,342.7,177148
TATNP,2022-10-24,342.7,348.0,342.0,348.0,176828
TATNP,2022-10-25,348.2,357.8,346.8,357.4,265890
TATNP,2022-10-26,355.1,360.9,352.3,358.7,364205
TATNP,2022-10-27,359.1,363.0,357.9,361.5,222479
TATNP,2022-10-28,361.0,365.3,356.7,363.5,258532
TATNP,2022-10-31,365.0,368.0,360.9,366.5,184445
TATNP,2022-11-01,366.1,371.2,366.1,370.0,164305
TATNP,2022-11-02,370.0,377.9,365.4,370.6,426754
TATNP,2022-11-03,370.6,373.8,366.6,372.3,178264
TATNP,2022-11-07,373.9,381.8,373.9,380.5,285023
TATNP,2022-11-08,381.9,381.9,373.7,377.3,215465
TATNP,2022-11-09,377.3,384.0,367.5,372.8,427703
TATNP,2022-11-10,372.8,378.7,372.8,375.0,316130
TATNP,2022-11-11,376.0,376.0,369.0,370.8,435369
TATNP,2022-11-14,371.0,371.3,368.2,369.9,362219
TATNP,2022-11-15,371.1,371.1,351.0,365.5,462637
TATNP,2022-11-16,369.0,369.0,364.1,367.0,459648
TATNP,2022-11-17,367.9,367.9,356.0,357.6,904094
TATNP,2022-11-18,358.9,358.9,354.4,355.9,224686
TATNP,2022-11-21,357.6,357.7,347.6,352.4,328086
TATNP,2022-11-22,352.4,356.0,349.2,353.1,178312
TATNP,2022-11-23,353.1,357.9,348.1,354.2,282527
TATNP,2022-11-24,354.6,356.3,352.0,354.4,113898
TATNP,2022-11-25,354.4,357.5,351.1,355.5,109038
TATNP,2022-11-28,352.1,354.0,349.7,353.1,159601
TATNP,2022-11-29,353.5,354.7,350.8,353.4,87993
TATNP,2022-11-30,352.3,353.5,351.3,352.7,83959
TATNP,2022-12-01,353.5,353.5,347.6,351.0,265495
TATNP,2022-12-02,348.9,351.4,348.0,350.7,146885
TATNP,2022-12-05,350.7,356.8,346.2,353.0,430161
TATNP,2022-12-06,353.8,355.7,349.0,349.5,171753
TATNP,2022-12-07,350.9,350.9,347.0,348.8,363352
TATNP,2022-12-08,349.4,349.8,346.0,347.8,126702
TATNP,2022-12-09,347.1,350.8,346.5,348.6,148465
TATNP,2022-12-12,350.4,350.4,346.2,347.5,104559
TATNP,2022-12-13,347.5,347.5,343.9,346.9,173882
TATNP,2022-12-14,347.0,347.0,342.0,343.2,181149
TATNP,2022-12-15,344.0,344.2,337.5,338.8,168769
TATNP,2022-12-16,340.0,342.7,335.6,342.0,142439
TATNP,2022-12-19,342.0,342.4,337.1,338.5,250582
TATNP,2022-12-20,339.6,345.6,336.7,343.7,326208
TATNP,2022-12-21,343.8,346.9,340.0,341.8,290070
TATNP,2022-12-22,342.6,346.3,340.3,342.2,272534
TATNP,2022-12-23,339.5,341.0,338.1,339.9,255827
TATNP,2022-12-26,341.9,342.8,339.0,341.5,471852
TATNP,2022-12-27,342.2,343.5,340.2,341.3,333611
TATNP,2022-12-28,342.4,342.4,337.4,340.0,351954
TATNP,2022-12-29,340.9,341.0,338.9,340.1,231548
TATNP,2022-12-30,341.1,343.8,338.0,341.4,245411
TATNP,2023-01-03,344.7,345.7,342.6,344.9,165850
TATNP,2023-01-04,345.5,346.4,344.2,345.5,149273
TATNP,2023-01-05,345.6,345.8,341.3,344.3,187731
TATNP,2023-01-06,344.4,345.0,341.8,344.3,231702
TATNP,2023-01-09,338.0,340.0,338.0,339.3,320575
TATNP,2023-01-10,339.4,339.4,335.3,336.7,282174
TATNP,2023-01-11,335.7,338.0,334.4,337.1,469928
TATNP,2023-01-12,337.1,338.4,336.2,337.5,107312
TATNP,2023-01-13,337.5,339.4,337.0,338.7,137646
TATNP,2023-01-16,339.2,340.5,339.0,339.4,160104
TATNP,2023-01-17,340.0,340.0,336.2,337.1,140759
TATNP,2023-01-18,337.1,338.8,335.4,336.5,148376
TATNP,2023-01-19,337.6,337.6,332.5,333.7,320865
TATNP,2023-01-20,334.1,334.1,331.1,332.2,190203
TATNP,2023-01-23,331.3,334.2,331.3,333.4,225544
TATNP,2023-01-24,333.9,334.1,331.6,332.4,155976
TATNP,2023-01-25,331.5,332.3,328.8,330.5,316428
TATNP,2023-01-26,330.6,331.2,326.1,327.2,382977
TATNP,2023-01-27,326.4,327.6,323.8,327.0,379527
TATNP,2023-01-30,327.7,328.7,325.6,327.3,296233
TATNP,2023-01-31,327.0,328.9,325.1,326.8,364374
TATNP,2023-02-01,326.9,327.7,323.9,324.7,609939
TATNP,2023-02-02,324.9,324.9,321.5,322.0,596056
TATNP,2023-02-03,321.9,322.2,319.3,321.7,505265
TATNP,2023-02-06,321.7,323.7,321.0,323.2,473219
TATNP,2023-02-07,323.2,324.6,321.8,322.6,431657
TATNP,2023-02-08,322.7,324.9,322.0,324.8,429889
TATNP,2023-02-09,325.8,327.9,324.0,324.6,392053
TATNP,2023-02-10,325.0,325.8,322.0,323.4,249735
TATNP,2023-02-13,323.4,329.0,323.4,326.3,665995
TATNP,2023-02-14,326.3,328.5,321.0,325.6,429499
TATNP,2023-02-15,325.0,325.0,312.1,314.5,798363
TATNP,2023-02-16,315.8,319.9,314.0,317.3,243286
TATNP,2023-02-17,317.9,319.8,315.1,319.0,271723
TATNP,2023-02-20,319.0,319.5,315.5,317.1,283575
TATNP,2023-02-21,318.0,323.8,318.0,320.6,426791
TATNP,2023-02-22,320.6,321.7,319.2,319.7,114463
TATNP,2023-02-24,320.6,320.6,317.6,319.6,119575
TATNP,2023-02-27,319.0,323.5,316.3,322.9,249450
TATNP,2023-02-28,323.9,334.2,321.8,332.2,732746
TATNP,2023-03-01,333.3,339.6,329.3,337.9,771247
TATNP,2023-03-02,336.6,341.8,330.3,332.2,951899
TATNP,2023-03-03,332.9,337.8,331.1,337.4,238602
TATNP,2023-03-06,338.6,340.7,336.9,339.0,323878
TATNP,2023-03-07,342.0,342.0,335.8,336.4,351029
TATNP,2023-03-09,337.0,337.0,334.1,335.4,161573
TATNP,2023-03-10,335.2,335.9,332.6,333.9,293305
TATNP,2023-03-13,334.5,335.0,329.0,333.0,489853
TATNP,2023-03-14,332.8,338.7,331.1,336.6,355276
TATNP,2023-03-15,337.6,339.9,330.5,334.6,378160
TATNP,2023-03-16,334.0,336.3,330.5,335.6,366084
TATNP,2023-03-17,335.0,346.1,335.0,345.1,886760
TATNP,2023-03-20,347.5,355.0,345.0,354.5,756640
TATNP,2023-03-21,355.0,357.0,346.3,351.1,457340
TATNP,2023-03-22,351.1,353.1,350.0,350.7,215940
TATNP,2023-03-23,350.7,352.7,348.0,350.0,333419
TATNP,2023-03-24,350.0,352.8,348.3,351.4,237936
TATNP,2023-03-27,353.0,365.0,352.7,363.3,591793
TATNP,2023-03-28,363.3,366.0,359.7,364.7,617057
TATNP,2023-03-29,366.1,367.1,361.6,365.3,554284
TATNP,2023-03-30,366.4,374.8,363.1,371.2,602044
TATNP,2023-03-31,372.3,372.3,363.8,369.5,532354
TATNP,2023-04-03,380.0,381.2,375.2,379.5,637406
TATNP,2023-04-04,380.0,380.8,375.1,375.5,418869
TATNP,2023-04-05,375.1,382.1,370.0,380.4,540383
TATNP,2023-04-06,381.0,386.2,380.5,385.4,570943
TATNP,2023-04-07,386.6,397.5,385.4,394.2,592470
TATNP,2023-04-10,396.1,401.7,395.1,397.6,513009
TATNP,2023-04-11,399.9,399.9,388.9,391.5,456521
TATNP,2023-04-12,390.5,395.2,386.0,394.0,277130
TATNP,2023-04-13,395.7,396.5,391.1,393.6,234140
TATNP,2023-04-14,395.0,395.0,390.2,393.3,203312
TATNP,2023-04-17,394.9,399.2,393.3,398.3,497622
TATNP,2023-04-18,399.7,401.3,395.0,400.5,349943
TATNP,2023-04-19,399.5,401.2,392.0,394.7,631898
TATNP,2023-04-20,395.0,409.0,392.0,407.9,1131621
TATNP,2023-04-21,409.0,409.6,404.1,406.7,409053
TATNP,2023-04-24,405.7,416.6,405.0,412.5,568245
TATNP,2023-04-25,414.0,414.0,408.3,410.3,411008
TATNP,2023-04-26,411.4,412.0,408.4,409.0,294595
TATNP,2023-04-27,411.5,420.6,409.0,413.9,864557
TATNP,2023-04-28,414.1,415.4,405.0,406.5,453252
TATNP,2023-05-02,409.0,410.0,396.0,399.4,487929
TATNP,2023-05-03,398.0,398.4,381.0,384.3,782164
TATNP,2023-05-04,384.0,393.0,383.2,390.1,388887
TATNP,2023-05-05,390.1,390.8,383.2,385.5,314361
TATNP,2023-05-08,387.0,396.8,385.0,392.4,254167
TATNP,2023-05-10,393.6,405.3,392.5,404.5,351191
TATNP,2023-05-11,404.6,410.7,395.0,401.3,517190
TATNP,2023-05-12,402.0,405.4,399.3,403.1,232700
TATNP,2023-05-15,404.8,408.1,404.7,408.0,353649
TATNP,2023-05-16,408.9,411.3,407.6,410.2,221680
TATNP,2023-05-17,411.0,411.5,407.0,408.3,131736
TATNP,2023-05-18,409.5,416.7,406.5,415.1,449897
TATNP,2023-05-19,415.6,415.6,410.4,413.0,218950
TATNP,2023-05-22,414.7,420.3,413.3,418.2,411857
TATNP,2023-05-23,418.5,428.9,416.1,427.4,374242
TATNP,2023-05-24,428.0,431.7,426.1,429.3,338913
TATNP,2023-05-25,430.0,431.0,423.4,427.7,284872
TATNP,2023-05-26,428.8,432.8,426.0,431.0,217170
TATNP,2023-05-29,435.0,443.8,433.5,443.1,427625
TATNP,2023-05-30,443.5,448.3,434.0,440.1,768553
TATNP,2023-05-31,440.0,445.7,436.0,444.3,336028
TATNP,2023-06-01,445.7,452.8,444.5,450.0,505135
TATNP,2023-06-02,451.5,461.6,450.3,461.5,471601
TATNP,2023-06-05,468.5,485.5,465.2,472.5,1658015
TATNP,2023-06-06,472.5,478.0,460.4,474.1,780647
TATNP,2023-06-07,475.0,476.0,468.1,470.3,336775
TATNP,2023-06-08,471.5,474.7,469.2,470.1,247960
TATNP,2023-06-09,471.0,473.3,469.2,472.9,194325
TATNP,2023-06-13,479.5,481.2,473.0,480.4,503758
TATNP,2023-06-14,481.1,489.0,481.0,488.8,748520
TATNP,2023-06-15,490.8,510.0,488.3,509.0,1238594
TATNP,2023-06-16,510.0,518.5,502.6,507.1,1108048
TATNP,2023-06-19,505.1,506.9,499.8,502.2,960228
TATNP,2023-06-20,500.4,502.8,494.3,501.2,730700
TATNP,2023-06-21,502.0,502.0,497.5,499.7,295974
TATNP,2023-06-22,501.0,506.2,496.6,501.7,502083
TATNP,2023-06-23,503.0,504.5,487.0,495.9,642719
TATNP,2023-06-26,500.0,503.0,486.6,496.5,535899
TATNP,2023-06-27,496.1,499.8,492.8,496.5,501674
TATNP,2023-06-28,495.3,501.1,495.3,498.1,307882
TATNP,2023-06-29,498.1,505.7,496.5,504.3,643571
TATNP,2023-06-30,504.3,505.0,500.2,501.5,689832
TATNP,2023-07-03,500.1,503.1,495.3,498.0,755615
TATNP,2023-07-04,499.5,499.5,488.4,491.6,630902
TATNP,2023-07-05,491.6,500.7,491.6,498.0,513613
TATNP,2023-07-06,499.5,499.5,494.7,495.0,542663
TATNP,2023-07-07,493.6,496.0,490.0,493.9,965557
TATNP,2023-07-10,472.2,487.7,470.3,484.6,1372242
TATNP,2023-07-11,486.7,490.0,483.9,487.6,394348
TATNP,2023-07-12,488.6,494.0,486.4,491.3,408748
TATNP,2023-07-13,491.5,498.5,490.0,492.6,384201
TATNP,2023-07-14,492.0,493.5,490.4,492.3,163511
TATNP,2023-07-17,491.5,495.2,490.0,492.3,370782
TATNP,2023-07-18,491.5,495.8,491.0,494.7,457965
TATNP,2023-07-19,493.7,496.5,492.0,492.7,239191
TATNP,2023-07-20,493.4,493.4,483.2,485.7,425500
TATNP,2023-07-21,484.9,492.8,484.9,492.4,251579
TATNP,2023-07-24,493.0,497.6,491.1,497.4,341641
TATNP,2023-07-25,498.5,507.9,497.2,505.6,573821
TATNP,2023-07-26,506.8,508.9,497.2,501.7,696217
TATNP,2023-07-27,502.1,506.0,500.4,504.1,418398
TATNP,2023-07-28,504.3,511.0,501.8,509.6,605927
TATNP,2023-07-31,513.2,516.8,510.9,515.5,620182
TATNP,2023-08-01,517.0,519.3,509.0,516.0,603121
TATNP,2023-08-02,516.8,527.6,512.2,523.8,1557084
TATNP,2023-08-03,525.0,530.8,519.1,530.8,784298
TATNP,2023-08-04,529.1,548.0,513.1,525.1,1918406
TATNP,2023-08-07,530.2,550.0,528.2,539.2,1496680
TATNP,2023-08-08,539.5,545.9,525.2,542.1,748197
TATNP,2023-08-09,540.7,549.7,540.7,548.6,592280
TATNP,2023-08-10,550.0,556.3,550.0,553.8,734858
TATNP,2023-08-11,555.0,560.0,551.0,559.9,566898
TATNP,2023-08-14,568.0,585.5,555.0,564.8,2516592
TATNP,2023-08-15,564.0,580.0,550.2,564.2,1980984
TATNP,2023-08-16,565.5,573.3,548.0,556.5,1279348
TATNP,2023-08-17,559.6,563.7,551.1,559.8,512470
TATNP,2023-08-18,561.4,567.9,554.0,567.6,555667
TATNP,2023-08-21,573.0,577.5,568.1,573.9,664881
TATNP,2023-08-22,574.0,580.0,570.0,579.4,820717
TATNP,2023-08-23,581.1,586.9,563.7,567.4,839773
TATNP,2023-08-24,569.2,577.6,567.5,574.6,333249
TATNP,2023-08-25,576.3,580.8,571.8,579.6,424142
TATNP,2023-08-28,580.6,584.8,580.1,582.3,502645
TATNP,2023-08-29,582.4,587.9,580.6,584.6,571495
TATNP,2023-08-30,586.0,590.0,584.2,587.0,667332
TATNP,2023-08-31,588.2,590.7,578.2,584.6,873381
TATNP,2023-09-01,584.9,587.1,581.4,586.5,345647
TATNP,2023-09-04,587.0,592.9,587.0,592.7,548323
TATNP,2023-09-05,592.9,599.6,591.0,598.4,722485
TATNP,2023-09-06,599.6,601.6,596.5,600.6,551077
TATNP,2023-09-07,602.4,606.4,575.6,590.9,1523204
TATNP,2023-09-08,591.0,595.0,580.0,586.1,645228
TATNP,2023-09-11,585.5,597.4,581.0,582.5,678369
TATNP,2023-09-12,581.4,594.7,576.4,594.6,513015
TATNP,2023-09-13,596.4,597.0,590.9,592.3,330773
TATNP,2023-09-14,592.1,595.6,583.0,589.3,588187
TATNP,2023-09-15,589.0,598.0,587.9,596.4,499513
TATNP,2023-09-18,600.0,606.0,598.7,604.6,678853
TATNP,2023-09-19,605.0,608.0,595.1,599.8,939461
TATNP,2023-09-20,600.0,604.0,587.5,600.4,858759
TATNP,2023-09-21,600.0,603.4,586.3,588.0,742014
TATNP,2023-09-22,588.0,598.1,581.5,597.3,539346
TATNP,2023-09-25,593.1,597.8,588.1,594.3,275088
TATNP,2023-09-26,595.0,596.0,586.0,593.0,351470
TATNP,2023-09-27,592.3,602.2,592.3,602.1,393961
TATNP,2023-09-28,603.3,609.0,600.5,608.8,517394
TATNP,2023-09-29,609.9,617.5,603.3,614.3,722437
TATNP,2023-10-02,618.3,630.0,618.3,629.2,735622
TATNP,2023-10-03,629.3,637.5,622.1,634.5,932040
TATNP,2023-10-04,638.7,640.7,633.0,633.7,888382
TATNP,2023-10-05,635.8,638.7,627.7,633.7,422436
TATNP,2023-10-06,635.2,639.8,630.8,638.1,461585
TATNP,2023-10-09,641.0,646.5,639.1,644.3,868171
TATNP,2023-10-10,643.5,649.7,639.0,649.6,894666
TATNP,2023-10-11,624.6,633.4,616.7,618.7,2030447
TATNP,2023-10-12,617.0,623.7,607.8,619.0,880242
TATNP,2023-10-13,620.8,630.0,614.0,629.6,622096
TATNP,2023-10-16,633.3,637.5,626.8,630.2,699703
TATNP,2023-10-17,630.2,632.0,625.2,629.0,467349
TATNP,2023-10-18,629.5,636.0,625.0,630.7,761711
TATNP,2023-10-19,632.0,632.0,622.7,628.0,624389
TATNP,2023-10-20,630.0,630.0,623.0,625.1,378059
TATNP,2023-10-23,625.0,627.2,621.0,621.8,313861
TATNP,2023-10-24,621.8,622.3,615.5,620.0,257505
TATNP,2023-10-25,619.4,621.9,615.1,619.1,389255
TATNP,2023-10-26,620.8,623.5,613.0,613.8,347731
TATNP,2023-10-27,614.7,619.0,611.0,617.4,377009
TATNP,2023-10-30,618.8,619.8,612.5,615.8,300332
TATNP,2023-10-31,616.8,616.8,595.5,599.5,1062590
TATNP,2023-11-01,601.5,604.0,592.0,599.4,602263
TATNP,2023-11-02,600.6,602.5,590.1,594.2,479739
TATNP,2023-11-03,596.7,596.7,586.0,588.7,520001
TATNP,2023-11-06,588.9,602.3,588.1,601.2,363367
TATNP,2023-11-07,600.0,601.8,596.0,598.8,294059
TATNP,2023-11-08,599.0,611.0,597.0,607.3,522499
TATNP,2023-11-09,607.2,608.8,601.6,604.2,255931
TATNP,2023-11-10,606.8,609.7,604.0,609.1,240570
TATNP,2023-11-13,609.5,613.6,605.8,608.0,331232
TATNP,2023-11-14,608.5,615.0,601.2,609.9,684072
TATNP,2023-11-15,609.9,614.6,607.0,609.6,405251
TATNP,2023-11-16,609.5,611.8,594.6,598.9,601787
TATNP,2023-11-17,599.7,618.3,598.7,615.0,976608
TATNP,2023-11-20,617.0,617.9,612.1,614.8,397149
TATNP,2023-11-21,614.6,631.4,609.6,629.5,1395433
TATNP,2023-11-22,632.8,642.0,630.0,638.8,902869
TATNP,2023-11-23,640.9,644.0,636.1,639.7,510994
TATNP,2023-11-24,640.5,649.0,640.2,647.9,624153
TATNP,2023-11-27,646.5,648.0,635.1,638.4,493255
TATNP,2023-11-28,636.9,642.7,630.0,639.2,349382
TATNP,2023-11-29,641.0,643.1,635.7,637.4,254299
TATNP,2023-11-30,637.7,640.8,633.4,635.8,273744
TATNP,2023-12-01,637.5,637.7,626.1,629.7,287589
TATNP,2023-12-04,626.4,628.1,617.0,620.6,416637
TATNP,2023-12-05,620.5,635.6,619.3,632.9,289728
TATNP,2023-12-06,632.9,635.0,618.8,621.4,292323
TATNP,2023-12-07,621.4,632.2,618.0,624.0,365319
TATNP,2023-12-08,626.0,632.5,624.0,632.4,173870
TATNP,2023-12-11,633.0,633.0,620.1,622.3,238992
TATNP,2023-12-12,622.3,628.4,616.1,621.6,346670
TATNP,2023-12-13,621.0,627.4,618.1,625.6,147484
TATNP,2023-12-14,628.7,628.7,613.4,615.1,178212
TATNP,2023-12-15,615.0,633.9,615.0,633.2,375590
TATNP,2023-12-18,636.3,643.9,635.7,641.7,348147
TATNP,2023-12-19,641.7,654.3,638.9,653.0,759005
TATNP,2023-12-20,654.0,660.7,652.3,658.6,418364
TATNP,2023-12-21,660.6,660.6,648.2,656.5,439628
TATNP,2023-12-22,659.0,665.1,656.5,660.9,344131
TATNP,2023-12-25,657.7,676.7,657.7,676.2,646318
TATNP,2023-12-26,678.0,694.2,674.3,692.9,621427
TATNP,2023-12-27,693.1,723.3,693.0,719.9,1256852
TATNP,2023-12-28,715.8,719.4,702.4,709.0,804340
TATNP,2023-12-29,708.9,710.6,700.1,707.9,476440
TATNP,2024-01-03,710.0,721.1,710.0,720.7,314084
TATNP,2024-01-04,720.3,727.5,720.3,725.9,265413
TATNP,2024-01-05,730.0,730.0,720.8,724.7,286117
TATNP,2024-01-08,724.5,724.5,717.2,720.4,967233
TATNP,2024-01-09,691.5,693.3,682.0,686.5,1729287
TATNP,2024-01-10,687.0,699.8,686.0,694.9,740038
TATNP,2024-01-11,695.0,697.0,689.1,692.9,513276
TATNP,2024-01-12,695.7,704.6,693.9,698.6,785108
TATNP,2024-01-15,698.9,701.7,696.2,699.0,386283
TATNP,2024-01-16,699.6,699.7,695.7,697.0,508492
TATNP,2024-01-17,696.8,698.7,693.1,697.1,301896
TATNP,2024-01-18,697.1,698.9,695.8,696.5,202731
TATNP,2024-01-19,698.8,698.8,687.1,691.2,276066
TATNP,2024-01-22,691.9,694.7,690.4,692.5,189622
TATNP,2024-01-23,693.5,695.0,688.1,693.5,285315
TATNP,2024-01-24,692.6,695.8,690.0,690.5,163777
TATNP,2024-01-25,691.5,692.1,687.0,689.0,242736
TATNP,2024-01-26,691.1,693.6,687.6,692.6,265515
TATNP,2024-01-29,694.8,699.2,692.4,694.6,361918
TATNP,2024-01-30,694.8,696.7,690.2,691.9,220682
TATNP,2024-01-31,694.0,704.1,692.2,702.0,591767
TATNP,2024-02-01,704.5,709.7,701.1,704.9,704876
TATNP,2024-02-02,706.0,709.8,702.3,706.0,286102
TATNP,2024-02-05,706.0,712.0,706.0,707.8,298932
TATNP,2024-02-06,709.9,710.9,706.9,709.2,115884
TATNP,2024-02-07,709.2,714.9,709.2,712.4,405465
TATNP,2024-02-08,713.4,715.9,702.3,707.1,345518
TATNP,2024-02-09,705.0,713.7,704.6,711.3,254705
TATNP,2024-02-12,712.0,714.4,702.1,710.3,316451
TATNP,2024-02-13,710.5,714.0,709.5,710.0,236095
TATNP,2024-02-14,711.4,711.8,705.2,706.1,243971
TATNP,2024-02-15,706.1,710.1,702.7,707.8,249432
TATNP,2024-02-16,708.8,709.8,706.1,707.1,253893
TATNP,2024-02-19,707.5,707.6,697.4,700.3,498658
TATNP,2024-02-20,703.0,703.0,689.0,689.2,334696
TATNP,2024-02-21,689.0,692.0,676.2,684.5,507792
TATNP,2024-02-22,682.8,695.8,680.5,690.9,236475
TATNP,2024-02-26,693.6,702.7,692.7,698.6,338194
TATNP,2024-02-27,698.6,699.0,689.0,691.2,313477
TATNP,2024-02-28,691.1,698.8,689.9,694.8,249183
TATNP,2024-02-29,694.8,714.7,692.4,709.4,473812
TATNP,2024-03-01,709.5,714.9,706.6,713.8,368643
TATNP,2024-03-04,715.7,726.2,714.8,724.2,843589
TATNP,2024-03-05,724.2,728.0,719.4,724.9,356596
TATNP,2024-03-06,726.0,739.0,722.8,735.3,508458
TATNP,2024-03-07,735.3,743.8,730.4,738.8,441665
TATNP,2024-03-11,740.0,746.4,738.0,742.5,428946
TATNP,2024-03-12,742.5,745.0,738.3,743.7,320651
TATNP,2024-03-13,742.8,753.0,735.2,737.7,927281
TATNP,2024-03-14,738.2,747.0,735.8,744.8,596269
TATNP,2024-03-15,745.2,748.8,720.1,723.9,1404353
TATNP,2024-03-18,721.6,726.8,711.9,713.5,1492977
TATNP,2024-03-19,715.9,721.6,696.8,703.3,1180582
TATNP,2024-03-20,703.3,706.4,678.2,696.2,2470143
TATNP,2024-03-21,697.5,703.9,691.1,701.7,579174
TATNP,2024-03-22,704.0,708.9,687.2,690.0,759922
TATNP,2024-03-25,690.2,696.1,677.3,686.5,920811
TATNP,2024-03-26,686.5,694.6,682.1,692.4,1066081
TATNP,2024-03-27,694.0,697.5,687.2,691.8,1120281
TATNP,2024-03-28,691.6,692.5,683.2,686.7,1193636
TATNP,2024-03-29,686.7,697.3,685.4,694.1,526496
TATNP,2024-04-01,696.0,712.7,696.0,711.1,564232
TATNP,2024-04-02,711.0,715.1,705.0,710.3,446411
TATNP,2024-04-03,712.3,712.3,701.7,707.0,549118
TATNP,2024-04-04,707.3,717.0,706.0,710.4,543374
TATNP,2024-04-05,711.3,712.7,707.4,710.7,314608
TATNP,2024-04-08,710.8,713.0,708.3,712.2,424639
TATNP,2024-04-09,712.0,715.3,703.2,707.0,425047
TATNP,2024-04-10,705.6,712.1,701.1,710.7,344175
TATNP,2024-04-11,710.0,712.6,708.5,709.5,325935
TATNP,2024-04-12,711.7,724.0,708.2,716.9,511578
TATNP,2024-04-15,719.0,741.8,718.3,738.3,945477
TATNP,2024-04-16,740.0,740.8,723.1,727.7,826352
TATNP,2024-04-17,730.2,739.8,712.7,719.0,1102000
TATNP,2024-04-18,719.0,721.2,708.5,714.3,543062
TATNP,2024-04-19,715.0,723.9,712.2,719.1,978077
TATNP,2024-04-22,718.7,722.3,710.2,715.5,1144821
TATNP,2024-04-23,717.7,731.0,716.0,722.3,1414591
TATNP,2024-04-24,722.4,726.0,716.3,720.5,484564
TATNP,2024-04-25,719.0,723.7,715.0,721.6,393328
TATNP,2024-04-26,721.6,723.5,715.5,717.9,333679
TATNP,2024-04-27,718.5,722.0,717.2,719.9,176872
TATNP,2024-04-29,719.0,721.9,718.2,720.8,108030
TATNP,2024-04-30,720.8,722.2,717.3,718.2,80035
TATNP,2024-05-02,717.7,723.1,716.4,719.3,284428
TATNP,2024-05-03,720.9,720.9,716.3,716.9,269739
TATNP,2024-05-06,716.6,717.5,709.5,714.5,418832
TATNP,2024-05-07,716.9,719.3,713.2,715.2,318291
TATNP,2024-05-08,715.3,722.9,715.0,721.2,228435
TATNP,2024-05-10,722.9,738.2,722.9,725.6,162614
TATNP,2024-05-13,727.0,733.3,725.1,728.0,265236
TATNP,2024-05-14,729.2,729.7,723.1,726.1,350041
TATNP,2024-05-15,726.3,741.4,726.1,736.3,753236
TATNP,2024-05-16,735.4,748.6,734.1,747.7,888101
TATNP,2024-05-17,748.7,749.0,738.4,743.0,342711
TATNP,2024-05-20,743.2,745.9,728.0,732.2,263769
TATNP,2024-05-21,733.5,736.2,720.8,728.7,859294
TATNP,2024-05-22,731.2,742.2,729.0,739.2,298286
TATNP,2024-05-23,741.6,741.6,733.1,737.0,275563
TATNP,2024-05-24,737.2,739.1,713.7,723.3,1141277
TATNP,2024-05-27,724.0,725.3,702.6,706.1,621520
TATNP,2024-05-28,706.0,720.5,700.0,705.9,642001
TATNP,2024-05-29,706.9,712.5,702.9,712.0,587271
TATNP,2024-05-30,714.4,716.8,691.8,696.0,831492
TATNP,2024-05-31,696.1,700.0,680.1,680.8,770271
TATNP,2024-06-03,678.3,688.5,663.6,675.9,991321
TATNP,2024-06-04,676.0,685.4,664.4,684.0,871449
TATNP,2024-06-05,684.0,693.6,676.5,680.1,467817
TATNP,2024-06-06,682.7,685.5,674.0,680.5,465358
TATNP,2024-06-07,680.5,693.1,671.0,681.8,1814884
TATNP,2024-06-10,684.4,688.7,674.5,676.6,409771
TATNP,2024-06-11,678.6,682.0,669.1,680.0,640418
TATNP,2024-06-13,662.0,679.0,616.0,665.4,1587183
TATNP,2024-06-14,667.6,684.5,659.9,682.4,484884
TATNP,2024-06-17,683.1,685.4,673.2,676.8,276077
TATNP,2024-06-18,676.8,679.1,663.4,667.3,464541
TATNP,2024-06-19,667.3,670.0,623.5,636.1,1743772
TATNP,2024-06-20,636.1,670.6,630.1,666.4,2823227
TATNP,2024-06-21,668.5,676.0,663.0,666.9,290384
TATNP,2024-06-24,667.0,673.3,659.1,662.2,201651
TATNP,2024-06-25,662.3,679.6,656.8,676.1,478173
TATNP,2024-06-26,676.3,689.8,671.0,688.5,603075
TATNP,2024-06-27,690.0,690.0,675.9,682.9,592538
TATNP,2024-06-28,685.5,687.8,680.5,683.4,222314
TATNP,2024-07-01,685.0,691.2,684.0,690.5,270272
TATNP,2024-07-02,691.2,692.2,687.2,691.3,324549
TATNP,2024-07-03,691.3,693.2,685.0,685.2,230162
TATNP,2024-07-04,684.1,687.7,670.7,676.7,235982
TATNP,2024-07-05,676.9,678.8,664.0,667.2,631659
TATNP,2024-07-08,667.2,675.0,664.6,673.9,1103958
TATNP,2024-07-09,653.1,655.2,633.0,639.1,1039719
TATNP,2024-07-10,638.6,645.3,607.3,613.0,980399
TATNP,2024-07-11,613.0,639.4,613.0,635.0,998688
TATNP,2024-07-12,636.0,649.6,627.4,639.7,603934
TATNP,2024-07-15,640.0,642.8,623.3,626.7,515932
TATNP,2024-07-16,626.1,645.8,625.5,637.4,1021405
TATNP,2024-07-17,641.0,641.0,629.0,632.3,737264
TATNP,2024-07-18,631.1,640.5,627.0,639.6,462094
TATNP,2024-07-19,639.6,645.1,637.0,643.2,295921
TATNP,2024-07-22,645.0,656.8,644.0,651.1,538109
TATNP,2024-07-23,652.6,653.0,644.8,651.4,198015
TATNP,2024-07-24,651.4,655.9,648.4,655.0,243082
TATNP,2024-07-25,657.0,664.9,644.6,651.5,426687
TATNP,2024-07-26,654.0,657.7,639.1,643.2,691515
TATNP,2024-07-29,643.0,644.8,630.1,635.6,714417
TATNP,2024-07-30,634.2,642.4,629.0,634.0,493079
TATNP,2024-07-31,636.4,637.5,620.1,625.7,587359
TATNP,2024-08-01,624.8,629.7,618.0,618.6,408408
TATNP,2024-08-02,619.9,620.4,604.2,607.7,600646
TATNP,2024-08-05,604.0,604.0,590.9,594.4,868264
TATNP,2024-08-06,597.9,605.9,592.0,594.2,517286
TATNP,2024-08-07,595.0,613.0,586.7,612.9,662322
TATNP,2024-08-08,612.5,614.7,597.5,600.6,473124
TATNP,2024-08-09,600.5,609.0,592.2,597.9,328879
TATNP,2024-08-12,597.9,601.8,592.1,598.9,355396
TATNP,2024-08-13,599.0,609.7,596.3,605.9,614269
TATNP,2024-08-14,606.2,622.9,601.4,613.0,1231085
TATNP,2024-08-15,614.7,617.2,607.9,608.3,476952
TATNP,2024-08-16,608.3,611.1,598.1,600.3,532982
TATNP,2024-08-19,602.0,606.0,587.7,591.0,472322
TATNP,2024-08-20,592.0,599.1,577.5,586.8,773073
TATNP,2024-08-21,586.8,604.0,586.8,601.4,749468
TATNP,2024-08-22,602.1,606.0,593.8,596.8,451159
TATNP,2024-08-23,597.0,603.0,584.2,592.9,688182
TATNP,2024-08-26,599.9,611.4,597.4,605.8,642381
TATNP,2024-08-27,605.8,612.9,604.3,607.4,351148
TATNP,2024-08-28,607.0,609.4,594.9,601.6,423245
TATNP,2024-08-29,602.0,604.9,594.2,596.7,362134
TATNP,2024-08-30,596.8,599.8,585.0,587.4,421057
TATNP,2024-09-02,587.0,587.0,554.1,562.6,1074011
TATNP,2024-09-03,560.2,572.1,552.2,559.0,852373
TATNP,2024-09-04,560.2,576.3,557.6,576.1,430554
TATNP,2024-09-05,582.4,584.9,571.3,574.4,526297
TATNP,2024-09-06,576.0,588.4,572.6,586.7,472852
TATNP,2024-09-09,589.0,605.5,588.3,604.9,445849
TATNP,2024-09-10,607.1,607.7,589.0,593.4,403006
TATNP,2024-09-11,593.5,595.4,584.3,587.9,279219
TATNP,2024-09-12,586.0,590.6,578.2,587.1,402022
TATNP,2024-09-13,587.9,602.6,577.0,601.7,588846
TATNP,2024-09-16,603.9,620.3,602.4,617.9,513232
TATNP,2024-09-17,621.4,632.0,610.5,629.0,688396
TATNP,2024-09-18,629.6,631.2,618.0,621.6,472103
TATNP,2024-09-19,619.9,626.1,613.8,619.7,597142
TATNP,2024-09-20,620.9,630.5,620.3,628.3,555090
TATNP,2024-09-23,630.7,645.7,630.7,639.2,592773
TATNP,2024-09-24,644.9,644.9,632.4,640.3,397714
TATNP,2024-09-25,640.4,646.0,632.7,637.8,632741
TATNP,2024-09-26,637.8,642.7,633.0,635.1,573237
TATNP,2024-09-27,637.4,640.9,635.3,639.3,439010
TATNP,2024-09-30,642.6,646.9,637.1,639.6,408709
TATNP,2024-10-01,639.6,644.6,633.8,642.2,422955
TATNP,2024-10-02,643.2,663.4,638.4,648.5,1766929
TATNP,2024-10-03,648.9,651.8,634.4,644.1,1180312
TATNP,2024-10-04,645.0,654.5,643.6,653.9,728510
TATNP,2024-10-07,656.8,660.0,650.1,660.0,835796
TATNP,2024-10-08,625.0,629.5,618.0,621.1,1141549
TATNP,2024-10-09,621.0,621.0,606.1,609.8,529269
TATNP,2024-10-10,611.0,617.5,608.3,615.7,319800
TATNP,2024-10-11,616.8,617.2,608.8,611.2,281685
TATNP,2024-10-14,607.1,611.1,601.0,609.0,659943
TATNP,2024-10-15,608.7,610.9,602.1,607.1,624213
TATNP,2024-10-16,607.0,609.5,593.8,601.2,483066
TATNP,2024-10-17,601.3,601.7,591.1,592.2,315183
TATNP,2024-10-18,592.2,595.8,589.1,594.2,611085
TATNP,2024-10-21,595.0,596.4,590.1,593.5,339764
TATNP,2024-10-22,593.5,599.3,589.9,591.2,365926
TATNP,2024-10-23,591.2,593.0,583.5,586.3,364479
TATNP,2024-10-24,587.3,587.3,575.1,584.4,502910
TATNP,2024-10-25,584.5,588.5,571.0,571.3,897419
TATNP,2024-10-28,569.9,571.9,539.1,541.8,1267439
TATNP,2024-10-29,538.4,553.4,538.4,546.0,747529
TATNP,2024-10-30,547.2,550.2,537.1,537.9,619677
TATNP,2024-10-31,538.0,544.7,529.4,535.6,591084
TATNP,2024-11-01,535.6,544.0,531.8,535.1,455855
TATNP,2024-11-02,535.8,549.7,535.1,549.5,273481
TATNP,2024-11-05,550.9,557.2,548.1,548.1,473856
TATNP,2024-11-06,570.0,580.4,559.0,568.0,772269
TATNP,2024-11-07,570.0,579.2,557.1,577.3,612633
TATNP,2024-11-08,580.0,593.9,571.6,593.4,814381
TATNP,2024-11-11,598.2,603.4,589.0,592.5,754907
TATNP,2024-11-12,591.5,598.6,586.3,592.8,482078
TATNP,2024-11-13,593.1,598.2,581.1,581.9,598371
TATNP,2024-11-14,581.8,587.2,561.3,568.5,1023530
TATNP,2024-11-15,567.5,577.3,565.1,575.4,365772
TATNP,2024-11-18,567.0,569.8,555.1,561.4,823122
TATNP,2024-11-19,561.5,563.8,540.1,544.9,758804
TATNP,2024-11-20,545.2,555.0,532.3,536.9,822012
TATNP,2024-11-21,540.0,543.1,526.1,542.9,774974
TATNP,2024-11-22,542.5,545.9,533.1,540.8,710199
TATNP,2024-11-25,541.3,543.1,512.6,515.9,1016233
TATNP,2024-11-26,515.9,518.5,498.7,506.1,963016
TATNP,2024-11-27,506.1,519.6,498.2,518.2,973279
TATNP,2024-11-28,521.0,538.7,509.3,534.0,979628
TATNP,2024-11-29,534.0,548.2,530.6,542.7,832591
TATNP,2024-12-02,545.1,555.8,544.1,548.2,380407
TATNP,2024-12-03,548.5,550.4,533.0,536.2,471160
TATNP,2024-12-04,536.1,547.5,518.4,520.6,540596
TATNP,2024-12-05,520.1,553.9,519.7,547.3,956039
TATNP,2024-12-06,547.0,564.8,544.5,557.6,720755
TATNP,2024-12-09,558.6,574.0,558.6,565.5,534400
TATNP,2024-12-10,564.7,565.5,554.2,560.5,635502
TATNP,2024-12-11,561.4,568.2,558.6,568.0,494132
TATNP,2024-12-12,568.9,576.9,551.1,553.2,602057
TATNP,2024-12-13,551.9,566.8,549.0,562.7,380796
TATNP,2024-12-16,561.6,564.5,542.7,543.9,571198
TATNP,2024-12-17,544.9,559.0,544.1,553.7,484690
TATNP,2024-12-18,553.7,567.7,553.0,564.8,504396
TATNP,2024-12-19,565.0,575.0,557.0,563.4,1198388
TATNP,2024-12-20,563.4,603.3,561.5,601.3,1326191
TATNP,2024-12-23,605.7,637.4,604.9,633.2,1097573
TATNP,2024-12-24,634.5,636.3,619.7,624.6,514302
TATNP,2024-12-25,622.4,632.7,616.7,628.5,408965
TATNP,2024-12-26,628.8,635.0,625.9,630.5,891152
TATNP,2024-12-27,631.0,634.4,627.2,633.0,426671
TATNP,2024-12-28,633.0,650.0,633.0,647.5,470521
TATNP,2024-12-30,650.0,688.5,649.9,680.3,743020
TATNP,2025-01-03,686.9,686.9,653.6,658.3,532518
TATNP,2025-01-06,657.8,660.0,647.8,656.3,379511
TATNP,2025-01-08,640.3,649.9,640.3,645.5,409652
TATNP,2025-01-09,645.4,649.8,624.0,624.3,463225
TATNP,2025-01-10,624.3,654.5,622.0,644.2,678166
TATNP,2025-01-13,649.0,659.0,645.1,652.6,918758
TATNP,2025-01-14,652.6,656.0,645.5,650.0,660590
TATNP,2025-01-15,652.0,652.7,636.5,652.4,569740
TATNP,2025-01-16,653.0,662.0,651.9,658.4,583130
TATNP,2025-01-17,658.4,666.6,651.9,659.2,537978
TATNP,2025-01-20,661.0,665.8,655.0,657.5,532741
TATNP,2025-01-21,657.5,663.7,656.0,662.5,254511
TATNP,2025-01-22,663.0,672.6,656.5,663.4,510692
TATNP,2025-01-23,664.9,671.3,660.6,668.4,405004
TATNP,2025-01-24,670.5,670.5,662.1,666.3,283576
TATNP,2025-01-27,668.0,668.0,653.0,656.3,383950
TATNP,2025-01-28,656.0,670.5,650.3,664.9,719019
TATNP,2025-01-29,664.9,670.0,660.9,664.0,351615
TATNP,2025-01-30,664.9,672.0,663.0,671.9,346685
TATNP,2025-01-31,672.1,676.6,662.7,667.0,421361
TATNP,2025-02-03,666.0,670.5,660.3,667.7,250900
TATNP,2025-02-04,667.7,674.0,665.0,667.4,252801
TATNP,2025-02-05,667.4,669.9,656.1,668.5,422146
TATNP,2025-02-06,668.6,674.0,661.6,673.7,381049
TATNP,2025-02-07,673.5,682.0,667.9,674.4,290650
TATNP,2025-02-10,674.4,683.5,674.4,676.6,259699
TATNP,2025-02-11,676.6,681.8,674.6,679.4,218977
TATNP,2025-02-12,680.4,720.5,677.0,718.0,1078533
TATNP,2025-02-13,720.0,743.0,691.9,700.9,1069336
TATNP,2025-02-14,701.0,713.6,682.4,693.9,1302142
TATNP,2025-02-17,700.0,719.6,690.2,716.5,541521
TATNP,2025-02-18,717.0,720.0,701.0,705.3,661081
TATNP,2025-02-19,707.0,719.0,703.0,713.6,425203
TATNP,2025-02-20,714.0,719.3,708.1,714.1,298536
TATNP,2025-02-21,714.1,727.0,712.8,722.6,456256
TATNP,2025-02-24,722.6,726.0,699.2,714.0,1232052
TATNP,2025-02-25,714.6,721.0,710.1,715.1,1009103
TATNP,2025-02-26,715.3,718.0,686.9,692.3,1118623
TATNP,2025-02-27,690.3,697.5,670.5,674.1,859480
TATNP,2025-02-28,677.0,701.4,668.1,694.2,731328
TATNP,2025-03-03,700.3,704.7,665.6,676.3,1281309
TATNP,2025-03-04,676.3,683.5,666.5,680.4,913572
TATNP,2025-03-05,680.4,683.2,672.1,675.7,997736
TATNP,2025-03-06,675.0,679.0,660.0,662.1,693825
TATNP,2025-03-07,664.8,669.2,647.0,658.3,523681
TATNP,2025-03-10,659.0,664.0,649.0,650.7,356155
TATNP,2025-03-11,651.9,656.5,641.6,653.2,603592
TATNP,2025-03-12,654.2,655.0,641.0,649.5,486538
TATNP,2025-03-13,652.0,669.3,643.2,657.6,1149409
TATNP,2025-03-14,657.0,671.0,649.1,668.2,839605
TATNP,2025-03-17,670.4,682.5,663.0,670.0,1020325
TATNP,2025-03-18,672.5,672.5,655.0,661.7,736219
TATNP,2025-03-19,661.0,666.1,655.4,661.2,401038
TATNP,2025-03-20,661.3,665.8,647.1,656.2,936347
TATNP,2025-03-21,656.2,661.0,650.1,654.1,328605
TATNP,2025-03-24,654.2,655.7,641.1,645.8,737462
TATNP,2025-03-25,645.8,657.5,639.9,655.2,451826
TATNP,2025-03-26,655.2,671.5,649.7,651.8,679033
TATNP,2025-03-27,653.7,656.0,645.4,649.0,349328
TATNP,2025-03-28,653.0,657.7,637.0,642.5,1124738
TATNP,2025-03-31,642.6,648.6,623.4,628.6,1445039
TATNP,2025-04-01,632.7,634.7,614.7,615.0,510911
TATNP,2025-04-02,616.3,630.3,608.7,628.2,663940
TATNP,2025-04-03,628.2,636.6,612.3,618.4,1269149
TATNP,2025-04-04,619.0,629.1,595.0,598.8,1016449
TATNP,2025-04-07,596.8,618.0,571.1,611.8,2376016
TATNP,2025-04-08,612.1,629.5,594.1,598.2,1040674
TATNP,2025-04-09,598.0,610.2,576.0,608.1,1627503
TATNP,2025-04-10,609.0,634.6,604.0,630.2,1752278
TATNP,2025-04-11,633.3,655.0,630.4,651.9,772879
TATNP,2025-04-14,655.6,661.0,640.3,648.6,476660
TATNP,2025-04-15,648.6,649.7,638.6,646.2,254795
TATNP,2025-04-16,644.3,655.0,638.5,648.0,355890
TATNP,2025-04-17,650.0,659.8,642.7,656.9,324555
TATNP,2025-04-18,650.7,658.0,643.2,653.5,389886
TATNP,2025-04-21,656.9,672.0,653.2,669.3,523812
TATNP,2025-04-22,670.0,677.0,666.0,673.6,413163
TATNP,2025-04-23,676.0,676.0,659.0,666.6,401313
TATNP,2025-04-24,666.0,668.8,660.0,662.5,232791
TATNP,2025-04-25,664.3,681.0,662.8,680.5,398253
TATNP,2025-04-28,680.9,692.2,671.8,683.6,615235
TATNP,2025-04-29,685.0,688.9,668.3,680.0,556852
TATNP,2025-04-30,680.1,683.9,665.0,672.7,415860
TATNP,2025-05-02,672.7,672.9,657.2,661.7,279090
TATNP,2025-05-05,662.2,667.9,640.4,645.2,478442
TATNP,2025-05-06,646.0,656.7,641.3,645.4,541166
TATNP,2025-05-07,646.3,658.5,642.2,652.4,430735
TATNP,2025-05-08,652.0,659.9,650.2,655.5,128192
TATNP,2025-05-12,660.0,682.7,659.0,677.1,419829
TATNP,2025-05-13,677.3,680.0,671.2,675.0,267286
TATNP,2025-05-14,675.8,679.8,666.0,666.6,269622
TATNP,2025-05-15,669.2,670.0,652.4,659.8,414640
TATNP,2025-05-16,659.8,674.0,650.1,663.4,421059
TATNP,2025-05-19,664.9,675.2,661.1,664.9,502812
TATNP,2025-05-20,667.0,667.8,650.1,653.4,348248
TATNP,2025-05-21,655.1,658.9,649.0,649.1,284906
TATNP,2025-05-22,649.1,658.4,640.0,651.7,599028
TATNP,2025-05-23,650.5,663.2,650.5,657.9,478493
TATNP,2025-05-26,658.8,659.2,644.4,649.7,358126
TATNP,2025-05-27,649.7,656.7,636.5,652.8,472955
TATNP,2025-05-28,653.0,665.8,653.0,665.6,612165
TATNP,2025-05-29,664.7,679.6,659.3,668.3,902175
TATNP,2025-05-30,668.1,679.7,663.6,677.0,858870
TATNP,2025-06-02,632.4,638.7,615.0,627.6,1464019
TATNP,2025-06-03,628.0,638.5,628.0,638.0,518264
TATNP,2025-06-04,637.1,641.5,633.5,635.3,388963
TATNP,2025-06-05,634.3,639.9,634.3,637.2,231666
TATNP,2025-06-06,637.2,658.0,629.2,629.3,737762
TATNP,2025-06-09,633.7,634.0,614.5,624.7,405434
TATNP,2025-06-10,625.9,628.4,596.5,599.3,912302
TATNP,2025-06-11,602.5,610.1,597.9,603.6,453331
TATNP,2025-06-13,614.0,628.8,606.3,628.3,486378
TATNP,2025-06-16,628.8,646.6,610.2,613.8,1155472
TATNP,2025-06-17,614.9,630.0,612.0,627.8,387883
TATNP,2025-06-18,627.9,633.3,623.5,626.0,321279
TATNP,2025-06-19,627.8,627.9,618.0,623.3,516753
TATNP,2025-06-20,625.1,626.6,615.0,621.1,315572
TATNP,2025-06-23,629.0,629.7,613.8,615.5,394054
TATNP,2025-06-24,615.0,617.9,604.2,616.7,365694
TATNP,2025-06-25,617.0,625.8,610.5,621.1,359951
TATNP,2025-06-26,621.1,624.8,619.0,620.8,159807
TATNP,2025-06-27,621.0,630.8,616.4,629.0,437502
TATNP,2025-06-30,629.9,633.4,625.5,629.9,380579
TATNP,2025-07-01,629.9,631.6,617.0,619.1,385123
TATNP,2025-07-02,620.7,621.8,613.6,616.6,330419
TATNP,2025-07-03,617.0,622.6,612.1,612.5,301139
TATNP,2025-07-04,612.6,624.1,607.2,618.5,382841
TATNP,2025-07-07,618.0,620.8,611.5,613.3,228417
TATNP,2025-07-08,613.3,617.7,601.1,603.5,525284
TATNP,2025-07-09,604.0,607.0,583.0,587.0,934056
TATNP,2025-07-10,587.2,603.6,585.5,600.8,463314
TATNP,2025-07-11,601.0,601.0,574.1,579.0,860702
TATNP,2025-07-14,580.1,605.2,568.0,596.3,728473
TATNP,2025-07-15,597.0,600.1,593.3,595.1,293065
TATNP,2025-07-16,595.1,607.0,592.6,602.2,328158
TATNP,2025-07-17,602.2,607.1,598.5,600.8,290099
TATNP,2025-07-18,600.0,628.0,599.0,627.6,673065
TATNP,2025-07-21,627.6,636.3,621.6,628.0,486119
TATNP,2025-07-22,625.0,632.3,620.2,631.4,208185
TATNP,2025-07-23,631.4,638.0,631.4,633.7,299039
TATNP,2025-07-24,632.3,638.8,629.0,633.2,191511
TATNP,2025-07-25,633.3,637.9,620.2,628.6,482877
TATNP,2025-07-28,629.1,632.6,616.2,621.3,388272
TATNP,2025-07-29,622.7,623.7,608.0,610.3,548015
TATNP,2025-07-30,612.6,615.4,605.5,609.0,364135
TATNP,2025-07-31,609.5,611.8,601.4,608.1,443523
TATNP,2025-08-01,608.8,612.8,605.5,610.6,323575
TATNP,2025-08-04,610.6,624.0,610.6,623.4,446305
TATNP,2025-08-05,622.5,630.0,620.5,629.1,283221
TATNP,2025-08-06,630.0,662.5,614.0,643.1,1098859
TATNP,2025-08-07,643.0,664.4,638.7,659.1,1129885
TATNP,2025-08-08,659.5,690.6,652.2,686.3,1486759
TATNP,2025-08-11,687.0,700.0,682.8,686.8,1219180
TATNP,2025-08-12,685.6,696.5,681.3,688.8,715858
TATNP,2025-08-13,690.0,692.4,669.9,674.1,871208
TATNP,2025-08-14,674.1,692.7,668.2,688.7,882575
TATNP,2025-08-15,688.8,691.0,684.2,689.9,465046
TATNP,2025-08-18,685.0,685.1,658.0,668.4,1292047
TATNP,2025-08-19,670.0,675.6,660.3,660.5,700033
TATNP,2025-08-20,659.0,664.4,653.1,656.0,338431
TATNP,2025-08-21,655.2,661.0,638.8,643.2,494763
TATNP,2025-08-22,643.2,646.3,631.2,636.5,709087
TATNP,2025-08-25,636.5,640.3,624.1,630.2,362038
TATNP,2025-08-26,630.5,636.7,622.0,626.1,398569
TATNP,2025-08-27,627.4,627.5,618.0,623.1,472689
TATNP,2025-08-28,622.3,622.8,610.1,611.6,436090
TATNP,2025-08-29,612.0,619.0,608.4,617.7,532734
TATNP,2025-09-01,618.5,625.9,614.5,616.0,336394
TATNP,2025-09-02,616.2,617.9,606.4,613.2,334460
TATNP,2025-09-03,614.0,622.1,608.0,618.9,324597
TATNP,2025-09-04,618.9,621.3,613.5,619.9,208470
TATNP,2025-09-05,619.9,627.7,617.0,624.9,379710
TATNP,2025-09-08,625.1,626.8,614.2,618.9,535297
TATNP,2025-09-09,618.3,623.3,617.0,620.1,337452
TATNP,2025-09-10,620.1,622.5,617.0,617.0,257733
TATNP,2025-09-11,617.0,622.8,616.0,620.1,252964
TATNP,2025-09-12,621.0,622.5,607.3,613.0,542730
TATNP,2025-09-15,611.8,614.0,604.1,607.0,408101
TATNP,2025-09-16,607.6,609.9,597.4,602.2,384212
TATNP,2025-09-17,602.2,603.5,595.1,600.6,278557
TATNP,2025-09-18,600.6,602.3,588.3,590.6,565687
TATNP,2025-09-19,591.7,593.7,587.5,588.2,315611
TATNP,2025-09-22,588.8,592.7,575.3,590.5,623113
TATNP,2025-09-23,590.5,591.4,574.7,578.7,470090
TATNP,2025-09-24,580.0,594.5,571.0,590.1,381225
TATNP,2025-09-25,590.1,598.5,589.1,590.9,324580
TATNP,2025-09-26,590.9,609.5,587.0,606.6,631023
TATNP,2025-09-29,606.8,609.8,592.1,595.1,641006
TATNP,2025-09-30,595.1,599.2,584.5,590.0,499800
TATNP,2025-10-01,592.0,594.7,575.2,578.4,588268
TATNP,2025-10-02,578.4,582.0,562.0,562.8,632863
TATNP,2025-10-03,562.8,569.0,545.5,546.8,635159
TATNP,2025-10-06,549.5,556.7,535.6,555.0,983763
TATNP,2025-10-07,555.9,568.0,551.2,567.9,648733
TATNP,2025-10-08,567.9,569.7,540.6,547.4,545042
TATNP,2025-10-09,548.8,574.9,538.7,571.7,768195
TATNP,2025-10-10,573.8,577.9,550.0,551.9,586235
TATNP,2025-10-13,553.0,565.8,548.9,562.0,844234
TATNP,2025-10-14,543.5,543.7,524.3,525.2,845313
TATNP,2025-10-15,526.2,528.5,508.2,509.7,1090750
TATNP,2025-10-16,510.2,549.8,502.6,546.5,1497020
TATNP,2025-10-17,543.1,565.4,542.7,562.9,732733
TATNP,2025-10-20,565.0,573.0,559.6,562.9,418412
TATNP,2025-10-21,562.9,569.6,530.6,555.1,897204
TATNP,2025-10-22,555.0,555.0,526.6,540.2,518789
TATNP,2025-10-23,532.1,539.8,518.9,524.5,533355
TATNP,2025-10-24,526.2,532.8,512.0,516.5,408036
TATNP,2025-10-27,518.3,520.7,484.5,485.1,947292
TATNP,2025-10-28,485.5,495.7,477.8,493.7,681203
TATNP,2025-10-29,496.5,511.8,491.0,507.8,709103
TATNP,2025-10-30,509.3,517.2,503.1,513.7,414897
TATNP,2025-10-31,513.9,518.7,495.5,501.8,439472
TATNP,2025-11-01,501.8,511.5,499.4,508.9,155461
TATNP,2025-11-03,512.0,525.8,510.6,523.6,406154
TATNP,2025-11-05,523.1,525.6,515.8,519.3,481165
TATNP,2025-11-06,519.3,521.7,512.3,513.7,242570
TATNP,2025-11-07,513.5,532.4,511.4,530.6,403358
TATNP,2025-11-10,530.6,537.6,525.3,526.3,337155
TATNP,2025-11-11,527.5,531.9,518.0,530.0,424645
TATNP,2025-11-12,531.8,531.8,518.0,521.9,286695
TATNP,2025-11-13,522.0,523.1,517.0,519.5,229527
TATNP,2025-11-14,519.8,521.5,515.1,517.1,187933
TATNP,2025-11-17,517.1,519.3,510.0,512.0,349752
TATNP,2025-11-18,514.8,537.0,510.2,531.2,899421
TATNP,2025-11-19,530.2,569.0,526.6,559.8,1418012
TATNP,2025-11-20,559.8,606.8,555.9,590.2,1412668
TATNP,2025-11-21,590.3,595.0,570.6,590.9,913315
TATNP,2025-11-24,591.0,594.9,561.3,562.9,949918
TATNP,2025-11-25,565.4,570.1,553.3,564.9,685008
TATNP,2025-11-26,564.9,566.6,551.0,552.0,551422
TATNP,2025-11-27,552.5,559.0,536.3,537.0,720669
TATNP,2025-11-28,537.3,563.7,536.3,561.0,944733
TATNP,2025-12-01,560.2,566.6,552.6,555.4,784008
TATNP,2025-12-02,555.4,560.0,550.4,556.0,270147
TATNP,2025-12-03,551.0,552.0,542.1,549.7,386009
TATNP,2025-12-04,552.1,554.9,546.4,548.4,185282
TATNP,2025-12-05,548.6,570.5,548.4,566.2,580707
TATNP,2025-12-08,564.9,571.0,550.6,552.9,510636
TATNP,2025-12-09,553.0,568.9,549.3,561.9,563228
TATNP,2025-12-10,563.7,564.4,557.7,559.7,238132
TATNP,2025-12-11,558.3,571.4,558.3,566.9,418407
TATNP,2025-12-12,564.2,573.0,554.0,555.2,538968
TATNP,2025-12-15,556.5,567.2,554.4,564.7,471525
TATNP,2025-12-16,564.7,568.8,560.0,566.3,300360
TATNP,2025-12-17,567.0,569.0,553.6,559.9,413906
TATNP,2025-12-18,562.9,565.5,543.5,550.3,717415
TATNP,2025-12-19,550.4,557.8,543.6,547.4,691721
TATNP,2025-12-22,549.9,550.4,531.0,534.8,641359
TATNP,2025-12-23,535.4,537.4,531.0,534.3,373889
TATNP,2025-12-24,535.4,536.8,530.2,531.2,248463
TATNP,2025-12-25,532.1,532.8,523.8,529.4,350514
TATNP,2025-12-26,529.0,541.7,528.8,541.0,386693
TATNP,2025-12-29,541.1,549.0,528.0,528.8,845649
TATNP,2025-12-30,530.9,541.9,529.1,541.9,452633
TATNP,2026-01-05,541.8,542.7,530.8,540.7,252466
TATNP,2026-01-06,541.5,543.5,535.2,537.5,198558
TATNP,2026-01-08,536.8,536.9,531.8,533.0,294379
TATNP,2026-01-09,525.9,527.7,524.1,527.0,172978
TATNP,2026-01-12,527.5,529.0,520.9,522.3,317594
TATNP,2026-01-13,523.0,524.0,509.9,514.1,369083
TATNP,2026-01-14,514.4,526.5,508.0,521.1,537640
TATNP,2026-01-15,521.1,529.0,520.6,527.9,290124
TATNP,2026-01-16,527.9,530.8,524.4,528.0,227758
TATNP,2026-01-19,531.4,531.4,524.6,526.3,339514
TATNP,2026-01-20,526.8,527.7,519.5,523.0,212714
TATNP,2026-01-21,523.1,537.2,519.2,535.4,402556
TATNP,2026-01-22,533.1,541.4,528.5,534.9,501278
TATNP,2026-01-23,535.0,540.0,529.4,536.3,224794
TATNP,2026-01-26,536.9,539.3,527.4,529.5,573190
TATNP,2026-01-27,529.5,538.5,528.5,537.5,388058
TATNP,2026-01-28,537.7,546.8,537.1,541.8,575663
TATNP,2026-01-29,540.4,557.6,540.4,549.1,1081891
TATNP,2026-01-30,549.2,552.7,540.8,545.3,340323
TATNP,2026-02-02,548.0,551.8,535.3,541.4,414819
TATNP,2026-02-03,541.4,542.8,535.6,539.2,259961
TATNP,2026-02-04,539.2,547.0,535.6,538.6,434792
TATNP,2026-02-05,538.9,542.2,528.3,534.4,479388
TATNP,2026-02-06,534.3,536.5,529.3,530.0,242589
TATNP,2026-02-09,531.1,533.0,521.2,524.8,256578
TATNP,2026-02-10,524.9,526.6,516.3,518.2,443150
TATNP,2026-02-11,519.8,525.6,516.7,521.3,363009
TATNP,2026-02-12,523.0,532.0,520.3,522.2,378969
TATNP,2026-02-13,522.1,526.4,519.5,523.8,414401
TATNP,2026-02-16,524.0,527.7,521.0,522.8,251989
TATNP,2026-02-17,522.8,527.0,521.9,523.8,285451
TATNP,2026-02-18,524.4,524.9,518.3,523.5,298020
TATNP,2026-02-19,523.6,525.9,516.9,517.0,441514
TATNP,2026-02-20,518.9,520.0,514.3,518.2,234877
TATNP,2026-02-24,518.5,521.9,514.6,515.8,418411
TATNP,2026-02-25,516.5,518.6,514.3,517.8,225059
TATNP,2026-02-26,521.5,521.5,514.0,515.8,327080
TATNP,2026-02-27,515.8,520.5,514.9,519.5,273941
TATNP,2026-03-02,521.0,574.4,520.5,572.1,3258759
TATNP,2026-03-03,575.6,610.6,571.7,581.8,4917232
TATNP,2026-03-04,582.4,595.5,565.1,568.9,1724498
TATNP,2026-03-05,572.0,589.1,569.0,582.5,1242647
TATNP,2026-03-06,584.2,601.9,578.9,599.3,1579333
TATNP,2026-03-09,622.4,651.1,597.1,600.1,3176649
TATNP,2026-03-10,602.8,609.0,580.0,592.4,2085994
TATNP,2026-03-11,588.9,592.0,580.3,586.9,704263
TATNP,2026-03-12,601.0,603.2,589.2,595.5,866353
TATNP,2026-03-13,597.1,597.2,585.6,591.0,697796
TATNP,2026-03-16,591.7,599.0,588.3,589.1,925791
TATNP,2026-03-17,589.3,594.0,586.3,587.0,277816
TATNP,2026-03-18,586.0,598.0,581.0,593.6,786062
TATNP,2026-03-19,597.7,614.4,594.4,602.0,1586561
TATNP,2026-03-20,601.5,610.6,598.4,609.9,803633
TATNP,2026-03-23,610.0,618.1,593.7,597.1,1165719
TATNP,2026-03-24,601.0,606.0,592.6,598.2,490771
TATNP,2026-03-25,599.3,601.5,594.1,599.1,482524
TATNP,2026-03-26,600.5,608.4,598.6,604.6,684214
TATNP,2026-03-27,603.5,616.4,599.7,613.0,1049571
TATNP,2026-03-30,612.9,616.2,603.0,613.0,835060
TATNP,2026-03-31,613.0,614.7,594.6,595.9,744072
TATNP,2026-04-01,596.1,599.5,581.1,587.7,631090
TATNP,2026-04-02,590.9,596.6,586.0,591.7,648756
TATNP,2026-04-03,592.5,594.6,582.2,588.5,322750
TATNP,2026-04-06,588.7,590.0,576.7,588.0,471940
TATNP,2026-04-07,588.0,599.0,584.9,590.2,521797
TATNP,2026-04-08,567.9,575.9,561.3,574.9,674328
TATNP,2026-04-09,575.5,581.3,567.7,570.0,501914
TATNP,2026-04-10,570.0,571.9,558.2,560.2,287884
TATNP,2026-04-13,560.3,590.0,557.0,562.0,736192
TATNP,2026-04-14,562.0,568.2,545.0,551.8,651798
TATNP,2026-04-15,553.0,557.2,541.9,552.7,488794
TATNP,2026-04-16,552.0,557.8,546.4,549.6,479151
TATNP,2026-04-17,550.6,556.5,530.0,535.2,1206727
TATNP,2026-04-20,538.5,554.9,538.4,546.3,765107
TATNP,2026-04-21,548.8,556.4,542.8,553.7,380897
TATNP,2026-04-22,552.5,561.0,550.2,560.4,284826
TATNP,2026-04-23,559.4,567.0,559.4,563.3,377583
TATNP,2026-04-24,565.0,567.2,551.8,557.7,339597
TATNP,2026-04-27,556.8,569.8,552.6,569.8,431543
TATNP,2026-04-28,569.5,579.4,563.6,565.2,1070321
TATNP,2026-04-29,564.5,569.7,546.1,547.6,932000
TATNP,2026-04-30,548.5,555.4,542.4,549.5,477603
TATNP,2026-05-04,550.0,550.4,533.2,545.9,556216
TATNP,2026-05-05,545.9,551.0,537.1,549.0,289331
TATNP,2026-05-06,550.0,550.2,532.0,536.8,390393
TATNP,2026-05-07,536.8,539.5,531.0,534.9,243078
TATNP,2026-05-08,534.9,546.6,531.9,544.0,203556
TATNP,2026-05-11,546.0,552.4,545.2,549.3,138493
TATNP,2026-05-12,549.3,568.0,546.3,564.7,401073
TATNP,2026-05-13,564.7,577.6,560.1,571.9,452392
TATNP,2026-05-14,571.1,581.0,568.0,571.5,638509
TATNP,2026-05-15,574.9,578.8,568.4,574.0,292669
TATNP,2026-05-18,574.0,589.0,568.6,586.9,593316
TATNP,2026-05-19,587.0,592.9,586.0,586.9,271484
TATNP,2026-05-20,586.5,591.1,571.2,579.8,562228
TATNP,2026-05-21,579.8,598.0,569.2,589.3,949917
TATNP,2026-05-22,588.9,597.2,579.3,583.6,293728
TATNP,2026-05-25,583.6,587.9,561.6,564.9,594659
TATNP,2026-05-26,565.0,570.2,557.5,564.4,390815
TATNP,2026-05-27,564.6,570.8,556.4,564.6,329473
TATNP,2026-05-28,564.6,575.3,564.6,568.3,445266
TATNP,2026-05-29,566.9,570.0,560.0,564.0,222881
TATNP,2026-06-01,564.0,573.2,562.5,571.2,330546
TATNP,2026-06-02,571.2,578.7,565.0,574.8,444008
TATNP,2026-06-03,574.8,583.5,571.6,574.6,399584
TATNP,2026-06-04,574.8,580.3,568.5,571.7,191869
TATNP,2026-06-05,571.5,575.4,567.1,572.1,179018
TATNP,2026-06-08,572.1,579.5,556.6,558.9,532465
TATNP,2026-06-09,560.9,569.4,551.4,561.5,529328
TATNP,2026-06-10,560.0,573.0,550.0,563.8,577265
TATNP,2026-06-11,563.8,568.5,557.4,558.4,235989
TATNP,2026-06-15,557.5,558.8,536.3,540.4,563719
TATNP,2026-06-16,540.8,543.5,500.5,503.6,2102437
TATNP,2026-06-17,503.6,517.2,495.7,511.0,1336590
TATNP,2026-06-18,509.7,511.0,490.3,494.6,887850
TATNP,2026-06-19,494.7,507.4,490.1,499.7,794003
TATNP,2026-06-22,499.6,503.7,464.0,465.0,1268297
TATNP,2026-06-23,465.0,479.5,461.1,471.0,934298
TATNP,2026-06-24,471.0,473.8,441.6,445.5,1403753
TATNP,2026-06-25,445.8,456.7,431.9,442.9,1419182
TATNP,2026-06-26,444.4,472.0,431.0,466.6,1494600
TATNP,2026-06-29,468.8,489.4,454.2,485.6,1034705
TATNP,2026-06-30,482.8,494.5,471.0,476.9,542572
TATNP,2026-07-01,476.0,481.5,455.5,462.0,814950
TATNP,2026-07-02,462.0,463.3,430.6,435.8,1193577
TATNP,2026-07-03,435.9,438.6,419.9,428.6,957155
TATNP,2026-07-06,430.0,435.4,400.1,420.1,894677
TATNP,2026-07-07,420.0,443.0,411.3,439.0,1344958
TATNP,2026-07-08,440.9,469.7,432.2,466.8,1302130
TATNP,2026-07-09,469.0,470.7,439.4,442.2,758689
TATNP,2026-07-10,442.4,450.5,432.4,440.2,574618
TATNP,2026-07-13,440.2,463.7,437.9,456.5,755732
TATNP,2026-07-14,456.7,467.0,455.5,458.4,674800
TATNP,2026-07-15,450.0,453.5,436.4,439.7,613471
TATNP,2026-07-16,439.7,439.7,413.4,416.1,886979
TATNP,2026-07-17,417.0,425.0,390.0,399.5,994451
TATNP,2026-07-20,398.6,429.8,395.8,428.4,1617390
TATNP,2026-07-21,428.7,443.0,416.6,439.1,921644
TATNP,2026-07-22,440.0,463.8,432.4,461.5,896938
TATNP,2026-07-23,461.5,477.7,451.8,467.6,1076163
TATNP,2026-07-24,467.6,486.1,451.8,484.0,1373505
TATNP,2026-07-27,486.6,486.6,461.4,473.7,837495
TATNP,2026-07-28,476.0,481.2,467.7,473.1,640895
TATNP,2026-07-29,475.2,499.3,474.2,497.3,828963
TATNP,2026-07-30,497.3,508.8,493.6,501.5,757610
TATNP,2026-07-31,499.2,510.9,489.0,509.9,602437
TATNP,2026-08-03,505.0,514.9,498.2,513.7,577507
TATNP,2026-08-04,514.0,518.0,503.3,506.4,747267
TATNP,2026-08-05,506.8,514.5,499.0,512.1,615040
TATNP,2026-08-06,513.7,524.8,506.6,524.2,555261
TATNP,2026-08-07,524.2,535.7,519.8,526.9,1057138
TATNP,2026-08-10,527.0,543.6,522.9,542.7,721269
TATNP,2026-08-11,543.5,558.6,537.1,556.6,727700
TATNP,2026-08-12,556.9,562.8,548.2,553.7,555124
TATNP,2026-08-13,553.7,556.3,528.9,531.1,587369
TATNP,2026-08-14,531.3,535.5,505.6,509.8,739117
