symbol,date,open,high,low,close,volume
TATN,2013-07-10,199.18,199.18,199.18,199.18,10
TATN,2013-07-11,198.18,199.17,198.18,199.17,190
TATN,2013-07-12,201.29,201.29,201.29,201.29,100
TATN,2013-07-17,207.3,210.0,206.0,210.0,800
TATN,2013-07-18,208.0,209.99,208.0,209.99,400
TATN,2013-07-19,210.59,214.7,210.0,211.0,2180
TATN,2013-07-22,215.0,215.0,213.0,213.0,400
TATN,2013-07-23,211.2,211.2,210.0,210.0,400
TATN,2013-07-24,207.0,207.0,207.0,207.0,400
TATN,2013-07-25,206.0,206.0,206.0,206.0,200
TATN,2013-07-26,209.0,209.0,203.0,204.0,800
TATN,2013-07-30,205.0,205.5,205.0,205.5,400
TATN,2013-08-01,206.0,206.0,206.0,206.0,200
TATN,2013-08-05,209.0,209.0,209.0,209.0,200
TATN,2013-08-06,205.7,209.0,201.0,201.13,1240
TATN,2013-08-07,189.09,203.0,189.09,203.0,320
TATN,2013-08-08,201.5,201.5,201.5,201.5,200
TATN,2013-08-09,205.0,205.0,203.5,205.0,600
TATN,2013-08-13,208.0,209.8,208.0,209.0,900
TATN,2013-08-14,210.0,212.6,210.0,212.6,450
TATN,2013-08-15,207.6,207.6,204.0,204.0,700
TATN,2013-08-19,204.4,208.0,204.4,208.0,850
TATN,2013-08-20,204.5,207.8,204.5,207.8,420
TATN,2013-08-21,204.21,209.0,204.21,208.0,420
TATN,2013-08-22,210.0,210.0,210.0,210.0,590
TATN,2013-08-26,210.31,210.5,210.31,210.48,40
TATN,2013-08-27,207.09,207.09,204.0,204.0,20550
TATN,2013-08-28,202.1,205.79,201.1,203.53,230
TATN,2013-08-29,203.0,208.76,201.11,206.5,22370
TATN,2013-08-30,204.01,214.69,201.4,201.4,2000
TATN,2013-09-02,209.12,210.6,207.19,207.5,797410
TATN,2013-09-03,207.6,208.88,205.06,207.32,821150
TATN,2013-09-04,206.82,208.0,205.37,207.99,361040
TATN,2013-09-05,206.92,213.65,206.92,213.65,1909150
TATN,2013-09-06,212.84,219.81,212.6,216.92,2236390
TATN,2013-09-09,218.93,221.0,218.24,220.0,1277620
TATN,2013-09-10,220.0,222.89,219.13,221.85,2630450
TATN,2013-09-11,222.22,222.22,218.1,221.64,1399030
TATN,2013-09-12,221.39,221.39,216.75,219.0,1488390
TATN,2013-09-13,218.98,220.88,217.51,219.38,889970
TATN,2013-09-16,221.0,222.37,219.93,221.65,2000230
TATN,2013-09-17,221.09,224.99,219.84,223.0,1780690
TATN,2013-09-18,222.93,223.98,219.57,220.45,1605950
TATN,2013-09-19,223.95,225.0,221.36,223.3,3159990
TATN,2013-09-20,223.12,225.99,222.01,225.62,2299530
TATN,2013-09-23,225.04,225.04,219.08,220.83,2170870
TATN,2013-09-24,219.53,220.97,218.35,219.0,1883610
TATN,2013-09-25,219.3,220.5,216.74,217.34,2126240
TATN,2013-09-26,218.0,220.0,214.1,215.68,2641440
TATN,2013-09-27,218.0,218.0,214.26,216.4,1936960
TATN,2013-09-30,215.94,217.45,210.5,212.92,1859760
TATN,2013-10-01,212.56,214.23,210.27,213.45,1789060
TATN,2013-10-02,214.79,214.79,208.03,208.21,1543510
TATN,2013-10-03,208.93,210.92,208.19,209.05,1748410
TATN,2013-10-04,209.05,211.26,208.31,211.25,1486480
TATN,2013-10-07,210.66,212.59,208.58,210.24,1583940
TATN,2013-10-08,210.46,216.51,210.04,215.18,1928080
TATN,2013-10-09,214.47,215.8,213.31,214.33,1386560
TATN,2013-10-10,211.22,219.5,211.22,218.44,1487440
TATN,2013-10-11,218.72,219.97,215.73,217.81,863710
TATN,2013-10-14,217.81,218.94,216.58,218.83,632780
TATN,2013-10-15,219.0,222.0,219.0,221.99,1562760
TATN,2013-10-16,220.48,221.98,219.77,220.38,1216610
TATN,2013-10-17,220.99,221.73,217.0,219.6,1021580
TATN,2013-10-18,221.33,223.5,218.63,222.96,2412560
TATN,2013-10-21,222.96,223.32,220.01,221.51,915740
TATN,2013-10-22,221.21,221.49,219.06,220.58,980480
TATN,2013-10-23,220.54,220.54,215.45,216.7,1160880
TATN,2013-10-24,216.7,216.7,212.08,212.86,1049430
TATN,2013-10-25,212.86,214.75,211.65,214.13,903120
TATN,2013-10-28,218.7,218.7,214.9,216.49,1115410
TATN,2013-10-29,216.46,218.0,215.05,217.0,761410
TATN,2013-10-30,216.99,219.95,216.95,219.83,959350
TATN,2013-10-31,217.65,221.0,216.11,220.54,1207460
TATN,2013-11-01,220.57,222.9,219.15,220.7,1521400
TATN,2013-11-05,221.39,222.0,218.8,219.18,1057010
TATN,2013-11-06,220.34,220.34,217.32,218.5,1249280
TATN,2013-11-07,218.5,220.22,217.32,219.17,1326580
TATN,2013-11-08,218.74,218.74,213.55,214.28,1982390
TATN,2013-11-11,214.88,215.87,211.02,211.1,1554300
TATN,2013-11-12,211.11,214.23,211.0,211.89,1452990
TATN,2013-11-13,210.47,210.66,206.79,208.0,2181600
TATN,2013-11-14,208.0,211.5,208.0,208.12,1722830
TATN,2013-11-15,210.45,211.59,208.06,208.24,997720
TATN,2013-11-18,209.01,212.42,208.54,211.7,1365550
TATN,2013-11-19,211.7,212.83,211.11,211.99,1038360
TATN,2013-11-20,209.61,211.83,208.0,208.69,1289300
TATN,2013-11-21,207.73,209.95,205.75,208.5,1356650
TATN,2013-11-22,209.3,213.5,209.11,213.41,1279740
TATN,2013-11-25,214.0,214.67,210.88,211.01,1543420
TATN,2013-11-26,211.02,211.99,207.0,207.99,1896720
TATN,2013-11-27,208.2,210.62,204.47,204.48,1468020
TATN,2013-11-28,204.48,208.49,203.81,205.08,1244370
TATN,2013-11-29,205.2,207.17,202.25,203.09,1920330
TATN,2013-12-02,202.44,206.87,202.44,205.35,1174460
TATN,2013-12-03,204.48,204.5,198.57,198.72,2473050
TATN,2013-12-04,199.15,203.35,197.13,199.29,2421040
TATN,2013-12-05,199.46,201.49,195.81,196.74,2239350
TATN,2013-12-06,196.75,198.77,194.53,196.5,1816990
TATN,2013-12-09,197.52,200.15,196.54,199.28,1442650
TATN,2013-12-10,199.4,203.66,199.08,203.66,1543710
TATN,2013-12-11,203.02,203.98,200.3,203.5,877930
TATN,2013-12-12,200.56,202.38,197.83,201.0,2068170
TATN,2013-12-13,201.06,203.83,200.86,201.34,1452510
TATN,2013-12-16,201.32,204.5,201.3,203.22,1501260
TATN,2013-12-17,203.22,206.1,203.22,206.09,1368920
TATN,2013-12-18,206.04,206.79,203.7,204.54,1383760
TATN,2013-12-19,206.28,209.75,205.95,209.03,2161220
TATN,2013-12-20,209.02,209.43,206.25,207.93,1330550
TATN,2013-12-23,208.75,212.33,206.89,210.98,1339180
TATN,2013-12-24,209.21,210.89,208.08,209.88,1100940
TATN,2013-12-25,209.42,211.0,209.02,209.99,421670
TATN,2013-12-26,209.27,210.15,208.4,208.45,583910
TATN,2013-12-27,208.87,208.9,206.07,206.2,595850
TATN,2013-12-30,205.95,209.25,204.0,208.22,806040
TATN,2014-01-06,205.91,205.91,199.23,200.4,1445500
TATN,2014-01-08,200.67,200.87,196.26,197.12,1471720
TATN,2014-01-09,197.15,200.89,196.5,199.11,1532600
TATN,2014-01-10,198.54,200.0,196.23,199.69,1900000
TATN,2014-01-13,199.11,203.0,198.85,201.5,982440
TATN,2014-01-14,199.43,199.43,196.36,197.2,1552360
TATN,2014-01-15,197.75,199.64,197.5,198.41,1205060
TATN,2014-01-16,199.0,199.0,197.14,198.05,1342670
TATN,2014-01-17,197.86,200.2,197.13,199.5,1334530
TATN,2014-01-20,199.0,199.9,198.14,199.19,546230
TATN,2014-01-21,200.32,201.9,199.67,200.39,880320
TATN,2014-01-22,200.41,200.41,198.33,199.2,1323640
TATN,2014-01-23,199.42,203.81,198.75,201.07,1405570
TATN,2014-01-24,200.23,201.66,197.02,198.0,2696840
TATN,2014-01-27,196.79,200.52,196.61,197.36,2726820
TATN,2014-01-28,198.19,198.48,193.28,193.79,2779060
TATN,2014-01-29,195.31,200.69,193.87,197.14,3736180
TATN,2014-01-30,197.21,199.68,195.25,199.21,1812220
TATN,2014-01-31,198.96,199.57,194.27,195.49,2049510
TATN,2014-02-03,196.14,196.33,192.06,192.62,1312310
TATN,2014-02-04,191.22,191.79,188.69,188.96,2073060
TATN,2014-02-05,190.0,194.47,189.22,193.09,1989180
TATN,2014-02-06,193.91,199.9,191.93,199.59,3094510
TATN,2014-02-07,200.45,202.0,198.45,201.89,2370920
TATN,2014-02-10,201.97,203.6,200.35,203.32,1765470
TATN,2014-02-11,203.8,207.49,202.75,207.49,2098900
TATN,2014-02-12,208.09,213.4,207.3,212.66,2645480
TATN,2014-02-13,211.51,212.77,209.24,210.2,2422310
TATN,2014-02-14,210.55,212.58,209.42,212.12,1382500
TATN,2014-02-17,212.79,214.55,210.96,213.12,1340150
TATN,2014-02-18,213.04,216.63,212.5,213.77,1766890
TATN,2014-02-19,213.94,216.0,212.0,214.11,1564030
TATN,2014-02-20,213.04,213.04,207.87,209.29,2499800
TATN,2014-02-21,210.36,212.67,210.05,211.84,1288970
TATN,2014-02-24,217.5,217.5,211.25,214.5,1561640
TATN,2014-02-25,214.5,215.32,208.99,209.48,3822050
TATN,2014-02-26,210.38,210.94,208.51,209.41,3120770
TATN,2014-02-27,210.23,210.7,206.11,208.5,2148640
TATN,2014-02-28,208.21,212.0,206.5,211.19,2474250
TATN,2014-03-03,205.0,206.5,198.33,205.67,5910000
TATN,2014-03-04,206.56,214.4,206.08,207.5,3800290
TATN,2014-03-05,208.61,209.31,199.49,204.92,2888630
TATN,2014-03-06,204.95,206.87,200.5,204.42,2857770
TATN,2014-03-07,205.33,208.51,201.71,205.99,2165710
TATN,2014-03-11,205.3,206.75,201.3,203.34,1990830
TATN,2014-03-12,202.54,203.18,195.87,196.0,2720560
TATN,2014-03-13,197.96,199.0,189.0,189.75,4138430
TATN,2014-03-14,185.96,188.05,180.5,188.0,4794630
TATN,2014-03-17,189.0,196.88,187.61,194.29,4899190
TATN,2014-03-18,195.15,199.0,190.66,197.52,3130690
TATN,2014-03-19,198.43,199.8,191.22,191.98,2828960
TATN,2014-03-20,190.3,194.19,190.2,193.01,1912080
TATN,2014-03-21,190.95,197.7,181.64,195.63,4094230
TATN,2014-03-24,195.63,199.7,187.0,188.18,3594710
TATN,2014-03-25,188.3,193.43,185.77,190.97,2610500
TATN,2014-03-26,191.96,197.2,190.52,194.87,2667520
TATN,2014-03-27,194.65,198.0,191.05,197.7,2068520
TATN,2014-03-28,197.47,199.68,195.85,199.0,2245530
TATN,2014-03-31,199.5,200.0,195.72,200.0,2510610
TATN,2014-04-01,200.01,202.88,197.1,201.14,2841830
TATN,2014-04-02,200.09,201.68,196.14,199.5,2132140
TATN,2014-04-03,199.18,201.0,195.19,198.9,1648550
TATN,2014-04-04,198.84,204.86,197.12,204.15,2751430
TATN,2014-04-07,202.4,204.08,198.99,203.0,3967390
TATN,2014-04-08,202.99,209.6,200.07,209.02,3117260
TATN,2014-04-09,208.04,214.0,207.5,212.63,2556760
TATN,2014-04-10,213.5,219.0,211.22,219.0,3181650
TATN,2014-04-11,216.78,220.77,216.33,217.0,2461960
TATN,2014-04-14,217.08,217.25,212.46,213.8,2124090
TATN,2014-04-15,213.61,215.33,208.23,209.1,2277970
TATN,2014-04-16,210.45,212.0,207.52,208.0,2296690
TATN,2014-04-17,209.74,211.9,206.0,208.5,1867470
TATN,2014-04-18,214.0,214.48,211.1,211.99,849560
TATN,2014-04-21,210.0,212.73,208.92,209.25,806270
TATN,2014-04-22,209.04,210.17,207.05,209.36,999650
TATN,2014-04-23,208.22,210.94,207.5,209.75,1732630
TATN,2014-04-24,209.74,210.74,205.75,208.51,1796690
TATN,2014-04-25,206.62,207.4,204.11,205.78,1277250
TATN,2014-04-28,202.5,209.69,201.21,207.33,1737640
TATN,2014-04-29,209.04,211.7,206.51,206.89,1844280
TATN,2014-04-30,207.03,207.97,202.1,203.39,2126320
TATN,2014-05-02,204.22,204.22,200.02,201.93,1425450
TATN,2014-05-05,200.65,203.39,200.28,202.0,539060
TATN,2014-05-06,202.03,205.94,201.55,204.68,1095260
TATN,2014-05-07,205.5,214.48,203.83,210.34,1994300
TATN,2014-05-08,210.97,213.32,208.32,209.58,1684810
TATN,2014-05-12,210.98,212.38,209.0,210.87,1120910
TATN,2014-05-13,220.2,220.2,208.74,209.88,973230
TATN,2014-05-14,210.99,213.91,208.18,213.91,1277780
TATN,2014-05-15,213.7,214.47,208.13,209.18,1602470
TATN,2014-05-16,208.62,210.41,208.1,209.0,1524760
TATN,2014-05-19,209.89,215.0,209.49,213.51,2094150
TATN,2014-05-20,214.0,218.33,213.53,218.0,2498840
TATN,2014-05-21,218.72,221.32,216.52,221.32,2408170
TATN,2014-05-22,221.45,222.75,218.16,221.0,1199650
TATN,2014-05-23,226.38,226.38,217.3,217.94,1551630
TATN,2014-05-26,218.63,220.23,217.73,219.22,574680
TATN,2014-05-27,218.34,218.57,210.27,210.79,2562010
TATN,2014-05-28,211.74,212.12,208.8,210.97,1410850
TATN,2014-05-29,211.2,213.15,210.02,210.2,986800
TATN,2014-05-30,210.59,212.3,202.1,202.1,3171040
TATN,2014-06-02,204.95,211.95,204.23,208.6,1885610
TATN,2014-06-03,205.4,210.74,205.4,210.6,1306020
TATN,2014-06-04,211.0,211.81,209.8,210.47,802570
TATN,2014-06-05,212.04,214.0,208.02,208.79,1414170
TATN,2014-06-06,210.47,210.71,207.01,209.55,1649520
TATN,2014-06-09,209.54,210.53,207.03,207.63,932300
TATN,2014-06-10,207.8,211.0,206.4,211.0,1568150
TATN,2014-06-11,210.97,213.0,209.98,213.0,1885640
TATN,2014-06-16,213.41,220.0,210.97,219.25,5549020
TATN,2014-06-17,219.8,222.83,218.86,222.77,1859660
TATN,2014-06-18,222.82,225.8,222.14,224.7,2921080
TATN,2014-06-19,225.84,226.48,223.62,224.64,1633260
TATN,2014-06-20,225.67,225.67,221.68,223.63,1485990
TATN,2014-06-23,224.1,226.4,223.22,225.95,1436270
TATN,2014-06-24,226.05,230.94,225.9,229.82,1742410
TATN,2014-06-25,229.75,229.9,223.6,224.92,1401460
TATN,2014-06-26,225.36,225.75,219.12,221.14,1541090
TATN,2014-06-27,219.35,222.48,218.15,222.48,2039080
TATN,2014-06-30,222.1,222.1,218.32,221.88,1205640
TATN,2014-07-01,220.89,222.1,218.3,222.0,982260
TATN,2014-07-02,221.47,228.45,221.41,228.45,1435920
TATN,2014-07-03,228.26,228.26,225.62,226.56,680780
TATN,2014-07-04,226.78,227.88,222.0,222.05,1171650
TATN,2014-07-07,223.45,229.24,222.57,229.2,1291670
TATN,2014-07-08,228.01,232.84,228.01,230.5,1392380
TATN,2014-07-09,229.04,229.92,225.1,228.0,1568380
TATN,2014-07-10,224.86,228.88,223.1,225.91,2079700
TATN,2014-07-11,225.6,230.0,224.1,228.89,1106940
TATN,2014-07-14,227.4,234.83,227.4,231.0,2539530
TATN,2014-07-15,223.01,226.21,220.35,222.37,1790790
TATN,2014-07-16,221.37,224.0,220.5,224.0,1546250
TATN,2014-07-17,222.27,223.87,217.77,219.88,2257790
TATN,2014-07-18,215.7,219.13,214.57,216.96,2149630
TATN,2014-07-21,217.0,218.9,212.53,215.28,2674280
TATN,2014-07-22,215.25,222.46,215.25,220.2,1832880
TATN,2014-07-23,220.66,222.0,218.0,220.72,1001670
TATN,2014-07-24,219.93,224.9,219.11,224.9,1182670
TATN,2014-07-25,224.05,224.48,221.62,224.48,1462680
TATN,2014-07-28,223.02,224.62,217.2,217.2,1674350
TATN,2014-07-29,218.85,220.88,216.58,218.48,1181050
TATN,2014-07-30,216.66,222.14,216.25,216.25,1976840
TATN,2014-07-31,216.93,217.92,211.12,212.9,2768380
TATN,2014-08-01,213.0,213.0,208.0,211.9,1846660
TATN,2014-08-04,210.9,215.0,210.3,215.0,2049150
TATN,2014-08-05,214.85,215.27,209.57,209.75,2093120
TATN,2014-08-06,209.68,212.8,207.01,209.5,1663100
TATN,2014-08-07,209.0,210.39,204.6,208.2,2480340
TATN,2014-08-08,208.75,211.99,206.62,208.33,2340160
TATN,2014-08-11,210.19,214.37,209.4,212.7,1342190
TATN,2014-08-12,213.6,216.09,212.33,215.1,1209200
TATN,2014-08-13,214.95,221.19,214.74,220.67,1791300
TATN,2014-08-14,223.19,223.19,218.92,220.01,3077000
TATN,2014-08-15,215.83,223.23,215.83,221.19,1205330
TATN,2014-08-18,221.5,223.94,221.2,223.94,1170760
TATN,2014-08-19,223.48,224.62,222.53,223.8,848950
TATN,2014-08-20,224.0,232.0,223.46,232.0,1549930
TATN,2014-08-21,230.0,235.33,228.82,235.0,3669630
TATN,2014-08-22,233.83,234.6,228.06,230.5,1950950
TATN,2014-08-25,229.01,232.75,229.01,232.0,397680
TATN,2014-08-26,232.03,233.33,230.65,232.8,980100
TATN,2014-08-27,233.57,234.91,232.47,233.8,983150
TATN,2014-08-28,233.73,234.0,230.72,232.75,1974400
TATN,2014-08-29,231.55,232.65,228.0,228.0,1521520
TATN,2014-09-01,230.01,231.32,227.06,227.3,2226180
TATN,2014-09-02,224.95,230.65,224.95,229.5,860630
TATN,2014-09-03,229.5,239.8,229.01,235.45,3359100
TATN,2014-09-04,235.89,242.33,234.86,240.98,2611590
TATN,2014-09-05,240.0,247.37,239.41,242.7,2269320
TATN,2014-09-08,242.99,247.22,242.99,246.19,1403570
TATN,2014-09-09,246.29,247.97,243.31,244.26,997580
TATN,2014-09-10,242.99,243.3,238.6,240.55,1238600
TATN,2014-09-11,240.75,241.23,234.49,234.55,2508170
TATN,2014-09-12,233.32,238.34,233.31,234.9,1941580
TATN,2014-09-15,234.52,239.67,234.46,239.67,3371130
TATN,2014-09-16,238.37,242.51,238.01,239.0,1794320
TATN,2014-09-17,239.08,243.48,235.0,239.87,2885720
TATN,2014-09-18,240.69,240.69,236.74,237.21,1143940
TATN,2014-09-19,238.74,238.74,230.06,230.89,3641070
TATN,2014-09-22,233.37,233.37,227.65,227.65,1187070
TATN,2014-09-23,229.45,236.23,228.41,235.6,2140000
TATN,2014-09-24,236.0,239.21,235.51,237.5,1555330
TATN,2014-09-25,238.93,239.8,233.4,235.75,1461960
TATN,2014-09-26,233.7,238.1,232.78,235.97,1901210
TATN,2014-09-29,237.24,238.98,231.75,231.75,2135910
TATN,2014-09-30,233.02,235.97,231.1,232.0,2319130
TATN,2014-10-01,231.95,233.15,228.7,230.0,1712160
TATN,2014-10-02,229.0,230.0,225.55,225.95,2418590
TATN,2014-10-03,227.6,232.45,225.4,226.0,2150290
TATN,2014-10-06,228.0,237.0,227.5,235.75,2205240
TATN,2014-10-07,235.9,237.5,234.0,235.75,1503110
TATN,2014-10-08,234.9,235.95,230.95,230.95,1571610
TATN,2014-10-09,233.0,235.0,228.0,228.05,1424310
TATN,2014-10-10,226.4,230.15,226.0,226.0,1767520
TATN,2014-10-13,226.4,232.4,225.1,230.0,1459560
TATN,2014-10-14,230.15,233.8,228.0,229.45,1923750
TATN,2014-10-15,228.1,230.0,224.35,224.9,2810960
TATN,2014-10-16,225.45,227.65,219.15,219.7,2321370
TATN,2014-10-17,223.5,227.05,221.1,224.45,2310840
TATN,2014-10-20,227.7,227.7,220.35,222.5,1225250
TATN,2014-10-21,222.0,224.05,219.2,221.5,1411730
TATN,2014-10-22,227.55,227.55,217.7,219.4,1693610
TATN,2014-10-23,218.0,221.5,215.25,220.75,2239360
TATN,2014-10-24,220.2,221.35,217.0,221.0,1185000
TATN,2014-10-27,222.5,226.8,221.6,224.15,1693080
TATN,2014-10-28,225.0,231.55,224.4,228.0,1850970
TATN,2014-10-29,228.45,242.3,228.25,242.3,3739940
TATN,2014-10-30,241.0,245.0,238.7,244.55,2723450
TATN,2014-10-31,246.35,259.8,245.2,259.8,3332810
TATN,2014-11-03,258.75,261.95,254.8,257.25,1182940
TATN,2014-11-05,254.7,254.85,247.05,249.0,2830550
TATN,2014-11-06,249.5,256.0,248.6,253.15,1996920
TATN,2014-11-07,253.55,264.25,250.55,255.5,3251850
TATN,2014-11-10,257.4,260.3,252.95,257.5,1023240
TATN,2014-11-11,253.35,262.75,253.35,260.05,1259150
TATN,2014-11-12,261.2,262.5,253.95,253.95,1617600
TATN,2014-11-13,255.0,255.95,247.4,247.4,1639450
TATN,2014-11-14,245.55,253.8,245.15,249.4,1497110
TATN,2014-11-17,248.35,254.2,247.55,254.2,983020
TATN,2014-11-18,254.05,254.8,247.5,250.35,1745940
TATN,2014-11-19,250.6,252.05,248.25,252.0,1693090
TATN,2014-11-20,252.0,260.55,248.5,260.5,2259460
TATN,2014-11-21,260.8,262.85,252.2,252.2,1881130
TATN,2014-11-24,254.35,254.35,247.4,249.5,1117870
TATN,2014-11-25,249.05,249.8,245.05,245.75,1320650
TATN,2014-11-26,245.75,249.65,243.1,248.5,1722530
TATN,2014-11-27,247.0,257.75,246.5,253.95,1969710
TATN,2014-11-28,252.0,257.5,247.25,248.65,2660140
TATN,2014-12-01,247.55,267.0,244.65,260.0,3430400
TATN,2014-12-02,260.9,261.6,249.6,257.85,2775490
TATN,2014-12-03,259.45,263.0,254.35,258.5,2112450
TATN,2014-12-04,258.55,263.4,252.8,254.3,3438970
TATN,2014-12-05,256.95,257.05,238.85,242.4,3531040
TATN,2014-12-08,242.9,248.0,235.15,238.7,2057620
TATN,2014-12-09,239.55,246.15,236.5,243.75,1623310
TATN,2014-12-10,246.0,252.0,241.5,242.0,1759910
TATN,2014-12-11,243.6,245.8,234.25,235.6,2001860
TATN,2014-12-12,235.0,247.25,228.3,231.5,3269780
TATN,2014-12-15,233.35,240.55,221.65,221.85,4046870
TATN,2014-12-16,219.0,244.25,212.95,225.4,6370420
TATN,2014-12-17,220.15,231.9,208.85,210.65,5373030
TATN,2014-12-18,213.8,228.3,209.6,224.5,3838130
TATN,2014-12-19,223.75,226.95,211.7,214.1,2269210
TATN,2014-12-22,219.0,219.75,210.35,219.5,2139280
TATN,2014-12-23,217.1,221.3,212.25,214.1,1420420
TATN,2014-12-24,214.05,221.4,213.85,219.65,1235350
TATN,2014-12-25,220.7,225.55,215.0,225.35,709370
TATN,2014-12-26,225.55,238.2,225.55,238.2,1012910
TATN,2014-12-29,234.95,249.95,230.65,246.45,2100340
TATN,2014-12-30,243.1,243.1,225.05,228.5,2257340
TATN,2015-01-05,228.5,238.0,225.4,238.0,1164410
TATN,2015-01-06,235.95,243.2,226.35,228.75,1736410
TATN,2015-01-08,230.0,250.0,229.65,245.0,2178850
TATN,2015-01-09,245.9,247.0,230.6,234.05,2122330
TATN,2015-01-12,234.25,237.5,226.2,228.25,1776200
TATN,2015-01-13,229.0,238.9,226.35,234.7,1924590
TATN,2015-01-14,232.05,245.1,231.1,244.55,2209910
TATN,2015-01-15,246.0,259.4,243.0,251.3,3196510
TATN,2015-01-16,251.5,261.4,247.5,260.0,1753380
TATN,2015-01-19,259.55,270.55,256.2,261.0,2724080
TATN,2015-01-20,260.9,265.0,255.4,257.0,1876210
TATN,2015-01-21,261.65,275.0,257.0,275.0,2247030
TATN,2015-01-22,275.0,299.85,273.0,287.3,4207240
TATN,2015-01-23,287.9,302.05,287.9,297.95,2188000
TATN,2015-01-26,297.6,297.6,281.05,285.65,2373270
TATN,2015-01-27,280.0,297.9,278.65,297.9,3741700
TATN,2015-01-28,297.3,311.0,288.05,289.0,2448360
TATN,2015-01-29,289.15,297.1,280.1,280.1,1933610
TATN,2015-01-30,283.05,288.95,270.15,270.15,3244270
TATN,2015-02-02,275.0,289.9,272.0,285.0,2461590
TATN,2015-02-03,287.05,295.0,283.75,294.0,1859120
TATN,2015-02-04,296.7,305.85,286.0,301.0,3538210
TATN,2015-02-05,300.05,320.0,297.5,319.35,2897190
TATN,2015-02-06,325.0,338.85,320.05,335.5,4519750
TATN,2015-02-09,334.05,354.4,321.2,324.0,5583120
TATN,2015-02-10,324.4,331.95,317.9,320.55,1660510
TATN,2015-02-11,324.9,334.65,319.05,320.5,2044420
TATN,2015-02-12,325.0,344.05,318.1,340.0,3912430
TATN,2015-02-13,346.05,353.0,341.25,353.0,1935970
TATN,2015-02-16,352.15,352.15,331.8,335.0,1528140
TATN,2015-02-17,334.95,349.9,330.05,338.6,1924310
TATN,2015-02-18,341.05,348.2,332.9,335.15,1751100
TATN,2015-02-19,335.0,343.3,330.5,343.3,1485350
TATN,2015-02-20,345.85,345.85,337.85,345.8,893920
TATN,2015-02-24,340.05,342.55,334.55,340.0,932570
TATN,2015-02-25,339.75,339.85,320.5,326.6,1801360
TATN,2015-02-26,328.5,331.3,321.05,327.55,1374030
TATN,2015-02-27,325.9,329.05,314.55,316.0,1972070
TATN,2015-03-02,318.7,331.3,316.7,330.95,1730770
TATN,2015-03-03,329.05,344.65,326.1,333.55,1900820
TATN,2015-03-04,337.85,337.85,316.05,319.0,1836970
TATN,2015-03-05,319.25,325.65,311.8,313.4,2175550
TATN,2015-03-06,315.0,315.0,297.25,298.2,3174670
TATN,2015-03-10,296.4,299.7,281.55,283.65,3863200
TATN,2015-03-11,285.0,288.35,278.8,285.9,2265190
TATN,2015-03-12,288.0,288.8,278.75,284.85,1774460
TATN,2015-03-13,284.1,286.3,277.2,277.95,2711470
TATN,2015-03-16,277.05,278.0,270.35,272.0,2309480
TATN,2015-03-17,273.55,276.75,271.0,271.45,1651940
TATN,2015-03-18,272.1,282.4,270.9,281.45,2133790
TATN,2015-03-19,284.05,291.5,282.8,288.45,2435370
TATN,2015-03-20,288.0,303.15,284.2,294.25,3413840
TATN,2015-03-23,295.65,297.1,280.5,282.5,1694930
TATN,2015-03-24,280.3,285.75,274.2,281.0,1523800
TATN,2015-03-25,280.75,281.4,272.5,277.5,1445110
TATN,2015-03-26,278.9,289.0,267.0,269.5,2722590
TATN,2015-03-27,268.55,271.55,265.1,267.0,1262340
TATN,2015-03-30,266.5,282.45,266.05,278.9,1396280
TATN,2015-03-31,278.9,287.0,275.0,287.0,1702490
TATN,2015-04-01,285.0,300.4,283.1,300.1,3186330
TATN,2015-04-02,300.05,301.75,296.65,301.5,1509140
TATN,2015-04-03,300.1,304.15,297.0,299.0,726230
TATN,2015-04-06,299.75,308.7,298.0,307.45,885960
TATN,2015-04-07,307.0,308.2,297.3,305.5,2085760
TATN,2015-04-08,303.0,303.85,297.5,303.0,1288530
TATN,2015-04-09,302.0,302.05,289.25,297.95,2115970
TATN,2015-04-10,289.35,302.35,288.2,297.2,2298780
TATN,2015-04-13,297.75,305.45,297.75,303.0,1647970
TATN,2015-04-14,310.4,310.4,295.75,301.0,1235710
TATN,2015-04-15,299.25,305.9,295.0,303.05,1123960
TATN,2015-04-16,304.65,313.0,295.55,313.0,2196490
TATN,2015-04-17,311.25,312.2,292.2,292.2,3508770
TATN,2015-04-20,295.55,303.45,293.5,301.2,2470900
TATN,2015-04-21,300.0,309.75,299.75,304.5,1215740
TATN,2015-04-22,309.5,309.5,291.35,295.85,2112260
TATN,2015-04-23,295.5,308.85,286.7,304.45,2098390
TATN,2015-04-24,305.9,305.9,295.35,297.0,1518150
TATN,2015-04-27,297.0,311.8,296.5,306.8,2610740
TATN,2015-04-28,306.9,309.9,301.75,309.9,1648210
TATN,2015-04-29,308.4,309.55,296.35,296.75,2071250
TATN,2015-04-30,297.95,299.8,290.05,292.35,1688810
TATN,2015-05-05,294.0,304.8,293.5,303.75,2145670
TATN,2015-05-06,303.65,309.9,299.45,309.9,2005440
TATN,2015-05-07,308.15,308.5,297.05,301.3,1390180
TATN,2015-05-08,301.4,305.5,299.05,303.25,1105330
TATN,2015-05-12,303.75,308.85,300.55,308.85,1201170
TATN,2015-05-13,308.25,308.25,300.25,303.2,1119680
TATN,2015-05-14,301.95,304.0,298.2,298.55,1693550
TATN,2015-05-15,300.6,303.0,292.2,296.7,1101570
TATN,2015-05-18,297.5,298.8,292.3,293.75,782510
TATN,2015-05-19,293.1,295.0,289.2,294.95,1099120
TATN,2015-05-20,295.8,297.35,290.2,294.15,731580
TATN,2015-05-21,295.95,299.4,293.0,297.85,889650
TATN,2015-05-22,298.85,302.95,297.9,302.6,912570
TATN,2015-05-25,301.75,301.75,294.7,297.3,592580
TATN,2015-05-26,297.95,300.1,289.1,292.0,978200
TATN,2015-05-27,291.7,297.5,291.0,297.0,1336220
TATN,2015-05-28,295.6,306.55,295.5,300.8,1569170
TATN,2015-05-29,301.55,308.1,280.2,280.2,2728220
TATN,2015-06-01,286.95,296.25,285.25,290.4,1880110
TATN,2015-06-02,292.5,298.8,290.6,294.25,1364100
TATN,2015-06-03,295.0,297.95,286.5,293.25,2027330
TATN,2015-06-04,294.4,299.8,293.35,297.0,1669460
TATN,2015-06-05,298.0,300.9,294.35,300.9,1159700
TATN,2015-06-08,300.9,301.7,292.0,292.0,1629460
TATN,2015-06-09,292.5,296.8,292.3,294.95,964840
TATN,2015-06-10,297.0,297.85,292.3,294.6,1243080
TATN,2015-06-11,295.75,297.4,292.6,296.9,1117220
TATN,2015-06-15,295.6,298.75,293.25,298.25,1469590
TATN,2015-06-16,298.3,301.55,295.8,298.3,791330
TATN,2015-06-17,298.55,300.3,295.0,296.25,859310
TATN,2015-06-18,297.0,297.0,293.5,295.3,781470
TATN,2015-06-19,294.1,294.65,288.85,290.4,1457480
TATN,2015-06-22,290.8,295.75,290.05,295.2,1048180
TATN,2015-06-23,296.0,296.45,293.0,293.0,927650
TATN,2015-06-24,294.5,295.75,292.25,295.25,800100
TATN,2015-06-25,293.6,296.75,291.35,291.35,771860
TATN,2015-06-26,292.1,299.85,291.8,296.55,1482970
TATN,2015-06-29,295.75,297.4,294.05,294.95,658130
TATN,2015-06-30,294.75,299.55,290.05,296.5,2666660
TATN,2015-07-01,296.15,299.15,294.5,294.8,1497350
TATN,2015-07-02,295.45,297.85,292.75,297.85,892590
TATN,2015-07-03,296.0,297.7,293.25,297.65,687010
TATN,2015-07-06,295.3,298.5,294.65,298.5,649430
TATN,2015-07-07,297.5,299.4,293.4,296.95,1055270
TATN,2015-07-08,295.75,297.1,277.2,281.7,3069710
TATN,2015-07-09,282.85,290.9,282.65,290.9,1632840
TATN,2015-07-10,291.7,292.75,287.65,289.5,986060
TATN,2015-07-13,289.0,295.05,288.45,295.05,1493180
TATN,2015-07-14,288.0,297.3,285.6,294.65,1717070
TATN,2015-07-15,294.95,300.0,294.1,299.0,1328940
TATN,2015-07-16,298.0,298.95,293.1,297.15,1128420
TATN,2015-07-17,296.55,297.9,293.15,295.0,813080
TATN,2015-07-20,295.35,295.5,288.15,290.9,1240860
TATN,2015-07-21,291.3,296.35,288.4,296.35,1373760
TATN,2015-07-22,295.7,295.7,288.0,294.15,1343340
TATN,2015-07-23,294.0,294.0,287.0,287.3,1286370
TATN,2015-07-24,287.0,288.6,278.05,278.05,1561670
TATN,2015-07-27,278.0,283.95,274.65,278.8,1990040
TATN,2015-07-28,279.1,290.85,279.0,288.5,2596690
TATN,2015-07-29,289.15,290.25,277.25,284.2,2858670
TATN,2015-07-30,284.5,284.5,280.0,284.4,1957670
TATN,2015-07-31,283.25,301.85,283.2,301.85,3508940
TATN,2015-08-03,299.1,303.9,296.3,303.9,1255070
TATN,2015-08-04,302.9,306.6,301.0,306.6,2018440
TATN,2015-08-05,306.6,315.0,302.4,315.0,1957520
TATN,2015-08-06,311.3,319.95,300.65,303.6,3947930
TATN,2015-08-07,303.6,308.6,303.6,304.3,1190430
TATN,2015-08-10,305.5,309.55,301.5,308.95,1208880
TATN,2015-08-11,309.0,314.5,307.5,307.5,1664460
TATN,2015-08-12,306.85,308.45,290.1,308.1,1600940
TATN,2015-08-13,308.25,314.0,308.25,314.0,1723900
TATN,2015-08-14,313.45,319.75,311.0,314.4,1758200
TATN,2015-08-17,314.9,318.75,311.9,316.5,1271670
TATN,2015-08-18,315.75,317.25,309.75,315.55,1364690
TATN,2015-08-19,315.0,315.25,304.15,306.6,1423910
TATN,2015-08-20,306.0,310.5,302.0,309.0,1762570
TATN,2015-08-21,307.4,307.4,292.1,293.6,2907740
TATN,2015-08-24,288.0,293.8,275.7,291.25,4116720
TATN,2015-08-25,290.0,300.0,285.4,288.45,2722580
TATN,2015-08-26,289.5,293.9,283.55,292.05,1953680
TATN,2015-08-27,293.5,308.0,293.5,306.0,2358140
TATN,2015-08-28,307.8,315.9,302.55,313.0,2440090
TATN,2015-08-31,310.7,323.0,310.7,323.0,1274430
TATN,2015-09-01,321.5,321.5,308.75,310.0,1922010
TATN,2015-09-02,309.15,317.55,304.3,305.05,1758570
TATN,2015-09-03,308.0,311.95,304.1,309.0,2059280
TATN,2015-09-04,306.05,307.75,301.6,304.9,1760230
TATN,2015-09-07,305.75,309.25,303.15,304.95,621870
TATN,2015-09-08,307.0,311.35,305.75,307.1,1147940
TATN,2015-09-09,308.1,311.95,306.05,308.5,1305500
TATN,2015-09-10,307.0,311.65,305.3,311.0,1755550
TATN,2015-09-11,311.65,312.8,306.2,308.2,1366280
TATN,2015-09-14,308.2,317.6,307.3,315.4,1466570
TATN,2015-09-15,314.25,316.5,312.9,315.0,1230260
TATN,2015-09-16,316.2,326.0,314.4,323.6,2471860
TATN,2015-09-17,324.7,329.45,321.25,327.3,1856630
TATN,2015-09-18,328.1,332.95,322.0,322.0,2547720
TATN,2015-09-21,326.0,327.1,312.4,315.0,1708260
TATN,2015-09-22,315.05,315.05,303.6,305.6,2531450
TATN,2015-09-23,305.6,309.6,299.9,301.0,1878510
TATN,2015-09-24,301.1,303.9,294.05,298.35,1791680
TATN,2015-09-25,300.0,309.8,299.75,307.0,1322270
TATN,2015-09-28,307.95,309.35,298.95,300.05,770400
TATN,2015-09-29,298.65,304.45,297.05,299.9,1113020
TATN,2015-09-30,301.8,308.55,300.6,308.55,1663210
TATN,2015-10-01,309.45,312.95,301.4,306.65,1985470
TATN,2015-10-02,306.0,307.35,298.7,300.85,1267080
TATN,2015-10-05,305.0,317.75,303.95,316.9,2872520
TATN,2015-10-06,317.0,323.75,315.05,323.75,1984680
TATN,2015-10-07,324.05,329.7,318.0,328.9,2170760
TATN,2015-10-08,327.5,328.6,317.5,323.2,2103250
TATN,2015-10-09,325.0,335.9,324.35,333.0,2186340
TATN,2015-10-12,335.0,335.75,320.75,325.0,2255360
TATN,2015-10-13,324.5,332.65,321.1,332.65,1504720
TATN,2015-10-14,330.0,332.05,324.25,328.5,1591970
TATN,2015-10-15,328.5,333.7,328.25,329.1,1563810
TATN,2015-10-16,331.7,333.85,328.0,328.0,1459890
TATN,2015-10-19,328.2,332.85,325.7,331.25,1197730
TATN,2015-10-20,330.65,332.6,326.85,332.6,1326720
TATN,2015-10-21,332.0,332.9,322.4,327.0,1745350
TATN,2015-10-22,327.0,330.2,323.1,328.35,975860
TATN,2015-10-23,329.95,337.0,329.5,333.8,1793900
TATN,2015-10-26,334.5,334.5,327.3,333.5,1526270
TATN,2015-10-27,332.7,345.0,328.05,345.0,2320900
TATN,2015-10-28,343.25,344.55,339.5,342.4,1489180
TATN,2015-10-29,340.5,343.6,333.1,334.95,1259770
TATN,2015-10-30,334.0,337.85,328.05,328.8,1432670
TATN,2015-11-02,328.75,336.2,327.0,336.2,909910
TATN,2015-11-03,335.15,345.8,334.0,344.2,1470230
TATN,2015-11-05,344.2,348.45,340.1,346.0,1483800
TATN,2015-11-06,346.35,350.4,344.6,348.0,1340450
TATN,2015-11-09,348.95,350.1,342.5,346.4,818390
TATN,2015-11-10,348.45,350.0,342.4,346.95,1545000
TATN,2015-11-11,345.1,349.75,341.25,345.0,987600
TATN,2015-11-12,344.35,345.95,338.9,340.1,1459640
TATN,2015-11-13,336.1,341.35,334.5,335.5,1541250
TATN,2015-11-16,334.75,340.8,334.25,336.25,1190090
TATN,2015-11-17,338.1,346.2,337.7,340.2,2164100
TATN,2015-11-18,342.0,346.15,338.7,342.4,1260710
TATN,2015-11-19,344.2,352.35,338.95,349.1,1946570
TATN,2015-11-20,347.8,352.0,344.5,349.85,1215230
TATN,2015-11-23,349.05,355.45,347.05,354.45,1045570
TATN,2015-11-24,354.75,354.75,339.35,345.0,1792870
TATN,2015-11-25,345.55,351.0,343.35,345.9,1158390
TATN,2015-11-26,345.9,348.45,342.05,344.3,1012140
TATN,2015-11-27,344.0,344.0,333.3,336.9,1821910
TATN,2015-11-30,336.9,338.9,314.05,314.05,4082240
TATN,2015-12-01,317.0,324.5,316.5,323.0,2782630
TATN,2015-12-02,324.2,325.0,317.5,321.5,2035980
TATN,2015-12-03,321.0,321.45,315.6,316.9,1358920
TATN,2015-12-04,317.7,318.95,305.2,312.0,2975010
TATN,2015-12-07,312.85,314.95,307.2,308.8,1964330
TATN,2015-12-08,307.35,312.0,304.05,304.9,1937450
TATN,2015-12-09,305.6,317.0,305.3,311.6,2019370
TATN,2015-12-10,311.75,316.4,311.05,314.2,1914870
TATN,2015-12-11,314.0,314.0,307.1,310.0,1247650
TATN,2015-12-14,307.9,310.6,302.6,303.8,1639400
TATN,2015-12-15,306.4,317.0,305.05,316.6,3020810
TATN,2015-12-16,317.0,322.7,313.05,313.4,2355000
TATN,2015-12-17,315.0,318.65,307.35,318.0,2587030
TATN,2015-12-18,316.5,316.9,302.1,303.0,2824110
TATN,2015-12-21,303.65,309.35,302.3,306.0,1805890
TATN,2015-12-22,306.0,308.6,304.2,306.9,1388950
TATN,2015-12-23,306.6,309.7,306.6,308.7,1455700
TATN,2015-12-24,310.0,316.95,308.05,313.55,1531520
TATN,2015-12-25,315.2,316.2,310.55,311.9,282460
TATN,2015-12-28,311.6,312.9,309.05,312.35,523920
TATN,2015-12-29,311.95,325.9,311.6,322.65,1291530
TATN,2015-12-30,321.4,325.5,315.0,317.6,1023430
TATN,2016-01-04,318.5,318.5,307.05,307.05,938430
TATN,2016-01-05,307.15,314.0,306.25,314.0,1244440
TATN,2016-01-06,313.2,319.4,310.5,316.0,1346180
TATN,2016-01-11,310.0,310.4,303.0,303.1,1560240
TATN,2016-01-12,302.25,310.0,299.0,305.7,1202710
TATN,2016-01-13,307.55,308.9,300.1,301.35,1758600
TATN,2016-01-14,300.0,301.8,295.4,300.65,1690300
TATN,2016-01-15,300.0,302.35,283.45,284.05,3342570
TATN,2016-01-18,282.0,289.9,277.5,284.65,2235870
TATN,2016-01-19,287.0,300.65,287.0,296.7,2913120
TATN,2016-01-20,293.0,294.15,285.15,290.0,2160980
TATN,2016-01-21,289.2,299.1,289.2,294.6,2187390
TATN,2016-01-22,301.1,321.4,296.9,319.9,3846870
TATN,2016-01-25,321.0,321.0,312.15,319.85,1774070
TATN,2016-01-26,316.8,318.9,307.85,308.05,1943020
TATN,2016-01-27,308.3,314.0,308.05,314.0,1238100
TATN,2016-01-28,314.1,326.5,312.0,326.5,2264000
TATN,2016-01-29,327.0,339.55,320.8,339.55,3747390
TATN,2016-02-01,338.0,338.0,325.0,332.0,2244730
TATN,2016-02-02,330.45,333.0,321.5,324.95,1598260
TATN,2016-02-03,322.0,326.1,316.65,317.45,1137310
TATN,2016-02-04,322.6,342.1,322.6,340.55,2672000
TATN,2016-02-05,338.0,339.9,334.0,335.3,1254040
TATN,2016-02-08,334.05,338.35,324.5,326.4,1962520
TATN,2016-02-09,320.6,328.7,317.5,325.5,1885450
TATN,2016-02-10,323.0,325.0,315.25,322.05,1847770
TATN,2016-02-11,321.0,321.0,310.0,313.0,2329190
TATN,2016-02-12,315.0,327.8,315.0,326.3,1987530
TATN,2016-02-15,328.3,329.8,324.0,327.35,1455040
TATN,2016-02-16,329.75,330.0,324.45,327.7,1175500
TATN,2016-02-17,326.15,332.5,325.6,327.9,1205250
TATN,2016-02-18,330.05,332.0,323.85,327.1,2129170
TATN,2016-02-19,325.5,328.0,315.65,318.3,1929990
TATN,2016-02-20,321.0,321.0,316.75,317.1,174650
TATN,2016-02-22,319.7,322.3,316.3,322.3,1301080
TATN,2016-02-24,319.6,319.6,309.35,312.9,2538220
TATN,2016-02-25,315.5,320.6,309.5,318.0,2345930
TATN,2016-02-26,320.3,323.9,317.05,319.35,1501290
TATN,2016-02-29,318.0,323.3,315.0,323.3,1675330
TATN,2016-03-01,323.4,330.0,322.0,329.8,2058810
TATN,2016-03-02,330.95,334.95,326.5,333.6,1752350
TATN,2016-03-03,333.9,341.0,332.6,341.0,2263580
TATN,2016-03-04,342.0,348.4,339.3,348.4,2145520
TATN,2016-03-07,348.95,355.1,348.15,355.1,1419750
TATN,2016-03-09,352.8,358.45,343.15,347.7,2845230
TATN,2016-03-10,350.05,350.05,344.15,349.6,1577690
TATN,2016-03-11,350.05,351.95,345.4,351.0,1391310
TATN,2016-03-14,350.0,351.75,339.75,341.45,1988340
TATN,2016-03-15,342.05,348.5,341.1,347.3,3189980
TATN,2016-03-16,347.3,349.45,342.2,349.0,1181370
TATN,2016-03-17,350.1,355.0,345.2,352.2,2807200
TATN,2016-03-18,352.6,365.0,350.2,364.0,3818310
TATN,2016-03-21,361.95,362.85,356.5,360.6,2179160
TATN,2016-03-22,361.0,361.0,351.6,359.5,2797490
TATN,2016-03-23,357.5,361.5,352.5,357.95,1958990
TATN,2016-03-24,356.0,357.0,345.3,348.5,2330470
TATN,2016-03-25,350.7,351.8,348.5,348.75,237620
TATN,2016-03-28,351.0,352.35,344.2,345.0,641430
TATN,2016-03-29,344.0,348.95,343.55,348.8,1310160
TATN,2016-03-30,350.05,359.65,349.05,357.9,2100560
TATN,2016-03-31,356.3,365.5,352.9,361.0,4022340
TATN,2016-04-01,358.55,358.95,347.05,356.0,2236960
TATN,2016-04-04,354.0,361.0,352.5,359.0,1795360
TATN,2016-04-05,355.75,355.85,348.05,351.0,1682130
TATN,2016-04-06,352.7,354.9,345.15,350.95,3273340
TATN,2016-04-07,352.6,361.8,348.6,361.8,3670460
TATN,2016-04-08,361.25,361.25,357.1,359.15,1746110
TATN,2016-04-11,359.0,359.95,353.7,359.85,1599530
TATN,2016-04-12,358.75,358.95,354.0,355.6,1160140
TATN,2016-04-13,357.45,359.7,355.7,356.8,2587790
TATN,2016-04-14,355.75,359.0,345.2,350.3,2168850
TATN,2016-04-15,348.05,352.7,345.8,348.4,1075660
TATN,2016-04-18,345.7,347.4,337.75,344.5,1886480
TATN,2016-04-19,345.0,352.35,339.5,344.0,2091180
TATN,2016-04-20,341.1,342.1,332.35,342.0,2355180
TATN,2016-04-21,343.45,344.75,331.45,333.0,2262760
TATN,2016-04-22,334.15,345.3,328.25,342.95,2695310
TATN,2016-04-25,342.0,353.2,340.65,352.8,1758130
TATN,2016-04-26,351.95,353.3,346.35,353.0,914170
TATN,2016-04-27,353.0,354.8,345.5,353.35,1416550
TATN,2016-04-28,353.0,356.9,346.0,356.9,1665370
TATN,2016-04-29,355.1,355.3,336.0,340.95,3051960
TATN,2016-05-04,334.0,340.65,324.3,330.4,2142030
TATN,2016-05-05,331.7,331.7,320.75,323.65,2386380
TATN,2016-05-06,323.25,323.5,318.0,320.0,1376930
TATN,2016-05-10,320.0,323.05,316.65,321.2,1432930
TATN,2016-05-11,321.5,328.5,320.5,322.85,1372380
TATN,2016-05-12,323.45,326.55,320.15,320.15,987010
TATN,2016-05-13,320.2,326.25,318.5,325.95,1423940
TATN,2016-05-16,327.0,331.5,321.15,321.2,1350000
TATN,2016-05-17,322.3,324.8,316.3,322.8,1256200
TATN,2016-05-18,323.0,325.75,320.0,325.5,1080500
TATN,2016-05-19,322.8,323.5,317.0,317.0,2139980
TATN,2016-05-20,318.5,319.05,312.0,313.5,2264460
TATN,2016-05-23,313.5,313.5,305.3,305.7,1450920
TATN,2016-05-24,306.45,308.95,304.1,304.45,1602540
TATN,2016-05-25,306.9,308.8,304.8,305.9,1290050
TATN,2016-05-26,307.5,316.25,305.75,309.9,1725260
TATN,2016-05-27,309.9,311.55,306.65,310.0,1051270
TATN,2016-05-30,308.65,314.55,307.55,313.55,696220
TATN,2016-05-31,311.0,314.5,300.0,301.8,3430940
TATN,2016-06-01,302.15,310.45,301.5,309.55,1636200
TATN,2016-06-02,310.2,313.95,303.3,311.95,1503720
TATN,2016-06-03,312.0,315.45,309.85,314.0,1340170
TATN,2016-06-06,315.0,323.35,313.75,320.85,1590980
TATN,2016-06-07,322.0,335.0,320.85,335.0,3499250
TATN,2016-06-08,335.3,335.7,325.3,331.5,1796990
TATN,2016-06-09,334.75,334.75,318.25,319.4,1639900
TATN,2016-06-10,316.9,322.4,315.0,316.5,1367020
TATN,2016-06-14,316.75,322.0,313.0,322.0,1143260
TATN,2016-06-15,320.35,325.0,318.4,323.45,2006690
TATN,2016-06-16,321.4,324.0,313.5,321.3,1787230
TATN,2016-06-17,322.0,327.75,318.4,325.05,2072340
TATN,2016-06-20,327.3,329.5,323.65,329.25,694350
TATN,2016-06-21,328.85,331.65,320.1,322.85,1353410
TATN,2016-06-22,324.9,328.5,323.55,327.25,808410
TATN,2016-06-23,326.25,331.8,323.65,330.0,1093700
TATN,2016-06-24,318.2,326.2,315.15,325.65,2194120
TATN,2016-06-27,324.25,325.0,314.1,316.0,1140520
TATN,2016-06-28,317.6,324.8,317.25,322.35,841800
TATN,2016-06-29,323.85,328.65,322.0,328.65,892170
TATN,2016-06-30,328.4,331.5,323.0,331.5,1361470
TATN,2016-07-01,330.45,331.5,326.5,331.5,814190
TATN,2016-07-04,331.95,332.0,327.3,327.3,472110
TATN,2016-07-05,326.9,326.9,318.4,322.0,1026250
TATN,2016-07-06,321.2,322.35,317.1,321.15,1247650
TATN,2016-07-07,314.1,320.55,314.0,314.35,1616210
TATN,2016-07-08,312.7,313.65,305.95,311.8,1032080
TATN,2016-07-11,311.2,319.85,311.1,317.9,1381140
TATN,2016-07-12,318.45,327.25,317.25,326.35,1568800
TATN,2016-07-13,324.5,326.1,314.25,316.05,1862040
TATN,2016-07-14,317.05,321.0,314.0,318.0,1541330
TATN,2016-07-15,318.9,325.6,317.0,325.6,1394340
TATN,2016-07-18,325.5,327.85,319.4,326.35,1496160
TATN,2016-07-19,323.25,324.9,319.0,323.0,1512570
TATN,2016-07-20,321.65,322.45,314.5,317.3,1471890
TATN,2016-07-21,318.8,321.2,317.3,320.7,775100
TATN,2016-07-22,321.15,322.95,319.0,319.0,678910
TATN,2016-07-25,320.5,323.0,318.05,323.0,985770
TATN,2016-07-26,322.85,322.85,315.3,317.7,1594670
TATN,2016-07-27,317.3,319.8,314.1,319.8,1430480
TATN,2016-07-28,318.2,322.0,315.5,320.95,1300440
TATN,2016-07-29,321.7,322.9,315.05,317.45,2328610
TATN,2016-08-01,319.45,322.0,318.4,320.9,1422020
TATN,2016-08-02,319.0,320.9,311.0,314.45,1798670
TATN,2016-08-03,314.45,315.5,311.25,314.05,853720
TATN,2016-08-04,316.6,328.0,315.35,328.0,1661650
TATN,2016-08-05,327.5,329.2,323.2,328.5,1105020
TATN,2016-08-08,329.35,330.3,325.4,330.0,1102640
TATN,2016-08-09,329.25,329.45,324.15,326.75,1273560
TATN,2016-08-10,325.05,326.35,320.05,325.3,1569700
TATN,2016-08-11,323.85,326.9,321.0,326.5,1047330
TATN,2016-08-12,326.6,333.1,326.45,332.0,1792730
TATN,2016-08-15,332.05,335.85,330.85,332.6,856060
TATN,2016-08-16,332.4,337.85,331.45,337.85,1043980
TATN,2016-08-17,337.85,337.85,332.0,334.6,894010
TATN,2016-08-18,335.0,335.5,332.1,335.0,410630
TATN,2016-08-19,333.8,334.65,325.6,325.6,934640
TATN,2016-08-22,326.0,331.95,322.75,331.95,969620
TATN,2016-08-23,331.45,331.45,326.9,328.2,783130
TATN,2016-08-24,328.3,329.5,323.75,326.6,613050
TATN,2016-08-25,326.5,326.95,320.15,325.5,1147080
TATN,2016-08-26,325.3,329.25,321.15,327.55,1184930
TATN,2016-08-29,325.75,326.65,322.0,326.25,555680
TATN,2016-08-30,326.5,328.6,324.65,325.55,708160
TATN,2016-08-31,324.75,326.35,316.05,317.75,2164830
TATN,2016-09-01,319.15,324.1,318.05,322.85,1391830
TATN,2016-09-02,322.85,324.3,320.0,321.0,916240
TATN,2016-09-05,321.85,327.45,321.0,326.5,1021650
TATN,2016-09-06,325.85,328.7,323.15,327.65,1075670
TATN,2016-09-07,327.95,331.6,327.85,331.25,1411020
TATN,2016-09-08,331.05,331.35,323.8,329.8,1482990
TATN,2016-09-09,327.55,328.5,320.5,320.8,1349430
TATN,2016-09-12,318.0,322.6,318.0,319.25,1036610
TATN,2016-09-13,320.55,321.5,317.0,318.4,696760
TATN,2016-09-14,318.95,319.3,313.7,313.7,1112770
TATN,2016-09-15,313.95,318.25,312.45,318.25,838370
TATN,2016-09-16,318.0,321.9,310.2,316.7,2114200
TATN,2016-09-19,316.95,323.95,314.8,323.95,1221590
TATN,2016-09-20,322.25,325.0,318.5,324.35,1174500
TATN,2016-09-21,324.95,326.7,317.05,318.45,994240
TATN,2016-09-22,320.25,322.45,317.45,322.45,1054430
TATN,2016-09-23,321.95,323.95,318.55,323.25,851530
TATN,2016-09-26,320.35,321.65,317.8,319.15,739680
TATN,2016-09-27,319.15,319.6,315.25,316.8,1361180
TATN,2016-09-28,316.1,320.95,315.7,319.5,694520
TATN,2016-09-29,324.2,327.55,321.5,325.85,1722910
TATN,2016-09-30,324.2,326.7,320.1,320.25,1288290
TATN,2016-10-03,321.7,322.5,318.6,320.65,798770
TATN,2016-10-04,320.6,324.45,319.95,324.45,1716750
TATN,2016-10-05,324.25,326.55,319.95,326.1,949140
TATN,2016-10-06,325.2,326.85,323.65,326.85,1224840
TATN,2016-10-07,326.8,328.0,324.95,326.85,993500
TATN,2016-10-10,325.9,327.2,323.95,325.85,1041220
TATN,2016-10-11,323.55,328.5,323.4,327.95,868100
TATN,2016-10-12,326.15,329.6,325.75,326.9,1499600
TATN,2016-10-13,328.45,330.7,326.0,330.6,1095340
TATN,2016-10-14,330.65,331.6,326.7,328.5,1467870
TATN,2016-10-17,327.35,331.95,326.5,329.05,1461410
TATN,2016-10-18,331.25,334.6,330.35,333.8,559180
TATN,2016-10-19,334.0,334.95,330.0,331.4,1039140
TATN,2016-10-20,331.25,333.4,330.15,331.5,1083120
TATN,2016-10-21,333.0,333.3,327.5,331.3,412790
TATN,2016-10-24,331.8,332.0,327.55,331.0,915380
TATN,2016-10-25,331.3,339.95,329.3,338.95,2402030
TATN,2016-10-26,337.5,339.2,332.6,332.6,1161800
TATN,2016-10-27,334.7,335.4,330.75,334.45,1133250
TATN,2016-10-28,333.15,338.4,331.55,338.4,565420
TATN,2016-10-31,336.55,355.0,334.55,355.0,2387030
TATN,2016-11-01,354.85,363.6,354.35,362.55,2404850
TATN,2016-11-02,361.5,362.8,353.8,355.9,1532730
TATN,2016-11-03,355.0,358.3,352.9,355.0,1055560
TATN,2016-11-07,356.15,361.95,355.25,355.9,1585770
TATN,2016-11-08,359.5,360.25,350.85,353.8,985630
TATN,2016-11-09,347.5,369.9,347.5,364.6,3502540
TATN,2016-11-10,365.6,387.35,362.4,375.0,3729770
TATN,2016-11-11,377.95,380.0,357.45,357.45,2719440
TATN,2016-11-14,360.8,366.3,359.85,361.0,2389070
TATN,2016-11-15,362.75,371.95,355.2,363.7,2320190
TATN,2016-11-16,365.5,383.9,364.8,381.95,2075700
TATN,2016-11-17,380.2,400.3,380.2,399.55,2016020
TATN,2016-11-18,396.55,404.8,385.5,386.8,1714770
TATN,2016-11-21,390.0,398.8,383.1,398.0,2110080
TATN,2016-11-22,398.0,398.55,385.1,385.85,1327290
TATN,2016-11-23,385.5,392.45,385.05,392.4,1149330
TATN,2016-11-24,392.35,397.65,389.6,389.6,1116460
TATN,2016-11-25,389.6,391.8,384.5,386.1,496690
TATN,2016-11-28,385.0,392.8,383.1,391.0,473620
TATN,2016-11-29,388.85,391.1,383.5,384.0,1164600
TATN,2016-11-30,385.85,397.55,383.2,388.3,3107470
TATN,2016-12-01,391.3,401.65,390.65,398.5,1667790
TATN,2016-12-02,396.5,402.3,393.1,397.8,1431050
TATN,2016-12-05,398.85,416.5,395.2,413.7,2155790
TATN,2016-12-06,414.8,426.4,411.2,422.95,2120360
TATN,2016-12-07,420.25,425.9,416.25,423.5,1692920
TATN,2016-12-08,422.25,425.85,415.25,417.8,1752670
TATN,2016-12-09,419.85,423.0,412.8,417.3,1092700
TATN,2016-12-12,422.4,427.65,388.7,394.0,3569200
TATN,2016-12-13,394.0,406.45,390.2,405.95,2175480
TATN,2016-12-14,407.4,409.95,385.0,395.0,2310850
TATN,2016-12-15,393.3,407.8,387.8,405.0,3430750
TATN,2016-12-16,405.5,408.55,397.0,403.35,3272130
TATN,2016-12-19,405.0,406.0,398.8,398.8,906720
TATN,2016-12-20,399.15,410.4,396.5,410.0,892790
TATN,2016-12-21,409.9,413.3,405.65,410.95,1130290
TATN,2016-12-22,410.0,410.0,395.4,399.85,992650
TATN,2016-12-23,397.4,406.85,391.9,394.65,903570
TATN,2016-12-26,392.35,400.55,392.35,397.55,270870
TATN,2016-12-27,397.55,403.2,396.25,402.95,325640
TATN,2016-12-28,403.05,417.25,401.65,410.3,1597980
TATN,2016-12-29,410.3,421.75,405.1,420.4,1108900
TATN,2016-12-30,420.0,427.2,415.15,427.0,1296210
TATN,2017-01-03,426.45,447.85,424.55,445.2,1272240
TATN,2017-01-04,444.9,446.4,434.1,446.4,1195400
TATN,2017-01-05,445.35,448.65,418.25,424.25,2121340
TATN,2017-01-06,423.2,426.8,415.5,423.45,801670
TATN,2017-01-09,423.5,426.45,418.2,425.8,889510
TATN,2017-01-10,424.05,429.4,421.9,428.6,1138420
TATN,2017-01-11,426.6,431.7,421.45,431.25,864100
TATN,2017-01-12,431.75,438.0,428.1,438.0,1110210
TATN,2017-01-13,437.2,439.0,427.1,433.1,765110
TATN,2017-01-16,432.5,435.35,426.15,427.25,576850
TATN,2017-01-17,427.15,428.4,423.0,423.05,640040
TATN,2017-01-18,423.25,427.3,418.0,420.0,695020
TATN,2017-01-19,418.65,420.55,406.15,412.15,1498250
TATN,2017-01-20,411.15,418.35,405.15,411.15,1146210
TATN,2017-01-23,410.85,410.85,398.55,401.8,1157620
TATN,2017-01-24,405.0,411.7,402.6,411.7,1055710
TATN,2017-01-25,412.35,412.35,404.05,409.8,912850
TATN,2017-01-26,411.7,430.0,409.35,429.95,1533660
TATN,2017-01-27,429.0,438.65,421.6,435.0,1392130
TATN,2017-01-30,428.0,433.45,418.5,421.0,996380
TATN,2017-01-31,419.75,420.75,406.25,406.7,1388990
TATN,2017-02-01,407.7,413.2,407.05,408.8,1397160
TATN,2017-02-02,409.5,411.05,400.5,404.9,1809640
TATN,2017-02-03,404.5,406.45,401.25,404.4,1070700
TATN,2017-02-06,406.5,406.5,396.7,401.95,1325930
TATN,2017-02-07,401.95,402.5,395.5,399.0,890690
TATN,2017-02-08,398.8,406.0,396.05,406.0,1549530
TATN,2017-02-09,405.9,407.6,397.2,398.95,1248790
TATN,2017-02-10,400.0,400.5,390.8,398.3,1185980
TATN,2017-02-13,399.65,399.65,390.0,395.45,1600010
TATN,2017-02-14,394.5,395.0,385.2,385.2,1583640
TATN,2017-02-15,385.4,385.4,376.4,377.5,1613790
TATN,2017-02-16,376.3,380.75,374.15,380.5,1488760
TATN,2017-02-17,381.25,382.85,366.5,367.1,2340910
TATN,2017-02-20,368.0,368.8,360.2,365.0,1542430
TATN,2017-02-21,365.0,368.3,361.3,366.15,1092990
TATN,2017-02-22,367.8,367.8,360.15,364.5,1392960
TATN,2017-02-24,364.0,364.0,357.5,360.0,869510
TATN,2017-02-27,361.45,363.7,351.9,351.9,1406150
TATN,2017-02-28,351.6,355.35,340.0,340.95,2785870
TATN,2017-03-01,340.7,357.0,338.25,355.95,2219370
TATN,2017-03-02,356.0,367.7,353.75,365.0,2398870
TATN,2017-03-03,361.25,365.7,355.05,364.0,1391440
TATN,2017-03-06,365.35,373.55,359.85,370.0,1474840
TATN,2017-03-07,372.0,372.0,348.25,354.95,2453480
TATN,2017-03-09,350.5,355.3,340.45,342.7,2499510
TATN,2017-03-10,343.05,349.2,339.55,341.1,1427880
TATN,2017-03-13,343.5,363.5,339.35,363.4,2199840
TATN,2017-03-14,365.1,368.6,359.35,365.4,1514450
TATN,2017-03-15,364.95,368.6,353.4,356.0,1436380
TATN,2017-03-16,360.95,372.3,359.6,371.0,2883680
TATN,2017-03-17,369.0,371.95,364.2,368.7,2153280
TATN,2017-03-20,369.25,370.7,355.15,364.45,1870910
TATN,2017-03-21,364.55,367.6,360.0,364.7,1792240
TATN,2017-03-22,361.1,366.15,350.95,365.5,2091420
TATN,2017-03-23,366.65,368.8,356.25,359.95,1402930
TATN,2017-03-24,356.7,361.75,348.4,349.0,1602280
TATN,2017-03-27,348.0,349.55,341.5,347.35,1004530
TATN,2017-03-28,347.85,351.9,344.0,351.9,1981330
TATN,2017-03-29,351.5,355.4,345.45,354.0,1748430
TATN,2017-03-30,354.1,360.8,351.65,359.9,2622100
TATN,2017-03-31,358.5,359.4,346.35,347.65,1534930
TATN,2017-04-03,349.0,351.45,344.5,351.0,850650
TATN,2017-04-04,350.0,355.0,347.1,352.35,734210
TATN,2017-04-05,353.0,369.85,352.8,369.85,2083030
TATN,2017-04-06,368.05,369.8,363.4,369.45,1965270
TATN,2017-04-07,367.2,368.65,352.4,357.7,1903920
TATN,2017-04-10,357.8,358.6,342.6,343.3,1360410
TATN,2017-04-11,344.05,348.25,338.45,342.15,1723920
TATN,2017-04-12,342.9,344.2,330.35,334.95,1318980
TATN,2017-04-13,336.8,337.0,323.3,330.0,1738490
TATN,2017-04-14,329.15,329.35,323.1,325.0,452590
TATN,2017-04-17,325.6,331.9,323.35,329.0,619700
TATN,2017-04-18,330.85,333.3,322.25,323.25,1188520
TATN,2017-04-19,324.0,329.0,322.8,326.65,1231470
TATN,2017-04-20,326.0,327.4,321.8,324.45,1481190
TATN,2017-04-21,326.0,327.0,323.1,326.85,1375340
TATN,2017-04-24,327.6,332.95,327.1,331.6,1235910
TATN,2017-04-25,331.95,336.75,328.6,335.1,1686030
TATN,2017-04-26,336.6,341.95,332.6,339.8,1459130
TATN,2017-04-27,340.0,362.5,334.6,361.2,3310300
TATN,2017-04-28,362.1,378.25,360.3,377.0,2496620
TATN,2017-05-02,377.0,378.85,371.1,371.35,1736160
TATN,2017-05-03,371.5,373.85,361.0,361.0,1164060
TATN,2017-05-04,361.25,375.9,361.25,368.25,1522970
TATN,2017-05-05,366.05,368.3,361.9,368.3,1089210
TATN,2017-05-10,374.1,376.35,367.65,373.5,1762830
TATN,2017-05-11,373.5,374.3,365.65,372.35,1214790
TATN,2017-05-12,370.6,375.5,368.5,375.5,1059090
TATN,2017-05-15,377.0,386.5,367.15,386.5,1442250
TATN,2017-05-16,385.0,393.15,381.35,384.0,2949020
TATN,2017-05-17,381.4,394.2,381.25,393.5,1750260
TATN,2017-05-18,391.9,393.1,386.5,392.8,1787130
TATN,2017-05-19,395.0,400.0,390.65,392.25,1737210
TATN,2017-05-22,393.5,393.6,382.6,389.35,1300930
TATN,2017-05-23,388.8,394.35,386.0,392.0,1332160
TATN,2017-05-24,393.95,400.0,392.45,400.0,1158380
TATN,2017-05-25,400.0,400.8,386.55,389.5,1402470
TATN,2017-05-26,388.7,388.7,378.25,388.0,1375170
TATN,2017-05-29,386.9,390.75,383.0,388.8,737820
TATN,2017-05-30,386.3,387.65,380.65,387.0,1150620
TATN,2017-05-31,386.4,397.35,381.65,384.5,7056990
TATN,2017-06-01,386.35,387.95,372.0,378.45,2644870
TATN,2017-06-02,374.7,380.4,370.15,380.3,2036330
TATN,2017-06-05,380.0,380.9,374.5,376.3,1008800
TATN,2017-06-06,377.7,377.7,361.45,363.4,2038150
TATN,2017-06-07,363.25,366.8,358.0,358.0,1319080
TATN,2017-06-08,358.8,362.3,351.1,359.9,2623300
TATN,2017-06-09,356.75,360.85,352.5,360.0,1915960
TATN,2017-06-13,360.3,362.35,357.2,360.3,1495550
TATN,2017-06-14,361.0,365.65,354.45,365.65,2024370
TATN,2017-06-15,362.6,366.9,354.6,365.0,4768530
TATN,2017-06-16,365.0,365.7,349.55,350.1,3134880
TATN,2017-06-19,351.85,368.8,351.2,368.55,1520530
TATN,2017-06-20,367.55,373.1,366.25,369.0,927000
TATN,2017-06-21,368.6,376.8,366.65,376.4,1143340
TATN,2017-06-22,373.9,374.95,368.05,373.1,948510
TATN,2017-06-23,371.8,377.55,370.45,371.85,1263310
TATN,2017-06-26,373.75,375.1,368.65,370.0,915170
TATN,2017-06-27,369.75,373.75,366.35,372.25,742910
TATN,2017-06-28,372.3,380.9,368.9,380.9,1209000
TATN,2017-06-29,381.0,381.65,375.3,378.85,946840
TATN,2017-06-30,378.1,382.95,372.0,375.6,1472450
TATN,2017-07-03,376.7,390.15,376.0,389.15,1370740
TATN,2017-07-04,389.25,389.25,381.75,383.4,1401110
TATN,2017-07-05,383.0,388.5,380.25,388.5,1406230
TATN,2017-07-06,370.0,373.1,364.55,370.95,1999910
TATN,2017-07-07,368.8,373.5,364.6,369.1,1389760
TATN,2017-07-10,367.5,371.4,361.15,365.5,850410
TATN,2017-07-11,366.5,368.0,362.5,367.05,797680
TATN,2017-07-12,368.95,374.75,366.1,374.0,1499560
TATN,2017-07-13,374.0,378.0,370.05,377.8,1022300
TATN,2017-07-14,376.8,379.95,374.65,378.0,683220
TATN,2017-07-17,378.3,382.05,373.3,377.3,1243550
TATN,2017-07-18,378.15,380.2,368.45,371.75,1230210
TATN,2017-07-19,371.05,386.5,370.05,386.5,1619780
TATN,2017-07-20,385.05,387.25,383.05,386.7,1357810
TATN,2017-07-21,384.5,387.2,382.7,385.1,709560
TATN,2017-07-24,385.15,387.75,380.75,386.75,1424490
TATN,2017-07-25,385.5,387.95,376.1,380.2,1404080
TATN,2017-07-26,380.4,389.8,379.65,389.8,1919950
TATN,2017-07-27,390.15,393.8,383.4,388.1,1171920
TATN,2017-07-28,385.6,386.5,375.5,379.0,1305220
TATN,2017-07-31,381.5,393.25,380.35,390.1,1199710
TATN,2017-08-01,392.6,394.0,386.95,389.8,1272310
TATN,2017-08-02,390.1,393.6,387.15,392.0,1025370
TATN,2017-08-03,392.0,395.7,389.1,392.6,715720
TATN,2017-08-04,390.7,390.7,379.85,382.95,1252100
TATN,2017-08-07,385.8,387.0,381.25,387.0,529280
TATN,2017-08-08,387.0,401.0,385.55,401.0,1089520
TATN,2017-08-09,398.2,400.6,388.3,389.9,1510970
TATN,2017-08-10,393.2,395.8,387.5,388.15,876660
TATN,2017-08-11,388.0,390.1,377.6,379.45,1687700
TATN,2017-08-14,381.4,382.65,377.0,377.0,1092450
TATN,2017-08-15,377.3,378.65,373.15,377.35,547060
TATN,2017-08-16,378.3,383.7,377.3,379.25,916520
TATN,2017-08-17,378.2,383.6,377.15,381.5,682690
TATN,2017-08-18,380.0,384.3,374.6,380.95,833080
TATN,2017-08-21,380.5,383.1,373.3,375.5,825190
TATN,2017-08-22,376.0,381.9,375.7,381.25,479710
TATN,2017-08-23,380.0,383.35,377.25,382.15,830950
TATN,2017-08-24,383.15,383.8,380.4,383.2,547680
TATN,2017-08-25,384.45,386.7,382.5,385.5,939430
TATN,2017-08-28,385.0,390.0,382.1,388.0,834470
TATN,2017-08-29,386.95,387.25,375.1,382.85,1699100
TATN,2017-08-30,382.8,384.0,376.0,381.55,978720
TATN,2017-08-31,378.35,388.0,377.05,388.0,1896490
TATN,2017-09-01,386.1,389.5,384.05,386.15,1123710
TATN,2017-09-04,385.55,388.7,383.15,385.4,848780
TATN,2017-09-05,386.75,389.4,383.65,386.0,1103850
TATN,2017-09-06,387.0,393.0,383.25,392.5,1702760
TATN,2017-09-07,393.0,395.8,389.4,389.4,1343880
TATN,2017-09-08,389.05,396.25,388.4,395.85,966150
TATN,2017-09-11,396.4,398.3,388.2,391.05,1508530
TATN,2017-09-12,391.9,392.0,383.6,391.35,1246570
TATN,2017-09-13,390.5,390.5,384.5,384.5,1687800
TATN,2017-09-14,385.55,392.8,384.25,391.05,1127260
TATN,2017-09-15,390.55,398.0,386.8,396.6,2185440
TATN,2017-09-18,397.4,400.3,394.65,395.5,1015870
TATN,2017-09-19,395.05,396.95,389.25,391.05,891000
TATN,2017-09-20,389.65,399.95,389.65,399.95,1168210
TATN,2017-09-21,399.85,411.0,396.3,409.4,2347460
TATN,2017-09-22,408.0,409.3,400.0,402.35,1554910
TATN,2017-09-25,403.5,412.15,400.75,412.1,1067910
TATN,2017-09-26,415.0,415.0,405.7,405.7,1204100
TATN,2017-09-27,407.9,412.5,403.0,410.95,1294780
TATN,2017-09-28,409.25,413.35,407.5,411.65,869780
TATN,2017-09-29,408.75,411.45,403.95,411.25,1269920
TATN,2017-10-02,410.5,412.35,403.15,403.15,930730
TATN,2017-10-03,404.05,408.05,403.05,404.85,874520
TATN,2017-10-04,405.0,417.0,402.55,414.8,1237700
TATN,2017-10-05,413.55,422.0,413.5,419.95,962970
TATN,2017-10-06,420.0,427.6,420.0,425.0,1180290
TATN,2017-10-09,424.05,426.6,420.0,421.1,678870
TATN,2017-10-10,421.0,425.0,418.4,424.35,690340
TATN,2017-10-11,422.4,432.0,422.4,427.9,1208410
TATN,2017-10-12,429.0,429.9,426.0,428.6,536330
TATN,2017-10-13,427.55,430.2,425.5,430.2,608590
TATN,2017-10-16,430.25,431.15,426.0,429.75,1216030
TATN,2017-10-17,429.0,429.0,422.65,425.3,731400
TATN,2017-10-18,426.85,426.85,418.55,421.05,960050
TATN,2017-10-19,422.05,422.05,415.15,415.55,784210
TATN,2017-10-20,417.9,428.5,415.3,424.85,1440840
TATN,2017-10-23,424.0,425.5,418.25,418.95,776370
TATN,2017-10-24,418.4,424.75,418.35,422.6,606030
TATN,2017-10-25,424.0,424.45,411.7,412.0,1446570
TATN,2017-10-26,412.0,414.5,407.55,408.35,1311970
TATN,2017-10-27,410.0,420.8,410.0,419.85,1073080
TATN,2017-10-30,418.35,431.45,416.1,424.3,1932170
TATN,2017-10-31,425.8,438.95,424.45,436.0,1820860
TATN,2017-11-01,439.0,445.55,436.35,444.4,1176850
TATN,2017-11-02,443.8,443.8,434.2,439.0,1042090
TATN,2017-11-03,437.5,446.0,437.5,437.5,1257280
TATN,2017-11-07,446.95,491.95,446.25,491.95,4914420
TATN,2017-11-08,494.9,499.5,487.6,490.0,1915630
TATN,2017-11-09,491.0,495.55,484.65,491.35,1365190
TATN,2017-11-10,492.05,495.15,485.2,487.0,1129150
TATN,2017-11-13,487.0,500.0,484.3,484.3,1455910
TATN,2017-11-14,484.05,493.45,482.5,487.5,1329170
TATN,2017-11-15,487.25,492.8,479.6,479.6,1284790
TATN,2017-11-16,482.2,483.5,471.0,471.0,1398040
TATN,2017-11-17,470.65,476.05,466.4,468.85,1152480
TATN,2017-11-20,472.0,473.3,467.0,471.0,409660
TATN,2017-11-21,474.35,494.15,472.45,492.35,1596630
TATN,2017-11-22,494.95,497.0,484.15,488.95,1154410
TATN,2017-11-23,488.95,488.95,480.45,483.95,666350
TATN,2017-11-24,484.0,486.85,475.95,479.5,875940
TATN,2017-11-27,480.9,489.25,476.25,483.9,1200100
TATN,2017-11-28,485.5,485.5,468.8,480.0,1403750
TATN,2017-11-29,478.4,479.85,466.05,467.65,1394400
TATN,2017-11-30,468.5,478.45,456.7,456.7,3764090
TATN,2017-12-01,457.6,465.0,457.6,459.75,1434640
TATN,2017-12-04,461.5,518.0,455.9,511.45,4744390
TATN,2017-12-05,508.55,518.55,500.3,506.7,3589060
TATN,2017-12-06,503.05,512.35,502.05,510.9,1493770
TATN,2017-12-07,509.1,511.6,503.4,507.0,1471260
TATN,2017-12-08,508.1,510.5,500.1,503.1,772860
TATN,2017-12-11,505.0,516.95,503.15,516.95,1549940
TATN,2017-12-12,518.0,520.0,506.15,517.0,1906690
TATN,2017-12-13,515.0,515.0,501.6,503.0,1690850
TATN,2017-12-14,504.75,510.5,491.2,492.8,2506170
TATN,2017-12-15,494.0,494.0,480.7,487.55,2205340
TATN,2017-12-18,487.7,503.0,486.6,503.0,1426500
TATN,2017-12-19,502.9,506.9,490.15,491.65,1232640
TATN,2017-12-20,490.75,493.9,477.3,477.3,1538700
TATN,2017-12-21,457.6,472.5,452.3,471.95,2284390
TATN,2017-12-22,471.5,481.6,465.65,481.6,869510
TATN,2017-12-25,481.3,485.0,477.0,481.75,338910
TATN,2017-12-26,481.75,486.2,478.25,483.0,547600
TATN,2017-12-27,484.95,487.25,478.35,482.4,1073420
TATN,2017-12-28,480.5,481.95,464.75,477.95,1061300
TATN,2017-12-29,476.5,479.35,469.45,478.8,659910
TATN,2018-01-03,479.0,486.8,474.1,486.8,871830
TATN,2018-01-04,486.8,502.0,484.8,502.0,1733640
TATN,2018-01-05,502.0,502.5,493.3,500.9,870630
TATN,2018-01-09,503.9,514.0,502.05,511.3,1951470
TATN,2018-01-10,510.25,514.45,507.2,510.3,1412640
TATN,2018-01-11,513.3,513.3,506.0,508.95,1123610
TATN,2018-01-12,508.0,515.55,506.05,515.55,1410180
TATN,2018-01-15,516.0,526.8,514.0,518.15,2144950
TATN,2018-01-16,516.3,528.95,515.0,528.95,2088160
TATN,2018-01-17,524.5,546.85,521.35,546.0,3169480
TATN,2018-01-18,545.0,560.0,545.0,560.0,2308220
TATN,2018-01-19,556.5,569.8,547.55,551.2,2644800
TATN,2018-01-22,552.8,567.85,548.35,567.15,2173550
TATN,2018-01-23,570.0,586.3,552.5,564.4,2408560
TATN,2018-01-24,562.5,569.7,555.05,569.7,1266360
TATN,2018-01-25,570.0,578.4,564.55,573.8,2528250
TATN,2018-01-26,572.65,580.0,567.5,580.0,1509240
TATN,2018-01-29,578.0,587.85,571.05,578.6,1894080
TATN,2018-01-30,575.5,582.8,561.85,565.4,1704020
TATN,2018-01-31,562.5,573.95,558.6,565.2,1773300
TATN,2018-02-01,567.4,579.05,565.6,578.65,1243740
TATN,2018-02-02,576.8,580.0,574.2,579.0,1855050
TATN,2018-02-05,577.0,578.5,561.25,564.4,1960090
TATN,2018-02-06,554.9,558.0,542.7,542.7,3029440
TATN,2018-02-07,547.5,568.9,547.5,563.1,2190300
TATN,2018-02-08,559.5,566.0,555.3,555.5,1864470
TATN,2018-02-09,550.1,551.95,536.7,536.7,2268260
TATN,2018-02-12,542.05,546.15,536.0,536.0,1625230
TATN,2018-02-13,538.45,550.2,534.5,549.75,1649400
TATN,2018-02-14,550.0,554.0,542.65,554.0,1623140
TATN,2018-02-15,555.1,565.65,554.8,560.0,1993460
TATN,2018-02-16,560.3,574.25,560.3,569.0,2928720
TATN,2018-02-19,572.2,575.7,565.0,569.05,1049110
TATN,2018-02-20,569.15,574.8,567.7,574.8,883050
TATN,2018-02-21,574.0,586.3,570.1,586.3,1916890
TATN,2018-02-22,583.55,600.2,580.1,599.5,2104750
TATN,2018-02-26,608.75,609.3,595.95,602.0,2501420
TATN,2018-02-27,604.55,606.2,597.45,606.2,1893440
TATN,2018-02-28,603.8,603.8,591.6,594.0,4142530
TATN,2018-03-01,588.9,599.85,588.25,594.8,1938850
TATN,2018-03-02,592.05,598.9,585.0,595.0,1342010
TATN,2018-03-05,599.8,604.45,596.55,600.4,1446800
TATN,2018-03-06,602.0,606.95,600.2,604.0,1510340
TATN,2018-03-07,601.0,601.75,590.05,595.25,2270340
TATN,2018-03-09,593.1,604.1,593.1,604.0,1085820
TATN,2018-03-12,604.05,608.1,600.0,606.8,1230720
TATN,2018-03-13,605.65,610.0,601.85,606.5,1841890
TATN,2018-03-14,605.9,607.0,599.0,602.95,1575420
TATN,2018-03-15,601.75,607.0,596.8,606.7,2266870
TATN,2018-03-16,604.8,613.25,600.85,613.25,5019320
TATN,2018-03-19,613.0,624.0,607.5,611.0,1618840
TATN,2018-03-20,613.5,621.4,609.7,620.0,1561570
TATN,2018-03-21,623.6,624.75,618.1,618.8,1539630
TATN,2018-03-22,618.8,622.5,613.4,616.75,1284640
TATN,2018-03-23,612.1,620.45,610.3,618.35,1191730
TATN,2018-03-26,618.8,618.8,603.15,603.5,1781560
TATN,2018-03-27,607.85,613.5,601.6,605.5,1665710
TATN,2018-03-28,603.0,609.0,600.0,604.0,1577400
TATN,2018-03-29,607.5,615.0,599.05,615.0,2394970
TATN,2018-03-30,614.95,616.65,610.05,611.6,390880
TATN,2018-04-02,613.25,614.85,598.3,598.3,809360
TATN,2018-04-03,598.75,604.95,597.65,604.95,982090
TATN,2018-04-04,604.9,607.9,595.0,599.75,1748480
TATN,2018-04-05,600.5,615.0,600.5,614.55,1045010
TATN,2018-04-06,610.7,612.3,605.3,610.0,986750
TATN,2018-04-09,607.7,609.55,575.6,596.7,5447570
TATN,2018-04-10,600.0,649.4,598.1,641.1,4385960
TATN,2018-04-11,641.0,660.5,637.85,650.25,3251630
TATN,2018-04-12,650.85,655.65,641.85,655.65,2263520
TATN,2018-04-13,655.65,657.6,642.8,647.75,2133910
TATN,2018-04-16,645.0,658.95,640.15,650.0,1733970
TATN,2018-04-17,654.0,660.0,650.7,657.0,2466460
TATN,2018-04-18,657.6,663.35,654.0,660.55,2221550
TATN,2018-04-19,660.5,661.35,649.45,660.0,1822690
TATN,2018-04-20,657.2,659.65,651.5,657.1,1360640
TATN,2018-04-23,657.45,666.2,652.6,659.45,1969540
TATN,2018-04-24,660.0,663.6,658.35,661.0,993620
TATN,2018-04-25,658.1,666.0,654.35,666.0,1161330
TATN,2018-04-26,665.3,680.35,663.7,680.0,1537100
TATN,2018-04-27,680.0,685.25,666.15,685.25,1527720
TATN,2018-04-28,678.4,683.75,675.25,680.7,283410
TATN,2018-04-30,678.9,678.9,671.05,671.05,743910
TATN,2018-05-02,670.0,680.25,661.15,671.0,2103800
TATN,2018-05-03,670.0,670.95,650.0,650.0,2162650
TATN,2018-05-04,653.9,663.2,647.75,659.35,1782640
TATN,2018-05-07,660.0,667.2,653.15,654.15,1091700
TATN,2018-05-08,654.9,666.95,651.5,666.95,1746090
TATN,2018-05-10,677.9,677.9,664.65,671.8,1846750
TATN,2018-05-11,672.0,681.55,672.0,677.55,1360360
TATN,2018-05-14,675.0,690.7,674.65,685.25,1435690
TATN,2018-05-15,685.75,692.8,678.25,679.55,2309020
TATN,2018-05-16,684.0,687.95,673.0,676.0,1982750
TATN,2018-05-17,679.0,685.0,672.0,672.1,1499040
TATN,2018-05-18,673.95,687.0,672.0,681.5,1499620
TATN,2018-05-21,683.5,697.5,681.85,685.0,1233610
TATN,2018-05-22,685.5,685.5,675.1,676.05,1237090
TATN,2018-05-23,675.1,678.35,664.3,664.3,1501320
TATN,2018-05-24,666.5,672.95,662.4,664.0,1129930
TATN,2018-05-25,664.15,674.65,663.2,667.6,1288600
TATN,2018-05-28,667.6,667.95,663.3,663.35,403310
TATN,2018-05-29,664.9,676.25,663.5,675.95,1530430
TATN,2018-05-30,676.5,682.95,667.1,669.5,1880600
TATN,2018-05-31,672.85,677.45,663.65,666.5,5375850
TATN,2018-06-01,669.85,674.95,662.7,665.55,1122980
TATN,2018-06-04,667.8,675.4,666.3,670.45,978090
TATN,2018-06-05,670.5,677.25,668.05,673.85,1050760
TATN,2018-06-06,675.0,676.25,665.0,668.5,792730
TATN,2018-06-07,669.0,675.5,668.0,668.0,1113770
TATN,2018-06-08,669.35,676.65,653.05,653.3,3083040
TATN,2018-06-09,656.55,659.95,654.3,656.35,92030
TATN,2018-06-11,658.75,659.55,651.1,653.0,789170
TATN,2018-06-13,654.45,659.95,651.35,655.0,1866060
TATN,2018-06-14,655.05,656.8,639.6,642.05,2157990
TATN,2018-06-15,640.85,655.9,640.85,650.0,3595110
TATN,2018-06-18,648.0,649.75,641.0,641.0,1362870
TATN,2018-06-19,640.0,650.5,636.9,646.05,2536910
TATN,2018-06-20,652.8,666.0,650.65,655.0,1777080
TATN,2018-06-21,656.9,668.3,655.8,661.45,1861440
TATN,2018-06-22,664.4,672.35,655.8,656.65,1728370
TATN,2018-06-25,656.65,679.85,656.65,672.65,1446590
TATN,2018-06-26,676.75,681.5,659.6,660.45,1512710
TATN,2018-06-27,663.0,679.0,662.65,674.15,1296160
TATN,2018-06-28,674.75,675.55,655.2,658.0,1696400
TATN,2018-06-29,664.85,675.95,659.45,675.95,1844510
TATN,2018-07-02,672.7,679.45,669.35,677.2,1705000
TATN,2018-07-03,677.0,682.0,673.0,678.0,1613770
TATN,2018-07-04,680.2,687.55,676.8,684.15,906180
TATN,2018-07-05,672.4,686.0,668.7,686.0,1535900
TATN,2018-07-06,684.05,684.05,669.65,678.75,1120230
TATN,2018-07-09,675.0,690.0,675.0,689.95,881550
TATN,2018-07-10,693.95,701.8,686.15,699.9,2367600
TATN,2018-07-11,697.5,700.85,691.15,694.0,1441280
TATN,2018-07-12,691.0,697.7,688.15,697.05,1202920
TATN,2018-07-13,698.8,703.7,694.0,703.7,1009990
TATN,2018-07-16,700.5,702.85,694.1,699.7,997440
TATN,2018-07-17,695.95,696.9,686.5,690.05,854720
TATN,2018-07-18,691.0,702.0,690.15,701.45,1075110
TATN,2018-07-19,701.0,704.95,699.2,704.95,823010
TATN,2018-07-20,703.0,704.65,695.25,700.0,1155240
TATN,2018-07-23,697.3,702.45,692.8,693.2,663090
TATN,2018-07-24,693.0,694.1,687.3,691.7,539700
TATN,2018-07-25,689.45,705.8,688.1,705.0,814030
TATN,2018-07-26,706.2,715.0,701.25,710.7,893900
TATN,2018-07-27,710.0,713.5,702.6,707.8,508830
TATN,2018-07-30,706.05,718.0,703.1,718.0,1088480
TATN,2018-07-31,715.45,721.4,712.5,721.4,1710400
TATN,2018-08-01,719.8,731.0,717.4,728.9,1234690
TATN,2018-08-02,727.7,733.0,721.0,723.1,880590
TATN,2018-08-03,722.1,730.0,718.6,730.0,981660
TATN,2018-08-06,726.7,739.0,726.2,731.9,745720
TATN,2018-08-07,732.0,735.3,728.0,732.8,546890
TATN,2018-08-08,731.0,740.0,724.0,740.0,1120230
TATN,2018-08-09,738.9,747.5,732.5,747.5,1809850
TATN,2018-08-10,744.2,752.9,738.8,752.0,1461590
TATN,2018-08-13,752.0,763.3,749.3,758.5,1493690
TATN,2018-08-14,761.9,761.9,742.4,752.6,1469880
TATN,2018-08-15,753.4,753.5,738.6,753.5,1626420
TATN,2018-08-16,752.8,753.4,740.4,742.0,988520
TATN,2018-08-17,742.0,746.0,734.6,740.0,1095420
TATN,2018-08-20,743.5,751.0,742.3,751.0,742180
TATN,2018-08-21,753.4,759.9,746.3,757.8,735940
TATN,2018-08-22,757.0,764.8,751.4,764.8,1233890
TATN,2018-08-23,762.1,769.7,760.2,760.5,1275720
TATN,2018-08-24,760.0,775.0,755.7,774.9,1149040
TATN,2018-08-27,778.8,783.1,772.6,783.1,819330
TATN,2018-08-28,785.3,787.7,779.3,784.8,739040
TATN,2018-08-29,783.0,794.9,783.0,794.9,679230
TATN,2018-08-30,798.7,800.8,792.2,795.9,1395660
TATN,2018-08-31,796.0,796.4,777.5,783.1,1499560
TATN,2018-09-03,785.6,794.5,781.1,788.3,379150
TATN,2018-09-04,790.0,795.3,783.0,787.0,678630
TATN,2018-09-05,786.0,791.3,779.8,779.8,940950
TATN,2018-09-06,781.4,793.8,777.7,785.6,640090
TATN,2018-09-07,785.6,788.8,778.2,785.5,668690
TATN,2018-09-10,786.0,813.0,786.0,813.0,958870
TATN,2018-09-11,810.5,820.0,801.2,813.1,1761770
TATN,2018-09-12,817.4,818.9,794.0,798.8,1222200
TATN,2018-09-13,797.0,802.0,790.9,796.1,741820
TATN,2018-09-14,796.0,800.5,787.6,794.0,1053490
TATN,2018-09-17,796.0,796.3,782.0,784.9,923570
TATN,2018-09-18,784.9,787.0,776.0,786.8,915200
TATN,2018-09-19,789.0,789.4,778.8,783.9,1343400
TATN,2018-09-20,786.9,791.7,780.5,783.1,3298230
TATN,2018-09-21,786.8,798.2,783.6,795.5,4202110
TATN,2018-09-24,797.4,797.9,781.4,784.1,948930
TATN,2018-09-25,784.7,818.1,783.4,818.1,1962650
TATN,2018-09-26,817.0,820.5,810.0,813.3,1595890
TATN,2018-09-27,816.0,837.0,813.5,837.0,2266030
TATN,2018-09-28,834.0,835.9,818.6,835.4,1823150
TATN,2018-10-01,841.9,847.1,821.2,833.2,1103170
TATN,2018-10-02,836.0,836.7,807.8,813.8,1120840
TATN,2018-10-03,814.0,831.3,814.0,826.3,1123710
TATN,2018-10-04,827.8,830.0,816.0,819.6,970530
TATN,2018-10-05,818.7,831.5,810.1,810.1,1117270
TATN,2018-10-08,812.0,833.1,809.6,821.4,992670
TATN,2018-10-09,823.9,831.5,822.6,823.9,863380
TATN,2018-10-10,825.0,829.3,818.0,823.8,1176860
TATN,2018-10-11,797.0,803.5,772.3,778.3,1927250
TATN,2018-10-12,786.4,797.5,775.3,790.0,970860
TATN,2018-10-15,791.0,796.9,775.7,789.7,764530
TATN,2018-10-16,789.8,789.8,777.7,786.4,617390
TATN,2018-10-17,789.0,792.6,781.4,790.5,566250
TATN,2018-10-18,785.6,787.4,776.3,779.0,819740
TATN,2018-10-19,779.1,789.6,775.9,776.0,757600
TATN,2018-10-22,778.5,789.1,775.1,776.9,921320
TATN,2018-10-23,775.4,779.1,765.0,765.5,1174290
TATN,2018-10-24,769.9,784.2,765.7,776.6,1780600
TATN,2018-10-25,768.5,782.4,766.6,776.5,1356550
TATN,2018-10-26,778.7,778.7,750.1,762.1,901350
TATN,2018-10-29,760.0,764.7,755.7,762.9,405450
TATN,2018-10-30,759.1,759.7,741.8,754.9,762660
TATN,2018-10-31,757.1,784.4,757.1,784.4,1782530
TATN,2018-11-01,780.1,787.0,765.1,779.0,1124740
TATN,2018-11-02,782.0,793.4,775.0,792.7,1201390
TATN,2018-11-06,791.7,803.6,788.7,802.2,1136840
TATN,2018-11-07,801.8,814.1,791.3,814.1,1320330
TATN,2018-11-08,815.6,819.2,807.4,819.2,1081360
TATN,2018-11-09,815.5,815.5,798.4,813.4,940070
TATN,2018-11-12,811.0,824.0,810.2,812.3,620930
TATN,2018-11-13,810.0,813.8,792.1,793.0,1224910
TATN,2018-11-14,786.9,787.8,762.4,762.5,2120710
TATN,2018-11-15,765.8,768.9,752.3,752.3,901250
TATN,2018-11-16,759.6,766.3,751.5,760.8,1118670
TATN,2018-11-19,763.2,774.0,761.1,763.6,906720
TATN,2018-11-20,761.9,761.9,742.0,750.8,725510
TATN,2018-11-21,744.9,762.0,742.6,758.3,839430
TATN,2018-11-22,757.8,760.0,748.1,755.0,680030
TATN,2018-11-23,750.0,751.3,720.1,726.7,1514100
TATN,2018-11-26,727.0,729.6,692.6,705.7,1681460
TATN,2018-11-27,706.2,710.7,687.6,705.0,1164260
TATN,2018-11-28,706.2,735.8,705.4,725.6,1110760
TATN,2018-11-29,726.4,743.7,714.0,714.0,2206770
TATN,2018-11-30,714.1,720.0,710.1,712.7,2770880
TATN,2018-12-03,724.0,748.8,721.5,743.8,1924810
TATN,2018-12-04,746.0,771.3,738.3,771.3,1999700
TATN,2018-12-05,759.9,778.9,749.0,778.7,1770100
TATN,2018-12-06,765.1,778.4,753.5,765.0,1816270
TATN,2018-12-07,766.1,782.4,750.9,776.0,1612430
TATN,2018-12-10,769.3,771.7,759.9,759.9,918410
TATN,2018-12-11,760.0,772.8,747.8,760.0,1377790
TATN,2018-12-12,765.0,766.0,738.7,738.7,1210290
TATN,2018-12-13,738.7,746.1,730.0,736.0,1352020
TATN,2018-12-14,738.0,738.0,722.2,726.4,731260
TATN,2018-12-17,727.0,738.1,721.5,727.0,632750
TATN,2018-12-18,719.7,728.3,715.1,719.6,1433010
TATN,2018-12-19,716.7,720.0,700.7,714.3,1680500
TATN,2018-12-20,707.0,714.7,701.0,714.7,1420090
TATN,2018-12-21,709.6,713.9,693.4,710.0,2764480
TATN,2018-12-24,705.8,710.3,697.7,703.0,383360
TATN,2018-12-25,695.0,703.0,680.5,696.8,380130
TATN,2018-12-26,702.2,719.9,694.9,712.0,297040
TATN,2018-12-27,726.0,727.0,711.1,717.0,897460
TATN,2018-12-28,719.5,746.7,716.8,737.8,1242870
TATN,2018-12-29,734.9,741.8,649.4,737.9,173460
TATN,2019-01-03,737.9,737.9,715.7,731.8,1190950
TATN,2019-01-04,732.1,737.7,726.2,737.7,1027180
TATN,2019-01-08,716.0,724.0,708.1,723.2,1690440
TATN,2019-01-09,722.2,723.8,710.1,717.9,1251870
TATN,2019-01-10,718.2,733.0,712.1,732.6,1568390
TATN,2019-01-11,730.5,732.0,721.3,730.3,1411450
TATN,2019-01-14,728.2,728.6,719.3,725.0,1089120
TATN,2019-01-15,726.0,731.9,719.1,721.0,1526680
TATN,2019-01-16,722.5,728.5,718.6,722.0,1638590
TATN,2019-01-17,725.1,735.1,716.5,734.1,1999320
TATN,2019-01-18,734.0,742.9,729.1,741.0,1284550
TATN,2019-01-21,740.3,742.4,732.6,735.4,691100
TATN,2019-01-22,734.9,751.9,728.7,750.5,1714030
TATN,2019-01-23,748.1,784.3,746.3,784.0,2071520
TATN,2019-01-24,782.9,783.0,765.3,772.9,1471150
TATN,2019-01-25,775.9,798.9,770.0,798.9,1330100
TATN,2019-01-28,793.5,805.0,785.9,791.4,1624730
TATN,2019-01-29,789.1,799.8,781.0,798.8,1322990
TATN,2019-01-30,799.0,806.9,792.2,806.9,1256080
TATN,2019-01-31,810.1,814.9,801.9,806.9,2038410
TATN,2019-02-01,802.4,815.0,801.4,808.1,1340520
TATN,2019-02-04,808.1,808.8,802.1,803.2,896220
TATN,2019-02-05,805.2,814.0,803.1,810.0,648090
TATN,2019-02-06,808.0,811.0,798.5,804.0,945580
TATN,2019-02-07,802.0,809.4,795.0,804.7,1004990
TATN,2019-02-08,800.9,802.3,786.0,787.3,964400
TATN,2019-02-11,787.3,795.0,778.6,780.0,899360
TATN,2019-02-12,782.5,785.6,774.2,784.5,1115560
TATN,2019-02-13,784.7,785.1,761.6,761.6,1212440
TATN,2019-02-14,756.9,779.0,755.7,763.9,1409670
TATN,2019-02-15,768.0,790.3,762.8,790.3,1192470
TATN,2019-02-18,786.2,788.3,771.2,778.5,894130
TATN,2019-02-19,778.0,781.9,770.0,772.8,621840
TATN,2019-02-20,775.8,794.3,772.7,793.6,1394400
TATN,2019-02-21,793.6,799.6,791.3,796.0,1275550
TATN,2019-02-22,794.2,800.5,793.2,799.9,857800
TATN,2019-02-25,799.9,800.0,783.0,787.1,948350
TATN,2019-02-26,783.1,789.9,779.1,789.9,1098100
TATN,2019-02-27,793.8,797.7,785.2,794.9,1584050
TATN,2019-02-28,793.0,796.5,775.5,776.1,2349100
TATN,2019-03-01,779.6,783.1,774.1,775.2,1180380
TATN,2019-03-04,779.2,779.6,770.1,770.1,449260
TATN,2019-03-05,767.0,770.0,760.0,760.0,621250
TATN,2019-03-06,761.8,770.0,761.8,766.0,678900
TATN,2019-03-07,767.2,767.2,753.9,755.2,918180
TATN,2019-03-11,753.0,756.0,742.6,747.0,852560
TATN,2019-03-12,749.0,751.3,727.9,732.5,1117210
TATN,2019-03-13,735.0,735.0,716.6,729.0,1149360
TATN,2019-03-14,731.0,737.8,724.1,731.8,1048680
TATN,2019-03-15,731.7,744.4,729.4,743.8,2610990
TATN,2019-03-18,739.6,757.8,737.0,753.1,1007050
TATN,2019-03-19,754.6,768.1,751.5,767.0,1282590
TATN,2019-03-20,767.1,780.0,760.8,772.6,1263710
TATN,2019-03-21,773.6,783.0,757.6,768.0,2566440
TATN,2019-03-22,763.6,772.8,753.0,757.2,1237150
TATN,2019-03-25,750.6,758.5,745.8,747.2,707220
TATN,2019-03-26,750.8,760.4,746.8,755.5,771640
TATN,2019-03-27,757.8,765.0,744.2,746.9,786270
TATN,2019-03-28,745.0,759.4,744.8,755.6,724920
TATN,2019-03-29,758.9,764.8,748.9,755.0,1820330
TATN,2019-04-01,755.6,763.3,750.7,750.7,761040
TATN,2019-04-02,748.3,755.0,738.0,742.9,1052620
TATN,2019-04-03,746.0,754.2,743.1,743.1,1159920
TATN,2019-04-04,745.0,745.9,730.4,733.1,923210
TATN,2019-04-05,734.0,738.0,726.4,731.2,627690
TATN,2019-04-08,732.0,755.8,731.3,754.2,1282920
TATN,2019-04-09,755.0,763.2,750.2,760.9,1157700
TATN,2019-04-10,762.0,767.0,755.0,758.8,1948070
TATN,2019-04-11,764.9,764.9,746.4,751.0,1064050
TATN,2019-04-12,751.0,753.8,743.0,750.5,810720
TATN,2019-04-15,751.0,751.6,738.8,741.9,633800
TATN,2019-04-16,742.1,752.0,738.9,746.9,919920
TATN,2019-04-17,748.0,754.9,745.1,751.6,1024430
TATN,2019-04-18,751.6,751.6,741.0,749.2,638890
TATN,2019-04-19,748.8,750.0,748.0,748.9,97730
TATN,2019-04-22,750.1,756.5,750.1,752.0,150860
TATN,2019-04-23,757.8,757.8,743.0,750.2,567580
TATN,2019-04-24,749.9,753.5,740.3,743.5,1327960
TATN,2019-04-25,742.4,744.6,734.1,738.2,1113910
TATN,2019-04-26,741.3,777.3,733.2,767.3,3069240
TATN,2019-04-29,765.5,767.3,749.5,754.9,1075940
TATN,2019-04-30,753.8,764.4,751.1,757.5,1457470
TATN,2019-05-02,758.5,769.7,753.3,754.1,907290
TATN,2019-05-03,758.0,769.0,755.6,765.5,932560
TATN,2019-05-06,760.8,769.0,755.2,765.3,486580
TATN,2019-05-07,763.5,768.8,742.0,750.5,1750380
TATN,2019-05-08,748.5,748.5,723.2,723.2,2018990
TATN,2019-05-10,724.8,727.7,704.1,705.1,2052600
TATN,2019-05-13,705.5,716.2,689.6,690.9,2105820
TATN,2019-05-14,693.2,739.4,693.2,706.4,4418060
TATN,2019-05-15,706.9,714.0,691.4,693.3,2032120
TATN,2019-05-16,692.5,708.1,675.3,675.9,2599530
TATN,2019-05-17,669.0,697.1,666.0,679.4,3408540
TATN,2019-05-20,684.7,686.7,673.5,681.1,2056550
TATN,2019-05-21,684.0,707.9,680.3,706.7,2015470
TATN,2019-05-22,705.6,721.8,699.1,720.0,2291760
TATN,2019-05-23,723.0,723.3,704.4,708.0,1471140
TATN,2019-05-24,711.1,718.4,696.8,696.8,1559300
TATN,2019-05-27,698.5,704.2,695.0,695.3,586950
TATN,2019-05-28,696.1,714.4,685.0,702.8,6985990
TATN,2019-05-29,700.5,725.9,697.5,725.9,2609480
TATN,2019-05-30,725.1,759.5,725.1,754.1,2902170
TATN,2019-05-31,742.9,759.0,735.0,748.5,2401840
TATN,2019-06-03,745.4,760.8,740.5,759.9,1904820
TATN,2019-06-04,759.9,771.5,752.1,766.9,2215320
TATN,2019-06-05,769.7,769.7,744.6,755.7,1186110
TATN,2019-06-06,755.7,763.3,752.0,758.6,1424500
TATN,2019-06-07,768.0,775.0,753.6,753.6,1435370
TATN,2019-06-10,757.9,761.8,752.4,759.4,973270
TATN,2019-06-11,760.7,778.1,757.0,777.4,2893530
TATN,2019-06-13,773.4,779.8,763.2,770.0,2014230
TATN,2019-06-14,764.1,773.7,761.0,765.0,1330060
TATN,2019-06-17,767.6,769.1,758.8,759.7,1109320
TATN,2019-06-18,759.9,779.7,757.3,775.0,1480230
TATN,2019-06-19,775.2,781.3,768.3,771.9,1112350
TATN,2019-06-20,777.0,789.9,773.0,789.4,2760660
TATN,2019-06-21,791.0,791.0,769.2,776.8,3199900
TATN,2019-06-24,777.4,778.7,767.2,769.8,1359870
TATN,2019-06-25,769.0,772.9,753.4,763.5,1430080
TATN,2019-06-26,767.8,773.9,757.7,770.0,1933310
TATN,2019-06-27,771.2,777.9,767.3,773.3,1422550
TATN,2019-06-28,776.0,781.2,770.6,774.9,1330430
TATN,2019-07-01,779.8,784.3,768.0,768.0,1576010
TATN,2019-07-02,768.9,772.6,765.3,769.4,2444570
TATN,2019-07-03,774.6,784.0,766.0,780.0,3179400
TATN,2019-07-04,752.7,760.5,750.2,760.5,1872290
TATN,2019-07-05,763.8,766.1,757.2,762.7,1386370
TATN,2019-07-08,762.7,762.7,755.1,760.9,954240
TATN,2019-07-09,758.6,765.0,748.7,753.6,1128610
TATN,2019-07-10,751.3,755.2,745.2,748.0,874800
TATN,2019-07-11,750.0,750.2,733.3,741.3,1125790
TATN,2019-07-12,740.1,741.2,725.2,726.9,996990
TATN,2019-07-15,728.1,731.9,717.5,717.5,790200
TATN,2019-07-16,717.3,731.6,716.1,730.0,1800370
TATN,2019-07-17,726.5,749.3,726.5,741.0,2851380
TATN,2019-07-18,739.6,742.6,730.5,738.0,1721410
TATN,2019-07-19,735.6,752.0,735.6,744.0,1682060
TATN,2019-07-22,744.1,747.9,733.6,733.6,1006730
TATN,2019-07-23,734.6,747.9,733.8,747.9,1800030
TATN,2019-07-24,751.7,751.7,737.2,741.3,1631300
TATN,2019-07-25,742.9,746.6,734.0,740.5,2183900
TATN,2019-07-26,738.9,741.4,732.9,734.6,1532230
TATN,2019-07-29,734.0,743.4,734.0,738.1,1235460
TATN,2019-07-30,735.1,742.0,728.0,737.5,1404870
TATN,2019-07-31,737.0,743.2,730.3,743.2,2554580
TATN,2019-08-01,741.0,758.8,738.2,755.0,2536390
TATN,2019-08-02,751.0,755.8,731.2,732.2,2252600
TATN,2019-08-05,731.9,732.5,716.4,716.4,1698850
TATN,2019-08-06,722.6,746.7,720.6,740.0,3484340
TATN,2019-08-07,739.0,741.7,727.7,727.8,1516990
TATN,2019-08-08,734.3,740.9,733.4,738.7,1291030
TATN,2019-08-09,737.5,741.0,735.9,737.3,1010030
TATN,2019-08-12,738.0,744.3,734.7,738.6,693160
TATN,2019-08-13,733.3,739.7,721.1,729.0,2225140
TATN,2019-08-14,729.3,732.3,706.0,709.4,1511230
TATN,2019-08-15,711.6,717.8,702.5,702.5,1732740
TATN,2019-08-16,705.6,713.8,702.2,705.0,1640110
TATN,2019-08-19,709.7,717.5,706.1,712.8,1191920
TATN,2019-08-20,716.3,724.0,714.5,721.1,1009720
TATN,2019-08-21,723.1,726.0,717.1,718.6,1404250
TATN,2019-08-22,719.5,722.3,715.6,717.6,1518350
TATN,2019-08-23,718.0,721.5,715.1,718.1,1459850
TATN,2019-08-26,715.0,725.3,711.0,716.9,1141750
TATN,2019-08-27,719.9,720.0,704.1,720.0,6687970
TATN,2019-08-28,721.0,724.2,716.0,717.9,2569240
TATN,2019-08-29,715.1,724.6,715.1,723.6,1287980
TATN,2019-08-30,723.3,743.1,723.1,743.1,2719280
TATN,2019-09-02,744.0,751.8,742.1,747.7,1067898
TATN,2019-09-03,743.7,749.8,737.1,746.0,1147580
TATN,2019-09-04,749.1,754.0,740.0,740.0,2235241
TATN,2019-09-05,743.6,749.1,739.8,743.7,1624766
TATN,2019-09-06,746.2,753.0,736.5,753.0,1681043
TATN,2019-09-09,753.9,757.8,748.7,752.8,1002445
TATN,2019-09-10,751.1,752.8,743.0,746.7,2096877
TATN,2019-09-11,745.4,752.5,745.4,749.0,1469207
TATN,2019-09-12,747.0,748.0,736.0,738.6,2033921
TATN,2019-09-13,736.0,739.9,727.5,733.3,1255724
TATN,2019-09-16,744.0,761.5,738.4,759.9,5254516
TATN,2019-09-17,752.9,768.2,747.4,756.1,4093893
TATN,2019-09-18,754.2,758.9,751.0,753.0,1884795
TATN,2019-09-19,752.7,754.9,741.9,741.9,2418136
TATN,2019-09-20,741.8,748.7,739.0,748.7,3009479
TATN,2019-09-23,746.1,749.5,737.3,743.4,2169412
TATN,2019-09-24,742.5,744.9,730.0,734.3,2250639
TATN,2019-09-25,729.1,740.0,726.1,740.0,3326200
TATN,2019-09-26,704.7,709.7,699.2,704.9,1986163
TATN,2019-09-27,705.9,708.3,697.5,697.5,1578103
TATN,2019-09-30,698.8,701.7,687.4,687.4,2043033
TATN,2019-10-01,689.6,700.9,688.0,694.9,1386145
TATN,2019-10-02,695.0,695.7,686.0,688.8,1232702
TATN,2019-10-03,687.2,688.2,671.2,676.3,1799564
TATN,2019-10-04,682.1,694.5,678.4,681.5,1885607
TATN,2019-10-07,684.5,694.2,680.1,691.5,985360
TATN,2019-10-08,689.5,694.5,685.5,688.5,919840
TATN,2019-10-09,688.8,697.2,687.1,690.5,1052102
TATN,2019-10-10,693.9,701.6,687.6,698.4,923450
TATN,2019-10-11,701.0,709.9,700.3,709.7,1178526
TATN,2019-10-14,708.9,711.8,695.3,700.0,921349
TATN,2019-10-15,700.0,703.0,694.2,700.8,1280477
TATN,2019-10-16,702.7,710.9,699.6,708.9,1702075
TATN,2019-10-17,708.0,708.0,702.2,707.3,1154815
TATN,2019-10-18,704.2,710.0,704.1,706.8,1103335
TATN,2019-10-21,707.9,721.9,704.8,721.9,1532311
TATN,2019-10-22,720.0,738.0,718.0,738.0,2372136
TATN,2019-10-23,737.8,749.9,731.8,749.9,2301898
TATN,2019-10-24,748.0,759.9,745.7,759.9,2809101
TATN,2019-10-25,756.8,760.0,740.1,749.6,2014317
TATN,2019-10-28,752.2,755.9,740.7,749.9,1261607
TATN,2019-10-29,749.0,752.0,744.6,752.0,1761176
TATN,2019-10-30,747.3,759.8,743.2,759.8,1913151
TATN,2019-10-31,757.9,764.0,746.3,748.2,2344654
TATN,2019-11-01,747.0,755.4,741.1,755.4,1182706
TATN,2019-11-05,756.0,773.0,756.0,773.0,1974059
TATN,2019-11-06,771.6,787.0,765.6,787.0,1874124
TATN,2019-11-07,782.3,799.7,777.0,797.9,2080005
TATN,2019-11-08,797.2,799.4,778.3,782.2,1966252
TATN,2019-11-11,781.7,783.2,771.4,778.8,1432220
TATN,2019-11-12,780.0,786.0,773.0,777.4,1686361
TATN,2019-11-13,770.0,774.4,767.8,772.7,963646
TATN,2019-11-14,776.0,777.5,762.2,773.9,1975384
TATN,2019-11-15,774.0,778.6,758.7,764.0,1740799
TATN,2019-11-18,765.9,768.9,752.1,753.8,1500951
TATN,2019-11-19,756.0,760.7,751.7,760.0,1149428
TATN,2019-11-20,758.0,763.0,747.0,760.0,1500722
TATN,2019-11-21,760.0,761.0,748.2,759.0,1710079
TATN,2019-11-22,758.0,764.0,755.7,761.2,1565511
TATN,2019-11-25,764.0,764.0,754.2,760.0,1039368
TATN,2019-11-26,759.9,760.8,742.4,747.1,5553670
TATN,2019-11-27,749.2,753.9,743.5,749.0,1526846
TATN,2019-11-28,748.8,751.9,745.1,747.8,394086
TATN,2019-11-29,748.0,748.2,738.5,740.4,1427765
TATN,2019-12-02,744.3,749.9,741.8,747.9,1903123
TATN,2019-12-03,747.9,749.7,734.2,734.2,1757808
TATN,2019-12-04,736.7,743.5,733.9,740.9,1066012
TATN,2019-12-05,740.0,746.8,733.6,745.0,1169831
TATN,2019-12-06,746.9,752.3,736.7,752.3,1647121
TATN,2019-12-09,750.3,761.7,748.5,759.2,1906685
TATN,2019-12-10,757.0,758.3,748.6,751.0,1490487
TATN,2019-12-11,750.0,768.0,749.7,762.4,2132274
TATN,2019-12-12,764.2,786.3,764.2,780.6,2745436
TATN,2019-12-13,781.8,794.0,779.5,793.2,2265853
TATN,2019-12-16,793.0,795.0,783.2,788.8,2054928
TATN,2019-12-17,789.2,798.2,787.5,791.2,2614611
TATN,2019-12-18,791.9,793.7,782.0,791.5,2723466
TATN,2019-12-19,792.1,797.0,785.7,788.0,1976413
TATN,2019-12-20,790.0,791.9,780.3,780.8,2096301
TATN,2019-12-23,781.0,790.5,779.3,788.9,1282800
TATN,2019-12-24,789.7,791.1,781.5,781.5,642815
TATN,2019-12-25,781.5,787.0,779.3,784.5,449736
TATN,2019-12-26,789.8,794.0,784.6,789.0,1072448
TATN,2019-12-27,768.0,778.1,763.0,770.0,3188745
TATN,2019-12-30,765.3,772.8,759.1,759.7,1631283
TATN,2020-01-03,767.0,777.4,765.6,776.7,2902381
TATN,2020-01-06,782.9,782.9,774.2,776.0,4200767
TATN,2020-01-08,777.6,797.0,775.3,788.0,2693260
TATN,2020-01-09,786.1,810.2,782.2,806.7,2635648
TATN,2020-01-10,807.0,808.8,800.1,801.0,1519257
TATN,2020-01-13,799.0,807.0,796.0,806.0,1954752
TATN,2020-01-14,807.0,815.9,802.5,811.6,2320716
TATN,2020-01-15,809.9,815.5,802.0,807.0,2201574
TATN,2020-01-16,809.0,815.4,805.0,808.9,1567515
TATN,2020-01-17,811.0,814.0,807.0,809.6,1795176
TATN,2020-01-20,812.2,837.4,810.4,830.0,2369310
TATN,2020-01-21,825.4,829.0,819.3,825.0,1968736
TATN,2020-01-22,827.2,828.8,813.3,818.0,1760219
TATN,2020-01-23,814.0,817.0,796.2,800.0,2482722
TATN,2020-01-24,802.0,809.3,794.0,795.7,1373397
TATN,2020-01-27,786.3,791.8,776.6,779.8,1716962
TATN,2020-01-28,781.3,788.2,773.3,779.0,1755553
TATN,2020-01-29,785.7,791.9,777.6,780.0,1865354
TATN,2020-01-30,777.9,784.0,770.1,777.0,1562951
TATN,2020-01-31,784.0,788.0,761.0,761.0,2505944
TATN,2020-02-03,757.0,762.1,749.0,751.6,3135172
TATN,2020-02-04,753.5,768.6,747.0,764.3,3754424
TATN,2020-02-05,766.1,775.2,754.0,765.3,3839437
TATN,2020-02-06,770.2,775.3,760.7,762.9,2833050
TATN,2020-02-07,763.1,766.9,748.2,752.0,2562555
TATN,2020-02-10,753.0,753.0,738.2,741.0,2255782
TATN,2020-02-11,747.7,757.2,745.7,753.7,2120411
TATN,2020-02-12,755.5,770.0,753.0,768.2,4307947
TATN,2020-02-13,765.1,766.7,758.3,763.0,2109268
TATN,2020-02-14,764.0,767.9,759.2,763.1,1495103
TATN,2020-02-17,763.5,768.8,762.9,766.1,1071095
TATN,2020-02-18,764.8,764.8,750.8,750.8,1601923
TATN,2020-02-19,755.0,767.8,755.0,765.4,1781755
TATN,2020-02-20,768.0,771.8,764.1,764.1,1675456
TATN,2020-02-21,759.0,763.0,755.0,755.0,1204604
TATN,2020-02-25,744.2,747.7,721.0,721.4,3808339
TATN,2020-02-26,718.0,733.0,714.5,724.3,4534368
TATN,2020-02-27,718.0,723.3,691.6,691.6,3509811
TATN,2020-02-28,679.4,684.4,625.1,671.6,7843111
TATN,2020-03-02,698.0,698.0,664.1,667.9,5137564
TATN,2020-03-03,681.3,694.4,677.1,682.7,4179077
TATN,2020-03-04,672.5,696.3,668.0,695.3,3804157
TATN,2020-03-05,703.9,705.2,684.6,696.2,2948753
TATN,2020-03-06,684.0,689.0,653.1,658.5,4712385
TATN,2020-03-10,592.7,612.9,527.6,530.0,10704701
TATN,2020-03-11,539.0,558.1,521.3,527.7,5367464
TATN,2020-03-12,508.0,508.0,460.5,469.8,7993007
TATN,2020-03-13,469.9,500.6,458.7,458.7,9096400
TATN,2020-03-16,445.1,458.0,426.0,442.3,7628624
TATN,2020-03-17,442.9,451.7,402.1,422.1,7569075
TATN,2020-03-18,408.0,418.0,382.7,385.0,8831154
TATN,2020-03-19,387.1,457.4,372.0,455.9,10634411
TATN,2020-03-20,470.2,542.5,470.2,515.6,13532731
TATN,2020-03-23,475.0,527.9,470.0,503.8,8201433
TATN,2020-03-24,550.3,581.8,531.5,561.2,8608690
TATN,2020-03-25,576.0,589.5,534.8,562.2,9344335
TATN,2020-03-26,558.0,572.4,544.3,560.0,4782640
TATN,2020-03-27,563.0,567.0,514.4,530.0,5768566
TATN,2020-03-30,519.3,528.8,500.0,521.8,4069349
TATN,2020-03-31,533.0,558.3,531.7,552.6,5239766
TATN,2020-04-01,538.8,545.3,532.0,544.0,4144644
TATN,2020-04-02,574.0,587.7,550.0,585.0,8881300
TATN,2020-04-03,585.1,629.5,578.1,600.6,7275898
TATN,2020-04-06,608.0,613.8,594.6,608.9,3529568
TATN,2020-04-07,621.0,624.8,575.2,583.6,7567669
TATN,2020-04-08,583.8,598.0,574.8,598.0,4702175
TATN,2020-04-09,603.4,610.0,586.0,606.2,7167887
TATN,2020-04-10,601.3,601.8,590.0,601.4,1470900
TATN,2020-04-13,597.8,601.0,581.7,587.0,2592648
TATN,2020-04-14,591.0,597.7,547.1,554.6,6638239
TATN,2020-04-15,547.6,548.1,503.3,510.6,9626241
TATN,2020-04-16,512.7,526.9,491.6,510.4,11297986
TATN,2020-04-17,522.1,527.5,513.4,516.4,6096647
TATN,2020-04-20,508.5,523.5,480.6,488.4,10796995
TATN,2020-04-21,473.2,486.0,455.5,476.7,11853306
TATN,2020-04-22,465.0,521.0,465.0,514.4,12592134
TATN,2020-04-23,524.6,539.4,510.8,532.2,8610695
TATN,2020-04-24,529.0,530.9,514.0,521.9,5338945
TATN,2020-04-27,520.0,527.9,514.0,516.7,3719260
TATN,2020-04-28,513.0,538.0,511.5,529.8,5690964
TATN,2020-04-29,537.0,559.0,532.4,558.6,6363551
TATN,2020-04-30,566.0,576.9,546.7,550.0,9803727
TATN,2020-05-04,540.0,551.4,529.0,544.9,4624779
TATN,2020-05-05,556.6,563.4,547.6,551.6,3726063
TATN,2020-05-06,555.7,559.9,538.2,541.5,5137721
TATN,2020-05-07,544.0,549.0,539.2,544.0,3965536
TATN,2020-05-08,546.0,549.5,538.3,546.5,2097397
TATN,2020-05-12,545.9,547.3,539.3,541.9,3606864
TATN,2020-05-13,540.0,540.6,516.0,517.8,4877626
TATN,2020-05-14,516.7,524.5,508.2,522.6,5088036
TATN,2020-05-15,529.0,535.6,514.2,514.2,4676662
TATN,2020-05-18,523.7,552.5,523.3,549.0,6527467
TATN,2020-05-19,552.3,558.3,544.6,549.6,4700293
TATN,2020-05-20,544.5,568.5,538.3,566.5,5873186
TATN,2020-05-21,564.2,575.0,537.9,540.0,6839174
TATN,2020-05-22,530.0,548.1,529.2,544.0,3784824
TATN,2020-05-25,549.0,565.0,547.9,557.0,1867913
TATN,2020-05-26,568.0,575.4,559.3,559.9,4532644
TATN,2020-05-27,557.1,572.2,546.2,559.8,4980870
TATN,2020-05-28,568.2,569.7,555.3,565.0,4264789
TATN,2020-05-29,562.9,562.9,532.0,532.0,21343140
TATN,2020-06-01,545.0,552.7,541.3,542.5,7294505
TATN,2020-06-02,548.4,560.2,546.4,560.1,5763750
TATN,2020-06-03,565.0,571.0,501.2,569.0,9138900
TATN,2020-06-04,567.7,567.7,555.4,559.2,5546730
TATN,2020-06-05,565.0,574.0,561.1,569.9,4717619
TATN,2020-06-08,575.0,597.4,570.5,578.4,7834180
TATN,2020-06-09,580.0,589.7,575.0,586.5,5818527
TATN,2020-06-10,592.0,599.4,581.2,595.9,7614701
TATN,2020-06-11,586.4,587.2,571.0,577.0,5318616
TATN,2020-06-15,564.6,582.8,551.4,581.6,4800609
TATN,2020-06-16,591.2,596.1,576.5,581.0,5689109
TATN,2020-06-17,582.5,590.2,565.4,565.4,6247053
TATN,2020-06-18,566.5,579.2,560.5,576.0,4896074
TATN,2020-06-19,580.0,593.7,578.0,586.5,7881047
TATN,2020-06-22,582.0,592.5,574.8,589.1,3475895
TATN,2020-06-23,593.2,594.5,586.1,588.6,3299486
TATN,2020-06-25,577.9,584.8,570.0,584.7,3783439
TATN,2020-06-26,583.0,586.0,566.1,572.6,3582929
TATN,2020-06-29,570.0,572.1,561.3,568.4,3023234
TATN,2020-06-30,566.8,568.8,552.0,556.3,4303907
TATN,2020-07-02,562.1,569.4,558.8,567.5,3203184
TATN,2020-07-03,569.1,569.1,563.1,568.0,1603402
TATN,2020-07-06,576.0,579.8,567.0,570.6,3252492
TATN,2020-07-07,567.3,572.3,560.0,565.5,2619200
TATN,2020-07-08,566.7,567.1,556.5,560.6,2267471
TATN,2020-07-09,561.9,562.1,549.2,552.5,3011549
TATN,2020-07-10,548.8,563.0,543.4,562.7,3496974
TATN,2020-07-13,563.7,566.6,544.5,546.5,2123032
TATN,2020-07-14,545.9,548.1,534.2,547.9,2907196
TATN,2020-07-15,550.0,555.7,546.4,553.3,2788164
TATN,2020-07-16,550.0,556.2,548.2,553.6,1610504
TATN,2020-07-17,550.9,555.0,545.0,550.9,2081198
TATN,2020-07-20,549.9,556.4,546.4,554.9,2275641
TATN,2020-07-21,558.0,566.7,556.6,560.4,3026653
TATN,2020-07-22,561.8,564.3,556.6,560.9,1925844
TATN,2020-07-23,564.9,568.4,558.2,559.0,2153910
TATN,2020-07-24,558.5,565.3,557.0,564.7,1537678
TATN,2020-07-27,566.8,567.1,556.6,560.9,2301623
TATN,2020-07-28,562.0,563.0,554.4,557.0,1922223
TATN,2020-07-29,557.5,564.8,555.6,563.0,1931942
TATN,2020-07-30,560.0,563.7,552.4,558.4,2017042
TATN,2020-07-31,558.0,559.3,550.3,554.7,1717888
TATN,2020-08-03,550.8,553.8,543.9,547.2,2607625
TATN,2020-08-04,545.6,548.8,541.5,546.8,2033341
TATN,2020-08-05,547.0,562.5,545.3,558.4,3420356
TATN,2020-08-06,562.2,562.6,556.2,561.4,2656845
TATN,2020-08-07,559.1,562.2,554.0,559.4,1592844
TATN,2020-08-10,560.1,564.0,555.4,559.8,2690501
TATN,2020-08-11,561.9,590.0,560.2,581.0,5649021
TATN,2020-08-12,582.0,608.4,582.0,605.6,6686385
TATN,2020-08-13,604.8,615.6,598.0,604.9,4374311
TATN,2020-08-14,609.5,612.0,600.0,608.5,3047028
TATN,2020-08-17,611.9,616.4,596.3,600.1,3634791
TATN,2020-08-18,599.0,611.2,594.4,597.6,3383492
TATN,2020-08-19,598.6,598.6,583.0,590.9,2263762
TATN,2020-08-20,589.0,589.7,562.5,572.8,4193419
TATN,2020-08-21,574.9,577.3,555.1,566.1,3608209
TATN,2020-08-24,568.0,573.7,565.5,570.7,2166473
TATN,2020-08-25,573.0,575.0,565.2,571.0,1840835
TATN,2020-08-26,570.1,574.6,563.2,571.6,2428397
TATN,2020-08-27,572.0,574.0,560.0,561.4,2393933
TATN,2020-08-28,561.6,561.9,553.3,556.8,2143552
TATN,2020-08-31,557.1,561.2,544.5,547.8,4130592
TATN,2020-09-01,549.9,550.8,543.1,549.5,3142307
TATN,2020-09-02,552.2,553.5,541.4,545.0,3580128
TATN,2020-09-03,541.1,544.6,529.2,532.6,4753467
TATN,2020-09-04,532.9,540.4,529.3,536.4,2952595
TATN,2020-09-07,534.4,538.3,531.6,533.9,1297907
TATN,2020-09-08,534.0,534.7,519.1,523.9,3236203
TATN,2020-09-09,519.7,531.3,519.7,529.7,2639915
TATN,2020-09-10,530.5,531.1,522.3,528.0,2271576
TATN,2020-09-11,528.0,537.6,527.0,537.6,2473443
TATN,2020-09-14,539.0,547.6,536.3,538.9,3029025
TATN,2020-09-15,538.1,553.1,537.2,552.8,2919032
TATN,2020-09-16,554.0,557.5,516.1,531.4,10463088
TATN,2020-09-17,527.0,529.7,508.1,517.4,10182448
TATN,2020-09-18,518.1,520.0,503.8,507.8,7362769
TATN,2020-09-21,506.8,506.8,475.7,480.7,9269311
TATN,2020-09-22,478.8,482.8,469.2,479.7,7087674
TATN,2020-09-23,479.9,480.1,460.0,460.0,6441841
TATN,2020-09-24,460.0,471.4,448.7,467.5,9296228
TATN,2020-09-25,469.9,470.8,457.4,464.0,4878409
TATN,2020-09-28,464.5,479.9,456.6,474.5,7096901
TATN,2020-09-29,474.8,478.4,461.1,464.7,4484973
TATN,2020-09-30,462.1,469.4,460.8,463.6,3592503
TATN,2020-10-01,466.5,468.0,457.3,458.5,3007368
TATN,2020-10-02,454.0,456.5,449.5,453.1,3014673
TATN,2020-10-05,455.5,474.0,455.4,473.5,4352689
TATN,2020-10-06,473.1,486.7,464.9,472.5,6652989
TATN,2020-10-07,476.8,479.7,461.6,468.1,5222600
TATN,2020-10-08,469.2,473.5,461.1,464.5,3451152
TATN,2020-10-09,455.3,460.2,451.5,459.0,3702196
TATN,2020-10-12,459.0,459.0,452.0,453.6,3014735
TATN,2020-10-13,454.3,455.9,439.6,442.6,4111532
TATN,2020-10-14,441.7,446.5,437.2,443.4,3808268
TATN,2020-10-15,441.6,442.5,427.7,434.1,5268506
TATN,2020-10-16,432.3,433.8,426.2,429.2,4216166
TATN,2020-10-19,430.5,432.8,414.9,415.7,3847930
TATN,2020-10-20,415.1,424.8,406.4,421.2,7556440
TATN,2020-10-21,421.7,428.6,416.1,416.9,5159655
TATN,2020-10-22,416.0,425.9,413.9,424.6,4207107
TATN,2020-10-23,424.4,440.6,423.2,438.7,6182712
TATN,2020-10-26,436.0,437.3,426.4,430.1,3436573
TATN,2020-10-27,433.2,433.5,417.9,420.5,4462646
TATN,2020-10-28,417.2,417.5,398.4,401.0,9143391
TATN,2020-10-29,404.8,409.9,395.5,405.7,6449335
TATN,2020-10-30,400.0,416.3,396.4,412.6,7547371
TATN,2020-11-02,409.7,419.9,404.3,419.3,5483087
TATN,2020-11-03,419.3,432.3,419.0,430.5,5826469
TATN,2020-11-05,438.9,449.5,433.2,442.7,8200661
TATN,2020-11-06,442.4,449.8,436.5,447.6,5447209
TATN,2020-11-09,456.8,488.3,446.7,479.3,15510193
TATN,2020-11-10,478.8,506.0,472.7,501.0,14300183
TATN,2020-11-11,506.3,521.5,505.6,508.2,14823910
TATN,2020-11-12,505.2,513.5,497.7,499.8,11571340
TATN,2020-11-13,499.7,507.9,493.1,505.1,6366725
TATN,2020-11-16,511.7,518.0,504.5,510.9,6570749
TATN,2020-11-17,510.9,512.5,499.0,506.0,4564292
TATN,2020-11-18,506.0,519.1,501.4,511.2,5726229
TATN,2020-11-19,511.0,512.1,505.5,508.3,3903022
TATN,2020-11-20,508.5,512.2,504.2,511.0,2486652
TATN,2020-11-23,514.1,528.2,512.4,520.3,5954097
TATN,2020-11-24,525.0,527.5,514.0,524.8,4894554
TATN,2020-11-25,526.0,540.8,520.3,537.1,11895244
TATN,2020-11-26,537.2,541.0,523.8,524.9,4931652
TATN,2020-11-27,524.1,527.5,494.4,511.4,14786040
TATN,2020-11-30,504.1,509.0,485.8,492.3,13831788
TATN,2020-12-01,494.1,499.6,490.3,493.9,5194139
TATN,2020-12-02,491.1,512.6,489.1,509.1,7262759
TATN,2020-12-03,509.0,509.4,490.1,496.0,9250318
TATN,2020-12-04,500.0,510.0,500.0,507.7,9135627
TATN,2020-12-07,507.4,510.5,499.0,500.3,5183911
TATN,2020-12-08,500.0,504.5,491.8,497.6,4550781
TATN,2020-12-09,496.9,503.5,489.8,494.4,5341019
TATN,2020-12-10,493.5,514.5,492.4,507.3,7502184
TATN,2020-12-11,509.0,513.8,505.5,508.8,6327142
TATN,2020-12-14,512.0,527.2,509.1,514.6,8544664
TATN,2020-12-15,513.0,520.6,508.0,517.0,4515748
TATN,2020-12-16,517.0,518.9,507.4,511.5,4612112
TATN,2020-12-17,515.0,517.8,510.0,513.0,4960696
TATN,2020-12-18,510.8,511.8,502.3,506.4,5171154
TATN,2020-12-21,501.0,501.8,485.3,499.8,7223598
TATN,2020-12-22,493.5,508.6,492.7,500.5,3950398
TATN,2020-12-23,499.7,506.7,498.1,505.6,2793132
TATN,2020-12-24,505.6,508.3,502.0,505.0,1723135
TATN,2020-12-25,505.8,506.0,503.5,505.5,855011
TATN,2020-12-28,505.7,510.4,505.0,505.9,1472081
TATN,2020-12-29,507.1,512.9,504.0,509.4,2509531
TATN,2020-12-30,511.0,518.2,509.4,513.7,3305976
TATN,2021-01-04,516.4,522.3,514.0,515.8,3241796
TATN,2021-01-05,514.5,524.9,511.6,524.2,4501553
TATN,2021-01-06,527.3,530.7,515.2,522.0,7451414
TATN,2021-01-08,528.4,545.4,528.1,545.4,8587558
TATN,2021-01-11,543.0,549.0,534.4,539.8,5969434
TATN,2021-01-12,541.8,548.9,540.0,546.2,4767833
TATN,2021-01-13,549.3,558.0,543.2,546.2,7314540
TATN,2021-01-14,544.0,552.3,540.5,551.6,4845965
TATN,2021-01-15,546.0,551.6,531.7,535.2,5931159
TATN,2021-01-18,532.4,535.4,523.1,532.9,5035811
TATN,2021-01-19,537.0,541.0,526.0,530.5,3672625
TATN,2021-01-20,532.1,535.2,528.5,529.5,2807755
TATN,2021-01-21,530.7,532.5,514.0,516.8,4779808
TATN,2021-01-22,515.0,515.0,501.0,507.0,5599975
TATN,2021-01-25,509.6,513.0,504.4,509.7,4646145
TATN,2021-01-26,506.0,508.6,502.9,506.2,3375461
TATN,2021-01-27,509.2,512.7,501.1,502.0,4314381
TATN,2021-01-28,501.7,503.8,493.0,500.0,4676919
TATN,2021-01-29,497.7,498.3,488.8,489.3,4515505
TATN,2021-02-01,492.7,495.2,486.3,494.2,3217559
TATN,2021-02-02,496.5,509.0,495.7,499.2,4985224
TATN,2021-02-03,501.2,509.9,498.2,505.5,3529121
TATN,2021-02-04,506.0,509.8,501.5,506.7,4157042
TATN,2021-02-05,508.8,515.6,507.5,513.0,4970694
TATN,2021-02-08,516.0,528.3,515.1,528.2,4973420
TATN,2021-02-09,529.8,534.8,521.3,526.6,6373735
TATN,2021-02-10,528.5,531.0,521.5,523.3,3995512
TATN,2021-02-11,521.8,524.0,516.0,517.0,2855577
TATN,2021-02-12,518.0,529.5,506.3,529.2,4678520
TATN,2021-02-15,537.8,540.1,531.0,538.2,4770816
TATN,2021-02-16,540.0,541.9,533.8,538.0,3852859
TATN,2021-02-17,537.5,544.0,520.6,529.8,6587713
TATN,2021-02-18,531.0,532.4,513.4,515.2,5516884
TATN,2021-02-19,511.6,527.9,508.8,523.8,4789112
TATN,2021-02-20,524.0,526.5,520.5,524.6,519875
TATN,2021-02-22,526.5,530.0,519.5,527.8,2525224
TATN,2021-02-24,524.5,540.9,524.1,537.4,6076895
TATN,2021-02-25,539.9,547.3,533.3,535.5,7050976
TATN,2021-02-26,534.3,536.0,516.4,522.5,6494453
TATN,2021-03-01,528.0,534.0,524.0,528.3,3008471
TATN,2021-03-02,525.0,538.1,524.7,533.3,3392053
TATN,2021-03-03,537.0,541.5,529.0,534.8,4779478
TATN,2021-03-04,534.6,549.3,530.5,533.7,6293202
TATN,2021-03-05,537.0,567.8,536.3,567.4,12056648
TATN,2021-03-09,564.5,609.8,564.5,607.0,15457576
TATN,2021-03-10,606.4,613.6,596.5,605.3,6819474
TATN,2021-03-11,611.4,618.9,606.1,618.7,6548797
TATN,2021-03-12,617.5,625.2,612.4,623.6,6158050
TATN,2021-03-15,625.5,633.9,618.6,624.6,5179460
TATN,2021-03-16,623.2,623.2,603.6,610.0,6751408
TATN,2021-03-17,611.0,618.7,599.5,608.3,6376494
TATN,2021-03-18,609.9,613.9,577.7,583.6,7208829
TATN,2021-03-19,579.0,601.0,577.0,598.0,9058741
TATN,2021-03-22,595.6,604.9,589.0,600.7,3704599
TATN,2021-03-23,595.9,601.9,586.3,589.5,4839913
TATN,2021-03-24,593.0,611.8,591.4,605.1,5260919
TATN,2021-03-25,604.0,609.8,586.6,596.0,4542660
TATN,2021-03-26,599.5,604.9,598.1,603.4,3749893
TATN,2021-03-29,600.4,606.6,596.4,603.0,3045153
TATN,2021-03-30,603.9,606.5,594.3,596.9,2205629
TATN,2021-03-31,599.5,599.5,591.1,594.2,2331472
TATN,2021-04-01,597.0,608.3,596.1,606.0,3985355
TATN,2021-04-02,606.0,607.0,602.3,605.3,714353
TATN,2021-04-05,604.5,604.5,591.7,596.4,1996190
TATN,2021-04-06,599.7,599.7,581.4,582.2,4646403
TATN,2021-04-07,581.0,590.9,577.9,588.0,3861253
TATN,2021-04-08,589.6,595.6,574.7,580.0,3730510
TATN,2021-04-09,575.3,578.6,557.0,565.5,6453817
TATN,2021-04-12,565.5,573.7,555.8,571.3,5498492
TATN,2021-04-13,570.2,574.0,558.5,571.0,5504264
TATN,2021-04-14,576.0,589.0,569.1,586.6,6190920
TATN,2021-04-15,581.0,587.0,574.9,584.4,4079619
TATN,2021-04-16,587.9,589.6,576.5,582.1,2760317
TATN,2021-04-19,582.8,582.8,573.3,575.7,2253254
TATN,2021-04-20,579.0,582.3,563.3,568.2,4159832
TATN,2021-04-21,568.2,573.3,561.2,569.6,2371829
TATN,2021-04-22,568.5,570.5,559.1,566.6,5158173
TATN,2021-04-23,568.0,571.5,562.5,571.3,2551853
TATN,2021-04-26,571.5,572.7,564.2,568.4,2838273
TATN,2021-04-27,570.0,572.7,565.1,568.5,2660406
TATN,2021-04-28,565.0,566.9,527.5,529.9,19719079
TATN,2021-04-29,533.3,534.2,498.9,505.2,24220304
TATN,2021-04-30,504.9,509.3,501.2,506.5,7866412
TATN,2021-05-04,506.4,519.1,506.4,514.0,6996997
TATN,2021-05-05,516.2,518.4,509.6,511.1,6013889
TATN,2021-05-06,512.0,516.1,510.2,515.8,6065450
TATN,2021-05-07,516.6,518.0,508.5,512.5,4507640
TATN,2021-05-10,512.5,520.5,511.2,517.1,3562324
TATN,2021-05-11,515.6,518.0,510.3,515.6,2662605
TATN,2021-05-12,517.4,517.4,510.4,510.6,3329928
TATN,2021-05-13,510.2,510.4,505.1,506.2,3867194
TATN,2021-05-14,507.1,508.0,495.5,500.9,5208485
TATN,2021-05-17,501.5,506.2,497.4,505.9,3760013
TATN,2021-05-18,507.4,509.9,500.0,500.4,6842890
TATN,2021-05-19,500.4,502.7,487.0,492.9,6154935
TATN,2021-05-20,494.1,494.9,480.0,483.3,6843482
TATN,2021-05-21,483.0,491.0,480.6,487.7,3238356
TATN,2021-05-24,489.1,493.9,486.5,492.8,3204007
TATN,2021-05-25,493.1,493.3,484.0,485.3,3914980
TATN,2021-05-26,488.4,489.5,483.1,486.4,3919240
TATN,2021-05-27,484.8,486.5,479.2,485.0,7973731
TATN,2021-05-28,485.7,492.8,485.7,492.5,5391883
TATN,2021-05-31,493.1,506.8,492.6,501.1,5436108
TATN,2021-06-01,504.3,511.3,502.6,510.0,7425644
TATN,2021-06-02,511.7,518.0,507.5,518.0,7544160
TATN,2021-06-03,520.5,522.8,508.0,514.2,7289277
TATN,2021-06-04,516.6,518.7,510.0,512.5,4774836
TATN,2021-06-07,512.6,517.9,509.5,517.2,2765429
TATN,2021-06-08,515.6,516.9,512.4,515.3,3345461
TATN,2021-06-09,516.9,525.6,515.5,523.8,5978664
TATN,2021-06-10,523.1,524.4,517.0,519.4,4172719
TATN,2021-06-11,521.0,528.2,520.0,523.4,4169443
TATN,2021-06-14,525.0,536.4,524.4,535.9,5088703
TATN,2021-06-15,536.1,538.9,531.4,537.1,4493474
TATN,2021-06-16,538.6,547.0,537.6,540.6,6078029
TATN,2021-06-17,539.8,547.0,527.5,535.8,6425731
TATN,2021-06-18,533.9,538.0,520.8,526.8,10151647
TATN,2021-06-21,527.4,535.4,519.5,534.8,3752701
TATN,2021-06-22,538.9,540.4,534.5,539.4,3106472
TATN,2021-06-23,542.0,544.5,539.0,540.0,2901918
TATN,2021-06-24,541.0,541.6,531.0,538.3,2940353
TATN,2021-06-25,538.3,541.1,531.0,537.1,3353034
TATN,2021-06-28,539.4,542.0,529.2,530.4,2456667
TATN,2021-06-29,529.3,532.0,517.0,523.8,4672108
TATN,2021-06-30,524.1,534.3,518.3,531.3,4717826
TATN,2021-07-01,534.1,543.2,528.6,537.0,6595118
TATN,2021-07-02,537.5,539.3,534.0,538.3,2843182
TATN,2021-07-05,539.1,542.8,536.3,542.4,2506239
TATN,2021-07-06,542.9,551.7,538.8,539.3,6098244
TATN,2021-07-07,541.6,549.2,534.5,536.4,5261592
TATN,2021-07-08,525.7,527.4,513.8,521.9,5666912
TATN,2021-07-09,519.0,524.7,515.7,519.1,3122768
TATN,2021-07-12,518.8,520.0,515.2,518.6,2045323
TATN,2021-07-13,519.7,521.1,516.3,518.9,1829285
TATN,2021-07-14,518.3,522.0,516.1,516.2,3043671
TATN,2021-07-15,515.0,516.0,498.7,499.6,6034875
TATN,2021-07-16,499.3,506.4,494.6,496.7,5005456
TATN,2021-07-19,495.1,496.1,479.0,483.4,8153248
TATN,2021-07-20,486.7,488.5,473.7,482.1,5660284
TATN,2021-07-21,481.1,492.3,477.5,491.9,5208344
TATN,2021-07-22,492.8,493.9,486.5,490.4,3530159
TATN,2021-07-23,490.8,493.8,483.4,486.0,2207842
TATN,2021-07-26,483.8,490.0,474.5,489.8,4390521
TATN,2021-07-27,485.1,490.4,484.0,487.6,2771896
TATN,2021-07-28,491.0,494.8,488.0,493.7,3220973
TATN,2021-07-29,495.0,498.8,491.5,496.0,3595671
TATN,2021-07-30,493.8,496.0,485.5,488.4,5497659
TATN,2021-08-02,490.3,497.7,488.8,491.2,3943009
TATN,2021-08-03,491.0,495.8,485.4,491.4,3998025
TATN,2021-08-04,492.0,494.3,488.7,490.6,3321836
TATN,2021-08-05,488.0,502.5,487.5,502.0,4077128
TATN,2021-08-06,503.8,504.3,492.8,494.1,3929490
TATN,2021-08-09,491.2,496.2,487.6,494.0,3442367
TATN,2021-08-10,495.9,498.9,491.5,497.3,4197290
TATN,2021-08-11,497.4,499.5,492.1,495.1,3455661
TATN,2021-08-12,495.0,499.0,494.4,498.8,2965939
TATN,2021-08-13,498.8,498.8,493.7,494.5,2014327
TATN,2021-08-16,493.2,497.3,490.0,496.6,2615807
TATN,2021-08-17,495.0,502.7,493.5,500.6,4058567
TATN,2021-08-18,501.5,503.8,494.2,494.6,2409643
TATN,2021-08-19,493.0,494.8,484.9,490.2,5285991
TATN,2021-08-20,489.5,490.6,485.1,488.7,2346497
TATN,2021-08-23,492.0,502.5,489.8,501.6,4929138
TATN,2021-08-24,503.9,514.7,502.1,514.0,5811041
TATN,2021-08-25,514.8,516.6,509.8,513.5,4029142
TATN,2021-08-26,500.2,502.2,491.5,493.0,8069511
TATN,2021-08-27,496.0,497.4,482.5,487.2,7469447
TATN,2021-08-30,487.1,492.5,487.1,489.5,2528000
TATN,2021-08-31,488.9,491.0,484.3,485.1,5120695
TATN,2021-09-01,486.0,493.0,480.2,491.5,7155456
TATN,2021-09-02,491.7,492.3,485.4,488.0,4750399
TATN,2021-09-03,489.4,490.5,487.7,489.2,1893184
TATN,2021-09-06,489.8,490.3,484.2,486.5,2743162
TATN,2021-09-07,487.7,487.7,478.5,480.1,4113007
TATN,2021-09-08,481.5,486.0,474.0,483.3,5311585
TATN,2021-09-09,481.5,485.4,478.4,479.1,2674922
TATN,2021-09-10,482.5,483.2,478.7,480.0,2360122
TATN,2021-09-13,482.7,491.4,481.3,491.4,4196664
TATN,2021-09-14,491.7,507.2,491.0,500.1,8741105
TATN,2021-09-15,500.1,512.6,500.0,510.0,6762940
TATN,2021-09-16,510.0,515.6,505.1,508.7,6178070
TATN,2021-09-17,508.8,509.5,498.0,502.0,6193888
TATN,2021-09-20,497.6,499.5,486.6,487.5,3902953
TATN,2021-09-21,490.8,498.4,490.2,493.3,3022125
TATN,2021-09-22,496.7,506.7,496.6,505.2,3513859
TATN,2021-09-23,507.8,509.6,499.5,507.3,3745345
TATN,2021-09-24,508.0,508.0,499.6,503.7,3020343
TATN,2021-09-27,507.1,531.8,506.2,531.5,9956107
TATN,2021-09-28,535.0,546.6,524.7,524.7,12939932
TATN,2021-09-29,522.0,530.5,517.2,526.9,4176514
TATN,2021-09-30,530.5,531.2,522.7,527.3,5001288
TATN,2021-10-01,523.4,533.1,522.8,532.1,2808292
TATN,2021-10-04,534.0,541.7,529.1,539.9,4650943
TATN,2021-10-05,540.8,579.2,539.6,577.8,13496660
TATN,2021-10-06,581.0,587.0,553.5,564.6,10610115
TATN,2021-10-07,566.4,573.9,552.6,569.3,6179797
TATN,2021-10-08,570.1,577.2,570.1,571.0,5699096
TATN,2021-10-11,558.8,569.4,558.3,565.0,3994450
TATN,2021-10-12,563.0,579.1,561.6,574.4,6265587
TATN,2021-10-13,577.1,579.1,554.2,567.9,5219818
TATN,2021-10-14,571.9,572.9,562.0,564.2,3037600
TATN,2021-10-15,568.0,573.0,559.0,570.5,5253143
TATN,2021-10-18,572.0,574.5,567.0,569.1,2359954
TATN,2021-10-19,572.1,573.0,565.4,573.0,2761817
TATN,2021-10-20,571.8,582.0,569.1,580.7,4007730
TATN,2021-10-21,575.1,579.8,558.2,562.9,5032996
TATN,2021-10-22,561.2,570.4,559.5,562.5,2464919
TATN,2021-10-25,563.3,574.2,560.3,570.2,3591174
TATN,2021-10-26,569.4,573.0,562.0,562.2,2940217
TATN,2021-10-27,561.9,562.0,544.4,546.0,4790872
TATN,2021-10-28,543.9,550.0,531.3,548.7,5802115
TATN,2021-10-29,548.0,548.8,534.2,540.0,3043004
TATN,2021-11-01,540.0,553.9,537.2,552.4,2707486
TATN,2021-11-02,553.0,561.4,539.9,545.2,3401126
TATN,2021-11-03,539.4,543.6,532.3,538.2,2569865
TATN,2021-11-05,536.9,545.0,533.1,543.0,3018338
TATN,2021-11-08,546.6,557.7,545.1,553.4,3651598
TATN,2021-11-09,556.4,557.5,538.9,545.0,3153925
TATN,2021-11-10,547.2,555.5,538.2,542.3,3859430
TATN,2021-11-11,543.2,548.9,539.6,546.1,2968717
TATN,2021-11-12,547.9,547.9,531.8,535.1,3941830
TATN,2021-11-15,530.3,540.0,528.2,533.2,3810694
TATN,2021-11-16,535.1,542.0,533.7,536.0,3882393
TATN,2021-11-17,535.0,539.0,527.1,529.6,2808493
TATN,2021-11-18,525.9,527.3,515.3,519.9,3884596
TATN,2021-11-19,523.6,525.0,499.6,500.3,4655250
TATN,2021-11-22,501.4,505.3,483.9,489.0,7055887
TATN,2021-11-23,489.0,498.9,483.5,497.5,7525557
TATN,2021-11-24,498.5,502.2,488.6,498.4,4620977
TATN,2021-11-25,498.4,504.3,488.3,489.6,3486609
TATN,2021-11-26,478.0,480.7,458.0,461.3,8450790
TATN,2021-11-29,469.1,479.0,468.1,470.6,5523960
TATN,2021-11-30,465.0,477.6,461.0,473.3,9240258
TATN,2021-12-01,476.2,490.5,475.2,477.9,4936909
TATN,2021-12-02,482.5,504.0,481.2,503.6,7359847
TATN,2021-12-03,505.0,505.9,491.6,495.9,4665077
TATN,2021-12-06,498.0,501.5,485.5,492.1,3514565
TATN,2021-12-07,492.2,503.6,491.5,501.1,3740919
TATN,2021-12-08,503.4,504.5,489.0,496.5,5110586
TATN,2021-12-09,497.1,498.6,489.5,493.9,2821481
TATN,2021-12-10,493.9,494.5,483.1,484.5,2559097
TATN,2021-12-13,488.0,490.4,454.5,455.6,5162596
TATN,2021-12-14,456.0,466.8,427.0,464.8,6237386
TATN,2021-12-15,463.5,480.0,462.1,479.3,4385026
TATN,2021-12-16,480.0,489.0,476.2,483.1,5724838
TATN,2021-12-17,483.1,489.8,479.4,487.6,5813890
TATN,2021-12-20,481.7,484.9,474.5,481.4,3981377
TATN,2021-12-21,487.3,488.9,478.3,484.2,2604081
TATN,2021-12-22,486.0,493.5,482.3,489.0,2944565
TATN,2021-12-23,490.0,493.2,480.5,483.9,2585737
TATN,2021-12-24,484.4,484.9,474.0,482.0,1985663
TATN,2021-12-27,482.0,491.8,480.4,490.4,1653607
TATN,2021-12-28,490.4,500.0,489.0,496.4,2297186
TATN,2021-12-29,497.0,498.7,491.2,495.0,1729731
TATN,2021-12-30,495.8,504.0,492.7,502.0,1778671
TATN,2022-01-03,505.0,515.4,503.4,515.4,2119280
TATN,2022-01-04,517.8,518.2,511.5,515.4,1538357
TATN,2022-01-05,514.5,516.9,489.5,492.6,3809062
TATN,2022-01-06,483.8,498.3,479.0,496.4,5933730
TATN,2022-01-10,497.4,505.6,494.5,499.8,3766750
TATN,2022-01-11,500.0,510.8,496.3,508.2,3804043
TATN,2022-01-12,508.2,513.2,504.7,511.2,3155771
TATN,2022-01-13,511.2,515.5,489.8,496.3,5973885
TATN,2022-01-14,497.8,503.3,482.0,498.1,5504311
TATN,2022-01-17,498.0,508.5,492.0,495.7,5221941
TATN,2022-01-18,512.6,512.6,466.4,474.0,6047963
TATN,2022-01-19,478.6,502.5,458.3,490.7,8214077
TATN,2022-01-20,494.0,501.8,476.4,478.8,6898990
TATN,2022-01-21,476.4,484.7,469.1,474.2,6036960
TATN,2022-01-24,477.8,480.5,436.0,459.2,7980848
TATN,2022-01-25,459.4,479.9,446.3,479.4,5792597
TATN,2022-01-26,478.2,479.5,464.1,468.0,6321177
TATN,2022-01-27,468.0,496.0,460.6,484.9,5940985
TATN,2022-01-28,487.0,505.6,482.4,503.6,6169163
TATN,2022-01-31,504.9,511.8,494.2,499.7,5079699
TATN,2022-02-01,501.8,503.8,486.8,491.7,4956715
TATN,2022-02-02,491.8,498.8,487.7,491.5,3241787
TATN,2022-02-03,491.0,491.9,477.6,487.9,3731703
TATN,2022-02-04,491.0,499.7,483.8,490.8,4379612
TATN,2022-02-07,489.3,496.8,482.2,492.0,2825139
TATN,2022-02-08,490.7,499.6,488.3,499.1,3271752
TATN,2022-02-09,499.8,509.8,498.1,506.5,4718726
TATN,2022-02-10,505.3,508.1,497.0,498.5,2567014
TATN,2022-02-11,498.5,498.8,474.2,478.7,4250911
TATN,2022-02-14,475.5,491.5,469.5,482.1,6663832
TATN,2022-02-15,482.0,500.4,482.0,498.5,4667641
TATN,2022-02-16,498.5,508.6,496.8,503.9,3085921
TATN,2022-02-17,504.0,504.4,485.9,491.0,3999097
TATN,2022-02-18,491.5,495.6,470.0,472.4,5287316
TATN,2022-02-21,470.0,483.8,379.5,396.0,12973018
TATN,2022-02-22,403.8,442.5,360.1,441.6,17053172
TATN,2022-02-24,396.5,410.0,232.9,309.8,10867747
TATN,2022-02-25,308.0,398.0,308.0,353.0,4107501
TATN,2022-03-24,390.0,442.8,362.5,424.0,3129553
TATN,2022-03-25,439.0,439.0,421.1,427.0,893674
TATN,2022-03-28,420.0,424.7,393.0,399.8,1109450
TATN,2022-03-29,398.0,417.8,361.8,391.0,1656634
TATN,2022-03-30,391.2,400.0,380.5,395.3,528365
TATN,2022-03-31,395.5,414.5,385.0,411.8,1492973
TATN,2022-04-01,413.0,434.8,405.5,407.2,1122944
TATN,2022-04-04,414.9,414.9,394.0,407.0,741559
TATN,2022-04-05,410.1,411.4,380.0,395.0,657218
TATN,2022-04-06,391.9,402.5,388.0,393.0,297050
TATN,2022-04-07,393.0,396.9,389.0,391.0,251072
TATN,2022-04-08,392.3,394.8,380.5,386.0,474235
TATN,2022-04-11,385.1,391.0,380.8,382.8,218748
TATN,2022-04-12,382.8,385.1,374.0,383.6,276754
TATN,2022-04-13,386.0,387.9,380.0,385.0,262804
TATN,2022-04-14,385.0,385.5,366.0,367.0,312289
TATN,2022-04-15,367.0,368.2,354.8,361.0,1157950
TATN,2022-04-18,365.0,365.0,349.0,352.9,374919
TATN,2022-04-19,350.7,351.7,319.5,340.7,788245
TATN,2022-04-20,342.0,355.0,330.9,355.0,445664
TATN,2022-04-21,354.0,355.0,338.0,350.0,503769
TATN,2022-04-22,338.3,359.7,338.3,359.7,532687
TATN,2022-04-25,352.2,366.4,346.1,355.0,451042
TATN,2022-04-26,355.0,375.0,353.1,375.0,2707518
TATN,2022-04-27,372.1,384.0,370.6,373.3,995155
TATN,2022-04-28,377.0,386.8,362.2,362.2,1540552
TATN,2022-04-29,362.0,387.0,360.4,386.2,748078
TATN,2022-05-04,386.4,390.0,369.4,369.4,466969
TATN,2022-05-05,371.8,375.7,369.1,370.3,212453
TATN,2022-05-06,373.0,381.9,361.7,381.9,284786
TATN,2022-05-11,378.1,388.0,372.0,378.2,588406
TATN,2022-05-12,377.0,379.4,364.0,364.1,186510
TATN,2022-05-13,366.0,373.4,360.0,362.0,277810
TATN,2022-05-16,362.2,375.0,362.0,373.7,264736
TATN,2022-05-17,375.1,398.0,375.0,392.5,890722
TATN,2022-05-18,395.0,413.5,395.0,407.2,981716
TATN,2022-05-19,406.8,409.7,395.6,404.0,557276
TATN,2022-05-20,399.3,409.8,390.6,401.5,1314383
TATN,2022-05-23,405.0,408.4,370.6,372.9,1394392
TATN,2022-05-24,372.9,372.9,351.8,359.0,993249
TATN,2022-05-25,362.0,375.0,354.3,375.0,532649
TATN,2022-05-26,375.3,389.0,373.4,385.0,748312
TATN,2022-05-27,393.0,400.0,387.0,391.0,950268
TATN,2022-05-30,393.6,400.0,385.4,391.0,424618
TATN,2022-05-31,386.0,392.0,380.0,392.0,428546
TATN,2022-06-01,388.5,398.2,386.6,398.0,532432
TATN,2022-06-02,393.3,396.8,382.5,390.1,567733
TATN,2022-06-03,390.7,394.0,372.3,391.8,771200
TATN,2022-06-06,387.0,391.3,383.8,390.0,345996
TATN,2022-06-07,390.0,393.0,382.9,393.0,441848
TATN,2022-06-08,393.0,407.9,391.0,405.6,883252
TATN,2022-06-09,405.0,413.2,398.4,405.8,822530
TATN,2022-06-10,407.8,426.0,405.8,424.5,966599
TATN,2022-06-14,420.0,427.2,415.3,427.2,445985
TATN,2022-06-15,427.2,429.1,419.2,424.5,640076
TATN,2022-06-16,424.5,440.0,423.3,440.0,1073495
TATN,2022-06-17,440.0,440.0,430.3,431.0,522403
TATN,2022-06-20,434.0,445.9,431.6,441.0,617354
TATN,2022-06-21,441.4,443.8,435.0,440.6,984466
TATN,2022-06-22,439.9,444.6,428.2,444.6,727484
TATN,2022-06-23,443.1,449.0,437.3,449.0,663387
TATN,2022-06-24,447.5,452.8,438.2,448.5,855302
TATN,2022-06-27,445.6,458.0,444.0,458.0,485511
TATN,2022-06-28,456.5,456.5,446.2,447.2,487785
TATN,2022-06-29,447.2,451.9,438.0,440.8,537937
TATN,2022-06-30,442.0,444.7,415.7,429.5,1008955
TATN,2022-07-01,421.0,439.9,421.0,422.1,587114
TATN,2022-07-04,426.6,439.0,423.7,433.0,735151
TATN,2022-07-05,432.9,432.9,422.1,426.0,887017
TATN,2022-07-06,423.2,430.6,423.0,429.8,1182774
TATN,2022-07-07,412.3,414.0,403.0,407.9,1157712
TATN,2022-07-08,407.0,409.9,400.3,409.9,453564
TATN,2022-07-11,408.0,408.1,400.0,400.0,491725
TATN,2022-07-12,399.6,399.9,386.0,391.8,438650
TATN,2022-07-13,391.8,392.4,370.3,375.8,535311
TATN,2022-07-14,377.5,389.0,366.6,366.6,725625
TATN,2022-07-15,369.0,408.8,366.0,379.9,1189474
TATN,2022-07-18,381.7,385.3,374.5,380.6,431627
TATN,2022-07-19,380.0,382.7,370.5,374.6,418951
TATN,2022-07-20,376.7,381.4,373.8,379.5,318658
TATN,2022-07-21,378.0,380.0,368.0,375.7,371145
TATN,2022-07-22,375.3,388.5,375.3,381.1,462160
TATN,2022-07-25,381.1,384.3,377.2,383.1,340793
TATN,2022-07-26,383.3,390.4,383.2,388.1,382429
TATN,2022-07-27,389.2,402.6,388.0,392.3,694618
TATN,2022-07-28,394.2,398.7,391.2,395.0,394320
TATN,2022-07-29,395.3,409.0,392.4,409.0,420114
TATN,2022-08-01,409.0,409.8,395.1,395.1,754866
TATN,2022-08-02,395.6,399.8,393.8,394.3,729284
TATN,2022-08-03,394.5,407.0,394.5,397.6,982500
TATN,2022-08-04,398.3,406.0,397.6,403.1,494418
TATN,2022-08-05,404.0,405.3,386.1,387.0,562708
TATN,2022-08-08,398.0,398.0,383.7,383.7,846298
TATN,2022-08-09,385.0,412.6,383.1,405.6,2004394
TATN,2022-08-10,409.6,420.8,407.5,415.8,1551260
TATN,2022-08-11,418.4,423.0,410.0,414.6,928429
TATN,2022-08-12,415.0,423.0,412.1,422.6,719320
TATN,2022-08-15,425.0,434.0,408.2,425.0,3896738
TATN,2022-08-16,454.5,455.0,433.5,437.0,2486380
TATN,2022-08-17,439.0,439.7,431.0,432.5,660230
TATN,2022-08-18,432.5,440.9,429.5,436.0,469837
TATN,2022-08-19,436.5,438.8,429.5,431.0,417797
TATN,2022-08-22,429.5,444.5,425.3,443.4,828830
TATN,2022-08-23,444.5,450.9,439.3,450.2,789541
TATN,2022-08-24,450.1,451.0,445.7,451.0,684367
TATN,2022-08-25,451.0,451.0,443.5,446.9,551385
TATN,2022-08-26,447.0,450.0,444.0,450.0,371856
TATN,2022-08-29,454.0,458.0,450.6,454.5,539452
TATN,2022-08-30,455.0,458.3,448.5,454.2,456660
TATN,2022-08-31,458.0,461.9,447.5,456.0,816541
TATN,2022-09-01,455.8,455.8,440.0,442.1,1148932
TATN,2022-09-02,443.5,450.9,443.2,450.9,858285
TATN,2022-09-05,451.5,461.1,446.3,461.1,636022
TATN,2022-09-06,460.0,460.0,445.4,448.1,680445
TATN,2022-09-07,448.8,449.8,437.7,437.7,561282
TATN,2022-09-08,439.5,441.7,432.3,433.0,651692
TATN,2022-09-09,436.5,441.8,433.0,441.8,444770
TATN,2022-09-12,441.8,449.5,440.0,448.0,501314
TATN,2022-09-13,449.8,449.8,436.9,441.0,551303
TATN,2022-09-14,441.0,443.3,435.2,443.0,425933
TATN,2022-09-15,444.0,449.0,437.0,444.8,665998
TATN,2022-09-16,444.9,445.4,435.6,438.7,625382
TATN,2022-09-19,438.0,439.9,434.0,438.3,560736
TATN,2022-09-20,435.2,437.2,405.9,413.1,1597229
TATN,2022-09-21,372.9,405.0,367.7,379.7,1836985
TATN,2022-09-22,380.0,409.0,380.0,395.9,3553243
TATN,2022-09-23,399.8,399.8,374.1,381.3,1326619
TATN,2022-09-26,369.6,376.3,335.5,345.0,2022627
TATN,2022-09-27,351.0,373.0,341.6,361.1,1150259
TATN,2022-09-28,361.0,363.0,350.2,359.4,701125
TATN,2022-09-29,360.3,362.0,345.1,352.1,653786
TATN,2022-09-30,352.3,363.0,342.0,362.1,810651
TATN,2022-10-03,363.5,387.7,363.5,383.8,993218
TATN,2022-10-04,386.8,388.0,377.0,381.3,814209
TATN,2022-10-05,381.0,388.0,367.8,382.7,899367
TATN,2022-10-06,384.0,393.7,380.5,391.7,1073484
TATN,2022-10-07,391.7,393.2,362.0,365.8,1554339
TATN,2022-10-10,331.8,354.4,300.1,353.2,1713317
TATN,2022-10-11,353.5,360.0,348.1,353.0,642101
TATN,2022-10-12,353.9,356.0,347.3,351.4,481479
TATN,2022-10-13,351.3,355.0,350.0,353.0,334500
TATN,2022-10-14,352.9,353.0,345.8,351.8,446108
TATN,2022-10-17,353.0,367.0,349.7,365.6,619324
TATN,2022-10-18,365.5,369.5,355.2,357.7,796495
TATN,2022-10-19,356.7,360.5,352.0,359.6,379876
TATN,2022-10-20,360.3,363.9,358.0,362.1,446046
TATN,2022-10-21,362.2,363.5,355.0,362.4,489535
TATN,2022-10-24,363.9,374.0,362.9,372.0,666845
TATN,2022-10-25,372.0,383.8,370.0,382.7,679067
TATN,2022-10-26,383.4,384.9,374.0,380.9,484276
TATN,2022-10-27,381.8,383.8,376.9,382.6,580893
TATN,2022-10-28,382.0,385.5,378.1,384.9,744907
TATN,2022-10-31,387.1,388.9,384.5,387.4,566550
TATN,2022-11-01,387.4,389.0,381.6,388.0,414319
TATN,2022-11-02,388.0,393.5,377.4,383.0,881367
TATN,2022-11-03,382.8,386.0,379.2,385.3,645588
TATN,2022-11-07,387.0,394.0,386.5,393.4,818101
TATN,2022-11-08,395.2,395.9,387.9,391.9,783804
TATN,2022-11-09,392.0,397.0,380.5,386.5,1051537
TATN,2022-11-10,386.5,390.0,385.2,388.3,608242
TATN,2022-11-11,390.1,390.7,381.7,385.1,645865
TATN,2022-11-14,385.6,388.3,382.6,384.4,550778
TATN,2022-11-15,385.0,385.0,364.3,375.5,1195067
TATN,2022-11-16,378.5,385.6,376.0,383.2,832509
TATN,2022-11-17,383.2,384.2,376.8,378.0,524277
TATN,2022-11-18,377.8,378.2,372.7,376.2,609142
TATN,2022-11-21,376.2,376.2,360.1,368.8,866463
TATN,2022-11-22,369.7,372.9,364.0,369.7,521749
TATN,2022-11-23,370.9,370.9,364.8,368.3,470253
TATN,2022-11-24,370.0,370.3,365.2,367.3,614000
TATN,2022-11-25,367.0,367.7,360.0,366.4,446588
TATN,2022-11-28,365.6,368.7,361.9,367.6,601847
TATN,2022-11-29,369.1,369.8,363.4,367.8,494303
TATN,2022-11-30,367.6,368.4,363.4,366.0,368940
TATN,2022-12-01,365.5,365.8,361.5,363.9,346612
TATN,2022-12-02,362.8,363.7,360.3,361.1,328932
TATN,2022-12-05,360.8,367.0,357.2,362.7,1047067
TATN,2022-12-06,363.5,364.7,360.0,361.7,639278
TATN,2022-12-07,362.4,363.0,357.7,361.6,531084
TATN,2022-12-08,361.0,363.5,359.4,361.0,532540
TATN,2022-12-09,359.2,365.8,359.2,364.5,599951
TATN,2022-12-12,364.6,366.2,358.7,360.1,593384
TATN,2022-12-13,359.9,361.1,355.2,358.4,538670
TATN,2022-12-14,359.1,359.5,353.0,356.8,444828
TATN,2022-12-15,355.0,358.2,350.1,351.8,490329
TATN,2022-12-16,351.6,356.5,350.1,354.4,364478
TATN,2022-12-19,354.9,354.9,346.0,348.5,953032
TATN,2022-12-20,348.2,355.8,346.5,354.6,941825
TATN,2022-12-21,355.7,357.7,349.4,351.1,904974
TATN,2022-12-22,352.5,353.6,349.5,350.5,978700
TATN,2022-12-23,348.7,350.0,346.8,349.4,553757
TATN,2022-12-26,350.0,353.4,347.9,350.8,1137301
TATN,2022-12-27,351.0,351.3,347.6,348.9,1612712
TATN,2022-12-28,348.7,349.0,346.6,346.8,992427
TATN,2022-12-29,346.2,349.4,346.2,349.0,643988
TATN,2022-12-30,350.0,350.3,346.8,348.5,687047
TATN,2023-01-03,350.5,351.9,349.3,351.6,679364
TATN,2023-01-04,352.4,352.4,348.9,350.8,593894
TATN,2023-01-05,350.6,350.6,349.0,349.4,418339
TATN,2023-01-06,349.2,350.6,348.6,350.6,711502
TATN,2023-01-09,345.7,347.3,345.3,346.7,863485
TATN,2023-01-10,346.5,346.6,343.9,345.7,598314
TATN,2023-01-11,345.4,346.5,343.0,346.0,852057
TATN,2023-01-12,345.8,347.0,344.1,345.5,504552
TATN,2023-01-13,346.4,346.4,344.7,345.4,542076
TATN,2023-01-16,345.5,347.0,344.5,345.7,1044239
TATN,2023-01-17,345.5,346.8,340.1,341.8,869751
TATN,2023-01-18,341.6,343.0,338.3,339.0,942144
TATN,2023-01-19,338.2,339.4,333.3,335.2,1399724
TATN,2023-01-20,335.0,335.8,333.0,333.7,668512
TATN,2023-01-23,335.9,335.9,332.2,334.7,689269
TATN,2023-01-24,334.7,335.7,333.2,333.7,650178
TATN,2023-01-25,333.1,334.7,331.5,334.4,669752
TATN,2023-01-26,334.4,335.4,332.2,333.3,600671
TATN,2023-01-27,333.6,333.6,330.3,333.0,874361
TATN,2023-01-30,334.2,335.0,330.8,332.7,1634507
TATN,2023-01-31,332.4,332.8,326.7,328.8,2677243
TATN,2023-02-01,328.6,330.2,327.2,328.5,1193472
TATN,2023-02-02,328.2,329.1,326.1,326.6,1291824
TATN,2023-02-03,326.4,326.5,321.7,323.9,2234970
TATN,2023-02-06,324.0,325.9,323.1,325.5,1780677
TATN,2023-02-07,325.5,326.6,321.9,323.8,2863932
TATN,2023-02-08,323.7,324.2,322.1,324.2,2590055
TATN,2023-02-09,325.5,328.7,323.5,324.4,2511631
TATN,2023-02-10,324.2,324.8,322.5,323.5,1583638
TATN,2023-02-13,324.4,327.9,323.0,325.3,3693043
TATN,2023-02-14,325.4,327.5,323.2,326.4,1792657
TATN,2023-02-15,325.0,325.1,310.0,313.8,4348822
TATN,2023-02-16,315.6,320.0,312.1,315.6,2027486
TATN,2023-02-17,314.8,319.3,314.3,316.6,1597149
TATN,2023-02-20,317.0,317.2,311.0,314.1,2184816
TATN,2023-02-21,314.1,318.8,313.4,315.8,3207803
TATN,2023-02-22,315.8,315.9,312.2,313.4,1804296
TATN,2023-02-24,313.5,314.6,312.0,312.6,1360611
TATN,2023-02-27,311.8,318.0,310.0,316.1,1970316
TATN,2023-02-28,315.0,330.7,314.9,328.3,7328480
TATN,2023-03-01,328.0,335.5,325.1,334.8,8143643
TATN,2023-03-02,334.8,337.8,328.0,330.2,5772978
TATN,2023-03-03,331.0,335.2,330.0,334.9,2876291
TATN,2023-03-06,336.0,340.0,335.5,337.6,4095437
TATN,2023-03-07,338.0,338.4,334.9,336.0,2518189
TATN,2023-03-09,336.8,337.3,333.5,335.2,2073051
TATN,2023-03-10,333.9,335.2,331.3,333.3,1742767
TATN,2023-03-13,334.2,335.7,328.2,334.7,2866504
TATN,2023-03-14,332.8,341.3,332.6,339.0,3060551
TATN,2023-03-15,339.9,343.0,335.5,337.6,2471408
TATN,2023-03-16,337.0,339.8,333.7,336.3,2389585
TATN,2023-03-17,335.2,348.9,334.5,347.8,6040440
TATN,2023-03-20,349.0,357.5,345.3,355.0,6099777
TATN,2023-03-21,355.0,356.5,350.2,350.8,3468341
TATN,2023-03-22,350.8,351.8,348.2,350.4,2192913
TATN,2023-03-23,349.9,350.5,343.1,344.6,3852270
TATN,2023-03-24,344.0,349.5,343.6,349.3,1548258
TATN,2023-03-27,351.0,363.9,350.5,363.4,5055080
TATN,2023-03-28,364.4,368.5,357.5,367.1,3491680
TATN,2023-03-29,368.6,369.5,365.0,367.8,2494538
TATN,2023-03-30,366.8,379.4,365.3,375.2,3430112
TATN,2023-03-31,375.0,377.9,366.8,373.7,3254177
TATN,2023-04-03,383.0,389.0,378.5,386.8,4024047
TATN,2023-04-04,387.0,389.0,381.6,382.7,2560969
TATN,2023-04-05,381.4,388.0,376.2,387.3,2253400
TATN,2023-04-06,388.0,391.5,386.1,389.5,2183172
TATN,2023-04-07,390.5,396.9,389.5,396.2,2659856
TATN,2023-04-10,400.0,405.0,398.1,402.8,2382431
TATN,2023-04-11,402.8,403.4,391.6,393.8,2842739
TATN,2023-04-12,395.1,397.9,387.1,395.4,2162932
TATN,2023-04-13,395.5,397.5,392.3,394.5,972054
TATN,2023-04-14,394.5,396.0,391.0,394.4,1217671
TATN,2023-04-17,396.1,400.0,394.2,399.3,2375768
TATN,2023-04-18,400.0,402.3,396.0,400.2,1835048
TATN,2023-04-19,399.5,400.3,393.1,396.4,2082020
TATN,2023-04-20,396.0,413.0,388.1,407.3,5080691
TATN,2023-04-21,407.4,409.7,404.8,406.3,1323000
TATN,2023-04-24,406.3,415.7,405.8,411.7,2972708
TATN,2023-04-25,413.3,413.3,406.8,408.8,1449465
TATN,2023-04-26,409.3,410.8,406.3,407.4,1747333
TATN,2023-04-27,408.1,418.6,407.9,411.8,5894715
TATN,2023-04-28,412.8,413.7,401.0,404.0,2885028
TATN,2023-05-02,405.5,406.8,394.5,397.1,2666735
TATN,2023-05-03,395.3,396.3,380.0,381.8,3563036
TATN,2023-05-04,381.9,391.5,381.8,388.0,2008322
TATN,2023-05-05,388.5,388.6,379.5,383.0,2184735
TATN,2023-05-08,384.2,396.6,383.6,391.9,1718089
TATN,2023-05-10,392.4,403.0,392.4,402.4,2993665
TATN,2023-05-11,402.8,406.9,390.7,398.7,2823419
TATN,2023-05-12,400.1,403.4,395.6,400.7,1481303
TATN,2023-05-15,403.4,406.3,401.5,406.0,2437480
TATN,2023-05-16,407.5,410.0,404.4,406.8,1852967
TATN,2023-05-17,407.0,408.4,404.0,405.4,1506178
TATN,2023-05-18,406.4,412.8,404.4,411.7,1941180
TATN,2023-05-19,412.0,412.0,407.0,410.3,1294005
TATN,2023-05-22,412.2,417.7,409.9,416.5,2194441
TATN,2023-05-23,416.6,428.7,413.6,427.3,2668215
TATN,2023-05-24,429.0,431.0,426.0,429.4,2021397
TATN,2023-05-25,429.8,429.8,422.5,426.4,1458393
TATN,2023-05-26,427.0,432.0,424.4,429.5,1659246
TATN,2023-05-29,434.2,443.0,429.5,441.7,2705187
TATN,2023-05-30,440.0,448.4,435.6,438.9,4350650
TATN,2023-05-31,438.0,444.5,436.3,443.2,1498791
TATN,2023-06-01,445.0,452.0,443.9,450.3,2278095
TATN,2023-06-02,450.3,463.9,450.3,463.7,2368411
TATN,2023-06-05,471.6,486.0,468.7,475.0,6654614
TATN,2023-06-06,474.9,478.7,462.7,473.0,3778339
TATN,2023-06-07,474.9,474.9,465.2,470.7,1703638
TATN,2023-06-08,470.9,475.8,466.3,470.9,1729716
TATN,2023-06-09,471.1,474.0,468.8,472.4,1573344
TATN,2023-06-13,473.8,481.9,473.2,481.0,2002941
TATN,2023-06-14,482.5,488.5,481.1,488.1,2902777
TATN,2023-06-15,489.0,515.6,488.2,515.0,7690819
TATN,2023-06-16,516.2,521.0,505.7,511.7,5291769
TATN,2023-06-19,507.8,509.7,499.0,503.6,4598442
TATN,2023-06-20,504.0,506.8,494.0,503.6,2751689
TATN,2023-06-21,505.3,505.3,500.6,503.3,1533227
TATN,2023-06-22,503.3,511.4,501.0,504.3,1796068
TATN,2023-06-23,504.0,508.5,486.6,494.6,2755601
TATN,2023-06-26,499.4,505.0,490.0,498.5,2764018
TATN,2023-06-27,498.5,501.7,495.1,497.9,1859617
TATN,2023-06-28,499.5,502.0,498.1,500.0,1486356
TATN,2023-06-29,500.0,509.5,499.0,507.7,2330421
TATN,2023-06-30,508.0,509.8,502.1,505.7,2277577
TATN,2023-07-03,505.9,507.8,499.2,500.1,1795890
TATN,2023-07-04,500.0,500.7,491.8,493.4,2388874
TATN,2023-07-05,494.9,502.6,494.4,501.7,2268679
TATN,2023-07-06,501.8,502.7,498.7,499.2,1717965
TATN,2023-07-07,497.4,502.0,496.1,501.0,3628693
TATN,2023-07-10,476.7,489.2,475.2,487.9,5414257
TATN,2023-07-11,487.9,492.3,486.2,490.7,1736885
TATN,2023-07-12,492.4,497.8,488.7,495.6,1853444
TATN,2023-07-13,495.9,499.6,493.5,494.7,1779157
TATN,2023-07-14,493.5,497.0,492.0,496.0,1263483
TATN,2023-07-17,493.8,499.3,493.1,496.4,2019016
TATN,2023-07-18,496.8,498.6,495.6,497.7,1232770
TATN,2023-07-19,497.7,498.5,495.3,496.5,991728
TATN,2023-07-20,497.0,497.0,487.1,488.6,1939560
TATN,2023-07-21,489.0,495.2,488.0,494.7,1700756
TATN,2023-07-24,494.9,498.8,493.3,498.1,1139974
TATN,2023-07-25,499.3,512.2,498.3,509.3,3604997
TATN,2023-07-26,509.3,513.5,502.5,506.4,2195453
TATN,2023-07-27,508.0,512.6,506.1,509.4,2000050
TATN,2023-07-28,509.5,519.8,506.9,516.5,2541419
TATN,2023-07-31,519.4,525.5,516.3,523.5,3406937
TATN,2023-08-01,525.4,531.6,518.7,526.5,2867665
TATN,2023-08-02,526.7,540.1,521.9,537.5,3780097
TATN,2023-08-03,540.0,549.3,531.6,547.7,3005198
TATN,2023-08-04,547.9,572.0,527.0,541.9,7913951
TATN,2023-08-07,545.9,565.6,542.3,548.7,5901093
TATN,2023-08-08,549.1,557.2,542.0,555.5,3663417
TATN,2023-08-09,557.0,569.8,552.5,569.5,3095018
TATN,2023-08-10,572.0,579.5,571.0,574.9,3914660
TATN,2023-08-11,575.9,579.0,567.7,577.4,2714076
TATN,2023-08-14,588.5,598.2,556.9,576.3,9988872
TATN,2023-08-15,575.9,590.0,564.6,574.0,4987977
TATN,2023-08-16,575.0,581.5,551.5,563.0,5083066
TATN,2023-08-17,565.5,570.0,558.7,568.2,2689798
TATN,2023-08-18,569.4,576.7,563.4,575.1,2120731
TATN,2023-08-21,578.8,587.3,577.6,584.6,3047815
TATN,2023-08-22,584.0,592.5,581.0,590.3,3329681
TATN,2023-08-23,591.9,593.9,571.4,575.9,3924255
TATN,2023-08-24,575.9,584.6,574.3,581.6,1739891
TATN,2023-08-25,583.0,587.8,578.0,587.7,2001204
TATN,2023-08-28,589.0,590.4,584.2,587.5,2388312
TATN,2023-08-29,588.7,589.9,584.4,586.5,2668213
TATN,2023-08-30,586.9,592.3,585.5,589.4,2553075
TATN,2023-08-31,592.3,595.5,587.1,590.2,2625840
TATN,2023-09-01,591.0,594.0,587.3,593.0,1988143
TATN,2023-09-04,595.0,603.5,594.6,602.5,2707574
TATN,2023-09-05,603.5,609.7,597.0,607.2,3304920
TATN,2023-09-06,607.2,612.5,602.8,608.8,2483791
TATN,2023-09-07,608.6,620.5,583.0,603.7,8282821
TATN,2023-09-08,603.7,606.5,589.7,595.5,3206494
TATN,2023-09-11,601.9,601.9,583.1,588.4,2517135
TATN,2023-09-12,588.8,606.8,587.1,606.6,2590288
TATN,2023-09-13,609.2,613.0,602.6,604.7,2476918
TATN,2023-09-14,606.4,608.0,593.0,602.5,2612746
TATN,2023-09-15,602.6,615.0,600.2,614.8,2858978
TATN,2023-09-18,619.1,628.1,616.4,626.2,4188351
TATN,2023-09-19,627.7,630.0,605.2,610.1,4765894
TATN,2023-09-20,610.5,620.7,601.8,611.8,4019455
TATN,2023-09-21,612.0,615.7,593.6,597.6,3698917
TATN,2023-09-22,597.0,611.0,588.1,610.8,3203975
TATN,2023-09-25,607.0,608.9,598.5,604.6,1484552
TATN,2023-09-26,604.6,607.4,595.2,603.4,1811021
TATN,2023-09-27,605.7,615.7,604.7,615.3,1453634
TATN,2023-09-28,616.5,623.1,613.6,619.4,2658020
TATN,2023-09-29,620.0,625.4,612.2,625.4,2296515
TATN,2023-10-02,628.0,639.7,625.9,639.3,3607910
TATN,2023-10-03,639.0,641.4,631.0,639.1,3121517
TATN,2023-10-04,640.0,643.1,633.7,634.2,2191054
TATN,2023-10-05,634.2,638.6,631.0,633.8,1717588
TATN,2023-10-06,635.0,641.4,630.4,638.0,2366967
TATN,2023-10-09,640.1,647.2,639.2,643.7,3802556
TATN,2023-10-10,645.0,650.0,642.1,649.5,4268282
TATN,2023-10-11,624.4,633.0,617.0,618.8,10141735
TATN,2023-10-12,616.8,622.6,608.5,617.6,5483178
TATN,2023-10-13,618.9,630.0,615.2,628.3,4545300
TATN,2023-10-16,635.0,637.5,625.1,628.9,4858384
TATN,2023-10-17,629.8,630.0,626.1,628.5,1625767
TATN,2023-10-18,630.0,637.9,623.2,632.3,4706982
TATN,2023-10-19,631.0,634.2,627.5,633.1,1588435
TATN,2023-10-20,633.9,633.9,625.5,630.4,1963852
TATN,2023-10-23,630.6,632.0,624.1,626.6,1272966
TATN,2023-10-24,626.6,627.8,620.0,625.5,1172661
TATN,2023-10-25,624.1,625.0,618.2,622.3,1735808
TATN,2023-10-26,622.7,626.4,613.0,613.6,1884277
TATN,2023-10-27,613.5,623.3,612.2,622.4,1920514
TATN,2023-10-30,622.4,624.9,617.3,621.2,1286075
TATN,2023-10-31,621.2,621.9,602.5,607.6,2472863
TATN,2023-11-01,609.3,613.7,595.0,606.3,2217294
TATN,2023-11-02,607.8,610.1,601.1,602.7,1645287
TATN,2023-11-03,603.1,604.8,596.0,601.7,1815852
TATN,2023-11-06,602.6,609.8,600.0,609.7,916178
TATN,2023-11-07,609.9,613.0,604.2,611.2,1372205
TATN,2023-11-08,611.2,620.0,608.2,614.5,1980782
TATN,2023-11-09,616.4,619.4,611.1,615.2,1143379
TATN,2023-11-10,617.2,620.5,614.1,620.0,1119874
TATN,2023-11-13,620.0,623.3,615.9,616.3,1316604
TATN,2023-11-14,616.4,618.7,605.1,610.7,2550430
TATN,2023-11-15,610.7,614.8,606.6,611.8,1030230
TATN,2023-11-16,611.8,613.0,600.4,602.1,1202289
TATN,2023-11-17,602.1,619.0,598.1,615.5,2713205
TATN,2023-11-20,616.6,618.7,611.5,615.4,1386230
TATN,2023-11-21,614.4,634.4,611.1,634.2,5473490
TATN,2023-11-22,636.0,643.4,633.1,640.8,4181006
TATN,2023-11-23,642.8,645.8,638.6,641.1,2441795
TATN,2023-11-24,643.2,649.4,641.4,648.0,2243521
TATN,2023-11-27,650.0,650.0,636.4,638.4,2311209
TATN,2023-11-28,638.3,643.7,632.3,641.2,1483320
TATN,2023-11-29,642.0,644.2,636.6,638.7,933050
TATN,2023-11-30,639.6,644.0,635.0,638.8,1171155
TATN,2023-12-01,638.8,641.0,625.6,632.5,1410037
TATN,2023-12-04,630.6,633.5,620.0,623.7,2200761
TATN,2023-12-05,625.0,637.2,622.4,635.2,1051024
TATN,2023-12-06,636.5,636.9,619.3,622.2,1251554
TATN,2023-12-07,622.0,636.5,619.1,626.2,2276282
TATN,2023-12-08,626.8,637.8,626.5,637.7,1062969
TATN,2023-12-11,638.8,638.9,622.9,625.0,1440506
TATN,2023-12-12,625.2,631.8,620.0,625.5,1267351
TATN,2023-12-13,621.0,630.3,621.0,628.7,586629
TATN,2023-12-14,630.0,631.2,615.2,617.0,971735
TATN,2023-12-15,616.7,636.5,616.2,635.3,1765080
TATN,2023-12-18,640.0,648.1,635.5,643.6,1913452
TATN,2023-12-19,643.7,654.0,640.5,653.4,2417609
TATN,2023-12-20,655.0,663.9,652.0,658.4,1865353
TATN,2023-12-21,660.1,662.0,648.7,658.5,2029304
TATN,2023-12-22,661.3,666.0,659.5,661.5,1261572
TATN,2023-12-25,660.1,677.8,657.6,676.0,2550144
TATN,2023-12-26,678.1,700.0,676.7,698.3,3310248
TATN,2023-12-27,699.9,720.0,697.5,717.7,4785761
TATN,2023-12-28,718.7,718.7,704.1,708.2,2806271
TATN,2023-12-29,708.0,711.9,698.8,710.0,1938116
TATN,2024-01-03,714.8,723.0,712.0,720.9,1370066
TATN,2024-01-04,725.0,729.0,721.8,725.9,925678
TATN,2024-01-05,726.2,727.4,720.3,725.0,1106783
TATN,2024-01-08,725.5,726.7,718.2,722.9,4130949
TATN,2024-01-09,695.0,698.6,685.1,686.7,6691199
TATN,2024-01-10,687.0,699.5,686.3,694.0,2587615
TATN,2024-01-11,694.0,694.2,685.7,689.1,2307276
TATN,2024-01-12,694.0,704.5,691.7,697.8,3128256
TATN,2024-01-15,699.8,702.0,695.1,701.0,1748182
TATN,2024-01-16,702.3,702.7,697.0,699.2,1172993
TATN,2024-01-17,700.6,700.6,696.5,697.8,999022
TATN,2024-01-18,697.9,701.0,697.1,698.0,746333
TATN,2024-01-19,697.8,700.2,687.5,690.3,1656401
TATN,2024-01-22,690.3,697.3,690.3,695.5,798021
TATN,2024-01-23,695.6,696.5,690.3,695.4,860205
TATN,2024-01-24,695.8,697.6,690.1,691.1,648204
TATN,2024-01-25,692.0,694.9,687.3,689.3,1146990
TATN,2024-01-26,689.2,693.6,688.1,693.5,769887
TATN,2024-01-29,694.6,698.4,693.0,694.1,826532
TATN,2024-01-30,695.0,696.5,690.2,692.2,953396
TATN,2024-01-31,692.2,705.8,691.2,703.5,2295297
TATN,2024-02-01,704.7,711.2,702.1,704.4,2069104
TATN,2024-02-02,705.8,709.5,702.5,706.9,1103508
TATN,2024-02-05,707.0,713.0,707.0,709.0,1076424
TATN,2024-02-06,709.9,711.8,707.2,710.3,642497
TATN,2024-02-07,710.6,716.8,710.6,715.0,935213
TATN,2024-02-08,716.0,716.5,705.5,709.6,1012953
TATN,2024-02-09,710.2,714.3,707.0,712.1,645321
TATN,2024-02-12,712.5,715.2,705.1,711.6,767686
TATN,2024-02-13,712.0,718.0,711.3,712.1,1021650
TATN,2024-02-14,713.0,713.9,707.1,707.7,1073267
TATN,2024-02-15,707.8,711.5,706.4,709.3,678999
TATN,2024-02-16,709.9,710.6,707.1,707.8,919693
TATN,2024-02-19,707.8,708.5,703.0,703.5,1136512
TATN,2024-02-20,703.5,704.4,692.0,694.3,1628479
TATN,2024-02-21,694.3,697.9,681.1,688.1,2188870
TATN,2024-02-22,689.0,697.5,682.6,694.3,1558963
TATN,2024-02-26,696.4,707.0,696.4,702.5,1190799
TATN,2024-02-27,705.0,705.0,694.8,696.7,876755
TATN,2024-02-28,697.0,708.3,695.1,705.0,1339631
TATN,2024-02-29,705.0,722.9,702.6,718.8,1796305
TATN,2024-03-01,718.8,722.2,714.2,717.3,1140918
TATN,2024-03-04,718.6,738.0,718.0,732.5,2109134
TATN,2024-03-05,732.5,735.8,728.8,730.4,995643
TATN,2024-03-06,730.2,747.0,729.5,743.3,2230158
TATN,2024-03-07,743.8,752.9,737.8,749.3,2032291
TATN,2024-03-11,751.0,756.4,746.5,753.7,1871727
TATN,2024-03-12,751.1,754.9,746.6,753.2,813132
TATN,2024-03-13,753.2,756.0,742.9,746.6,1338117
TATN,2024-03-14,746.8,751.1,743.1,749.2,1319295
TATN,2024-03-15,749.2,753.4,723.7,725.7,4533383
TATN,2024-03-18,723.6,728.6,713.1,714.9,3426191
TATN,2024-03-19,714.9,720.8,693.4,702.7,4416843
TATN,2024-03-20,704.5,705.6,685.6,695.7,4293637
TATN,2024-03-21,695.7,704.8,690.3,703.7,2898770
TATN,2024-03-22,704.1,711.6,690.4,694.5,3414159
TATN,2024-03-25,694.5,699.9,679.1,689.0,4805992
TATN,2024-03-26,690.0,694.1,683.3,692.8,2501609
TATN,2024-03-27,694.0,695.8,686.0,689.4,2366837
TATN,2024-03-28,689.5,692.9,684.0,687.9,2160929
TATN,2024-03-29,687.0,699.0,686.0,694.3,2222820
TATN,2024-04-01,696.1,713.4,696.1,711.5,2282365
TATN,2024-04-02,711.0,712.8,705.2,709.3,1479410
TATN,2024-04-03,709.3,711.0,701.0,707.2,1979198
TATN,2024-04-04,708.0,716.2,707.0,710.8,2388170
TATN,2024-04-05,712.2,713.3,707.0,709.1,1222051
TATN,2024-04-08,709.2,712.1,707.3,710.8,1049790
TATN,2024-04-09,710.8,715.2,701.6,706.1,1705195
TATN,2024-04-10,706.5,711.9,701.1,709.2,1096031
TATN,2024-04-11,709.0,712.0,707.6,708.9,956278
TATN,2024-04-12,710.3,723.0,707.1,714.9,2549653
TATN,2024-04-15,716.0,740.9,716.0,736.5,4139656
TATN,2024-04-16,738.0,740.8,724.4,728.2,2230568
TATN,2024-04-17,732.4,739.7,717.3,722.6,3039106
TATN,2024-04-18,721.2,723.9,709.8,715.3,2395545
TATN,2024-04-19,716.3,722.2,713.0,716.4,3195531
TATN,2024-04-22,716.0,719.9,706.1,711.4,2632384
TATN,2024-04-23,712.8,729.7,712.4,719.6,5696016
TATN,2024-04-24,720.0,724.0,716.3,717.6,1473905
TATN,2024-04-25,717.8,723.9,715.1,722.2,1418814
TATN,2024-04-26,722.2,723.6,716.0,718.8,1534174
TATN,2024-04-27,718.8,724.4,718.5,720.5,953562
TATN,2024-04-29,722.0,723.3,718.0,720.6,487290
TATN,2024-04-30,722.0,722.0,718.2,718.3,379878
TATN,2024-05-02,718.4,726.3,717.2,719.7,1282601
TATN,2024-05-03,719.9,721.9,717.3,718.4,689228
TATN,2024-05-06,718.4,719.7,711.2,715.1,2294987
TATN,2024-05-07,715.1,721.2,714.0,718.0,1272170
TATN,2024-05-08,718.0,724.2,717.2,721.8,744910
TATN,2024-05-10,722.0,728.9,722.0,728.9,545749
TATN,2024-05-13,730.5,735.2,725.4,729.8,1575786
TATN,2024-05-14,730.0,732.8,725.6,731.2,1033034
TATN,2024-05-15,731.5,742.1,731.5,739.7,1636634
TATN,2024-05-16,740.0,752.0,739.5,751.9,1664740
TATN,2024-05-17,752.0,752.1,741.5,746.5,958019
TATN,2024-05-20,747.9,748.4,730.2,733.4,1682419
TATN,2024-05-21,731.0,739.0,726.4,734.2,1676597
TATN,2024-05-22,735.7,748.5,734.1,745.8,1278247
TATN,2024-05-23,745.8,747.0,738.1,743.4,933332
TATN,2024-05-24,744.8,745.1,720.1,732.1,3744040
TATN,2024-05-27,732.0,732.8,705.2,713.0,2763246
TATN,2024-05-28,713.0,725.8,703.7,710.8,2580081
TATN,2024-05-29,710.0,717.0,705.3,715.2,955209
TATN,2024-05-30,715.6,720.4,696.4,702.8,1716749
TATN,2024-05-31,703.0,706.9,688.0,688.5,2431452
TATN,2024-06-03,688.4,696.4,673.1,685.5,3241271
TATN,2024-06-04,685.5,696.0,675.0,694.0,2489415
TATN,2024-06-05,694.1,704.0,687.7,691.6,1948881
TATN,2024-06-06,691.7,697.0,684.2,692.9,1537593
TATN,2024-06-07,692.9,712.5,689.5,695.7,2877115
TATN,2024-06-10,698.6,701.6,685.1,686.3,1446324
TATN,2024-06-11,686.3,699.9,670.5,693.2,2374648
TATN,2024-06-13,677.9,695.0,655.0,678.0,4033397
TATN,2024-06-14,678.0,699.9,671.0,695.3,2074552
TATN,2024-06-17,700.0,701.5,684.2,688.3,1864776
TATN,2024-06-18,688.3,691.9,676.0,679.8,1715147
TATN,2024-06-19,677.0,684.7,642.0,657.2,2901827
TATN,2024-06-20,658.4,688.0,655.2,688.0,10084896
TATN,2024-06-21,689.0,693.8,680.5,688.2,1946816
TATN,2024-06-24,688.3,689.0,679.2,681.1,1001939
TATN,2024-06-25,682.1,696.5,677.0,694.4,1500661
TATN,2024-06-26,697.2,704.2,690.5,701.5,1402739
TATN,2024-06-27,703.0,710.3,694.9,702.7,1696786
TATN,2024-06-28,705.0,706.9,698.0,699.9,878531
TATN,2024-07-01,701.3,715.0,700.8,710.9,1184396
TATN,2024-07-02,710.9,712.6,708.0,710.4,1045016
TATN,2024-07-03,711.8,712.8,704.1,704.1,964964
TATN,2024-07-04,702.8,706.9,692.1,699.1,882096
TATN,2024-07-05,699.1,703.0,688.8,692.1,1389290
TATN,2024-07-08,692.1,695.3,688.9,695.3,1517346
TATN,2024-07-09,673.3,673.9,658.9,660.5,2545864
TATN,2024-07-10,660.5,666.6,627.6,635.1,3187030
TATN,2024-07-11,635.1,663.2,633.3,650.4,2291791
TATN,2024-07-12,651.1,664.7,646.0,653.9,2051530
TATN,2024-07-15,655.2,658.0,641.0,643.8,1794948
TATN,2024-07-16,642.5,664.0,638.0,648.5,3198991
TATN,2024-07-17,649.8,654.9,641.2,650.2,1334089
TATN,2024-07-18,650.0,661.9,645.2,661.7,1241373
TATN,2024-07-19,662.7,666.0,657.3,662.7,1678049
TATN,2024-07-22,665.9,670.0,661.3,663.2,1803233
TATN,2024-07-23,663.0,665.2,657.1,663.6,820095
TATN,2024-07-24,663.7,669.7,660.9,667.5,1370348
TATN,2024-07-25,667.5,668.3,656.0,657.6,1526694
TATN,2024-07-26,657.6,662.0,643.3,650.3,2753147
TATN,2024-07-29,647.0,653.9,638.0,646.7,2080578
TATN,2024-07-30,645.4,652.0,632.1,641.6,3444760
TATN,2024-07-31,642.9,645.2,630.2,638.8,2105404
TATN,2024-08-01,638.8,641.5,630.0,630.9,981330
TATN,2024-08-02,629.0,634.0,620.6,622.9,1390893
TATN,2024-08-05,610.0,618.0,606.0,608.8,2341108
TATN,2024-08-06,611.9,618.3,605.3,607.1,2192736
TATN,2024-08-07,608.3,627.4,600.8,623.6,2224434
TATN,2024-08-08,622.3,624.8,609.5,613.8,1348204
TATN,2024-08-09,613.5,621.8,607.2,610.0,1498809
TATN,2024-08-12,610.0,610.7,601.7,604.5,3408941
TATN,2024-08-13,605.7,614.7,604.0,609.1,2888328
TATN,2024-08-14,609.3,624.5,606.2,613.1,5016259
TATN,2024-08-15,613.4,618.2,608.0,608.5,2184503
TATN,2024-08-16,609.0,612.0,599.0,600.8,2687040
TATN,2024-08-19,602.1,606.3,587.0,591.6,2072202
TATN,2024-08-20,591.2,599.6,577.0,586.9,4293304
TATN,2024-08-21,587.0,605.0,585.9,603.5,4045855
TATN,2024-08-22,603.5,606.3,595.4,601.7,2040703
TATN,2024-08-23,604.0,605.9,586.5,596.6,3458376
TATN,2024-08-26,606.3,616.6,600.5,607.8,3799663
TATN,2024-08-27,609.0,616.0,606.3,611.6,2371178
TATN,2024-08-28,611.6,613.9,598.1,604.1,2300402
TATN,2024-08-29,604.1,608.2,595.1,599.0,2363879
TATN,2024-08-30,600.2,602.1,586.6,590.0,1910327
TATN,2024-09-02,588.8,590.0,555.0,565.0,3856401
TATN,2024-09-03,565.0,575.9,556.0,564.1,3231148
TATN,2024-09-04,565.0,583.4,563.2,583.4,2037861
TATN,2024-09-05,588.0,590.9,577.8,581.2,1720032
TATN,2024-09-06,582.0,592.8,579.1,588.9,1694428
TATN,2024-09-09,590.1,610.6,590.0,610.5,1789792
TATN,2024-09-10,610.8,611.5,591.1,595.8,1748057
TATN,2024-09-11,596.1,598.8,584.5,590.7,1679292
TATN,2024-09-12,590.7,594.1,582.2,593.4,1656829
TATN,2024-09-13,594.2,610.6,582.9,607.3,3044848
TATN,2024-09-16,610.2,623.0,607.5,621.2,2213805
TATN,2024-09-17,622.5,636.2,614.7,635.4,2680826
TATN,2024-09-18,636.6,637.6,623.7,626.8,2232363
TATN,2024-09-19,628.1,630.6,620.4,624.2,3147672
TATN,2024-09-20,624.7,633.6,624.5,631.7,2224538
TATN,2024-09-23,633.1,647.7,633.0,641.1,2779159
TATN,2024-09-24,644.0,647.0,633.3,642.0,2739583
TATN,2024-09-25,643.5,647.5,635.5,640.0,2441526
TATN,2024-09-26,639.3,645.9,633.6,639.5,1948932
TATN,2024-09-27,640.2,644.7,640.1,644.0,955474
TATN,2024-09-30,647.0,650.0,639.2,641.4,1804526
TATN,2024-10-01,642.7,649.1,635.5,646.6,1843556
TATN,2024-10-02,649.1,665.1,639.6,649.7,5225669
TATN,2024-10-03,649.6,652.0,636.0,649.0,3579648
TATN,2024-10-04,649.6,661.7,648.1,659.1,2613960
TATN,2024-10-07,660.5,663.0,651.8,661.9,3312331
TATN,2024-10-08,627.6,631.0,619.2,622.6,6235139
TATN,2024-10-09,622.6,624.6,608.3,613.2,2566636
TATN,2024-10-10,613.4,621.4,610.4,618.8,1701413
TATN,2024-10-11,618.7,619.9,611.0,614.3,1594333
TATN,2024-10-14,610.0,615.0,602.3,610.6,3820098
TATN,2024-10-15,610.0,613.4,603.5,608.6,3003697
TATN,2024-10-16,609.4,611.9,594.2,603.1,3480297
TATN,2024-10-17,603.0,603.8,591.8,593.0,2213605
TATN,2024-10-18,592.9,596.7,589.3,595.8,2189661
TATN,2024-10-21,595.8,597.6,591.3,595.2,1348448
TATN,2024-10-22,594.7,600.5,591.7,592.9,1694218
TATN,2024-10-23,591.7,594.0,585.0,587.0,1503900
TATN,2024-10-24,586.7,588.7,575.2,586.6,1992096
TATN,2024-10-25,586.0,589.5,572.2,572.4,3769437
TATN,2024-10-28,569.5,573.5,540.5,542.4,4190573
TATN,2024-10-29,542.4,555.0,542.1,547.2,3507379
TATN,2024-10-30,549.2,552.7,538.1,538.3,3064811
TATN,2024-10-31,533.0,546.7,530.0,536.0,3129445
TATN,2024-11-01,536.0,545.0,532.2,536.0,3218413
TATN,2024-11-02,536.1,550.7,536.0,550.5,1669188
TATN,2024-11-05,552.2,558.0,548.0,548.4,3069003
TATN,2024-11-06,557.1,576.0,554.1,567.6,3589947
TATN,2024-11-07,568.7,580.0,557.3,578.0,4082055
TATN,2024-11-08,580.4,596.0,572.6,595.5,3782203
TATN,2024-11-11,599.0,604.5,588.8,592.0,5365719
TATN,2024-11-12,590.7,599.5,584.9,592.5,3450828
TATN,2024-11-13,592.5,599.4,581.4,583.2,3087678
TATN,2024-11-14,580.2,588.9,561.4,569.9,6116195
TATN,2024-11-15,568.3,578.0,566.4,576.1,1820937
TATN,2024-11-18,571.1,571.1,556.0,562.4,2782306
TATN,2024-11-19,562.5,565.0,540.0,545.2,3270101
TATN,2024-11-20,545.7,557.0,531.6,536.9,2978001
TATN,2024-11-21,537.3,544.7,525.2,543.5,2528006
TATN,2024-11-22,544.0,546.1,534.0,541.9,1793666
TATN,2024-11-25,542.0,543.2,512.2,515.3,4561276
TATN,2024-11-26,515.3,519.0,498.1,506.0,3798296
TATN,2024-11-27,506.1,519.4,499.0,519.0,4853376
TATN,2024-11-28,522.1,540.8,508.5,534.3,4016343
TATN,2024-11-29,534.4,549.0,531.1,544.9,3329625
TATN,2024-12-02,545.0,557.0,545.0,548.5,2567491
TATN,2024-12-03,549.6,552.0,534.7,538.5,2200260
TATN,2024-12-04,538.5,549.7,520.0,521.6,2692832
TATN,2024-12-05,522.0,554.8,520.2,547.5,4756370
TATN,2024-12-06,548.6,565.0,545.0,558.9,3781171
TATN,2024-12-09,560.4,575.5,560.4,566.2,3634459
TATN,2024-12-10,565.0,568.8,556.0,564.9,4751346
TATN,2024-12-11,564.5,574.9,561.7,574.1,3166378
TATN,2024-12-12,574.0,581.6,556.5,557.8,3476614
TATN,2024-12-13,557.8,573.7,553.3,571.6,2585816
TATN,2024-12-16,569.2,573.4,545.8,550.0,3923158
TATN,2024-12-17,548.9,564.0,548.4,556.2,3036386
TATN,2024-12-18,556.2,573.1,555.8,569.3,2587272
TATN,2024-12-19,570.5,583.0,557.5,563.9,9354498
TATN,2024-12-20,563.9,603.8,562.7,599.9,7608746
TATN,2024-12-23,605.0,638.7,605.0,636.0,4375644
TATN,2024-12-24,637.0,638.5,621.0,625.3,4038865
TATN,2024-12-25,625.0,634.6,617.0,629.2,2706440
TATN,2024-12-26,630.0,635.0,626.8,630.9,2339816
TATN,2024-12-27,631.9,637.4,628.6,635.8,1880112
TATN,2024-12-28,637.0,654.8,636.9,652.4,2071454
TATN,2024-12-30,653.5,695.7,653.5,688.9,3838046
TATN,2025-01-03,693.2,693.2,663.0,668.7,1735875
TATN,2025-01-06,668.7,670.3,655.7,666.2,1662424
TATN,2025-01-08,648.9,660.8,647.4,654.7,1364781
TATN,2025-01-09,653.5,659.3,631.4,633.9,1866541
TATN,2025-01-10,633.9,664.8,633.6,653.5,5142015
TATN,2025-01-13,657.0,674.0,655.2,667.9,4306097
TATN,2025-01-14,666.0,670.8,660.0,667.9,1968571
TATN,2025-01-15,668.0,671.6,649.5,670.6,2321557
TATN,2025-01-16,670.8,683.4,670.8,677.1,2496222
TATN,2025-01-17,678.7,682.7,669.3,673.6,2407712
TATN,2025-01-20,676.1,684.8,671.3,676.0,4011980
TATN,2025-01-21,677.4,682.0,674.4,681.0,1649460
TATN,2025-01-22,681.0,691.1,674.5,681.5,2932558
TATN,2025-01-23,681.0,688.8,679.0,686.4,1879160
TATN,2025-01-24,686.4,687.4,677.0,682.6,1402261
TATN,2025-01-27,682.7,682.9,661.1,667.5,2051443
TATN,2025-01-28,667.5,680.5,655.9,677.8,1903805
TATN,2025-01-29,677.8,683.7,673.4,679.0,1289513
TATN,2025-01-30,678.4,691.0,677.7,690.7,1670192
TATN,2025-01-31,689.9,694.3,680.0,683.9,1933820
TATN,2025-02-03,683.9,689.9,677.4,685.5,1875221
TATN,2025-02-04,685.0,693.0,683.2,686.7,2036546
TATN,2025-02-05,685.5,692.0,674.5,690.6,2441951
TATN,2025-02-06,691.4,699.3,682.7,695.8,2644377
TATN,2025-02-07,697.0,704.6,688.6,697.0,2463382
TATN,2025-02-10,698.0,707.0,696.8,700.3,1847502
TATN,2025-02-11,700.3,707.0,700.0,702.8,1577241
TATN,2025-02-12,702.6,739.0,693.7,737.0,4487716
TATN,2025-02-13,735.6,752.8,708.0,711.6,5051260
TATN,2025-02-14,698.7,738.7,675.0,716.9,4686293
TATN,2025-02-17,720.5,749.1,717.9,748.9,2292966
TATN,2025-02-18,749.1,750.0,731.9,737.5,2663448
TATN,2025-02-19,737.6,749.9,728.1,744.5,1525934
TATN,2025-02-20,744.5,750.3,736.8,745.3,1610587
TATN,2025-02-21,745.7,759.4,742.0,754.4,2791099
TATN,2025-02-24,749.9,757.6,742.1,752.8,2432343
TATN,2025-02-25,752.8,769.8,749.1,764.3,3694060
TATN,2025-02-26,764.3,769.5,729.0,737.3,3651745
TATN,2025-02-27,737.3,741.8,710.0,713.0,2560796
TATN,2025-02-28,713.0,740.7,704.2,732.4,2920350
TATN,2025-03-03,732.7,739.2,703.9,711.3,3464122
TATN,2025-03-04,711.3,725.0,705.8,714.7,3582671
TATN,2025-03-05,715.0,722.5,703.5,705.0,2649855
TATN,2025-03-06,705.1,709.8,692.2,700.5,2652853
TATN,2025-03-07,700.5,710.0,680.4,693.0,3331904
TATN,2025-03-10,693.0,698.6,680.6,683.6,1579222
TATN,2025-03-11,684.1,697.3,679.2,694.7,1662192
TATN,2025-03-12,694.7,699.5,683.2,694.1,1355978
TATN,2025-03-13,694.2,723.2,686.0,710.3,4233680
TATN,2025-03-14,709.0,719.3,701.7,715.8,2977642
TATN,2025-03-17,715.0,731.5,709.2,714.8,3227161
TATN,2025-03-18,715.2,717.3,698.0,705.0,3430002
TATN,2025-03-19,705.0,709.3,695.0,699.9,2534617
TATN,2025-03-20,699.7,703.0,677.3,688.6,5695496
TATN,2025-03-21,687.1,695.0,681.0,693.9,2060366
TATN,2025-03-24,693.0,694.2,683.9,686.6,1589648
TATN,2025-03-25,685.7,701.0,675.1,697.9,2332212
TATN,2025-03-26,697.9,704.0,682.0,684.5,1564046
TATN,2025-03-27,684.5,686.4,675.6,675.9,1540875
TATN,2025-03-28,675.9,689.2,667.1,687.6,3223465
TATN,2025-03-31,686.8,688.1,661.0,673.3,2680202
TATN,2025-04-01,673.3,678.0,653.0,653.5,1826718
TATN,2025-04-02,654.0,673.9,640.0,673.2,3308311
TATN,2025-04-03,672.9,672.9,640.2,649.4,3359167
TATN,2025-04-04,652.9,654.8,614.0,618.2,4429644
TATN,2025-04-07,615.7,639.2,581.5,636.3,7453701
TATN,2025-04-08,638.1,649.8,616.7,621.1,3328972
TATN,2025-04-09,619.8,645.3,603.0,638.2,5588521
TATN,2025-04-10,639.4,659.5,621.6,655.8,6860323
TATN,2025-04-11,655.4,686.9,653.4,686.9,5138440
TATN,2025-04-14,689.0,697.3,677.2,686.4,3609097
TATN,2025-04-15,684.0,689.6,674.6,684.1,2065820
TATN,2025-04-16,684.4,693.6,675.5,685.9,1869325
TATN,2025-04-17,686.0,697.3,676.5,694.0,2786319
TATN,2025-04-18,690.0,698.7,680.0,693.4,2015043
TATN,2025-04-21,694.4,707.7,690.3,706.6,2282471
TATN,2025-04-22,708.1,710.0,695.1,703.5,2903189
TATN,2025-04-23,703.5,705.8,685.0,693.7,2402406
TATN,2025-04-24,696.1,699.2,687.0,690.5,1171091
TATN,2025-04-25,689.8,720.5,689.3,719.5,3146174
TATN,2025-04-28,719.5,733.8,707.4,725.4,3085823
TATN,2025-04-29,725.4,730.0,709.0,723.1,2415726
TATN,2025-04-30,721.9,727.0,701.9,714.9,3342596
TATN,2025-05-02,714.9,714.9,696.3,698.9,1610703
TATN,2025-05-05,700.8,703.8,673.7,680.0,3179803
TATN,2025-05-06,683.3,695.0,669.0,685.0,2290853
TATN,2025-05-07,686.3,698.0,680.7,691.6,2608179
TATN,2025-05-08,691.6,699.8,690.4,696.8,682973
TATN,2025-05-12,697.7,724.6,697.7,720.9,2688798
TATN,2025-05-13,720.6,722.8,712.5,715.8,1772681
TATN,2025-05-14,717.0,720.2,700.0,700.5,1384442
TATN,2025-05-15,701.0,706.9,689.6,695.7,1938479
TATN,2025-05-16,695.0,710.8,682.2,699.0,2692716
TATN,2025-05-19,700.8,713.9,697.7,703.9,2000061
TATN,2025-05-20,702.7,705.3,688.0,690.9,1480161
TATN,2025-05-21,691.4,699.9,687.4,691.4,1455684
TATN,2025-05-22,691.4,699.0,678.3,692.7,2849181
TATN,2025-05-23,692.7,699.0,686.0,690.7,1834741
TATN,2025-05-26,690.4,690.4,674.0,678.6,1363026
TATN,2025-05-27,678.6,685.9,670.1,680.1,1066142
TATN,2025-05-28,681.0,690.0,672.0,685.8,2326949
TATN,2025-05-29,686.0,698.0,682.0,687.8,2648442
TATN,2025-05-30,687.0,706.7,683.6,704.8,3341424
TATN,2025-06-02,655.0,666.8,640.0,656.5,4997871
TATN,2025-06-03,655.3,662.0,652.9,661.7,2298202
TATN,2025-06-04,662.2,664.0,651.1,656.7,2877541
TATN,2025-06-05,659.1,661.5,653.0,654.3,1395943
TATN,2025-06-06,654.6,670.0,638.4,639.1,4424025
TATN,2025-06-09,642.7,645.7,625.2,640.2,2298883
TATN,2025-06-10,641.3,643.4,620.0,626.0,1957342
TATN,2025-06-11,626.0,633.2,618.0,622.9,1119275
TATN,2025-06-13,640.0,657.2,624.6,654.7,2398894
TATN,2025-06-16,660.2,674.2,642.0,646.0,4178089
TATN,2025-06-17,646.0,666.0,644.5,663.6,1815993
TATN,2025-06-18,667.5,667.5,658.2,660.8,1406198
TATN,2025-06-19,660.8,663.0,648.2,655.5,3354384
TATN,2025-06-20,654.7,659.3,644.8,651.5,1817036
TATN,2025-06-23,660.0,664.0,641.7,642.5,2192966
TATN,2025-06-24,639.8,648.0,630.0,647.0,2479106
TATN,2025-06-25,647.0,659.8,643.9,655.3,1418038
TATN,2025-06-26,654.0,659.9,651.9,653.0,945090
TATN,2025-06-27,651.5,672.0,649.8,670.2,2326776
TATN,2025-06-30,669.0,674.2,662.2,670.1,1719068
TATN,2025-07-01,670.7,671.9,650.8,653.9,2690859
TATN,2025-07-02,654.2,656.7,643.0,646.3,1692999
TATN,2025-07-03,647.7,653.7,636.6,637.2,1615934
TATN,2025-07-04,637.2,649.2,632.3,642.0,1867565
TATN,2025-07-07,642.0,643.5,633.4,639.2,1093358
TATN,2025-07-08,635.0,640.4,619.6,621.2,2485747
TATN,2025-07-09,621.0,628.7,608.1,614.2,2297085
TATN,2025-07-10,615.0,627.5,610.6,623.8,1057917
TATN,2025-07-11,622.3,626.6,604.0,608.1,1697666
TATN,2025-07-14,610.0,639.8,596.9,624.6,2816379
TATN,2025-07-15,625.1,629.7,624.0,628.1,988307
TATN,2025-07-16,628.1,636.3,624.0,628.8,1312566
TATN,2025-07-17,628.9,636.0,626.6,632.9,1040515
TATN,2025-07-18,629.6,661.6,629.6,659.9,4036337
TATN,2025-07-21,661.8,668.0,652.7,660.9,1812064
TATN,2025-07-22,661.0,667.0,653.2,666.5,1256865
TATN,2025-07-23,666.9,676.0,666.9,671.6,1711859
TATN,2025-07-24,672.8,677.4,664.6,669.6,1343278
TATN,2025-07-25,668.0,674.8,650.3,664.0,2575728
TATN,2025-07-28,663.8,666.7,647.4,650.3,2311071
TATN,2025-07-29,652.9,652.9,639.9,644.2,1850073
TATN,2025-07-30,644.2,648.9,640.0,646.0,1012615
TATN,2025-07-31,644.4,648.1,638.9,647.0,1198183
TATN,2025-08-01,647.0,652.3,643.7,651.1,1682697
TATN,2025-08-04,651.4,660.5,648.3,658.6,1367437
TATN,2025-08-05,661.6,668.9,654.5,668.7,1143992
TATN,2025-08-06,669.0,710.0,651.7,688.6,4399127
TATN,2025-08-07,686.2,711.7,679.6,703.0,5491030
TATN,2025-08-08,703.4,731.4,695.2,728.7,3879237
TATN,2025-08-11,729.0,746.0,718.1,721.2,3518871
TATN,2025-08-12,722.0,726.9,717.2,723.2,1411525
TATN,2025-08-13,723.0,726.3,710.1,712.5,1808772
TATN,2025-08-14,712.5,724.0,708.6,721.6,1916117
TATN,2025-08-15,722.6,730.0,717.3,725.4,1136685
TATN,2025-08-18,715.0,718.7,695.1,706.2,5123703
TATN,2025-08-19,708.0,715.0,697.7,698.3,2196565
TATN,2025-08-20,698.4,703.5,691.5,694.3,1341526
TATN,2025-08-21,694.1,698.0,677.8,681.2,1978379
TATN,2025-08-22,683.0,684.9,667.0,675.0,2882319
TATN,2025-08-25,676.3,678.3,659.1,665.5,1503173
TATN,2025-08-26,665.5,674.2,656.0,660.2,1312519
TATN,2025-08-27,662.3,662.3,651.7,653.7,2715706
TATN,2025-08-28,653.7,656.5,644.5,647.7,1919205
TATN,2025-08-29,645.6,653.0,642.3,651.3,1484423
TATN,2025-09-01,653.0,662.4,649.1,651.0,1222942
TATN,2025-09-02,651.0,652.8,640.1,647.0,1363003
TATN,2025-09-03,647.0,657.7,640.0,653.9,1284221
TATN,2025-09-04,653.0,657.0,648.4,655.4,961183
TATN,2025-09-05,656.0,665.8,655.2,664.3,1129251
TATN,2025-09-08,664.3,666.0,655.0,658.7,1329138
TATN,2025-09-09,658.9,661.6,653.3,657.3,1095422
TATN,2025-09-10,657.3,661.1,650.0,650.1,1196492
TATN,2025-09-11,650.1,664.7,650.1,655.1,1327028
TATN,2025-09-12,655.2,660.0,640.0,645.5,2249172
TATN,2025-09-15,645.5,646.8,635.4,641.9,1674182
TATN,2025-09-16,642.8,646.7,629.6,631.7,2900939
TATN,2025-09-17,631.5,634.3,626.1,629.3,1434182
TATN,2025-09-18,630.5,632.6,618.1,620.4,4124752
TATN,2025-09-19,620.4,624.2,615.7,616.5,1629923
TATN,2025-09-22,616.5,625.1,607.5,623.9,1220303
TATN,2025-09-23,623.7,627.5,606.7,610.3,1314665
TATN,2025-09-24,612.5,631.7,605.7,627.2,1504597
TATN,2025-09-25,625.7,635.8,624.7,627.3,1467227
TATN,2025-09-26,627.3,648.0,620.8,645.9,2228742
TATN,2025-09-29,645.9,647.5,630.0,632.1,2576477
TATN,2025-09-30,630.6,636.6,622.3,630.0,1844213
TATN,2025-10-01,630.1,633.9,611.6,614.6,1313160
TATN,2025-10-02,614.6,616.0,598.3,600.0,1638755
TATN,2025-10-03,602.8,605.9,581.0,581.8,1271256
TATN,2025-10-06,581.8,593.2,568.2,591.9,3376056
TATN,2025-10-07,592.9,598.7,585.4,598.0,1891308
TATN,2025-10-08,598.0,602.7,571.9,578.0,2200748
TATN,2025-10-09,579.0,610.6,568.0,607.7,2729511
TATN,2025-10-10,607.8,610.9,580.3,581.9,2167712
TATN,2025-10-13,581.9,596.0,578.0,595.3,2851979
TATN,2025-10-14,580.5,580.7,555.6,557.5,2740600
TATN,2025-10-15,557.2,561.0,539.7,542.2,2189159
TATN,2025-10-16,542.4,589.1,535.5,589.1,4778074
TATN,2025-10-17,589.5,612.0,581.1,606.6,3414106
TATN,2025-10-20,606.4,618.4,600.4,607.6,1502036
TATN,2025-10-21,606.5,612.6,568.0,596.5,2844806
TATN,2025-10-22,594.6,595.6,565.0,580.4,2174699
TATN,2025-10-23,570.0,578.4,559.1,565.5,1899147
TATN,2025-10-24,565.5,573.6,549.7,557.1,1827884
TATN,2025-10-27,556.1,556.5,516.0,517.1,2945995
TATN,2025-10-28,517.1,526.2,511.1,519.8,3353073
TATN,2025-10-29,522.3,540.5,516.4,536.9,3041385
TATN,2025-10-30,536.4,549.8,528.8,544.5,2160083
TATN,2025-10-31,543.4,550.0,522.7,531.9,1616963
TATN,2025-11-01,532.1,539.6,529.4,537.4,884160
TATN,2025-11-03,538.2,556.8,537.6,553.0,1112501
TATN,2025-11-05,551.4,554.8,541.8,546.8,1475694
TATN,2025-11-06,545.7,548.7,537.0,541.6,1312792
TATN,2025-11-07,539.4,564.8,535.1,562.5,2771165
TATN,2025-11-10,563.4,568.1,555.3,557.0,1735809
TATN,2025-11-11,560.5,565.8,549.5,561.2,1159964
TATN,2025-11-12,561.2,563.1,548.2,550.3,975405
TATN,2025-11-13,551.0,553.5,545.1,549.0,1058280
TATN,2025-11-14,549.0,552.3,543.0,547.3,994843
TATN,2025-11-17,547.5,551.4,540.0,544.5,1193764
TATN,2025-11-18,544.9,573.8,542.2,564.9,3833222
TATN,2025-11-19,564.9,608.7,557.8,598.3,6657922
TATN,2025-11-20,596.0,646.2,593.7,628.8,6091119
TATN,2025-11-21,628.8,632.7,603.3,626.0,3707619
TATN,2025-11-24,629.4,630.0,597.0,601.0,3199670
TATN,2025-11-25,601.1,608.5,587.8,600.4,2877382
TATN,2025-11-26,600.4,603.0,590.3,592.8,1110153
TATN,2025-11-27,592.8,599.5,575.7,576.6,1833951
TATN,2025-11-28,576.4,604.0,576.4,602.5,2423199
TATN,2025-12-01,601.8,608.0,590.0,595.4,2367807
TATN,2025-12-02,595.4,602.8,590.8,598.4,1194836
TATN,2025-12-03,592.3,592.8,581.5,588.4,1781833
TATN,2025-12-04,590.2,596.0,586.5,588.3,855649
TATN,2025-12-05,588.1,610.0,587.8,605.8,2692484
TATN,2025-12-08,603.8,610.9,587.5,590.3,2431455
TATN,2025-12-09,590.2,608.7,585.0,598.4,2143349
TATN,2025-12-10,598.4,603.6,595.5,597.3,1358131
TATN,2025-12-11,597.3,611.5,597.1,607.0,2001748
TATN,2025-12-12,607.0,615.5,597.1,597.1,2686053
TATN,2025-12-15,598.6,611.5,596.0,608.7,2076783
TATN,2025-12-16,608.7,613.4,604.4,608.3,1382778
TATN,2025-12-17,608.3,614.0,597.2,604.2,1653100
TATN,2025-12-18,604.5,605.5,582.5,589.0,3815306
TATN,2025-12-19,589.0,597.5,581.0,585.9,2968786
TATN,2025-12-22,585.9,588.3,571.0,575.1,1853318
TATN,2025-12-23,574.7,580.6,570.5,576.5,1054218
TATN,2025-12-24,578.0,579.1,571.2,572.9,771695
TATN,2025-12-25,571.7,573.7,563.8,568.8,1038481
TATN,2025-12-26,567.9,584.3,567.9,584.3,1333638
TATN,2025-12-29,584.8,592.7,568.1,572.3,2746319
TATN,2025-12-30,572.5,581.8,570.5,580.7,1846160
TATN,2026-01-05,577.6,580.0,570.6,576.9,777492
TATN,2026-01-06,577.8,582.2,572.7,574.7,691235
TATN,2026-01-08,570.5,575.8,569.0,569.8,662593
TATN,2026-01-09,564.8,564.8,560.1,562.4,626666
TATN,2026-01-12,562.3,564.9,556.6,558.0,905804
TATN,2026-01-13,558.0,559.3,543.2,546.8,1646334
TATN,2026-01-14,553.0,562.7,540.5,557.1,2215373
TATN,2026-01-15,556.0,565.5,555.8,564.0,1627362
TATN,2026-01-16,565.3,566.2,557.6,560.7,1953133
TATN,2026-01-19,560.1,563.0,555.0,555.5,1062444
TATN,2026-01-20,555.5,556.8,549.2,553.4,1179330
TATN,2026-01-21,553.4,566.7,549.5,565.6,1259403
TATN,2026-01-22,565.6,570.5,558.1,563.8,1741132
TATN,2026-01-23,563.9,570.0,558.7,567.4,915720
TATN,2026-01-26,567.4,569.3,558.9,562.8,1503263
TATN,2026-01-27,564.9,573.0,559.1,572.5,1334141
TATN,2026-01-28,572.5,579.4,571.1,573.4,1938273
TATN,2026-01-29,573.5,589.1,570.6,578.5,3725720
TATN,2026-01-30,578.5,581.9,569.7,574.1,1520467
TATN,2026-02-02,575.5,580.2,563.3,569.8,1618242
TATN,2026-02-03,569.1,571.1,562.3,567.6,959649
TATN,2026-02-04,567.6,576.5,561.6,566.7,1632902
TATN,2026-02-05,566.0,568.9,555.4,561.4,2003457
TATN,2026-02-06,561.3,564.0,555.6,557.5,796229
TATN,2026-02-09,557.5,558.9,547.0,549.0,1059221
TATN,2026-02-10,549.4,552.7,541.0,542.2,1189593
TATN,2026-02-11,542.2,551.2,541.0,543.7,2394037
TATN,2026-02-12,545.1,555.0,542.6,548.1,1492822
TATN,2026-02-13,549.4,553.0,543.7,546.9,1536919
TATN,2026-02-16,548.9,553.0,546.0,546.8,841838
TATN,2026-02-17,548.1,551.4,544.0,545.2,1128416
TATN,2026-02-18,546.0,547.9,539.3,545.6,1387986
TATN,2026-02-19,547.6,550.3,543.3,543.5,1131662
TATN,2026-02-20,544.0,546.1,539.0,542.0,1088872
TATN,2026-02-24,542.4,548.1,539.5,542.5,1361400
TATN,2026-02-25,543.0,544.4,539.1,541.3,1157335
TATN,2026-02-26,541.3,543.0,537.5,539.6,1202026
TATN,2026-02-27,540.3,547.0,537.8,543.0,1728167
TATN,2026-03-02,547.0,607.8,545.3,606.8,18460555
TATN,2026-03-03,607.4,643.1,607.4,617.5,20372629
TATN,2026-03-04,617.5,628.0,600.1,609.3,7835974
TATN,2026-03-05,613.1,629.7,608.3,626.0,6683402
TATN,2026-03-06,626.0,646.7,621.2,642.9,9397663
TATN,2026-03-09,670.0,694.1,643.0,646.6,12505727
TATN,2026-03-10,649.0,656.9,621.9,634.1,9958265
TATN,2026-03-11,630.5,637.4,625.2,629.5,3911736
TATN,2026-03-12,649.5,651.5,632.4,637.5,4051858
TATN,2026-03-13,637.6,641.2,628.6,632.1,2247763
TATN,2026-03-16,633.0,642.4,625.2,629.0,3307515
TATN,2026-03-17,632.3,635.0,627.0,630.2,1442413
TATN,2026-03-18,629.9,645.5,622.2,644.9,5717159
TATN,2026-03-19,645.5,662.7,639.3,653.2,9759189
TATN,2026-03-20,649.1,657.0,648.1,655.7,1954266
TATN,2026-03-23,657.4,670.0,636.8,646.0,4784280
TATN,2026-03-24,646.7,658.8,643.2,652.4,1905790
TATN,2026-03-25,650.0,658.4,646.7,658.4,1648580
TATN,2026-03-26,658.5,668.1,657.1,664.7,2660748
TATN,2026-03-27,664.7,680.8,657.1,671.4,4670519
TATN,2026-03-30,670.8,683.6,664.7,682.5,3691225
TATN,2026-03-31,681.9,681.9,663.2,664.9,2479051
TATN,2026-04-01,664.9,666.8,642.6,651.3,3139611
TATN,2026-04-02,656.0,665.4,647.1,654.5,2505830
TATN,2026-04-03,655.0,661.0,641.6,649.0,1414709
TATN,2026-04-06,649.0,652.2,633.2,649.6,2003073
TATN,2026-04-07,649.6,664.0,647.7,658.0,2368578
TATN,2026-04-08,608.0,635.3,608.0,632.8,3541153
TATN,2026-04-09,633.6,642.1,622.6,624.4,1574063
TATN,2026-04-10,625.4,627.0,610.0,611.1,1304522
TATN,2026-04-13,611.0,642.3,608.4,612.7,2626451
TATN,2026-04-14,614.9,618.8,600.5,603.9,1434755
TATN,2026-04-15,603.7,606.4,591.0,599.0,2000544
TATN,2026-04-16,599.8,604.4,589.4,590.0,1878100
TATN,2026-04-17,590.2,595.8,561.2,567.5,4342252
TATN,2026-04-20,571.8,584.4,568.1,582.7,3224642
TATN,2026-04-21,582.8,594.5,577.5,592.5,1831251
TATN,2026-04-22,591.7,601.7,587.0,598.1,1446923
TATN,2026-04-23,598.1,607.0,598.1,601.5,1738537
TATN,2026-04-24,603.0,607.5,588.1,594.9,1748240
TATN,2026-04-27,594.9,604.0,590.9,604.0,1502502
TATN,2026-04-28,603.6,611.4,592.3,596.9,4087977
TATN,2026-04-29,596.9,599.4,580.1,583.5,3111300
TATN,2026-04-30,583.5,585.6,576.0,581.6,1888080
TATN,2026-05-04,581.6,583.3,561.1,578.8,2492166
TATN,2026-05-05,579.8,584.7,568.0,581.4,1889650
TATN,2026-05-06,582.3,582.8,560.3,565.0,1951006
TATN,2026-05-07,564.8,570.4,557.3,565.3,1306777
TATN,2026-05-08,565.5,576.4,562.1,573.2,754028
TATN,2026-05-11,580.0,584.9,576.3,581.5,694861
TATN,2026-05-12,581.7,601.8,577.3,599.2,1546472
TATN,2026-05-13,598.0,610.0,594.1,606.9,1675312
TATN,2026-05-14,606.5,607.8,598.5,599.0,1136672
TATN,2026-05-15,599.9,610.4,597.6,605.6,1355842
TATN,2026-05-18,602.4,627.2,599.6,625.5,3020169
TATN,2026-05-19,626.6,630.1,620.9,624.8,1437269
TATN,2026-05-20,625.5,626.0,609.5,616.2,2181124
TATN,2026-05-21,615.0,639.5,608.7,634.0,3418095
TATN,2026-05-22,634.0,640.3,620.0,625.8,1922012
TATN,2026-05-25,625.8,629.3,600.1,603.9,3069067
TATN,2026-05-26,607.4,609.8,594.3,602.8,2007319
TATN,2026-05-27,599.4,609.0,594.4,605.6,1605539
TATN,2026-05-28,605.6,615.8,605.0,609.1,2104407
TATN,2026-05-29,609.0,610.0,598.5,602.1,1381694
TATN,2026-06-01,602.1,614.1,601.5,613.4,2000161
TATN,2026-06-02,613.4,616.4,602.9,613.5,2584701
TATN,2026-06-03,615.0,620.3,609.9,612.3,1482222
TATN,2026-06-04,612.0,616.0,606.2,609.9,938702
TATN,2026-06-05,611.7,612.8,604.1,609.0,553147
TATN,2026-06-08,607.7,615.7,591.9,594.8,1890833
TATN,2026-06-09,594.8,606.9,587.1,598.8,1666498
TATN,2026-06-10,600.0,611.7,588.2,604.2,2009074
TATN,2026-06-11,604.2,609.2,596.1,596.4,880370
TATN,2026-06-15,596.0,597.4,570.4,574.8,2657773
TATN,2026-06-16,574.1,577.8,531.0,533.0,6542318
TATN,2026-06-17,533.0,546.9,525.8,543.0,5952954
TATN,2026-06-18,543.0,543.5,518.6,525.0,5332548
TATN,2026-06-19,525.0,540.8,520.9,535.3,4432390
TATN,2026-06-22,537.5,538.5,493.5,497.2,4397109
TATN,2026-06-23,500.0,508.6,491.9,496.0,3681459
TATN,2026-06-24,496.0,499.2,464.4,466.6,5146099
TATN,2026-06-25,466.6,481.5,451.9,468.3,6256135
TATN,2026-06-26,466.1,503.3,453.1,495.5,7467381
TATN,2026-06-29,497.9,523.4,477.3,517.8,5808378
TATN,2026-06-30,515.0,526.7,499.2,505.2,3502962
TATN,2026-07-01,505.2,509.7,482.7,490.8,3925275
TATN,2026-07-02,490.8,490.8,459.1,461.4,3769394
TATN,2026-07-03,461.0,467.4,443.1,451.1,4866363
TATN,2026-07-06,452.7,456.7,420.8,443.4,4582488
TATN,2026-07-07,443.5,467.2,434.0,464.0,5371590
TATN,2026-07-08,464.0,493.2,454.7,492.8,6684452
TATN,2026-07-09,493.5,494.9,460.5,463.0,3191649
TATN,2026-07-10,460.7,474.0,455.7,463.6,3090950
TATN,2026-07-13,463.5,487.8,460.3,479.0,4148304
TATN,2026-07-14,479.5,492.0,478.8,484.8,3019663
TATN,2026-07-15,473.5,476.7,461.1,465.5,2839231
TATN,2026-07-16,465.5,465.5,436.1,436.1,4300323
TATN,2026-07-17,436.0,446.5,407.5,413.0,4374059
TATN,2026-07-20,414.1,446.8,411.9,442.9,7333530
TATN,2026-07-21,444.8,461.1,432.6,456.7,4752619
TATN,2026-07-22,459.6,488.1,450.0,484.2,5202268
TATN,2026-07-23,484.2,504.7,471.1,495.3,6735665
TATN,2026-07-24,494.9,517.9,477.8,516.1,6016021
TATN,2026-07-27,516.1,519.6,491.1,499.3,3671676
TATN,2026-07-28,497.5,506.9,491.5,496.8,2718419
TATN,2026-07-29,500.0,516.8,497.9,513.8,3702959
TATN,2026-07-30,512.7,524.6,510.3,518.4,3407329
TATN,2026-07-31,518.4,527.0,506.1,525.9,3055732
TATN,2026-08-03,520.2,532.8,515.1,529.9,2073187
TATN,2026-08-04,530.0,534.2,519.3,523.2,2982660
TATN,2026-08-05,522.6,530.6,518.3,527.4,3378005
TATN,2026-08-06,529.0,542.0,520.3,541.4,3652873
TATN,2026-08-07,541.4,547.6,530.3,534.8,3249543
TATN,2026-08-10,535.9,561.8,534.1,560.5,3395981
TATN,2026-08-11,559.9,573.5,554.3,571.0,2872017
TATN,2026-08-12,571.0,576.7,561.0,566.5,2724140
TATN,2026-08-13,566.3,571.0,543.2,544.7,3306489
TATN,2026-08-14,545.7,549.7,517.4,519.6,3220705
