symbol,date,open,high,low,close,volume
EFA,2006-07-31,65.93,66.0,65.7468,65.92,3475500
EFA,2006-08-01,65.5,65.6488,64.98,65.46,3778900
EFA,2006-08-02,65.82,66.35,65.82,66.18,3247200
EFA,2006-08-03,65.48,66.25,65.4,66.07,3939100
EFA,2006-08-04,66.54,66.8,65.88,66.12,4047200
EFA,2006-08-07,65.64,65.88,65.5,65.71,2061800
EFA,2006-08-08,65.7,66.21,65.32,65.48,2627000
EFA,2006-08-09,66.37,66.67,65.78,65.8,3065500
EFA,2006-08-10,65.73,65.97,65.47,65.95,3848800
EFA,2006-08-11,65.43,65.65,65.22,65.38,1996200
EFA,2006-08-14,65.89,66.15,65.59,65.6,2221000
EFA,2006-08-15,66.8,67.15,66.68,67.02,2887400
EFA,2006-08-16,67.55,67.7,67.37,67.65,2618500
EFA,2006-08-17,67.55,67.8,67.25,67.38,2464400
EFA,2006-08-18,67.46,67.68,67.17,67.66,2019400
EFA,2006-08-21,67.53,67.8,67.44,67.45,3163500
EFA,2006-08-22,67.2,67.48,67.0,67.26,2552400
EFA,2006-08-23,67.45,67.6,66.9,67.02,2570600
EFA,2006-08-24,67.35,67.39,66.66,66.83,2849700
EFA,2006-08-25,66.82,66.97,66.63,66.78,3690800
EFA,2006-08-28,66.83,67.3,66.76,67.06,3573200
EFA,2006-08-29,67.46,67.68,66.98,67.6,3565000
EFA,2006-08-30,67.88,67.88,67.48,67.6,5866400
EFA,2006-08-31,67.96,67.96,67.5,67.6,5035800
EFA,2006-09-01,67.82,68.22,67.75,68.1,2611300
EFA,2006-09-05,68.38,68.52,68.12,68.36,3383200
EFA,2006-09-06,67.65,67.69,67.23,67.31,3474200
EFA,2006-09-07,66.62,66.9299,66.36,66.53,3539200
EFA,2006-09-08,66.48,66.66,66.36,66.52,2230400
EFA,2006-09-11,66.14,66.4,65.78,66.12,3626400
EFA,2006-09-12,66.38,66.97,66.25,66.88,3787600
EFA,2006-09-13,66.6,66.95,66.48,66.75,2231000
EFA,2006-09-14,66.88,66.96,66.72,66.84,2314600
EFA,2006-09-15,67.05,67.05,66.52,66.63,3204300
EFA,2006-09-18,66.6,67.1,66.5401,66.98,3239400
EFA,2006-09-19,66.9,66.95,66.0,66.36,2981300
EFA,2006-09-20,66.9,67.24,66.85,67.01,2951400
EFA,2006-09-21,67.47,67.51,67.03,67.17,3259600
EFA,2006-09-22,67.31,67.31,66.71,66.84,2685200
EFA,2006-09-25,67.0,67.24,66.25,67.12,6174600
EFA,2006-09-26,66.8,67.3,66.8,67.2,4046900
EFA,2006-09-27,67.5,67.7924,67.48,67.71,3299600
EFA,2006-09-28,67.87,68.0,67.62,67.87,3508000
EFA,2006-09-29,67.85,67.9,67.658,67.75,6423000
EFA,2006-10-02,68.05,68.37,67.9,67.94,4369800
EFA,2006-10-03,67.73,68.22,67.61,68.0,4013800
EFA,2006-10-04,67.83,68.72,67.77,68.69,5653600
EFA,2006-10-05,68.67,68.79,68.12,68.73,6165000
EFA,2006-10-06,68.27,68.41,67.92,68.12,4727600
EFA,2006-10-09,67.96,68.22,67.86,68.15,1671700
EFA,2006-10-10,68.33,68.38,68.01,68.25,2482800
EFA,2006-10-11,68.13,68.6,67.96,68.2,2174200
EFA,2006-10-12,68.5,69.02,68.43,68.95,3457900
EFA,2006-10-13,68.88,69.1,68.68,69.05,2296200
EFA,2006-10-16,69.22,69.35,69.08,69.31,3775800
EFA,2006-10-17,68.99,69.0,68.55,68.88,2322400
EFA,2006-10-18,69.16,69.31,68.8,69.05,3554300
EFA,2006-10-19,69.28,69.6899,69.21,69.57,4728700
EFA,2006-10-20,69.79,69.8401,69.39,69.79,3792600
EFA,2006-10-23,69.34,69.93,69.25,69.85,2221500
EFA,2006-10-24,69.64,69.95,69.56,69.86,3483600
EFA,2006-10-25,69.95,70.45,69.88,70.35,3332400
EFA,2006-10-26,70.72,70.97,70.41,70.89,5856600
EFA,2006-10-27,70.7,70.76,70.3,70.4,5966100
EFA,2006-10-30,70.18,70.41,70.0399,70.25,2264000
EFA,2006-10-31,70.18,70.48,70.0799,70.29,2783000
EFA,2006-11-01,70.92,70.99,70.06,70.2,5579400
EFA,2006-11-02,70.19,70.47,70.12,70.43,3685800
EFA,2006-11-03,70.45,70.5,70.07,70.16,3242300
EFA,2006-11-06,70.64,71.22,70.51,71.2,5598700
EFA,2006-11-07,71.47,71.77,71.19,71.28,6005500
EFA,2006-11-08,70.9,71.4,70.75,71.3,3607400
EFA,2006-11-09,71.01,71.3,70.83,70.94,3768800
EFA,2006-11-10,71.25,71.3,71.05,71.22,4116400
EFA,2006-11-13,70.88,71.02,70.71,70.77,4064600
EFA,2006-11-14,71.44,71.5899,70.88,71.55,6901700
EFA,2006-11-15,71.1,71.64,71.0,71.53,2810700
EFA,2006-11-16,71.42,71.45,71.18,71.38,3451900
EFA,2006-11-17,70.73,71.17,70.45,71.17,3346400
EFA,2006-11-20,70.54,70.74,70.44,70.63,3933700
EFA,2006-11-21,70.79,71.04,70.68,70.98,3291700
EFA,2006-11-22,71.58,71.7,71.3899,71.67,4944600
EFA,2006-11-24,71.35,71.67,71.29,71.29,3341800
EFA,2006-11-27,71.45,71.5,70.63,70.7,4632000
EFA,2006-11-28,70.8,71.36,70.78,71.33,5369000
EFA,2006-11-29,71.95,72.17,71.74,72.14,4843500
EFA,2006-11-30,72.5,72.66,72.19,72.45,7728700
EFA,2006-12-01,72.54,72.57,71.83,72.36,4977800
EFA,2006-12-04,72.3,72.95,72.2,72.83,4143500
EFA,2006-12-05,72.94,73.3,72.81,73.24,13172300
EFA,2006-12-06,72.95,73.23,72.8524,73.08,4641000
EFA,2006-12-07,73.66,73.72,73.25,73.33,3735000
EFA,2006-12-08,73.45,73.62,72.9899,73.15,5172700
EFA,2006-12-11,73.07,73.63,73.03,73.45,2909400
EFA,2006-12-12,73.56,73.8,73.23,73.75,4246600
EFA,2006-12-13,73.88,74.03,73.73,74.03,3111900
EFA,2006-12-14,74.13,74.37,74.0501,74.33,6839800
EFA,2006-12-15,74.53,74.53,73.88,74.03,6932400
EFA,2006-12-18,74.3,74.3,73.8,73.92,3569600
EFA,2006-12-19,73.77,74.33,73.6901,74.25,6391600
EFA,2006-12-20,74.53,74.66,74.05,74.12,4919700
EFA,2006-12-21,72.6,72.85,72.42,72.55,6433600
EFA,2006-12-22,72.78,72.81,72.08,72.38,5377900
EFA,2006-12-26,72.45,72.62,72.2,72.36,3353800
EFA,2006-12-27,72.86,73.25,72.841,73.25,3522400
EFA,2006-12-28,73.41,73.44,73.05,73.3,4539600
EFA,2006-12-29,73.18,73.45,73.1,73.22,5536000
EFA,2007-01-03,73.98,74.07,73.28,73.51,12081400
EFA,2007-01-04,73.25,73.47,73.02,73.32,8674000
EFA,2007-01-05,72.79,72.79,72.1,72.2,8961600
EFA,2007-01-08,72.47,72.47,72.11,72.3,6584100
EFA,2007-01-09,72.65,72.6676,72.03,72.37,8505700
EFA,2007-01-10,71.7,71.92,71.5,71.82,5273600
EFA,2007-01-11,71.82,72.5201,71.76,72.28,4562000
EFA,2007-01-12,72.61,73.16,72.58,73.1,6611900
EFA,2007-01-16,73.23,73.38,72.87,73.01,6899500
EFA,2007-01-17,72.92,73.32,72.82,73.05,3764900
EFA,2007-01-18,73.4,73.49,72.8,72.8,7926000
EFA,2007-01-19,73.12,73.78,73.09,73.69,7582600
EFA,2007-01-22,73.92,74.0,73.2,73.32,6171500
EFA,2007-01-23,73.65,74.13,73.6,73.97,5401500
EFA,2007-01-24,74.1,74.51,74.06,74.45,7744400
EFA,2007-01-25,74.14,74.17,73.1,73.24,5003800
EFA,2007-01-26,73.4,73.48,72.97,73.38,5965500
EFA,2007-01-29,73.4,73.66,73.26,73.46,5772600
EFA,2007-01-30,73.73,73.98,73.61,73.96,4124800
EFA,2007-01-31,73.45,74.33,73.28,74.24,5358500
EFA,2007-02-01,74.82,74.93,74.56,74.86,7254100
EFA,2007-02-02,74.75,74.81,74.5,74.71,7174500
EFA,2007-02-05,74.29,74.57,74.2132,74.47,3339100
EFA,2007-02-06,74.99,75.11,74.67,75.05,4497700
EFA,2007-02-07,75.18,75.45,75.03,75.26,5121800
EFA,2007-02-08,74.59,75.0,74.46,74.96,3842600
EFA,2007-02-09,74.93,75.15,74.43,74.64,4636400
EFA,2007-02-12,74.55,74.57,74.22,74.35,5846900
EFA,2007-02-13,74.83,75.34,74.77,75.3,4569100
EFA,2007-02-14,75.66,76.4,75.63,76.32,5539000
EFA,2007-02-15,76.39,76.52,76.17,76.41,4191200
EFA,2007-02-16,76.1715,76.94,75.5,76.38,4899400
EFA,2007-02-20,76.32,77.0,76.0,76.49,7949700
EFA,2007-02-21,75.94,76.38,75.7,76.1,6819200
EFA,2007-02-22,76.28,76.46,76.17,76.44,4327600
EFA,2007-02-23,76.55,76.79,76.48,76.68,3728100
EFA,2007-02-26,77.16,77.18,76.71,76.72,5972100
EFA,2007-02-27,75.66,76.0,73.01,73.63,12980000
EFA,2007-02-28,74.25,74.66,73.88,74.18,8136300
EFA,2007-03-01,72.98,73.66,72.0,73.39,11055900
EFA,2007-03-02,72.9,73.18,72.34,72.5,6951000
EFA,2007-03-05,71.31,72.24,70.9,70.9,8286300
EFA,2007-03-06,72.44,73.25,72.25,73.1,8908400
EFA,2007-03-07,73.07,73.59,72.94,73.12,6005700
EFA,2007-03-08,73.8095,74.2,73.75,73.98,5305700
EFA,2007-03-09,74.18,74.3,73.78,74.1,8451700
EFA,2007-03-12,74.1,74.64,73.98,74.57,5143100
EFA,2007-03-13,73.96,74.18,72.69,72.8,5769600
EFA,2007-03-14,72.33,72.91,71.43,72.83,9299900
EFA,2007-03-15,72.7,73.31,72.66,73.16,4313700
EFA,2007-03-16,73.43,73.84,73.06,73.25,4659400
EFA,2007-03-19,74.02,74.38,73.88,74.38,6262200
EFA,2007-03-20,74.24,75.08,74.2,75.01,4477900
EFA,2007-03-21,75.3,76.72,75.01,76.61,6514700
EFA,2007-03-22,76.58,76.68,76.15,76.32,4099400
EFA,2007-03-23,76.5,76.7,76.37,76.5,5361600
EFA,2007-03-26,76.47,76.64,75.81,76.53,4736400
EFA,2007-03-27,76.17,76.53,75.95,76.19,4700700
EFA,2007-03-28,75.646,75.88,75.3,75.52,7258800
EFA,2007-03-29,76.23,76.38,75.75,76.18,6979600
EFA,2007-03-30,76.16,76.49,76.08,76.26,8504700
EFA,2007-04-02,76.38,76.63,76.05,76.5,7702400
EFA,2007-04-03,76.82,77.61,76.77,77.14,5387500
EFA,2007-04-04,77.25,77.5,77.06,77.46,7809700
EFA,2007-04-05,77.5,77.88,77.43,77.74,3051600
EFA,2007-04-09,77.75,77.85,77.53,77.68,4103200
EFA,2007-04-10,78.05,78.41,77.97,78.26,5112200
EFA,2007-04-11,78.3762,78.45,77.68,77.88,7729600
EFA,2007-04-12,77.68,78.49,77.53,78.4,6007200
EFA,2007-04-13,78.54,78.69,78.24,78.66,3711700
EFA,2007-04-16,79.25,79.67,79.22,79.49,12054000
EFA,2007-04-17,79.47,79.6199,79.15,79.5,24911200
EFA,2007-04-18,79.3,79.73,79.1874,79.47,5797900
EFA,2007-04-19,78.72,79.38,78.62,79.17,6385900
EFA,2007-04-20,79.73,80.08,79.64,80.08,6654100
EFA,2007-04-23,79.44,79.68,79.24,79.3,6250100
EFA,2007-04-24,79.18,79.35,78.88,79.25,8034800
EFA,2007-04-25,79.63,80.03,79.31,79.99,6584200
EFA,2007-04-26,79.95,79.95,79.25,79.62,9558700
EFA,2007-04-27,79.33,79.59,79.1084,79.45,3837700
EFA,2007-04-30,79.389,79.8,78.99,79.16,6285400
EFA,2007-05-01,79.35,79.4,78.64,79.08,5349800
EFA,2007-05-02,79.25,79.75,79.2,79.68,6366000
EFA,2007-05-03,79.71,79.79,79.41,79.79,5510700
EFA,2007-05-04,80.24,80.56,80.1995,80.54,6404800
EFA,2007-05-07,80.68,80.8,80.6,80.66,4647500
EFA,2007-05-08,79.96,80.06,79.56,80.0,8882800
EFA,2007-05-09,80.08,80.49,79.94,80.44,7718100
EFA,2007-05-10,79.75,79.99,78.66,78.85,7110200
EFA,2007-05-11,79.3856,80.24,79.34,80.18,5222000
EFA,2007-05-14,80.05,80.69,79.53,79.88,5662900
EFA,2007-05-15,79.72,80.55,79.63,80.02,6407900
EFA,2007-05-16,80.12,80.2,79.59,80.14,5397900
EFA,2007-05-17,79.67,79.92,79.46,79.73,3868000
EFA,2007-05-18,80.14,80.5,79.98,80.35,3817800
EFA,2007-05-21,80.15,80.28,79.9485,79.97,7652800
EFA,2007-05-22,80.39,80.44,80.04,80.04,3605500
EFA,2007-05-23,80.89,80.98,80.33,80.45,11083800
EFA,2007-05-24,80.48,80.64,79.45,79.68,6064400
EFA,2007-05-25,79.95,80.19,79.79,80.19,6213100
EFA,2007-05-29,80.55,80.67,79.94,80.29,5330900
EFA,2007-05-30,79.64,80.63,79.56,80.63,5249800
EFA,2007-05-31,80.9234,81.14,80.8,81.03,9318400
EFA,2007-06-01,81.36,81.6,81.31,81.56,3408400
EFA,2007-06-04,81.58,81.79,81.53,81.78,4870000
EFA,2007-06-05,81.67,81.73,81.01,81.36,4022000
EFA,2007-06-06,81.1,81.1,80.08,80.19,5453700
EFA,2007-06-07,79.8,80.19,78.68,78.82,10025900
EFA,2007-06-08,79.03,79.77,78.75,79.68,5170600
EFA,2007-06-11,79.46,80.14,79.34,79.95,3701900
EFA,2007-06-12,79.05,79.61,78.48,78.53,6530400
EFA,2007-06-13,78.71,79.64,78.71,79.55,8119500
EFA,2007-06-14,79.68,80.25,79.61,80.14,7109200
EFA,2007-06-15,81.03,81.31,80.79,80.79,4672300
EFA,2007-06-18,81.45,81.48,80.98,81.24,4333800
EFA,2007-06-19,81.12,81.42,80.98,81.32,3381500
EFA,2007-06-20,81.71,81.74,80.32,80.88,5157500
EFA,2007-06-21,80.5,81.45,80.26,81.09,4977900
EFA,2007-06-22,80.685,80.84,79.8,79.97,7624600
EFA,2007-06-25,80.05,80.7,79.683,79.95,6233400
EFA,2007-06-26,80.38,80.5,79.55,79.55,8359900
EFA,2007-06-27,79.35,80.15,79.22,80.12,6194900
EFA,2007-06-28,80.28,80.71,80.1,80.26,7796800
EFA,2007-06-29,80.77,81.16,80.34,80.77,10251500
EFA,2007-07-02,81.45,81.98,81.19,81.94,6357400
EFA,2007-07-03,82.18,82.61,82.07,82.33,2146300
EFA,2007-07-05,82.2,82.3,81.64,81.92,6216300
EFA,2007-07-06,82.12,82.56,81.9622,82.51,3310600
EFA,2007-07-09,82.78,82.92,82.61,82.71,6013200
EFA,2007-07-10,82.25,82.48,81.61,81.7,5760000
EFA,2007-07-11,82.0,82.52,81.87,82.47,5451600
EFA,2007-07-12,82.62,83.8,82.62,83.62,5022800
EFA,2007-07-13,83.11,88.71,83.09,83.56,5231000
EFA,2007-07-16,83.56,83.7026,83.28,83.37,3503000
EFA,2007-07-17,83.27,83.48,83.09,83.09,4005300
EFA,2007-07-18,82.8,83.09,82.22,82.8,10019900
EFA,2007-07-19,83.48,83.69,83.19,83.27,5586300
EFA,2007-07-20,83.2,83.27,82.18,82.41,5625600
EFA,2007-07-23,82.99,83.27,82.8,82.91,5016700
EFA,2007-07-24,82.68,82.68,81.27,81.66,9805600
EFA,2007-07-25,81.96,82.01,80.84,81.44,8867500
EFA,2007-07-26,81.05,81.05,78.04,78.73,13657300
EFA,2007-07-27,78.65,79.0,77.53,77.6,9895400
EFA,2007-07-30,78.77,79.31,78.37,79.02,9021100
EFA,2007-07-31,79.77,80.16,78.8,78.92,11469500
EFA,2007-08-01,78.65,79.64,77.77,79.05,11344300
EFA,2007-08-02,79.0,79.37,78.55,79.29,9015000
EFA,2007-08-03,78.68,79.01,77.53,77.86,7883200
EFA,2007-08-06,78.29,78.95,77.8,78.71,7220900
EFA,2007-08-07,78.15,79.42,78.08,78.98,8305700
EFA,2007-08-08,79.75,80.68,79.67,80.26,8609500
EFA,2007-08-09,78.21,78.95,77.81,77.97,8844100
EFA,2007-08-10,76.3,77.34,76.0,76.63,11124300
EFA,2007-08-13,77.56,77.77,76.78,76.78,5942900
EFA,2007-08-14,77.39,77.424,75.77,76.04,8083000
EFA,2007-08-15,75.08,76.52,74.08,74.26,11236300
EFA,2007-08-16,73.37,74.0,67.5,73.94,22832500
EFA,2007-08-17,74.95,75.38,73.81,74.7,11580600
EFA,2007-08-20,75.15,75.22,74.15,74.86,7638200
EFA,2007-08-21,74.75,75.25,74.6,74.81,6882500
EFA,2007-08-22,76.06,76.67,75.96,76.58,8277500
EFA,2007-08-23,77.42,77.44,76.47,76.92,4939500
EFA,2007-08-24,77.1,78.3,77.02,78.26,4861900
EFA,2007-08-27,77.96,77.98,77.43,77.43,7691500
EFA,2007-08-28,77.12,77.16,75.54,75.87,8262100
EFA,2007-08-29,76.69,77.75,76.43,77.61,5959300
EFA,2007-08-30,76.8,77.7,76.4,77.07,6076800
EFA,2007-08-31,78.71,78.97,78.18,78.42,7313400
EFA,2007-09-04,78.22,79.48,78.1,79.14,5454400
EFA,2007-09-05,78.14,78.22,77.6499,77.99,7351400
EFA,2007-09-06,78.05,78.69,77.25,78.28,4950000
EFA,2007-09-07,77.48,77.72,77.03,77.33,7796000
EFA,2007-09-10,77.55,77.59,76.4,77.01,4196600
EFA,2007-09-11,77.54,78.36,77.54,78.34,7243200
EFA,2007-09-12,77.96,78.68,77.88,78.42,4960400
EFA,2007-09-13,78.72,79.07,78.46,78.75,7211100
EFA,2007-09-14,77.89,78.53,77.77,78.29,5239800
EFA,2007-09-17,77.55,77.83,76.92,77.19,5785200
EFA,2007-09-18,77.79,79.81,77.51,79.7,10021300
EFA,2007-09-19,80.5,80.92,80.18,80.42,6846200
EFA,2007-09-20,80.56,80.87,80.01,80.35,7612300
EFA,2007-09-21,80.86,81.2,80.7,80.7,5809500
EFA,2007-09-24,81.25,81.91,80.75,80.88,5901800
EFA,2007-09-25,80.4,81.05,80.4,80.98,4832900
EFA,2007-09-26,81.45,81.62,81.04,81.38,5547100
EFA,2007-09-27,82.42,82.52,80.4617,82.46,6117100
EFA,2007-09-28,82.57,82.93,82.17,82.59,15156000
EFA,2007-10-01,82.74,83.95,82.65,83.65,8508100
EFA,2007-10-02,83.6,83.67,83.08,83.44,5801400
EFA,2007-10-03,83.42,83.45,82.93,83.06,6839700
EFA,2007-10-04,83.34,83.59,83.02,83.35,3061400
EFA,2007-10-05,83.65,84.44,83.65,84.2,5486700
EFA,2007-10-08,82.62,85.2,82.57,83.42,3801400
EFA,2007-10-09,83.57,84.39,83.57,84.35,4796200
EFA,2007-10-10,83.7,84.33,83.21,84.19,5991100
EFA,2007-10-11,85.6,85.6,84.26,84.58,7069500
EFA,2007-10-12,84.53,85.09,84.43,84.95,4354600
EFA,2007-10-15,84.87,84.91,83.85,84.26,5428100
EFA,2007-10-16,83.25,83.37,82.9,82.96,7389800
EFA,2007-10-17,83.95,84.09,83.17,83.84,6810300
EFA,2007-10-18,83.65,84.14,83.6,84.04,3925000
EFA,2007-10-19,83.6,83.6,82.14,82.19,9232400
EFA,2007-10-22,81.32,82.1,81.31,82.09,6704000
EFA,2007-10-23,83.13,83.41,82.6,83.25,7097000
EFA,2007-10-24,82.88,83.12,81.84,83.07,9818100
EFA,2007-10-25,83.29,83.45,82.76,83.45,8531500
EFA,2007-10-26,84.43,85.02,84.25,84.96,5992900
EFA,2007-10-29,85.26,85.7,85.17,85.58,5745100
EFA,2007-10-30,85.0,85.34,84.85,84.9,8347700
EFA,2007-10-31,85.36,86.5,85.23,86.1,8751300
EFA,2007-11-01,84.76,84.9,84.0,84.29,9412700
EFA,2007-11-02,84.28,84.76,83.73,84.76,9559700
EFA,2007-11-05,83.48,83.78,83.03,83.41,6812300
EFA,2007-11-06,84.03,84.68,83.95,84.67,6590000
EFA,2007-11-07,84.0,84.43,82.94,83.2,7956300
EFA,2007-11-08,83.01,83.78,82.54,83.35,9869300
EFA,2007-11-09,82.76,82.76,81.5,81.73,8293000
EFA,2007-11-12,80.8,81.55,80.3,80.39,7366400
EFA,2007-11-13,81.5,82.75,81.5,82.55,6678000
EFA,2007-11-14,83.74,83.74,82.12,82.42,9712300
EFA,2007-11-15,81.55,81.88,80.54,81.06,10754300
EFA,2007-11-16,81.57,81.58,80.64,81.32,13421500
EFA,2007-11-19,81.0,81.0,78.0,79.17,12391600
EFA,2007-11-20,80.27,81.21,80.03,80.94,11649200
EFA,2007-11-21,79.45,79.98,78.76,79.11,11096600
EFA,2007-11-23,80.3,81.12,80.3,81.1,3629400
EFA,2007-11-26,81.21,81.49,79.67,79.83,9880400
EFA,2007-11-27,80.41,81.13,80.11,80.91,10679800
EFA,2007-11-28,81.05,83.63,81.05,83.21,12647900
EFA,2007-11-29,82.21,83.0,82.1,82.53,8476000
EFA,2007-11-30,83.89,83.91,82.46,82.98,14157700
EFA,2007-12-03,82.8301,83.11,82.53,82.67,11526100
EFA,2007-12-04,81.9,82.32,81.9,82.15,8961000
EFA,2007-12-05,82.84,83.42,82.76,83.1,8764100
EFA,2007-12-06,82.76,83.96,82.72,83.89,8492400
EFA,2007-12-07,83.65,83.8,83.43,83.56,9451900
EFA,2007-12-10,84.0,84.52,83.91,84.42,14407800
EFA,2007-12-11,84.28,84.54,82.1,82.22,15626400
EFA,2007-12-12,84.49,84.67,83.09,83.87,12330400
EFA,2007-12-13,82.24,82.45,81.39,82.16,26822200
EFA,2007-12-14,80.57,80.96,79.94,79.94,18638800
EFA,2007-12-17,79.07,79.28,78.21,78.24,21841800
EFA,2007-12-18,79.6,79.61,78.12,79.22,18508900
EFA,2007-12-19,78.94,79.145,78.14,78.57,13308700
EFA,2007-12-20,78.96,79.13,78.49,79.13,13827600
EFA,2007-12-21,79.74,80.26,79.62,80.26,26845200
EFA,2007-12-24,78.98,79.3,78.0,78.58,5156500
EFA,2007-12-26,78.61,79.13,78.523,78.8,7051800
EFA,2007-12-27,78.87,78.94,78.2599,78.32,9729400
EFA,2007-12-28,79.2,79.27,78.85,78.99,6358300
EFA,2007-12-31,79.12,79.24,78.14,78.5,14091500
EFA,2008-01-02,79.11,79.22,78.02,78.22,13770500
EFA,2008-01-03,78.37,78.65,78.2,78.35,13924700
EFA,2008-01-04,77.97,78.02,76.5,76.57,11883900
EFA,2008-01-07,77.03,77.11,76.29,76.65,18197300
EFA,2008-01-08,77.44,77.78,76.09,76.22,15632600
EFA,2008-01-09,76.32,76.86,75.75,76.77,14863600
EFA,2008-01-10,75.81,77.02,75.72,76.69,14018200
EFA,2008-01-11,75.83,75.91,74.92,75.16,10759900
EFA,2008-01-14,76.6,76.63,76.02,76.36,10031000
EFA,2008-01-15,75.14,75.26,73.74,73.8801,12630400
EFA,2008-01-16,73.49,73.95,72.14,72.39,16323300
EFA,2008-01-17,73.17,73.4,71.01,71.3,22476600
EFA,2008-01-18,72.62,72.9699,71.1501,71.71,21939600
EFA,2008-01-22,66.51,69.94,66.13,69.7101,24637000
EFA,2008-01-23,66.26,69.37,65.63,69.3,33608600
EFA,2008-01-24,70.45,71.73,69.96,71.73,14649000
EFA,2008-01-25,72.61,72.78,70.21,70.69,15052900
EFA,2008-01-28,70.54,71.53,69.8,71.48,17770100
EFA,2008-01-29,71.93,71.98,71.15,71.91,12914400
EFA,2008-01-30,71.29,73.07,70.88,71.5801,15417100
EFA,2008-01-31,70.27,72.76,70.21,72.34,18976200
EFA,2008-02-01,72.96,73.55,72.55,73.55,13916700
EFA,2008-02-04,73.38,73.43,72.72,72.8,11102300
EFA,2008-02-05,71.05,71.07,69.4,69.4599,15487400
EFA,2008-02-06,70.23,70.54,69.32,69.4,15260200
EFA,2008-02-07,68.71,69.53,68.31,69.0499,14439600
EFA,2008-02-08,68.35,69.02,67.9,68.34,12543800
EFA,2008-02-11,68.66,68.82,67.82,68.7,11886900
EFA,2008-02-12,69.82,70.71,69.62,70.18,14224000
EFA,2008-02-13,70.42,70.8682,69.83,70.66,10028700
EFA,2008-02-14,71.28,71.34,70.27,70.34,9046200
EFA,2008-02-15,70.29,70.61,69.95,70.6,9362200
EFA,2008-02-19,72.13,72.23,71.08,71.29,10562000
EFA,2008-02-20,69.95,71.22,69.83,70.92,20118300
EFA,2008-02-21,71.61,71.84,70.74,70.79,11478900
EFA,2008-02-22,71.62,71.69,70.36,71.69,12524600
EFA,2008-02-25,71.91,72.86,71.53,72.83,12643600
EFA,2008-02-26,72.84,74.24,72.64,73.91,11409300
EFA,2008-02-27,73.41,74.53,73.37,74.15,12680700
EFA,2008-02-28,73.56,73.87,73.21,73.44,9345600
EFA,2008-02-29,72.54,72.6,71.46,71.6001,16244300
EFA,2008-03-03,71.5,72.19,71.09,71.81,11907200
EFA,2008-03-04,70.53,70.98,69.94,70.72,14389700
EFA,2008-03-05,71.32,72.06,70.96,71.57,11441200
EFA,2008-03-06,71.6,71.73,70.53,70.55,11643200
EFA,2008-03-07,69.95,70.74,69.4518,69.72,10738500
EFA,2008-03-10,70.2,73.44,68.97,69.37,25154900
EFA,2008-03-11,71.05,71.56,70.05,71.56,14641800
EFA,2008-03-12,71.81,72.0,71.25,71.56,15803200
EFA,2008-03-13,70.44,71.95,70.14,71.68,11435300
EFA,2008-03-14,71.64,71.79,69.43,69.9499,13901300
EFA,2008-03-17,68.16,69.47,67.88,68.89,17473700
EFA,2008-03-18,70.05,71.0,69.8,71.0,18299700
EFA,2008-03-19,70.34,70.65,68.31,68.4299,13885800
EFA,2008-03-20,68.0,69.58,67.79,69.46,14106800
EFA,2008-03-24,69.77,71.08,69.77,70.7299,13955800
EFA,2008-03-25,71.3,71.92,70.88,71.76,18299600
EFA,2008-03-26,71.79,72.07,71.39,71.76,12468500
EFA,2008-03-27,72.86,72.86,71.68,71.7,10316600
EFA,2008-03-28,72.17,72.29,71.56,71.64,11224600
EFA,2008-03-31,71.69,72.39,71.62,71.9,15065500
EFA,2008-04-01,72.9,74.24,72.74,74.1701,18534500
EFA,2008-04-02,74.15,74.59,73.78,74.33,10982700
EFA,2008-04-03,73.85,74.81,73.81,74.55,7069400
EFA,2008-04-04,74.77,75.14,74.26,74.8,9901600
EFA,2008-04-07,75.43,75.62,75.1,75.26,7494700
EFA,2008-04-08,74.22,74.65,74.14,74.47,7534000
EFA,2008-04-09,74.44,74.49,73.7416,73.86,11748900
EFA,2008-04-10,73.68,74.04,73.24,73.63,12757700
EFA,2008-04-11,73.2,73.45,72.64,72.64,7246900
EFA,2008-04-14,72.87,73.11,72.58,72.8,7161800
EFA,2008-04-15,73.26,73.34,72.74,73.31,10849500
EFA,2008-04-16,74.48,75.62,74.41,75.6155,10529100
EFA,2008-04-17,74.42,74.89,74.3,74.78,17629000
EFA,2008-04-18,75.28,75.666,75.009,75.31,19354900
EFA,2008-04-21,75.47,75.93,75.29,75.9,6355100
EFA,2008-04-22,75.35,75.45,74.82,75.108,7264100
EFA,2008-04-23,75.08,75.64,74.69,75.5,10522800
EFA,2008-04-24,74.77,75.43,74.24,75.01,8145200
EFA,2008-04-25,75.79,75.98,75.34,75.63,17696000
EFA,2008-04-28,76.25,76.37,76.01,76.074,7686400
EFA,2008-04-29,75.57,75.66,75.29,75.4,7570100
EFA,2008-04-30,75.66,76.4,75.62,75.81,9458000
EFA,2008-05-01,75.4,76.34,75.34,76.27,11560300
EFA,2008-05-02,76.81,76.9,76.09,76.48,15374600
EFA,2008-05-05,76.61,76.78,76.42,76.61,7669900
EFA,2008-05-06,76.4,77.27,76.27,77.18,8318300
EFA,2008-05-07,76.74,76.87,75.73,75.83,9339200
EFA,2008-05-08,76.57,76.77,76.23,76.49,6971300
EFA,2008-05-09,75.68,76.15,75.63,75.88,5649300
EFA,2008-05-12,76.15,76.77,76.03,76.64,6293200
EFA,2008-05-13,76.41,76.47,76.05,76.38,8349900
EFA,2008-05-14,76.57,76.97,76.38,76.38,7236300
EFA,2008-05-15,76.97,77.74,76.83,77.68,6406700
EFA,2008-05-16,78.03,78.53,77.802,78.5202,8314200
EFA,2008-05-19,78.5,78.77,78.08,78.2,7394100
EFA,2008-05-20,77.97,78.01,77.37,77.48,11190900
EFA,2008-05-21,77.6,77.69,76.53,76.6,13505300
EFA,2008-05-22,77.46,77.73,77.25,77.49,9171800
EFA,2008-05-23,77.33,77.34,76.5,76.61,7094000
EFA,2008-05-27,76.14,76.47,75.91,76.46,7625800
EFA,2008-05-28,76.34,76.49,75.85,76.45,7705900
EFA,2008-05-29,75.9,76.5625,75.8,76.28,9804200
EFA,2008-05-30,76.64,76.9,76.54,76.71,8651600
EFA,2008-06-02,76.08,76.15,75.65,75.91,9327700
EFA,2008-06-03,76.08,76.29,75.31,75.75,9969600
EFA,2008-06-04,75.3,75.8,75.13,75.31,8132200
EFA,2008-06-05,75.48,76.56,75.3,76.56,8738200
EFA,2008-06-06,75.57,75.64,74.35,74.36,9983700
EFA,2008-06-09,75.0,75.01,73.89,74.256,8157900
EFA,2008-06-10,72.95,73.48,72.82,73.0,8925100
EFA,2008-06-11,72.88,72.99,71.97,72.07,13177900
EFA,2008-06-12,71.85,72.25,71.54,71.82,11209500
EFA,2008-06-13,71.7,72.48,71.58,72.48,10236300
EFA,2008-06-16,72.4,72.94,72.29,72.85,9815600
EFA,2008-06-17,73.59,73.66,72.9,73.07,7013000
EFA,2008-06-18,72.35,72.62,72.0699,72.47,14861100
EFA,2008-06-19,72.09,72.5,71.85,72.33,25370000
EFA,2008-06-20,70.75,71.36,70.6,70.75,14909700
EFA,2008-06-23,70.81,70.9073,70.43,70.74,12852800
EFA,2008-06-24,70.34,70.86,70.0,70.42,18685000
EFA,2008-06-25,69.73,70.48,69.65,69.846,21446000
EFA,2008-06-26,69.22,69.3,68.08,68.08,18484600
EFA,2008-06-27,68.71,68.81,68.06,68.26,28977200
EFA,2008-06-30,68.74,69.06,68.65,68.67,16126000
EFA,2008-07-01,67.48,67.97,66.89,67.93,19350900
EFA,2008-07-02,68.34,68.37,66.67,66.85,16759900
EFA,2008-07-03,67.5,67.57,66.63,67.28,14420600
EFA,2008-07-07,67.04,67.43,66.27,66.7,13827600
EFA,2008-07-08,66.41,67.09,65.9301,67.05,13982800
EFA,2008-07-09,67.38,67.5,66.18,66.18,12121800
EFA,2008-07-10,66.39,66.81,66.06,66.75,14732600
EFA,2008-07-11,65.69,66.11,64.98,65.7,15132800
EFA,2008-07-14,65.69,66.4,65.39,65.56,9231800
EFA,2008-07-15,64.64,65.2,64.07,64.51,21612800
EFA,2008-07-16,64.25,65.8,64.08,65.7,16201500
EFA,2008-07-17,66.62,66.87,66.169,66.7,13884100
EFA,2008-07-18,66.77,67.16,66.46,67.13,14274700
EFA,2008-07-21,67.73,67.75,67.19,67.52,9320000
EFA,2008-07-22,66.67,67.78,66.61,67.75,10336400
EFA,2008-07-23,67.975,68.39,67.82,68.0,10399000
EFA,2008-07-24,67.95,67.95,66.68,66.76,9628200
EFA,2008-07-25,66.87,67.22,66.552,66.9,7867600
EFA,2008-07-28,66.97,66.97,65.72,65.78,11142000
EFA,2008-07-29,65.69,66.46,65.67,66.43,10323600
EFA,2008-07-30,66.75,67.09,66.46,67.05,14376900
EFA,2008-07-31,66.7,67.0,66.24,66.39,11372800
EFA,2008-08-01,66.15,66.19,65.29,65.4,11859500
EFA,2008-08-04,65.075,65.38,64.73,64.78,8556700
EFA,2008-08-05,65.65,66.43,65.48,66.42,14263900
EFA,2008-08-06,65.96,66.55,65.74,66.44,11507700
EFA,2008-08-07,65.91,65.92,65.0,65.11,8099900
EFA,2008-08-08,64.24,65.55,64.07,65.38,10579200
EFA,2008-08-11,65.433,65.73,65.15,65.32,10024200
EFA,2008-08-12,65.32,65.34,64.62,64.85,9630900
EFA,2008-08-13,63.99,64.24,63.32,63.83,12559300
EFA,2008-08-14,63.36,63.98,63.25,63.58,10306700
EFA,2008-08-15,63.19,63.45,62.94,63.16,8640600
EFA,2008-08-18,63.78,63.8,62.6,62.84,11535300
EFA,2008-08-19,62.1,62.22,61.76,62.13,11853200
EFA,2008-08-20,62.3,62.5,61.9,62.5,15433500
EFA,2008-08-21,62.34,62.905,62.24,62.75,8964200
EFA,2008-08-22,62.83,63.19,62.7,63.04,6582300
EFA,2008-08-25,62.92,62.99,61.91,62.05,10955100
EFA,2008-08-26,62.12,62.65,61.93,62.36,7745000
EFA,2008-08-27,62.69,63.01,62.5,62.95,9295000
EFA,2008-08-28,63.72,63.83,63.51,63.76,11277400
EFA,2008-08-29,63.89,64.15,63.51,63.57,11080000
EFA,2008-09-02,63.42,63.54,62.541,62.59,14645400
EFA,2008-09-03,62.35,62.61,61.98,62.33,10635700
EFA,2008-09-04,61.61,61.68,59.62,59.66,16723100
EFA,2008-09-05,59.35,59.68,58.67,59.44,17543700
EFA,2008-09-08,61.33,61.39,59.96,60.77,19143200
EFA,2008-09-09,60.33,60.54,58.77,58.8,12860600
EFA,2008-09-10,59.68,59.83,59.06,59.37,15264600
EFA,2008-09-11,58.0,59.29,57.73,59.24,16722400
EFA,2008-09-12,59.36,60.5,59.07,60.4,16526900
EFA,2008-09-15,57.75,58.87,57.25,57.83,31607800
EFA,2008-09-16,56.16,57.71,55.75,57.4,26092500
EFA,2008-09-17,56.32,56.75,54.85,55.21,31227800
EFA,2008-09-18,56.63,58.16,55.26,57.72,30062000
EFA,2008-09-19,60.69,63.74,59.47,61.81,38923300
EFA,2008-09-22,61.36,61.61,59.7,59.7,27789800
EFA,2008-09-23,59.7,60.16,58.44,58.86,14862000
EFA,2008-09-24,59.68,59.76,58.75,59.03,12657200
EFA,2008-09-25,59.79,60.538,59.69,60.39,16568100
EFA,2008-09-26,59.1,59.82,58.89,59.75,22570500
EFA,2008-09-29,56.78,56.85,52.36,53.08,35675800
EFA,2008-09-30,55.24,56.3,54.84,56.3,29246900
EFA,2008-10-01,55.55,56.42,54.91,55.88,27952600
EFA,2008-10-02,54.81,54.95,53.3,53.44,23232500
EFA,2008-10-03,53.55,55.47,53.09,53.23,34402700
EFA,2008-10-06,51.18,51.25,48.15,50.22,53409500
EFA,2008-10-07,51.3,51.49,47.87,47.87,37326000
EFA,2008-10-08,47.15,48.84,46.3,46.8,42426500
EFA,2008-10-09,48.14,48.31,43.63,44.002,35533300
EFA,2008-10-10,41.31,43.76,40.02,42.36,59719300
EFA,2008-10-13,45.65,49.52,45.32,49.09,57779900
EFA,2008-10-14,50.41,50.89,47.06,48.08,41811500
EFA,2008-10-15,46.85,47.0,42.91,42.95,35975400
EFA,2008-10-16,44.26,45.54,41.98,45.48,44651300
EFA,2008-10-17,43.41,46.5,43.21,44.51,31032400
EFA,2008-10-20,45.66,47.35,45.36,47.35,29347500
EFA,2008-10-21,45.67,46.34,44.54,44.68,34623800
EFA,2008-10-22,43.21,43.34,40.46,41.42,31546700
EFA,2008-10-23,41.62,42.77,40.23,42.33,33626600
EFA,2008-10-24,38.48,40.78,38.19,39.59,32920600
EFA,2008-10-27,38.1,39.46,37.5,37.51,31682200
EFA,2008-10-28,39.79,43.05,38.33,42.68,41688400
EFA,2008-10-29,42.19,44.2,41.81,42.78,34384700
EFA,2008-10-30,44.92,45.05,43.18,44.28,33312100
EFA,2008-10-31,43.29,45.28,43.02,44.57,40976800
EFA,2008-11-03,44.38,45.04,44.26,44.75,20436100
EFA,2008-11-04,46.2,47.9,46.08,47.82,29640600
EFA,2008-11-05,46.94,47.75,45.12,45.22,29660700
EFA,2008-11-06,44.77,45.06,41.92,42.3,35121300
EFA,2008-11-07,43.84,44.81,43.6,44.69,28171200
EFA,2008-11-10,45.45,45.49,43.31,44.02,25590000
EFA,2008-11-11,43.03,43.32,41.82,42.57,34095000
EFA,2008-11-12,41.61,41.81,40.25,40.28,35248700
EFA,2008-11-13,40.8,43.71,39.31,43.71,51118000
EFA,2008-11-14,41.68,42.74,40.77,41.2,48148100
EFA,2008-11-17,40.76,41.65,40.0375,40.45,30054400
EFA,2008-11-18,40.0,41.03,39.5,40.52,44628000
EFA,2008-11-19,40.1,40.5,37.74,37.81,45216100
EFA,2008-11-20,37.68,38.4796,35.53,35.73,54184200
EFA,2008-11-21,37.71,38.33,35.84,38.27,49797000
EFA,2008-11-24,39.09,41.51,38.75,40.56,41988500
EFA,2008-11-25,41.83,41.98,40.15,41.3,46002000
EFA,2008-11-26,40.19,41.9,40.11,41.75,34099900
EFA,2008-11-28,41.29,41.91,41.09,41.73,17627900
EFA,2008-12-01,40.31,40.4,38.18,38.32,50272000
EFA,2008-12-02,39.74,40.59,39.24,40.4,44399000
EFA,2008-12-03,39.18,40.94,39.04,40.94,41980400
EFA,2008-12-04,39.63,40.515,38.82,39.68,41836300
EFA,2008-12-05,38.95,40.35,38.09,40.18,41059200
EFA,2008-12-08,41.35,42.4,41.12,42.09,45982000
EFA,2008-12-09,41.81,42.63,41.44,41.7,38538000
EFA,2008-12-10,42.46,43.0,42.05,42.798,39997900
EFA,2008-12-11,42.94,43.64,42.3,42.61,36787800
EFA,2008-12-12,41.82,43.3,41.72,43.03,42675200
EFA,2008-12-15,43.22,43.32,42.47,43.14,44527700
EFA,2008-12-16,43.05,45.79,43.05,45.62,47026500
EFA,2008-12-17,44.59,45.78,44.51,45.39,45054900
EFA,2008-12-18,45.28,45.3,43.44,44.0,42315200
EFA,2008-12-19,44.03,44.12,43.02,43.36,38356000
EFA,2008-12-22,43.62,43.7,42.45,43.06,36928300
EFA,2008-12-23,42.88,42.98,41.97,42.2,32553600
EFA,2008-12-24,42.66,42.83,42.31,42.76,16114600
EFA,2008-12-26,42.88,43.24,42.599,42.96,13297600
EFA,2008-12-29,43.59,43.66,42.69,42.97,29150100
EFA,2008-12-30,43.45,44.33,43.31,44.26,28477600
EFA,2008-12-31,44.12,45.15,43.89,44.86,26881200
EFA,2009-01-02,44.59,45.62,44.45,45.44,21928500
EFA,2009-01-05,44.69,45.06,44.41,44.71,27947600
EFA,2009-01-06,44.9,45.5,44.53,45.19,23282100
EFA,2009-01-07,44.85,44.99,44.13,44.41,23930600
EFA,2009-01-08,44.47,45.1,44.14,45.07,19883800
EFA,2009-01-09,44.55,44.6,43.47,43.51,31728900
EFA,2009-01-12,43.28,43.32,42.2599,42.46,28816400
EFA,2009-01-13,41.62,42.03,41.27,41.68,29424100
EFA,2009-01-14,40.57,40.59,39.71,39.97,37212600
EFA,2009-01-15,40.28,40.71,39.21,40.33,42030800
EFA,2009-01-16,41.25,41.31,39.71,40.57,39032500
EFA,2009-01-20,39.14,39.2,37.57,37.6,58657300
EFA,2009-01-21,38.4,39.48,37.9,39.44,48048200
EFA,2009-01-22,38.13,38.81,37.68,38.52,40891400
EFA,2009-01-23,37.11,38.53,37.0,38.25,37917500
EFA,2009-01-26,38.62,39.52,38.47,39.0,38347800
EFA,2009-01-27,39.41,39.93,39.15,39.76,35276200
EFA,2009-01-28,40.75,41.24,40.5,40.93,37581800
EFA,2009-01-29,39.9,39.94,38.96,39.07,26066100
EFA,2009-01-30,39.49,39.58,38.51,38.7,33244900
EFA,2009-02-02,37.97,38.6,37.88,38.32,29679400
EFA,2009-02-03,38.81,39.77,38.48,39.42,28446900
EFA,2009-02-04,39.55,40.2,39.02,39.22,29274800
EFA,2009-02-05,38.99,40.11,38.68,39.78,31645600
EFA,2009-02-06,39.94,40.8912,39.85,40.7,28635900
EFA,2009-02-09,40.68,40.96,40.41,40.69,27143500
EFA,2009-02-10,40.25,40.51,38.48,38.67,35169400
EFA,2009-02-11,39.28,39.44,38.51,39.09,24101600
EFA,2009-02-12,38.26,39.0,37.87,38.97,40755800
EFA,2009-02-13,38.79,39.08,38.48,38.55,21184200
EFA,2009-02-17,36.92,37.05,36.37,36.5,32955300
EFA,2009-02-18,36.78,36.79,36.03,36.47,35001300
EFA,2009-02-19,37.27,37.44,36.25,36.42,25953000
EFA,2009-02-20,35.31,36.33,35.25,35.89,52151800
EFA,2009-02-23,36.19,36.2,34.52,34.52,38218200
EFA,2009-02-24,34.88,36.1,34.58,35.96,36854600
EFA,2009-02-25,35.43,35.61,34.51,34.97,39168800
EFA,2009-02-26,35.58,35.8,34.61,34.68,27205700
EFA,2009-02-27,34.33,35.36,34.33,34.68,38490900
EFA,2009-03-02,33.64,33.8,32.61,32.69,42422600
EFA,2009-03-03,33.195,33.21,32.19,32.56,38727800
EFA,2009-03-04,33.36,34.45,33.22,34.01,52339900
EFA,2009-03-05,33.07,33.46,32.3,32.64,36082700
EFA,2009-03-06,33.08,33.45,31.87,32.58,42251800
EFA,2009-03-09,31.6,32.36,31.56,31.7,36485300
EFA,2009-03-10,32.98,34.02,32.92,33.83,50262200
EFA,2009-03-11,34.28,34.53,33.63,34.02,34253300
EFA,2009-03-12,33.66,34.88,33.34,34.79,32384600
EFA,2009-03-13,34.97,35.14,34.42,35.02,31335400
EFA,2009-03-16,35.61,36.23,35.31,35.4,29486900
EFA,2009-03-17,35.28,36.4,35.1,36.33,33219600
EFA,2009-03-18,35.89,37.55,35.55,37.37,40962300
EFA,2009-03-19,38.25,38.29,37.29,37.35,36731100
EFA,2009-03-20,37.4,37.56,36.66,36.83,35560500
EFA,2009-03-23,38.12,39.51,37.92,39.48,42113200
EFA,2009-03-24,38.46,39.03,38.18,38.24,30868900
EFA,2009-03-25,38.56,39.46,38.02,38.83,30873600
EFA,2009-03-26,39.13,39.56,38.76,39.35,30230400
EFA,2009-03-27,38.33,38.48,37.97,38.09,34326000
EFA,2009-03-30,36.96,37.0,36.31,36.64,25835700
EFA,2009-03-31,37.35,38.09,37.11,37.59,32838300
EFA,2009-04-01,37.36,38.74,37.28,38.57,25661700
EFA,2009-04-02,39.9,40.96,39.86,40.31,57242400
EFA,2009-04-03,40.14,40.54,39.8,40.54,41385200
EFA,2009-04-06,39.68,39.865,39.2,39.7,27320400
EFA,2009-04-07,39.09,39.35,38.74,38.87,19333900
EFA,2009-04-08,39.21,39.61,38.81,39.26,22120900
EFA,2009-04-09,40.15,40.36,39.83,40.31,23172500
EFA,2009-04-13,40.12,40.99,40.061,40.71,21135700
EFA,2009-04-14,40.35,40.9,40.21,40.32,41502500
EFA,2009-04-15,40.16,40.95,40.07,40.85,25623000
EFA,2009-04-16,41.02,41.4,40.65,41.11,25014400
EFA,2009-04-17,41.19,41.22,40.76,40.97,61325800
EFA,2009-04-20,40.02,40.07,39.28,39.29,26049700
EFA,2009-04-21,38.94,40.23,38.9,40.19,25499800
EFA,2009-04-22,39.56,40.58,39.42,39.87,25022000
EFA,2009-04-23,40.42,40.87,40.07,40.87,30545300
EFA,2009-04-24,41.49,41.79,41.23,41.5,25969200
EFA,2009-04-27,40.89,41.545,40.71,41.01,26745300
EFA,2009-04-28,40.22,41.03,40.17,40.62,18634000
EFA,2009-04-29,41.31,42.12,41.24,41.66,20784800
EFA,2009-04-30,42.26,42.61,41.61,41.92,26982200
EFA,2009-05-01,42.15,42.5,41.86,42.41,17786700
EFA,2009-05-04,42.89,44.19,42.87,44.17,23451200
EFA,2009-05-05,44.03,44.12,43.49,43.73,22298600
EFA,2009-05-06,44.59,44.905,43.97,44.79,21040600
EFA,2009-05-07,45.17,45.22,43.74,44.04,23946300
EFA,2009-05-08,45.02,46.02,44.76,45.95,22988400
EFA,2009-05-11,44.84,45.11,44.62,44.78,17460900
EFA,2009-05-12,45.38,45.485,44.67,45.26,26285000
EFA,2009-05-13,44.22,44.28,43.585,43.72,23257600
EFA,2009-05-14,43.69,44.46,43.58,44.15,27380600
EFA,2009-05-15,44.25,44.57,43.57,43.75,20457900
EFA,2009-05-18,44.68,45.5,44.53,45.42,18600700
EFA,2009-05-19,45.62,46.11,45.49,45.83,19522000
EFA,2009-05-20,46.26,46.85,46.03,46.13,18872900
EFA,2009-05-21,45.55,45.93,45.3,45.78,20081100
EFA,2009-05-22,46.21,46.34,45.8499,46.04,14279100
EFA,2009-05-26,45.39,47.08,45.36,46.96,16247300
EFA,2009-05-27,46.96,47.02,45.96,46.05,16274500
EFA,2009-05-28,46.4,46.719,45.77,46.52,15523500
EFA,2009-05-29,47.18,47.45,46.81,47.45,24526200
EFA,2009-06-01,48.36,49.0,48.27,48.62,22592800
EFA,2009-06-02,48.47,49.12,48.38,49.04,22182800
EFA,2009-06-03,48.06,48.14,47.16,47.58,20937800
EFA,2009-06-04,47.72,48.0,47.44,47.88,17158800
EFA,2009-06-05,48.0,48.04,47.1,47.29,19216500
EFA,2009-06-08,46.77,47.49,46.43,47.19,13937000
EFA,2009-06-09,47.47,47.94,47.21,47.77,15957400
EFA,2009-06-10,48.49,48.52,47.28,47.86,18468000
EFA,2009-06-11,48.26,49.18,48.25,48.68,20225500
EFA,2009-06-12,48.16,48.51,47.9199,48.43,21098000
EFA,2009-06-15,47.39,47.45,46.32,46.69,31484000
EFA,2009-06-16,47.02,47.05,46.1,46.15,23389000
EFA,2009-06-17,46.18,46.65,45.69,46.28,23802600
EFA,2009-06-18,46.16,46.74,45.97,46.2,22429300
EFA,2009-06-19,46.93,47.13,46.67,46.93,19576300
EFA,2009-06-22,46.11,46.15,45.26,45.42,21491900
EFA,2009-06-23,44.94,45.25,44.5301,45.06,26980500
EFA,2009-06-24,45.58,45.99,44.93,45.1,25708600
EFA,2009-06-25,44.84,46.06,44.72,46.05,23606800
EFA,2009-06-26,45.92,46.179,45.67,45.96,20799800
EFA,2009-06-29,46.16,46.579,45.92,46.35,21139400
EFA,2009-06-30,46.35,46.45,45.4811,45.81,31292000
EFA,2009-07-01,46.49,46.98,46.42,46.57,20169200
EFA,2009-07-02,45.635,45.68,45.06,45.23,20744600
EFA,2009-07-06,44.66,45.29,44.58,45.29,17299200
EFA,2009-07-07,45.02,45.07,44.11,44.19,20032700
EFA,2009-07-08,44.29,44.42,43.49,44.01,24263500
EFA,2009-07-09,44.52,44.7025,44.2,44.55,22637100
EFA,2009-07-10,43.88,45.15,43.292,44.03,16245600
EFA,2009-07-13,44.13,44.928,43.82,44.8,19678700
EFA,2009-07-14,45.06,45.19,44.63,45.04,15241000
EFA,2009-07-15,46.01,46.69,45.94,46.58,21318700
EFA,2009-07-16,46.58,47.12,46.4,46.99,15476600
EFA,2009-07-17,46.69,46.96,46.51,46.82,16180900
EFA,2009-07-20,47.58,47.83,47.28,47.73,15950700
EFA,2009-07-21,48.31,48.32,47.5,48.03,19663900
EFA,2009-07-22,47.65,48.372,47.63,48.15,16927500
EFA,2009-07-23,48.07,49.22,48.03,48.96,19940000
EFA,2009-07-24,48.87,49.29,48.62,49.26,15432700
EFA,2009-07-27,49.07,49.37,48.76,49.31,14807400
EFA,2009-07-28,48.94,49.2,48.52,49.1,18335000
EFA,2009-07-29,48.96,49.11,48.45,48.7,20032100
EFA,2009-07-30,49.59,50.1,49.43,49.65,19165900
EFA,2009-07-31,49.92,50.53,49.7,50.41,20636100
EFA,2009-08-03,51.22,51.71,51.05,51.58,22184800
EFA,2009-08-04,51.09,51.5799,50.38,51.5,18395300
EFA,2009-08-05,51.38,51.4,50.6,51.29,18679100
EFA,2009-08-06,51.42,51.5,50.59,50.97,16284900
EFA,2009-08-07,51.16,51.3,50.81,50.92,19822400
EFA,2009-08-10,50.645,50.86,50.35,50.61,14593800
EFA,2009-08-11,50.39,50.44,50.03,50.32,13047300
EFA,2009-08-12,50.3,51.29,50.27,50.89,18246400
EFA,2009-08-13,51.6,51.8,51.17,51.67,17806800
EFA,2009-08-14,51.79,51.79,50.8399,51.23,17855000
EFA,2009-08-17,49.7,49.76,49.411,49.58,23357700
EFA,2009-08-18,49.91,50.63,49.69,50.44,17125200
EFA,2009-08-19,49.83,51.06,49.8,50.87,18921900
EFA,2009-08-20,50.85,51.5,50.76,51.23,14815500
EFA,2009-08-21,51.99,52.53,51.95,52.35,20819300
EFA,2009-08-24,52.57,52.85,52.21,52.34,19589500
EFA,2009-08-25,52.89,53.24,52.71,52.86,20682000
EFA,2009-08-26,52.43,52.67,52.17,52.64,16828400
EFA,2009-08-27,52.59,53.26,52.03,53.04,18976000
EFA,2009-08-28,53.52,53.63,52.8401,53.07,17008900
EFA,2009-08-31,52.44,52.76,52.29,52.68,18793900
EFA,2009-09-01,52.14,52.89,51.23,51.37,33136100
EFA,2009-09-02,51.09,51.62,51.04,51.31,20632100
EFA,2009-09-03,51.83,51.85,51.25,51.71,14848800
EFA,2009-09-04,51.79,52.61,51.54,52.5,13312100
EFA,2009-09-08,53.65,53.7,53.28,53.54,17093100
EFA,2009-09-09,53.87,54.41,50.07,54.2,21243900
EFA,2009-09-10,54.1,54.78,53.75,54.68,17004400
EFA,2009-09-11,54.87,55.02,54.41,54.61,16105400
EFA,2009-09-14,54.0,54.75,53.97,54.72,18704400
EFA,2009-09-15,54.45,54.9,54.08,54.73,24528200
EFA,2009-09-16,55.36,55.83,55.12,55.81,22163300
EFA,2009-09-17,55.4,55.89,55.21,55.45,20940900
EFA,2009-09-18,55.85,55.88,55.3501,55.6,15180700
EFA,2009-09-21,54.65,55.14,54.485,55.01,17452700
EFA,2009-09-22,55.87,55.92,55.54,55.77,13731800
EFA,2009-09-23,55.99,56.31,55.18,55.29,22848100
EFA,2009-09-24,55.65,55.78,54.171,54.48,27611900
EFA,2009-09-25,54.36,54.84,54.12,54.25,22919400
EFA,2009-09-28,54.44,55.37,54.37,54.99,15643900
EFA,2009-09-29,54.99,55.05,54.42,54.66,16359800
EFA,2009-09-30,55.11,55.19,54.25,54.68,25290400
EFA,2009-10-01,54.34,54.38,53.19,53.25,22406000
EFA,2009-10-02,52.45,53.11,52.42,52.66,27674800
EFA,2009-10-05,52.69,53.62,52.6,53.42,15838800
EFA,2009-10-06,54.04,54.7295,54.0,54.32,18768200
EFA,2009-10-07,54.29,54.53,54.1,54.52,20064200
EFA,2009-10-08,55.22,55.65,54.9,55.31,14926100
EFA,2009-10-09,55.11,55.2496,54.875,55.17,9190200
EFA,2009-10-12,55.73,55.9,55.39,55.5,9631800
EFA,2009-10-13,55.47,55.54,55.0,55.38,11697400
EFA,2009-10-14,56.46,56.7694,56.21,56.71,16624600
EFA,2009-10-15,56.43,56.97,56.37,56.97,16062400
EFA,2009-10-16,56.02,56.34,55.7475,56.11,19457400
EFA,2009-10-19,56.65,57.19,56.4,57.01,16127900
EFA,2009-10-20,57.18,57.19,56.3,56.71,14700400
EFA,2009-10-21,56.59,57.46,56.46,56.52,19720200
EFA,2009-10-22,56.48,57.23,56.03,57.07,15890400
EFA,2009-10-23,56.92,56.93,55.9,56.17,19383000
EFA,2009-10-26,56.37,56.79,55.1,55.32,21031300
EFA,2009-10-27,55.43,55.63,54.8,54.88,23313000
EFA,2009-10-28,54.35,54.6099,53.41,53.56,25441000
EFA,2009-10-29,54.56,55.33,54.1167,55.14,21274300
EFA,2009-10-30,54.78,54.96,53.21,53.3,31478700
EFA,2009-11-02,53.77,54.56,53.21,53.82,25878000
EFA,2009-11-03,52.85,53.72,52.78,53.61,19567300
EFA,2009-11-04,54.31,54.67,53.9825,54.15,24340600
EFA,2009-11-05,54.68,55.14,54.51,54.85,13490700
EFA,2009-11-06,54.47,55.09,54.35,55.01,12750300
EFA,2009-11-09,56.0,56.56,55.91,56.55,17554500
EFA,2009-11-10,55.97,56.39,55.88,56.25,19583800
EFA,2009-11-11,56.64,56.9097,56.15,56.418,14746200
EFA,2009-11-12,56.2,56.49,55.49,55.6,18177000
EFA,2009-11-13,55.93,56.56,55.615,56.38,20592200
EFA,2009-11-16,56.87,57.61,56.84,57.28,18105000
EFA,2009-11-17,56.69,56.95,56.35,56.9,15367600
EFA,2009-11-18,56.94,56.98,56.4,56.72,12114400
EFA,2009-11-19,55.91,55.91,55.21,55.65,21816500
EFA,2009-11-20,54.97,55.39,54.926,55.34,15379300
EFA,2009-11-23,56.48,56.77,56.17,56.33,17112800
EFA,2009-11-24,56.22,56.33,55.681,56.1,23601500
EFA,2009-11-25,56.57,56.89,56.3,56.85,15283000
EFA,2009-11-27,54.52,55.62,54.44,55.21,14507600
EFA,2009-11-30,55.24,55.75,54.9,55.39,20857000
EFA,2009-12-01,56.47,57.0901,56.37,56.91,17952200
EFA,2009-12-02,56.88,57.31,56.758,57.0,13034600
EFA,2009-12-03,57.33,57.625,56.71,56.87,15714100
EFA,2009-12-04,57.36,57.66,56.3,56.67,17862600
EFA,2009-12-07,56.31,56.83,56.26,56.36,13057600
EFA,2009-12-08,55.79,55.8,55.23,55.38,16547700
EFA,2009-12-09,55.25,55.5,54.72,55.31,16435300
EFA,2009-12-10,55.6,55.78,54.7666,55.48,12430600
EFA,2009-12-11,55.65,55.74,55.33,55.46,22797300
EFA,2009-12-14,55.86,56.02,55.64,56.0,23188500
EFA,2009-12-15,55.29,55.71,55.24,55.38,16211400
EFA,2009-12-16,55.91,56.31,55.85,56.03,17313400
EFA,2009-12-17,55.02,55.13,54.57,54.71,20345600
EFA,2009-12-18,54.94,55.06,54.23,54.84,18769700
EFA,2009-12-21,54.95,55.28,54.89,55.0,15019700
EFA,2009-12-22,54.7704,54.98,54.58,54.85,15589200
EFA,2009-12-23,55.15,55.35,54.91,55.35,10683500
EFA,2009-12-24,55.56,55.65,55.45,55.57,4979300
EFA,2009-12-28,55.85,55.85,55.63,55.81,11762300
EFA,2009-12-29,56.19,56.2,55.69,55.9,10648300
EFA,2009-12-30,55.39,55.67,55.26,55.67,12566200
EFA,2009-12-31,55.92,55.95,55.22,55.28,13893400
EFA,2010-01-04,56.42,56.94,56.41,56.73,18556900
EFA,2010-01-05,56.87,57.1,56.51,56.78,14352800
EFA,2010-01-06,56.68,57.09,56.67,57.02,11888100
EFA,2010-01-07,56.64,56.84,56.37,56.8,10906600
EFA,2010-01-08,56.9,57.31,56.74,57.25,12826500
EFA,2010-01-11,57.83,57.86,57.47,57.72,12387500
EFA,2010-01-12,57.11,57.38,56.6,57.04,19029700
EFA,2010-01-13,57.28,57.6975,56.94,57.52,15446600
EFA,2010-01-14,57.5,58.0,57.5,57.96,13362600
EFA,2010-01-15,57.51,57.61,56.78,57.05,19281700
EFA,2010-01-19,56.88,57.68,56.84,57.61,17507700
EFA,2010-01-20,56.37,56.4,55.615,56.14,24510100
EFA,2010-01-21,56.04,56.18,54.58,54.94,22979100
EFA,2010-01-22,54.7,55.05,53.79,53.87,27432500
EFA,2010-01-25,54.8598,54.98,54.39,54.53,20242700
EFA,2010-01-26,54.05,54.68,53.91,54.22,22135300
EFA,2010-01-27,53.88,54.21,53.38,54.16,27156000
EFA,2010-01-28,54.19,54.2,52.85,53.25,26142600
EFA,2010-01-29,53.32,53.6325,52.3299,52.48,28917200
EFA,2010-02-01,53.2,53.52,52.48,53.44,23123800
EFA,2010-02-02,53.82,54.46,53.65,54.33,19720200
EFA,2010-02-03,53.98,54.2,53.48,53.76,20225900
EFA,2010-02-04,52.74,52.798,51.54,51.57,32202200
EFA,2010-02-05,51.29,51.48,49.94,51.48,43046100
EFA,2010-02-08,50.97,51.4478,50.45,50.46,19238000
EFA,2010-02-09,51.59,52.515,51.09,52.05,30811800
EFA,2010-02-10,51.77,51.95,51.21,51.72,23502500
EFA,2010-02-11,51.54,52.295,51.15,52.2,19397300
EFA,2010-02-12,51.3,51.85,51.051,51.75,18994900
EFA,2010-02-16,51.99,53.01,51.81,52.9,19592800
EFA,2010-02-17,53.14,53.27,52.75,52.97,19682000
EFA,2010-02-18,52.81,53.35,52.81,53.27,13747600
EFA,2010-02-19,52.53,53.07,52.38,52.94,16069000
EFA,2010-02-22,53.23,53.31,52.91,53.04,14422100
EFA,2010-02-23,52.8,53.04,52.1193,52.29,18038800
EFA,2010-02-24,52.37,52.93,52.23,52.62,15789800
EFA,2010-02-25,51.58,52.31,51.47,52.3,18544400
EFA,2010-02-26,52.19,52.85,51.91,52.62,19714200
EFA,2010-03-01,52.74,53.13,52.6,53.03,14774400
EFA,2010-03-02,53.39,53.7899,53.17,53.43,14135700
EFA,2010-03-03,53.91,54.41,53.83,54.07,15292400
EFA,2010-03-04,54.13,54.23,53.62,53.93,12645600
EFA,2010-03-05,54.31,55.06,54.21,54.98,18656300
EFA,2010-03-08,55.06,55.21,54.81,54.98,11336100
EFA,2010-03-09,54.47,55.11,54.45,54.85,15356500
EFA,2010-03-10,54.85,55.34,54.781,55.08,13641100
EFA,2010-03-11,55.05,55.35,54.81,55.29,13015300
EFA,2010-03-12,55.73,55.75,55.37,55.66,11743300
EFA,2010-03-15,55.2,55.3425,54.85,55.27,10182300
EFA,2010-03-16,55.46,56.03,55.32,55.97,15718300
EFA,2010-03-17,56.18,56.51,56.11,56.27,17400500
EFA,2010-03-18,56.08,56.185,55.58,55.9425,15899600
EFA,2010-03-19,55.86,55.91,55.11,55.37,17819700
EFA,2010-03-22,54.64,55.6,54.6,55.53,17473800
EFA,2010-03-23,55.56,56.0083,55.35,55.92,15533000
EFA,2010-03-24,55.0,55.21,54.7601,55.0,18234000
EFA,2010-03-25,55.45,55.66,54.9,54.97,18633000
EFA,2010-03-26,55.33,55.72,55.16,55.51,23466200
EFA,2010-03-29,55.78,56.04,55.68,55.98,13605700
EFA,2010-03-30,56.16,56.31,55.72,55.98,16768000
EFA,2010-03-31,55.77,56.18,55.64,55.98,22702600
EFA,2010-04-01,56.55,56.99,56.52,56.97,20493900
EFA,2010-04-05,56.94,57.2,56.75,57.03,14434000
EFA,2010-04-06,56.44,56.945,56.3801,56.87,15025700
EFA,2010-04-07,56.56,56.675,56.26,56.47,19574500
EFA,2010-04-08,55.86,56.4599,55.74,56.41,13853000
EFA,2010-04-09,56.58,57.22,56.56,57.15,17131200
EFA,2010-04-12,57.34,57.5,57.21,57.33,11992200
EFA,2010-04-13,57.39,57.44,56.85,57.28,9094000
EFA,2010-04-14,57.69,58.08,57.52,58.04,20763800
EFA,2010-04-15,57.69,58.089,57.64,58.0,13534200
EFA,2010-04-16,57.48,57.7085,56.43,56.72,30341100
EFA,2010-04-19,56.08,56.61,55.89,56.57,19657000
EFA,2010-04-20,57.0,57.08,56.7774,56.92,14039800
EFA,2010-04-21,56.69,56.7937,56.255,56.55,15597400
EFA,2010-04-22,55.68,56.14,55.3201,56.04,22128200
EFA,2010-04-23,55.81,56.49,55.63,56.46,18250100
EFA,2010-04-26,56.62,56.75,56.4,56.52,19670500
EFA,2010-04-27,55.7,56.08,54.1233,54.25,39699100
EFA,2010-04-28,54.6902,54.79,53.6775,54.26,32895300
EFA,2010-04-29,54.85,55.23,54.71,55.1,21405900
EFA,2010-04-30,55.12,55.18,54.27,54.41,24817100
EFA,2010-05-03,54.51,54.99,54.41,54.8,22046300
EFA,2010-05-04,53.39,53.42,52.41,52.63,42932500
EFA,2010-05-05,51.45,52.24,51.34,51.62,40791300
EFA,2010-05-06,51.28,51.6,47.26,49.32,64526400
EFA,2010-05-07,49.81,50.31,48.3,49.21,66179200
EFA,2010-05-10,52.45,52.85,51.95,52.4,63301700
EFA,2010-05-11,51.21,52.358,51.16,51.55,42343600
EFA,2010-05-12,51.99,52.44,51.9,52.13,27785600
EFA,2010-05-13,51.76,52.12,51.32,51.45,29675400
EFA,2010-05-14,50.82,50.92,49.55,49.99,40366200
EFA,2010-05-17,50.17,50.4,48.9,50.06,33131000
EFA,2010-05-18,50.54,50.63,48.73,48.98,39152500
EFA,2010-05-19,48.88,49.34,48.35,49.17,41441600
EFA,2010-05-20,47.71,48.265,46.97,47.46,50013100
EFA,2010-05-21,47.02,48.675,46.91,48.62,52184600
EFA,2010-05-24,47.94,48.32,47.465,47.51,26489400
EFA,2010-05-25,46.09,47.39,45.85,47.32,53441800
EFA,2010-05-26,47.37,47.78,46.51,46.62,42125600
EFA,2010-05-27,48.3,49.3,48.01,49.27,33506900
EFA,2010-05-28,49.0275,49.1484,48.11,48.32,39482100
EFA,2010-06-01,47.89,49.02,47.8,47.84,34753600
EFA,2010-06-02,48.06,49.15,47.79,49.12,25336300
EFA,2010-06-03,49.37,49.46,48.52,48.97,27019600
EFA,2010-06-04,47.76,48.0196,46.65,46.88,36685200
EFA,2010-06-07,47.07,47.3,46.275,46.29,24384100
EFA,2010-06-08,46.55,47.09,46.13,47.03,33911600
EFA,2010-06-09,47.34,47.83,46.63,46.86,30395500
EFA,2010-06-10,48.24,48.88,48.08,48.84,30506000
EFA,2010-06-11,48.29,48.93,48.2,48.91,22459100
EFA,2010-06-14,49.63,49.93,49.13,49.22,29477200
EFA,2010-06-15,50.0,50.81,49.82,50.78,28365100
EFA,2010-06-16,50.15,50.74,50.04,50.54,21785900
EFA,2010-06-17,50.78,50.8,50.2,50.7,23402900
EFA,2010-06-18,50.63,50.845,50.45,50.61,20182700
EFA,2010-06-21,51.39,51.49,50.4,50.6,26081200
EFA,2010-06-22,50.72,50.93,49.87,49.96,29123900
EFA,2010-06-23,49.46,49.775,48.83,49.43,31159100
EFA,2010-06-24,49.1,49.17,48.43,48.57,24218700
EFA,2010-06-25,48.54,48.99,48.17,48.85,31883900
EFA,2010-06-28,48.75,49.11,48.375,48.49,23915000
EFA,2010-06-29,47.6,47.6,46.67,46.83,39759300
EFA,2010-06-30,46.9,47.38,46.48,46.51,40112000
EFA,2010-07-01,47.1,47.26,46.45,47.19,43453600
EFA,2010-07-02,47.47,47.66,46.77,47.09,24580500
EFA,2010-07-06,48.43,48.79,47.705,48.03,26225800
EFA,2010-07-07,48.32,49.59,48.27,49.525,31096500
EFA,2010-07-08,49.7,50.02,49.33,50.01,30704400
EFA,2010-07-09,49.56,50.08,49.48,50.06,19807000
EFA,2010-07-12,49.65,49.99,49.51,49.87,19512900
EFA,2010-07-13,50.51,50.91,50.41,50.79,21027200
EFA,2010-07-14,50.57,51.0228,50.4336,50.97,17036100
EFA,2010-07-15,51.08,51.31,50.42,51.22,21741000
EFA,2010-07-16,50.61,50.62,49.51,49.58,29092500
EFA,2010-07-19,49.99,50.16,49.48,49.9,15344100
EFA,2010-07-20,49.14,50.31,49.12,50.24,17648600
EFA,2010-07-21,50.22,50.25,49.17,49.33,18248500
EFA,2010-07-22,50.52,51.17,50.52,50.99,25412400
EFA,2010-07-23,50.91,51.6,50.74,51.59,26349100
EFA,2010-07-26,51.31,51.97,51.19,51.95,29416900
EFA,2010-07-27,52.25,52.3,51.71,52.1,31043800
EFA,2010-07-28,51.96,52.12,51.67,51.83,18472800
EFA,2010-07-29,52.58,52.81,51.61,52.07,20313700
EFA,2010-07-30,51.46,52.25,51.4,51.91,25265700
EFA,2010-08-02,53.09,53.75,52.96,53.66,20257000
EFA,2010-08-03,53.42,53.76,53.16,53.58,18383000
EFA,2010-08-04,53.51,53.77,53.22,53.63,15891400
EFA,2010-08-05,53.43,53.59,53.15,53.59,13158500
EFA,2010-08-06,53.27,53.8,53.09,53.75,18078700
EFA,2010-08-09,53.89,53.95,53.68,53.81,13579600
EFA,2010-08-10,52.88,53.63,52.58,53.38,20251800
EFA,2010-08-11,51.7,51.71,50.87,50.95,40518300
EFA,2010-08-12,50.51,51.05,50.5,50.89,22039000
EFA,2010-08-13,50.87,51.17,50.69,50.71,18869200
EFA,2010-08-16,50.72,51.31,50.58,51.12,16634800
EFA,2010-08-17,51.69,51.98,51.4,51.69,13630600
EFA,2010-08-18,51.83,52.02,51.46,51.67,14140600
EFA,2010-08-19,51.7,51.84,50.6,50.84,20836400
EFA,2010-08-20,50.3,50.42,50.0,50.31,16366900
EFA,2010-08-23,50.56,50.89,50.2,50.21,13331200
EFA,2010-08-24,49.53,49.86,49.16,49.52,21659600
EFA,2010-08-25,49.08,49.67,48.82,49.57,18816000
EFA,2010-08-26,49.85,50.14,49.4,49.55,16038800
EFA,2010-08-27,50.13,50.58,49.48,50.52,16814200
EFA,2010-08-30,50.19,50.4,49.78,49.79,17372300
EFA,2010-08-31,49.74,50.27,49.54,49.94,24164600
EFA,2010-09-01,51.16,51.9,51.06,51.72,25500500
EFA,2010-09-02,51.7,52.01,51.54,52.01,14665200
EFA,2010-09-03,52.43,52.65,52.15,52.49,16061700
EFA,2010-09-07,52.1,52.14,51.73,51.76,17975300
EFA,2010-09-08,52.11,52.54,52.08,52.16,13422600
EFA,2010-09-09,53.0,53.0,52.4,52.65,14184700
EFA,2010-09-10,52.67,52.86,52.6,52.81,10187700
EFA,2010-09-13,53.54,53.81,53.46,53.77,23197400
EFA,2010-09-14,53.58,54.34,53.42,54.13,20933000
EFA,2010-09-15,53.78,54.21,53.54,54.15,19914900
EFA,2010-09-16,53.76,54.03,53.61,53.89,18005000
EFA,2010-09-17,53.88,53.98,53.33,53.63,18965300
EFA,2010-09-20,53.91,54.66,53.77,54.56,17245100
EFA,2010-09-21,54.57,54.98,54.05,54.55,24148000
EFA,2010-09-22,54.7205,55.01,54.32,54.47,21603200
EFA,2010-09-23,53.86,54.41,53.755,53.88,20424200
EFA,2010-09-24,54.93,55.48,54.89,55.38,21041700
EFA,2010-09-27,55.36,55.41,55.05,55.1,13161000
EFA,2010-09-28,55.22,55.55,54.64,55.42,30726600
EFA,2010-09-29,55.43,55.62,55.15,55.33,18717500
EFA,2010-09-30,55.61,55.81,54.63,54.92,30372500
EFA,2010-10-01,55.48,55.59,55.02,55.468,15814900
EFA,2010-10-04,54.99,55.21,54.46,54.67,14760400
EFA,2010-10-05,55.65,56.38,55.5399,56.22,25199800
EFA,2010-10-06,56.47,56.71,56.345,56.69,24251900
EFA,2010-10-07,57.11,57.12,56.2,56.5,22281600
EFA,2010-10-08,56.62,56.97,56.43,56.87,16558500
EFA,2010-10-11,56.97,57.0341,56.6,56.8,9960700
EFA,2010-10-12,56.36,56.83,55.95,56.68,13383900
EFA,2010-10-13,57.21,57.62,57.08,57.32,15517400
EFA,2010-10-14,57.73,57.93,57.38,57.72,16135400
EFA,2010-10-15,57.89,57.925,57.12,57.53,20830900
EFA,2010-10-18,57.42,57.9101,57.25,57.66,12315200
EFA,2010-10-19,56.65,57.01,56.1099,56.39,20471000
EFA,2010-10-20,56.73,57.67,56.6861,57.45,15578900
EFA,2010-10-21,57.5,57.87,56.81,57.14,14836300
EFA,2010-10-22,57.41,57.5,57.12,57.29,12456000
EFA,2010-10-25,57.89,58.1,57.48,57.51,13979000
EFA,2010-10-26,56.89,57.2,56.75,57.14,14724600
EFA,2010-10-27,56.63,56.77,56.07,56.59,15964500
EFA,2010-10-28,57.18,57.2,56.72,57.03,15896800
EFA,2010-10-29,56.94,57.14,56.77,57.01,13268100
EFA,2010-11-01,57.1,57.3,56.4975,56.8,14155000
EFA,2010-11-02,57.68,57.85,57.53,57.74,13020600
EFA,2010-11-03,57.82,58.14,57.17,58.14,24589500
EFA,2010-11-04,59.19,59.505,59.12,59.46,19768900
EFA,2010-11-05,59.15,59.43,58.9011,59.2,14176200
EFA,2010-11-08,58.74,58.96,58.49,58.835,11752500
EFA,2010-11-09,59.2,59.35,58.05,58.252,17333500
EFA,2010-11-10,58.45,58.57,57.65,58.42,19340700
EFA,2010-11-11,57.84,58.01,57.59,57.92,21357400
EFA,2010-11-12,57.75,58.06,57.13,57.44,19040600
EFA,2010-11-15,57.83,57.93,57.39,57.4,15067500
EFA,2010-11-16,56.9,57.0,55.8,56.05,40455500
EFA,2010-11-17,56.35,56.67,56.22,56.3575,22315000
EFA,2010-11-18,57.55,57.83,57.5,57.77,19343000
EFA,2010-11-19,57.31,57.8,57.03,57.77,14201100
EFA,2010-11-22,57.1,57.4,56.4898,57.15,28197600
EFA,2010-11-23,55.87,56.0699,55.29,55.43,22439100
EFA,2010-11-24,55.96,56.33,55.94,56.31,18834800
EFA,2010-11-26,55.37,55.68,55.27,55.37,8691400
EFA,2010-11-29,54.77,55.01,54.23,54.88,25857100
EFA,2010-11-30,53.88,54.535,53.85,54.26,26227300
EFA,2010-12-01,55.33,55.84,55.22,55.8,21834400
EFA,2010-12-02,55.69,56.9,55.64,56.86,22405800
EFA,2010-12-03,56.9,57.46,56.8499,57.41,17799200
EFA,2010-12-06,56.9,57.2568,56.81,57.15,15412000
EFA,2010-12-07,57.91,57.98,57.12,57.18,24787900
EFA,2010-12-08,57.24,57.56,56.905,57.35,13426500
EFA,2010-12-09,57.52,57.58,57.0846,57.5,14969800
EFA,2010-12-10,57.46,57.69,57.22,57.63,13417000
EFA,2010-12-13,58.09,58.56,57.985,58.25,15149500
EFA,2010-12-14,58.36,58.71,58.22,58.34,16046600
EFA,2010-12-15,57.95,58.19,57.42,57.57,19335800
EFA,2010-12-16,57.6,57.98,57.41,57.89,15424700
EFA,2010-12-17,57.56,57.61,57.26,57.57,16830000
EFA,2010-12-20,57.85,57.86,57.45,57.7,12685600
EFA,2010-12-21,57.65,57.72,57.521,57.64,18172500
EFA,2010-12-22,57.65,57.76,57.55,57.75,9188800
EFA,2010-12-23,57.57,57.76,57.55,57.72,10404000
EFA,2010-12-27,57.38,57.6201,57.28,57.6,6348600
EFA,2010-12-28,57.91,57.92,57.52,57.65,9601200
EFA,2010-12-29,58.01,58.29,57.94,58.15,9244900
EFA,2010-12-30,58.03,58.08,57.65,57.87,10546300
EFA,2010-12-31,57.87,58.62,57.85,58.22,28390800
EFA,2011-01-03,58.61,58.87,58.56,58.7,16245400
EFA,2011-01-04,58.95,58.98,58.23,58.52,14583100
EFA,2011-01-05,57.6599,58.27,57.65,58.27,13008800
EFA,2011-01-06,58.31,58.35,57.47,57.6,23622100
EFA,2011-01-07,57.69,57.83,57.07,57.37,16347400
EFA,2011-01-10,56.97,57.34,56.715,57.27,12666500
EFA,2011-01-11,57.62,57.76,57.36,57.66,15014100
EFA,2011-01-12,58.35,58.93,58.25,58.93,20472100
EFA,2011-01-13,59.34,59.51,59.0,59.09,16441100
EFA,2011-01-14,58.92,59.51,58.88,59.45,21884200
EFA,2011-01-18,59.71,59.95,59.63,59.84,11977100
EFA,2011-01-19,60.03,60.07,59.26,59.43,19678600
EFA,2011-01-20,58.9,59.145,58.44,58.92,17207900
EFA,2011-01-21,59.42,59.54,59.08,59.24,13671500
EFA,2011-01-24,59.14,59.87,59.14,59.87,13494000
EFA,2011-01-25,59.39,59.76,59.2,59.75,13323300
EFA,2011-01-26,60.03,60.24,59.8475,60.13,20444700
EFA,2011-01-27,60.19,60.41,59.94,60.27,11889000
EFA,2011-01-28,59.91,60.08,58.81,58.93,18244200
EFA,2011-01-31,59.41,59.69,59.27,59.44,20763600
EFA,2011-02-01,60.2,60.966,60.12,60.85,25762500
EFA,2011-02-02,60.72,60.97,60.62,60.8,17063200
EFA,2011-02-03,60.51,60.84,60.07,60.81,11593300
EFA,2011-02-04,60.61,60.81,60.23,60.79,12648400
EFA,2011-02-07,60.66,61.06,60.63,60.98,13215000
EFA,2011-02-08,61.04,61.4,60.83,61.38,14437700
EFA,2011-02-09,61.03,61.32,60.87,61.2,17360700
EFA,2011-02-10,60.36,60.82,60.18,60.8,13190600
EFA,2011-02-11,60.26,60.93,60.25,60.83,12115100
EFA,2011-02-14,60.7,61.03,60.64,60.95,9851200
EFA,2011-02-15,60.89,60.95,60.63,60.77,14695100
EFA,2011-02-16,61.0,61.56,60.94,61.5,14665300
EFA,2011-02-17,61.36,61.86,61.33,61.71,15745900
EFA,2011-02-18,61.7,61.98,61.57,61.9225,10151400
EFA,2011-02-22,60.63,61.09,60.09,60.15,24077500
EFA,2011-02-23,60.42,60.63,59.87,60.23,18757300
EFA,2011-02-24,60.35,60.52,59.8,60.28,17689600
EFA,2011-02-25,60.69,61.045,60.65,61.0,15585300
EFA,2011-02-28,61.62,61.8,61.2597,61.55,19750700
EFA,2011-03-01,61.76,61.8,60.65,60.69,20476500
EFA,2011-03-02,60.81,61.3,60.74,61.01,17851200
EFA,2011-03-03,61.53,61.81,61.27,61.79,16087800
EFA,2011-03-04,61.57,61.69,60.82,61.23,18174100
EFA,2011-03-07,61.49,61.6332,60.48,60.64,16467500
EFA,2011-03-08,60.54,61.0308,60.21,60.83,13435000
EFA,2011-03-09,60.84,60.99,60.58,60.85,13058500
EFA,2011-03-10,59.74,59.75,59.25,59.34,24970100
EFA,2011-03-11,58.84,59.485,58.84,59.34,17713200
EFA,2011-03-14,57.87,58.33,57.64,58.28,31231300
EFA,2011-03-15,55.2,57.38,55.05,57.06,43537200
EFA,2011-03-16,56.67,56.86,54.1033,55.29,40797800
EFA,2011-03-17,57.22,57.45,56.77,57.13,30662400
EFA,2011-03-18,57.99,58.1,57.65,57.919,44500400
EFA,2011-03-21,58.97,59.44,58.83,59.345,24131500
EFA,2011-03-22,59.31,59.36,58.89,59.18,16722000
EFA,2011-03-23,58.82,59.4088,58.59,59.25,17400800
EFA,2011-03-24,59.51,60.04,59.34,60.04,14473700
EFA,2011-03-25,59.58,59.855,59.36,59.38,12687500
EFA,2011-03-28,59.55,59.74,59.31,59.35,11879900
EFA,2011-03-29,59.2,59.67,58.9777,59.66,14375800
EFA,2011-03-30,60.09,60.44,59.9636,60.37,13689000
EFA,2011-03-31,60.0,60.29,59.84,60.08,21688400
EFA,2011-04-01,60.19,60.7266,59.92,60.65,15132800
EFA,2011-04-04,60.82,60.86,60.49,60.73,19410800
EFA,2011-04-05,60.21,60.77,60.16,60.58,14536800
EFA,2011-04-06,60.83,61.16,60.8,61.08,14204000
EFA,2011-04-07,60.93,61.13,60.43,60.78,16050000
EFA,2011-04-08,61.5,61.5916,61.11,61.28,12447100
EFA,2011-04-11,61.44,61.61,61.03,61.16,10165800
EFA,2011-04-12,60.88,60.95,60.4116,60.59,14527800
EFA,2011-04-13,61.25,61.29,60.61,60.77,14659800
EFA,2011-04-14,60.58,61.14,60.41,61.04,15109800
EFA,2011-04-15,60.84,61.055,60.6,60.95,14660500
EFA,2011-04-18,59.61,59.82,59.03,59.7,20667200
EFA,2011-04-19,60.02,60.23,59.83,60.14,11675700
EFA,2011-04-20,61.54,61.73,61.43,61.67,16665900
EFA,2011-04-21,62.12,62.17,61.86,62.07,12811800
EFA,2011-04-25,62.14,62.19,61.8301,62.07,11593100
EFA,2011-04-26,62.23,62.66,62.11,62.55,11400000
EFA,2011-04-27,62.76,63.39,62.35,63.33,16032300
EFA,2011-04-28,63.29,63.79,63.28,63.76,19808900
EFA,2011-04-29,63.79,64.07,63.46,63.46,17700000
EFA,2011-05-02,64.13,64.35,63.78,63.87,18704300
EFA,2011-05-03,63.65,63.825,63.06,63.35,14222300
EFA,2011-05-04,63.43,63.44,62.59,62.81,18561500
EFA,2011-05-05,62.11,62.28,61.32,61.57,25543500
EFA,2011-05-06,62.43,62.65,61.26,61.6,24517800
EFA,2011-05-09,61.62,62.09,61.36,62.04,17228200
EFA,2011-05-10,62.25,62.66,62.12,62.63,15708200
EFA,2011-05-11,62.3,62.37,61.13,61.37,33177300
EFA,2011-05-12,61.18,61.86,60.8,61.57,22162200
EFA,2011-05-13,61.45,61.49,60.2799,60.61,20874000
EFA,2011-05-16,60.45,61.16,60.31,60.5,19340700
EFA,2011-05-17,60.18,60.66,59.9,60.63,18296900
EFA,2011-05-18,60.56,61.18,60.42,61.0,12848200
EFA,2011-05-19,61.18,61.4164,60.81,61.35,10888100
EFA,2011-05-20,60.93,61.0,60.25,60.48,18552000
EFA,2011-05-23,59.08,59.33,58.82,59.08,20519400
EFA,2011-05-24,59.57,59.77,59.24,59.42,17309500
EFA,2011-05-25,59.24,59.96,59.2,59.8,15848600
EFA,2011-05-26,60.06,60.51,59.71,60.36,18511100
EFA,2011-05-27,60.68,60.99,60.59,60.8,17160100
EFA,2011-05-31,61.81,62.06,61.445,62.06,33441600
EFA,2011-06-01,61.72,61.79,60.515,60.59,25264400
EFA,2011-06-02,60.88,61.02,60.24,60.9,19489600
EFA,2011-06-03,60.28,61.275,60.26,60.93,21376300
EFA,2011-06-06,60.78,60.83,60.095,60.14,16339800
EFA,2011-06-07,60.9,61.14,60.66,60.69,23850300
EFA,2011-06-08,60.24,60.44,59.8229,59.91,18499300
EFA,2011-06-09,60.11,60.68,59.965,60.53,14991000
EFA,2011-06-10,60.0,60.02,58.95,59.13,23965600
EFA,2011-06-13,59.35,59.58,58.8928,59.22,26144800
EFA,2011-06-14,60.07,60.44,60.02,60.27,16389900
EFA,2011-06-15,59.08,59.31,58.155,58.29,26678400
EFA,2011-06-16,58.02,58.41,57.59,58.09,21331500
EFA,2011-06-17,58.88,58.96,58.51,58.66,22489900
EFA,2011-06-20,58.24,58.75,58.24,58.59,16304000
EFA,2011-06-21,59.16,59.89,59.09,59.86,17407400
EFA,2011-06-22,58.42,58.77,58.12,58.15,20975200
EFA,2011-06-23,57.06,57.68,56.7,57.65,22617400
EFA,2011-06-24,57.68,57.7,57.01,57.1,18681900
EFA,2011-06-27,57.06,57.72,56.94,57.57,16916400
EFA,2011-06-28,57.82,58.315,57.75,58.26,20936100
EFA,2011-06-29,58.9,59.325,58.56,59.28,28707600
EFA,2011-06-30,59.57,60.33,59.48,60.14,30800700
EFA,2011-07-01,60.05,60.86,59.88,60.8,17093200
EFA,2011-07-05,60.54,60.72,60.275,60.44,17598300
EFA,2011-07-06,59.93,60.15,59.64,60.06,12980200
EFA,2011-07-07,60.41,60.71,60.32,60.58,15687200
EFA,2011-07-08,59.92,60.15,59.5,59.83,17211100
EFA,2011-07-11,58.51,58.66,57.91,58.02,25138000
EFA,2011-07-12,57.67,58.29,57.56,57.63,17446900
EFA,2011-07-13,58.28,59.08,58.15,58.49,22333600
EFA,2011-07-14,58.8,58.92,57.85,57.98,24454000
EFA,2011-07-15,58.27,58.49,57.89,58.18,20163000
EFA,2011-07-18,57.44,57.61,56.85,57.32,23639200
EFA,2011-07-19,57.81,58.32,57.81,58.18,20782400
EFA,2011-07-20,58.7,58.95,58.39,58.87,15577400
EFA,2011-07-21,59.47,60.215,59.37,60.12,26791900
EFA,2011-07-22,60.16,60.25,59.73,60.18,11854600
EFA,2011-07-25,59.8,60.07,59.67,59.8,15580200
EFA,2011-07-26,60.12,60.37,59.85,60.16,14454200
EFA,2011-07-27,59.77,59.79,58.59,58.7,29604200
EFA,2011-07-28,58.61,59.16,58.5,58.56,17540500
EFA,2011-07-29,58.46,59.24,58.22,58.71,28563800
EFA,2011-08-01,59.37,59.3995,57.4964,57.97,26159000
EFA,2011-08-02,57.31,57.81,56.43,56.44,25546200
EFA,2011-08-03,56.8,56.89,55.79,56.77,36176300
EFA,2011-08-04,54.89,55.01,52.74,52.81,39911200
EFA,2011-08-05,54.01,54.205,51.78,53.745,61793400
EFA,2011-08-08,51.72,52.41,49.6301,49.73,53894700
EFA,2011-08-09,51.68,53.08,50.19,53.08,55660900
EFA,2011-08-10,51.63,51.683,49.84,49.91,43347500
EFA,2011-08-11,50.16,52.68,50.08,52.3,35724500
EFA,2011-08-12,52.85,53.31,52.2,52.9,26243500
EFA,2011-08-15,53.54,54.14,53.53,54.13,20913700
EFA,2011-08-16,53.19,53.96,52.785,53.34,23238300
EFA,2011-08-17,53.85,54.3,53.33,53.65,20680200
EFA,2011-08-18,51.7,51.82,50.59,51.04,32657800
EFA,2011-08-19,50.44,51.69,50.1,50.17,29395100
EFA,2011-08-22,51.72,51.76,50.45,50.49,23408300
EFA,2011-08-23,51.09,52.18,50.76,52.13,24830200
EFA,2011-08-24,51.71,52.45,51.42,52.15,18042600
EFA,2011-08-25,52.02,52.23,50.73,50.89,18597700
EFA,2011-08-26,50.72,51.86,50.16,51.69,26600900
EFA,2011-08-29,52.44,52.95,52.42,52.92,18267000
EFA,2011-08-30,52.33,52.85,51.93,52.61,16811400
EFA,2011-08-31,53.45,53.9,53.215,53.57,29114100
EFA,2011-09-01,53.31,53.8,52.91,52.91,21110800
EFA,2011-09-02,51.95,52.27,51.62,51.73,23310400
EFA,2011-09-06,49.3,50.06,49.15,50.029,27238100
EFA,2011-09-07,50.73,51.53,50.57,51.52,18331400
EFA,2011-09-08,50.79,51.39,50.365,50.5,17412400
EFA,2011-09-09,49.53,49.73,48.54,48.75,23270800
EFA,2011-09-12,47.9,48.56,47.41,48.54,31133200
EFA,2011-09-13,48.54,49.23,48.37,49.06,27622400
EFA,2011-09-14,49.23,50.18,48.41,49.8,26017000
EFA,2011-09-15,50.57,50.92,50.21,50.88,36415500
EFA,2011-09-16,50.97,51.13,50.36,50.9,19035400
EFA,2011-09-19,49.21,49.83,48.9,49.5,22184900
EFA,2011-09-20,49.71,50.24,49.31,49.7,27969100
EFA,2011-09-21,49.65,49.84,48.2,48.22,74730700
EFA,2011-09-22,46.71,47.0,46.08,46.66,49431400
EFA,2011-09-23,46.3,47.28,46.23,47.19,39581500
EFA,2011-09-26,47.5,48.2,46.8,48.16,24237700
EFA,2011-09-27,49.53,50.16,49.06,49.35,35316000
EFA,2011-09-28,49.63,49.9,48.45,48.51,32537000
EFA,2011-09-29,49.81,49.99,48.75,49.46,29540100
EFA,2011-09-30,48.25,48.66,47.75,47.78,29785700
EFA,2011-10-03,47.31,47.98,46.5,46.52,31113700
EFA,2011-10-04,46.02,47.31,45.45,47.3,37700000
EFA,2011-10-05,47.24,48.08,46.88,48.03,33843200
EFA,2011-10-06,48.0,49.35,47.86,49.32,30835600
EFA,2011-10-07,49.57,49.83,48.86,48.98,32306700
EFA,2011-10-10,50.15,50.89,50.15,50.85,22300800
EFA,2011-10-11,50.17,50.82,50.09,50.76,22967800
EFA,2011-10-12,51.45,52.0,51.37,51.5,40438500
EFA,2011-10-13,51.18,51.57,50.74,51.52,16967200
EFA,2011-10-14,52.01,52.21,51.63,52.12,16226500
EFA,2011-10-17,51.72,51.74,50.79,50.92,15645500
EFA,2011-10-18,50.82,52.015,50.23,51.65,27807500
EFA,2011-10-19,51.36,51.54,50.64,50.72,18229900
EFA,2011-10-20,50.87,50.94,50.06,50.85,23120200
EFA,2011-10-21,51.66,52.11,51.58,52.08,21149500
EFA,2011-10-24,52.06,52.95,52.05,52.86,16040000
EFA,2011-10-25,52.51,52.58,51.76,51.95,25668900
EFA,2011-10-26,52.8401,52.95,51.61,52.66,19159800
EFA,2011-10-27,55.06,55.87,54.58,55.43,27559600
EFA,2011-10-28,54.87,55.26,54.73,55.25,41372400
EFA,2011-10-31,53.64,53.68,52.37,52.38,29378700
EFA,2011-11-01,50.27,51.315,50.15,50.74,34733100
EFA,2011-11-02,51.16,51.56,50.86,51.17,24423500
EFA,2011-11-03,51.99,52.65,51.22,52.46,23891000
EFA,2011-11-04,51.85,52.035,51.21,51.8,23089500
EFA,2011-11-07,51.74,52.11,51.3501,52.02,21383700
EFA,2011-11-08,52.3,52.8,51.82,52.65,22483600
EFA,2011-11-09,50.69,50.8394,49.83,49.95,28669400
EFA,2011-11-10,50.95,50.99,50.04,50.54,25065000
EFA,2011-11-11,51.33,51.96,51.3,51.8,19095800
EFA,2011-11-14,51.1902,51.33,50.64,50.88,16886200
EFA,2011-11-15,50.72,51.065,50.34,50.739,23477400
EFA,2011-11-16,50.2,50.67,49.75,49.77,26147100
EFA,2011-11-17,50.01,50.22,49.03,49.23,28385300
EFA,2011-11-18,49.81,49.84,49.3,49.4,16813600
EFA,2011-11-21,48.39,48.45,47.79,48.15,25465000
EFA,2011-11-22,48.1,48.31,47.72,48.01,29937500
EFA,2011-11-23,47.41,47.47,46.64,46.69,27206700
EFA,2011-11-25,46.6,47.11,46.45,46.45,10871200
EFA,2011-11-28,48.47,48.62,48.12,48.43,21753000
EFA,2011-11-29,48.66,49.0,48.47,48.75,23035900
EFA,2011-11-30,50.69,51.3,50.58,51.24,43525100
EFA,2011-12-01,50.98,51.36,50.628,50.8,19770900
EFA,2011-12-02,51.46,51.48,50.77,50.79,17848000
EFA,2011-12-05,51.76,51.81,51.06,51.37,18107200
EFA,2011-12-06,51.08,51.468,50.95,51.13,21382100
EFA,2011-12-07,50.79,51.7,50.57,51.49,29174100
EFA,2011-12-08,50.78,50.8601,49.74,49.8,26351100
EFA,2011-12-09,50.26,51.07,50.24,51.04,20706100
EFA,2011-12-12,49.95,49.96,49.26,49.55,23868300
EFA,2011-12-13,49.78,50.14,48.65,48.88,33861500
EFA,2011-12-14,48.6,48.78,48.14,48.3,28164100
EFA,2011-12-15,48.88,48.95,48.37,48.54,25474900
EFA,2011-12-16,48.7,48.85,48.1215,48.335,28537100
EFA,2011-12-19,48.58,48.67,47.83,47.89,21443400
EFA,2011-12-20,48.42,49.04,48.4,48.985,34746000
EFA,2011-12-21,48.67,48.79,48.291,48.73,27654000
EFA,2011-12-22,48.74,49.19,48.685,49.17,25753700
EFA,2011-12-23,49.25,49.51,49.14,49.51,14901700
EFA,2011-12-27,49.34,49.4,49.2,49.285,14440000
EFA,2011-12-28,49.15,49.17,48.39,48.405,20384600
EFA,2011-12-29,48.55,49.35,48.5,49.29,25565500
EFA,2011-12-30,49.27,49.6,49.23,49.53,32979100
EFA,2012-01-03,50.54,51.02,50.51,50.885,33352000
EFA,2012-01-04,50.57,50.67,50.2,50.58,14692800
EFA,2012-01-05,49.75,49.9,49.46,49.83,16354900
EFA,2012-01-06,49.65,49.68,49.07,49.15,28504800
EFA,2012-01-09,49.45,49.45,48.99,49.34,12756100
EFA,2012-01-10,50.18,50.22,49.97,50.09,13409900
EFA,2012-01-11,49.69,49.97,49.49,49.93,13372300
EFA,2012-01-12,50.14,50.25,49.77,50.14,13774400
EFA,2012-01-13,49.57,49.64,49.05,49.6,17154100
EFA,2012-01-17,50.25,50.5,50.13,50.185,19915900
EFA,2012-01-18,50.49,51.07,50.43,51.03,15999300
EFA,2012-01-19,51.39,52.19,51.18,51.66,17256900
EFA,2012-01-20,51.59,51.93,51.5408,51.93,23922600
EFA,2012-01-23,52.02,52.35,51.94,52.13,18529000
EFA,2012-01-24,51.58,51.93,51.405,51.84,18320600
EFA,2012-01-25,51.6,52.51,51.38,52.38,24497400
EFA,2012-01-26,52.88,52.9808,52.285,52.4,20276800
EFA,2012-01-27,52.24,52.62,52.24,52.49,22868700
EFA,2012-01-30,51.65,51.978,51.56,51.87,21139400
EFA,2012-01-31,52.42,52.42,51.825,52.14,26358300
EFA,2012-02-01,52.84,53.24,52.785,52.96,28274600
EFA,2012-02-02,53.08,53.29,52.92,53.07,19337400
EFA,2012-02-03,53.42,53.93,53.35,53.905,15187000
EFA,2012-02-06,53.37,53.7,53.32,53.64,15349200
EFA,2012-02-07,53.68,54.01,53.42,53.97,26462700
EFA,2012-02-08,54.1,54.29,53.825,54.16,13873200
EFA,2012-02-09,54.37,54.43,54.02,54.3,16265900
EFA,2012-02-10,53.3,53.43,53.11,53.27,19405700
EFA,2012-02-13,53.93,54.0,53.67,53.88,16406900
EFA,2012-02-14,53.63,53.73,53.11,53.48,17037300
EFA,2012-02-15,53.93,53.95,53.46,53.54,25177100
EFA,2012-02-16,53.4,54.31,53.35,54.275,17583900
EFA,2012-02-17,54.59,54.6,54.22,54.52,14472400
EFA,2012-02-21,54.71,54.91,54.45,54.53,17594800
EFA,2012-02-22,54.43,54.59,54.25,54.365,15857800
EFA,2012-02-23,54.43,54.86,54.19,54.82,12721100
EFA,2012-02-24,55.05,55.315,55.04,55.15,25346500
EFA,2012-02-27,54.41,55.01,54.29,54.865,20054200
EFA,2012-02-28,55.03,55.4,54.88,55.38,16619300
EFA,2012-02-29,55.49,55.64,54.63,54.66,33950800
EFA,2012-03-01,54.96,55.35,54.92,55.28,20340800
EFA,2012-03-02,54.89,54.93,54.6,54.77,14435600
EFA,2012-03-05,54.66,54.67,54.31,54.48,10047900
EFA,2012-03-06,53.2,53.25,52.59,52.74,21589300
EFA,2012-03-07,53.12,53.45,52.8,53.39,18013000
EFA,2012-03-08,54.24,54.765,54.09,54.54,21590500
EFA,2012-03-09,54.28,54.53,54.16,54.36,23096900
EFA,2012-03-12,54.16,54.29,53.89,54.22,13724200
EFA,2012-03-13,54.43,55.11,54.36,55.0971,24475900
EFA,2012-03-14,54.99,55.07,54.451,54.61,18872700
EFA,2012-03-15,54.8,55.2,54.65,55.13,13721000
EFA,2012-03-16,55.54,55.715,55.4574,55.51,15837000
EFA,2012-03-19,55.34,55.91,55.3075,55.8,17182000
EFA,2012-03-20,55.02,55.22,54.79,55.14,14092600
EFA,2012-03-21,54.93,54.96,54.55,54.775,16614400
EFA,2012-03-22,54.2,54.5,54.13,54.4,17106600
EFA,2012-03-23,54.35,54.79,54.06,54.78,14777400
EFA,2012-03-26,55.19,55.51,55.1781,55.48,19961800
EFA,2012-03-27,55.56,55.56,55.11,55.13,14826100
EFA,2012-03-28,55.15,55.19,54.47,54.75,20448500
EFA,2012-03-29,54.21,54.46,53.97,54.4,25848400
EFA,2012-03-30,54.84,54.94,54.5,54.89,22341500
EFA,2012-04-02,54.64,55.68,54.53,55.53,25434800
EFA,2012-04-03,55.21,55.24,54.25,54.56,20840000
EFA,2012-04-04,53.49,53.599,53.05,53.34,20326700
EFA,2012-04-05,52.87,53.33,52.86,53.02,13507000
EFA,2012-04-09,52.46,52.96,52.44,52.79,12950500
EFA,2012-04-10,52.61,52.76,51.655,51.66,25615800
EFA,2012-04-11,52.65,52.74,52.32,52.38,22972100
EFA,2012-04-12,52.63,53.41,52.6,53.335,21024400
EFA,2012-04-13,52.87,52.87,52.25,52.32,27100500
EFA,2012-04-16,52.73,52.92,52.29,52.7,20447400
EFA,2012-04-17,53.19,53.67,52.99,53.54,12959800
EFA,2012-04-18,53.17,53.51,53.08,53.26,19804600
EFA,2012-04-19,53.23,53.53,52.67,52.94,27862900
EFA,2012-04-20,53.32,53.63,53.285,53.45,15499300
EFA,2012-04-23,52.41,52.5,52.04,52.38,23904000
EFA,2012-04-24,52.61,53.05,52.58,52.8,14529100
EFA,2012-04-25,53.42,53.58,53.18,53.52,21423800
EFA,2012-04-26,53.3,53.93,53.24,53.84,13428200
EFA,2012-04-27,54.0,54.16,53.73,54.06,16016300
EFA,2012-04-30,53.82,53.85,53.53,53.75,16865300
EFA,2012-05-01,53.63,54.22,53.58,53.97,15437300
EFA,2012-05-02,53.31,53.635,53.1,53.55,15890700
EFA,2012-05-03,53.44,53.53,52.9777,53.08,14260300
EFA,2012-05-04,52.8,52.88,52.22,52.27,20026500
EFA,2012-05-07,52.27,52.7,52.23,52.65,21882700
EFA,2012-05-08,52.03,52.08,51.29,51.84,21062600
EFA,2012-05-09,50.84,51.515,50.61,51.24,31090500
EFA,2012-05-10,51.75,51.82,51.4,51.48,15309000
EFA,2012-05-11,50.88,51.61,50.88,51.16,14493200
EFA,2012-05-14,50.36,50.575,50.18,50.18,22125400
EFA,2012-05-15,49.9,50.155,49.495,49.55,18011800
EFA,2012-05-16,49.56,49.82,49.02,49.06,23983300
EFA,2012-05-17,49.0,49.06,48.45,48.46,26475900
EFA,2012-05-18,48.68,48.69,47.68,48.11,21407900
EFA,2012-05-21,48.5,49.2,48.38,49.17,22460000
EFA,2012-05-22,49.2,49.58,48.78,48.99,17114800
EFA,2012-05-23,48.42,48.59,47.75,48.59,42276400
EFA,2012-05-24,48.53,48.6574,47.985,48.27,27309500
EFA,2012-05-25,48.03,48.3501,48.02,48.1,13397100
EFA,2012-05-29,48.69,48.94,48.3148,48.71,22042200
EFA,2012-05-30,47.97,47.98,47.51,47.56,19349900
EFA,2012-05-31,47.77,47.92,47.22,47.76,41638100
EFA,2012-06-01,46.93,47.142,46.5343,46.55,34294700
EFA,2012-06-04,46.99,47.14,46.6,46.94,19574500
EFA,2012-06-05,46.91,47.32,46.87,47.275,20139100
EFA,2012-06-06,47.66,48.62,47.61,48.6,19868200
EFA,2012-06-07,49.27,49.29,48.56,48.67,18578800
EFA,2012-06-08,47.94,48.56,47.8,48.51,14439600
EFA,2012-06-11,49.02,49.04,47.99,48.04,19296200
EFA,2012-06-12,48.5,48.86,48.09,48.84,16053900
EFA,2012-06-13,48.47,48.92,48.32,48.445,16202800
EFA,2012-06-14,48.42,48.99,48.3,48.815,14670400
EFA,2012-06-15,49.1,49.56,48.99,49.5,20066100
EFA,2012-06-18,49.235,49.5,49.11,49.36,19122200
EFA,2012-06-19,49.87,50.51,49.81,50.18,23104500
EFA,2012-06-20,50.42,50.83,50.05,50.47,27983500
EFA,2012-06-21,49.23,49.33,47.99,48.025,25741600
EFA,2012-06-22,48.51,48.57,48.13,48.44,16488100
EFA,2012-06-25,47.63,47.65,47.25,47.36,32410900
EFA,2012-06-26,47.62,47.8,47.2599,47.665,26606100
EFA,2012-06-27,47.84,48.21,47.72,48.12,19727600
EFA,2012-06-28,47.78,48.26,47.57,48.22,22778500
EFA,2012-06-29,49.73,49.99,49.63,49.96,31235200
EFA,2012-07-02,50.1,50.34,49.86,50.29,30092900
EFA,2012-07-03,50.33,50.79,50.28,50.75,12175100
EFA,2012-07-05,49.95,50.07,49.6655,49.91,14389900
EFA,2012-07-06,49.47,49.56,49.14,49.44,15075800
EFA,2012-07-09,49.17,49.35,48.97,49.33,16313700
EFA,2012-07-10,49.55,49.638,48.875,49.0,20026100
EFA,2012-07-11,49.23,49.36,48.855,49.15,19418100
EFA,2012-07-12,48.51,48.81,48.232,48.66,21406500
EFA,2012-07-13,48.69,49.44,48.672,49.35,12613300
EFA,2012-07-16,49.21,49.49,48.96,49.335,12207500
EFA,2012-07-17,49.48,49.61,48.86,49.48,17158600
EFA,2012-07-18,49.32,49.92,49.29,49.87,13588000
EFA,2012-07-19,50.12,50.42,50.0,50.33,14039600
EFA,2012-07-20,49.4,49.44,49.0323,49.145,24165100
EFA,2012-07-23,47.84,48.25,47.66,48.14,16082900
EFA,2012-07-24,48.08,48.115,47.29,47.615,18959800
EFA,2012-07-25,48.04,48.11,47.63,47.87,10156700
EFA,2012-07-26,49.18,49.7214,49.06,49.33,18177000
EFA,2012-07-27,49.8,50.58,49.69,50.37,24134200
EFA,2012-07-30,50.09,50.479,50.08,50.31,24850000
EFA,2012-07-31,50.27,50.4024,49.98,50.0,38450700
EFA,2012-08-01,50.35,50.45,49.99,50.01,17751600
EFA,2012-08-02,49.47,49.9,48.94,49.31,23218900
EFA,2012-08-03,50.39,51.13,50.35,50.99,26429600
EFA,2012-08-06,51.21,51.52,51.13,51.35,15028700
EFA,2012-08-07,51.78,52.05,51.73,51.78,17651200
EFA,2012-08-08,51.49,51.86,51.47,51.75,13491300
EFA,2012-08-09,51.63,51.95,51.57,51.78,12183000
EFA,2012-08-10,51.37,51.87,51.25,51.87,15265100
EFA,2012-08-13,51.73,51.875,51.45,51.62,15320400
EFA,2012-08-14,51.77,51.85,51.62,51.74,10610200
EFA,2012-08-15,51.57,51.73,51.52,51.59,14045700
EFA,2012-08-16,51.855,52.31,51.7,52.23,13498000
EFA,2012-08-17,52.32,52.3699,52.08,52.3,17243500
EFA,2012-08-20,52.16,52.29,51.94,52.24,10066600
EFA,2012-08-21,52.655,52.92,52.38,52.54,19489800
EFA,2012-08-22,52.09,52.59,52.0401,52.48,12494200
EFA,2012-08-23,52.27,52.43,52.07,52.18,16203200
EFA,2012-08-24,51.81,52.37,51.71,52.1,15841400
EFA,2012-08-27,52.24,52.39,52.065,52.13,12419900
EFA,2012-08-28,51.92,52.17,51.83,52.08,14528900
EFA,2012-08-29,52.0297,52.11,51.84,51.92,11418300
EFA,2012-08-30,51.63,51.66,51.15,51.15,24315600
EFA,2012-08-31,51.78,51.94,51.33,51.6,26992000
EFA,2012-09-04,51.47,51.53,51.13,51.34,23863200
EFA,2012-09-05,51.34,51.425,51.12,51.2,17360500
EFA,2012-09-06,51.62,52.61,51.61,52.475,23697600
EFA,2012-09-07,53.05,53.3967,53.01,53.26,17210600
EFA,2012-09-10,53.05,53.196,52.76,52.84,12831800
EFA,2012-09-11,53.06,53.59,53.06,53.44,15417500
EFA,2012-09-12,53.89,53.915,53.6,53.79,14731600
EFA,2012-09-13,53.73,54.855,53.57,54.605,21654700
EFA,2012-09-14,55.18,55.5799,55.07,55.15,36185500
EFA,2012-09-17,55.09,55.2,54.72,54.86,14851900
EFA,2012-09-18,54.56,54.76,54.45,54.63,16695300
EFA,2012-09-19,54.72,54.97,54.55,54.86,17193300
EFA,2012-09-20,54.17,54.54,54.02,54.5101,21727600
EFA,2012-09-21,54.86,54.9,54.52,54.545,21583300
EFA,2012-09-24,54.11,54.48,54.06,54.35,16172500
EFA,2012-09-25,54.49,54.74,53.97,53.975,22290200
EFA,2012-09-26,53.54,53.61,53.22,53.43,22161700
EFA,2012-09-27,53.79,54.26,53.62,54.07,20720800
EFA,2012-09-28,53.5,53.55,52.91,53.0,43265100
EFA,2012-10-01,53.57,53.98,53.36,53.43,18016800
EFA,2012-10-02,53.95,53.99,53.46,53.64,14274000
EFA,2012-10-03,53.6,53.64,53.3,53.42,17416800
EFA,2012-10-04,53.81,54.13,53.7,54.07,15963600
EFA,2012-10-05,54.51,54.655,54.035,54.14,13420500
EFA,2012-10-08,53.81,53.9,53.71,53.82,6656000
EFA,2012-10-09,53.48,53.58,53.04,53.04,15400300
EFA,2012-10-10,53.05,53.1413,52.72,52.89,13899400
EFA,2012-10-11,53.42,53.65,53.15,53.23,13497700
EFA,2012-10-12,53.37,53.57,53.09,53.17,9295500
EFA,2012-10-15,53.53,53.75,53.26,53.69,21186600
EFA,2012-10-16,54.23,54.615,54.22,54.58,19155600
EFA,2012-10-17,54.85,55.15,54.72,55.09,15644700
EFA,2012-10-18,54.9,55.23,54.72,54.88,18096200
EFA,2012-10-19,54.73,54.74,54.06,54.14,19565700
EFA,2012-10-22,54.51,54.6,54.1531,54.52,14263400
EFA,2012-10-23,53.42,53.4699,53.04,53.35,18033600
EFA,2012-10-24,53.68,53.76,53.37,53.38,11683400
EFA,2012-10-25,54.0,54.08,53.5,53.7,15728800
EFA,2012-10-26,53.55,53.73,53.37,53.62,11745100
EFA,2012-10-31,53.92,53.98,53.44,53.575,21750700
EFA,2012-11-01,53.85,54.22,53.78,54.21,18856700
EFA,2012-11-02,54.17,54.17,53.61,53.685,16524400
EFA,2012-11-05,53.56,53.66,53.39,53.5604,9714000
EFA,2012-11-06,53.77,54.15,53.75,54.07,11045300
EFA,2012-11-07,53.5,53.52,52.97,53.26,20992600
EFA,2012-11-08,53.06,53.31,52.76,52.78,19833000
EFA,2012-11-09,52.51,53.0301,52.5,52.8,20872100
EFA,2012-11-12,52.81,52.915,52.63,52.755,11864800
EFA,2012-11-13,52.26,52.9,52.2101,52.5,14507400
EFA,2012-11-14,52.69,52.74,51.855,51.95,20602900
EFA,2012-11-15,52.19,52.36,51.92,52.1199,15479300
EFA,2012-11-16,52.13,52.205,51.63,52.09,18052300
EFA,2012-11-19,52.79,53.22,52.78,53.215,15934900
EFA,2012-11-20,53.0,53.31,52.9,53.3,13642300
EFA,2012-11-21,53.35,53.45,53.27,53.39,10368200
EFA,2012-11-23,54.2,54.54,54.17,54.54,8397700
EFA,2012-11-26,54.24,54.42,54.11,54.41,13682100
EFA,2012-11-27,54.29,54.44,54.12,54.14,13987200
EFA,2012-11-28,53.83,54.59,53.72,54.53,23549600
EFA,2012-11-29,54.96,55.13,54.71,55.0,19765500
EFA,2012-11-30,55.03,55.25,54.971,55.07,23565800
EFA,2012-12-03,55.34,55.37,55.06,55.14,22076600
EFA,2012-12-04,55.32,55.4,55.19,55.275,18736900
EFA,2012-12-05,55.3,55.6,55.11,55.36,22117800
EFA,2012-12-06,55.45,55.51,55.18,55.47,12963300
EFA,2012-12-07,55.35,55.51,53.4,55.495,11949100
EFA,2012-12-10,55.3301,55.58,55.32,55.549,17617400
EFA,2012-12-11,55.72,55.95,55.72,55.87,15684400
EFA,2012-12-12,56.04,56.37,55.96,56.05,18266500
EFA,2012-12-13,55.95,56.1,55.75,55.88,13693600
EFA,2012-12-14,55.94,56.26,55.9,56.076,18514600
EFA,2012-12-17,56.04,56.37,56.0,56.315,22550700
EFA,2012-12-18,55.95,56.35,55.87,56.28,24270800
EFA,2012-12-19,56.72,56.765,56.46,56.4829,19356300
EFA,2012-12-20,56.68,56.88,56.54,56.86,18545600
EFA,2012-12-21,56.08,56.52,56.06,56.51,22418300
EFA,2012-12-24,56.44,56.48,56.25,56.36,7699100
EFA,2012-12-26,56.52,56.57,56.12,56.35,11718000
EFA,2012-12-27,56.66,56.68,56.16,56.61,14207500
EFA,2012-12-28,56.14,56.3,55.97,56.01,18734500
EFA,2012-12-31,56.24,56.87,56.07,56.86,22820800
EFA,2013-01-02,57.67,57.78,57.39,57.745,26056300
EFA,2013-01-03,57.33,57.54,57.09,57.18,23239700
EFA,2013-01-04,57.07,57.535,57.01,57.47,15522200
EFA,2013-01-07,57.02,57.28,56.94,57.2201,14102600
EFA,2013-01-08,57.02,57.08,56.69,56.9,15592300
EFA,2013-01-09,57.09,57.27,57.03,57.19,12779400
EFA,2013-01-10,57.8,58.01,57.59,57.92,17718600
EFA,2013-01-11,58.01,58.11,57.835,58.04,12624700
EFA,2013-01-14,58.05,58.15,57.87,58.11,9980400
EFA,2013-01-15,57.75,58.05,57.69,58.02,12534000
EFA,2013-01-16,57.6199,57.81,57.52,57.74,12907000
EFA,2013-01-17,58.14,58.32,58.0,58.21,14936200
EFA,2013-01-18,58.14,58.2166,57.89,58.15,18844000
EFA,2013-01-22,58.03,58.18,57.83,58.18,12090100
EFA,2013-01-23,58.04,58.16,57.88,58.12,10139900
EFA,2013-01-24,58.22,58.54,58.19,58.4,13640100
EFA,2013-01-25,58.95,59.03,58.7,59.03,16643500
EFA,2013-01-28,58.81,58.85,58.542,58.74,14802900
EFA,2013-01-29,58.87,59.2,58.85,59.14,13403300
EFA,2013-01-30,59.17,59.425,59.13,59.2,18943400
EFA,2013-01-31,59.11,59.275,58.94,58.98,22252200
EFA,2013-02-01,59.36,59.59,59.21,59.45,19989200
EFA,2013-02-04,58.79,58.89,58.26,58.38,18125200
EFA,2013-02-05,58.54,58.81,58.49,58.65,15418900
EFA,2013-02-06,58.2799,58.67,58.24,58.64,26336000
EFA,2013-02-07,58.59,58.64,57.86,58.16,21947700
EFA,2013-02-08,58.36,58.59,58.36,58.53,18326200
EFA,2013-02-11,58.53,58.54,58.25,58.47,12677200
EFA,2013-02-12,58.5,58.882,58.45,58.76,11534200
EFA,2013-02-13,59.04,59.17,58.844,58.9,8955200
EFA,2013-02-14,58.38,58.62,58.36,58.58,10409900
EFA,2013-02-15,58.66,58.705,58.26,58.43,12095000
EFA,2013-02-19,58.93,59.16,58.92,59.12,20173800
EFA,2013-02-20,59.25,59.29,58.53,58.54,17523500
EFA,2013-02-21,57.84,57.87,57.402,57.66,34195200
EFA,2013-02-22,58.12,58.51,57.945,58.49,23364000
EFA,2013-02-25,58.83,58.93,57.02,57.09,40205000
EFA,2013-02-26,57.68,57.835,57.19,57.55,25416500
EFA,2013-02-27,57.47,58.35,57.4,58.28,16819600
EFA,2013-02-28,58.26,58.56,58.15,58.215,17815100
EFA,2013-03-01,57.8,58.2,57.58,58.1,18241800
EFA,2013-03-04,57.95,58.36,57.85,58.35,14580300
EFA,2013-03-05,58.82,59.04,58.8,58.93,16168000
EFA,2013-03-06,59.18,59.22,58.82,59.08,17189600
EFA,2013-03-07,59.22,59.3401,59.18,59.25,11797900
EFA,2013-03-08,59.29,59.42,59.035,59.375,23305900
EFA,2013-03-11,59.29,59.56,59.22,59.56,10873200
EFA,2013-03-12,59.53,59.6,59.15,59.26,16015600
EFA,2013-03-13,59.13,59.33,58.87,59.165,20517900
EFA,2013-03-14,59.43,59.81,59.395,59.75,12158300
EFA,2013-03-15,59.92,59.995,59.71,59.871,18191100
EFA,2013-03-18,59.12,59.65,59.09,59.21,25132800
EFA,2013-03-19,59.355,59.44,58.6301,59.03,25745200
EFA,2013-03-20,59.44,59.54,59.29,59.39,16134800
EFA,2013-03-21,58.9,59.23,58.82,58.85,18106800
EFA,2013-03-22,59.1799,59.45,59.075,59.36,18090400
EFA,2013-03-25,59.3906,59.47,58.47,58.62,31933000
EFA,2013-03-26,58.83,59.0,58.66,58.985,15040700
EFA,2013-03-27,58.31,58.72,58.2,58.7,14990300
EFA,2013-03-28,58.82,59.04,58.735,58.98,28690100
EFA,2013-04-01,58.57,58.62,58.09,58.17,24852900
EFA,2013-04-02,58.84,59.1,58.73,58.81,19636600
EFA,2013-04-03,59.06,59.14,58.47,58.52,16961000
EFA,2013-04-04,58.72,59.1,58.59,59.045,14924900
EFA,2013-04-05,58.22,58.78,58.16,58.77,18160400
EFA,2013-04-08,58.74,59.0,58.64,59.0,17117700
EFA,2013-04-09,58.98,59.41,58.75,59.21,17406300
EFA,2013-04-10,59.75,60.22,59.74,60.085,18195500
EFA,2013-04-11,60.47,60.84,60.38,60.56,19865300
EFA,2013-04-12,60.28,60.43,60.025,60.41,16777400
EFA,2013-04-15,59.87,59.9,59.185,59.22,22699900
EFA,2013-04-16,59.9,60.06,59.5964,60.06,14675700
EFA,2013-04-17,59.34,59.37,58.515,58.81,30730800
EFA,2013-04-18,58.92,58.95,58.44,58.63,19211400
EFA,2013-04-19,59.01,59.12,58.84,59.1,24725900
EFA,2013-04-22,59.1,59.4352,58.79,59.35,16899700
EFA,2013-04-23,59.84,60.23,59.82,60.19,21257700
EFA,2013-04-24,60.52,60.88,60.45,60.71,18269400
EFA,2013-04-25,61.01,61.3,60.96,61.03,20079200
EFA,2013-04-26,60.96,61.14,60.89,61.0801,13910200
EFA,2013-04-29,61.36,61.93,61.35,61.86,14721000
EFA,2013-04-30,61.84,61.995,61.71,61.94,22261300
EFA,2013-05-01,62.0,62.02,61.44,61.57,19104600
EFA,2013-05-02,61.42,61.89,61.36,61.76,18247200
EFA,2013-05-03,62.31,62.63,62.28,62.55,19161200
EFA,2013-05-06,62.28,62.47,62.22,62.47,7583700
EFA,2013-05-07,62.56,62.66,62.36,62.57,15724500
EFA,2013-05-08,62.9,63.26,62.9,63.23,17768200
EFA,2013-05-09,62.9,62.96,62.37,62.62,16372400
EFA,2013-05-10,62.55,62.72,62.34,62.69,15403400
EFA,2013-05-13,62.62,62.7,62.46,62.66,11911400
EFA,2013-05-14,62.56,62.885,62.55,62.78,26158800
EFA,2013-05-15,62.69,63.07,62.68,63.05,15961600
EFA,2013-05-16,62.73,62.948,62.49,62.62,16669100
EFA,2013-05-17,62.65,63.07,62.59,63.05,12925700
EFA,2013-05-20,63.08,63.44,63.07,63.4,16117200
EFA,2013-05-21,63.15,63.66,63.03,63.53,15283700
EFA,2013-05-22,63.54,64.14,62.6952,62.89,21713500
EFA,2013-05-23,61.33,62.005,60.99,61.99,27055200
EFA,2013-05-24,61.17,61.47,60.99,61.45,19956800
EFA,2013-05-28,61.97,62.16,61.47,61.61,20275800
EFA,2013-05-29,61.08,61.16,60.73,61.02,18099400
EFA,2013-05-30,61.03,61.45,60.99,61.26,27382900
EFA,2013-05-31,60.51,60.65,60.03,60.07,36549400
EFA,2013-06-03,60.08,60.51,59.765,60.3,30340700
EFA,2013-06-04,60.79,60.89,60.2,60.52,17024400
EFA,2013-06-05,59.83,59.85,59.15,59.17,28821600
EFA,2013-06-06,59.16,59.53,58.87,59.5,24386900
EFA,2013-06-07,59.54,60.31,59.4,60.3,19245200
EFA,2013-06-10,60.47,60.49,60.13,60.36,14559800
EFA,2013-06-11,59.48,59.95,59.35,59.62,16619000
EFA,2013-06-12,60.3,60.36,59.47,59.55,14378100
EFA,2013-06-13,59.69,60.57,59.59,60.46,20158400
EFA,2013-06-14,60.005,60.33,59.61,59.8,17334200
EFA,2013-06-17,60.87,61.0499,60.3,60.66,17560400
EFA,2013-06-18,60.87,61.195,60.85,61.09,13168500
EFA,2013-06-19,61.04,61.18,59.94,59.95,33232800
EFA,2013-06-20,58.71,58.74,57.66,57.751,40517100
EFA,2013-06-21,58.42,58.475,57.4299,57.94,30474300
EFA,2013-06-24,56.74,57.33,56.44,57.03,24351500
EFA,2013-06-25,57.53,57.85,57.1,57.7601,24494900
EFA,2013-06-26,58.03,58.18,57.775,57.985,27142000
EFA,2013-06-27,57.33,57.71,57.33,57.41,17753800
EFA,2013-06-28,57.31,57.595,57.09,57.3,31174100
EFA,2013-07-01,57.81,58.08,57.75,57.84,15315900
EFA,2013-07-02,57.78,58.09,57.33,57.55,13492800
EFA,2013-07-03,57.11,57.68,57.02,57.57,11748500
EFA,2013-07-05,57.96,57.98,57.41,57.84,10197800
EFA,2013-07-08,58.05,58.32,58.0,58.2,11993200
EFA,2013-07-09,58.64,58.64,58.16,58.52,11624200
EFA,2013-07-10,58.51,59.11,58.445,58.69,16162300
EFA,2013-07-11,59.78,60.27,59.54,60.21,20284600
EFA,2013-07-12,59.77,59.92,59.63,59.81,15189800
EFA,2013-07-15,60.03,60.19,59.93,60.18,17063200
EFA,2013-07-16,60.13,60.23,59.98,60.14,10894600
EFA,2013-07-17,60.62,60.62,60.18,60.32,13744500
EFA,2013-07-18,60.49,60.78,60.1114,60.72,11036600
EFA,2013-07-19,60.51,60.77,60.4,60.67,23299300
EFA,2013-07-22,60.81,61.07,60.78,61.01,16518900
EFA,2013-07-23,61.21,61.26,60.9451,61.14,11132000
EFA,2013-07-24,61.37,61.38,60.81,61.06,12887500
EFA,2013-07-25,60.5,61.21,60.49,61.18,14467100
EFA,2013-07-26,60.63,60.8,60.3,60.8,15499000
EFA,2013-07-29,60.24,60.345,60.12,60.22,11063600
EFA,2013-07-30,60.47,60.51,60.025,60.21,10712500
EFA,2013-07-31,60.06,60.75,60.06,60.35,22989900
EFA,2013-08-01,61.12,61.26,60.96,61.17,24484500
EFA,2013-08-02,61.23,61.67,61.21,61.67,15475000
EFA,2013-08-05,61.4,61.56,61.23,61.54,11483000
EFA,2013-08-06,61.69,61.745,61.3,61.45,18325300
EFA,2013-08-07,61.2,61.305,61.1,61.18,11989700
EFA,2013-08-08,61.52,61.825,61.34,61.735,12612700
EFA,2013-08-09,61.65,61.9377,61.61,61.84,14951500
EFA,2013-08-12,61.51,61.73,61.5,61.67,13785000
EFA,2013-08-13,61.83,62.14,61.49,62.07,13189100
EFA,2013-08-14,62.1,62.19,61.9875,62.1,14258600
EFA,2013-08-15,61.33,61.665,60.94,61.575,23650000
EFA,2013-08-16,61.71,61.83,61.59,61.691,15219600
EFA,2013-08-19,61.62,61.66,61.21,61.25,13596700
EFA,2013-08-20,61.03,61.3299,60.92,61.17,12885800
EFA,2013-08-21,60.77,61.0,60.23,60.45,12755200
EFA,2013-08-22,60.9,61.135,60.88,61.04,8041700
EFA,2013-08-23,61.38,61.575,61.21,61.57,10141600
EFA,2013-08-26,61.28,61.4,61.11,61.12,8471000
EFA,2013-08-27,60.43,60.63,60.04,60.08,18839100
EFA,2013-08-28,59.75,60.215,59.68,60.01,10521700
EFA,2013-08-29,59.86,60.165,59.8,59.91,10555800
EFA,2013-08-30,59.62,59.64,59.155,59.17,21045300
EFA,2013-09-03,60.51,60.595,60.04,60.31,18912700
EFA,2013-09-04,60.21,60.94,60.15,60.85,11868800
EFA,2013-09-05,60.59,60.86,60.58,60.8,10523400
EFA,2013-09-06,61.06,61.31,60.65,61.13,16398000
EFA,2013-09-09,61.49,62.0,61.49,61.97,17398000
EFA,2013-09-10,62.48,62.7,62.41,62.67,15972400
EFA,2013-09-11,62.42,62.91,62.41,62.89,11864200
EFA,2013-09-12,62.57,62.815,62.52,62.53,16745000
EFA,2013-09-13,62.61,62.84,62.43,62.83,13590900
EFA,2013-09-16,63.65,63.65,63.27,63.32,18909500
EFA,2013-09-17,63.17,63.36,63.17,63.36,10370400
EFA,2013-09-18,63.41,65.11,63.24,65.05,21359000
EFA,2013-09-19,65.07,65.08,64.65,64.74,19195600
EFA,2013-09-20,64.63,64.63,64.24,64.265,18878600
EFA,2013-09-23,64.29,64.36,63.955,64.25,17860700
EFA,2013-09-24,64.2,64.41,63.98,64.15,14979200
EFA,2013-09-25,64.11,64.36,64.01,64.22,14478100
EFA,2013-09-26,64.3,64.59,64.245,64.49,15653800
EFA,2013-09-27,64.19,64.42,64.13,64.26,17705800
EFA,2013-09-30,63.61,63.97,63.55,63.801,22274400
EFA,2013-10-01,63.87,64.3,63.75,64.14,15392400
EFA,2013-10-02,63.91,64.16,63.59,64.12,12620200
EFA,2013-10-03,63.99,64.03,63.59,63.7,16212700
EFA,2013-10-04,63.61,63.92,63.58,63.85,11699000
EFA,2013-10-07,63.06,63.485,63.04,63.19,17360800
EFA,2013-10-08,63.22,63.305,62.68,62.7,19635600
EFA,2013-10-09,62.93,63.09,62.535,62.97,19659500
EFA,2013-10-10,63.51,64.2,63.5,64.1,16423300
EFA,2013-10-11,64.11,64.47,64.07,64.44,13279100
EFA,2013-10-14,64.17,64.71,64.12,64.66,7213800
EFA,2013-10-15,64.4,64.52,64.28,64.35,15599400
EFA,2013-10-16,64.54,64.85,64.485,64.835,17389900
EFA,2013-10-17,65.195,65.72,65.13,65.69,21850200
EFA,2013-10-18,65.89,66.11,65.78,66.08,16283000
EFA,2013-10-21,65.99,66.18,65.93,66.18,11068000
EFA,2013-10-22,66.52,66.96,66.52,66.84,13015200
EFA,2013-10-23,66.21,66.25,65.97,66.19,13384700
EFA,2013-10-24,66.56,66.69,66.4,66.65,11820900
EFA,2013-10-25,66.45,66.47,66.28,66.455,16688300
EFA,2013-10-28,66.275,66.479,66.19,66.35,9936700
EFA,2013-10-29,66.41,66.5099,66.31,66.49,12121400
EFA,2013-10-30,66.56,66.59,65.92,66.25,18774000
EFA,2013-10-31,66.07,66.25,65.78,65.88,22366900
EFA,2013-11-01,65.53,65.59,65.19,65.56,18921000
EFA,2013-11-04,65.68,65.88,65.545,65.88,27539500
EFA,2013-11-05,65.2,65.415,64.99,65.305,13129600
EFA,2013-11-06,65.89,66.05,65.745,65.88,16260600
EFA,2013-11-07,65.62,65.67,64.76,64.84,22820200
EFA,2013-11-08,64.7,65.24,64.69,65.22,15873000
EFA,2013-11-11,65.24,65.3699,65.16,65.36,14206100
EFA,2013-11-12,65.18,65.3165,64.97,65.14,13391000
EFA,2013-11-13,64.64,65.42,64.62,65.35,12669400
EFA,2013-11-14,65.35,65.73,65.29,65.645,14537100
EFA,2013-11-15,66.03,66.32,65.9601,66.179,25278400
EFA,2013-11-18,66.56,66.6,66.09,66.18,12776200
EFA,2013-11-19,66.02,66.2,65.88,66.01,10664300
EFA,2013-11-20,66.08,66.22,65.38,65.55,18220600
EFA,2013-11-21,65.77,65.97,65.655,65.96,15963400
EFA,2013-11-22,65.95,66.23,65.91,66.15,18657100
EFA,2013-11-25,66.1,66.11,65.87,65.95,11835000
EFA,2013-11-26,65.82,66.01,65.75,65.95,14620200
EFA,2013-11-27,66.18,66.29,66.03,66.11,9667100
EFA,2013-11-29,66.52,66.58,66.24,66.24,13964200
EFA,2013-12-02,66.01,66.11,65.74,65.75,17686300
EFA,2013-12-03,65.42,65.54,65.09,65.29,14776300
EFA,2013-12-04,64.53,65.0,64.515,64.94,18603800
EFA,2013-12-05,64.73,64.87,64.48,64.57,13115500
EFA,2013-12-06,65.13,65.4,65.01,65.37,12965100
EFA,2013-12-09,65.25,65.41,65.21,65.3,11275800
EFA,2013-12-10,65.15,65.29,65.0,65.19,13978200
EFA,2013-12-11,65.2,65.21,64.55,64.58,14151000
EFA,2013-12-12,64.28,64.34,63.95,64.11,14118200
EFA,2013-12-13,64.1,64.15,63.85,64.07,12214200
EFA,2013-12-16,64.51,64.73,64.47,64.53,13338900
EFA,2013-12-17,64.36,64.38,64.08,64.25,15966500
EFA,2013-12-18,64.22,64.855,63.5,64.7,28970800
EFA,2013-12-19,64.49,64.81,64.4201,64.7,20647100
EFA,2013-12-20,64.91,65.18,64.88,65.07,18427500
EFA,2013-12-23,65.49,65.76,65.4,65.74,15767500
EFA,2013-12-24,65.63,65.87,65.56,65.87,6708500
EFA,2013-12-26,66.16,66.28,66.15,66.23,8510500
EFA,2013-12-27,66.755,66.77,66.51,66.57,18585400
EFA,2013-12-30,66.74,66.9099,66.675,66.85,14432400
EFA,2013-12-31,67.04,67.36,67.0,67.095,21704700
EFA,2014-01-02,66.23,66.27,65.74,65.91,26240600
EFA,2014-01-03,66.02,66.19,65.87,65.98,19270100
EFA,2014-01-06,66.05,66.11,65.84,65.9,14737600
EFA,2014-01-07,66.17,66.345,66.13,66.27,12075700
EFA,2014-01-08,66.32,66.37,66.1,66.25,17555600
EFA,2014-01-09,66.28,66.28,65.8,66.2,13128600
EFA,2014-01-10,66.5,66.85,66.43,66.81,19676400
EFA,2014-01-13,66.52,66.6799,66.105,66.23,19464700
EFA,2014-01-14,66.42,66.81,66.22,66.76,12268900
EFA,2014-01-15,66.725,67.08,66.69,67.04,12388800
EFA,2014-01-16,66.93,67.01,66.7,67.01,21172000
EFA,2014-01-17,66.98,67.03,66.705,66.81,22526900
EFA,2014-01-21,67.2,67.22,66.82,67.13,18600200
EFA,2014-01-22,67.11,67.17,66.95,67.13,12664100
EFA,2014-01-23,66.89,66.91,66.41,66.68,17691700
EFA,2014-01-24,65.695,65.7,64.85,64.85,25036300
EFA,2014-01-27,64.875,64.93,64.15,64.55,21487100
EFA,2014-01-28,64.855,65.18,64.83,65.11,15857600
EFA,2014-01-29,64.26,64.72,64.19,64.38,21210400
EFA,2014-01-30,64.66,64.81,64.38,64.71,14681000
EFA,2014-01-31,63.33,64.02,63.31,63.61,39572600
EFA,2014-02-03,63.54,63.62,62.28,62.31,45762000
EFA,2014-02-04,62.77,63.07,62.58,63.03,26309300
EFA,2014-02-05,63.0,63.21,62.76,63.16,17503900
EFA,2014-02-06,63.72,64.31,63.71,64.28,16589100
EFA,2014-02-07,64.62,65.13,64.47,65.12,14500900
EFA,2014-02-10,64.93,64.94,64.75,64.9,13885400
EFA,2014-02-11,65.27,66.05,65.25,65.93,18061900
EFA,2014-02-12,65.95,66.11,65.85,66.04,14801400
EFA,2014-02-13,65.46,66.28,65.43,66.24,17329500
EFA,2014-02-14,66.17,66.56,66.1,66.49,18540700
EFA,2014-02-18,66.94,67.14,66.76,67.06,16668600
EFA,2014-02-19,66.92,67.22,66.57,66.61,13139900
EFA,2014-02-20,66.54,66.9301,66.4,66.84,14098500
EFA,2014-02-21,67.15,67.33,66.96,66.97,12629800
EFA,2014-02-24,67.22,67.87,67.19,67.55,22573000
EFA,2014-02-25,67.57,67.76,67.27,67.39,16833800
EFA,2014-02-26,67.26,67.33,66.94,67.16,14872400
EFA,2014-02-27,66.98,67.41,66.85,67.39,11392500
EFA,2014-02-28,67.5,67.87,67.3,67.51,41960000
EFA,2014-03-03,66.38,66.5396,65.91,66.08,27783400
EFA,2014-03-04,67.4,67.49,67.29,67.39,29272000
EFA,2014-03-05,67.29,67.46,67.21,67.33,16872800
EFA,2014-03-06,68.02,68.19,67.93,68.03,15087000
EFA,2014-03-07,67.91,67.955,67.32,67.66,21133800
EFA,2014-03-10,67.21,67.29,66.83,67.24,23329100
EFA,2014-03-11,67.11,67.34,66.68,66.75,17811900
EFA,2014-03-12,66.18,66.6,66.01,66.5,14151000
EFA,2014-03-13,66.64,66.69,65.14,65.26,35340200
EFA,2014-03-14,64.87,65.43,64.87,65.12,24796000
EFA,2014-03-17,65.63,66.02,65.6,65.94,24052700
EFA,2014-03-18,65.99,66.48,65.98,66.35,19417000
EFA,2014-03-19,66.28,66.31,65.12,65.54,22330200
EFA,2014-03-20,64.96,65.415,64.82,65.29,18788100
EFA,2014-03-21,65.61,65.81,65.119,65.16,17668300
EFA,2014-03-24,65.61,65.65,64.93,65.33,17552900
EFA,2014-03-25,65.83,66.19,65.63,66.04,20785500
EFA,2014-03-26,66.57,66.595,66.02,66.03,27028900
EFA,2014-03-27,66.28,66.49,66.14,66.36,22352000
EFA,2014-03-28,66.86,67.06,66.8,66.86,13875500
EFA,2014-03-31,67.37,67.47,67.138,67.2,24498300
EFA,2014-04-01,67.6,67.67,67.44,67.63,13738100
EFA,2014-04-02,67.64,67.9,67.564,67.76,15497500
EFA,2014-04-03,67.68,67.77,67.39,67.57,14943500
EFA,2014-04-04,67.84,67.945,67.255,67.36,20967400
EFA,2014-04-07,67.26,67.36,66.89,67.04,16647900
EFA,2014-04-08,66.79,67.14,66.73,67.0,12246200
EFA,2014-04-09,67.55,67.9,67.2699,67.86,18492100
EFA,2014-04-10,67.55,67.62,66.6,66.66,23677900
EFA,2014-04-11,66.35,66.76,66.25,66.26,18550700
EFA,2014-04-14,66.6,66.76,66.315,66.64,13239000
EFA,2014-04-15,66.53,66.625,65.6823,66.36,21055100
EFA,2014-04-16,66.91,67.21,66.73,67.18,19643900
EFA,2014-04-17,67.28,67.64,67.1278,67.53,19204100
EFA,2014-04-21,67.525,67.645,67.41,67.62,10723800
EFA,2014-04-22,67.83,67.97,67.755,67.9,12342500
EFA,2014-04-23,67.84,67.84,67.63,67.74,11595300
EFA,2014-04-24,67.72,67.79,67.28,67.73,17646700
EFA,2014-04-25,67.61,67.63,67.2,67.4,19435900
EFA,2014-04-28,67.62,67.78,67.14,67.61,19986000
EFA,2014-04-29,67.96,68.19,67.8569,68.05,16162500
EFA,2014-04-30,68.05,68.4,67.96,68.32,29172800
EFA,2014-05-01,68.39,68.62,68.3,68.51,17645400
EFA,2014-05-02,68.26,68.54,68.19,68.4,14332800
EFA,2014-05-05,67.9,68.38,67.76,68.35,18715300
EFA,2014-05-06,68.36,68.4,68.16,68.23,10209100
EFA,2014-05-07,68.21,68.35,67.945,68.31,12801700
EFA,2014-05-08,68.41,68.64,68.225,68.32,13187500
EFA,2014-05-09,68.27,68.32,67.98,68.22,8089900
EFA,2014-05-12,68.48,68.69,68.42,68.67,13953600
EFA,2014-05-13,68.765,68.8,68.605,68.77,18673500
EFA,2014-05-14,68.75,68.9,68.55,68.64,15816700
EFA,2014-05-15,68.49,68.53,68.0842,68.34,20007500
EFA,2014-05-16,68.35,68.49,68.229,68.49,12874500
EFA,2014-05-19,68.12,68.4,68.1,68.35,9415200
EFA,2014-05-20,68.11,68.15,67.72,67.92,13695200
EFA,2014-05-21,68.2,68.47,68.17,68.45,10953400
EFA,2014-05-22,68.46,68.61,68.41,68.54,8121800
EFA,2014-05-23,68.49,68.79,68.49,68.72,7649000
EFA,2014-05-27,69.22,69.26,68.98,69.21,9819700
EFA,2014-05-28,69.02,69.06,68.85,68.98,8894300
EFA,2014-05-29,69.28,69.4,69.14,69.4,16668400
EFA,2014-05-30,69.32,69.45,69.26,69.41,15728200
EFA,2014-06-02,69.64,69.64,69.4,69.55,8915100
EFA,2014-06-03,69.32,69.4138,69.29,69.38,9629100
EFA,2014-06-04,69.23,69.43,69.1601,69.36,10850800
EFA,2014-06-05,69.56,69.9,69.31,69.84,11099400
EFA,2014-06-06,70.02,70.22,69.91,70.22,11780100
EFA,2014-06-09,69.95,70.19,69.915,70.15,12685200
EFA,2014-06-10,69.85,70.0,69.74,70.0,11347600
EFA,2014-06-11,69.69,69.78,69.57,69.65,8827200
EFA,2014-06-12,69.87,69.94,69.55,69.67,10679500
EFA,2014-06-13,69.72,69.855,69.55,69.72,22214700
EFA,2014-06-16,69.6,69.81,69.56,69.74,9584600
EFA,2014-06-17,69.41,69.7,69.39,69.69,9222700
EFA,2014-06-18,69.77,70.31,69.54,70.29,14870300
EFA,2014-06-19,70.73,70.785,70.54,70.67,12490400
EFA,2014-06-20,70.57,70.61,70.415,70.55,16113100
EFA,2014-06-23,70.23,70.39,70.04,70.36,9836000
EFA,2014-06-24,70.21,70.28,69.84,69.92,17809900
EFA,2014-06-25,67.89,68.28,67.88,68.22,17373141
EFA,2014-06-26,68.12,68.28,67.67,68.27,14342000
EFA,2014-06-27,68.04,68.34,67.97,68.31,9721300
EFA,2014-06-30,68.16,68.439,68.15,68.37,16580700
EFA,2014-07-01,68.72,69.075,68.68,68.97,12975000
EFA,2014-07-02,68.95,69.09,68.87,69.08,11254400
EFA,2014-07-03,66.1,66.48,66.03,66.48,7757300
EFA,2014-07-07,68.69,68.788,68.58,68.68,8533400
EFA,2014-07-08,68.28,68.29,67.782,67.96,11505200
EFA,2014-07-09,67.89,68.27,67.85,68.18,15042700
EFA,2014-07-10,66.96,67.45,66.92,67.43,12905700
EFA,2014-07-11,67.34,67.52,67.1701,67.47,11225800
EFA,2014-07-14,68.11,68.12,67.94,67.97,9020800
EFA,2014-07-15,68.03,68.09,67.515,67.8,12444500
EFA,2014-07-16,68.28,68.32,68.115,68.22,9427600
EFA,2014-07-17,67.52,67.99,67.48,67.88,15085100
EFA,2014-07-18,67.52,67.99,67.48,67.88,11615300
EFA,2014-07-21,67.46,67.67,67.3199,67.63,12114800
EFA,2014-07-22,67.99,68.06,67.89,67.93,12232800
EFA,2014-07-23,68.2,68.2,68.0,68.07,8668200
EFA,2014-07-24,68.26,68.32,68.14,68.23,6637600
EFA,2014-07-25,68.11,68.15,67.69,67.95,8885700
EFA,2014-07-28,67.96,68.06,67.58,67.96,8065900
EFA,2014-07-29,68.15,68.19,67.775,67.82,9154800
EFA,2014-07-30,67.82,67.955,67.46,67.72,11169300
EFA,2014-07-31,67.03,67.12,66.52,66.59,26161000
EFA,2014-08-01,66.32,66.57,66.0,66.13,25398300
EFA,2014-08-04,66.41,66.56,66.03,66.44,15220800
EFA,2014-08-05,66.07,66.12,65.46,65.59,20235100
EFA,2014-08-06,65.09,65.61,65.08,65.43,16592700
EFA,2014-08-07,65.57,65.64,64.731,64.9,17344900
EFA,2014-08-08,64.84,65.32,64.71,65.28,15434200
EFA,2014-08-11,65.57,65.695,65.47,65.53,10497600
EFA,2014-08-12,65.43,65.58,65.32,65.48,12398400
EFA,2014-08-13,65.87,65.99,65.72,65.85,12378700
EFA,2014-08-14,66.1,66.21,66.0,66.2,11941600
EFA,2014-08-15,66.51,66.62,65.6,66.13,23432900
EFA,2014-08-18,66.43,66.59,66.385,66.56,11630700
EFA,2014-08-19,67.45,67.47,67.19,67.31,8514300
EFA,2014-08-20,66.33,66.6,66.32,66.51,11419400
EFA,2014-08-21,66.69,66.885,66.645,66.79,8522800
EFA,2014-08-22,66.6,66.65,66.235,66.47,9000900
EFA,2014-08-25,66.78,67.08,66.74,66.9,13867600
EFA,2014-08-26,66.98,67.19,66.89,66.91,22103600
EFA,2014-08-27,67.19,67.2,66.97,67.04,10792900
EFA,2014-08-28,66.63,66.79,66.57,66.74,10674300
EFA,2014-08-29,66.72,66.765,66.46,66.71,19832700
EFA,2014-09-02,66.91,66.91,66.61,66.84,14537000
EFA,2014-09-03,67.45,67.47,67.19,67.31,15490700
EFA,2014-09-04,67.22,67.41,66.83,66.99,11043000
EFA,2014-09-05,66.8,67.02,66.64,67.0,9374300
EFA,2014-09-08,66.5,66.605,66.16,66.29,13282600
EFA,2014-09-09,66.21,66.21,65.88,66.1,15015000
EFA,2014-09-10,66.1,66.48,66.03,66.48,14634800
EFA,2014-09-11,66.01,66.14,65.84,66.11,12136700
EFA,2014-09-12,66.05,66.1,65.84,66.02,12022900
EFA,2014-09-15,65.93,65.97,65.76,65.88,8709500
EFA,2014-09-16,65.525,66.25,65.51,66.16,14405100
EFA,2014-09-17,65.97,66.1,65.53,65.69,19753900
EFA,2014-09-18,66.06,66.26,66.05,66.2,14467500
EFA,2014-09-19,66.29,66.31,65.92,65.97,11800500
EFA,2014-09-22,65.89,65.9,65.53,65.68,28621179
EFA,2014-09-23,65.24,65.44,65.05,65.13,17916095
EFA,2014-09-24,65.14,65.51,64.95,65.46,11712213
EFA,2014-09-25,65.12,65.12,64.43,64.5,15369282
EFA,2014-09-26,64.71,64.97,64.55,64.77,14040200
EFA,2014-09-29,64.08,64.35,63.99,64.17,17351811
EFA,2014-09-30,63.99,64.33,63.845,64.12,17807627
EFA,2014-10-01,63.75,63.83,63.23,63.36,21791140
EFA,2014-10-02,63.01,63.08,62.1,62.68,21687559
EFA,2014-10-03,62.59,62.76,62.43,62.68,11116929
EFA,2014-10-06,63.02,63.165,62.67,63.08,16614012
EFA,2014-10-07,62.66,62.69,62.0,62.01,15615937
EFA,2014-10-08,62.08,63.09,61.845,62.99,18310323
EFA,2014-10-09,62.38,62.51,61.23,61.3,23813383
EFA,2014-10-10,61.01,61.18,60.36,60.38,26414412
EFA,2014-10-13,61.05,61.2,60.28,60.3,16363605
EFA,2014-10-14,60.74,60.95,60.34,60.45,22292231
EFA,2014-10-15,60.05,60.16,58.965,60.09,37303897
EFA,2014-10-16,58.68,60.09,58.61,59.53,49006506
EFA,2014-10-17,60.46,60.8,60.275,60.64,22794146
EFA,2014-10-20,60.57,61.12,60.55,61.02,22996182
EFA,2014-10-21,61.34,61.8,61.29,61.75,16849706
EFA,2014-10-22,61.71,61.88,61.25,61.3,13982329
EFA,2014-10-23,61.82,62.21,61.745,61.89,17097031
EFA,2014-10-24,62.06,62.25,61.87,62.23,12251109
EFA,2014-10-27,61.68,62.16,61.59,61.88,17838409
EFA,2014-10-28,62.53,62.83,62.45,62.82,14653099
EFA,2014-10-29,63.0,63.12,62.14,62.34,21781794
EFA,2014-10-30,62.14,62.977,62.08,62.79,14595816
EFA,2014-10-31,63.71,63.98,63.53,63.95,22786774
EFA,2014-11-03,63.52,63.61,63.2,63.4,14384764
EFA,2014-11-04,62.94,63.07,62.6601,63.04,12741811
EFA,2014-11-05,63.18,63.25,62.88,63.16,13033533
EFA,2014-11-06,63.02,63.18,62.66,62.82,13624530
EFA,2014-11-07,62.61,62.87,62.38,62.85,10950876
EFA,2014-11-10,63.09,63.2,62.9,63.13,10235203
EFA,2014-11-11,63.29,63.58,63.16,63.51,12372765
EFA,2014-11-12,62.81,63.08,62.8,62.97,9970675
EFA,2014-11-13,63.04,63.4,63.0,63.27,18654704
EFA,2014-11-14,62.88,63.39,62.87,63.36,13368571
EFA,2014-11-17,62.84,63.17,62.81,63.11,11203652
EFA,2014-11-18,63.58,63.91,63.535,63.8,19695448
EFA,2014-11-19,63.63,63.83,63.335,63.61,13908813
EFA,2014-11-20,62.97,63.4,62.95,63.23,16494377
EFA,2014-11-21,64.02,64.06,63.57,63.78,22414353
EFA,2014-11-24,64.06,64.16,63.93,64.15,16662552
EFA,2014-11-25,64.155,64.33,64.02,64.26,18289630
EFA,2014-11-26,64.34,64.54,64.235,64.51,9788043
EFA,2014-11-28,64.1,64.16,63.94,63.99,8429254
EFA,2014-12-01,64.03,64.08,63.73,63.93,14827782
EFA,2014-12-02,64.06,64.1299,63.92,64.11,19349296
EFA,2014-12-03,63.95,64.09,63.855,64.03,10722399
EFA,2014-12-04,63.86,64.09,63.61,63.82,18286409
EFA,2014-12-05,63.98,64.16,63.81,63.96,13946986
EFA,2014-12-08,63.59,63.71,63.35,63.4,14590162
EFA,2014-12-09,62.81,63.11,62.62,63.06,18136312
EFA,2014-12-10,62.9,62.9,62.16,62.26,27669672
EFA,2014-12-11,62.36,62.68,62.11,62.18,19542611
EFA,2014-12-12,62.01,62.12,60.94,60.98,31169607
EFA,2014-12-15,61.16,61.26,59.78,59.97,38599941
EFA,2014-12-16,60.02,61.16,59.92,60.4,38250498
EFA,2014-12-17,60.02,60.96,59.99,60.53,28795347
EFA,2014-12-18,61.22,61.7,61.12,61.61,33053675
EFA,2014-12-19,61.47,61.8799,61.33,61.7,29690683
EFA,2014-12-22,61.97,62.04,61.75,62.0,24782453
EFA,2014-12-23,61.87,61.95,61.71,61.8,21929237
EFA,2014-12-24,61.88,62.2167,61.78,62.08,12379363
EFA,2014-12-26,62.27,62.35,62.19,62.24,17681142
EFA,2014-12-29,61.71,62.01,61.7,61.79,22005587
EFA,2014-12-30,61.44,61.5,61.2,61.22,20271587
EFA,2014-12-31,61.45,61.46,60.805,60.84,22494954
EFA,2015-01-02,61.05,61.13,60.46,60.58,24674810
EFA,2015-01-05,59.73,59.775,58.995,59.15,28468244
EFA,2015-01-06,59.1,59.305,58.2863,58.48,21711619
EFA,2015-01-07,58.95,59.23,58.57,59.13,19048936
EFA,2015-01-08,59.49,60.139,59.46,59.93,16680027
EFA,2015-01-09,60.0,60.0,59.34,59.64,17796141
EFA,2015-01-12,59.71,59.76,59.205,59.5,18561207
EFA,2015-01-13,60.24,60.39,59.38,59.8,15396200
EFA,2015-01-14,59.51,59.75,59.22,59.63,16051851
EFA,2015-01-15,60.345,60.41,59.86,60.01,21885109
EFA,2015-01-16,60.08,60.84,59.985,60.79,29675542
EFA,2015-01-20,61.27,61.31,60.76,61.0,19114912
EFA,2015-01-21,60.98,61.5,60.89,61.48,26858945
EFA,2015-01-22,61.3,61.87,61.17,61.71,15610403
EFA,2015-01-23,61.6,61.77,61.34,61.36,19495685
EFA,2015-01-26,61.86,62.34,61.7,62.2,18463332
EFA,2015-01-27,62.07,62.42,61.93,62.29,20064297
EFA,2015-01-28,62.31,62.3799,61.325,61.36,20033124
EFA,2015-01-29,61.89,62.25,61.67,62.2,31207948
EFA,2015-01-30,61.59,61.8128,61.2,61.22,39271009
EFA,2015-02-02,61.63,62.1,61.46,61.96,24878661
EFA,2015-02-03,62.34,63.06,62.32,62.95,27679397
EFA,2015-02-04,62.62,62.945,62.38,62.43,17454127
EFA,2015-02-05,62.84,63.3,62.755,63.29,23933454
EFA,2015-02-06,62.69,62.9,62.3199,62.5,18530149
EFA,2015-02-09,61.99,62.38,61.99,62.2,15940496
EFA,2015-02-10,62.59,62.82,62.31,62.77,14302536
EFA,2015-02-11,62.36,62.56,62.12,62.43,16405389
EFA,2015-02-12,62.86,63.41,62.86,63.4,16664683
EFA,2015-02-13,63.66,63.84,63.65,63.82,17919070
EFA,2015-02-17,63.7,64.1,63.5401,63.97,13660319
EFA,2015-02-18,64.16,64.54,64.04,64.35,16777781
EFA,2015-02-19,64.35,64.67,64.31,64.43,17091007
EFA,2015-02-20,64.24,65.27,64.13,65.03,34658650
EFA,2015-02-23,64.68,64.91,64.63,64.8,13630915
EFA,2015-02-24,64.78,65.29,64.66,65.2,16373392
EFA,2015-02-25,65.1,65.33,65.02,65.25,10224770
EFA,2015-02-26,65.1,65.24,64.9301,65.07,12790980
EFA,2015-02-27,65.13,65.35,65.025,65.1,22960895
EFA,2015-03-02,65.08,65.22,64.97,65.2,21297828
EFA,2015-03-03,64.96,65.05,64.63,64.8,12564366
EFA,2015-03-04,64.44,64.59,64.08,64.54,15625081
EFA,2015-03-05,64.74,64.89,64.565,64.69,15540909
EFA,2015-03-06,64.18,64.32,63.75,63.81,24040475
EFA,2015-03-09,63.78,63.99,63.705,63.91,11908966
EFA,2015-03-10,62.86,62.975,62.486,62.52,20979980
EFA,2015-03-11,62.63,62.8151,62.39,62.68,19908401
EFA,2015-03-12,63.4,63.48,63.1301,63.46,16362205
EFA,2015-03-13,62.95,63.14,62.69,63.09,16277248
EFA,2015-03-16,63.53,63.9,63.5,63.8,15828656
EFA,2015-03-17,63.48,63.73,63.3,63.64,16273260
EFA,2015-03-18,63.63,65.1,63.61,65.0,28290710
EFA,2015-03-19,64.24,64.41,64.07,64.24,20155132
EFA,2015-03-20,65.32,65.9,65.11,65.66,28789264
EFA,2015-03-23,65.88,66.13,65.72,65.99,13958724
EFA,2015-03-24,66.11,66.205,65.85,65.85,18037342
EFA,2015-03-25,66.09,66.19,65.5,65.54,17853628
EFA,2015-03-26,64.98,65.12,64.54,64.97,24344190
EFA,2015-03-27,64.98,65.205,64.82,65.14,16596505
EFA,2015-03-30,65.13,65.33,65.1,65.18,27480187
EFA,2015-03-31,64.14,64.54,64.0701,64.17,27717182
EFA,2015-04-01,64.66,64.66,64.17,64.63,30907001
EFA,2015-04-02,65.01,65.24,64.93,65.19,15597235
EFA,2015-04-06,65.59,66.15,65.41,65.85,16304564
EFA,2015-04-07,65.95,66.24,65.73,65.76,13742896
EFA,2015-04-08,66.4,66.43,65.75,66.04,16148264
EFA,2015-04-09,66.1,66.14,65.81,66.13,17741096
EFA,2015-04-10,65.99,66.27,65.925,66.26,12665763
EFA,2015-04-13,65.96,66.1199,65.72,65.84,15048706
EFA,2015-04-14,66.24,66.37,66.13,66.33,13929846
EFA,2015-04-15,66.51,66.74,66.225,66.63,13210578
EFA,2015-04-16,66.7,67.0,66.4101,66.81,17461205
EFA,2015-04-17,65.94,66.0399,65.685,65.97,18805187
EFA,2015-04-20,66.01,66.23,65.96,66.04,12557398
EFA,2015-04-21,66.62,66.79,66.4874,66.63,10696752
EFA,2015-04-22,66.65,66.78,66.32,66.76,8776102
EFA,2015-04-23,66.39,67.11,66.35,67.01,12240668
EFA,2015-04-24,67.27,67.5101,66.99,67.4,11090308
EFA,2015-04-27,67.77,68.06,67.66,67.73,18320601
EFA,2015-04-28,67.56,67.825,67.35,67.81,13769230
EFA,2015-04-29,67.3,67.515,66.96,67.22,18858541
EFA,2015-04-30,66.75,66.9201,66.43,66.51,27726483
EFA,2015-05-01,66.865,67.4,66.65,67.25,28710222
EFA,2015-05-04,67.21,67.3,67.05,67.18,18863115
EFA,2015-05-05,66.9,66.91,66.085,66.18,21317434
EFA,2015-05-06,66.6,66.7,66.07,66.35,16573462
EFA,2015-05-07,66.06,66.22,65.85,66.13,17710575
EFA,2015-05-08,67.28,67.76,67.26,67.66,30634352
EFA,2015-05-11,67.16,67.38,67.04,67.07,14535157
EFA,2015-05-12,66.95,67.2,66.83,67.03,12054237
EFA,2015-05-13,67.72,67.8999,67.43,67.53,14542797
EFA,2015-05-14,68.13,68.36,68.0,68.34,18271740
EFA,2015-05-15,68.11,68.48,67.98,68.42,14671763
EFA,2015-05-18,68.1,68.25,67.99,68.19,11873630
EFA,2015-05-19,67.92,68.09,67.84,67.93,11406636
EFA,2015-05-20,67.9,68.28,67.8,68.06,13862686
EFA,2015-05-21,68.16,68.515,68.11,68.42,11439465
EFA,2015-05-22,68.07,68.13,67.92,67.98,12172854
EFA,2015-05-26,67.36,67.39,66.63,66.76,20327361
EFA,2015-05-27,66.84,67.48,66.81,67.41,17786132
EFA,2015-05-28,67.06,67.365,66.755,67.29,12744714
EFA,2015-05-29,66.95,67.085,66.32,66.64,23778844
EFA,2015-06-01,66.8,66.845,66.19,66.46,19068719
EFA,2015-06-02,66.64,67.0872,66.515,66.77,14239073
EFA,2015-06-03,67.03,67.48,67.03,67.14,21307754
EFA,2015-06-04,66.7,67.195,66.21,66.42,17187413
EFA,2015-06-05,65.47,65.88,65.2432,65.63,14624092
EFA,2015-06-08,65.53,65.595,65.29,65.54,14676977
EFA,2015-06-09,65.2,65.365,64.87,65.18,13114561
EFA,2015-06-10,66.15,66.73,66.07,66.55,17291633
EFA,2015-06-11,66.81,66.95,66.43,66.73,20555098
EFA,2015-06-12,66.04,66.455,65.82,66.2,15305805
EFA,2015-06-15,65.39,65.85,65.34,65.8,15121129
EFA,2015-06-16,65.47,65.84,65.36,65.78,11991184
EFA,2015-06-17,65.54,65.786,64.99,65.63,17100713
EFA,2015-06-18,65.83,66.78,65.775,66.22,24587297
EFA,2015-06-19,66.16,66.26,66.02,66.06,14081921
EFA,2015-06-22,67.33,67.72,67.195,67.31,28716940
EFA,2015-06-23,67.42,67.6,67.4,67.49,13661348
EFA,2015-06-24,67.13,67.3,66.87,66.9,21326501
EFA,2015-06-25,66.07,66.07,65.725,65.77,16402849
EFA,2015-06-26,65.87,66.025,65.58,65.74,19240832
EFA,2015-06-29,64.43,64.67,63.565,63.72,33747138
EFA,2015-06-30,64.37,64.375,63.26,63.49,32195358
EFA,2015-07-01,64.23,64.32,63.65,63.9,31824847
EFA,2015-07-02,64.08,64.105,63.82,63.98,20988505
EFA,2015-07-06,62.64,63.2399,62.49,62.69,21103822
EFA,2015-07-07,62.25,62.82,61.43,62.71,36633365
EFA,2015-07-08,61.72,61.755,61.12,61.25,32728237
EFA,2015-07-09,62.65,62.72,62.13,62.26,19963367
EFA,2015-07-10,64.18,64.39,63.86,64.3,28190421
EFA,2015-07-13,64.51,64.67,64.44,64.54,14287574
EFA,2015-07-14,64.79,65.16,64.7,65.08,19816034
EFA,2015-07-15,64.92,65.07,64.67,64.84,14709628
EFA,2015-07-16,65.45,65.56,65.34,65.4,20763405
EFA,2015-07-17,65.37,65.37,65.21,65.31,14773593
EFA,2015-07-20,65.49,65.61,65.31,65.46,8767834
EFA,2015-07-21,65.24,65.37,65.14,65.27,14081762
EFA,2015-07-22,64.59,64.81,64.59,64.77,10181742
EFA,2015-07-23,64.88,64.9,64.49,64.6,10900912
EFA,2015-07-24,64.45,64.47,63.82,63.89,13709434
EFA,2015-07-27,63.74,63.75,63.32,63.42,19026064
EFA,2015-07-28,63.87,64.245,63.57,64.22,14788087
EFA,2015-07-29,64.17,64.66,64.13,64.45,15938934
EFA,2015-07-30,64.21,64.41,63.92,64.4,17496685
EFA,2015-07-31,64.98,65.02,64.59,64.78,20646870
EFA,2015-08-03,64.85,64.8799,64.41,64.61,25131584
EFA,2015-08-04,64.75,64.855,64.51,64.66,13358994
EFA,2015-08-05,65.02,65.195,64.92,65.0,13469079
EFA,2015-08-06,64.88,64.955,64.541,64.73,12451303
EFA,2015-08-07,64.39,64.65,64.31,64.61,14351218
EFA,2015-08-10,64.78,65.43,64.77,65.4,13702136
EFA,2015-08-11,64.5,64.58,64.1341,64.4,15705818
EFA,2015-08-12,63.52,63.94,63.1509,63.94,27756584
EFA,2015-08-13,63.83,64.02,63.65,63.9,12709558
EFA,2015-08-14,63.68,64.03,63.62,64.0,16930139
EFA,2015-08-17,63.46,63.89,63.35,63.88,8885624
EFA,2015-08-18,63.47,63.6,63.28,63.4,10943768
EFA,2015-08-19,62.9,63.13,62.48,62.84,16573305
EFA,2015-08-20,62.12,62.22,61.3,61.32,32339129
EFA,2015-08-21,61.14,61.3,59.76,59.92,47017694
EFA,2015-08-24,57.35,59.1201,56.51,57.85,62599657
EFA,2015-08-25,60.38,60.39,58.3,58.4,50626975
EFA,2015-08-26,59.68,59.81,58.38,59.78,49202879
EFA,2015-08-27,60.07,60.7,59.97,60.51,39984008
EFA,2015-08-28,60.11,60.54,60.07,60.42,24230786
EFA,2015-08-31,60.05,60.265,59.76,59.97,35806693
EFA,2015-09-01,58.23,58.57,57.7725,57.96,42250428
EFA,2015-09-02,58.9,58.94,58.2,58.82,23372738
EFA,2015-09-03,59.02,59.41,58.82,58.96,23500606
EFA,2015-09-04,57.705,57.94,57.34,57.61,25772905
EFA,2015-09-08,59.05,59.33,58.86,59.3,21504493
EFA,2015-09-09,60.23,60.25,59.0,59.06,29179744
EFA,2015-09-10,59.11,59.689,59.0,59.45,20800900
EFA,2015-09-11,59.02,59.44,58.91,59.44,12953142
EFA,2015-09-14,58.93,59.03,58.72,58.99,12187395
EFA,2015-09-15,58.88,59.44,58.79,59.39,18168780
EFA,2015-09-16,59.9,60.315,59.805,60.3,28218545
EFA,2015-09-17,59.94,61.02,59.915,60.33,24074720
EFA,2015-09-18,59.19,59.48,58.79,58.82,36952890
EFA,2015-09-21,59.0,59.1083,58.54,58.79,17896331
EFA,2015-09-22,57.41,57.57,56.9799,57.39,29234821
EFA,2015-09-23,57.47,57.52,56.9,57.12,17145219
EFA,2015-09-24,56.64,57.09,56.3,56.96,22895084
EFA,2015-09-25,57.82,57.94,57.22,57.46,21771442
EFA,2015-09-28,57.02,57.06,56.24,56.31,18595662
EFA,2015-09-29,56.13,56.36,55.88,56.25,20216446
EFA,2015-09-30,57.15,57.37,56.74,57.32,37620598
EFA,2015-10-01,57.67,57.78,56.99,57.5,20445171
EFA,2015-10-02,57.25,58.49,57.12,58.48,20793763
EFA,2015-10-05,59.22,59.67,59.22,59.64,27746542
EFA,2015-10-06,59.64,59.95,59.57,59.71,18133106
EFA,2015-10-07,60.37,60.62,59.96,60.46,20499090
EFA,2015-10-08,60.06,60.94,60.06,60.94,16875505
EFA,2015-10-09,61.05,61.19,60.85,61.05,16867884
EFA,2015-10-12,60.93,61.02,60.8,60.93,9238039
EFA,2015-10-13,60.12,60.63,60.1,60.16,19519241
EFA,2015-10-14,60.32,60.51,60.095,60.28,20762189
EFA,2015-10-15,60.76,61.34,60.7,61.31,21855577
EFA,2015-10-16,61.22,61.32,61.014,61.26,23372429
EFA,2015-10-19,61.0,61.06,60.81,61.05,11784654
EFA,2015-10-20,60.78,60.96,60.7208,60.8,12930049
EFA,2015-10-21,61.17,61.2,60.73,60.77,12731710
EFA,2015-10-22,61.11,61.7,61.09,61.45,28347492
EFA,2015-10-23,61.99,62.19,61.8,62.06,16648539
EFA,2015-10-26,61.97,61.99,61.78,61.83,14032871
EFA,2015-10-27,61.37,61.48,61.195,61.29,14566400
EFA,2015-10-28,61.54,62.03,61.12,61.69,17326298
EFA,2015-10-29,60.96,61.29,60.96,61.24,12842994
EFA,2015-10-30,61.26,61.52,61.08,61.11,19115269
EFA,2015-11-02,61.44,61.69,61.365,61.69,14749693
EFA,2015-11-03,61.285,61.82,61.2051,61.67,14282927
EFA,2015-11-04,61.72,61.7485,61.153,61.33,21019325
EFA,2015-11-05,61.45,61.53,61.07,61.22,21648095
EFA,2015-11-06,60.84,61.0,60.54,60.94,17523178
EFA,2015-11-09,60.56,60.63,60.07,60.31,23887596
EFA,2015-11-10,60.03,60.29,59.93,60.27,14471949
EFA,2015-11-11,60.8,60.84,60.48,60.58,14220000
EFA,2015-11-12,60.06,60.285,59.79,59.79,31911338
EFA,2015-11-13,59.495,59.585,59.191,59.29,26248421
EFA,2015-11-16,59.34,60.05,59.315,60.0408,16939229
EFA,2015-11-17,60.3,60.52,60.085,60.2,22458621
EFA,2015-11-18,60.39,60.83,60.27,60.75,15481028
EFA,2015-11-19,61.11,61.2983,61.02,61.06,19981104
EFA,2015-11-20,61.24,61.35,60.88,60.92,18499753
EFA,2015-11-23,60.76,60.895,60.415,60.54,19432785
EFA,2015-11-24,60.1,60.635,60.06,60.55,21726972
EFA,2015-11-25,60.64,60.815,60.48,60.69,13351699
EFA,2015-11-27,60.76,60.8,60.65,60.7,6400380
EFA,2015-11-30,60.79,60.82,60.59,60.65,23366697
EFA,2015-12-01,61.14,61.33,60.98,61.29,34990656
EFA,2015-12-02,61.01,61.17,60.56,60.64,21426039
EFA,2015-12-03,60.95,60.98,60.1,60.35,26897122
EFA,2015-12-04,60.14,60.91,60.11,60.84,23382087
EFA,2015-12-07,60.56,60.59,60.225,60.45,29861732
EFA,2015-12-08,59.42,59.675,59.235,59.56,26323002
EFA,2015-12-09,59.57,60.02,58.99,59.29,26646706
EFA,2015-12-10,59.56,59.63,59.22,59.3,20267831
EFA,2015-12-11,58.5,58.59,58.09,58.17,29945022
EFA,2015-12-14,58.42,58.495,57.65,58.26,32240529
EFA,2015-12-15,58.62,58.82,58.4165,58.55,37876675
EFA,2015-12-16,59.22,59.84,58.95,59.73,45167423
EFA,2015-12-17,59.66,59.67,58.96,58.97,40456769
EFA,2015-12-18,58.69,58.77,58.34,58.35,41659060
EFA,2015-12-21,58.5,58.56,57.84,58.11,28869644
EFA,2015-12-22,58.29,58.63,58.09,58.55,29319452
EFA,2015-12-23,59.1,59.56,59.07,59.53,29782243
EFA,2015-12-24,59.28,59.59,59.28,59.43,10950492
EFA,2015-12-28,59.3,59.33,59.1,59.29,28946857
EFA,2015-12-29,59.73,60.03,59.71,59.88,30796136
EFA,2015-12-30,59.65,59.74,59.4815,59.52,18855450
EFA,2015-12-31,59.13,59.2,58.72,58.72,31818882
EFA,2016-01-04,57.82,57.85,57.15,57.82,34260214
EFA,2016-01-05,57.705,57.8,57.325,57.73,23891480
EFA,2016-01-06,56.53,56.92,56.45,56.78,22412475
EFA,2016-01-07,55.72,56.2,55.53,55.6,37579395
EFA,2016-01-08,55.93,55.99,54.84,54.93,31301068
EFA,2016-01-11,55.56,55.575,54.67,55.16,33017912
EFA,2016-01-12,55.63,55.705,54.95,55.42,29930184
EFA,2016-01-13,55.8,55.9,54.41,54.56,33481792
EFA,2016-01-14,54.77,55.5,54.355,55.26,35140200
EFA,2016-01-15,53.46,53.85,53.02,53.26,60553869
EFA,2016-01-19,54.19,54.22,53.37,53.75,35709789
EFA,2016-01-20,52.66,52.855,51.5201,52.53,47944165
EFA,2016-01-21,52.32,53.23,51.93,52.92,48974732
EFA,2016-01-22,54.2,54.54,54.08,54.48,44855903
EFA,2016-01-25,54.055,54.2799,53.71,53.75,36799444
EFA,2016-01-26,54.05,54.735,53.98,54.71,26789290
EFA,2016-01-27,54.6,55.1573,54.15,54.36,32829241
EFA,2016-01-28,54.86,54.93,54.05,54.52,31266709
EFA,2016-01-29,54.75,55.52,54.7,55.48,37109712
EFA,2016-02-01,55.02,55.5761,54.83,55.42,31082704
EFA,2016-02-02,54.625,54.625,53.94,54.13,29809102
EFA,2016-02-03,54.42,54.59,53.42,54.58,36337276
EFA,2016-02-04,54.23,54.84,54.13,54.65,28236177
EFA,2016-02-05,54.41,54.48,53.58,53.81,31548107
EFA,2016-02-08,52.94,52.96,52.315,52.81,37822449
EFA,2016-02-09,51.67,52.43,51.63,52.2,34142677
EFA,2016-02-10,52.38,52.78,52.045,52.14,32088411
EFA,2016-02-11,51.43,51.65,50.94,51.38,41750155
EFA,2016-02-12,51.53,52.29,51.31,52.28,38730523
EFA,2016-02-16,53.2,53.37,52.77,53.3408,31605779
EFA,2016-02-17,53.79,54.33,53.76,54.26,25594699
EFA,2016-02-18,54.49,54.49,53.94,53.98,32694096
EFA,2016-02-19,53.57,53.97,53.4049,53.92,26685222
EFA,2016-02-22,54.32,54.5773,54.3,54.53,19217041
EFA,2016-02-23,54.18,54.215,53.55,53.64,19708996
EFA,2016-02-24,52.75,53.53,52.49,53.45,26718830
EFA,2016-02-25,53.75,54.1,53.5,54.09,25166987
EFA,2016-02-26,54.37,54.4,53.85,53.95,19604546
EFA,2016-02-29,53.84,54.125,53.6,53.63,30315191
EFA,2016-03-01,54.41,55.07,54.275,55.03,24585784
EFA,2016-03-02,55.0,55.45,54.88,55.41,22549437
EFA,2016-03-03,55.56,55.98,55.51,55.95,21109637
EFA,2016-03-04,56.34,56.655,56.21,56.36,22752214
EFA,2016-03-07,55.78,56.48,55.74,56.29,24047460
EFA,2016-03-08,56.05,56.05,55.67,55.74,16647830
EFA,2016-03-09,55.99,56.11,55.805,55.95,15467368
EFA,2016-03-10,56.4,56.76,55.415,55.86,28146972
EFA,2016-03-11,56.87,57.35,56.82,57.32,24374583
EFA,2016-03-14,57.24,57.35,57.07,57.2,15953128
EFA,2016-03-15,56.61,56.67,56.45,56.66,19646333
EFA,2016-03-16,56.23,57.2123,56.23,57.16,25412987
EFA,2016-03-17,57.19,57.71,57.0,57.6,17906638
EFA,2016-03-18,57.51,57.69,57.42,57.5,30733434
EFA,2016-03-21,57.36,57.5399,57.23,57.41,17625795
EFA,2016-03-22,56.95,57.4,56.9,57.31,15926673
EFA,2016-03-23,57.16,57.18,56.65,56.73,18290832
EFA,2016-03-24,56.02,56.35,55.95,56.35,18326468
EFA,2016-03-28,56.74,56.78,56.55,56.69,18491121
EFA,2016-03-29,56.42,57.33,56.28,57.3,22376833
EFA,2016-03-30,57.79,58.06,57.6433,57.73,18999487
EFA,2016-03-31,57.46,57.59,57.13,57.16,37335146
EFA,2016-04-01,55.99,56.6199,55.93,56.55,30396066
EFA,2016-04-04,56.7,56.77,56.36,56.43,16977201
EFA,2016-04-05,55.42,55.5,55.235,55.32,20199587
EFA,2016-04-06,55.51,56.26,55.42,56.22,20465543
EFA,2016-04-07,55.76,55.92,55.27,55.4,19855636
EFA,2016-04-08,56.51,56.66,56.315,56.46,18462754
EFA,2016-04-11,56.83,57.07,56.48,56.49,15639363
EFA,2016-04-12,56.94,57.44,56.6137,57.33,25164672
EFA,2016-04-13,58.14,58.36,58.01,58.24,25583900
EFA,2016-04-14,58.54,58.65,58.33,58.43,26844437
EFA,2016-04-15,58.39,58.5,58.29,58.3,17557982
EFA,2016-04-18,58.22,58.86,58.17,58.8,20200193
EFA,2016-04-19,59.69,59.94,59.595,59.82,24251435
EFA,2016-04-20,59.79,60.1599,59.695,59.87,14402610
EFA,2016-04-21,59.78,59.83,59.405,59.51,19135137
EFA,2016-04-22,59.45,59.64,59.29,59.54,17262687
EFA,2016-04-25,59.24,59.29,59.02,59.24,13518374
EFA,2016-04-26,59.47,59.56,59.26,59.45,15657829
EFA,2016-04-27,59.27,59.61,59.18,59.49,13054719
EFA,2016-04-28,58.78,59.26,58.55,58.68,25204477
EFA,2016-04-29,58.72,58.81,58.22,58.43,27642884
EFA,2016-05-02,58.9,59.07,58.72,58.98,25207329
EFA,2016-05-03,58.4,58.41,57.925,58.01,25287124
EFA,2016-05-04,57.52,57.61,57.17,57.34,20213136
EFA,2016-05-05,57.3,57.45,57.04,57.22,21552567
EFA,2016-05-06,56.97,57.41,56.92,57.38,21498242
EFA,2016-05-09,57.52,57.63,57.23,57.26,17842742
EFA,2016-05-10,57.69,58.08,57.64,58.08,21333551
EFA,2016-05-11,57.7,57.93,57.58,57.58,20180465
EFA,2016-05-12,58.07,58.09,57.31,57.56,17641978
EFA,2016-05-13,57.11,57.36,56.8118,56.97,19052383
EFA,2016-05-16,57.16,57.68,57.13,57.65,24500534
EFA,2016-05-17,57.55,57.735,57.17,57.23,25116368
EFA,2016-05-18,57.29,57.845,57.04,57.25,35323716
EFA,2016-05-19,56.91,57.01,56.6679,56.84,26976039
EFA,2016-05-20,57.32,57.46,57.19,57.31,23377800
EFA,2016-05-23,57.1,57.28,57.01,57.12,18828731
EFA,2016-05-24,57.51,58.06,57.5,57.95,28901598
EFA,2016-05-25,58.38,58.68,58.35,58.56,35592090
EFA,2016-05-26,58.78,58.8495,58.58,58.72,21115408
EFA,2016-05-27,58.62,58.75,58.52,58.66,16066408
EFA,2016-05-31,58.9,58.99,58.24,58.38,25438505
EFA,2016-06-01,58.1,58.38,58.03,58.33,19567292
EFA,2016-06-02,58.0,58.35,57.93,58.33,32992057
EFA,2016-06-03,58.54,58.73,58.23,58.71,27770231
EFA,2016-06-06,58.9,59.18,58.85,59.04,22191860
EFA,2016-06-07,59.49,59.63,59.42,59.47,15311690
EFA,2016-06-08,59.65,59.74,59.54,59.59,14673441
EFA,2016-06-09,58.86,59.01,58.68,58.86,18489138
EFA,2016-06-10,57.62,57.71,56.99,57.15,29812946
EFA,2016-06-13,56.41,56.86,56.16,56.32,25422702
EFA,2016-06-14,55.73,55.855,55.12,55.42,69489982
EFA,2016-06-15,55.9,56.1,55.67,55.79,34010361
EFA,2016-06-16,55.0,55.95,54.59,55.905,27677651
EFA,2016-06-17,56.1,56.595,55.83,56.46,51689602
EFA,2016-06-20,58.2,58.265,57.84,57.86,38890448
EFA,2016-06-21,58.34,58.775,58.09,58.33,37705479
EFA,2016-06-22,57.39,57.67,57.12,57.12,45176465
EFA,2016-06-23,58.34,58.8,57.93,58.7,33064407
EFA,2016-06-24,53.89,55.09,53.63,53.66,85313905
EFA,2016-06-27,52.91,52.94,51.93,52.63,60560715
EFA,2016-06-28,53.86,54.04,53.37,54.01,45213462
EFA,2016-06-29,54.81,55.185,54.72,55.0,33914859
EFA,2016-06-30,55.11,55.82,54.96,55.82,48143618
EFA,2016-07-01,55.84,56.0,55.74,55.82,22693352
EFA,2016-07-05,55.14,55.2,54.58,54.74,33647354
EFA,2016-07-06,54.11,54.67,53.77,54.64,28451429
EFA,2016-07-07,54.74,54.94,54.25,54.42,24824949
EFA,2016-07-08,55.04,55.34,54.91,55.25,26189512
EFA,2016-07-11,55.99,56.29,55.945,56.06,25474916
EFA,2016-07-12,56.86,57.09,56.75,56.82,29839041
EFA,2016-07-13,56.96,57.1,56.71,56.76,27351568
EFA,2016-07-14,57.29,57.43,57.17,57.25,28145527
EFA,2016-07-15,57.1,57.13,56.84,56.96,29705397
EFA,2016-07-18,56.96,57.27,56.85,57.1,17614332
EFA,2016-07-19,56.65,56.74,56.5,56.65,19896943
EFA,2016-07-20,57.01,57.23,56.895,57.16,20885209
EFA,2016-07-21,56.98,57.185,56.83,56.93,19634985
EFA,2016-07-22,57.05,57.08,56.88,57.04,16069313
EFA,2016-07-25,57.08,57.1,56.81,56.97,13277389
EFA,2016-07-26,57.19,57.38,56.97,57.21,15025684
EFA,2016-07-27,57.48,57.575,57.0,57.42,17126918
EFA,2016-07-28,57.38,57.46,57.08,57.36,14445267
EFA,2016-07-29,57.84,58.15,57.705,58.035,21590417
EFA,2016-08-01,57.86,57.98,57.59,57.66,21623719
EFA,2016-08-02,57.53,57.565,57.15,57.37,20476106
EFA,2016-08-03,56.89,57.19,56.85,57.17,19684420
EFA,2016-08-04,57.35,57.53,57.24,57.5,16761761
EFA,2016-08-05,57.5,57.78,57.49,57.76,15143512
EFA,2016-08-08,57.86,57.92,57.79,57.88,10326797
EFA,2016-08-09,58.14,58.52,58.11,58.34,27514404
EFA,2016-08-10,58.72,58.76,58.515,58.54,17539520
EFA,2016-08-11,58.82,59.11,58.77,58.96,19675825
EFA,2016-08-12,58.99,59.06,58.74,58.81,11331570
EFA,2016-08-15,59.0,59.18,58.99,59.035,9048734
EFA,2016-08-16,58.93,59.11,58.85,58.95,14286200
EFA,2016-08-17,58.79,59.085,58.535,58.93,12103619
EFA,2016-08-18,58.89,59.23,58.8,59.23,17723918
EFA,2016-08-19,58.62,58.82,58.45,58.79,12142828
EFA,2016-08-22,58.61,58.89,58.5,58.85,10095633
EFA,2016-08-23,59.24,59.35,59.08,59.1,12534122
EFA,2016-08-24,59.13,59.2,58.885,58.96,12206567
EFA,2016-08-25,58.76,58.885,58.665,58.72,10953520
EFA,2016-08-26,58.81,59.33,58.11,58.37,19518096
EFA,2016-08-29,58.24,58.58,58.22,58.55,10479721
EFA,2016-08-30,58.6,58.69,58.36,58.47,10046301
EFA,2016-08-31,58.4,58.53,58.14,58.35,20437242
EFA,2016-09-01,58.62,58.78,58.41,58.75,18389771
EFA,2016-09-02,59.3,59.5,59.11,59.43,19151555
EFA,2016-09-06,59.56,59.86,59.535,59.83,14730557
EFA,2016-09-07,59.99,60.1,59.75,59.86,17917534
EFA,2016-09-08,59.81,59.975,59.62,59.69,15572694
EFA,2016-09-09,59.25,59.25,58.51,58.53,23547041
EFA,2016-09-12,58.1,59.04,58.045,59.01,26966758
EFA,2016-09-13,58.25,58.36,57.57,57.82,24865867
EFA,2016-09-14,57.74,58.0576,57.63,57.74,16841515
EFA,2016-09-15,57.79,58.345,57.63,58.24,25111301
EFA,2016-09-16,57.61,57.64,57.33,57.49,47897877
EFA,2016-09-19,58.06,58.14,57.74,57.79,24184443
EFA,2016-09-20,58.34,58.39,58.065,58.14,23968187
EFA,2016-09-21,58.7,59.22,58.49,59.16,28804005
EFA,2016-09-22,60.03,60.16,59.69,59.76,27047527
EFA,2016-09-23,59.28,59.4499,59.24,59.26,19379954
EFA,2016-09-26,58.75,58.83,58.6225,58.71,23824929
EFA,2016-09-27,58.47,58.9999,58.405,58.99,19862148
EFA,2016-09-28,59.16,59.43,58.795,59.41,22026420
EFA,2016-09-29,59.26,59.39,58.4739,58.67,16703807
EFA,2016-09-30,58.81,59.29,58.73,59.13,28871930
EFA,2016-10-03,58.97,59.085,58.84,58.97,17903551
EFA,2016-10-04,59.24,59.35,58.7301,58.96,28707492
EFA,2016-10-05,59.18,59.29,59.04,59.2,14774310
EFA,2016-10-06,58.9,58.945,58.725,58.88,11592223
EFA,2016-10-07,58.63,58.675,58.115,58.58,16684917
EFA,2016-10-10,58.68,58.9,58.65,58.75,7860730
EFA,2016-10-11,58.48,58.505,57.75,57.92,18434586
EFA,2016-10-12,57.84,57.935,57.63,57.79,13537312
EFA,2016-10-13,57.15,57.7,56.9863,57.57,13090873
EFA,2016-10-14,57.96,58.07,57.65,57.67,19288382
EFA,2016-10-17,57.54,57.66,57.405,57.5,12640990
EFA,2016-10-18,58.19,58.235,57.98,58.07,13027968
EFA,2016-10-19,58.16,58.3658,58.115,58.23,12500141
EFA,2016-10-20,58.15,58.43,58.09,58.32,9959038
EFA,2016-10-21,57.92,58.21,57.86,58.19,12584854
EFA,2016-10-24,58.36,58.3699,58.045,58.18,12722999
EFA,2016-10-25,58.05,58.19,57.9101,58.14,12430402
EFA,2016-10-26,57.84,58.07,57.765,57.88,12169527
EFA,2016-10-27,58.01,58.04,57.75,57.81,9309344
EFA,2016-10-28,57.71,57.915,57.645,57.79,15377759
EFA,2016-10-31,57.75,57.9,57.5801,57.82,19266193
EFA,2016-11-01,57.96,57.98,57.38,57.57,19495189
EFA,2016-11-02,57.53,57.61,57.1,57.18,17538942
EFA,2016-11-03,57.38,57.42,57.035,57.12,12959140
EFA,2016-11-04,56.74,56.9074,56.545,56.57,17423767
EFA,2016-11-07,57.28,57.38,57.15,57.35,21383605
EFA,2016-11-08,57.18,57.675,57.13,57.51,17403906
EFA,2016-11-09,57.07,57.79,57.01,57.56,27175074
EFA,2016-11-10,57.53,57.67,56.93,57.4,37382769
EFA,2016-11-11,57.145,57.2,56.74,57.05,18430069
EFA,2016-11-14,56.63,56.75,56.48,56.74,20650883
EFA,2016-11-15,56.59,57.02,56.5331,56.99,15311744
EFA,2016-11-16,56.43,56.615,56.3438,56.39,22261240
EFA,2016-11-17,56.67,56.89,56.615,56.82,18459346
EFA,2016-11-18,56.31,56.38,56.1037,56.2,17047302
EFA,2016-11-21,56.42,56.71,56.41,56.68,18504525
EFA,2016-11-22,56.81,56.85,56.58,56.82,17866530
EFA,2016-11-23,56.25,56.62,56.19,56.62,13840294
EFA,2016-11-25,56.82,56.83,56.71,56.79,7842848
EFA,2016-11-28,56.63,56.69,56.46,56.49,13607989
EFA,2016-11-29,56.53,56.98,56.4735,56.85,14719758
EFA,2016-11-30,56.98,56.99,56.7,56.79,23874742
EFA,2016-12-01,56.73,56.76,56.49,56.57,22693394
EFA,2016-12-02,56.47,56.84,56.4,56.71,16077421
EFA,2016-12-05,57.0,57.38,56.99,57.27,19686243
EFA,2016-12-06,57.33,57.74,57.3,57.66,19216453
EFA,2016-12-07,57.88,58.62,57.86,58.52,25749322
EFA,2016-12-08,58.41,58.57,58.27,58.47,23426982
EFA,2016-12-09,58.47,58.72,58.43,58.72,20886461
EFA,2016-12-12,58.5,58.69,58.39,58.46,16612743
EFA,2016-12-13,58.98,59.25,58.95,59.09,22116770
EFA,2016-12-14,58.96,59.09,58.13,58.22,26473655
EFA,2016-12-15,58.0,58.19,57.9601,58.09,25317931
EFA,2016-12-16,58.05,58.29,58.02,58.13,24359092
EFA,2016-12-19,58.16,58.31,58.04,58.04,17705190
EFA,2016-12-20,58.11,58.29,58.07,58.24,17813524
EFA,2016-12-21,57.65,57.7,57.58,57.66,17793946
EFA,2016-12-22,57.62,57.69,57.51,57.53,16310189
EFA,2016-12-23,57.58,57.68,57.54,57.68,14821551
EFA,2016-12-27,57.63,57.715,57.6,57.61,13327687
EFA,2016-12-28,57.56,57.58,57.31,57.39,19569395
EFA,2016-12-29,57.5,57.66,57.48,57.53,16406129
EFA,2016-12-30,57.97,57.98,57.6,57.73,25225987
EFA,2017-01-03,57.95,58.11,57.85,58.09,27938327
EFA,2017-01-04,58.4,58.78,58.3528,58.75,25670022
EFA,2017-01-05,58.9,59.31,58.9,59.25,22063115
EFA,2017-01-06,58.97,59.11,58.91,59.05,22073717
EFA,2017-01-09,58.83,58.99,58.75,58.96,13962351
EFA,2017-01-10,58.92,59.13,58.92,58.97,16296577
EFA,2017-01-11,58.85,59.3,58.78,59.28,31352400
EFA,2017-01-12,59.36,59.375,59.11,59.37,25127259
EFA,2017-01-13,59.42,59.6,59.33,59.59,20901856
EFA,2017-01-17,59.41,59.44,59.27,59.37,22524825
EFA,2017-01-18,59.19,59.32,59.02,59.2,14581351
EFA,2017-01-19,59.1,59.1763,58.87,59.05,17619274
EFA,2017-01-20,59.26,59.41,59.18,59.39,24974054
EFA,2017-01-23,59.31,59.54,59.18,59.54,43093117
EFA,2017-01-24,59.44,59.7165,59.42,59.69,18175974
EFA,2017-01-25,60.01,60.33,59.99,60.31,27237612
EFA,2017-01-26,60.19,60.25,59.99,60.07,20913845
EFA,2017-01-27,60.02,60.05,59.86,59.97,13061016
EFA,2017-01-30,59.45,59.58,59.26,59.54,19146191
EFA,2017-01-31,59.65,59.74,59.39,59.63,29996755
EFA,2017-02-01,60.0,60.03,59.71,59.87,26726436
EFA,2017-02-02,59.925,59.99,59.73,59.9,14796655
EFA,2017-02-03,60.01,60.18,59.93,60.14,13963766
EFA,2017-02-06,59.52,59.71,59.48,59.71,16220209
EFA,2017-02-07,59.58,59.6763,59.53,59.65,12123012
EFA,2017-02-08,59.59,59.81,59.52,59.75,16749223
EFA,2017-02-09,59.83,60.015,59.75,60.0,14299559
EFA,2017-02-10,59.93,60.18,59.91,60.14,13212119
EFA,2017-02-13,60.39,60.47,60.28,60.38,12694444
EFA,2017-02-14,60.17,60.29,59.9201,60.29,14256634
EFA,2017-02-15,60.03,60.52,60.01,60.52,15460127
EFA,2017-02-16,60.54,60.66,60.46,60.66,14416534
EFA,2017-02-17,60.32,60.52,60.27,60.5,14938004
EFA,2017-02-21,60.44,60.7,60.42,60.7,11550324
EFA,2017-02-22,60.39,60.74,60.39,60.7,17129440
EFA,2017-02-23,60.88,60.93,60.665,60.83,12410639
EFA,2017-02-24,60.17,60.43,60.14,60.39,16198702
EFA,2017-02-27,60.19,60.44,60.18,60.43,14039003
EFA,2017-02-28,60.32,60.52,60.23,60.34,20439108
EFA,2017-03-01,60.75,61.1163,60.73,60.97,20198030
EFA,2017-03-02,60.71,60.7774,60.56,60.57,16452808
EFA,2017-03-03,60.7,61.0,60.61,60.93,19149128
EFA,2017-03-06,60.73,60.75,60.5737,60.74,10965776
EFA,2017-03-07,60.47,60.63,60.38,60.53,16308775
EFA,2017-03-08,60.49,60.55,60.25,60.31,11568222
EFA,2017-03-09,60.47,60.57,60.38,60.54,13369268
EFA,2017-03-10,60.96,61.12,60.85,61.05,18987744
EFA,2017-03-13,61.2,61.3775,61.19,61.37,19718711
EFA,2017-03-14,60.92,60.97,60.79,60.9,15953540
EFA,2017-03-15,61.03,61.775,61.02,61.77,22841075
EFA,2017-03-16,62.1,62.13,61.93,62.07,24380124
EFA,2017-03-17,62.18,62.3499,62.06,62.23,20697447
EFA,2017-03-20,62.25,62.3399,62.02,62.1037,13484415
EFA,2017-03-21,62.58,62.63,61.78,61.82,23331513
EFA,2017-03-22,61.62,61.89,61.57,61.83,14492777
EFA,2017-03-23,61.73,62.1,61.73,61.97,25394787
EFA,2017-03-24,62.11,62.27,62.0401,62.14,25264511
EFA,2017-03-27,62.09,62.38,62.02,62.3,30294538
EFA,2017-03-28,62.39,62.65,62.355,62.6,23196000
EFA,2017-03-29,62.29,62.63,62.28,62.6,19090764
EFA,2017-03-30,62.43,62.55,62.32,62.38,16049834
EFA,2017-03-31,62.11,62.36,62.05,62.29,30871662
EFA,2017-04-03,62.19,62.24,61.755,62.2,32855183
EFA,2017-04-04,61.93,62.18,61.85,62.18,16793755
EFA,2017-04-05,62.13,62.29,61.825,61.85,22710372
EFA,2017-04-06,61.88,61.98,61.75,61.86,17814640
EFA,2017-04-07,61.75,61.93,61.735,61.82,15848922
EFA,2017-04-10,61.73,61.85,61.675,61.75,11321509
EFA,2017-04-11,62.0,62.07,61.6201,62.04,18663098
EFA,2017-04-12,61.95,62.03,61.72,61.99,25046026
EFA,2017-04-13,61.7,61.78,61.53,61.59,16760126
EFA,2017-04-17,61.85,62.02,61.84,61.97,15573493
EFA,2017-04-18,61.55,61.69,61.35,61.69,21171092
EFA,2017-04-19,61.76,61.795,61.37,61.44,13263137
EFA,2017-04-20,61.96,62.1,61.915,61.93,20485317
EFA,2017-04-21,61.93,62.02,61.84,61.97,18989833
EFA,2017-04-24,63.41,63.61,63.38,63.54,32694852
EFA,2017-04-25,63.85,64.08,63.7805,63.99,24975216
EFA,2017-04-26,63.81,64.03,63.81,63.81,20489577
EFA,2017-04-27,63.92,63.92,63.75,63.87,13855740
EFA,2017-04-28,63.89,63.91,63.77,63.8,25361248
EFA,2017-05-01,63.99,64.2,63.91,64.06,22211439
EFA,2017-05-02,64.25,64.42,64.19,64.39,23499960
EFA,2017-05-03,64.22,64.33,64.1,64.26,12811038
EFA,2017-05-04,64.48,64.89,64.425,64.87,16359729
EFA,2017-05-05,64.94,65.59,64.915,65.59,18990865
EFA,2017-05-08,65.105,65.11,64.96,65.1,19823837
EFA,2017-05-09,64.98,65.04,64.81,64.94,28186609
EFA,2017-05-10,64.98,65.04,64.888,65.04,18524300
EFA,2017-05-11,64.77,64.9,64.61,64.88,18381620
EFA,2017-05-12,64.94,65.24,64.94,65.24,27683031
EFA,2017-05-15,65.38,65.57,65.36,65.57,20493923
EFA,2017-05-16,65.95,66.0,65.8615,65.99,21931150
EFA,2017-05-17,65.67,65.75,65.22,65.24,30198705
EFA,2017-05-18,65.08,65.4,65.02,65.35,19242621
EFA,2017-05-19,65.81,66.12,65.78,66.11,34855460
EFA,2017-05-22,66.18,66.31,66.11,66.19,14692607
EFA,2017-05-23,66.34,66.38,66.11,66.2,12489175
EFA,2017-05-24,66.015,66.25,65.98,66.24,15090562
EFA,2017-05-25,66.24,66.34,66.15,66.24,13265325
EFA,2017-05-26,65.87,66.055,65.85,66.05,25971514
EFA,2017-05-30,65.87,66.03,65.85,65.98,14415333
EFA,2017-05-31,66.32,66.38,66.025,66.06,31167901
EFA,2017-06-01,66.31,66.505,66.245,66.49,25610013
EFA,2017-06-02,66.96,67.24,66.86,67.22,22764290
EFA,2017-06-05,66.86,66.9,66.77,66.85,14304505
EFA,2017-06-06,66.58,66.71,66.56,66.66,11387187
EFA,2017-06-07,66.77,66.88,66.45,66.68,15346442
EFA,2017-06-08,66.42,66.57,66.34,66.56,15425213
EFA,2017-06-09,66.22,66.46,66.06,66.31,20807919
EFA,2017-06-12,66.12,66.19,65.91,66.06,17937219
EFA,2017-06-13,66.47,66.61,66.38,66.57,19123669
EFA,2017-06-14,66.95,66.96,66.3,66.52,18739460
EFA,2017-06-15,65.51,65.87,65.49,65.83,22870874
EFA,2017-06-16,66.15,66.41,66.07,66.39,24571484
EFA,2017-06-19,66.64,66.79,66.6,66.66,26706140
EFA,2017-06-20,65.42,65.43,64.92,65.07,23798528
EFA,2017-06-21,64.92,65.05,64.83,64.99,10988982
EFA,2017-06-22,64.97,65.096,64.89,64.98,13521741
EFA,2017-06-23,64.99,65.245,64.9,65.14,15138723
EFA,2017-06-26,65.56,65.62,65.22,65.25,21872781
EFA,2017-06-27,65.28,65.44,65.17,65.24,17465990
EFA,2017-06-28,65.49,65.87,65.46,65.81,26317334
EFA,2017-06-29,65.61,65.62,64.88,65.16,35923299
EFA,2017-06-30,65.33,65.35,64.825,65.2,28866120
EFA,2017-07-03,65.12,65.28,65.1,65.12,9564258
EFA,2017-07-05,64.93,65.16,64.815,65.12,26253260
EFA,2017-07-06,64.7,64.97,64.63,64.83,23380561
EFA,2017-07-07,64.65,64.92,64.56,64.84,18885683
EFA,2017-07-10,64.8,65.02,64.76,65.0,10674838
EFA,2017-07-11,64.83,65.16,64.74,65.15,13584042
EFA,2017-07-12,65.55,65.745,65.53,65.67,15995594
EFA,2017-07-13,65.75,65.91,65.655,65.86,22520673
EFA,2017-07-14,66.05,66.335,66.0,66.32,14145120
EFA,2017-07-17,66.19,66.28,66.12,66.19,10326109
EFA,2017-07-18,66.13,66.25,66.08,66.25,11718193
EFA,2017-07-19,66.36,66.54,66.35,66.54,12542325
EFA,2017-07-20,66.71,66.85,66.603,66.81,13792660
EFA,2017-07-21,66.46,66.55,66.24,66.55,18406666
EFA,2017-07-24,66.25,66.39,66.08,66.37,17486072
EFA,2017-07-25,66.71,66.74,66.44,66.46,12297572
EFA,2017-07-26,66.65,66.98,66.54,66.87,19186673
EFA,2017-07-27,67.0,67.04,66.5,66.72,13754370
EFA,2017-07-28,66.55,66.8,66.48,66.79,15080777
EFA,2017-07-31,66.88,67.01,66.73,66.93,20998839
EFA,2017-08-01,67.44,67.54,67.3,67.3,16198137
EFA,2017-08-02,67.34,67.42,67.16,67.33,8948292
EFA,2017-08-03,67.31,67.49,67.255,67.37,11245858
EFA,2017-08-04,67.44,67.51,67.2,67.46,14178018
EFA,2017-08-07,67.32,67.5,67.32,67.49,11865550
EFA,2017-08-08,67.37,67.46,67.0939,67.13,13510148
EFA,2017-08-09,66.73,67.05,66.69,67.02,15080071
EFA,2017-08-10,66.62,66.62,66.01,66.07,28825121
EFA,2017-08-11,66.03,66.13,65.86,65.95,27456383
EFA,2017-08-14,66.43,66.598,66.4,66.43,13311526
EFA,2017-08-15,66.35,66.42,66.14,66.38,13212246
EFA,2017-08-16,66.6,66.84,66.58,66.76,14030746
EFA,2017-08-17,66.52,66.63,66.01,66.01,18647651
EFA,2017-08-18,66.12,66.33,65.99,66.19,16347570
EFA,2017-08-21,66.16,66.2699,66.0,66.17,11760780
EFA,2017-08-22,66.31,66.52,66.29,66.49,11528833
EFA,2017-08-23,66.3,66.51,66.29,66.5,13007120
EFA,2017-08-24,66.52,66.59,66.34,66.35,13150630
EFA,2017-08-25,66.59,66.91,66.57,66.75,14942022
EFA,2017-08-28,66.82,66.85,66.705,66.75,13419075
EFA,2017-08-29,66.38,66.65,66.36,66.48,11536905
EFA,2017-08-30,66.37,66.45,66.2847,66.39,10510516
EFA,2017-08-31,66.65,66.95,66.62,66.9,20277854
EFA,2017-09-01,67.15,67.17,66.95,66.99,15541793
EFA,2017-09-05,66.82,66.93,66.325,66.54,18682342
EFA,2017-09-06,66.9,67.0975,66.82,66.95,21335549
EFA,2017-09-07,67.5,67.53,67.33,67.5,13847410
EFA,2017-09-08,67.66,67.6867,67.51,67.51,16168817
EFA,2017-09-11,67.96,68.16,67.95,68.04,19127344
EFA,2017-09-12,68.16,68.29,68.16,68.25,11803025
EFA,2017-09-13,68.11,68.15,67.8165,67.88,14672788
EFA,2017-09-14,67.76,68.01,67.74,68.0,14862297
EFA,2017-09-15,68.06,68.1,67.94,68.06,16315460
EFA,2017-09-18,68.23,68.34,68.025,68.15,13594857
EFA,2017-09-19,68.43,68.49,68.295,68.47,8877234
EFA,2017-09-20,68.49,68.71,68.004,68.32,15310031
EFA,2017-09-21,68.16,68.28,68.09,68.18,10250095
EFA,2017-09-22,68.38,68.5,68.3234,68.39,8442844
EFA,2017-09-25,68.11,68.27,67.87,68.0,13473887
EFA,2017-09-26,67.89,67.94,67.64,67.85,20026560
EFA,2017-09-27,67.76,67.995,67.72,67.9,17751778
EFA,2017-09-28,67.9,68.18,67.9,68.08,11703999
EFA,2017-09-29,68.21,68.55,68.11,68.48,24981424
EFA,2017-10-02,68.27,68.49,68.24,68.42,16475611
EFA,2017-10-03,68.46,68.66,68.43,68.65,12073347
EFA,2017-10-04,68.47,68.59,68.4613,68.52,12518569
EFA,2017-10-05,68.39,68.51,68.35,68.48,11871206
EFA,2017-10-06,68.17,68.44,68.14,68.43,16923310
EFA,2017-10-09,68.52,68.54,68.39,68.45,5155649
EFA,2017-10-10,68.85,69.11,68.79,69.1,16626738
EFA,2017-10-11,69.07,69.29,69.06,69.27,16732420
EFA,2017-10-12,69.15,69.33,69.09,69.21,10774094
EFA,2017-10-13,69.6,69.66,69.51,69.57,12928940
EFA,2017-10-16,69.57,69.62,69.465,69.52,8800647
EFA,2017-10-17,69.35,69.39,69.21,69.34,8287031
EFA,2017-10-18,69.45,69.57,69.365,69.54,11793348
EFA,2017-10-19,69.23,69.43,69.19,69.43,10368293
EFA,2017-10-20,69.38,69.38,69.23,69.34,12636297
EFA,2017-10-23,69.37,69.3971,69.14,69.19,8422226
EFA,2017-10-24,69.28,69.435,69.2,69.3,10586482
EFA,2017-10-25,69.27,69.31,68.77,69.03,11495505
EFA,2017-10-26,69.21,69.26,69.01,69.02,12355519
EFA,2017-10-27,68.98,69.2,68.885,69.18,18853789
EFA,2017-10-30,69.22,69.36,69.2,69.34,14308493
EFA,2017-10-31,69.48,69.67,69.4,69.63,24418400
EFA,2017-11-01,69.93,69.995,69.67,69.7,23674532
EFA,2017-11-02,69.65,69.91,69.625,69.91,20430941
EFA,2017-11-03,69.8,69.8,69.56,69.8,14078690
EFA,2017-11-06,69.61,69.915,69.6,69.9,11959012
EFA,2017-11-07,69.77,69.855,69.46,69.64,13024198
EFA,2017-11-08,69.75,69.98,69.71,69.87,15303200
EFA,2017-11-09,69.29,69.5,69.04,69.47,22576983
EFA,2017-11-10,69.24,69.36,69.13,69.28,11070803
EFA,2017-11-13,68.59,69.02,68.58,68.99,13605167
EFA,2017-11-14,68.86,68.99,68.7,68.94,13850146
EFA,2017-11-15,68.37,68.68,68.28,68.61,18547272
EFA,2017-11-16,69.05,69.24,68.97,69.16,17372496
EFA,2017-11-17,68.97,69.03,68.84,68.91,24773188
EFA,2017-11-20,69.13,69.27,69.06,69.06,20689551
EFA,2017-11-21,69.53,69.67,69.49,69.58,17104787
EFA,2017-11-22,69.87,69.92,69.55,69.77,17943170
EFA,2017-11-24,70.35,70.39,70.25,70.34,11732286
EFA,2017-11-27,70.2,70.26,69.92,69.92,17066473
EFA,2017-11-28,70.14,70.34,70.01,70.32,19169402
EFA,2017-11-29,70.37,70.43,69.94,70.04,19328349
EFA,2017-11-30,70.33,70.41,70.05,70.11,24443366
EFA,2017-12-01,69.76,70.01,69.48,69.83,33370410
EFA,2017-12-04,69.99,69.99,69.57,69.58,19355522
EFA,2017-12-05,69.61,69.74,69.42,69.43,15853661
EFA,2017-12-06,69.21,69.43,69.18,69.29,12481602
EFA,2017-12-07,69.32,69.64,69.27,69.47,16966051
EFA,2017-12-08,69.79,69.88,69.63,69.84,19106829
EFA,2017-12-11,69.98,70.04,69.88,70.02,20038629
EFA,2017-12-12,70.11,70.17,69.91,70.11,16514652
EFA,2017-12-13,70.22,70.51,70.17,70.38,25920514
EFA,2017-12-14,70.33,70.36,69.95,69.99,27424619
EFA,2017-12-15,69.92,70.07,69.76,69.97,32906891
EFA,2017-12-18,70.72,70.96,70.7,70.8,38998500
EFA,2017-12-19,69.95,69.98,69.69,69.8,37373677
EFA,2017-12-20,69.87,69.91,69.63,69.68,18729481
EFA,2017-12-21,69.77,70.11,69.75,69.93,22930017
EFA,2017-12-22,69.9,70.12,69.86,70.11,18766958
EFA,2017-12-26,69.98,70.17,69.92,70.09,15994967
EFA,2017-12-27,70.19,70.33,70.1,70.22,19835388
EFA,2017-12-28,70.4,70.46,70.22,70.26,20811237
EFA,2017-12-29,70.57,70.58,70.26,70.31,16214680
EFA,2018-01-02,70.53,70.85,70.42,70.83,26529992
EFA,2018-01-03,70.89,71.26,70.85,71.17,33384936
EFA,2018-01-04,71.86,72.06,71.81,71.95,23974373
EFA,2018-01-05,72.15,72.4,72.07,72.35,17483753
EFA,2018-01-08,72.26,72.35,72.18,72.33,21733708
EFA,2018-01-09,72.34,72.44,72.12,72.41,19138901
EFA,2018-01-10,72.42,72.45,72.22,72.27,18118856
EFA,2018-01-11,72.47,72.78,72.41,72.77,17314444
EFA,2018-01-12,73.03,73.51,72.96,73.5,22694326
EFA,2018-01-16,73.71,73.84,73.34,73.43,24617807
EFA,2018-01-17,73.63,74.08,73.47,73.81,21424439
EFA,2018-01-18,73.61,73.8,73.49,73.72,19094624
EFA,2018-01-19,74.09,74.14,73.86,74.13,19622645
EFA,2018-01-22,74.19,74.54,74.15,74.51,14992542
EFA,2018-01-23,74.6,74.8,74.51,74.75,15575396
EFA,2018-01-24,75.16,75.23,74.63,74.88,24383778
EFA,2018-01-25,75.18,75.21,74.44,74.59,23272536
EFA,2018-01-26,74.98,75.27,74.93,75.25,19192557
EFA,2018-01-29,74.65,74.72,74.42,74.56,26906718
EFA,2018-01-30,74.32,74.37,73.85,73.94,113986310
EFA,2018-01-31,74.19,74.23,73.71,73.84,38900614
EFA,2018-02-01,73.72,74.19,73.68,74.05,30876230
EFA,2018-02-02,73.33,73.33,72.47,72.55,36590576
EFA,2018-02-05,71.64,71.97,69.31,69.51,78968009
EFA,2018-02-06,69.42,71.07,69.26,70.88,84302342
EFA,2018-02-07,70.25,70.86,69.99,70.13,44411259
EFA,2018-02-08,70.17,70.2,68.28,68.3,59223566
EFA,2018-02-09,68.75,68.96,66.89,68.59,67466845
EFA,2018-02-12,69.1,69.78,68.88,69.64,37528567
EFA,2018-02-13,69.09,69.5,69.07,69.43,20574279
EFA,2018-02-14,69.01,70.7,68.98,70.66,31475383
EFA,2018-02-15,71.06,71.21,70.51,71.1,31600579
EFA,2018-02-16,71.21,71.72,71.18,71.42,23606384
EFA,2018-02-20,70.88,71.2,70.58,70.75,25286922
EFA,2018-02-21,70.95,71.4,70.38,70.41,30247654
EFA,2018-02-22,70.71,71.1,70.54,70.78,20536966
EFA,2018-02-23,71.04,71.43,70.9,71.34,30298489
EFA,2018-02-26,71.64,72.03,71.39,72.01,21007211
EFA,2018-02-27,71.56,71.64,70.9,70.94,22449349
EFA,2018-02-28,71.04,71.08,70.17,70.27,31642523
EFA,2018-03-01,69.7,70.04,68.75,69.09,51282069
EFA,2018-03-02,68.85,69.44,68.57,69.42,35511970
EFA,2018-03-05,68.91,69.84,68.89,69.79,18968483
EFA,2018-03-06,70.35,70.39,70.01,70.2,20996892
EFA,2018-03-07,69.86,70.22,69.66,70.18,14492527
EFA,2018-03-08,70.38,70.49,70.1,70.33,14883283
EFA,2018-03-09,70.43,70.79,70.32,70.78,17319768
EFA,2018-03-12,70.86,71.01,70.71,70.86,12801274
EFA,2018-03-13,71.1,71.15,70.26,70.39,19138072
EFA,2018-03-14,70.93,70.98,70.31,70.56,13670766
EFA,2018-03-15,70.56,70.85,70.4,70.52,21712280
EFA,2018-03-16,70.39,70.66,70.36,70.47,16119949
EFA,2018-03-19,70.21,70.22,69.53,69.9,24159672
EFA,2018-03-20,69.82,70.04,69.72,69.89,20578759
EFA,2018-03-21,69.78,70.28,69.71,70.0,17479256
EFA,2018-03-22,69.29,69.44,68.68,68.7,42084346
EFA,2018-03-23,68.82,68.92,67.91,67.94,44983166
EFA,2018-03-26,68.98,69.21,68.29,69.16,31279031
EFA,2018-03-27,69.5,69.57,68.39,68.65,36493865
EFA,2018-03-28,69.08,69.56,68.78,69.05,35737550
EFA,2018-03-29,69.55,69.98,69.37,69.68,36715604
EFA,2018-04-02,69.41,69.58,68.25,68.72,52362541
EFA,2018-04-03,69.09,69.26,68.74,69.16,30413618
EFA,2018-04-04,68.35,69.43,68.32,69.4,26041496
EFA,2018-04-05,69.73,70.05,69.69,69.86,22625800
EFA,2018-04-06,69.81,70.06,69.17,69.4,24999581
EFA,2018-04-09,70.07,70.44,69.86,69.97,18498732
EFA,2018-04-10,70.67,70.89,70.52,70.72,20848831
EFA,2018-04-11,70.57,70.86,70.4,70.45,21099104
EFA,2018-04-12,70.54,70.82,70.5,70.72,18012495
EFA,2018-04-13,70.96,70.97,70.55,70.79,14515420
EFA,2018-04-16,70.97,71.0,70.74,70.9,15678331
EFA,2018-04-17,71.03,71.36,70.96,71.22,17545570
EFA,2018-04-18,71.52,71.69,71.45,71.59,17035128
EFA,2018-04-19,71.51,71.61,71.11,71.32,20004013
EFA,2018-04-20,71.09,71.15,70.91,71.05,27586544
EFA,2018-04-23,70.99,71.07,70.77,70.96,17695968
EFA,2018-04-24,71.09,71.18,70.46,70.67,22013447
EFA,2018-04-25,70.41,70.64,70.19,70.55,18280745
EFA,2018-04-26,70.9,71.01,70.72,70.9,23697683
EFA,2018-04-27,70.88,71.05,70.69,70.97,15395441
EFA,2018-04-30,70.89,71.14,70.69,70.74,21883668
EFA,2018-05-01,70.66,70.72,70.17,70.49,17308048
EFA,2018-05-02,70.85,70.94,70.41,70.46,16409407
EFA,2018-05-03,70.58,70.77,70.05,70.68,19854628
EFA,2018-05-04,70.17,71.0,70.13,70.93,17022636
EFA,2018-05-07,70.88,71.12,70.81,70.94,8172574
EFA,2018-05-08,70.69,70.95,70.56,70.95,12400326
EFA,2018-05-09,70.85,71.2,70.79,71.12,15413975
EFA,2018-05-10,71.34,71.58,71.21,71.58,18107471
EFA,2018-05-11,71.8,71.91,71.68,71.77,19083745
EFA,2018-05-14,72.03,72.1,71.82,71.9,17790296
EFA,2018-05-15,71.28,71.52,71.1,71.38,18330067
EFA,2018-05-16,71.31,71.53,71.23,71.48,13758303
EFA,2018-05-17,71.51,71.71,71.39,71.59,16191282
EFA,2018-05-18,71.38,71.45,71.23,71.33,21815647
EFA,2018-05-21,71.69,71.78,71.6,71.78,13441669
EFA,2018-05-22,71.88,71.94,71.61,71.69,12897918
EFA,2018-05-23,70.78,70.92,70.56,70.9,23332561
EFA,2018-05-24,70.78,70.81,70.21,70.68,21542435
EFA,2018-05-25,70.17,70.32,70.03,70.22,17225694
EFA,2018-05-29,69.14,69.38,68.53,68.79,57008867
EFA,2018-05-30,69.38,69.89,69.19,69.84,25531868
EFA,2018-05-31,69.63,69.7,69.11,69.4,47992829
EFA,2018-06-01,69.92,70.02,69.64,70.0,39232571
EFA,2018-06-04,70.46,70.54,70.18,70.21,18561876
EFA,2018-06-05,70.22,70.25,69.92,70.1,16641015
EFA,2018-06-06,70.35,70.73,70.18,70.73,25445408
EFA,2018-06-07,70.79,70.82,70.2,70.33,25976995
EFA,2018-06-08,70.27,70.5,70.09,70.41,23206326
EFA,2018-06-11,70.67,71.03,70.61,70.86,26145054
EFA,2018-06-12,70.72,70.76,70.35,70.41,22706283
EFA,2018-06-13,70.64,70.71,70.22,70.51,20486698
EFA,2018-06-14,70.51,70.72,70.32,70.36,24099035
EFA,2018-06-15,70.03,70.04,69.73,70.0,31433545
EFA,2018-06-18,69.23,69.52,69.14,69.5,30778479
EFA,2018-06-19,67.16,67.57,67.06,67.52,30397648
EFA,2018-06-20,67.78,67.83,67.4,67.57,38687268
EFA,2018-06-21,67.39,67.39,67.02,67.09,23793401
EFA,2018-06-22,67.95,68.13,67.66,67.8,27041408
EFA,2018-06-25,67.32,67.39,66.68,66.86,39388306
EFA,2018-06-26,67.08,67.11,66.71,66.98,23117581
EFA,2018-06-27,67.04,67.3,66.32,66.35,29616821
EFA,2018-06-28,66.33,66.68,66.19,66.6,21384787
EFA,2018-06-29,67.12,67.37,66.91,66.97,32031529
EFA,2018-07-02,66.02,66.43,66.0,66.36,39167936
EFA,2018-07-03,66.89,66.99,66.53,66.56,14919876
EFA,2018-07-05,67.17,67.27,66.97,67.22,18593192
EFA,2018-07-06,67.31,67.72,67.24,67.58,16641649
EFA,2018-07-09,68.12,68.25,67.95,68.23,20682104
EFA,2018-07-10,68.11,68.27,68.07,68.2,18981600
EFA,2018-07-11,67.43,67.61,66.86,67.06,30172389
EFA,2018-07-12,67.42,67.65,67.3,67.58,18810643
EFA,2018-07-13,67.61,67.82,67.47,67.79,17206905
EFA,2018-07-16,67.77,67.86,67.65,67.76,15422209
EFA,2018-07-17,67.58,67.96,67.54,67.88,16964992
EFA,2018-07-18,67.83,68.04,67.72,67.89,13712354
EFA,2018-07-19,67.54,67.88,67.47,67.75,26316460
EFA,2018-07-20,67.77,68.18,67.76,68.07,28610209
EFA,2018-07-23,68.07,68.14,67.94,68.07,10192957
EFA,2018-07-24,68.64,68.8,68.36,68.47,17645517
EFA,2018-07-25,68.46,69.09,68.24,68.98,29699151
EFA,2018-07-26,68.72,68.85,68.6,68.67,23009389
EFA,2018-07-27,68.97,69.11,68.73,68.8,28911759
EFA,2018-07-30,69.04,69.09,68.77,68.79,17630558
EFA,2018-07-31,69.04,69.1,68.75,68.88,25087543
EFA,2018-08-01,68.77,68.8,68.44,68.53,25402711
EFA,2018-08-02,67.79,68.08,67.72,68.08,24343205
EFA,2018-08-03,67.82,68.15,67.78,68.12,14176581
EFA,2018-08-06,67.7,67.93,67.58,67.83,12077901
EFA,2018-08-07,68.51,68.54,68.3,68.36,17495457
EFA,2018-08-08,68.28,68.43,68.13,68.3,13812778
EFA,2018-08-09,68.32,68.39,68.06,68.1,11964746
EFA,2018-08-10,66.86,66.99,66.61,66.74,28624589
EFA,2018-08-13,66.65,66.78,66.35,66.5,24817696
EFA,2018-08-14,66.59,66.65,66.37,66.49,22596722
EFA,2018-08-15,65.61,65.69,65.15,65.53,41602707
EFA,2018-08-16,65.96,66.24,65.93,65.99,23297125
EFA,2018-08-17,65.97,66.55,65.91,66.38,25722878
EFA,2018-08-20,66.64,66.82,66.62,66.74,16229334
EFA,2018-08-21,67.17,67.36,66.99,67.15,15670169
EFA,2018-08-22,67.45,67.53,67.33,67.41,13217466
EFA,2018-08-23,67.07,67.22,66.87,66.93,22030665
EFA,2018-08-24,67.23,67.46,67.14,67.32,21816628
EFA,2018-08-27,67.91,68.27,67.87,68.22,24820266
EFA,2018-08-28,68.39,68.45,68.12,68.16,19866760
EFA,2018-08-29,68.16,68.54,68.08,68.53,18107748
EFA,2018-08-30,67.95,68.05,67.71,67.88,20743026
EFA,2018-08-31,67.46,67.69,67.08,67.34,30945890
EFA,2018-09-04,66.5,66.78,66.42,66.77,25303400
EFA,2018-09-05,66.34,66.42,65.96,66.16,26850830
EFA,2018-09-06,66.06,66.22,65.65,65.96,25557937
EFA,2018-09-07,65.33,65.63,65.24,65.43,22989423
EFA,2018-09-10,65.95,65.99,65.75,65.83,15646713
EFA,2018-09-11,65.5,65.91,65.4,65.89,17652675
EFA,2018-09-12,65.96,66.33,65.91,66.17,19372502
EFA,2018-09-13,66.81,66.87,66.49,66.66,26009623
EFA,2018-09-14,66.86,66.94,66.6,66.76,21047488
EFA,2018-09-17,67.09,67.21,66.81,66.82,13679147
EFA,2018-09-18,67.31,67.62,67.3,67.52,20734370
EFA,2018-09-19,67.59,67.86,67.59,67.76,15330297
EFA,2018-09-20,68.47,68.68,68.29,68.6,24625290
EFA,2018-09-21,68.58,68.74,68.52,68.63,19003318
EFA,2018-09-24,68.64,68.66,68.32,68.32,20382669
EFA,2018-09-25,68.85,68.89,68.64,68.66,19623042
EFA,2018-09-26,68.63,69.13,68.62,68.69,26899905
EFA,2018-09-27,68.56,68.86,68.48,68.55,21555264
EFA,2018-09-28,67.93,68.27,67.85,67.99,37330486
EFA,2018-10-01,68.21,68.32,68.05,68.07,27922252
EFA,2018-10-02,67.55,67.78,67.47,67.72,18689193
EFA,2018-10-03,67.84,67.88,67.54,67.6,19372348
EFA,2018-10-04,67.17,67.2,66.5,66.81,38671495
EFA,2018-10-05,66.65,66.71,66.16,66.41,28116875
EFA,2018-10-08,65.69,66.11,65.54,66.09,24471316
EFA,2018-10-09,65.4,66.01,65.32,65.92,23011181
EFA,2018-10-10,65.68,65.68,64.38,64.52,64586203
EFA,2018-10-11,64.33,64.54,63.19,63.62,119275106
EFA,2018-10-12,64.11,64.14,63.18,63.85,66647647
EFA,2018-10-15,63.69,64.04,63.51,63.7,32702347
EFA,2018-10-16,64.53,64.92,64.43,64.79,35959121
EFA,2018-10-17,64.59,64.67,64.12,64.42,26566552
EFA,2018-10-18,64.17,64.25,63.18,63.38,48286540
EFA,2018-10-19,63.72,64.1,63.7,63.74,31924056
EFA,2018-10-22,63.8,63.85,63.27,63.46,28641257
EFA,2018-10-23,62.42,63.13,62.05,62.86,54694270
EFA,2018-10-24,62.5,62.54,61.04,61.08,62942290
EFA,2018-10-25,61.58,62.17,61.34,61.85,47758062
EFA,2018-10-26,61.09,61.83,60.58,61.43,72008760
EFA,2018-10-29,62.1,62.23,60.77,61.26,60675289
EFA,2018-10-30,61.39,62.01,61.3,62.0,50851514
EFA,2018-10-31,62.51,62.8,62.4,62.46,49348912
EFA,2018-11-01,63.0,63.27,62.76,63.26,42760170
EFA,2018-11-02,63.83,63.92,62.98,63.35,39087946
EFA,2018-11-05,63.39,63.51,63.16,63.35,23002653
EFA,2018-11-06,63.37,63.66,63.31,63.61,18973714
EFA,2018-11-07,64.19,64.5,63.98,64.46,34148393
EFA,2018-11-08,64.22,64.35,63.69,63.83,31336633
EFA,2018-11-09,63.41,63.52,63.11,63.41,27581730
EFA,2018-11-12,62.97,62.99,62.29,62.37,31068905
EFA,2018-11-13,62.53,63.08,62.37,62.64,37193886
EFA,2018-11-14,63.08,63.13,62.34,62.69,51506093
EFA,2018-11-15,62.28,63.02,61.97,62.89,54666347
EFA,2018-11-16,62.48,63.03,62.38,62.96,30723564
EFA,2018-11-19,62.92,62.95,62.25,62.41,30409724
EFA,2018-11-20,61.57,61.83,61.18,61.33,41209665
EFA,2018-11-21,62.09,62.44,61.99,62.19,32720617
EFA,2018-11-23,61.66,61.98,61.66,61.78,13336461
EFA,2018-11-26,62.56,62.77,62.5,62.71,31007399
EFA,2018-11-27,62.34,62.51,62.16,62.47,38111394
EFA,2018-11-28,62.56,63.41,62.28,63.36,40600818
EFA,2018-11-29,62.99,63.25,62.83,63.04,31259708
EFA,2018-11-30,62.68,62.84,62.49,62.77,32068551
EFA,2018-12-03,63.75,63.75,63.36,63.6,43672398
EFA,2018-12-04,63.28,63.34,61.89,61.95,50079577
EFA,2018-12-06,60.9,61.42,60.23,61.37,78905499
EFA,2018-12-07,61.46,61.7,60.61,60.75,54090296
EFA,2018-12-10,60.49,60.6,59.66,60.28,61630488
EFA,2018-12-11,60.9,60.92,60.11,60.47,71163778
EFA,2018-12-12,61.42,61.78,61.36,61.36,45925656
EFA,2018-12-13,61.48,61.63,61.19,61.25,44498228
EFA,2018-12-14,60.59,60.85,60.41,60.46,50416218
EFA,2018-12-17,60.45,60.52,59.73,59.98,58508483
EFA,2018-12-18,59.62,59.82,59.2,59.39,48896513
EFA,2018-12-19,59.64,60.1,58.58,58.82,68491739
EFA,2018-12-20,58.9,59.07,58.35,58.58,97602572
EFA,2018-12-21,58.17,58.51,57.48,57.56,93622530
EFA,2018-12-24,57.56,57.79,56.84,56.89,47120316
EFA,2018-12-26,57.25,58.3,56.77,58.21,69827561
EFA,2018-12-27,57.55,58.38,57.11,58.38,76591159
EFA,2018-12-28,58.96,58.99,58.52,58.69,68541829
EFA,2018-12-31,59.02,59.06,58.58,58.78,62878761
EFA,2019-01-02,58.0,58.67,57.98,58.66,38723208
EFA,2019-01-03,58.52,58.55,58.03,58.13,35012599
EFA,2019-01-04,59.08,60.12,58.99,59.91,47001748
EFA,2019-01-07,59.99,60.42,59.82,60.14,30335911
EFA,2019-01-08,60.73,60.76,60.35,60.53,26445035
EFA,2019-01-09,61.08,61.34,60.91,61.21,34615284
EFA,2019-01-10,60.97,61.46,60.92,61.45,33699316
EFA,2019-01-11,60.98,61.16,60.85,61.03,40655580
EFA,2019-01-14,60.58,60.95,60.55,60.75,28319835
EFA,2019-01-15,60.91,61.16,60.71,61.07,35202725
EFA,2019-01-16,61.13,61.31,61.1,61.24,38473907
EFA,2019-01-17,60.88,61.57,60.86,61.46,28895994
EFA,2019-01-18,62.07,62.15,61.84,62.08,39380831
EFA,2019-01-22,61.43,61.51,61.0,61.12,36637851
EFA,2019-01-23,61.64,61.69,61.15,61.4,21725568
EFA,2019-01-24,61.43,61.65,61.26,61.47,21843779
EFA,2019-01-25,62.06,62.28,62.02,62.17,31128767
EFA,2019-01-28,61.67,61.89,61.58,61.83,28738175
EFA,2019-01-29,62.21,62.34,61.97,61.97,23933745
EFA,2019-01-30,62.27,62.9,62.11,62.65,30465674
EFA,2019-01-31,62.56,62.83,62.41,62.68,33012492
EFA,2019-02-01,62.69,62.83,62.5,62.66,22056046
EFA,2019-02-04,62.57,62.92,62.45,62.89,20260649
EFA,2019-02-05,63.29,63.43,63.2,63.38,29367109
EFA,2019-02-06,63.22,63.3,62.96,63.06,19675589
EFA,2019-02-07,62.57,62.67,62.09,62.22,33930698
EFA,2019-02-08,61.82,62.03,61.61,62.02,21440370
EFA,2019-02-11,61.96,62.09,61.82,61.96,22453011
EFA,2019-02-12,62.54,62.71,62.5,62.68,28176323
EFA,2019-02-13,62.9,63.05,62.69,62.69,22923491
EFA,2019-02-14,62.7,62.92,62.53,62.71,23166902
EFA,2019-02-15,63.34,63.62,62.71,63.62,29544714
EFA,2019-02-19,63.41,63.97,63.41,63.86,19126768
EFA,2019-02-20,63.94,64.3,63.93,64.04,27833065
EFA,2019-02-21,63.99,64.035,63.7507,63.91,19709616
EFA,2019-02-22,64.1,64.2699,64.02,64.12,19653784
EFA,2019-02-25,64.52,64.58,64.28,64.31,21208940
EFA,2019-02-26,64.42,64.77,64.39,64.62,23246232
EFA,2019-02-27,64.5,64.58,64.3,64.36,19933419
EFA,2019-02-28,64.31,64.46,64.2,64.27,27730704
EFA,2019-03-01,64.64,64.75,64.39,64.62,26191800
EFA,2019-03-04,64.68,64.71,64.12,64.38,22255534
EFA,2019-03-05,64.36,64.61,64.27,64.44,22315090
EFA,2019-03-06,64.55,64.57,64.25,64.28,14060078
EFA,2019-03-07,64.0,64.07,63.45,63.46,29446064
EFA,2019-03-08,63.07,63.47,63.06,63.47,21427594
EFA,2019-03-11,63.51,64.04,63.51,64.02,16204895
EFA,2019-03-12,63.99,64.11,63.9,63.98,31559429
EFA,2019-03-13,64.22,64.59,64.22,64.53,17856267
EFA,2019-03-14,64.49,64.65,64.39,64.52,20861435
EFA,2019-03-15,64.97,65.24,64.925,65.22,44272173
EFA,2019-03-18,65.33,65.48,65.22,65.45,27734311
EFA,2019-03-19,65.84,65.88,65.44,65.58,32094829
EFA,2019-03-20,65.33,65.92,65.11,65.61,33136010
EFA,2019-03-21,65.17,65.63,65.16,65.57,34686489
EFA,2019-03-22,64.85,64.96,64.28,64.31,36194249
EFA,2019-03-25,64.26,64.45,64.1,64.4,26707870
EFA,2019-03-26,64.87,64.94,64.61,64.72,36734393
EFA,2019-03-27,64.89,64.97,64.31,64.75,21772334
EFA,2019-03-28,64.63,64.71,64.36,64.59,16531162
EFA,2019-03-29,64.87,64.9,64.57,64.86,23423907
EFA,2019-04-01,65.48,65.71,65.39,65.69,33228135
EFA,2019-04-02,65.6,65.74,65.43,65.71,18209116
EFA,2019-04-03,66.17,66.38,66.09,66.22,25471618
EFA,2019-04-04,65.99,66.13,65.96,66.08,23580492
EFA,2019-04-05,66.03,66.25,66.03,66.25,27828798
EFA,2019-04-08,66.24,66.29,66.08,66.29,21464148
EFA,2019-04-09,66.05,66.06,65.84,65.87,17075010
EFA,2019-04-10,65.96,66.14,65.88,66.12,25289270
EFA,2019-04-11,66.05,66.13,65.85,65.98,16309607
EFA,2019-04-12,66.42,66.47,66.29,66.44,31507747
EFA,2019-04-15,66.49,66.51,66.33,66.47,11608032
EFA,2019-04-16,66.73,66.74,66.47,66.52,19958106
EFA,2019-04-17,66.85,66.87,66.6,66.71,23540002
EFA,2019-04-18,66.71,66.75,66.51,66.67,21794073
EFA,2019-04-22,66.46,66.67,66.42,66.56,21336707
EFA,2019-04-23,66.44,66.72,66.4,66.69,17741390
EFA,2019-04-24,66.34,66.4,66.11,66.23,26417550
EFA,2019-04-25,66.02,66.2,65.96,66.18,16020335
EFA,2019-04-26,66.3,66.46,66.2,66.45,17705731
EFA,2019-04-29,66.48,66.74,66.43,66.72,16992679
EFA,2019-04-30,66.7,66.87,66.48,66.76,36645902
EFA,2019-05-01,66.86,66.98,66.33,66.38,25870831
EFA,2019-05-02,66.44,66.47,66.11,66.28,21120660
EFA,2019-05-03,66.59,66.99,66.55,66.99,22117390
EFA,2019-05-06,65.52,66.32,65.5,66.23,24641053
EFA,2019-05-07,65.63,65.69,64.86,65.07,30661421
EFA,2019-05-08,65.09,65.39,64.97,65.15,31028319
EFA,2019-05-09,64.44,64.92,64.23,64.85,28991462
EFA,2019-05-10,64.84,65.35,64.47,65.33,34968019
EFA,2019-05-13,64.13,64.22,63.71,63.81,42253209
EFA,2019-05-14,64.27,64.62,64.21,64.45,32213993
EFA,2019-05-15,63.98,64.79,63.95,64.68,39054925
EFA,2019-05-16,64.92,65.41,64.91,65.2,27414280
EFA,2019-05-17,64.8,65.11,64.72,64.77,35566283
EFA,2019-05-20,64.51,64.73,64.35,64.51,27914479
EFA,2019-05-21,64.86,65.03,64.7,64.94,20838866
EFA,2019-05-22,64.62,64.83,64.61,64.68,22818175
EFA,2019-05-23,64.0,64.16,63.82,64.09,29106782
EFA,2019-05-24,64.77,64.79,64.54,64.78,23319953
EFA,2019-05-28,64.73,64.84,64.13,64.15,32636966
EFA,2019-05-29,63.68,63.75,63.44,63.74,32910376
EFA,2019-05-30,63.82,63.99,63.74,63.98,28874312
EFA,2019-05-31,63.13,63.47,63.07,63.4,34278602
EFA,2019-06-03,63.59,63.87,63.41,63.77,36735868
EFA,2019-06-04,64.21,64.56,64.04,64.5,34241648
EFA,2019-06-05,64.79,64.8,64.38,64.48,19015348
EFA,2019-06-06,64.73,64.88,64.56,64.74,28586899
EFA,2019-06-07,65.36,65.73,65.33,65.56,31020134
EFA,2019-06-10,65.73,65.92,65.67,65.74,21435790
EFA,2019-06-11,66.34,66.36,65.98,66.07,22255012
EFA,2019-06-12,65.81,65.9,65.55,65.58,17110535
EFA,2019-06-13,65.74,65.77,65.47,65.64,24194522
EFA,2019-06-14,65.25,65.25,65.09,65.16,37202080
EFA,2019-06-17,63.8,63.96,63.76,63.83,22615780
EFA,2019-06-18,64.35,64.71,64.33,64.68,34024302
EFA,2019-06-19,64.83,65.2,64.775,65.08,25092696
EFA,2019-06-20,65.83,65.855,65.44,65.65,32817375
EFA,2019-06-21,65.37,65.56,65.32,65.37,25032701
EFA,2019-06-24,65.56,65.64,65.49,65.51,23238812
EFA,2019-06-25,65.58,65.6,65.12,65.12,24373010
EFA,2019-06-26,65.37,65.41,65.2,65.2,13170695
EFA,2019-06-27,65.37,65.47,65.33,65.36,14439838
EFA,2019-06-28,65.64,65.8,65.6,65.73,27667856
EFA,2019-07-01,66.39,66.39,65.88,66.04,25621548
EFA,2019-07-02,66.17,66.29,66.13,66.23,26045880
EFA,2019-07-03,66.59,66.72,66.55,66.68,14359264
EFA,2019-07-05,66.1,66.21,65.76,66.17,21696234
EFA,2019-07-08,65.8,65.92,65.75,65.79,15839482
EFA,2019-07-09,65.33,65.54,65.3,65.51,11661803
EFA,2019-07-10,65.82,65.93,65.62,65.74,15051476
EFA,2019-07-11,65.87,65.9,65.55,65.72,14023839
EFA,2019-07-12,65.69,65.8,65.59,65.8,14459455
EFA,2019-07-15,65.87,65.92,65.76,65.86,12363180
EFA,2019-07-16,65.67,65.8,65.53,65.59,23641386
EFA,2019-07-17,65.76,65.76,65.47,65.5,13318810
EFA,2019-07-18,65.25,65.7,65.18,65.7,18640890
EFA,2019-07-19,65.67,65.75,65.48,65.51,16908585
EFA,2019-07-22,65.6,65.66,65.47,65.58,15203911
EFA,2019-07-23,65.98,66.05,65.84,65.99,22078431
EFA,2019-07-24,65.81,66.04,65.8,66.04,11192503
EFA,2019-07-25,65.84,65.86,65.3,65.37,24288147
EFA,2019-07-26,65.55,65.6,65.47,65.5,16616458
EFA,2019-07-29,65.72,65.73,65.53,65.64,11655466
EFA,2019-07-30,64.9,64.94,64.73,64.88,24945268
EFA,2019-07-31,64.85,65.04,64.0,64.45,32619048
EFA,2019-08-01,64.53,65.07,64.01,64.27,38568616
EFA,2019-08-02,64.02,64.02,63.45,63.7,37777989
EFA,2019-08-05,62.78,62.78,61.83,62.11,54766743
EFA,2019-08-06,62.6,62.69,62.08,62.53,33907436
EFA,2019-08-07,62.27,62.89,62.09,62.77,41814744
EFA,2019-08-08,63.02,63.54,62.94,63.38,29156379
EFA,2019-08-09,63.19,63.24,62.79,62.94,23227434
EFA,2019-08-12,62.69,62.87,62.33,62.44,20418877
EFA,2019-08-13,62.32,63.2,62.26,63.03,31648885
EFA,2019-08-14,61.86,61.94,61.3,61.3,39692920
EFA,2019-08-15,61.58,61.7,61.26,61.51,40936059
EFA,2019-08-16,61.86,62.31,61.86,62.25,24168383
EFA,2019-08-19,62.82,62.85,62.62,62.63,22998617
EFA,2019-08-20,62.61,62.63,62.34,62.42,21710227
EFA,2019-08-21,63.1,63.1,62.86,62.86,25971803
EFA,2019-08-22,62.89,62.97,62.51,62.74,20505139
EFA,2019-08-23,62.59,63.01,61.95,61.96,34410504
EFA,2019-08-26,62.59,62.61,62.26,62.47,27780049
EFA,2019-08-27,62.77,62.82,62.42,62.42,24511516
EFA,2019-08-28,62.27,62.63,62.09,62.42,25028437
EFA,2019-08-29,63.02,63.09,62.8,62.96,19046711
EFA,2019-08-30,63.4,63.42,62.93,63.21,33442319
EFA,2019-09-03,62.85,63.1,62.78,63.09,33998210
EFA,2019-09-04,63.74,63.98,63.66,63.98,25583198
EFA,2019-09-05,64.43,64.57,64.31,64.32,22265884
EFA,2019-09-06,64.51,64.69,64.46,64.53,21338265
EFA,2019-09-09,64.73,64.73,64.57,64.72,15879962
EFA,2019-09-10,64.6,64.89,64.47,64.83,19028825
EFA,2019-09-11,65.02,65.21,64.96,65.19,18413242
EFA,2019-09-12,65.24,65.66,65.15,65.57,30292241
EFA,2019-09-13,65.89,66.08,65.8,65.94,22132249
EFA,2019-09-16,65.53,65.57,65.31,65.35,30891167
EFA,2019-09-17,65.25,65.62,65.19,65.57,23845175
EFA,2019-09-18,65.41,65.58,65.11,65.49,17827646
EFA,2019-09-19,65.83,65.94,65.69,65.71,19014048
EFA,2019-09-20,65.79,65.9,65.48,65.56,35577471
EFA,2019-09-23,65.2,65.44,65.13,65.39,15496953
EFA,2019-09-24,65.55,65.61,65.1,65.14,32233051
EFA,2019-09-25,64.79,65.05,64.56,64.95,21345948
EFA,2019-09-26,65.3,65.35,65.08,65.19,25197227
EFA,2019-09-27,65.19,65.3,64.83,64.97,20607411
EFA,2019-09-30,64.97,65.24,64.95,65.21,25423487
EFA,2019-10-01,65.02,65.07,64.46,64.57,42555667
EFA,2019-10-02,63.73,63.78,63.1,63.25,44563482
EFA,2019-10-03,63.26,63.69,62.98,63.67,39613325
EFA,2019-10-04,63.72,64.2,63.68,64.17,19269604
EFA,2019-10-07,64.12,64.41,64.08,64.09,19227966
EFA,2019-10-08,63.76,63.81,63.44,63.49,28197535
EFA,2019-10-09,63.92,64.08,63.77,63.95,22989535
EFA,2019-10-10,63.92,64.43,63.88,64.4,25316641
EFA,2019-10-11,65.37,65.82,65.37,65.55,37733935
EFA,2019-10-14,65.24,65.41,65.2,65.28,12661983
EFA,2019-10-15,65.56,66.25,65.51,66.04,24972130
EFA,2019-10-16,66.02,66.29,65.97,66.14,28612748
EFA,2019-10-17,66.48,66.53,66.13,66.3,26986854
EFA,2019-10-18,66.21,66.38,66.01,66.27,21446128
EFA,2019-10-21,66.71,66.75,66.59,66.63,29776585
EFA,2019-10-22,66.68,66.91,66.46,66.47,21757598
EFA,2019-10-23,66.6,66.83,66.52,66.83,14206222
EFA,2019-10-24,67.07,67.08,66.82,66.95,23619883
EFA,2019-10-25,66.76,67.07,66.75,67.02,17184196
EFA,2019-10-28,67.12,67.34,67.11,67.32,16265120
EFA,2019-10-29,67.06,67.33,67.03,67.3,15251904
EFA,2019-10-30,67.24,67.58,66.92,67.58,22592913
EFA,2019-10-31,67.37,67.42,67.11,67.42,22047932
EFA,2019-11-01,67.85,68.02,67.81,68.02,32338628
EFA,2019-11-04,68.48,68.53,68.23,68.37,20429921
EFA,2019-11-05,68.29,68.35,68.11,68.24,15727265
EFA,2019-11-06,68.31,68.38,68.11,68.21,16596704
EFA,2019-11-07,68.59,68.64,68.39,68.42,21271515
EFA,2019-11-08,68.18,68.38,68.03,68.38,10298803
EFA,2019-11-11,68.02,68.31,68.02,68.29,8543981
EFA,2019-11-12,68.28,68.46,68.18,68.32,18570140
EFA,2019-11-13,67.84,68.12,67.82,68.08,21450061
EFA,2019-11-14,67.73,67.93,67.66,67.89,17870854
EFA,2019-11-15,68.05,68.32,68.05,68.32,23494589
EFA,2019-11-18,68.24,68.46,68.13,68.4,20587473
EFA,2019-11-19,68.6,68.63,68.22,68.31,18664801
EFA,2019-11-20,67.94,68.1,67.68,67.88,20655197
EFA,2019-11-21,67.87,67.9,67.62,67.79,14293408
EFA,2019-11-22,68.06,68.11,67.82,67.98,14969272
EFA,2019-11-25,68.28,68.52,68.28,68.52,19329050
EFA,2019-11-26,68.41,68.54,68.36,68.48,24275969
EFA,2019-11-27,68.57,68.69,68.54,68.66,16941646
EFA,2019-11-29,68.22,68.34,68.14,68.18,11587154
EFA,2019-12-02,68.1,68.14,67.53,67.83,38855444
EFA,2019-12-03,67.23,67.62,67.02,67.58,28464655
EFA,2019-12-04,68.0,68.21,67.94,68.2,21762240
EFA,2019-12-05,68.24,68.24,67.96,68.07,21039738
EFA,2019-12-06,68.62,68.71,68.55,68.69,23179576
EFA,2019-12-09,68.57,68.68,68.33,68.33,21946154
EFA,2019-12-10,68.26,68.5,68.14,68.36,23419017
EFA,2019-12-11,68.39,68.79,68.37,68.72,16108857
EFA,2019-12-12,68.64,69.25,68.6,69.18,30690835
EFA,2019-12-13,69.56,69.98,69.4,69.66,46988368
EFA,2019-12-16,69.6,69.71,69.51,69.62,34004623
EFA,2019-12-17,69.3,69.4,69.22,69.22,28111107
EFA,2019-12-18,69.14,69.21,69.01,69.13,18590907
EFA,2019-12-19,68.99,69.15,68.93,69.13,25939214
EFA,2019-12-20,69.29,69.32,69.16,69.18,36135870
EFA,2019-12-23,69.24,69.33,69.18,69.29,21313752
EFA,2019-12-24,69.28,69.28,69.16,69.22,5946978
EFA,2019-12-26,69.35,69.54,69.27,69.52,8372029
EFA,2019-12-27,69.84,69.85,69.59,69.64,16281620
EFA,2019-12-30,69.76,69.77,69.1,69.12,24068977
EFA,2019-12-31,69.19,69.48,68.97,69.44,20142097
EFA,2020-01-02,69.96,70.16,69.84,70.14,24749340
EFA,2020-01-03,69.19,69.7,69.19,69.27,29921485
EFA,2020-01-06,69.16,69.57,69.15,69.54,22636429
EFA,2020-01-07,69.52,69.54,69.3,69.35,15113973
EFA,2020-01-08,69.27,69.74,69.26,69.55,14249539
EFA,2020-01-09,69.68,69.75,69.54,69.71,13749105
EFA,2020-01-10,69.66,69.78,69.37,69.45,33832297
EFA,2020-01-13,69.51,69.85,69.37,69.81,16443013
EFA,2020-01-14,69.68,70.0,69.67,69.88,28826589
EFA,2020-01-15,69.82,69.99,69.79,69.88,12217902
EFA,2020-01-16,69.99,70.2,69.91,70.17,12883355
EFA,2020-01-17,70.36,70.42,70.21,70.38,18473662
EFA,2020-01-21,70.06,70.14,69.81,69.82,20026337
EFA,2020-01-22,70.14,70.16,69.91,69.96,14047046
EFA,2020-01-23,69.7,69.86,69.36,69.79,18720159
EFA,2020-01-24,70.08,70.08,69.37,69.49,24107499
EFA,2020-01-27,68.15,68.42,68.05,68.05,31973676
EFA,2020-01-28,68.36,68.74,68.26,68.69,18001717
EFA,2020-01-29,68.82,68.93,68.6,68.7,14916566
EFA,2020-01-30,68.15,68.67,67.98,68.64,26285273
EFA,2020-01-31,68.0,68.03,67.26,67.48,40101578
EFA,2020-02-03,67.67,67.99,67.6,67.64,35287955
EFA,2020-02-04,68.66,68.87,68.59,68.77,32540043
EFA,2020-02-05,69.43,69.48,69.2,69.43,28162052
EFA,2020-02-06,69.64,69.68,69.5,69.62,23422500
EFA,2020-02-07,69.21,69.25,68.94,68.96,22188151
EFA,2020-02-10,68.85,69.13,68.85,69.1,13957641
EFA,2020-02-11,69.58,69.71,69.43,69.57,16040607
EFA,2020-02-12,69.8,69.86,69.68,69.81,13218078
EFA,2020-02-13,69.18,69.51,69.1,69.32,20113118
EFA,2020-02-14,69.31,69.33,69.02,69.2,15005054
EFA,2020-02-18,68.7,68.9,68.62,68.76,29201864
EFA,2020-02-19,69.0,69.11,68.94,68.99,16232741
EFA,2020-02-20,68.72,68.87,68.19,68.58,24607671
EFA,2020-02-21,68.36,68.42,68.06,68.26,24361903
EFA,2020-02-24,65.51,66.03,65.5,65.53,51647090
EFA,2020-02-25,65.83,65.89,64.35,64.45,55520001
EFA,2020-02-26,65.0,65.43,64.48,64.53,64966046
EFA,2020-02-27,63.51,64.2,62.59,62.62,80201112
EFA,2020-02-28,61.26,62.35,60.67,62.24,122341999
EFA,2020-03-02,62.23,63.17,61.71,63.04,78723746
EFA,2020-03-03,63.57,64.27,62.05,62.53,77674821
EFA,2020-03-04,63.63,64.47,63.1,64.4,41681741
EFA,2020-03-05,62.96,63.37,62.41,62.69,46293961
EFA,2020-03-06,61.56,62.1,61.16,61.75,64277168
EFA,2020-03-09,57.63,58.81,56.76,56.96,68412611
EFA,2020-03-10,59.2,59.37,57.19,59.06,110061559
EFA,2020-03-11,57.54,57.69,55.69,56.05,77450056
EFA,2020-03-12,51.8,51.96,49.21,49.89,91151685
EFA,2020-03-13,53.12,53.3,49.77,52.91,73576250
EFA,2020-03-16,46.59,49.07,45.77,47.45,54122218
EFA,2020-03-17,48.12,49.9,47.36,49.76,54925558
EFA,2020-03-18,46.68,48.12,45.73,46.91,74919581
EFA,2020-03-19,46.86,48.7,46.46,47.64,65863025
EFA,2020-03-20,48.87,49.39,47.0,47.05,62802848
EFA,2020-03-23,47.34,47.63,46.19,46.5,61703194
EFA,2020-03-24,50.03,50.81,49.43,50.44,51117895
EFA,2020-03-25,51.0,52.91,50.28,52.08,60404123
EFA,2020-03-26,52.38,54.5,52.38,54.41,60511825
EFA,2020-03-27,52.44,53.74,52.04,52.86,53372374
EFA,2020-03-30,53.05,53.97,52.7,53.93,46494671
EFA,2020-03-31,53.09,53.94,52.8,53.46,64906254
EFA,2020-04-01,51.73,52.27,51.05,51.09,40960139
EFA,2020-04-02,51.17,52.3,51.01,52.09,38007243
EFA,2020-04-03,51.26,51.47,50.59,50.9,33029767
EFA,2020-04-06,52.75,53.8,52.59,53.6,42257353
EFA,2020-04-07,55.42,55.49,53.8,53.9,36670453
EFA,2020-04-08,54.05,54.58,53.6,54.34,35282882
EFA,2020-04-09,55.18,55.77,55.0,55.57,42218204
EFA,2020-04-13,55.4,55.49,54.62,55.04,33424732
EFA,2020-04-14,55.92,56.43,55.81,56.02,36915626
EFA,2020-04-15,54.45,54.7,54.12,54.27,30158708
EFA,2020-04-16,54.48,54.56,53.78,54.3,37284189
EFA,2020-04-17,55.6,55.81,55.12,55.74,36205112
EFA,2020-04-20,55.06,55.77,54.9,54.91,25077408
EFA,2020-04-21,54.1,54.52,53.67,53.84,35535258
EFA,2020-04-22,54.76,54.87,54.51,54.75,28732720
EFA,2020-04-23,54.86,55.65,54.45,54.58,34733369
EFA,2020-04-24,54.99,55.26,54.57,55.21,30445130
EFA,2020-04-27,55.58,56.07,55.49,55.94,30786875
EFA,2020-04-28,57.08,57.1,56.32,56.36,35115375
EFA,2020-04-29,57.54,57.97,57.41,57.77,34921819
EFA,2020-04-30,56.99,57.09,56.26,56.57,52183051
EFA,2020-05-01,55.73,55.81,55.11,55.34,32088314
EFA,2020-05-04,54.92,55.33,54.7,55.32,23432002
EFA,2020-05-05,55.73,55.94,55.33,55.42,23459138
EFA,2020-05-06,55.85,55.89,55.06,55.06,22592263
EFA,2020-05-07,55.87,56.16,55.62,55.89,30628732
EFA,2020-05-08,56.58,56.85,56.49,56.84,20445849
EFA,2020-05-11,56.5,56.95,56.41,56.79,30772319
EFA,2020-05-12,56.96,57.02,56.07,56.07,59236054
EFA,2020-05-13,56.41,56.42,55.37,55.64,31920260
EFA,2020-05-14,54.35,55.19,54.01,55.11,41214952
EFA,2020-05-15,55.04,55.38,54.8,55.16,34110992
EFA,2020-05-18,56.56,57.52,56.53,57.39,39999479
EFA,2020-05-19,56.97,57.23,56.59,56.6,31462447
EFA,2020-05-20,57.68,58.06,57.55,57.78,32827614
EFA,2020-05-21,57.59,57.75,56.94,57.11,27554376
EFA,2020-05-22,56.83,56.99,56.58,56.95,27513051
EFA,2020-05-26,58.69,58.91,58.54,58.58,46679704
EFA,2020-05-27,59.31,59.34,58.67,59.29,33723366
EFA,2020-05-28,60.06,60.52,59.82,59.85,40630217
EFA,2020-05-29,59.76,59.8,59.01,59.64,47437051
EFA,2020-06-01,60.13,60.99,60.08,60.97,30195051
EFA,2020-06-02,61.34,61.66,61.25,61.54,31662989
EFA,2020-06-03,62.32,63.19,62.3,63.01,29773115
EFA,2020-06-04,62.61,63.12,62.57,62.74,26190309
EFA,2020-06-05,63.98,64.32,63.7,63.82,31208725
EFA,2020-06-08,64.17,64.66,63.79,64.65,29643971
EFA,2020-06-09,63.54,64.03,63.45,63.81,30176548
EFA,2020-06-10,64.04,64.22,63.43,63.67,27492200
EFA,2020-06-11,61.98,62.18,60.13,60.26,54691656
EFA,2020-06-12,61.86,62.01,60.44,61.3,57668894
EFA,2020-06-15,59.32,60.84,59.13,60.69,30698683
EFA,2020-06-16,61.9,62.02,60.76,61.44,37025410
EFA,2020-06-17,61.92,62.02,61.49,61.67,26238324
EFA,2020-06-18,61.17,61.55,61.05,61.34,20035737
EFA,2020-06-19,62.04,62.06,60.95,61.04,32270802
EFA,2020-06-22,61.45,61.85,61.21,61.77,20742985
EFA,2020-06-23,62.49,62.61,62.04,62.11,20897849
EFA,2020-06-24,61.39,61.53,60.34,60.52,34030902
EFA,2020-06-25,60.58,61.44,60.3,61.38,26357131
EFA,2020-06-26,61.23,61.29,60.4,60.49,32279266
EFA,2020-06-29,60.79,61.095,60.44,60.98,23749698
EFA,2020-06-30,60.55,61.1,60.45,60.87,32612947
EFA,2020-07-01,60.8,61.29,60.75,61.1,25125522
EFA,2020-07-02,61.95,62.26,61.68,61.77,20854116
EFA,2020-07-06,62.7,62.89,62.45,62.78,21536381
EFA,2020-07-07,62.21,62.48,61.84,61.86,17394207
EFA,2020-07-08,61.87,62.41,61.76,62.38,17363400
EFA,2020-07-09,62.29,62.3,61.25,61.67,26098167
EFA,2020-07-10,61.92,62.36,61.73,62.33,22008832
EFA,2020-07-13,62.68,63.03,61.84,61.93,20515579
EFA,2020-07-14,62.05,62.91,61.98,62.84,35120695
EFA,2020-07-15,63.79,63.99,63.38,63.55,28888565
EFA,2020-07-16,63.15,63.41,63.03,63.14,24677179
EFA,2020-07-17,63.29,63.52,63.13,63.51,19641822
EFA,2020-07-20,63.51,63.84,63.33,63.82,17996108
EFA,2020-07-21,64.15,64.32,63.91,63.95,21179716
EFA,2020-07-22,63.95,64.21,63.84,64.12,18023433
EFA,2020-07-23,63.97,64.215,63.45,63.61,16080725
EFA,2020-07-24,63.22,63.46,63.08,63.26,16017873
EFA,2020-07-27,63.87,64.2,63.81,64.09,16368245
EFA,2020-07-28,63.75,64.05,63.645,63.68,20470293
EFA,2020-07-29,63.97,64.46,63.84,64.35,20055938
EFA,2020-07-30,62.83,63.52,62.31,63.4,24664065
EFA,2020-07-31,63.01,63.02,61.66,62.05,36002267
EFA,2020-08-03,62.69,63.27,62.54,63.26,23609711
EFA,2020-08-04,62.97,63.61,62.94,63.61,16236798
EFA,2020-08-05,64.09,64.26,63.73,63.82,17909769
EFA,2020-08-06,63.57,63.99,63.4,63.89,17210476
EFA,2020-08-07,63.27,63.64,63.2,63.63,14988944
EFA,2020-08-10,63.68,63.85,63.47,63.84,10049034
EFA,2020-08-11,64.93,64.9745,64.02,64.07,31465511
EFA,2020-08-12,65.35,65.76,65.255,65.49,28638495
EFA,2020-08-13,65.41,65.58,65.01,65.2,17783143
EFA,2020-08-14,64.74,64.935,64.62,64.8,10874170
EFA,2020-08-17,65.11,65.32,65.1,65.29,11414928
EFA,2020-08-18,65.53,65.62,65.06,65.25,23832720
EFA,2020-08-19,65.54,65.62,64.92,64.96,15591900
EFA,2020-08-20,64.35,64.8601,64.29,64.75,19825871
EFA,2020-08-21,64.01,64.43,63.98,64.42,15926466
EFA,2020-08-24,65.39,65.4,65.001,65.27,14627711
EFA,2020-08-25,65.63,65.64,64.96,65.31,18507532
EFA,2020-08-26,65.34,65.77,65.26,65.69,19549764
EFA,2020-08-27,65.73,65.76,64.78,65.02,24413907
EFA,2020-08-28,65.41,65.51,65.06,65.48,15197286
EFA,2020-08-31,65.31,65.52,64.95,64.98,24929910
EFA,2020-09-01,65.02,65.18,64.76,65.05,23945546
EFA,2020-09-02,65.52,65.97,65.27,65.92,20748359
EFA,2020-09-03,65.71,65.765,64.16,64.43,43834315
EFA,2020-09-04,64.69,64.85,63.35,64.52,33992752
EFA,2020-09-08,63.73,64.27,63.495,63.73,26869621
EFA,2020-09-09,64.75,65.16,64.63,64.92,23374015
EFA,2020-09-10,65.27,65.37,64.16,64.16,30361042
EFA,2020-09-11,64.95,65.135,64.53,64.8,29958948
EFA,2020-09-14,65.35,65.4482,65.1,65.15,14663452
EFA,2020-09-15,65.81,65.84,65.43,65.57,17678724
EFA,2020-09-16,65.76,66.02,65.45,65.57,18052552
EFA,2020-09-17,65.18,65.68,65.12,65.66,18149744
EFA,2020-09-18,65.47,65.5,64.91,65.13,27897505
EFA,2020-09-21,63.51,63.56,62.8,63.48,39928757
EFA,2020-09-22,63.48,63.55,62.885,63.46,15810817
EFA,2020-09-23,63.84,63.88,62.86,62.93,18325764
EFA,2020-09-24,62.77,63.2786,62.45,62.87,25234863
EFA,2020-09-25,62.33,63.1,62.14,63.08,24180728
EFA,2020-09-28,63.89,64.05,63.775,64.03,18102732
EFA,2020-09-29,64.03,64.23,63.72,63.96,16168285
EFA,2020-09-30,63.72,64.13,63.425,63.65,37083004
EFA,2020-10-01,64.0,64.07,63.64,64.02,33266740
EFA,2020-10-02,63.24,64.045,63.2,63.89,25285542
EFA,2020-10-05,64.41,64.88,64.39,64.86,14564076
EFA,2020-10-06,64.91,64.95,64.04,64.17,22901394
EFA,2020-10-07,64.62,64.805,64.49,64.72,17055532
EFA,2020-10-08,65.01,65.19,64.94,65.17,13385039
EFA,2020-10-09,65.51,65.725,65.42,65.68,22181578
EFA,2020-10-12,65.83,66.11,65.765,66.06,9676136
EFA,2020-10-13,65.52,65.52,65.19,65.32,16260531
EFA,2020-10-14,65.53,65.64,65.15,65.21,13143984
EFA,2020-10-15,63.94,64.5,63.915,64.44,20631772
EFA,2020-10-16,64.65,65.02,64.595,64.74,15792590
EFA,2020-10-19,65.09,65.17,64.42,64.5,14736365
EFA,2020-10-20,64.97,65.18,64.805,64.82,23268034
EFA,2020-10-21,64.715,65.04,64.49,64.51,21699072
EFA,2020-10-22,64.44,64.665,64.1028,64.56,20533741
EFA,2020-10-23,64.95,64.98,64.58,64.98,19334179
EFA,2020-10-26,64.16,64.24,63.4232,63.81,17745738
EFA,2020-10-27,63.7,63.725,63.22,63.31,19616919
EFA,2020-10-28,61.91,62.04,61.365,61.42,36132553
EFA,2020-10-29,61.46,61.91,61.14,61.71,30898366
EFA,2020-10-30,61.44,61.53,60.97,61.39,35889935
EFA,2020-11-02,62.08,62.235,61.765,62.19,24388595
EFA,2020-11-03,63.41,64.05,63.33,63.82,26474529
EFA,2020-11-04,64.1,65.07,63.84,64.52,26490176
EFA,2020-11-05,66.01,66.185,65.67,66.07,28528252
EFA,2020-11-06,66.315,66.49,66.095,66.21,21980113
EFA,2020-11-09,69.36,69.38,68.12,68.14,43606535
EFA,2020-11-10,68.73,69.12,68.55,68.75,37172597
EFA,2020-11-11,69.24,69.375,69.045,69.33,16611402
EFA,2020-11-12,68.75,68.97,68.16,68.32,24076685
EFA,2020-11-13,68.75,69.41,68.72,69.37,21598138
EFA,2020-11-16,70.07,70.14,69.71,70.09,20294630
EFA,2020-11-17,69.84,70.2199,69.66,70.02,18574518
EFA,2020-11-18,70.13,70.35,69.65,69.65,15018046
EFA,2020-11-19,69.64,70.19,69.515,70.14,24048013
EFA,2020-11-20,70.12,70.44,70.05,70.35,18571956
EFA,2020-11-23,70.6,70.685,70.01,70.26,14340286
EFA,2020-11-24,70.91,71.38,70.83,71.31,23398630
EFA,2020-11-25,70.89,71.4,70.755,71.22,19214874
EFA,2020-11-27,71.38,71.77,71.37,71.71,11839131
EFA,2020-11-30,71.46,71.53,70.09,70.15,46146551
EFA,2020-12-01,71.34,71.86,71.3,71.8,29825010
EFA,2020-12-02,71.45,71.88,71.4,71.81,20864720
EFA,2020-12-03,72.06,72.265,71.805,71.93,16572665
EFA,2020-12-04,72.34,72.555,72.31,72.54,18956071
EFA,2020-12-07,72.02,72.22,71.78,71.95,19537682
EFA,2020-12-08,71.78,72.24,71.78,72.2,12428127
EFA,2020-12-09,72.64,72.64,71.84,72.3,18354988
EFA,2020-12-10,71.91,72.555,71.91,72.4,20871314
EFA,2020-12-11,71.96,72.19,71.75,72.18,21811995
EFA,2020-12-14,71.96,72.065,71.48,71.53,26176419
EFA,2020-12-15,71.82,72.31,71.705,72.26,24075665
EFA,2020-12-16,72.37,72.62,72.15,72.54,15616664
EFA,2020-12-17,73.17,73.275,72.98,73.05,18633257
EFA,2020-12-18,73.0,73.02,72.555,72.67,27367942
EFA,2020-12-21,70.89,71.91,70.67,71.74,31487981
EFA,2020-12-22,71.59,71.665,71.34,71.56,20357177
EFA,2020-12-23,72.17,72.44,72.11,72.33,13577269
EFA,2020-12-24,72.3,72.435,72.19,72.36,7252936
EFA,2020-12-28,73.12,73.15,72.85,72.95,11123149
EFA,2020-12-29,73.8,73.855,73.32,73.42,17541468
EFA,2020-12-30,73.81,74.0,73.47,73.52,15147063
EFA,2020-12-31,73.44,73.45,72.79,72.96,34218476
EFA,2021-01-04,74.39,74.42,73.05,73.34,26703647
EFA,2021-01-05,73.58,74.28,73.52,74.1,19748485
EFA,2021-01-06,74.3,75.32,74.22,74.95,25426945
EFA,2021-01-07,74.85,75.14,74.78,75.03,18783725
EFA,2021-01-08,75.58,75.73,74.95,75.73,25272172
EFA,2021-01-11,74.35,74.96,74.33,74.74,23190793
EFA,2021-01-12,74.68,75.13,74.47,75.08,20355338
EFA,2021-01-13,74.96,75.16,74.82,74.98,15580814
EFA,2021-01-14,75.21,75.75,75.2,75.58,22607523
EFA,2021-01-15,74.61,74.7599,73.965,74.4,27355929
EFA,2021-01-19,74.97,75.02,74.63,74.94,20162268
EFA,2021-01-20,75.05,75.46,74.905,75.45,14419070
EFA,2021-01-21,75.5,75.565,75.0407,75.51,20547435
EFA,2021-01-22,74.86,75.28,74.83,75.15,18854749
EFA,2021-01-25,74.58,75.07,74.14,75.06,21748108
EFA,2021-01-26,75.17,75.265,74.9,75.17,14175190
EFA,2021-01-27,73.79,74.23,73.18,73.45,31245291
EFA,2021-01-28,73.64,74.34,73.57,73.92,26658603
EFA,2021-01-29,73.04,73.255,72.0,72.39,42149525
EFA,2021-02-01,73.28,73.325,72.925,73.25,23243925
EFA,2021-02-02,73.65,74.05,73.4705,73.99,19830457
EFA,2021-02-03,74.02,74.21,73.81,74.17,11345808
EFA,2021-02-04,73.89,74.25,73.8193,74.25,10500251
EFA,2021-02-05,74.61,74.75,74.315,74.71,10955566
EFA,2021-02-08,75.25,75.433,75.03,75.23,16405643
EFA,2021-02-09,75.34,75.695,75.26,75.64,16000767
EFA,2021-02-10,75.87,75.93,75.065,75.38,14966073
EFA,2021-02-11,75.79,75.9,75.495,75.89,12314125
EFA,2021-02-12,75.68,76.35,75.67,76.31,11946762
EFA,2021-02-16,76.99,77.17,76.72,76.86,20225649
EFA,2021-02-17,76.3,76.53,76.01,76.41,19017767
EFA,2021-02-18,75.85,76.085,75.49,76.03,19191749
EFA,2021-02-19,76.34,76.59,76.14,76.25,14962574
EFA,2021-02-22,76.02,76.5201,75.97,76.06,18903219
EFA,2021-02-23,75.97,76.3699,75.3,76.13,25014456
EFA,2021-02-24,75.66,76.45,75.47,76.37,21877579
EFA,2021-02-25,76.5,76.68,74.94,75.07,35430762
EFA,2021-02-26,74.86,74.86,73.96,74.01,47288239
EFA,2021-03-01,74.9,75.461,74.86,75.4,24269364
EFA,2021-03-02,75.34,75.58,75.11,75.32,22204887
EFA,2021-03-03,75.09,75.41,74.75,74.86,20856074
EFA,2021-03-04,74.93,75.24,73.725,74.15,34648554
EFA,2021-03-05,74.61,74.75,73.56,74.63,29694166
EFA,2021-03-08,74.32,74.9,74.14,74.37,25081049
EFA,2021-03-09,75.18,75.52,75.06,75.37,19060262
EFA,2021-03-10,75.7,75.79,75.335,75.69,19467435
EFA,2021-03-11,75.93,76.22,75.75,76.09,15485310
EFA,2021-03-12,75.68,76.31,75.65,76.28,16342490
EFA,2021-03-15,76.17,76.38,75.72,76.34,17320131
EFA,2021-03-16,76.52,76.585,76.34,76.47,16662642
EFA,2021-03-17,76.21,77.01,76.115,76.92,16305003
EFA,2021-03-18,76.54,77.055,76.21,76.22,23177378
EFA,2021-03-19,76.21,76.51,75.765,76.43,31465206
EFA,2021-03-22,76.3,76.69,76.24,76.5,27978207
EFA,2021-03-23,75.98,76.09,75.34,75.44,22514227
EFA,2021-03-24,75.23,75.59,75.05,75.06,20717029
EFA,2021-03-25,75.0,75.66,74.835,75.62,25182994
EFA,2021-03-26,75.88,76.62,75.87,76.6,27381788
EFA,2021-03-29,76.14,76.43,75.92,76.3,18381641
EFA,2021-03-30,75.885,76.265,75.81,76.2,15377434
EFA,2021-03-31,75.88,76.23,75.82,75.87,32191645
EFA,2021-04-01,76.26,76.93,76.21,76.86,26312628
EFA,2021-04-05,77.49,78.05,77.36,77.98,20340483
EFA,2021-04-06,77.05,77.27,76.96,77.15,18995856
EFA,2021-04-07,77.17,77.42,77.11,77.31,14349383
EFA,2021-04-08,77.66,77.87,77.515,77.75,15502521
EFA,2021-04-09,77.69,78.05,77.69,77.99,16330472
EFA,2021-04-12,77.67,77.74,77.44,77.56,13729452
EFA,2021-04-13,77.67,78.03,77.62,78.01,12712490
EFA,2021-04-14,78.05,78.35,78.0,78.07,13079217
EFA,2021-04-15,78.56,78.75,78.485,78.72,20480136
EFA,2021-04-16,79.02,79.31,78.895,79.29,17058698
EFA,2021-04-19,79.37,79.42,78.935,79.15,15206779
EFA,2021-04-20,78.24,78.33,77.55,77.73,29570130
EFA,2021-04-21,77.58,78.56,77.56,78.53,15615644
EFA,2021-04-22,78.71,78.7758,78.14,78.27,22677843
EFA,2021-04-23,78.55,79.23,78.53,79.07,18608915
EFA,2021-04-26,79.1,79.23,78.995,79.13,14052118
EFA,2021-04-27,78.74,78.93,78.635,78.87,13612223
EFA,2021-04-28,78.81,79.26,78.74,79.07,14288614
EFA,2021-04-29,79.34,79.38,78.6101,79.1,16411079
EFA,2021-04-30,78.62,78.75,77.83,78.11,28951410
EFA,2021-05-03,78.75,79.06,78.57,78.97,21382184
EFA,2021-05-04,78.11,78.305,77.41,77.8,29144870
EFA,2021-05-05,78.65,79.03,78.47,78.86,17680000
EFA,2021-05-06,78.96,79.54,78.7099,79.51,21533140
EFA,2021-05-07,79.65,80.45,79.57,80.41,23316018
EFA,2021-05-10,80.67,80.67,79.92,79.98,16927516
EFA,2021-05-11,78.5299,79.11,78.415,78.93,34624606
EFA,2021-05-12,78.39,78.74,77.51,77.67,32608193
EFA,2021-05-13,77.69,78.42,77.66,78.25,36208765
EFA,2021-05-14,79.01,79.64,78.96,79.56,18601673
EFA,2021-05-17,79.1,79.42,79.03,79.41,16699468
EFA,2021-05-18,80.04,80.065,79.58,79.58,16526922
EFA,2021-05-19,78.59,79.19,78.215,78.88,30391735
EFA,2021-05-20,79.39,80.045,79.365,79.92,21650323
EFA,2021-05-21,80.18,80.21,79.76,80.03,26751581
EFA,2021-05-24,80.25,80.62,80.195,80.52,12267905
EFA,2021-05-25,80.77,80.84,80.41,80.54,14338912
EFA,2021-05-26,80.45,80.63,80.35,80.49,12731980
EFA,2021-05-27,80.62,80.785,80.4,80.64,16211246
EFA,2021-05-28,80.8449,81.145,80.79,80.83,21449526
EFA,2021-06-01,81.5,81.52,81.02,81.12,27524173
EFA,2021-06-02,81.27,81.51,81.16,81.39,13561215
EFA,2021-06-03,80.96,81.09,80.7473,80.99,16987610
EFA,2021-06-04,81.53,81.74,81.4,81.68,13335268
EFA,2021-06-07,81.87,81.99,81.765,81.95,16739045
EFA,2021-06-08,82.03,82.11,81.77,81.91,13218657
EFA,2021-06-09,81.88,81.94,81.61,81.69,20203677
EFA,2021-06-10,80.67,80.95,80.585,80.81,16555151
EFA,2021-06-11,80.91,81.06,80.69,81.0,12864847
EFA,2021-06-14,80.93,81.16,80.88,81.14,17044422
EFA,2021-06-15,81.21,81.27,81.068,81.24,17729156
EFA,2021-06-16,81.31,81.399,80.47,80.74,21505294
EFA,2021-06-17,80.22,80.39,79.799,80.18,27756298
EFA,2021-06-18,78.73,78.93,78.43,78.52,36755070
EFA,2021-06-21,78.87,79.595,78.75,79.55,20227954
EFA,2021-06-22,79.32,79.75,79.145,79.56,14010211
EFA,2021-06-23,79.47,79.53,78.93,79.05,17074600
EFA,2021-06-24,79.64,79.85,79.59,79.81,19833278
EFA,2021-06-25,79.99,80.05,79.83,79.98,12418788
EFA,2021-06-28,79.7,79.76,79.36,79.47,26952934
EFA,2021-06-29,79.63,79.68,79.39,79.49,9357471
EFA,2021-06-30,78.76,79.06,78.55,78.88,33578498
EFA,2021-07-01,78.89,79.12,78.7,79.07,28075377
EFA,2021-07-02,79.08,79.36,78.88,79.34,13712695
EFA,2021-07-06,79.38,79.4,78.54,78.82,21289842
EFA,2021-07-07,79.16,79.35,78.825,79.25,21686378
EFA,2021-07-08,77.98,78.37,77.75,78.23,24175766
EFA,2021-07-09,79.05,79.61,78.97,79.56,35200097
EFA,2021-07-12,79.58,79.94,79.51,79.9,11995809
EFA,2021-07-13,79.61,79.785,79.36,79.48,15689509
EFA,2021-07-14,79.82,79.835,79.56,79.66,14023618
EFA,2021-07-15,78.9,79.095,78.6,78.9,21637942
EFA,2021-07-16,78.85,78.895,78.18,78.32,23034068
EFA,2021-07-19,77.09,77.23,76.4826,76.9,44844761
EFA,2021-07-20,76.72,77.61,76.62,77.46,30309905
EFA,2021-07-21,78.01,78.69,77.965,78.64,22928639
EFA,2021-07-22,78.93,78.97,78.48,78.67,15873999
EFA,2021-07-23,79.19,79.37,79.03,79.22,16550608
EFA,2021-07-26,79.07,79.36,79.065,79.33,14870857
EFA,2021-07-27,78.97,79.065,78.6345,79.01,20952481
EFA,2021-07-28,79.0201,79.5,78.89,79.35,19700643
EFA,2021-07-29,80.01,80.12,79.88,79.9,21945827
EFA,2021-07-30,79.59,79.84,79.33,79.49,23997146
EFA,2021-08-02,80.14,80.28,79.74,79.89,25363951
EFA,2021-08-03,80.23,80.48,79.9,80.46,19028085
EFA,2021-08-04,80.51,80.645,80.195,80.22,12851997
EFA,2021-08-05,80.63,80.705,80.52,80.61,11868871
EFA,2021-08-06,80.43,80.52,80.18,80.31,10892493
EFA,2021-08-09,80.33,80.38,80.18,80.27,7896971
EFA,2021-08-10,80.27,80.45,80.22,80.45,10438207
EFA,2021-08-11,80.93,81.045,80.76,81.0,14996095
EFA,2021-08-12,80.83,80.96,80.67,80.93,12443220
EFA,2021-08-13,81.19,81.45,81.12,81.42,14048403
EFA,2021-08-16,80.79,81.01,80.53,81.0,19192313
EFA,2021-08-17,80.24,80.42,79.885,80.24,23555082
EFA,2021-08-18,80.22,80.53,79.92,79.93,16384696
EFA,2021-08-19,78.89,79.35,78.85,79.14,30515332
EFA,2021-08-20,78.91,79.47,78.82,79.45,15774382
EFA,2021-08-23,79.88,80.2757,79.85,80.19,22524751
EFA,2021-08-24,80.16,80.49,80.085,80.36,13722869
EFA,2021-08-25,80.28,80.47,80.15,80.39,12891622
EFA,2021-08-26,80.13,80.235,79.845,79.97,16927885
EFA,2021-08-27,79.99,80.77,79.96,80.7,24935784
EFA,2021-08-30,80.67,80.795,80.56,80.68,8142005
EFA,2021-08-31,80.82,80.835,80.485,80.64,18738357
EFA,2021-09-01,81.26,81.59,81.21,81.37,30472118
EFA,2021-09-02,81.71,81.88,81.615,81.7,13827383
EFA,2021-09-03,81.8,82.18,81.69,82.07,16304812
EFA,2021-09-07,82.2,82.2858,82.08,82.13,13967804
EFA,2021-09-08,81.78,81.92,81.345,81.48,22764253
EFA,2021-09-09,81.45,81.76,81.265,81.34,18963289
EFA,2021-09-10,81.92,81.98,81.135,81.16,26709850
EFA,2021-09-13,81.95,81.96,81.52,81.8,22335031
EFA,2021-09-14,82.04,82.05,81.38,81.46,19177735
EFA,2021-09-15,81.38,81.71,81.215,81.7,26233845
EFA,2021-09-16,81.35,81.59,81.13,81.57,25765461
EFA,2021-09-17,81.07,81.21,80.2307,80.5,37070619
EFA,2021-09-20,78.74,79.2,78.33,79.01,45028031
EFA,2021-09-21,80.08,80.205,79.68,79.79,37472273
EFA,2021-09-22,80.18,80.8,80.12,80.19,28718448
EFA,2021-09-23,80.82,81.22,80.77,81.06,31257838
EFA,2021-09-24,80.22,80.495,80.17,80.3,20066290
EFA,2021-09-27,80.07,80.335,79.97,80.25,15526483
EFA,2021-09-28,79.04,79.08,78.235,78.5,48064905
EFA,2021-09-29,78.71,78.76,78.235,78.32,31733170
EFA,2021-09-30,78.4,78.52,77.815,78.01,39507830
EFA,2021-10-01,78.05,78.38,77.495,78.2,44524874
EFA,2021-10-04,77.96,78.055,77.1,77.38,32751440
EFA,2021-10-05,77.55,78.19,77.46,77.91,25903323
EFA,2021-10-06,76.65,77.43,76.43,77.39,36917249
EFA,2021-10-07,77.81,78.31,77.8,77.99,19908771
EFA,2021-10-08,78.19,78.25,77.84,77.98,23628681
EFA,2021-10-11,78.16,78.4099,77.72,77.73,23542606
EFA,2021-10-12,77.87,78.04,77.63,77.77,18697377
EFA,2021-10-13,78.18,78.64,77.995,78.54,23073573
EFA,2021-10-14,79.29,79.395,79.115,79.32,19304352
EFA,2021-10-15,79.76,79.995,79.67,79.98,24447249
EFA,2021-10-18,79.375,79.68,79.235,79.64,19044674
EFA,2021-10-19,79.95,80.25,79.9,80.12,14648971
EFA,2021-10-20,80.2,80.5,80.12,80.4,11235452
EFA,2021-10-21,79.88,80.15,79.84,80.02,16279129
EFA,2021-10-22,80.37,80.66,80.15,80.5,22173472
EFA,2021-10-25,80.29,80.475,80.06,80.34,13658063
EFA,2021-10-26,80.83,80.83,80.385,80.5,10552886
EFA,2021-10-27,80.51,80.63,80.16,80.18,18448990
EFA,2021-10-28,80.57,81.02,80.545,80.96,15260158
EFA,2021-10-29,80.27,80.55,80.19,80.49,25406922
EFA,2021-11-01,80.95,81.3,80.79,81.27,20335367
EFA,2021-11-02,81.03,81.21,80.98,81.1,10163332
EFA,2021-11-03,81.07,81.79,80.935,81.76,14911042
EFA,2021-11-04,81.53,81.71,81.35,81.71,14083257
EFA,2021-11-05,81.7,81.83,81.48,81.83,15593634
EFA,2021-11-08,81.87,82.0,81.73,81.82,9065882
EFA,2021-11-09,81.87,81.92,81.39,81.64,16011232
EFA,2021-11-10,81.3,81.445,80.54,80.65,21546839
EFA,2021-11-11,81.06,81.155,80.89,80.94,9264672
EFA,2021-11-12,81.21,81.435,81.1,81.38,14800623
EFA,2021-11-15,81.58,81.595,81.18,81.23,14064487
EFA,2021-11-16,81.22,81.31,81.02,81.05,12167887
EFA,2021-11-17,80.88,81.03,80.795,80.95,10415457
EFA,2021-11-18,80.94,81.08,80.65,81.03,13236766
EFA,2021-11-19,80.59,80.67,80.29,80.34,20761894
EFA,2021-11-22,80.23,80.47,79.85,79.87,17802350
EFA,2021-11-23,79.7,79.985,79.37,79.79,26736819
EFA,2021-11-24,78.66,79.27,78.62,79.26,20238670
EFA,2021-11-26,77.73,77.82,76.86,77.13,37775956
EFA,2021-11-29,77.74,77.81,77.165,77.52,31913736
EFA,2021-11-30,77.35,77.59,76.17,76.84,52770833
EFA,2021-12-01,77.89,78.25,76.39,76.4,43889848
EFA,2021-12-02,76.88,77.59,76.8,77.35,42264474
EFA,2021-12-03,77.6,77.7,76.57,77.03,46147538
EFA,2021-12-06,77.55,77.92,77.28,77.77,30884294
EFA,2021-12-07,78.77,79.43,78.77,79.41,28244903
EFA,2021-12-08,79.47,79.68,79.28,79.56,21619354
EFA,2021-12-09,79.04,79.13,78.84,78.9,32026524
EFA,2021-12-10,79.04,79.14,78.775,79.07,23412152
EFA,2021-12-13,77.39,77.485,76.9,76.99,27594691
EFA,2021-12-14,76.67,76.96,76.24,76.58,30040449
EFA,2021-12-15,76.79,77.64,76.43,77.62,31109438
EFA,2021-12-16,78.0,78.08,77.44,77.63,44621075
EFA,2021-12-17,77.06,77.25,76.6,76.65,44576390
EFA,2021-12-20,76.2,76.53,75.995,76.48,26303350
EFA,2021-12-21,76.85,77.37,76.785,77.33,22744094
EFA,2021-12-22,77.22,78.1,77.181,78.05,21609744
EFA,2021-12-23,78.13,78.69,78.12,78.51,28320114
EFA,2021-12-27,78.55,79.12,78.54,79.12,15220194
EFA,2021-12-28,79.2,79.39,79.115,79.15,15631429
EFA,2021-12-29,79.05,79.22,78.925,79.12,15046938
EFA,2021-12-30,79.0299,79.13,78.69,78.75,20617454
EFA,2021-12-31,78.74,79.08,78.63,78.68,23044176
EFA,2022-01-03,79.14,79.225,78.78,79.19,24096854
EFA,2022-01-04,79.68,79.875,79.43,79.64,24314271
EFA,2022-01-05,79.94,80.04,78.94,78.94,24704131
EFA,2022-01-06,78.68,78.92,78.325,78.54,32472902
EFA,2022-01-07,78.5,78.89,78.2047,78.77,22833936
EFA,2022-01-10,77.89,78.09,77.36,78.04,45587561
EFA,2022-01-11,78.09,78.92,77.87,78.89,27137488
EFA,2022-01-12,79.38,79.72,79.3,79.66,30780776
EFA,2022-01-13,79.89,79.94,78.9847,79.08,24991175
EFA,2022-01-14,78.78,79.16,78.505,79.0,26136544
EFA,2022-01-18,78.07,78.26,77.66,77.84,37397180
EFA,2022-01-19,78.23,78.38,77.71,77.77,34133952
EFA,2022-01-20,78.05,78.45,77.29,77.39,38225469
EFA,2022-01-21,77.15,77.24,76.21,76.34,60761311
EFA,2022-01-24,74.91,75.61,73.55,75.58,85538387
EFA,2022-01-25,74.68,75.63,74.1,75.12,54516769
EFA,2022-01-26,76.04,76.17,74.455,74.83,55217182
EFA,2022-01-27,74.97,75.31,74.19,74.48,46256107
EFA,2022-01-28,73.98,74.74,73.53,74.73,44588290
EFA,2022-01-31,74.7108,75.86,74.69,75.82,38299151
EFA,2022-02-01,76.29,76.55,75.75,76.54,53240708
EFA,2022-02-02,77.16,77.21,76.73,77.11,35225882
EFA,2022-02-03,76.39,76.65,75.87,75.89,46207232
EFA,2022-02-04,75.75,76.42,75.52,76.07,32188288
EFA,2022-02-07,76.13,76.59,76.06,76.2,17045478
EFA,2022-02-08,76.19,76.7,75.995,76.59,27066924
EFA,2022-02-09,77.66,77.85,77.52,77.83,26858917
EFA,2022-02-10,76.72,77.9,76.68,76.84,27349532
EFA,2022-02-11,76.81,77.11,75.46,75.68,51519530
EFA,2022-02-14,75.37,75.45,74.67,75.19,45356014
EFA,2022-02-15,76.08,76.61,75.995,76.57,30223665
EFA,2022-02-16,76.27,77.02,76.23,76.86,22557599
EFA,2022-02-17,76.29,76.33,75.59,75.62,34691317
EFA,2022-02-18,75.66,75.86,75.08,75.3,34752009
EFA,2022-02-22,74.62,75.05,73.93,74.42,31949179
EFA,2022-02-23,75.17,75.18,73.66,73.81,39771874
EFA,2022-02-24,71.11,72.865,70.98,72.82,72044577
EFA,2022-02-25,73.46,74.675,73.395,74.64,47641877
EFA,2022-02-28,73.11,74.16,72.88,73.22,50821586
EFA,2022-03-01,72.91,73.12,71.23,71.62,49003888
EFA,2022-03-02,72.13,72.725,71.87,72.52,43906031
EFA,2022-03-03,72.22,72.27,70.88,71.09,44389734
EFA,2022-03-04,69.11,69.28,68.43,69.03,54470600
EFA,2022-03-07,68.59,68.7,66.54,66.84,55499402
EFA,2022-03-08,67.49,68.74,66.55,67.42,56682507
EFA,2022-03-09,69.54,70.71,69.15,70.24,55555981
EFA,2022-03-10,69.25,69.86,68.99,69.4,33804185
EFA,2022-03-11,69.96,70.06,68.545,68.65,32380747
EFA,2022-03-14,69.69,70.17,69.14,69.28,32048232
EFA,2022-03-15,69.65,70.1,69.31,69.94,36961361
EFA,2022-03-16,71.4,72.5,70.78,72.45,44821461
EFA,2022-03-17,72.14,73.21,72.08,73.06,35025612
EFA,2022-03-18,72.45,73.83,72.32,73.77,35286414
EFA,2022-03-21,73.56,73.72,72.93,73.31,29151065
EFA,2022-03-22,73.76,74.14,73.7,74.0,21352500
EFA,2022-03-23,73.18,73.515,73.03,73.04,22375826
EFA,2022-03-24,73.28,73.72,73.16,73.72,22098164
EFA,2022-03-25,73.66,73.86,73.25,73.76,17483078
EFA,2022-03-28,73.29,73.57,72.955,73.52,24829929
EFA,2022-03-29,75.18,75.38,74.49,75.15,25591205
EFA,2022-03-30,74.88,75.135,74.555,74.84,22486979
EFA,2022-03-31,74.3,74.58,73.5201,73.6,31677184
EFA,2022-04-01,74.06,74.31,73.74,74.29,23182802
EFA,2022-04-04,74.13,74.62,74.05,74.59,20875700
EFA,2022-04-05,74.11,74.38,73.39,73.58,27340136
EFA,2022-04-06,72.6571,73.09,72.285,72.7,30692706
EFA,2022-04-07,72.77,73.1,72.24,72.86,27838476
EFA,2022-04-08,72.59,73.19,72.49,72.89,21937226
EFA,2022-04-11,72.58,72.745,72.07,72.12,22149911
EFA,2022-04-12,72.23,72.41,71.4,71.58,28916226
EFA,2022-04-13,71.57,72.39,71.57,72.35,20164929
EFA,2022-04-14,72.49,72.62,71.98,72.02,19861894
EFA,2022-04-18,71.7,72.13,71.4701,71.6,18508878
EFA,2022-04-19,71.18,72.03,71.18,71.94,24863535
EFA,2022-04-20,72.5,72.655,72.2,72.42,26228408
EFA,2022-04-21,73.09,73.225,71.505,71.64,32960937
EFA,2022-04-22,71.53,71.54,70.4,70.47,34878392
EFA,2022-04-25,69.71,70.1901,69.16,70.13,37193632
EFA,2022-04-26,69.565,69.61,68.13,68.17,40947798
EFA,2022-04-27,68.43,68.95,68.0653,68.48,43593094
EFA,2022-04-28,68.91,69.62,68.3,69.45,32153958
EFA,2022-04-29,69.7,70.12,68.57,68.64,54305391
EFA,2022-05-02,68.39,68.74,67.66,68.47,45813937
EFA,2022-05-03,68.9331,69.235,68.7,68.98,39643572
EFA,2022-05-04,69.0,70.31,68.2,70.19,46497066
EFA,2022-05-05,69.18,69.215,67.42,67.93,38826969
EFA,2022-05-06,67.44,67.695,66.85,67.27,48268884
EFA,2022-05-09,66.04,66.15,65.105,65.24,50145018
EFA,2022-05-10,66.4,66.44,65.24,65.73,57682403
EFA,2022-05-11,65.91,66.77,65.26,65.34,49751147
EFA,2022-05-12,64.93,65.8,64.63,65.18,39410879
EFA,2022-05-13,66.14,67.02,66.12,66.99,34682159
EFA,2022-05-16,66.69,67.35,66.47,67.05,21254366
EFA,2022-05-17,68.16,68.35,67.78,68.3,31487038
EFA,2022-05-18,67.71,67.81,66.57,66.67,23552973
EFA,2022-05-19,66.59,67.7,66.57,67.31,35999626
EFA,2022-05-20,68.08,68.15,66.91,67.77,36357240
EFA,2022-05-23,68.49,69.07,68.37,68.92,23838588
EFA,2022-05-24,68.7,69.035,68.34,68.81,19504585
EFA,2022-05-25,68.34,69.1403,68.34,68.83,18826417
EFA,2022-05-26,68.93,69.76,68.92,69.59,20930489
EFA,2022-05-27,70.04,70.45,70.0,70.43,13697559
EFA,2022-05-31,70.19,70.475,69.84,70.01,25025180
EFA,2022-06-01,70.42,70.46,69.06,69.27,28336393
EFA,2022-06-02,69.83,70.73,69.58,70.71,21641992
EFA,2022-06-03,69.81,70.0,69.5,69.7,21327192
EFA,2022-06-06,70.51,70.61,69.83,69.98,15192262
EFA,2022-06-07,69.28,70.22,69.27,70.19,19039817
EFA,2022-06-08,69.42,69.72,69.125,69.21,21219368
EFA,2022-06-09,67.35,67.51,66.26,66.29,25675720
EFA,2022-06-10,65.06,65.13,64.49,64.69,34102077
EFA,2022-06-13,63.03,63.365,62.44,62.55,54218140
EFA,2022-06-14,62.53,62.73,61.42,61.96,38601732
EFA,2022-06-15,62.64,63.47,61.86,63.12,37790744
EFA,2022-06-16,61.59,62.18,61.34,61.73,38025307
EFA,2022-06-17,61.68,62.0,61.12,61.48,43097597
EFA,2022-06-21,62.57,62.77,62.38,62.41,31891355
EFA,2022-06-22,61.71,62.565,61.62,61.99,30368159
EFA,2022-06-23,61.85,62.0,61.27,61.92,26482527
EFA,2022-06-24,62.79,63.79,62.74,63.77,31235027
EFA,2022-06-27,63.66,63.9354,63.425,63.5,20987643
EFA,2022-06-28,64.02,64.22,63.05,63.07,19187397
EFA,2022-06-29,63.1,63.29,62.79,62.83,18226773
EFA,2022-06-30,61.71,62.59,61.47,62.49,37316190
EFA,2022-07-01,61.71,62.65,61.495,62.64,26046602
EFA,2022-07-05,60.66,61.32,60.41,61.3,30911297
EFA,2022-07-06,61.2,61.49,60.86,61.35,18030019
EFA,2022-07-07,61.86,62.29,61.85,62.28,17215174
EFA,2022-07-08,62.12,62.559,61.85,62.35,13135240
EFA,2022-07-11,61.57,61.75,61.29,61.34,15757918
EFA,2022-07-12,61.24,61.83,61.19,61.33,16350477
EFA,2022-07-13,60.58,61.55,60.51,61.3,17907459
EFA,2022-07-14,59.99,60.49,59.54,60.44,25329073
EFA,2022-07-15,60.88,61.435,60.61,61.4,28570069
EFA,2022-07-18,62.26,62.42,61.55,61.65,23785643
EFA,2022-07-19,62.82,63.35,62.76,63.33,25474473
EFA,2022-07-20,63.13,63.32,62.59,62.91,18738180
EFA,2022-07-21,62.77,63.63,62.69,63.56,19165528
EFA,2022-07-22,63.83,64.19,63.15,63.4,18771515
EFA,2022-07-25,63.88,63.97,63.55,63.89,17451391
EFA,2022-07-26,63.42,63.475,63.0,63.0,11609987
EFA,2022-07-27,63.64,64.56,63.43,64.49,20945518
EFA,2022-07-28,64.39,64.94,64.01,64.82,19385402
EFA,2022-07-29,64.94,65.76,64.76,65.72,23958029
EFA,2022-08-01,65.7,66.08,65.485,65.81,19450476
EFA,2022-08-02,65.28,65.46,64.74,64.76,17857697
EFA,2022-08-03,65.05,65.26,64.65,65.14,16011138
EFA,2022-08-04,65.26,65.59,65.18,65.47,15153566
EFA,2022-08-05,64.66,65.12,64.57,65.01,15130397
EFA,2022-08-08,65.53,65.755,65.04,65.16,12069065
EFA,2022-08-09,65.13,65.24,64.7047,64.81,10867780
EFA,2022-08-10,66.17,66.49,65.94,66.27,16870770
EFA,2022-08-11,66.53,66.74,66.14,66.25,11539596
EFA,2022-08-12,66.29,66.77,66.1349,66.76,13680277
EFA,2022-08-15,66.19,66.41,66.0648,66.36,15733140
EFA,2022-08-16,65.95,66.455,65.95,66.34,13497322
EFA,2022-08-17,65.7,66.165,65.47,65.81,14822132
EFA,2022-08-18,65.73,65.76,65.365,65.59,14303921
EFA,2022-08-19,64.97,65.04,64.5412,64.69,20257627
EFA,2022-08-22,63.99,64.01,63.43,63.59,20062226
EFA,2022-08-23,63.43,64.09,63.35,63.62,19101375
EFA,2022-08-24,63.35,63.91,63.275,63.7,12086577
EFA,2022-08-25,63.86,64.42,63.7201,64.4,13980541
EFA,2022-08-26,64.43,64.5,62.665,62.71,19338319
EFA,2022-08-29,62.43,62.825,62.365,62.57,16183972
EFA,2022-08-30,62.99,63.06,61.99,62.12,24907522
EFA,2022-08-31,62.12,62.345,61.68,61.7,32178233
EFA,2022-09-01,60.8,60.93,60.23,60.87,33526327
EFA,2022-09-02,61.39,61.835,60.28,60.47,28234022
EFA,2022-09-06,60.76,60.89,60.11,60.32,21846876
EFA,2022-09-07,59.84,60.86,59.825,60.85,21289001
EFA,2022-09-08,60.17,60.97,60.06,60.89,17589866
EFA,2022-09-09,62.06,62.495,62.02,62.44,22655073
EFA,2022-09-12,63.22,63.585,63.15,63.31,22338590
EFA,2022-09-13,62.13,62.475,61.06,61.11,26513873
EFA,2022-09-14,61.3,61.57,60.95,61.31,19052798
EFA,2022-09-15,60.86,61.395,60.67,60.77,23181906
EFA,2022-09-16,60.24,60.62,60.06,60.4,31914288
EFA,2022-09-19,59.71,60.65,59.7,60.61,19597473
EFA,2022-09-20,59.77,59.9,59.23,59.58,23429613
EFA,2022-09-21,59.53,60.04,58.75,58.8,22678821
EFA,2022-09-22,59.03,59.145,58.35,58.63,25280940
EFA,2022-09-23,57.29,57.35,56.3101,56.76,33958951
EFA,2022-09-26,56.18,56.69,55.62,55.92,41892394
EFA,2022-09-27,56.19,56.49,55.22,55.54,38742843
EFA,2022-09-28,55.52,57.0274,55.35,56.88,35115964
EFA,2022-09-29,56.01,56.245,55.435,56.21,30971597
EFA,2022-09-30,55.96,56.7,55.89,56.01,38527583
EFA,2022-10-03,56.59,57.355,56.36,57.12,37451634
EFA,2022-10-04,58.63,59.5,58.61,59.41,32480225
EFA,2022-10-05,58.42,59.11,58.09,58.78,28550730
EFA,2022-10-06,58.09,58.38,57.685,57.75,28668813
EFA,2022-10-07,57.48,57.55,56.6404,56.83,22199955
EFA,2022-10-10,56.7983,56.86,56.18,56.51,26510161
EFA,2022-10-11,56.14,56.79,55.71,55.89,26577350
EFA,2022-10-12,55.74,56.04,55.55,55.71,24455759
EFA,2022-10-13,54.74,57.12,54.61,56.86,48010142
EFA,2022-10-14,57.22,57.4,55.95,56.01,28145949
EFA,2022-10-17,57.23,57.65,57.22,57.39,32731043
EFA,2022-10-18,58.24,58.3,57.38,57.8,26876657
EFA,2022-10-19,57.26,57.495,56.71,57.09,22958222
EFA,2022-10-20,57.14,57.8,56.83,56.96,25989743
EFA,2022-10-21,56.44,58.01,56.215,57.99,37761773
EFA,2022-10-24,57.78,58.25,57.485,58.0,20327588
EFA,2022-10-25,58.42,59.33,58.41,59.28,21583264
EFA,2022-10-26,59.26,60.25,59.24,59.84,27095551
EFA,2022-10-27,59.63,60.08,59.25,59.28,20349578
EFA,2022-10-28,59.19,59.87,59.075,59.87,19235535
EFA,2022-10-31,59.2,59.44,59.11,59.31,27032689
EFA,2022-11-01,60.5,60.52,59.5134,59.78,42686994
EFA,2022-11-02,59.87,60.65,58.91,58.91,30497687
EFA,2022-11-03,58.11,58.685,58.06,58.41,23604246
EFA,2022-11-04,60.17,60.8246,59.79,60.75,33756398
EFA,2022-11-07,60.97,61.21,60.705,60.94,19904603
EFA,2022-11-08,61.36,62.007,61.215,61.63,19882894
EFA,2022-11-09,61.2,61.635,60.76,60.77,22418563
EFA,2022-11-10,63.265,64.18,62.92,64.18,29640887
EFA,2022-11-11,64.76,65.555,64.51,65.46,24071296
EFA,2022-11-14,64.93,65.345,64.77,64.77,21551501
EFA,2022-11-15,65.82,65.93,64.6,65.2,34956569
EFA,2022-11-16,65.3,65.405,64.86,65.05,22730386
EFA,2022-11-17,64.22,65.055,64.2,65.02,21271083
EFA,2022-11-18,65.32,65.33,64.93,65.15,18431080
EFA,2022-11-21,64.6,64.78,64.37,64.66,21877403
EFA,2022-11-22,65.07,65.585,64.965,65.56,14698698
EFA,2022-11-23,65.68,66.38,65.68,66.28,13400776
EFA,2022-11-25,66.36,66.76,66.36,66.62,10934393
EFA,2022-11-28,66.29,66.565,65.715,65.76,18618497
EFA,2022-11-29,65.92,66.32,65.785,65.95,17666906
EFA,2022-11-30,66.47,67.35,65.83,67.12,41966508
EFA,2022-12-01,67.87,68.06,67.42,67.77,24209706
EFA,2022-12-02,67.14,67.93,67.14,67.72,36230692
EFA,2022-12-05,67.49,67.68,66.64,66.83,26305110
EFA,2022-12-06,66.97,67.11,66.25,66.53,25662982
EFA,2022-12-07,66.56,66.805,66.275,66.53,23274269
EFA,2022-12-08,66.52,66.935,66.315,66.87,20080386
EFA,2022-12-09,67.03,67.4163,66.87,66.91,25773100
EFA,2022-12-12,66.9,67.11,66.68,67.11,17621657
EFA,2022-12-13,68.6501,68.775,67.535,67.79,29377299
EFA,2022-12-14,67.89,68.335,67.285,67.73,23707696
EFA,2022-12-15,66.89,67.01,65.77,66.0,25617475
EFA,2022-12-16,65.46,65.76,65.125,65.42,23998704
EFA,2022-12-19,65.63,65.72,65.09,65.26,21180654
EFA,2022-12-20,65.4,65.85,65.31,65.52,21440584
EFA,2022-12-21,65.92,66.3857,65.835,66.2,17112211
EFA,2022-12-22,65.95,65.96,65.11,65.66,21251228
EFA,2022-12-23,65.55,65.99,65.41,65.89,12536577
EFA,2022-12-27,65.94,66.2354,65.82,65.99,16247371
EFA,2022-12-28,66.13,66.33,65.29,65.29,14526928
EFA,2022-12-29,66.04,66.4963,66.0,66.32,17455379
EFA,2022-12-30,65.95,66.18,65.5712,65.64,25629030
EFA,2023-01-03,66.46,66.83,65.9,66.22,25179301
EFA,2023-01-04,67.18,67.32,66.71,67.1,26751404
EFA,2023-01-05,66.47,66.69,66.295,66.43,17376914
EFA,2023-01-06,66.83,68.17,66.44,68.13,17951400
EFA,2023-01-09,68.65,69.06,68.38,68.42,23392808
EFA,2023-01-10,68.33,68.63,68.17,68.62,18811517
EFA,2023-01-11,68.95,69.15,68.735,69.14,17732709
EFA,2023-01-12,69.71,70.28,69.0,70.16,19767050
EFA,2023-01-13,69.81,70.55,69.81,70.53,18092114
EFA,2023-01-17,70.78,71.06,70.555,70.75,25184142
EFA,2023-01-18,71.55,71.68,70.5,70.5,35935296
EFA,2023-01-19,70.28,70.54,70.015,70.39,23519016
EFA,2023-01-20,70.36,71.03,70.175,71.01,28289501
EFA,2023-01-23,70.7,71.31,70.6699,71.3,24245314
EFA,2023-01-24,70.91,71.36,70.665,71.21,12996525
EFA,2023-01-25,70.98,71.7399,70.93,71.68,14230103
EFA,2023-01-26,71.74,71.82,71.16,71.74,13272287
EFA,2023-01-27,71.3,71.755,71.21,71.6,13986785
EFA,2023-01-30,71.34,71.6674,71.135,71.14,14111474
EFA,2023-01-31,70.94,71.59,70.795,71.55,23544353
EFA,2023-02-01,71.49,72.445,70.94,72.19,27861386
EFA,2023-02-02,72.38,72.43,71.64,72.09,15587989
EFA,2023-02-03,71.39,72.0,71.26,71.42,18589851
EFA,2023-02-06,70.72,70.88,70.325,70.69,18409612
EFA,2023-02-07,70.36,71.38,70.22,71.29,19440317
EFA,2023-02-08,71.18,71.29,70.725,70.85,18281380
EFA,2023-02-09,71.87,71.925,70.85,70.98,10875303
EFA,2023-02-10,70.72,70.77,70.355,70.67,16681189
EFA,2023-02-13,70.77,71.38,70.695,71.38,11806254
EFA,2023-02-14,71.05,71.83,70.865,71.51,14082875
EFA,2023-02-15,70.63,71.195,70.57,71.19,14031168
EFA,2023-02-16,70.57,71.27,70.49,70.84,13151026
EFA,2023-02-17,70.51,71.095,70.385,71.02,13768199
EFA,2023-02-21,70.52,70.77,70.19,70.24,14419688
EFA,2023-02-22,70.12,70.24,69.7,69.85,12991737
EFA,2023-02-23,70.15,70.285,69.5708,70.21,25783668
EFA,2023-02-24,69.02,69.265,68.76,69.04,25120202
EFA,2023-02-27,69.84,70.04,69.64,69.86,19736304
EFA,2023-02-28,69.66,69.82,69.32,69.35,28408000
EFA,2023-03-01,69.9,70.06,69.455,69.72,20960961
EFA,2023-03-02,69.23,69.92,69.205,69.86,20540108
EFA,2023-03-03,70.25,70.92,70.055,70.88,23663388
EFA,2023-03-06,70.72,71.0,70.62,70.7,22289609
EFA,2023-03-07,70.6,70.655,69.44,69.52,26319934
EFA,2023-03-08,69.74,70.105,69.57,69.9,21016161
EFA,2023-03-09,70.03,70.265,69.265,69.39,25914051
EFA,2023-03-10,69.41,69.57,68.58,68.65,31703782
EFA,2023-03-13,67.93,68.74,67.805,68.18,27005136
EFA,2023-03-14,68.89,69.1,68.56,69.09,18053969
EFA,2023-03-15,66.53,67.045,66.07,66.95,37928503
EFA,2023-03-16,66.61,67.99,66.55,67.99,33360466
EFA,2023-03-17,67.38,67.525,66.914,67.18,23846211
EFA,2023-03-20,67.93,68.455,67.805,68.23,24003175
EFA,2023-03-21,69.23,69.33,68.86,69.26,16640044
EFA,2023-03-22,69.37,70.22,68.98,69.02,16277929
EFA,2023-03-23,69.63,70.04,68.715,69.03,23067183
EFA,2023-03-24,68.54,68.86,68.14,68.82,27879009
EFA,2023-03-27,69.24,69.526,69.085,69.47,23269327
EFA,2023-03-28,69.43,69.655,69.325,69.5,20324534
EFA,2023-03-29,70.18,70.4,70.05,70.34,29119326
EFA,2023-03-30,71.15,71.26,70.985,71.16,21616028
EFA,2023-03-31,71.35,71.68,71.35,71.52,28532663
EFA,2023-04-03,71.69,72.11,71.5893,72.09,20737147
EFA,2023-04-04,72.1,72.32,71.885,72.1,15364637
EFA,2023-04-05,71.72,71.915,71.36,71.6,16313998
EFA,2023-04-06,71.61,72.125,71.52,71.94,13659913
EFA,2023-04-10,71.49,71.9,71.375,71.89,12853992
EFA,2023-04-11,72.05,72.25,71.99,72.13,11264095
EFA,2023-04-12,72.78,72.94,72.37,72.59,13241524
EFA,2023-04-13,73.19,73.58,73.115,73.52,12232991
EFA,2023-04-14,73.49,73.69,72.94,73.22,14209875
EFA,2023-04-17,73.02,73.12,72.74,73.09,16404106
EFA,2023-04-18,73.46,73.55,73.29,73.49,13753409
EFA,2023-04-19,73.12,73.34,73.1,73.26,8840764
EFA,2023-04-20,73.09,73.435,73.07,73.26,12478579
EFA,2023-04-21,73.35,73.675,73.03,73.63,14052976
EFA,2023-04-24,73.63,73.845,73.61,73.82,12864933
EFA,2023-04-25,73.48,73.515,72.78,72.79,12582207
EFA,2023-04-26,73.24,73.25,72.65,72.74,16879946
EFA,2023-04-27,73.12,73.66,72.965,73.65,14505686
EFA,2023-04-28,73.03,73.63,73.01,73.62,16936838
EFA,2023-05-01,73.69,73.89,73.49,73.51,24499508
EFA,2023-05-02,72.83,72.84,72.33,72.77,12907178
EFA,2023-05-03,73.04,73.55,72.95,72.96,13977397
EFA,2023-05-04,72.75,73.07,72.56,72.81,17411173
EFA,2023-05-05,73.17,73.99,73.12,73.88,11096946
EFA,2023-05-08,74.03,74.05,73.77,73.9,7533221
EFA,2023-05-09,73.29,73.7,73.2501,73.6,14835420
EFA,2023-05-10,73.68,73.69,72.99,73.45,14009767
EFA,2023-05-11,73.03,73.27,72.72,73.27,14756695
EFA,2023-05-12,73.36,73.41,72.87,73.14,15823229
EFA,2023-05-15,73.36,73.705,73.28,73.7,10580633
EFA,2023-05-16,73.32,73.44,72.97,73.0,13335673
EFA,2023-05-17,73.09,73.39,72.815,73.34,21491299
EFA,2023-05-18,73.17,73.26,72.83,73.23,10657026
EFA,2023-05-19,73.55,73.84,73.47,73.66,15971239
EFA,2023-05-22,73.56,73.816,73.55,73.68,12122740
EFA,2023-05-23,73.04,73.15,72.57,72.6,19215053
EFA,2023-05-24,71.89,71.91,71.5,71.54,21758064
EFA,2023-05-25,71.51,71.565,71.15,71.44,17393777
EFA,2023-05-26,71.75,72.2,71.735,72.14,11189804
EFA,2023-05-30,71.92,71.94,71.21,71.41,13979807
EFA,2023-05-31,70.69,70.8,70.13,70.67,32568717
EFA,2023-06-01,71.05,71.78,71.0,71.72,29681639
EFA,2023-06-02,72.65,72.76,72.475,72.65,18693531
EFA,2023-06-05,72.54,72.61,72.18,72.23,18029701
EFA,2023-06-06,72.38,72.8699,72.35,72.83,17811934
EFA,2023-06-07,71.25,71.5,70.825,70.89,29259164
EFA,2023-06-08,71.23,71.65,71.105,71.64,15781013
EFA,2023-06-09,71.57,71.68,71.4,71.52,15419177
EFA,2023-06-12,71.76,71.86,71.59,71.83,15814705
EFA,2023-06-13,72.49,72.69,72.38,72.51,17620630
EFA,2023-06-14,72.97,73.175,72.38,72.78,17305785
EFA,2023-06-15,72.77,73.59,72.715,73.55,14597217
EFA,2023-06-16,73.88,73.91,73.36,73.39,20036205
EFA,2023-06-20,72.59,72.72,72.27,72.42,16873013
EFA,2023-06-21,72.3,72.775,72.19,72.53,11322663
EFA,2023-06-22,72.01,72.2,71.945,72.08,11313341
EFA,2023-06-23,70.83,71.145,70.81,70.96,15929741
EFA,2023-06-26,71.05,71.195,70.945,71.05,12950900
EFA,2023-06-27,71.26,71.72,71.05,71.67,11034089
EFA,2023-06-28,71.65,71.865,71.515,71.72,9256540
EFA,2023-06-29,71.39,71.62,71.35,71.62,6735999
EFA,2023-06-30,72.29,72.55,72.21,72.5,28381135
EFA,2023-07-03,72.47,72.58,72.31,72.42,13375507
EFA,2023-07-05,71.9,71.925,71.54,71.61,15971482
EFA,2023-07-06,70.54,70.56,69.94,70.37,17415292
EFA,2023-07-07,70.44,71.2199,70.405,70.9,16721283
EFA,2023-07-10,70.78,71.125,70.75,71.1,9486037
EFA,2023-07-11,71.41,71.755,71.22,71.74,12816605
EFA,2023-07-12,72.69,73.19,72.57,73.11,16111053
EFA,2023-07-13,74.07,74.38,74.04,74.28,12707578
EFA,2023-07-14,74.23,74.29,73.83,73.86,12549124
EFA,2023-07-17,73.53,73.86,73.41,73.77,15876564
EFA,2023-07-18,73.9,74.34,73.83,74.25,11519448
EFA,2023-07-19,74.3,74.45,74.02,74.21,11138742
EFA,2023-07-20,74.05,74.245,73.7116,73.83,14843852
EFA,2023-07-21,74.0,74.06,73.77,73.98,10318401
EFA,2023-07-24,73.66,73.9575,73.62,73.8,9421202
EFA,2023-07-25,73.68,74.06,73.66,73.88,9150961
EFA,2023-07-26,73.54,74.315,73.5,74.08,12325284
EFA,2023-07-27,74.69,74.69,73.85,73.91,12775706
EFA,2023-07-28,74.46,74.735,74.3,74.44,15891118
EFA,2023-07-31,74.51,74.71,74.36,74.46,13799849
EFA,2023-08-01,73.73,73.94,73.375,73.53,16707851
EFA,2023-08-02,72.62,72.73,72.08,72.16,16814832
EFA,2023-08-03,71.59,72.16,71.525,71.96,12745683
EFA,2023-08-04,72.33,72.9075,72.1,72.16,14079592
EFA,2023-08-07,72.63,72.79,72.3,72.77,12940636
EFA,2023-08-08,71.97,72.385,71.79,72.33,14144438
EFA,2023-08-09,72.43,72.62,72.1929,72.31,12188679
EFA,2023-08-10,73.09,73.51,72.55,72.62,16788858
EFA,2023-08-11,72.11,72.37,71.965,72.13,14863672
EFA,2023-08-14,71.4,71.8803,71.21,71.81,9959351
EFA,2023-08-15,71.39,71.405,70.79,70.92,13863644
EFA,2023-08-16,70.69,70.965,70.32,70.34,10940139
EFA,2023-08-17,70.56,70.635,69.745,69.84,14730509
EFA,2023-08-18,69.32,69.96,69.31,69.84,13617538
EFA,2023-08-21,70.02,70.175,69.71,70.1,15838416
EFA,2023-08-22,70.43,70.45,69.91,69.97,10568020
EFA,2023-08-23,70.25,70.835,70.24,70.73,12669971
EFA,2023-08-24,70.38,70.595,69.73,69.76,14879030
EFA,2023-08-25,70.1999,70.47,69.595,70.23,11617664
EFA,2023-08-28,70.71,71.02,70.69,70.97,12320383
EFA,2023-08-29,70.83,71.895,70.76,71.85,12224400
EFA,2023-08-30,71.91,72.15,71.705,71.81,12235771
EFA,2023-08-31,71.84,71.9,71.31,71.53,13375220
EFA,2023-09-01,72.15,72.18,71.3,71.49,17069805
EFA,2023-09-05,71.31,71.33,70.865,70.87,12085027
EFA,2023-09-06,70.85,71.0,70.465,70.72,11294629
EFA,2023-09-07,70.5,70.64,70.275,70.49,13542992
EFA,2023-09-08,70.39,70.62,70.3,70.39,11813894
EFA,2023-09-11,70.98,71.18,70.785,71.12,11650948
EFA,2023-09-12,70.76,71.085,70.72,70.83,7947084
EFA,2023-09-13,70.68,70.88,70.465,70.61,10047887
EFA,2023-09-14,71.15,71.61,71.13,71.54,13519785
EFA,2023-09-15,71.69,71.93,71.35,71.38,13678464
EFA,2023-09-18,71.08,71.21,70.83,71.13,9121327
EFA,2023-09-19,71.25,71.38,71.005,71.19,10339947
EFA,2023-09-20,71.53,71.88,70.98,71.02,14523369
EFA,2023-09-21,70.35,70.49,69.84,69.84,17619909
EFA,2023-09-22,70.22,70.46,69.84,69.9,14715755
EFA,2023-09-25,69.32,69.63,69.155,69.59,16853115
EFA,2023-09-26,69.0429,69.245,68.63,68.69,17756850
EFA,2023-09-27,68.95,69.0,68.085,68.56,16390389
EFA,2023-09-28,68.62,69.325,68.53,69.12,19507379
EFA,2023-09-29,69.75,69.76,68.75,68.92,20292936
EFA,2023-10-02,68.47,68.53,67.68,67.91,23671359
EFA,2023-10-03,67.3,67.49,66.83,67.06,19913413
EFA,2023-10-04,67.23,67.27,66.62,67.18,19586201
EFA,2023-10-05,67.57,67.87,67.34,67.77,18327243
EFA,2023-10-06,67.64,68.68,67.23,68.52,17758931
EFA,2023-10-09,67.88,68.495,67.81,68.42,11015700
EFA,2023-10-10,69.19,69.6433,69.1,69.36,23682816
EFA,2023-10-11,69.76,69.855,69.2617,69.65,15393629
EFA,2023-10-12,69.74,69.755,68.81,69.07,16764594
EFA,2023-10-13,68.87,69.03,68.26,68.43,19900296
EFA,2023-10-16,68.55,69.0,68.46,68.93,20119560
EFA,2023-10-17,68.36,69.285,68.35,68.97,12155129
EFA,2023-10-18,68.36,68.425,67.685,67.77,16945882
EFA,2023-10-19,67.55,67.91,67.05,67.17,27204107
EFA,2023-10-20,66.93,67.09,66.54,66.57,28251819
EFA,2023-10-23,66.32,67.04,66.07,66.62,18574702
EFA,2023-10-24,66.74,67.06,66.645,67.0,22138664
EFA,2023-10-25,66.82,67.08,66.44,66.52,17400881
EFA,2023-10-26,66.35,66.49,65.83,66.04,22914706
EFA,2023-10-27,66.5,66.53,65.68,65.84,24116447
EFA,2023-10-30,66.56,66.71,66.265,66.68,23954539
EFA,2023-10-31,66.76,66.97,66.525,66.92,18291337
EFA,2023-11-01,67.08,67.57,66.885,67.55,21115188
EFA,2023-11-02,68.68,68.94,68.48,68.93,19669393
EFA,2023-11-03,69.51,70.0,69.405,69.66,20752899
EFA,2023-11-06,69.56,69.63,69.17,69.31,15938139
EFA,2023-11-07,68.77,69.02,68.635,68.89,15747050
EFA,2023-11-08,68.86,69.095,68.595,68.8,10916452
EFA,2023-11-09,69.41,69.58,68.755,68.79,14557580
EFA,2023-11-10,68.74,69.15,68.26,69.1,12518822
EFA,2023-11-13,68.82,69.3847,68.7147,69.28,11354702
EFA,2023-11-14,70.46,71.14,70.45,71.05,21166993
EFA,2023-11-15,71.08,71.2884,70.9,70.94,12980077
EFA,2023-11-16,70.82,71.1101,70.64,70.89,13769696
EFA,2023-11-17,71.55,71.865,71.41,71.85,14315647
EFA,2023-11-20,71.74,72.199,71.735,72.12,10334937
EFA,2023-11-21,72.08,72.145,71.75,71.84,12300155
EFA,2023-11-22,71.95,72.035,71.625,72.01,12162877
EFA,2023-11-24,72.24,72.58,72.23,72.56,8083468
EFA,2023-11-27,72.34,72.4256,72.16,72.31,10365181
EFA,2023-11-28,72.11,72.55,72.02,72.33,11130140
EFA,2023-11-29,72.54,72.755,72.295,72.48,10462203
EFA,2023-11-30,72.49,72.61,72.17,72.42,19444244
EFA,2023-12-01,72.375,73.24,72.3497,73.18,21091944
EFA,2023-12-04,72.46,72.77,72.335,72.61,14778700
EFA,2023-12-05,72.38,72.82,72.23,72.35,17529497
EFA,2023-12-06,73.07,73.22,72.55,72.57,16491854
EFA,2023-12-07,72.72,73.13,72.43,72.92,14513204
EFA,2023-12-08,72.74,73.245,72.72,73.14,13323616
EFA,2023-12-11,73.03,73.36,73.015,73.32,12372000
EFA,2023-12-12,73.2,73.45,72.96,73.45,13209962
EFA,2023-12-13,73.51,74.59,73.16,74.52,16760655
EFA,2023-12-14,74.89,75.335,74.72,75.07,21959570
EFA,2023-12-15,74.71,74.85,74.29,74.34,22420682
EFA,2023-12-18,74.65,74.71,74.3,74.52,14409987
EFA,2023-12-19,74.93,75.2,74.93,75.15,14727022
EFA,2023-12-20,74.24,74.42,73.42,73.47,23019212
EFA,2023-12-21,74.26,74.66,74.1007,74.66,15837425
EFA,2023-12-22,74.82,74.97,74.53,74.73,12184500
EFA,2023-12-26,74.81,75.1854,74.81,75.07,8915396
EFA,2023-12-27,75.12,75.53,75.11,75.47,13082623
EFA,2023-12-28,75.45,75.66,75.255,75.27,16832008
EFA,2023-12-29,75.38,75.59,75.15,75.35,21346352
EFA,2024-01-02,74.54,74.87,74.405,74.51,18177553
EFA,2024-01-03,73.78,74.16,73.5756,73.95,18637682
EFA,2024-01-04,73.94,74.4903,73.94,74.12,11977052
EFA,2024-01-05,74.03,74.82,73.955,74.17,18682142
EFA,2024-01-08,74.33,74.98,74.265,74.96,16250145
EFA,2024-01-09,74.29,74.47,74.18,74.29,10218297
EFA,2024-01-10,74.61,74.88,74.53,74.77,12191313
EFA,2024-01-11,74.97,75.065,74.1,74.76,16434278
EFA,2024-01-12,75.26,75.495,74.93,75.07,11329292
EFA,2024-01-16,74.16,74.255,73.655,73.81,19802714
EFA,2024-01-17,72.83,73.14,72.585,73.11,16381456
EFA,2024-01-18,73.42,73.78,73.26,73.76,16391373
EFA,2024-01-19,73.56,73.94,73.295,73.93,15792194
EFA,2024-01-22,74.11,74.38,74.035,74.16,15424825
EFA,2024-01-23,73.78,74.0,73.62,73.95,13575390
EFA,2024-01-24,74.93,75.0,74.5,74.51,16294216
EFA,2024-01-25,74.69,74.73,74.33,74.72,15268804
EFA,2024-01-26,75.11,75.235,74.985,75.05,16478622
EFA,2024-01-29,75.02,75.57,74.925,75.49,13341499
EFA,2024-01-30,75.38,75.48,75.1,75.39,11708418
EFA,2024-01-31,75.73,75.97,74.9,75.01,23907273
EFA,2024-02-01,75.19,75.77,75.03,75.75,17189446
EFA,2024-02-02,75.13,75.2,74.81,75.15,15579850
EFA,2024-02-05,74.7,74.915,74.335,74.75,15617888
EFA,2024-02-06,74.72,75.23,74.68,75.21,13886585
EFA,2024-02-07,75.17,75.285,75.0,75.17,10485099
EFA,2024-02-08,75.05,75.1,74.82,75.04,9578469
EFA,2024-02-09,75.05,75.35,74.875,75.3,11001146
EFA,2024-02-12,75.27,75.66,75.245,75.43,6911456
EFA,2024-02-13,74.62,74.715,74.015,74.27,14942545
EFA,2024-02-14,74.76,75.12,74.699,75.1,13248016
EFA,2024-02-15,75.46,75.97,75.45,75.95,14128634
EFA,2024-02-16,75.98,76.385,75.8,76.07,13381557
EFA,2024-02-20,76.55,76.63,76.18,76.38,15285824
EFA,2024-02-21,76.22,76.47,76.0851,76.44,11433755
EFA,2024-02-22,77.07,77.32,76.93,77.3,15475952
EFA,2024-02-23,77.38,77.525,77.27,77.4,11399963
EFA,2024-02-26,77.46,77.46,77.1499,77.29,15015194
EFA,2024-02-27,77.34,77.555,77.285,77.5,11110977
EFA,2024-02-28,76.98,77.145,76.92,77.05,12196754
EFA,2024-02-29,77.42,77.55,76.855,77.25,17221873
EFA,2024-03-01,77.57,78.025,77.25,78.0,18930508
EFA,2024-03-04,77.76,77.96,77.675,77.8,13960993
EFA,2024-03-05,77.85,78.13,77.445,77.66,12874367
EFA,2024-03-06,78.51,78.809,78.365,78.58,24098119
EFA,2024-03-07,79.17,79.61,79.095,79.51,18279137
EFA,2024-03-08,79.78,79.8599,79.13,79.25,14926860
EFA,2024-03-11,78.72,78.83,78.41,78.8,10470100
EFA,2024-03-12,78.91,79.44,78.61,79.43,15260485
EFA,2024-03-13,79.35,79.6175,79.315,79.44,14166593
EFA,2024-03-14,79.42,79.475,78.57,78.86,25548865
EFA,2024-03-15,79.04,79.115,78.63,78.89,17529114
EFA,2024-03-18,79.09,79.1177,78.805,78.87,13472212
EFA,2024-03-19,78.82,79.22,78.705,79.01,13222145
EFA,2024-03-20,78.96,79.9,78.895,79.85,18834852
EFA,2024-03-21,79.9,80.03,79.785,79.81,13020951
EFA,2024-03-22,79.78,79.83,79.55,79.64,12832839
EFA,2024-03-25,79.39,79.76,79.39,79.47,9418239
EFA,2024-03-26,79.85,79.875,79.56,79.56,12343148
EFA,2024-03-27,79.74,80.06,79.64,80.04,12337185
EFA,2024-03-28,79.73,79.97,79.72,79.86,17180354
EFA,2024-04-01,79.72,79.87,79.325,79.52,15311987
EFA,2024-04-02,78.89,78.96,78.69,78.96,17406533
EFA,2024-04-03,78.82,79.52,78.81,79.4,15892422
EFA,2024-04-04,79.92,79.95,78.645,78.72,19692108
EFA,2024-04-05,78.61,79.13,78.46,78.97,20838837
EFA,2024-04-08,79.42,79.53,79.22,79.36,12240531
EFA,2024-04-09,79.73,79.8,79.0,79.35,12369833
EFA,2024-04-10,78.21,78.64,78.0,78.3,21567342
EFA,2024-04-11,78.57,78.61,77.65,78.51,11966995
EFA,2024-04-12,77.86,78.0875,77.14,77.24,17934613
EFA,2024-04-15,78.14,78.24,76.885,77.01,21610118
EFA,2024-04-16,76.39,76.62,75.995,76.25,24161808
EFA,2024-04-17,76.68,76.72,75.96,76.3,15748040
EFA,2024-04-18,76.27,76.61,75.9746,76.09,12884165
EFA,2024-04-19,76.18,76.4075,75.885,76.12,16924965
EFA,2024-04-22,76.54,77.27,76.465,77.01,17314232
EFA,2024-04-23,77.27,77.95,77.21,77.85,13466024
EFA,2024-04-24,77.97,77.97,77.385,77.7,8530070
EFA,2024-04-25,76.61,77.45,76.42,77.34,11479649
EFA,2024-04-26,77.68,78.06,77.65,77.96,12676407
EFA,2024-04-29,78.16,78.4,78.04,78.26,10560035
EFA,2024-04-30,78.0,78.215,77.21,77.27,18994253
EFA,2024-05-01,77.25,78.015,76.905,77.1,17900348
EFA,2024-05-02,77.93,78.28,77.495,78.14,14993396
EFA,2024-05-03,78.98,79.22,78.445,78.92,15055613
EFA,2024-05-06,79.31,79.52,79.245,79.46,9411398
EFA,2024-05-07,79.72,79.85,79.545,79.67,9065799
EFA,2024-05-08,79.32,79.6,79.3,79.58,6667504
EFA,2024-05-09,79.57,80.2,79.565,80.19,13255992
EFA,2024-05-10,80.46,80.52,80.235,80.34,8021993
EFA,2024-05-13,80.41,80.55,80.23,80.34,6990493
EFA,2024-05-14,80.65,80.95,80.57,80.94,15228304
EFA,2024-05-15,81.32,81.8,81.16,81.8,10823682
EFA,2024-05-16,81.64,81.71,81.33,81.36,13042069
EFA,2024-05-17,81.38,81.68,81.26,81.64,10219550
EFA,2024-05-20,81.72,81.93,81.66,81.7,5836787
EFA,2024-05-21,81.4,81.625,81.36,81.57,6221985
EFA,2024-05-22,81.02,81.1,80.58,80.8,10721213
EFA,2024-05-23,81.5,81.505,80.24,80.39,8805831
EFA,2024-05-24,80.8,81.165,80.755,81.05,9289525
EFA,2024-05-28,81.35,81.37,80.78,81.02,13036642
EFA,2024-05-29,79.98,80.115,79.71,79.74,13662062
EFA,2024-05-30,80.24,80.6073,80.21,80.41,7456128
EFA,2024-05-31,80.96,81.22,80.56,81.18,19932479
EFA,2024-06-03,81.44,81.65,81.08,81.41,17127673
EFA,2024-06-04,81.23,81.44,80.965,81.31,12565483
EFA,2024-06-05,81.71,81.91,81.27,81.88,8661543
EFA,2024-06-06,81.91,82.16,81.865,82.16,13195574
EFA,2024-06-07,81.44,81.705,81.185,81.27,21589678
EFA,2024-06-10,80.72,81.295,80.6,81.21,8996296
EFA,2024-06-11,78.89,79.07,78.47,78.91,17004618
EFA,2024-06-12,80.18,80.385,79.7,79.84,15188856
EFA,2024-06-13,79.18,79.18,78.375,78.7,12784234
EFA,2024-06-14,77.655,77.91,77.3601,77.83,17500049
EFA,2024-06-17,77.63,78.16,77.37,78.14,13582729
EFA,2024-06-18,78.14,78.48,78.12,78.45,16057055
EFA,2024-06-20,78.29,78.62,78.21,78.5,10942853
EFA,2024-06-21,77.89,78.05,77.665,77.95,14477748
EFA,2024-06-24,78.59,78.96,78.52,78.57,12193736
EFA,2024-06-25,78.56,78.875,78.47,78.76,8753370
EFA,2024-06-26,78.06,78.34,77.945,78.18,10509731
EFA,2024-06-27,78.32,78.515,78.08,78.24,14156048
EFA,2024-06-28,78.23,78.5651,78.0,78.33,17425009
EFA,2024-07-01,78.76,79.03,78.27,78.47,19845722
EFA,2024-07-02,78.22,78.69,78.145,78.66,10331748
EFA,2024-07-03,79.25,79.6189,79.25,79.56,8107900
EFA,2024-07-05,80.219,80.23,79.52,80.09,8408776
EFA,2024-07-08,80.14,80.22,79.645,79.69,6031687
EFA,2024-07-09,79.52,79.58,79.165,79.37,8069772
EFA,2024-07-10,80.01,80.535,79.97,80.49,8189449
EFA,2024-07-11,81.04,81.1799,80.67,80.72,8930036
EFA,2024-07-12,81.36,81.87,81.315,81.58,9289703
EFA,2024-07-15,81.39,81.4,80.79,80.86,7418664
EFA,2024-07-16,80.65,81.275,80.55,81.25,10902885
EFA,2024-07-17,80.85,81.14,80.73,80.82,11634175
EFA,2024-07-18,80.96,81.04,79.84,80.02,16481517
EFA,2024-07-19,79.78,79.82,79.45,79.53,15570283
EFA,2024-07-22,80.24,80.395,80.025,80.37,13762751
EFA,2024-07-23,79.95,80.0836,79.855,79.92,12043012
EFA,2024-07-24,79.67,79.78,78.87,78.91,10698026
EFA,2024-07-25,78.24,79.105,77.98,78.41,17719813
EFA,2024-07-26,79.02,79.55,78.945,79.41,10574880
EFA,2024-07-29,79.23,79.26,78.815,79.06,9305599
EFA,2024-07-30,79.37,79.45,78.9201,79.24,8551634
EFA,2024-07-31,80.4,80.705,80.12,80.36,20969457
EFA,2024-08-01,79.34,79.54,77.85,78.23,18129775
EFA,2024-08-02,77.17,77.355,76.375,77.0,25136218
EFA,2024-08-05,74.23,75.835,73.91,75.32,28088798
EFA,2024-08-06,74.71,75.9,74.605,75.45,22307546
EFA,2024-08-07,76.845,77.09,75.77,75.81,24592622
EFA,2024-08-08,76.55,77.155,76.205,77.08,14824675
EFA,2024-08-09,76.87,77.39,76.715,77.38,11022675
EFA,2024-08-12,77.33,77.53,77.06,77.31,7988718
EFA,2024-08-13,77.89,78.6958,77.85,78.64,11927454
EFA,2024-08-14,78.79,78.995,78.635,78.93,7127626
EFA,2024-08-15,79.64,80.05,79.56,79.89,10364201
EFA,2024-08-16,79.98,80.4,79.96,80.33,10287847
EFA,2024-08-19,80.81,81.4,80.8,81.31,6740976
EFA,2024-08-20,81.17,81.36,80.91,81.06,5177868
EFA,2024-08-21,81.58,81.965,81.4,81.81,10653466
EFA,2024-08-22,82.11,82.14,81.28,81.33,7290684
EFA,2024-08-23,81.99,82.87,81.89,82.82,10779000
EFA,2024-08-26,82.56,82.72,82.36,82.45,6719906
EFA,2024-08-27,82.65,82.97,82.54,82.83,9597134
EFA,2024-08-28,82.74,82.905,82.2,82.54,7883869
EFA,2024-08-29,82.93,83.2842,82.71,82.85,9112065
EFA,2024-08-30,83.115,83.25,82.59,82.98,15627554
EFA,2024-09-03,82.56,82.655,81.465,81.67,9886682
EFA,2024-09-04,81.07,81.69,80.98,81.31,9587388
EFA,2024-09-05,81.41,81.555,80.975,81.33,12147438
EFA,2024-09-06,81.12,81.335,79.67,79.8,12344375
EFA,2024-09-09,80.41,80.9,80.395,80.6,10634962
EFA,2024-09-10,80.31,80.315,79.575,80.2,9742931
EFA,2024-09-11,80.27,80.71,79.375,80.68,12999128
EFA,2024-09-12,80.61,81.37,80.39,81.34,11686010
EFA,2024-09-13,81.45,81.835,81.3915,81.53,7340468
EFA,2024-09-16,81.88,82.2299,81.695,82.19,9869506
EFA,2024-09-17,82.09,82.14,81.455,81.73,7307315
EFA,2024-09-18,81.81,82.46,81.29,81.47,8454227
EFA,2024-09-19,82.96,83.235,82.47,83.08,9974104
EFA,2024-09-20,82.59,82.61,81.97,82.26,7892376
EFA,2024-09-23,82.39,82.66,82.345,82.57,6997708
EFA,2024-09-24,82.82,83.1199,82.61,83.06,6855760
EFA,2024-09-25,83.21,83.23,82.585,82.61,11869015
EFA,2024-09-26,84.19,84.525,83.85,84.43,12874975
EFA,2024-09-27,84.27,84.5563,83.795,83.92,10690655
EFA,2024-09-30,83.96,83.97,83.18,83.63,13425369
EFA,2024-10-01,83.66,83.69,82.57,83.01,18430914
EFA,2024-10-02,82.86,83.025,82.45,82.84,8335155
EFA,2024-10-03,82.12,82.28,81.77,82.07,9890515
EFA,2024-10-04,82.13,82.565,82.045,82.55,8536274
EFA,2024-10-07,82.3,82.41,81.7879,82.09,7365112
EFA,2024-10-08,81.9,81.97,81.685,81.96,6339144
EFA,2024-10-09,81.52,82.05,81.46,81.98,5370828
EFA,2024-10-10,81.77,81.91,81.43,81.88,5794427
EFA,2024-10-11,81.84,82.38,81.83,82.3,6915027
EFA,2024-10-14,82.11,82.575,82.01,82.54,6646193
EFA,2024-10-15,82.24,82.26,81.095,81.17,17667286
EFA,2024-10-16,81.38,81.4569,81.225,81.38,5931766
EFA,2024-10-17,81.68,81.71,81.31,81.39,8904646
EFA,2024-10-18,81.81,81.965,81.62,81.94,5863087
EFA,2024-10-21,81.49,81.55,80.83,80.97,8009105
EFA,2024-10-22,80.44,80.625,80.37,80.51,5844195
EFA,2024-10-23,79.79,79.965,79.345,79.7,7555992
EFA,2024-10-24,80.33,80.35,79.8,80.15,6522380
EFA,2024-10-25,80.34,80.46,79.745,79.88,9288134
EFA,2024-10-28,80.24,80.625,80.18,80.52,6985008
EFA,2024-10-29,80.25,80.42,80.045,80.23,8778380
EFA,2024-10-30,79.57,80.06,79.505,79.71,8828077
EFA,2024-10-31,79.32,79.32,78.47,79.22,19247645
EFA,2024-11-01,79.65,79.8557,79.305,79.38,9951294
EFA,2024-11-04,79.82,80.03,79.39,79.44,10280054
EFA,2024-11-05,79.65,80.295,79.59,80.23,9596383
EFA,2024-11-06,79.05,79.155,78.42,79.07,11746261
EFA,2024-11-07,79.98,80.34,79.84,80.27,11634128
EFA,2024-11-08,79.38,79.38,78.78,79.16,11540291
EFA,2024-11-11,79.41,79.45,79.1,79.18,5839576
EFA,2024-11-12,78.42,78.42,77.32,77.71,16613900
EFA,2024-11-13,77.4,77.46,76.8,77.25,14828857
EFA,2024-11-14,77.81,77.975,77.33,77.41,19039012
EFA,2024-11-15,77.31,77.33,76.96,77.13,15433599
EFA,2024-11-18,77.07,77.695,77.02,77.55,7774078
EFA,2024-11-19,76.9,77.595,76.79,77.45,13402289
EFA,2024-11-20,77.13,77.24,76.7017,77.24,12441967
EFA,2024-11-21,77.12,77.3801,76.8518,77.26,9161202
EFA,2024-11-22,77.17,77.7,77.16,77.56,16809833
EFA,2024-11-25,78.16,78.27,77.72,77.96,24934101
EFA,2024-11-26,77.83,77.845,77.27,77.51,9360799
EFA,2024-11-27,77.84,78.075,77.695,77.93,7477916
EFA,2024-11-29,78.24,79.01,78.21,78.97,11643860
EFA,2024-12-02,79.08,79.33,78.57,79.19,15721136
EFA,2024-12-03,79.71,79.87,79.4,79.64,13289942
EFA,2024-12-04,79.74,79.875,79.58,79.7,10434376
EFA,2024-12-05,80.1,80.22,79.945,80.09,11910866
EFA,2024-12-06,80.39,80.39,79.9,80.08,7072545
EFA,2024-12-09,80.53,80.625,80.0,80.03,7801060
EFA,2024-12-10,79.83,79.85,79.29,79.31,10662787
EFA,2024-12-11,79.73,79.87,79.49,79.81,11859039
EFA,2024-12-12,79.39,79.71,79.05,79.11,8623811
EFA,2024-12-13,79.21,79.21,78.68,78.89,10116569
EFA,2024-12-16,78.58,78.895,78.5001,78.63,25547908
EFA,2024-12-17,77.43,77.71,77.37,77.45,13934864
EFA,2024-12-18,77.375,77.535,75.405,75.55,16470395
EFA,2024-12-19,75.8,75.87,75.255,75.31,17486579
EFA,2024-12-20,74.38,75.7299,74.37,75.1,20878324
EFA,2024-12-23,75.24,75.64,74.94,75.59,10491242
EFA,2024-12-24,75.62,75.92,75.43,75.86,5585232
EFA,2024-12-26,75.99,76.345,75.9301,76.22,10787372
EFA,2024-12-27,76.08,76.275,75.83,76.11,15819744
EFA,2024-12-30,75.64,75.8799,75.275,75.61,16427609
EFA,2024-12-31,75.86,75.98,75.44,75.61,21393484
EFA,2025-01-02,75.7,75.87,75.14,75.35,12756558
EFA,2025-01-03,75.53,75.74,75.235,75.68,12548776
EFA,2025-01-06,76.33,76.89,76.25,76.4,16201781
EFA,2025-01-07,77.06,77.06,76.23,76.34,9393247
EFA,2025-01-08,75.9,76.33,75.675,76.22,7894852
EFA,2025-01-10,75.65,75.67,74.9038,75.06,12022276
EFA,2025-01-13,74.25,74.89,74.24,74.85,12019745
EFA,2025-01-14,75.02,75.256,74.76,75.12,9963181
EFA,2025-01-15,76.2,76.26,75.755,76.08,12144784
EFA,2025-01-16,76.25,76.69,76.09,76.47,17925790
EFA,2025-01-17,76.86,77.195,76.68,76.78,10667115
EFA,2025-01-21,77.8,78.35,77.6838,78.33,13169107
EFA,2025-01-22,78.49,78.5,78.12,78.15,8666664
EFA,2025-01-23,78.34,78.79,78.19,78.79,10977637
EFA,2025-01-24,79.15,79.46,79.075,79.23,7578399
EFA,2025-01-27,78.84,79.27,78.82,79.23,13559152
EFA,2025-01-28,79.11,79.18,78.655,79.13,9458406
EFA,2025-01-29,79.14,79.355,78.85,79.12,7875350
EFA,2025-01-30,79.88,80.32,79.64,79.99,13792063
EFA,2025-01-31,79.86,80.17,79.17,79.24,14935711
EFA,2025-02-03,77.91,78.8,77.6476,78.31,14997646
EFA,2025-02-04,78.785,79.3,78.71,79.22,10608266
EFA,2025-02-05,79.71,80.085,79.55,79.99,7857042
EFA,2025-02-06,80.25,80.54,80.1901,80.37,7806531
EFA,2025-02-07,80.42,80.48,79.48,79.61,13110844
EFA,2025-02-10,79.98,80.175,79.92,80.15,7287254
EFA,2025-02-11,80.06,80.615,80.025,80.53,7583803
EFA,2025-02-12,80.01,80.99,79.89,80.83,17271426
EFA,2025-02-13,81.2,81.85,81.12,81.81,17212339
EFA,2025-02-14,82.27,82.35,81.905,81.93,8051820
EFA,2025-02-18,82.47,82.63,82.32,82.52,9485857
EFA,2025-02-19,81.65,81.8,81.375,81.67,11042162
EFA,2025-02-20,81.91,82.1,81.585,82.05,9177372
EFA,2025-02-21,82.12,82.135,81.3801,81.54,11630000
EFA,2025-02-24,81.87,81.99,81.3399,81.49,11135811
EFA,2025-02-25,82.51,82.51,81.875,82.23,10091354
EFA,2025-02-26,82.47,82.985,82.17,82.34,11254629
EFA,2025-02-27,82.11,82.11,81.36,81.41,19003207
EFA,2025-02-28,81.33,81.65,80.81,81.58,20717807
EFA,2025-03-03,83.17,83.385,82.025,82.48,16234749
EFA,2025-03-04,81.89,83.33,81.21,82.46,18408473
EFA,2025-03-05,83.58,84.57,83.58,84.43,17092514
EFA,2025-03-06,83.81,84.4899,83.5,83.56,18421015
EFA,2025-03-07,83.71,84.54,83.5365,84.43,13184265
EFA,2025-03-10,83.04,83.34,81.88,82.44,15823195
EFA,2025-03-11,82.53,82.65,81.605,82.16,18088834
EFA,2025-03-12,82.71,82.93,82.175,82.75,15886266
EFA,2025-03-13,82.27,82.495,81.9399,82.2,18561447
EFA,2025-03-14,83.0,83.73,82.85,83.71,13971270
EFA,2025-03-17,83.93,84.78,83.87,84.65,12966764
EFA,2025-03-18,84.58,84.7701,84.1499,84.64,10513395
EFA,2025-03-19,84.34,85.185,84.2773,84.89,16362393
EFA,2025-03-20,83.67,84.25,83.645,84.18,11820548
EFA,2025-03-21,83.55,83.82,83.37,83.66,18771241
EFA,2025-03-24,83.585,83.83,83.345,83.65,12201774
EFA,2025-03-25,84.22,84.32,83.91,84.11,10478188
EFA,2025-03-26,83.55,83.775,82.875,83.02,17011162
EFA,2025-03-27,82.89,83.39,82.845,83.2,10331864
EFA,2025-03-28,82.79,82.885,82.29,82.46,14242399
EFA,2025-03-31,81.27,81.875,80.915,81.73,25560626
EFA,2025-04-01,81.78,82.11,81.345,81.85,15153975
EFA,2025-04-02,81.25,82.13,81.19,82.04,14451646
EFA,2025-04-03,81.24,81.445,80.215,80.32,18718353
EFA,2025-04-04,77.25,77.515,74.97,75.02,40904309
EFA,2025-04-07,72.69,76.25,72.145,73.21,63057498
EFA,2025-04-08,75.83,75.92,72.22,72.96,36425015
EFA,2025-04-09,73.16,78.86,72.76,78.59,60645131
EFA,2025-04-10,77.2,77.485,75.285,77.04,36697619
EFA,2025-04-11,77.34,79.145,77.225,78.97,28909928
EFA,2025-04-14,79.45,80.24,79.17,79.82,15749900
EFA,2025-04-15,80.45,80.905,80.36,80.54,13679843
EFA,2025-04-16,80.55,81.06,79.94,80.23,16542601
EFA,2025-04-17,80.96,81.59,80.805,81.1,14072528
EFA,2025-04-21,81.47,81.56,80.09,80.66,15883913
EFA,2025-04-22,81.77,82.7,81.75,82.33,14923224
EFA,2025-04-23,83.12,83.63,82.43,82.66,15223543
EFA,2025-04-24,83.03,83.79,82.885,83.76,11194210
EFA,2025-04-25,83.6,84.15,83.48,84.12,10485378
EFA,2025-04-28,84.23,84.765,84.1547,84.68,10085403
EFA,2025-04-29,84.59,85.03,84.5627,84.85,8303750
EFA,2025-04-30,84.28,85.01,83.8601,84.75,24147911
EFA,2025-05-01,84.98,84.99,84.365,84.48,10070866
EFA,2025-05-02,85.96,86.295,85.81,86.1,14798549
EFA,2025-05-05,86.37,86.475,86.23,86.25,8119851
EFA,2025-05-06,86.21,86.44,86.05,86.14,8661737
EFA,2025-05-07,85.93,86.185,85.59,85.85,8536595
EFA,2025-05-08,86.085,86.09,85.5,85.55,12228336
EFA,2025-05-09,86.21,86.21,85.74,85.97,9148988
EFA,2025-05-12,86.09,86.42,85.65,86.41,12602562
EFA,2025-05-13,86.295,86.73,86.2,86.52,13242907
EFA,2025-05-14,86.805,86.83,86.035,86.1,10173345
EFA,2025-05-15,86.72,87.1,86.495,87.04,11283163
EFA,2025-05-16,86.94,87.275,86.77,87.24,8372141
EFA,2025-05-19,87.24,88.08,87.22,88.07,9062923
EFA,2025-05-20,88.26,88.53,88.21,88.49,23335474
EFA,2025-05-21,88.6,88.89,87.925,87.97,15278897
EFA,2025-05-22,87.625,88.15,87.485,87.92,12787316
EFA,2025-05-23,87.2,88.2,87.15,88.04,16959592
EFA,2025-05-27,89.3,89.46,89.12,89.32,12435731
EFA,2025-05-28,88.45,88.545,88.12,88.29,16812428
EFA,2025-05-29,88.74,88.75,88.2499,88.68,11454353
EFA,2025-05-30,88.75,88.9,88.17,88.81,18590171
EFA,2025-06-02,88.97,89.79,88.67,89.76,25710474
EFA,2025-06-03,88.86,89.17,88.625,89.08,11787449
EFA,2025-06-04,89.29,89.75,89.23,89.48,11593334
EFA,2025-06-05,89.76,89.86,89.23,89.42,14543140
EFA,2025-06-06,89.62,89.845,89.5,89.74,10301082
EFA,2025-06-09,89.62,90.0,89.555,89.73,9641764
EFA,2025-06-10,90.05,90.09,89.65,89.85,10254102
EFA,2025-06-11,90.01,90.16,89.64,89.7,12329627
EFA,2025-06-12,90.2,90.505,90.145,90.39,13288064
EFA,2025-06-13,89.22,89.72,89.0165,89.23,22177127
EFA,2025-06-16,88.41,88.86,88.04,88.04,17843407
EFA,2025-06-17,87.665,87.745,86.86,86.96,16726290
EFA,2025-06-18,87.21,87.585,86.9,87.11,18504431
EFA,2025-06-20,87.04,87.05,86.31,86.33,16900634
EFA,2025-06-23,85.74,87.0057,85.68,86.98,23100647
EFA,2025-06-24,87.66,88.17,87.56,88.04,14900765
EFA,2025-06-25,87.57,87.68,87.36,87.56,14422092
EFA,2025-06-26,88.24,88.6099,88.13,88.54,15791542
EFA,2025-06-27,89.18,89.62,88.955,89.34,15987686
EFA,2025-06-30,89.12,89.49,88.95,89.39,28062282
EFA,2025-07-01,89.11,89.39,89.0342,89.24,11406067
EFA,2025-07-02,88.97,89.56,88.84,89.5,13133597
EFA,2025-07-03,89.435,89.675,89.39,89.52,5311077
EFA,2025-07-07,88.94,89.1,88.3,88.55,12925001
EFA,2025-07-08,88.7,89.29,88.6,89.2,9061444
EFA,2025-07-09,89.59,89.9,89.375,89.87,8699939
EFA,2025-07-10,89.63,89.88,89.425,89.81,8554427
EFA,2025-07-11,89.1,89.125,88.81,88.95,8467972
EFA,2025-07-14,88.65,89.015,88.57,88.95,7969857
EFA,2025-07-15,88.96,88.97,87.96,88.02,10572042
EFA,2025-07-16,87.98,88.44,87.72,88.38,16776533
EFA,2025-07-17,88.15,88.62,88.085,88.61,9542032
EFA,2025-07-18,89.02,89.025,88.275,88.36,11044833
EFA,2025-07-21,88.78,89.28,88.61,88.83,9323984
EFA,2025-07-22,88.93,89.39,88.7135,89.32,12134311
EFA,2025-07-23,90.54,91.57,90.485,91.54,18088192
EFA,2025-07-24,91.07,91.27,90.86,90.86,12025603
EFA,2025-07-25,90.19,90.76,90.085,90.75,9583464
EFA,2025-07-28,89.81,89.86,89.095,89.29,13653965
EFA,2025-07-29,89.3,89.3,88.93,89.11,11888621
EFA,2025-07-30,88.825,89.075,88.14,88.47,14623006
EFA,2025-07-31,88.1,88.135,87.35,87.52,29271575
EFA,2025-08-01,87.28,87.425,86.735,87.29,18658183
EFA,2025-08-04,88.23,88.47,88.11,88.45,14718054
EFA,2025-08-05,88.6,88.64,88.17,88.44,11634139
EFA,2025-08-06,88.84,89.17,88.765,89.02,11499873
EFA,2025-08-07,90.02,90.09,89.44,89.82,11525591
EFA,2025-08-08,90.15,90.525,90.08,90.37,10367276
EFA,2025-08-11,90.12,90.2,89.875,89.99,8516640
EFA,2025-08-12,90.39,91.15,90.275,91.09,12302860
EFA,2025-08-13,91.39,91.66,91.365,91.64,9490537
EFA,2025-08-14,91.225,91.68,91.195,91.65,11790572
EFA,2025-08-15,92.22,92.275,92.04,92.19,11864283
EFA,2025-08-18,91.945,92.135,91.795,92.09,11577829
EFA,2025-08-19,92.33,92.49,92.015,92.1,10721578
EFA,2025-08-20,92.27,92.46,92.105,92.43,15871192
EFA,2025-08-21,91.92,92.065,91.685,91.85,11258869
EFA,2025-08-22,92.21,93.38,92.18,93.23,15827472
EFA,2025-08-25,92.79,92.945,91.9801,92.0,11700869
EFA,2025-08-26,91.74,91.95,91.67,91.9,11788856
EFA,2025-08-27,91.22,91.715,91.035,91.68,13054224
EFA,2025-08-28,92.0,92.14,91.83,92.02,11136419
EFA,2025-08-29,91.53,91.65,91.325,91.48,18544492
EFA,2025-09-02,90.1,90.735,90.04,90.58,15496271
EFA,2025-09-03,90.45,90.8,90.37,90.72,14402419
EFA,2025-09-04,91.0,91.4,90.935,91.38,10348031
EFA,2025-09-05,92.115,92.385,91.495,91.79,15510643
EFA,2025-09-08,92.46,92.74,92.24,92.71,12010731
EFA,2025-09-09,92.325,92.495,92.15,92.4,10893174
EFA,2025-09-10,92.65,92.765,92.265,92.38,11838438
EFA,2025-09-11,92.78,93.39,92.75,93.36,11013030
EFA,2025-09-12,92.99,93.125,92.765,92.99,10010534
EFA,2025-09-15,93.45,93.6799,93.32,93.61,18108014
EFA,2025-09-16,93.52,93.54,93.08,93.35,25226898
EFA,2025-09-17,93.24,93.77,92.61,93.0,17013573
EFA,2025-09-18,93.1,93.48,92.82,93.36,15791635
EFA,2025-09-19,93.04,93.145,92.76,93.0,21889338
EFA,2025-09-22,92.96,93.34,92.73,93.3,13692268
EFA,2025-09-23,93.51,93.67,93.015,93.12,14688387
EFA,2025-09-24,92.69,92.92,92.46,92.58,14910666
EFA,2025-09-25,91.945,92.02,91.525,91.92,22434553
EFA,2025-09-26,92.31,92.64,92.225,92.63,18137958
EFA,2025-09-29,92.92,93.06,92.765,92.99,13807071
EFA,2025-09-30,92.885,93.46,92.86,93.37,24294994
EFA,2025-10-01,93.88,94.27,93.8601,94.14,17167910
EFA,2025-10-02,94.535,94.6,93.87,94.29,15300541
EFA,2025-10-03,94.97,95.265,94.845,95.08,13985532
EFA,2025-10-06,95.25,95.525,95.145,95.3,12812709
EFA,2025-10-07,94.96,95.0107,94.4325,94.47,9074987
EFA,2025-10-08,94.79,94.9251,94.5501,94.75,11159395
EFA,2025-10-09,94.79,94.79,93.7399,93.97,10567894
EFA,2025-10-10,93.69,93.7662,92.115,92.24,26137180
EFA,2025-10-13,92.65,93.08,92.53,92.98,11132883
EFA,2025-10-14,92.45,93.6758,92.335,93.4,15119002
EFA,2025-10-15,93.86,94.1307,93.315,93.85,15005514
EFA,2025-10-16,94.42,94.74,94.0,94.34,24970280
EFA,2025-10-17,94.04,94.5665,93.92,94.51,16789486
EFA,2025-10-20,94.945,95.375,94.93,95.29,12951059
EFA,2025-10-21,94.86,95.0,94.55,94.59,16644262
EFA,2025-10-22,94.6,94.76,94.05,94.45,15028680
EFA,2025-10-23,94.62,94.9986,94.62,94.89,10584494
EFA,2025-10-24,95.08,95.205,94.935,95.04,8967861
EFA,2025-10-27,95.56,95.73,95.48,95.7,10612646
EFA,2025-10-28,95.63,95.95,95.465,95.66,9187623
EFA,2025-10-29,95.66,95.75,94.645,95.12,17914374
EFA,2025-10-30,94.57,95.08,94.5,94.7,13967840
EFA,2025-10-31,94.59,94.61,94.13,94.49,19459165
EFA,2025-11-03,94.56,94.64,94.26,94.53,10681370
EFA,2025-11-04,93.525,94.03,93.445,93.56,10349018
EFA,2025-11-05,93.68,94.32,93.67,94.16,12435654
EFA,2025-11-06,94.27,94.36,93.705,93.95,16175998
EFA,2025-11-07,93.57,94.32,93.34,94.3,13976941
EFA,2025-11-10,94.86,95.35,94.59,95.29,15682792
EFA,2025-11-11,95.67,96.1401,95.67,95.99,12959431
EFA,2025-11-12,96.31,96.69,96.31,96.56,9532343
EFA,2025-11-13,96.35,96.46,95.425,95.53,15864780
EFA,2025-11-14,94.88,95.5269,94.78,95.26,17396354
EFA,2025-11-17,94.6,94.88,93.68,94.02,18850876
EFA,2025-11-18,92.81,93.1456,92.3,92.8,22482259
EFA,2025-11-19,92.71,93.065,92.1441,92.52,15425364
EFA,2025-11-20,93.13,93.25,91.21,91.24,26720920
EFA,2025-11-21,92.1,92.895,91.76,92.65,27211439
EFA,2025-11-24,92.45,92.875,92.34,92.73,18550865
EFA,2025-11-25,93.13,93.88,92.885,93.84,19903831
EFA,2025-11-26,94.26,95.01,94.23,94.87,13481192
EFA,2025-11-28,94.84,95.22,94.735,95.19,8136033
EFA,2025-12-01,94.92,95.15,94.69,94.72,21791503
EFA,2025-12-02,95.08,95.13,94.745,95.04,14267613
EFA,2025-12-03,95.12,95.59,95.1,95.55,14439837
EFA,2025-12-04,96.08,96.175,95.645,95.81,13862949
EFA,2025-12-05,96.1,96.225,95.635,95.81,15829874
EFA,2025-12-08,95.82,95.82,95.355,95.51,13562148
EFA,2025-12-09,95.6,95.83,95.36,95.38,13059922
EFA,2025-12-10,95.56,96.5999,95.495,96.44,21171779
EFA,2025-12-11,96.715,97.1499,96.63,97.01,19221697
EFA,2025-12-12,97.06,97.18,96.145,96.5,20514863
EFA,2025-12-15,97.31,97.415,96.87,97.09,22751908
EFA,2025-12-16,95.14,95.225,94.595,94.92,29380526
EFA,2025-12-17,94.73,94.95,94.13,94.15,34926072
EFA,2025-12-18,94.95,95.305,94.58,94.82,29971362
EFA,2025-12-19,95.26,95.73,95.21,95.46,31094759
EFA,2025-12-22,95.47,95.7554,95.4,95.7,15861192
EFA,2025-12-23,96.28,96.44,96.165,96.29,16485891
EFA,2025-12-24,96.33,96.4614,96.185,96.41,5609693
EFA,2025-12-26,96.53,96.6,96.335,96.57,9304222
EFA,2025-12-29,96.26,96.465,96.055,96.28,16705457
EFA,2025-12-30,96.63,96.795,96.415,96.44,15876987
EFA,2025-12-31,96.33,96.39,95.9239,96.03,27618024
EFA,2026-01-02,97.03,97.105,96.51,97.04,42922553
EFA,2026-01-05,97.255,98.15,97.23,98.15,25186954
EFA,2026-01-06,98.31,98.48,98.13,98.3,14557983
EFA,2026-01-07,98.14,98.205,97.84,97.93,15468958
EFA,2026-01-08,97.56,97.95,97.525,97.94,14090757
EFA,2026-01-09,98.42,98.885,98.33,98.81,16001759
EFA,2026-01-12,99.15,99.44,99.115,99.41,15313534
EFA,2026-01-13,99.23,99.25,98.645,98.84,17697978
EFA,2026-01-14,99.19,99.37,98.98,99.3,19947519
EFA,2026-01-15,99.62,99.62,99.22,99.26,24662623
EFA,2026-01-16,99.42,99.54,99.055,99.53,18699264
EFA,2026-01-20,98.0,98.685,97.86,98.02,25996205
EFA,2026-01-21,98.27,99.28,97.89,99.03,26150514
EFA,2026-01-22,99.39,99.67,99.18,99.42,16592844
EFA,2026-01-23,99.17,100.0,99.0,99.97,16753537
EFA,2026-01-26,100.54,100.825,100.46,100.47,14959320
EFA,2026-01-27,101.47,102.32,101.43,102.09,19706845
EFA,2026-01-28,101.185,101.355,100.56,101.01,21938778
EFA,2026-01-29,102.015,102.1,100.555,101.69,29236249
EFA,2026-01-30,101.35,101.54,100.37,100.74,27813416
EFA,2026-02-02,100.88,101.545,100.82,101.4,21725501
EFA,2026-02-03,101.14,101.655,100.64,101.45,21647261
EFA,2026-02-04,102.47,102.665,101.37,101.78,25576679
EFA,2026-02-05,100.62,101.145,100.27,100.33,22760150
EFA,2026-02-06,101.69,102.65,101.635,102.61,17343717
EFA,2026-02-09,103.23,104.17,103.115,103.99,20137686
EFA,2026-02-10,104.575,104.67,104.24,104.24,16861808
EFA,2026-02-11,104.84,105.17,104.16,104.94,20493537
EFA,2026-02-12,105.09,105.24,103.81,104.15,29385324
EFA,2026-02-13,103.88,104.43,103.445,104.24,22651314
EFA,2026-02-17,103.36,104.34,103.02,104.22,19647198
EFA,2026-02-18,104.37,104.91,104.12,104.34,16099437
EFA,2026-02-19,103.54,104.09,103.37,104.05,15994117
EFA,2026-02-20,103.86,105.05,103.86,104.9,25737456
EFA,2026-02-23,104.81,105.105,104.19,104.47,14151839
EFA,2026-02-24,104.17,104.915,104.08,104.66,17358044
EFA,2026-02-25,105.255,105.7953,105.145,105.66,14783781
EFA,2026-02-26,105.635,105.72,104.87,105.57,28482697
EFA,2026-02-27,105.52,105.94,105.26,105.38,25575483
EFA,2026-03-02,102.76,103.725,102.72,103.3,38047008
EFA,2026-03-03,98.65,100.56,97.75,100.09,52567274
EFA,2026-03-04,100.785,101.49,100.4,101.38,30766526
EFA,2026-03-05,99.78,100.27,98.22,99.16,34508251
EFA,2026-03-06,97.27,98.69,97.06,98.28,27734382
EFA,2026-03-09,96.775,99.405,95.98,98.99,37484689
EFA,2026-03-10,99.735,100.88,99.07,99.22,44802860
EFA,2026-03-11,98.64,99.375,98.285,99.01,21349912
EFA,2026-03-12,98.04,98.13,97.005,97.46,34724593
EFA,2026-03-13,97.665,98.105,96.14,96.3,27628296
EFA,2026-03-16,97.64,98.32,97.45,98.1,17384126
EFA,2026-03-17,98.74,98.965,98.24,98.37,16411463
EFA,2026-03-18,97.81,98.01,96.605,96.69,26644886
EFA,2026-03-19,94.94,97.11,94.8,96.52,34858276
EFA,2026-03-20,96.13,96.13,93.08,93.59,45493716
EFA,2026-03-23,95.525,97.02,94.945,95.84,40781199
EFA,2026-03-24,94.485,95.81,94.35,95.27,22695848
EFA,2026-03-25,96.92,97.15,96.15,96.66,20476287
EFA,2026-03-26,95.47,96.23,94.615,94.66,19676756
EFA,2026-03-27,94.29,94.84,93.515,93.8,22341137
EFA,2026-03-30,94.72,94.975,93.67,94.07,16136380
EFA,2026-03-31,95.57,97.155,95.0601,97.13,39447980
EFA,2026-04-01,98.52,99.32,98.215,98.61,27123209
EFA,2026-04-02,96.54,98.42,96.36,98.0,17276285
EFA,2026-04-06,98.13,98.73,98.03,98.49,11810903
EFA,2026-04-07,97.67,98.5,96.79,98.35,19809723
EFA,2026-04-08,102.49,102.635,101.515,102.19,22300868
EFA,2026-04-09,101.09,102.47,100.91,101.95,14958351
EFA,2026-04-10,102.63,102.69,101.805,102.18,8670349
EFA,2026-04-13,101.265,102.85,101.175,102.81,19346912
EFA,2026-04-14,103.34,103.82,103.21,103.64,16581253
EFA,2026-04-15,103.39,103.445,102.935,103.31,8786288
EFA,2026-04-16,103.56,103.58,102.645,103.01,13227621
EFA,2026-04-17,104.46,105.13,104.21,104.32,17321901
EFA,2026-04-20,103.72,103.93,103.13,103.91,12896409
EFA,2026-04-21,103.125,103.27,101.51,101.63,18105407
EFA,2026-04-22,102.33,102.38,101.65,101.97,9990803
EFA,2026-04-23,101.75,102.12,100.15,101.24,15774205
EFA,2026-04-24,101.41,101.96,101.15,101.77,14219368
EFA,2026-04-27,101.825,102.055,101.34,101.38,10091680
EFA,2026-04-28,100.93,101.13,100.56,100.96,11008861
EFA,2026-04-29,100.4,100.48,99.505,99.93,10987198
EFA,2026-04-30,101.32,102.575,101.09,102.32,16585804
EFA,2026-05-01,102.29,102.87,102.065,102.1,14447180
EFA,2026-05-04,101.44,101.715,100.26,100.7,21026266
EFA,2026-05-05,101.67,102.16,101.19,102.04,12347315
EFA,2026-05-06,104.5,104.92,104.31,104.81,14755515
EFA,2026-05-07,104.82,104.86,102.82,102.89,19257474
EFA,2026-05-08,103.765,104.04,103.39,103.96,12280190
EFA,2026-05-11,103.81,104.0,103.57,103.74,10717945
EFA,2026-05-12,103.0,103.28,102.35,103.14,15771337
EFA,2026-05-13,103.01,103.88,102.9306,103.83,9578943
EFA,2026-05-14,103.79,103.9263,103.41,103.46,8943807
EFA,2026-05-15,102.01,102.14,101.55,101.72,17916753
EFA,2026-05-18,102.48,102.82,101.775,102.66,15943992
EFA,2026-05-19,102.075,102.47,101.69,101.92,13211795
EFA,2026-05-20,102.155,103.91,101.97,103.62,16406971
EFA,2026-05-21,102.815,104.56,102.6,104.19,14357631
EFA,2026-05-22,104.22,104.48,103.7899,103.98,12012636
EFA,2026-05-26,105.345,105.46,104.755,105.13,12884884
EFA,2026-05-27,105.06,105.085,104.515,104.77,12599620
EFA,2026-05-28,104.115,105.01,103.97,104.69,13605998
EFA,2026-05-29,105.13,105.52,104.73,104.8,16934044
EFA,2026-06-01,103.99,104.92,103.6,104.44,17412617
EFA,2026-06-02,104.59,105.155,104.53,105.02,8400727
EFA,2026-06-03,104.575,104.635,104.07,104.12,11807067
EFA,2026-06-04,104.54,105.015,104.43,104.95,10158677
EFA,2026-06-05,104.14,104.185,101.91,102.26,16937636
EFA,2026-06-08,103.27,103.495,102.715,102.88,13550419
EFA,2026-06-09,103.89,104.235,101.34,102.9,21878015
EFA,2026-06-10,102.23,102.9,101.49,101.57,22737741
EFA,2026-06-11,102.48,104.85,102.22,104.73,20415020
EFA,2026-06-12,104.65,105.36,104.19,105.02,14219960
EFA,2026-06-15,104.69,104.74,103.985,104.08,14053627
EFA,2026-06-16,104.72,104.8,104.225,104.31,12047013
EFA,2026-06-17,105.04,105.42,103.585,103.78,20717592
EFA,2026-06-18,104.58,104.66,104.18,104.41,15466272
EFA,2026-06-22,104.59,104.835,104.425,104.58,9596198
EFA,2026-06-23,102.38,103.015,102.315,102.46,17425692
EFA,2026-06-24,102.24,102.65,101.92,102.26,12504170
EFA,2026-06-25,103.48,103.725,102.73,103.15,13139590
EFA,2026-06-26,102.46,103.07,102.3,102.54,21219217
EFA,2026-06-29,102.87,103.47,102.22,103.45,10788621
EFA,2026-06-30,103.32,103.89,103.19,103.88,16945923
EFA,2026-07-01,103.07,103.43,102.87,103.02,13487082
EFA,2026-07-02,104.59,105.27,103.75,104.37,12685960
EFA,2026-07-06,104.995,105.52,104.88,105.46,9803217
EFA,2026-07-07,105.015,105.16,103.85,104.16,10715192
EFA,2026-07-08,102.81,103.405,102.255,103.36,8642828
EFA,2026-07-09,103.61,104.185,103.55,103.92,7586409
EFA,2026-07-10,104.18,104.595,103.61,104.33,8286795
EFA,2026-07-13,103.85,103.98,103.085,103.24,10953703
EFA,2026-07-14,104.38,105.09,103.91,103.96,9932196
EFA,2026-07-15,104.28,104.81,103.8,104.65,7415824
EFA,2026-07-16,103.67,104.22,103.47,103.81,9966804
EFA,2026-07-17,102.51,103.51,102.51,103.33,10969900
EFA,2026-07-20,103.34,103.49,102.465,102.57,14834448
EFA,2026-07-21,103.51,104.19,103.09,104.06,9826921
EFA,2026-07-22,104.44,104.64,104.215,104.25,14694586
EFA,2026-07-23,102.755,103.29,102.54,102.9,12596067
EFA,2026-07-24,103.5,104.025,103.255,103.41,9032149
EFA,2026-07-27,104.355,104.455,103.445,103.91,9299983
EFA,2026-07-28,103.19,104.18,103.12,103.89,9580483
EFA,2026-07-29,103.715,104.85,102.98,103.37,11646402
EFA,2026-07-30,105.005,106.32,104.81,106.24,13263685
EFA,2026-07-31,105.75,105.8297,104.6,105.58,14260693
EFA,2026-08-03,105.72,106.08,105.535,106.02,9956842
EFA,2026-08-04,106.72,107.47,106.61,107.32,10410034
EFA,2026-08-05,107.99,108.0,107.4,107.43,9007597
EFA,2026-08-06,107.66,107.905,107.255,107.36,8510713
EFA,2026-08-07,108.75,108.76,108.185,108.55,9430888
EFA,2026-08-10,108.21,108.305,107.965,108.01,7015481
EFA,2026-08-11,108.44,108.625,107.88,108.09,6368380
EFA,2026-08-12,108.75,108.815,108.32,108.5,9901365
