symbol,date,open,high,low,close,volume
GBPUSD,2006-07-31,1.8627,1.8689,1.8616,1.8675,15165
GBPUSD,2006-08-01,1.8675,1.8765,1.8625,1.8762,16664
GBPUSD,2006-08-02,1.8762,1.8796,1.873,1.8766,14003
GBPUSD,2006-08-03,1.8766,1.8915,1.8698,1.8875,13432
GBPUSD,2006-08-04,1.8875,1.9129,1.8851,1.9081,12531
GBPUSD,2006-08-07,1.9081,1.9116,1.9044,1.9067,15902
GBPUSD,2006-08-08,1.9067,1.9144,1.9033,1.9074,15536
GBPUSD,2006-08-09,1.9074,1.9111,1.8971,1.9044,18147
GBPUSD,2006-08-10,1.9044,1.9091,1.8867,1.8932,15948
GBPUSD,2006-08-11,1.8932,1.899,1.8885,1.8905,14944
GBPUSD,2006-08-14,1.8905,1.8949,1.8841,1.8872,11503
GBPUSD,2006-08-15,1.8872,1.8977,1.8854,1.8936,14182
GBPUSD,2006-08-16,1.8936,1.9023,1.888,1.8953,13580
GBPUSD,2006-08-17,1.8953,1.9007,1.8822,1.885,14640
GBPUSD,2006-08-18,1.885,1.8868,1.8776,1.8816,12083
GBPUSD,2006-08-21,1.8816,1.8997,1.8802,1.894,13068
GBPUSD,2006-08-22,1.894,1.895,1.8854,1.8879,11759
GBPUSD,2006-08-23,1.8879,1.8997,1.8864,1.8931,12562
GBPUSD,2006-08-24,1.8931,1.8972,1.8857,1.8869,12663
GBPUSD,2006-08-25,1.8869,1.8914,1.8829,1.8871,12257
GBPUSD,2006-08-28,1.8871,1.8992,1.8861,1.8926,14938
GBPUSD,2006-08-29,1.8926,1.9028,1.8897,1.8981,15848
GBPUSD,2006-08-30,1.8981,1.906,1.8971,1.9042,14452
GBPUSD,2006-08-31,1.9042,1.9092,1.8995,1.9045,14972
GBPUSD,2006-09-01,1.9045,1.9067,1.8956,1.906,12553
GBPUSD,2006-09-04,1.906,1.908,1.903,1.9069,9121
GBPUSD,2006-09-05,1.9069,1.9071,1.8914,1.8943,12782
GBPUSD,2006-09-06,1.8943,1.8957,1.8794,1.8842,16616
GBPUSD,2006-09-07,1.8842,1.887,1.8706,1.8758,19660
GBPUSD,2006-09-08,1.8758,1.8762,1.8628,1.8651,15801
GBPUSD,2006-09-11,1.8651,1.8707,1.8603,1.8656,18716
GBPUSD,2006-09-12,1.8656,1.8772,1.8641,1.8744,19458
GBPUSD,2006-09-13,1.8744,1.8779,1.8708,1.8759,20209
GBPUSD,2006-09-14,1.8759,1.8919,1.8755,1.8863,16291
GBPUSD,2006-09-15,1.8863,1.8882,1.8754,1.8804,19511
GBPUSD,2006-09-18,1.8804,1.884,1.8734,1.8802,17201
GBPUSD,2006-09-19,1.8802,1.8888,1.8772,1.8822,18570
GBPUSD,2006-09-20,1.8822,1.893,1.8802,1.8884,20067
GBPUSD,2006-09-21,1.8884,1.9033,1.8865,1.9022,17153
GBPUSD,2006-09-22,1.9022,1.9064,1.8993,1.9008,17980
GBPUSD,2006-09-25,1.9008,1.9073,1.8982,1.8997,17894
GBPUSD,2006-09-26,1.8997,1.9028,1.8931,1.8942,20046
GBPUSD,2006-09-27,1.8942,1.8961,1.8853,1.889,20531
GBPUSD,2006-09-28,1.889,1.8917,1.8723,1.8769,19147
GBPUSD,2006-09-29,1.8769,1.8779,1.8633,1.8723,15034
GBPUSD,2006-10-02,1.8723,1.8877,1.8675,1.8867,11647
GBPUSD,2006-10-03,1.8867,1.8898,1.8856,1.8876,12409
GBPUSD,2006-10-04,1.8876,1.8883,1.8786,1.886,14837
GBPUSD,2006-10-05,1.886,1.887,1.8751,1.8793,14842
GBPUSD,2006-10-06,1.8793,1.8876,1.8671,1.8706,14124
GBPUSD,2006-10-09,1.8706,1.8713,1.8635,1.867,14198
GBPUSD,2006-10-10,1.867,1.8702,1.8527,1.8541,13929
GBPUSD,2006-10-11,1.8541,1.8589,1.8516,1.8534,15781
GBPUSD,2006-10-12,1.8534,1.8612,1.8531,1.8589,15499
GBPUSD,2006-10-13,1.8589,1.8639,1.8532,1.8563,14490
GBPUSD,2006-10-16,1.8563,1.8647,1.8523,1.8616,14430
GBPUSD,2006-10-17,1.8616,1.8735,1.8607,1.8706,14223
GBPUSD,2006-10-18,1.8706,1.8739,1.8661,1.8678,13538
GBPUSD,2006-10-19,1.8678,1.8801,1.8664,1.8776,12427
GBPUSD,2006-10-20,1.8776,1.886,1.8753,1.8833,12576
GBPUSD,2006-10-23,1.8833,1.8838,1.8686,1.8736,10601
GBPUSD,2006-10-24,1.8736,1.8768,1.8673,1.8727,11974
GBPUSD,2006-10-25,1.8727,1.88,1.8719,1.8772,13283
GBPUSD,2006-10-26,1.8772,1.8926,1.8768,1.8905,13275
GBPUSD,2006-10-27,1.8905,1.9003,1.8869,1.8966,12770
GBPUSD,2006-10-30,1.8966,1.9042,1.8953,1.9011,11810
GBPUSD,2006-10-31,1.9011,1.9098,1.8956,1.9072,14209
GBPUSD,2006-11-01,1.9072,1.9135,1.9053,1.9086,10998
GBPUSD,2006-11-02,1.9086,1.9107,1.9033,1.9084,11880
GBPUSD,2006-11-03,1.9084,1.9116,1.8975,1.9005,11125
GBPUSD,2006-11-06,1.9005,1.9029,1.8946,1.8976,10778
GBPUSD,2006-11-07,1.8976,1.9124,1.8968,1.9059,11386
GBPUSD,2006-11-08,1.9059,1.9097,1.9007,1.9053,9130
GBPUSD,2006-11-09,1.9053,1.9086,1.8974,1.905,11027
GBPUSD,2006-11-10,1.905,1.9179,1.905,1.9106,10862
GBPUSD,2006-11-13,1.9106,1.9153,1.8996,1.9009,7872
GBPUSD,2006-11-14,1.9009,1.9051,1.8922,1.8952,9912
GBPUSD,2006-11-15,1.8952,1.8968,1.8836,1.8888,9960
GBPUSD,2006-11-16,1.8888,1.8931,1.885,1.8882,9012
GBPUSD,2006-11-17,1.8882,1.8968,1.8835,1.8946,9731
GBPUSD,2006-11-20,1.8946,1.8985,1.8932,1.8976,8780
GBPUSD,2006-11-21,1.8976,1.9004,1.8961,1.8989,8295
GBPUSD,2006-11-22,1.8989,1.9166,1.8984,1.9145,10417
GBPUSD,2006-11-23,1.9145,1.9168,1.9129,1.9154,7454
GBPUSD,2006-11-24,1.9154,1.9351,1.9146,1.9313,10805
GBPUSD,2006-11-27,1.9313,1.9469,1.9305,1.9381,12455
GBPUSD,2006-11-28,1.9381,1.9533,1.9366,1.9515,14023
GBPUSD,2006-11-29,1.9515,1.9545,1.9434,1.9464,12641
GBPUSD,2006-11-30,1.9464,1.9698,1.9447,1.9659,13206
GBPUSD,2006-12-01,1.9659,1.9847,1.9634,1.9795,13084
GBPUSD,2006-12-04,1.9795,1.9838,1.9724,1.9814,11331
GBPUSD,2006-12-05,1.9814,1.982,1.9677,1.9731,12845
GBPUSD,2006-12-06,1.9731,1.9739,1.9615,1.9663,10712
GBPUSD,2006-12-07,1.9663,1.9711,1.961,1.9629,10832
GBPUSD,2006-12-08,1.9629,1.9728,1.9511,1.9531,12689
GBPUSD,2006-12-11,1.9531,1.9594,1.9465,1.958,11666
GBPUSD,2006-12-12,1.958,1.9714,1.9575,1.9712,12900
GBPUSD,2006-12-13,1.9712,1.9728,1.9604,1.9667,11014
GBPUSD,2006-12-14,1.9667,1.9713,1.9579,1.9601,11181
GBPUSD,2006-12-15,1.9601,1.9665,1.9499,1.9515,13549
GBPUSD,2006-12-18,1.9515,1.9579,1.9433,1.9474,9786
GBPUSD,2006-12-19,1.9474,1.9701,1.9464,1.9694,12216
GBPUSD,2006-12-20,1.9694,1.9748,1.9618,1.9642,11122
GBPUSD,2006-12-21,1.9642,1.9697,1.9558,1.9614,10750
GBPUSD,2006-12-22,1.9614,1.9683,1.9559,1.9592,10962
GBPUSD,2006-12-25,1.95971,1.97589,1.95649,1.95921,0
GBPUSD,2006-12-26,1.9592,1.9598,1.9514,1.9536,3728
GBPUSD,2006-12-27,1.9536,1.9633,1.9527,1.9561,10049
GBPUSD,2006-12-28,1.9561,1.9678,1.9554,1.9631,10025
GBPUSD,2006-12-29,1.9631,1.967,1.9566,1.958,9684
GBPUSD,2007-01-01,1.958,1.9581,1.958,1.9581,1
GBPUSD,2007-01-02,1.9581,1.9741,1.958,1.9736,8113
GBPUSD,2007-01-03,1.9736,1.975,1.9481,1.9513,12260
GBPUSD,2007-01-04,1.9513,1.9531,1.9397,1.9428,11882
GBPUSD,2007-01-05,1.9428,1.9444,1.9263,1.93,12251
GBPUSD,2007-01-08,1.93,1.9404,1.9261,1.9377,9633
GBPUSD,2007-01-09,1.9377,1.9456,1.9375,1.9396,8953
GBPUSD,2007-01-10,1.9396,1.9422,1.9316,1.932,10583
GBPUSD,2007-01-11,1.932,1.9536,1.9317,1.9451,14062
GBPUSD,2007-01-12,1.9451,1.9607,1.9426,1.9584,12781
GBPUSD,2007-01-15,1.9584,1.9668,1.9571,1.9644,8387
GBPUSD,2007-01-16,1.9644,1.9706,1.959,1.9613,10874
GBPUSD,2007-01-17,1.9613,1.9724,1.9601,1.9697,10423
GBPUSD,2007-01-18,1.9697,1.9778,1.9635,1.9742,12410
GBPUSD,2007-01-19,1.9742,1.9773,1.9695,1.9735,10114
GBPUSD,2007-01-22,1.9735,1.9787,1.9716,1.9761,7919
GBPUSD,2007-01-23,1.9761,1.9916,1.9751,1.9812,11237
GBPUSD,2007-01-24,1.9812,1.9832,1.9645,1.9695,13059
GBPUSD,2007-01-25,1.9695,1.9734,1.9625,1.964,12266
GBPUSD,2007-01-26,1.964,1.968,1.9556,1.9589,11166
GBPUSD,2007-01-29,1.9589,1.9614,1.9548,1.9609,8367
GBPUSD,2007-01-30,1.9609,1.9696,1.9597,1.9626,10508
GBPUSD,2007-01-31,1.9626,1.967,1.9481,1.9653,13382
GBPUSD,2007-02-01,1.9653,1.9738,1.9621,1.9667,11252
GBPUSD,2007-02-02,1.9667,1.9747,1.9635,1.967,10335
GBPUSD,2007-02-05,1.967,1.9671,1.9536,1.9602,9297
GBPUSD,2007-02-06,1.9602,1.9721,1.9588,1.971,9428
GBPUSD,2007-02-07,1.971,1.9733,1.9673,1.9706,8277
GBPUSD,2007-02-08,1.9706,1.9728,1.9542,1.9587,11743
GBPUSD,2007-02-09,1.9587,1.9602,1.9456,1.9503,9996
GBPUSD,2007-02-12,1.9503,1.9566,1.9437,1.9469,10906
GBPUSD,2007-02-13,1.9469,1.9523,1.9401,1.9468,10736
GBPUSD,2007-02-14,1.9468,1.9641,1.9454,1.9627,13030
GBPUSD,2007-02-15,1.9627,1.9678,1.9508,1.951,14179
GBPUSD,2007-02-16,1.951,1.9541,1.9463,1.95,10472
GBPUSD,2007-02-19,1.9544,1.9561,1.943,1.9512,7266
GBPUSD,2007-02-20,1.9512,1.9577,1.9478,1.9551,10484
GBPUSD,2007-02-21,1.9551,1.9591,1.9487,1.9538,13034
GBPUSD,2007-02-22,1.9538,1.9601,1.946,1.9563,11443
GBPUSD,2007-02-23,1.9563,1.9652,1.9536,1.9632,9563
GBPUSD,2007-02-26,1.9632,1.966,1.9607,1.9634,8850
GBPUSD,2007-02-27,1.9634,1.9674,1.9592,1.962,14018
GBPUSD,2007-02-28,1.962,1.9644,1.9518,1.9638,15954
GBPUSD,2007-03-01,1.9638,1.9652,1.9553,1.9582,15362
GBPUSD,2007-03-02,1.9582,1.9586,1.9412,1.9429,13050
GBPUSD,2007-03-05,1.9429,1.945,1.9184,1.9203,17357
GBPUSD,2007-03-06,1.9203,1.9322,1.9185,1.9315,13309
GBPUSD,2007-03-07,1.9315,1.9359,1.9259,1.9329,12338
GBPUSD,2007-03-08,1.9329,1.9353,1.9272,1.9282,12341
GBPUSD,2007-03-09,1.9282,1.934,1.9265,1.932,9333
GBPUSD,2007-03-12,1.932,1.9434,1.9251,1.9324,12149
GBPUSD,2007-03-13,1.9324,1.9354,1.9271,1.9288,13021
GBPUSD,2007-03-14,1.9288,1.9374,1.9211,1.936,14612
GBPUSD,2007-03-15,1.936,1.9393,1.9307,1.9372,12971
GBPUSD,2007-03-16,1.9372,1.9505,1.9357,1.9414,12973
GBPUSD,2007-03-19,1.9411,1.9473,1.9384,1.9441,9675
GBPUSD,2007-03-20,1.9441,1.9623,1.9431,1.9613,13619
GBPUSD,2007-03-21,1.9613,1.9692,1.9554,1.9677,12416
GBPUSD,2007-03-22,1.9677,1.9726,1.961,1.9646,12601
GBPUSD,2007-03-23,1.9646,1.969,1.9587,1.9619,9843
GBPUSD,2007-03-26,1.9619,1.9721,1.9569,1.9692,11103
GBPUSD,2007-03-27,1.9692,1.9703,1.9619,1.9656,9755
GBPUSD,2007-03-28,1.9656,1.9682,1.9598,1.9614,12313
GBPUSD,2007-03-29,1.9614,1.9659,1.9611,1.9617,8993
GBPUSD,2007-03-30,1.9617,1.9717,1.9545,1.9677,13496
GBPUSD,2007-04-02,1.9678,1.98,1.9662,1.9775,10711
GBPUSD,2007-04-03,1.9775,1.9824,1.9729,1.9741,10017
GBPUSD,2007-04-04,1.9741,1.9774,1.9716,1.9762,9964
GBPUSD,2007-04-05,1.9762,1.9769,1.9668,1.9707,10217
GBPUSD,2007-04-06,1.9707,1.9723,1.9636,1.9646,5202
GBPUSD,2007-04-09,1.9646,1.9663,1.959,1.9623,4324
GBPUSD,2007-04-10,1.9623,1.975,1.9611,1.9727,9709
GBPUSD,2007-04-11,1.9727,1.9818,1.9709,1.9748,10716
GBPUSD,2007-04-12,1.9748,1.9813,1.9724,1.9793,9111
GBPUSD,2007-04-13,1.9793,1.9887,1.9781,1.9866,11259
GBPUSD,2007-04-16,1.9853,1.994,1.9851,1.9895,10122
GBPUSD,2007-04-17,1.9895,2.0075,1.988,2.0066,11561
GBPUSD,2007-04-18,2.0066,2.0132,2.0013,2.0085,9382
GBPUSD,2007-04-19,2.0085,2.0094,1.9984,2.0033,10905
GBPUSD,2007-04-20,2.0033,2.0069,1.9988,2.0035,8074
GBPUSD,2007-04-23,2.0052,2.0062,1.997,2.0008,7132
GBPUSD,2007-04-24,2.0008,2.0045,1.9954,2.0017,9915
GBPUSD,2007-04-25,2.0017,2.0062,2.0004,2.0014,8130
GBPUSD,2007-04-26,2.0014,2.006,1.989,1.9912,9909
GBPUSD,2007-04-27,1.9912,2.0043,1.9865,1.9984,12790
GBPUSD,2007-04-30,1.9984,2.0031,1.989,1.9993,11567
GBPUSD,2007-05-01,1.9993,2.0074,1.9979,1.9986,10256
GBPUSD,2007-05-02,1.9986,1.9997,1.987,1.9898,11222
GBPUSD,2007-05-03,1.9898,1.9947,1.9854,1.9866,8771
GBPUSD,2007-05-04,1.9866,1.9943,1.9842,1.9931,9282
GBPUSD,2007-05-07,1.9931,1.9975,1.9924,1.9928,6032
GBPUSD,2007-05-08,1.9928,1.9963,1.9878,1.9892,7484
GBPUSD,2007-05-09,1.9892,1.9998,1.9882,1.9935,8704
GBPUSD,2007-05-10,1.9935,1.9962,1.977,1.9798,12417
GBPUSD,2007-05-11,1.9798,1.9845,1.9761,1.9819,9020
GBPUSD,2007-05-14,1.9819,1.9844,1.978,1.9792,7059
GBPUSD,2007-05-15,1.9792,1.9872,1.9746,1.9858,10071
GBPUSD,2007-05-16,1.9858,1.9874,1.9756,1.9768,9184
GBPUSD,2007-05-17,1.9768,1.9792,1.9732,1.9745,7745
GBPUSD,2007-05-18,1.9745,1.9779,1.97,1.975,8236
GBPUSD,2007-05-21,1.975,1.9755,1.9676,1.9713,7428
GBPUSD,2007-05-22,1.9713,1.9768,1.9702,1.9744,6500
GBPUSD,2007-05-23,1.9744,1.9894,1.9715,1.9865,9600
GBPUSD,2007-05-24,1.9865,1.9889,1.9829,1.9846,8486
GBPUSD,2007-05-25,1.9846,1.988,1.9832,1.9843,7221
GBPUSD,2007-05-28,1.9843,1.9849,1.9824,1.9835,2253
GBPUSD,2007-05-29,1.9835,1.9899,1.979,1.981,9131
GBPUSD,2007-05-30,1.981,1.9831,1.9733,1.9757,8643
GBPUSD,2007-05-31,1.9757,1.9819,1.9737,1.9796,7689
GBPUSD,2007-06-01,1.9796,1.9826,1.9765,1.9824,8501
GBPUSD,2007-06-04,1.9824,1.9927,1.9812,1.9913,7550
GBPUSD,2007-06-05,1.9913,1.9968,1.9908,1.9933,7723
GBPUSD,2007-06-06,1.9933,1.9956,1.9906,1.9924,7817
GBPUSD,2007-06-07,1.9924,1.9942,1.9746,1.9779,10230
GBPUSD,2007-06-08,1.9779,1.9792,1.9622,1.968,12377
GBPUSD,2007-06-11,1.968,1.9702,1.965,1.9689,7027
GBPUSD,2007-06-12,1.9689,1.9782,1.9686,1.9742,8265
GBPUSD,2007-06-13,1.9742,1.9763,1.9676,1.973,10821
GBPUSD,2007-06-14,1.973,1.9735,1.9656,1.9692,7817
GBPUSD,2007-06-15,1.9692,1.9779,1.9687,1.9748,7278
GBPUSD,2007-06-18,1.9748,1.9844,1.9748,1.9833,6979
GBPUSD,2007-06-19,1.9833,1.9889,1.9824,1.9887,6868
GBPUSD,2007-06-20,1.9887,1.9947,1.987,1.993,7701
GBPUSD,2007-06-21,1.993,1.9941,1.9886,1.9925,7343
GBPUSD,2007-06-22,1.9925,1.9996,1.9911,1.9986,7826
GBPUSD,2007-06-25,1.9986,2.0006,1.9957,1.9976,6945
GBPUSD,2007-06-26,1.9976,2.0016,1.9957,1.9988,7978
GBPUSD,2007-06-27,1.9988,1.9994,1.9928,1.9993,8766
GBPUSD,2007-06-28,1.9993,2.0043,1.9975,2.0027,9004
GBPUSD,2007-06-29,2.0027,2.0085,2.001,2.0082,10215
GBPUSD,2007-07-02,2.0082,2.0183,2.0071,2.017,9871
GBPUSD,2007-07-03,2.017,2.0195,2.0132,2.0158,10386
GBPUSD,2007-07-04,2.0158,2.0207,2.015,2.0163,7306
GBPUSD,2007-07-05,2.0163,2.0202,2.0089,2.0116,11936
GBPUSD,2007-07-06,2.0116,2.0142,2.0057,2.0111,9178
GBPUSD,2007-07-09,2.0117,2.017,2.0097,2.0151,7163
GBPUSD,2007-07-10,2.0151,2.028,2.0121,2.0279,10760
GBPUSD,2007-07-11,2.0279,2.0363,2.0244,2.0323,13417
GBPUSD,2007-07-12,2.0323,2.0365,2.027,2.0301,10647
GBPUSD,2007-07-13,2.0301,2.0366,2.0259,2.034,10072
GBPUSD,2007-07-16,2.0333,2.0403,2.0323,2.036,7732
GBPUSD,2007-07-17,2.036,2.0474,2.0349,2.0466,9845
GBPUSD,2007-07-18,2.0466,2.0547,2.0459,2.0527,13054
GBPUSD,2007-07-19,2.0527,2.0544,2.047,2.0487,9501
GBPUSD,2007-07-20,2.0487,2.0587,2.048,2.0552,9584
GBPUSD,2007-07-23,2.0559,2.0603,2.0546,2.0592,6625
GBPUSD,2007-07-24,2.0592,2.0652,2.0583,2.0625,9351
GBPUSD,2007-07-25,2.0625,2.063,2.0486,2.0536,10715
GBPUSD,2007-07-26,2.0536,2.0562,2.0424,2.049,12525
GBPUSD,2007-07-27,2.049,2.0493,2.025,2.0253,15306
GBPUSD,2007-07-30,2.0231,2.029,2.018,2.0245,11071
GBPUSD,2007-07-31,2.0245,2.0378,2.0235,2.0312,11261
GBPUSD,2007-08-01,2.0312,2.0351,2.0203,2.0324,12838
GBPUSD,2007-08-02,2.0324,2.0378,2.028,2.0373,8853
GBPUSD,2007-08-03,2.0373,2.0461,2.0337,2.0413,9563
GBPUSD,2007-08-06,2.0396,2.0462,2.0279,2.0312,10780
GBPUSD,2007-08-07,2.0312,2.0336,2.0187,2.0212,10358
GBPUSD,2007-08-08,2.0212,2.0398,2.0156,2.0371,11706
GBPUSD,2007-08-09,2.0371,2.0395,2.0209,2.0232,13584
GBPUSD,2007-08-10,2.0232,2.0269,2.0153,2.0226,13322
GBPUSD,2007-08-13,2.0215,2.0258,2.0084,2.0122,10851
GBPUSD,2007-08-14,2.0122,2.0132,1.9963,1.9967,13352
GBPUSD,2007-08-15,1.9967,1.9971,1.9855,1.9887,14950
GBPUSD,2007-08-16,1.9887,1.9889,1.9768,1.9827,22328
GBPUSD,2007-08-17,1.9827,1.9936,1.965,1.9816,21899
GBPUSD,2007-08-20,1.9811,1.9901,1.9769,1.9876,11076
GBPUSD,2007-08-21,1.9876,1.9907,1.9742,1.9817,11642
GBPUSD,2007-08-22,1.9817,1.9929,1.9801,1.9927,9945
GBPUSD,2007-08-23,1.9927,2.0094,1.9916,2.0057,13064
GBPUSD,2007-08-24,2.0057,2.0138,1.9978,2.0133,11319
GBPUSD,2007-08-27,2.014,2.0191,2.0118,2.0119,6379
GBPUSD,2007-08-28,2.0119,2.0142,2.0,2.0018,10585
GBPUSD,2007-08-29,2.0018,2.0181,1.9958,2.0176,12147
GBPUSD,2007-08-30,2.0176,2.0184,2.0043,2.0114,11895
GBPUSD,2007-08-31,2.0114,2.0233,2.0108,2.0162,12764
GBPUSD,2007-09-03,2.0174,2.0214,2.0137,2.018,5149
GBPUSD,2007-09-04,2.018,2.0195,2.0073,2.013,9075
GBPUSD,2007-09-05,2.013,2.0225,2.0042,2.0195,10406
GBPUSD,2007-09-06,2.0195,2.0267,2.014,2.0236,11067
GBPUSD,2007-09-07,2.0236,2.0324,2.016,2.0284,11404
GBPUSD,2007-09-10,2.0277,2.0331,2.0262,2.0276,9196
GBPUSD,2007-09-11,2.0276,2.0336,2.02337,2.0332,25275
GBPUSD,2007-09-12,2.0332,2.03661,2.0286,2.029,24758
GBPUSD,2007-09-13,2.029,2.0345,2.02345,2.0251,23030
GBPUSD,2007-09-14,2.0251,2.0252,2.006,2.0065,33567
GBPUSD,2007-09-17,2.00485,2.0092,1.9915,1.9946,19367
GBPUSD,2007-09-18,1.9946,2.01505,1.9878,2.013,32214
GBPUSD,2007-09-19,2.013,2.0173,1.99503,2.0004,31766
GBPUSD,2007-09-20,2.0004,2.01455,1.9972,2.0076,30397
GBPUSD,2007-09-21,2.0076,2.02134,2.0076,2.02015,24413
GBPUSD,2007-09-24,2.0209,2.03189,2.0196,2.02215,22347
GBPUSD,2007-09-25,2.02215,2.0228,2.00845,2.0185,29671
GBPUSD,2007-09-26,2.0185,2.0217,2.0104,2.0157,25088
GBPUSD,2007-09-27,2.0157,2.02844,2.0136,2.0275,27294
GBPUSD,2007-09-28,2.0275,2.04675,2.0195,2.046,32948
GBPUSD,2007-10-01,2.0457,2.0494,2.03754,2.04325,26257
GBPUSD,2007-10-02,2.04325,2.04468,2.03682,2.0416,25163
GBPUSD,2007-10-03,2.0416,2.0442,2.03093,2.032,26971
GBPUSD,2007-10-04,2.032,2.04288,2.02773,2.0386,27255
GBPUSD,2007-10-05,2.0386,2.04425,2.0304,2.042,24577
GBPUSD,2007-10-08,2.0416,2.0426,2.0332,2.0358,18363
GBPUSD,2007-10-09,2.0358,2.0387,2.0257,2.0375,25491
GBPUSD,2007-10-10,2.0375,2.0476,2.03643,2.0424,27867
GBPUSD,2007-10-11,2.0424,2.0425,2.03091,2.0315,32740
GBPUSD,2007-10-12,2.0315,2.03654,2.02454,2.03359,27894
GBPUSD,2007-10-15,2.03503,2.04372,2.0318,2.04285,21981
GBPUSD,2007-10-16,2.04285,2.0437,2.02944,2.03256,32227
GBPUSD,2007-10-17,2.03256,2.0419,2.0286,2.0401,32561
GBPUSD,2007-10-18,2.0401,2.0513,2.0382,2.0444,32790
GBPUSD,2007-10-19,2.0444,2.05243,2.0407,2.0512,32258
GBPUSD,2007-10-22,2.05395,2.0549,2.0258,2.03286,39062
GBPUSD,2007-10-23,2.03286,2.05179,2.0304,2.0509,34672
GBPUSD,2007-10-24,2.0509,2.05155,2.04254,2.0495,31405
GBPUSD,2007-10-25,2.0495,2.0554,2.0452,2.0511,23429
GBPUSD,2007-10-26,2.0511,2.05734,2.04802,2.0529,19607
GBPUSD,2007-10-29,2.055,2.0642,2.05286,2.0623,19883
GBPUSD,2007-10-30,2.0623,2.0703,2.0564,2.0677,20690
GBPUSD,2007-10-31,2.0677,2.0823,2.0662,2.0796,26964
GBPUSD,2007-11-01,2.0796,2.0874,2.0754,2.07995,28544
GBPUSD,2007-11-02,2.07995,2.0896,2.0764,2.0895,27269
GBPUSD,2007-11-05,2.0891,2.0894,2.0782,2.0803,23682
GBPUSD,2007-11-06,2.0803,2.0906,2.0802,2.0876,20211
GBPUSD,2007-11-07,2.0876,2.1071,2.0859,2.10207,31402
GBPUSD,2007-11-08,2.10207,2.1116,2.0973,2.10735,32598
GBPUSD,2007-11-09,2.10735,2.11612,2.088,2.0911,49774
GBPUSD,2007-11-12,2.0852,2.0868,2.0527,2.0528,47768
GBPUSD,2007-11-13,2.0528,2.07613,2.0524,2.07075,40764
GBPUSD,2007-11-14,2.07075,2.0844,2.05046,2.0522,47441
GBPUSD,2007-11-15,2.0522,2.0618,2.0417,2.0449,44927
GBPUSD,2007-11-16,2.0449,2.05309,2.03535,2.05213,40314
GBPUSD,2007-11-19,2.0541,2.0564,2.0451,2.05,37233
GBPUSD,2007-11-20,2.05,2.0684,2.04541,2.06657,44828
GBPUSD,2007-11-21,2.06657,2.0697,2.05261,2.06518,43069
GBPUSD,2007-11-22,2.06518,2.0684,2.0584,2.0617,22757
GBPUSD,2007-11-23,2.0617,2.0764,2.0517,2.0608,32645
GBPUSD,2007-11-26,2.0601,2.07378,2.0601,2.07101,35731
GBPUSD,2007-11-27,2.07101,2.07554,2.06399,2.0684,39366
GBPUSD,2007-11-28,2.0684,2.08325,2.0582,2.08223,45975
GBPUSD,2007-11-29,2.08223,2.08223,2.0594,2.0612,40053
GBPUSD,2007-11-30,2.0612,2.07,2.0533,2.0559,42072
GBPUSD,2007-12-03,2.0545,2.0679,2.0524,2.0658,35312
GBPUSD,2007-12-04,2.0658,2.0673,2.056,2.0591,39144
GBPUSD,2007-12-05,2.0591,2.06104,2.02475,2.0261,45870
GBPUSD,2007-12-06,2.0261,2.0312,2.018,2.02786,47566
GBPUSD,2007-12-07,2.02786,2.03454,2.0221,2.03152,36859
GBPUSD,2007-12-10,2.03006,2.04885,2.03006,2.0461,31559
GBPUSD,2007-12-11,2.0461,2.05197,2.0329,2.0341,34666
GBPUSD,2007-12-12,2.0341,2.05651,2.0339,2.0468,34172
GBPUSD,2007-12-13,2.0468,2.0483,2.03409,2.04125,33740
GBPUSD,2007-12-14,2.04125,2.04475,2.01461,2.0172,39135
GBPUSD,2007-12-17,2.0145,2.02285,2.0101,2.02035,40467
GBPUSD,2007-12-18,2.02035,2.02254,2.01105,2.0143,33158
GBPUSD,2007-12-19,2.0143,2.0196,1.99277,1.9978,36325
GBPUSD,2007-12-20,1.9978,1.9984,1.98095,1.9838,34307
GBPUSD,2007-12-21,1.9838,1.98937,1.98095,1.98206,28642
GBPUSD,2007-12-24,1.9833,1.98434,1.97539,1.97758,10250
GBPUSD,2007-12-25,1.9784,1.98448,1.97009,1.97742,0
GBPUSD,2007-12-26,1.97758,1.97758,1.9767,1.9767,14
GBPUSD,2007-12-27,1.9767,1.9965,1.9767,1.9959,21828
GBPUSD,2007-12-28,1.9959,2.00223,1.99022,1.99305,29225
GBPUSD,2007-12-31,1.99465,2.01023,1.9816,1.98375,21591
GBPUSD,2008-01-01,1.98551,1.98981,1.97898,1.98772,0
GBPUSD,2008-01-02,1.98375,1.9878,1.97726,1.9808,32424
GBPUSD,2008-01-03,1.9808,1.98375,1.97042,1.97085,39538
GBPUSD,2008-01-04,1.97085,1.98501,1.96735,1.97155,38746
GBPUSD,2008-01-07,1.9738,1.97555,1.9652,1.96994,35569
GBPUSD,2008-01-08,1.96994,1.9828,1.96646,1.973,39186
GBPUSD,2008-01-09,1.973,1.97625,1.95535,1.95845,42624
GBPUSD,2008-01-10,1.95845,1.9667,1.954,1.96095,47363
GBPUSD,2008-01-11,1.96095,1.96346,1.94825,1.95643,39977
GBPUSD,2008-01-14,1.9577,1.9648,1.9555,1.9558,29123
GBPUSD,2008-01-15,1.9558,1.9742,1.95225,1.9626,40200
GBPUSD,2008-01-16,1.9626,1.9721,1.95285,1.9633,47597
GBPUSD,2008-01-17,1.9633,1.97915,1.9605,1.9712,45532
GBPUSD,2008-01-18,1.9712,1.9726,1.95125,1.95425,38038
GBPUSD,2008-01-21,1.9574,1.9583,1.9429,1.9432,32457
GBPUSD,2008-01-22,1.9432,1.963,1.93365,1.9607,48808
GBPUSD,2008-01-23,1.9607,1.96445,1.94641,1.9552,47528
GBPUSD,2008-01-24,1.9552,1.97785,1.94995,1.9764,40092
GBPUSD,2008-01-25,1.9764,1.9848,1.9734,1.9816,35083
GBPUSD,2008-01-28,1.9839,1.98915,1.97285,1.98416,30735
GBPUSD,2008-01-29,1.98416,1.99287,1.98115,1.9892,30106
GBPUSD,2008-01-30,1.9892,1.99582,1.98355,1.9864,32934
GBPUSD,2008-01-31,1.9864,1.99453,1.9823,1.98715,38531
GBPUSD,2008-02-01,1.98715,1.99405,1.96519,1.96615,42155
GBPUSD,2008-02-04,1.96535,1.97865,1.9626,1.97325,27870
GBPUSD,2008-02-05,1.97325,1.97635,1.96041,1.9647,35731
GBPUSD,2008-02-06,1.9647,1.9662,1.95535,1.96145,32151
GBPUSD,2008-02-07,1.96145,1.96225,1.93874,1.9422,40681
GBPUSD,2008-02-08,1.9422,1.95115,1.9402,1.9456,30485
GBPUSD,2008-02-11,1.94555,1.95295,1.9401,1.95075,28603
GBPUSD,2008-02-12,1.95075,1.9633,1.9442,1.9597,32989
GBPUSD,2008-02-13,1.9597,1.96646,1.95495,1.9628,31496
GBPUSD,2008-02-14,1.9628,1.97375,1.96145,1.96895,30102
GBPUSD,2008-02-15,1.96895,1.9722,1.95805,1.96058,32166
GBPUSD,2008-02-18,1.9571,1.96375,1.94748,1.9524,25274
GBPUSD,2008-02-19,1.9524,1.95416,1.94529,1.94868,33054
GBPUSD,2008-02-20,1.94868,1.9502,1.9362,1.9417,35099
GBPUSD,2008-02-21,1.9417,1.96418,1.94075,1.9627,34259
GBPUSD,2008-02-22,1.9627,1.97081,1.96095,1.96711,27413
GBPUSD,2008-02-25,1.96711,1.97005,1.96154,1.9671,26565
GBPUSD,2008-02-26,1.9671,1.9875,1.9642,1.9869,34990
GBPUSD,2008-02-27,1.9869,1.9972,1.97895,1.98165,43288
GBPUSD,2008-02-28,1.98165,1.9947,1.97623,1.98865,40540
GBPUSD,2008-02-29,1.98865,1.99228,1.97845,1.98696,45268
GBPUSD,2008-03-03,1.98696,1.99369,1.98075,1.98355,40077
GBPUSD,2008-03-04,1.98355,1.98919,1.98115,1.9862,31363
GBPUSD,2008-03-05,1.9862,1.99665,1.97209,1.99185,40282
GBPUSD,2008-03-06,1.99185,2.01156,1.98935,2.0092,43623
GBPUSD,2008-03-07,2.0092,2.0216,2.00825,2.01445,40601
GBPUSD,2008-03-10,2.01445,2.022,2.0088,2.00917,31865
GBPUSD,2008-03-11,2.00917,2.02108,1.9995,2.0064,43077
GBPUSD,2008-03-12,2.0064,2.028,2.00545,2.02685,44770
GBPUSD,2008-03-13,2.02685,2.03916,2.0249,2.0333,43529
GBPUSD,2008-03-14,2.0333,2.0398,2.0175,2.0219,48651
GBPUSD,2008-03-17,2.0219,2.02323,1.9942,1.9988,59738
GBPUSD,2008-03-18,1.9988,2.02735,1.995,2.00645,47958
GBPUSD,2008-03-19,2.00645,2.0153,1.98026,1.98429,55508
GBPUSD,2008-03-20,1.98429,1.98783,1.9734,1.98495,44022
GBPUSD,2008-03-21,1.98495,1.988,1.981,1.98218,4203
GBPUSD,2008-03-24,1.98218,1.98764,1.97578,1.98541,17692
GBPUSD,2008-03-25,1.98541,2.00672,1.98438,2.0059,40354
GBPUSD,2008-03-26,2.0059,2.01115,1.99257,2.0084,44711
GBPUSD,2008-03-27,2.0084,2.01925,2.0024,2.007,46071
GBPUSD,2008-03-28,2.007,2.0089,1.9881,1.9938,43819
GBPUSD,2008-03-31,1.9938,1.9979,1.9813,1.9836,39423
GBPUSD,2008-04-01,1.9836,1.98736,1.97285,1.9758,47480
GBPUSD,2008-04-02,1.9758,1.9899,1.97465,1.9873,43445
GBPUSD,2008-04-03,1.9873,1.9975,1.97585,1.9966,48746
GBPUSD,2008-04-04,1.9966,2.00483,1.99093,1.99287,38053
GBPUSD,2008-04-07,1.99287,1.99525,1.98339,1.9882,32773
GBPUSD,2008-04-08,1.9882,1.99265,1.96645,1.9696,43751
GBPUSD,2008-04-09,1.9696,1.97915,1.96495,1.97605,37614
GBPUSD,2008-04-10,1.97605,1.9843,1.97055,1.97065,46292
GBPUSD,2008-04-11,1.97065,1.97685,1.9682,1.97195,34034
GBPUSD,2008-04-14,1.97195,1.9894,1.96511,1.9784,39039
GBPUSD,2008-04-15,1.9784,1.97905,1.96,1.9625,42943
GBPUSD,2008-04-16,1.9625,1.9806,1.96005,1.9722,43563
GBPUSD,2008-04-17,1.9722,1.99241,1.96913,1.9912,51580
GBPUSD,2008-04-18,1.9912,1.9999,1.98803,1.9947,46185
GBPUSD,2008-04-21,1.9947,2.00267,1.97761,1.98027,42155
GBPUSD,2008-04-22,1.98027,1.99993,1.97454,1.9951,49434
GBPUSD,2008-04-23,1.9951,1.99738,1.97728,1.98035,45782
GBPUSD,2008-04-24,1.98035,1.98155,1.9685,1.97401,48390
GBPUSD,2008-04-25,1.97401,1.989,1.96762,1.98268,47529
GBPUSD,2008-04-28,1.98268,1.9965,1.97818,1.99135,37787
GBPUSD,2008-04-29,1.99135,1.99186,1.96659,1.9697,39265
GBPUSD,2008-04-30,1.9697,1.9896,1.96235,1.98662,45349
GBPUSD,2008-05-01,1.98662,1.99095,1.97127,1.97468,35733
GBPUSD,2008-05-02,1.97468,1.9897,1.97053,1.9732,38098
GBPUSD,2008-05-05,1.9732,1.9784,1.96553,1.97195,19018
GBPUSD,2008-05-06,1.97195,1.9772,1.96352,1.9737,36018
GBPUSD,2008-05-07,1.9737,1.97375,1.9503,1.9538,42120
GBPUSD,2008-05-08,1.9538,1.96205,1.95037,1.95424,44225
GBPUSD,2008-05-09,1.95424,1.957,1.94592,1.9523,36904
GBPUSD,2008-05-12,1.9523,1.96333,1.94422,1.9581,36732
GBPUSD,2008-05-13,1.9581,1.95869,1.94193,1.94547,45381
GBPUSD,2008-05-14,1.94547,1.9474,1.93632,1.94578,40273
GBPUSD,2008-05-15,1.94578,1.9502,1.94047,1.9474,40990
GBPUSD,2008-05-16,1.9474,1.95985,1.94421,1.95543,38718
GBPUSD,2008-05-19,1.95543,1.96236,1.94534,1.94887,32098
GBPUSD,2008-05-20,1.94887,1.9719,1.94791,1.96823,41450
GBPUSD,2008-05-21,1.96823,1.97323,1.9613,1.97323,41037
GBPUSD,2008-05-22,1.97323,1.98487,1.96829,1.98032,40141
GBPUSD,2008-05-23,1.98032,1.98509,1.9755,1.98004,30244
GBPUSD,2008-05-26,1.98004,1.98326,1.97587,1.98206,9130
GBPUSD,2008-05-27,1.98206,1.98469,1.97145,1.97667,34936
GBPUSD,2008-05-28,1.97667,1.98272,1.97044,1.98104,35652
GBPUSD,2008-05-29,1.98104,1.9818,1.96727,1.9765,41309
GBPUSD,2008-05-30,1.9765,1.98139,1.96839,1.98076,38892
GBPUSD,2008-06-02,1.98076,1.98076,1.95958,1.967,43383
GBPUSD,2008-06-03,1.967,1.97407,1.96058,1.96336,42093
GBPUSD,2008-06-04,1.96336,1.9637,1.95267,1.9555,38892
GBPUSD,2008-06-05,1.9555,1.95965,1.94613,1.95827,43697
GBPUSD,2008-06-06,1.95827,1.97342,1.95371,1.96992,39660
GBPUSD,2008-06-09,1.96992,1.98008,1.96709,1.975,47995
GBPUSD,2008-06-10,1.975,1.9757,1.95186,1.9543,48363
GBPUSD,2008-06-11,1.9543,1.96677,1.94919,1.9632,40339
GBPUSD,2008-06-12,1.9632,1.96437,1.94336,1.94629,43683
GBPUSD,2008-06-13,1.94629,1.95131,1.94092,1.94725,40637
GBPUSD,2008-06-16,1.94725,1.96872,1.94592,1.96324,36348
GBPUSD,2008-06-17,1.96324,1.97006,1.94701,1.95682,43847
GBPUSD,2008-06-18,1.95682,1.96106,1.94777,1.95979,35445
GBPUSD,2008-06-19,1.95979,1.97448,1.95782,1.97226,40760
GBPUSD,2008-06-20,1.97226,1.97914,1.9699,1.97651,33288
GBPUSD,2008-06-23,1.97651,1.97651,1.9585,1.9653,33021
GBPUSD,2008-06-24,1.9653,1.97232,1.96243,1.97077,35148
GBPUSD,2008-06-25,1.97077,1.97685,1.9654,1.97506,33500
GBPUSD,2008-06-26,1.97506,1.9894,1.97135,1.9889,40878
GBPUSD,2008-06-27,1.9889,1.99513,1.98019,1.99454,36237
GBPUSD,2008-06-30,1.99454,1.9966,1.98795,1.99217,37185
GBPUSD,2008-07-01,1.99217,2.00072,1.98872,1.99487,40239
GBPUSD,2008-07-02,1.99487,1.99734,1.98448,1.99301,40714
GBPUSD,2008-07-03,1.99301,1.9937,1.97998,1.98325,38597
GBPUSD,2008-07-04,1.98325,1.9847,1.97946,1.98205,23167
GBPUSD,2008-07-07,1.98205,1.98274,1.96491,1.97605,40028
GBPUSD,2008-07-08,1.97605,1.97965,1.96652,1.96942,38007
GBPUSD,2008-07-09,1.96942,1.98322,1.96724,1.9831,39404
GBPUSD,2008-07-10,1.9831,1.98377,1.97127,1.9779,40762
GBPUSD,2008-07-11,1.9779,1.99586,1.97538,1.98677,41862
GBPUSD,2008-07-14,1.98677,1.99618,1.98084,1.99493,40118
GBPUSD,2008-07-15,1.99493,2.0153,1.99302,2.0057,52381
GBPUSD,2008-07-16,2.0057,2.00967,1.99583,1.99907,44723
GBPUSD,2008-07-17,1.99907,2.0072,1.99486,2.00377,44848
GBPUSD,2008-07-18,2.00377,2.00382,1.99062,1.99794,39322
GBPUSD,2008-07-21,1.99794,2.00383,1.99068,2.00324,41738
GBPUSD,2008-07-22,2.00324,2.0076,1.98973,1.99166,46946
GBPUSD,2008-07-23,1.99166,2.00296,1.99011,1.99933,54107
GBPUSD,2008-07-24,1.99933,1.99942,1.98166,1.9868,52761
GBPUSD,2008-07-25,1.9868,1.99779,1.98308,1.99033,42229
GBPUSD,2008-07-28,1.99033,1.9964,1.98407,1.99388,32940
GBPUSD,2008-07-29,1.99388,1.99682,1.97613,1.97877,39564
GBPUSD,2008-07-30,1.97877,1.98426,1.97444,1.98173,42293
GBPUSD,2008-07-31,1.98173,1.99285,1.97757,1.98398,43923
GBPUSD,2008-08-01,1.98398,1.98406,1.97254,1.97325,41272
GBPUSD,2008-08-04,1.97325,1.97591,1.96001,1.96196,35867
GBPUSD,2008-08-05,1.96196,1.96249,1.95165,1.95466,43901
GBPUSD,2008-08-06,1.95466,1.9595,1.94664,1.94766,41802
GBPUSD,2008-08-07,1.94766,1.95377,1.94194,1.94381,46866
GBPUSD,2008-08-08,1.94381,1.94388,1.91454,1.91988,65372
GBPUSD,2008-08-11,1.91988,1.9255,1.9066,1.91059,50510
GBPUSD,2008-08-12,1.91059,1.91214,1.89525,1.89672,52810
GBPUSD,2008-08-13,1.89672,1.90364,1.86394,1.87026,63977
GBPUSD,2008-08-14,1.87026,1.87875,1.86174,1.86966,49194
GBPUSD,2008-08-15,1.86966,1.86991,1.85119,1.86275,43952
GBPUSD,2008-08-18,1.86275,1.87222,1.86254,1.86503,36812
GBPUSD,2008-08-19,1.86503,1.8679,1.85368,1.86687,41851
GBPUSD,2008-08-20,1.86687,1.86838,1.85392,1.86188,42797
GBPUSD,2008-08-21,1.86188,1.879,1.86061,1.878,45934
GBPUSD,2008-08-22,1.878,1.87938,1.85049,1.85088,42892
GBPUSD,2008-08-25,1.85088,1.85895,1.84049,1.85307,35344
GBPUSD,2008-08-26,1.85307,1.85309,1.83301,1.83979,48887
GBPUSD,2008-08-27,1.83979,1.84886,1.82854,1.83544,47597
GBPUSD,2008-08-28,1.83544,1.84013,1.82404,1.82934,57091
GBPUSD,2008-08-29,1.82934,1.8343,1.81733,1.82273,41917
GBPUSD,2008-09-01,1.82273,1.82273,1.79839,1.80128,37473
GBPUSD,2008-09-02,1.80128,1.80136,1.77813,1.78368,60439
GBPUSD,2008-09-03,1.78368,1.78426,1.76671,1.77645,57317
GBPUSD,2008-09-04,1.77645,1.7859,1.76251,1.7683,61146
GBPUSD,2008-09-05,1.7683,1.77446,1.75356,1.764,62914
GBPUSD,2008-09-08,1.764,1.79749,1.74711,1.75793,68653
GBPUSD,2008-09-09,1.75793,1.7707,1.75048,1.76053,62968
GBPUSD,2008-09-10,1.76053,1.76773,1.75212,1.75272,61113
GBPUSD,2008-09-11,1.75272,1.75908,1.74452,1.75782,61328
GBPUSD,2008-09-12,1.75782,1.79591,1.75401,1.79408,66277
GBPUSD,2008-09-15,1.79408,1.81288,1.77643,1.79937,69637
GBPUSD,2008-09-16,1.79937,1.80079,1.77309,1.78295,70078
GBPUSD,2008-09-17,1.78295,1.82441,1.77836,1.8169,65941
GBPUSD,2008-09-18,1.8169,1.82759,1.8087,1.81779,66364
GBPUSD,2008-09-19,1.81779,1.83872,1.79121,1.83531,62145
GBPUSD,2008-09-22,1.83531,1.86414,1.82605,1.85373,62386
GBPUSD,2008-09-23,1.85373,1.86361,1.8471,1.85176,60223
GBPUSD,2008-09-24,1.85176,1.86075,1.84577,1.84638,53854
GBPUSD,2008-09-25,1.84638,1.86691,1.83051,1.8371,53946
GBPUSD,2008-09-26,1.8371,1.8468,1.8334,1.84176,52362
GBPUSD,2008-09-29,1.84176,1.84176,1.79565,1.8083,62101
GBPUSD,2008-09-30,1.8083,1.81174,1.77563,1.78055,61519
GBPUSD,2008-10-01,1.78055,1.78735,1.76328,1.7696,61982
GBPUSD,2008-10-02,1.7696,1.77258,1.75507,1.76368,60930
GBPUSD,2008-10-03,1.76368,1.78388,1.75586,1.77491,61567
GBPUSD,2008-10-06,1.77491,1.77491,1.73331,1.74435,69135
GBPUSD,2008-10-07,1.74435,1.76579,1.73175,1.74534,72903
GBPUSD,2008-10-08,1.74534,1.7656,1.72611,1.73011,77802
GBPUSD,2008-10-09,1.73011,1.73964,1.706,1.70931,61987
GBPUSD,2008-10-10,1.70931,1.71796,1.67712,1.70431,68583
GBPUSD,2008-10-13,1.70431,1.74431,1.69202,1.73405,59433
GBPUSD,2008-10-14,1.73405,1.76307,1.73315,1.73905,60426
GBPUSD,2008-10-15,1.73905,1.7602,1.7264,1.72654,57823
GBPUSD,2008-10-16,1.72654,1.73529,1.71291,1.73021,65859
GBPUSD,2008-10-17,1.73021,1.73824,1.72239,1.73034,46984
GBPUSD,2008-10-20,1.73034,1.75175,1.71044,1.71514,56183
GBPUSD,2008-10-21,1.71514,1.71968,1.665,1.6703,64320
GBPUSD,2008-10-22,1.6703,1.67227,1.61373,1.62597,77710
GBPUSD,2008-10-23,1.62597,1.63462,1.60412,1.62255,68923
GBPUSD,2008-10-24,1.62255,1.63239,1.52583,1.59028,83831
GBPUSD,2008-10-27,1.59028,1.59028,1.52775,1.55496,72149
GBPUSD,2008-10-28,1.55496,1.59553,1.53977,1.5895,69327
GBPUSD,2008-10-29,1.5895,1.64751,1.5871,1.63691,74709
GBPUSD,2008-10-30,1.63691,1.66723,1.62114,1.64464,74270
GBPUSD,2008-10-31,1.64464,1.64902,1.60051,1.61002,71557
GBPUSD,2008-11-03,1.61002,1.63985,1.57806,1.58231,55545
GBPUSD,2008-11-04,1.58231,1.61095,1.55998,1.59542,65580
GBPUSD,2008-11-05,1.59542,1.61966,1.5748,1.5899,71205
GBPUSD,2008-11-06,1.5899,1.60388,1.55663,1.56247,72141
GBPUSD,2008-11-07,1.56247,1.58758,1.55308,1.56701,58059
GBPUSD,2008-11-10,1.56701,1.58836,1.55733,1.56064,55760
GBPUSD,2008-11-11,1.56064,1.57013,1.53614,1.53808,54575
GBPUSD,2008-11-12,1.53808,1.54818,1.48933,1.49615,69741
GBPUSD,2008-11-13,1.49615,1.49918,1.45585,1.48365,76630
GBPUSD,2008-11-14,1.48365,1.49596,1.46568,1.4798,71211
GBPUSD,2008-11-17,1.4798,1.50833,1.46405,1.49879,68416
GBPUSD,2008-11-18,1.49879,1.50912,1.48984,1.49555,70377
GBPUSD,2008-11-19,1.49555,1.52501,1.4901,1.49505,69487
GBPUSD,2008-11-20,1.49505,1.49953,1.47115,1.47269,71736
GBPUSD,2008-11-21,1.47269,1.50615,1.47019,1.48655,67062
GBPUSD,2008-11-24,1.48655,1.51865,1.48558,1.51825,66580
GBPUSD,2008-11-25,1.51825,1.5535,1.49818,1.5471,78113
GBPUSD,2008-11-26,1.5471,1.54816,1.51747,1.53209,66655
GBPUSD,2008-11-27,1.53209,1.55125,1.53117,1.54024,36469
GBPUSD,2008-11-28,1.54024,1.54476,1.5258,1.54039,53070
GBPUSD,2008-12-01,1.54039,1.54039,1.4806,1.48868,64880
GBPUSD,2008-12-02,1.48868,1.5069,1.47754,1.49158,68795
GBPUSD,2008-12-03,1.49158,1.49338,1.4665,1.47823,65137
GBPUSD,2008-12-04,1.47823,1.48154,1.44666,1.46777,71528
GBPUSD,2008-12-05,1.46777,1.4752,1.45227,1.47368,60836
GBPUSD,2008-12-08,1.47368,1.50484,1.46699,1.49119,56868
GBPUSD,2008-12-09,1.49119,1.49125,1.46756,1.47527,59960
GBPUSD,2008-12-10,1.47527,1.4882,1.47356,1.47816,61258
GBPUSD,2008-12-11,1.47816,1.50803,1.47708,1.50303,70246
GBPUSD,2008-12-12,1.50303,1.5119,1.48153,1.49463,74171
GBPUSD,2008-12-15,1.49463,1.53788,1.4919,1.53065,64638
GBPUSD,2008-12-16,1.53065,1.56465,1.5204,1.55755,65379
GBPUSD,2008-12-17,1.55755,1.5723,1.5243,1.55326,83456
GBPUSD,2008-12-18,1.55326,1.56154,1.48796,1.50125,89329
GBPUSD,2008-12-19,1.50125,1.51858,1.48118,1.49178,68217
GBPUSD,2008-12-22,1.49178,1.49919,1.46851,1.48135,54262
GBPUSD,2008-12-23,1.48135,1.48977,1.46715,1.47226,45743
GBPUSD,2008-12-24,1.47226,1.48078,1.4658,1.47107,27490
GBPUSD,2008-12-25,1.47321,1.51971,1.4677,1.47499,0
GBPUSD,2008-12-26,1.47107,1.47945,1.46486,1.46526,8089
GBPUSD,2008-12-29,1.46526,1.47721,1.43791,1.43948,59814
GBPUSD,2008-12-30,1.43948,1.45529,1.4387,1.44081,50526
GBPUSD,2008-12-31,1.44081,1.46984,1.43511,1.4542,38913
GBPUSD,2009-01-01,1.4497,1.48025,1.4497,1.4741,0
GBPUSD,2009-01-02,1.4542,1.46778,1.43768,1.44973,40831
GBPUSD,2009-01-05,1.44973,1.47402,1.44278,1.47004,70429
GBPUSD,2009-01-06,1.47004,1.49918,1.45026,1.49194,77902
GBPUSD,2009-01-07,1.49194,1.52821,1.48034,1.50882,76567
GBPUSD,2009-01-08,1.50882,1.53741,1.49824,1.52153,79309
GBPUSD,2009-01-09,1.52153,1.53495,1.51126,1.51667,66189
GBPUSD,2009-01-12,1.51667,1.51667,1.48082,1.48211,67611
GBPUSD,2009-01-13,1.48211,1.48289,1.44703,1.44965,76101
GBPUSD,2009-01-14,1.44965,1.47078,1.44903,1.46093,73326
GBPUSD,2009-01-15,1.46093,1.4685,1.44732,1.46384,77476
GBPUSD,2009-01-16,1.46384,1.49803,1.46252,1.47455,74856
GBPUSD,2009-01-19,1.47455,1.4909,1.44149,1.44188,54344
GBPUSD,2009-01-20,1.44188,1.44431,1.38604,1.39234,95219
GBPUSD,2009-01-21,1.39234,1.40262,1.36176,1.39502,91779
GBPUSD,2009-01-22,1.39502,1.40226,1.36884,1.38761,86616
GBPUSD,2009-01-23,1.38761,1.38982,1.35016,1.38046,79660
GBPUSD,2009-01-26,1.38046,1.39952,1.35472,1.3992,82220
GBPUSD,2009-01-27,1.3992,1.42427,1.39277,1.41288,80921
GBPUSD,2009-01-28,1.41288,1.43764,1.41225,1.42467,82829
GBPUSD,2009-01-29,1.42467,1.44113,1.40716,1.42998,79258
GBPUSD,2009-01-30,1.42998,1.44989,1.41846,1.44902,80439
GBPUSD,2009-02-02,1.44902,1.44902,1.40517,1.42647,69865
GBPUSD,2009-02-03,1.42647,1.44865,1.41535,1.4459,70898
GBPUSD,2009-02-04,1.4459,1.45776,1.43232,1.44663,75451
GBPUSD,2009-02-05,1.44663,1.47032,1.43658,1.46098,78142
GBPUSD,2009-02-06,1.46098,1.4845,1.45879,1.48062,71914
GBPUSD,2009-02-09,1.48062,1.49857,1.47016,1.48979,63815
GBPUSD,2009-02-10,1.48979,1.4914,1.44539,1.45413,85223
GBPUSD,2009-02-11,1.45413,1.45657,1.4315,1.43945,78093
GBPUSD,2009-02-12,1.43945,1.44136,1.41361,1.42675,78063
GBPUSD,2009-02-13,1.42675,1.46049,1.42523,1.44012,67866
GBPUSD,2009-02-16,1.44012,1.44012,1.41503,1.4294,39131
GBPUSD,2009-02-17,1.4294,1.43106,1.41242,1.42357,69822
GBPUSD,2009-02-18,1.42357,1.42995,1.4093,1.421,64435
GBPUSD,2009-02-19,1.421,1.44474,1.42058,1.42921,64554
GBPUSD,2009-02-20,1.42921,1.44852,1.41514,1.44258,67642
GBPUSD,2009-02-23,1.44258,1.46613,1.43648,1.44868,66081
GBPUSD,2009-02-24,1.44868,1.45783,1.43751,1.44795,67745
GBPUSD,2009-02-25,1.44795,1.46071,1.41738,1.41926,71468
GBPUSD,2009-02-26,1.41926,1.43841,1.4161,1.43153,60642
GBPUSD,2009-02-27,1.43153,1.43651,1.41102,1.43149,65678
GBPUSD,2009-03-02,1.43149,1.43149,1.39566,1.40539,62661
GBPUSD,2009-03-03,1.40539,1.41568,1.39831,1.40479,65165
GBPUSD,2009-03-04,1.40479,1.4199,1.3983,1.41935,59176
GBPUSD,2009-03-05,1.41935,1.42334,1.4037,1.41167,57007
GBPUSD,2009-03-06,1.41167,1.43059,1.40382,1.40722,66844
GBPUSD,2009-03-09,1.40722,1.41815,1.37421,1.37757,63914
GBPUSD,2009-03-10,1.37757,1.39053,1.36881,1.37503,65801
GBPUSD,2009-03-11,1.37503,1.38889,1.36539,1.38725,69291
GBPUSD,2009-03-12,1.38725,1.39834,1.36985,1.39396,72367
GBPUSD,2009-03-13,1.39396,1.40702,1.38625,1.39769,61986
GBPUSD,2009-03-16,1.39769,1.42296,1.38899,1.40622,61986
GBPUSD,2009-03-17,1.40622,1.41379,1.39641,1.40367,56498
GBPUSD,2009-03-18,1.40367,1.42965,1.38438,1.427,60465
GBPUSD,2009-03-19,1.427,1.45968,1.41552,1.4506,73152
GBPUSD,2009-03-20,1.4506,1.45889,1.43932,1.44413,59225
GBPUSD,2009-03-23,1.44413,1.46492,1.44413,1.45721,60465
GBPUSD,2009-03-24,1.45721,1.47781,1.45453,1.4681,71809
GBPUSD,2009-03-25,1.4681,1.47327,1.45146,1.45508,69749
GBPUSD,2009-03-26,1.45508,1.46376,1.44227,1.44524,62677
GBPUSD,2009-03-27,1.44524,1.44949,1.42669,1.43007,60306
GBPUSD,2009-03-30,1.43007,1.43007,1.41107,1.42658,58239
GBPUSD,2009-03-31,1.42658,1.43759,1.42399,1.43218,56398
GBPUSD,2009-04-01,1.43218,1.44684,1.42725,1.44641,61374
GBPUSD,2009-04-02,1.44641,1.47498,1.44451,1.47259,72195
GBPUSD,2009-04-03,1.47259,1.48465,1.46483,1.48243,58648
GBPUSD,2009-04-06,1.48243,1.49586,1.46693,1.47666,60094
GBPUSD,2009-04-07,1.47666,1.47774,1.45801,1.47299,61005
GBPUSD,2009-04-08,1.47299,1.47473,1.46335,1.47152,55436
GBPUSD,2009-04-09,1.47152,1.47803,1.45855,1.46773,57043
GBPUSD,2009-04-10,1.46773,1.46823,1.46144,1.46554,5140
GBPUSD,2009-04-13,1.46554,1.48702,1.46023,1.48514,23273
GBPUSD,2009-04-14,1.48514,1.49446,1.48237,1.48941,49851
GBPUSD,2009-04-15,1.48941,1.50373,1.48212,1.49968,55219
GBPUSD,2009-04-16,1.49968,1.5069,1.48386,1.49252,50179
GBPUSD,2009-04-17,1.49252,1.4942,1.47552,1.47815,44864
GBPUSD,2009-04-20,1.47815,1.4815,1.45005,1.45368,50394
GBPUSD,2009-04-21,1.45368,1.4708,1.44679,1.46713,54411
GBPUSD,2009-04-22,1.46713,1.4686,1.43962,1.44898,66309
GBPUSD,2009-04-23,1.44898,1.47425,1.44423,1.47201,57210
GBPUSD,2009-04-24,1.47201,1.47729,1.4575,1.46561,62286
GBPUSD,2009-04-27,1.46561,1.46949,1.4515,1.46417,55306
GBPUSD,2009-04-28,1.46417,1.46919,1.45157,1.46322,58703
GBPUSD,2009-04-29,1.46322,1.4814,1.46087,1.47692,58851
GBPUSD,2009-04-30,1.47692,1.49491,1.4703,1.47895,72178
GBPUSD,2009-05-01,1.47895,1.49345,1.47531,1.49106,43024
GBPUSD,2009-05-04,1.49106,1.5022,1.48338,1.50149,44403
GBPUSD,2009-05-05,1.50149,1.51627,1.4982,1.50871,62740
GBPUSD,2009-05-06,1.50871,1.515,1.49912,1.51339,67075
GBPUSD,2009-05-07,1.51339,1.51967,1.4943,1.50168,69132
GBPUSD,2009-05-08,1.50168,1.52366,1.4967,1.52349,56632
GBPUSD,2009-05-11,1.52349,1.5246,1.50688,1.51158,56073
GBPUSD,2009-05-12,1.51158,1.5353,1.5073,1.52677,68002
GBPUSD,2009-05-13,1.52677,1.53335,1.50863,1.5156,73551
GBPUSD,2009-05-14,1.5156,1.52475,1.50586,1.52352,63208
GBPUSD,2009-05-15,1.52352,1.52885,1.51335,1.51654,60628
GBPUSD,2009-05-18,1.51654,1.53482,1.51163,1.53463,56733
GBPUSD,2009-05-19,1.53463,1.55242,1.5295,1.54769,69693
GBPUSD,2009-05-20,1.54769,1.57936,1.54494,1.57505,69421
GBPUSD,2009-05-21,1.57505,1.58903,1.55134,1.58352,76991
GBPUSD,2009-05-22,1.58352,1.5946,1.57548,1.59068,60893
GBPUSD,2009-05-25,1.59068,1.59392,1.58355,1.59071,17835
GBPUSD,2009-05-26,1.59071,1.5969,1.57773,1.59232,62012
GBPUSD,2009-05-27,1.59232,1.60858,1.59231,1.5951,77790
GBPUSD,2009-05-28,1.5951,1.60165,1.58521,1.59396,76428
GBPUSD,2009-05-29,1.59396,1.61995,1.5917,1.61632,70522
GBPUSD,2009-06-01,1.61632,1.64966,1.61614,1.64372,70994
GBPUSD,2009-06-02,1.64372,1.65963,1.6324,1.65761,72448
GBPUSD,2009-06-03,1.65761,1.66629,1.62408,1.6314,81977
GBPUSD,2009-06-04,1.6314,1.64349,1.60823,1.6172,82357
GBPUSD,2009-06-05,1.6172,1.62431,1.59397,1.59751,67954
GBPUSD,2009-06-08,1.59751,1.6105,1.58022,1.60486,55193
GBPUSD,2009-06-09,1.60486,1.6362,1.59854,1.63023,63193
GBPUSD,2009-06-10,1.63023,1.64738,1.62399,1.63563,75646
GBPUSD,2009-06-11,1.63563,1.66224,1.63389,1.65891,66356
GBPUSD,2009-06-12,1.65891,1.65985,1.63286,1.64274,61914
GBPUSD,2009-06-15,1.64274,1.64438,1.62422,1.63173,58774
GBPUSD,2009-06-16,1.63173,1.65078,1.6209,1.64097,68698
GBPUSD,2009-06-17,1.64097,1.64836,1.622,1.6397,67091
GBPUSD,2009-06-18,1.6397,1.64704,1.61871,1.63294,63731
GBPUSD,2009-06-19,1.63294,1.65619,1.63033,1.64961,50743
GBPUSD,2009-06-22,1.64961,1.65161,1.632,1.63448,51863
GBPUSD,2009-06-23,1.63448,1.64749,1.62085,1.64502,67973
GBPUSD,2009-06-24,1.64502,1.66025,1.63679,1.64048,60607
GBPUSD,2009-06-25,1.64048,1.64685,1.62322,1.63662,60859
GBPUSD,2009-06-26,1.63662,1.6561,1.63643,1.65241,52813
GBPUSD,2009-06-29,1.65241,1.65866,1.64275,1.65635,47427
GBPUSD,2009-06-30,1.65635,1.67448,1.64222,1.64568,64263
GBPUSD,2009-07-01,1.64568,1.6545,1.6384,1.64772,60172
GBPUSD,2009-07-02,1.64772,1.65,1.63228,1.63922,61093
GBPUSD,2009-07-03,1.63922,1.64295,1.63012,1.63223,30915
GBPUSD,2009-07-06,1.63223,1.63284,1.60958,1.62845,52539
GBPUSD,2009-07-07,1.62845,1.62965,1.61161,1.61359,58273
GBPUSD,2009-07-08,1.61359,1.61389,1.59834,1.60701,61995
GBPUSD,2009-07-09,1.60701,1.63801,1.60278,1.63321,65770
GBPUSD,2009-07-10,1.63321,1.63465,1.61541,1.62062,58965
GBPUSD,2009-07-13,1.62062,1.62395,1.60329,1.62243,58191
GBPUSD,2009-07-14,1.62243,1.63443,1.62218,1.63062,60827
GBPUSD,2009-07-15,1.63062,1.64682,1.63004,1.64182,55436
GBPUSD,2009-07-16,1.64182,1.648,1.6355,1.64348,57357
GBPUSD,2009-07-17,1.64348,1.64474,1.62652,1.63424,53316
GBPUSD,2009-07-20,1.63424,1.65575,1.6317,1.65432,49088
GBPUSD,2009-07-21,1.65432,1.65536,1.63835,1.64578,53860
GBPUSD,2009-07-22,1.64578,1.6505,1.63105,1.64863,54781
GBPUSD,2009-07-23,1.64863,1.6586,1.6434,1.64747,53622
GBPUSD,2009-07-24,1.64747,1.65428,1.63903,1.64279,49228
GBPUSD,2009-07-27,1.64279,1.6524,1.6382,1.64824,43371
GBPUSD,2009-07-28,1.64824,1.65564,1.6391,1.64257,47977
GBPUSD,2009-07-29,1.64257,1.64683,1.63469,1.6377,55824
GBPUSD,2009-07-30,1.6377,1.6526,1.63381,1.64926,55547
GBPUSD,2009-07-31,1.64926,1.67332,1.64733,1.67032,55801
GBPUSD,2009-08-03,1.67032,1.69875,1.66948,1.69257,59492
GBPUSD,2009-08-04,1.69257,1.7005,1.68885,1.69372,53729
GBPUSD,2009-08-05,1.69372,1.70426,1.69008,1.69858,56931
GBPUSD,2009-08-06,1.69858,1.70296,1.67513,1.678,57694
GBPUSD,2009-08-07,1.678,1.68283,1.66508,1.66827,56990
GBPUSD,2009-08-10,1.66827,1.67185,1.64305,1.64798,51171
GBPUSD,2009-08-11,1.64798,1.65247,1.64308,1.64772,52311
GBPUSD,2009-08-12,1.64772,1.65602,1.63903,1.64777,67698
GBPUSD,2009-08-13,1.64777,1.66682,1.64763,1.65797,59719
GBPUSD,2009-08-14,1.65797,1.66075,1.6484,1.65298,52581
GBPUSD,2009-08-17,1.65298,1.65298,1.62755,1.63457,61459
GBPUSD,2009-08-18,1.63457,1.65877,1.63249,1.65564,62763
GBPUSD,2009-08-19,1.65564,1.65943,1.63751,1.6527,65139
GBPUSD,2009-08-20,1.6527,1.66105,1.64511,1.65043,56570
GBPUSD,2009-08-21,1.65043,1.66249,1.6419,1.6487,65547
GBPUSD,2009-08-24,1.6487,1.65463,1.63915,1.6414,47727
GBPUSD,2009-08-25,1.6414,1.64451,1.63304,1.63462,61914
GBPUSD,2009-08-26,1.63462,1.63536,1.61588,1.6248,63130
GBPUSD,2009-08-27,1.6248,1.63047,1.61531,1.62802,70727
GBPUSD,2009-08-28,1.62802,1.63815,1.6256,1.62725,57782
GBPUSD,2009-08-31,1.62725,1.63302,1.61834,1.62846,50819
GBPUSD,2009-09-01,1.62846,1.63761,1.61125,1.61552,70306
GBPUSD,2009-09-02,1.61552,1.62998,1.61135,1.62711,65587
GBPUSD,2009-09-03,1.62711,1.64136,1.62366,1.63172,57152
GBPUSD,2009-09-04,1.63172,1.64114,1.62862,1.63952,48205
GBPUSD,2009-09-07,1.63952,1.6444,1.6326,1.6347,28753
GBPUSD,2009-09-08,1.6347,1.65872,1.63225,1.64854,54477
GBPUSD,2009-09-09,1.64854,1.6592,1.64549,1.65436,56168
GBPUSD,2009-09-10,1.65436,1.6687,1.64802,1.66486,59250
GBPUSD,2009-09-11,1.66486,1.67418,1.66432,1.66713,56415
GBPUSD,2009-09-14,1.66713,1.66868,1.6521,1.65814,50855
GBPUSD,2009-09-15,1.65814,1.66572,1.64025,1.64862,60470
GBPUSD,2009-09-16,1.64862,1.65339,1.6432,1.64856,63204
GBPUSD,2009-09-17,1.64856,1.65688,1.6426,1.64491,58145
GBPUSD,2009-09-18,1.64491,1.64549,1.62305,1.62323,59254
GBPUSD,2009-09-21,1.62228,1.6265,1.61342,1.62145,50604
GBPUSD,2009-09-22,1.62145,1.6395,1.62002,1.63547,54785
GBPUSD,2009-09-23,1.63547,1.64684,1.63295,1.63392,65266
GBPUSD,2009-09-24,1.63392,1.63875,1.60223,1.60568,74941
GBPUSD,2009-09-25,1.60568,1.60672,1.59152,1.59327,73633
GBPUSD,2009-09-28,1.59641,1.59754,1.57697,1.58814,66450
GBPUSD,2009-09-29,1.58814,1.59894,1.5824,1.59597,76872
GBPUSD,2009-09-30,1.59597,1.61262,1.59447,1.59792,79530
GBPUSD,2009-10-01,1.59792,1.60246,1.59239,1.59538,67504
GBPUSD,2009-10-02,1.59538,1.59581,1.58035,1.59159,69425
GBPUSD,2009-10-05,1.59159,1.6024,1.59024,1.5933,53716
GBPUSD,2009-10-06,1.5933,1.60474,1.58763,1.59184,63415
GBPUSD,2009-10-07,1.59184,1.5972,1.58585,1.59677,61744
GBPUSD,2009-10-08,1.59677,1.61205,1.59479,1.60691,64245
GBPUSD,2009-10-09,1.60691,1.60773,1.58259,1.58418,59218
GBPUSD,2009-10-12,1.58418,1.58828,1.57278,1.57972,49931
GBPUSD,2009-10-13,1.57972,1.59292,1.57073,1.59212,66321
GBPUSD,2009-10-14,1.59212,1.60252,1.59017,1.59776,66622
GBPUSD,2009-10-15,1.59776,1.62997,1.59728,1.62684,68701
GBPUSD,2009-10-16,1.62684,1.63995,1.62519,1.63568,67950
GBPUSD,2009-10-19,1.63568,1.64238,1.62401,1.64207,58217
GBPUSD,2009-10-20,1.64207,1.64895,1.63285,1.63785,61882
GBPUSD,2009-10-21,1.63785,1.6637,1.63464,1.66055,65801
GBPUSD,2009-10-22,1.66055,1.66371,1.64869,1.66179,64461
GBPUSD,2009-10-23,1.66179,1.6694,1.62999,1.6307,66185
GBPUSD,2009-10-26,1.6307,1.63956,1.62515,1.63342,57113
GBPUSD,2009-10-27,1.63342,1.6439,1.6286,1.63663,67284
GBPUSD,2009-10-28,1.63663,1.6467,1.62857,1.6373,68051
GBPUSD,2009-10-29,1.6373,1.66039,1.63382,1.65422,64062
GBPUSD,2009-10-30,1.65422,1.65795,1.6408,1.6412,68138
GBPUSD,2009-11-02,1.6412,1.64781,1.63282,1.6406,67031
GBPUSD,2009-11-03,1.6406,1.64555,1.6261,1.64343,63761
GBPUSD,2009-11-04,1.64343,1.65975,1.64005,1.65507,62718
GBPUSD,2009-11-05,1.65507,1.66362,1.64662,1.65811,64145
GBPUSD,2009-11-06,1.65811,1.66359,1.65175,1.66087,51389
GBPUSD,2009-11-09,1.66087,1.68431,1.66087,1.67557,50346
GBPUSD,2009-11-10,1.67557,1.67881,1.66005,1.67424,59437
GBPUSD,2009-11-11,1.67424,1.67979,1.65353,1.65725,51966
GBPUSD,2009-11-12,1.65725,1.6627,1.65149,1.65757,59778
GBPUSD,2009-11-13,1.65757,1.67072,1.65701,1.66935,46328
GBPUSD,2009-11-16,1.66935,1.68782,1.66694,1.68164,49673
GBPUSD,2009-11-17,1.68164,1.68726,1.67553,1.68097,57167
GBPUSD,2009-11-18,1.68097,1.6846,1.67149,1.6745,51628
GBPUSD,2009-11-19,1.6745,1.67498,1.66062,1.66655,54081
GBPUSD,2009-11-20,1.66655,1.66763,1.64604,1.65123,54150
GBPUSD,2009-11-23,1.65123,1.66482,1.64728,1.66034,44335
GBPUSD,2009-11-24,1.66034,1.66185,1.64969,1.65864,57638
GBPUSD,2009-11-25,1.65864,1.6746,1.65754,1.67039,56152
GBPUSD,2009-11-26,1.67039,1.67293,1.64666,1.65277,45133
GBPUSD,2009-11-27,1.65277,1.65277,1.62713,1.64711,69924
GBPUSD,2009-11-30,1.64711,1.65925,1.63804,1.64391,55769
GBPUSD,2009-12-01,1.64391,1.6647,1.63915,1.66017,45148
GBPUSD,2009-12-02,1.66017,1.6695,1.65503,1.6626,48714
GBPUSD,2009-12-03,1.6626,1.6722,1.65305,1.65363,47704
GBPUSD,2009-12-04,1.65363,1.66758,1.64224,1.64464,49546
GBPUSD,2009-12-07,1.64464,1.6516,1.63133,1.64439,56919
GBPUSD,2009-12-08,1.64439,1.6477,1.62557,1.6284,69365
GBPUSD,2009-12-09,1.6284,1.63755,1.61669,1.62588,68018
GBPUSD,2009-12-10,1.62588,1.63468,1.62141,1.62752,55845
GBPUSD,2009-12-11,1.62752,1.63387,1.6196,1.62431,48535
GBPUSD,2009-12-14,1.62431,1.63255,1.61902,1.63093,45856
GBPUSD,2009-12-15,1.63093,1.63193,1.62056,1.62639,49435
GBPUSD,2009-12-16,1.62639,1.64115,1.62311,1.63323,52004
GBPUSD,2009-12-17,1.63323,1.63407,1.60794,1.61515,60960
GBPUSD,2009-12-18,1.61515,1.62508,1.60521,1.61392,52473
GBPUSD,2009-12-21,1.61392,1.61651,1.60304,1.60344,41060
GBPUSD,2009-12-22,1.60344,1.61,1.59213,1.59647,47580
GBPUSD,2009-12-23,1.59647,1.59933,1.59229,1.59525,42445
GBPUSD,2009-12-24,1.59525,1.6023,1.59275,1.59406,20541
GBPUSD,2009-12-25,1.5976,1.6019,1.59459,1.6019,0
GBPUSD,2009-12-28,1.59406,1.60155,1.59323,1.59993,18832
GBPUSD,2009-12-29,1.59993,1.60678,1.58683,1.59018,33098
GBPUSD,2009-12-30,1.59018,1.6095,1.58319,1.60754,40058
GBPUSD,2009-12-31,1.60754,1.62365,1.60481,1.6164,28398
GBPUSD,2010-01-01,1.6182,1.6182,1.61311,1.61329,0
GBPUSD,2010-01-04,1.6164,1.62418,1.60582,1.60811,58253
GBPUSD,2010-01-05,1.60811,1.61535,1.59655,1.59892,59122
GBPUSD,2010-01-06,1.59892,1.6064,1.59375,1.60165,60859
GBPUSD,2010-01-07,1.60165,1.6059,1.58964,1.59294,53393
GBPUSD,2010-01-08,1.59294,1.6111,1.59155,1.6026,57505
GBPUSD,2010-01-11,1.6026,1.6194,1.6026,1.61122,50534
GBPUSD,2010-01-12,1.61122,1.61951,1.60617,1.61599,59219
GBPUSD,2010-01-13,1.61599,1.63076,1.61365,1.62781,60277
GBPUSD,2010-01-14,1.62781,1.6347,1.62492,1.6332,54692
GBPUSD,2010-01-15,1.6332,1.63562,1.62106,1.6258,64627
GBPUSD,2010-01-18,1.6258,1.63788,1.625,1.63396,39434
GBPUSD,2010-01-19,1.63396,1.6458,1.6312,1.6359,61261
GBPUSD,2010-01-20,1.6359,1.6372,1.6244,1.62884,63338
GBPUSD,2010-01-21,1.62884,1.63118,1.61251,1.61914,65710
GBPUSD,2010-01-22,1.61914,1.62841,1.60769,1.61255,54845
GBPUSD,2010-01-25,1.61255,1.62615,1.60886,1.62415,50968
GBPUSD,2010-01-26,1.62415,1.62685,1.60934,1.61399,62327
GBPUSD,2010-01-27,1.61399,1.62438,1.61075,1.61663,62187
GBPUSD,2010-01-28,1.61663,1.62762,1.61129,1.61351,59086
GBPUSD,2010-01-29,1.61351,1.61795,1.59818,1.5983,59740
GBPUSD,2010-02-01,1.5983,1.5983,1.58504,1.59551,59257
GBPUSD,2010-02-02,1.59551,1.59955,1.59026,1.59726,49048
GBPUSD,2010-02-03,1.59726,1.60699,1.58765,1.58899,52894
GBPUSD,2010-02-04,1.58899,1.59188,1.57305,1.5751,64037
GBPUSD,2010-02-05,1.5751,1.57756,1.55582,1.56288,77973
GBPUSD,2010-02-08,1.56288,1.566,1.5534,1.55831,53451
GBPUSD,2010-02-09,1.55831,1.57486,1.55614,1.57168,66305
GBPUSD,2010-02-10,1.57168,1.57656,1.55715,1.55935,68938
GBPUSD,2010-02-11,1.55935,1.57181,1.55595,1.57036,67399
GBPUSD,2010-02-12,1.57036,1.57412,1.55801,1.56713,67462
GBPUSD,2010-02-15,1.56713,1.57211,1.56121,1.56574,27728
GBPUSD,2010-02-16,1.56574,1.57948,1.56278,1.57895,48195
GBPUSD,2010-02-17,1.57895,1.58159,1.5666,1.56698,54025
GBPUSD,2010-02-18,1.56698,1.56877,1.54929,1.55277,60191
GBPUSD,2010-02-19,1.55277,1.55392,1.53434,1.54538,65646
GBPUSD,2010-02-22,1.54538,1.5521,1.543,1.54788,47564
GBPUSD,2010-02-23,1.54788,1.55755,1.53945,1.54195,70314
GBPUSD,2010-02-24,1.54195,1.54766,1.53865,1.54052,52540
GBPUSD,2010-02-25,1.54052,1.5422,1.51888,1.52624,66046
GBPUSD,2010-02-26,1.52624,1.53234,1.51518,1.52492,64254
GBPUSD,2010-03-01,1.52492,1.52492,1.47828,1.49882,73871
GBPUSD,2010-03-02,1.49882,1.50004,1.48539,1.49692,69682
GBPUSD,2010-03-03,1.49692,1.51306,1.49585,1.50966,65275
GBPUSD,2010-03-04,1.50966,1.51368,1.50054,1.50295,61406
GBPUSD,2010-03-05,1.50295,1.51662,1.49927,1.51455,43878
GBPUSD,2010-03-08,1.51455,1.51957,1.5031,1.50645,51207
GBPUSD,2010-03-09,1.50645,1.5068,1.49361,1.49952,57545
GBPUSD,2010-03-10,1.49952,1.50161,1.48724,1.49746,56757
GBPUSD,2010-03-11,1.49746,1.5067,1.49454,1.506,51479
GBPUSD,2010-03-12,1.506,1.52173,1.50259,1.51858,51499
GBPUSD,2010-03-15,1.51858,1.52077,1.5019,1.50517,48538
GBPUSD,2010-03-16,1.50517,1.52602,1.49774,1.52502,56578
GBPUSD,2010-03-17,1.52502,1.5382,1.52089,1.5317,59494
GBPUSD,2010-03-18,1.5317,1.53281,1.52165,1.52446,53464
GBPUSD,2010-03-19,1.52446,1.52558,1.49885,1.5019,48487
GBPUSD,2010-03-22,1.5019,1.51065,1.49307,1.50977,55720
GBPUSD,2010-03-23,1.50977,1.51122,1.49724,1.5045,59073
GBPUSD,2010-03-24,1.5045,1.5048,1.4861,1.48632,67414
GBPUSD,2010-03-25,1.48632,1.50032,1.47984,1.48092,63095
GBPUSD,2010-03-26,1.48092,1.4924,1.48043,1.49011,54095
GBPUSD,2010-03-29,1.49011,1.50193,1.48922,1.49846,45254
GBPUSD,2010-03-30,1.49846,1.51269,1.49735,1.50673,47780
GBPUSD,2010-03-31,1.50673,1.52042,1.50431,1.51808,49764
GBPUSD,2010-04-01,1.51808,1.52985,1.51702,1.52879,46697
GBPUSD,2010-04-02,1.52879,1.52967,1.51816,1.52039,20189
GBPUSD,2010-04-05,1.52039,1.53195,1.52039,1.5293,23616
GBPUSD,2010-04-06,1.5293,1.53065,1.5129,1.52638,47915
GBPUSD,2010-04-07,1.52638,1.52854,1.5138,1.52379,47811
GBPUSD,2010-04-08,1.52379,1.528,1.51416,1.52778,48139
GBPUSD,2010-04-09,1.52778,1.53917,1.52672,1.53783,53056
GBPUSD,2010-04-12,1.53783,1.54855,1.53521,1.53656,49702
GBPUSD,2010-04-13,1.53656,1.54493,1.5336,1.53785,50749
GBPUSD,2010-04-14,1.53785,1.5491,1.53714,1.54652,51176
GBPUSD,2010-04-15,1.54652,1.55236,1.53859,1.54942,52419
GBPUSD,2010-04-16,1.54942,1.5506,1.53665,1.53907,53817
GBPUSD,2010-04-19,1.53907,1.53907,1.51914,1.53363,51501
GBPUSD,2010-04-20,1.53363,1.54336,1.52895,1.5357,45306
GBPUSD,2010-04-21,1.5357,1.54398,1.53319,1.54092,50273
GBPUSD,2010-04-22,1.54092,1.5473,1.53417,1.53768,58891
GBPUSD,2010-04-23,1.53768,1.53988,1.52945,1.53775,61476
GBPUSD,2010-04-26,1.53775,1.54973,1.53717,1.54566,49993
GBPUSD,2010-04-27,1.54566,1.54837,1.52399,1.52637,59535
GBPUSD,2010-04-28,1.52637,1.52883,1.51252,1.52071,86331
GBPUSD,2010-04-29,1.52071,1.5342,1.51424,1.53172,60950
GBPUSD,2010-04-30,1.53172,1.5391,1.52534,1.53006,58410
GBPUSD,2010-05-03,1.53006,1.53268,1.5211,1.52465,35577
GBPUSD,2010-05-04,1.52465,1.5265,1.50903,1.51423,64794
GBPUSD,2010-05-05,1.51423,1.51726,1.50669,1.50991,70789
GBPUSD,2010-05-06,1.50991,1.5148,1.47081,1.48224,85444
GBPUSD,2010-05-07,1.48224,1.49352,1.44758,1.48195,119754
GBPUSD,2010-05-10,1.48195,1.50544,1.47602,1.48453,97121
GBPUSD,2010-05-11,1.48453,1.50043,1.472,1.49539,96389
GBPUSD,2010-05-12,1.49539,1.50451,1.48185,1.48222,83162
GBPUSD,2010-05-13,1.48222,1.49175,1.45939,1.46112,65031
GBPUSD,2010-05-14,1.46112,1.46398,1.44958,1.45368,78569
GBPUSD,2010-05-17,1.45368,1.4546,1.42502,1.44755,103740
GBPUSD,2010-05-18,1.44755,1.45199,1.43051,1.43327,96674
GBPUSD,2010-05-19,1.43327,1.44485,1.42379,1.44426,98029
GBPUSD,2010-05-20,1.44426,1.44669,1.42266,1.43518,103002
GBPUSD,2010-05-21,1.43518,1.4496,1.43164,1.4483,91501
GBPUSD,2010-05-24,1.4483,1.45281,1.43524,1.44233,70670
GBPUSD,2010-05-25,1.44233,1.44233,1.42585,1.44073,85418
GBPUSD,2010-05-26,1.44073,1.44478,1.43304,1.43843,69393
GBPUSD,2010-05-27,1.43843,1.46071,1.43657,1.45805,80512
GBPUSD,2010-05-28,1.45805,1.46115,1.44345,1.44523,68378
GBPUSD,2010-05-31,1.44523,1.45481,1.44132,1.4542,25490
GBPUSD,2010-06-01,1.4542,1.47235,1.44388,1.46503,78107
GBPUSD,2010-06-02,1.46503,1.47705,1.45532,1.46504,79873
GBPUSD,2010-06-03,1.46504,1.47433,1.45867,1.46132,62323
GBPUSD,2010-06-04,1.46132,1.4682,1.44533,1.44735,66026
GBPUSD,2010-06-07,1.44735,1.45632,1.43882,1.44667,73561
GBPUSD,2010-06-08,1.44667,1.4529,1.43465,1.4465,71562
GBPUSD,2010-06-09,1.4465,1.46082,1.43954,1.4528,64847
GBPUSD,2010-06-10,1.4528,1.47171,1.4509,1.47137,70202
GBPUSD,2010-06-11,1.47137,1.4759,1.45044,1.45365,70901
GBPUSD,2010-06-14,1.45365,1.48094,1.45365,1.47434,81023
GBPUSD,2010-06-15,1.47434,1.48364,1.46827,1.48087,72772
GBPUSD,2010-06-16,1.48087,1.48555,1.47253,1.47291,61433
GBPUSD,2010-06-17,1.47291,1.4838,1.46449,1.48245,63235
GBPUSD,2010-06-18,1.48245,1.4886,1.477,1.48244,325560
GBPUSD,2010-06-21,1.48244,1.49365,1.47379,1.47544,56681
GBPUSD,2010-06-22,1.47544,1.48588,1.46871,1.48069,69273
GBPUSD,2010-06-23,1.48069,1.49734,1.48023,1.4955,69546
GBPUSD,2010-06-24,1.4955,1.50119,1.49154,1.49348,63000
GBPUSD,2010-06-25,1.49348,1.5078,1.48556,1.5076,64121
GBPUSD,2010-06-28,1.5076,1.51289,1.50171,1.51068,52726
GBPUSD,2010-06-29,1.51068,1.51204,1.50124,1.50668,65727
GBPUSD,2010-06-30,1.50668,1.50735,1.49354,1.49466,66527
GBPUSD,2010-07-01,1.49466,1.51901,1.48733,1.51745,77839
GBPUSD,2010-07-02,1.51745,1.52285,1.51494,1.51963,58140
GBPUSD,2010-07-05,1.51963,1.52008,1.50898,1.5134,27280
GBPUSD,2010-07-06,1.5134,1.52268,1.50815,1.5148,51777
GBPUSD,2010-07-07,1.5148,1.52194,1.50811,1.51888,52946
GBPUSD,2010-07-08,1.51888,1.5241,1.51019,1.51648,52802
GBPUSD,2010-07-09,1.51648,1.52053,1.50505,1.50609,47626
GBPUSD,2010-07-12,1.50609,1.50865,1.49484,1.50297,52549
GBPUSD,2010-07-13,1.50297,1.51923,1.49647,1.51758,60373
GBPUSD,2010-07-14,1.51758,1.52973,1.51703,1.52667,64805
GBPUSD,2010-07-15,1.52667,1.54718,1.5235,1.54606,65520
GBPUSD,2010-07-16,1.54606,1.54628,1.52785,1.52983,56333
GBPUSD,2010-07-19,1.52983,1.53517,1.52027,1.52293,52826
GBPUSD,2010-07-20,1.52293,1.53095,1.51532,1.5263,54036
GBPUSD,2010-07-21,1.5263,1.53358,1.51243,1.51625,62015
GBPUSD,2010-07-22,1.51625,1.52966,1.51501,1.52576,60073
GBPUSD,2010-07-23,1.52576,1.54492,1.5251,1.54273,75876
GBPUSD,2010-07-26,1.54273,1.55205,1.54088,1.5488,74454
GBPUSD,2010-07-27,1.5488,1.55994,1.54428,1.55915,74317
GBPUSD,2010-07-28,1.55915,1.56382,1.55452,1.55945,73226
GBPUSD,2010-07-29,1.55945,1.56627,1.55801,1.56116,71727
GBPUSD,2010-07-30,1.56116,1.57216,1.55516,1.56891,75474
GBPUSD,2010-08-02,1.56891,1.59072,1.56891,1.58862,69497
GBPUSD,2010-08-03,1.58862,1.59684,1.58615,1.59516,62277
GBPUSD,2010-08-04,1.59516,1.59637,1.58563,1.58808,62853
GBPUSD,2010-08-05,1.58808,1.59245,1.58202,1.58961,55968
GBPUSD,2010-08-06,1.58961,1.59985,1.584,1.59644,54454
GBPUSD,2010-08-09,1.59644,1.5994,1.58891,1.58903,45942
GBPUSD,2010-08-10,1.58903,1.59081,1.57105,1.58502,84708
GBPUSD,2010-08-11,1.58502,1.58624,1.56283,1.56572,77304
GBPUSD,2010-08-12,1.56572,1.57142,1.55616,1.55776,67035
GBPUSD,2010-08-13,1.55776,1.56794,1.55658,1.55907,58252
GBPUSD,2010-08-16,1.55907,1.57026,1.55351,1.56625,59497
GBPUSD,2010-08-17,1.56625,1.56955,1.55517,1.55841,64026
GBPUSD,2010-08-18,1.55841,1.56884,1.54979,1.55931,63789
GBPUSD,2010-08-19,1.55931,1.56715,1.55095,1.56011,72821
GBPUSD,2010-08-20,1.56011,1.56085,1.54628,1.55324,61922
GBPUSD,2010-08-23,1.55324,1.56192,1.55001,1.55119,56315
GBPUSD,2010-08-24,1.55119,1.55142,1.53724,1.53941,74559
GBPUSD,2010-08-25,1.53941,1.54708,1.53896,1.54651,69178
GBPUSD,2010-08-26,1.54651,1.55977,1.54562,1.55266,73660
GBPUSD,2010-08-27,1.55266,1.55449,1.54425,1.55136,65794
GBPUSD,2010-08-30,1.55136,1.55763,1.54563,1.5462,38186
GBPUSD,2010-08-31,1.5462,1.54744,1.53267,1.53461,62052
GBPUSD,2010-09-01,1.53461,1.54917,1.53365,1.54528,61192
GBPUSD,2010-09-02,1.54528,1.54587,1.53506,1.53988,55429
GBPUSD,2010-09-03,1.53988,1.54672,1.5389,1.5466,49522
GBPUSD,2010-09-06,1.5466,1.54893,1.53456,1.53926,31168
GBPUSD,2010-09-07,1.53926,1.54245,1.52968,1.53558,65087
GBPUSD,2010-09-08,1.53558,1.55331,1.53435,1.5469,65480
GBPUSD,2010-09-09,1.5469,1.54781,1.53761,1.5428,56936
GBPUSD,2010-09-10,1.5428,1.54666,1.5345,1.53531,52420
GBPUSD,2010-09-13,1.53531,1.54885,1.53501,1.54288,53641
GBPUSD,2010-09-14,1.54288,1.55875,1.53483,1.55391,68538
GBPUSD,2010-09-15,1.55391,1.56521,1.54485,1.56206,70937
GBPUSD,2010-09-16,1.56206,1.56491,1.55378,1.56223,66468
GBPUSD,2010-09-17,1.56223,1.57293,1.5595,1.56219,63156
GBPUSD,2010-09-20,1.56219,1.56855,1.55372,1.55455,49642
GBPUSD,2010-09-21,1.55455,1.56435,1.55031,1.56206,59464
GBPUSD,2010-09-22,1.56206,1.57157,1.56018,1.56631,76167
GBPUSD,2010-09-23,1.56631,1.57419,1.56112,1.56821,71699
GBPUSD,2010-09-24,1.56821,1.58435,1.56413,1.58268,63661
GBPUSD,2010-09-27,1.58268,1.58669,1.57872,1.58261,53465
GBPUSD,2010-09-28,1.58261,1.58957,1.57189,1.58013,81052
GBPUSD,2010-09-29,1.58013,1.58746,1.57619,1.57846,69385
GBPUSD,2010-09-30,1.57846,1.59233,1.56698,1.57149,94248
GBPUSD,2010-10-01,1.57149,1.5873,1.57033,1.58343,72247
GBPUSD,2010-10-04,1.58343,1.58698,1.57489,1.58305,67602
GBPUSD,2010-10-05,1.58305,1.59301,1.57513,1.58884,93528
GBPUSD,2010-10-06,1.58884,1.59402,1.58326,1.58887,96598
GBPUSD,2010-10-07,1.58887,1.60179,1.58263,1.58759,118652
GBPUSD,2010-10-08,1.58759,1.59654,1.58235,1.59517,87835
GBPUSD,2010-10-11,1.59517,1.59635,1.58686,1.58816,75161
GBPUSD,2010-10-12,1.58816,1.59172,1.57548,1.58071,129394
GBPUSD,2010-10-13,1.58071,1.59083,1.57742,1.58965,107828
GBPUSD,2010-10-14,1.58965,1.60671,1.5888,1.60103,113033
GBPUSD,2010-10-15,1.60103,1.61067,1.5971,1.59839,84003
GBPUSD,2010-10-18,1.59839,1.6004,1.58374,1.58731,79879
GBPUSD,2010-10-19,1.58731,1.5942,1.56789,1.57054,138477
GBPUSD,2010-10-20,1.57054,1.58785,1.56496,1.58478,116366
GBPUSD,2010-10-21,1.58478,1.58495,1.5686,1.57021,118212
GBPUSD,2010-10-22,1.57021,1.57509,1.56513,1.56802,87832
GBPUSD,2010-10-25,1.56802,1.57726,1.56558,1.57222,80270
GBPUSD,2010-10-26,1.57222,1.58963,1.56903,1.58436,113284
GBPUSD,2010-10-27,1.58436,1.58661,1.5731,1.57666,112166
GBPUSD,2010-10-28,1.57666,1.59784,1.57622,1.59446,95013
GBPUSD,2010-10-29,1.59446,1.6037,1.58776,1.6021,104769
GBPUSD,2010-11-01,1.6021,1.60896,1.59894,1.60341,75052
GBPUSD,2010-11-02,1.60341,1.60803,1.59614,1.60392,92866
GBPUSD,2010-11-03,1.60392,1.61705,1.60071,1.60819,107595
GBPUSD,2010-11-04,1.60819,1.6299,1.60772,1.62671,110564
GBPUSD,2010-11-05,1.62671,1.62942,1.61664,1.61855,92240
GBPUSD,2010-11-08,1.61855,1.62131,1.61034,1.61381,70682
GBPUSD,2010-11-09,1.61381,1.61841,1.59512,1.59845,98850
GBPUSD,2010-11-10,1.59845,1.61361,1.59607,1.61196,115131
GBPUSD,2010-11-11,1.61196,1.61794,1.60816,1.61225,109166
GBPUSD,2010-11-12,1.61225,1.6184,1.59857,1.61364,108556
GBPUSD,2010-11-15,1.61364,1.61541,1.60416,1.6052,83982
GBPUSD,2010-11-16,1.6052,1.60864,1.58383,1.58841,111067
GBPUSD,2010-11-17,1.58841,1.59489,1.58543,1.59056,89370
GBPUSD,2010-11-18,1.59056,1.60552,1.58881,1.60407,91556
GBPUSD,2010-11-19,1.60407,1.60942,1.59362,1.59869,78928
GBPUSD,2010-11-22,1.59869,1.60844,1.58987,1.59546,71916
GBPUSD,2010-11-23,1.59546,1.59645,1.57591,1.57731,103360
GBPUSD,2010-11-24,1.57731,1.58373,1.57412,1.57706,102133
GBPUSD,2010-11-25,1.57706,1.5794,1.57253,1.57594,63515
GBPUSD,2010-11-26,1.57594,1.57717,1.55755,1.55915,80645
GBPUSD,2010-11-29,1.55915,1.56471,1.55274,1.55724,104323
GBPUSD,2010-11-30,1.55724,1.55958,1.54846,1.5562,97829
GBPUSD,2010-12-01,1.5562,1.56491,1.55475,1.56201,106569
GBPUSD,2010-12-02,1.56201,1.56673,1.5512,1.55981,100055
GBPUSD,2010-12-03,1.55981,1.57875,1.55808,1.5771,95752
GBPUSD,2010-12-06,1.5771,1.57746,1.56556,1.5715,71833
GBPUSD,2010-12-07,1.5715,1.58224,1.57028,1.57561,89922
GBPUSD,2010-12-08,1.57561,1.58367,1.56682,1.58045,104306
GBPUSD,2010-12-09,1.58045,1.58413,1.57113,1.57681,101625
GBPUSD,2010-12-10,1.57681,1.5862,1.57478,1.581,72654
GBPUSD,2010-12-13,1.581,1.58971,1.57193,1.58631,64068
GBPUSD,2010-12-14,1.58631,1.59113,1.57393,1.57755,91352
GBPUSD,2010-12-15,1.57755,1.57783,1.55306,1.55442,100820
GBPUSD,2010-12-16,1.55442,1.56362,1.55402,1.56314,86211
GBPUSD,2010-12-17,1.56314,1.56467,1.54543,1.5518,81782
GBPUSD,2010-12-20,1.5518,1.55765,1.54761,1.55123,67955
GBPUSD,2010-12-21,1.55123,1.5568,1.54357,1.54693,65955
GBPUSD,2010-12-22,1.54693,1.54937,1.53562,1.53829,66170
GBPUSD,2010-12-23,1.53829,1.54367,1.53731,1.54234,58702
GBPUSD,2010-12-24,1.54234,1.54759,1.54171,1.54414,11534
GBPUSD,2010-12-27,1.54414,1.54572,1.53698,1.542,29110
GBPUSD,2010-12-28,1.542,1.55114,1.53446,1.53681,57726
GBPUSD,2010-12-29,1.53681,1.55181,1.53508,1.54971,62813
GBPUSD,2010-12-30,1.54971,1.55357,1.53667,1.54251,55841
GBPUSD,2010-12-31,1.54251,1.56653,1.5424,1.55955,32870
GBPUSD,2011-01-03,1.55955,1.55955,1.54681,1.54864,8173
GBPUSD,2011-01-04,1.54864,1.56457,1.5454,1.55866,79850
GBPUSD,2011-01-05,1.55866,1.56277,1.54507,1.55155,90772
GBPUSD,2011-01-06,1.55155,1.55643,1.54488,1.54719,90306
GBPUSD,2011-01-07,1.54719,1.55791,1.54055,1.5549,91348
GBPUSD,2011-01-10,1.5549,1.5603,1.54749,1.55716,81637
GBPUSD,2011-01-11,1.55716,1.56394,1.55126,1.55987,86845
GBPUSD,2011-01-12,1.55987,1.5781,1.55831,1.57675,97379
GBPUSD,2011-01-13,1.57675,1.58837,1.57182,1.58371,97830
GBPUSD,2011-01-14,1.58371,1.58889,1.58102,1.58724,86344
GBPUSD,2011-01-17,1.58724,1.58927,1.58724,1.5885,1511
GBPUSD,2011-01-18,1.5885,1.606,1.58781,1.5961,91409
GBPUSD,2011-01-19,1.5961,1.60378,1.59448,1.59943,92830
GBPUSD,2011-01-20,1.59943,1.60092,1.58374,1.58988,84383
GBPUSD,2011-01-21,1.58988,1.60174,1.58669,1.60033,67885
GBPUSD,2011-01-24,1.60033,1.60141,1.5921,1.59853,56129
GBPUSD,2011-01-25,1.59853,1.60166,1.57507,1.58169,100618
GBPUSD,2011-01-26,1.58169,1.59347,1.57692,1.59314,88800
GBPUSD,2011-01-27,1.59314,1.59907,1.58797,1.5927,90279
GBPUSD,2011-01-28,1.5927,1.59667,1.58254,1.58621,88217
GBPUSD,2011-01-31,1.58621,1.60487,1.58216,1.60143,83774
GBPUSD,2011-02-01,1.60143,1.61642,1.60097,1.6145,86083
GBPUSD,2011-02-02,1.6145,1.6231,1.61281,1.61885,79765
GBPUSD,2011-02-03,1.61885,1.62782,1.61214,1.61336,86538
GBPUSD,2011-02-04,1.61336,1.61722,1.60364,1.60972,73810
GBPUSD,2011-02-07,1.60972,1.6185,1.60892,1.61108,79389
GBPUSD,2011-02-08,1.61108,1.61624,1.60278,1.6068,92252
GBPUSD,2011-02-09,1.6068,1.61245,1.60328,1.60992,95737
GBPUSD,2011-02-10,1.60992,1.61378,1.60074,1.60954,89054
GBPUSD,2011-02-11,1.60954,1.61125,1.59628,1.5999,74107
GBPUSD,2011-02-14,1.5999,1.60772,1.59816,1.60345,82617
GBPUSD,2011-02-15,1.60345,1.61713,1.60072,1.6123,100561
GBPUSD,2011-02-16,1.6123,1.61852,1.59865,1.60908,101329
GBPUSD,2011-02-17,1.60908,1.61864,1.60748,1.61699,75620
GBPUSD,2011-02-18,1.61699,1.62631,1.61484,1.62312,71725
GBPUSD,2011-02-21,1.62312,1.62583,1.6204,1.62231,43016
GBPUSD,2011-02-22,1.62231,1.62278,1.61013,1.61331,83769
GBPUSD,2011-02-23,1.61331,1.62743,1.6131,1.62077,78423
GBPUSD,2011-02-24,1.62077,1.62546,1.6085,1.6135,81175
GBPUSD,2011-02-25,1.6135,1.61606,1.60308,1.61146,69854
GBPUSD,2011-02-28,1.61146,1.62765,1.60715,1.62538,73484
GBPUSD,2011-03-01,1.62538,1.6329,1.62516,1.62637,75462
GBPUSD,2011-03-02,1.62637,1.6344,1.62148,1.63226,66233
GBPUSD,2011-03-03,1.63226,1.63335,1.6253,1.62747,61935
GBPUSD,2011-03-04,1.62747,1.63054,1.62354,1.62716,55446
GBPUSD,2011-03-07,1.62716,1.63417,1.61825,1.61984,56637
GBPUSD,2011-03-08,1.61984,1.62081,1.6125,1.61579,59426
GBPUSD,2011-03-09,1.61579,1.62429,1.61377,1.6199,55065
GBPUSD,2011-03-10,1.6199,1.62132,1.60385,1.60567,69670
GBPUSD,2011-03-11,1.60567,1.60871,1.5977,1.60871,66997
GBPUSD,2011-03-14,1.60871,1.61991,1.60272,1.61714,83708
GBPUSD,2011-03-15,1.61714,1.61846,1.59782,1.6076,105117
GBPUSD,2011-03-16,1.6076,1.61313,1.59861,1.6022,89708
GBPUSD,2011-03-17,1.6022,1.61701,1.59819,1.6134,85395
GBPUSD,2011-03-18,1.6134,1.62563,1.60606,1.62272,81027
GBPUSD,2011-03-21,1.62272,1.63278,1.6204,1.6309,51062
GBPUSD,2011-03-22,1.6309,1.64011,1.62926,1.6363,66183
GBPUSD,2011-03-23,1.6363,1.63865,1.62186,1.6234,72353
GBPUSD,2011-03-24,1.6234,1.62669,1.60917,1.6121,72740
GBPUSD,2011-03-25,1.6121,1.61419,1.60078,1.60194,68969
GBPUSD,2011-03-28,1.60194,1.60381,1.59364,1.59921,65567
GBPUSD,2011-03-29,1.59921,1.60427,1.59421,1.601,68617
GBPUSD,2011-03-30,1.601,1.60836,1.59786,1.607,67851
GBPUSD,2011-03-31,1.607,1.61513,1.6016,1.60273,65621
GBPUSD,2011-04-01,1.60273,1.61331,1.59722,1.6119,78131
GBPUSD,2011-04-04,1.6119,1.61767,1.61014,1.6129,53945
GBPUSD,2011-04-05,1.6129,1.62971,1.60918,1.62958,72221
GBPUSD,2011-04-06,1.62958,1.63637,1.62572,1.6331,66611
GBPUSD,2011-04-07,1.6331,1.63449,1.62623,1.63187,65559
GBPUSD,2011-04-08,1.63187,1.64279,1.6315,1.6379,66319
GBPUSD,2011-04-11,1.6379,1.64262,1.63134,1.6344,57576
GBPUSD,2011-04-12,1.6344,1.63485,1.62274,1.6255,80353
GBPUSD,2011-04-13,1.6255,1.63097,1.62372,1.6267,63824
GBPUSD,2011-04-14,1.6267,1.63843,1.62535,1.6351,75120
GBPUSD,2011-04-15,1.6351,1.63728,1.62916,1.62949,58872
GBPUSD,2011-04-18,1.62949,1.63287,1.61656,1.6264,78700
GBPUSD,2011-04-19,1.6264,1.6337,1.62298,1.6313,68217
GBPUSD,2011-04-20,1.6313,1.64256,1.63071,1.6407,73590
GBPUSD,2011-04-21,1.6407,1.65992,1.63864,1.6521,74242
GBPUSD,2011-04-22,1.6521,1.65686,1.6502,1.65143,9846
GBPUSD,2011-04-25,1.65143,1.65523,1.64674,1.6496,25373
GBPUSD,2011-04-26,1.6496,1.6532,1.64311,1.6479,51444
GBPUSD,2011-04-27,1.6479,1.66367,1.64347,1.66249,69277
GBPUSD,2011-04-28,1.66249,1.67458,1.66218,1.66308,74775
GBPUSD,2011-04-29,1.66308,1.6722,1.66231,1.67034,42692
GBPUSD,2011-05-02,1.67034,1.67381,1.66355,1.6653,60584
GBPUSD,2011-05-03,1.6653,1.6661,1.64634,1.64863,72200
GBPUSD,2011-05-04,1.64863,1.65743,1.64522,1.6488,101425
GBPUSD,2011-05-05,1.6488,1.65438,1.63586,1.6384,114331
GBPUSD,2011-05-06,1.6384,1.64636,1.63538,1.63975,132322
GBPUSD,2011-05-09,1.63975,1.64067,1.627,1.6403,106775
GBPUSD,2011-05-10,1.6403,1.6421,1.6316,1.6363,101228
GBPUSD,2011-05-11,1.6363,1.65179,1.63218,1.6343,109329
GBPUSD,2011-05-12,1.6343,1.63796,1.62345,1.629,100765
GBPUSD,2011-05-13,1.629,1.6308,1.61466,1.6188,86931
GBPUSD,2011-05-16,1.6188,1.62547,1.61596,1.61915,85535
GBPUSD,2011-05-17,1.61915,1.63038,1.6175,1.6251,121233
GBPUSD,2011-05-18,1.6251,1.62879,1.61052,1.6167,110706
GBPUSD,2011-05-19,1.6167,1.62431,1.61309,1.6237,104612
GBPUSD,2011-05-20,1.6237,1.6305,1.61664,1.62431,100403
GBPUSD,2011-05-23,1.62431,1.62431,1.60874,1.612,96462
GBPUSD,2011-05-24,1.612,1.62091,1.6057,1.61804,110216
GBPUSD,2011-05-25,1.61804,1.62932,1.6132,1.62734,110156
GBPUSD,2011-05-26,1.62734,1.64045,1.62643,1.64,102106
GBPUSD,2011-05-27,1.64,1.651,1.63782,1.64808,94262
GBPUSD,2011-05-30,1.64808,1.65119,1.64501,1.6471,19582
GBPUSD,2011-05-31,1.6471,1.65469,1.64233,1.6445,84975
GBPUSD,2011-06-01,1.6445,1.64956,1.63311,1.63339,104237
GBPUSD,2011-06-02,1.63339,1.6418,1.6305,1.63686,103799
GBPUSD,2011-06-03,1.63686,1.6438,1.62859,1.64282,90289
GBPUSD,2011-06-06,1.64282,1.64606,1.63406,1.63545,75243
GBPUSD,2011-06-07,1.63545,1.64725,1.63242,1.64435,84056
GBPUSD,2011-06-08,1.64435,1.6451,1.63478,1.64015,84151
GBPUSD,2011-06-09,1.64015,1.64658,1.63581,1.63625,83955
GBPUSD,2011-06-10,1.63625,1.63835,1.62129,1.62256,87323
GBPUSD,2011-06-13,1.62256,1.63906,1.62162,1.63755,79178
GBPUSD,2011-06-14,1.63755,1.64414,1.63553,1.63697,82480
GBPUSD,2011-06-15,1.63697,1.63829,1.61686,1.61915,88442
GBPUSD,2011-06-16,1.61915,1.6225,1.60787,1.61533,106200
GBPUSD,2011-06-17,1.61533,1.61954,1.60931,1.61795,89752
GBPUSD,2011-06-20,1.61795,1.62348,1.61091,1.61997,65365
GBPUSD,2011-06-21,1.61997,1.62535,1.61671,1.62409,74533
GBPUSD,2011-06-22,1.62409,1.6263,1.60605,1.60703,82364
GBPUSD,2011-06-23,1.60703,1.60742,1.59382,1.60033,93760
GBPUSD,2011-06-24,1.60033,1.60469,1.59513,1.59632,83824
GBPUSD,2011-06-27,1.59632,1.6012,1.59131,1.59886,87664
GBPUSD,2011-06-28,1.59886,1.60439,1.59116,1.59969,90949
GBPUSD,2011-06-29,1.59969,1.60748,1.59701,1.60609,96436
GBPUSD,2011-06-30,1.60609,1.61184,1.5973,1.60517,88187
GBPUSD,2011-07-01,1.60517,1.60959,1.5988,1.60658,80900
GBPUSD,2011-07-04,1.60658,1.61403,1.60541,1.60755,47575
GBPUSD,2011-07-05,1.60755,1.61282,1.59907,1.60585,73717
GBPUSD,2011-07-06,1.60585,1.6091,1.59479,1.60015,75804
GBPUSD,2011-07-07,1.60015,1.60184,1.5944,1.59672,82488
GBPUSD,2011-07-08,1.59672,1.60781,1.59316,1.6044,79541
GBPUSD,2011-07-11,1.6044,1.6044,1.58826,1.59058,91025
GBPUSD,2011-07-12,1.59058,1.59491,1.57794,1.59114,131535
GBPUSD,2011-07-13,1.59114,1.61212,1.59015,1.61078,102821
GBPUSD,2011-07-14,1.61078,1.61942,1.60941,1.61377,112249
GBPUSD,2011-07-15,1.61377,1.61762,1.60762,1.6128,89203
GBPUSD,2011-07-18,1.6128,1.61331,1.60048,1.60565,84973
GBPUSD,2011-07-19,1.60565,1.61783,1.60406,1.61185,91610
GBPUSD,2011-07-20,1.61185,1.61669,1.60687,1.61533,70302
GBPUSD,2011-07-21,1.61533,1.63333,1.61207,1.63299,90067
GBPUSD,2011-07-22,1.63299,1.634,1.62643,1.63008,69526
GBPUSD,2011-07-25,1.63008,1.63441,1.62616,1.62759,73461
GBPUSD,2011-07-26,1.62759,1.64286,1.62657,1.64082,80794
GBPUSD,2011-07-27,1.64082,1.64393,1.63121,1.63304,81387
GBPUSD,2011-07-28,1.63304,1.63832,1.62939,1.63734,81274
GBPUSD,2011-07-29,1.63734,1.64709,1.62608,1.64195,104637
GBPUSD,2011-08-01,1.64195,1.64751,1.62374,1.62942,91698
GBPUSD,2011-08-02,1.62942,1.63289,1.62242,1.62965,97781
GBPUSD,2011-08-03,1.62965,1.6431,1.6251,1.6426,102947
GBPUSD,2011-08-04,1.6426,1.64412,1.62457,1.62469,112702
GBPUSD,2011-08-05,1.62469,1.63968,1.62283,1.63893,132470
GBPUSD,2011-08-08,1.63893,1.6478,1.62972,1.63161,132348
GBPUSD,2011-08-09,1.63161,1.64108,1.61757,1.63148,169309
GBPUSD,2011-08-10,1.63148,1.63361,1.61231,1.6132,105874
GBPUSD,2011-08-11,1.6132,1.62387,1.61113,1.62371,101604
GBPUSD,2011-08-12,1.62371,1.63123,1.61665,1.62791,72856
GBPUSD,2011-08-15,1.62791,1.64093,1.62553,1.63871,54329
GBPUSD,2011-08-16,1.63871,1.64766,1.63184,1.64531,60376
GBPUSD,2011-08-17,1.64531,1.65924,1.6348,1.6541,68682
GBPUSD,2011-08-18,1.6541,1.65551,1.642,1.65156,69707
GBPUSD,2011-08-19,1.65156,1.66177,1.64443,1.6472,83438
GBPUSD,2011-08-22,1.6472,1.65206,1.64353,1.64525,62420
GBPUSD,2011-08-23,1.64525,1.65727,1.64456,1.64938,66999
GBPUSD,2011-08-24,1.64938,1.65338,1.63657,1.63735,60276
GBPUSD,2011-08-25,1.63735,1.6397,1.62595,1.62803,60810
GBPUSD,2011-08-26,1.62803,1.63629,1.62077,1.63473,65541
GBPUSD,2011-08-29,1.63473,1.64544,1.63228,1.64058,37480
GBPUSD,2011-08-30,1.64058,1.64192,1.62553,1.62952,56595
GBPUSD,2011-08-31,1.62952,1.63338,1.62305,1.62428,55477
GBPUSD,2011-09-01,1.62428,1.62601,1.61316,1.61785,74537
GBPUSD,2011-09-02,1.61785,1.6254,1.61711,1.6221,70457
GBPUSD,2011-09-05,1.6221,1.6221,1.60612,1.61167,70832
GBPUSD,2011-09-06,1.61167,1.62093,1.59209,1.59413,102608
GBPUSD,2011-09-07,1.59413,1.60405,1.59182,1.59903,90181
GBPUSD,2011-09-08,1.59903,1.60832,1.5913,1.59565,91034
GBPUSD,2011-09-09,1.59565,1.59906,1.58436,1.58767,110525
GBPUSD,2011-09-12,1.58767,1.58856,1.57732,1.58609,97961
GBPUSD,2011-09-13,1.58609,1.58696,1.57605,1.57786,107136
GBPUSD,2011-09-14,1.57786,1.58149,1.57061,1.57659,99492
GBPUSD,2011-09-15,1.57659,1.58686,1.57305,1.5798,102345
GBPUSD,2011-09-16,1.5798,1.58413,1.5745,1.57919,96461
GBPUSD,2011-09-19,1.57919,1.57919,1.56329,1.57034,83858
GBPUSD,2011-09-20,1.57034,1.57473,1.56551,1.5732,105327
GBPUSD,2011-09-21,1.5732,1.57471,1.54861,1.5499,108985
GBPUSD,2011-09-22,1.5499,1.55193,1.53277,1.53425,107121
GBPUSD,2011-09-23,1.53425,1.54914,1.5332,1.54744,119864
GBPUSD,2011-09-26,1.54744,1.5571,1.54319,1.55635,174755
GBPUSD,2011-09-27,1.55635,1.57056,1.55257,1.56317,132221
GBPUSD,2011-09-28,1.56317,1.56771,1.55639,1.55756,143183
GBPUSD,2011-09-29,1.55756,1.57157,1.55423,1.56273,174867
GBPUSD,2011-09-30,1.56273,1.56657,1.55322,1.55908,160075
GBPUSD,2011-10-03,1.55908,1.55908,1.54276,1.54313,144061
GBPUSD,2011-10-04,1.54313,1.54944,1.53399,1.5482,161200
GBPUSD,2011-10-05,1.5482,1.54928,1.53941,1.54573,142024
GBPUSD,2011-10-06,1.54573,1.55016,1.5271,1.54425,167440
GBPUSD,2011-10-07,1.54425,1.56461,1.54227,1.55607,136552
GBPUSD,2011-10-10,1.55607,1.56896,1.55271,1.56665,117211
GBPUSD,2011-10-11,1.56665,1.5669,1.55744,1.55755,93924
GBPUSD,2011-10-12,1.55755,1.57981,1.55423,1.57499,126576
GBPUSD,2011-10-13,1.57499,1.57848,1.56659,1.57655,121860
GBPUSD,2011-10-14,1.57655,1.58522,1.57213,1.58132,108838
GBPUSD,2011-10-17,1.58132,1.58479,1.57306,1.57421,93225
GBPUSD,2011-10-18,1.57421,1.5822,1.56312,1.57095,134717
GBPUSD,2011-10-19,1.57095,1.58477,1.56949,1.57725,116731
GBPUSD,2011-10-20,1.57725,1.58038,1.5681,1.57895,131551
GBPUSD,2011-10-21,1.57895,1.59729,1.5753,1.5968,106926
GBPUSD,2011-10-24,1.5968,1.6008,1.59001,1.59971,100764
GBPUSD,2011-10-25,1.59971,1.60394,1.59564,1.59998,102460
GBPUSD,2011-10-26,1.59998,1.60418,1.58906,1.59748,110003
GBPUSD,2011-10-27,1.59748,1.61416,1.59541,1.60986,117263
GBPUSD,2011-10-28,1.60986,1.61528,1.60709,1.61269,84751
GBPUSD,2011-10-31,1.61269,1.61662,1.59644,1.60871,106058
GBPUSD,2011-11-01,1.60871,1.60933,1.58904,1.59475,127483
GBPUSD,2011-11-02,1.59475,1.60471,1.59156,1.59465,112581
GBPUSD,2011-11-03,1.59465,1.60614,1.58757,1.60388,120463
GBPUSD,2011-11-04,1.60388,1.60634,1.59456,1.60207,97885
GBPUSD,2011-11-07,1.60207,1.60788,1.59793,1.60523,94448
GBPUSD,2011-11-08,1.60523,1.61302,1.60352,1.6088,86188
GBPUSD,2011-11-09,1.6088,1.612,1.59048,1.59053,109673
GBPUSD,2011-11-10,1.59053,1.59851,1.58685,1.59338,110574
GBPUSD,2011-11-11,1.59338,1.60931,1.58951,1.60778,87914
GBPUSD,2011-11-14,1.60778,1.60919,1.5881,1.59075,81659
GBPUSD,2011-11-15,1.59075,1.59319,1.57994,1.58186,91346
GBPUSD,2011-11-16,1.58186,1.58263,1.57217,1.57267,110733
GBPUSD,2011-11-17,1.57267,1.58126,1.5691,1.57513,123661
GBPUSD,2011-11-18,1.57513,1.58881,1.57375,1.57873,120874
GBPUSD,2011-11-21,1.57873,1.57969,1.56125,1.5641,112743
GBPUSD,2011-11-22,1.5641,1.56916,1.55821,1.56325,110199
GBPUSD,2011-11-23,1.56325,1.56553,1.54949,1.55217,115023
GBPUSD,2011-11-24,1.55217,1.5566,1.54847,1.54905,90405
GBPUSD,2011-11-25,1.54905,1.55184,1.54232,1.54519,96870
GBPUSD,2011-11-28,1.54519,1.55944,1.54519,1.55075,109646
GBPUSD,2011-11-29,1.55075,1.56564,1.54693,1.55958,119964
GBPUSD,2011-11-30,1.55958,1.578,1.55258,1.56979,130399
GBPUSD,2011-12-01,1.56979,1.5756,1.56365,1.56891,107710
GBPUSD,2011-12-02,1.56891,1.5726,1.55765,1.56005,93454
GBPUSD,2011-12-05,1.56005,1.57174,1.55848,1.56466,96150
GBPUSD,2011-12-06,1.56466,1.5664,1.55615,1.55986,96016
GBPUSD,2011-12-07,1.55986,1.57243,1.55945,1.57099,91206
GBPUSD,2011-12-08,1.57099,1.57696,1.56103,1.56282,90142
GBPUSD,2011-12-09,1.56282,1.57348,1.55845,1.56645,108102
GBPUSD,2011-12-12,1.56645,1.56645,1.55371,1.55815,107639
GBPUSD,2011-12-13,1.55815,1.56296,1.54513,1.54784,115596
GBPUSD,2011-12-14,1.54784,1.55316,1.54083,1.54646,105555
GBPUSD,2011-12-15,1.54646,1.55298,1.54335,1.55132,105672
GBPUSD,2011-12-16,1.55132,1.55576,1.54832,1.55453,88677
GBPUSD,2011-12-19,1.55453,1.55453,1.54649,1.5497,96165
GBPUSD,2011-12-20,1.5497,1.57007,1.54935,1.56595,98239
GBPUSD,2011-12-21,1.56595,1.57741,1.56478,1.56704,105607
GBPUSD,2011-12-22,1.56704,1.57288,1.56491,1.56771,84646
GBPUSD,2011-12-23,1.56771,1.57076,1.55799,1.55839,78859
GBPUSD,2011-12-26,1.55839,1.56464,1.55839,1.56243,8654
GBPUSD,2011-12-27,1.56243,1.57014,1.55971,1.56661,44340
GBPUSD,2011-12-28,1.56661,1.56922,1.54413,1.54528,57125
GBPUSD,2011-12-29,1.54528,1.54758,1.53609,1.54144,60648
GBPUSD,2011-12-30,1.54144,1.55718,1.5401,1.55454,84255
GBPUSD,2012-01-02,1.55454,1.55454,1.54678,1.55105,12029
GBPUSD,2012-01-03,1.55105,1.56696,1.54977,1.56465,79959
GBPUSD,2012-01-04,1.56465,1.56689,1.5579,1.56155,85975
GBPUSD,2012-01-05,1.56155,1.56294,1.5467,1.54935,100607
GBPUSD,2012-01-06,1.54935,1.55257,1.53757,1.54249,95529
GBPUSD,2012-01-09,1.54249,1.54697,1.53957,1.54609,92235
GBPUSD,2012-01-10,1.54609,1.55008,1.54462,1.54836,95497
GBPUSD,2012-01-11,1.54836,1.54905,1.53091,1.53271,93244
GBPUSD,2012-01-12,1.53271,1.53676,1.52791,1.53274,116970
GBPUSD,2012-01-13,1.53274,1.54094,1.52332,1.53075,127185
GBPUSD,2012-01-16,1.53075,1.53526,1.52748,1.53256,85335
GBPUSD,2012-01-17,1.53256,1.54042,1.53054,1.53292,102524
GBPUSD,2012-01-18,1.53292,1.54419,1.53254,1.54356,107903
GBPUSD,2012-01-19,1.54356,1.54923,1.54153,1.54842,95450
GBPUSD,2012-01-20,1.54842,1.55766,1.54502,1.5572,94295
GBPUSD,2012-01-23,1.5572,1.5602,1.55166,1.55653,105382
GBPUSD,2012-01-24,1.55653,1.56257,1.55328,1.56242,111142
GBPUSD,2012-01-25,1.56242,1.56783,1.55285,1.56541,111258
GBPUSD,2012-01-26,1.56541,1.5735,1.56448,1.56877,94571
GBPUSD,2012-01-30,1.57265,1.57336,1.56539,1.57077,87657
GBPUSD,2012-01-31,1.57077,1.57973,1.56981,1.57614,109867
GBPUSD,2012-02-01,1.57614,1.58827,1.57073,1.58316,111798
GBPUSD,2012-02-02,1.58316,1.58591,1.57954,1.58038,99490
GBPUSD,2012-02-03,1.58038,1.58603,1.575,1.58102,108064
GBPUSD,2012-02-06,1.58102,1.58412,1.57299,1.58186,102383
GBPUSD,2012-02-07,1.58186,1.5905,1.5788,1.58935,112370
GBPUSD,2012-02-08,1.58935,1.59288,1.57972,1.58157,93867
GBPUSD,2012-02-09,1.58157,1.58852,1.57927,1.5817,108949
GBPUSD,2012-02-10,1.5817,1.58494,1.57305,1.5752,87216
GBPUSD,2012-02-13,1.5752,1.5827,1.5752,1.5766,86446
GBPUSD,2012-02-14,1.5766,1.57702,1.56446,1.569,109768
GBPUSD,2012-02-15,1.569,1.57361,1.56706,1.56898,112491
GBPUSD,2012-02-16,1.56898,1.58167,1.56553,1.57961,110314
GBPUSD,2012-02-17,1.57961,1.58619,1.57896,1.58264,86816
GBPUSD,2012-02-20,1.58264,1.58804,1.58264,1.58473,62059
GBPUSD,2012-02-21,1.58473,1.58653,1.57725,1.57777,93415
GBPUSD,2012-02-22,1.57777,1.58143,1.56484,1.56667,85707
GBPUSD,2012-02-23,1.56667,1.57472,1.56501,1.57423,87253
GBPUSD,2012-02-24,1.57423,1.58991,1.57213,1.58753,106497
GBPUSD,2012-02-27,1.58753,1.59012,1.58102,1.58215,85055
GBPUSD,2012-02-28,1.58215,1.59078,1.57996,1.58991,78217
GBPUSD,2012-02-29,1.58991,1.59922,1.58927,1.59005,99577
GBPUSD,2012-03-01,1.59005,1.59753,1.58968,1.59547,84970
GBPUSD,2012-03-02,1.59547,1.59661,1.58233,1.58291,76464
GBPUSD,2012-03-05,1.58291,1.5877,1.57849,1.5861,64087
GBPUSD,2012-03-06,1.5861,1.58822,1.56966,1.57137,71390
GBPUSD,2012-03-07,1.57137,1.57589,1.56974,1.57393,66622
GBPUSD,2012-03-08,1.57393,1.58334,1.57243,1.58275,72773
GBPUSD,2012-03-09,1.58275,1.5832,1.56623,1.56701,76367
GBPUSD,2012-03-12,1.56701,1.56956,1.56023,1.56393,63362
GBPUSD,2012-03-13,1.56393,1.57474,1.56207,1.57028,71929
GBPUSD,2012-03-14,1.57028,1.5744,1.56493,1.56739,74410
GBPUSD,2012-03-15,1.56739,1.57368,1.56341,1.57092,73205
GBPUSD,2012-03-16,1.57092,1.58611,1.56941,1.58398,71727
GBPUSD,2012-03-19,1.58398,1.59139,1.5821,1.58915,59515
GBPUSD,2012-03-20,1.58915,1.59,1.58306,1.58603,59709
GBPUSD,2012-03-21,1.58603,1.59229,1.58171,1.58712,83484
GBPUSD,2012-03-22,1.58712,1.5892,1.57695,1.5818,82011
GBPUSD,2012-03-23,1.5818,1.59087,1.58054,1.58646,80911
GBPUSD,2012-03-26,1.58646,1.59732,1.5801,1.597,70545
GBPUSD,2012-03-27,1.597,1.6001,1.59421,1.59482,67834
GBPUSD,2012-03-28,1.59482,1.59639,1.58421,1.58856,78434
GBPUSD,2012-03-29,1.58856,1.59581,1.58601,1.59544,82069
GBPUSD,2012-03-30,1.59544,1.60373,1.59452,1.60056,85470
GBPUSD,2012-04-02,1.60056,1.60626,1.5979,1.60234,72796
GBPUSD,2012-04-03,1.60234,1.60458,1.58912,1.59107,76333
GBPUSD,2012-04-04,1.59107,1.59168,1.58327,1.58871,84928
GBPUSD,2012-04-05,1.58871,1.59084,1.5805,1.58242,75273
GBPUSD,2012-04-06,1.58242,1.58916,1.58191,1.58681,27940
GBPUSD,2012-04-09,1.58681,1.59139,1.58345,1.58921,38827
GBPUSD,2012-04-10,1.58921,1.593,1.58087,1.58626,82105
GBPUSD,2012-04-11,1.58626,1.59379,1.58514,1.59038,92106
GBPUSD,2012-04-12,1.59038,1.59851,1.58992,1.59589,87502
GBPUSD,2012-04-13,1.59589,1.59693,1.58411,1.58433,81806
GBPUSD,2012-04-16,1.58433,1.59108,1.58189,1.58974,85051
GBPUSD,2012-04-17,1.58974,1.5971,1.58621,1.59232,68427
GBPUSD,2012-04-18,1.59232,1.60419,1.58948,1.60188,79915
GBPUSD,2012-04-19,1.60188,1.60781,1.60091,1.6049,81526
GBPUSD,2012-04-20,1.6049,1.61489,1.60378,1.61168,67641
GBPUSD,2012-04-23,1.61168,1.61337,1.60765,1.61309,59558
GBPUSD,2012-04-24,1.61309,1.61637,1.61096,1.61405,70215
GBPUSD,2012-04-25,1.61405,1.61827,1.60815,1.61626,83874
GBPUSD,2012-04-26,1.61626,1.62069,1.61585,1.61807,67174
GBPUSD,2012-04-27,1.61807,1.62803,1.61532,1.62601,80552
GBPUSD,2012-04-30,1.62601,1.63013,1.62214,1.62281,65269
GBPUSD,2012-05-01,1.62281,1.62474,1.61865,1.62174,52559
GBPUSD,2012-05-02,1.62174,1.62387,1.61603,1.61962,76236
GBPUSD,2012-05-03,1.61962,1.62157,1.61595,1.61746,74300
GBPUSD,2012-05-04,1.61746,1.62024,1.61413,1.61466,70694
GBPUSD,2012-05-07,1.61466,1.61968,1.61141,1.61877,70927
GBPUSD,2012-05-08,1.61877,1.61983,1.61244,1.61536,83142
GBPUSD,2012-05-09,1.61536,1.61607,1.60662,1.61276,95051
GBPUSD,2012-05-10,1.61276,1.6182,1.60914,1.61409,82486
GBPUSD,2012-05-11,1.61409,1.61523,1.60617,1.6064,79058
GBPUSD,2012-05-14,1.6064,1.61231,1.60488,1.60914,78360
GBPUSD,2012-05-15,1.60914,1.61141,1.59892,1.59914,84147
GBPUSD,2012-05-16,1.59914,1.59983,1.58893,1.59105,107574
GBPUSD,2012-05-17,1.59105,1.59324,1.57854,1.57925,104792
GBPUSD,2012-05-18,1.57925,1.58375,1.57314,1.58129,98596
GBPUSD,2012-05-21,1.58129,1.58411,1.57795,1.58346,83314
GBPUSD,2012-05-22,1.58346,1.58482,1.57409,1.57519,83864
GBPUSD,2012-05-23,1.57519,1.57715,1.56711,1.56909,106265
GBPUSD,2012-05-24,1.56909,1.57264,1.56383,1.56683,104882
GBPUSD,2012-05-25,1.56683,1.56997,1.56304,1.56525,87319
GBPUSD,2012-05-28,1.56525,1.57171,1.56525,1.5681,55275
GBPUSD,2012-05-29,1.5681,1.57165,1.56078,1.56404,85544
GBPUSD,2012-05-30,1.56404,1.56432,1.5475,1.54751,106093
GBPUSD,2012-05-31,1.54751,1.55261,1.53607,1.54006,103143
GBPUSD,2012-06-01,1.54006,1.54387,1.52683,1.53534,82898
GBPUSD,2012-06-04,1.53534,1.54154,1.53416,1.53802,75774
GBPUSD,2012-06-05,1.53802,1.54082,1.53211,1.53807,85996
GBPUSD,2012-06-06,1.53807,1.55155,1.53719,1.54923,95518
GBPUSD,2012-06-07,1.54923,1.56009,1.54299,1.55241,101002
GBPUSD,2012-06-08,1.55241,1.55365,1.54038,1.5466,96537
GBPUSD,2012-06-11,1.5466,1.55822,1.5466,1.5484,82741
GBPUSD,2012-06-12,1.5484,1.55901,1.54536,1.55655,101268
GBPUSD,2012-06-13,1.55655,1.55984,1.5501,1.5501,89828
GBPUSD,2012-06-14,1.5501,1.55642,1.54726,1.55614,92474
GBPUSD,2012-06-15,1.55614,1.57237,1.54762,1.5711,80384
GBPUSD,2012-06-18,1.5711,1.57415,1.56368,1.56643,101385
GBPUSD,2012-06-19,1.56643,1.57575,1.56152,1.57231,101433
GBPUSD,2012-06-20,1.57231,1.57778,1.56508,1.57149,104858
GBPUSD,2012-06-21,1.57149,1.57335,1.55776,1.55891,109813
GBPUSD,2012-06-22,1.55891,1.56348,1.55569,1.55833,88655
GBPUSD,2012-06-25,1.55833,1.55944,1.55386,1.557,68385
GBPUSD,2012-06-26,1.557,1.56506,1.55634,1.564,90710
GBPUSD,2012-06-27,1.564,1.56412,1.55456,1.55648,74857
GBPUSD,2012-06-28,1.55648,1.5624,1.5485,1.55137,98573
GBPUSD,2012-06-29,1.55137,1.5714,1.55067,1.56951,115097
GBPUSD,2012-07-02,1.56951,1.57216,1.56413,1.56887,81665
GBPUSD,2012-07-03,1.56887,1.57133,1.56577,1.5686,66154
GBPUSD,2012-07-04,1.5686,1.56912,1.55741,1.55839,59094
GBPUSD,2012-07-05,1.55839,1.56228,1.54997,1.55206,89941
GBPUSD,2012-07-06,1.55206,1.55507,1.54609,1.54871,70979
GBPUSD,2012-07-09,1.54871,1.55346,1.54703,1.55231,62751
GBPUSD,2012-07-10,1.55231,1.55487,1.54781,1.55146,68794
GBPUSD,2012-07-11,1.55146,1.5578,1.54862,1.54992,68295
GBPUSD,2012-07-12,1.54992,1.55161,1.53928,1.54247,68819
GBPUSD,2012-07-13,1.54247,1.55808,1.54138,1.55694,70423
GBPUSD,2012-07-16,1.55694,1.55928,1.55171,1.55291,32195
GBPUSD,2012-07-17,1.55291,1.56777,1.55291,1.56509,73502
GBPUSD,2012-07-18,1.56509,1.56682,1.55813,1.56469,74363
GBPUSD,2012-07-19,1.56469,1.57371,1.56364,1.5722,78275
GBPUSD,2012-07-20,1.5722,1.57225,1.56118,1.56204,74296
GBPUSD,2012-07-23,1.56204,1.56225,1.54851,1.55028,72208
GBPUSD,2012-07-24,1.55028,1.5552,1.54864,1.55015,71154
GBPUSD,2012-07-25,1.55015,1.55515,1.54583,1.5496,96979
GBPUSD,2012-07-26,1.5496,1.57235,1.54708,1.56832,110822
GBPUSD,2012-07-27,1.56832,1.57678,1.56663,1.57374,108661
GBPUSD,2012-07-30,1.57374,1.57507,1.56722,1.57078,75895
GBPUSD,2012-07-31,1.57078,1.57302,1.56253,1.5672,82714
GBPUSD,2012-08-01,1.5672,1.56906,1.55297,1.55342,84423
GBPUSD,2012-08-02,1.55342,1.56791,1.54904,1.55117,119502
GBPUSD,2012-08-03,1.55117,1.56567,1.55046,1.56416,93712
GBPUSD,2012-08-06,1.56416,1.56654,1.55466,1.56007,79415
GBPUSD,2012-08-07,1.56007,1.56838,1.55644,1.56207,75088
GBPUSD,2012-08-08,1.56207,1.56775,1.55726,1.56556,75980
GBPUSD,2012-08-09,1.56556,1.56855,1.56055,1.56313,73119
GBPUSD,2012-08-10,1.56313,1.57013,1.55772,1.56854,71559
GBPUSD,2012-08-13,1.56854,1.57169,1.56566,1.56781,61891
GBPUSD,2012-08-14,1.56781,1.57288,1.5671,1.5673,66975
GBPUSD,2012-08-15,1.5673,1.57015,1.566,1.56776,55100
GBPUSD,2012-08-16,1.56776,1.57446,1.56363,1.57306,65534
GBPUSD,2012-08-17,1.57306,1.57392,1.56743,1.56889,61660
GBPUSD,2012-08-20,1.56889,1.5717,1.56778,1.57035,52212
GBPUSD,2012-08-21,1.57035,1.58046,1.57016,1.57809,68633
GBPUSD,2012-08-22,1.57809,1.58825,1.57648,1.58763,68566
GBPUSD,2012-08-23,1.58763,1.59126,1.58519,1.58569,68936
GBPUSD,2012-08-24,1.58569,1.58696,1.5802,1.58092,63480
GBPUSD,2012-08-27,1.58092,1.58287,1.57889,1.57889,40310
GBPUSD,2012-08-28,1.57889,1.58361,1.57536,1.58143,61101
GBPUSD,2012-08-29,1.58143,1.5855,1.58027,1.58295,52718
GBPUSD,2012-08-30,1.58295,1.58748,1.57708,1.57818,54680
GBPUSD,2012-08-31,1.57818,1.58954,1.57782,1.58607,76352
GBPUSD,2012-09-03,1.58607,1.58983,1.58501,1.58796,42863
GBPUSD,2012-09-04,1.58796,1.591,1.58588,1.58684,54280
GBPUSD,2012-09-05,1.58684,1.59341,1.58257,1.58978,73787
GBPUSD,2012-09-06,1.58978,1.59428,1.58817,1.59377,74714
GBPUSD,2012-09-07,1.59377,1.6034,1.59225,1.60051,77256
GBPUSD,2012-09-10,1.60051,1.6019,1.59592,1.59877,48588
GBPUSD,2012-09-11,1.59877,1.60839,1.59803,1.60678,72825
GBPUSD,2012-09-12,1.60678,1.61312,1.60637,1.6105,98538
GBPUSD,2012-09-13,1.6105,1.61746,1.60693,1.61531,89044
GBPUSD,2012-09-14,1.61531,1.6256,1.61435,1.62154,93423
GBPUSD,2012-09-17,1.62154,1.62734,1.6211,1.6249,67807
GBPUSD,2012-09-18,1.6249,1.62675,1.62205,1.62448,77147
GBPUSD,2012-09-19,1.62448,1.6271,1.61848,1.62203,80232
GBPUSD,2012-09-20,1.62203,1.6236,1.61633,1.62141,93929
GBPUSD,2012-09-21,1.62141,1.63096,1.62098,1.62282,92128
GBPUSD,2012-09-24,1.62282,1.6248,1.61819,1.62172,67023
GBPUSD,2012-09-25,1.62172,1.62676,1.61824,1.61876,83952
GBPUSD,2012-09-26,1.61876,1.62087,1.61372,1.61635,85194
GBPUSD,2012-09-27,1.61635,1.62434,1.61592,1.62343,97219
GBPUSD,2012-09-28,1.62343,1.62721,1.61132,1.61618,105162
GBPUSD,2012-10-01,1.61618,1.6175,1.61088,1.61296,81990
GBPUSD,2012-10-02,1.61296,1.61867,1.61246,1.61326,77457
GBPUSD,2012-10-03,1.61326,1.61426,1.60669,1.60756,77227
GBPUSD,2012-10-04,1.60756,1.62027,1.60711,1.61914,77680
GBPUSD,2012-10-05,1.61914,1.62172,1.61226,1.61283,64246
GBPUSD,2012-10-08,1.61283,1.61409,1.60209,1.60245,62143
GBPUSD,2012-10-09,1.60245,1.60462,1.59764,1.60035,69440
GBPUSD,2012-10-10,1.60035,1.60348,1.59764,1.6004,63587
GBPUSD,2012-10-11,1.6004,1.60541,1.59842,1.60435,60043
GBPUSD,2012-10-12,1.60435,1.60972,1.60184,1.60723,64107
GBPUSD,2012-10-15,1.60723,1.60803,1.60209,1.60707,65418
GBPUSD,2012-10-16,1.60707,1.61322,1.60607,1.61115,62805
GBPUSD,2012-10-17,1.61115,1.61784,1.61057,1.61455,61471
GBPUSD,2012-10-18,1.61455,1.61708,1.60419,1.60431,63212
GBPUSD,2012-10-19,1.60431,1.60666,1.59969,1.60049,56672
GBPUSD,2012-10-22,1.60049,1.60522,1.59908,1.6014,57848
GBPUSD,2012-10-23,1.6014,1.60239,1.59135,1.5952,65426
GBPUSD,2012-10-24,1.5952,1.60481,1.59357,1.60369,73170
GBPUSD,2012-10-25,1.60369,1.61436,1.60268,1.6118,68488
GBPUSD,2012-10-26,1.6118,1.61412,1.60808,1.61022,67375
GBPUSD,2012-10-29,1.61022,1.61023,1.60069,1.6031,47394
GBPUSD,2012-10-30,1.6031,1.60857,1.60209,1.60726,43815
GBPUSD,2012-10-31,1.60726,1.61396,1.60654,1.6126,60084
GBPUSD,2012-11-01,1.6126,1.61749,1.61204,1.61306,60521
GBPUSD,2012-11-02,1.61306,1.6133,1.60077,1.60211,69153
GBPUSD,2012-11-05,1.60211,1.60391,1.59573,1.59778,56085
GBPUSD,2012-11-06,1.59778,1.60076,1.59653,1.59971,59665
GBPUSD,2012-11-07,1.59971,1.60424,1.59545,1.59861,86634
GBPUSD,2012-11-08,1.59861,1.6005,1.59291,1.59815,73145
GBPUSD,2012-11-09,1.59815,1.60195,1.58873,1.58948,71470
GBPUSD,2012-11-12,1.58948,1.59149,1.58642,1.58761,47865
GBPUSD,2012-11-13,1.58761,1.59153,1.58579,1.58707,67565
GBPUSD,2012-11-14,1.58707,1.59013,1.58381,1.58404,63158
GBPUSD,2012-11-15,1.58404,1.58793,1.58232,1.58635,62623
GBPUSD,2012-11-16,1.58635,1.59008,1.58357,1.58835,59051
GBPUSD,2012-11-19,1.58835,1.59233,1.58817,1.59087,56321
GBPUSD,2012-11-20,1.59087,1.59363,1.58917,1.59241,59175
GBPUSD,2012-11-21,1.59241,1.59558,1.58824,1.59512,58254
GBPUSD,2012-11-22,1.59512,1.59785,1.59187,1.59366,48503
GBPUSD,2012-11-23,1.59366,1.60515,1.59272,1.60264,56053
GBPUSD,2012-11-26,1.60264,1.60379,1.59965,1.60277,58658
GBPUSD,2012-11-27,1.60277,1.60565,1.60094,1.60223,66267
GBPUSD,2012-11-28,1.60223,1.60243,1.59621,1.60161,62096
GBPUSD,2012-11-29,1.60161,1.6048,1.60024,1.60406,55573
GBPUSD,2012-11-30,1.60406,1.60623,1.59894,1.6009,63363
GBPUSD,2012-12-03,1.6009,1.61162,1.6009,1.60902,62802
GBPUSD,2012-12-04,1.60902,1.61307,1.60867,1.61,62443
GBPUSD,2012-12-05,1.61,1.61185,1.60822,1.60938,66282
GBPUSD,2012-12-06,1.60938,1.61282,1.60397,1.60495,68797
GBPUSD,2012-12-07,1.60495,1.60612,1.60019,1.60412,68908
GBPUSD,2012-12-10,1.60412,1.60965,1.60139,1.60744,48871
GBPUSD,2012-12-11,1.60744,1.61221,1.60688,1.61136,49546
GBPUSD,2012-12-12,1.61136,1.6172,1.60953,1.61487,58059
GBPUSD,2012-12-13,1.61487,1.6154,1.60843,1.61115,57556
GBPUSD,2012-12-14,1.61115,1.61776,1.61036,1.61683,60294
GBPUSD,2012-12-17,1.61683,1.62166,1.61576,1.62038,58095
GBPUSD,2012-12-18,1.62038,1.62693,1.6194,1.62517,53261
GBPUSD,2012-12-19,1.62517,1.63066,1.62448,1.62458,63783
GBPUSD,2012-12-20,1.62458,1.62961,1.62382,1.62782,61920
GBPUSD,2012-12-21,1.62782,1.62838,1.61521,1.61692,72737
GBPUSD,2012-12-24,1.61692,1.62059,1.61011,1.6112,37853
GBPUSD,2012-12-25,1.61316,1.61449,1.5998,1.61316,0
GBPUSD,2012-12-26,1.6112,1.61709,1.61082,1.61368,39122
GBPUSD,2012-12-27,1.61368,1.62024,1.60669,1.60988,66369
GBPUSD,2012-12-28,1.60988,1.617,1.60785,1.61689,55310
GBPUSD,2012-12-31,1.61689,1.62743,1.61338,1.62627,50444
GBPUSD,2013-01-01,1.62364,1.6322,1.62338,1.62364,0
GBPUSD,2013-01-02,1.62627,1.63422,1.62255,1.62538,80210
GBPUSD,2013-01-03,1.62538,1.62554,1.60919,1.61083,69236
GBPUSD,2013-01-04,1.61083,1.61084,1.60091,1.60673,79158
GBPUSD,2013-01-07,1.60673,1.61178,1.6021,1.61149,66191
GBPUSD,2013-01-08,1.61149,1.61284,1.60295,1.60536,71329
GBPUSD,2013-01-09,1.60536,1.60752,1.59926,1.60215,72854
GBPUSD,2013-01-10,1.60215,1.61678,1.60041,1.61639,86157
GBPUSD,2013-01-11,1.61639,1.61793,1.6088,1.61272,81305
GBPUSD,2013-01-14,1.61272,1.61548,1.60316,1.60778,76270
GBPUSD,2013-01-15,1.60778,1.61006,1.6033,1.60633,87333
GBPUSD,2013-01-16,1.60633,1.60807,1.59753,1.60058,87966
GBPUSD,2013-01-17,1.60058,1.6039,1.59551,1.59935,85185
GBPUSD,2013-01-18,1.59935,1.60063,1.58539,1.58638,85611
GBPUSD,2013-01-21,1.58638,1.58934,1.58055,1.58289,54240
GBPUSD,2013-01-22,1.58289,1.58833,1.58093,1.58383,78894
GBPUSD,2013-01-23,1.58383,1.58921,1.5802,1.58451,72491
GBPUSD,2013-01-24,1.58451,1.58516,1.57566,1.5787,73718
GBPUSD,2013-01-25,1.5787,1.58269,1.57455,1.57987,80927
GBPUSD,2013-01-28,1.57987,1.57987,1.56745,1.56938,67647
GBPUSD,2013-01-29,1.56938,1.57734,1.56845,1.57625,65459
GBPUSD,2013-01-30,1.57625,1.58165,1.57251,1.57999,68724
GBPUSD,2013-01-31,1.57999,1.58748,1.57748,1.58559,66738
GBPUSD,2013-02-01,1.58559,1.58786,1.56882,1.56955,82630
GBPUSD,2013-02-04,1.56907,1.57719,1.56843,1.57625,66727
GBPUSD,2013-02-05,1.57625,1.58044,1.56305,1.56591,77325
GBPUSD,2013-02-06,1.56591,1.56782,1.56315,1.5658,71213
GBPUSD,2013-02-07,1.5658,1.57679,1.56455,1.57124,89690
GBPUSD,2013-02-08,1.57124,1.58446,1.57048,1.57919,71690
GBPUSD,2013-02-11,1.57993,1.58097,1.56527,1.56574,63404
GBPUSD,2013-02-12,1.56574,1.56702,1.55715,1.56601,77739
GBPUSD,2013-02-13,1.56601,1.56889,1.55233,1.55405,76568
GBPUSD,2013-02-14,1.55405,1.55427,1.54751,1.54924,72145
GBPUSD,2013-02-15,1.54924,1.55504,1.54615,1.55141,80431
GBPUSD,2013-02-18,1.5504,1.55082,1.54376,1.54652,56103
GBPUSD,2013-02-19,1.54652,1.55042,1.54157,1.54256,60527
GBPUSD,2013-02-20,1.54256,1.54509,1.51901,1.52329,81841
GBPUSD,2013-02-21,1.52329,1.52734,1.51312,1.52533,88741
GBPUSD,2013-02-22,1.52533,1.53213,1.51615,1.5174,75415
GBPUSD,2013-02-25,1.50772,1.51995,1.50688,1.51619,112238
GBPUSD,2013-02-26,1.51619,1.52194,1.51129,1.51249,111696
GBPUSD,2013-02-27,1.51249,1.51882,1.50806,1.51556,96516
GBPUSD,2013-02-28,1.51556,1.52219,1.51489,1.51632,79782
GBPUSD,2013-03-01,1.51632,1.5186,1.49853,1.50408,88878
GBPUSD,2013-03-04,1.5042,1.5117,1.49994,1.51117,71710
GBPUSD,2013-03-05,1.51117,1.51991,1.50945,1.51253,80190
GBPUSD,2013-03-06,1.51253,1.51551,1.50165,1.5018,69249
GBPUSD,2013-03-07,1.5018,1.5083,1.49647,1.5013,93801
GBPUSD,2013-03-08,1.5013,1.5047,1.48843,1.49155,80182
GBPUSD,2013-03-11,1.4916,1.49433,1.48659,1.49147,60121
GBPUSD,2013-03-12,1.49147,1.49195,1.48314,1.49007,79181
GBPUSD,2013-03-13,1.49007,1.49813,1.48928,1.49218,80526
GBPUSD,2013-03-14,1.49218,1.51193,1.49111,1.50818,92298
GBPUSD,2013-03-15,1.50818,1.51764,1.50689,1.5114,89153
GBPUSD,2013-03-18,1.5116,1.51438,1.50715,1.51066,97918
GBPUSD,2013-03-19,1.51066,1.51444,1.50732,1.50983,92646
GBPUSD,2013-03-20,1.50983,1.51862,1.50265,1.50979,108304
GBPUSD,2013-03-21,1.50979,1.52093,1.50887,1.5172,89599
GBPUSD,2013-03-22,1.5172,1.5248,1.51638,1.52271,85869
GBPUSD,2013-03-25,1.52314,1.52612,1.51428,1.51766,92707
GBPUSD,2013-03-26,1.51766,1.52073,1.51352,1.51588,74391
GBPUSD,2013-03-27,1.51588,1.5181,1.50928,1.51288,69738
GBPUSD,2013-03-28,1.51288,1.52006,1.51115,1.51926,72748
GBPUSD,2013-03-29,1.51926,1.52198,1.51771,1.5201,41987
GBPUSD,2013-04-01,1.51884,1.52416,1.5178,1.52318,31107
GBPUSD,2013-04-02,1.52318,1.52584,1.50992,1.51032,65426
GBPUSD,2013-04-03,1.51032,1.5158,1.50756,1.51318,63858
GBPUSD,2013-04-04,1.51318,1.52453,1.50331,1.52353,97549
GBPUSD,2013-04-05,1.52353,1.53634,1.51989,1.53422,88381
GBPUSD,2013-04-08,1.53041,1.53505,1.5239,1.52553,69453
GBPUSD,2013-04-09,1.52553,1.53416,1.52492,1.53185,77633
GBPUSD,2013-04-10,1.53185,1.53434,1.52926,1.53285,66554
GBPUSD,2013-04-11,1.53285,1.54114,1.53185,1.53847,72402
GBPUSD,2013-04-12,1.53847,1.54098,1.53395,1.534,70606
GBPUSD,2013-04-15,1.53389,1.53849,1.52707,1.52839,84310
GBPUSD,2013-04-16,1.52839,1.53789,1.52713,1.53617,92711
GBPUSD,2013-04-17,1.53617,1.53722,1.52166,1.5239,99943
GBPUSD,2013-04-18,1.5239,1.53128,1.52155,1.52787,84983
GBPUSD,2013-04-19,1.52787,1.53678,1.52233,1.52302,80933
GBPUSD,2013-04-22,1.52301,1.52923,1.52041,1.52893,78358
GBPUSD,2013-04-23,1.52893,1.52978,1.51962,1.5239,77102
GBPUSD,2013-04-24,1.5239,1.52873,1.52269,1.52658,71506
GBPUSD,2013-04-25,1.52658,1.54799,1.52608,1.54321,86617
GBPUSD,2013-04-26,1.54321,1.54988,1.54183,1.5474,74620
GBPUSD,2013-04-29,1.54851,1.55462,1.54758,1.55006,61525
GBPUSD,2013-04-30,1.55006,1.55689,1.54675,1.5531,74011
GBPUSD,2013-05-01,1.5531,1.56068,1.55265,1.55547,73222
GBPUSD,2013-05-02,1.55547,1.5591,1.54964,1.55323,95148
GBPUSD,2013-05-03,1.55323,1.56014,1.54802,1.55668,90235
GBPUSD,2013-05-06,1.55668,1.5598,1.55202,1.55407,52386
GBPUSD,2013-05-07,1.55407,1.55518,1.5446,1.54835,63716
GBPUSD,2013-05-08,1.54835,1.55917,1.54707,1.55347,69899
GBPUSD,2013-05-09,1.55347,1.5588,1.54256,1.5449,92656
GBPUSD,2013-05-10,1.5449,1.54574,1.53141,1.53652,100335
GBPUSD,2013-05-13,1.5352,1.53852,1.52777,1.52973,124487
GBPUSD,2013-05-14,1.52973,1.53309,1.52069,1.52105,137489
GBPUSD,2013-05-15,1.52105,1.52727,1.51736,1.52343,159104
GBPUSD,2013-05-16,1.52343,1.53228,1.51975,1.52688,154962
GBPUSD,2013-05-17,1.52688,1.52829,1.51579,1.51691,159716
GBPUSD,2013-05-20,1.51868,1.52815,1.51666,1.52555,81335
GBPUSD,2013-05-21,1.52555,1.52767,1.51123,1.51508,94311
GBPUSD,2013-05-22,1.51508,1.51741,1.50195,1.50485,116892
GBPUSD,2013-05-23,1.50485,1.51287,1.50141,1.51069,109032
GBPUSD,2013-05-24,1.51069,1.51428,1.50642,1.51234,90337
GBPUSD,2013-05-27,1.51322,1.51566,1.50867,1.51027,36087
GBPUSD,2013-05-28,1.51027,1.51347,1.5027,1.50388,81181
GBPUSD,2013-05-29,1.50388,1.51458,1.50085,1.51282,100410
GBPUSD,2013-05-30,1.51282,1.5237,1.51105,1.52315,103429
GBPUSD,2013-05-31,1.52315,1.524,1.51401,1.51946,99904
GBPUSD,2013-06-03,1.52042,1.53759,1.51924,1.5317,91316
GBPUSD,2013-06-04,1.5317,1.53428,1.52733,1.53123,84349
GBPUSD,2013-06-05,1.53123,1.54088,1.52919,1.54053,104859
GBPUSD,2013-06-06,1.54053,1.56839,1.53812,1.56019,120811
GBPUSD,2013-06-07,1.56019,1.5618,1.54884,1.55541,125820
GBPUSD,2013-06-10,1.55155,1.55865,1.54949,1.55718,87210
GBPUSD,2013-06-11,1.55718,1.5653,1.55206,1.56454,109370
GBPUSD,2013-06-12,1.56454,1.57,1.5633,1.56768,87703
GBPUSD,2013-06-13,1.56768,1.57375,1.56447,1.57189,104153
GBPUSD,2013-06-14,1.57189,1.57234,1.56161,1.56984,87824
GBPUSD,2013-06-17,1.57286,1.57513,1.56807,1.57207,63908
GBPUSD,2013-06-18,1.57207,1.57233,1.55652,1.56431,76649
GBPUSD,2013-06-19,1.56431,1.56776,1.54497,1.54847,85587
GBPUSD,2013-06-20,1.54847,1.55169,1.54143,1.55079,121610
GBPUSD,2013-06-21,1.55079,1.55299,1.53682,1.54173,101013
GBPUSD,2013-06-24,1.53726,1.54649,1.53435,1.54344,96801
GBPUSD,2013-06-25,1.54344,1.54778,1.53973,1.54219,94808
GBPUSD,2013-06-26,1.54219,1.54402,1.52976,1.53136,89550
GBPUSD,2013-06-27,1.53136,1.53461,1.52015,1.52588,81734
GBPUSD,2013-06-28,1.52588,1.52789,1.51655,1.52084,85288
GBPUSD,2013-07-01,1.51997,1.52487,1.51835,1.5215,66763
GBPUSD,2013-07-02,1.5215,1.52378,1.51362,1.51541,72046
GBPUSD,2013-07-03,1.51541,1.53042,1.51297,1.52779,85596
GBPUSD,2013-07-04,1.52779,1.52869,1.50553,1.50692,82989
GBPUSD,2013-07-05,1.50692,1.50783,1.4856,1.48834,95763
GBPUSD,2013-07-08,1.48711,1.49658,1.48584,1.49501,62069
GBPUSD,2013-07-09,1.49501,1.49809,1.48134,1.48655,82484
GBPUSD,2013-07-10,1.48655,1.50174,1.48451,1.50078,91907
GBPUSD,2013-07-11,1.50078,1.5222,1.4995,1.51814,141563
GBPUSD,2013-07-12,1.51814,1.5189,1.5076,1.50985,81317
GBPUSD,2013-07-15,1.50985,1.51275,1.50275,1.5099,74808
GBPUSD,2013-07-16,1.5099,1.51686,1.50448,1.51585,93564
GBPUSD,2013-07-17,1.51585,1.52676,1.50791,1.5212,105412
GBPUSD,2013-07-18,1.5212,1.52422,1.51578,1.52236,81638
GBPUSD,2013-07-19,1.52236,1.52817,1.51967,1.52616,71836
GBPUSD,2013-07-22,1.52644,1.53844,1.52575,1.53601,69578
GBPUSD,2013-07-23,1.53601,1.5392,1.53261,1.53692,70440
GBPUSD,2013-07-24,1.53692,1.53895,1.52891,1.53146,83342
GBPUSD,2013-07-25,1.53146,1.54341,1.52634,1.53887,91265
GBPUSD,2013-07-26,1.53887,1.54164,1.53562,1.5381,69957
GBPUSD,2013-07-29,1.53776,1.54138,1.53288,1.5336,45130
GBPUSD,2013-07-30,1.53389,1.5354,1.52238,1.52361,71768
GBPUSD,2013-07-31,1.52361,1.52539,1.51241,1.52078,97111
GBPUSD,2013-08-01,1.52078,1.52429,1.51102,1.51186,99920
GBPUSD,2013-08-02,1.51186,1.53088,1.51025,1.52859,96558
GBPUSD,2013-08-05,1.52863,1.53787,1.52592,1.53535,73030
GBPUSD,2013-08-06,1.53535,1.53924,1.53317,1.53472,66136
GBPUSD,2013-08-07,1.53472,1.55314,1.52053,1.54877,105159
GBPUSD,2013-08-08,1.54877,1.55747,1.54849,1.55376,74960
GBPUSD,2013-08-09,1.55376,1.55585,1.54968,1.55058,57835
GBPUSD,2013-08-12,1.54832,1.55213,1.54587,1.54617,54081
GBPUSD,2013-08-13,1.54617,1.55119,1.5427,1.54471,72158
GBPUSD,2013-08-14,1.54471,1.55471,1.54221,1.54999,75863
GBPUSD,2013-08-15,1.54999,1.56526,1.54951,1.56321,104209
GBPUSD,2013-08-16,1.56321,1.56573,1.56074,1.56207,72182
GBPUSD,2013-08-19,1.56108,1.56734,1.56096,1.56481,67704
GBPUSD,2013-08-20,1.56481,1.56955,1.56285,1.56641,73478
GBPUSD,2013-08-21,1.56641,1.57176,1.56377,1.56601,84145
GBPUSD,2013-08-22,1.56601,1.56623,1.55627,1.55878,75970
GBPUSD,2013-08-23,1.55878,1.56376,1.55388,1.55648,72824
GBPUSD,2013-08-26,1.55629,1.5612,1.55564,1.5573,40513
GBPUSD,2013-08-27,1.5573,1.55926,1.54815,1.55445,68921
GBPUSD,2013-08-28,1.55445,1.55525,1.5427,1.55258,84033
GBPUSD,2013-08-29,1.55258,1.55483,1.54826,1.55039,72481
GBPUSD,2013-08-30,1.55039,1.55279,1.54624,1.54961,67184
GBPUSD,2013-09-02,1.55281,1.55935,1.55057,1.55428,54253
GBPUSD,2013-09-03,1.55428,1.56031,1.55218,1.55605,67345
GBPUSD,2013-09-04,1.55605,1.56476,1.55526,1.56241,59310
GBPUSD,2013-09-05,1.56241,1.56669,1.55726,1.55889,76952
GBPUSD,2013-09-06,1.55889,1.56812,1.55612,1.56242,65428
GBPUSD,2013-09-09,1.56129,1.57328,1.56129,1.56937,54893
GBPUSD,2013-09-10,1.56937,1.57449,1.56855,1.57323,54505
GBPUSD,2013-09-11,1.57323,1.58292,1.57189,1.58175,66980
GBPUSD,2013-09-12,1.58175,1.584,1.57746,1.58041,68624
GBPUSD,2013-09-13,1.58041,1.58847,1.57762,1.58722,68653
GBPUSD,2013-09-16,1.59272,1.59629,1.58946,1.58975,61329
GBPUSD,2013-09-17,1.58975,1.59364,1.58856,1.59032,60885
GBPUSD,2013-09-18,1.59032,1.61627,1.58922,1.61421,88382
GBPUSD,2013-09-19,1.61421,1.61502,1.60225,1.60307,82172
GBPUSD,2013-09-20,1.60307,1.60667,1.59863,1.60048,59727
GBPUSD,2013-09-23,1.60023,1.60723,1.59923,1.60435,61114
GBPUSD,2013-09-24,1.60435,1.60447,1.59552,1.60032,59904
GBPUSD,2013-09-25,1.60032,1.60878,1.59794,1.60806,62388
GBPUSD,2013-09-26,1.60806,1.60957,1.59995,1.60403,56202
GBPUSD,2013-09-27,1.60403,1.61467,1.60296,1.61364,63416
GBPUSD,2013-09-30,1.61403,1.62023,1.61278,1.61847,71013
GBPUSD,2013-10-01,1.61847,1.62604,1.61822,1.61933,76710
GBPUSD,2013-10-02,1.61933,1.62507,1.61628,1.62234,71603
GBPUSD,2013-10-03,1.62234,1.62409,1.61545,1.61548,69546
GBPUSD,2013-10-04,1.61548,1.61776,1.60049,1.60076,62152
GBPUSD,2013-10-07,1.60181,1.61001,1.6015,1.60944,53293
GBPUSD,2013-10-08,1.60944,1.6124,1.60197,1.60836,57765
GBPUSD,2013-10-09,1.60836,1.61215,1.5916,1.59551,74598
GBPUSD,2013-10-10,1.59551,1.59789,1.59139,1.59673,57403
GBPUSD,2013-10-11,1.59673,1.60014,1.59233,1.59484,51249
GBPUSD,2013-10-14,1.59708,1.60185,1.59543,1.59813,40036
GBPUSD,2013-10-15,1.59813,1.60084,1.59149,1.59966,66114
GBPUSD,2013-10-16,1.59966,1.60574,1.58944,1.59475,75355
GBPUSD,2013-10-17,1.59475,1.6172,1.59396,1.61629,86724
GBPUSD,2013-10-18,1.61629,1.62251,1.6142,1.61652,50260
GBPUSD,2013-10-21,1.61679,1.61808,1.6132,1.6146,41906
GBPUSD,2013-10-22,1.6146,1.6248,1.61158,1.62341,52026
GBPUSD,2013-10-23,1.62341,1.62566,1.61192,1.61631,59399
GBPUSD,2013-10-24,1.61631,1.6223,1.61376,1.62011,63562
GBPUSD,2013-10-25,1.62011,1.62468,1.61502,1.61628,60250
GBPUSD,2013-10-28,1.61608,1.62081,1.61244,1.61407,47593
GBPUSD,2013-10-29,1.61407,1.6144,1.60225,1.60468,65594
GBPUSD,2013-10-30,1.60468,1.60781,1.59984,1.60386,71403
GBPUSD,2013-10-31,1.60386,1.60687,1.60058,1.60369,80892
GBPUSD,2013-11-01,1.60369,1.60463,1.59086,1.59199,66594
GBPUSD,2013-11-04,1.59253,1.59783,1.59035,1.59679,46844
GBPUSD,2013-11-05,1.59679,1.60626,1.59483,1.60425,63592
GBPUSD,2013-11-06,1.60425,1.61178,1.60418,1.60789,54797
GBPUSD,2013-11-07,1.60789,1.6114,1.60101,1.60949,91867
GBPUSD,2013-11-08,1.60949,1.61054,1.59573,1.60167,81912
GBPUSD,2013-11-11,1.60007,1.60219,1.59656,1.59878,46371
GBPUSD,2013-11-12,1.59878,1.59924,1.58543,1.59028,69155
GBPUSD,2013-11-13,1.59028,1.60676,1.58786,1.60556,73004
GBPUSD,2013-11-14,1.60556,1.61013,1.59884,1.60641,75846
GBPUSD,2013-11-15,1.60641,1.61352,1.60482,1.6115,57005
GBPUSD,2013-11-18,1.61178,1.61487,1.60813,1.61093,53921
GBPUSD,2013-11-19,1.61093,1.61323,1.60595,1.61191,65643
GBPUSD,2013-11-20,1.61191,1.6178,1.60872,1.61038,85818
GBPUSD,2013-11-21,1.61038,1.62006,1.60724,1.61977,77659
GBPUSD,2013-11-22,1.61977,1.62246,1.61761,1.62218,58404
GBPUSD,2013-11-25,1.62213,1.62401,1.61335,1.61546,53981
GBPUSD,2013-11-26,1.61546,1.6219,1.61388,1.6213,55458
GBPUSD,2013-11-27,1.6213,1.63306,1.61976,1.62858,67296
GBPUSD,2013-11-28,1.62858,1.63575,1.62773,1.63402,47340
GBPUSD,2013-11-29,1.63402,1.63845,1.63142,1.63622,64531
GBPUSD,2013-12-02,1.63655,1.64426,1.63427,1.63542,131212
GBPUSD,2013-12-03,1.63542,1.64369,1.63464,1.63895,116136
GBPUSD,2013-12-04,1.63895,1.64039,1.63232,1.6382,163331
GBPUSD,2013-12-05,1.6382,1.64038,1.63006,1.63333,172992
GBPUSD,2013-12-06,1.63333,1.63932,1.62919,1.63438,147259
GBPUSD,2013-12-09,1.63441,1.64325,1.63228,1.6428,90710
GBPUSD,2013-12-10,1.6428,1.6466,1.64188,1.64445,97668
GBPUSD,2013-12-11,1.64445,1.64578,1.63391,1.63748,114016
GBPUSD,2013-12-12,1.63748,1.64181,1.63211,1.63479,120544
GBPUSD,2013-12-13,1.63479,1.63601,1.62625,1.62935,109957
GBPUSD,2013-12-16,1.62888,1.6349,1.62843,1.62994,104193
GBPUSD,2013-12-17,1.62994,1.6336,1.62154,1.62628,108314
GBPUSD,2013-12-18,1.62628,1.64853,1.62613,1.63889,176764
GBPUSD,2013-12-19,1.63889,1.63969,1.63356,1.63723,110981
GBPUSD,2013-12-20,1.63723,1.63948,1.63155,1.63269,108665
GBPUSD,2013-12-23,1.63356,1.63751,1.6321,1.63525,82600
GBPUSD,2013-12-24,1.63525,1.63816,1.63221,1.63681,61296
GBPUSD,2013-12-25,1.63709,1.63771,1.63439,1.63709,0
GBPUSD,2013-12-26,1.63681,1.64378,1.63681,1.64094,54611
GBPUSD,2013-12-27,1.64094,1.6578,1.64058,1.64737,114972
GBPUSD,2013-12-30,1.64737,1.65325,1.64598,1.64965,92096
GBPUSD,2013-12-31,1.64965,1.6578,1.64744,1.65714,55302
GBPUSD,2014-01-01,1.6564,1.6564,1.6564,1.6564,0
GBPUSD,2014-01-02,1.65714,1.66037,1.64101,1.64479,133139
GBPUSD,2014-01-03,1.64479,1.64741,1.63951,1.64123,106801
GBPUSD,2014-01-06,1.63925,1.64336,1.63371,1.64043,106236
GBPUSD,2014-01-07,1.64043,1.64383,1.63742,1.64015,103442
GBPUSD,2014-01-08,1.64015,1.6472,1.63767,1.64472,119062
GBPUSD,2014-01-09,1.64472,1.64976,1.64411,1.64793,112265
GBPUSD,2014-01-10,1.64793,1.65166,1.63802,1.64816,118651
GBPUSD,2014-01-13,1.64797,1.65078,1.63469,1.63863,104982
GBPUSD,2014-01-14,1.63863,1.64646,1.63674,1.64377,99707
GBPUSD,2014-01-15,1.64377,1.6443,1.63226,1.63696,105846
GBPUSD,2014-01-16,1.63696,1.63833,1.63129,1.6353,106523
GBPUSD,2014-01-17,1.6353,1.64585,1.63095,1.64178,104984
GBPUSD,2014-01-20,1.64186,1.64522,1.63955,1.64247,63387
GBPUSD,2014-01-21,1.64247,1.64857,1.63995,1.64779,100696
GBPUSD,2014-01-22,1.64779,1.65867,1.64501,1.65732,110464
GBPUSD,2014-01-23,1.65732,1.66429,1.65568,1.6637,140534
GBPUSD,2014-01-24,1.6637,1.66683,1.64764,1.64777,148404
GBPUSD,2014-01-27,1.65006,1.65886,1.64735,1.65825,120209
GBPUSD,2014-01-28,1.65825,1.66254,1.65355,1.65759,107990
GBPUSD,2014-01-29,1.65759,1.66068,1.65254,1.65602,144070
GBPUSD,2014-01-30,1.65602,1.65654,1.64447,1.64851,125515
GBPUSD,2014-01-31,1.64851,1.64982,1.64272,1.64339,143788
GBPUSD,2014-02-03,1.6418,1.64409,1.62899,1.63048,136703
GBPUSD,2014-02-04,1.63048,1.63445,1.62567,1.63234,117918
GBPUSD,2014-02-05,1.63234,1.63411,1.62519,1.63083,128641
GBPUSD,2014-02-06,1.63083,1.63486,1.62725,1.632,127174
GBPUSD,2014-02-07,1.632,1.64183,1.63008,1.64028,123316
GBPUSD,2014-02-10,1.63949,1.64272,1.63829,1.63999,82646
GBPUSD,2014-02-11,1.63999,1.64873,1.63922,1.64492,111584
GBPUSD,2014-02-12,1.64492,1.65997,1.64256,1.65952,138913
GBPUSD,2014-02-13,1.65952,1.66732,1.659,1.66559,127474
GBPUSD,2014-02-14,1.66559,1.67557,1.66438,1.67428,97733
GBPUSD,2014-02-17,1.67654,1.68225,1.66954,1.67124,86586
GBPUSD,2014-02-18,1.67124,1.67413,1.66546,1.66815,114548
GBPUSD,2014-02-19,1.66815,1.67339,1.66369,1.6678,111961
GBPUSD,2014-02-20,1.6678,1.67008,1.66249,1.66479,113942
GBPUSD,2014-02-21,1.66479,1.67254,1.66114,1.66149,116718
GBPUSD,2014-02-24,1.66249,1.66789,1.65834,1.66547,96124
GBPUSD,2014-02-25,1.66547,1.67272,1.66417,1.66784,112628
GBPUSD,2014-02-26,1.66784,1.67028,1.66216,1.66667,125959
GBPUSD,2014-02-27,1.66667,1.66987,1.66158,1.66839,129216
GBPUSD,2014-02-28,1.66839,1.6769,1.66761,1.67362,148001
GBPUSD,2014-03-03,1.67118,1.67513,1.66528,1.66646,132849
GBPUSD,2014-03-04,1.66646,1.67166,1.66401,1.66642,107918
GBPUSD,2014-03-05,1.66642,1.6742,1.66564,1.67159,115967
GBPUSD,2014-03-06,1.67159,1.67775,1.66852,1.67397,136241
GBPUSD,2014-03-07,1.67397,1.67859,1.67064,1.67099,113689
GBPUSD,2014-03-10,1.67264,1.67415,1.66218,1.66434,96903
GBPUSD,2014-03-11,1.66434,1.66531,1.65961,1.66152,88432
GBPUSD,2014-03-12,1.66152,1.6636,1.65683,1.66159,105114
GBPUSD,2014-03-13,1.66159,1.67181,1.66066,1.66234,135329
GBPUSD,2014-03-14,1.66234,1.66491,1.65872,1.66424,123341
GBPUSD,2014-03-17,1.66339,1.66662,1.66045,1.66353,78479
GBPUSD,2014-03-18,1.66353,1.66477,1.65457,1.65912,110168
GBPUSD,2014-03-19,1.65912,1.66544,1.65081,1.65387,140775
GBPUSD,2014-03-20,1.65387,1.65683,1.64802,1.65019,112525
GBPUSD,2014-03-21,1.65019,1.65201,1.64753,1.64839,81099
GBPUSD,2014-03-24,1.64599,1.65364,1.64599,1.64959,94018
GBPUSD,2014-03-25,1.64959,1.65493,1.6481,1.65273,114418
GBPUSD,2014-03-26,1.65273,1.65969,1.65098,1.65777,111816
GBPUSD,2014-03-27,1.65777,1.66468,1.65551,1.66093,121157
GBPUSD,2014-03-28,1.66093,1.66514,1.65959,1.66349,101253
GBPUSD,2014-03-31,1.66549,1.66842,1.66115,1.66601,130001
GBPUSD,2014-04-01,1.66601,1.66749,1.66184,1.66289,88440
GBPUSD,2014-04-02,1.66289,1.66638,1.66199,1.66248,87031
GBPUSD,2014-04-03,1.66248,1.66609,1.657,1.65962,128283
GBPUSD,2014-04-04,1.65962,1.66058,1.65502,1.65722,110276
GBPUSD,2014-04-07,1.65745,1.66239,1.65654,1.66054,75866
GBPUSD,2014-04-08,1.66054,1.67546,1.66029,1.67425,102171
GBPUSD,2014-04-09,1.67425,1.68005,1.67242,1.67914,107438
GBPUSD,2014-04-10,1.67914,1.68205,1.67539,1.67833,96747
GBPUSD,2014-04-11,1.67833,1.67871,1.67171,1.67273,89730
GBPUSD,2014-04-14,1.67131,1.67437,1.66965,1.67276,96270
GBPUSD,2014-04-15,1.67276,1.67498,1.66569,1.67244,98432
GBPUSD,2014-04-16,1.67244,1.68179,1.67199,1.67938,98954
GBPUSD,2014-04-17,1.67938,1.68419,1.67869,1.67902,84907
GBPUSD,2014-04-18,1.67902,1.68002,1.67738,1.67838,25415
GBPUSD,2014-04-21,1.67838,1.68187,1.67824,1.67889,31963
GBPUSD,2014-04-22,1.67889,1.68395,1.67859,1.68199,69697
GBPUSD,2014-04-23,1.68199,1.68361,1.67624,1.67808,89986
GBPUSD,2014-04-24,1.67808,1.68063,1.67651,1.67989,74897
GBPUSD,2014-04-25,1.67989,1.68301,1.67902,1.67972,62240
GBPUSD,2014-04-28,1.68021,1.68579,1.67773,1.68049,82082
GBPUSD,2014-04-29,1.68049,1.68469,1.67927,1.68261,84593
GBPUSD,2014-04-30,1.68261,1.69009,1.68051,1.68709,111302
GBPUSD,2014-05-01,1.68709,1.69199,1.68689,1.68909,70975
GBPUSD,2014-05-02,1.68909,1.68953,1.68212,1.68719,102237
GBPUSD,2014-05-05,1.68778,1.68831,1.68533,1.68628,53027
GBPUSD,2014-05-06,1.68628,1.69965,1.68621,1.69722,106379
GBPUSD,2014-05-07,1.69722,1.69862,1.69504,1.69504,84343
GBPUSD,2014-05-08,1.69504,1.69749,1.69237,1.69303,127143
GBPUSD,2014-05-09,1.69303,1.69384,1.68319,1.68453,100843
GBPUSD,2014-05-12,1.6843,1.69032,1.68399,1.68658,69008
GBPUSD,2014-05-13,1.68658,1.68829,1.68188,1.68237,106159
GBPUSD,2014-05-14,1.68237,1.68746,1.67534,1.67652,124293
GBPUSD,2014-05-15,1.67652,1.6806,1.67313,1.67866,122096
GBPUSD,2014-05-16,1.67866,1.68406,1.67834,1.68083,88859
GBPUSD,2014-05-19,1.68146,1.68456,1.68052,1.68121,99329
GBPUSD,2014-05-20,1.68121,1.68656,1.68018,1.68371,85967
GBPUSD,2014-05-21,1.68371,1.69214,1.68311,1.68973,112845
GBPUSD,2014-05-22,1.68973,1.69177,1.68513,1.68653,96427
GBPUSD,2014-05-23,1.68653,1.68754,1.68128,1.68267,79494
GBPUSD,2014-05-26,1.68337,1.68532,1.68248,1.68394,40527
GBPUSD,2014-05-27,1.68394,1.68821,1.67825,1.68078,89541
GBPUSD,2014-05-28,1.68078,1.68157,1.66976,1.67082,102583
GBPUSD,2014-05-29,1.67082,1.67406,1.66927,1.67165,85799
GBPUSD,2014-05-30,1.67165,1.67775,1.67143,1.67521,89077
GBPUSD,2014-06-02,1.67675,1.67675,1.67245,1.67454,82256
GBPUSD,2014-06-03,1.67454,1.67825,1.67306,1.67471,112011
GBPUSD,2014-06-04,1.67471,1.67684,1.66988,1.67341,104094
GBPUSD,2014-06-05,1.67341,1.68252,1.67221,1.68195,169824
GBPUSD,2014-06-06,1.68195,1.68463,1.67808,1.67949,118378
GBPUSD,2014-06-09,1.67997,1.68324,1.67839,1.67999,81828
GBPUSD,2014-06-10,1.67999,1.68176,1.67427,1.6756,109860
GBPUSD,2014-06-11,1.6756,1.6811,1.67377,1.6786,97229
GBPUSD,2014-06-12,1.6786,1.6931,1.67853,1.69275,139882
GBPUSD,2014-06-13,1.69275,1.69918,1.6922,1.69625,148785
GBPUSD,2014-06-16,1.69716,1.70109,1.69594,1.69821,118851
GBPUSD,2014-06-17,1.69821,1.69894,1.69378,1.69641,108647
GBPUSD,2014-06-18,1.69641,1.70024,1.69181,1.69917,152941
GBPUSD,2014-06-19,1.69917,1.7063,1.69751,1.70384,126299
GBPUSD,2014-06-20,1.70384,1.70607,1.7003,1.70128,100075
GBPUSD,2014-06-23,1.70055,1.70504,1.70017,1.70267,93383
GBPUSD,2014-06-24,1.70267,1.7032,1.69658,1.69843,112483
GBPUSD,2014-06-25,1.69843,1.70044,1.69522,1.69829,97580
GBPUSD,2014-06-26,1.69829,1.704,1.69709,1.70235,106591
GBPUSD,2014-06-27,1.70235,1.70516,1.70068,1.70289,74267
GBPUSD,2014-06-30,1.70256,1.71154,1.70086,1.71051,96980
GBPUSD,2014-07-01,1.71051,1.71661,1.70959,1.71485,88992
GBPUSD,2014-07-02,1.71485,1.71772,1.71401,1.71641,98452
GBPUSD,2014-07-03,1.71641,1.71669,1.70974,1.71536,119746
GBPUSD,2014-07-04,1.71536,1.71796,1.71312,1.71584,80296
GBPUSD,2014-07-07,1.71671,1.71671,1.71082,1.71247,81420
GBPUSD,2014-07-08,1.71247,1.71481,1.70853,1.71306,92635
GBPUSD,2014-07-09,1.71306,1.71611,1.7094,1.71551,105846
GBPUSD,2014-07-10,1.71551,1.71678,1.71048,1.71312,107915
GBPUSD,2014-07-11,1.71312,1.71507,1.70992,1.71178,93921
GBPUSD,2014-07-14,1.71181,1.71438,1.70698,1.70825,108295
GBPUSD,2014-07-15,1.70825,1.71915,1.70592,1.71414,149672
GBPUSD,2014-07-16,1.71414,1.71508,1.71124,1.71348,119200
GBPUSD,2014-07-17,1.71348,1.71436,1.70853,1.70997,102673
GBPUSD,2014-07-18,1.70997,1.71177,1.70362,1.70799,126737
GBPUSD,2014-07-21,1.70815,1.70994,1.70557,1.70746,91952
GBPUSD,2014-07-22,1.70746,1.70832,1.70414,1.70636,93451
GBPUSD,2014-07-23,1.70636,1.70952,1.70239,1.70425,105122
GBPUSD,2014-07-24,1.70425,1.70533,1.69661,1.69858,98394
GBPUSD,2014-07-25,1.69858,1.6998,1.69609,1.69715,91436
GBPUSD,2014-07-28,1.69776,1.70008,1.69722,1.69823,74705
GBPUSD,2014-07-29,1.69823,1.69949,1.69332,1.69416,105030
GBPUSD,2014-07-30,1.69416,1.6955,1.68893,1.69122,139258
GBPUSD,2014-07-31,1.69122,1.69266,1.68568,1.68826,111500
GBPUSD,2014-08-01,1.68826,1.68929,1.68119,1.68209,163120
GBPUSD,2014-08-04,1.68244,1.68632,1.68136,1.68618,93852
GBPUSD,2014-08-05,1.68618,1.68887,1.68449,1.6884,100207
GBPUSD,2014-08-06,1.6884,1.68869,1.68215,1.68495,93267
GBPUSD,2014-08-07,1.68495,1.68638,1.68232,1.68315,106995
GBPUSD,2014-08-08,1.68315,1.68338,1.67666,1.67707,122022
GBPUSD,2014-08-11,1.67773,1.67958,1.67703,1.67851,62949
GBPUSD,2014-08-12,1.67851,1.6816,1.67568,1.68107,80864
GBPUSD,2014-08-13,1.68107,1.68442,1.66853,1.6687,124526
GBPUSD,2014-08-14,1.6687,1.66967,1.66573,1.66849,93508
GBPUSD,2014-08-15,1.66849,1.67015,1.66763,1.66886,95386
GBPUSD,2014-08-18,1.67301,1.67374,1.67115,1.67259,69012
GBPUSD,2014-08-19,1.67259,1.67285,1.6611,1.66152,95790
GBPUSD,2014-08-20,1.66152,1.66789,1.65896,1.65947,112832
GBPUSD,2014-08-21,1.65947,1.66013,1.65638,1.65786,89975
GBPUSD,2014-08-22,1.65786,1.65972,1.65611,1.65669,106003
GBPUSD,2014-08-25,1.65451,1.65983,1.6535,1.65786,79293
GBPUSD,2014-08-26,1.65786,1.65952,1.65377,1.65387,102577
GBPUSD,2014-08-27,1.65387,1.66053,1.65368,1.65749,109807
GBPUSD,2014-08-28,1.65749,1.66136,1.65672,1.65852,125381
GBPUSD,2014-08-29,1.65852,1.66135,1.65626,1.6595,117762
GBPUSD,2014-09-01,1.65921,1.66439,1.65857,1.66067,94796
GBPUSD,2014-09-02,1.66067,1.6615,1.64676,1.64681,135237
GBPUSD,2014-09-03,1.64681,1.64972,1.64395,1.64598,132754
GBPUSD,2014-09-04,1.64598,1.64654,1.63255,1.63272,166235
GBPUSD,2014-09-05,1.63272,1.63403,1.62801,1.63241,154365
GBPUSD,2014-09-08,1.61613,1.62327,1.60981,1.6104,194322
GBPUSD,2014-09-09,1.6104,1.61564,1.6059,1.61054,211217
GBPUSD,2014-09-10,1.61054,1.62306,1.60516,1.62088,230647
GBPUSD,2014-09-11,1.62088,1.62705,1.61857,1.62529,204863
GBPUSD,2014-09-12,1.62529,1.62769,1.6204,1.62646,166534
GBPUSD,2014-09-15,1.62717,1.62739,1.62207,1.62318,148436
GBPUSD,2014-09-16,1.62318,1.63112,1.61619,1.62742,194269
GBPUSD,2014-09-17,1.62742,1.63585,1.62487,1.62696,248740
GBPUSD,2014-09-18,1.62696,1.6409,1.62463,1.63886,255715
GBPUSD,2014-09-19,1.63886,1.65245,1.62836,1.62845,334781
GBPUSD,2014-09-22,1.62941,1.63677,1.62865,1.63609,156657
GBPUSD,2014-09-23,1.63609,1.64154,1.63027,1.63871,174256
GBPUSD,2014-09-24,1.63871,1.64134,1.63272,1.63387,147744
GBPUSD,2014-09-25,1.63387,1.63415,1.62759,1.63145,196443
GBPUSD,2014-09-26,1.63145,1.63327,1.62376,1.62397,155952
GBPUSD,2014-09-29,1.62365,1.62745,1.621,1.62398,154921
GBPUSD,2014-09-30,1.62398,1.6287,1.61661,1.62119,204775
GBPUSD,2014-10-01,1.62119,1.62519,1.61615,1.61842,180142
GBPUSD,2014-10-02,1.61842,1.625,1.61125,1.61432,229121
GBPUSD,2014-10-03,1.61432,1.61587,1.59516,1.596,165278
GBPUSD,2014-10-06,1.59547,1.60988,1.59539,1.60819,132519
GBPUSD,2014-10-07,1.60819,1.61286,1.60258,1.60928,186393
GBPUSD,2014-10-08,1.60928,1.61813,1.60316,1.61663,200590
GBPUSD,2014-10-09,1.61663,1.62265,1.61043,1.61169,208631
GBPUSD,2014-10-10,1.61169,1.61352,1.60084,1.60715,206080
GBPUSD,2014-10-13,1.60734,1.61265,1.60508,1.60808,188719
GBPUSD,2014-10-14,1.60808,1.60974,1.58972,1.59007,217545
GBPUSD,2014-10-15,1.59007,1.60691,1.58745,1.60178,390116
GBPUSD,2014-10-16,1.60178,1.60969,1.59408,1.60858,369118
GBPUSD,2014-10-17,1.60858,1.61256,1.60294,1.60868,198705
GBPUSD,2014-10-20,1.6102,1.61792,1.60796,1.61625,158550
GBPUSD,2014-10-21,1.61625,1.61843,1.61076,1.61077,171400
GBPUSD,2014-10-22,1.61077,1.61307,1.60112,1.60498,180580
GBPUSD,2014-10-23,1.60498,1.606,1.59945,1.60271,172651
GBPUSD,2014-10-24,1.60271,1.60985,1.60168,1.60866,153768
GBPUSD,2014-10-27,1.60783,1.61471,1.60779,1.6119,124482
GBPUSD,2014-10-28,1.6119,1.61826,1.60881,1.61305,158581
GBPUSD,2014-10-29,1.61305,1.61615,1.60027,1.60111,167483
GBPUSD,2014-10-30,1.60111,1.60384,1.59508,1.5999,184651
GBPUSD,2014-10-31,1.5999,1.60111,1.59418,1.59946,232883
GBPUSD,2014-11-03,1.59605,1.60228,1.59257,1.5971,188282
GBPUSD,2014-11-04,1.5971,1.60164,1.59651,1.60019,171396
GBPUSD,2014-11-05,1.60019,1.6022,1.58684,1.59749,212757
GBPUSD,2014-11-06,1.59749,1.60019,1.58246,1.58304,278895
GBPUSD,2014-11-07,1.58304,1.58865,1.57897,1.587,240123
GBPUSD,2014-11-10,1.58825,1.59172,1.58408,1.58415,154072
GBPUSD,2014-11-11,1.58415,1.59448,1.58348,1.59156,163744
GBPUSD,2014-11-12,1.59156,1.59405,1.57754,1.57756,255452
GBPUSD,2014-11-13,1.57756,1.57814,1.56937,1.57089,185365
GBPUSD,2014-11-14,1.57089,1.57101,1.55927,1.56666,231300
GBPUSD,2014-11-17,1.56818,1.57359,1.56194,1.56396,173730
GBPUSD,2014-11-18,1.56396,1.56787,1.56294,1.56301,176573
GBPUSD,2014-11-19,1.56301,1.5721,1.55895,1.56814,212584
GBPUSD,2014-11-20,1.56814,1.57376,1.5632,1.5692,256186
GBPUSD,2014-11-21,1.5692,1.57139,1.56257,1.56529,291203
GBPUSD,2014-11-24,1.56355,1.57146,1.56284,1.57049,216244
GBPUSD,2014-11-25,1.57049,1.57357,1.56485,1.57067,237694
GBPUSD,2014-11-26,1.57067,1.58059,1.5679,1.57905,235097
GBPUSD,2014-11-27,1.57905,1.58257,1.57165,1.57355,212365
GBPUSD,2014-11-28,1.57355,1.57394,1.56139,1.56517,258363
GBPUSD,2014-12-01,1.56483,1.57639,1.5585,1.57286,291557
GBPUSD,2014-12-02,1.57286,1.57428,1.56314,1.56361,230551
GBPUSD,2014-12-03,1.56361,1.57193,1.56189,1.56852,248328
GBPUSD,2014-12-04,1.56852,1.57257,1.56433,1.56725,327015
GBPUSD,2014-12-05,1.56725,1.56952,1.55678,1.55832,248180
GBPUSD,2014-12-08,1.55688,1.56792,1.55412,1.56465,241782
GBPUSD,2014-12-09,1.56465,1.57168,1.56259,1.56623,311317
GBPUSD,2014-12-10,1.56623,1.5719,1.5647,1.57153,269618
GBPUSD,2014-12-11,1.57153,1.57568,1.56521,1.573,298950
GBPUSD,2014-12-12,1.573,1.57465,1.56946,1.57154,250706
GBPUSD,2014-12-15,1.57233,1.57465,1.56012,1.5636,256000
GBPUSD,2014-12-16,1.5636,1.57859,1.56099,1.57485,316024
GBPUSD,2014-12-17,1.57485,1.57534,1.554,1.55733,374844
GBPUSD,2014-12-18,1.55733,1.56775,1.55489,1.56657,286894
GBPUSD,2014-12-19,1.56657,1.56821,1.56053,1.56212,227903
GBPUSD,2014-12-22,1.56212,1.56652,1.5573,1.55888,154952
GBPUSD,2014-12-23,1.55888,1.56081,1.54855,1.55182,208558
GBPUSD,2014-12-24,1.55182,1.55637,1.5504,1.55561,163983
GBPUSD,2014-12-25,1.5562,1.55831,1.55451,1.5562,0
GBPUSD,2014-12-26,1.55561,1.55667,1.5537,1.55549,123805
GBPUSD,2014-12-29,1.55597,1.55857,1.5507,1.55099,164309
GBPUSD,2014-12-30,1.55099,1.55735,1.55005,1.55596,198021
GBPUSD,2014-12-31,1.55596,1.56203,1.55491,1.55749,164723
GBPUSD,2015-01-01,1.55809,1.55809,1.55809,1.55809,0
GBPUSD,2015-01-02,1.55749,1.55749,1.53251,1.53259,191340
GBPUSD,2015-01-05,1.53021,1.53196,1.51808,1.52452,278410
GBPUSD,2015-01-06,1.52452,1.52736,1.51412,1.51506,276782
GBPUSD,2015-01-07,1.51506,1.51555,1.50544,1.51098,307334
GBPUSD,2015-01-08,1.51098,1.51178,1.50342,1.5084,239849
GBPUSD,2015-01-09,1.5084,1.51759,1.50773,1.51565,295386
GBPUSD,2015-01-12,1.51757,1.51938,1.50987,1.51712,209905
GBPUSD,2015-01-13,1.51712,1.51917,1.50774,1.51555,257256
GBPUSD,2015-01-14,1.51555,1.52693,1.51451,1.52302,304587
GBPUSD,2015-01-15,1.52302,1.52668,1.51502,1.51765,434879
GBPUSD,2015-01-16,1.51765,1.52349,1.50746,1.51319,364180
GBPUSD,2015-01-19,1.51212,1.51789,1.51077,1.51096,341688
GBPUSD,2015-01-20,1.51096,1.51997,1.50572,1.51424,232784
GBPUSD,2015-01-21,1.51424,1.51793,1.50761,1.51412,277620
GBPUSD,2015-01-22,1.51412,1.52124,1.49719,1.50086,345018
GBPUSD,2015-01-23,1.50086,1.50361,1.49512,1.49905,345660
GBPUSD,2015-01-26,1.50109,1.51033,1.49867,1.5057,233832
GBPUSD,2015-01-27,1.5057,1.52237,1.5057,1.51948,254883
GBPUSD,2015-01-28,1.51948,1.52187,1.51309,1.51315,262553
GBPUSD,2015-01-29,1.51315,1.51629,1.50179,1.50625,225103
GBPUSD,2015-01-30,1.50625,1.5096,1.49888,1.50495,227469
GBPUSD,2015-02-02,1.5097,1.50979,1.50057,1.50387,171864
GBPUSD,2015-02-03,1.50387,1.51984,1.49881,1.51651,191097
GBPUSD,2015-02-04,1.51651,1.52509,1.5139,1.51789,187738
GBPUSD,2015-02-05,1.51789,1.5344,1.51652,1.53251,181492
GBPUSD,2015-02-06,1.53251,1.53521,1.52108,1.52342,171697
GBPUSD,2015-02-09,1.5225,1.52677,1.52004,1.52153,149100
GBPUSD,2015-02-10,1.52153,1.52755,1.51962,1.52538,174434
GBPUSD,2015-02-11,1.52538,1.52998,1.5219,1.52297,156193
GBPUSD,2015-02-12,1.52297,1.54148,1.5209,1.53832,216366
GBPUSD,2015-02-13,1.53832,1.54221,1.53711,1.53803,158334
GBPUSD,2015-02-16,1.54224,1.54401,1.53392,1.53589,170164
GBPUSD,2015-02-17,1.53589,1.54026,1.53113,1.53517,150500
GBPUSD,2015-02-18,1.53517,1.54803,1.53418,1.54362,176567
GBPUSD,2015-02-19,1.54362,1.54653,1.54041,1.54126,148360
GBPUSD,2015-02-20,1.54126,1.54346,1.53434,1.53995,180390
GBPUSD,2015-02-23,1.53925,1.54749,1.53325,1.5456,99327
GBPUSD,2015-02-24,1.5456,1.54741,1.54019,1.5452,135700
GBPUSD,2015-02-25,1.5452,1.55381,1.54462,1.55271,125673
GBPUSD,2015-02-26,1.55271,1.55524,1.53941,1.54036,158222
GBPUSD,2015-02-27,1.54036,1.54588,1.53842,1.5431,151330
GBPUSD,2015-03-02,1.54158,1.54287,1.53516,1.53647,104971
GBPUSD,2015-03-03,1.53647,1.53977,1.53446,1.53562,99988
GBPUSD,2015-03-04,1.53562,1.53721,1.5252,1.52638,135140
GBPUSD,2015-03-05,1.52638,1.52702,1.52151,1.52376,164169
GBPUSD,2015-03-06,1.52376,1.52555,1.50214,1.50214,187787
GBPUSD,2015-03-09,1.50312,1.51373,1.50293,1.51271,106961
GBPUSD,2015-03-10,1.51271,1.51311,1.50286,1.50659,190956
GBPUSD,2015-03-11,1.50659,1.50965,1.48931,1.49273,244357
GBPUSD,2015-03-12,1.49273,1.50263,1.485,1.48815,214761
GBPUSD,2015-03-13,1.48815,1.48971,1.46989,1.47267,189509
GBPUSD,2015-03-16,1.47228,1.48532,1.47228,1.48259,135409
GBPUSD,2015-03-17,1.48259,1.48452,1.47241,1.47478,144899
GBPUSD,2015-03-18,1.47478,1.51654,1.46346,1.49765,268448
GBPUSD,2015-03-19,1.49765,1.50095,1.46878,1.47497,297372
GBPUSD,2015-03-20,1.47497,1.49894,1.47221,1.49527,241216
GBPUSD,2015-03-23,1.497,1.49898,1.48385,1.4951,277266
GBPUSD,2015-03-24,1.4951,1.4984,1.48427,1.48472,241942
GBPUSD,2015-03-25,1.48472,1.49542,1.48309,1.48804,208524
GBPUSD,2015-03-26,1.48804,1.49947,1.48065,1.48446,236908
GBPUSD,2015-03-27,1.48446,1.4922,1.47965,1.48703,213022
GBPUSD,2015-03-30,1.48854,1.49011,1.47526,1.48097,165517
GBPUSD,2015-03-31,1.48097,1.48715,1.47553,1.48145,190595
GBPUSD,2015-04-01,1.48145,1.48716,1.47395,1.48229,247232
GBPUSD,2015-04-02,1.48229,1.48683,1.47758,1.48263,177940
GBPUSD,2015-04-03,1.48263,1.49449,1.48101,1.49157,115944
GBPUSD,2015-04-06,1.49149,1.49814,1.48701,1.48739,79476
GBPUSD,2015-04-07,1.48739,1.49205,1.4803,1.48068,184356
GBPUSD,2015-04-08,1.48068,1.49722,1.48051,1.48663,207433
GBPUSD,2015-04-09,1.48663,1.48863,1.46844,1.47086,182281
GBPUSD,2015-04-10,1.47086,1.47248,1.45872,1.46313,185527
GBPUSD,2015-04-13,1.46207,1.46814,1.45658,1.46725,190557
GBPUSD,2015-04-14,1.46725,1.48017,1.46035,1.47767,221845
GBPUSD,2015-04-15,1.47767,1.48534,1.47006,1.48379,226171
GBPUSD,2015-04-16,1.48379,1.49701,1.4812,1.49292,226451
GBPUSD,2015-04-17,1.49292,1.50533,1.49164,1.49591,208765
GBPUSD,2015-04-20,1.4954,1.4984,1.48878,1.49038,165019
GBPUSD,2015-04-21,1.49038,1.49728,1.48563,1.49257,181846
GBPUSD,2015-04-22,1.49257,1.50794,1.49139,1.50343,202666
GBPUSD,2015-04-23,1.50343,1.50701,1.49596,1.50521,199768
GBPUSD,2015-04-24,1.50521,1.51877,1.50273,1.51857,215965
GBPUSD,2015-04-27,1.51753,1.52615,1.51071,1.52343,184778
GBPUSD,2015-04-28,1.52343,1.53428,1.51738,1.53382,204451
GBPUSD,2015-04-29,1.53382,1.54987,1.53276,1.5433,282801
GBPUSD,2015-04-30,1.5433,1.54921,1.53038,1.53513,281602
GBPUSD,2015-05-01,1.53513,1.53973,1.51145,1.51348,178946
GBPUSD,2015-05-04,1.51452,1.51746,1.50901,1.51175,189372
GBPUSD,2015-05-05,1.51175,1.5218,1.50889,1.51789,229924
GBPUSD,2015-05-06,1.51789,1.52914,1.515,1.52439,282771
GBPUSD,2015-05-07,1.52439,1.52752,1.51636,1.52415,256702
GBPUSD,2015-05-08,1.52415,1.55225,1.52415,1.54373,389419
GBPUSD,2015-05-11,1.54412,1.56136,1.53931,1.55854,204091
GBPUSD,2015-05-12,1.55854,1.57105,1.55574,1.56667,210047
GBPUSD,2015-05-13,1.56667,1.57692,1.56333,1.57443,237449
GBPUSD,2015-05-14,1.57443,1.58148,1.57286,1.57745,209317
GBPUSD,2015-05-15,1.57745,1.58088,1.57013,1.57246,240060
GBPUSD,2015-05-18,1.57346,1.57453,1.56378,1.56521,201493
GBPUSD,2015-05-19,1.56521,1.567,1.54466,1.55112,278363
GBPUSD,2015-05-20,1.55112,1.55879,1.54724,1.55319,315692
GBPUSD,2015-05-21,1.55319,1.56999,1.55252,1.56597,265152
GBPUSD,2015-05-22,1.56597,1.56901,1.54599,1.54799,277008
GBPUSD,2015-05-25,1.5468,1.55076,1.54565,1.54669,87009
GBPUSD,2015-05-26,1.54669,1.54754,1.5354,1.53835,291279
GBPUSD,2015-05-27,1.53835,1.54374,1.53011,1.53501,283394
GBPUSD,2015-05-28,1.53501,1.53859,1.52604,1.5311,275637
GBPUSD,2015-05-29,1.5311,1.53423,1.52362,1.52896,260462
GBPUSD,2015-06-01,1.52908,1.53045,1.51702,1.51989,262792
GBPUSD,2015-06-02,1.51989,1.53672,1.51796,1.53426,257634
GBPUSD,2015-06-03,1.53426,1.53751,1.52511,1.53394,239242
GBPUSD,2015-06-04,1.53394,1.54413,1.53038,1.5358,241487
GBPUSD,2015-06-05,1.5358,1.537,1.51902,1.52617,280137
GBPUSD,2015-06-08,1.52566,1.53643,1.52211,1.53467,217063
GBPUSD,2015-06-09,1.53467,1.53893,1.52571,1.53841,238757
GBPUSD,2015-06-10,1.53841,1.55543,1.53689,1.55284,301524
GBPUSD,2015-06-11,1.55284,1.55339,1.54207,1.55168,230550
GBPUSD,2015-06-12,1.55168,1.55981,1.54667,1.55523,259886
GBPUSD,2015-06-15,1.55425,1.5614,1.54874,1.55995,215450
GBPUSD,2015-06-16,1.55995,1.56541,1.55419,1.56462,231500
GBPUSD,2015-06-17,1.56462,1.58469,1.56256,1.58313,304425
GBPUSD,2015-06-18,1.58313,1.59301,1.58056,1.58737,304358
GBPUSD,2015-06-19,1.58737,1.58964,1.58354,1.58713,196226
GBPUSD,2015-06-22,1.58682,1.59099,1.58053,1.58218,203942
GBPUSD,2015-06-23,1.58218,1.58314,1.57087,1.57291,235228
GBPUSD,2015-06-24,1.57291,1.58027,1.56671,1.57015,248841
GBPUSD,2015-06-25,1.57015,1.57706,1.56764,1.57475,257330
GBPUSD,2015-06-26,1.57475,1.57673,1.57083,1.57472,235283
GBPUSD,2015-06-29,1.56887,1.57888,1.56624,1.57336,440925
GBPUSD,2015-06-30,1.57336,1.57758,1.56926,1.57132,337670
GBPUSD,2015-07-01,1.57132,1.57321,1.55879,1.56105,302763
GBPUSD,2015-07-02,1.56105,1.564,1.55619,1.5605,253328
GBPUSD,2015-07-03,1.5605,1.56439,1.55558,1.55624,223675
GBPUSD,2015-07-06,1.55446,1.56285,1.55321,1.55986,301009
GBPUSD,2015-07-07,1.55986,1.56098,1.54135,1.54613,344012
GBPUSD,2015-07-08,1.54613,1.54671,1.53301,1.53596,304007
GBPUSD,2015-07-09,1.53596,1.54205,1.53435,1.53785,279173
GBPUSD,2015-07-10,1.53785,1.55509,1.5364,1.55121,309548
GBPUSD,2015-07-13,1.54981,1.55889,1.54801,1.54859,305649
GBPUSD,2015-07-14,1.54859,1.5639,1.54509,1.56352,315183
GBPUSD,2015-07-15,1.56352,1.56756,1.55767,1.56329,295649
GBPUSD,2015-07-16,1.56329,1.56505,1.55603,1.5604,341613
GBPUSD,2015-07-17,1.5604,1.5673,1.55537,1.55976,243191
GBPUSD,2015-07-20,1.55976,1.56275,1.55381,1.55578,239914
GBPUSD,2015-07-21,1.55578,1.55904,1.55291,1.55528,281435
GBPUSD,2015-07-22,1.55528,1.56468,1.55474,1.56112,297726
GBPUSD,2015-07-23,1.56112,1.56707,1.55008,1.55108,295300
GBPUSD,2015-07-24,1.55108,1.55261,1.54666,1.55055,236347
GBPUSD,2015-07-27,1.55126,1.55952,1.54905,1.55588,285169
GBPUSD,2015-07-28,1.55588,1.56278,1.5528,1.56122,290092
GBPUSD,2015-07-29,1.56122,1.56897,1.55877,1.55967,333418
GBPUSD,2015-07-30,1.55967,1.56429,1.55626,1.55962,310194
GBPUSD,2015-07-31,1.55962,1.56783,1.55493,1.56156,386917
GBPUSD,2015-08-03,1.56285,1.56449,1.55652,1.55831,309431
GBPUSD,2015-08-04,1.55831,1.56338,1.55578,1.55594,325660
GBPUSD,2015-08-05,1.55594,1.56515,1.55259,1.56007,345580
GBPUSD,2015-08-06,1.56007,1.56369,1.5467,1.55115,307045
GBPUSD,2015-08-07,1.55115,1.55455,1.54245,1.5491,348818
GBPUSD,2015-08-10,1.54907,1.56059,1.54582,1.55866,273350
GBPUSD,2015-08-11,1.55866,1.56165,1.55552,1.55652,340371
GBPUSD,2015-08-12,1.55652,1.56599,1.55341,1.56085,356479
GBPUSD,2015-08-13,1.56085,1.56368,1.55729,1.56065,278606
GBPUSD,2015-08-14,1.56065,1.5661,1.55885,1.5644,254173
GBPUSD,2015-08-17,1.56486,1.56883,1.55789,1.55813,253918
GBPUSD,2015-08-18,1.55813,1.57169,1.55622,1.56558,249871
GBPUSD,2015-08-19,1.56558,1.57006,1.56352,1.56785,343581
GBPUSD,2015-08-20,1.56785,1.57015,1.56059,1.56882,316369
GBPUSD,2015-08-21,1.56882,1.5723,1.56578,1.56882,349102
GBPUSD,2015-08-24,1.5676,1.58031,1.56303,1.57715,571539
GBPUSD,2015-08-25,1.57715,1.58191,1.56785,1.56862,467893
GBPUSD,2015-08-26,1.56862,1.57198,1.54526,1.5458,445683
GBPUSD,2015-08-27,1.5458,1.55084,1.53699,1.5401,354530
GBPUSD,2015-08-28,1.5401,1.54428,1.53351,1.53853,302569
GBPUSD,2015-08-31,1.54087,1.54368,1.53395,1.53418,232781
GBPUSD,2015-09-01,1.53418,1.54079,1.52999,1.53029,335837
GBPUSD,2015-09-02,1.53029,1.53258,1.5264,1.52927,314058
GBPUSD,2015-09-03,1.52927,1.53131,1.52191,1.52549,277683
GBPUSD,2015-09-04,1.52549,1.52766,1.51627,1.51673,253614
GBPUSD,2015-09-07,1.51749,1.52883,1.51713,1.52691,293491
GBPUSD,2015-09-08,1.52691,1.54127,1.52691,1.53925,245052
GBPUSD,2015-09-09,1.53925,1.54045,1.53495,1.53662,237766
GBPUSD,2015-09-10,1.53662,1.54761,1.53386,1.54411,305050
GBPUSD,2015-09-11,1.54411,1.54618,1.54,1.54275,245681
GBPUSD,2015-09-14,1.54262,1.54709,1.53725,1.54239,203023
GBPUSD,2015-09-15,1.54239,1.54573,1.53297,1.53425,198990
GBPUSD,2015-09-16,1.53425,1.55284,1.53302,1.54882,217820
GBPUSD,2015-09-17,1.54882,1.56278,1.54862,1.55877,286742
GBPUSD,2015-09-18,1.55877,1.5659,1.55141,1.55233,237567
GBPUSD,2015-09-21,1.5522,1.55678,1.54806,1.55058,218481
GBPUSD,2015-09-22,1.55058,1.5529,1.53406,1.53613,240165
GBPUSD,2015-09-23,1.53613,1.53654,1.52207,1.52384,262658
GBPUSD,2015-09-24,1.52384,1.52888,1.52006,1.52419,286946
GBPUSD,2015-09-25,1.52419,1.52605,1.51351,1.51723,262662
GBPUSD,2015-09-28,1.51793,1.5241,1.51574,1.51719,215803
GBPUSD,2015-09-29,1.51719,1.52051,1.5129,1.51469,247986
GBPUSD,2015-09-30,1.51469,1.52138,1.51076,1.51265,247645
GBPUSD,2015-10-01,1.51265,1.51803,1.5107,1.51297,224114
GBPUSD,2015-10-02,1.51297,1.52376,1.51261,1.51725,273990
GBPUSD,2015-10-05,1.51878,1.52446,1.51368,1.51453,273079
GBPUSD,2015-10-06,1.51453,1.5243,1.51399,1.52234,220183
GBPUSD,2015-10-07,1.52234,1.53395,1.52188,1.5316,259739
GBPUSD,2015-10-08,1.5316,1.53722,1.52613,1.53442,280178
GBPUSD,2015-10-09,1.53442,1.53834,1.53,1.53066,251089
GBPUSD,2015-10-12,1.53059,1.53731,1.53059,1.53467,205615
GBPUSD,2015-10-13,1.53467,1.53878,1.52003,1.52466,263802
GBPUSD,2015-10-14,1.52466,1.54945,1.5246,1.54758,255186
GBPUSD,2015-10-15,1.54758,1.55089,1.54154,1.54497,273184
GBPUSD,2015-10-16,1.54497,1.54863,1.54303,1.54334,232519
GBPUSD,2015-10-19,1.54342,1.54968,1.54275,1.5462,198270
GBPUSD,2015-10-20,1.5462,1.55062,1.54355,1.54426,235342
GBPUSD,2015-10-21,1.54426,1.54772,1.54102,1.54103,206127
GBPUSD,2015-10-22,1.54103,1.55069,1.53692,1.53926,309906
GBPUSD,2015-10-23,1.53926,1.5419,1.53056,1.53067,281238
GBPUSD,2015-10-26,1.53128,1.53817,1.53042,1.53501,226681
GBPUSD,2015-10-27,1.53501,1.53586,1.52826,1.52995,224962
GBPUSD,2015-10-28,1.52995,1.53474,1.52483,1.52598,273168
GBPUSD,2015-10-29,1.52598,1.53216,1.52422,1.53078,249130
GBPUSD,2015-10-30,1.53078,1.54677,1.53064,1.54213,277998
GBPUSD,2015-11-02,1.5447,1.5497,1.54032,1.54155,181900
GBPUSD,2015-11-03,1.54155,1.54454,1.53593,1.54191,188336
GBPUSD,2015-11-04,1.54191,1.54451,1.53609,1.53824,217639
GBPUSD,2015-11-05,1.53824,1.54016,1.5205,1.52072,252682
GBPUSD,2015-11-06,1.52072,1.52193,1.50269,1.50448,243561
GBPUSD,2015-11-09,1.5048,1.51283,1.50397,1.51132,178330
GBPUSD,2015-11-10,1.51132,1.51452,1.50914,1.51178,168657
GBPUSD,2015-11-11,1.51178,1.52208,1.51143,1.52072,187653
GBPUSD,2015-11-12,1.52072,1.52466,1.5174,1.52308,230824
GBPUSD,2015-11-13,1.52308,1.52654,1.51876,1.52273,181238
GBPUSD,2015-11-16,1.52249,1.52303,1.51815,1.51998,177193
GBPUSD,2015-11-17,1.51998,1.52386,1.51545,1.52113,184067
GBPUSD,2015-11-18,1.52113,1.52488,1.51879,1.52359,189737
GBPUSD,2015-11-19,1.52359,1.53356,1.52271,1.52898,204623
GBPUSD,2015-11-20,1.52898,1.53098,1.51824,1.51857,175075
GBPUSD,2015-11-23,1.51807,1.51969,1.5109,1.51226,193680
GBPUSD,2015-11-24,1.51226,1.51556,1.50535,1.50757,197390
GBPUSD,2015-11-25,1.50757,1.51361,1.5056,1.51272,214297
GBPUSD,2015-11-26,1.51272,1.51304,1.5066,1.51011,181325
GBPUSD,2015-11-27,1.51011,1.51098,1.5028,1.50286,184697
GBPUSD,2015-11-30,1.50318,1.50684,1.49937,1.50555,175563
GBPUSD,2015-12-01,1.50555,1.51254,1.50505,1.50799,227528
GBPUSD,2015-12-02,1.50799,1.5082,1.48948,1.49504,242423
GBPUSD,2015-12-03,1.49504,1.51588,1.49042,1.51422,395829
GBPUSD,2015-12-04,1.51422,1.51565,1.50779,1.51048,341336
GBPUSD,2015-12-07,1.50989,1.51148,1.50447,1.50538,214284
GBPUSD,2015-12-08,1.50538,1.50611,1.49567,1.50058,256146
GBPUSD,2015-12-09,1.50058,1.51921,1.50043,1.51789,282227
GBPUSD,2015-12-10,1.51789,1.52021,1.5111,1.51588,249058
GBPUSD,2015-12-11,1.51588,1.524,1.5125,1.52182,221753
GBPUSD,2015-12-14,1.52298,1.52304,1.51075,1.51406,250170
GBPUSD,2015-12-15,1.51406,1.51846,1.50292,1.50348,242762
GBPUSD,2015-12-16,1.50348,1.50988,1.49567,1.49998,357498
GBPUSD,2015-12-17,1.49998,1.501,1.48649,1.48955,261118
GBPUSD,2015-12-18,1.48955,1.49501,1.48837,1.48861,248704
GBPUSD,2015-12-21,1.48988,1.49292,1.48774,1.4881,210400
GBPUSD,2015-12-22,1.4881,1.49079,1.48055,1.48262,216074
GBPUSD,2015-12-23,1.48262,1.49003,1.48187,1.48679,192251
GBPUSD,2015-12-24,1.48679,1.49451,1.48582,1.49239,127302
GBPUSD,2015-12-25,1.49142,1.49477,1.49142,1.49142,0
GBPUSD,2015-12-28,1.49047,1.4935,1.48739,1.48782,143424
GBPUSD,2015-12-29,1.48782,1.49134,1.47854,1.48119,165379
GBPUSD,2015-12-30,1.48119,1.48488,1.47928,1.48118,186145
GBPUSD,2015-12-31,1.48118,1.48445,1.47314,1.4733,152523
GBPUSD,2016-01-01,1.47384,1.47384,1.47384,1.47384,0
GBPUSD,2016-01-04,1.47328,1.4816,1.4663,1.47119,267000
GBPUSD,2016-01-05,1.47119,1.47254,1.46384,1.46736,214514
GBPUSD,2016-01-06,1.46736,1.46817,1.45997,1.46303,264363
GBPUSD,2016-01-07,1.46303,1.46403,1.45331,1.46164,292384
GBPUSD,2016-01-08,1.46164,1.4645,1.45062,1.45164,299466
GBPUSD,2016-01-11,1.45218,1.46043,1.44932,1.45396,248429
GBPUSD,2016-01-12,1.45396,1.45601,1.43519,1.44457,264288
GBPUSD,2016-01-13,1.44457,1.44761,1.43797,1.44057,264712
GBPUSD,2016-01-14,1.44057,1.44453,1.43601,1.44098,284908
GBPUSD,2016-01-15,1.44098,1.44277,1.42516,1.42523,299172
GBPUSD,2016-01-18,1.42511,1.43232,1.42368,1.42421,228603
GBPUSD,2016-01-19,1.42421,1.43399,1.4129,1.41555,304122
GBPUSD,2016-01-20,1.41555,1.42193,1.41253,1.41878,317008
GBPUSD,2016-01-21,1.41878,1.42489,1.40791,1.42199,361029
GBPUSD,2016-01-22,1.42199,1.43626,1.42046,1.42624,290956
GBPUSD,2016-01-25,1.42616,1.43096,1.42235,1.42479,262164
GBPUSD,2016-01-26,1.42479,1.43671,1.41731,1.435,300494
GBPUSD,2016-01-27,1.435,1.4355,1.42299,1.42315,321435
GBPUSD,2016-01-28,1.42315,1.44074,1.42315,1.43575,332760
GBPUSD,2016-01-29,1.43575,1.44133,1.41492,1.42426,408501
GBPUSD,2016-02-01,1.42489,1.44448,1.4228,1.44311,285013
GBPUSD,2016-02-02,1.44311,1.44458,1.43262,1.44073,281838
GBPUSD,2016-02-03,1.44073,1.4649,1.43838,1.46021,340441
GBPUSD,2016-02-04,1.46021,1.46688,1.45294,1.4588,380559
GBPUSD,2016-02-05,1.4588,1.45907,1.44519,1.4498,321883
GBPUSD,2016-02-08,1.44801,1.45468,1.43503,1.44292,377573
GBPUSD,2016-02-09,1.44292,1.45154,1.43782,1.44672,480348
GBPUSD,2016-02-10,1.44672,1.45782,1.44352,1.45219,435047
GBPUSD,2016-02-11,1.45219,1.45636,1.43828,1.44747,523609
GBPUSD,2016-02-12,1.44747,1.45704,1.4443,1.44984,409164
GBPUSD,2016-02-15,1.44984,1.45355,1.4413,1.443,320266
GBPUSD,2016-02-16,1.443,1.45158,1.42758,1.43021,342388
GBPUSD,2016-02-17,1.43021,1.43388,1.4235,1.42868,374630
GBPUSD,2016-02-18,1.42868,1.43943,1.42563,1.43295,359162
GBPUSD,2016-02-19,1.43295,1.44048,1.42466,1.43999,359459
GBPUSD,2016-02-22,1.42617,1.43058,1.40572,1.41487,447150
GBPUSD,2016-02-23,1.41487,1.41558,1.40075,1.4022,387943
GBPUSD,2016-02-24,1.4022,1.40269,1.38781,1.39247,440263
GBPUSD,2016-02-25,1.39247,1.39963,1.38996,1.39599,345001
GBPUSD,2016-02-26,1.39599,1.40424,1.38536,1.38669,353244
GBPUSD,2016-02-29,1.38547,1.39463,1.38354,1.39117,325472
GBPUSD,2016-03-01,1.39117,1.40185,1.3904,1.39506,369421
GBPUSD,2016-03-02,1.39506,1.40933,1.3914,1.40751,340572
GBPUSD,2016-03-03,1.40751,1.41941,1.40322,1.41723,325810
GBPUSD,2016-03-04,1.41723,1.42486,1.41069,1.42229,344149
GBPUSD,2016-03-07,1.42152,1.42837,1.41337,1.42624,272422
GBPUSD,2016-03-08,1.42624,1.42755,1.41733,1.42112,284005
GBPUSD,2016-03-09,1.42112,1.42409,1.41769,1.42126,254741
GBPUSD,2016-03-10,1.42126,1.43184,1.41176,1.42761,449385
GBPUSD,2016-03-11,1.42761,1.44363,1.42544,1.43815,292356
GBPUSD,2016-03-14,1.43713,1.4389,1.42928,1.43003,232821
GBPUSD,2016-03-15,1.43003,1.43058,1.41387,1.41495,271465
GBPUSD,2016-03-16,1.41495,1.42734,1.40527,1.42563,351831
GBPUSD,2016-03-17,1.42563,1.45033,1.42212,1.44772,329601
GBPUSD,2016-03-18,1.44772,1.45145,1.44102,1.44733,224109
GBPUSD,2016-03-21,1.44335,1.4467,1.43651,1.43673,198116
GBPUSD,2016-03-22,1.43673,1.43974,1.41904,1.42047,272420
GBPUSD,2016-03-23,1.42047,1.42274,1.40819,1.41138,245969
GBPUSD,2016-03-24,1.41138,1.41827,1.40571,1.41484,242308
GBPUSD,2016-03-25,1.41484,1.41581,1.4108,1.41328,57608
GBPUSD,2016-03-28,1.41264,1.42826,1.41201,1.42535,117992
GBPUSD,2016-03-29,1.42535,1.4404,1.41943,1.43801,294609
GBPUSD,2016-03-30,1.43801,1.44591,1.43607,1.4377,298461
GBPUSD,2016-03-31,1.4377,1.44266,1.43256,1.43587,279810
GBPUSD,2016-04-01,1.43587,1.43714,1.41709,1.42209,318512
GBPUSD,2016-04-04,1.4219,1.43216,1.41909,1.4262,219748
GBPUSD,2016-04-05,1.4262,1.42786,1.41212,1.41592,235931
GBPUSD,2016-04-06,1.41592,1.41711,1.40053,1.41211,324569
GBPUSD,2016-04-07,1.41211,1.41569,1.40483,1.40558,333912
GBPUSD,2016-04-08,1.40558,1.41408,1.40404,1.41205,272604
GBPUSD,2016-04-11,1.4115,1.42866,1.41058,1.42348,260536
GBPUSD,2016-04-12,1.42348,1.43477,1.41962,1.42736,285750
GBPUSD,2016-04-13,1.42736,1.4279,1.41925,1.42022,288204
GBPUSD,2016-04-14,1.42022,1.42073,1.40901,1.41512,269767
GBPUSD,2016-04-15,1.41512,1.42416,1.41326,1.41957,209143
GBPUSD,2016-04-18,1.41964,1.42905,1.4131,1.42755,241189
GBPUSD,2016-04-19,1.42755,1.44188,1.42702,1.43932,267843
GBPUSD,2016-04-20,1.43932,1.44103,1.43277,1.43282,259860
GBPUSD,2016-04-21,1.43282,1.444,1.42979,1.4321,311240
GBPUSD,2016-04-22,1.4321,1.44515,1.43133,1.43999,289302
GBPUSD,2016-04-25,1.44622,1.45192,1.44027,1.44791,268401
GBPUSD,2016-04-26,1.44791,1.46388,1.44784,1.45789,297024
GBPUSD,2016-04-27,1.45789,1.46219,1.44729,1.454,322972
GBPUSD,2016-04-28,1.454,1.46228,1.45231,1.46026,307460
GBPUSD,2016-04-29,1.46026,1.467,1.45765,1.4607,318524
GBPUSD,2016-05-02,1.4581,1.46962,1.45806,1.46722,267439
GBPUSD,2016-05-03,1.46722,1.47696,1.4529,1.45342,377815
GBPUSD,2016-05-04,1.45342,1.45716,1.44614,1.44922,359433
GBPUSD,2016-05-05,1.44922,1.45292,1.44437,1.44838,299398
GBPUSD,2016-05-06,1.44838,1.45428,1.44148,1.44236,322661
GBPUSD,2016-05-09,1.4412,1.44794,1.43744,1.44048,293475
GBPUSD,2016-05-10,1.44048,1.44779,1.43889,1.44392,307195
GBPUSD,2016-05-11,1.44392,1.44881,1.43947,1.44463,262939
GBPUSD,2016-05-12,1.44463,1.45306,1.4406,1.4447,282423
GBPUSD,2016-05-13,1.4447,1.4454,1.43403,1.43508,315361
GBPUSD,2016-05-16,1.43463,1.44145,1.43323,1.43982,184129
GBPUSD,2016-05-17,1.43982,1.45239,1.43952,1.44603,254870
GBPUSD,2016-05-18,1.44603,1.46345,1.44031,1.45968,314876
GBPUSD,2016-05-19,1.45968,1.46637,1.45616,1.46091,316991
GBPUSD,2016-05-20,1.46091,1.46129,1.44854,1.44956,241713
GBPUSD,2016-05-23,1.45039,1.45486,1.44421,1.44832,247451
GBPUSD,2016-05-24,1.44832,1.46419,1.44733,1.46322,276107
GBPUSD,2016-05-25,1.46322,1.4729,1.46006,1.46952,284220
GBPUSD,2016-05-26,1.46952,1.47394,1.46402,1.46678,262679
GBPUSD,2016-05-27,1.46678,1.46885,1.46048,1.46128,235428
GBPUSD,2016-05-30,1.46026,1.46413,1.45873,1.46402,141824
GBPUSD,2016-05-31,1.46402,1.47258,1.44647,1.448,329679
GBPUSD,2016-06-01,1.448,1.45075,1.43859,1.44143,302452
GBPUSD,2016-06-02,1.44143,1.44728,1.44019,1.44209,254684
GBPUSD,2016-06-03,1.44209,1.45815,1.43987,1.45116,298531
GBPUSD,2016-06-06,1.44604,1.44816,1.43515,1.44388,352578
GBPUSD,2016-06-07,1.44388,1.46622,1.4433,1.45423,263215
GBPUSD,2016-06-08,1.45423,1.46007,1.45,1.45014,227145
GBPUSD,2016-06-09,1.45014,1.45268,1.44464,1.44549,251031
GBPUSD,2016-06-10,1.44549,1.44724,1.41796,1.42508,303633
GBPUSD,2016-06-13,1.42667,1.43276,1.4115,1.42592,416578
GBPUSD,2016-06-14,1.42592,1.42662,1.40903,1.41084,350071
GBPUSD,2016-06-15,1.41084,1.42178,1.40916,1.42032,344360
GBPUSD,2016-06-16,1.42032,1.42535,1.40122,1.42026,386488
GBPUSD,2016-06-17,1.42026,1.43874,1.41924,1.43466,360809
GBPUSD,2016-06-20,1.44575,1.47179,1.44322,1.46804,407648
GBPUSD,2016-06-21,1.46804,1.47833,1.4616,1.46497,379206
GBPUSD,2016-06-22,1.46497,1.47737,1.46407,1.47069,358355
GBPUSD,2016-06-23,1.47069,1.49466,1.46958,1.48399,503668
GBPUSD,2016-06-24,1.48399,1.50186,1.32263,1.36599,643310
GBPUSD,2016-06-27,1.34224,1.34841,1.31191,1.32204,461310
GBPUSD,2016-06-28,1.32204,1.34192,1.31989,1.33419,353198
GBPUSD,2016-06-29,1.33419,1.35333,1.32857,1.34262,409664
GBPUSD,2016-06-30,1.34262,1.34957,1.32057,1.33078,488329
GBPUSD,2016-07-01,1.33078,1.33493,1.32436,1.32459,335683
GBPUSD,2016-07-04,1.32416,1.33408,1.32399,1.32802,228687
GBPUSD,2016-07-05,1.32802,1.32889,1.29994,1.30219,377264
GBPUSD,2016-07-06,1.30219,1.30271,1.27893,1.29282,469038
GBPUSD,2016-07-07,1.29282,1.30471,1.2875,1.29049,366349
GBPUSD,2016-07-08,1.29049,1.30181,1.28806,1.29388,339663
GBPUSD,2016-07-11,1.29428,1.30178,1.28503,1.29814,264168
GBPUSD,2016-07-12,1.29814,1.32948,1.29717,1.32464,463356
GBPUSD,2016-07-13,1.32464,1.33371,1.31339,1.3144,431431
GBPUSD,2016-07-14,1.3144,1.34779,1.31043,1.33407,469560
GBPUSD,2016-07-15,1.33407,1.34805,1.31316,1.31729,462158
GBPUSD,2016-07-18,1.31948,1.33149,1.31865,1.32528,349409
GBPUSD,2016-07-19,1.32528,1.32739,1.30737,1.31079,326831
GBPUSD,2016-07-20,1.31079,1.32271,1.30647,1.32015,321080
GBPUSD,2016-07-21,1.32015,1.32749,1.31547,1.32327,401618
GBPUSD,2016-07-22,1.32327,1.32904,1.30787,1.31087,374961
GBPUSD,2016-07-25,1.31446,1.31648,1.30947,1.31353,276765
GBPUSD,2016-07-26,1.31353,1.31757,1.30559,1.31282,298015
GBPUSD,2016-07-27,1.31282,1.32346,1.3072,1.32207,339979
GBPUSD,2016-07-28,1.32207,1.32484,1.31171,1.31612,279017
GBPUSD,2016-07-29,1.31612,1.33016,1.31475,1.32227,333610
GBPUSD,2016-08-01,1.3238,1.32722,1.31624,1.31733,200092
GBPUSD,2016-08-02,1.31733,1.33654,1.31714,1.33552,238993
GBPUSD,2016-08-03,1.33552,1.33715,1.32798,1.33242,260801
GBPUSD,2016-08-04,1.33242,1.33454,1.31026,1.31052,318000
GBPUSD,2016-08-05,1.31052,1.31749,1.30211,1.30634,225966
GBPUSD,2016-08-08,1.30757,1.30963,1.30274,1.30389,164497
GBPUSD,2016-08-09,1.30389,1.3046,1.29558,1.30009,215670
GBPUSD,2016-08-10,1.30009,1.30938,1.29907,1.30063,229910
GBPUSD,2016-08-11,1.30063,1.3028,1.29353,1.29546,205187
GBPUSD,2016-08-12,1.29546,1.30348,1.29032,1.29164,200719
GBPUSD,2016-08-15,1.29202,1.29451,1.28654,1.28772,168824
GBPUSD,2016-08-16,1.28772,1.30512,1.28737,1.30451,291150
GBPUSD,2016-08-17,1.30451,1.30855,1.29751,1.30405,275716
GBPUSD,2016-08-18,1.30405,1.31729,1.30309,1.31627,286377
GBPUSD,2016-08-19,1.31627,1.31853,1.30228,1.30725,243602
GBPUSD,2016-08-22,1.30511,1.31571,1.30342,1.31352,226725
GBPUSD,2016-08-23,1.31352,1.32103,1.31282,1.31968,220390
GBPUSD,2016-08-24,1.31968,1.32729,1.31612,1.32311,224897
GBPUSD,2016-08-25,1.32311,1.32634,1.31687,1.31888,178082
GBPUSD,2016-08-26,1.31888,1.3279,1.31217,1.31289,298794
GBPUSD,2016-08-29,1.31092,1.31387,1.30593,1.31031,178668
GBPUSD,2016-08-30,1.31031,1.31197,1.30591,1.30766,222361
GBPUSD,2016-08-31,1.30766,1.31581,1.30648,1.31357,245642
GBPUSD,2016-09-01,1.31357,1.33178,1.3128,1.32671,275618
GBPUSD,2016-09-02,1.32671,1.33524,1.32524,1.32899,289312
GBPUSD,2016-09-05,1.32911,1.33756,1.32881,1.33011,180495
GBPUSD,2016-09-06,1.33011,1.34451,1.32964,1.34369,237282
GBPUSD,2016-09-07,1.34369,1.34375,1.33188,1.33391,258524
GBPUSD,2016-09-08,1.33391,1.33754,1.32831,1.329,239049
GBPUSD,2016-09-09,1.329,1.33358,1.32392,1.32611,217862
GBPUSD,2016-09-12,1.32651,1.33472,1.32349,1.33341,232777
GBPUSD,2016-09-13,1.33341,1.33409,1.3167,1.31879,274455
GBPUSD,2016-09-14,1.31879,1.32404,1.31381,1.32318,241908
GBPUSD,2016-09-15,1.32318,1.32784,1.31791,1.32371,299456
GBPUSD,2016-09-16,1.32371,1.32475,1.2994,1.29958,239556
GBPUSD,2016-09-19,1.29991,1.30911,1.2996,1.30275,212146
GBPUSD,2016-09-20,1.30275,1.30648,1.2947,1.29869,201430
GBPUSD,2016-09-21,1.29869,1.30468,1.29453,1.30269,207473
GBPUSD,2016-09-22,1.30269,1.31208,1.30252,1.30743,160529
GBPUSD,2016-09-23,1.30743,1.30876,1.29149,1.29579,169073
GBPUSD,2016-09-26,1.29629,1.29868,1.29161,1.29732,183203
GBPUSD,2016-09-27,1.29732,1.30266,1.29367,1.30215,215142
GBPUSD,2016-09-28,1.30215,1.30317,1.29793,1.30156,228987
GBPUSD,2016-09-29,1.30156,1.3058,1.29541,1.29667,241967
GBPUSD,2016-09-30,1.29667,1.30226,1.29363,1.29719,254742
GBPUSD,2016-10-03,1.29159,1.29466,1.28173,1.28391,171656
GBPUSD,2016-10-04,1.28391,1.28605,1.27187,1.27257,228280
GBPUSD,2016-10-05,1.27257,1.27712,1.26854,1.2747,178885
GBPUSD,2016-10-06,1.2747,1.27598,1.26019,1.26136,276747
GBPUSD,2016-10-07,1.26136,1.26216,1.19048,1.24299,647425
GBPUSD,2016-10-10,1.23968,1.2444,1.23445,1.23593,255213
GBPUSD,2016-10-11,1.23593,1.23729,1.20886,1.21188,363785
GBPUSD,2016-10-12,1.21188,1.23249,1.21048,1.22018,429289
GBPUSD,2016-10-13,1.22018,1.22723,1.21323,1.22532,366642
GBPUSD,2016-10-14,1.22532,1.22614,1.21674,1.21797,395000
GBPUSD,2016-10-17,1.21551,1.22018,1.21358,1.2182,328797
GBPUSD,2016-10-18,1.2182,1.2325,1.21745,1.22928,396217
GBPUSD,2016-10-19,1.22928,1.23325,1.22539,1.22838,326205
GBPUSD,2016-10-20,1.22838,1.22982,1.22098,1.22512,349016
GBPUSD,2016-10-21,1.22512,1.2261,1.21711,1.2227,180082
GBPUSD,2016-10-24,1.22149,1.22492,1.21855,1.22371,224861
GBPUSD,2016-10-25,1.22371,1.22434,1.2082,1.21869,341875
GBPUSD,2016-10-26,1.21869,1.22493,1.21566,1.22456,298281
GBPUSD,2016-10-27,1.22456,1.22719,1.21487,1.21599,358304
GBPUSD,2016-10-28,1.21599,1.22123,1.21139,1.21852,406515
GBPUSD,2016-10-31,1.21772,1.2249,1.21438,1.22422,309217
GBPUSD,2016-11-01,1.22422,1.22807,1.22055,1.2242,275708
GBPUSD,2016-11-02,1.2242,1.23548,1.22205,1.23028,393585
GBPUSD,2016-11-03,1.23028,1.24947,1.22967,1.24594,450652
GBPUSD,2016-11-04,1.24594,1.25572,1.24492,1.25152,348033
GBPUSD,2016-11-07,1.24522,1.24971,1.23788,1.23936,325488
GBPUSD,2016-11-08,1.23936,1.244,1.23612,1.23747,263899
GBPUSD,2016-11-09,1.23747,1.25464,1.23513,1.24058,773236
GBPUSD,2016-11-10,1.24058,1.25844,1.23774,1.25541,555731
GBPUSD,2016-11-11,1.25541,1.26738,1.25251,1.25953,535346
GBPUSD,2016-11-14,1.25672,1.25924,1.24439,1.24839,580621
GBPUSD,2016-11-15,1.24839,1.25289,1.23795,1.24551,525774
GBPUSD,2016-11-16,1.24551,1.25023,1.24095,1.24405,455327
GBPUSD,2016-11-17,1.24405,1.25048,1.24084,1.24115,485690
GBPUSD,2016-11-18,1.24115,1.24362,1.23018,1.23432,594287
GBPUSD,2016-11-21,1.23442,1.25117,1.23123,1.24907,625929
GBPUSD,2016-11-22,1.24907,1.25124,1.23838,1.24231,466025
GBPUSD,2016-11-23,1.24231,1.24686,1.23601,1.24356,484516
GBPUSD,2016-11-24,1.24356,1.24945,1.24017,1.24456,403428
GBPUSD,2016-11-25,1.24456,1.2481,1.24157,1.24731,483250
GBPUSD,2016-11-28,1.2465,1.25313,1.23854,1.24139,473153
GBPUSD,2016-11-29,1.24139,1.25256,1.23879,1.249,410493
GBPUSD,2016-11-30,1.249,1.25231,1.2419,1.25061,439061
GBPUSD,2016-12-01,1.25061,1.26957,1.25011,1.25905,471004
GBPUSD,2016-12-02,1.25905,1.27372,1.25699,1.27215,357977
GBPUSD,2016-12-05,1.26771,1.27446,1.26249,1.27306,378005
GBPUSD,2016-12-06,1.27306,1.27747,1.26564,1.26777,226741
GBPUSD,2016-12-07,1.26777,1.26827,1.25698,1.26236,216395
GBPUSD,2016-12-08,1.26236,1.27044,1.25487,1.25844,376901
GBPUSD,2016-12-09,1.25844,1.26205,1.25522,1.25715,219296
GBPUSD,2016-12-12,1.25731,1.26994,1.25664,1.26687,305119
GBPUSD,2016-12-13,1.26687,1.2728,1.26532,1.26571,312697
GBPUSD,2016-12-14,1.26571,1.27226,1.253,1.25624,425851
GBPUSD,2016-12-15,1.25624,1.25677,1.23758,1.24154,489728
GBPUSD,2016-12-16,1.24154,1.251,1.23825,1.24823,320736
GBPUSD,2016-12-19,1.24812,1.25018,1.23548,1.23911,363584
GBPUSD,2016-12-20,1.23911,1.2417,1.23123,1.23663,401077
GBPUSD,2016-12-21,1.23663,1.23904,1.23234,1.23519,303794
GBPUSD,2016-12-22,1.23519,1.23781,1.22769,1.22816,317548
GBPUSD,2016-12-23,1.22816,1.22982,1.22284,1.22779,257566
GBPUSD,2016-12-26,1.22895,1.23442,1.22699,1.22895,0
GBPUSD,2016-12-27,1.22779,1.22868,1.22404,1.22656,188171
GBPUSD,2016-12-28,1.22656,1.22967,1.22005,1.22239,217966
GBPUSD,2016-12-29,1.22239,1.22746,1.22092,1.22582,303970
GBPUSD,2016-12-30,1.22582,1.2388,1.22449,1.23299,508505
GBPUSD,2017-01-02,1.2349,1.23594,1.22835,1.2349,0
GBPUSD,2017-01-03,1.23299,1.23299,1.21988,1.22366,348846
GBPUSD,2017-01-04,1.22366,1.23531,1.22207,1.23269,372027
GBPUSD,2017-01-05,1.23269,1.24326,1.22701,1.24122,518873
GBPUSD,2017-01-06,1.24122,1.24304,1.22612,1.22799,379173
GBPUSD,2017-01-09,1.22481,1.22706,1.21234,1.21609,274737
GBPUSD,2017-01-10,1.21609,1.21898,1.21071,1.21757,393893
GBPUSD,2017-01-11,1.21757,1.22717,1.20378,1.22075,591528
GBPUSD,2017-01-12,1.22075,1.23162,1.21521,1.21574,466283
GBPUSD,2017-01-13,1.21574,1.22326,1.2121,1.21918,420510
GBPUSD,2017-01-16,1.20002,1.20854,1.1986,1.20444,464192
GBPUSD,2017-01-17,1.20444,1.2417,1.2017,1.24169,672057
GBPUSD,2017-01-18,1.24169,1.24169,1.22538,1.22598,464992
GBPUSD,2017-01-19,1.22598,1.23452,1.22527,1.23426,504729
GBPUSD,2017-01-20,1.23426,1.23802,1.22605,1.23739,514805
GBPUSD,2017-01-23,1.23761,1.25383,1.23697,1.25335,454101
GBPUSD,2017-01-24,1.25335,1.25455,1.24181,1.25202,474599
GBPUSD,2017-01-25,1.25202,1.26386,1.24908,1.26289,450820
GBPUSD,2017-01-26,1.26289,1.26736,1.25565,1.25894,463816
GBPUSD,2017-01-27,1.25894,1.26055,1.25159,1.2543,410698
GBPUSD,2017-01-30,1.25811,1.26004,1.24658,1.24853,375479
GBPUSD,2017-01-31,1.24853,1.25961,1.2412,1.25758,518645
GBPUSD,2017-02-01,1.25758,1.26797,1.25423,1.26552,453043
GBPUSD,2017-02-02,1.26552,1.2706,1.25178,1.25268,445428
GBPUSD,2017-02-03,1.25268,1.25377,1.24502,1.24789,421713
GBPUSD,2017-02-06,1.24851,1.24985,1.24271,1.24635,345481
GBPUSD,2017-02-07,1.24635,1.25464,1.23464,1.25053,371886
GBPUSD,2017-02-08,1.25053,1.25495,1.24744,1.25365,323030
GBPUSD,2017-02-09,1.25365,1.25821,1.24912,1.24941,300385
GBPUSD,2017-02-10,1.24941,1.25208,1.24397,1.24818,210130
GBPUSD,2017-02-13,1.24818,1.25392,1.24802,1.2526,278204
GBPUSD,2017-02-14,1.2526,1.25482,1.24428,1.24656,379392
GBPUSD,2017-02-15,1.24656,1.24815,1.2383,1.24513,382002
GBPUSD,2017-02-16,1.24513,1.25236,1.24513,1.24873,336806
GBPUSD,2017-02-17,1.24873,1.2511,1.23875,1.24052,255074
GBPUSD,2017-02-20,1.24043,1.24824,1.2404,1.24611,213009
GBPUSD,2017-02-21,1.24611,1.24807,1.24009,1.24558,263911
GBPUSD,2017-02-22,1.24558,1.25078,1.24107,1.24485,321300
GBPUSD,2017-02-23,1.24485,1.25609,1.24274,1.25558,267708
GBPUSD,2017-02-24,1.25558,1.25695,1.24477,1.24545,263486
GBPUSD,2017-02-27,1.24695,1.24786,1.23822,1.24434,268207
GBPUSD,2017-02-28,1.24434,1.24712,1.23735,1.23816,254136
GBPUSD,2017-03-01,1.23816,1.24044,1.228,1.22918,282303
GBPUSD,2017-03-02,1.22918,1.23075,1.22408,1.22657,255393
GBPUSD,2017-03-03,1.22657,1.23,1.22142,1.22935,268978
GBPUSD,2017-03-06,1.22851,1.23,1.2224,1.22371,193811
GBPUSD,2017-03-07,1.22371,1.22521,1.21689,1.21999,227470
GBPUSD,2017-03-08,1.21999,1.22137,1.21385,1.2168,220581
GBPUSD,2017-03-09,1.2168,1.21952,1.21325,1.21628,314182
GBPUSD,2017-03-10,1.21628,1.21885,1.21353,1.21635,223991
GBPUSD,2017-03-13,1.21557,1.22508,1.21509,1.22171,249562
GBPUSD,2017-03-14,1.22171,1.22216,1.21088,1.21532,270750
GBPUSD,2017-03-15,1.21532,1.23086,1.21471,1.22884,290853
GBPUSD,2017-03-16,1.22884,1.23768,1.22411,1.23568,282400
GBPUSD,2017-03-17,1.23568,1.24047,1.23237,1.23909,218623
GBPUSD,2017-03-20,1.23798,1.24354,1.23345,1.23577,192712
GBPUSD,2017-03-21,1.23577,1.24944,1.23403,1.24782,263637
GBPUSD,2017-03-22,1.24782,1.25061,1.24222,1.24829,231322
GBPUSD,2017-03-23,1.24829,1.25312,1.24631,1.25202,235416
GBPUSD,2017-03-24,1.25202,1.25214,1.24689,1.24723,224706
GBPUSD,2017-03-27,1.24881,1.26151,1.24843,1.25573,263072
GBPUSD,2017-03-28,1.25573,1.25962,1.24408,1.24508,220021
GBPUSD,2017-03-29,1.24508,1.2476,1.23758,1.24349,266472
GBPUSD,2017-03-30,1.24349,1.25245,1.24029,1.24674,197093
GBPUSD,2017-03-31,1.24674,1.25564,1.2433,1.25463,245313
GBPUSD,2017-04-03,1.25419,1.25555,1.24654,1.24856,194473
GBPUSD,2017-04-04,1.24856,1.24954,1.24192,1.244,209562
GBPUSD,2017-04-05,1.244,1.24981,1.24228,1.24836,230768
GBPUSD,2017-04-06,1.24836,1.25056,1.24496,1.24691,188745
GBPUSD,2017-04-07,1.24691,1.24775,1.23652,1.23698,282183
GBPUSD,2017-04-10,1.23737,1.24287,1.23651,1.24163,172727
GBPUSD,2017-04-11,1.24163,1.2495,1.2403,1.24918,204290
GBPUSD,2017-04-12,1.24918,1.25479,1.24805,1.25436,248713
GBPUSD,2017-04-13,1.25436,1.25752,1.24999,1.25003,212326
GBPUSD,2017-04-14,1.25003,1.25346,1.24984,1.25218,136984
GBPUSD,2017-04-17,1.25268,1.2596,1.2523,1.25614,190931
GBPUSD,2017-04-18,1.25614,1.29034,1.25126,1.28436,333379
GBPUSD,2017-04-19,1.28436,1.28601,1.27697,1.27769,265780
GBPUSD,2017-04-20,1.27769,1.28471,1.27724,1.28116,219750
GBPUSD,2017-04-21,1.28116,1.28345,1.27549,1.28061,205788
GBPUSD,2017-04-24,1.2838,1.2838,1.2772,1.27925,237178
GBPUSD,2017-04-25,1.27925,1.28458,1.27749,1.28362,222639
GBPUSD,2017-04-26,1.28362,1.28635,1.28049,1.28472,280725
GBPUSD,2017-04-27,1.28472,1.2917,1.28374,1.29038,235628
GBPUSD,2017-04-28,1.29038,1.29655,1.28884,1.29452,249346
GBPUSD,2017-05-01,1.29241,1.29433,1.28823,1.28842,126074
GBPUSD,2017-05-02,1.28842,1.29397,1.28639,1.29381,176294
GBPUSD,2017-05-03,1.29381,1.29475,1.28648,1.28653,226433
GBPUSD,2017-05-04,1.28653,1.29324,1.28291,1.29202,234980
GBPUSD,2017-05-05,1.29202,1.29837,1.29003,1.29765,250708
GBPUSD,2017-05-08,1.29787,1.29877,1.29297,1.29403,248073
GBPUSD,2017-05-09,1.29403,1.29603,1.29025,1.29346,265493
GBPUSD,2017-05-10,1.29346,1.29879,1.29277,1.29379,254601
GBPUSD,2017-05-11,1.29379,1.29483,1.28486,1.28883,282873
GBPUSD,2017-05-12,1.28883,1.28996,1.28444,1.28822,242381
GBPUSD,2017-05-15,1.28803,1.29407,1.28803,1.28937,239283
GBPUSD,2017-05-16,1.28937,1.29573,1.28642,1.29183,307658
GBPUSD,2017-05-17,1.29183,1.29903,1.2905,1.29702,320920
GBPUSD,2017-05-18,1.29702,1.30476,1.28867,1.29417,412161
GBPUSD,2017-05-19,1.29417,1.304,1.29276,1.3033,248022
GBPUSD,2017-05-22,1.29907,1.30426,1.29657,1.29991,243782
GBPUSD,2017-05-23,1.29991,1.30335,1.29525,1.29608,298567
GBPUSD,2017-05-24,1.29608,1.29991,1.29269,1.29762,260503
GBPUSD,2017-05-25,1.29762,1.30138,1.29315,1.29401,228652
GBPUSD,2017-05-26,1.29401,1.29464,1.27748,1.28054,279011
GBPUSD,2017-05-29,1.27999,1.28504,1.27943,1.28393,131207
GBPUSD,2017-05-30,1.28393,1.28881,1.27937,1.28573,235011
GBPUSD,2017-05-31,1.28573,1.29211,1.27688,1.28906,307093
GBPUSD,2017-06-01,1.28906,1.29157,1.28295,1.28795,275107
GBPUSD,2017-06-02,1.28795,1.29036,1.28456,1.28894,273562
GBPUSD,2017-06-05,1.28563,1.29409,1.28548,1.29014,230636
GBPUSD,2017-06-06,1.29014,1.29505,1.28716,1.29087,243470
GBPUSD,2017-06-07,1.29087,1.2971,1.28875,1.29608,280253
GBPUSD,2017-06-08,1.29608,1.29776,1.29079,1.29489,297627
GBPUSD,2017-06-09,1.29489,1.29489,1.26354,1.27405,560014
GBPUSD,2017-06-12,1.27132,1.27693,1.26383,1.26583,263135
GBPUSD,2017-06-13,1.26583,1.27566,1.26419,1.2752,275732
GBPUSD,2017-06-14,1.2752,1.28181,1.27231,1.27509,401186
GBPUSD,2017-06-15,1.27509,1.27956,1.26905,1.27534,335892
GBPUSD,2017-06-16,1.27534,1.28067,1.27509,1.27759,246827
GBPUSD,2017-06-19,1.27593,1.28144,1.27221,1.27357,226883
GBPUSD,2017-06-20,1.27357,1.27584,1.26026,1.26256,275105
GBPUSD,2017-06-21,1.26256,1.27104,1.2589,1.26707,265914
GBPUSD,2017-06-22,1.26707,1.26919,1.26534,1.26826,221235
GBPUSD,2017-06-23,1.26826,1.27442,1.26752,1.27184,214465
GBPUSD,2017-06-26,1.27338,1.27598,1.27062,1.27206,236695
GBPUSD,2017-06-27,1.27206,1.2861,1.27164,1.28122,291685
GBPUSD,2017-06-28,1.28122,1.29719,1.27937,1.29225,390190
GBPUSD,2017-06-29,1.29225,1.30157,1.29225,1.30043,318359
GBPUSD,2017-06-30,1.30043,1.30306,1.29456,1.30264,293529
GBPUSD,2017-07-03,1.30032,1.30246,1.29319,1.29393,266885
GBPUSD,2017-07-04,1.29393,1.29594,1.29126,1.29178,240167
GBPUSD,2017-07-05,1.29178,1.29481,1.28932,1.29311,270717
GBPUSD,2017-07-06,1.29311,1.29836,1.29198,1.29703,283810
GBPUSD,2017-07-07,1.29703,1.29748,1.28668,1.28838,268791
GBPUSD,2017-07-10,1.2878,1.29083,1.28542,1.2881,189793
GBPUSD,2017-07-11,1.2881,1.29273,1.2831,1.28451,229561
GBPUSD,2017-07-12,1.28451,1.29077,1.28118,1.28843,321571
GBPUSD,2017-07-13,1.28843,1.29553,1.28812,1.29378,261530
GBPUSD,2017-07-14,1.29378,1.31139,1.29354,1.31016,258754
GBPUSD,2017-07-17,1.30974,1.31129,1.30467,1.30525,230621
GBPUSD,2017-07-18,1.30525,1.31262,1.30049,1.30393,341275
GBPUSD,2017-07-19,1.30393,1.30531,1.30105,1.30218,235656
GBPUSD,2017-07-20,1.30218,1.30326,1.29328,1.29728,360010
GBPUSD,2017-07-21,1.29728,1.30199,1.29536,1.29934,266148
GBPUSD,2017-07-24,1.2991,1.30582,1.2988,1.30281,238108
GBPUSD,2017-07-25,1.30281,1.30839,1.30073,1.30245,261718
GBPUSD,2017-07-26,1.30245,1.31227,1.29984,1.31177,324316
GBPUSD,2017-07-27,1.31177,1.31592,1.30513,1.30621,355087
GBPUSD,2017-07-28,1.30621,1.31519,1.30619,1.3131,316730
GBPUSD,2017-07-31,1.31217,1.32232,1.30967,1.32103,278687
GBPUSD,2017-08-01,1.32103,1.32449,1.31907,1.32038,279237
GBPUSD,2017-08-02,1.32038,1.32514,1.31911,1.32234,260938
GBPUSD,2017-08-03,1.32234,1.3268,1.31124,1.31368,317333
GBPUSD,2017-08-04,1.31368,1.31646,1.30239,1.30334,269252
GBPUSD,2017-08-07,1.30351,1.30591,1.30138,1.30327,211743
GBPUSD,2017-08-08,1.30327,1.30536,1.29524,1.29932,226645
GBPUSD,2017-08-09,1.29932,1.30284,1.29683,1.30004,272353
GBPUSD,2017-08-10,1.30004,1.30154,1.29515,1.29768,278639
GBPUSD,2017-08-11,1.29768,1.30318,1.29396,1.30088,289731
GBPUSD,2017-08-14,1.30071,1.3022,1.29564,1.29635,222102
GBPUSD,2017-08-15,1.29635,1.29701,1.28462,1.28659,272882
GBPUSD,2017-08-16,1.28659,1.29031,1.28416,1.28901,309661
GBPUSD,2017-08-17,1.28901,1.29094,1.28524,1.28664,307499
GBPUSD,2017-08-18,1.28664,1.29186,1.28315,1.28707,281330
GBPUSD,2017-08-21,1.2858,1.29165,1.28503,1.28954,197638
GBPUSD,2017-08-22,1.28954,1.29091,1.2811,1.2822,221273
GBPUSD,2017-08-23,1.2822,1.28336,1.27796,1.2798,239371
GBPUSD,2017-08-24,1.2798,1.28368,1.27739,1.27994,234723
GBPUSD,2017-08-25,1.27994,1.28891,1.27938,1.28765,306413
GBPUSD,2017-08-28,1.29237,1.29427,1.28735,1.29313,184622
GBPUSD,2017-08-29,1.29313,1.2979,1.29149,1.29164,324696
GBPUSD,2017-08-30,1.29164,1.29381,1.28783,1.29238,284618
GBPUSD,2017-08-31,1.29238,1.29353,1.28524,1.29288,295727
GBPUSD,2017-09-01,1.29288,1.29953,1.29053,1.29502,310898
GBPUSD,2017-09-04,1.29604,1.29662,1.29126,1.29283,188781
GBPUSD,2017-09-05,1.29283,1.30426,1.29088,1.30298,303588
GBPUSD,2017-09-06,1.30298,1.30822,1.30184,1.30419,291759
GBPUSD,2017-09-07,1.30419,1.31157,1.30326,1.31001,372464
GBPUSD,2017-09-08,1.31001,1.32241,1.30941,1.31881,309932
GBPUSD,2017-09-11,1.31799,1.32223,1.31609,1.31627,248062
GBPUSD,2017-09-12,1.31627,1.32983,1.31605,1.32827,308930
GBPUSD,2017-09-13,1.32827,1.3329,1.31838,1.32082,303959
GBPUSD,2017-09-14,1.32082,1.34058,1.31464,1.33964,407936
GBPUSD,2017-09-15,1.33964,1.36166,1.33802,1.35832,396710
GBPUSD,2017-09-18,1.3558,1.36183,1.34647,1.34949,297121
GBPUSD,2017-09-19,1.34949,1.35516,1.34685,1.35106,354017
GBPUSD,2017-09-20,1.35106,1.36574,1.34517,1.34928,411855
GBPUSD,2017-09-21,1.34928,1.35867,1.34707,1.35799,326347
GBPUSD,2017-09-22,1.35799,1.35958,1.34496,1.34912,334223
GBPUSD,2017-09-25,1.34875,1.35708,1.3431,1.34619,309166
GBPUSD,2017-09-26,1.34619,1.35149,1.34094,1.34571,311757
GBPUSD,2017-09-27,1.34571,1.34616,1.33634,1.33848,353807
GBPUSD,2017-09-28,1.33848,1.34563,1.33427,1.34379,323376
GBPUSD,2017-09-29,1.34379,1.3443,1.33495,1.33951,308982
GBPUSD,2017-10-02,1.33686,1.34023,1.3256,1.32709,270319
GBPUSD,2017-10-03,1.32709,1.32876,1.3222,1.32362,268977
GBPUSD,2017-10-04,1.32362,1.3292,1.32334,1.32448,258563
GBPUSD,2017-10-05,1.32448,1.32504,1.31075,1.31188,265839
GBPUSD,2017-10-06,1.31188,1.31211,1.3027,1.30642,290377
GBPUSD,2017-10-09,1.30931,1.31843,1.30749,1.31412,167648
GBPUSD,2017-10-10,1.31412,1.32264,1.31311,1.32026,222940
GBPUSD,2017-10-11,1.32026,1.32344,1.31754,1.32225,226617
GBPUSD,2017-10-12,1.32225,1.32907,1.31214,1.32589,326042
GBPUSD,2017-10-13,1.32589,1.3338,1.32475,1.32784,321729
GBPUSD,2017-10-16,1.33042,1.33118,1.32251,1.32499,231480
GBPUSD,2017-10-17,1.32499,1.32875,1.31547,1.31886,297564
GBPUSD,2017-10-18,1.31886,1.32115,1.31399,1.32048,273625
GBPUSD,2017-10-19,1.32048,1.32285,1.31258,1.31556,309413
GBPUSD,2017-10-20,1.31556,1.32007,1.30878,1.31856,319287
GBPUSD,2017-10-23,1.31805,1.32273,1.31578,1.31971,253116
GBPUSD,2017-10-24,1.31971,1.32275,1.31131,1.31303,277901
GBPUSD,2017-10-25,1.31303,1.32713,1.31101,1.32556,367563
GBPUSD,2017-10-26,1.32556,1.32794,1.31467,1.31587,340903
GBPUSD,2017-10-27,1.31587,1.31623,1.30698,1.31241,334812
GBPUSD,2017-10-30,1.31181,1.3215,1.31181,1.32074,254644
GBPUSD,2017-10-31,1.32074,1.32888,1.31918,1.32822,262472
GBPUSD,2017-11-01,1.32822,1.33211,1.32404,1.32433,303314
GBPUSD,2017-11-02,1.32433,1.32994,1.30427,1.30579,394853
GBPUSD,2017-11-03,1.30579,1.31325,1.30391,1.30759,275160
GBPUSD,2017-11-06,1.30672,1.31747,1.30586,1.31696,239936
GBPUSD,2017-11-07,1.31696,1.3178,1.31089,1.31647,258490
GBPUSD,2017-11-08,1.31647,1.31757,1.30862,1.31118,237477
GBPUSD,2017-11-09,1.31118,1.3166,1.30851,1.31442,311996
GBPUSD,2017-11-10,1.31442,1.32296,1.31123,1.31898,275721
GBPUSD,2017-11-13,1.31601,1.31797,1.30617,1.31146,256367
GBPUSD,2017-11-14,1.31146,1.31871,1.30738,1.31653,274351
GBPUSD,2017-11-15,1.31653,1.32136,1.31302,1.31689,375144
GBPUSD,2017-11-16,1.31689,1.32076,1.31352,1.31932,316645
GBPUSD,2017-11-17,1.31932,1.32605,1.31696,1.32141,333494
GBPUSD,2017-11-20,1.32161,1.32794,1.31857,1.32324,319383
GBPUSD,2017-11-21,1.32324,1.32673,1.32092,1.32376,276329
GBPUSD,2017-11-22,1.32376,1.33295,1.32131,1.33228,268012
GBPUSD,2017-11-23,1.33228,1.33375,1.32843,1.33058,166520
GBPUSD,2017-11-24,1.33058,1.33598,1.32786,1.33384,227450
GBPUSD,2017-11-27,1.33204,1.33833,1.33103,1.33163,266610
GBPUSD,2017-11-28,1.33163,1.3388,1.32208,1.33374,413045
GBPUSD,2017-11-29,1.33374,1.3448,1.33334,1.34091,387751
GBPUSD,2017-11-30,1.34091,1.35492,1.34064,1.35254,414849
GBPUSD,2017-12-01,1.35254,1.35498,1.34449,1.34722,476651
GBPUSD,2017-12-04,1.34335,1.35388,1.34133,1.34791,369286
GBPUSD,2017-12-05,1.34791,1.34819,1.33702,1.34419,316586
GBPUSD,2017-12-06,1.34419,1.34428,1.33579,1.339,289054
GBPUSD,2017-12-07,1.339,1.34849,1.33199,1.34719,306501
GBPUSD,2017-12-08,1.34719,1.35204,1.33554,1.33814,352382
GBPUSD,2017-12-11,1.33789,1.34315,1.33305,1.3337,241651
GBPUSD,2017-12-12,1.3337,1.33801,1.33029,1.33176,271464
GBPUSD,2017-12-13,1.33176,1.34302,1.33113,1.34173,310109
GBPUSD,2017-12-14,1.34173,1.34654,1.33924,1.34287,359016
GBPUSD,2017-12-15,1.34287,1.34474,1.33014,1.33175,321539
GBPUSD,2017-12-18,1.33112,1.34186,1.33103,1.33826,266033
GBPUSD,2017-12-19,1.33826,1.34023,1.33311,1.33838,298832
GBPUSD,2017-12-20,1.33838,1.34204,1.33721,1.33749,255054
GBPUSD,2017-12-21,1.33749,1.33876,1.33314,1.33854,260107
GBPUSD,2017-12-22,1.33854,1.33976,1.33464,1.3358,245538
GBPUSD,2017-12-25,1.33672,1.33959,1.33631,1.33651,0
GBPUSD,2017-12-26,1.3358,1.33893,1.33475,1.33742,124175
GBPUSD,2017-12-27,1.33742,1.34297,1.33676,1.33955,225181
GBPUSD,2017-12-28,1.33955,1.34567,1.33953,1.34398,216003
GBPUSD,2017-12-29,1.34398,1.35441,1.34287,1.35035,238514
GBPUSD,2018-01-01,1.35035,1.35076,1.35035,1.35075,2
GBPUSD,2018-01-02,1.35075,1.36006,1.35047,1.35898,263593
GBPUSD,2018-01-03,1.35898,1.36128,1.34943,1.35117,262857
GBPUSD,2018-01-04,1.35117,1.35597,1.35055,1.35485,261204
GBPUSD,2018-01-05,1.35485,1.35826,1.35232,1.35637,277149
GBPUSD,2018-01-08,1.3556,1.3586,1.35229,1.35649,227125
GBPUSD,2018-01-09,1.35649,1.35823,1.35054,1.35405,243629
GBPUSD,2018-01-10,1.35405,1.3562,1.34817,1.35045,350054
GBPUSD,2018-01-11,1.35045,1.35549,1.34582,1.35343,328522
GBPUSD,2018-01-12,1.35343,1.37438,1.35342,1.3727,387722
GBPUSD,2018-01-15,1.37276,1.38199,1.37239,1.37898,281046
GBPUSD,2018-01-16,1.37898,1.38062,1.37421,1.37914,303171
GBPUSD,2018-01-17,1.37914,1.39428,1.37568,1.3827,387815
GBPUSD,2018-01-18,1.3827,1.39133,1.38044,1.38932,346456
GBPUSD,2018-01-19,1.38932,1.39454,1.38387,1.38486,368159
GBPUSD,2018-01-22,1.38903,1.3991,1.38573,1.39849,284498
GBPUSD,2018-01-23,1.39849,1.40279,1.39158,1.39958,339525
GBPUSD,2018-01-24,1.39958,1.42631,1.39958,1.42345,450635
GBPUSD,2018-01-25,1.42345,1.43455,1.40829,1.41383,692302
GBPUSD,2018-01-26,1.41383,1.42871,1.41073,1.41627,541598
GBPUSD,2018-01-29,1.41358,1.41585,1.40252,1.40736,407440
GBPUSD,2018-01-30,1.40736,1.4167,1.39798,1.41441,438132
GBPUSD,2018-01-31,1.41441,1.42331,1.41217,1.41882,533875
GBPUSD,2018-02-01,1.41882,1.42782,1.41591,1.42598,436576
GBPUSD,2018-02-02,1.42598,1.42782,1.41015,1.41195,459011
GBPUSD,2018-02-05,1.41002,1.41507,1.39548,1.39569,517488
GBPUSD,2018-02-06,1.39569,1.39997,1.38364,1.39449,605786
GBPUSD,2018-02-07,1.39449,1.39939,1.38486,1.38785,425265
GBPUSD,2018-02-08,1.38785,1.40671,1.38456,1.39115,628762
GBPUSD,2018-02-09,1.39115,1.39871,1.37646,1.3824,560761
GBPUSD,2018-02-12,1.38105,1.38761,1.37961,1.38352,351797
GBPUSD,2018-02-13,1.38352,1.39244,1.38324,1.38903,356109
GBPUSD,2018-02-14,1.38903,1.40169,1.38001,1.39976,466083
GBPUSD,2018-02-15,1.39976,1.41048,1.39935,1.40996,426198
GBPUSD,2018-02-16,1.40996,1.41451,1.39966,1.4033,384491
GBPUSD,2018-02-19,1.4014,1.40496,1.39589,1.39951,224024
GBPUSD,2018-02-20,1.39951,1.40245,1.39313,1.39928,349013
GBPUSD,2018-02-21,1.39928,1.40092,1.39047,1.39168,449872
GBPUSD,2018-02-22,1.39168,1.3989,1.38568,1.39512,369512
GBPUSD,2018-02-23,1.39512,1.40056,1.39049,1.39695,315585
GBPUSD,2018-02-26,1.39856,1.40701,1.39281,1.39657,306833
GBPUSD,2018-02-27,1.39657,1.39964,1.38576,1.39046,393485
GBPUSD,2018-02-28,1.39046,1.39163,1.37568,1.37596,377407
GBPUSD,2018-03-01,1.37596,1.37854,1.37117,1.37751,300786
GBPUSD,2018-03-02,1.37751,1.38168,1.37554,1.37998,289091
GBPUSD,2018-03-05,1.3799,1.38775,1.37664,1.38484,319845
GBPUSD,2018-03-06,1.38484,1.39295,1.38166,1.38854,305963
GBPUSD,2018-03-07,1.38854,1.39127,1.38459,1.38949,326001
GBPUSD,2018-03-08,1.38949,1.39099,1.37809,1.38067,336439
GBPUSD,2018-03-09,1.38067,1.38892,1.37881,1.38492,294485
GBPUSD,2018-03-12,1.3851,1.39176,1.38409,1.39045,186586
GBPUSD,2018-03-13,1.39045,1.39942,1.38744,1.39587,252253
GBPUSD,2018-03-14,1.39587,1.39957,1.39252,1.39608,230443
GBPUSD,2018-03-15,1.39608,1.39886,1.39213,1.39359,255046
GBPUSD,2018-03-16,1.39359,1.39811,1.38889,1.39448,281249
GBPUSD,2018-03-19,1.39356,1.40883,1.39129,1.40238,390596
GBPUSD,2018-03-20,1.40238,1.40666,1.39827,1.39974,325419
GBPUSD,2018-03-21,1.39974,1.41505,1.39966,1.41399,423052
GBPUSD,2018-03-22,1.41399,1.42183,1.40758,1.40967,427289
GBPUSD,2018-03-23,1.40967,1.41719,1.40852,1.4131,386969
GBPUSD,2018-03-26,1.41325,1.42448,1.41305,1.42271,294720
GBPUSD,2018-03-27,1.42271,1.42443,1.40661,1.41567,359225
GBPUSD,2018-03-28,1.41567,1.42005,1.40707,1.40767,376736
GBPUSD,2018-03-29,1.40767,1.40965,1.40111,1.40185,327588
GBPUSD,2018-03-30,1.40185,1.40597,1.40123,1.40261,132489
GBPUSD,2018-04-02,1.40294,1.40778,1.40179,1.40441,193110
GBPUSD,2018-04-03,1.40441,1.40888,1.4021,1.40544,315155
GBPUSD,2018-04-04,1.40544,1.40967,1.40149,1.40764,346238
GBPUSD,2018-04-05,1.40764,1.4097,1.39654,1.40024,311060
GBPUSD,2018-04-06,1.40024,1.4105,1.39832,1.40871,388368
GBPUSD,2018-04-09,1.40892,1.41643,1.40782,1.41288,328268
GBPUSD,2018-04-10,1.41288,1.41882,1.41204,1.41735,368325
GBPUSD,2018-04-11,1.41735,1.42233,1.41608,1.41742,335358
GBPUSD,2018-04-12,1.41742,1.42468,1.41452,1.42271,383391
GBPUSD,2018-04-13,1.42271,1.42965,1.42208,1.4236,290051
GBPUSD,2018-04-16,1.4236,1.43443,1.42299,1.43356,292168
GBPUSD,2018-04-17,1.43356,1.43767,1.42826,1.42854,306922
GBPUSD,2018-04-18,1.42854,1.43146,1.41728,1.42009,333055
GBPUSD,2018-04-19,1.42009,1.42461,1.40688,1.40806,378630
GBPUSD,2018-04-20,1.40806,1.40905,1.40006,1.40018,346350
GBPUSD,2018-04-23,1.39998,1.40311,1.39262,1.39399,305448
GBPUSD,2018-04-24,1.39399,1.39872,1.39181,1.39758,300754
GBPUSD,2018-04-25,1.39758,1.39971,1.39232,1.3928,277989
GBPUSD,2018-04-26,1.3928,1.39981,1.38946,1.39128,385905
GBPUSD,2018-04-27,1.39128,1.39347,1.37473,1.37753,353418
GBPUSD,2018-04-30,1.377,1.37924,1.37126,1.37553,319133
GBPUSD,2018-05-01,1.37553,1.37728,1.35882,1.36134,307481
GBPUSD,2018-05-02,1.36134,1.36659,1.3555,1.35711,441710
GBPUSD,2018-05-03,1.35711,1.36297,1.35377,1.35725,415265
GBPUSD,2018-05-04,1.35725,1.3586,1.34863,1.35259,346339
GBPUSD,2018-05-07,1.35326,1.35755,1.35152,1.35557,272438
GBPUSD,2018-05-08,1.35557,1.35929,1.34846,1.35461,387819
GBPUSD,2018-05-09,1.35461,1.36072,1.34989,1.35448,373387
GBPUSD,2018-05-10,1.35448,1.36178,1.34601,1.35161,511981
GBPUSD,2018-05-11,1.35161,1.35957,1.3502,1.35383,329554
GBPUSD,2018-05-14,1.35425,1.36082,1.35395,1.35554,273022
GBPUSD,2018-05-15,1.35554,1.3572,1.34512,1.35028,379081
GBPUSD,2018-05-16,1.35028,1.35211,1.34556,1.34854,424064
GBPUSD,2018-05-17,1.34854,1.35694,1.34742,1.35148,387408
GBPUSD,2018-05-18,1.35148,1.35279,1.34548,1.34574,297087
GBPUSD,2018-05-21,1.34603,1.3483,1.33906,1.342,314568
GBPUSD,2018-05-22,1.342,1.34918,1.34125,1.3428,343485
GBPUSD,2018-05-23,1.3428,1.34423,1.33052,1.33436,446576
GBPUSD,2018-05-24,1.33436,1.34217,1.33399,1.33786,421368
GBPUSD,2018-05-25,1.33786,1.33875,1.32937,1.32941,380888
GBPUSD,2018-05-28,1.33114,1.33413,1.32965,1.33081,266860
GBPUSD,2018-05-29,1.33081,1.33254,1.32043,1.32491,528633
GBPUSD,2018-05-30,1.32491,1.33072,1.32421,1.32843,460777
GBPUSD,2018-05-31,1.32843,1.33482,1.32773,1.32931,457444
GBPUSD,2018-06-01,1.32931,1.33621,1.32536,1.33422,435943
GBPUSD,2018-06-04,1.33405,1.33986,1.3295,1.3314,361398
GBPUSD,2018-06-05,1.3314,1.34088,1.33021,1.33941,396918
GBPUSD,2018-06-06,1.33941,1.34432,1.3387,1.34115,373181
GBPUSD,2018-06-07,1.34115,1.34725,1.3371,1.34223,411066
GBPUSD,2018-06-08,1.34223,1.34392,1.33545,1.34086,375270
GBPUSD,2018-06-11,1.34096,1.34414,1.33448,1.33736,274921
GBPUSD,2018-06-12,1.33736,1.34247,1.3342,1.33718,351232
GBPUSD,2018-06-13,1.33718,1.33894,1.33083,1.33748,359999
GBPUSD,2018-06-14,1.33748,1.34467,1.32558,1.32584,464106
GBPUSD,2018-06-15,1.32584,1.32984,1.32112,1.3275,384693
GBPUSD,2018-06-18,1.3261,1.32799,1.32258,1.32452,272705
GBPUSD,2018-06-19,1.32452,1.32728,1.31508,1.31731,389566
GBPUSD,2018-06-20,1.31731,1.32175,1.31461,1.31684,323814
GBPUSD,2018-06-21,1.31684,1.32699,1.3102,1.32378,448890
GBPUSD,2018-06-22,1.32378,1.33149,1.32356,1.3258,359040
GBPUSD,2018-06-25,1.325,1.32909,1.3221,1.32761,306036
GBPUSD,2018-06-26,1.32761,1.3292,1.31921,1.3218,325850
GBPUSD,2018-06-27,1.3218,1.32339,1.31064,1.31109,392751
GBPUSD,2018-06-28,1.31109,1.31256,1.30494,1.30765,419832
GBPUSD,2018-06-29,1.30765,1.32139,1.30657,1.32031,445965
GBPUSD,2018-07-02,1.3183,1.32087,1.30953,1.31421,334830
GBPUSD,2018-07-03,1.31421,1.32068,1.31148,1.31894,323376
GBPUSD,2018-07-04,1.31894,1.32491,1.31708,1.32264,244795
GBPUSD,2018-07-05,1.32264,1.32748,1.32041,1.32205,361828
GBPUSD,2018-07-06,1.32205,1.32902,1.32034,1.32856,285534
GBPUSD,2018-07-09,1.33177,1.33627,1.31892,1.3256,401436
GBPUSD,2018-07-10,1.3256,1.33013,1.32233,1.32738,322147
GBPUSD,2018-07-11,1.32738,1.32853,1.31995,1.3203,382639
GBPUSD,2018-07-12,1.3203,1.32449,1.31803,1.32043,306598
GBPUSD,2018-07-13,1.32043,1.32383,1.31026,1.32334,326216
GBPUSD,2018-07-16,1.3227,1.32927,1.32169,1.32345,255206
GBPUSD,2018-07-17,1.32345,1.32689,1.30694,1.31144,349594
GBPUSD,2018-07-18,1.31144,1.3117,1.30103,1.30687,332745
GBPUSD,2018-07-19,1.30687,1.30833,1.29574,1.3014,400912
GBPUSD,2018-07-20,1.3014,1.31401,1.29949,1.31268,388624
GBPUSD,2018-07-23,1.31227,1.31583,1.30825,1.30954,271155
GBPUSD,2018-07-24,1.30954,1.31597,1.30716,1.31444,304637
GBPUSD,2018-07-25,1.31444,1.32009,1.31332,1.31879,321749
GBPUSD,2018-07-26,1.31879,1.32132,1.31053,1.31059,300161
GBPUSD,2018-07-27,1.31059,1.31308,1.30821,1.31074,245380
GBPUSD,2018-07-30,1.31145,1.31521,1.3097,1.31304,207851
GBPUSD,2018-07-31,1.31304,1.3173,1.30894,1.31204,275534
GBPUSD,2018-08-01,1.31204,1.31445,1.30951,1.31262,247718
GBPUSD,2018-08-02,1.31262,1.31287,1.30134,1.30135,290688
GBPUSD,2018-08-03,1.30135,1.30433,1.29754,1.29979,269341
GBPUSD,2018-08-06,1.29979,1.3006,1.29199,1.29441,189936
GBPUSD,2018-08-07,1.29441,1.29736,1.29237,1.2939,193858
GBPUSD,2018-08-08,1.2939,1.29599,1.28536,1.28802,224980
GBPUSD,2018-08-09,1.28802,1.29117,1.28189,1.28223,228825
GBPUSD,2018-08-10,1.28223,1.28369,1.27229,1.27665,441673
GBPUSD,2018-08-13,1.27439,1.27913,1.273,1.27651,384446
GBPUSD,2018-08-14,1.27651,1.28273,1.27045,1.27168,338776
GBPUSD,2018-08-15,1.27168,1.27353,1.26617,1.26942,321736
GBPUSD,2018-08-16,1.26942,1.27541,1.26853,1.27122,322563
GBPUSD,2018-08-17,1.27122,1.27529,1.26977,1.27468,290639
GBPUSD,2018-08-20,1.27423,1.27995,1.27294,1.2795,216640
GBPUSD,2018-08-21,1.2795,1.29247,1.27913,1.28964,295142
GBPUSD,2018-08-22,1.28964,1.29365,1.28681,1.29102,275682
GBPUSD,2018-08-23,1.29102,1.29185,1.28047,1.28081,280121
GBPUSD,2018-08-24,1.28081,1.28811,1.27994,1.28454,301981
GBPUSD,2018-08-27,1.28381,1.29012,1.28289,1.28914,224209
GBPUSD,2018-08-28,1.28914,1.29319,1.28615,1.28688,293114
GBPUSD,2018-08-29,1.28688,1.30325,1.28454,1.30241,375837
GBPUSD,2018-08-30,1.30241,1.30433,1.29853,1.30075,326317
GBPUSD,2018-08-31,1.30075,1.30288,1.29449,1.29509,375706
GBPUSD,2018-09-03,1.29112,1.29336,1.28551,1.28698,226997
GBPUSD,2018-09-04,1.28698,1.28762,1.28102,1.28529,291614
GBPUSD,2018-09-05,1.28529,1.29831,1.27853,1.29039,404064
GBPUSD,2018-09-06,1.29039,1.29621,1.28962,1.29263,339925
GBPUSD,2018-09-07,1.29263,1.30282,1.29083,1.29136,432418
GBPUSD,2018-09-10,1.29223,1.30518,1.28968,1.30246,302539
GBPUSD,2018-09-11,1.30246,1.30873,1.29619,1.303,351875
GBPUSD,2018-09-12,1.303,1.30811,1.29794,1.30437,351599
GBPUSD,2018-09-13,1.30437,1.31235,1.30262,1.3105,332072
GBPUSD,2018-09-14,1.3105,1.31433,1.30565,1.30654,306345
GBPUSD,2018-09-17,1.3067,1.3165,1.3067,1.31577,295409
GBPUSD,2018-09-18,1.31577,1.31731,1.31185,1.3146,358374
GBPUSD,2018-09-19,1.3146,1.32151,1.30977,1.31441,360582
GBPUSD,2018-09-20,1.31441,1.32986,1.31344,1.32663,404204
GBPUSD,2018-09-21,1.32663,1.32767,1.30546,1.30766,385034
GBPUSD,2018-09-24,1.3082,1.31668,1.30627,1.31172,290511
GBPUSD,2018-09-25,1.31172,1.31937,1.3095,1.31771,322407
GBPUSD,2018-09-26,1.31771,1.32176,1.31381,1.31646,358560
GBPUSD,2018-09-27,1.31646,1.3178,1.30739,1.30757,353804
GBPUSD,2018-09-28,1.30757,1.30904,1.30003,1.3029,305093
GBPUSD,2018-10-01,1.3038,1.31156,1.30119,1.30395,286688
GBPUSD,2018-10-02,1.30395,1.30486,1.2941,1.29788,332140
GBPUSD,2018-10-03,1.29788,1.30231,1.29242,1.29353,388444
GBPUSD,2018-10-04,1.29353,1.30415,1.29215,1.30218,386537
GBPUSD,2018-10-05,1.30218,1.31234,1.30033,1.3112,409061
GBPUSD,2018-10-08,1.31221,1.31329,1.30282,1.30891,315969
GBPUSD,2018-10-09,1.30891,1.31503,1.3033,1.31428,413125
GBPUSD,2018-10-10,1.31428,1.32158,1.31338,1.31882,352206
GBPUSD,2018-10-11,1.31882,1.32471,1.31819,1.32306,482857
GBPUSD,2018-10-12,1.32306,1.32578,1.31464,1.31465,382847
GBPUSD,2018-10-15,1.3083,1.31818,1.30827,1.31513,355695
GBPUSD,2018-10-16,1.31513,1.32364,1.31383,1.31839,368382
GBPUSD,2018-10-17,1.31839,1.31926,1.30996,1.31131,350452
GBPUSD,2018-10-18,1.31131,1.31314,1.30151,1.30168,342382
GBPUSD,2018-10-19,1.30168,1.31038,1.30113,1.30621,343017
GBPUSD,2018-10-22,1.307,1.30902,1.29562,1.29602,334486
GBPUSD,2018-10-23,1.29602,1.30443,1.29369,1.29833,429436
GBPUSD,2018-10-24,1.29833,1.29906,1.28672,1.28795,453709
GBPUSD,2018-10-25,1.28795,1.29197,1.27963,1.28174,431773
GBPUSD,2018-10-26,1.28174,1.28415,1.27769,1.28259,473570
GBPUSD,2018-10-29,1.2821,1.2853,1.27916,1.27924,361584
GBPUSD,2018-10-30,1.27924,1.28125,1.26958,1.27014,383584
GBPUSD,2018-10-31,1.27014,1.28307,1.26987,1.27655,379660
GBPUSD,2018-11-01,1.27655,1.30347,1.2761,1.29973,432538
GBPUSD,2018-11-02,1.29973,1.30408,1.29515,1.29614,394410
GBPUSD,2018-11-05,1.30229,1.30557,1.29643,1.30376,317641
GBPUSD,2018-11-06,1.30376,1.3107,1.3021,1.30978,373208
GBPUSD,2018-11-07,1.30978,1.31747,1.30733,1.31243,449704
GBPUSD,2018-11-08,1.31243,1.315,1.30447,1.30617,432135
GBPUSD,2018-11-09,1.30617,1.30699,1.29581,1.29724,402739
GBPUSD,2018-11-12,1.29146,1.29467,1.28272,1.28484,445607
GBPUSD,2018-11-13,1.28484,1.30471,1.2838,1.29685,528649
GBPUSD,2018-11-14,1.29685,1.3072,1.28796,1.29849,623682
GBPUSD,2018-11-15,1.29849,1.303,1.27232,1.27684,656612
GBPUSD,2018-11-16,1.27684,1.28775,1.27575,1.28217,461573
GBPUSD,2018-11-19,1.28434,1.28841,1.27936,1.28471,341081
GBPUSD,2018-11-20,1.28471,1.28832,1.27762,1.27868,419688
GBPUSD,2018-11-21,1.27868,1.28196,1.2764,1.27754,368928
GBPUSD,2018-11-22,1.27754,1.29278,1.27665,1.28758,285509
GBPUSD,2018-11-23,1.28758,1.28826,1.27982,1.28076,291045
GBPUSD,2018-11-26,1.2823,1.28641,1.27959,1.28045,316177
GBPUSD,2018-11-27,1.28045,1.28195,1.27255,1.27449,453232
GBPUSD,2018-11-28,1.27449,1.2847,1.27321,1.28228,452678
GBPUSD,2018-11-29,1.28228,1.28496,1.27554,1.2783,441603
GBPUSD,2018-11-30,1.2783,1.28093,1.27345,1.27481,422468
GBPUSD,2018-12-03,1.2765,1.28247,1.26986,1.27234,382724
GBPUSD,2018-12-04,1.27234,1.28396,1.26581,1.27143,468911
GBPUSD,2018-12-05,1.27143,1.27982,1.26719,1.27329,336023
GBPUSD,2018-12-06,1.27329,1.28117,1.26993,1.27795,513311
GBPUSD,2018-12-07,1.27795,1.27901,1.27105,1.27294,453833
GBPUSD,2018-12-10,1.27036,1.27594,1.25066,1.2559,583340
GBPUSD,2018-12-11,1.2559,1.26386,1.248,1.2486,518278
GBPUSD,2018-12-12,1.2486,1.2671,1.24765,1.26237,619086
GBPUSD,2018-12-13,1.26237,1.26865,1.261,1.26574,413774
GBPUSD,2018-12-14,1.26574,1.26622,1.25296,1.25834,383073
GBPUSD,2018-12-17,1.25992,1.26471,1.25708,1.26199,448878
GBPUSD,2018-12-18,1.26199,1.27056,1.261,1.26345,370045
GBPUSD,2018-12-19,1.26345,1.26791,1.26067,1.26105,536889
GBPUSD,2018-12-20,1.26105,1.27074,1.26079,1.26549,526790
GBPUSD,2018-12-21,1.26549,1.26976,1.26176,1.26248,528288
GBPUSD,2018-12-24,1.2645,1.27385,1.26344,1.27,376161
GBPUSD,2018-12-25,1.27129,1.27779,1.26679,1.27108,0
GBPUSD,2018-12-26,1.27,1.27139,1.26303,1.2633,199363
GBPUSD,2018-12-27,1.2633,1.26749,1.26158,1.26434,636835
GBPUSD,2018-12-28,1.26434,1.27078,1.2635,1.26923,332391
GBPUSD,2018-12-31,1.26945,1.2815,1.268,1.27391,299089
GBPUSD,2019-01-01,1.27502,1.27567,1.27146,1.2738,0
GBPUSD,2019-01-02,1.27391,1.27728,1.25811,1.26039,396158
GBPUSD,2019-01-03,1.26039,1.26475,1.2373,1.2632,495390
GBPUSD,2019-01-04,1.2632,1.27447,1.26158,1.27212,443426
GBPUSD,2019-01-07,1.27253,1.27869,1.27153,1.27748,303523
GBPUSD,2019-01-08,1.27748,1.27973,1.27066,1.27132,302325
GBPUSD,2019-01-09,1.27132,1.28036,1.27084,1.27879,464927
GBPUSD,2019-01-10,1.27879,1.28012,1.27277,1.27444,400608
GBPUSD,2019-01-11,1.27444,1.28659,1.27096,1.28349,443983
GBPUSD,2019-01-14,1.2851,1.29305,1.28184,1.28613,415227
GBPUSD,2019-01-15,1.28613,1.29158,1.2668,1.28594,584325
GBPUSD,2019-01-16,1.28594,1.28971,1.28249,1.28777,444009
GBPUSD,2019-01-17,1.28777,1.3001,1.2832,1.2985,436742
GBPUSD,2019-01-18,1.2985,1.29936,1.28572,1.28701,401617
GBPUSD,2019-01-21,1.287,1.29109,1.28305,1.28914,282645
GBPUSD,2019-01-22,1.28914,1.29754,1.28549,1.2957,364097
GBPUSD,2019-01-23,1.2957,1.3081,1.29421,1.30682,429444
GBPUSD,2019-01-24,1.30682,1.3094,1.30121,1.30627,478200
GBPUSD,2019-01-25,1.30627,1.32179,1.30569,1.31974,491979
GBPUSD,2019-01-28,1.3183,1.32118,1.31369,1.31574,365155
GBPUSD,2019-01-29,1.31574,1.31999,1.30558,1.30639,574938
GBPUSD,2019-01-30,1.30639,1.31456,1.30542,1.31156,483446
GBPUSD,2019-01-31,1.31156,1.31604,1.30974,1.31063,439662
GBPUSD,2019-02-01,1.31063,1.31148,1.30433,1.30744,406625
GBPUSD,2019-02-04,1.30627,1.31034,1.30291,1.30368,340942
GBPUSD,2019-02-05,1.30368,1.30514,1.29244,1.29453,322044
GBPUSD,2019-02-06,1.29453,1.29794,1.29251,1.29304,326313
GBPUSD,2019-02-07,1.29304,1.29965,1.28547,1.2953,379665
GBPUSD,2019-02-08,1.2953,1.29761,1.29212,1.29359,295649
GBPUSD,2019-02-11,1.2924,1.29399,1.28451,1.28532,364903
GBPUSD,2019-02-12,1.28532,1.29095,1.28329,1.28903,346229
GBPUSD,2019-02-13,1.28903,1.29588,1.28441,1.28442,384441
GBPUSD,2019-02-14,1.28442,1.2878,1.27729,1.28011,423290
GBPUSD,2019-02-15,1.28011,1.28978,1.27846,1.28846,399936
GBPUSD,2019-02-18,1.29089,1.29388,1.28914,1.29187,300973
GBPUSD,2019-02-19,1.29187,1.30731,1.28958,1.30628,397318
GBPUSD,2019-02-20,1.30628,1.31093,1.30117,1.30495,418059
GBPUSD,2019-02-21,1.30495,1.30952,1.3026,1.30351,457595
GBPUSD,2019-02-22,1.30351,1.30804,1.29683,1.30538,381217
GBPUSD,2019-02-25,1.30701,1.31143,1.30504,1.30952,383476
GBPUSD,2019-02-26,1.30952,1.32882,1.30934,1.32512,534260
GBPUSD,2019-02-27,1.32512,1.33503,1.32331,1.33079,505514
GBPUSD,2019-02-28,1.33079,1.33194,1.32533,1.3262,437478
GBPUSD,2019-03-01,1.3262,1.32864,1.31717,1.32043,402886
GBPUSD,2019-03-04,1.32435,1.32544,1.31662,1.31755,393444
GBPUSD,2019-03-05,1.31755,1.31985,1.30976,1.31781,413029
GBPUSD,2019-03-06,1.31781,1.3181,1.31239,1.31697,408693
GBPUSD,2019-03-07,1.31697,1.31849,1.3068,1.30815,447379
GBPUSD,2019-03-08,1.30815,1.31082,1.29899,1.30126,478606
GBPUSD,2019-03-11,1.29671,1.31706,1.29604,1.31471,487625
GBPUSD,2019-03-12,1.31471,1.32883,1.30048,1.30681,612889
GBPUSD,2019-03-13,1.30681,1.33806,1.30568,1.33336,465779
GBPUSD,2019-03-14,1.33336,1.33352,1.32077,1.32395,483797
GBPUSD,2019-03-15,1.32395,1.33004,1.32028,1.32857,420816
GBPUSD,2019-03-18,1.3294,1.33003,1.31839,1.32536,354385
GBPUSD,2019-03-19,1.32536,1.3311,1.32404,1.32635,342098
GBPUSD,2019-03-20,1.32635,1.32727,1.3146,1.31916,462813
GBPUSD,2019-03-21,1.31916,1.32271,1.30034,1.31023,536211
GBPUSD,2019-03-22,1.31023,1.32236,1.30808,1.32042,527310
GBPUSD,2019-03-25,1.32146,1.32465,1.31599,1.31947,409464
GBPUSD,2019-03-26,1.31947,1.32613,1.31576,1.3207,435355
GBPUSD,2019-03-27,1.3207,1.32693,1.31661,1.31871,556593
GBPUSD,2019-03-28,1.31871,1.32079,1.30344,1.30371,523248
GBPUSD,2019-03-29,1.30371,1.31367,1.29769,1.30344,431471
GBPUSD,2019-04-01,1.30379,1.31497,1.30093,1.31011,414567
GBPUSD,2019-04-02,1.31011,1.31499,1.30131,1.31332,444194
GBPUSD,2019-04-03,1.31332,1.31962,1.31207,1.31529,450267
GBPUSD,2019-04-04,1.31529,1.3191,1.30603,1.3068,428835
GBPUSD,2019-04-05,1.3068,1.31219,1.29868,1.30318,358138
GBPUSD,2019-04-08,1.30393,1.30741,1.30221,1.30566,349717
GBPUSD,2019-04-09,1.30566,1.31215,1.30303,1.30499,365985
GBPUSD,2019-04-10,1.30499,1.312,1.30422,1.3082,343572
GBPUSD,2019-04-11,1.3082,1.31091,1.30489,1.30498,333863
GBPUSD,2019-04-12,1.30498,1.31328,1.30485,1.30649,324660
GBPUSD,2019-04-15,1.30793,1.31193,1.3068,1.30942,287211
GBPUSD,2019-04-16,1.30942,1.31013,1.30425,1.30452,341779
GBPUSD,2019-04-17,1.30452,1.30674,1.30286,1.30377,352522
GBPUSD,2019-04-18,1.30377,1.30525,1.29785,1.29793,454220
GBPUSD,2019-04-19,1.29793,1.30091,1.29784,1.29925,529071
GBPUSD,2019-04-22,1.29968,1.29997,1.2975,1.29809,150266
GBPUSD,2019-04-23,1.29809,1.30194,1.29276,1.29311,379948
GBPUSD,2019-04-24,1.29311,1.29635,1.28875,1.29023,402127
GBPUSD,2019-04-25,1.29023,1.29169,1.28656,1.28974,358905
GBPUSD,2019-04-26,1.28974,1.29436,1.28729,1.29099,403065
GBPUSD,2019-04-29,1.29208,1.2947,1.29049,1.2932,290571
GBPUSD,2019-04-30,1.2932,1.3049,1.29238,1.30319,392620
GBPUSD,2019-05-01,1.30319,1.31023,1.30243,1.30493,255203
GBPUSD,2019-05-02,1.30493,1.30812,1.3018,1.30227,291386
GBPUSD,2019-05-03,1.30227,1.31765,1.29863,1.31717,314497
GBPUSD,2019-05-06,1.31456,1.31705,1.30812,1.30947,298464
GBPUSD,2019-05-07,1.30947,1.31308,1.30394,1.30633,328338
GBPUSD,2019-05-08,1.30633,1.30805,1.29868,1.30047,369908
GBPUSD,2019-05-09,1.30047,1.30357,1.29673,1.29973,347659
GBPUSD,2019-05-10,1.29973,1.30474,1.2991,1.3,324796
GBPUSD,2019-05-13,1.3,1.30408,1.29409,1.29563,288661
GBPUSD,2019-05-14,1.29563,1.29706,1.28937,1.2903,262458
GBPUSD,2019-05-15,1.2903,1.29232,1.2826,1.28399,292009
GBPUSD,2019-05-16,1.28399,1.28538,1.27877,1.27928,245751
GBPUSD,2019-05-17,1.27928,1.27981,1.27099,1.27144,280681
GBPUSD,2019-05-20,1.2732,1.27572,1.27146,1.27204,203950
GBPUSD,2019-05-21,1.27204,1.28132,1.26851,1.2704,344777
GBPUSD,2019-05-22,1.2704,1.27193,1.26242,1.26584,267755
GBPUSD,2019-05-23,1.26584,1.26843,1.26051,1.26567,276546
GBPUSD,2019-05-24,1.26567,1.27326,1.26471,1.27108,260862
GBPUSD,2019-05-27,1.2725,1.27479,1.26671,1.26791,198920
GBPUSD,2019-05-28,1.26791,1.27024,1.26502,1.26525,275456
GBPUSD,2019-05-29,1.26525,1.26716,1.26117,1.26258,245882
GBPUSD,2019-05-30,1.26258,1.26405,1.25806,1.26047,200507
GBPUSD,2019-05-31,1.26047,1.26445,1.25589,1.26308,276142
GBPUSD,2019-06-03,1.2626,1.26741,1.26104,1.26638,258238
GBPUSD,2019-06-04,1.26638,1.27146,1.26422,1.26893,316641
GBPUSD,2019-06-05,1.26893,1.27437,1.26803,1.26822,328335
GBPUSD,2019-06-06,1.26822,1.2742,1.26688,1.2688,341433
GBPUSD,2019-06-07,1.2688,1.27631,1.26871,1.27322,290987
GBPUSD,2019-06-10,1.27291,1.27362,1.26531,1.26841,226686
GBPUSD,2019-06-11,1.26841,1.27326,1.26703,1.27198,293560
GBPUSD,2019-06-12,1.27198,1.27588,1.26815,1.26884,295840
GBPUSD,2019-06-13,1.26884,1.27079,1.26621,1.2671,248956
GBPUSD,2019-06-14,1.2671,1.26819,1.25802,1.25888,270368
GBPUSD,2019-06-17,1.2575,1.26058,1.25316,1.2534,177560
GBPUSD,2019-06-18,1.2534,1.25647,1.2506,1.25559,347333
GBPUSD,2019-06-19,1.25559,1.26738,1.25425,1.26412,340305
GBPUSD,2019-06-20,1.26412,1.27271,1.26285,1.27004,395093
GBPUSD,2019-06-21,1.27004,1.27467,1.26424,1.27407,367056
GBPUSD,2019-06-24,1.2733,1.27666,1.27081,1.27388,258410
GBPUSD,2019-06-25,1.27388,1.27838,1.2672,1.26816,319197
GBPUSD,2019-06-26,1.26816,1.27075,1.26626,1.26851,360001
GBPUSD,2019-06-27,1.26851,1.27252,1.26614,1.26688,321704
GBPUSD,2019-06-28,1.26688,1.27348,1.2663,1.26948,297587
GBPUSD,2019-07-01,1.26965,1.27057,1.26318,1.26377,300443
GBPUSD,2019-07-02,1.26377,1.2648,1.2584,1.25924,284978
GBPUSD,2019-07-03,1.25924,1.26002,1.2557,1.25673,224393
GBPUSD,2019-07-04,1.25673,1.2591,1.25616,1.25755,141703
GBPUSD,2019-07-05,1.25755,1.25877,1.24811,1.25238,251024
GBPUSD,2019-07-08,1.25255,1.25399,1.24998,1.25094,173433
GBPUSD,2019-07-09,1.25094,1.25223,1.24393,1.24584,202757
GBPUSD,2019-07-10,1.24584,1.25209,1.24438,1.24991,275982
GBPUSD,2019-07-11,1.24991,1.25717,1.24973,1.25198,271624
GBPUSD,2019-07-12,1.25198,1.25788,1.25198,1.25725,246819
GBPUSD,2019-07-15,1.25712,1.25778,1.25102,1.25154,185467
GBPUSD,2019-07-16,1.25154,1.25202,1.23962,1.24069,249751
GBPUSD,2019-07-17,1.24069,1.24564,1.23821,1.24329,221279
GBPUSD,2019-07-18,1.24329,1.25583,1.24224,1.25443,276765
GBPUSD,2019-07-19,1.25443,1.2556,1.24758,1.24978,222401
GBPUSD,2019-07-22,1.25003,1.2519,1.24555,1.24751,189008
GBPUSD,2019-07-23,1.24751,1.24817,1.24177,1.24386,232693
GBPUSD,2019-07-24,1.24386,1.25223,1.2427,1.24838,213323
GBPUSD,2019-07-25,1.24838,1.25179,1.24367,1.24474,284409
GBPUSD,2019-07-26,1.24474,1.24596,1.2376,1.23804,194124
GBPUSD,2019-07-29,1.23749,1.23832,1.22122,1.22167,215841
GBPUSD,2019-07-30,1.22167,1.2226,1.21186,1.21476,277347
GBPUSD,2019-07-31,1.21476,1.22495,1.21333,1.21543,368807
GBPUSD,2019-08-01,1.21543,1.21715,1.20794,1.21263,378256
GBPUSD,2019-08-02,1.21263,1.21694,1.20884,1.21575,361957
GBPUSD,2019-08-05,1.21622,1.21883,1.21016,1.21389,331854
GBPUSD,2019-08-06,1.21389,1.22095,1.21357,1.21606,317573
GBPUSD,2019-08-07,1.21606,1.21909,1.2121,1.21398,316507
GBPUSD,2019-08-08,1.21398,1.21828,1.20949,1.21308,252688
GBPUSD,2019-08-09,1.21308,1.21478,1.20227,1.20227,232467
GBPUSD,2019-08-12,1.2047,1.21067,1.20143,1.20748,322800
GBPUSD,2019-08-13,1.20748,1.20977,1.20417,1.20583,400695
GBPUSD,2019-08-14,1.20583,1.21008,1.20444,1.20526,380089
GBPUSD,2019-08-15,1.20526,1.21505,1.20505,1.20805,419802
GBPUSD,2019-08-16,1.20805,1.21755,1.20737,1.21418,298928
GBPUSD,2019-08-19,1.21525,1.21724,1.21047,1.21251,236445
GBPUSD,2019-08-20,1.21251,1.2179,1.20641,1.21643,308425
GBPUSD,2019-08-21,1.21643,1.21749,1.21115,1.21176,249564
GBPUSD,2019-08-22,1.21176,1.22731,1.21083,1.22504,350726
GBPUSD,2019-08-23,1.22504,1.22937,1.21944,1.22829,361219
GBPUSD,2019-08-26,1.22645,1.22859,1.22077,1.2217,418665
GBPUSD,2019-08-27,1.2217,1.23099,1.22089,1.22875,306094
GBPUSD,2019-08-28,1.22875,1.22905,1.21542,1.22063,349299
GBPUSD,2019-08-29,1.22063,1.22326,1.21722,1.21792,302960
GBPUSD,2019-08-30,1.21792,1.22262,1.2139,1.21602,287205
GBPUSD,2019-09-02,1.21475,1.21746,1.20358,1.20586,255764
GBPUSD,2019-09-03,1.20586,1.21056,1.19583,1.20823,366421
GBPUSD,2019-09-04,1.20823,1.2256,1.20815,1.22517,352163
GBPUSD,2019-09-05,1.22517,1.23537,1.22101,1.23238,336284
GBPUSD,2019-09-06,1.23238,1.23432,1.22793,1.22881,291838
GBPUSD,2019-09-09,1.22677,1.23848,1.22331,1.23446,269913
GBPUSD,2019-09-10,1.23446,1.23791,1.23066,1.23524,247749
GBPUSD,2019-09-11,1.23524,1.23709,1.23124,1.23284,246854
GBPUSD,2019-09-12,1.23284,1.23665,1.22827,1.23294,349376
GBPUSD,2019-09-13,1.23294,1.25043,1.23258,1.24949,275486
GBPUSD,2019-09-16,1.24877,1.25038,1.2399,1.24253,255838
GBPUSD,2019-09-17,1.24253,1.25269,1.23922,1.24988,260652
GBPUSD,2019-09-18,1.24988,1.25122,1.24387,1.24622,262819
GBPUSD,2019-09-19,1.24622,1.25602,1.24381,1.25208,272219
GBPUSD,2019-09-20,1.25208,1.25824,1.24591,1.24695,280941
GBPUSD,2019-09-23,1.2465,1.24906,1.24128,1.2429,233525
GBPUSD,2019-09-24,1.2429,1.25034,1.24141,1.2486,261002
GBPUSD,2019-09-25,1.2486,1.2496,1.23436,1.23437,245673
GBPUSD,2019-09-26,1.23437,1.23802,1.23026,1.23161,240891
GBPUSD,2019-09-27,1.23161,1.23364,1.22708,1.22841,231764
GBPUSD,2019-09-30,1.22915,1.23463,1.22756,1.22863,219746
GBPUSD,2019-10-01,1.22863,1.23386,1.22044,1.23014,296847
GBPUSD,2019-10-02,1.23014,1.2324,1.22266,1.22949,260806
GBPUSD,2019-10-03,1.22949,1.2413,1.22657,1.23292,294486
GBPUSD,2019-10-04,1.23292,1.23568,1.22761,1.23305,244639
GBPUSD,2019-10-07,1.23004,1.23367,1.22871,1.2291,198954
GBPUSD,2019-10-08,1.2291,1.23025,1.21952,1.22181,271818
GBPUSD,2019-10-09,1.22181,1.22916,1.21974,1.22058,246232
GBPUSD,2019-10-10,1.22058,1.2469,1.22,1.24319,382473
GBPUSD,2019-10-11,1.24319,1.27069,1.24057,1.26441,472412
GBPUSD,2019-10-14,1.26332,1.26498,1.25157,1.26047,331840
GBPUSD,2019-10-15,1.26047,1.28013,1.25979,1.27812,524061
GBPUSD,2019-10-16,1.27812,1.28778,1.26562,1.28275,552373
GBPUSD,2019-10-17,1.28275,1.29898,1.27488,1.28903,531359
GBPUSD,2019-10-18,1.28903,1.29817,1.28393,1.29739,362914
GBPUSD,2019-10-21,1.29487,1.30125,1.28738,1.2959,340737
GBPUSD,2019-10-22,1.2959,1.3,1.28619,1.28715,383831
GBPUSD,2019-10-23,1.28715,1.2922,1.28413,1.2911,314846
GBPUSD,2019-10-24,1.2911,1.29498,1.27884,1.28508,295987
GBPUSD,2019-10-25,1.28508,1.28632,1.28041,1.28217,213986
GBPUSD,2019-10-28,1.281,1.28764,1.28096,1.28551,210728
GBPUSD,2019-10-29,1.28551,1.29046,1.28062,1.28668,263198
GBPUSD,2019-10-30,1.28668,1.29074,1.2845,1.28965,258220
GBPUSD,2019-10-31,1.28965,1.29755,1.28941,1.29412,286307
GBPUSD,2019-11-01,1.29412,1.29725,1.29244,1.29331,256330
GBPUSD,2019-11-04,1.2925,1.29426,1.28763,1.28813,191135
GBPUSD,2019-11-05,1.28813,1.29176,1.2859,1.28816,245798
GBPUSD,2019-11-06,1.28816,1.28972,1.2844,1.28549,188489
GBPUSD,2019-11-07,1.28549,1.28779,1.27941,1.28125,273157
GBPUSD,2019-11-08,1.28125,1.28226,1.27685,1.27725,199114
GBPUSD,2019-11-11,1.27952,1.28979,1.27856,1.2853,192932
GBPUSD,2019-11-12,1.2853,1.28739,1.28152,1.28445,232375
GBPUSD,2019-11-13,1.28445,1.28624,1.28217,1.28492,216123
GBPUSD,2019-11-14,1.28492,1.28883,1.28249,1.2881,204005
GBPUSD,2019-11-15,1.2881,1.29189,1.28672,1.28982,192799
GBPUSD,2019-11-18,1.2922,1.29854,1.29086,1.29509,223865
GBPUSD,2019-11-19,1.29509,1.29698,1.29102,1.29257,218065
GBPUSD,2019-11-20,1.29257,1.29305,1.28869,1.29228,222311
GBPUSD,2019-11-21,1.29228,1.29701,1.28931,1.29046,225498
GBPUSD,2019-11-22,1.29046,1.29286,1.28231,1.28292,228761
GBPUSD,2019-11-25,1.2855,1.29119,1.2841,1.28987,194881
GBPUSD,2019-11-26,1.28987,1.29037,1.28349,1.28657,202799
GBPUSD,2019-11-27,1.28657,1.2921,1.28272,1.29169,236346
GBPUSD,2019-11-28,1.29169,1.2951,1.28992,1.29085,200926
GBPUSD,2019-11-29,1.29085,1.29422,1.28793,1.29272,199187
GBPUSD,2019-12-02,1.29086,1.29489,1.28961,1.2939,216107
GBPUSD,2019-12-03,1.2939,1.30119,1.29301,1.29935,223256
GBPUSD,2019-12-04,1.29935,1.31205,1.29826,1.31036,262963
GBPUSD,2019-12-05,1.31036,1.31662,1.31021,1.3157,203484
GBPUSD,2019-12-06,1.3157,1.31654,1.31005,1.31316,215420
GBPUSD,2019-12-09,1.3134,1.3181,1.31316,1.31364,208485
GBPUSD,2019-12-10,1.31364,1.3215,1.31327,1.31545,223775
GBPUSD,2019-12-11,1.31545,1.32135,1.3107,1.31953,270958
GBPUSD,2019-12-12,1.31953,1.32296,1.30502,1.3163,766810
GBPUSD,2019-12-13,1.3163,1.35149,1.3163,1.33283,542339
GBPUSD,2019-12-16,1.33358,1.34222,1.3321,1.33325,269435
GBPUSD,2019-12-17,1.33325,1.33353,1.30993,1.31294,352086
GBPUSD,2019-12-18,1.31294,1.31342,1.306,1.30781,335789
GBPUSD,2019-12-19,1.30781,1.31332,1.29898,1.30084,320199
GBPUSD,2019-12-20,1.30084,1.30795,1.30007,1.30039,218800
GBPUSD,2019-12-23,1.29984,1.3032,1.29047,1.29355,243608
GBPUSD,2019-12-24,1.29355,1.29707,1.2922,1.29573,170732
GBPUSD,2019-12-25,1.29349,1.2987,1.2923,1.29349,0
GBPUSD,2019-12-26,1.29573,1.3016,1.29573,1.29883,90621
GBPUSD,2019-12-27,1.29883,1.31174,1.29682,1.30747,258242
GBPUSD,2019-12-30,1.30852,1.31506,1.30625,1.31109,224852
GBPUSD,2019-12-31,1.31109,1.32842,1.31029,1.32502,237800
GBPUSD,2020-01-01,1.3254,1.3271,1.32188,1.32626,0
GBPUSD,2020-01-02,1.32502,1.32502,1.31155,1.31356,221577
GBPUSD,2020-01-03,1.31356,1.31602,1.30534,1.30716,297729
GBPUSD,2020-01-06,1.30835,1.31745,1.30636,1.31678,260196
GBPUSD,2020-01-07,1.31678,1.32124,1.30952,1.31191,278181
GBPUSD,2020-01-08,1.31191,1.31697,1.30801,1.30925,328294
GBPUSD,2020-01-09,1.30925,1.3124,1.30127,1.30665,269613
GBPUSD,2020-01-10,1.30665,1.30972,1.30424,1.30571,239023
GBPUSD,2020-01-13,1.30349,1.3045,1.2961,1.2989,241900
GBPUSD,2020-01-14,1.2989,1.30331,1.29542,1.30165,281765
GBPUSD,2020-01-15,1.30165,1.30424,1.29845,1.30371,252577
GBPUSD,2020-01-16,1.30371,1.30832,1.30255,1.30781,251713
GBPUSD,2020-01-17,1.30781,1.3119,1.3011,1.3011,256283
GBPUSD,2020-01-20,1.299,1.30138,1.29619,1.30096,158961
GBPUSD,2020-01-21,1.30096,1.30833,1.29952,1.30472,230617
GBPUSD,2020-01-22,1.30472,1.3153,1.30346,1.31385,271089
GBPUSD,2020-01-23,1.31385,1.3151,1.30968,1.3122,227660
GBPUSD,2020-01-24,1.3122,1.31729,1.30567,1.3078,267055
GBPUSD,2020-01-27,1.30794,1.31056,1.30401,1.30577,211715
GBPUSD,2020-01-28,1.30577,1.30652,1.29751,1.30274,206562
GBPUSD,2020-01-29,1.30274,1.30298,1.29894,1.30168,175222
GBPUSD,2020-01-30,1.30168,1.311,1.29776,1.30949,273882
GBPUSD,2020-01-31,1.30949,1.32066,1.30819,1.32018,246926
GBPUSD,2020-02-03,1.31768,1.31838,1.29829,1.299,293977
GBPUSD,2020-02-04,1.299,1.30467,1.29412,1.30302,261127
GBPUSD,2020-02-05,1.30302,1.30699,1.29562,1.29981,257200
GBPUSD,2020-02-06,1.29981,1.3001,1.29211,1.29267,214017
GBPUSD,2020-02-07,1.29267,1.29592,1.28824,1.28864,252850
GBPUSD,2020-02-10,1.28928,1.29461,1.2872,1.2915,237489
GBPUSD,2020-02-11,1.2915,1.29681,1.28943,1.29514,242646
GBPUSD,2020-02-12,1.29514,1.29914,1.29465,1.29588,228018
GBPUSD,2020-02-13,1.29588,1.30693,1.2944,1.30379,283332
GBPUSD,2020-02-14,1.30379,1.30635,1.3001,1.30476,207873
GBPUSD,2020-02-17,1.3033,1.30541,1.2998,1.30039,153251
GBPUSD,2020-02-18,1.30039,1.30488,1.29706,1.29951,240953
GBPUSD,2020-02-19,1.29951,1.30234,1.29074,1.29159,244046
GBPUSD,2020-02-20,1.29159,1.29284,1.28489,1.28818,270027
GBPUSD,2020-02-21,1.28818,1.2981,1.2874,1.29574,294922
GBPUSD,2020-02-24,1.2945,1.29548,1.28866,1.29259,310813
GBPUSD,2020-02-25,1.29259,1.30177,1.2914,1.3005,335982
GBPUSD,2020-02-26,1.3005,1.30081,1.28936,1.28961,357800
GBPUSD,2020-02-27,1.28961,1.29465,1.28601,1.28863,435989
GBPUSD,2020-02-28,1.28863,1.29196,1.27258,1.28231,528811
GBPUSD,2020-03-02,1.2783,1.28507,1.27397,1.27533,539872
GBPUSD,2020-03-03,1.27533,1.2844,1.27396,1.28119,540000
GBPUSD,2020-03-04,1.28119,1.28725,1.277,1.28712,377370
GBPUSD,2020-03-05,1.28712,1.29685,1.28608,1.29473,325079
GBPUSD,2020-03-06,1.29473,1.3053,1.29457,1.30449,539441
GBPUSD,2020-03-09,1.30753,1.32002,1.30346,1.31228,874635
GBPUSD,2020-03-10,1.31228,1.31285,1.28816,1.29025,761028
GBPUSD,2020-03-11,1.29025,1.29767,1.28049,1.28144,536850
GBPUSD,2020-03-12,1.28144,1.2849,1.24904,1.25659,795022
GBPUSD,2020-03-13,1.25659,1.26243,1.2259,1.2277,880675
GBPUSD,2020-03-16,1.2264,1.2423,1.22021,1.22689,952790
GBPUSD,2020-03-17,1.22689,1.22733,1.20015,1.20516,1109354
GBPUSD,2020-03-18,1.20516,1.21292,1.14477,1.16161,896109
GBPUSD,2020-03-19,1.16161,1.17928,1.1472,1.14847,1067977
GBPUSD,2020-03-20,1.14847,1.19337,1.14098,1.16587,950732
GBPUSD,2020-03-23,1.16697,1.17138,1.14458,1.15406,986389
GBPUSD,2020-03-24,1.15406,1.17994,1.14764,1.17526,808423
GBPUSD,2020-03-25,1.17526,1.19732,1.16384,1.18793,649155
GBPUSD,2020-03-26,1.18793,1.22295,1.17768,1.22,675562
GBPUSD,2020-03-27,1.22,1.24854,1.21303,1.24491,655331
GBPUSD,2020-03-30,1.24177,1.24669,1.23173,1.24159,488538
GBPUSD,2020-03-31,1.24159,1.24727,1.22412,1.24086,618673
GBPUSD,2020-04-01,1.24086,1.24435,1.23301,1.237,411576
GBPUSD,2020-04-02,1.237,1.24754,1.23472,1.23921,411712
GBPUSD,2020-04-03,1.23921,1.2403,1.22053,1.22631,376130
GBPUSD,2020-04-06,1.22138,1.23271,1.22097,1.22302,343009
GBPUSD,2020-04-07,1.22302,1.23842,1.21635,1.23273,394087
GBPUSD,2020-04-08,1.23273,1.242,1.22879,1.2378,296030
GBPUSD,2020-04-09,1.2378,1.2484,1.23605,1.24578,342293
GBPUSD,2020-04-10,1.24578,1.24865,1.24447,1.24655,61454
GBPUSD,2020-04-13,1.24491,1.25365,1.24491,1.25005,170283
GBPUSD,2020-04-14,1.25005,1.26476,1.25005,1.26198,291871
GBPUSD,2020-04-15,1.26198,1.26305,1.24373,1.25127,311268
GBPUSD,2020-04-16,1.25127,1.25266,1.2408,1.24535,328202
GBPUSD,2020-04-17,1.24535,1.25224,1.24069,1.2497,319520
GBPUSD,2020-04-20,1.24967,1.24998,1.24163,1.24311,246258
GBPUSD,2020-04-21,1.24311,1.24442,1.22472,1.22898,331178
GBPUSD,2020-04-22,1.22898,1.23856,1.22746,1.2333,266017
GBPUSD,2020-04-23,1.2333,1.24147,1.23078,1.2344,345042
GBPUSD,2020-04-24,1.2344,1.23772,1.2298,1.23609,273831
GBPUSD,2020-04-27,1.2361,1.24545,1.23595,1.24271,249504
GBPUSD,2020-04-28,1.24271,1.25183,1.24036,1.24214,267163
GBPUSD,2020-04-29,1.24214,1.24853,1.2389,1.24672,261589
GBPUSD,2020-04-30,1.24672,1.26432,1.24286,1.25907,349847
GBPUSD,2020-05-01,1.25907,1.25998,1.24829,1.24874,265412
GBPUSD,2020-05-04,1.2484,1.24867,1.24052,1.24429,271148
GBPUSD,2020-05-05,1.24429,1.24836,1.24203,1.24309,285353
GBPUSD,2020-05-06,1.24309,1.24503,1.23349,1.23377,237838
GBPUSD,2020-05-07,1.23377,1.24183,1.2266,1.2355,262740
GBPUSD,2020-05-08,1.2355,1.24673,1.23484,1.24007,183636
GBPUSD,2020-05-11,1.23956,1.24376,1.22825,1.23317,262043
GBPUSD,2020-05-12,1.23317,1.23779,1.2244,1.22445,312364
GBPUSD,2020-05-13,1.22445,1.234,1.22101,1.22295,355528
GBPUSD,2020-05-14,1.22295,1.22416,1.21653,1.22235,331509
GBPUSD,2020-05-15,1.22235,1.22391,1.20991,1.20999,331311
GBPUSD,2020-05-18,1.20799,1.22273,1.2075,1.2194,320402
GBPUSD,2020-05-19,1.2194,1.22964,1.21832,1.2247,316195
GBPUSD,2020-05-20,1.2247,1.22874,1.22214,1.22342,287782
GBPUSD,2020-05-21,1.22342,1.22497,1.21857,1.22168,284109
GBPUSD,2020-05-22,1.22168,1.22336,1.21608,1.2161,258044
GBPUSD,2020-05-25,1.21721,1.22036,1.21639,1.21796,186854
GBPUSD,2020-05-26,1.21796,1.2363,1.21765,1.23284,307468
GBPUSD,2020-05-27,1.23284,1.2354,1.22041,1.22605,416594
GBPUSD,2020-05-28,1.22605,1.23446,1.22335,1.23184,349848
GBPUSD,2020-05-29,1.23184,1.23941,1.22905,1.23455,483087
GBPUSD,2020-06-01,1.23201,1.25065,1.232,1.2489,349802
GBPUSD,2020-06-02,1.2489,1.25759,1.24785,1.25505,386372
GBPUSD,2020-06-03,1.25505,1.26153,1.25439,1.25735,411404
GBPUSD,2020-06-04,1.25735,1.26331,1.25005,1.2596,428609
GBPUSD,2020-06-05,1.2596,1.27312,1.25828,1.26634,422311
GBPUSD,2020-06-08,1.26785,1.27358,1.2628,1.27222,315070
GBPUSD,2020-06-09,1.27222,1.27557,1.26175,1.2728,369514
GBPUSD,2020-06-10,1.2728,1.28135,1.27061,1.2747,524809
GBPUSD,2020-06-11,1.2747,1.27545,1.25862,1.26019,584457
GBPUSD,2020-06-12,1.26019,1.26533,1.24734,1.25354,541745
GBPUSD,2020-06-15,1.25102,1.26058,1.24544,1.2605,528021
GBPUSD,2020-06-16,1.2605,1.26876,1.25521,1.25713,524386
GBPUSD,2020-06-17,1.25713,1.25887,1.2511,1.25557,420933
GBPUSD,2020-06-18,1.25557,1.25669,1.24018,1.24233,444620
GBPUSD,2020-06-19,1.24233,1.2456,1.23421,1.23421,364480
GBPUSD,2020-06-22,1.23447,1.2477,1.23353,1.24679,320252
GBPUSD,2020-06-23,1.24679,1.25319,1.24319,1.25195,413504
GBPUSD,2020-06-24,1.25195,1.25426,1.24142,1.24178,426129
GBPUSD,2020-06-25,1.24178,1.24643,1.2389,1.2418,379842
GBPUSD,2020-06-26,1.2418,1.24371,1.23143,1.23294,319897
GBPUSD,2020-06-29,1.2334,1.23896,1.22516,1.22976,279486
GBPUSD,2020-06-30,1.22976,1.24017,1.22578,1.23992,319473
GBPUSD,2020-07-01,1.23992,1.24904,1.23593,1.24748,313506
GBPUSD,2020-07-02,1.24748,1.253,1.24562,1.24675,296553
GBPUSD,2020-07-03,1.24675,1.24865,1.24379,1.24816,290035
GBPUSD,2020-07-06,1.24602,1.25202,1.24571,1.24919,277752
GBPUSD,2020-07-07,1.24919,1.25923,1.24625,1.25407,322095
GBPUSD,2020-07-08,1.25407,1.26231,1.25085,1.26096,327309
GBPUSD,2020-07-09,1.26096,1.26693,1.25983,1.26056,363897
GBPUSD,2020-07-10,1.26056,1.26641,1.25667,1.26126,282747
GBPUSD,2020-07-13,1.26121,1.26661,1.25501,1.2554,286376
GBPUSD,2020-07-14,1.2554,1.25637,1.24796,1.25532,380875
GBPUSD,2020-07-15,1.25532,1.26498,1.25474,1.25874,322389
GBPUSD,2020-07-16,1.25874,1.26245,1.25203,1.25531,301582
GBPUSD,2020-07-17,1.25531,1.25743,1.25118,1.25634,218530
GBPUSD,2020-07-20,1.25652,1.26654,1.25182,1.26613,279516
GBPUSD,2020-07-21,1.26613,1.27681,1.26473,1.2731,328928
GBPUSD,2020-07-22,1.2731,1.27437,1.26443,1.27335,367371
GBPUSD,2020-07-23,1.27335,1.27601,1.26732,1.2741,396865
GBPUSD,2020-07-24,1.2741,1.28038,1.27173,1.27906,343856
GBPUSD,2020-07-27,1.27902,1.29027,1.27769,1.28815,362317
GBPUSD,2020-07-28,1.28815,1.29526,1.2838,1.29311,354896
GBPUSD,2020-07-29,1.29311,1.30139,1.29118,1.29963,377604
GBPUSD,2020-07-30,1.29963,1.3103,1.29444,1.30947,389402
GBPUSD,2020-07-31,1.30947,1.31702,1.30702,1.3077,500129
GBPUSD,2020-08-03,1.30785,1.31126,1.30046,1.30746,401632
GBPUSD,2020-08-04,1.30746,1.31081,1.29814,1.30704,328019
GBPUSD,2020-08-05,1.30704,1.31616,1.30521,1.31138,332549
GBPUSD,2020-08-06,1.31138,1.31858,1.3111,1.31415,423753
GBPUSD,2020-08-07,1.31415,1.31478,1.30093,1.30482,402934
GBPUSD,2020-08-10,1.30502,1.31032,1.3019,1.30716,275024
GBPUSD,2020-08-11,1.30716,1.3132,1.30417,1.3047,360622
GBPUSD,2020-08-12,1.3047,1.30678,1.30055,1.30327,370665
GBPUSD,2020-08-13,1.30327,1.3125,1.30255,1.30667,307787
GBPUSD,2020-08-14,1.30667,1.3143,1.30481,1.30787,269471
GBPUSD,2020-08-17,1.30919,1.31217,1.30741,1.31029,240480
GBPUSD,2020-08-18,1.31029,1.32498,1.30941,1.32387,314746
GBPUSD,2020-08-19,1.32387,1.32671,1.30907,1.30907,353114
GBPUSD,2020-08-20,1.30907,1.32248,1.30646,1.32141,402734
GBPUSD,2020-08-21,1.32141,1.32552,1.30591,1.30854,402961
GBPUSD,2020-08-24,1.30802,1.3149,1.30536,1.30629,269766
GBPUSD,2020-08-25,1.30629,1.31705,1.30539,1.31512,299071
GBPUSD,2020-08-26,1.31512,1.3219,1.31171,1.32092,274004
GBPUSD,2020-08-27,1.32092,1.32846,1.31613,1.31991,453947
GBPUSD,2020-08-28,1.31991,1.33566,1.31863,1.33479,394983
GBPUSD,2020-08-31,1.33332,1.3396,1.33013,1.3369,318663
GBPUSD,2020-09-01,1.3369,1.34832,1.33562,1.33815,404485
GBPUSD,2020-09-02,1.33815,1.34026,1.32832,1.33505,372564
GBPUSD,2020-09-03,1.33505,1.3359,1.32424,1.32799,391855
GBPUSD,2020-09-04,1.32799,1.33195,1.31757,1.32765,400047
GBPUSD,2020-09-07,1.32436,1.32662,1.31401,1.3159,227999
GBPUSD,2020-09-08,1.3159,1.31696,1.29801,1.29804,393522
GBPUSD,2020-09-09,1.29804,1.30231,1.2885,1.30018,387737
GBPUSD,2020-09-10,1.30018,1.3035,1.27733,1.28045,458398
GBPUSD,2020-09-11,1.28045,1.28655,1.27622,1.27935,362468
GBPUSD,2020-09-14,1.27935,1.29193,1.27708,1.2846,283036
GBPUSD,2020-09-15,1.2846,1.29264,1.28147,1.28888,304523
GBPUSD,2020-09-16,1.28888,1.30073,1.28754,1.29673,400560
GBPUSD,2020-09-17,1.29673,1.29992,1.28648,1.29735,467375
GBPUSD,2020-09-18,1.29735,1.29997,1.29125,1.2913,356500
GBPUSD,2020-09-21,1.29131,1.29666,1.27755,1.28156,466047
GBPUSD,2020-09-22,1.28156,1.28672,1.27106,1.27302,449134
GBPUSD,2020-09-23,1.27302,1.27773,1.26751,1.27232,429323
GBPUSD,2020-09-24,1.27232,1.27813,1.26902,1.27358,429208
GBPUSD,2020-09-25,1.27358,1.28056,1.26871,1.27403,350274
GBPUSD,2020-09-28,1.277,1.29299,1.27511,1.28287,315879
GBPUSD,2020-09-29,1.28287,1.29031,1.28225,1.28549,353674
GBPUSD,2020-09-30,1.28549,1.29427,1.28053,1.29115,414206
GBPUSD,2020-10-01,1.29115,1.29787,1.28194,1.28837,467689
GBPUSD,2020-10-02,1.28837,1.29539,1.28366,1.29287,456503
GBPUSD,2020-10-05,1.293,1.29914,1.28996,1.29744,261206
GBPUSD,2020-10-06,1.29744,1.30071,1.2867,1.28688,396432
GBPUSD,2020-10-07,1.28688,1.29295,1.28446,1.29135,345891
GBPUSD,2020-10-08,1.29135,1.29703,1.28913,1.29326,286779
GBPUSD,2020-10-09,1.29326,1.30491,1.29121,1.30418,286317
GBPUSD,2020-10-12,1.3023,1.30827,1.30053,1.30635,254436
GBPUSD,2020-10-13,1.30635,1.30682,1.29218,1.29317,356922
GBPUSD,2020-10-14,1.29317,1.30644,1.28629,1.30115,362782
GBPUSD,2020-10-15,1.30115,1.30301,1.28904,1.29022,401606
GBPUSD,2020-10-16,1.29022,1.29623,1.28617,1.29146,406654
GBPUSD,2020-10-19,1.28902,1.30246,1.28899,1.29401,337808
GBPUSD,2020-10-20,1.29401,1.29796,1.29109,1.29455,316304
GBPUSD,2020-10-21,1.29455,1.31769,1.29346,1.31404,352796
GBPUSD,2020-10-22,1.31404,1.31523,1.30704,1.30769,310850
GBPUSD,2020-10-23,1.30769,1.31228,1.30191,1.304,299366
GBPUSD,2020-10-26,1.3055,1.30751,1.29927,1.30232,314209
GBPUSD,2020-10-27,1.30232,1.30796,1.30008,1.30435,262647
GBPUSD,2020-10-28,1.30435,1.30641,1.29164,1.2983,388634
GBPUSD,2020-10-29,1.2983,1.30256,1.28808,1.29277,406782
GBPUSD,2020-10-30,1.29277,1.29882,1.28992,1.29457,422538
GBPUSD,2020-11-02,1.29209,1.29426,1.28538,1.2916,292095
GBPUSD,2020-11-03,1.2916,1.30788,1.29051,1.30491,282319
GBPUSD,2020-11-04,1.30491,1.31401,1.29144,1.29843,637453
GBPUSD,2020-11-05,1.29843,1.31549,1.29319,1.31464,452711
GBPUSD,2020-11-06,1.31464,1.31771,1.30926,1.31437,450133
GBPUSD,2020-11-09,1.31571,1.32081,1.31185,1.3163,557632
GBPUSD,2020-11-10,1.3163,1.32784,1.31567,1.32695,499360
GBPUSD,2020-11-11,1.32695,1.33135,1.31913,1.32183,365384
GBPUSD,2020-11-12,1.32183,1.32281,1.31064,1.31078,334115
GBPUSD,2020-11-13,1.31078,1.32001,1.3105,1.31918,266950
GBPUSD,2020-11-16,1.31748,1.32425,1.31656,1.31976,314876
GBPUSD,2020-11-17,1.31976,1.32726,1.31834,1.32432,300692
GBPUSD,2020-11-18,1.32432,1.33123,1.32399,1.3267,252613
GBPUSD,2020-11-19,1.3267,1.32791,1.31957,1.32551,296111
GBPUSD,2020-11-20,1.32551,1.32981,1.32383,1.32832,264060
GBPUSD,2020-11-23,1.3289,1.3398,1.32637,1.33229,305851
GBPUSD,2020-11-24,1.33229,1.33804,1.32931,1.33565,294238
GBPUSD,2020-11-25,1.33565,1.33937,1.33048,1.33758,303643
GBPUSD,2020-11-26,1.33758,1.33977,1.33219,1.33554,173213
GBPUSD,2020-11-27,1.33554,1.33816,1.32851,1.33052,240997
GBPUSD,2020-11-30,1.3329,1.33859,1.33048,1.33173,336115
GBPUSD,2020-12-01,1.33173,1.34422,1.33155,1.34119,332540
GBPUSD,2020-12-02,1.34119,1.34411,1.32876,1.33596,358200
GBPUSD,2020-12-03,1.33596,1.35001,1.33533,1.34405,335603
GBPUSD,2020-12-04,1.34405,1.35394,1.34097,1.34287,378825
GBPUSD,2020-12-07,1.34091,1.34379,1.32238,1.33755,399104
GBPUSD,2020-12-08,1.33755,1.33937,1.32894,1.33503,387755
GBPUSD,2020-12-09,1.33503,1.34782,1.33458,1.33961,305662
GBPUSD,2020-12-10,1.33961,1.3412,1.32451,1.32877,381144
GBPUSD,2020-12-11,1.32877,1.33243,1.31344,1.32178,345954
GBPUSD,2020-12-14,1.3355,1.34454,1.329,1.33155,283067
GBPUSD,2020-12-15,1.33155,1.34687,1.32802,1.34513,329077
GBPUSD,2020-12-16,1.34513,1.35547,1.34346,1.35076,318042
GBPUSD,2020-12-17,1.35076,1.36248,1.34909,1.35818,284833
GBPUSD,2020-12-18,1.35818,1.359,1.3471,1.35212,271906
GBPUSD,2020-12-21,1.33958,1.34996,1.31877,1.34576,481093
GBPUSD,2020-12-22,1.34576,1.34695,1.33039,1.33518,390382
GBPUSD,2020-12-23,1.33518,1.35705,1.33474,1.34879,419691
GBPUSD,2020-12-24,1.34879,1.36194,1.34837,1.3531,249388
GBPUSD,2020-12-25,1.35696,1.3613,1.35153,1.3552,0
GBPUSD,2020-12-28,1.3544,1.3576,1.34291,1.34458,282772
GBPUSD,2020-12-29,1.34458,1.35225,1.34391,1.34986,321227
GBPUSD,2020-12-30,1.34986,1.36253,1.34908,1.36245,335497
GBPUSD,2020-12-31,1.36245,1.36863,1.36041,1.36561,307892
GBPUSD,2021-01-01,1.369,1.369,1.3666,1.3673,0
GBPUSD,2021-01-04,1.36461,1.37039,1.35415,1.35644,417401
GBPUSD,2021-01-05,1.35644,1.36423,1.35539,1.3623,374432
GBPUSD,2021-01-06,1.3623,1.36715,1.35383,1.36075,503823
GBPUSD,2021-01-07,1.36075,1.36331,1.35325,1.35628,402713
GBPUSD,2021-01-08,1.35628,1.36361,1.35383,1.35549,441838
GBPUSD,2021-01-11,1.35549,1.35669,1.34509,1.35102,362013
GBPUSD,2021-01-12,1.35102,1.36702,1.35028,1.36616,333584
GBPUSD,2021-01-13,1.36616,1.37012,1.36116,1.36314,310647
GBPUSD,2021-01-14,1.36314,1.3711,1.36162,1.36845,351176
GBPUSD,2021-01-15,1.36845,1.36979,1.35723,1.35763,317939
GBPUSD,2021-01-18,1.359,1.35983,1.35196,1.35848,239987
GBPUSD,2021-01-19,1.35848,1.36364,1.35714,1.36224,262851
GBPUSD,2021-01-20,1.36224,1.3719,1.36223,1.36481,288398
GBPUSD,2021-01-21,1.36481,1.37459,1.36454,1.37297,284014
GBPUSD,2021-01-22,1.37297,1.37359,1.36355,1.36724,270482
GBPUSD,2021-01-25,1.36751,1.37237,1.36485,1.36744,293328
GBPUSD,2021-01-26,1.36744,1.37446,1.36093,1.37336,260809
GBPUSD,2021-01-27,1.37336,1.37589,1.36591,1.36785,353173
GBPUSD,2021-01-28,1.36785,1.3746,1.363,1.3717,373256
GBPUSD,2021-01-29,1.3717,1.37513,1.36571,1.36893,404957
GBPUSD,2021-02-01,1.3704,1.37578,1.36562,1.36594,341415
GBPUSD,2021-02-02,1.36594,1.37103,1.36113,1.36665,297446
GBPUSD,2021-02-03,1.36665,1.36833,1.36193,1.36436,258125
GBPUSD,2021-02-04,1.36436,1.3698,1.35661,1.367,290486
GBPUSD,2021-02-05,1.367,1.374,1.36577,1.37276,239334
GBPUSD,2021-02-08,1.3713,1.37494,1.368,1.3739,212585
GBPUSD,2021-02-09,1.3739,1.38201,1.37319,1.3816,225984
GBPUSD,2021-02-10,1.3816,1.3866,1.38025,1.38302,237527
GBPUSD,2021-02-11,1.38302,1.38593,1.38004,1.38153,185423
GBPUSD,2021-02-12,1.38153,1.38623,1.37758,1.3845,184163
GBPUSD,2021-02-15,1.38477,1.39189,1.38477,1.39003,152213
GBPUSD,2021-02-16,1.39003,1.39516,1.38692,1.39023,237899
GBPUSD,2021-02-17,1.39023,1.3908,1.38294,1.38565,259064
GBPUSD,2021-02-18,1.38565,1.39858,1.38397,1.39697,226103
GBPUSD,2021-02-19,1.39697,1.40361,1.39513,1.39989,204432
GBPUSD,2021-02-22,1.40107,1.40865,1.39804,1.40613,233212
GBPUSD,2021-02-23,1.40613,1.41167,1.40541,1.41122,229000
GBPUSD,2021-02-24,1.41122,1.4241,1.40821,1.41384,311578
GBPUSD,2021-02-25,1.41384,1.41819,1.39999,1.40055,759170
GBPUSD,2021-02-26,1.40055,1.4026,1.38879,1.39238,483944
GBPUSD,2021-03-01,1.39288,1.39988,1.39036,1.39255,290042
GBPUSD,2021-03-02,1.39255,1.3977,1.38588,1.39511,304381
GBPUSD,2021-03-03,1.39511,1.40065,1.39208,1.39488,329820
GBPUSD,2021-03-04,1.39488,1.40174,1.38802,1.38939,415947
GBPUSD,2021-03-05,1.38939,1.39066,1.37784,1.38308,411805
GBPUSD,2021-03-08,1.3812,1.38657,1.38001,1.38167,347036
GBPUSD,2021-03-09,1.38167,1.39254,1.38019,1.38869,347814
GBPUSD,2021-03-10,1.38869,1.39379,1.38454,1.39227,311771
GBPUSD,2021-03-11,1.39227,1.39958,1.3913,1.3989,267908
GBPUSD,2021-03-12,1.3989,1.40049,1.38634,1.39108,266313
GBPUSD,2021-03-15,1.39112,1.39496,1.38528,1.38892,246269
GBPUSD,2021-03-16,1.38892,1.39062,1.38087,1.38911,227945
GBPUSD,2021-03-17,1.38911,1.39709,1.38508,1.39593,257408
GBPUSD,2021-03-18,1.39593,1.40014,1.38972,1.39247,313496
GBPUSD,2021-03-19,1.39247,1.39591,1.38302,1.38588,264033
GBPUSD,2021-03-22,1.38338,1.38768,1.38176,1.38625,175527
GBPUSD,2021-03-23,1.38625,1.38644,1.374,1.37445,212063
GBPUSD,2021-03-24,1.37445,1.37573,1.36739,1.36836,195309
GBPUSD,2021-03-25,1.36836,1.37455,1.36701,1.37311,207680
GBPUSD,2021-03-26,1.37311,1.38123,1.37251,1.37814,170459
GBPUSD,2021-03-29,1.379,1.38466,1.37555,1.37573,201182
GBPUSD,2021-03-30,1.37573,1.37833,1.37061,1.37396,200388
GBPUSD,2021-03-31,1.37396,1.38119,1.37165,1.37773,219576
GBPUSD,2021-04-01,1.37773,1.38364,1.37459,1.383,248912
GBPUSD,2021-04-02,1.383,1.38523,1.38079,1.38177,200786
GBPUSD,2021-04-05,1.38203,1.39134,1.38127,1.38949,130418
GBPUSD,2021-04-06,1.38949,1.39188,1.38019,1.38207,219129
GBPUSD,2021-04-07,1.38207,1.38397,1.37242,1.37354,252266
GBPUSD,2021-04-08,1.37354,1.37825,1.37182,1.37328,204108
GBPUSD,2021-04-09,1.37328,1.37506,1.36697,1.37023,177236
GBPUSD,2021-04-12,1.3703,1.37767,1.36686,1.37355,167169
GBPUSD,2021-04-13,1.37355,1.37688,1.36941,1.37498,210331
GBPUSD,2021-04-14,1.37498,1.38086,1.37467,1.37744,186372
GBPUSD,2021-04-15,1.37744,1.38088,1.37614,1.37809,200976
GBPUSD,2021-04-16,1.37809,1.3842,1.3716,1.38325,201666
GBPUSD,2021-04-19,1.38265,1.39929,1.38098,1.39857,224173
GBPUSD,2021-04-20,1.39857,1.4009,1.39261,1.39309,189395
GBPUSD,2021-04-21,1.39309,1.39497,1.38854,1.39243,174308
GBPUSD,2021-04-22,1.39243,1.39495,1.38235,1.38376,198179
GBPUSD,2021-04-23,1.38376,1.38954,1.38318,1.38764,170032
GBPUSD,2021-04-26,1.3869,1.39295,1.38645,1.3896,170572
GBPUSD,2021-04-27,1.3896,1.39241,1.38585,1.39084,161606
GBPUSD,2021-04-28,1.39084,1.39506,1.38607,1.39289,205434
GBPUSD,2021-04-29,1.39289,1.39765,1.39258,1.39395,213749
GBPUSD,2021-04-30,1.39395,1.39582,1.38025,1.38158,222608
GBPUSD,2021-05-03,1.38122,1.39318,1.38009,1.39088,177057
GBPUSD,2021-05-04,1.39088,1.39118,1.38383,1.38832,273131
GBPUSD,2021-05-05,1.38832,1.39263,1.38763,1.3901,191328
GBPUSD,2021-05-06,1.3901,1.39408,1.38566,1.38818,242639
GBPUSD,2021-05-07,1.38818,1.40057,1.38798,1.39857,285628
GBPUSD,2021-05-10,1.4005,1.41583,1.39927,1.41173,303507
GBPUSD,2021-05-11,1.41173,1.41672,1.41038,1.41391,325760
GBPUSD,2021-05-12,1.41391,1.4153,1.40477,1.4051,357369
GBPUSD,2021-05-13,1.4051,1.40781,1.40055,1.4045,350743
GBPUSD,2021-05-14,1.4045,1.41111,1.4036,1.40886,220165
GBPUSD,2021-05-17,1.4094,1.41467,1.40772,1.41262,222401
GBPUSD,2021-05-18,1.41262,1.42203,1.41251,1.41808,220376
GBPUSD,2021-05-19,1.41808,1.42007,1.4099,1.41138,313323
GBPUSD,2021-05-20,1.41138,1.41925,1.4101,1.41888,243581
GBPUSD,2021-05-21,1.41888,1.42341,1.41403,1.41403,262610
GBPUSD,2021-05-24,1.41507,1.41721,1.41113,1.4155,252777
GBPUSD,2021-05-25,1.4155,1.42111,1.41155,1.41453,288862
GBPUSD,2021-05-26,1.41453,1.4176,1.41121,1.41154,220312
GBPUSD,2021-05-27,1.41154,1.42191,1.40916,1.4199,244145
GBPUSD,2021-05-28,1.4199,1.42089,1.41363,1.41804,285546
GBPUSD,2021-05-31,1.41759,1.4218,1.41636,1.42053,160184
GBPUSD,2021-06-01,1.42053,1.42504,1.41456,1.41456,255220
GBPUSD,2021-06-02,1.41456,1.41834,1.41114,1.41682,207751
GBPUSD,2021-06-03,1.41682,1.42029,1.4086,1.41021,231958
GBPUSD,2021-06-04,1.41021,1.42004,1.4083,1.41508,233045
GBPUSD,2021-06-07,1.41446,1.41913,1.4111,1.41761,185815
GBPUSD,2021-06-08,1.41761,1.41846,1.41205,1.41518,189588
GBPUSD,2021-06-09,1.41518,1.41891,1.41099,1.4113,149048
GBPUSD,2021-06-10,1.4113,1.41784,1.4073,1.41763,247919
GBPUSD,2021-06-11,1.41763,1.41853,1.40952,1.41113,181564
GBPUSD,2021-06-14,1.41053,1.4124,1.40699,1.41037,174585
GBPUSD,2021-06-15,1.41037,1.41288,1.40341,1.40806,177846
GBPUSD,2021-06-16,1.40806,1.41328,1.3981,1.39813,263615
GBPUSD,2021-06-17,1.39813,1.40088,1.38957,1.39233,242899
GBPUSD,2021-06-18,1.39233,1.39444,1.37916,1.37981,229740
GBPUSD,2021-06-21,1.37981,1.39371,1.37862,1.39323,265431
GBPUSD,2021-06-22,1.39323,1.39637,1.38602,1.39453,219165
GBPUSD,2021-06-23,1.39453,1.40014,1.39239,1.39585,225695
GBPUSD,2021-06-24,1.39585,1.39864,1.38894,1.39125,228469
GBPUSD,2021-06-25,1.39125,1.39353,1.38703,1.38703,190029
GBPUSD,2021-06-28,1.38703,1.39395,1.387,1.38765,183024
GBPUSD,2021-06-29,1.38765,1.38837,1.3814,1.38293,182658
GBPUSD,2021-06-30,1.38293,1.3873,1.37983,1.38279,218505
GBPUSD,2021-07-01,1.38279,1.38368,1.37524,1.37565,210914
GBPUSD,2021-07-02,1.37565,1.38445,1.37312,1.38247,231717
GBPUSD,2021-07-05,1.38254,1.38619,1.38167,1.38354,134974
GBPUSD,2021-07-06,1.38354,1.38987,1.37727,1.37923,240213
GBPUSD,2021-07-07,1.37923,1.38419,1.37534,1.37983,265318
GBPUSD,2021-07-08,1.37983,1.38052,1.37417,1.37809,281770
GBPUSD,2021-07-09,1.37809,1.39029,1.37552,1.39027,246788
GBPUSD,2021-07-12,1.38919,1.391,1.38387,1.38787,153935
GBPUSD,2021-07-13,1.38787,1.39049,1.38,1.38014,194221
GBPUSD,2021-07-14,1.38014,1.38918,1.38013,1.38603,194863
GBPUSD,2021-07-15,1.38603,1.38989,1.38049,1.38207,215314
GBPUSD,2021-07-16,1.38207,1.3862,1.37555,1.37555,176168
GBPUSD,2021-07-19,1.37717,1.37738,1.36544,1.36733,283237
GBPUSD,2021-07-20,1.36733,1.36894,1.35716,1.36203,286191
GBPUSD,2021-07-21,1.36203,1.37231,1.3591,1.37073,317410
GBPUSD,2021-07-22,1.37073,1.37873,1.36904,1.37673,292998
GBPUSD,2021-07-23,1.37673,1.37801,1.37199,1.37424,226591
GBPUSD,2021-07-26,1.37528,1.38334,1.37368,1.38184,255860
GBPUSD,2021-07-27,1.38184,1.38942,1.37666,1.3873,235025
GBPUSD,2021-07-28,1.3873,1.39115,1.38421,1.38971,211385
GBPUSD,2021-07-29,1.38971,1.39819,1.38961,1.39526,150665
GBPUSD,2021-07-30,1.39526,1.39833,1.3888,1.39043,170709
GBPUSD,2021-08-02,1.39008,1.39325,1.38757,1.3877,171676
GBPUSD,2021-08-03,1.3877,1.39387,1.38735,1.39141,176260
GBPUSD,2021-08-04,1.39141,1.39578,1.38854,1.3888,176715
GBPUSD,2021-08-05,1.3888,1.3949,1.38721,1.39266,185273
GBPUSD,2021-08-06,1.39266,1.3933,1.38613,1.38652,157629
GBPUSD,2021-08-09,1.38694,1.38945,1.38409,1.38466,166423
GBPUSD,2021-08-10,1.38466,1.38726,1.38274,1.38341,122537
GBPUSD,2021-08-11,1.38341,1.38878,1.38025,1.38611,140446
GBPUSD,2021-08-12,1.38611,1.38784,1.37947,1.38052,112151
GBPUSD,2021-08-13,1.38052,1.3875,1.37906,1.38638,87032
GBPUSD,2021-08-16,1.38638,1.38783,1.38277,1.38406,96736
GBPUSD,2021-08-17,1.38406,1.38452,1.37259,1.37339,120376
GBPUSD,2021-08-18,1.37339,1.37862,1.37189,1.37517,95363
GBPUSD,2021-08-19,1.37517,1.3758,1.36296,1.36305,128141
GBPUSD,2021-08-20,1.36305,1.36409,1.36021,1.36202,95726
GBPUSD,2021-08-23,1.36178,1.37322,1.36069,1.37109,92742
GBPUSD,2021-08-24,1.37109,1.37479,1.36935,1.3727,86307
GBPUSD,2021-08-25,1.3727,1.37667,1.36967,1.37625,84215
GBPUSD,2021-08-26,1.37625,1.37679,1.36894,1.3699,97623
GBPUSD,2021-08-27,1.3699,1.37807,1.36796,1.37572,128439
GBPUSD,2021-08-30,1.3751,1.37751,1.37338,1.3757,75071
GBPUSD,2021-08-31,1.3757,1.38077,1.37428,1.3754,140584
GBPUSD,2021-09-01,1.3754,1.37985,1.37311,1.37678,106261
GBPUSD,2021-09-02,1.37678,1.38398,1.37671,1.38306,89211
GBPUSD,2021-09-03,1.38306,1.38916,1.38177,1.38459,115865
GBPUSD,2021-09-06,1.3856,1.38683,1.38184,1.38289,92192
GBPUSD,2021-09-07,1.38289,1.38567,1.37677,1.37823,126559
GBPUSD,2021-09-08,1.37823,1.37904,1.37263,1.37714,154413
GBPUSD,2021-09-09,1.37714,1.38626,1.37532,1.38335,170759
GBPUSD,2021-09-10,1.38335,1.38884,1.38242,1.38242,141785
GBPUSD,2021-09-13,1.38242,1.38511,1.3797,1.38385,153543
GBPUSD,2021-09-14,1.38385,1.39131,1.38023,1.38026,166744
GBPUSD,2021-09-15,1.38026,1.38537,1.37926,1.38355,153211
GBPUSD,2021-09-16,1.38355,1.38526,1.37645,1.37896,155408
GBPUSD,2021-09-17,1.37896,1.38127,1.37214,1.3729,162185
GBPUSD,2021-09-20,1.37368,1.37497,1.36402,1.36526,157782
GBPUSD,2021-09-21,1.36526,1.3693,1.36411,1.36564,188149
GBPUSD,2021-09-22,1.36564,1.36895,1.36093,1.36103,244727
GBPUSD,2021-09-23,1.36103,1.37507,1.36099,1.37194,206470
GBPUSD,2021-09-24,1.37194,1.37363,1.36575,1.36663,158441
GBPUSD,2021-09-27,1.3665,1.37292,1.3658,1.36914,183732
GBPUSD,2021-09-28,1.36914,1.37172,1.35206,1.35338,223799
GBPUSD,2021-09-29,1.35338,1.35548,1.34116,1.34252,206543
GBPUSD,2021-09-30,1.34252,1.35172,1.34153,1.34706,199929
GBPUSD,2021-10-01,1.34706,1.35758,1.34334,1.35433,248910
GBPUSD,2021-10-04,1.35587,1.36403,1.35317,1.36042,211393
GBPUSD,2021-10-05,1.36042,1.36478,1.35844,1.36242,192418
GBPUSD,2021-10-06,1.36242,1.36317,1.35438,1.35799,258872
GBPUSD,2021-10-07,1.35799,1.36385,1.35705,1.36132,185989
GBPUSD,2021-10-08,1.36132,1.3658,1.35834,1.36111,190705
GBPUSD,2021-10-11,1.36159,1.36737,1.35842,1.35934,143977
GBPUSD,2021-10-12,1.35934,1.36374,1.35683,1.35843,185606
GBPUSD,2021-10-13,1.35843,1.36648,1.35757,1.36552,198875
GBPUSD,2021-10-14,1.36552,1.37343,1.36532,1.36709,150532
GBPUSD,2021-10-15,1.36709,1.37732,1.36676,1.37444,160329
GBPUSD,2021-10-18,1.37484,1.37653,1.3709,1.37232,160102
GBPUSD,2021-10-19,1.37232,1.38338,1.37209,1.37917,153279
GBPUSD,2021-10-20,1.37917,1.38344,1.37422,1.38236,148638
GBPUSD,2021-10-21,1.38236,1.38332,1.3776,1.37915,151076
GBPUSD,2021-10-22,1.37915,1.38153,1.3736,1.37506,208718
GBPUSD,2021-10-25,1.37458,1.37921,1.37396,1.37649,194203
GBPUSD,2021-10-26,1.37649,1.38296,1.37566,1.37635,193915
GBPUSD,2021-10-27,1.37635,1.37807,1.37093,1.37398,245596
GBPUSD,2021-10-28,1.37398,1.38149,1.37221,1.37864,273176
GBPUSD,2021-10-29,1.37864,1.38039,1.36681,1.36821,222338
GBPUSD,2021-11-01,1.36816,1.36931,1.36417,1.36544,207343
GBPUSD,2021-11-02,1.36544,1.3669,1.36053,1.36104,193766
GBPUSD,2021-11-03,1.36104,1.3692,1.36072,1.36861,215353
GBPUSD,2021-11-04,1.36861,1.36981,1.3471,1.34975,211017
GBPUSD,2021-11-05,1.34975,1.3509,1.34242,1.34937,193159
GBPUSD,2021-11-08,1.3476,1.35797,1.34499,1.35613,159116
GBPUSD,2021-11-09,1.35613,1.36073,1.35239,1.35556,173518
GBPUSD,2021-11-10,1.35556,1.35651,1.34007,1.34019,245085
GBPUSD,2021-11-11,1.34019,1.3433,1.33585,1.33672,167130
GBPUSD,2021-11-12,1.33672,1.3426,1.33531,1.3412,142173
GBPUSD,2021-11-15,1.34104,1.34495,1.34029,1.34098,157324
GBPUSD,2021-11-16,1.34098,1.34728,1.34048,1.3427,181866
GBPUSD,2021-11-17,1.3427,1.3496,1.33961,1.34837,184077
GBPUSD,2021-11-18,1.34837,1.35134,1.34637,1.34925,160604
GBPUSD,2021-11-19,1.34925,1.35096,1.34071,1.34418,206079
GBPUSD,2021-11-22,1.34472,1.34503,1.33843,1.33962,199407
GBPUSD,2021-11-23,1.33962,1.34093,1.33423,1.33747,201272
GBPUSD,2021-11-24,1.33747,1.33901,1.33157,1.33245,209323
GBPUSD,2021-11-25,1.33245,1.33535,1.33053,1.33181,229511
GBPUSD,2021-11-26,1.33181,1.33657,1.32779,1.33368,272118
GBPUSD,2021-11-29,1.3333,1.33629,1.32874,1.33116,188864
GBPUSD,2021-11-30,1.33116,1.33705,1.31941,1.32964,344354
GBPUSD,2021-12-01,1.32964,1.33521,1.32616,1.32754,249071
GBPUSD,2021-12-02,1.32754,1.33337,1.32662,1.32983,228278
GBPUSD,2021-12-03,1.32983,1.33101,1.32087,1.32315,227412
GBPUSD,2021-12-06,1.32125,1.32864,1.321,1.32624,164931
GBPUSD,2021-12-07,1.32624,1.32892,1.32089,1.32423,173013
GBPUSD,2021-12-08,1.32423,1.32612,1.31601,1.32024,213129
GBPUSD,2021-12-09,1.32024,1.32224,1.31702,1.32192,174888
GBPUSD,2021-12-10,1.32192,1.32758,1.31871,1.32675,170108
GBPUSD,2021-12-13,1.32379,1.32688,1.32073,1.3214,165174
GBPUSD,2021-12-14,1.3214,1.32567,1.31909,1.32249,153644
GBPUSD,2021-12-15,1.32249,1.32825,1.31715,1.32575,234024
GBPUSD,2021-12-16,1.32575,1.33743,1.32411,1.332,257992
GBPUSD,2021-12-17,1.332,1.33393,1.32299,1.32338,226814
GBPUSD,2021-12-20,1.32349,1.32451,1.31732,1.32057,217424
GBPUSD,2021-12-21,1.32057,1.32709,1.3197,1.32584,172642
GBPUSD,2021-12-22,1.32584,1.33634,1.32398,1.33453,163031
GBPUSD,2021-12-23,1.33453,1.34378,1.33387,1.34088,140246
GBPUSD,2021-12-24,1.34088,1.342,1.33806,1.33876,418119
GBPUSD,2021-12-27,1.33885,1.34451,1.3384,1.34397,89700
GBPUSD,2021-12-28,1.34397,1.34617,1.34146,1.34275,90953
GBPUSD,2021-12-29,1.34275,1.34997,1.34084,1.34875,124532
GBPUSD,2021-12-30,1.34875,1.35217,1.34542,1.35004,120343
GBPUSD,2021-12-31,1.35004,1.35505,1.34653,1.35323,125528
GBPUSD,2022-01-03,1.35235,1.35353,1.34305,1.34763,146822
GBPUSD,2022-01-04,1.34763,1.35573,1.34593,1.35261,164379
GBPUSD,2022-01-05,1.35261,1.35987,1.3521,1.3552,188397
GBPUSD,2022-01-06,1.3552,1.3559,1.34901,1.35289,208506
GBPUSD,2022-01-07,1.35289,1.35974,1.35258,1.35847,174914
GBPUSD,2022-01-10,1.35819,1.36034,1.35318,1.35753,201655
GBPUSD,2022-01-11,1.35753,1.36363,1.3561,1.36351,223308
GBPUSD,2022-01-12,1.36351,1.37144,1.36206,1.36976,213764
GBPUSD,2022-01-13,1.36976,1.37488,1.36967,1.37027,219635
GBPUSD,2022-01-14,1.37027,1.37428,1.3653,1.36708,260163
GBPUSD,2022-01-17,1.36701,1.36898,1.36371,1.36434,160261
GBPUSD,2022-01-18,1.36434,1.36615,1.35727,1.35938,290912
GBPUSD,2022-01-19,1.35938,1.36489,1.35855,1.3612,266312
GBPUSD,2022-01-20,1.3612,1.36617,1.35868,1.35983,258013
GBPUSD,2022-01-21,1.35983,1.36022,1.35453,1.35533,296857
GBPUSD,2022-01-24,1.35429,1.35653,1.34403,1.34859,334749
GBPUSD,2022-01-25,1.34859,1.35187,1.34362,1.35015,338590
GBPUSD,2022-01-26,1.35015,1.35245,1.34442,1.34594,344974
GBPUSD,2022-01-27,1.34594,1.34679,1.33577,1.33821,360140
GBPUSD,2022-01-28,1.33821,1.34327,1.33648,1.33869,327859
GBPUSD,2022-01-31,1.33937,1.34605,1.33853,1.34433,292258
GBPUSD,2022-02-01,1.34433,1.35282,1.34339,1.35203,292625
GBPUSD,2022-02-02,1.35203,1.35875,1.35119,1.35757,252471
GBPUSD,2022-02-03,1.35757,1.36277,1.35378,1.35936,366154
GBPUSD,2022-02-04,1.35936,1.36151,1.35046,1.35273,366641
GBPUSD,2022-02-07,1.35426,1.35506,1.34902,1.35353,306910
GBPUSD,2022-02-08,1.35353,1.3564,1.35073,1.35383,237286
GBPUSD,2022-02-09,1.35383,1.35893,1.35265,1.3534,218448
GBPUSD,2022-02-10,1.3534,1.36435,1.35232,1.35538,384925
GBPUSD,2022-02-11,1.35538,1.36095,1.35136,1.35477,480656
GBPUSD,2022-02-14,1.35493,1.3572,1.34949,1.35233,434314
GBPUSD,2022-02-15,1.35233,1.35667,1.34862,1.35317,355994
GBPUSD,2022-02-16,1.35317,1.3601,1.35241,1.35835,336880
GBPUSD,2022-02-17,1.35835,1.36381,1.35553,1.36155,384208
GBPUSD,2022-02-18,1.36155,1.36427,1.35726,1.35805,317558
GBPUSD,2022-02-21,1.3583,1.36385,1.3583,1.35956,288410
GBPUSD,2022-02-22,1.35956,1.36045,1.35382,1.35797,361455
GBPUSD,2022-02-23,1.35797,1.36204,1.35354,1.35413,312559
GBPUSD,2022-02-24,1.35413,1.35494,1.32727,1.33725,579803
GBPUSD,2022-02-25,1.33725,1.34388,1.33659,1.341,402004
GBPUSD,2022-02-28,1.3309,1.34314,1.33079,1.34147,453297
GBPUSD,2022-03-01,1.34147,1.3437,1.32989,1.33185,379874
GBPUSD,2022-03-02,1.33185,1.34072,1.32714,1.34062,429047
GBPUSD,2022-03-03,1.34062,1.34178,1.33174,1.33448,328548
GBPUSD,2022-03-04,1.33448,1.33538,1.32021,1.32268,351849
GBPUSD,2022-03-07,1.32153,1.32376,1.31013,1.31041,493631
GBPUSD,2022-03-08,1.31041,1.31444,1.30816,1.30992,583751
GBPUSD,2022-03-09,1.30992,1.31898,1.3088,1.31757,390442
GBPUSD,2022-03-10,1.31757,1.31947,1.30812,1.30838,397387
GBPUSD,2022-03-11,1.30838,1.31247,1.30271,1.30373,388345
GBPUSD,2022-03-14,1.30332,1.3079,1.30005,1.30013,343561
GBPUSD,2022-03-15,1.30013,1.30887,1.29999,1.30414,380264
GBPUSD,2022-03-16,1.30414,1.31563,1.30257,1.31466,444590
GBPUSD,2022-03-17,1.31466,1.32107,1.30871,1.3148,395300
GBPUSD,2022-03-18,1.3148,1.31969,1.31105,1.31765,273424
GBPUSD,2022-03-21,1.31701,1.32102,1.31266,1.31641,256380
GBPUSD,2022-03-22,1.31641,1.32737,1.312,1.32607,291101
GBPUSD,2022-03-23,1.32607,1.32983,1.31747,1.3203,225352
GBPUSD,2022-03-24,1.3203,1.32139,1.31567,1.3186,286272
GBPUSD,2022-03-25,1.3186,1.32246,1.31586,1.31802,273490
GBPUSD,2022-03-28,1.31755,1.31842,1.30656,1.3081,293636
GBPUSD,2022-03-29,1.3081,1.316,1.30506,1.30896,378960
GBPUSD,2022-03-30,1.30896,1.31825,1.30772,1.31312,380249
GBPUSD,2022-03-31,1.31312,1.31758,1.31053,1.31337,314984
GBPUSD,2022-04-01,1.31337,1.31513,1.30858,1.31129,328990
GBPUSD,2022-04-04,1.3095,1.31366,1.3086,1.31126,213755
GBPUSD,2022-04-05,1.31126,1.31666,1.30663,1.30698,235678
GBPUSD,2022-04-06,1.30698,1.31078,1.30451,1.30672,287880
GBPUSD,2022-04-07,1.30672,1.31065,1.30513,1.30737,257449
GBPUSD,2022-04-08,1.30737,1.30824,1.29817,1.30345,224840
GBPUSD,2022-04-11,1.30325,1.30562,1.29888,1.30289,234487
GBPUSD,2022-04-12,1.30289,1.30537,1.29933,1.30001,340681
GBPUSD,2022-04-13,1.30001,1.3117,1.29719,1.3117,239340
GBPUSD,2022-04-14,1.3117,1.31469,1.30329,1.3065,257381
GBPUSD,2022-04-15,1.3065,1.30764,1.30417,1.30549,347933
GBPUSD,2022-04-18,1.30417,1.3064,1.30044,1.30079,181470
GBPUSD,2022-04-19,1.30079,1.30405,1.29801,1.29945,259730
GBPUSD,2022-04-20,1.29945,1.30708,1.29874,1.30674,271295
GBPUSD,2022-04-21,1.30674,1.30898,1.30221,1.30292,268805
GBPUSD,2022-04-22,1.30292,1.3035,1.28225,1.28321,278651
GBPUSD,2022-04-25,1.28389,1.28431,1.26973,1.27392,279252
GBPUSD,2022-04-26,1.27392,1.27721,1.25711,1.25717,225049
GBPUSD,2022-04-27,1.25717,1.26017,1.25021,1.25402,207292
GBPUSD,2022-04-28,1.25402,1.25698,1.24112,1.24538,272478
GBPUSD,2022-04-29,1.24538,1.26144,1.24445,1.25679,212391
GBPUSD,2022-05-02,1.25778,1.25968,1.24728,1.24901,179487
GBPUSD,2022-05-03,1.24901,1.25673,1.24704,1.24945,197863
GBPUSD,2022-05-04,1.24945,1.26382,1.2451,1.26225,282026
GBPUSD,2022-05-05,1.26225,1.26342,1.2325,1.23581,298718
GBPUSD,2022-05-06,1.23581,1.23802,1.22758,1.23327,361528
GBPUSD,2022-05-09,1.23487,1.24058,1.22605,1.23309,275274
GBPUSD,2022-05-10,1.23309,1.23757,1.22913,1.23115,301235
GBPUSD,2022-05-11,1.23115,1.24001,1.22371,1.22479,341763
GBPUSD,2022-05-12,1.22479,1.22523,1.21643,1.21992,352185
GBPUSD,2022-05-13,1.21992,1.2261,1.21552,1.22602,233422
GBPUSD,2022-05-16,1.22373,1.23294,1.22164,1.23192,237966
GBPUSD,2022-05-17,1.23192,1.24985,1.23152,1.24908,359835
GBPUSD,2022-05-18,1.24908,1.25009,1.23295,1.23379,292693
GBPUSD,2022-05-19,1.23379,1.25246,1.2334,1.24666,427636
GBPUSD,2022-05-20,1.24666,1.24999,1.24367,1.24914,336144
GBPUSD,2022-05-23,1.24785,1.26008,1.24731,1.25876,296904
GBPUSD,2022-05-24,1.25876,1.25986,1.24713,1.25291,325478
GBPUSD,2022-05-25,1.25291,1.25905,1.24813,1.2576,331404
GBPUSD,2022-05-26,1.2576,1.26206,1.25513,1.25976,302866
GBPUSD,2022-05-27,1.25976,1.26669,1.25856,1.26255,261350
GBPUSD,2022-05-30,1.26255,1.26596,1.26122,1.26491,229713
GBPUSD,2022-05-31,1.26491,1.26548,1.25602,1.25994,338173
GBPUSD,2022-06-01,1.25994,1.26166,1.24581,1.24839,289187
GBPUSD,2022-06-02,1.24839,1.25864,1.24691,1.25745,218645
GBPUSD,2022-06-03,1.25745,1.25893,1.24841,1.24887,226326
GBPUSD,2022-06-06,1.24881,1.2577,1.24763,1.25294,248907
GBPUSD,2022-06-07,1.25294,1.25995,1.24305,1.25893,305803
GBPUSD,2022-06-08,1.25893,1.25973,1.25133,1.25319,290023
GBPUSD,2022-06-09,1.25319,1.25583,1.2487,1.24903,363429
GBPUSD,2022-06-10,1.24903,1.25173,1.23009,1.23148,356431
GBPUSD,2022-06-13,1.2315,1.23212,1.21067,1.21309,459845
GBPUSD,2022-06-14,1.21309,1.22086,1.19334,1.19958,487294
GBPUSD,2022-06-15,1.19958,1.22042,1.19889,1.21757,624409
GBPUSD,2022-06-16,1.21757,1.24059,1.20406,1.23513,1146998
GBPUSD,2022-06-17,1.23513,1.23602,1.21726,1.22181,504311
GBPUSD,2022-06-20,1.22181,1.22799,1.21987,1.22463,335774
GBPUSD,2022-06-21,1.22463,1.2324,1.22396,1.22756,350533
GBPUSD,2022-06-22,1.22756,1.23145,1.21605,1.22606,414800
GBPUSD,2022-06-23,1.22606,1.22946,1.21699,1.22584,448668
GBPUSD,2022-06-24,1.22584,1.23208,1.22403,1.22724,372851
GBPUSD,2022-06-27,1.22724,1.2332,1.22381,1.22648,368041
GBPUSD,2022-06-28,1.22648,1.22914,1.21807,1.2182,394298
GBPUSD,2022-06-29,1.2182,1.22127,1.21055,1.21168,435700
GBPUSD,2022-06-30,1.21168,1.21882,1.20916,1.21754,436169
GBPUSD,2022-07-01,1.21754,1.21784,1.19757,1.20931,433084
GBPUSD,2022-07-04,1.21043,1.21651,1.20841,1.21039,293851
GBPUSD,2022-07-05,1.21039,1.21248,1.18982,1.19419,453585
GBPUSD,2022-07-06,1.19419,1.19894,1.18756,1.19219,526379
GBPUSD,2022-07-07,1.19219,1.20292,1.19086,1.202,477351
GBPUSD,2022-07-08,1.202,1.20561,1.19196,1.20274,439841
GBPUSD,2022-07-11,1.20274,1.20365,1.18666,1.18873,392208
GBPUSD,2022-07-12,1.18873,1.19157,1.18073,1.18841,469745
GBPUSD,2022-07-13,1.18841,1.19668,1.1827,1.18893,550723
GBPUSD,2022-07-14,1.18893,1.18925,1.17597,1.18228,592509
GBPUSD,2022-07-15,1.18228,1.18745,1.18038,1.18665,450871
GBPUSD,2022-07-18,1.18683,1.20336,1.18627,1.19483,361057
GBPUSD,2022-07-19,1.19483,1.20455,1.19252,1.19931,372937
GBPUSD,2022-07-20,1.19931,1.20378,1.19535,1.19649,406057
GBPUSD,2022-07-21,1.19649,1.20036,1.18898,1.19842,486669
GBPUSD,2022-07-22,1.19842,1.20636,1.19157,1.20037,513511
GBPUSD,2022-07-25,1.20238,1.20861,1.19606,1.2039,378582
GBPUSD,2022-07-26,1.2039,1.20903,1.19636,1.20272,353994
GBPUSD,2022-07-27,1.20272,1.21857,1.20162,1.21546,414688
GBPUSD,2022-07-28,1.21546,1.21912,1.21029,1.21765,458021
GBPUSD,2022-07-29,1.21765,1.22453,1.20627,1.21705,463544
GBPUSD,2022-08-01,1.21705,1.22932,1.21566,1.22468,363600
GBPUSD,2022-08-02,1.22468,1.22792,1.21574,1.21631,485987
GBPUSD,2022-08-03,1.21631,1.22074,1.21001,1.21436,450040
GBPUSD,2022-08-04,1.21436,1.22148,1.20645,1.21571,391363
GBPUSD,2022-08-05,1.21571,1.21691,1.20029,1.20673,390420
GBPUSD,2022-08-08,1.20665,1.21378,1.20473,1.20762,282060
GBPUSD,2022-08-09,1.20762,1.21298,1.2063,1.20744,279522
GBPUSD,2022-08-10,1.20744,1.22766,1.20648,1.22101,353872
GBPUSD,2022-08-11,1.22101,1.22492,1.21818,1.21985,396511
GBPUSD,2022-08-12,1.21985,1.22153,1.20991,1.21319,340017
GBPUSD,2022-08-15,1.21319,1.21482,1.205,1.20533,293146
GBPUSD,2022-08-16,1.20533,1.21177,1.20074,1.20926,313893
GBPUSD,2022-08-17,1.20926,1.21424,1.20274,1.20463,364200
GBPUSD,2022-08-18,1.20463,1.20797,1.19229,1.19265,349149
GBPUSD,2022-08-19,1.19265,1.19359,1.17914,1.18242,331659
GBPUSD,2022-08-22,1.18242,1.18364,1.17419,1.17665,310662
GBPUSD,2022-08-23,1.17665,1.18781,1.17169,1.1829,374849
GBPUSD,2022-08-24,1.1829,1.1838,1.17552,1.17955,357074
GBPUSD,2022-08-25,1.17955,1.18641,1.17835,1.18288,364972
GBPUSD,2022-08-26,1.18288,1.19008,1.17308,1.17353,390439
GBPUSD,2022-08-29,1.173,1.17439,1.16483,1.17073,354919
GBPUSD,2022-08-30,1.17073,1.17604,1.1621,1.16547,446808
GBPUSD,2022-08-31,1.16547,1.16937,1.15986,1.16214,451205
GBPUSD,2022-09-01,1.16214,1.16222,1.14983,1.15447,449382
GBPUSD,2022-09-02,1.15447,1.15886,1.14955,1.15069,433043
GBPUSD,2022-09-05,1.14709,1.1522,1.14434,1.15179,333086
GBPUSD,2022-09-06,1.15179,1.16089,1.14932,1.15165,474952
GBPUSD,2022-09-07,1.15165,1.15398,1.14046,1.15312,440440
GBPUSD,2022-09-08,1.15312,1.15605,1.14601,1.1502,520626
GBPUSD,2022-09-09,1.1502,1.1648,1.14978,1.15854,429219
GBPUSD,2022-09-12,1.16403,1.17104,1.16004,1.1679,400941
GBPUSD,2022-09-13,1.1679,1.17381,1.1489,1.14899,427744
GBPUSD,2022-09-14,1.14899,1.15898,1.14798,1.15363,492025
GBPUSD,2022-09-15,1.15363,1.15492,1.14612,1.14656,378377
GBPUSD,2022-09-16,1.14656,1.14805,1.135,1.14163,430130
GBPUSD,2022-09-19,1.14097,1.1442,1.13551,1.14295,286014
GBPUSD,2022-09-20,1.14295,1.14606,1.13572,1.13802,431339
GBPUSD,2022-09-21,1.13802,1.13848,1.12346,1.12655,555701
GBPUSD,2022-09-22,1.12655,1.13645,1.12113,1.12524,632656
GBPUSD,2022-09-23,1.12524,1.12736,1.08341,1.08504,581869
GBPUSD,2022-09-26,1.07927,1.0931,1.03565,1.06858,984424
GBPUSD,2022-09-27,1.06858,1.08372,1.06466,1.07322,710934
GBPUSD,2022-09-28,1.07322,1.0916,1.05381,1.08879,953395
GBPUSD,2022-09-29,1.08879,1.11191,1.07616,1.11166,790475
GBPUSD,2022-09-30,1.11166,1.12345,1.10246,1.11556,804144
GBPUSD,2022-10-03,1.11601,1.13345,1.10855,1.13202,625858
GBPUSD,2022-10-04,1.13202,1.14901,1.12798,1.14718,695203
GBPUSD,2022-10-05,1.14718,1.14952,1.12264,1.13253,668799
GBPUSD,2022-10-06,1.13253,1.13833,1.11123,1.11606,763239
GBPUSD,2022-10-07,1.11606,1.12251,1.1055,1.10916,689204
GBPUSD,2022-10-10,1.10811,1.11108,1.1019,1.10535,640338
GBPUSD,2022-10-11,1.10535,1.11793,1.09522,1.09626,752147
GBPUSD,2022-10-12,1.09626,1.11338,1.09232,1.10953,732353
GBPUSD,2022-10-13,1.10953,1.138,1.10571,1.13151,762450
GBPUSD,2022-10-14,1.13151,1.1366,1.11519,1.1177,779335
GBPUSD,2022-10-17,1.1234,1.14398,1.1208,1.13484,622698
GBPUSD,2022-10-18,1.13484,1.14109,1.12551,1.13171,709025
GBPUSD,2022-10-19,1.13171,1.13579,1.11846,1.12157,672761
GBPUSD,2022-10-20,1.12157,1.13365,1.11711,1.12318,826409
GBPUSD,2022-10-21,1.12318,1.13146,1.10599,1.1295,938087
GBPUSD,2022-10-24,1.13899,1.14072,1.12577,1.1276,829584
GBPUSD,2022-10-25,1.1276,1.14989,1.12691,1.1467,617295
GBPUSD,2022-10-26,1.1467,1.16386,1.14302,1.16156,756407
GBPUSD,2022-10-27,1.16156,1.16454,1.15483,1.156,814509
GBPUSD,2022-10-28,1.156,1.16237,1.15034,1.16137,721006
GBPUSD,2022-10-31,1.1562,1.16132,1.14592,1.14597,533243
GBPUSD,2022-11-01,1.14597,1.15661,1.14368,1.14806,660360
GBPUSD,2022-11-02,1.14806,1.1565,1.13861,1.13894,729868
GBPUSD,2022-11-03,1.13894,1.1422,1.11512,1.11573,648298
GBPUSD,2022-11-04,1.11573,1.13817,1.11422,1.13728,743619
GBPUSD,2022-11-07,1.13008,1.15415,1.12901,1.15099,627200
GBPUSD,2022-11-08,1.15099,1.15991,1.14292,1.15395,585844
GBPUSD,2022-11-09,1.15395,1.15669,1.13338,1.13552,818667
GBPUSD,2022-11-10,1.13552,1.17312,1.13458,1.17147,847498
GBPUSD,2022-11-11,1.17147,1.18548,1.16469,1.18313,729611
GBPUSD,2022-11-14,1.17918,1.18289,1.17093,1.17536,700839
GBPUSD,2022-11-15,1.17536,1.20289,1.17402,1.18623,812975
GBPUSD,2022-11-16,1.18623,1.19417,1.18307,1.19128,691049
GBPUSD,2022-11-17,1.19128,1.19578,1.17626,1.18613,710519
GBPUSD,2022-11-18,1.18613,1.19508,1.18572,1.18871,625682
GBPUSD,2022-11-21,1.1892,1.18968,1.17782,1.18214,544417
GBPUSD,2022-11-22,1.18214,1.19029,1.18103,1.18836,523637
GBPUSD,2022-11-23,1.18836,1.20806,1.18724,1.20543,596410
GBPUSD,2022-11-24,1.20543,1.21534,1.20459,1.21116,477459
GBPUSD,2022-11-25,1.21116,1.21276,1.20579,1.20864,603855
GBPUSD,2022-11-28,1.20576,1.21179,1.19402,1.19598,613006
GBPUSD,2022-11-29,1.19598,1.20642,1.1945,1.19512,672944
GBPUSD,2022-11-30,1.19512,1.20869,1.19002,1.20553,746783
GBPUSD,2022-12-01,1.20553,1.2311,1.20479,1.2254,702637
GBPUSD,2022-12-02,1.2254,1.22995,1.21335,1.22878,674497
GBPUSD,2022-12-05,1.22878,1.23442,1.21618,1.21871,574606
GBPUSD,2022-12-06,1.21871,1.22692,1.21269,1.21304,602830
GBPUSD,2022-12-07,1.21304,1.22344,1.21062,1.22081,642171
GBPUSD,2022-12-08,1.22081,1.22474,1.21546,1.22357,517849
GBPUSD,2022-12-09,1.22357,1.23225,1.22002,1.22651,580738
GBPUSD,2022-12-12,1.2253,1.22988,1.22057,1.22641,460752
GBPUSD,2022-12-13,1.22641,1.24439,1.22481,1.23645,703266
GBPUSD,2022-12-14,1.23645,1.24465,1.23419,1.24253,714565
GBPUSD,2022-12-15,1.24253,1.24277,1.21563,1.2178,695375
GBPUSD,2022-12-16,1.2178,1.2223,1.21194,1.21408,666368
GBPUSD,2022-12-19,1.21507,1.22419,1.21202,1.21452,554450
GBPUSD,2022-12-20,1.21452,1.22237,1.20848,1.2183,750531
GBPUSD,2022-12-21,1.2183,1.21919,1.20551,1.20826,541934
GBPUSD,2022-12-22,1.20826,1.21474,1.19917,1.20295,573724
GBPUSD,2022-12-23,1.20295,1.20903,1.20177,1.2046,520781
GBPUSD,2022-12-26,1.2046,1.20748,1.2046,1.20533,26386
GBPUSD,2022-12-27,1.20533,1.21123,1.20022,1.20137,387255
GBPUSD,2022-12-28,1.20137,1.2126,1.20017,1.20155,468144
GBPUSD,2022-12-29,1.20155,1.20784,1.20058,1.2053,445717
GBPUSD,2022-12-30,1.2053,1.21067,1.20092,1.20857,525331
GBPUSD,2023-01-02,1.20857,1.20857,1.20331,1.20439,110636
GBPUSD,2023-01-03,1.20439,1.20851,1.18997,1.19665,581839
GBPUSD,2023-01-04,1.19665,1.20875,1.19569,1.2053,556748
GBPUSD,2023-01-05,1.2053,1.20785,1.1873,1.19023,535185
GBPUSD,2023-01-06,1.19023,1.20994,1.1841,1.20861,575207
GBPUSD,2023-01-09,1.20812,1.22099,1.20794,1.21831,563213
GBPUSD,2023-01-10,1.21831,1.21979,1.21097,1.21505,650370
GBPUSD,2023-01-11,1.21505,1.21783,1.21004,1.21447,544859
GBPUSD,2023-01-12,1.21447,1.22469,1.20843,1.22061,735891
GBPUSD,2023-01-13,1.22061,1.22489,1.215,1.2227,533961
GBPUSD,2023-01-16,1.22147,1.22889,1.21708,1.21899,388650
GBPUSD,2023-01-17,1.21899,1.23006,1.21689,1.22845,589576
GBPUSD,2023-01-18,1.22845,1.24357,1.22537,1.23426,694064
GBPUSD,2023-01-19,1.23426,1.23973,1.23127,1.23875,577889
GBPUSD,2023-01-20,1.23875,1.24043,1.23352,1.23962,476929
GBPUSD,2023-01-23,1.23972,1.24478,1.23234,1.23734,368875
GBPUSD,2023-01-24,1.23734,1.24134,1.2263,1.23343,368898
GBPUSD,2023-01-25,1.23343,1.24041,1.22825,1.23977,381620
GBPUSD,2023-01-26,1.23977,1.24303,1.2344,1.2406,386687
GBPUSD,2023-01-27,1.2406,1.24188,1.23445,1.2388,328862
GBPUSD,2023-01-30,1.23901,1.24172,1.23364,1.23509,485850
GBPUSD,2023-01-31,1.23509,1.23709,1.22843,1.23181,477995
GBPUSD,2023-02-01,1.23181,1.23946,1.22715,1.23728,552741
GBPUSD,2023-02-02,1.23728,1.24012,1.2222,1.22238,676517
GBPUSD,2023-02-03,1.22238,1.22657,1.20427,1.20508,629713
GBPUSD,2023-02-06,1.20293,1.20774,1.20053,1.20175,504318
GBPUSD,2023-02-07,1.20175,1.20953,1.19609,1.20468,631534
GBPUSD,2023-02-08,1.20468,1.21096,1.203,1.20695,480168
GBPUSD,2023-02-09,1.20695,1.21938,1.20565,1.21212,492873
GBPUSD,2023-02-10,1.21212,1.21391,1.20469,1.20476,552884
GBPUSD,2023-02-13,1.20574,1.21519,1.20306,1.21353,406251
GBPUSD,2023-02-14,1.21353,1.22699,1.21167,1.217,686863
GBPUSD,2023-02-15,1.217,1.21813,1.19894,1.2023,542771
GBPUSD,2023-02-16,1.2023,1.20742,1.19656,1.19913,549974
GBPUSD,2023-02-17,1.19913,1.20492,1.19148,1.20392,490709
GBPUSD,2023-02-20,1.20232,1.20568,1.20142,1.20347,360031
GBPUSD,2023-02-21,1.20347,1.21477,1.19858,1.21119,546806
GBPUSD,2023-02-22,1.21119,1.21354,1.20342,1.20455,511090
GBPUSD,2023-02-23,1.20455,1.20749,1.19919,1.20108,469981
GBPUSD,2023-02-24,1.20108,1.20417,1.19273,1.19388,524319
GBPUSD,2023-02-27,1.195,1.20661,1.19221,1.20625,447450
GBPUSD,2023-02-28,1.20625,1.21434,1.20167,1.20189,451273
GBPUSD,2023-03-01,1.20189,1.20887,1.19647,1.20281,537404
GBPUSD,2023-03-02,1.20281,1.20367,1.19245,1.19432,474602
GBPUSD,2023-03-03,1.19432,1.20486,1.19389,1.20429,425520
GBPUSD,2023-03-06,1.20217,1.20486,1.19925,1.20177,385735
GBPUSD,2023-03-07,1.20177,1.20652,1.18212,1.1824,515028
GBPUSD,2023-03-08,1.1824,1.18589,1.18021,1.18433,443420
GBPUSD,2023-03-09,1.18433,1.19389,1.18285,1.19198,410069
GBPUSD,2023-03-10,1.19198,1.21132,1.1907,1.20299,663858
GBPUSD,2023-03-13,1.20792,1.21997,1.20459,1.2182,866867
GBPUSD,2023-03-14,1.2182,1.22036,1.21351,1.21547,682325
GBPUSD,2023-03-15,1.21547,1.21815,1.20101,1.20562,743982
GBPUSD,2023-03-16,1.20562,1.21277,1.20266,1.21086,615705
GBPUSD,2023-03-17,1.21086,1.22006,1.20908,1.21727,449278
GBPUSD,2023-03-20,1.2202,1.22853,1.21665,1.22776,489962
GBPUSD,2023-03-21,1.22776,1.22827,1.21787,1.22161,318989
GBPUSD,2023-03-22,1.22161,1.23351,1.22059,1.22621,418125
GBPUSD,2023-03-23,1.22621,1.23433,1.22596,1.22857,428574
GBPUSD,2023-03-24,1.22857,1.2292,1.21899,1.22288,411751
GBPUSD,2023-03-27,1.22197,1.22931,1.22186,1.22863,354389
GBPUSD,2023-03-28,1.22863,1.2349,1.22784,1.23413,310419
GBPUSD,2023-03-29,1.23413,1.23615,1.23023,1.23116,359980
GBPUSD,2023-03-30,1.23116,1.23928,1.22933,1.23848,341558
GBPUSD,2023-03-31,1.23848,1.24232,1.23243,1.23291,337363
GBPUSD,2023-04-03,1.2325,1.24236,1.22741,1.241,369040
GBPUSD,2023-04-04,1.241,1.25252,1.23948,1.25,351405
GBPUSD,2023-04-05,1.25,1.25144,1.24322,1.24613,327083
GBPUSD,2023-04-06,1.24613,1.24868,1.24124,1.24385,266863
GBPUSD,2023-04-07,1.24385,1.24557,1.23887,1.24111,200767
GBPUSD,2023-04-10,1.24111,1.24426,1.23443,1.2382,238646
GBPUSD,2023-04-11,1.2382,1.24563,1.23783,1.2424,304257
GBPUSD,2023-04-12,1.2424,1.24952,1.23984,1.24847,341244
GBPUSD,2023-04-13,1.24847,1.25374,1.24774,1.25225,327900
GBPUSD,2023-04-14,1.25225,1.25465,1.23988,1.24124,356650
GBPUSD,2023-04-17,1.24029,1.24382,1.23532,1.23764,315792
GBPUSD,2023-04-18,1.23764,1.24498,1.2366,1.24242,285384
GBPUSD,2023-04-19,1.24242,1.24745,1.23921,1.2439,297135
GBPUSD,2023-04-20,1.2439,1.24677,1.24045,1.2443,287791
GBPUSD,2023-04-21,1.2443,1.24483,1.23671,1.24416,306628
GBPUSD,2023-04-24,1.24332,1.24862,1.24107,1.24849,274667
GBPUSD,2023-04-25,1.24849,1.25072,1.23866,1.2406,304213
GBPUSD,2023-04-26,1.2406,1.25152,1.24027,1.24677,362955
GBPUSD,2023-04-27,1.24677,1.24997,1.2436,1.24957,362794
GBPUSD,2023-04-28,1.24957,1.25837,1.24463,1.25647,410341
GBPUSD,2023-05-01,1.25554,1.25692,1.24803,1.24951,285253
GBPUSD,2023-05-02,1.24951,1.25122,1.24356,1.24665,385648
GBPUSD,2023-05-03,1.24665,1.259,1.24596,1.25635,380516
GBPUSD,2023-05-04,1.25635,1.25987,1.25463,1.25731,449198
GBPUSD,2023-05-05,1.25731,1.26525,1.25575,1.26304,332435
GBPUSD,2023-05-08,1.26294,1.26686,1.26129,1.26173,242534
GBPUSD,2023-05-09,1.26173,1.26396,1.25778,1.26197,333440
GBPUSD,2023-05-10,1.26197,1.26798,1.26022,1.2625,330880
GBPUSD,2023-05-11,1.2625,1.26408,1.24965,1.25097,378539
GBPUSD,2023-05-12,1.25097,1.25409,1.24446,1.24469,296429
GBPUSD,2023-05-15,1.24501,1.25347,1.24428,1.25279,257918
GBPUSD,2023-05-16,1.25279,1.25465,1.2465,1.24865,300621
GBPUSD,2023-05-17,1.24865,1.25105,1.24215,1.24863,303077
GBPUSD,2023-05-18,1.24863,1.24929,1.23916,1.24081,316229
GBPUSD,2023-05-19,1.24081,1.24839,1.2392,1.24388,360211
GBPUSD,2023-05-22,1.24427,1.24721,1.24135,1.24364,338523
GBPUSD,2023-05-23,1.24364,1.24465,1.23725,1.24112,362110
GBPUSD,2023-05-24,1.24112,1.24695,1.23573,1.23644,383078
GBPUSD,2023-05-25,1.23644,1.2387,1.23081,1.23212,343938
GBPUSD,2023-05-26,1.23212,1.23952,1.23109,1.23431,351245
GBPUSD,2023-05-29,1.2335,1.23721,1.23341,1.23525,149525
GBPUSD,2023-05-30,1.23525,1.24466,1.23267,1.24128,340898
GBPUSD,2023-05-31,1.24128,1.2444,1.23478,1.24378,375744
GBPUSD,2023-06-01,1.24378,1.25397,1.24005,1.25235,352202
GBPUSD,2023-06-02,1.25235,1.25446,1.24415,1.24471,325343
GBPUSD,2023-06-05,1.24471,1.24496,1.23682,1.24362,304701
GBPUSD,2023-06-06,1.24362,1.24586,1.23915,1.24239,282305
GBPUSD,2023-06-07,1.24239,1.24998,1.2395,1.24374,299638
GBPUSD,2023-06-08,1.24374,1.2561,1.24295,1.25593,301738
GBPUSD,2023-06-09,1.25593,1.25902,1.25337,1.25787,270862
GBPUSD,2023-06-12,1.25787,1.25991,1.24868,1.25053,254221
GBPUSD,2023-06-13,1.25053,1.26248,1.24997,1.26114,351006
GBPUSD,2023-06-14,1.26114,1.26989,1.26007,1.26615,352355
GBPUSD,2023-06-15,1.26615,1.27855,1.26293,1.27824,311648
GBPUSD,2023-06-16,1.27824,1.28484,1.2768,1.28175,311741
GBPUSD,2023-06-19,1.28175,1.2837,1.27701,1.27892,213898
GBPUSD,2023-06-20,1.27892,1.28067,1.27133,1.27642,350469
GBPUSD,2023-06-21,1.27642,1.28023,1.2691,1.27688,416023
GBPUSD,2023-06-22,1.27688,1.28412,1.27257,1.27473,402470
GBPUSD,2023-06-23,1.27473,1.27498,1.26851,1.27147,389464
GBPUSD,2023-06-26,1.2703,1.27484,1.2688,1.27101,334695
GBPUSD,2023-06-27,1.27101,1.27594,1.27029,1.27483,348219
GBPUSD,2023-06-28,1.27483,1.27519,1.26065,1.2635,357736
GBPUSD,2023-06-29,1.2635,1.26667,1.25907,1.26118,320509
GBPUSD,2023-06-30,1.26118,1.27279,1.2599,1.2693,328352
GBPUSD,2023-07-03,1.26844,1.27229,1.26584,1.26914,277032
GBPUSD,2023-07-04,1.26914,1.27392,1.26809,1.27104,193218
GBPUSD,2023-07-05,1.27104,1.27352,1.2688,1.27041,277826
GBPUSD,2023-07-06,1.27041,1.2781,1.26733,1.27394,372124
GBPUSD,2023-07-07,1.27394,1.28492,1.27256,1.28375,327741
GBPUSD,2023-07-10,1.28295,1.28683,1.275,1.28607,276545
GBPUSD,2023-07-11,1.28607,1.29346,1.28536,1.29316,277994
GBPUSD,2023-07-12,1.29316,1.30006,1.29038,1.2987,333504
GBPUSD,2023-07-13,1.2987,1.31408,1.29795,1.3135,329648
GBPUSD,2023-07-14,1.3135,1.31424,1.3089,1.30918,321942
GBPUSD,2023-07-17,1.3087,1.31088,1.30508,1.30727,269420
GBPUSD,2023-07-18,1.30727,1.31258,1.3028,1.30355,345623
GBPUSD,2023-07-19,1.30355,1.3041,1.28672,1.29391,355165
GBPUSD,2023-07-20,1.29391,1.29645,1.28395,1.2867,290409
GBPUSD,2023-07-21,1.2867,1.29041,1.28157,1.28519,286333
GBPUSD,2023-07-24,1.28482,1.28837,1.27976,1.28214,324879
GBPUSD,2023-07-25,1.28214,1.29047,1.28092,1.29015,283736
GBPUSD,2023-07-26,1.29015,1.296,1.28753,1.29408,340385
GBPUSD,2023-07-27,1.29408,1.29956,1.27818,1.2796,394240
GBPUSD,2023-07-28,1.2796,1.28881,1.27628,1.28469,382077
GBPUSD,2023-07-31,1.28338,1.28725,1.28282,1.28344,290111
GBPUSD,2023-08-01,1.28344,1.28412,1.27412,1.27758,289458
GBPUSD,2023-08-02,1.27758,1.2805,1.26799,1.27105,336971
GBPUSD,2023-08-03,1.27105,1.27281,1.26201,1.27082,347589
GBPUSD,2023-08-04,1.27082,1.27921,1.2685,1.2737,324083
GBPUSD,2023-08-07,1.2737,1.27889,1.27128,1.27834,256232
GBPUSD,2023-08-08,1.27834,1.27854,1.2684,1.27475,291468
GBPUSD,2023-08-09,1.27475,1.2782,1.27119,1.27186,281609
GBPUSD,2023-08-10,1.27186,1.28189,1.26693,1.26755,351451
GBPUSD,2023-08-11,1.26755,1.27384,1.2666,1.2692,306744
GBPUSD,2023-08-14,1.26885,1.27147,1.26163,1.26798,319767
GBPUSD,2023-08-15,1.26798,1.27522,1.26726,1.27001,377001
GBPUSD,2023-08-16,1.27001,1.27661,1.26871,1.2731,338412
GBPUSD,2023-08-17,1.2731,1.27874,1.27024,1.27462,350976
GBPUSD,2023-08-18,1.27462,1.2766,1.26891,1.27317,319025
GBPUSD,2023-08-21,1.2726,1.2767,1.27103,1.27557,273037
GBPUSD,2023-08-22,1.27557,1.28003,1.27185,1.27316,282909
GBPUSD,2023-08-23,1.27316,1.27646,1.26144,1.27221,328786
GBPUSD,2023-08-24,1.27221,1.27286,1.25908,1.25989,282871
GBPUSD,2023-08-25,1.25989,1.26544,1.25479,1.25766,330328
GBPUSD,2023-08-28,1.2587,1.26109,1.25653,1.2601,231454
GBPUSD,2023-08-29,1.2601,1.26548,1.25626,1.26433,309693
GBPUSD,2023-08-30,1.26433,1.27462,1.26186,1.27205,293431
GBPUSD,2023-08-31,1.27205,1.27342,1.26523,1.26724,300963
GBPUSD,2023-09-01,1.26724,1.27127,1.25773,1.25857,302304
GBPUSD,2023-09-04,1.2586,1.26425,1.25841,1.26206,166853
GBPUSD,2023-09-05,1.26206,1.26317,1.25279,1.25639,296180
GBPUSD,2023-09-06,1.25639,1.25879,1.24814,1.25075,283893
GBPUSD,2023-09-07,1.25075,1.25082,1.24454,1.2472,256890
GBPUSD,2023-09-08,1.2472,1.25142,1.2451,1.24641,244454
GBPUSD,2023-09-11,1.24898,1.2548,1.24631,1.25089,247789
GBPUSD,2023-09-12,1.25089,1.25295,1.24592,1.24879,232933
GBPUSD,2023-09-13,1.24879,1.25117,1.24331,1.24898,307361
GBPUSD,2023-09-14,1.24898,1.25062,1.23963,1.24081,309533
GBPUSD,2023-09-15,1.24081,1.24459,1.23785,1.23808,256289
GBPUSD,2023-09-18,1.23814,1.24104,1.237,1.2382,218246
GBPUSD,2023-09-19,1.2382,1.24248,1.23699,1.23916,231216
GBPUSD,2023-09-20,1.23916,1.24214,1.23317,1.23433,316171
GBPUSD,2023-09-21,1.23433,1.23462,1.22369,1.22941,305463
GBPUSD,2023-09-22,1.22941,1.22951,1.22304,1.22348,279698
GBPUSD,2023-09-25,1.22348,1.225,1.21936,1.22112,280165
GBPUSD,2023-09-26,1.22112,1.22156,1.21521,1.21576,283174
GBPUSD,2023-09-27,1.21576,1.21641,1.21102,1.21345,298044
GBPUSD,2023-09-28,1.21345,1.22246,1.21197,1.21975,317888
GBPUSD,2023-09-29,1.21975,1.22716,1.218,1.2202,329193
GBPUSD,2023-10-02,1.21927,1.22198,1.20861,1.20865,298829
GBPUSD,2023-10-03,1.20865,1.21017,1.20521,1.20763,343348
GBPUSD,2023-10-04,1.20763,1.21767,1.20371,1.21333,311928
GBPUSD,2023-10-05,1.21333,1.21958,1.21077,1.2191,310280
GBPUSD,2023-10-06,1.2191,1.22611,1.21054,1.22356,367337
GBPUSD,2023-10-09,1.22003,1.22439,1.21628,1.22373,276302
GBPUSD,2023-10-10,1.22373,1.22916,1.22116,1.22857,329368
GBPUSD,2023-10-11,1.22857,1.23374,1.2268,1.23129,329208
GBPUSD,2023-10-12,1.23129,1.23316,1.21713,1.21741,311229
GBPUSD,2023-10-13,1.21741,1.22253,1.21223,1.21418,298871
GBPUSD,2023-10-16,1.21285,1.22194,1.21285,1.22115,265699
GBPUSD,2023-10-17,1.22115,1.22163,1.21327,1.21827,289629
GBPUSD,2023-10-18,1.21827,1.22111,1.21368,1.214,291972
GBPUSD,2023-10-19,1.214,1.21917,1.20899,1.21429,349194
GBPUSD,2023-10-20,1.21429,1.21703,1.2093,1.21632,283651
GBPUSD,2023-10-23,1.21552,1.22586,1.21431,1.22484,264613
GBPUSD,2023-10-24,1.22484,1.22886,1.21531,1.21591,285023
GBPUSD,2023-10-25,1.21591,1.21758,1.21062,1.21106,261718
GBPUSD,2023-10-26,1.21106,1.21398,1.20693,1.21275,289354
GBPUSD,2023-10-27,1.21275,1.21628,1.21047,1.21174,266777
GBPUSD,2023-10-30,1.21269,1.21748,1.20899,1.21689,238744
GBPUSD,2023-10-31,1.21689,1.22007,1.21196,1.21524,265076
GBPUSD,2023-11-01,1.21524,1.21643,1.20956,1.21512,341533
GBPUSD,2023-11-02,1.21512,1.22255,1.21335,1.22029,268434
GBPUSD,2023-11-03,1.22029,1.23896,1.21843,1.23775,293506
GBPUSD,2023-11-06,1.23623,1.24283,1.2338,1.23433,212514
GBPUSD,2023-11-07,1.23433,1.2347,1.22622,1.22996,224906
GBPUSD,2023-11-08,1.22996,1.23013,1.22417,1.22839,233914
GBPUSD,2023-11-09,1.22839,1.23086,1.22125,1.22226,280393
GBPUSD,2023-11-10,1.22226,1.22378,1.2187,1.22255,241923
GBPUSD,2023-11-13,1.22255,1.22803,1.22092,1.22788,201551
GBPUSD,2023-11-14,1.22788,1.25058,1.22615,1.24983,274526
GBPUSD,2023-11-15,1.24983,1.24994,1.24037,1.24157,274824
GBPUSD,2023-11-16,1.24157,1.24556,1.23761,1.24139,242868
GBPUSD,2023-11-17,1.24139,1.24648,1.23738,1.24531,246741
GBPUSD,2023-11-20,1.2448,1.25175,1.24461,1.25041,235683
GBPUSD,2023-11-21,1.25041,1.25591,1.24954,1.25378,254661
GBPUSD,2023-11-22,1.25378,1.25494,1.24489,1.24937,250248
GBPUSD,2023-11-23,1.24937,1.25697,1.24831,1.25321,152000
GBPUSD,2023-11-24,1.25321,1.26153,1.25245,1.25946,192756
GBPUSD,2023-11-27,1.25983,1.26441,1.25909,1.26265,214883
GBPUSD,2023-11-28,1.26265,1.2715,1.26065,1.26933,255966
GBPUSD,2023-11-29,1.26933,1.2733,1.26643,1.26942,273083
GBPUSD,2023-11-30,1.26942,1.27108,1.26035,1.26231,308061
GBPUSD,2023-12-01,1.26231,1.27159,1.26099,1.2701,298743
GBPUSD,2023-12-04,1.26895,1.27245,1.26036,1.26327,298451
GBPUSD,2023-12-05,1.26327,1.26515,1.25774,1.25903,309969
GBPUSD,2023-12-06,1.25903,1.26137,1.25516,1.25595,242950
GBPUSD,2023-12-07,1.25595,1.26127,1.2544,1.25876,310923
GBPUSD,2023-12-08,1.25876,1.26014,1.25021,1.25469,344522
GBPUSD,2023-12-11,1.25336,1.25908,1.25263,1.25545,228608
GBPUSD,2023-12-12,1.25545,1.26151,1.2514,1.25624,263202
GBPUSD,2023-12-13,1.25624,1.26345,1.25002,1.26169,307231
GBPUSD,2023-12-14,1.26169,1.27937,1.26119,1.27663,406412
GBPUSD,2023-12-15,1.27663,1.27903,1.26677,1.26793,320380
GBPUSD,2023-12-18,1.26793,1.27038,1.26285,1.26474,245228
GBPUSD,2023-12-19,1.26474,1.27617,1.26329,1.27316,236427
GBPUSD,2023-12-20,1.27316,1.27345,1.26248,1.26379,258693
GBPUSD,2023-12-21,1.26379,1.26959,1.26124,1.26893,281127
GBPUSD,2023-12-22,1.26893,1.27441,1.2673,1.26957,262610
GBPUSD,2023-12-25,1.2677,1.27467,1.2677,1.2677,0
GBPUSD,2023-12-26,1.26957,1.27305,1.26844,1.27239,112925
GBPUSD,2023-12-27,1.27239,1.28024,1.26983,1.27978,187368
GBPUSD,2023-12-28,1.27978,1.28273,1.27121,1.27322,202019
GBPUSD,2023-12-29,1.27322,1.27727,1.27001,1.27233,215457
GBPUSD,2024-01-01,1.273,1.2733,1.26936,1.273,0
GBPUSD,2024-01-02,1.27291,1.27597,1.26105,1.26123,242445
GBPUSD,2024-01-03,1.26123,1.26765,1.26123,1.26644,296035
GBPUSD,2024-01-04,1.26644,1.27295,1.26565,1.26816,270883
GBPUSD,2024-01-05,1.26816,1.2771,1.26113,1.27158,333038
GBPUSD,2024-01-08,1.27158,1.27668,1.26734,1.27473,231296
GBPUSD,2024-01-09,1.27473,1.2765,1.26893,1.27093,223706
GBPUSD,2024-01-10,1.27093,1.2744,1.26861,1.27419,208032
GBPUSD,2024-01-11,1.27419,1.27741,1.26901,1.27602,356075
GBPUSD,2024-01-12,1.27602,1.27856,1.27195,1.27479,287353
GBPUSD,2024-01-15,1.27236,1.27651,1.27128,1.27261,184008
GBPUSD,2024-01-16,1.27261,1.2729,1.26192,1.26357,336660
GBPUSD,2024-01-17,1.26357,1.26962,1.25964,1.2676,294583
GBPUSD,2024-01-18,1.2676,1.27081,1.26479,1.27053,287630
GBPUSD,2024-01-19,1.27053,1.27145,1.26612,1.27,226557
GBPUSD,2024-01-22,1.27,1.27327,1.26808,1.27087,218786
GBPUSD,2024-01-23,1.27087,1.27471,1.26491,1.26854,227646
GBPUSD,2024-01-24,1.26854,1.27748,1.26713,1.27251,264587
GBPUSD,2024-01-25,1.27251,1.27426,1.26815,1.27063,286269
GBPUSD,2024-01-26,1.27063,1.27584,1.26753,1.27029,215966
GBPUSD,2024-01-29,1.26923,1.27189,1.2662,1.27081,210466
GBPUSD,2024-01-30,1.27081,1.2721,1.26401,1.26978,217055
GBPUSD,2024-01-31,1.26978,1.27505,1.26577,1.26879,386765
GBPUSD,2024-02-01,1.26879,1.27557,1.26251,1.27433,308069
GBPUSD,2024-02-02,1.27433,1.27722,1.26139,1.26297,276892
GBPUSD,2024-02-05,1.26295,1.26337,1.2518,1.25318,252911
GBPUSD,2024-02-06,1.25318,1.26029,1.25279,1.2598,254267
GBPUSD,2024-02-07,1.2598,1.26418,1.25864,1.26266,235811
GBPUSD,2024-02-08,1.26266,1.26385,1.25716,1.26165,229227
GBPUSD,2024-02-09,1.26165,1.26431,1.25989,1.26258,207050
GBPUSD,2024-02-12,1.26173,1.26544,1.2606,1.2628,194771
GBPUSD,2024-02-13,1.2628,1.26836,1.2573,1.25918,259336
GBPUSD,2024-02-14,1.25918,1.2611,1.25351,1.25653,251177
GBPUSD,2024-02-15,1.25653,1.26014,1.25409,1.25992,235907
GBPUSD,2024-02-16,1.25992,1.26241,1.25485,1.25988,237031
GBPUSD,2024-02-19,1.25934,1.26295,1.25831,1.25924,160984
GBPUSD,2024-02-20,1.25924,1.26684,1.2579,1.2622,249508
GBPUSD,2024-02-21,1.2622,1.26417,1.26024,1.26373,253769
GBPUSD,2024-02-22,1.26373,1.27093,1.26114,1.26599,255964
GBPUSD,2024-02-23,1.26599,1.27012,1.26481,1.26618,249396
GBPUSD,2024-02-26,1.26729,1.26993,1.26566,1.26847,193402
GBPUSD,2024-02-27,1.26847,1.26968,1.26601,1.26846,225858
GBPUSD,2024-02-28,1.26846,1.26861,1.26214,1.26612,213634
GBPUSD,2024-02-29,1.26612,1.26818,1.26125,1.26243,280404
GBPUSD,2024-03-01,1.26243,1.26638,1.25996,1.26545,230869
GBPUSD,2024-03-04,1.2648,1.27064,1.26467,1.26916,191400
GBPUSD,2024-03-05,1.26916,1.27349,1.2671,1.27052,216172
GBPUSD,2024-03-06,1.27052,1.27619,1.269,1.27308,260947
GBPUSD,2024-03-07,1.27308,1.28109,1.27229,1.28081,242497
GBPUSD,2024-03-08,1.28081,1.28938,1.27997,1.28549,279715
GBPUSD,2024-03-11,1.28536,1.2862,1.2795,1.28135,239970
GBPUSD,2024-03-12,1.28135,1.28233,1.27443,1.27926,257516
GBPUSD,2024-03-13,1.27926,1.28112,1.27745,1.27967,204924
GBPUSD,2024-03-14,1.27967,1.2823,1.27305,1.27529,231828
GBPUSD,2024-03-15,1.27529,1.27588,1.27204,1.27316,205999
GBPUSD,2024-03-18,1.2729,1.27467,1.27178,1.27282,159737
GBPUSD,2024-03-19,1.27282,1.27329,1.26676,1.27213,215134
GBPUSD,2024-03-20,1.27213,1.2787,1.26843,1.27852,243182
GBPUSD,2024-03-21,1.27852,1.28032,1.26504,1.26578,262913
GBPUSD,2024-03-22,1.26578,1.2675,1.25751,1.25998,205238
GBPUSD,2024-03-25,1.25871,1.26525,1.2587,1.26362,167805
GBPUSD,2024-03-26,1.26362,1.26679,1.26218,1.26275,167065
GBPUSD,2024-03-27,1.26275,1.2641,1.26055,1.26402,181269
GBPUSD,2024-03-28,1.26402,1.26546,1.25856,1.26234,189435
GBPUSD,2024-03-29,1.26234,1.2645,1.26095,1.26176,74312
GBPUSD,2024-04-01,1.26176,1.26419,1.25394,1.2551,166404
GBPUSD,2024-04-02,1.2551,1.25785,1.25394,1.25774,187472
GBPUSD,2024-04-03,1.25774,1.26559,1.25624,1.26519,214891
GBPUSD,2024-04-04,1.26519,1.26835,1.2635,1.26421,172791
GBPUSD,2024-04-05,1.26421,1.26485,1.25737,1.26368,229218
GBPUSD,2024-04-08,1.26211,1.26641,1.26134,1.26545,198119
GBPUSD,2024-04-09,1.26545,1.27094,1.26428,1.26775,182340
GBPUSD,2024-04-10,1.26775,1.2708,1.252,1.254,265531
GBPUSD,2024-04-11,1.254,1.25785,1.25108,1.25531,269430
GBPUSD,2024-04-12,1.25531,1.25588,1.24267,1.24445,251109
GBPUSD,2024-04-15,1.24445,1.24986,1.24305,1.24459,290553
GBPUSD,2024-04-16,1.24459,1.24719,1.24052,1.24261,299961
GBPUSD,2024-04-17,1.24261,1.24818,1.24169,1.24537,263870
GBPUSD,2024-04-18,1.24537,1.24845,1.24333,1.24362,231832
GBPUSD,2024-04-19,1.24362,1.24681,1.23613,1.23654,321087
GBPUSD,2024-04-22,1.23654,1.23921,1.22992,1.23493,197492
GBPUSD,2024-04-23,1.23493,1.24584,1.23316,1.24486,227675
GBPUSD,2024-04-24,1.24486,1.24699,1.24224,1.24635,178356
GBPUSD,2024-04-25,1.24635,1.25256,1.24501,1.2513,252582
GBPUSD,2024-04-26,1.2513,1.25409,1.24487,1.24881,240236
GBPUSD,2024-04-29,1.24972,1.25694,1.24745,1.25625,251600
GBPUSD,2024-04-30,1.25625,1.25639,1.24898,1.24917,249584
GBPUSD,2024-05-01,1.24917,1.25501,1.24661,1.25265,273645
GBPUSD,2024-05-02,1.25265,1.25444,1.24716,1.25345,278682
GBPUSD,2024-05-03,1.25345,1.2634,1.25222,1.25452,305433
GBPUSD,2024-05-06,1.25397,1.25944,1.25336,1.25621,184297
GBPUSD,2024-05-07,1.25621,1.25706,1.25005,1.25084,197865
GBPUSD,2024-05-08,1.25084,1.25107,1.24676,1.24975,184932
GBPUSD,2024-05-09,1.24975,1.25266,1.24456,1.25237,218735
GBPUSD,2024-05-10,1.25237,1.25412,1.25024,1.25211,190402
GBPUSD,2024-05-13,1.25112,1.25686,1.251,1.25588,190689
GBPUSD,2024-05-14,1.25588,1.25928,1.25092,1.25919,230067
GBPUSD,2024-05-15,1.25919,1.26864,1.25832,1.26854,234866
GBPUSD,2024-05-16,1.26854,1.27008,1.26431,1.26693,198091
GBPUSD,2024-05-17,1.26693,1.27114,1.26449,1.26988,170929
GBPUSD,2024-05-20,1.26811,1.27255,1.26811,1.2706,172194
GBPUSD,2024-05-21,1.2706,1.27268,1.26861,1.27092,189281
GBPUSD,2024-05-22,1.27092,1.27611,1.27,1.27166,220040
GBPUSD,2024-05-23,1.27166,1.27464,1.26852,1.26981,258563
GBPUSD,2024-05-24,1.26981,1.27509,1.26741,1.27345,183288
GBPUSD,2024-05-27,1.27286,1.27777,1.27286,1.27679,117112
GBPUSD,2024-05-28,1.27679,1.28006,1.27539,1.27613,187962
GBPUSD,2024-05-29,1.27613,1.27717,1.2699,1.27,218861
GBPUSD,2024-05-30,1.27,1.27471,1.26807,1.27319,218573
GBPUSD,2024-05-31,1.27319,1.27662,1.27001,1.27399,237281
GBPUSD,2024-06-03,1.27262,1.2809,1.2694,1.28073,224471
GBPUSD,2024-06-04,1.28073,1.28177,1.27427,1.27699,250277
GBPUSD,2024-06-05,1.27699,1.27954,1.27552,1.27865,221041
GBPUSD,2024-06-06,1.27865,1.2809,1.27623,1.27907,203511
GBPUSD,2024-06-07,1.27907,1.28132,1.27147,1.2715,252681
GBPUSD,2024-06-10,1.27234,1.27372,1.26878,1.27303,207122
GBPUSD,2024-06-11,1.27303,1.27518,1.27056,1.27401,212107
GBPUSD,2024-06-12,1.27401,1.28604,1.2731,1.27977,321926
GBPUSD,2024-06-13,1.27977,1.28075,1.27381,1.2762,233603
GBPUSD,2024-06-14,1.2762,1.27635,1.26568,1.26838,262852
GBPUSD,2024-06-17,1.26806,1.27095,1.26589,1.27043,172634
GBPUSD,2024-06-18,1.27043,1.27208,1.26686,1.27083,244854
GBPUSD,2024-06-19,1.27083,1.27399,1.2698,1.27159,145321
GBPUSD,2024-06-20,1.27159,1.27227,1.26545,1.26568,222416
GBPUSD,2024-06-21,1.26568,1.26739,1.26212,1.26404,178357
GBPUSD,2024-06-24,1.26339,1.26979,1.26305,1.26791,205679
GBPUSD,2024-06-25,1.26791,1.27025,1.26703,1.26855,203099
GBPUSD,2024-06-26,1.26855,1.26934,1.26155,1.26212,239551
GBPUSD,2024-06-27,1.26212,1.26706,1.26125,1.26395,228144
GBPUSD,2024-06-28,1.26395,1.26621,1.26195,1.26418,271907
GBPUSD,2024-07-01,1.26466,1.27097,1.26332,1.26498,250531
GBPUSD,2024-07-02,1.26498,1.26878,1.26154,1.26849,218328
GBPUSD,2024-07-03,1.26849,1.2777,1.26678,1.274,201978
GBPUSD,2024-07-04,1.274,1.27675,1.27338,1.27591,132001
GBPUSD,2024-07-05,1.27591,1.2817,1.27521,1.28121,238688
GBPUSD,2024-07-08,1.27853,1.28456,1.27849,1.28055,211521
GBPUSD,2024-07-09,1.28055,1.28251,1.27776,1.27862,218631
GBPUSD,2024-07-10,1.27862,1.28487,1.2779,1.28483,202568
GBPUSD,2024-07-11,1.28483,1.29494,1.28469,1.29145,272727
GBPUSD,2024-07-12,1.29145,1.29906,1.29019,1.29855,258956
GBPUSD,2024-07-15,1.29625,1.2995,1.29618,1.29672,245556
GBPUSD,2024-07-16,1.29672,1.29799,1.29381,1.29736,232319
GBPUSD,2024-07-17,1.29736,1.30445,1.29637,1.30089,274201
GBPUSD,2024-07-18,1.30089,1.30126,1.294,1.29441,279587
GBPUSD,2024-07-19,1.29441,1.29508,1.29009,1.29104,250653
GBPUSD,2024-07-22,1.29134,1.29422,1.29049,1.29324,246615
GBPUSD,2024-07-23,1.29324,1.29348,1.28876,1.29071,223330
GBPUSD,2024-07-24,1.29071,1.29375,1.28776,1.29063,245905
GBPUSD,2024-07-25,1.29063,1.29133,1.28493,1.28504,327327
GBPUSD,2024-07-26,1.28504,1.28778,1.28456,1.28625,229221
GBPUSD,2024-07-29,1.28542,1.28881,1.28065,1.28604,245388
GBPUSD,2024-07-30,1.28604,1.28661,1.28199,1.28353,234830
GBPUSD,2024-07-31,1.28353,1.28641,1.28195,1.28552,348607
GBPUSD,2024-08-01,1.28552,1.28625,1.27266,1.27364,337581
GBPUSD,2024-08-02,1.27364,1.28404,1.2707,1.27993,395966
GBPUSD,2024-08-05,1.27947,1.28168,1.27098,1.27735,667319
GBPUSD,2024-08-06,1.27735,1.28029,1.26724,1.26907,502415
GBPUSD,2024-08-07,1.26907,1.27359,1.26805,1.26905,371257
GBPUSD,2024-08-08,1.26905,1.27521,1.26648,1.27482,364643
GBPUSD,2024-08-09,1.27482,1.27736,1.27262,1.27571,272003
GBPUSD,2024-08-12,1.27536,1.27939,1.27465,1.27567,252012
GBPUSD,2024-08-13,1.27567,1.28728,1.27567,1.28595,284900
GBPUSD,2024-08-14,1.28595,1.28682,1.28134,1.28205,299260
GBPUSD,2024-08-15,1.28205,1.28715,1.27984,1.28476,530722
GBPUSD,2024-08-16,1.28476,1.29459,1.28461,1.29398,178959
GBPUSD,2024-08-19,1.29352,1.29973,1.29309,1.29873,254982
GBPUSD,2024-08-20,1.29873,1.30522,1.29742,1.3032,271534
GBPUSD,2024-08-21,1.3032,1.31196,1.30105,1.3085,294119
GBPUSD,2024-08-22,1.3085,1.31301,1.30764,1.30875,536012
GBPUSD,2024-08-23,1.30875,1.32302,1.30829,1.32073,340798
GBPUSD,2024-08-26,1.32029,1.3222,1.31798,1.3185,274713
GBPUSD,2024-08-27,1.3185,1.32664,1.31799,1.32609,272162
GBPUSD,2024-08-28,1.32609,1.32617,1.31672,1.31904,305623
GBPUSD,2024-08-29,1.31904,1.32271,1.31454,1.31666,633872
GBPUSD,2024-08-30,1.31666,1.31998,1.31095,1.31225,315958
GBPUSD,2024-09-02,1.3125,1.3155,1.31198,1.31427,152711
GBPUSD,2024-09-03,1.31427,1.31487,1.30876,1.31134,291515
GBPUSD,2024-09-04,1.31134,1.31751,1.31008,1.31448,285111
GBPUSD,2024-09-05,1.31448,1.31853,1.31368,1.31771,559106
GBPUSD,2024-09-06,1.31771,1.3239,1.31098,1.31199,417803
GBPUSD,2024-09-09,1.31114,1.31432,1.30674,1.30734,283294
GBPUSD,2024-09-10,1.30734,1.31076,1.30493,1.30796,273799
GBPUSD,2024-09-11,1.30796,1.31113,1.30018,1.3043,344580
GBPUSD,2024-09-12,1.3043,1.31272,1.30318,1.31237,652090
GBPUSD,2024-09-13,1.31237,1.31578,1.31146,1.31202,315695
GBPUSD,2024-09-16,1.31194,1.32182,1.31143,1.3216,264811
GBPUSD,2024-09-17,1.32157,1.32294,1.31456,1.31601,297375
GBPUSD,2024-09-18,1.31601,1.32976,1.31514,1.32121,407927
GBPUSD,2024-09-19,1.32121,1.33139,1.31531,1.32822,855126
GBPUSD,2024-09-20,1.32822,1.334,1.32676,1.33171,411383
GBPUSD,2024-09-23,1.33167,1.33591,1.3248,1.33467,341574
GBPUSD,2024-09-24,1.33467,1.34154,1.33313,1.34123,343361
GBPUSD,2024-09-25,1.34123,1.34294,1.3312,1.33222,394084
GBPUSD,2024-09-26,1.33222,1.3434,1.3312,1.34147,758000
GBPUSD,2024-09-27,1.34147,1.34273,1.33593,1.33676,422367
GBPUSD,2024-09-30,1.33655,1.34227,1.33468,1.33737,364595
GBPUSD,2024-10-01,1.33737,1.33895,1.32368,1.32849,479843
GBPUSD,2024-10-02,1.32849,1.3305,1.32452,1.32662,337414
GBPUSD,2024-10-03,1.32662,1.32698,1.30894,1.31234,872060
GBPUSD,2024-10-04,1.31234,1.31746,1.30693,1.31132,406583
GBPUSD,2024-10-07,1.31148,1.31341,1.30587,1.30823,356838
GBPUSD,2024-10-08,1.30823,1.31131,1.30636,1.31032,335826
GBPUSD,2024-10-09,1.31032,1.31041,1.30552,1.30703,288175
GBPUSD,2024-10-10,1.30703,1.30933,1.30107,1.30577,670394
GBPUSD,2024-10-11,1.30577,1.30829,1.30412,1.30583,245473
GBPUSD,2024-10-14,1.30559,1.30714,1.30298,1.30589,242084
GBPUSD,2024-10-15,1.30589,1.31026,1.3035,1.30729,241727
GBPUSD,2024-10-16,1.30729,1.30768,1.29764,1.29893,258725
GBPUSD,2024-10-17,1.29893,1.3023,1.29732,1.30106,575844
GBPUSD,2024-10-18,1.30106,1.30706,1.30005,1.30467,268683
GBPUSD,2024-10-21,1.30396,1.30574,1.29766,1.29837,244851
GBPUSD,2024-10-22,1.29837,1.3015,1.29442,1.2983,237235
GBPUSD,2024-10-23,1.2983,1.29947,1.29069,1.29206,238889
GBPUSD,2024-10-24,1.29206,1.29877,1.29086,1.29747,539880
GBPUSD,2024-10-25,1.29747,1.29983,1.29522,1.29522,254009
GBPUSD,2024-10-28,1.29679,1.3001,1.29392,1.29712,246417
GBPUSD,2024-10-29,1.29712,1.30161,1.29576,1.30144,286651
GBPUSD,2024-10-30,1.30144,1.30429,1.29364,1.29614,323319
GBPUSD,2024-10-31,1.29614,1.29992,1.28431,1.28984,339105
GBPUSD,2024-11-01,1.28984,1.298,1.28841,1.29132,582678
GBPUSD,2024-11-04,1.29654,1.29985,1.29339,1.29568,295393
GBPUSD,2024-11-05,1.29568,1.3042,1.29473,1.30407,246644
GBPUSD,2024-11-06,1.30407,1.30473,1.28337,1.28787,670534
GBPUSD,2024-11-07,1.28787,1.3009,1.28689,1.29854,744476
GBPUSD,2024-11-08,1.29854,1.2988,1.28829,1.29131,314674
GBPUSD,2024-11-11,1.29042,1.29256,1.28555,1.28672,233630
GBPUSD,2024-11-12,1.28672,1.28733,1.27187,1.2747,326951
GBPUSD,2024-11-13,1.2747,1.27684,1.2686,1.2707,345653
GBPUSD,2024-11-14,1.2707,1.27198,1.26293,1.26645,718634
GBPUSD,2024-11-15,1.26645,1.26966,1.25966,1.26168,394955
GBPUSD,2024-11-18,1.26168,1.26863,1.26036,1.26777,284957
GBPUSD,2024-11-19,1.26777,1.26889,1.26128,1.2681,315376
GBPUSD,2024-11-20,1.2681,1.27141,1.26305,1.26511,272758
GBPUSD,2024-11-21,1.26511,1.26599,1.25758,1.25885,589590
GBPUSD,2024-11-22,1.25885,1.2594,1.24866,1.25232,391202
GBPUSD,2024-11-25,1.25899,1.26128,1.25411,1.25676,328370
GBPUSD,2024-11-26,1.25676,1.2616,1.25065,1.25681,381195
GBPUSD,2024-11-27,1.25681,1.26942,1.25645,1.26785,332229
GBPUSD,2024-11-28,1.26785,1.26905,1.26446,1.2683,414072
GBPUSD,2024-11-29,1.2683,1.27496,1.26714,1.27275,373231
GBPUSD,2024-12-02,1.27195,1.27351,1.26168,1.26483,360643
GBPUSD,2024-12-03,1.26483,1.26993,1.26362,1.26721,285847
GBPUSD,2024-12-04,1.26721,1.2721,1.26292,1.27004,324171
GBPUSD,2024-12-05,1.27004,1.27706,1.26923,1.27575,511958
GBPUSD,2024-12-06,1.27575,1.2811,1.27207,1.2736,293019
GBPUSD,2024-12-09,1.27305,1.27986,1.27164,1.27497,245251
GBPUSD,2024-12-10,1.27497,1.27777,1.27235,1.27706,251737
GBPUSD,2024-12-11,1.27706,1.27812,1.27129,1.27499,316492
GBPUSD,2024-12-12,1.27499,1.27877,1.2666,1.26725,626500
GBPUSD,2024-12-13,1.26725,1.26788,1.26052,1.26092,260043
GBPUSD,2024-12-16,1.26111,1.26985,1.26081,1.26816,231436
GBPUSD,2024-12-17,1.26816,1.27282,1.26656,1.27087,240651
GBPUSD,2024-12-18,1.27087,1.27249,1.25617,1.25731,360664
GBPUSD,2024-12-19,1.25731,1.26664,1.24946,1.25005,771328
GBPUSD,2024-12-20,1.25005,1.26137,1.24746,1.25641,312712
GBPUSD,2024-12-23,1.25588,1.2588,1.25094,1.25307,221802
GBPUSD,2024-12-24,1.25307,1.25744,1.25184,1.25296,141679
GBPUSD,2024-12-25,1.2536,1.28131,1.241,1.2536,6821
GBPUSD,2024-12-26,1.25296,1.25474,1.25005,1.25187,245898
GBPUSD,2024-12-27,1.25187,1.25925,1.25046,1.25699,234639
GBPUSD,2024-12-30,1.25726,1.2607,1.25059,1.25493,243089
GBPUSD,2024-12-31,1.25493,1.25688,1.25048,1.25113,227765
GBPUSD,2025-01-01,1.25309,1.25309,1.25091,1.25141,4
GBPUSD,2025-01-02,1.25113,1.25353,1.23518,1.23745,504042
GBPUSD,2025-01-03,1.23745,1.24339,1.23631,1.24172,219149
GBPUSD,2025-01-06,1.24085,1.25506,1.24085,1.2513,343164
GBPUSD,2025-01-07,1.2513,1.25755,1.2476,1.24765,275144
GBPUSD,2025-01-08,1.24765,1.24939,1.23204,1.23596,318907
GBPUSD,2025-01-09,1.23596,1.2366,1.22378,1.23029,544704
GBPUSD,2025-01-10,1.23029,1.23213,1.21907,1.21958,382540
GBPUSD,2025-01-13,1.22043,1.22097,1.20991,1.21969,339334
GBPUSD,2025-01-14,1.21969,1.22499,1.21361,1.22109,363981
GBPUSD,2025-01-15,1.22109,1.23061,1.2154,1.22317,324315
GBPUSD,2025-01-16,1.22317,1.22599,1.2174,1.2234,657256
GBPUSD,2025-01-17,1.2234,1.22439,1.21597,1.21611,303138
GBPUSD,2025-01-20,1.21681,1.23443,1.21596,1.23171,356080
GBPUSD,2025-01-21,1.23171,1.23598,1.22287,1.23447,421930
GBPUSD,2025-01-22,1.23447,1.23759,1.2307,1.23074,299500
GBPUSD,2025-01-23,1.23074,1.23752,1.22928,1.23512,630674
GBPUSD,2025-01-24,1.23512,1.25016,1.23439,1.24791,354059
GBPUSD,2025-01-27,1.24626,1.25232,1.24253,1.24949,347487
GBPUSD,2025-01-28,1.24949,1.24975,1.2414,1.24393,318558
GBPUSD,2025-01-29,1.24393,1.24627,1.23928,1.24494,382347
GBPUSD,2025-01-30,1.24494,1.24767,1.24072,1.24152,683604
GBPUSD,2025-01-31,1.24152,1.24715,1.23854,1.23901,457279
GBPUSD,2025-02-03,1.22856,1.24551,1.22489,1.24491,686767
GBPUSD,2025-02-04,1.24491,1.24929,1.23783,1.2478,375072
GBPUSD,2025-02-05,1.2478,1.25498,1.24628,1.25041,298245
GBPUSD,2025-02-06,1.25041,1.25091,1.23596,1.2432,588688
GBPUSD,2025-02-07,1.2432,1.24911,1.23754,1.23907,374836
GBPUSD,2025-02-10,1.23684,1.24217,1.23626,1.23647,241572
GBPUSD,2025-02-11,1.23647,1.24545,1.23321,1.24454,231005
GBPUSD,2025-02-12,1.24454,1.24831,1.23748,1.24418,342966
GBPUSD,2025-02-13,1.24418,1.25681,1.24362,1.2565,801112
GBPUSD,2025-02-14,1.2565,1.26298,1.25492,1.2585,267486
GBPUSD,2025-02-17,1.25861,1.26345,1.25774,1.26229,208105
GBPUSD,2025-02-18,1.26229,1.2623,1.25818,1.26124,228120
GBPUSD,2025-02-19,1.26124,1.26394,1.25628,1.25856,253573
GBPUSD,2025-02-20,1.25856,1.26709,1.25742,1.26682,525004
GBPUSD,2025-02-21,1.26682,1.26782,1.26245,1.26307,285880
GBPUSD,2025-02-24,1.26212,1.26903,1.26116,1.26236,305593
GBPUSD,2025-02-25,1.26235,1.26772,1.26052,1.26623,298356
GBPUSD,2025-02-26,1.26623,1.27152,1.26347,1.26731,304618
GBPUSD,2025-02-27,1.26731,1.26887,1.25974,1.25991,645620
GBPUSD,2025-02-28,1.25991,1.26214,1.25587,1.25755,331311
GBPUSD,2025-03-03,1.25777,1.2724,1.25771,1.27001,396904
GBPUSD,2025-03-04,1.27001,1.27991,1.26782,1.27943,431505
GBPUSD,2025-03-05,1.27943,1.29003,1.2767,1.2893,482071
GBPUSD,2025-03-06,1.2893,1.29233,1.28653,1.28754,896790
GBPUSD,2025-03-07,1.28754,1.29442,1.28728,1.29101,399797
GBPUSD,2025-03-10,1.28959,1.29461,1.28609,1.28767,377627
GBPUSD,2025-03-11,1.28767,1.29653,1.28717,1.29421,375501
GBPUSD,2025-03-12,1.29421,1.29879,1.29128,1.29576,313265
GBPUSD,2025-03-13,1.29576,1.29729,1.29204,1.29451,582226
GBPUSD,2025-03-14,1.29451,1.29584,1.29105,1.2935,284607
GBPUSD,2025-03-17,1.29111,1.29982,1.29111,1.29898,233750
GBPUSD,2025-03-18,1.29898,1.30093,1.29508,1.30006,222491
GBPUSD,2025-03-19,1.30006,1.30106,1.29546,1.30025,244486
GBPUSD,2025-03-20,1.30025,1.30142,1.29354,1.29654,458418
GBPUSD,2025-03-21,1.29654,1.29699,1.28871,1.29114,223701
GBPUSD,2025-03-24,1.28899,1.29738,1.28857,1.29225,258447
GBPUSD,2025-03-25,1.29225,1.29663,1.29015,1.29431,201042
GBPUSD,2025-03-26,1.29431,1.29485,1.28737,1.28873,226196
GBPUSD,2025-03-27,1.28873,1.29916,1.28656,1.2947,474288
GBPUSD,2025-03-28,1.2947,1.29678,1.29208,1.29331,207759
GBPUSD,2025-03-30,1.294,1.29725,1.28908,1.29383,6118199
GBPUSD,2025-03-31,1.2927,1.29721,1.28857,1.29169,300643
GBPUSD,2025-04-01,1.29169,1.29401,1.28788,1.29224,261019
GBPUSD,2025-04-02,1.29224,1.30245,1.28998,1.29968,281443
GBPUSD,2025-04-03,1.29968,1.3207,1.29687,1.30991,1239098
GBPUSD,2025-04-04,1.30991,1.31132,1.28521,1.28987,876312
GBPUSD,2025-04-06,1.29124,1.29336,1.27228,1.29107,7462694
GBPUSD,2025-04-07,1.28369,1.29336,1.27076,1.27151,998556
GBPUSD,2025-04-08,1.27151,1.28139,1.27082,1.2764,565704
GBPUSD,2025-04-09,1.2764,1.28634,1.27423,1.28141,889111
GBPUSD,2025-04-10,1.28141,1.29954,1.27996,1.29666,1295960
GBPUSD,2025-04-11,1.29666,1.31443,1.29606,1.30824,962708
GBPUSD,2025-04-13,1.30909,1.32017,1.30852,1.30852,5600911
GBPUSD,2025-04-14,1.30859,1.32008,1.30622,1.31887,482548
GBPUSD,2025-04-15,1.31887,1.32515,1.31637,1.32275,350115
GBPUSD,2025-04-16,1.32275,1.32918,1.32116,1.32396,380759
GBPUSD,2025-04-17,1.32396,1.32727,1.32021,1.32643,673656
GBPUSD,2025-04-18,1.32643,1.32979,1.32485,1.32909,1454993
GBPUSD,2025-04-20,1.3265,1.33861,1.3265,1.33807,80225
GBPUSD,2025-04-21,1.3265,1.34217,1.3265,1.33784,309107
GBPUSD,2025-04-22,1.33784,1.34232,1.33252,1.33278,339792
GBPUSD,2025-04-23,1.33278,1.33386,1.3233,1.32495,451416
GBPUSD,2025-04-24,1.32495,1.33483,1.32428,1.33386,542792
GBPUSD,2025-04-25,1.33386,1.33407,1.32731,1.33044,247958
GBPUSD,2025-04-27,1.33057,1.33133,1.32796,1.32972,41199
GBPUSD,2025-04-28,1.33007,1.34437,1.32796,1.34324,264900
GBPUSD,2025-04-29,1.34324,1.34432,1.33799,1.33997,243480
GBPUSD,2025-04-30,1.33997,1.34141,1.33083,1.33252,278981
GBPUSD,2025-05-01,1.33252,1.3345,1.32597,1.3269,497980
GBPUSD,2025-05-02,1.3269,1.33303,1.32595,1.32685,312608
GBPUSD,2025-05-04,1.32607,1.33007,1.32587,1.32861,48943
GBPUSD,2025-05-05,1.32595,1.33359,1.32575,1.32902,265339
GBPUSD,2025-05-06,1.32902,1.34023,1.32595,1.33623,275187
GBPUSD,2025-05-07,1.33623,1.33789,1.32794,1.32884,302723
GBPUSD,2025-05-08,1.32884,1.3356,1.32358,1.3242,659780
GBPUSD,2025-05-09,1.3242,1.33222,1.32111,1.33053,212744
GBPUSD,2025-05-11,1.32661,1.32952,1.32505,1.32845,57043
GBPUSD,2025-05-12,1.3254,1.32987,1.31394,1.31741,366455
GBPUSD,2025-05-13,1.31741,1.33156,1.31645,1.33027,246469
GBPUSD,2025-05-14,1.33027,1.33598,1.32526,1.32527,299088
GBPUSD,2025-05-15,1.32527,1.33188,1.32485,1.33052,537518
GBPUSD,2025-05-16,1.33052,1.33323,1.32501,1.32696,245581
GBPUSD,2025-05-18,1.33057,1.34034,1.32919,1.33055,56738
GBPUSD,2025-05-19,1.32762,1.34032,1.32657,1.33599,297496
GBPUSD,2025-05-20,1.33599,1.33943,1.33342,1.33921,263432
GBPUSD,2025-05-21,1.33921,1.34685,1.3376,1.34189,324813
GBPUSD,2025-05-22,1.34189,1.34405,1.33899,1.34176,570732
GBPUSD,2025-05-23,1.34176,1.35389,1.34057,1.35388,286176
GBPUSD,2025-05-25,1.35378,1.35929,1.35358,1.35358,68109
GBPUSD,2025-05-26,1.3518,1.35929,1.3518,1.35579,190582
GBPUSD,2025-05-27,1.35579,1.35864,1.34997,1.35023,238355
GBPUSD,2025-05-28,1.35023,1.35218,1.34489,1.34645,242899
GBPUSD,2025-05-29,1.34645,1.3507,1.34146,1.3486,636378
GBPUSD,2025-05-30,1.3486,1.35105,1.34454,1.34456,286409
GBPUSD,2025-06-01,1.3462,1.35046,1.34535,1.34798,47464
GBPUSD,2025-06-02,1.34609,1.35593,1.34462,1.35425,269011
GBPUSD,2025-06-03,1.35425,1.35589,1.3491,1.35138,234999
GBPUSD,2025-06-04,1.35138,1.35797,1.35006,1.35515,246338
GBPUSD,2025-06-05,1.35515,1.36161,1.35397,1.35678,583532
GBPUSD,2025-06-06,1.35678,1.35841,1.35069,1.35245,284302
GBPUSD,2025-06-08,1.35254,1.35643,1.35243,1.35542,37617
GBPUSD,2025-06-09,1.35209,1.35809,1.35135,1.35482,197714
GBPUSD,2025-06-10,1.35482,1.35638,1.34557,1.34921,255545
GBPUSD,2025-06-11,1.34921,1.3567,1.34637,1.35378,273696
GBPUSD,2025-06-12,1.35378,1.36231,1.35217,1.3612,627544
GBPUSD,2025-06-13,1.3612,1.36318,1.35158,1.35595,368395
GBPUSD,2025-06-15,1.35744,1.35781,1.35338,1.35347,71879
GBPUSD,2025-06-16,1.35407,1.36218,1.35336,1.35696,297717
GBPUSD,2025-06-17,1.35696,1.35793,1.34148,1.34271,308037
GBPUSD,2025-06-18,1.34271,1.3476,1.33999,1.34171,336091
GBPUSD,2025-06-19,1.34171,1.34697,1.33821,1.34655,494292
GBPUSD,2025-06-20,1.34655,1.35109,1.34397,1.34481,272061
GBPUSD,2025-06-22,1.34027,1.3441,1.33976,1.34208,72916
GBPUSD,2025-06-23,1.33966,1.35308,1.33696,1.35212,379095
GBPUSD,2025-06-24,1.35212,1.36479,1.35098,1.36132,310908
GBPUSD,2025-06-25,1.36132,1.36712,1.359,1.36614,242040
GBPUSD,2025-06-26,1.36614,1.37702,1.36513,1.3725,629354
GBPUSD,2025-06-27,1.3725,1.37521,1.36824,1.37164,295040
GBPUSD,2025-06-29,1.37187,1.37297,1.37086,1.37142,49871
GBPUSD,2025-06-30,1.3705,1.37401,1.36735,1.37312,260817
GBPUSD,2025-07-01,1.37316,1.37886,1.37032,1.37429,545222
GBPUSD,2025-07-02,1.37429,1.37523,1.35625,1.36314,289864
GBPUSD,2025-07-03,1.36314,1.36757,1.35852,1.3654,523044
GBPUSD,2025-07-04,1.3654,1.36814,1.36343,1.36385,389734
GBPUSD,2025-07-06,1.36306,1.36572,1.36248,1.36272,43733
GBPUSD,2025-07-07,1.3631,1.36576,1.35751,1.35991,252379
GBPUSD,2025-07-08,1.35991,1.36462,1.35251,1.35807,261626
GBPUSD,2025-07-09,1.35807,1.36199,1.35642,1.35849,214889
GBPUSD,2025-07-10,1.35849,1.36194,1.35329,1.35734,424600
GBPUSD,2025-07-11,1.35734,1.35852,1.34809,1.34829,267987
GBPUSD,2025-07-13,1.34907,1.35046,1.34729,1.34802,48209
GBPUSD,2025-07-14,1.34824,1.35041,1.34239,1.3426,223670
GBPUSD,2025-07-15,1.3426,1.3467,1.33782,1.33793,245820
GBPUSD,2025-07-16,1.33793,1.34854,1.33649,1.3419,379078
GBPUSD,2025-07-17,1.3419,1.34218,1.33738,1.34144,489944
GBPUSD,2025-07-18,1.34144,1.34754,1.3405,1.3408,194660
GBPUSD,2025-07-20,1.34083,1.34238,1.3402,1.34156,39665
GBPUSD,2025-07-21,1.34083,1.35106,1.3402,1.34884,213229
GBPUSD,2025-07-22,1.34884,1.35336,1.34613,1.3526,219618
GBPUSD,2025-07-23,1.3526,1.3584,1.3515,1.35784,274803
GBPUSD,2025-07-24,1.35784,1.35886,1.35029,1.35047,522410
GBPUSD,2025-07-25,1.35047,1.35123,1.34159,1.34364,280756
GBPUSD,2025-07-27,1.34228,1.34532,1.34194,1.34412,57655
GBPUSD,2025-07-28,1.34195,1.34526,1.3351,1.33521,280815
GBPUSD,2025-07-29,1.33521,1.33638,1.33073,1.33418,296416
GBPUSD,2025-07-30,1.33418,1.33858,1.32278,1.32338,369945
GBPUSD,2025-07-31,1.32338,1.32819,1.31855,1.32028,652962
GBPUSD,2025-08-01,1.32028,1.33105,1.3141,1.32719,480332
GBPUSD,2025-08-03,1.328,1.32935,1.32549,1.32845,68318
GBPUSD,2025-08-04,1.32694,1.33308,1.32534,1.32816,340155
GBPUSD,2025-08-05,1.32816,1.33162,1.32593,1.32963,304409
GBPUSD,2025-08-06,1.32963,1.33682,1.32814,1.33476,259814
GBPUSD,2025-08-07,1.33476,1.34481,1.33453,1.3441,627166
GBPUSD,2025-08-08,1.3441,1.34589,1.34178,1.34477,243979
GBPUSD,2025-08-10,1.34338,1.34666,1.3433,1.34657,35452
GBPUSD,2025-08-11,1.34338,1.34766,1.33987,1.34311,218633
GBPUSD,2025-08-12,1.34311,1.35238,1.34204,1.34975,327561
GBPUSD,2025-08-13,1.34975,1.35849,1.34872,1.3574,210849
GBPUSD,2025-08-14,1.3574,1.35947,1.35206,1.35277,577398
GBPUSD,2025-08-15,1.35277,1.35751,1.35201,1.35511,222041
GBPUSD,2025-08-17,1.35481,1.35654,1.35435,1.3556,33289
GBPUSD,2025-08-18,1.35478,1.3565,1.35009,1.35021,187783
GBPUSD,2025-08-19,1.35021,1.35311,1.34775,1.34898,213485
GBPUSD,2025-08-20,1.34898,1.35092,1.34473,1.34561,217061
GBPUSD,2025-08-21,1.34561,1.34827,1.34054,1.34122,481304
GBPUSD,2025-08-22,1.34122,1.35441,1.33904,1.352,322300
GBPUSD,2025-08-24,1.3527,1.35307,1.34909,1.35118,33857
GBPUSD,2025-08-25,1.35106,1.35273,1.34458,1.34526,219748
GBPUSD,2025-08-26,1.34526,1.34932,1.34345,1.34777,326822
GBPUSD,2025-08-27,1.34777,1.35018,1.34162,1.34978,237820
GBPUSD,2025-08-28,1.34978,1.35307,1.3483,1.35115,467998
GBPUSD,2025-08-29,1.35115,1.35169,1.34464,1.3503,270513
GBPUSD,2025-08-31,1.34894,1.35289,1.34887,1.35225,48137
GBPUSD,2025-09-01,1.34894,1.35497,1.34887,1.35428,193819
GBPUSD,2025-09-02,1.35428,1.35491,1.33402,1.33879,322653
GBPUSD,2025-09-03,1.33879,1.34584,1.33329,1.34435,238998
GBPUSD,2025-09-04,1.34435,1.34593,1.34163,1.34328,428584
GBPUSD,2025-09-05,1.34328,1.35548,1.34187,1.3506,327088
GBPUSD,2025-09-07,1.34982,1.35113,1.34842,1.34955,59255
GBPUSD,2025-09-08,1.34883,1.35565,1.34817,1.35442,242755
GBPUSD,2025-09-09,1.35442,1.35904,1.3518,1.35262,256874
GBPUSD,2025-09-10,1.35262,1.3564,1.35104,1.35275,262093
GBPUSD,2025-09-11,1.35275,1.35828,1.34911,1.35705,550476
GBPUSD,2025-09-12,1.35705,1.35804,1.35238,1.35574,231426
GBPUSD,2025-09-14,1.35506,1.35608,1.3547,1.35523,26282
GBPUSD,2025-09-15,1.35574,1.36201,1.35485,1.35988,210555
GBPUSD,2025-09-16,1.35988,1.36717,1.3592,1.36453,249560
GBPUSD,2025-09-17,1.36453,1.37264,1.36195,1.36233,332141
GBPUSD,2025-09-18,1.36233,1.36607,1.35338,1.35545,595178
GBPUSD,2025-09-19,1.35545,1.35594,1.34594,1.34605,289890
GBPUSD,2025-09-21,1.34628,1.34724,1.34603,1.34625,75135
GBPUSD,2025-09-22,1.34605,1.35206,1.3453,1.35123,243027
GBPUSD,2025-09-23,1.35123,1.35366,1.34868,1.35242,260237
GBPUSD,2025-09-24,1.35242,1.35277,1.34263,1.3446,227987
GBPUSD,2025-09-25,1.3446,1.34667,1.33235,1.33405,595090
GBPUSD,2025-09-26,1.33405,1.3413,1.33293,1.33985,237356
GBPUSD,2025-09-28,1.34077,1.34561,1.34077,1.34082,40632
GBPUSD,2025-09-29,1.33985,1.34567,1.3386,1.34266,229632
GBPUSD,2025-09-30,1.34266,1.34669,1.34134,1.34444,247243
GBPUSD,2025-10-01,1.34444,1.35272,1.34347,1.34757,327990
GBPUSD,2025-10-02,1.34757,1.35101,1.34008,1.34373,518520
GBPUSD,2025-10-03,1.34373,1.34865,1.3427,1.34737,217453
GBPUSD,2025-10-05,1.34305,1.34837,1.34223,1.34552,68832
GBPUSD,2025-10-06,1.34305,1.349,1.34165,1.34848,310989
GBPUSD,2025-10-07,1.34848,1.34872,1.33921,1.34153,231459
GBPUSD,2025-10-08,1.34153,1.34384,1.33707,1.34025,251248
GBPUSD,2025-10-09,1.34025,1.34191,1.32791,1.32945,585306
GBPUSD,2025-10-10,1.32945,1.33706,1.32616,1.33496,343787
GBPUSD,2025-10-12,1.33381,1.33661,1.33161,1.33362,59560
GBPUSD,2025-10-13,1.33484,1.33663,1.33148,1.33318,280801
GBPUSD,2025-10-14,1.33318,1.33521,1.3248,1.33152,351732
GBPUSD,2025-10-15,1.33152,1.34076,1.33099,1.34001,273265
GBPUSD,2025-10-16,1.34001,1.34546,1.33874,1.34328,652516
GBPUSD,2025-10-17,1.34328,1.34714,1.33906,1.34239,361882
GBPUSD,2025-10-19,1.34268,1.34445,1.33994,1.34259,36792
GBPUSD,2025-10-20,1.34292,1.34428,1.33998,1.34043,234046
GBPUSD,2025-10-21,1.34043,1.3416,1.33609,1.33683,307346
GBPUSD,2025-10-22,1.33683,1.3387,1.33055,1.33551,304347
GBPUSD,2025-10-23,1.33551,1.33592,1.33079,1.33248,393804
GBPUSD,2025-10-24,1.33248,1.33617,1.32872,1.33099,293232
GBPUSD,2025-10-26,1.33188,1.33268,1.33162,1.33208,43946
GBPUSD,2025-10-27,1.3322,1.33531,1.33101,1.33347,222548
GBPUSD,2025-10-28,1.33347,1.33696,1.32473,1.32696,289101
GBPUSD,2025-10-29,1.32696,1.32807,1.31394,1.31939,369281
GBPUSD,2025-10-30,1.31939,1.32187,1.31162,1.3148,611328
GBPUSD,2025-10-31,1.3148,1.31647,1.30969,1.31485,218213
GBPUSD,2025-11-02,1.31265,1.31417,1.31265,1.31336,36809
GBPUSD,2025-11-03,1.31244,1.31622,1.31081,1.3139,194585
GBPUSD,2025-11-04,1.3139,1.31392,1.30102,1.30206,232190
GBPUSD,2025-11-05,1.30206,1.30542,1.30102,1.30498,215168
GBPUSD,2025-11-06,1.30498,1.31425,1.30437,1.31364,455670
GBPUSD,2025-11-07,1.31364,1.31748,1.30945,1.31628,233739
GBPUSD,2025-11-09,1.31429,1.31594,1.31382,1.31407,72525
GBPUSD,2025-11-10,1.31549,1.3191,1.31364,1.3173,278963
GBPUSD,2025-11-11,1.3173,1.31844,1.31163,1.3149,275592
GBPUSD,2025-11-12,1.3149,1.31552,1.30842,1.31323,232983
GBPUSD,2025-11-13,1.31323,1.32156,1.31005,1.31908,619512
GBPUSD,2025-11-14,1.31908,1.32007,1.31078,1.31724,334623
GBPUSD,2025-11-16,1.3149,1.3171,1.3149,1.31585,34969
GBPUSD,2025-11-17,1.31579,1.3193,1.31356,1.31532,226336
GBPUSD,2025-11-18,1.31532,1.3177,1.31336,1.31411,302824
GBPUSD,2025-11-19,1.31411,1.31548,1.30433,1.30574,282075
GBPUSD,2025-11-20,1.30574,1.31238,1.30377,1.30711,576042
GBPUSD,2025-11-21,1.30711,1.31095,1.30383,1.30958,379632
GBPUSD,2025-11-23,1.30946,1.31029,1.30856,1.31011,69144
GBPUSD,2025-11-24,1.30946,1.31179,1.30803,1.31043,300006
GBPUSD,2025-11-25,1.31043,1.32141,1.30955,1.31649,305672
GBPUSD,2025-11-26,1.31649,1.32441,1.31238,1.32388,376617
GBPUSD,2025-11-27,1.32388,1.32685,1.32098,1.32382,358488
GBPUSD,2025-11-28,1.32382,1.32547,1.3201,1.3224,578480
GBPUSD,2025-11-30,1.32231,1.32483,1.32211,1.32385,81381
GBPUSD,2025-12-01,1.3218,1.32756,1.32054,1.32126,352570
GBPUSD,2025-12-02,1.32126,1.32217,1.31796,1.3209,217166
GBPUSD,2025-12-03,1.3209,1.33542,1.31985,1.33519,256451
GBPUSD,2025-12-04,1.33519,1.33858,1.33217,1.33241,519390
GBPUSD,2025-12-05,1.33241,1.33624,1.3316,1.33299,216115
GBPUSD,2025-12-07,1.33133,1.3342,1.33111,1.33412,37726
GBPUSD,2025-12-08,1.33133,1.33465,1.33056,1.33209,218202
GBPUSD,2025-12-09,1.33209,1.33561,1.32871,1.32948,251434
GBPUSD,2025-12-10,1.32948,1.3389,1.32883,1.33816,286488
GBPUSD,2025-12-11,1.33816,1.34382,1.33546,1.33833,520942
GBPUSD,2025-12-12,1.33833,1.33998,1.33422,1.33643,242538
GBPUSD,2025-12-14,1.33726,1.33742,1.33521,1.33588,41055
GBPUSD,2025-12-15,1.33726,1.34015,1.33521,1.33721,217289
GBPUSD,2025-12-16,1.33721,1.34557,1.33552,1.34188,328610
GBPUSD,2025-12-17,1.34188,1.34269,1.33115,1.33754,250597
GBPUSD,2025-12-18,1.33754,1.34465,1.33409,1.33798,565046
GBPUSD,2025-12-19,1.33798,1.33943,1.33569,1.3372,264727
GBPUSD,2025-12-21,1.3372,1.34018,1.3372,1.33998,69696
GBPUSD,2025-12-22,1.3372,1.34775,1.3372,1.34583,228841
GBPUSD,2025-12-23,1.34583,1.35241,1.34542,1.35165,218446
GBPUSD,2025-12-24,1.35165,1.35339,1.34919,1.35013,194347
GBPUSD,2025-12-25,1.35165,1.35339,1.34919,1.35082,194347
GBPUSD,2025-12-26,1.35013,1.35271,1.34769,1.3496,237521
GBPUSD,2025-12-28,1.3496,1.35119,1.34813,1.34959,47143
GBPUSD,2025-12-29,1.3496,1.35158,1.34691,1.35097,288908
GBPUSD,2025-12-30,1.35097,1.35307,1.34494,1.34664,204614
GBPUSD,2025-12-31,1.34664,1.34765,1.34011,1.34554,253349
GBPUSD,2026-01-01,1.34664,1.34765,1.34011,1.34734,253349
GBPUSD,2026-01-02,1.34554,1.35018,1.3434,1.34574,181875
GBPUSD,2026-01-04,1.34503,1.34559,1.3414,1.34276,56814
GBPUSD,2026-01-05,1.34503,1.35483,1.34138,1.35412,271236
GBPUSD,2026-01-06,1.35412,1.35676,1.34915,1.34995,252928
GBPUSD,2026-01-07,1.34995,1.3517,1.34559,1.34563,234201
GBPUSD,2026-01-08,1.34563,1.34655,1.34157,1.34354,234739
GBPUSD,2026-01-09,1.34354,1.34512,1.33895,1.33999,298328
GBPUSD,2026-01-11,1.33948,1.34408,1.33897,1.3419,50904
GBPUSD,2026-01-12,1.33948,1.34858,1.33897,1.34602,236559
GBPUSD,2026-01-13,1.34602,1.34946,1.34205,1.34211,240542
GBPUSD,2026-01-14,1.34211,1.34642,1.34171,1.3439,211192
GBPUSD,2026-01-15,1.3439,1.34464,1.33626,1.33758,225402
GBPUSD,2026-01-16,1.33758,1.34131,1.33661,1.33764,236710
GBPUSD,2026-01-18,1.33416,1.34086,1.33387,1.33949,95846
GBPUSD,2026-01-19,1.33416,1.34352,1.33387,1.34234,274437
GBPUSD,2026-01-20,1.34234,1.34918,1.341,1.34368,305423
GBPUSD,2026-01-21,1.34368,1.3459,1.34013,1.34247,286908
GBPUSD,2026-01-22,1.34247,1.35069,1.34016,1.35031,510096
GBPUSD,2026-01-23,1.35031,1.36455,1.34823,1.36375,332750
GBPUSD,2026-01-25,1.36576,1.36803,1.36434,1.36644,79227
GBPUSD,2026-01-26,1.36576,1.37132,1.36429,1.36764,362805
GBPUSD,2026-01-27,1.36764,1.38688,1.36638,1.38422,422747
GBPUSD,2026-01-28,1.38422,1.38462,1.37492,1.38048,413623
GBPUSD,2026-01-29,1.38048,1.38478,1.37421,1.38092,737638
GBPUSD,2026-01-30,1.38092,1.38146,1.36791,1.36827,391070
GBPUSD,2026-02-01,1.36788,1.37057,1.36618,1.36809,105135
GBPUSD,2026-02-02,1.36788,1.3715,1.3623,1.36628,365591
GBPUSD,2026-02-03,1.36628,1.37071,1.36505,1.36942,223351
GBPUSD,2026-02-04,1.36942,1.37332,1.36396,1.36396,216816
GBPUSD,2026-02-05,1.36396,1.3654,1.35175,1.35244,576230
GBPUSD,2026-02-06,1.35244,1.36235,1.35085,1.36102,172908
GBPUSD,2026-02-08,1.35875,1.36205,1.35863,1.36035,49099
GBPUSD,2026-02-09,1.35875,1.37003,1.35861,1.36904,271904
GBPUSD,2026-02-10,1.36904,1.36964,1.36386,1.36413,227961
GBPUSD,2026-02-11,1.36413,1.37121,1.3609,1.36271,261846
GBPUSD,2026-02-12,1.36271,1.36714,1.36043,1.36194,423106
GBPUSD,2026-02-13,1.36194,1.36595,1.35903,1.36514,230448
GBPUSD,2026-02-15,1.36514,1.36514,1.36351,1.36376,38688
GBPUSD,2026-02-16,1.36514,1.36619,1.36249,1.36255,140227
GBPUSD,2026-02-17,1.36255,1.36289,1.34956,1.35642,229503
GBPUSD,2026-02-18,1.35642,1.35819,1.34851,1.34932,142422
GBPUSD,2026-02-19,1.34932,1.35166,1.34339,1.3463,335530
GBPUSD,2026-02-20,1.3463,1.35151,1.34346,1.3471,249561
GBPUSD,2026-02-22,1.34835,1.35332,1.34771,1.35188,47884
GBPUSD,2026-02-23,1.34835,1.35351,1.34756,1.34915,222680
GBPUSD,2026-02-24,1.34915,1.35366,1.34698,1.34848,211069
GBPUSD,2026-02-25,1.34848,1.35659,1.34822,1.35577,219473
GBPUSD,2026-02-26,1.35577,1.35749,1.3445,1.3481,485736
GBPUSD,2026-02-27,1.3481,1.3508,1.34395,1.34801,233042
GBPUSD,2026-03-01,1.34083,1.34348,1.34017,1.34051,233042
GBPUSD,2026-03-02,1.34122,1.34558,1.33142,1.34047,433433
GBPUSD,2026-03-03,1.34047,1.3425,1.32528,1.33544,547738
GBPUSD,2026-03-04,1.33544,1.34031,1.33031,1.33731,415807
GBPUSD,2026-03-05,1.33731,1.33868,1.32973,1.33534,433131
GBPUSD,2026-03-06,1.33534,1.34095,1.33112,1.34039,487367
GBPUSD,2026-03-08,1.33339,1.33512,1.3283,1.32934,112942
GBPUSD,2026-03-09,1.33339,1.3447,1.32829,1.34339,583059
GBPUSD,2026-03-10,1.34339,1.34831,1.34121,1.34174,402938
GBPUSD,2026-03-11,1.34174,1.34574,1.33933,1.34107,325969
GBPUSD,2026-03-12,1.34107,1.34116,1.3338,1.33422,625872
GBPUSD,2026-03-13,1.33422,1.33694,1.32128,1.32137,329042
GBPUSD,2026-03-15,1.32375,1.3266,1.32203,1.32616,55107
GBPUSD,2026-03-16,1.32375,1.33398,1.32203,1.33195,282415
GBPUSD,2026-03-17,1.33195,1.33644,1.32733,1.33545,249023
GBPUSD,2026-03-18,1.33545,1.33743,1.32522,1.32564,286614
GBPUSD,2026-03-19,1.32564,1.34673,1.32458,1.34299,929052
GBPUSD,2026-03-20,1.34299,1.3442,1.32986,1.33394,340964
GBPUSD,2026-03-22,1.33098,1.33433,1.32965,1.33144,72098
GBPUSD,2026-03-23,1.33098,1.34792,1.32568,1.34235,779032
GBPUSD,2026-03-24,1.34235,1.34453,1.33521,1.3411,470894
GBPUSD,2026-03-25,1.3411,1.34359,1.33581,1.33634,332019
GBPUSD,2026-03-26,1.33634,1.33783,1.33101,1.33255,620646
GBPUSD,2026-03-27,1.33255,1.33471,1.32515,1.32515,285383
GBPUSD,2026-03-29,1.32378,1.3282,1.31759,1.32384,70244
GBPUSD,2026-03-30,1.32515,1.32825,1.31737,1.31864,280711
GBPUSD,2026-03-31,1.31864,1.32643,1.31593,1.32174,361518
GBPUSD,2026-04-01,1.32174,1.33462,1.32168,1.32983,315741
GBPUSD,2026-04-02,1.32983,1.33203,1.31817,1.32234,681834
GBPUSD,2026-04-03,1.32234,1.32426,1.31791,1.31851,90131
GBPUSD,2026-04-05,1.31891,1.32684,1.31863,1.31863,53324
GBPUSD,2026-04-06,1.31835,1.32686,1.31759,1.32319,233731
GBPUSD,2026-04-07,1.32319,1.33008,1.32114,1.32886,312948
GBPUSD,2026-04-08,1.32886,1.34846,1.32807,1.33918,453448
GBPUSD,2026-04-09,1.33918,1.34585,1.33808,1.34331,478212
GBPUSD,2026-04-10,1.34331,1.3479,1.34107,1.34547,207936
GBPUSD,2026-04-12,1.33896,1.34655,1.33869,1.33944,46312
GBPUSD,2026-04-13,1.33812,1.35086,1.33805,1.35051,244463
GBPUSD,2026-04-14,1.35051,1.35894,1.34952,1.35657,203535
GBPUSD,2026-04-15,1.35657,1.35793,1.35434,1.35574,223315
GBPUSD,2026-04-16,1.35574,1.35948,1.35163,1.35255,411262
GBPUSD,2026-04-17,1.35255,1.35995,1.35044,1.35106,276657
GBPUSD,2026-04-19,1.34844,1.35446,1.34818,1.34844,47457
GBPUSD,2026-04-20,1.34805,1.35444,1.3474,1.35333,258246
GBPUSD,2026-04-21,1.35333,1.35396,1.34744,1.35068,266311
GBPUSD,2026-04-22,1.35068,1.35353,1.34901,1.34998,205627
GBPUSD,2026-04-23,1.34998,1.35182,1.34476,1.34665,566188
GBPUSD,2026-04-24,1.34665,1.3537,1.34532,1.35222,226543
GBPUSD,2026-04-26,1.35139,1.35759,1.35135,1.35151,85058
GBPUSD,2026-04-27,1.35003,1.35762,1.34995,1.35329,344263
GBPUSD,2026-04-28,1.35329,1.35413,1.34631,1.35163,408780
GBPUSD,2026-04-29,1.35163,1.35278,1.34573,1.34752,290501
GBPUSD,2026-04-30,1.34752,1.3612,1.3454,1.36037,754412
GBPUSD,2026-05-01,1.36037,1.36578,1.35632,1.35664,225803
GBPUSD,2026-05-03,1.35942,1.3603,1.35748,1.35908,40838
GBPUSD,2026-05-04,1.35942,1.3603,1.35123,1.35306,287585
GBPUSD,2026-05-05,1.35306,1.35784,1.35136,1.35376,237665
GBPUSD,2026-05-06,1.35376,1.36433,1.35309,1.35919,299956
GBPUSD,2026-05-07,1.35919,1.36324,1.35471,1.35514,271764
GBPUSD,2026-05-08,1.35514,1.36363,1.35431,1.36275,222583
GBPUSD,2026-05-10,1.3594,1.36522,1.35807,1.35947,40547
GBPUSD,2026-05-11,1.35497,1.36534,1.35468,1.36087,203716
GBPUSD,2026-05-12,1.36087,1.361,1.35,1.35391,251888
GBPUSD,2026-05-13,1.35391,1.35512,1.34845,1.35224,208565
GBPUSD,2026-05-14,1.35224,1.35328,1.3395,1.34017,202661
GBPUSD,2026-05-15,1.34017,1.34044,1.33147,1.33188,284781
GBPUSD,2026-05-17,1.33159,1.33227,1.33024,1.33153,53702
GBPUSD,2026-05-18,1.33159,1.34496,1.33022,1.34322,306642
GBPUSD,2026-05-19,1.34322,1.34371,1.33783,1.33943,255672
GBPUSD,2026-05-20,1.33943,1.3463,1.3375,1.34331,305259
GBPUSD,2026-05-21,1.34331,1.34548,1.33904,1.34308,296330
GBPUSD,2026-05-22,1.34308,1.34631,1.34132,1.34195,218167
GBPUSD,2026-05-24,1.34587,1.34901,1.34475,1.34755,36717
GBPUSD,2026-05-25,1.34587,1.35091,1.34455,1.35034,132213
GBPUSD,2026-05-26,1.35034,1.35054,1.34346,1.34462,199819
GBPUSD,2026-05-27,1.34462,1.34588,1.34163,1.34263,219257
GBPUSD,2026-05-28,1.34263,1.34508,1.33673,1.34436,554580
GBPUSD,2026-05-29,1.34436,1.34854,1.34083,1.34474,263949
GBPUSD,2026-05-31,1.34492,1.34592,1.34453,1.34498,45382
GBPUSD,2026-06-01,1.34492,1.34761,1.34066,1.34547,268032
GBPUSD,2026-06-02,1.34547,1.34816,1.3446,1.34647,225802
GBPUSD,2026-06-03,1.34647,1.34717,1.34116,1.34159,235023
GBPUSD,2026-06-04,1.34159,1.34625,1.34088,1.34231,454064
GBPUSD,2026-06-05,1.34231,1.34833,1.33296,1.33296,292327
GBPUSD,2026-06-07,1.33172,1.33502,1.33122,1.33409,52525
GBPUSD,2026-06-08,1.33172,1.33696,1.33059,1.33394,331307
GBPUSD,2026-06-09,1.33394,1.34108,1.33306,1.33785,273589
GBPUSD,2026-06-10,1.33785,1.34235,1.33623,1.33678,322141
GBPUSD,2026-06-11,1.33678,1.34332,1.33245,1.34158,526114
GBPUSD,2026-06-12,1.34158,1.34262,1.33833,1.33942,341662
GBPUSD,2026-06-14,1.33942,1.34608,1.33942,1.34444,50011
GBPUSD,2026-06-15,1.33942,1.34608,1.33942,1.34124,230165
GBPUSD,2026-06-16,1.34124,1.34432,1.33905,1.34259,217805
GBPUSD,2026-06-17,1.34259,1.34386,1.3262,1.32885,316496
GBPUSD,2026-06-18,1.32885,1.33248,1.3193,1.32037,637570
GBPUSD,2026-06-19,1.32037,1.32408,1.3163,1.32283,217922
GBPUSD,2026-06-21,1.3186,1.32335,1.31833,1.322,43091
GBPUSD,2026-06-22,1.3186,1.32731,1.31833,1.32481,282756
GBPUSD,2026-06-23,1.32481,1.32521,1.31822,1.32034,254601
GBPUSD,2026-06-24,1.32034,1.32091,1.31402,1.3166,289123
GBPUSD,2026-06-25,1.3166,1.3219,1.31511,1.31896,547332
GBPUSD,2026-06-26,1.31896,1.3232,1.31801,1.3187,302980
GBPUSD,2026-06-28,1.31987,1.32098,1.31884,1.32046,44938
GBPUSD,2026-06-29,1.31987,1.32624,1.31884,1.32566,234689
GBPUSD,2026-06-30,1.32566,1.32767,1.3212,1.3258,246713
GBPUSD,2026-07-01,1.3258,1.32921,1.32187,1.32742,283304
GBPUSD,2026-07-02,1.32742,1.33846,1.32639,1.33453,786576
GBPUSD,2026-07-03,1.33453,1.3381,1.3334,1.33435,208694
GBPUSD,2026-07-05,1.33408,1.33566,1.33388,1.33414,46049
GBPUSD,2026-07-06,1.33408,1.33972,1.33286,1.33879,226660
GBPUSD,2026-07-07,1.33879,1.34015,1.33487,1.33589,213300
GBPUSD,2026-07-08,1.33589,1.34104,1.33222,1.33877,339307
GBPUSD,2026-07-09,1.33877,1.34308,1.33799,1.34078,436902
GBPUSD,2026-07-10,1.34078,1.34517,1.33917,1.33968,253938
GBPUSD,2026-07-12,1.33825,1.33886,1.33668,1.3379,71372
GBPUSD,2026-07-13,1.33825,1.34117,1.33424,1.33473,345799
GBPUSD,2026-07-14,1.33473,1.34432,1.33422,1.33807,360037
GBPUSD,2026-07-15,1.33807,1.35579,1.33702,1.35389,272848
GBPUSD,2026-07-16,1.35389,1.35443,1.34595,1.34767,541364
GBPUSD,2026-07-17,1.34767,1.34809,1.3426,1.3448,269447
GBPUSD,2026-07-19,1.34334,1.34632,1.34334,1.34604,50333
GBPUSD,2026-07-20,1.34334,1.34812,1.34122,1.34312,242281
GBPUSD,2026-07-21,1.34312,1.34555,1.33592,1.33754,225668
GBPUSD,2026-07-22,1.33754,1.33952,1.33541,1.33736,241176
GBPUSD,2026-07-23,1.33736,1.33933,1.32988,1.33138,558216
GBPUSD,2026-07-24,1.33138,1.33489,1.3302,1.33221,223675
GBPUSD,2026-07-26,1.33414,1.33558,1.33213,1.335,57277
GBPUSD,2026-07-27,1.33407,1.33635,1.32843,1.32883,263312
GBPUSD,2026-07-28,1.32883,1.33112,1.32734,1.32886,211106
GBPUSD,2026-07-29,1.32886,1.33873,1.32768,1.33656,296069
GBPUSD,2026-07-30,1.33656,1.34768,1.33328,1.34653,791024
GBPUSD,2026-07-31,1.34653,1.34941,1.34001,1.3475,403713
GBPUSD,2026-08-02,1.34858,1.35063,1.34639,1.34658,87255
GBPUSD,2026-08-03,1.34858,1.35063,1.34175,1.34273,302767
GBPUSD,2026-08-04,1.34273,1.34562,1.3419,1.34506,252147
GBPUSD,2026-08-05,1.34506,1.34861,1.3439,1.34677,241709
GBPUSD,2026-08-06,1.34677,1.34794,1.34484,1.34529,445586
GBPUSD,2026-08-07,1.34529,1.35089,1.3434,1.34839,276338
GBPUSD,2026-08-09,1.34904,1.34967,1.34802,1.34855,45852
GBPUSD,2026-08-10,1.34904,1.35307,1.34795,1.35075,211992
GBPUSD,2026-08-11,1.35075,1.35158,1.34922,1.35065,193264
GBPUSD,2026-08-12,1.35065,1.35453,1.34876,1.34948,233535
GBPUSD,2026-08-13,1.34947,1.35004,1.34862,1.34925,37878
