symbol,date,open,high,low,close,volume
IEF,2006-07-31,81.26,81.35,81.18,81.35,89700
IEF,2006-08-01,80.95,81.05,80.86,81.05,97600
IEF,2006-08-02,81.05,81.2019,80.95,81.12,91200
IEF,2006-08-03,81.12,81.27,81.02,81.14,111500
IEF,2006-08-04,81.55,81.57,81.42,81.54,157100
IEF,2006-08-07,81.48,81.49,81.37,81.43,172600
IEF,2006-08-08,81.42,81.55,81.33,81.44,118200
IEF,2006-08-09,81.21,81.41,81.21,81.4,110700
IEF,2006-08-10,81.42,81.42,81.19,81.42,166700
IEF,2006-08-11,81.21,81.25,81.13,81.16,192000
IEF,2006-08-14,81.08,81.11,81.0,81.02,191700
IEF,2006-08-15,81.34,81.48,81.3,81.41,147200
IEF,2006-08-16,81.73,81.81,81.66,81.75,182600
IEF,2006-08-17,81.9,81.9,81.68,81.73,300000
IEF,2006-08-18,81.83,81.97,81.77,81.95,344300
IEF,2006-08-21,81.99,82.05,81.96,82.05,83800
IEF,2006-08-22,82.02,82.16,82.0,82.08,187200
IEF,2006-08-23,82.01,82.06,81.8801,82.05,239800
IEF,2006-08-24,82.14,82.17,82.06,82.08,111400
IEF,2006-08-25,82.08,82.24,82.03,82.19,96900
IEF,2006-08-28,82.15,82.19,82.08,82.18,106000
IEF,2006-08-29,81.97,82.25,81.88,82.25,248600
IEF,2006-08-30,82.27,82.4,82.26,82.37,131800
IEF,2006-08-31,82.42,82.55,82.39,82.46,171200
IEF,2006-09-01,82.13,82.3099,82.05,82.27,252800
IEF,2006-09-05,82.16,82.16,81.96,82.0,284800
IEF,2006-09-06,81.82,81.95,81.72,81.94,334400
IEF,2006-09-07,81.83,82.05,81.75,82.0,135200
IEF,2006-09-08,82.08,82.2,82.05,82.08,66000
IEF,2006-09-11,82.04,82.1,81.84,81.97,196600
IEF,2006-09-12,81.87,82.16,81.82,82.16,111000
IEF,2006-09-13,82.24,82.32,82.16,82.24,114000
IEF,2006-09-14,82.1,82.26,82.01,82.08,69600
IEF,2006-09-15,82.21,82.29,81.99,82.03,110900
IEF,2006-09-18,81.73,81.95,81.73,81.91,188000
IEF,2006-09-19,82.24,82.44,82.22,82.4,128400
IEF,2006-09-20,82.59,82.59,82.36,82.42,112200
IEF,2006-09-21,82.41,83.02,82.41,83.01,114600
IEF,2006-09-22,83.12,83.27,83.1,83.26,327000
IEF,2006-09-25,83.4,83.57,83.3001,83.54,286200
IEF,2006-09-26,83.46,83.46,83.23,83.23,276800
IEF,2006-09-27,83.55,83.55,83.21,83.31,233800
IEF,2006-09-28,83.24,83.26,83.09,83.23,160800
IEF,2006-09-29,83.32,83.35,82.95,83.14,259000
IEF,2006-10-02,82.8,83.04,82.75,82.97,337500
IEF,2006-10-03,83.04,83.05,82.88,82.96,135400
IEF,2006-10-04,83.1,83.37,83.07,83.37,136000
IEF,2006-10-05,83.16,83.25,82.95,83.05,139800
IEF,2006-10-06,82.9,82.9,82.5,82.6,624700
IEF,2006-10-09,82.7,82.84,82.57,82.81,898300
IEF,2006-10-10,82.39,82.44,82.16,82.2,1711900
IEF,2006-10-11,82.4,82.41,81.99,82.1,502600
IEF,2006-10-12,82.15,82.26,82.0748,82.14,230000
IEF,2006-10-13,82.04,82.04,81.9,82.01,1280200
IEF,2006-10-16,82.14,82.15,82.02,82.15,240400
IEF,2006-10-17,82.34,82.45,82.12,82.24,300300
IEF,2006-10-18,82.21,82.29,82.12,82.22,294600
IEF,2006-10-19,82.11,82.25,82.03,82.15,175500
IEF,2006-10-20,82.2,82.2,82.1,82.13,69200
IEF,2006-10-23,81.98,81.99,81.8001,81.9,356600
IEF,2006-10-24,81.92,82.01,81.91,82.01,203700
IEF,2006-10-25,82.03,82.32,81.98,82.31,127200
IEF,2006-10-26,82.53,82.6,82.43,82.59,115900
IEF,2006-10-27,82.84,82.87,82.7,82.86,249000
IEF,2006-10-30,82.87,82.91,82.75,82.9,128800
IEF,2006-10-31,82.97,83.27,82.9,82.96,266600
IEF,2006-11-01,83.04,83.53,82.9001,83.22,396400
IEF,2006-11-02,83.13,83.13,82.97,83.02,163200
IEF,2006-11-03,82.58,82.65,82.35,82.39,271800
IEF,2006-11-06,82.38,82.48,82.3,82.47,227000
IEF,2006-11-07,82.72,82.89,82.7,82.75,203300
IEF,2006-11-08,82.81,82.95,82.71,82.93,146200
IEF,2006-11-09,82.86,82.96,82.84,82.92,211000
IEF,2006-11-10,83.0,83.2,83.0,83.1,111300
IEF,2006-11-13,83.12,83.12,82.89,83.06,153600
IEF,2006-11-14,83.23,83.34,83.19,83.23,222800
IEF,2006-11-15,83.16,83.16,82.94,83.0,237100
IEF,2006-11-16,83.19,83.19,82.72,82.79,497900
IEF,2006-11-17,82.91,83.22,82.82,83.09,362400
IEF,2006-11-20,83.19,83.19,83.04,83.14,178200
IEF,2006-11-21,83.15,83.3,83.08,83.26,413200
IEF,2006-11-22,83.35,83.45,83.29,83.39,133400
IEF,2006-11-24,83.62,83.62,83.46,83.48,119200
IEF,2006-11-27,83.34,83.57,83.24,83.56,708600
IEF,2006-11-28,83.71,83.79,83.52,83.71,470600
IEF,2006-11-29,83.92,83.92,83.59,83.61,335500
IEF,2006-11-30,83.87,84.07,83.8,84.05,418500
IEF,2006-12-01,83.72,84.08,83.66,83.94,289800
IEF,2006-12-04,83.84,83.96,83.78,83.93,208200
IEF,2006-12-05,83.87,83.9999,83.73,83.82,1133300
IEF,2006-12-06,83.79,83.8,83.63,83.69,156800
IEF,2006-12-07,83.75,83.75,83.57,83.66,138200
IEF,2006-12-08,83.64,83.64,83.24,83.28,277000
IEF,2006-12-11,83.51,83.56,83.43,83.54,167800
IEF,2006-12-12,83.57,83.73,83.5,83.69,360000
IEF,2006-12-13,83.37,83.42,83.16,83.26,188300
IEF,2006-12-14,83.23,83.23,83.07,83.09,314000
IEF,2006-12-15,83.6,83.65,83.1,83.15,215600
IEF,2006-12-18,83.18,83.23,83.1,83.19,111600
IEF,2006-12-19,83.18,83.26,83.1,83.17,174000
IEF,2006-12-20,83.11,83.21,83.11,83.15,139300
IEF,2006-12-21,83.26,83.53,83.1552,83.45,624200
IEF,2006-12-22,83.28,83.34,83.04,83.07,268500
IEF,2006-12-26,83.18,83.29,83.05,83.13,144500
IEF,2006-12-27,83.01,83.01,82.6244,82.67,193400
IEF,2006-12-28,82.8,82.8,82.3,82.48,185100
IEF,2006-12-29,82.43,82.49,82.31,82.44,272100
IEF,2007-01-03,82.71,82.8,82.48,82.68,1210700
IEF,2007-01-04,82.83,82.98,82.73,82.95,171200
IEF,2007-01-05,82.58,82.81,82.52,82.71,201000
IEF,2007-01-08,82.72,82.77,82.66,82.7699,163800
IEF,2007-01-09,82.82,82.83,82.7,82.75,168600
IEF,2007-01-10,82.62,82.69,82.56,82.61,95900
IEF,2007-01-11,82.55,82.55,82.29,82.39,361700
IEF,2007-01-12,82.29,82.3,82.1101,82.22,161000
IEF,2007-01-16,82.3,82.38,82.26,82.38,162600
IEF,2007-01-17,82.33,82.37,82.14,82.22,141300
IEF,2007-01-18,82.18,82.34,82.09,82.33,225400
IEF,2007-01-19,82.26,82.37,82.15,82.2,270800
IEF,2007-01-22,82.3,82.38,82.27,82.35,119000
IEF,2007-01-23,82.24,82.29,82.07,82.11,412800
IEF,2007-01-24,82.13,82.15,82.07,82.12,138400
IEF,2007-01-25,82.05,82.05,81.75,81.8,201700
IEF,2007-01-26,81.73,81.89,81.64,81.79,441300
IEF,2007-01-29,81.92,81.92,81.65,81.73,161700
IEF,2007-01-30,81.78,81.83,81.75,81.81,200500
IEF,2007-01-31,81.75,82.14,81.75,81.79,412200
IEF,2007-02-01,82.01,82.07,81.7,81.74,238600
IEF,2007-02-02,81.79,81.9,81.74,81.81,163500
IEF,2007-02-05,81.88,81.94,81.8601,81.9,216000
IEF,2007-02-06,81.86,82.15,81.83,82.13,238100
IEF,2007-02-07,82.23,82.32,82.18,82.31,155000
IEF,2007-02-08,82.26,82.3999,82.2,82.33,447600
IEF,2007-02-09,82.18,82.19,82.01,82.08,237400
IEF,2007-02-12,82.05,82.1,81.9101,81.97,146900
IEF,2007-02-13,81.97,81.99,81.86,81.909,204800
IEF,2007-02-14,82.05,82.43,82.05,82.38,192600
IEF,2007-02-15,82.59,82.65,82.51,82.51,317000
IEF,2007-02-16,82.63,82.69,82.56,82.6,308900
IEF,2007-02-20,82.59,82.74,82.59,82.7,152900
IEF,2007-02-21,82.55,82.69,82.55,82.69,173000
IEF,2007-02-22,82.55,82.56,82.41,82.48,135000
IEF,2007-02-23,82.59,82.88,82.58,82.81,111700
IEF,2007-02-26,82.99,83.1,82.92,83.07,160900
IEF,2007-02-27,83.29,84.07,83.2,83.77,496500
IEF,2007-02-28,83.61,83.7,83.4,83.48,228100
IEF,2007-03-01,83.57,83.59,83.2,83.31,500500
IEF,2007-03-02,83.42,83.61,83.31,83.57,249000
IEF,2007-03-05,83.72,83.72,83.46,83.6,298800
IEF,2007-03-06,83.36,83.61,83.36,83.49,302200
IEF,2007-03-07,83.44,83.67,83.42,83.64,265500
IEF,2007-03-08,83.51,83.68,83.49,83.63,170300
IEF,2007-03-09,83.12,83.28,83.11,83.16,333800
IEF,2007-03-12,83.3,83.44,83.268,83.39,253300
IEF,2007-03-13,83.69,83.8,83.51,83.76,196000
IEF,2007-03-14,83.69,83.93,83.61,83.65,267900
IEF,2007-03-15,83.56,83.62,83.49,83.56,338900
IEF,2007-03-16,83.44,83.59,83.41,83.55,340500
IEF,2007-03-19,83.41,83.44,83.34,83.44,238200
IEF,2007-03-20,83.64,83.64,83.52,83.56,169400
IEF,2007-03-21,83.46,83.78,83.3,83.68,369800
IEF,2007-03-22,83.61,83.61,83.32,83.4,236500
IEF,2007-03-23,83.51,83.52,83.21,83.27,163400
IEF,2007-03-26,83.18,83.5,83.15,83.34,142100
IEF,2007-03-27,83.28,83.37,83.23,83.32,165900
IEF,2007-03-28,83.47,83.6,83.23,83.31,240500
IEF,2007-03-29,83.2,83.26,83.15,83.19,121400
IEF,2007-03-30,83.21,83.52,82.95,83.09,464400
IEF,2007-04-02,82.95,82.96,82.8,82.86,156600
IEF,2007-04-03,82.8299,82.84,82.75,82.79,257400
IEF,2007-04-04,82.88,83.0,82.82,82.92,182300
IEF,2007-04-05,82.82,82.91,82.71,82.71,161200
IEF,2007-04-09,82.39,82.4,82.3,82.33,198900
IEF,2007-04-10,82.5,82.57,82.47,82.5,97600
IEF,2007-04-11,82.58,82.62,82.4,82.4,150700
IEF,2007-04-12,82.53,82.57,82.43,82.48,111200
IEF,2007-04-13,82.53,82.53,82.28,82.34,139100
IEF,2007-04-16,82.47,82.5,82.37,82.43,262300
IEF,2007-04-17,82.59,82.8,82.59,82.78,1080400
IEF,2007-04-18,82.87,83.03,82.87,82.97,252500
IEF,2007-04-19,83.07,83.09,82.8501,82.96,153600
IEF,2007-04-20,82.98,82.98,82.82,82.87,88800
IEF,2007-04-23,82.92,83.117,82.84,83.04,90500
IEF,2007-04-24,83.11,83.3,83.1,83.2,660500
IEF,2007-04-25,83.17,83.3,83.11,83.15,537400
IEF,2007-04-26,83.1,83.11,82.89,82.91,307600
IEF,2007-04-27,82.97,82.99,82.86,82.91,180000
IEF,2007-04-30,83.08,83.29,83.07,83.27,171500
IEF,2007-05-01,83.04,83.08,82.7701,82.96,158900
IEF,2007-05-02,82.99,82.99,82.86,82.86,167000
IEF,2007-05-03,82.86,82.87,82.6601,82.77,113200
IEF,2007-05-04,82.94,83.0,82.89,82.98,144800
IEF,2007-05-07,83.01,83.05,82.951,83.05,104500
IEF,2007-05-08,83.13,83.13,83.03,83.05,158900
IEF,2007-05-09,83.02,83.05,82.77,82.78,201600
IEF,2007-05-10,82.83,83.01,82.81,82.99,153100
IEF,2007-05-11,83.09,83.13,82.78,82.82,178000
IEF,2007-05-14,82.83,82.85,82.7,82.7,142400
IEF,2007-05-15,82.83,82.8499,82.57,82.69,168400
IEF,2007-05-16,82.67,82.72,82.61,82.64,191300
IEF,2007-05-17,82.54,82.58,82.38,82.42,263500
IEF,2007-05-18,82.34,82.42,82.1301,82.18,236400
IEF,2007-05-21,82.16,82.29,82.1,82.29,222000
IEF,2007-05-22,82.2,82.26,82.0,82.06,217000
IEF,2007-05-23,82.07,82.11,81.85,81.9,228100
IEF,2007-05-24,81.9,82.01,81.71,82.01,153300
IEF,2007-05-25,81.89,82.01,81.86,81.92,183900
IEF,2007-05-29,81.9,81.93,81.75,81.9,152800
IEF,2007-05-30,82.04,82.04,81.81,81.8301,245600
IEF,2007-05-31,81.91,81.91,81.64,81.8,235100
IEF,2007-06-01,81.31,81.33,81.08,81.12,230300
IEF,2007-06-04,81.22,81.28,81.12,81.25,139200
IEF,2007-06-05,81.16,81.2,80.92,80.99,351500
IEF,2007-06-06,80.99,81.13,80.99,81.03,266800
IEF,2007-06-07,80.71,80.73,80.21,80.22,472300
IEF,2007-06-08,80.16,80.38,80.08,80.37,409900
IEF,2007-06-11,80.17,80.32,80.12,80.16,198300
IEF,2007-06-12,79.86,79.93,79.52,79.59,698800
IEF,2007-06-13,79.63,79.92,79.6,79.85,514600
IEF,2007-06-14,79.85,80.05,79.7801,79.87,207300
IEF,2007-06-15,79.95,80.22,79.87,80.22,594800
IEF,2007-06-18,80.19,80.29,80.01,80.18,413500
IEF,2007-06-19,80.42,80.68,80.32,80.57,460100
IEF,2007-06-20,80.47,80.49,80.27,80.42,152900
IEF,2007-06-21,80.35,80.42,80.19,80.21,276700
IEF,2007-06-22,80.11,80.46,80.03,80.45,246000
IEF,2007-06-25,80.69,80.78,80.55,80.71,253200
IEF,2007-06-26,80.77,80.8,80.58,80.73,141000
IEF,2007-06-27,80.93,81.01,80.68,80.72,218600
IEF,2007-06-28,80.76,80.81,80.57,80.67,436800
IEF,2007-06-29,80.93,81.14,80.77,81.09,374700
IEF,2007-07-02,80.76,80.97,80.65,80.9,1030600
IEF,2007-07-03,80.9,80.99,80.6501,80.66,169200
IEF,2007-07-05,80.44,80.5,80.11,80.21,269000
IEF,2007-07-06,80.02,80.1,79.93,80.02,468100
IEF,2007-07-09,80.17,80.31,80.09,80.31,118900
IEF,2007-07-10,80.59,80.86,80.5,80.86,191300
IEF,2007-07-11,80.81,80.89,80.52,80.52,218100
IEF,2007-07-12,80.62,80.72,80.2778,80.35,309700
IEF,2007-07-13,80.58,80.6,80.29,80.53,157400
IEF,2007-07-16,80.52,80.85,80.52,80.85,154100
IEF,2007-07-17,80.69,80.81,80.5344,80.68,136600
IEF,2007-07-18,80.75,81.14,80.73,80.97,215700
IEF,2007-07-19,80.77,80.97,80.75,80.96,200600
IEF,2007-07-20,81.16,81.51,81.11,81.36,463300
IEF,2007-07-23,81.28,81.43,81.2601,81.33,327500
IEF,2007-07-24,81.46,81.61,81.37,81.55,251200
IEF,2007-07-25,81.57,81.7599,81.53,81.66,409500
IEF,2007-07-26,82.09,82.5,82.01,82.31,391800
IEF,2007-07-27,82.31,82.57,82.18,82.47,305800
IEF,2007-07-30,82.48,82.52,82.2,82.26,279600
IEF,2007-07-31,82.23,82.62,82.15,82.6,417200
IEF,2007-08-01,82.17,82.4,82.04,82.05,195100
IEF,2007-08-02,82.1,82.23,81.96,82.11,212100
IEF,2007-08-03,82.26,82.64,81.91,82.64,950100
IEF,2007-08-06,82.54,82.69,82.25,82.31,267900
IEF,2007-08-07,82.37,82.56,82.08,82.3,567300
IEF,2007-08-08,82.04,82.04,81.6101,81.73,314600
IEF,2007-08-09,82.29,82.29,81.88,82.19,235600
IEF,2007-08-10,82.4,82.4,81.93,82.07,685000
IEF,2007-08-13,82.0,82.24,81.95,82.2,154400
IEF,2007-08-14,81.97,82.51,81.97,82.5,530100
IEF,2007-08-15,82.71,82.82,82.44,82.65,902100
IEF,2007-08-16,82.89,83.47,82.87,82.97,900500
IEF,2007-08-17,82.95,83.07,82.87,83.03,308400
IEF,2007-08-20,83.14,83.44,83.05,83.21,926600
IEF,2007-08-21,83.49,83.64,83.3316,83.57,459200
IEF,2007-08-22,83.15,83.43,83.13,83.3,197000
IEF,2007-08-23,83.22,83.5,83.17,83.33,234900
IEF,2007-08-24,83.44,83.47,83.21,83.36,123400
IEF,2007-08-27,83.42,83.63,83.36,83.59,120000
IEF,2007-08-28,83.69,84.05,83.69,84.02,274400
IEF,2007-08-29,83.94,84.17,83.7,83.7,507600
IEF,2007-08-30,84.04,84.2,83.95,84.12,201800
IEF,2007-08-31,83.85,84.42,83.76,84.14,261500
IEF,2007-09-04,83.84,84.0,83.44,83.65,281800
IEF,2007-09-05,83.85,84.21,83.78,84.17,313300
IEF,2007-09-06,84.13,84.2,83.93,83.99,267100
IEF,2007-09-07,84.53,84.89,84.49,84.89,410800
IEF,2007-09-10,84.79,85.23,84.79,85.08,238000
IEF,2007-09-11,84.98,85.09,84.8101,84.9,123200
IEF,2007-09-12,84.74,84.84,84.57,84.69,147900
IEF,2007-09-13,84.35,84.47,84.1,84.19,178500
IEF,2007-09-14,84.67,84.67,84.13,84.3,160700
IEF,2007-09-17,84.25,84.3722,84.14,84.35,237900
IEF,2007-09-18,84.14,84.47,83.91,84.26,344700
IEF,2007-09-19,84.0,84.13,83.77,83.96,1369300
IEF,2007-09-20,83.59,83.74,83.01,83.01,685800
IEF,2007-09-21,83.34,83.5,83.22,83.43,754900
IEF,2007-09-24,83.43,83.58,83.37,83.54,236300
IEF,2007-09-25,83.82,83.92,83.54,83.55,225500
IEF,2007-09-26,83.35,83.66,83.35,83.58,151100
IEF,2007-09-27,83.64,83.96,83.6055,83.85,437100
IEF,2007-09-28,84.1,84.18,83.744,83.88,185600
IEF,2007-10-01,83.61,83.78,83.52,83.67,510600
IEF,2007-10-02,83.63,83.98,83.59,83.85,205900
IEF,2007-10-03,84.03,84.1,83.667,83.79,1232800
IEF,2007-10-04,83.74,83.97,83.71,83.94,120300
IEF,2007-10-05,83.46,83.497,83.12,83.2,1173000
IEF,2007-10-08,83.2493,83.79,83.0801,83.5,129100
IEF,2007-10-09,83.39,83.46,83.11,83.24,184000
IEF,2007-10-10,83.0772,83.44,83.06,83.29,298700
IEF,2007-10-11,82.9999,83.35,82.85,83.33,264100
IEF,2007-10-12,82.94,83.34,82.94,83.0501,151400
IEF,2007-10-15,82.87,83.2,82.84,83.13,196200
IEF,2007-10-16,83.27,83.39,83.16,83.36,205200
IEF,2007-10-17,83.368,84.28,83.368,83.87,201200
IEF,2007-10-18,84.15,84.26,84.0596,84.19,193200
IEF,2007-10-19,84.33,84.94,84.33,84.9128,270500
IEF,2007-10-22,84.79,84.89,84.58,84.75,218900
IEF,2007-10-23,84.62,84.8399,84.5,84.73,368300
IEF,2007-10-24,84.93,85.34,84.92,85.16,273300
IEF,2007-10-25,85.22,85.28,85.06,85.0874,169800
IEF,2007-10-26,84.76,85.17,84.76,84.88,189500
IEF,2007-10-29,84.89,85.05,84.821,84.9501,171500
IEF,2007-10-30,85.0,85.04,84.85,85.04,118400
IEF,2007-10-31,84.83,84.98,84.46,84.47,313300
IEF,2007-11-01,84.34,85.01,84.34,84.86,219100
IEF,2007-11-02,84.71,85.31,84.65,85.09,337600
IEF,2007-11-05,85.24,85.2799,84.91,84.9899,172100
IEF,2007-11-06,84.81,85.18,84.78,84.84,184100
IEF,2007-11-07,84.92,85.22,84.9,85.15,299700
IEF,2007-11-08,85.33,85.53,85.16,85.34,1078400
IEF,2007-11-09,85.7,85.86,85.5724,85.85,276700
IEF,2007-11-12,85.97,86.0,85.77,86.0,117900
IEF,2007-11-13,85.74,85.74,85.45,85.45,125300
IEF,2007-11-14,85.34,85.62,85.23,85.62,96400
IEF,2007-11-15,85.83,86.21,85.7001,86.1,210400
IEF,2007-11-16,86.11,86.34,86.02,86.1,742300
IEF,2007-11-19,86.22,86.81,86.1,86.72,503500
IEF,2007-11-20,86.62,86.85,86.33,86.49,378500
IEF,2007-11-21,87.05,87.22,86.91,87.17,317600
IEF,2007-11-23,86.96,87.23,86.68,86.91,216700
IEF,2007-11-26,87.59,88.25,87.02,88.1001,637600
IEF,2007-11-27,88.04,88.04,87.03,87.28,353300
IEF,2007-11-28,87.36,87.36,86.86,86.9701,159600
IEF,2007-11-29,87.44,87.75,87.33,87.46,145300
IEF,2007-11-30,87.05,87.58,86.7,87.58,395100
IEF,2007-12-03,88.05,88.05,87.4,87.63,214700
IEF,2007-12-04,87.86,87.86,87.37,87.71,196800
IEF,2007-12-05,87.34,87.67,87.28,87.38,284600
IEF,2007-12-06,87.18,87.2799,86.81,86.92,217900
IEF,2007-12-07,86.72,86.73,86.2001,86.36,193000
IEF,2007-12-10,86.38,86.47,85.93,86.16,257800
IEF,2007-12-11,86.28,87.34,86.28,87.34,318800
IEF,2007-12-12,86.19,86.8499,86.0,86.61,470500
IEF,2007-12-13,86.22,86.47,85.97,85.97,221000
IEF,2007-12-14,85.83,85.92,85.62,85.72,240100
IEF,2007-12-17,85.92,86.2799,85.8,86.23,191000
IEF,2007-12-18,86.3,86.69,86.23,86.4,644300
IEF,2007-12-19,86.67,87.197,86.3,87.09,411600
IEF,2007-12-20,87.0,87.31,86.91,86.95,308600
IEF,2007-12-21,86.88,86.92,86.2701,86.32,560200
IEF,2007-12-24,86.12,86.22,85.97,86.07,197400
IEF,2007-12-26,85.91,86.25,85.59,85.66,135700
IEF,2007-12-27,86.38,86.38,85.6501,85.92,211000
IEF,2007-12-28,86.24,86.71,86.16,86.61,302900
IEF,2007-12-31,86.75,87.13,86.65,87.01,181100
IEF,2008-01-02,86.98,87.73,86.938,87.63,564700
IEF,2008-01-03,87.43,87.84,87.3101,87.81,198600
IEF,2008-01-04,88.03,88.2436,87.95,88.04,368700
IEF,2008-01-07,87.88,88.3,87.87,88.2,341100
IEF,2008-01-08,88.08,88.42,87.87,88.3852,293200
IEF,2008-01-09,88.44,88.72,88.23,88.25,335600
IEF,2008-01-10,88.43,88.47,87.909,88.01,258300
IEF,2008-01-11,88.12,88.5899,88.05,88.57,310100
IEF,2008-01-14,88.45,88.65,88.4,88.61,347000
IEF,2008-01-15,88.98,89.2,88.79,89.19,353700
IEF,2008-01-16,89.15,89.73,88.8,89.02,459400
IEF,2008-01-17,88.93,89.79,88.93,89.74,608600
IEF,2008-01-18,89.49,89.7,89.31,89.61,628100
IEF,2008-01-22,90.25,90.8,89.88,90.615,863800
IEF,2008-01-23,91.66,91.78,90.12,90.19,1417600
IEF,2008-01-24,89.94,90.13,89.36,89.37,398500
IEF,2008-01-25,88.98,90.2,88.97,90.2,442600
IEF,2008-01-28,89.93,90.1099,89.78,89.87,254900
IEF,2008-01-29,89.66,89.73,89.316,89.51,433100
IEF,2008-01-30,89.38,89.65,89.01,89.467,694000
IEF,2008-01-31,90.12,90.19,89.64,89.93,384900
IEF,2008-02-01,89.86,90.12,89.56,89.94,597500
IEF,2008-02-04,89.43,89.622,89.33,89.44,442300
IEF,2008-02-05,90.05,90.19,89.79,90.07,234400
IEF,2008-02-06,89.87,89.94,89.66,89.91,161700
IEF,2008-02-07,89.92,89.98,88.68,88.9,246500
IEF,2008-02-08,89.29,89.69,89.272,89.65,219300
IEF,2008-02-11,89.74,90.05,89.66,89.85,200000
IEF,2008-02-12,89.4,89.71,89.18,89.66,425500
IEF,2008-02-13,89.3,89.65,89.25,89.28,310900
IEF,2008-02-14,88.97,89.16,88.56,88.79,477900
IEF,2008-02-15,88.94,89.15,88.8225,88.98,512000
IEF,2008-02-19,88.49,88.79,88.19,88.34,564300
IEF,2008-02-20,88.18,88.5399,88.09,88.26,496700
IEF,2008-02-21,88.55,89.22,88.497,89.17,361900
IEF,2008-02-22,89.06,89.3899,88.84,88.92,237200
IEF,2008-02-25,88.8099,88.916,88.24,88.33,175400
IEF,2008-02-26,88.41,88.71,88.4,88.55,259700
IEF,2008-02-27,89.01,89.08,88.43,88.76,201600
IEF,2008-02-28,89.5,89.8,89.3,89.8,289500
IEF,2008-02-29,90.25,90.8099,90.15,90.76,420700
IEF,2008-03-03,90.17,90.44,90.01,90.2501,480300
IEF,2008-03-04,90.35,90.65,89.82,89.91,305600
IEF,2008-03-05,90.11,90.13,89.43,89.52,358300
IEF,2008-03-06,89.86,90.3599,89.82,90.24,292600
IEF,2008-03-07,90.78,90.85,90.1199,90.55,414000
IEF,2008-03-10,90.72,91.34,90.63,91.2,200300
IEF,2008-03-11,90.398,90.5,90.02,90.207,350800
IEF,2008-03-12,90.43,91.2999,90.29,91.25,289800
IEF,2008-03-13,91.47,91.53,90.52,90.77,626400
IEF,2008-03-14,91.16,91.8899,91.16,91.71,301700
IEF,2008-03-17,91.67,92.59,91.67,92.17,569100
IEF,2008-03-18,92.06,92.06,91.42,91.54,333400
IEF,2008-03-19,91.45,92.4,91.42,92.33,1370400
IEF,2008-03-20,92.47,92.56,92.08,92.53,626300
IEF,2008-03-24,91.61,91.61,90.9,90.9,898300
IEF,2008-03-25,91.19,91.3737,91.04,91.22,314600
IEF,2008-03-26,91.46,91.5928,91.17,91.29,615400
IEF,2008-03-27,91.19,91.51,90.98,91.17,345100
IEF,2008-03-28,91.28,91.64,91.0854,91.53,131800
IEF,2008-03-31,91.92,91.97,91.62,91.69,431000
IEF,2008-04-01,90.89,91.54,90.37,90.58,786700
IEF,2008-04-02,90.32,90.6,90.0836,90.28,734700
IEF,2008-04-03,90.6,90.6,90.14,90.275,560200
IEF,2008-04-04,90.75,91.0,90.74,90.97,421800
IEF,2008-04-07,90.47,90.639,90.062,90.37,330400
IEF,2008-04-08,90.63,90.65,90.29,90.38,469900
IEF,2008-04-09,90.55,91.08,90.4301,90.92,761000
IEF,2008-04-10,90.92,91.03,90.363,90.56,199700
IEF,2008-04-11,90.95,91.09,90.832,90.95,716400
IEF,2008-04-14,90.94,91.09,90.66,90.72,246000
IEF,2008-04-15,90.44,90.6,90.19,90.31,273700
IEF,2008-04-16,90.25,90.35,89.46,89.7,1116400
IEF,2008-04-17,89.61,89.77,89.18,89.49,815000
IEF,2008-04-18,88.937,89.47,88.65,89.4,2284800
IEF,2008-04-21,89.27,89.524,89.15,89.41,303600
IEF,2008-04-22,89.26,89.67,89.25,89.48,427900
IEF,2008-04-23,89.43,89.5,89.1299,89.39,191300
IEF,2008-04-24,88.79,89.02,88.54,88.69,306600
IEF,2008-04-25,88.28,88.75,88.28,88.57,211400
IEF,2008-04-28,88.5,88.8099,88.46,88.73,167800
IEF,2008-04-29,88.98,89.12,88.77,88.89,144300
IEF,2008-04-30,88.86,89.262,88.58,89.17,168700
IEF,2008-05-01,89.3,89.37,88.7,88.88,336700
IEF,2008-05-02,88.29,88.4999,88.076,88.16,341700
IEF,2008-05-05,88.36,88.4099,88.0,88.29,158800
IEF,2008-05-06,88.53,88.579,87.932,88.01,557400
IEF,2008-05-07,87.81,88.4,87.81,88.36,361300
IEF,2008-05-08,88.53,88.93,88.48,88.93,445600
IEF,2008-05-09,89.15,89.21,88.88,89.03,236600
IEF,2008-05-12,88.95,89.23,88.83,88.88,112200
IEF,2008-05-13,88.36,88.5576,88.084,88.14,458800
IEF,2008-05-14,88.38,88.38,87.7801,88.11,174400
IEF,2008-05-15,88.03,88.64,88.03,88.6,269100
IEF,2008-05-16,88.4,88.9,88.37,88.45,318100
IEF,2008-05-19,88.55,88.6768,88.23,88.65,163600
IEF,2008-05-20,88.85,88.96,88.64,88.92,230400
IEF,2008-05-21,88.61,88.9399,88.557,88.71,183100
IEF,2008-05-22,88.37,88.38,87.85,88.13,223800
IEF,2008-05-23,88.34,88.65,88.3,88.52,413200
IEF,2008-05-27,88.09,88.32,87.96,88.09,258900
IEF,2008-05-28,87.76,87.82,87.4,87.43,197900
IEF,2008-05-29,87.23,87.23,86.76,87.02,387600
IEF,2008-05-30,87.42,87.48,87.24,87.31,2838400
IEF,2008-06-02,87.5,87.66,86.19,87.52,240300
IEF,2008-06-03,87.18,88.17,87.18,87.9801,561500
IEF,2008-06-04,88.19,88.1964,87.56,87.66,462400
IEF,2008-06-05,87.41,87.45,87.12,87.2,1079400
IEF,2008-06-06,87.7,88.0532,87.53,87.96,250000
IEF,2008-06-09,87.52,87.726,87.2,87.33,288000
IEF,2008-06-10,87.12,87.21,86.68,86.81,221200
IEF,2008-06-11,86.99,87.336,86.72,86.9,247100
IEF,2008-06-12,86.43,86.52,86.0,86.14,546800
IEF,2008-06-13,86.0,86.43,85.86,85.94,579300
IEF,2008-06-16,85.99,86.16,85.8,85.95,180600
IEF,2008-06-17,86.09,86.3248,85.93,86.24,266600
IEF,2008-06-18,86.39,86.775,86.35,86.71,296200
IEF,2008-06-19,86.52,86.61,86.19,86.212,152900
IEF,2008-06-20,86.72,86.84,86.4732,86.61,318300
IEF,2008-06-23,86.71,86.85,86.46,86.57,472000
IEF,2008-06-24,86.8,87.15,86.75,87.03,273400
IEF,2008-06-25,87.01,87.08,86.56,87.02,254200
IEF,2008-06-26,87.26,87.61,87.03,87.51,320500
IEF,2008-06-27,87.62,88.05,87.52,87.94,173000
IEF,2008-06-30,87.94,88.035,87.73,88.0,240500
IEF,2008-07-01,88.01,88.11,87.47,87.47,355300
IEF,2008-07-02,87.64,87.8,87.49,87.68,469800
IEF,2008-07-03,87.57,87.88,87.45,87.71,261800
IEF,2008-07-07,87.77,88.45,87.544,88.1199,507900
IEF,2008-07-08,88.18,88.47,88.15,88.34,206400
IEF,2008-07-09,88.35,88.828,88.25,88.76,308200
IEF,2008-07-10,88.8,88.94,88.41,88.79,291100
IEF,2008-07-11,88.79,88.8868,87.85,87.96,378000
IEF,2008-07-14,88.01,88.64,88.0,88.43,296400
IEF,2008-07-15,88.62,89.1,88.54,88.75,506300
IEF,2008-07-16,88.45,88.5,87.94,87.94,309500
IEF,2008-07-17,87.9,88.09,87.36,87.52,266400
IEF,2008-07-18,87.55,87.73,87.15,87.22,365500
IEF,2008-07-21,87.17,87.42,87.05,87.42,264600
IEF,2008-07-22,87.34,87.38,87.01,87.12,263000
IEF,2008-07-23,86.95,87.0599,86.69,86.98,550000
IEF,2008-07-24,87.09,87.78,87.07,87.73,276300
IEF,2008-07-25,87.51,87.64,87.1,87.22,296900
IEF,2008-07-28,87.51,87.8836,87.48,87.72,363000
IEF,2008-07-29,87.58,87.62,87.3,87.47,190000
IEF,2008-07-30,87.27,87.7996,87.15,87.64,274900
IEF,2008-07-31,88.11,88.34,88.04,88.34,275000
IEF,2008-08-01,87.73,88.1,87.71,88.08,308500
IEF,2008-08-04,87.92,88.2,87.8501,88.02,367500
IEF,2008-08-05,87.94,88.04,87.57,87.57,355600
IEF,2008-08-06,87.57,87.61,87.2,87.6,272400
IEF,2008-08-07,87.97,88.6,87.8588,88.42,341200
IEF,2008-08-08,88.51,88.54,88.22,88.38,202800
IEF,2008-08-11,88.26,88.26,87.67,87.95,412500
IEF,2008-08-12,88.27,88.58,88.24,88.56,302200
IEF,2008-08-13,88.7,88.72,88.2,88.37,210100
IEF,2008-08-14,88.64,88.78,88.465,88.64,303000
IEF,2008-08-15,88.88,89.11,88.83,88.97,292500
IEF,2008-08-18,88.96,89.23,88.88,89.19,381000
IEF,2008-08-19,89.29,89.315,88.955,89.06,373400
IEF,2008-08-20,89.22,89.45,89.1401,89.3199,487300
IEF,2008-08-21,89.37,89.37,88.9401,89.13,279900
IEF,2008-08-22,88.96,88.96,88.7001,88.87,157200
IEF,2008-08-25,89.38,89.55,89.3501,89.46,232700
IEF,2008-08-26,89.36,89.49,89.19,89.49,166900
IEF,2008-08-27,89.11,89.646,89.11,89.62,255700
IEF,2008-08-28,89.37,89.59,89.2,89.49,201600
IEF,2008-08-29,89.29,89.42,89.1,89.38,496900
IEF,2008-09-02,88.89,89.59,88.7,89.5699,349200
IEF,2008-09-03,89.56,89.9,89.5301,89.79,410300
IEF,2008-09-04,89.96,90.28,89.85,90.24,460500
IEF,2008-09-05,90.47,90.64,90.0,90.042,363400
IEF,2008-09-08,89.43,90.08,89.24,90.05,418500
IEF,2008-09-09,89.88,90.53,89.74,90.46,323800
IEF,2008-09-10,89.93,90.35,89.8701,90.23,248900
IEF,2008-09-11,90.49,90.5399,90.0,90.07,393500
IEF,2008-09-12,90.17,90.2,89.47,89.62,358300
IEF,2008-09-15,90.97,91.41,90.616,91.34,526200
IEF,2008-09-16,92.63,92.64,91.03,91.08,810900
IEF,2008-09-17,91.67,92.11,91.3201,91.9,829800
IEF,2008-09-18,91.4,91.93,90.79,90.82,687700
IEF,2008-09-19,89.06,89.75,89.06,89.2,1339500
IEF,2008-09-22,88.64,89.1144,88.48,89.01,785800
IEF,2008-09-23,89.14,89.292,88.72,89.01,455500
IEF,2008-09-24,89.33,89.5393,89.01,89.24,415400
IEF,2008-09-25,89.2,89.2,88.45,88.97,427200
IEF,2008-09-26,89.14,89.29,88.83,88.91,310600
IEF,2008-09-29,89.49,91.07,89.49,90.15,528000
IEF,2008-09-30,90.29,90.29,88.78,88.96,477900
IEF,2008-10-01,89.14,89.8,88.77,89.28,349200
IEF,2008-10-02,89.43,89.92,89.32,89.78,298000
IEF,2008-10-03,89.88,90.2,89.0,90.12,505400
IEF,2008-10-06,90.44,91.32,90.43,90.85,1065200
IEF,2008-10-07,90.44,91.05,90.27,90.78,825400
IEF,2008-10-08,91.07,91.23,88.51,89.62,869200
IEF,2008-10-09,88.67,88.79,88.24,88.72,577200
IEF,2008-10-10,88.45,88.45,87.41,87.68,1154600
IEF,2008-10-13,87.26,87.76,86.87,87.08,478400
IEF,2008-10-14,87.05,87.4,86.62,86.67,736700
IEF,2008-10-15,86.66,87.38,86.59,87.38,247200
IEF,2008-10-16,87.11,87.586,87.0501,87.4,330400
IEF,2008-10-17,87.9,87.95,86.94,87.95,445800
IEF,2008-10-20,87.49,88.1,87.29,88.04,315900
IEF,2008-10-21,88.59,89.1299,88.1854,88.97,225500
IEF,2008-10-22,89.11,89.65,89.06,89.65,347700
IEF,2008-10-23,89.91,90.15,89.29,89.77,330000
IEF,2008-10-24,90.4,90.4,89.17,89.39,1924600
IEF,2008-10-27,89.46,89.68,88.91,89.34,213700
IEF,2008-10-28,88.9,89.33,88.31,88.62,278100
IEF,2008-10-29,88.69,89.0454,88.32,88.75,255400
IEF,2008-10-30,88.06,88.31,87.83,88.07,406300
IEF,2008-10-31,88.43,88.73,87.59,87.89,264100
IEF,2008-11-03,87.7,87.85,87.39,87.71,1942300
IEF,2008-11-04,87.74,88.88,87.74,88.76,269700
IEF,2008-11-05,88.78,89.23,88.67,89.23,286500
IEF,2008-11-06,88.8,89.17,88.5,88.96,173000
IEF,2008-11-07,88.73,88.85,88.44,88.64,212300
IEF,2008-11-10,88.54,88.972,88.29,88.73,205400
IEF,2008-11-11,88.72,89.37,88.72,89.06,130100
IEF,2008-11-12,89.28,89.75,89.25,89.61,266900
IEF,2008-11-13,89.49,89.9455,88.88,88.96,300500
IEF,2008-11-14,89.73,90.0622,89.53,89.84,324100
IEF,2008-11-17,89.85,90.3,89.8,90.22,473100
IEF,2008-11-18,90.6,91.149,90.42,90.92,543600
IEF,2008-11-19,91.3,92.048,91.09,91.9,432400
IEF,2008-11-20,93.11,93.75,92.61,93.75,727900
IEF,2008-11-21,92.74,93.12,92.43,92.89,791300
IEF,2008-11-24,92.52,92.6,91.71,92.02,611600
IEF,2008-11-25,93.21,95.7,92.85,93.6,411600
IEF,2008-11-26,93.73,94.24,93.69,94.17,483400
IEF,2008-11-28,94.05,94.52,94.01,94.36,134000
IEF,2008-12-01,95.05,96.08,94.64,95.32,663900
IEF,2008-12-02,95.26,95.8708,95.17,95.82,278300
IEF,2008-12-03,95.77,96.12,95.2,95.97,352200
IEF,2008-12-04,96.17,96.789,95.87,96.57,443800
IEF,2008-12-05,96.25,96.66,95.42,95.55,557500
IEF,2008-12-08,95.5,95.71,95.07,95.19,523400
IEF,2008-12-09,95.38,96.21,95.07,96.0,1421700
IEF,2008-12-10,95.49,95.91,95.2808,95.91,737000
IEF,2008-12-11,96.04,96.56,95.63,96.49,327500
IEF,2008-12-12,96.48,96.77,95.49,96.76,281300
IEF,2008-12-15,96.84,97.24,96.7063,96.97,328900
IEF,2008-12-16,97.04,98.63,96.64,98.51,406000
IEF,2008-12-17,99.78,100.02,99.01,99.18,667900
IEF,2008-12-18,99.95,100.31,99.67,99.85,477700
IEF,2008-12-19,99.72,99.9892,99.44,99.52,598000
IEF,2008-12-22,99.56,99.724,99.15,99.26,804200
IEF,2008-12-23,99.1,99.55,99.0,99.21,324500
IEF,2008-12-24,99.16,99.44,99.05,99.11,129200
IEF,2008-12-26,99.51,99.64,99.2,99.64,181100
IEF,2008-12-29,99.45,99.92,99.3801,99.49,211900
IEF,2008-12-30,99.23,99.639,99.1,99.63,201300
IEF,2008-12-31,99.37,99.578,98.2,98.53,404600
IEF,2009-01-02,98.78,98.9632,96.94,97.12,455200
IEF,2009-01-05,96.71,97.3,96.45,96.95,1383500
IEF,2009-01-06,96.21,97.08,96.0,96.89,900800
IEF,2009-01-07,96.74,97.14,96.55,96.91,296700
IEF,2009-01-08,97.01,97.5246,96.86,97.17,262600
IEF,2009-01-09,97.0,97.948,97.0,97.62,278700
IEF,2009-01-12,97.38,98.31,97.34,98.23,747700
IEF,2009-01-13,97.98,98.36,97.91,98.3,157700
IEF,2009-01-14,98.72,99.22,98.7,98.85,321100
IEF,2009-01-15,98.97,99.1244,98.5905,98.77,414500
IEF,2009-01-16,97.55,98.5,97.47,97.86,288800
IEF,2009-01-20,96.81,98.05,96.75,97.71,357200
IEF,2009-01-21,97.1,97.55,96.62,96.84,484100
IEF,2009-01-22,96.72,96.77,95.9,96.2,262600
IEF,2009-01-23,95.86,96.22,95.5606,96.22,361900
IEF,2009-01-26,95.85,96.11,95.56,95.98,324900
IEF,2009-01-27,95.91,96.75,95.85,96.61,269300
IEF,2009-01-28,96.75,96.82,95.58,95.993,266200
IEF,2009-01-29,95.51,95.74,94.48,94.74,325900
IEF,2009-01-30,95.02,95.15,94.62,94.7,296900
IEF,2009-02-02,94.8,95.37,94.47,95.2,347600
IEF,2009-02-03,94.84,94.939,94.2,94.38,436000
IEF,2009-02-04,94.15,94.25,93.5,93.9,325000
IEF,2009-02-05,94.03,94.46,93.74,94.12,641800
IEF,2009-02-06,94.0,94.03,93.5,93.55,667000
IEF,2009-02-09,93.52,93.58,93.12,93.36,468300
IEF,2009-02-10,94.1,94.85,93.98,94.61,437400
IEF,2009-02-11,94.86,95.49,94.82,95.34,316800
IEF,2009-02-12,95.58,95.78,95.21,95.31,379900
IEF,2009-02-13,94.91,95.03,94.42,94.56,304100
IEF,2009-02-17,95.56,96.2164,95.56,96.15,416200
IEF,2009-02-18,96.14,96.189,95.3406,95.45,422300
IEF,2009-02-19,94.56,95.29,94.56,94.92,229300
IEF,2009-02-20,95.48,95.871,95.13,95.19,338800
IEF,2009-02-23,94.83,95.319,94.69,95.28,440600
IEF,2009-02-24,95.43,95.79,94.85,94.92,557000
IEF,2009-02-25,94.87,95.13,93.97,94.06,428700
IEF,2009-02-26,93.83,94.06,93.6588,93.82,224800
IEF,2009-02-27,94.07,94.28,93.56,93.74,288300
IEF,2009-03-02,93.97,94.63,93.9,94.43,500400
IEF,2009-03-03,93.9,94.61,93.78,94.31,528400
IEF,2009-03-04,93.47,93.87,93.44,93.83,331600
IEF,2009-03-05,94.51,95.05,94.1864,94.93,475000
IEF,2009-03-06,94.46,95.18,94.46,94.48,414800
IEF,2009-03-09,94.63,94.76,94.0968,94.52,224900
IEF,2009-03-10,94.05,94.15,93.73,93.83,244500
IEF,2009-03-11,93.63,94.5,93.56,94.5,320700
IEF,2009-03-12,94.57,95.1,94.4,94.77,271100
IEF,2009-03-13,94.5,95.1,94.3,94.6948,553200
IEF,2009-03-16,94.07,94.39,94.02,94.16,512100
IEF,2009-03-17,94.46,94.63,93.79,93.98,222200
IEF,2009-03-18,94.15,97.5,94.15,97.2,751400
IEF,2009-03-19,97.51,97.68,96.8508,96.87,711100
IEF,2009-03-20,97.04,97.21,96.7,96.87,231400
IEF,2009-03-23,96.81,97.1,96.49,96.54,285100
IEF,2009-03-24,96.41,96.81,96.0,96.4,810500
IEF,2009-03-25,96.17,96.42,95.6703,95.82,443500
IEF,2009-03-26,95.83,96.34,95.65,96.07,507900
IEF,2009-03-27,96.28,96.4,95.82,96.01,394200
IEF,2009-03-30,96.55,96.6685,96.1101,96.42,321200
IEF,2009-03-31,96.42,96.7,96.41,96.59,1150800
IEF,2009-04-01,96.57,96.72,96.22,96.55,230200
IEF,2009-04-02,96.22,96.2924,95.7,95.92,552400
IEF,2009-04-03,95.51,95.74,94.79,94.82,1177200
IEF,2009-04-06,94.97,95.0396,94.54,94.6,363600
IEF,2009-04-07,94.82,95.01,94.67,94.84,289700
IEF,2009-04-08,94.98,95.31,94.85,95.31,250800
IEF,2009-04-09,94.72,95.163,94.6,94.75,249600
IEF,2009-04-13,95.16,95.46,95.11,95.31,207300
IEF,2009-04-14,95.56,95.91,95.42,95.8,254000
IEF,2009-04-15,95.93,96.01,95.4966,95.89,238500
IEF,2009-04-16,95.68,95.8034,95.35,95.51,240100
IEF,2009-04-17,95.24,95.28,94.65,94.74,239400
IEF,2009-04-20,95.1,95.5,95.08,95.4,277700
IEF,2009-04-21,95.79,95.86,94.9,95.03,218500
IEF,2009-04-22,95.14,95.19,94.5,94.8,160900
IEF,2009-04-23,94.7,94.9,94.43,94.78,238200
IEF,2009-04-24,94.51,94.65,94.2401,94.41,253500
IEF,2009-04-27,94.8,94.95,94.45,94.8,207500
IEF,2009-04-28,95.11,95.12,94.2,94.34,283800
IEF,2009-04-29,94.35,94.554,93.51,93.83,454400
IEF,2009-04-30,93.59,93.79,93.29,93.67,410500
IEF,2009-05-01,93.16,93.21,92.83,93.09,562700
IEF,2009-05-04,93.15,93.36,92.96,93.185,516400
IEF,2009-05-05,93.19,93.361,92.97,93.16,245000
IEF,2009-05-06,93.08,93.548,93.01,93.2,442600
IEF,2009-05-07,92.68,92.9744,92.25,92.42,489800
IEF,2009-05-08,92.51,92.8,92.41,92.53,399900
IEF,2009-05-11,93.15,93.45,92.99,93.4,698000
IEF,2009-05-12,93.23,93.48,93.09,93.34,206800
IEF,2009-05-13,93.57,93.86,93.56,93.77,287500
IEF,2009-05-14,93.71,93.83,93.55,93.78,186500
IEF,2009-05-15,93.63,93.7,93.4,93.55,254100
IEF,2009-05-18,93.61,93.68,92.96,93.0,456100
IEF,2009-05-19,92.8,92.927,92.5936,92.87,268900
IEF,2009-05-20,92.88,93.2899,92.73,93.1601,408600
IEF,2009-05-21,93.46,93.46,92.06,92.14,374900
IEF,2009-05-22,91.74,92.0099,91.46,91.6,382200
IEF,2009-05-26,91.87,91.99,90.97,90.99,519900
IEF,2009-05-27,91.0,91.06,89.88,89.96,733500
IEF,2009-05-28,90.61,90.63,89.71,90.43,660100
IEF,2009-05-29,90.47,91.54,90.45,91.45,1119300
IEF,2009-06-01,90.26,90.35,89.43,89.69,970300
IEF,2009-06-02,89.92,90.04,89.45,89.99,1903800
IEF,2009-06-03,90.28,90.644,90.14,90.54,568800
IEF,2009-06-04,89.98,90.09,89.34,89.49,591100
IEF,2009-06-05,88.68,89.14,88.41,88.6,1273900
IEF,2009-06-08,88.71,88.84,88.08,88.15,1135800
IEF,2009-06-09,88.55,88.79,88.29,88.53,1127200
IEF,2009-06-10,88.27,88.48,87.703,88.0,1406500
IEF,2009-06-11,87.98,88.95,87.82,88.6,781400
IEF,2009-06-12,88.72,89.29,88.72,89.07,608300
IEF,2009-06-15,89.41,89.616,89.3,89.47,531500
IEF,2009-06-16,89.44,90.0,89.29,89.97,403000
IEF,2009-06-17,90.0,90.402,89.73,89.73,594800
IEF,2009-06-18,89.23,89.4225,88.54,88.64,1015500
IEF,2009-06-19,88.51,89.07,88.44,89.05,850900
IEF,2009-06-22,89.41,89.64,89.3,89.53,1218000
IEF,2009-06-23,89.56,89.95,89.43,89.82,492200
IEF,2009-06-24,89.87,90.32,89.48,89.48,687600
IEF,2009-06-25,89.7,90.6,89.49,90.6,790700
IEF,2009-06-26,90.67,90.9,90.5,90.72,263700
IEF,2009-06-29,90.97,91.09,90.72,90.91,903200
IEF,2009-06-30,90.46,90.986,90.32,90.67,608800
IEF,2009-07-01,90.05,90.36,89.88,90.36,394094
IEF,2009-07-02,90.53,90.88,90.53,90.66,431695
IEF,2009-07-06,90.51,90.77,90.41,90.72,472150
IEF,2009-07-07,90.58,91.09,90.58,91.08,741536
IEF,2009-07-08,91.16,92.28,91.08,92.13,658898
IEF,2009-07-09,91.6,91.74,91.25,91.59,668884
IEF,2009-07-10,91.96,92.35,91.82,92.16,400218
IEF,2009-07-13,92.21,92.31,91.75,91.83,327362
IEF,2009-07-14,91.31,91.57,91.07,91.22,942025
IEF,2009-07-15,90.74,90.82,90.04,90.04,714313
IEF,2009-07-16,90.65,90.89,90.52,90.58,194809
IEF,2009-07-17,90.19,90.38,89.97,89.97,615902
IEF,2009-07-20,89.75,90.61,89.71,90.3,335357
IEF,2009-07-21,90.09,91.37,90.08,91.31,837604
IEF,2009-07-22,91.2,91.2,90.65,90.77,298265
IEF,2009-07-23,90.76,90.78,89.71,89.89,518064
IEF,2009-07-24,89.85,90.12,89.83,90.08,292334
IEF,2009-07-27,89.59,89.82,89.38,89.66,326765
IEF,2009-07-28,89.84,90.32,89.58,89.84,299300
IEF,2009-07-29,90.24,90.27,89.55,89.9,265162
IEF,2009-07-30,89.72,90.3,89.55,90.26,367350
IEF,2009-07-31,90.65,91.24,90.46,91.17,0
IEF,2009-08-03,90.37,90.4,89.7,89.94,453694
IEF,2009-08-04,90.17,90.24,89.35,89.68,551417
IEF,2009-08-05,89.28,89.96,89.13,89.17,393836
IEF,2009-08-06,89.13,89.5,88.97,89.17,311196
IEF,2009-08-07,88.66,88.76,88.47,88.58,507167
IEF,2009-08-10,88.69,89.18,88.6,89.15,1487640
IEF,2009-08-11,89.48,89.77,89.39,89.77,327302
IEF,2009-08-12,89.85,89.92,89.14,89.52,624664
IEF,2009-08-13,89.79,90.39,89.7,90.22,614621
IEF,2009-08-14,90.43,90.97,90.42,90.5,694981
IEF,2009-08-17,90.87,91.17,90.85,91.12,572877
IEF,2009-08-18,91.13,91.15,90.78,90.8,514651
IEF,2009-08-19,91.43,91.45,90.94,91.14,495397
IEF,2009-08-20,91.24,91.43,90.97,91.38,542825
IEF,2009-08-21,91.31,91.38,90.42,90.45,435088
IEF,2009-08-24,90.24,91.04,90.23,91.01,369069
IEF,2009-08-25,90.93,91.33,90.72,91.25,315743
IEF,2009-08-26,91.33,91.43,91.14,91.37,219525
IEF,2009-08-27,91.09,91.45,91.01,91.12,378638
IEF,2009-08-28,90.93,91.39,90.86,91.33,303493
IEF,2009-08-31,91.41,91.7,91.26,91.6,0
IEF,2009-09-01,91.13,91.78,90.98,91.58,464415
IEF,2009-09-02,91.71,92.13,91.61,92.08,381884
IEF,2009-09-03,91.83,92.03,91.73,91.75,246381
IEF,2009-09-04,91.7,91.82,91.17,91.2,521340
IEF,2009-09-08,90.99,91.43,90.96,90.99,408616
IEF,2009-09-09,90.86,91.09,90.66,91.07,568311
IEF,2009-09-10,91.41,92.07,91.37,91.75,626855
IEF,2009-09-11,92.15,92.45,91.96,92.02,1319486
IEF,2009-09-14,91.76,91.89,91.43,91.48,477088
IEF,2009-09-15,91.12,91.47,91.12,91.29,710072
IEF,2009-09-16,91.42,91.45,90.98,91.22,743139
IEF,2009-09-17,91.28,91.68,91.0,91.67,846478
IEF,2009-09-18,91.39,91.53,91.04,91.18,910128
IEF,2009-09-21,91.34,91.52,91.0,91.12,617137
IEF,2009-09-22,91.05,91.36,91.04,91.36,438769
IEF,2009-09-23,91.15,91.61,90.9,91.56,794412
IEF,2009-09-24,91.6,91.93,91.48,91.81,501157
IEF,2009-09-25,91.87,92.21,91.67,92.18,454003
IEF,2009-09-28,92.1,92.43,92.05,92.34,513923
IEF,2009-09-29,92.1,92.45,91.99,92.3,276322
IEF,2009-09-30,92.21,92.49,92.16,92.37,0
IEF,2009-10-01,92.45,92.95,92.33,92.81,1762775
IEF,2009-10-02,93.21,93.23,92.69,92.77,936556
IEF,2009-10-05,93.03,93.06,92.7,92.76,509101
IEF,2009-10-06,92.65,92.69,92.44,92.46,382286
IEF,2009-10-07,92.8,93.14,92.78,93.05,269425
IEF,2009-10-08,93.17,93.2,92.61,92.71,422123
IEF,2009-10-09,92.26,92.44,91.62,91.82,543771
IEF,2009-10-12,91.82,92.21,91.78,92.09,464731
IEF,2009-10-13,92.25,92.36,92.07,92.3,489148
IEF,2009-10-14,91.76,92.0,91.51,91.67,523328
IEF,2009-10-15,91.3,91.75,91.23,91.37,826092
IEF,2009-10-16,91.55,91.79,91.34,91.79,765240
IEF,2009-10-19,91.62,91.93,91.56,91.93,486985
IEF,2009-10-20,92.18,92.33,92.07,92.14,640732
IEF,2009-10-21,91.86,91.94,91.57,91.93,406327
IEF,2009-10-22,91.54,91.83,91.51,91.66,421224
IEF,2009-10-23,91.29,91.46,91.2,91.21,424766
IEF,2009-10-26,91.02,91.1,90.63,90.69,762490
IEF,2009-10-27,90.88,91.5,90.88,91.47,669711
IEF,2009-10-28,91.48,91.94,91.44,91.75,684010
IEF,2009-10-29,91.49,91.53,91.08,91.31,351126
IEF,2009-10-30,91.58,92.0,91.55,91.99,600040
IEF,2009-11-02,91.28,91.28,90.89,90.98,671071
IEF,2009-11-03,91.23,91.23,90.6,90.77,352955
IEF,2009-11-04,90.48,90.7,90.23,90.52,497641
IEF,2009-11-05,90.41,90.6,90.29,90.54,147575
IEF,2009-11-06,90.75,90.83,90.43,90.81,327272
IEF,2009-11-09,90.77,90.97,90.74,90.85,531418
IEF,2009-11-10,91.08,91.16,90.75,90.92,522928
IEF,2009-11-11,91.2,91.42,91.05,91.18,275525
IEF,2009-11-12,90.97,91.24,90.62,91.21,374449
IEF,2009-11-13,91.2,91.3,91.07,91.28,229237
IEF,2009-11-16,91.46,91.89,91.37,91.77,514711
IEF,2009-11-17,91.7,92.03,91.6,91.97,505957
IEF,2009-11-18,91.82,91.91,91.62,91.74,285284
IEF,2009-11-19,91.86,92.09,91.77,91.85,378132
IEF,2009-11-20,91.9,91.98,91.7,91.84,304188
IEF,2009-11-23,91.61,91.75,91.46,91.71,505065
IEF,2009-11-24,91.9,92.26,91.8,92.18,753726
IEF,2009-11-25,92.11,92.54,91.98,92.49,431240
IEF,2009-11-27,92.9,93.0,92.73,92.91,412131
IEF,2009-11-30,92.88,93.12,92.72,93.06,0
IEF,2009-12-01,92.61,92.66,92.3,92.34,529540
IEF,2009-12-02,92.26,92.41,92.02,92.15,463798
IEF,2009-12-03,91.6,91.78,91.57,91.72,463403
IEF,2009-12-04,90.96,91.14,90.79,91.04,756604
IEF,2009-12-07,91.06,91.37,91.04,91.29,399037
IEF,2009-12-08,91.74,91.88,91.5,91.61,502177
IEF,2009-12-09,91.65,91.8,91.37,91.43,721779
IEF,2009-12-10,91.25,91.28,90.85,91.12,423197
IEF,2009-12-11,90.81,90.81,90.48,90.67,453936
IEF,2009-12-14,90.74,90.86,90.63,90.67,195113
IEF,2009-12-15,90.31,90.47,90.2,90.38,325960
IEF,2009-12-16,90.54,90.7,90.28,90.38,761489
IEF,2009-12-17,90.9,91.18,90.73,91.18,468765
IEF,2009-12-18,90.98,91.13,90.7,90.73,517598
IEF,2009-12-21,90.32,90.33,89.75,89.8,609887
IEF,2009-12-22,89.55,89.59,89.33,89.4,366611
IEF,2009-12-23,89.57,89.78,89.35,89.36,351303
IEF,2009-12-24,89.3,89.36,89.04,89.04,160137
IEF,2009-12-28,88.95,88.97,88.79,88.8,0
IEF,2009-12-29,88.74,88.93,88.63,88.87,428708
IEF,2009-12-30,88.92,89.06,88.81,89.03,473069
IEF,2009-12-31,88.59,88.96,88.29,88.6,304210
IEF,2010-01-04,88.74,88.95,88.63,88.82,619066
IEF,2010-01-05,89.06,89.35,89.06,89.21,1547485
IEF,2010-01-06,89.15,89.2,88.78,88.85,365423
IEF,2010-01-07,88.87,89.05,88.81,88.85,390882
IEF,2010-01-08,89.13,89.14,88.82,88.96,382435
IEF,2010-01-11,89.01,89.15,88.93,89.02,653508
IEF,2010-01-12,89.6,89.72,89.48,89.66,402980
IEF,2010-01-13,89.48,89.67,89.2,89.23,281884
IEF,2010-01-14,89.49,89.77,89.39,89.65,511642
IEF,2010-01-15,89.98,90.15,89.96,90.05,429130
IEF,2010-01-19,89.86,89.96,89.71,89.89,411813
IEF,2010-01-20,90.14,90.32,90.13,90.2,228795
IEF,2010-01-21,90.08,90.6,90.06,90.53,349133
IEF,2010-01-22,90.46,90.68,90.43,90.61,272861
IEF,2010-01-25,90.41,90.53,90.4,90.41,1698945
IEF,2010-01-26,90.69,90.71,90.42,90.59,490561
IEF,2010-01-27,90.64,90.81,90.3,90.38,342025
IEF,2010-01-28,90.09,90.45,90.09,90.35,318066
IEF,2010-01-29,90.26,90.7,90.15,90.7,0
IEF,2010-02-01,90.26,90.26,89.99,90.09,634298
IEF,2010-02-02,90.13,90.25,90.1,90.24,425940
IEF,2010-02-03,89.98,90.05,89.78,89.81,435237
IEF,2010-02-04,90.2,90.59,90.2,90.55,503366
IEF,2010-02-05,90.49,91.0,90.43,90.84,694613
IEF,2010-02-08,90.68,90.78,90.56,90.76,257546
IEF,2010-02-09,90.52,90.73,90.25,90.27,481166
IEF,2010-02-10,90.41,90.46,89.89,90.02,496174
IEF,2010-02-11,90.03,90.03,89.67,89.91,496817
IEF,2010-02-12,90.2,90.27,90.1,90.12,219729
IEF,2010-02-16,89.94,90.35,89.91,90.32,175330
IEF,2010-02-17,90.09,90.22,89.68,89.84,357946
IEF,2010-02-18,89.9,89.9,89.31,89.52,474229
IEF,2010-02-19,89.46,89.57,89.26,89.57,527882
IEF,2010-02-22,89.44,89.58,89.42,89.5,349619
IEF,2010-02-23,89.61,90.23,89.58,90.18,557176
IEF,2010-02-24,90.21,90.38,90.05,90.23,394228
IEF,2010-02-25,90.57,90.62,90.42,90.56,256602
IEF,2010-02-26,90.62,90.91,90.61,90.7,0
IEF,2010-03-01,90.56,90.62,90.4,90.55,468557
IEF,2010-03-02,90.36,90.62,90.32,90.6,417869
IEF,2010-03-03,90.41,90.56,90.3,90.51,476550
IEF,2010-03-04,90.47,90.78,90.37,90.67,431025
IEF,2010-03-05,90.31,90.33,90.05,90.24,549893
IEF,2010-03-08,90.01,90.08,89.97,90.0,399802
IEF,2010-03-09,90.18,90.23,90.0,90.23,350471
IEF,2010-03-10,89.93,90.1,89.88,90.08,329747
IEF,2010-03-11,89.91,90.14,89.85,90.0,283201
IEF,2010-03-12,89.8,90.25,89.79,90.14,276327
IEF,2010-03-15,90.13,90.2,89.97,90.14,190043
IEF,2010-03-16,90.16,90.53,90.13,90.49,388176
IEF,2010-03-17,90.56,90.63,90.45,90.6,288285
IEF,2010-03-18,90.53,90.59,90.33,90.36,202548
IEF,2010-03-19,90.24,90.52,90.23,90.24,171245
IEF,2010-03-22,90.46,90.54,90.39,90.54,338077
IEF,2010-03-23,90.51,90.6,90.35,90.35,244020
IEF,2010-03-24,89.87,89.99,89.32,89.45,531278
IEF,2010-03-25,89.27,89.37,88.82,89.12,601882
IEF,2010-03-26,89.03,89.36,89.02,89.33,734088
IEF,2010-03-29,89.3,89.37,89.1,89.2,521381
IEF,2010-03-30,89.19,89.29,89.02,89.29,246496
IEF,2010-03-31,89.46,89.58,89.35,89.5,0
IEF,2010-04-01,89.11,89.16,88.94,89.06,397584
IEF,2010-04-05,88.44,88.53,88.12,88.26,656063
IEF,2010-04-06,88.56,88.6,88.37,88.52,566058
IEF,2010-04-07,88.51,89.17,88.49,89.07,561937
IEF,2010-04-08,89.16,89.31,88.92,88.97,465306
IEF,2010-04-09,88.85,89.1,88.75,89.07,314546
IEF,2010-04-12,89.21,89.41,89.12,89.31,401974
IEF,2010-04-13,89.53,89.59,89.33,89.48,308927
IEF,2010-04-14,89.48,89.57,89.2,89.24,315743
IEF,2010-04-15,89.11,89.47,89.07,89.39,299839
IEF,2010-04-16,89.54,89.96,89.43,89.93,409873
IEF,2010-04-19,89.85,89.88,89.64,89.71,215296
IEF,2010-04-20,89.67,89.75,89.55,89.75,171301
IEF,2010-04-21,89.84,90.08,89.75,90.04,446457
IEF,2010-04-22,90.15,90.25,89.8,89.83,258135
IEF,2010-04-23,89.61,89.68,89.49,89.58,174170
IEF,2010-04-26,89.78,89.81,89.55,89.64,161872
IEF,2010-04-27,90.05,90.54,89.95,90.48,442741
IEF,2010-04-28,90.16,90.29,89.86,90.02,409750
IEF,2010-04-29,90.01,90.23,89.89,90.17,350443
IEF,2010-04-30,90.28,90.73,90.27,90.72,0
IEF,2010-05-03,90.17,90.28,90.11,90.21,300441
IEF,2010-05-04,90.76,90.89,90.61,90.82,355000
IEF,2010-05-05,91.18,91.59,90.98,91.17,671938
IEF,2010-05-06,91.24,93.06,91.1,92.17,902395
IEF,2010-05-07,91.93,92.75,91.78,91.92,3856425
IEF,2010-05-10,90.99,91.41,90.98,91.22,836107
IEF,2010-05-11,91.41,91.46,91.03,91.33,891351
IEF,2010-05-12,91.22,91.34,91.04,91.1,423996
IEF,2010-05-13,91.35,91.43,90.89,91.35,420204
IEF,2010-05-14,91.76,92.21,91.7,91.94,488611
IEF,2010-05-17,91.93,92.33,91.7,91.74,535065
IEF,2010-05-18,91.78,92.48,91.74,92.41,1711363
IEF,2010-05-19,92.43,92.89,92.38,92.49,839625
IEF,2010-05-20,93.21,93.63,93.05,93.39,1221530
IEF,2010-05-21,94.14,94.21,93.27,93.44,1196168
IEF,2010-05-24,93.52,93.67,93.33,93.44,2949359
IEF,2010-05-25,94.03,94.2,93.62,93.76,1063952
IEF,2010-05-26,93.46,93.6,93.11,93.57,551562
IEF,2010-05-27,92.88,92.9,92.57,92.68,522785
IEF,2010-05-28,92.9,93.14,92.72,93.1,511696
IEF,2010-06-01,93.16,93.19,92.73,92.96,978845
IEF,2010-06-02,92.92,93.03,92.39,92.43,519021
IEF,2010-06-03,92.14,92.56,92.08,92.3,274222
IEF,2010-06-04,93.19,93.61,93.09,93.58,728291
IEF,2010-06-07,93.47,93.98,93.42,93.96,413702
IEF,2010-06-08,93.68,93.92,93.63,93.67,604256
IEF,2010-06-09,93.41,93.79,93.3,93.68,263939
IEF,2010-06-10,93.29,93.33,92.77,92.81,655116
IEF,2010-06-11,93.24,93.56,93.0,93.4,404762
IEF,2010-06-14,92.93,93.33,92.81,93.32,627664
IEF,2010-06-15,93.34,93.43,92.9,93.03,1114315
IEF,2010-06-16,93.31,93.37,93.02,93.29,621849
IEF,2010-06-17,93.39,93.87,93.39,93.73,792500
IEF,2010-06-18,93.67,93.71,93.53,93.54,463312
IEF,2010-06-21,93.03,93.51,93.0,93.47,569056
IEF,2010-06-22,93.54,94.07,93.49,94.03,549176
IEF,2010-06-23,94.12,94.53,94.1,94.38,632410
IEF,2010-06-24,94.57,94.66,94.17,94.3,1075019
IEF,2010-06-25,94.21,94.68,94.19,94.45,455334
IEF,2010-06-28,94.78,95.13,94.78,95.12,924250
IEF,2010-06-29,95.34,95.6,95.3,95.53,920377
IEF,2010-06-30,95.61,95.67,95.33,95.67,891475
IEF,2010-07-01,95.43,95.84,95.34,95.38,1293675
IEF,2010-07-02,95.21,95.42,95.08,95.21,1072328
IEF,2010-07-06,95.16,95.57,95.05,95.44,914029
IEF,2010-07-07,95.51,95.52,95.11,95.14,473819
IEF,2010-07-08,94.85,95.04,94.71,94.91,508346
IEF,2010-07-09,94.78,94.86,94.66,94.66,439763
IEF,2010-07-12,94.82,95.06,94.75,94.82,685176
IEF,2010-07-13,94.63,94.67,94.33,94.35,679692
IEF,2010-07-14,94.68,94.98,94.5,94.82,566404
IEF,2010-07-15,95.02,95.49,95.02,95.31,703580
IEF,2010-07-16,95.39,95.92,95.39,95.86,864176
IEF,2010-07-19,95.72,95.84,95.52,95.61,489748
IEF,2010-07-20,95.9,96.11,95.69,95.71,895895
IEF,2010-07-21,95.78,96.41,95.77,96.32,470606
IEF,2010-07-22,96.05,96.05,95.78,95.79,656772
IEF,2010-07-23,95.86,95.93,95.15,95.48,799452
IEF,2010-07-26,95.44,95.55,95.23,95.45,626251
IEF,2010-07-27,95.14,95.36,95.1,95.12,528104
IEF,2010-07-28,95.18,95.61,95.1,95.53,932960
IEF,2010-07-29,95.49,95.92,95.43,95.73,737212
IEF,2010-07-30,96.23,96.35,96.03,96.29,563601
IEF,2010-08-02,95.79,95.92,95.68,95.74,1160888
IEF,2010-08-03,96.03,96.26,95.99,96.19,911849
IEF,2010-08-04,96.15,96.17,95.79,95.79,777581
IEF,2010-08-05,96.12,96.29,96.03,96.25,817317
IEF,2010-08-06,96.68,96.89,96.53,96.88,438379
IEF,2010-08-09,96.75,96.88,96.7,96.86,464753
IEF,2010-08-10,96.81,97.42,96.72,97.35,641133
IEF,2010-08-11,97.7,97.93,97.64,97.9,911201
IEF,2010-08-12,97.96,97.97,97.55,97.65,1701048
IEF,2010-08-13,97.84,98.09,97.78,98.07,705784
IEF,2010-08-16,98.66,98.81,98.54,98.78,1453106
IEF,2010-08-17,98.52,98.54,98.1,98.28,774270
IEF,2010-08-18,98.54,98.66,98.14,98.18,1148561
IEF,2010-08-19,98.15,98.77,98.12,98.62,684021
IEF,2010-08-20,98.61,98.68,98.25,98.3,305903
IEF,2010-08-23,98.26,98.5,98.16,98.43,575593
IEF,2010-08-24,98.97,99.39,98.84,99.21,973319
IEF,2010-08-25,99.47,99.66,98.67,98.76,690016
IEF,2010-08-26,98.81,99.21,98.71,99.21,845231
IEF,2010-08-27,98.78,99.13,97.9,98.07,1014033
IEF,2010-08-30,98.39,98.83,98.31,98.82,463421
IEF,2010-08-31,99.22,99.34,99.01,99.26,1276604
IEF,2010-09-01,98.64,98.69,97.92,98.3,1268611
IEF,2010-09-02,98.07,98.09,97.83,97.89,1273421
IEF,2010-09-03,97.12,97.5,97.08,97.33,1308227
IEF,2010-09-07,97.85,98.13,97.73,98.1,778122
IEF,2010-09-08,97.84,98.0,97.62,97.83,1124888
IEF,2010-09-09,97.39,97.47,97.01,97.06,929278
IEF,2010-09-10,96.79,96.9,96.58,96.78,725229
IEF,2010-09-13,96.72,97.3,96.72,97.24,1450009
IEF,2010-09-14,97.42,97.79,97.41,97.73,590859
IEF,2010-09-15,97.6,97.83,97.34,97.39,900521
IEF,2010-09-16,97.28,97.36,96.86,97.05,2902806
IEF,2010-09-17,97.34,97.54,97.17,97.27,1738523
IEF,2010-09-20,97.42,97.57,97.21,97.57,619808
IEF,2010-09-21,97.85,98.49,97.51,98.48,1279481
IEF,2010-09-22,98.76,99.02,98.56,98.63,978761
IEF,2010-09-23,99.14,99.14,98.55,98.77,514007
IEF,2010-09-24,98.36,98.46,98.24,98.28,1317494
IEF,2010-09-27,98.64,99.05,98.64,99.04,784639
IEF,2010-09-28,99.07,99.5,99.06,99.37,775990
IEF,2010-09-29,99.39,99.44,99.08,99.13,820325
IEF,2010-09-30,99.06,99.07,98.4,99.01,813111
IEF,2010-10-01,98.51,98.95,98.38,98.83,846531
IEF,2010-10-04,99.03,99.24,98.96,99.18,1260704
IEF,2010-10-05,99.24,99.3,99.09,99.2,1092816
IEF,2010-10-06,99.88,100.12,99.75,99.84,614373
IEF,2010-10-07,99.92,100.06,99.83,99.94,534645
IEF,2010-10-08,100.2,100.38,99.97,99.98,868124
IEF,2010-10-11,100.12,100.2,99.96,100.08,400252
IEF,2010-10-12,100.1,100.26,99.73,99.79,991856
IEF,2010-10-13,99.48,99.83,99.32,99.79,473742
IEF,2010-10-14,99.75,99.81,99.15,99.22,955038
IEF,2010-10-15,99.08,99.15,98.62,98.79,806658
IEF,2010-10-18,99.23,99.49,99.09,99.26,1149506
IEF,2010-10-19,99.13,99.74,99.11,99.6,763668
IEF,2010-10-20,99.37,99.76,99.29,99.54,615014
IEF,2010-10-21,99.37,99.46,98.99,98.99,594290
IEF,2010-10-22,98.88,99.11,98.87,99.02,643543
IEF,2010-10-25,99.4,99.5,98.95,98.99,1436731
IEF,2010-10-26,98.67,98.72,98.33,98.33,831748
IEF,2010-10-27,98.12,98.19,97.75,97.76,1223489
IEF,2010-10-28,98.13,98.42,98.08,98.33,738622
IEF,2010-10-29,98.54,98.84,98.49,98.77,768579
IEF,2010-11-01,98.84,98.84,98.3,98.37,1042615
IEF,2010-11-02,98.62,98.73,98.56,98.7,356671
IEF,2010-11-03,99.03,99.19,98.42,99.02,911974
IEF,2010-11-04,99.6,99.95,99.6,99.82,1092497
IEF,2010-11-05,99.68,99.85,99.4,99.4,1108023
IEF,2010-11-08,99.55,99.67,99.32,99.43,469308
IEF,2010-11-09,99.43,99.48,98.56,98.59,744580
IEF,2010-11-10,98.65,99.04,98.06,98.96,1298849
IEF,2010-11-11,99.02,99.07,98.58,98.85,403412
IEF,2010-11-12,98.61,98.8,98.02,98.03,2041375
IEF,2010-11-15,97.46,97.73,96.76,96.77,1174108
IEF,2010-11-16,97.2,97.54,96.65,97.49,955100
IEF,2010-11-17,97.52,97.77,97.09,97.21,580148
IEF,2010-11-18,96.96,97.05,96.6,96.98,2968157
IEF,2010-11-19,96.97,97.19,96.92,97.18,530549
IEF,2010-11-22,97.48,97.71,97.37,97.7,495341
IEF,2010-11-23,98.09,98.23,97.79,97.9,659307
IEF,2010-11-24,97.49,97.54,96.78,96.85,1112638
IEF,2010-11-26,97.11,97.28,97.02,97.27,210006
IEF,2010-11-29,97.55,97.61,97.3,97.48,527757
IEF,2010-11-30,98.01,98.03,97.56,97.65,874116
IEF,2010-12-01,96.41,96.68,96.08,96.13,1967684
IEF,2010-12-02,96.07,96.35,95.87,95.89,983443
IEF,2010-12-03,96.5,96.54,95.8,95.9,374484
IEF,2010-12-06,96.36,96.51,96.17,96.5,901974
IEF,2010-12-07,95.65,95.74,94.67,94.9,1335696
IEF,2010-12-08,94.25,94.29,93.43,94.09,2155262
IEF,2010-12-09,94.33,94.51,93.9,94.29,1664637
IEF,2010-12-10,93.98,94.09,93.49,93.49,1002402
IEF,2010-12-13,93.35,94.06,93.21,93.79,1323318
IEF,2010-12-14,93.4,93.62,92.5,92.8,1878500
IEF,2010-12-15,93.04,93.21,92.1,92.42,1871830
IEF,2010-12-16,92.46,92.99,92.06,92.97,1350957
IEF,2010-12-17,93.2,93.87,93.12,93.77,1361603
IEF,2010-12-20,94.12,94.36,93.55,93.76,803978
IEF,2010-12-21,93.92,93.97,93.47,93.96,848476
IEF,2010-12-22,93.91,93.95,93.57,93.7,308845
IEF,2010-12-23,93.54,93.54,93.24,93.37,540576
IEF,2010-12-27,93.37,93.77,93.12,93.73,406785
IEF,2010-12-28,93.32,93.37,92.5,92.5,955168
IEF,2010-12-29,92.61,93.7,92.47,93.54,1362173
IEF,2010-12-30,93.36,93.49,93.04,93.35,529761
IEF,2010-12-31,93.43,94.15,93.41,93.82,674214
IEF,2011-01-03,93.19,93.79,93.04,93.53,1396063
IEF,2011-01-04,93.65,93.88,93.48,93.75,1234020
IEF,2011-01-05,93.06,93.17,92.55,92.74,1111873
IEF,2011-01-06,93.01,93.29,92.84,93.22,1452338
IEF,2011-01-07,93.3,94.01,93.18,93.84,736474
IEF,2011-01-10,94.01,94.16,93.82,94.16,1096380
IEF,2011-01-11,94.04,94.04,93.56,93.79,760373
IEF,2011-01-12,93.41,93.69,93.24,93.52,752968
IEF,2011-01-13,93.49,94.15,93.46,94.15,1051450
IEF,2011-01-14,94.33,94.43,93.86,93.89,734419
IEF,2011-01-18,93.68,93.84,93.34,93.66,1063773
IEF,2011-01-19,93.62,93.97,93.61,93.9,732174
IEF,2011-01-20,93.49,93.56,92.94,93.17,696922
IEF,2011-01-21,93.1,93.48,92.98,93.48,523886
IEF,2011-01-24,93.52,93.66,93.43,93.49,497717
IEF,2011-01-25,93.67,94.18,93.41,93.96,1126491
IEF,2011-01-26,93.76,93.77,93.3,93.39,869858
IEF,2011-01-27,93.47,93.8,93.26,93.74,531495
IEF,2011-01-28,93.51,94.32,93.49,94.17,1056512
IEF,2011-01-31,94.07,94.21,93.69,93.8,555074
IEF,2011-02-01,93.25,93.36,93.02,93.13,1009110
IEF,2011-02-02,93.37,93.42,92.76,92.91,1119941
IEF,2011-02-03,92.59,92.77,92.34,92.38,1310835
IEF,2011-02-04,92.14,92.27,91.65,91.81,1523836
IEF,2011-02-07,91.57,91.8,91.46,91.77,850663
IEF,2011-02-08,91.7,91.78,91.07,91.14,997149
IEF,2011-02-09,91.32,91.85,91.1,91.66,785947
IEF,2011-02-10,91.56,91.7,91.28,91.36,616923
IEF,2011-02-11,91.76,92.02,91.6,91.78,1492638
IEF,2011-02-14,91.65,92.02,91.65,91.81,1311101
IEF,2011-02-15,91.78,92.04,91.75,92.02,603660
IEF,2011-02-16,91.92,92.16,91.68,91.89,620071
IEF,2011-02-17,92.24,92.38,92.11,92.23,776443
IEF,2011-02-18,91.99,92.22,91.86,92.21,418401
IEF,2011-02-22,92.52,93.11,92.47,93.1,1383471
IEF,2011-02-23,93.08,93.25,92.8,92.87,651616
IEF,2011-02-24,93.15,93.35,93.0,93.11,508803
IEF,2011-02-25,93.08,93.41,93.08,93.41,571897
IEF,2011-02-28,93.42,93.49,93.33,93.37,372342
IEF,2011-03-01,92.73,93.3,92.69,93.26,530783
IEF,2011-03-02,93.1,93.29,92.77,92.77,425304
IEF,2011-03-03,92.45,92.5,92.12,92.14,616753
IEF,2011-03-04,92.36,92.82,92.33,92.8,637265
IEF,2011-03-07,92.41,92.9,92.36,92.57,489592
IEF,2011-03-08,92.52,92.62,92.34,92.35,538053
IEF,2011-03-09,92.56,93.06,92.44,92.89,625999
IEF,2011-03-10,93.14,93.68,93.0,93.68,1576458
IEF,2011-03-11,93.69,93.73,93.33,93.46,690697
IEF,2011-03-14,93.74,93.98,93.67,93.67,806157
IEF,2011-03-15,94.53,94.66,93.97,94.01,1661769
IEF,2011-03-16,94.48,95.29,94.32,94.81,1588722
IEF,2011-03-17,94.53,94.72,94.26,94.52,639889
IEF,2011-03-18,94.23,94.52,94.2,94.46,1512548
IEF,2011-03-21,94.15,94.18,93.74,93.97,1028983
IEF,2011-03-22,93.8,94.03,93.78,94.02,573466
IEF,2011-03-23,94.29,94.33,93.78,93.9,696803
IEF,2011-03-24,93.63,93.76,93.38,93.42,1098082
IEF,2011-03-25,93.58,93.62,93.1,93.17,782312
IEF,2011-03-28,93.04,93.28,92.95,93.2,634812
IEF,2011-03-29,93.09,93.33,92.8,92.93,1047254
IEF,2011-03-30,92.95,93.28,92.92,93.25,773469
IEF,2011-03-31,93.41,93.44,92.97,93.01,1093010
IEF,2011-04-01,92.54,92.96,92.51,92.96,1062659
IEF,2011-04-04,93.09,93.31,93.02,93.17,886099
IEF,2011-04-05,93.03,93.09,92.61,92.7,777306
IEF,2011-04-06,92.58,92.58,92.26,92.3,857488
IEF,2011-04-07,92.32,92.48,92.12,92.31,743757
IEF,2011-04-08,92.01,92.21,91.94,92.04,595036
IEF,2011-04-11,92.07,92.27,91.96,92.16,364180
IEF,2011-04-12,92.55,92.87,92.53,92.68,1055339
IEF,2011-04-13,92.49,93.04,92.46,93.04,678689
IEF,2011-04-14,93.19,93.19,92.73,92.73,1036248
IEF,2011-04-15,93.27,93.45,93.15,93.41,881379
IEF,2011-04-18,93.34,93.75,93.14,93.64,902349
IEF,2011-04-19,93.63,93.85,93.6,93.76,531981
IEF,2011-04-20,93.63,93.65,93.36,93.39,708172
IEF,2011-04-21,93.47,93.69,93.43,93.46,670536
IEF,2011-04-25,93.57,93.82,93.52,93.79,826328
IEF,2011-04-26,93.9,94.19,93.85,94.19,519618
IEF,2011-04-27,93.87,93.97,93.66,93.92,1379438
IEF,2011-04-28,94.18,94.35,94.0,94.28,975516
IEF,2011-04-29,94.15,94.48,94.11,94.47,435608
IEF,2011-05-02,94.14,94.39,94.08,94.2,632222
IEF,2011-05-03,94.41,94.5,94.27,94.45,1660681
IEF,2011-05-04,94.46,94.78,94.46,94.69,1169498
IEF,2011-05-05,94.9,95.19,94.85,95.16,898337
IEF,2011-05-06,94.77,95.39,94.72,95.21,1035397
IEF,2011-05-09,95.23,95.39,95.21,95.35,559506
IEF,2011-05-10,95.14,95.2,94.86,94.89,661555
IEF,2011-05-11,94.85,95.27,94.76,95.23,611025
IEF,2011-05-12,95.26,95.35,94.88,95.02,652286
IEF,2011-05-13,95.27,95.71,95.23,95.39,494383
IEF,2011-05-16,95.42,95.64,95.26,95.62,590755
IEF,2011-05-17,95.83,95.97,95.71,95.9,986334
IEF,2011-05-18,95.8,95.83,95.35,95.35,790699
IEF,2011-05-19,94.99,95.49,94.95,95.45,718122
IEF,2011-05-20,95.45,95.71,95.44,95.68,669599
IEF,2011-05-23,96.06,96.09,95.76,95.81,928112
IEF,2011-05-24,95.69,95.98,95.64,95.91,639229
IEF,2011-05-25,96.02,96.08,95.8,95.92,1345588
IEF,2011-05-26,96.05,96.45,96.02,96.45,806132
IEF,2011-05-27,96.34,96.51,96.31,96.44,943795
IEF,2011-05-31,96.27,96.63,96.22,96.59,2917821
IEF,2011-06-01,96.7,97.17,96.66,97.14,2997257
IEF,2011-06-02,96.75,97.0,96.55,96.56,1744388
IEF,2011-06-03,97.19,97.19,96.68,96.94,1531190
IEF,2011-06-06,96.71,96.97,96.63,96.88,1106872
IEF,2011-06-07,96.68,97.08,96.51,97.06,1710949
IEF,2011-06-08,97.12,97.41,97.08,97.27,1471598
IEF,2011-06-09,97.3,97.38,96.78,96.88,1016804
IEF,2011-06-10,97.11,97.38,97.1,97.19,1020415
IEF,2011-06-13,96.96,97.32,96.9,96.98,1009809
IEF,2011-06-14,96.47,96.55,96.2,96.21,2088769
IEF,2011-06-15,96.45,97.26,96.45,97.25,1352254
IEF,2011-06-16,97.38,97.67,97.22,97.52,1958374
IEF,2011-06-17,97.31,97.51,97.24,97.45,997965
IEF,2011-06-20,97.58,97.58,97.16,97.3,774097
IEF,2011-06-21,97.23,97.33,97.0,97.17,1064826
IEF,2011-06-22,97.39,97.45,96.99,97.13,1119277
IEF,2011-06-23,97.56,97.87,97.56,97.64,1264615
IEF,2011-06-24,97.69,98.19,97.67,98.05,997128
IEF,2011-06-27,98.13,98.15,97.62,97.67,1185648
IEF,2011-06-28,97.52,97.55,96.59,96.77,1315231
IEF,2011-06-29,96.58,96.67,96.13,96.19,1376268
IEF,2011-06-30,96.4,96.41,95.52,95.86,1948149
IEF,2011-07-01,95.76,95.8,95.25,95.39,1921751
IEF,2011-07-05,95.79,96.02,95.74,95.99,2896737
IEF,2011-07-06,96.23,96.4,96.08,96.16,1234886
IEF,2011-07-07,95.83,95.86,95.65,95.79,1289085
IEF,2011-07-08,96.58,96.9,96.54,96.81,1278013
IEF,2011-07-11,97.25,97.56,97.13,97.55,1158748
IEF,2011-07-12,97.69,97.72,97.36,97.69,1205357
IEF,2011-07-13,97.49,97.86,97.3,97.85,1247854
IEF,2011-07-14,97.49,97.72,97.28,97.29,958933
IEF,2011-07-15,97.15,97.74,97.13,97.69,874168
IEF,2011-07-18,97.78,97.9,97.56,97.63,883521
IEF,2011-07-19,97.53,98.0,97.44,98.0,1211326
IEF,2011-07-20,97.71,97.78,97.47,97.52,752806
IEF,2011-07-21,97.29,97.4,96.79,96.98,1211109
IEF,2011-07-22,97.19,97.36,97.14,97.35,813670
IEF,2011-07-25,97.0,97.52,96.92,97.04,1541614
IEF,2011-07-26,97.19,97.57,97.15,97.45,655580
IEF,2011-07-27,97.31,97.54,97.07,97.29,1066516
IEF,2011-07-28,97.59,97.64,97.4,97.48,671411
IEF,2011-07-29,98.03,98.79,98.0,98.66,1602129
IEF,2011-08-01,98.31,98.99,98.3,98.78,2389562
IEF,2011-08-02,99.12,99.79,98.94,99.69,2287502
IEF,2011-08-03,99.69,100.13,99.59,99.77,1922511
IEF,2011-08-04,99.91,101.11,99.87,101.09,2813627
IEF,2011-08-05,100.3,100.9,99.79,99.92,3041450
IEF,2011-08-08,100.61,101.64,100.54,101.51,5178020
IEF,2011-08-09,101.21,103.76,101.0,102.1,3768396
IEF,2011-08-10,102.85,103.69,102.48,103.45,2768899
IEF,2011-08-11,102.77,103.03,101.67,101.93,2344672
IEF,2011-08-12,102.25,102.69,102.13,102.64,1176233
IEF,2011-08-15,102.53,102.72,102.25,102.26,986248
IEF,2011-08-16,102.31,103.03,102.29,102.73,2025309
IEF,2011-08-17,102.91,103.45,102.62,103.45,826139
IEF,2011-08-18,104.14,104.72,103.75,103.99,2211768
IEF,2011-08-19,103.97,104.1,103.62,104.1,683165
IEF,2011-08-22,103.64,103.95,103.58,103.91,913502
IEF,2011-08-23,103.6,104.13,103.46,103.49,1414173
IEF,2011-08-24,103.33,103.35,102.38,102.38,1089736
IEF,2011-08-25,102.65,103.12,102.56,103.01,1391124
IEF,2011-08-26,103.47,103.77,103.02,103.34,1080285
IEF,2011-08-29,102.53,102.85,102.53,102.66,1105981
IEF,2011-08-30,103.19,103.58,103.16,103.37,693714
IEF,2011-08-31,103.61,103.62,102.98,103.0,1069212
IEF,2011-09-01,103.05,103.6,102.5,103.59,1566722
IEF,2011-09-02,104.25,104.66,104.01,104.54,1137818
IEF,2011-09-06,105.01,105.06,104.58,104.68,1200462
IEF,2011-09-07,104.27,104.49,104.04,104.12,945748
IEF,2011-09-08,104.45,104.66,104.19,104.63,935636
IEF,2011-09-09,104.82,105.29,104.74,105.14,1014134
IEF,2011-09-12,105.04,105.18,104.8,104.82,2177771
IEF,2011-09-13,104.71,104.81,104.42,104.51,932539
IEF,2011-09-14,104.51,104.81,104.3,104.57,1213979
IEF,2011-09-15,103.79,103.98,103.6,103.79,1037856
IEF,2011-09-16,103.59,104.02,103.55,103.99,698992
IEF,2011-09-19,104.76,105.03,104.7,104.84,896414
IEF,2011-09-20,104.82,104.98,104.71,104.98,1004998
IEF,2011-09-21,104.94,105.57,104.79,105.43,929440
IEF,2011-09-22,106.31,106.66,106.0,106.41,3436457
IEF,2011-09-23,106.35,106.44,105.52,105.53,1764652
IEF,2011-09-26,105.34,105.5,105.0,105.09,1214790
IEF,2011-09-27,104.33,104.51,104.17,104.39,1159613
IEF,2011-09-28,104.31,104.41,103.8,104.41,1270457
IEF,2011-09-29,104.23,104.7,104.1,104.41,1095973
IEF,2011-09-30,105.07,105.17,104.7,105.07,1604420
IEF,2011-10-03,105.08,105.83,104.97,105.83,2105677
IEF,2011-10-04,106.06,106.26,105.29,105.29,2056052
IEF,2011-10-05,105.18,105.24,104.76,104.85,1174275
IEF,2011-10-06,104.58,104.71,104.09,104.12,1336399
IEF,2011-10-07,103.58,103.88,103.25,103.58,2276257
IEF,2011-10-10,102.69,102.93,102.13,102.49,803852
IEF,2011-10-11,102.98,103.07,102.72,102.83,978339
IEF,2011-10-12,102.41,102.65,102.05,102.48,2324397
IEF,2011-10-13,102.8,103.24,102.7,102.89,1474042
IEF,2011-10-14,102.36,102.59,102.23,102.38,703037
IEF,2011-10-17,102.56,103.08,102.56,103.05,1274532
IEF,2011-10-18,103.16,103.45,102.71,102.94,912586
IEF,2011-10-19,102.81,103.29,102.74,103.1,733399
IEF,2011-10-20,102.97,103.45,102.61,102.89,700125
IEF,2011-10-21,102.8,102.99,102.52,102.7,1275981
IEF,2011-10-24,102.76,102.81,102.53,102.65,1381432
IEF,2011-10-25,102.56,103.57,102.55,103.53,1020161
IEF,2011-10-26,103.24,103.49,102.75,102.77,989860
IEF,2011-10-27,102.14,102.32,101.36,101.53,1637592
IEF,2011-10-28,101.9,102.27,101.88,102.14,936267
IEF,2011-10-31,102.79,103.51,102.74,103.51,1182631
IEF,2011-11-01,104.23,104.58,103.86,104.54,2251673
IEF,2011-11-02,103.9,104.4,103.82,104.29,1087964
IEF,2011-11-03,103.8,104.17,103.71,103.8,739609
IEF,2011-11-04,103.82,104.21,103.76,104.11,735335
IEF,2011-11-07,104.05,104.65,103.97,104.23,844064
IEF,2011-11-08,104.11,104.4,103.69,103.76,418281
IEF,2011-11-09,104.63,104.89,103.77,104.68,760215
IEF,2011-11-10,104.25,104.53,103.84,104.17,664139
IEF,2011-11-11,103.89,103.91,103.58,103.69,323568
IEF,2011-11-14,104.08,104.41,104.03,104.34,586496
IEF,2011-11-15,104.4,104.67,104.09,104.2,480060
IEF,2011-11-16,104.51,104.6,104.24,104.58,335143
IEF,2011-11-17,104.41,105.01,104.33,104.79,805477
IEF,2011-11-18,104.61,104.71,104.25,104.4,1883059
IEF,2011-11-21,104.75,104.91,104.64,104.69,692068
IEF,2011-11-22,104.79,105.03,104.56,105.01,2619433
IEF,2011-11-23,104.78,105.43,104.71,105.37,2189432
IEF,2011-11-25,104.98,104.98,104.68,104.7,466664
IEF,2011-11-28,103.96,104.84,103.92,104.71,1286596
IEF,2011-11-29,104.39,104.76,104.13,104.51,602041
IEF,2011-11-30,104.03,104.2,103.81,103.9,962728
IEF,2011-12-01,103.5,103.88,103.29,103.67,1027076
IEF,2011-12-02,103.49,104.17,103.47,104.13,892384
IEF,2011-12-05,103.57,104.21,103.57,104.07,979068
IEF,2011-12-06,103.77,104.02,103.65,103.8,542999
IEF,2011-12-07,104.01,104.35,103.91,104.27,739222
IEF,2011-12-08,104.23,104.81,104.12,104.8,658178
IEF,2011-12-09,104.71,104.77,104.08,104.08,961037
IEF,2011-12-12,104.47,104.68,104.37,104.44,1068901
IEF,2011-12-13,104.24,105.01,104.15,104.92,512480
IEF,2011-12-14,105.02,105.38,104.91,105.36,760018
IEF,2011-12-15,105.05,105.37,105.03,105.27,968855
IEF,2011-12-16,105.43,105.9,105.43,105.78,748694
IEF,2011-12-19,105.75,106.18,105.68,106.14,1126512
IEF,2011-12-20,105.7,105.7,105.18,105.18,1364923
IEF,2011-12-21,105.32,105.37,104.83,104.84,478991
IEF,2011-12-22,105.15,105.32,104.94,104.97,731880
IEF,2011-12-23,104.72,104.78,104.38,104.54,435426
IEF,2011-12-27,104.43,104.44,104.25,104.41,616435
IEF,2011-12-28,104.58,105.18,104.54,105.07,919842
IEF,2011-12-29,105.03,105.32,104.91,105.2,555937
IEF,2011-12-30,105.33,106.04,105.28,105.57,1229930
IEF,2012-01-03,104.9,105.19,104.77,104.9,1297652
IEF,2012-01-04,104.89,104.93,104.45,104.57,1788923
IEF,2012-01-05,104.66,105.01,104.52,104.59,1311264
IEF,2012-01-06,104.72,105.06,104.72,105.0,998144
IEF,2012-01-09,104.94,105.27,104.9,105.02,379813
IEF,2012-01-10,104.74,105.01,104.69,104.81,1636076
IEF,2012-01-11,105.08,105.45,105.08,105.42,931531
IEF,2012-01-12,105.36,105.41,105.09,105.2,684992
IEF,2012-01-13,105.7,105.91,105.64,105.67,553955
IEF,2012-01-17,105.62,105.83,105.6,105.77,1158011
IEF,2012-01-18,105.92,105.92,105.39,105.44,455145
IEF,2012-01-19,105.23,105.3,104.69,104.81,1587166
IEF,2012-01-20,104.61,104.78,104.42,104.45,650579
IEF,2012-01-23,104.14,104.32,104.0,104.22,733970
IEF,2012-01-24,104.34,104.34,104.05,104.34,1388101
IEF,2012-01-25,104.28,105.44,104.23,104.84,1149105
IEF,2012-01-26,105.12,105.46,105.12,105.4,1054999
IEF,2012-01-27,105.56,105.75,105.37,105.72,767504
IEF,2012-01-30,106.1,106.31,106.02,106.08,1152401
IEF,2012-01-31,105.93,106.49,105.93,106.48,1001750
IEF,2012-02-01,106.04,106.08,105.84,105.92,1698896
IEF,2012-02-02,105.98,106.13,105.88,106.07,839869
IEF,2012-02-03,105.28,105.41,105.09,105.23,1112519
IEF,2012-02-06,105.27,105.59,105.15,105.52,2968449
IEF,2012-02-07,105.07,105.15,104.76,104.84,1164846
IEF,2012-02-08,104.83,105.0,104.73,104.89,404761
IEF,2012-02-09,104.7,104.8,104.38,104.65,1802438
IEF,2012-02-10,105.15,105.34,105.02,105.24,1322548
IEF,2012-02-13,105.04,105.3,105.0,105.17,299205
IEF,2012-02-14,105.32,105.55,105.23,105.39,615417
IEF,2012-02-15,105.36,105.68,105.35,105.47,344100
IEF,2012-02-16,105.21,105.34,104.81,104.99,1540487
IEF,2012-02-17,104.67,104.92,104.64,104.88,653586
IEF,2012-02-21,104.67,104.71,104.37,104.5,635219
IEF,2012-02-22,104.66,105.0,104.66,104.91,538134
IEF,2012-02-23,104.82,105.19,104.68,105.06,805887
IEF,2012-02-24,105.13,105.21,105.06,105.14,360014
IEF,2012-02-27,105.6,105.66,105.45,105.49,588537
IEF,2012-02-28,105.69,105.8,105.46,105.54,817885
IEF,2012-02-29,105.5,105.53,104.99,105.12,787470
IEF,2012-03-01,104.48,104.64,104.34,104.61,1185197
IEF,2012-03-02,104.73,105.1,104.73,105.03,360090
IEF,2012-03-05,104.94,105.09,104.78,104.82,1406093
IEF,2012-03-06,105.23,105.42,105.2,105.26,605746
IEF,2012-03-07,105.21,105.25,105.01,105.06,436035
IEF,2012-03-08,104.97,105.07,104.71,104.75,329864
IEF,2012-03-09,104.63,104.71,104.43,104.67,286723
IEF,2012-03-12,104.86,104.9,104.64,104.64,503084
IEF,2012-03-13,104.4,104.44,103.87,103.89,618602
IEF,2012-03-14,103.39,103.44,102.62,102.7,1733042
IEF,2012-03-15,102.57,102.9,102.57,102.67,2302258
IEF,2012-03-16,102.24,102.65,102.15,102.64,681107
IEF,2012-03-19,102.5,102.56,101.83,102.01,1133153
IEF,2012-03-20,102.11,102.25,101.77,102.06,769049
IEF,2012-03-21,102.27,102.63,102.26,102.58,458022
IEF,2012-03-22,102.82,102.9,102.63,102.71,326114
IEF,2012-03-23,102.98,103.25,102.95,103.09,396018
IEF,2012-03-26,103.02,103.13,102.67,102.97,471657
IEF,2012-03-27,103.16,103.61,103.14,103.54,579125
IEF,2012-03-28,103.36,103.74,103.36,103.36,314652
IEF,2012-03-29,103.73,103.79,103.57,103.79,727609
IEF,2012-03-30,103.77,103.91,103.15,103.28,502584
IEF,2012-04-02,103.53,103.54,103.25,103.35,1433889
IEF,2012-04-03,103.51,103.69,102.51,102.59,833006
IEF,2012-04-04,103.01,103.12,102.9,103.11,461212
IEF,2012-04-05,103.57,103.6,103.29,103.57,456355
IEF,2012-04-09,104.66,104.76,104.53,104.63,573666
IEF,2012-04-10,104.8,105.2,104.72,105.12,900470
IEF,2012-04-11,104.71,104.83,104.61,104.71,434956
IEF,2012-04-12,104.79,104.82,104.47,104.5,451482
IEF,2012-04-13,104.9,105.15,104.87,105.13,461314
IEF,2012-04-16,105.09,105.42,105.05,105.1,1179563
IEF,2012-04-17,104.97,105.08,104.88,104.99,923357
IEF,2012-04-18,105.14,105.23,105.08,105.2,502848
IEF,2012-04-19,105.31,105.4,105.27,105.32,408796
IEF,2012-04-20,105.13,105.33,105.07,105.33,377433
IEF,2012-04-23,105.6,105.72,105.51,105.54,746533
IEF,2012-04-24,105.43,105.46,105.25,105.27,506063
IEF,2012-04-25,105.02,105.32,104.77,105.14,681151
IEF,2012-04-26,105.5,105.53,105.31,105.49,314246
IEF,2012-04-27,105.42,105.61,105.41,105.6,354014
IEF,2012-04-30,105.69,105.81,105.64,105.69,1820300
IEF,2012-05-01,105.66,105.7,105.22,105.33,864059
IEF,2012-05-02,105.57,105.61,105.39,105.53,1030137
IEF,2012-05-03,105.31,105.58,105.31,105.52,359925
IEF,2012-05-04,105.68,105.94,105.67,105.94,814033
IEF,2012-05-07,105.98,106.04,105.87,105.91,490793
IEF,2012-05-08,106.12,106.38,106.1,106.15,522217
IEF,2012-05-09,106.44,106.5,106.14,106.24,961536
IEF,2012-05-10,106.0,106.13,105.85,106.09,346873
IEF,2012-05-11,106.44,106.47,106.27,106.44,403431
IEF,2012-05-14,106.88,107.0,106.73,106.91,650148
IEF,2012-05-15,106.84,107.0,106.76,106.94,922095
IEF,2012-05-16,106.65,107.08,106.62,107.02,761504
IEF,2012-05-17,106.92,107.43,106.9,107.42,763910
IEF,2012-05-18,107.1,107.44,107.07,107.35,831892
IEF,2012-05-21,107.18,107.26,107.07,107.07,791566
IEF,2012-05-22,106.79,106.94,106.63,106.84,538252
IEF,2012-05-23,107.13,107.4,107.08,107.12,657638
IEF,2012-05-24,106.96,107.04,106.85,106.89,417673
IEF,2012-05-25,107.11,107.25,107.06,107.2,370305
IEF,2012-05-29,107.26,107.47,107.11,107.11,865355
IEF,2012-05-30,107.85,108.21,107.81,108.13,645536
IEF,2012-05-31,108.34,108.89,108.3,108.55,2994283
IEF,2012-06-01,109.06,109.37,108.91,109.31,2186476
IEF,2012-06-04,108.84,108.99,108.64,108.68,849465
IEF,2012-06-05,108.51,108.65,108.31,108.32,836603
IEF,2012-06-06,108.29,108.32,107.58,107.61,1492727
IEF,2012-06-07,107.58,107.94,107.51,107.87,631711
IEF,2012-06-08,108.39,108.43,107.86,107.95,467902
IEF,2012-06-11,107.71,108.32,107.71,108.24,1050887
IEF,2012-06-12,107.92,108.1,107.64,107.66,569678
IEF,2012-06-13,107.85,108.31,107.71,108.23,1332085
IEF,2012-06-14,108.16,108.25,107.83,107.94,802568
IEF,2012-06-15,108.39,108.54,108.26,108.44,769320
IEF,2012-06-18,108.46,108.53,108.24,108.41,718779
IEF,2012-06-19,108.17,108.21,107.88,108.04,1536773
IEF,2012-06-20,107.7,108.12,107.53,107.82,913044
IEF,2012-06-21,107.93,108.2,107.87,108.05,1655810
IEF,2012-06-22,107.63,107.82,107.57,107.58,1770221
IEF,2012-06-25,107.99,108.18,107.98,108.17,594852
IEF,2012-06-26,107.9,108.12,107.82,107.93,2395588
IEF,2012-06-27,108.07,108.12,107.85,108.08,3445239
IEF,2012-06-28,108.47,108.54,108.35,108.43,413343
IEF,2012-06-29,107.82,108.04,107.78,107.93,646892
IEF,2012-07-02,108.0,108.54,107.98,108.27,1580709
IEF,2012-07-03,108.25,108.27,107.95,108.0,587928
IEF,2012-07-05,108.14,108.36,108.08,108.29,1602514
IEF,2012-07-06,108.62,108.76,108.56,108.67,1146851
IEF,2012-07-09,108.77,108.99,108.74,108.97,495217
IEF,2012-07-10,108.89,109.08,108.86,109.02,631884
IEF,2012-07-11,109.07,109.34,108.88,108.92,825766
IEF,2012-07-12,109.08,109.2,109.04,109.17,840324
IEF,2012-07-13,109.13,109.13,108.91,109.08,307825
IEF,2012-07-16,109.42,109.54,109.28,109.32,349330
IEF,2012-07-17,109.15,109.3,109.0,109.04,637877
IEF,2012-07-18,109.22,109.28,109.13,109.15,605960
IEF,2012-07-19,109.06,109.2,108.94,108.99,949073
IEF,2012-07-20,109.29,109.5,109.29,109.42,250872
IEF,2012-07-23,109.74,109.77,109.52,109.6,1675555
IEF,2012-07-24,109.44,109.89,109.42,109.81,905445
IEF,2012-07-25,109.76,109.88,109.69,109.87,1246786
IEF,2012-07-26,109.66,109.74,109.5,109.53,742046
IEF,2012-07-27,109.18,109.18,108.36,108.74,1072261
IEF,2012-07-30,108.78,109.12,108.71,109.09,665985
IEF,2012-07-31,109.26,109.32,108.94,109.28,2209671
IEF,2012-08-01,108.84,109.05,108.55,108.72,977271
IEF,2012-08-02,109.05,109.28,108.93,108.98,619921
IEF,2012-08-03,108.52,108.63,108.19,108.41,765500
IEF,2012-08-06,108.48,108.66,108.43,108.48,850764
IEF,2012-08-07,107.98,108.02,107.79,107.91,1228177
IEF,2012-08-08,107.95,108.06,107.68,107.76,862726
IEF,2012-08-09,107.63,107.83,107.42,107.68,833613
IEF,2012-08-10,108.14,108.18,107.68,107.99,466836
IEF,2012-08-13,108.1,108.19,107.92,107.92,729444
IEF,2012-08-14,107.5,107.63,107.39,107.39,642082
IEF,2012-08-15,107.14,107.21,106.8,106.85,934507
IEF,2012-08-16,106.88,106.98,106.43,106.59,861323
IEF,2012-08-17,106.68,106.9,106.68,106.72,784272
IEF,2012-08-20,106.7,106.92,106.68,106.78,1000012
IEF,2012-08-21,106.67,106.89,106.42,106.87,684442
IEF,2012-08-22,107.26,107.7,107.18,107.7,730508
IEF,2012-08-23,107.86,108.01,107.7,107.89,440128
IEF,2012-08-24,108.07,108.14,107.8,107.84,311408
IEF,2012-08-27,108.01,108.13,107.98,108.12,467397
IEF,2012-08-28,108.19,108.37,108.14,108.16,614977
IEF,2012-08-29,108.16,108.16,107.92,108.09,764638
IEF,2012-08-30,108.35,108.45,108.28,108.29,642131
IEF,2012-08-31,108.29,108.99,108.22,108.99,912687
IEF,2012-09-04,108.6,108.83,108.52,108.59,1200106
IEF,2012-09-05,108.56,108.68,108.44,108.55,782294
IEF,2012-09-06,108.06,108.08,107.79,107.81,1376682
IEF,2012-09-07,108.53,108.57,107.95,107.95,1748418
IEF,2012-09-10,108.04,108.1,107.82,108.0,1614071
IEF,2012-09-11,107.93,107.95,107.71,107.8,375109
IEF,2012-09-12,107.39,107.8,107.2,107.27,660648
IEF,2012-09-13,107.56,107.77,106.77,107.58,1458633
IEF,2012-09-14,106.98,107.58,106.42,106.57,1050794
IEF,2012-09-17,106.67,106.96,106.65,106.79,745293
IEF,2012-09-18,107.22,107.28,107.01,107.06,578626
IEF,2012-09-19,107.36,107.41,107.18,107.31,437134
IEF,2012-09-20,107.69,107.74,107.24,107.37,422220
IEF,2012-09-21,107.26,107.61,107.23,107.6,681940
IEF,2012-09-24,107.74,107.93,107.74,107.84,943795
IEF,2012-09-25,107.95,108.25,107.7,108.24,471824
IEF,2012-09-26,108.49,108.69,108.43,108.69,444572
IEF,2012-09-27,108.43,108.54,108.32,108.46,295338
IEF,2012-09-28,108.58,108.7,108.36,108.46,612452
IEF,2012-10-01,108.41,108.54,108.23,108.52,1213484
IEF,2012-10-02,108.3,108.56,108.29,108.45,846473
IEF,2012-10-03,108.44,108.56,108.3,108.56,937905
IEF,2012-10-04,108.32,108.42,108.09,108.13,376642
IEF,2012-10-05,107.76,107.81,107.57,107.64,805137
IEF,2012-10-08,107.88,108.01,107.86,107.99,403695
IEF,2012-10-09,107.7,107.95,107.68,107.77,387140
IEF,2012-10-10,107.6,108.07,107.53,108.03,318090
IEF,2012-10-11,107.69,108.14,107.63,108.13,1217403
IEF,2012-10-12,108.21,108.38,108.11,108.14,427820
IEF,2012-10-15,108.18,108.25,108.06,108.17,634905
IEF,2012-10-16,107.93,107.93,107.66,107.66,585452
IEF,2012-10-17,107.34,107.38,106.94,106.98,597286
IEF,2012-10-18,107.08,107.18,106.75,106.79,1157442
IEF,2012-10-19,106.95,107.34,106.92,107.24,808077
IEF,2012-10-22,107.03,107.13,106.88,106.88,759994
IEF,2012-10-23,107.2,107.39,107.2,107.39,414514
IEF,2012-10-24,107.15,107.32,107.09,107.16,682385
IEF,2012-10-25,106.65,107.04,106.59,106.77,437264
IEF,2012-10-26,107.14,107.46,107.11,107.45,414801
IEF,2012-10-31,107.69,107.98,107.65,107.89,728060
IEF,2012-11-01,107.64,107.68,107.4,107.53,918271
IEF,2012-11-02,107.29,107.64,107.25,107.62,527114
IEF,2012-11-05,107.84,107.99,107.81,107.88,805388
IEF,2012-11-06,107.79,107.86,107.37,107.39,477634
IEF,2012-11-07,108.33,108.54,108.2,108.29,979719
IEF,2012-11-08,108.27,108.79,108.15,108.77,514565
IEF,2012-11-09,108.71,108.82,108.55,108.78,368103
IEF,2012-11-12,108.78,108.87,108.7,108.85,267818
IEF,2012-11-13,108.99,109.0,108.81,108.98,1608830
IEF,2012-11-14,108.7,109.03,108.67,109.01,1477268
IEF,2012-11-15,108.79,109.07,108.77,108.96,1448468
IEF,2012-11-16,108.94,109.2,108.91,109.03,578053
IEF,2012-11-19,108.72,108.82,108.68,108.81,712300
IEF,2012-11-20,108.64,108.7,108.36,108.36,970651
IEF,2012-11-21,108.2,108.28,108.16,108.2,291406
IEF,2012-11-23,108.2,108.21,108.13,108.14,465906
IEF,2012-11-26,108.4,108.52,108.29,108.32,1522332
IEF,2012-11-27,108.39,108.58,108.33,108.57,579025
IEF,2012-11-28,108.77,108.87,108.66,108.71,1057467
IEF,2012-11-29,108.71,108.86,108.65,108.82,814169
IEF,2012-11-30,108.9,108.91,108.76,108.8,557764
IEF,2012-12-03,108.44,108.64,108.37,108.62,750373
IEF,2012-12-04,108.69,108.82,108.66,108.81,479249
IEF,2012-12-05,108.92,109.06,108.87,108.9,505451
IEF,2012-12-06,109.1,109.15,108.95,108.96,443683
IEF,2012-12-07,108.69,108.86,108.63,108.65,515662
IEF,2012-12-10,108.79,108.82,108.65,108.75,707453
IEF,2012-12-11,108.51,108.55,108.42,108.54,734281
IEF,2012-12-12,108.42,108.6,108.08,108.08,1165584
IEF,2012-12-13,107.95,108.1,107.8,107.87,862861
IEF,2012-12-14,108.0,108.15,108.0,108.11,380649
IEF,2012-12-17,108.01,108.03,107.51,107.54,660038
IEF,2012-12-18,107.48,107.54,107.0,107.12,846400
IEF,2012-12-19,107.27,107.53,107.22,107.27,675293
IEF,2012-12-20,107.42,107.58,107.29,107.34,377080
IEF,2012-12-21,107.74,107.81,107.61,107.63,499114
IEF,2012-12-24,107.55,107.58,107.5,107.52,903312
IEF,2012-12-26,107.49,107.64,107.48,107.59,779925
IEF,2012-12-27,107.54,108.02,107.52,107.81,446633
IEF,2012-12-28,108.01,108.07,107.9,108.06,552154
IEF,2012-12-31,107.91,107.96,107.45,107.49,1742728
IEF,2013-01-02,107.0,107.15,106.95,107.0,2561205
IEF,2013-01-03,107.03,107.05,106.44,106.45,2131870
IEF,2013-01-04,106.34,106.5,106.21,106.5,983328
IEF,2013-01-07,106.5,106.6,106.42,106.56,1387328
IEF,2013-01-08,106.71,106.84,106.69,106.82,364139
IEF,2013-01-09,106.85,106.98,106.74,106.88,517634
IEF,2013-01-10,106.58,106.77,106.53,106.57,689067
IEF,2013-01-11,106.41,106.91,106.37,106.91,553890
IEF,2013-01-14,107.02,107.06,106.85,106.87,971674
IEF,2013-01-15,107.22,107.27,107.09,107.13,428790
IEF,2013-01-16,107.3,107.34,107.15,107.27,533974
IEF,2013-01-17,106.84,106.91,106.67,106.78,436006
IEF,2013-01-18,106.96,107.13,106.93,107.08,560099
IEF,2013-01-22,106.87,107.22,106.85,107.17,595317
IEF,2013-01-23,107.25,107.35,107.15,107.22,603575
IEF,2013-01-24,107.14,107.16,106.91,107.04,376264
IEF,2013-01-25,106.53,106.63,106.26,106.33,570593
IEF,2013-01-28,105.89,106.14,105.89,106.11,1327966
IEF,2013-01-29,106.15,106.32,105.93,105.95,480547
IEF,2013-01-30,105.87,106.03,105.72,106.01,453170
IEF,2013-01-31,106.11,106.11,105.93,106.1,902426
IEF,2013-02-01,106.41,106.43,105.56,105.6,2587867
IEF,2013-02-04,105.93,106.27,105.89,106.21,693371
IEF,2013-02-05,105.81,105.88,105.73,105.83,797647
IEF,2013-02-06,106.06,106.2,105.95,106.15,816718
IEF,2013-02-07,106.15,106.45,106.14,106.2,969949
IEF,2013-02-08,106.22,106.32,105.97,106.28,952746
IEF,2013-02-11,106.2,106.31,106.17,106.17,558712
IEF,2013-02-12,106.01,106.17,105.98,106.06,531480
IEF,2013-02-13,105.72,105.87,105.64,105.69,610674
IEF,2013-02-14,105.95,106.15,105.81,106.14,987954
IEF,2013-02-15,106.04,106.1,105.85,106.04,681616
IEF,2013-02-19,106.19,106.21,105.86,105.87,498718
IEF,2013-02-20,105.83,106.12,105.79,106.1,869878
IEF,2013-02-21,106.33,106.5,106.28,106.31,680938
IEF,2013-02-22,106.34,106.48,106.33,106.44,412753
IEF,2013-02-25,106.17,107.26,106.16,107.26,2908904
IEF,2013-02-26,107.06,107.38,106.98,107.06,860898
IEF,2013-02-27,107.34,107.37,106.92,107.01,398783
IEF,2013-02-28,107.12,107.17,106.99,107.16,534348
IEF,2013-03-01,107.19,107.33,107.11,107.3,876440
IEF,2013-03-04,107.22,107.26,107.05,107.05,572513
IEF,2013-03-05,106.97,107.01,106.82,106.94,224607
IEF,2013-03-06,106.62,106.78,106.6,106.6,1091613
IEF,2013-03-07,106.41,106.43,106.17,106.19,804445
IEF,2013-03-08,105.64,105.84,105.57,105.65,1651864
IEF,2013-03-11,105.75,105.8,105.65,105.7,1465793
IEF,2013-03-12,105.86,106.05,105.85,105.99,525264
IEF,2013-03-13,105.8,106.01,105.72,105.9,1116499
IEF,2013-03-14,105.69,106.01,105.66,105.93,557389
IEF,2013-03-15,105.99,106.32,105.99,106.3,1184615
IEF,2013-03-18,106.68,106.69,106.49,106.65,1441931
IEF,2013-03-19,106.77,107.11,106.74,106.98,545214
IEF,2013-03-20,106.7,106.83,106.56,106.57,742768
IEF,2013-03-21,106.85,106.86,106.68,106.85,669684
IEF,2013-03-22,106.92,106.95,106.68,106.89,296972
IEF,2013-03-25,106.71,107.12,106.68,106.97,319404
IEF,2013-03-26,106.75,107.12,106.73,107.08,546280
IEF,2013-03-27,107.46,107.66,107.46,107.54,623604
IEF,2013-03-28,107.43,107.57,107.32,107.34,378339
IEF,2013-04-01,107.22,107.55,107.22,107.48,2471041
IEF,2013-04-02,107.32,107.35,107.22,107.27,984891
IEF,2013-04-03,107.41,107.82,107.41,107.72,1233970
IEF,2013-04-04,107.91,108.16,107.88,108.15,584757
IEF,2013-04-05,108.53,108.7,108.43,108.49,663705
IEF,2013-04-08,108.43,108.51,108.13,108.14,858110
IEF,2013-04-09,108.32,108.38,108.12,108.18,507764
IEF,2013-04-10,107.94,107.97,107.71,107.73,340865
IEF,2013-04-11,107.85,107.97,107.79,107.85,1132160
IEF,2013-04-12,108.25,108.45,108.13,108.45,827631
IEF,2013-04-15,108.4,108.69,108.36,108.69,587205
IEF,2013-04-16,108.35,108.51,108.33,108.38,1226700
IEF,2013-04-17,108.44,108.81,108.4,108.58,988226
IEF,2013-04-18,108.66,108.76,108.57,108.64,705548
IEF,2013-04-19,108.58,108.58,108.49,108.58,750424
IEF,2013-04-22,108.63,108.75,108.58,108.64,379810
IEF,2013-04-23,108.77,109.04,108.54,108.57,449752
IEF,2013-04-24,108.56,108.69,108.55,108.62,279387
IEF,2013-04-25,108.47,108.54,108.39,108.5,293260
IEF,2013-04-26,108.78,108.92,108.75,108.89,433220
IEF,2013-04-29,108.96,108.99,108.83,108.85,809972
IEF,2013-04-30,109.01,109.14,108.79,108.83,752620
IEF,2013-05-01,108.92,109.17,108.92,109.05,803570
IEF,2013-05-02,108.99,109.06,108.93,109.05,921280
IEF,2013-05-03,108.47,108.5,108.05,108.12,879453
IEF,2013-05-06,108.15,108.19,107.89,107.98,433911
IEF,2013-05-07,107.81,107.94,107.81,107.83,543961
IEF,2013-05-08,107.93,108.09,107.9,107.96,1114353
IEF,2013-05-09,108.04,108.24,107.91,107.94,587247
IEF,2013-05-10,107.75,107.75,107.08,107.33,529648
IEF,2013-05-13,107.1,107.17,107.07,107.14,417594
IEF,2013-05-14,107.28,107.32,106.67,106.71,876899
IEF,2013-05-15,107.03,107.13,106.73,106.99,768194
IEF,2013-05-16,107.24,107.62,107.22,107.5,697842
IEF,2013-05-17,107.33,107.37,106.9,106.92,365779
IEF,2013-05-20,107.09,107.12,106.73,106.84,1439963
IEF,2013-05-21,106.8,107.14,106.58,107.12,530516
IEF,2013-05-22,107.2,107.43,106.22,106.27,1797341
IEF,2013-05-23,106.61,106.64,106.13,106.38,950087
IEF,2013-05-24,106.5,106.68,106.36,106.42,349704
IEF,2013-05-28,106.08,106.15,105.15,105.17,1156914
IEF,2013-05-29,105.25,105.6,105.19,105.6,1588360
IEF,2013-05-30,105.57,105.75,105.41,105.61,577958
IEF,2013-05-31,105.71,105.75,104.83,105.32,1639397
IEF,2013-06-03,104.98,105.84,104.22,105.33,3269163
IEF,2013-06-04,105.09,105.32,105.01,105.06,1235037
IEF,2013-06-05,105.29,105.61,105.25,105.57,1298866
IEF,2013-06-06,105.48,106.33,105.3,105.7,2471852
IEF,2013-06-07,105.35,105.55,104.88,104.88,652213
IEF,2013-06-10,104.68,104.81,104.47,104.62,694550
IEF,2013-06-11,104.25,104.88,104.19,104.88,756033
IEF,2013-06-12,104.49,104.95,104.41,104.41,528606
IEF,2013-06-13,104.67,105.32,104.66,105.2,1180064
IEF,2013-06-14,105.41,105.64,105.27,105.34,599639
IEF,2013-06-17,105.46,105.48,105.02,105.09,478333
IEF,2013-06-18,104.85,105.12,104.79,105.03,428938
IEF,2013-06-19,105.09,107.59,103.48,103.59,1281500
IEF,2013-06-20,103.22,103.43,102.81,103.12,1982451
IEF,2013-06-21,102.91,103.0,102.02,102.03,1777107
IEF,2013-06-24,101.26,102.2,101.25,101.78,2731500
IEF,2013-06-25,102.06,102.12,101.56,101.66,771942
IEF,2013-06-26,102.24,102.31,101.76,102.07,1015250
IEF,2013-06-27,102.49,102.66,102.22,102.62,948969
IEF,2013-06-28,102.13,102.56,101.97,102.5,1017616
IEF,2013-07-01,102.21,102.48,102.03,102.4,1127006
IEF,2013-07-02,102.42,102.57,102.28,102.44,385324
IEF,2013-07-03,102.45,102.65,102.23,102.24,1233114
IEF,2013-07-05,100.89,100.93,100.45,100.52,924080
IEF,2013-07-08,100.86,101.19,100.84,101.11,1137124
IEF,2013-07-09,101.28,101.39,101.2,101.28,558359
IEF,2013-07-10,101.24,101.38,100.9,100.92,1005458
IEF,2013-07-11,101.66,101.93,101.57,101.93,818616
IEF,2013-07-12,102.21,102.31,101.68,101.85,1919501
IEF,2013-07-15,101.97,102.17,101.94,102.17,563656
IEF,2013-07-16,102.16,102.32,102.1,102.22,713288
IEF,2013-07-17,102.81,102.85,102.52,102.67,696268
IEF,2013-07-18,102.64,102.64,102.19,102.19,717802
IEF,2013-07-19,102.45,102.76,102.44,102.75,459444
IEF,2013-07-22,102.74,102.86,102.67,102.74,450264
IEF,2013-07-23,102.51,102.65,102.39,102.62,13316436
IEF,2013-07-24,102.0,102.11,101.65,101.93,837325
IEF,2013-07-25,101.62,102.09,101.6,102.08,712225
IEF,2013-07-26,102.18,102.24,102.06,102.17,544817
IEF,2013-07-29,102.04,102.09,101.85,101.96,420285
IEF,2013-07-30,102.06,102.1,101.81,101.93,306826
IEF,2013-07-31,101.22,102.08,101.14,102.0,930522
IEF,2013-08-01,101.49,101.53,100.86,100.96,1177282
IEF,2013-08-02,101.48,101.82,101.42,101.82,4335468
IEF,2013-08-05,101.61,101.65,101.41,101.5,390419
IEF,2013-08-06,101.44,101.59,101.39,101.53,256991
IEF,2013-08-07,101.65,101.96,101.63,101.9,493155
IEF,2013-08-08,102.04,102.15,101.93,102.05,804948
IEF,2013-08-09,101.9,102.13,101.88,102.12,557561
IEF,2013-08-12,102.27,102.27,101.88,101.92,400377
IEF,2013-08-13,101.3,101.3,100.92,101.0,566473
IEF,2013-08-14,101.0,101.15,100.97,101.09,1672265
IEF,2013-08-15,100.53,100.86,100.3,100.53,15452300
IEF,2013-08-16,100.56,100.56,99.85,100.14,1066939
IEF,2013-08-19,99.86,99.92,99.61,99.71,892200
IEF,2013-08-20,100.07,100.27,100.05,100.25,1221527
IEF,2013-08-21,100.0,100.25,99.58,99.62,945051
IEF,2013-08-22,99.54,99.75,99.33,99.58,755097
IEF,2013-08-23,99.5,100.21,99.41,100.14,991033
IEF,2013-08-26,100.36,100.39,100.15,100.34,512576
IEF,2013-08-27,100.68,100.97,100.53,100.91,532434
IEF,2013-08-28,100.62,100.65,100.3,100.5,761737
IEF,2013-08-29,100.21,100.73,100.16,100.6,470922
IEF,2013-08-30,100.67,100.72,100.41,100.41,1038187
IEF,2013-09-03,99.83,99.92,99.27,99.69,796008
IEF,2013-09-04,99.75,99.79,99.29,99.36,824430
IEF,2013-09-05,99.03,99.11,98.6,98.6,1722670
IEF,2013-09-06,99.31,99.59,99.04,99.2,1033869
IEF,2013-09-09,99.59,99.63,99.35,99.4,764266
IEF,2013-09-10,99.05,99.27,98.94,98.94,1895265
IEF,2013-09-11,99.26,99.46,99.0,99.44,885295
IEF,2013-09-12,99.72,99.82,99.41,99.45,796759
IEF,2013-09-13,99.47,99.69,99.45,99.58,1166470
IEF,2013-09-16,100.48,100.5,99.76,99.8,1872208
IEF,2013-09-17,100.05,100.06,99.8,100.0,943341
IEF,2013-09-18,99.9,101.49,99.59,101.24,1341855
IEF,2013-09-19,101.23,101.23,100.0,100.89,1592798
IEF,2013-09-20,100.96,101.15,100.83,100.99,300589
IEF,2013-09-23,101.09,101.38,101.09,101.37,2003224
IEF,2013-09-24,101.46,101.8,101.41,101.74,1149757
IEF,2013-09-25,101.7,102.04,101.67,102.02,569921
IEF,2013-09-26,101.77,101.87,101.67,101.8,568141
IEF,2013-09-27,101.84,102.15,101.84,101.94,2349356
IEF,2013-09-30,102.06,102.11,101.84,102.11,3785186
IEF,2013-10-01,101.85,101.89,101.66,101.73,1937015
IEF,2013-10-02,101.87,102.15,101.86,101.9,799925
IEF,2013-10-03,101.83,102.28,101.78,102.04,651818
IEF,2013-10-04,101.92,101.96,101.64,101.76,1160884
IEF,2013-10-07,102.06,102.08,101.81,101.85,454426
IEF,2013-10-08,101.8,102.0,101.7,101.8,818146
IEF,2013-10-09,101.79,101.83,101.54,101.62,506463
IEF,2013-10-10,101.27,101.48,101.19,101.4,649080
IEF,2013-10-11,101.69,101.83,101.5,101.55,850097
IEF,2013-10-14,101.55,101.69,101.13,101.21,183164
IEF,2013-10-15,101.41,101.46,101.17,101.23,368081
IEF,2013-10-16,101.13,101.73,101.0,101.72,2339581
IEF,2013-10-17,102.1,102.41,102.04,102.3,2950481
IEF,2013-10-18,102.43,102.46,102.28,102.31,582640
IEF,2013-10-21,102.28,102.29,102.11,102.24,321723
IEF,2013-10-22,102.75,102.97,102.72,102.95,484738
IEF,2013-10-23,103.02,103.31,103.02,103.13,280833
IEF,2013-10-24,103.21,103.23,102.91,102.92,591230
IEF,2013-10-25,103.01,103.14,102.98,103.1,552797
IEF,2013-10-28,103.0,103.12,102.96,103.0,600763
IEF,2013-10-29,102.91,103.14,102.88,103.14,274652
IEF,2013-10-30,103.2,103.4,102.76,102.87,1753061
IEF,2013-10-31,103.11,103.13,102.56,102.75,892970
IEF,2013-11-01,102.38,102.42,101.99,102.02,680147
IEF,2013-11-04,102.21,102.32,102.17,102.22,436966
IEF,2013-11-05,101.93,101.99,101.67,101.76,656898
IEF,2013-11-06,101.92,102.11,101.92,102.07,692718
IEF,2013-11-07,102.16,102.42,102.13,102.34,415047
IEF,2013-11-08,101.33,101.4,101.16,101.19,2497682
IEF,2013-11-11,101.25,101.26,101.14,101.14,144017
IEF,2013-11-12,101.09,101.25,100.98,101.05,1052053
IEF,2013-11-13,101.36,101.52,101.32,101.47,1122723
IEF,2013-11-14,101.55,101.99,101.55,101.96,694120
IEF,2013-11-15,101.97,101.99,101.79,101.88,359182
IEF,2013-11-18,101.94,102.27,101.94,102.24,2852978
IEF,2013-11-19,102.04,102.1,101.83,101.86,559234
IEF,2013-11-20,101.88,102.11,101.26,101.3,1562671
IEF,2013-11-21,101.09,101.44,100.96,101.39,804750
IEF,2013-11-22,101.49,101.71,101.45,101.68,807891
IEF,2013-11-25,101.63,101.84,101.61,101.76,487423
IEF,2013-11-26,101.85,102.08,101.81,101.98,425383
IEF,2013-11-27,101.94,101.95,101.5,101.75,476918
IEF,2013-11-29,101.56,101.77,101.55,101.69,652134
IEF,2013-12-02,101.3,101.33,101.01,101.09,2912226
IEF,2013-12-03,101.35,101.44,101.23,101.27,477170
IEF,2013-12-04,100.77,100.93,100.71,100.81,943640
IEF,2013-12-05,100.65,100.78,100.51,100.56,374085
IEF,2013-12-06,100.5,100.81,100.46,100.65,415617
IEF,2013-12-09,100.71,100.85,100.65,100.77,541801
IEF,2013-12-10,101.1,101.23,100.97,101.19,334707
IEF,2013-12-11,101.03,101.11,100.8,100.8,372409
IEF,2013-12-12,100.61,100.69,100.48,100.51,1156175
IEF,2013-12-13,100.66,100.72,100.55,100.66,433981
IEF,2013-12-16,100.86,100.87,100.52,100.61,572401
IEF,2013-12-17,100.6,100.93,100.6,100.93,694771
IEF,2013-12-18,100.65,101.04,100.15,100.55,1997675
IEF,2013-12-19,100.11,100.22,100.0,100.13,978694
IEF,2013-12-20,100.26,100.46,100.18,100.44,510517
IEF,2013-12-23,100.28,100.38,100.1,100.12,5238449
IEF,2013-12-24,99.84,99.91,99.7,99.73,770627
IEF,2013-12-26,99.49,99.56,99.43,99.48,787533
IEF,2013-12-27,99.47,99.6,99.38,99.42,640448
IEF,2013-12-30,99.55,99.7,99.54,99.69,1327970
IEF,2013-12-31,99.51,99.63,99.18,99.24,1553552
IEF,2014-01-02,99.39,99.68,99.38,99.63,1161835
IEF,2014-01-03,99.51,99.74,99.48,99.57,637503
IEF,2014-01-06,99.66,99.97,99.66,99.85,666232
IEF,2014-01-07,99.92,100.05,99.85,100.01,1055741
IEF,2014-01-08,99.68,99.74,99.46,99.52,1216749
IEF,2014-01-09,99.67,99.83,99.5,99.78,806054
IEF,2014-01-10,100.3,100.67,100.29,100.62,713276
IEF,2014-01-13,100.72,100.97,100.7,100.91,581594
IEF,2014-01-14,100.7,100.78,100.51,100.53,366741
IEF,2014-01-15,100.26,100.49,100.23,100.44,997318
IEF,2014-01-16,100.68,100.77,100.61,100.72,333253
IEF,2014-01-17,100.7,100.96,100.61,100.96,754409
IEF,2014-01-21,100.8,100.92,100.78,100.85,1927071
IEF,2014-01-22,100.62,100.73,100.55,100.57,1150924
IEF,2014-01-23,100.9,101.38,100.9,101.25,1080180
IEF,2014-01-24,101.6,101.75,101.45,101.66,565168
IEF,2014-01-27,101.49,101.69,101.33,101.35,2196710
IEF,2014-01-28,101.49,101.51,101.31,101.5,452693
IEF,2014-01-29,101.81,102.13,101.62,101.98,1422751
IEF,2014-01-30,101.74,101.91,101.64,101.88,685359
IEF,2014-01-31,102.21,102.28,102.05,102.28,670547
IEF,2014-02-03,101.96,102.67,101.86,102.66,4629823
IEF,2014-02-04,102.32,102.39,102.24,102.35,2617260
IEF,2014-02-05,102.21,102.25,101.98,101.98,817640
IEF,2014-02-06,101.86,101.88,101.71,101.79,885868
IEF,2014-02-07,101.88,102.21,101.86,102.06,1066979
IEF,2014-02-10,101.95,102.14,101.95,102.11,589339
IEF,2014-02-11,101.75,101.82,101.61,101.66,625810
IEF,2014-02-12,101.52,101.52,101.28,101.42,743461
IEF,2014-02-13,101.79,101.92,101.73,101.9,941357
IEF,2014-02-14,101.85,101.9,101.72,101.83,467560
IEF,2014-02-18,101.98,102.17,101.93,102.08,1003572
IEF,2014-02-19,102.29,102.31,101.83,101.88,907240
IEF,2014-02-20,101.76,101.94,101.57,101.77,842910
IEF,2014-02-21,101.66,101.91,101.64,101.9,405010
IEF,2014-02-24,101.9,101.91,101.65,101.8,1531085
IEF,2014-02-25,101.99,102.17,101.95,102.15,402686
IEF,2014-02-26,102.15,102.45,102.11,102.45,485968
IEF,2014-02-27,102.51,102.64,102.48,102.57,559426
IEF,2014-02-28,102.38,102.56,102.16,102.47,609946
IEF,2014-03-03,102.6,102.83,102.43,102.81,2540544
IEF,2014-03-04,102.44,102.44,102.0,102.02,1080165
IEF,2014-03-05,101.88,102.14,101.81,102.13,614733
IEF,2014-03-06,101.69,101.81,101.61,101.69,534665
IEF,2014-03-07,101.17,101.37,101.15,101.25,645122
IEF,2014-03-10,101.28,101.43,101.25,101.36,1013910
IEF,2014-03-11,101.32,101.54,101.23,101.46,1571017
IEF,2014-03-12,101.77,101.92,101.69,101.86,818978
IEF,2014-03-13,101.59,102.47,101.58,102.46,1638946
IEF,2014-03-14,102.6,102.61,102.29,102.47,1314375
IEF,2014-03-17,102.26,102.33,102.04,102.06,1085414
IEF,2014-03-18,102.08,102.31,102.06,102.31,861229
IEF,2014-03-19,102.16,102.22,101.21,101.36,1355491
IEF,2014-03-20,101.32,101.46,101.23,101.38,1748137
IEF,2014-03-21,101.37,101.6,101.36,101.57,466504
IEF,2014-03-24,101.32,101.71,101.31,101.61,1222569
IEF,2014-03-25,101.53,101.71,101.45,101.55,739413
IEF,2014-03-26,101.59,101.98,101.58,101.98,830041
IEF,2014-03-27,101.84,102.19,101.84,102.08,303608
IEF,2014-03-28,101.98,102.03,101.64,101.72,661639
IEF,2014-03-31,101.45,101.76,101.38,101.73,1982886
IEF,2014-04-01,101.4,101.42,101.26,101.33,2562647
IEF,2014-04-02,101.05,101.08,100.86,100.89,806757
IEF,2014-04-03,100.97,101.12,100.91,100.96,297969
IEF,2014-04-04,101.25,101.63,101.25,101.58,731943
IEF,2014-04-07,101.74,101.92,101.72,101.82,1751691
IEF,2014-04-08,101.8,102.0,101.66,101.96,666143
IEF,2014-04-09,101.72,102.07,101.63,101.93,1350474
IEF,2014-04-10,102.0,102.59,102.0,102.36,1056611
IEF,2014-04-11,102.62,102.65,102.44,102.57,918534
IEF,2014-04-14,102.44,102.53,102.3,102.41,1468605
IEF,2014-04-15,102.33,102.74,102.26,102.53,614336
IEF,2014-04-16,102.28,102.43,102.25,102.37,1405493
IEF,2014-04-17,102.31,102.31,101.65,101.79,584580
IEF,2014-04-21,101.88,101.96,101.71,101.77,1021113
IEF,2014-04-22,101.61,101.75,101.52,101.73,482827
IEF,2014-04-23,101.88,102.07,101.84,101.99,306422
IEF,2014-04-24,101.76,102.04,101.75,101.96,345676
IEF,2014-04-25,102.13,102.34,102.08,102.1,388912
IEF,2014-04-28,102.07,102.17,101.81,101.95,574919
IEF,2014-04-29,101.79,102.04,101.76,102.04,760073
IEF,2014-04-30,102.18,102.36,102.0,102.31,544748
IEF,2014-05-01,102.18,102.61,102.11,102.41,21829478
IEF,2014-05-02,102.11,102.74,102.0,102.56,1343722
IEF,2014-05-05,102.71,102.71,102.42,102.5,929438
IEF,2014-05-06,102.52,102.65,102.45,102.62,566302
IEF,2014-05-07,102.56,102.77,102.42,102.7,1107574
IEF,2014-05-08,102.8,102.98,102.65,102.81,1444338
IEF,2014-05-09,102.64,102.8,102.64,102.73,354499
IEF,2014-05-12,102.54,102.61,102.41,102.46,759591
IEF,2014-05-13,102.72,102.86,102.68,102.86,603732
IEF,2014-05-14,103.11,103.48,103.07,103.33,635401
IEF,2014-05-15,103.5,103.89,103.33,103.7,1347309
IEF,2014-05-16,103.53,103.67,103.46,103.48,452558
IEF,2014-05-19,103.61,103.74,103.35,103.35,325447
IEF,2014-05-20,103.39,103.76,103.39,103.65,34764383
IEF,2014-05-21,103.41,103.51,103.28,103.49,881734
IEF,2014-05-22,103.43,103.48,103.28,103.38,678759
IEF,2014-05-23,103.53,103.62,103.47,103.59,486751
IEF,2014-05-27,103.5,103.64,103.34,103.62,996974
IEF,2014-05-28,103.96,104.26,103.94,104.19,968209
IEF,2014-05-29,104.31,104.53,104.06,104.06,753119
IEF,2014-05-30,103.91,104.1,103.77,103.98,902363
IEF,2014-06-02,103.53,103.68,103.23,103.33,2032826
IEF,2014-06-03,103.18,103.18,102.8,102.81,1563563
IEF,2014-06-04,102.91,102.92,102.67,102.73,1566687
IEF,2014-06-05,102.68,103.0,102.68,102.88,1585817
IEF,2014-06-06,103.1,103.2,102.77,102.8,940583
IEF,2014-06-09,102.69,102.71,102.55,102.65,816477
IEF,2014-06-10,102.53,102.56,102.4,102.47,1207106
IEF,2014-06-11,102.57,102.7,102.47,102.61,814849
IEF,2014-06-12,102.65,103.06,102.56,103.01,1319453
IEF,2014-06-13,102.54,102.94,102.53,102.81,752876
IEF,2014-06-16,102.82,102.95,102.74,102.81,1401009
IEF,2014-06-17,102.62,102.66,102.36,102.38,33268450
IEF,2014-06-18,102.63,102.92,102.42,102.92,1472226
IEF,2014-06-19,103.08,103.16,102.56,102.66,1054979
IEF,2014-06-20,102.57,102.79,102.53,102.78,576996
IEF,2014-06-23,102.92,102.96,102.71,102.71,764168
IEF,2014-06-24,102.98,103.13,102.79,103.13,443836
IEF,2014-06-25,103.4,103.47,103.2,103.23,977518
IEF,2014-06-26,103.42,103.62,103.4,103.5,822279
IEF,2014-06-27,103.62,103.73,103.5,103.5,933197
IEF,2014-06-30,103.61,103.68,103.43,103.58,1268936
IEF,2014-07-01,103.14,103.26,103.03,103.05,17393004
IEF,2014-07-02,102.84,102.85,102.6,102.63,1779105
IEF,2014-07-03,102.22,102.46,102.2,102.42,1079879
IEF,2014-07-07,102.54,102.74,102.54,102.67,1030967
IEF,2014-07-08,102.99,103.19,102.95,103.14,491522
IEF,2014-07-09,103.05,103.28,102.8,103.16,1113908
IEF,2014-07-10,103.52,103.64,103.34,103.38,728625
IEF,2014-07-11,103.5,103.65,103.46,103.55,688616
IEF,2014-07-14,103.47,103.47,103.29,103.32,974825
IEF,2014-07-15,103.29,103.56,103.13,103.23,933535
IEF,2014-07-16,103.26,103.42,103.2,103.38,15784261
IEF,2014-07-17,103.7,104.05,103.54,103.98,1367376
IEF,2014-07-18,103.88,103.93,103.63,103.77,386901
IEF,2014-07-21,103.84,104.04,103.8,103.8,339554
IEF,2014-07-22,103.84,103.93,103.68,103.93,484228
IEF,2014-07-23,104.03,104.05,103.89,103.92,523575
IEF,2014-07-24,103.61,103.65,103.49,103.5,600871
IEF,2014-07-25,103.77,103.93,103.7,103.9,781404
IEF,2014-07-28,103.78,103.9,103.64,103.78,1447951
IEF,2014-07-29,103.9,103.95,103.72,103.92,465685
IEF,2014-07-30,103.49,103.5,103.1,103.19,1067455
IEF,2014-07-31,102.93,103.3,102.88,103.16,1506542
IEF,2014-08-01,103.27,103.67,103.05,103.57,3466780
IEF,2014-08-04,103.67,103.77,103.59,103.63,1672554
IEF,2014-08-05,103.5,103.77,103.36,103.68,1012986
IEF,2014-08-06,103.99,103.99,103.74,103.77,1139133
IEF,2014-08-07,103.82,104.24,103.69,104.24,1386143
IEF,2014-08-08,104.41,104.57,104.11,104.15,913851
IEF,2014-08-11,104.18,104.23,104.01,104.1,419771
IEF,2014-08-12,104.14,104.2,103.95,103.95,416308
IEF,2014-08-13,104.11,104.34,104.06,104.29,732402
IEF,2014-08-14,104.49,104.55,104.31,104.5,638830
IEF,2014-08-15,104.49,105.23,104.45,104.92,1570686
IEF,2014-08-18,104.69,104.74,104.54,104.59,13822301
IEF,2014-08-19,104.81,104.81,104.43,104.48,769934
IEF,2014-08-20,104.41,104.46,104.12,104.17,1052181
IEF,2014-08-21,104.19,104.44,104.19,104.39,630263
IEF,2014-08-22,104.36,104.46,104.07,104.4,1393446
IEF,2014-08-25,104.4,104.5,104.3,104.48,837545
IEF,2014-08-26,104.61,104.63,104.43,104.46,590238
IEF,2014-08-27,104.64,104.76,104.54,104.75,881302
IEF,2014-08-28,105.02,105.04,104.81,104.89,938408
IEF,2014-08-29,104.87,105.04,104.81,104.9,1407082
IEF,2014-09-02,104.3,104.31,104.05,104.05,2058613
IEF,2014-09-03,103.93,104.24,103.87,104.2,1456922
IEF,2014-09-04,104.08,104.16,103.77,103.83,1994374
IEF,2014-09-05,104.18,104.24,103.81,103.86,1098413
IEF,2014-09-08,104.13,104.18,103.67,103.75,1340947
IEF,2014-09-09,103.53,103.65,103.46,103.51,1205876
IEF,2014-09-10,103.33,103.38,103.23,103.25,1311766
IEF,2014-09-11,103.4,103.46,103.1,103.12,1224819
IEF,2014-09-12,102.88,102.94,102.68,102.73,2178437
IEF,2014-09-15,102.87,102.97,102.83,102.92,1505415
IEF,2014-09-16,103.04,103.15,102.87,102.89,24978403
IEF,2014-09-17,103.05,103.27,102.62,102.63,2704650
IEF,2014-09-18,102.63,102.65,102.45,102.56,556773
IEF,2014-09-19,102.73,102.98,102.58,102.95,920620
IEF,2014-09-22,103.05,103.23,102.99,103.17,1932572
IEF,2014-09-23,103.26,103.39,103.17,103.39,963683
IEF,2014-09-24,103.33,103.41,103.07,103.1,485276
IEF,2014-09-25,103.25,103.61,103.25,103.6,398972
IEF,2014-09-26,103.48,103.49,103.26,103.38,716145
IEF,2014-09-29,103.73,103.78,103.64,103.71,2344479
IEF,2014-09-30,103.6,103.77,103.54,103.62,1544639
IEF,2014-10-01,103.84,104.31,103.84,104.3,3345973
IEF,2014-10-02,104.25,104.38,103.97,103.99,2084114
IEF,2014-10-03,103.73,103.97,103.61,103.96,1159143
IEF,2014-10-06,103.97,104.26,103.88,104.13,1201687
IEF,2014-10-07,104.46,104.78,104.34,104.74,1429765
IEF,2014-10-08,104.81,105.13,104.49,105.11,2701865
IEF,2014-10-09,105.04,105.18,104.91,104.93,5847965
IEF,2014-10-10,105.1,105.39,105.03,105.34,4675298
IEF,2014-10-13,105.52,105.94,105.44,105.89,1562153
IEF,2014-10-14,105.91,106.13,105.77,106.1,2196710
IEF,2014-10-15,107.5,108.8818,106.45,106.7,2196784
IEF,2014-10-16,107.24,107.32,106.25,106.41,1786694
IEF,2014-10-17,106.14,106.26,105.88,106.1,1143342
IEF,2014-10-20,106.39,106.42,106.11,106.25,1562153
IEF,2014-10-21,106.0,106.2,105.91,105.96,1973187
IEF,2014-10-22,105.84,105.96,105.72,105.93,951841
IEF,2014-10-23,105.63,105.68,105.31,105.49,1281658
IEF,2014-10-24,105.6,105.82,105.52,105.58,678828
IEF,2014-10-27,105.55,105.79,105.55,105.69,872518
IEF,2014-10-28,105.58,105.61,105.37,105.43,771574
IEF,2014-10-29,105.29,105.35,104.74,105.08,1453066
IEF,2014-10-30,105.28,105.44,105.14,105.19,1220836
IEF,2014-10-31,105.12,105.16,104.89,105.02,886915
IEF,2014-11-03,104.7,104.85,104.45,104.8,2348858
IEF,2014-11-04,104.88,105.05,104.75,104.79,3854700
IEF,2014-11-05,104.64,104.83,104.62,104.82,1079746
IEF,2014-11-06,104.62,104.79,104.49,104.5,1026060
IEF,2014-11-07,104.77,105.18,104.76,105.17,994243
IEF,2014-11-10,105.16,105.16,104.73,104.74,1427893
IEF,2014-11-11,104.74,104.77,104.62,104.75,1220836
IEF,2014-11-12,104.99,105.06,104.68,104.71,658278
IEF,2014-11-13,104.84,104.95,104.72,104.88,743426
IEF,2014-11-14,104.75,105.16,104.7,105.1,629808
IEF,2014-11-17,105.25,105.25,104.91,104.98,496483
IEF,2014-11-18,105.01,105.13,104.98,105.1,510094
IEF,2014-11-19,104.82,105.11,104.77,104.82,559979
IEF,2014-11-20,105.22,105.22,104.89,105.01,811479
IEF,2014-11-21,105.04,105.22,105.01,105.22,855816
IEF,2014-11-24,105.04,105.35,104.99,105.34,13802443
IEF,2014-11-25,105.29,105.63,105.25,105.6,1244619
IEF,2014-11-26,105.82,105.9,105.74,105.78,523280
IEF,2014-11-28,106.07,106.2,106.0,106.19,367286
IEF,2014-12-01,106.31,106.37,105.75,105.75,2063355
IEF,2014-12-02,105.43,105.5,105.26,105.28,990589
IEF,2014-12-03,105.22,105.35,105.15,105.32,851948
IEF,2014-12-04,105.34,105.69,105.26,105.69,968328
IEF,2014-12-05,105.28,105.31,104.93,105.1,1035865
IEF,2014-12-08,105.1,105.63,105.09,105.45,858327
IEF,2014-12-09,105.92,106.12,105.74,105.84,945943
IEF,2014-12-10,105.79,106.37,105.79,106.32,996836
IEF,2014-12-11,106.1,106.25,105.91,106.14,15223612
IEF,2014-12-12,106.62,107.02,106.47,107.01,7233693
IEF,2014-12-15,106.63,106.95,106.5,106.62,1248068
IEF,2014-12-16,107.28,107.28,106.76,107.16,10633799
IEF,2014-12-17,106.98,107.2,106.39,106.42,2086053
IEF,2014-12-18,105.86,105.95,105.73,105.82,4833264
IEF,2014-12-19,105.99,106.21,105.91,106.21,847776
IEF,2014-12-22,106.12,106.3,106.05,106.21,2366655
IEF,2014-12-23,105.91,105.98,105.32,105.33,1360300
IEF,2014-12-24,105.03,105.28,104.94,105.25,1098170
IEF,2014-12-26,105.44,105.44,105.25,105.39,373621
IEF,2014-12-29,105.58,105.83,105.56,105.75,2447338
IEF,2014-12-30,106.01,106.08,105.81,105.87,1194705
IEF,2014-12-31,105.94,106.08,105.93,105.99,1010401
IEF,2015-01-02,106.09,106.66,106.06,106.53,2028645
IEF,2015-01-05,106.71,107.25,106.66,107.18,1521651
IEF,2015-01-06,107.63,108.47,107.53,107.9,1890219
IEF,2015-01-07,107.59,108.01,107.46,107.88,1558017
IEF,2015-01-08,107.53,107.57,107.31,107.44,1670991
IEF,2015-01-09,107.57,108.1,107.46,107.97,1107814
IEF,2015-01-12,108.08,108.44,108.02,108.35,2700938
IEF,2015-01-13,108.23,108.64,108.12,108.45,1038763
IEF,2015-01-14,109.2,109.35,108.89,108.95,1545786
IEF,2015-01-15,109.01,109.9,108.94,109.88,1374118
IEF,2015-01-16,109.64,109.74,109.06,109.07,1689143
IEF,2015-01-20,109.29,109.66,109.16,109.32,1346249
IEF,2015-01-21,109.39,109.53,108.75,108.8,2298220
IEF,2015-01-22,109.07,109.1,108.4,108.53,1330757
IEF,2015-01-23,108.93,109.28,108.93,109.24,1248213
IEF,2015-01-26,109.16,109.27,108.9,108.99,1546243
IEF,2015-01-27,109.59,109.71,109.02,109.14,863258
IEF,2015-01-28,109.18,110.13,109.18,109.98,3346336
IEF,2015-01-29,109.67,109.8,109.42,109.59,1393398
IEF,2015-01-30,110.52,110.59,110.07,110.55,2219816
IEF,2015-02-02,109.95,110.4,109.93,110.23,11544681
IEF,2015-02-03,109.73,109.74,109.29,109.3,1465234
IEF,2015-02-04,108.96,109.54,108.88,109.48,1655499
IEF,2015-02-05,109.23,109.27,108.97,109.08,1392746
IEF,2015-02-06,108.37,108.47,107.85,107.86,2016707
IEF,2015-02-09,108.2,108.21,107.8,107.81,1599871
IEF,2015-02-10,107.63,107.74,107.46,107.54,1244524
IEF,2015-02-11,107.65,107.75,107.32,107.5,1286060
IEF,2015-02-12,107.48,107.81,107.46,107.54,1845161
IEF,2015-02-13,107.5,107.55,107.17,107.18,1302374
IEF,2015-02-17,107.06,107.15,106.25,106.42,2170133
IEF,2015-02-18,106.5,107.21,106.4,106.93,8204563
IEF,2015-02-19,106.83,107.06,106.56,106.66,1459483
IEF,2015-02-20,107.03,107.21,106.39,106.6,1893037
IEF,2015-02-23,106.89,107.12,106.85,107.09,818228
IEF,2015-02-24,106.94,107.81,106.71,107.8,1180930
IEF,2015-02-25,107.78,107.95,107.63,107.9,595307
IEF,2015-02-26,107.74,107.86,107.25,107.26,865919
IEF,2015-02-27,107.51,107.68,107.23,107.64,2901730
IEF,2015-03-02,107.38,107.41,106.65,106.67,10270838
IEF,2015-03-03,106.64,106.81,106.4,106.44,1224366
IEF,2015-03-04,106.63,106.72,106.37,106.52,1871140
IEF,2015-03-05,106.54,106.75,106.36,106.58,2253247
IEF,2015-03-06,105.84,105.86,105.44,105.49,1734018
IEF,2015-03-09,105.9,105.98,105.75,105.98,1218142
IEF,2015-03-10,106.45,106.59,106.29,106.43,1309240
IEF,2015-03-11,106.39,106.71,106.33,106.62,945718
IEF,2015-03-12,107.01,107.06,106.55,106.72,916832
IEF,2015-03-13,106.61,106.93,106.5,106.56,846871
IEF,2015-03-16,106.96,107.1,106.75,106.93,639357
IEF,2015-03-17,107.17,107.2,107.02,107.15,768475
IEF,2015-03-18,107.45,108.48,107.13,108.38,1963573
IEF,2015-03-19,108.13,108.29,107.73,107.87,985624
IEF,2015-03-20,108.23,108.31,108.12,108.31,1194754
IEF,2015-03-23,108.41,108.5,108.2,108.45,795140
IEF,2015-03-24,108.46,108.78,108.37,108.78,584474
IEF,2015-03-25,108.79,108.84,108.31,108.31,1240161
IEF,2015-03-26,108.14,108.15,107.61,107.7,928335
IEF,2015-03-27,107.91,108.2,107.91,108.12,2492527
IEF,2015-03-30,108.16,108.24,107.97,108.11,2017697
IEF,2015-03-31,108.1,108.4,108.02,108.39,2137197
IEF,2015-04-01,108.55,108.85,108.53,108.73,2570114
IEF,2015-04-02,108.71,108.73,108.39,108.42,1126377
IEF,2015-04-06,108.95,109.04,108.49,108.56,1268498
IEF,2015-04-07,108.43,108.69,108.32,108.65,750727
IEF,2015-04-08,108.67,108.69,108.33,108.55,886446
IEF,2015-04-09,108.48,108.49,108.01,108.11,890636
IEF,2015-04-10,108.32,108.38,108.06,108.08,789682
IEF,2015-04-13,108.14,108.37,108.12,108.3,624751
IEF,2015-04-14,108.8,108.97,108.53,108.62,825393
IEF,2015-04-15,108.79,108.85,108.63,108.68,566363
IEF,2015-04-16,108.74,108.9,108.43,108.76,903307
IEF,2015-04-17,108.67,109.12,108.6,108.98,1945689
IEF,2015-04-20,108.93,108.96,108.65,108.78,878102
IEF,2015-04-21,108.7,108.72,108.5,108.55,810963
IEF,2015-04-22,108.48,108.48,107.9,107.92,725115
IEF,2015-04-23,107.99,108.38,107.93,108.25,918703
IEF,2015-04-24,108.42,108.66,108.41,108.63,739100
IEF,2015-04-27,108.51,108.62,108.3,108.46,854431
IEF,2015-04-28,108.2,108.44,107.92,107.96,1101126
IEF,2015-04-29,107.45,107.73,107.31,107.56,1117974
IEF,2015-04-30,107.18,107.62,106.96,107.53,2650580
IEF,2015-05-01,107.05,107.16,106.7,106.78,1854335
IEF,2015-05-04,106.87,107.02,106.55,106.56,2784879
IEF,2015-05-05,106.62,106.62,106.12,106.38,2050766
IEF,2015-05-06,106.2,106.27,105.74,105.86,1802121
IEF,2015-05-07,106.05,106.42,105.97,106.31,2201276
IEF,2015-05-08,106.96,107.04,106.6,106.72,1004275
IEF,2015-05-11,106.39,106.39,105.64,105.67,1324415
IEF,2015-05-12,105.5,105.97,105.4,105.75,1431025
IEF,2015-05-13,106.15,106.15,105.56,105.61,1221195
IEF,2015-05-14,105.75,106.08,105.75,105.97,617522
IEF,2015-05-15,106.28,106.8,106.23,106.73,854920
IEF,2015-05-18,106.3,106.39,105.99,106.01,1000353
IEF,2015-05-19,105.53,105.98,105.42,105.54,1240363
IEF,2015-05-20,105.8,106.07,105.62,105.77,1682632
IEF,2015-05-21,106.1,106.42,106.03,106.4,836720
IEF,2015-05-22,106.2,106.28,105.94,106.16,852271
IEF,2015-05-26,106.21,106.82,106.17,106.82,1925632
IEF,2015-05-27,106.68,106.84,106.46,106.76,1015002
IEF,2015-05-28,106.75,106.95,106.66,106.86,1068213
IEF,2015-05-29,107.05,107.19,106.91,106.92,1148489
IEF,2015-06-01,106.73,106.81,106.15,106.28,2161689
IEF,2015-06-02,105.88,105.91,105.47,105.54,1484536
IEF,2015-06-03,105.14,105.14,104.58,104.64,1703421
IEF,2015-06-04,104.86,105.3,104.86,105.15,1594759
IEF,2015-06-05,104.41,104.71,104.21,104.39,1384897
IEF,2015-06-08,104.66,104.74,104.53,104.54,877795
IEF,2015-06-09,104.45,104.49,104.08,104.2,822405
IEF,2015-06-10,104.03,104.09,103.76,103.8,967016
IEF,2015-06-11,104.16,104.63,104.02,104.61,3069681
IEF,2015-06-12,104.44,104.99,104.42,104.56,1578061
IEF,2015-06-15,105.09,105.15,104.71,104.81,1478756
IEF,2015-06-16,105.04,105.24,104.89,105.21,778955
IEF,2015-06-17,105.06,105.38,104.58,105.27,1994007
IEF,2015-06-18,105.13,105.29,104.79,105.19,1481643
IEF,2015-06-19,105.58,105.78,105.51,105.75,1849557
IEF,2015-06-22,105.28,105.32,104.82,104.86,860294
IEF,2015-06-23,104.48,104.91,104.43,104.54,925000
IEF,2015-06-24,104.72,104.9,104.53,104.85,1176460
IEF,2015-06-25,104.59,104.77,104.43,104.59,919781
IEF,2015-06-26,104.19,104.29,103.97,104.09,1441467
IEF,2015-06-29,104.75,105.4,104.61,105.3,1500935
IEF,2015-06-30,104.85,105.37,104.85,105.01,1599431
IEF,2015-07-01,104.4,104.51,104.15,104.3,3738762
IEF,2015-07-02,104.66,104.86,104.59,104.67,1924562
IEF,2015-07-06,105.46,105.56,105.02,105.41,1723334
IEF,2015-07-07,105.98,106.31,105.64,105.69,2083920
IEF,2015-07-08,105.9,106.24,105.79,106.11,1991178
IEF,2015-07-09,105.59,105.72,105.35,105.37,1206892
IEF,2015-07-10,104.69,104.97,104.46,104.64,3719864
IEF,2015-07-13,104.18,104.59,104.18,104.36,1322259
IEF,2015-07-14,104.64,104.72,104.54,104.69,1321618
IEF,2015-07-15,104.57,105.17,104.56,105.09,1239457
IEF,2015-07-16,104.82,105.17,104.75,105.05,811424
IEF,2015-07-17,104.95,105.16,104.94,105.06,881337
IEF,2015-07-20,104.88,104.92,104.67,104.85,842512
IEF,2015-07-21,104.74,105.19,104.7,105.14,676589
IEF,2015-07-22,105.17,105.43,105.16,105.27,523796
IEF,2015-07-23,105.17,105.7,105.14,105.7,1064779
IEF,2015-07-24,105.78,105.85,105.61,105.8,1098407
IEF,2015-07-27,106.18,106.23,106.0,106.15,1392598
IEF,2015-07-28,105.89,105.99,105.8,105.85,6205216
IEF,2015-07-29,105.75,106.09,105.55,105.7,2107317
IEF,2015-07-30,105.63,105.85,105.56,105.82,683203
IEF,2015-07-31,106.35,106.52,106.24,106.44,1112962
IEF,2015-08-03,106.3,106.7,106.26,106.6,2627739
IEF,2015-08-04,106.45,106.5,105.99,106.05,1035970
IEF,2015-08-05,105.8,105.82,105.49,105.64,1283304
IEF,2015-08-06,105.8,106.06,105.75,106.01,731689
IEF,2015-08-07,106.1,106.46,106.04,106.43,1533727
IEF,2015-08-10,106.08,106.19,105.87,105.99,1123860
IEF,2015-08-11,106.56,106.93,106.55,106.69,2263757
IEF,2015-08-12,106.86,107.22,106.64,106.65,1765673
IEF,2015-08-13,106.41,106.64,106.28,106.37,1626459
IEF,2015-08-14,106.18,106.44,106.08,106.26,612489
IEF,2015-08-17,106.62,106.7,106.43,106.45,905284
IEF,2015-08-18,106.27,106.49,106.24,106.28,690422
IEF,2015-08-19,106.07,107.01,106.06,106.93,1444456
IEF,2015-08-20,107.09,107.31,107.01,107.22,1933290
IEF,2015-08-21,107.37,107.71,107.25,107.65,2123585
IEF,2015-08-24,108.5,108.76,107.58,107.83,3074757
IEF,2015-08-25,107.41,107.42,106.85,107.24,2925477
IEF,2015-08-26,106.75,107.23,106.49,106.58,3512937
IEF,2015-08-27,106.43,106.71,106.33,106.52,1414053
IEF,2015-08-28,106.95,107.03,106.46,106.54,1998020
IEF,2015-08-31,106.92,106.95,106.33,106.36,5431550
IEF,2015-09-01,106.49,106.7,106.38,106.67,3749727
IEF,2015-09-02,106.43,106.67,106.33,106.38,2441745
IEF,2015-09-03,106.64,106.69,106.37,106.64,1791281
IEF,2015-09-04,106.84,107.08,106.62,106.97,1421259
IEF,2015-09-08,106.52,106.63,106.42,106.5,1583452
IEF,2015-09-09,106.09,106.68,106.06,106.54,1397242
IEF,2015-09-10,106.45,106.46,106.17,106.3,1601595
IEF,2015-09-11,106.52,106.71,106.48,106.58,1069031
IEF,2015-09-14,106.8,106.81,106.56,106.68,897453
IEF,2015-09-15,106.47,106.51,105.82,105.84,1902966
IEF,2015-09-16,105.78,106.02,105.7,105.81,1305302
IEF,2015-09-17,105.76,106.7,105.76,106.69,2394260
IEF,2015-09-18,106.97,107.21,106.85,107.19,2074189
IEF,2015-09-21,106.8,107.19,106.48,106.58,1591722
IEF,2015-09-22,106.99,107.3,106.91,107.11,1395531
IEF,2015-09-23,107.03,107.12,106.85,106.99,1364258
IEF,2015-09-24,107.43,107.54,107.12,107.15,1393007
IEF,2015-09-25,106.83,106.96,106.71,106.87,1563955
IEF,2015-09-28,107.02,107.48,106.97,107.48,1925986
IEF,2015-09-29,107.57,107.93,107.48,107.85,2460864
IEF,2015-09-30,107.62,107.9,107.59,107.87,2676042
IEF,2015-10-01,107.9,108.05,107.75,107.79,10101258
IEF,2015-10-02,108.75,108.97,108.13,108.31,3320214
IEF,2015-10-05,108.08,108.08,107.67,107.71,3034855
IEF,2015-10-06,107.63,107.98,107.59,107.93,2104009
IEF,2015-10-07,107.67,107.81,107.52,107.66,2337984
IEF,2015-10-08,107.7,107.79,107.28,107.38,2176753
IEF,2015-10-09,107.33,107.53,107.28,107.44,1069416
IEF,2015-10-12,107.65,107.82,107.56,107.8,1336282
IEF,2015-10-13,107.88,107.94,107.62,107.9,1849725
IEF,2015-10-14,108.28,108.51,108.06,108.49,1359562
IEF,2015-10-15,108.31,108.34,108.05,108.12,1075494
IEF,2015-10-16,108.23,108.23,107.97,108.03,1772972
IEF,2015-10-19,108.03,108.05,107.75,107.98,1744458
IEF,2015-10-20,107.67,107.73,107.56,107.61,1134472
IEF,2015-10-21,107.81,108.05,107.81,107.98,6576472
IEF,2015-10-22,108.03,108.2,107.85,108.09,2411351
IEF,2015-10-23,107.62,107.62,107.45,107.48,2029608
IEF,2015-10-26,107.66,107.8,107.63,107.76,3131479
IEF,2015-10-27,108.0,108.19,107.94,108.03,1373143
IEF,2015-10-28,107.98,108.0,107.33,107.47,2058238
IEF,2015-10-29,107.21,107.22,106.79,106.81,1772374
IEF,2015-10-30,106.89,107.08,106.85,107.02,3424763
IEF,2015-11-02,106.63,106.7,106.52,106.55,5313463
IEF,2015-11-03,106.46,106.52,106.22,106.27,1941748
IEF,2015-11-04,106.3,106.47,106.06,106.16,1933175
IEF,2015-11-05,106.16,106.19,105.93,106.09,1554567
IEF,2015-11-06,105.44,105.52,105.23,105.37,2968599
IEF,2015-11-09,105.04,105.35,105.02,105.19,3223859
IEF,2015-11-10,105.36,105.58,105.25,105.39,1467928
IEF,2015-11-11,105.29,105.39,105.25,105.34,1638103
IEF,2015-11-12,105.35,105.58,105.35,105.4,2399121
IEF,2015-11-13,105.62,105.83,105.62,105.8,2665321
IEF,2015-11-16,105.99,106.09,105.82,105.94,1412794
IEF,2015-11-17,105.62,106.06,105.54,105.91,1180042
IEF,2015-11-18,105.79,105.97,105.68,105.86,941502
IEF,2015-11-19,106.12,106.2,106.03,106.09,1967208
IEF,2015-11-20,106.15,106.23,105.95,105.95,1287915
IEF,2015-11-23,105.89,106.18,105.85,106.09,1377063
IEF,2015-11-24,106.15,106.32,106.12,106.19,1094521
IEF,2015-11-25,106.25,106.32,106.09,106.25,752373
IEF,2015-11-27,106.35,106.44,106.34,106.36,759634
IEF,2015-11-30,106.35,106.42,106.34,106.4,2266947
IEF,2015-12-01,106.24,106.81,106.24,106.8,2805943
IEF,2015-12-02,106.56,106.63,106.36,106.5,1579083
IEF,2015-12-03,106.03,106.04,105.17,105.38,2750561
IEF,2015-12-04,105.59,105.88,105.49,105.77,2232462
IEF,2015-12-07,105.83,106.35,105.8,106.11,1954043
IEF,2015-12-08,106.37,106.37,106.05,106.17,1519925
IEF,2015-12-09,106.11,106.46,105.87,106.33,3711095
IEF,2015-12-10,106.37,106.38,106.09,106.1,1545241
IEF,2015-12-11,106.61,107.09,106.58,106.95,3353194
IEF,2015-12-14,106.5,106.64,106.16,106.16,2204444
IEF,2015-12-15,105.76,105.99,105.72,105.89,1591016
IEF,2015-12-16,105.69,105.98,105.4,105.61,1911925
IEF,2015-12-17,105.76,106.11,105.76,106.05,1202613
IEF,2015-12-18,106.3,106.54,106.21,106.43,4396745
IEF,2015-12-21,106.39,106.61,106.39,106.48,1603188
IEF,2015-12-22,106.3,106.36,106.08,106.18,1411761
IEF,2015-12-23,105.9,105.99,105.8,105.94,1380840
IEF,2015-12-24,105.86,105.97,105.78,105.97,654226
IEF,2015-12-28,105.94,106.16,105.88,105.99,2198303
IEF,2015-12-29,105.88,105.88,105.35,105.43,1752471
IEF,2015-12-30,105.35,105.59,105.28,105.47,1358076
IEF,2015-12-31,105.64,105.79,105.5,105.59,1906042
IEF,2016-01-04,106.09,106.4,105.99,106.04,6183691
IEF,2016-01-05,105.97,106.2,105.83,106.01,2122790
IEF,2016-01-06,106.46,106.67,106.37,106.65,1906133
IEF,2016-01-07,106.79,106.88,106.42,106.88,3105959
IEF,2016-01-08,106.78,107.2,106.69,107.15,1783361
IEF,2016-01-11,106.78,107.05,106.7,106.81,4816069
IEF,2016-01-12,106.77,107.53,106.7,107.29,8962479
IEF,2016-01-13,107.22,107.86,107.13,107.71,2664067
IEF,2016-01-14,107.6,107.8,107.24,107.49,2597273
IEF,2016-01-15,108.17,108.19,107.89,107.99,4334263
IEF,2016-01-19,107.82,108.09,107.72,107.85,4896453
IEF,2016-01-20,108.37,108.78,108.3,108.38,4949141
IEF,2016-01-21,108.52,108.63,108.04,108.11,2385705
IEF,2016-01-22,107.75,107.96,107.62,107.87,1735976
IEF,2016-01-25,108.11,108.24,108.0,108.23,1190886
IEF,2016-01-26,108.23,108.43,108.13,108.31,1288089
IEF,2016-01-27,108.23,108.42,107.85,108.39,1802330
IEF,2016-01-28,108.23,108.59,108.18,108.53,2222908
IEF,2016-01-29,108.91,109.18,108.78,109.11,3805520
IEF,2016-02-01,108.81,108.95,108.56,108.7,6812969
IEF,2016-02-02,109.22,109.55,109.21,109.47,4141629
IEF,2016-02-03,109.37,110.07,109.32,109.35,12145045
IEF,2016-02-04,109.48,109.65,109.29,109.61,2431129
IEF,2016-02-05,109.4,109.82,109.31,109.75,1440225
IEF,2016-02-08,110.14,110.65,110.08,110.57,2824825
IEF,2016-02-09,110.92,110.92,110.49,110.59,2679616
IEF,2016-02-10,110.57,110.96,110.31,110.92,2027201
IEF,2016-02-11,111.74,112.01,111.3,111.43,3743031
IEF,2016-02-12,110.94,111.09,110.38,110.58,3258702
IEF,2016-02-16,110.38,110.4,110.11,110.25,2816846
IEF,2016-02-17,110.02,110.04,109.67,109.98,4856453
IEF,2016-02-18,109.88,110.54,109.88,110.49,3125792
IEF,2016-02-19,110.39,110.63,110.29,110.49,1340004
IEF,2016-02-22,110.38,110.47,110.3,110.38,1012216
IEF,2016-02-23,110.09,110.7,110.04,110.6,2257761
IEF,2016-02-24,111.02,111.39,110.49,110.6,2947905
IEF,2016-02-25,110.92,111.16,110.7,110.93,1983585
IEF,2016-02-26,110.35,110.5,110.23,110.39,2957945
IEF,2016-02-29,110.4,110.63,110.34,110.57,3861617
IEF,2016-03-01,110.54,110.54,109.5,109.55,5901215
IEF,2016-03-02,109.27,109.4,109.16,109.36,3011187
IEF,2016-03-03,109.34,109.62,109.25,109.49,2092991
IEF,2016-03-04,109.27,109.44,108.93,109.12,1781243
IEF,2016-03-07,108.95,108.98,108.81,108.9,2349425
IEF,2016-03-08,109.54,109.75,109.46,109.53,1747706
IEF,2016-03-09,109.19,109.32,108.98,109.1,1537962
IEF,2016-03-10,109.11,109.24,108.54,108.71,2798658
IEF,2016-03-11,108.73,108.73,108.31,108.4,1785107
IEF,2016-03-14,108.54,108.69,108.43,108.48,2662203
IEF,2016-03-15,108.71,108.8,108.43,108.46,2960772
IEF,2016-03-16,108.31,110.96,108.2,109.03,2052518
IEF,2016-03-17,109.15,109.27,109.07,109.15,2745539
IEF,2016-03-18,109.3,109.47,109.21,109.34,2434715
IEF,2016-03-21,109.1,109.18,108.99,109.03,1725040
IEF,2016-03-22,109.28,109.3,108.77,108.8,1437662
IEF,2016-03-23,108.92,109.4,108.92,109.3,1405403
IEF,2016-03-24,109.48,109.58,109.01,109.19,1548217
IEF,2016-03-28,109.31,109.52,109.23,109.35,1291403
IEF,2016-03-29,109.6,110.09,109.53,110.09,2980968
IEF,2016-03-30,109.84,110.02,109.61,109.94,2808816
IEF,2016-03-31,110.07,110.44,109.92,110.34,3759192
IEF,2016-04-01,110.18,110.31,109.91,110.14,5489061
IEF,2016-04-04,110.25,110.34,110.11,110.27,3035621
IEF,2016-04-05,110.68,110.76,110.55,110.71,1951521
IEF,2016-04-06,110.57,110.66,110.33,110.47,1646006
IEF,2016-04-07,110.78,111.09,110.74,111.04,2069775
IEF,2016-04-08,110.81,110.89,110.68,110.87,1309765
IEF,2016-04-11,110.6,110.92,110.57,110.85,879562
IEF,2016-04-12,110.54,110.66,110.33,110.41,1363334
IEF,2016-04-13,110.25,110.56,110.22,110.49,1466429
IEF,2016-04-14,110.27,110.42,110.14,110.23,1403933
IEF,2016-04-15,110.35,110.66,110.31,110.56,1657759
IEF,2016-04-18,110.48,110.48,110.28,110.45,1297792
IEF,2016-04-19,110.3,110.39,110.13,110.27,1219611
IEF,2016-04-20,110.28,110.45,109.68,109.71,1939831
IEF,2016-04-21,109.47,109.66,109.4,109.53,1636622
IEF,2016-04-22,109.53,109.59,109.34,109.41,952119
IEF,2016-04-25,109.36,109.5,109.28,109.29,1416250
IEF,2016-04-26,109.24,109.25,109.0,109.06,1127133
IEF,2016-04-27,109.35,109.76,109.19,109.66,1734041
IEF,2016-04-28,109.68,110.07,109.63,110.04,2807314
IEF,2016-04-29,109.82,110.1,109.72,110.0,2858518
IEF,2016-05-02,109.66,109.79,109.51,109.52,2226803
IEF,2016-05-03,110.14,110.27,110.08,110.17,2331240
IEF,2016-05-04,110.19,110.39,110.0,110.37,1176898
IEF,2016-05-05,110.33,110.67,110.14,110.67,1257480
IEF,2016-05-06,110.59,110.64,110.29,110.41,1675657
IEF,2016-05-09,110.55,110.63,110.46,110.62,1459864
IEF,2016-05-10,110.57,110.65,110.48,110.6,1506878
IEF,2016-05-11,110.55,110.89,110.49,110.77,1606832
IEF,2016-05-12,110.44,110.6,110.36,110.47,1261487
IEF,2016-05-13,110.54,110.92,110.49,110.89,5007347
IEF,2016-05-16,110.62,110.62,110.45,110.49,1708120
IEF,2016-05-17,110.41,110.57,110.33,110.34,1158742
IEF,2016-05-18,110.1,110.12,109.32,109.45,2946529
IEF,2016-05-19,109.57,109.73,109.51,109.56,1345048
IEF,2016-05-20,109.58,109.74,109.48,109.63,1059416
IEF,2016-05-23,109.72,109.8,109.57,109.7,892284
IEF,2016-05-24,109.51,109.63,109.36,109.52,965245
IEF,2016-05-25,109.49,109.63,109.42,109.47,890348
IEF,2016-05-26,109.65,109.9,109.58,109.81,998294
IEF,2016-05-27,109.85,109.89,109.47,109.6,1995252
IEF,2016-05-31,109.33,109.84,109.33,109.73,1734699
IEF,2016-06-01,109.85,109.9,109.48,109.53,2786439
IEF,2016-06-02,109.7,109.95,109.7,109.87,5038509
IEF,2016-06-03,110.72,110.91,110.69,110.89,1971287
IEF,2016-06-06,110.66,110.81,110.57,110.6,1715717
IEF,2016-06-07,110.81,110.89,110.75,110.76,2672900
IEF,2016-06-08,110.84,110.94,110.79,110.89,1284240
IEF,2016-06-09,111.21,111.25,111.05,111.06,1328404
IEF,2016-06-10,111.39,111.58,111.27,111.45,1878863
IEF,2016-06-13,111.65,111.75,111.48,111.67,1029082
IEF,2016-06-14,111.96,111.96,111.61,111.64,1390551
IEF,2016-06-15,111.64,112.1,111.64,111.98,2377888
IEF,2016-06-16,112.28,112.53,111.99,112.1,3088659
IEF,2016-06-17,112.0,112.0,111.64,111.72,3140885
IEF,2016-06-20,111.23,111.31,111.16,111.24,1956482
IEF,2016-06-21,111.22,111.36,110.97,110.99,1494543
IEF,2016-06-22,110.99,111.23,110.96,111.21,1378658
IEF,2016-06-23,110.75,110.98,110.65,110.68,1714958
IEF,2016-06-24,112.47,112.48,112.09,112.21,4390000
IEF,2016-06-27,112.96,113.24,112.9,113.18,4647465
IEF,2016-06-28,113.15,113.23,112.95,113.16,1799745
IEF,2016-06-29,113.07,113.16,112.69,112.7,2670874
IEF,2016-06-30,112.88,113.2,112.72,112.95,5690785
IEF,2016-07-01,113.3,113.32,112.87,113.09,5292310
IEF,2016-07-05,113.51,113.91,113.47,113.71,2926289
IEF,2016-07-06,113.82,113.84,113.55,113.73,1921629
IEF,2016-07-07,113.52,113.77,113.32,113.58,1323041
IEF,2016-07-08,113.59,113.83,113.42,113.8,2097922
IEF,2016-07-11,113.48,113.58,113.2,113.2,2728822
IEF,2016-07-12,112.74,112.83,112.38,112.53,4116208
IEF,2016-07-13,112.86,113.02,112.78,112.82,3077240
IEF,2016-07-14,112.2,112.49,112.18,112.35,2761898
IEF,2016-07-15,112.03,112.1,111.8,111.92,2811557
IEF,2016-07-18,112.1,112.2,111.78,111.89,4173485
IEF,2016-07-19,112.16,112.29,112.06,112.19,4171875
IEF,2016-07-20,112.03,112.03,111.85,111.96,2213705
IEF,2016-07-21,111.68,112.25,111.66,112.21,1944709
IEF,2016-07-22,111.96,112.32,111.92,112.12,1139960
IEF,2016-07-25,112.09,112.23,112.01,112.03,889058
IEF,2016-07-26,112.2,112.2,111.89,112.1,1694108
IEF,2016-07-27,112.24,112.58,112.11,112.58,1962723
IEF,2016-07-28,112.4,112.74,112.36,112.64,1220157
IEF,2016-07-29,112.85,113.1,112.76,113.07,2386779
IEF,2016-08-01,112.56,112.77,112.48,112.52,2479094
IEF,2016-08-02,112.02,112.4799,112.02,112.25,2920532
IEF,2016-08-03,112.32,112.35,112.02,112.31,1148604
IEF,2016-08-04,112.55,112.8,112.54,112.58,1064986
IEF,2016-08-05,112.26,112.36,111.87,111.88,2368063
IEF,2016-08-08,111.75,111.985,111.64,111.82,1304009
IEF,2016-08-09,111.95,112.2564,111.89,112.22,1817007
IEF,2016-08-10,112.28,112.6,112.26,112.52,1262456
IEF,2016-08-11,112.43,112.5,111.87,111.98,1823551
IEF,2016-08-12,112.54,112.6978,112.35,112.38,1377100
IEF,2016-08-15,112.21,112.2765,112.03,112.05,1031766
IEF,2016-08-16,111.95,112.05,111.77,111.86,1433536
IEF,2016-08-17,111.89,112.19,111.75,112.04,1733883
IEF,2016-08-18,112.12,112.32,111.95,112.24,1245617
IEF,2016-08-19,111.93,112.04,111.72,111.86,1396706
IEF,2016-08-22,112.11,112.2,111.99,112.11,1084588
IEF,2016-08-23,112.19,112.3,112.0,112.1,939879
IEF,2016-08-24,112.19,112.22,111.97,112.06,1345582
IEF,2016-08-25,111.96,112.08,111.8636,111.88,1037657
IEF,2016-08-26,112.05,112.32,111.37,111.45,1988295
IEF,2016-08-29,111.65,111.9765,111.64,111.91,1497350
IEF,2016-08-30,111.96,112.0,111.84,111.9,2498392
IEF,2016-08-31,111.91,112.045,111.77,111.77,2008099
IEF,2016-09-01,111.33,111.82,111.27,111.79,1775923
IEF,2016-09-02,111.58,111.67,111.31,111.5,1550068
IEF,2016-09-06,111.47,112.095,111.42,112.02,1283994
IEF,2016-09-07,112.18,112.26,112.02,112.08,836835
IEF,2016-09-08,111.87,111.97,111.4,111.53,1287292
IEF,2016-09-09,111.13,111.15,110.95,111.0,1701089
IEF,2016-09-12,110.88,111.19,110.84,111.1,1446579
IEF,2016-09-13,111.18,111.19,110.44,110.69,1993657
IEF,2016-09-14,110.71,111.085,110.71,110.94,1062133
IEF,2016-09-15,110.88,111.05,110.67,110.97,1004149
IEF,2016-09-16,111.1,111.17,110.9493,111.09,833637
IEF,2016-09-19,110.99,111.08,110.895,110.9,490368
IEF,2016-09-20,111.03,111.22,110.99,111.07,1177840
IEF,2016-09-21,110.95,111.3,110.83,111.25,1108272
IEF,2016-09-22,111.44,111.71,111.41,111.58,1012327
IEF,2016-09-23,111.53,111.7,111.5,111.63,952522
IEF,2016-09-26,111.78,112.05,111.76,111.95,763981
IEF,2016-09-27,112.27,112.27,112.03,112.14,1583705
IEF,2016-09-28,112.19,112.3,112.05,112.09,594824
IEF,2016-09-29,111.89,112.3289,111.82,112.16,1123912
IEF,2016-09-30,112.17,112.2,111.7175,111.88,1774642
IEF,2016-10-03,111.7,111.73,111.45,111.47,3111965
IEF,2016-10-04,111.33,111.43,110.95,110.96,3949586
IEF,2016-10-05,110.91,110.95,110.59,110.71,1490557
IEF,2016-10-06,110.59,110.7725,110.46,110.48,1577439
IEF,2016-10-07,110.58,110.7243,110.38,110.64,1601117
IEF,2016-10-10,110.4,110.4,110.179,110.35,1066969
IEF,2016-10-11,110.33,110.51,110.2,110.32,1942561
IEF,2016-10-12,110.23,110.3243,110.1,110.32,1037763
IEF,2016-10-13,110.51,110.69,110.505,110.55,1188430
IEF,2016-10-14,110.27,110.57,110.18,110.21,2105250
IEF,2016-10-17,110.32,110.55,110.32,110.45,1490764
IEF,2016-10-18,110.31,110.67,110.3,110.67,1484419
IEF,2016-10-19,110.51,110.8,110.51,110.72,1264235
IEF,2016-10-20,110.88,110.88,110.5801,110.62,979921
IEF,2016-10-21,110.78,110.782,110.5865,110.74,571103
IEF,2016-10-24,110.81,110.81,110.46,110.59,900791
IEF,2016-10-25,110.45,110.74,110.4269,110.57,735149
IEF,2016-10-26,110.41,110.46,110.29,110.33,1136638
IEF,2016-10-27,109.95,110.0,109.72,109.95,3668510
IEF,2016-10-28,109.85,110.06,109.8,109.97,1313186
IEF,2016-10-31,110.1,110.135,109.96,110.06,4413948
IEF,2016-11-01,109.59,110.12,109.53,109.91,2003985
IEF,2016-11-02,110.11,110.4311,110.031,110.24,1455945
IEF,2016-11-03,110.08,110.2258,110.01,110.17,686575
IEF,2016-11-04,110.3,110.5555,110.28,110.51,1699819
IEF,2016-11-07,110.1,110.17,110.01,110.05,2617928
IEF,2016-11-08,110.07,110.105,109.61,109.66,1182225
IEF,2016-11-09,109.16,109.16,107.91,107.99,6381291
IEF,2016-11-10,107.67,108.03,107.32,107.34,5445300
IEF,2016-11-11,107.55,107.64,107.08,107.12,2482857
IEF,2016-11-14,106.5,106.9,106.275,106.5,3753800
IEF,2016-11-15,106.42,106.69,106.42,106.5,1391672
IEF,2016-11-16,106.27,106.67,106.27,106.6,2765740
IEF,2016-11-17,106.42,106.48,106.05,106.13,2499174
IEF,2016-11-18,106.1,106.21,105.555,105.66,4093685
IEF,2016-11-21,105.74,105.89,105.625,105.75,1364254
IEF,2016-11-22,105.89,106.08,105.75,105.85,1744666
IEF,2016-11-23,105.25,105.59,105.0,105.47,4607052
IEF,2016-11-25,105.51,105.56,105.24,105.38,948163
IEF,2016-11-28,105.73,105.9,105.62,105.86,2474776
IEF,2016-11-29,105.68,106.0,105.61,105.97,1744963
IEF,2016-11-30,105.29,105.525,105.165,105.26,3362465
IEF,2016-12-01,104.62,104.81,104.31,104.71,3467554
IEF,2016-12-02,104.93,105.32,104.93,105.18,1660411
IEF,2016-12-05,104.83,105.4011,104.705,105.14,2281609
IEF,2016-12-06,105.17,105.28,105.08,105.18,989350
IEF,2016-12-07,105.37,105.58,105.355,105.53,1237567
IEF,2016-12-08,105.19,105.26,105.03,105.13,1357500
IEF,2016-12-09,105.08,105.195,104.5441,104.59,3260969
IEF,2016-12-12,104.52,104.72,104.37,104.61,1538223
IEF,2016-12-13,104.79,104.86,104.48,104.67,1993545
IEF,2016-12-14,105.02,105.1,103.78,103.8,3941008
IEF,2016-12-15,103.78,103.8235,103.43,103.51,1999188
IEF,2016-12-16,103.69,103.96,103.46,103.64,1811758
IEF,2016-12-19,104.0,104.17,103.88,104.12,1691826
IEF,2016-12-20,103.75,103.9582,103.675,103.9,969438
IEF,2016-12-21,104.0,104.13,103.942,104.07,1870467
IEF,2016-12-22,103.79,103.9464,103.71,103.86,1872109
IEF,2016-12-23,103.97,104.08,103.94,103.96,830422
IEF,2016-12-27,103.71,103.81,103.7,103.81,1148774
IEF,2016-12-28,103.86,104.2966,103.79,104.19,1369835
IEF,2016-12-29,104.36,104.66,104.36,104.51,1328572
IEF,2016-12-30,104.56,104.96,104.53,104.82,2439455
IEF,2017-01-03,104.35,104.8856,104.29,104.77,3230548
IEF,2017-01-04,104.73,104.935,104.615,104.89,1522962
IEF,2017-01-05,105.1,105.68,105.03,105.57,3344376
IEF,2017-01-06,105.18,105.375,105.0441,105.09,1601433
IEF,2017-01-09,105.47,105.53,105.355,105.49,1275042
IEF,2017-01-10,105.44,105.6,105.385,105.44,1352734
IEF,2017-01-11,105.5,105.93,105.31,105.56,1833735
IEF,2017-01-12,105.82,106.025,105.59,105.62,1544660
IEF,2017-01-13,105.37,105.5576,105.05,105.39,1833203
IEF,2017-01-17,105.97,106.0301,105.7343,105.92,1656782
IEF,2017-01-18,105.6,105.69,105.13,105.17,3640392
IEF,2017-01-19,104.83,104.885,104.5644,104.77,1839952
IEF,2017-01-20,104.64,104.9159,104.48,104.82,1306421
IEF,2017-01-23,105.01,105.57,104.84,105.37,1720212
IEF,2017-01-24,105.14,105.28,104.825,104.97,1343970
IEF,2017-01-25,104.55,104.675,104.31,104.45,1815965
IEF,2017-01-26,104.41,104.62,104.18,104.59,2212910
IEF,2017-01-27,104.65,104.8,104.64,104.72,2285159
IEF,2017-01-30,104.74,104.945,104.69,104.69,1909335
IEF,2017-01-31,104.79,105.22,104.79,105.05,1411700
IEF,2017-02-01,104.56,104.85,104.385,104.69,2055086
IEF,2017-02-02,105.03,105.1,104.72,104.73,1423492
IEF,2017-02-03,105.0,105.22,104.62,104.81,1711147
IEF,2017-02-06,105.24,105.4062,104.9961,105.31,1500484
IEF,2017-02-07,105.25,105.69,105.18,105.5,1540579
IEF,2017-02-08,105.74,106.0,105.66,105.93,3182186
IEF,2017-02-09,105.71,105.73,105.28,105.3,1530153
IEF,2017-02-10,105.07,105.31,105.07,105.23,1646365
IEF,2017-02-13,105.0,105.08,104.88,105.07,1045207
IEF,2017-02-14,105.02,105.1,104.4615,104.69,2318128
IEF,2017-02-15,104.33,104.56,104.32,104.49,2750913
IEF,2017-02-16,104.6,105.01,104.6,104.91,2459817
IEF,2017-02-17,105.2,105.315,105.12,105.19,2237724
IEF,2017-02-21,104.94,105.2799,104.92,105.14,2832683
IEF,2017-02-22,105.36,105.42,104.96,105.31,2812755
IEF,2017-02-23,105.5,105.59,105.4334,105.59,1842686
IEF,2017-02-24,105.94,106.16,105.82,106.08,2676980
IEF,2017-02-27,105.99,106.0,105.64,105.7,3292633
IEF,2017-02-28,105.75,105.91,105.63,105.65,2482544
IEF,2017-03-01,104.71,104.795,104.65,104.77,2249019
IEF,2017-03-02,104.56,104.6,104.3316,104.47,2023327
IEF,2017-03-03,104.5,104.58,104.26,104.57,2509000
IEF,2017-03-06,104.59,104.6,104.4349,104.55,1401721
IEF,2017-03-07,104.43,104.48,104.3533,104.4,1596283
IEF,2017-03-08,103.92,104.15,103.9,104.05,2392776
IEF,2017-03-09,103.94,103.975,103.7,103.76,2322915
IEF,2017-03-10,103.98,104.01,103.7537,103.98,1332989
IEF,2017-03-13,103.81,103.92,103.692,103.72,1342568
IEF,2017-03-14,103.77,103.9386,103.75,103.83,864637
IEF,2017-03-15,103.99,104.74,103.92,104.74,3701856
IEF,2017-03-16,104.49,104.62,104.42,104.45,2749919
IEF,2017-03-17,104.58,104.82,104.56,104.73,1186685
IEF,2017-03-20,104.75,105.01,104.75,104.9877,1362724
IEF,2017-03-21,104.91,105.368,104.91,105.33,1406989
IEF,2017-03-22,105.53,105.73,105.445,105.53,2231348
IEF,2017-03-23,105.59,105.64,105.239,105.42,2584684
IEF,2017-03-24,105.39,105.61,105.35,105.48,2540044
IEF,2017-03-27,105.92,105.96,105.67,105.74,2614005
IEF,2017-03-28,105.86,105.86,105.3735,105.38,1356809
IEF,2017-03-29,105.56,105.72,105.56,105.68,1860381
IEF,2017-03-30,105.63,105.64,105.36,105.38,1487784
IEF,2017-03-31,105.53,105.63,105.45,105.59,1698488
IEF,2017-04-03,105.56,106.0,105.53,105.95,4175518
IEF,2017-04-04,105.92,106.015,105.8,105.8,1319595
IEF,2017-04-05,105.67,106.1022,105.6201,106.0,2551140
IEF,2017-04-06,106.03,106.1,105.7967,105.93,1496344
IEF,2017-04-07,106.19,106.315,105.61,105.61,1185411
IEF,2017-04-10,105.75,105.9184,105.7,105.8,1752459
IEF,2017-04-11,106.05,106.395,106.03,106.29,2219221
IEF,2017-04-12,106.37,106.68,106.29,106.62,2273640
IEF,2017-04-13,106.8,107.01,106.61,106.94,1868187
IEF,2017-04-17,106.95,107.04,106.675,106.77,1110547
IEF,2017-04-18,107.06,107.47,107.0,107.38,1678639
IEF,2017-04-19,107.12,107.17,106.985,107.1,1749970
IEF,2017-04-20,106.93,107.01,106.72,106.86,1695070
IEF,2017-04-21,106.96,107.12,106.8757,106.91,2792479
IEF,2017-04-24,106.43,106.69,106.37,106.69,3557972
IEF,2017-04-25,106.35,106.465,106.09,106.14,1985745
IEF,2017-04-26,106.14,106.42,106.12,106.42,1314388
IEF,2017-04-27,106.38,106.62,106.33,106.49,1988199
IEF,2017-04-28,106.32,106.65,106.27,106.6,5490008
IEF,2017-05-01,106.32,106.4874,106.05,106.21,2044444
IEF,2017-05-02,106.16,106.4885,106.14,106.43,1585337
IEF,2017-05-03,106.45,106.49,106.145,106.21,1861314
IEF,2017-05-04,105.85,105.99,105.82,105.97,1237107
IEF,2017-05-05,105.98,106.02,105.8,105.99,980046
IEF,2017-05-08,105.89,105.89,105.67,105.73,4887359
IEF,2017-05-09,105.59,105.66,105.4701,105.61,1457894
IEF,2017-05-10,105.84,105.859,105.5,105.57,995492
IEF,2017-05-11,105.41,105.7,105.41,105.65,1088840
IEF,2017-05-12,106.06,106.2776,106.06,106.19,2005629
IEF,2017-05-15,106.14,106.17,106.05,106.12,672599
IEF,2017-05-16,106.11,106.41,106.11,106.26,1314453
IEF,2017-05-17,106.8,107.17,106.73,107.11,5644708
IEF,2017-05-18,107.2,107.25,106.97,107.08,1715184
IEF,2017-05-19,106.97,107.065,106.8,107.05,3503125
IEF,2017-05-22,106.93,107.01,106.88,106.93,1425968
IEF,2017-05-23,107.05,107.05,106.6,106.65,2984685
IEF,2017-05-24,106.65,106.925,106.55,106.87,1777633
IEF,2017-05-25,106.93,106.98,106.8,106.93,1361051
IEF,2017-05-26,107.03,107.0789,106.9433,107.0,1016635
IEF,2017-05-30,107.18,107.27,107.095,107.27,2335245
IEF,2017-05-31,107.22,107.4,107.16,107.32,1752336
IEF,2017-06-01,106.94,107.12,106.901,107.1,1769262
IEF,2017-06-02,107.5,107.69,107.41,107.57,1803226
IEF,2017-06-05,107.4,107.49,107.37,107.39,1414885
IEF,2017-06-06,107.78,107.83,107.66,107.73,2078866
IEF,2017-06-07,107.62,107.71,107.43,107.53,1795753
IEF,2017-06-08,107.43,107.43,107.17,107.36,3863040
IEF,2017-06-09,107.15,107.34,107.105,107.26,1203352
IEF,2017-06-12,107.12,107.45,107.12,107.24,767315
IEF,2017-06-13,107.14,107.32,107.14,107.28,682259
IEF,2017-06-14,107.92,108.17,107.71,107.84,3712120
IEF,2017-06-15,107.69,107.72,107.565,107.65,2000386
IEF,2017-06-16,107.67,107.83,107.665,107.71,3460258
IEF,2017-06-19,107.59,107.6299,107.41,107.41,1105933
IEF,2017-06-20,107.5,107.7592,107.5,107.68,1252005
IEF,2017-06-21,107.56,107.75,107.535,107.67,1159752
IEF,2017-06-22,107.83,107.86,107.64,107.77,1160060
IEF,2017-06-23,107.72,107.8407,107.67,107.8,1581035
IEF,2017-06-26,107.9,108.01,107.88,107.89,3625014
IEF,2017-06-27,107.52,107.545,107.255,107.36,1755165
IEF,2017-06-28,107.31,107.31,107.09,107.26,1530861
IEF,2017-06-29,106.7,106.97,106.635,106.86,1997169
IEF,2017-06-30,106.84,106.84,106.535,106.61,1909608
IEF,2017-07-03,106.45,106.46,106.01,106.06,1255303
IEF,2017-07-05,106.04,106.26,105.98,106.14,10478207
IEF,2017-07-06,105.94,105.97,105.7338,105.94,1794925
IEF,2017-07-07,105.81,105.89,105.72,105.77,1800258
IEF,2017-07-10,105.84,106.01,105.83,105.91,1247671
IEF,2017-07-11,105.87,106.08,105.835,106.05,1112561
IEF,2017-07-12,106.45,106.51,106.32,106.36,2451669
IEF,2017-07-13,106.35,106.35,106.05,106.25,2095899
IEF,2017-07-14,106.69,106.74,106.38,106.4,1260438
IEF,2017-07-17,106.46,106.6143,106.4,106.53,1289466
IEF,2017-07-18,106.87,106.97,106.78,106.92,1776163
IEF,2017-07-19,106.93,107.01,106.85,106.92,2465997
IEF,2017-07-20,107.1,107.1568,106.91,106.95,2317152
IEF,2017-07-21,107.15,107.27,107.12,107.14,1815645
IEF,2017-07-24,107.08,107.149,106.99,107.07,2342674
IEF,2017-07-25,106.7,106.7,106.44,106.47,2513574
IEF,2017-07-26,106.47,106.92,106.4147,106.81,3010356
IEF,2017-07-27,106.6,106.73,106.52,106.64,1852967
IEF,2017-07-28,106.63,106.85,106.5973,106.82,1001633
IEF,2017-07-31,106.76,106.86,106.69,106.85,921801
IEF,2017-08-01,106.52,106.99,106.4674,106.95,1958311
IEF,2017-08-02,106.9,107.0499,106.84,106.85,516107
IEF,2017-08-03,107.07,107.2477,106.98,107.22,1576242
IEF,2017-08-04,106.97,106.97,106.7,106.93,1266056
IEF,2017-08-07,106.88,107.0013,106.82,106.99,554119
IEF,2017-08-08,106.95,106.96,106.73,106.9,1277754
IEF,2017-08-09,107.29,107.3169,107.03,107.03,1268046
IEF,2017-08-10,107.24,107.465,107.22,107.43,1412024
IEF,2017-08-11,107.37,107.62,107.32,107.55,911001
IEF,2017-08-14,107.34,107.45,107.25,107.29,1386134
IEF,2017-08-15,106.86,107.06,106.83,106.97,1146255
IEF,2017-08-16,106.87,107.33,106.85,107.17,2160123
IEF,2017-08-17,107.21,107.585,107.17,107.55,1637387
IEF,2017-08-18,107.74,107.81,107.41,107.57,1235736
IEF,2017-08-21,107.6,107.71,107.56,107.64,719196
IEF,2017-08-22,107.54,107.54,107.37,107.43,984522
IEF,2017-08-23,107.66,107.8,107.57,107.8,1246079
IEF,2017-08-24,107.63,107.75,107.5742,107.63,2520936
IEF,2017-08-25,107.64,107.8699,107.57,107.81,1007501
IEF,2017-08-28,107.76,107.92,107.7211,107.91,921695
IEF,2017-08-29,108.41,108.43,108.04,108.16,1590227
IEF,2017-08-30,107.99,108.13,107.99,108.07,1299930
IEF,2017-08-31,108.08,108.25,108.07,108.24,1023622
IEF,2017-09-01,107.96,107.99,107.7,107.76,3459956
IEF,2017-09-05,108.16,108.52,108.13,108.51,3055580
IEF,2017-09-06,108.48,108.55,108.13,108.25,1601483
IEF,2017-09-07,108.35,108.805,108.35,108.72,4292486
IEF,2017-09-08,108.68,108.68,108.5,108.64,1249118
IEF,2017-09-11,108.2,108.24,108.02,108.02,2206172
IEF,2017-09-12,107.85,107.85,107.66,107.76,3167779
IEF,2017-09-13,107.78,107.78,107.52,107.54,1590908
IEF,2017-09-14,107.43,107.58,107.4,107.56,1377491
IEF,2017-09-15,107.57,107.69,107.38,107.69,1477009
IEF,2017-09-18,107.26,107.3598,107.17,107.27,3032494
IEF,2017-09-19,107.3,107.35,107.1163,107.15,673332
IEF,2017-09-20,107.25,107.265,106.77,106.94,2397540
IEF,2017-09-21,106.99,107.13,106.8,106.8,2389979
IEF,2017-09-22,107.14,107.16,106.96,106.99,826550
IEF,2017-09-25,107.11,107.39,107.0,107.31,1927429
IEF,2017-09-26,107.21,107.28,107.12,107.22,1061020
IEF,2017-09-27,106.69,106.83,106.64,106.67,4039061
IEF,2017-09-28,106.54,106.73,106.479,106.65,1873291
IEF,2017-09-29,106.76,106.7666,106.46,106.52,2037845
IEF,2017-10-02,106.42,106.465,106.24,106.24,3221576
IEF,2017-10-03,106.27,106.425,106.24,106.39,2521976
IEF,2017-10-04,106.49,106.49,106.26,106.36,2198286
IEF,2017-10-05,106.4,106.46,106.1901,106.25,1779946
IEF,2017-10-06,105.97,106.2434,105.85,106.12,2350567
IEF,2017-10-09,106.21,106.28,106.14,106.24,893051
IEF,2017-10-10,106.3,106.53,106.25,106.28,1123071
IEF,2017-10-11,106.43,106.44,106.28,106.4,2841184
IEF,2017-10-12,106.47,106.54,106.36,106.5,1349324
IEF,2017-10-13,106.82,106.92,106.69,106.86,1521715
IEF,2017-10-16,106.67,106.79,106.57,106.68,1666058
IEF,2017-10-17,106.52,106.675,106.5,106.64,673763
IEF,2017-10-18,106.31,106.4062,106.265,106.37,1788509
IEF,2017-10-19,106.66,106.7,106.41,106.48,1518714
IEF,2017-10-20,106.14,106.21,105.995,106.04,2651796
IEF,2017-10-23,106.09,106.2099,106.085,106.14,709754
IEF,2017-10-24,105.88,105.96,105.76,105.82,1605637
IEF,2017-10-25,105.47,105.74,105.47,105.65,1838778
IEF,2017-10-26,105.75,105.77,105.5,105.51,2062421
IEF,2017-10-27,105.62,105.8552,105.54,105.85,1315009
IEF,2017-10-30,106.09,106.24,106.03,106.23,1692730
IEF,2017-10-31,106.24,106.245,106.14,106.16,1178008
IEF,2017-11-01,105.92,106.22,105.915,106.06,1321452
IEF,2017-11-02,106.18,106.35,106.12,106.2,1997931
IEF,2017-11-03,106.34,106.4,106.15,106.37,2532355
IEF,2017-11-06,106.47,106.555,106.4,106.5,858413
IEF,2017-11-07,106.52,106.62,106.46,106.54,734803
IEF,2017-11-08,106.59,106.63,106.38,106.41,935476
IEF,2017-11-09,106.27,106.4644,106.23,106.37,926347
IEF,2017-11-10,106.0,106.0307,105.79,105.83,1861954
IEF,2017-11-13,105.91,105.96,105.77,105.78,868580
IEF,2017-11-14,105.81,106.0,105.79,105.93,1629226
IEF,2017-11-15,106.28,106.35,106.085,106.31,1933134
IEF,2017-11-16,106.14,106.2,106.02,106.04,1749220
IEF,2017-11-17,106.23,106.28,106.1,106.18,941512
IEF,2017-11-20,106.05,106.15,105.95,106.01,1153378
IEF,2017-11-21,106.18,106.23,105.95,106.03,835610
IEF,2017-11-22,106.14,106.42,106.1,106.37,1657908
IEF,2017-11-24,106.27,106.34,106.235,106.28,614375
IEF,2017-11-27,106.33,106.4236,106.19,106.35,1927505
IEF,2017-11-28,106.51,106.545,106.28,106.37,1386944
IEF,2017-11-29,106.02,106.08,105.88,106.03,3193599
IEF,2017-11-30,105.96,106.01,105.59,105.7,3306445
IEF,2017-12-01,105.7,106.34,105.5,105.93,4341543
IEF,2017-12-04,105.65,105.88,105.64,105.88,2356429
IEF,2017-12-05,105.71,105.99,105.69,105.96,1586008
IEF,2017-12-06,106.2,106.31,106.16,106.18,1459045
IEF,2017-12-07,106.18,106.265,105.8634,105.99,1953408
IEF,2017-12-08,105.97,106.02,105.83,105.91,2519666
IEF,2017-12-11,105.97,106.02,105.81,105.84,702208
IEF,2017-12-12,105.74,105.76,105.6,105.75,2557740
IEF,2017-12-13,105.9,106.22,105.79,106.18,1477764
IEF,2017-12-14,105.99,106.23,105.86,106.14,982369
IEF,2017-12-15,105.98,106.17,105.92,106.12,1845221
IEF,2017-12-18,106.03,106.06,105.84,105.88,1610297
IEF,2017-12-19,105.62,105.63,105.25,105.4,4535080
IEF,2017-12-20,105.1,105.29,105.04,105.09,3026981
IEF,2017-12-21,104.94,105.01,104.87,105.0,2098847
IEF,2017-12-22,104.99,105.04,104.95,105.04,696874
IEF,2017-12-26,105.05,105.2,105.03,105.08,2584778
IEF,2017-12-27,105.23,105.57,105.23,105.53,2291488
IEF,2017-12-28,105.43,105.48,105.34,105.4,1540546
IEF,2017-12-29,105.47,105.64,105.46,105.57,1849555
IEF,2018-01-02,105.44,105.47,105.09,105.22,3902185
IEF,2018-01-03,105.35,105.41,105.22,105.33,2135976
IEF,2018-01-04,105.1,105.29,105.02,105.28,2430030
IEF,2018-01-05,105.28,105.32,105.06,105.15,2163587
IEF,2018-01-08,105.2,105.22,105.01,105.1,2450624
IEF,2018-01-09,104.92,104.92,104.58,104.6,5924200
IEF,2018-01-10,104.29,104.62,104.23,104.57,2142476
IEF,2018-01-11,104.52,104.73,104.42,104.64,1798688
IEF,2018-01-12,104.42,104.61,104.4,104.57,1430710
IEF,2018-01-16,104.74,104.76,104.48,104.62,5927505
IEF,2018-01-17,104.46,104.63,104.32,104.39,2186145
IEF,2018-01-18,104.11,104.21,103.98,104.06,3326215
IEF,2018-01-19,104.0,104.0,103.73,103.79,2921631
IEF,2018-01-22,103.87,103.95,103.67,103.75,8047404
IEF,2018-01-23,103.99,104.11,103.9,104.05,1780075
IEF,2018-01-24,103.87,103.95,103.73,103.85,1952198
IEF,2018-01-25,103.74,104.09,103.62,104.08,3341952
IEF,2018-01-26,103.96,103.96,103.66,103.77,3324858
IEF,2018-01-29,103.5,103.55,103.31,103.51,2328244
IEF,2018-01-30,103.42,103.48,103.22,103.27,2346906
IEF,2018-01-31,103.44,103.49,103.02,103.3,2966405
IEF,2018-02-01,103.1,103.1,102.57,102.6,8958312
IEF,2018-02-02,102.29,102.37,102.11,102.22,5753531
IEF,2018-02-05,102.25,103.31,102.09,103.06,6901979
IEF,2018-02-06,102.95,103.04,102.61,102.61,5382882
IEF,2018-02-07,102.75,102.77,102.19,102.31,4773709
IEF,2018-02-08,102.03,102.53,101.89,102.4,5685261
IEF,2018-02-09,102.11,102.81,102.11,102.22,4376918
IEF,2018-02-12,102.22,102.36,102.08,102.19,2836265
IEF,2018-02-13,102.27,102.39,102.18,102.36,2698089
IEF,2018-02-14,102.06,102.06,101.63,101.74,4141940
IEF,2018-02-15,101.76,101.96,101.74,101.77,3057291
IEF,2018-02-16,102.09,102.18,101.96,102.01,2277771
IEF,2018-02-20,101.81,101.96,101.72,101.9,2138272
IEF,2018-02-21,102.0,102.0,101.47,101.6,2253855
IEF,2018-02-22,101.76,101.87,101.7001,101.74,4412008
IEF,2018-02-23,102.01,102.21,101.98,102.13,4484674
IEF,2018-02-26,102.36,102.45,102.2,102.25,2725643
IEF,2018-02-27,102.29,102.33,101.74,101.93,3308886
IEF,2018-02-28,102.05,102.19,101.97,102.17,2521402
IEF,2018-03-01,102.16,102.61,102.03,102.45,5352579
IEF,2018-03-02,102.32,102.33,102.01,102.07,2140780
IEF,2018-03-05,102.35,102.35,101.82,101.94,2059342
IEF,2018-03-06,101.97,102.15,101.92,101.93,2331340
IEF,2018-03-07,102.16,102.22,101.92,101.93,1258112
IEF,2018-03-08,102.07,102.24,102.02,102.14,1637019
IEF,2018-03-09,101.89,102.0,101.77,101.92,1604478
IEF,2018-03-12,102.0,102.17,101.94,102.16,1885719
IEF,2018-03-13,102.32,102.38,102.13,102.33,1742071
IEF,2018-03-14,102.27,102.66,102.25,102.53,2598905
IEF,2018-03-15,102.51,102.62,102.39,102.49,2757956
IEF,2018-03-16,102.36,102.39,102.24,102.37,3595261
IEF,2018-03-19,102.15,102.46,102.14,102.27,2824964
IEF,2018-03-20,102.09,102.16,102.04,102.07,2600627
IEF,2018-03-21,101.94,102.22,101.68,102.14,3365609
IEF,2018-03-22,102.52,102.77,102.39,102.56,5026477
IEF,2018-03-23,102.46,102.75,102.46,102.7,2518958
IEF,2018-03-26,102.52,102.65,102.39,102.42,4185089
IEF,2018-03-27,102.53,103.05,102.52,103.0,3495878
IEF,2018-03-28,103.21,103.26,102.89,102.98,2762514
IEF,2018-03-29,103.01,103.31,103.01,103.19,2572109
IEF,2018-04-02,102.94,103.34,102.89,103.12,2748781
IEF,2018-04-03,102.96,103.0,102.75,102.79,4229566
IEF,2018-04-04,103.0,103.0,102.68,102.73,2216873
IEF,2018-04-05,102.57,102.61,102.43,102.47,1789294
IEF,2018-04-06,102.8,102.96,102.66,102.92,2651185
IEF,2018-04-09,102.74,102.94,102.65,102.94,2071118
IEF,2018-04-10,102.81,102.87,102.68,102.76,1622794
IEF,2018-04-11,102.96,103.0,102.76,102.86,2521033
IEF,2018-04-12,102.72,102.73,102.46,102.49,2188647
IEF,2018-04-13,102.4,102.63,102.4,102.58,2937674
IEF,2018-04-16,102.33,102.55,102.31,102.53,1637379
IEF,2018-04-17,102.48,102.66,102.44,102.59,1301847
IEF,2018-04-18,102.38,102.5,102.19,102.19,2127606
IEF,2018-04-19,101.95,102.02,101.79,101.91,3181502
IEF,2018-04-20,101.78,101.84,101.57,101.57,2309432
IEF,2018-04-23,101.48,101.53,101.34,101.47,5022804
IEF,2018-04-24,101.33,101.45,101.26,101.35,3179197
IEF,2018-04-25,101.19,101.25,101.06,101.13,3295766
IEF,2018-04-26,101.37,101.46,101.31,101.42,1989519
IEF,2018-04-27,101.51,101.65,101.5,101.59,2409325
IEF,2018-04-30,101.64,101.81,101.62,101.7,3504377
IEF,2018-05-01,101.5,101.5,101.31,101.35,1893967
IEF,2018-05-02,101.39,101.51,101.3,101.37,3852560
IEF,2018-05-03,101.58,101.77,101.56,101.63,6027127
IEF,2018-05-04,101.75,101.79,101.49,101.64,2370639
IEF,2018-05-07,101.63,101.66,101.54,101.59,1854923
IEF,2018-05-08,101.43,101.52,101.32,101.42,1654562
IEF,2018-05-09,101.19,101.3,101.16,101.19,2838373
IEF,2018-05-10,101.43,101.48,101.3,101.4,4183730
IEF,2018-05-11,101.47,101.47,101.3,101.41,2816308
IEF,2018-05-14,101.25,101.28,101.18,101.19,4761961
IEF,2018-05-15,100.8,100.8,100.49,100.63,6812535
IEF,2018-05-16,100.5,100.7,100.42,100.42,4784233
IEF,2018-05-17,100.46,100.52,100.33,100.36,1702645
IEF,2018-05-18,100.55,100.81,100.55,100.75,2642316
IEF,2018-05-21,100.7,100.83,100.64,100.82,2845114
IEF,2018-05-22,100.82,100.83,100.69,100.78,1976999
IEF,2018-05-23,101.09,101.3,101.07,101.24,5102523
IEF,2018-05-24,101.47,101.64,101.43,101.5,2994068
IEF,2018-05-25,101.81,101.91,101.76,101.9,2838422
IEF,2018-05-29,102.35,103.2,102.24,103.0,11256244
IEF,2018-05-30,102.57,102.72,102.38,102.56,4512176
IEF,2018-05-31,102.57,102.74,102.34,102.51,5321715
IEF,2018-06-01,101.85,102.09,101.77,101.93,7891390
IEF,2018-06-04,101.82,101.83,101.57,101.57,3131829
IEF,2018-06-05,101.84,101.97,101.72,101.83,4305593
IEF,2018-06-06,101.56,101.59,101.36,101.42,3910489
IEF,2018-06-07,101.42,102.13,101.39,101.85,4400363
IEF,2018-06-08,101.74,101.86,101.68,101.71,7342793
IEF,2018-06-11,101.53,101.64,101.51,101.61,1875769
IEF,2018-06-12,101.47,101.6,101.45,101.55,1664843
IEF,2018-06-13,101.58,101.65,101.16,101.43,3294672
IEF,2018-06-14,101.62,101.76,101.54,101.75,3626405
IEF,2018-06-15,101.97,102.1,101.8,101.83,5826513
IEF,2018-06-18,101.96,101.98,101.8,101.88,4601074
IEF,2018-06-19,102.18,102.28,102.09,102.15,4172900
IEF,2018-06-20,102.11,102.13,101.81,101.82,3058959
IEF,2018-06-21,101.98,102.17,101.98,102.09,2680469
IEF,2018-06-22,101.96,102.16,101.95,102.11,2309933
IEF,2018-06-25,102.22,102.4,102.21,102.25,8111232
IEF,2018-06-26,102.27,102.36,102.21,102.3,3873192
IEF,2018-06-27,102.56,102.73,102.48,102.69,3044183
IEF,2018-06-28,102.68,102.71,102.51,102.59,3705643
IEF,2018-06-29,102.58,102.68,102.5,102.51,2721230
IEF,2018-07-02,102.42,102.45,102.22,102.25,3911496
IEF,2018-07-03,102.29,102.51,102.28,102.51,1463832
IEF,2018-07-05,102.48,102.64,102.46,102.52,1682545
IEF,2018-07-06,102.64,102.71,102.52,102.61,3206616
IEF,2018-07-09,102.37,102.44,102.33,102.35,2258773
IEF,2018-07-10,102.25,102.36,102.21,102.27,4461056
IEF,2018-07-11,102.46,102.51,102.32,102.48,2198695
IEF,2018-07-12,102.35,102.48,102.33,102.44,1385932
IEF,2018-07-13,102.55,102.64,102.48,102.61,2892476
IEF,2018-07-16,102.39,102.48,102.26,102.44,1782641
IEF,2018-07-17,102.5,102.5,102.35,102.38,1034701
IEF,2018-07-18,102.43,102.45,102.27,102.3,1355277
IEF,2018-07-19,102.37,102.67,102.35,102.58,4201724
IEF,2018-07-20,102.46,102.46,102.18,102.22,3363165
IEF,2018-07-23,102.1,102.11,101.7,101.72,5285683
IEF,2018-07-24,101.7,101.84,101.63,101.79,3293839
IEF,2018-07-25,101.91,101.98,101.66,101.72,2408954
IEF,2018-07-26,101.82,101.87,101.59,101.61,2598215
IEF,2018-07-27,101.84,101.84,101.68,101.77,1435099
IEF,2018-07-30,101.57,101.76,101.56,101.64,3832706
IEF,2018-07-31,101.8,101.83,101.71,101.78,3053579
IEF,2018-08-01,101.26,101.41,101.19,101.34,5366771
IEF,2018-08-02,101.41,101.48,101.32,101.46,3370763
IEF,2018-08-03,101.54,101.75,101.53,101.72,2174780
IEF,2018-08-06,101.79,101.95,101.76,101.77,3867205
IEF,2018-08-07,101.71,101.71,101.54,101.56,2181388
IEF,2018-08-08,101.59,101.71,101.58,101.65,2780441
IEF,2018-08-09,101.81,101.93,101.79,101.93,4318009
IEF,2018-08-10,102.2,102.5,102.17,102.37,4327822
IEF,2018-08-13,102.31,102.46,102.23,102.34,1764670
IEF,2018-08-14,102.32,102.33,102.19,102.24,2487598
IEF,2018-08-15,102.46,102.68,102.43,102.49,4810823
IEF,2018-08-16,102.51,102.52,102.28,102.46,2594433
IEF,2018-08-17,102.55,102.64,102.4,102.5,3043399
IEF,2018-08-20,102.7,102.86,102.68,102.82,2901051
IEF,2018-08-21,102.73,102.73,102.61,102.68,2516672
IEF,2018-08-22,102.96,102.96,102.77,102.87,2396765
IEF,2018-08-23,102.91,102.95,102.83,102.86,871043
IEF,2018-08-24,102.68,102.91,102.64,102.89,1296659
IEF,2018-08-27,102.75,102.78,102.64,102.66,1852217
IEF,2018-08-28,102.48,102.52,102.39,102.43,1506723
IEF,2018-08-29,102.46,102.47,102.3,102.4,1420391
IEF,2018-08-30,102.54,102.68,102.51,102.59,2780914
IEF,2018-08-31,102.82,102.83,102.6,102.61,2132150
IEF,2018-09-04,102.26,102.32,102.12,102.17,3419538
IEF,2018-09-05,102.15,102.23,102.05,102.16,1332312
IEF,2018-09-06,102.22,102.45,102.21,102.37,1656715
IEF,2018-09-07,102.01,102.04,101.87,101.91,4404950
IEF,2018-09-10,101.89,102.01,101.89,101.97,3110962
IEF,2018-09-11,101.77,101.8,101.6,101.6,3360533
IEF,2018-09-12,101.76,101.81,101.72,101.72,1398928
IEF,2018-09-13,101.86,101.86,101.69,101.71,1281586
IEF,2018-09-14,101.51,101.62,101.46,101.52,3749860
IEF,2018-09-17,101.41,101.58,101.38,101.54,3808368
IEF,2018-09-18,101.41,101.42,101.09,101.12,4972854
IEF,2018-09-19,101.06,101.07,100.8,100.95,5515879
IEF,2018-09-20,100.83,101.06,100.8,100.96,2973763
IEF,2018-09-21,100.9,101.06,100.9,101.0,1024338
IEF,2018-09-24,100.85,101.01,100.84,100.89,2389846
IEF,2018-09-25,100.77,100.81,100.68,100.79,2878702
IEF,2018-09-26,100.89,101.14,100.84,101.12,2502900
IEF,2018-09-27,101.05,101.15,100.99,101.12,6342756
IEF,2018-09-28,101.29,101.3,101.13,101.17,3931040
IEF,2018-10-01,100.83,100.89,100.71,100.71,6408018
IEF,2018-10-02,100.86,101.04,100.86,100.97,2914994
IEF,2018-10-03,100.78,100.79,100.09,100.22,6612700
IEF,2018-10-04,99.98,100.13,99.88,99.96,6427458
IEF,2018-10-05,99.82,99.91,99.6,99.72,5676607
IEF,2018-10-08,99.82,99.86,99.74,99.76,1947785
IEF,2018-10-09,99.79,99.95,99.76,99.95,3066265
IEF,2018-10-10,99.71,100.03,99.67,100.0,3001929
IEF,2018-10-11,100.22,100.55,100.09,100.41,5821540
IEF,2018-10-12,100.29,100.53,100.24,100.29,2647915
IEF,2018-10-15,100.39,100.44,100.26,100.35,1859965
IEF,2018-10-16,100.27,100.35,100.2,100.34,2704240
IEF,2018-10-17,100.32,100.42,100.05,100.05,3336192
IEF,2018-10-18,100.0,100.4,99.95,100.23,2587666
IEF,2018-10-19,100.22,100.24,100.03,100.11,5531932
IEF,2018-10-22,100.22,100.26,100.12,100.13,1690101
IEF,2018-10-23,100.65,100.79,100.34,100.39,4420115
IEF,2018-10-24,100.67,100.96,100.6,100.93,4881155
IEF,2018-10-25,100.75,100.82,100.6,100.69,3559921
IEF,2018-10-26,101.07,101.3,101.04,101.14,4220756
IEF,2018-10-29,101.01,101.24,100.85,101.13,3766926
IEF,2018-10-30,100.94,101.06,100.87,100.91,5746643
IEF,2018-10-31,100.61,100.74,100.55,100.66,3956743
IEF,2018-11-01,100.36,100.57,100.33,100.53,4834317
IEF,2018-11-02,100.29,100.32,99.93,99.97,5250949
IEF,2018-11-05,100.16,100.2,100.03,100.03,2446666
IEF,2018-11-06,100.1,100.1,99.91,99.92,2456739
IEF,2018-11-07,100.09,100.17,99.91,99.92,3297630
IEF,2018-11-08,100.0,100.02,99.75,99.78,2188899
IEF,2018-11-09,99.93,100.22,99.92,100.17,2772679
IEF,2018-11-12,100.38,100.51,100.33,100.47,3704933
IEF,2018-11-13,100.42,100.58,100.35,100.55,3265009
IEF,2018-11-14,100.43,100.96,100.39,100.76,4626422
IEF,2018-11-15,101.01,101.06,100.71,100.83,2621253
IEF,2018-11-16,101.06,101.18,100.98,101.14,7226698
IEF,2018-11-19,101.06,101.32,101.06,101.29,3447829
IEF,2018-11-20,101.32,101.42,101.23,101.27,3658623
IEF,2018-11-21,101.18,101.25,101.07,101.25,1896977
IEF,2018-11-23,101.46,101.465,101.31,101.31,531238
IEF,2018-11-26,101.19,101.23,101.13,101.23,2345621
IEF,2018-11-27,101.2,101.4,101.19,101.33,2334393
IEF,2018-11-28,101.25,101.46,101.17,101.32,3582510
IEF,2018-11-29,101.59,101.73,101.46,101.58,4313021
IEF,2018-11-30,101.73,101.82,101.66,101.78,3069684
IEF,2018-12-03,101.44,101.79,101.41,101.79,6004914
IEF,2018-12-04,101.97,102.46,101.94,102.26,7748767
IEF,2018-12-06,102.65,102.965,102.5,102.52,9429900
IEF,2018-12-07,102.49,102.86,102.36,102.82,7319120
IEF,2018-12-10,102.84,103.04,102.71,102.88,9045691
IEF,2018-12-11,102.64,102.85,102.5,102.62,5290089
IEF,2018-12-12,102.45,102.5,102.31,102.34,3727166
IEF,2018-12-13,102.46,102.5,102.34,102.4,4116029
IEF,2018-12-14,102.57,102.72,102.52,102.56,3529993
IEF,2018-12-17,102.66,102.93,102.65,102.86,7626952
IEF,2018-12-18,102.75,102.95,102.68,102.9,4461364
IEF,2018-12-19,103.01,103.48,102.78,103.26,7710856
IEF,2018-12-20,103.45,103.47,103.09,103.13,9245162
IEF,2018-12-21,103.2,103.23,103.06,103.22,4918611
IEF,2018-12-24,103.38,103.49,103.26,103.48,6372964
IEF,2018-12-26,103.47,103.62,102.95,102.99,5478030
IEF,2018-12-27,103.43,103.63,103.23,103.25,4602088
IEF,2018-12-28,103.42,103.82,103.385,103.81,4542620
IEF,2018-12-31,103.69,104.66,103.63,104.2,7227495
IEF,2019-01-02,104.31,104.43,104.18,104.42,18668725
IEF,2019-01-03,104.46,105.315,104.44,105.25,10616683
IEF,2019-01-04,104.55,104.59,104.27,104.4,6616730
IEF,2019-01-07,104.52,104.57,104.07,104.11,5459196
IEF,2019-01-08,104.0,104.09,103.85,103.85,6879507
IEF,2019-01-09,103.84,103.99,103.77,103.91,3248650
IEF,2019-01-10,104.07,104.14,103.79,103.86,14412994
IEF,2019-01-11,104.14,104.26,104.07,104.17,3825731
IEF,2019-01-14,104.21,104.29,104.05,104.11,3090149
IEF,2019-01-15,104.29,104.29,103.97,104.01,4148048
IEF,2019-01-16,103.89,104.0,103.81,103.95,4820794
IEF,2019-01-17,103.9,103.95,103.68,103.76,5328050
IEF,2019-01-18,103.61,103.72,103.35,103.43,6617519
IEF,2019-01-22,103.72,103.91,103.67,103.79,5814417
IEF,2019-01-23,103.61,103.85,103.58,103.74,3507319
IEF,2019-01-24,104.06,104.18,103.98,104.07,6030700
IEF,2019-01-25,103.89,103.94,103.73,103.83,2763332
IEF,2019-01-28,103.79,103.98,103.79,103.86,3116096
IEF,2019-01-29,103.94,104.16,103.93,104.16,2836679
IEF,2019-01-30,104.05,104.43,103.96,104.4,5788342
IEF,2019-01-31,104.64,104.93,104.61,104.88,10206451
IEF,2019-02-01,104.47,104.49,104.09,104.1,9191931
IEF,2019-02-04,103.97,103.97,103.81,103.87,7283506
IEF,2019-02-05,104.0,104.18,103.99,104.05,3331094
IEF,2019-02-06,104.28,104.29,104.07,104.13,3489763
IEF,2019-02-07,104.42,104.55,104.35,104.47,6937372
IEF,2019-02-08,104.63,104.73,104.59,104.61,2602723
IEF,2019-02-11,104.45,104.54,104.37,104.45,2637191
IEF,2019-02-12,104.38,104.39,104.22,104.31,3305304
IEF,2019-02-13,104.07,104.17,104.0,104.05,3772135
IEF,2019-02-14,104.61,104.62,104.41,104.54,10568669
IEF,2019-02-15,104.35,104.47,104.34,104.44,6878987
IEF,2019-02-19,104.63,104.695,104.55,104.62,8557378
IEF,2019-02-20,104.62,104.7,104.52,104.6,4751098
IEF,2019-02-21,104.3,104.34,104.22,104.29,4140206
IEF,2019-02-22,104.5,104.715,104.46,104.6,3351041
IEF,2019-02-25,104.43,104.5,104.36,104.44,2849605
IEF,2019-02-26,104.75,104.79,104.6,104.75,2647726
IEF,2019-02-27,104.57,104.58,104.3,104.38,2530612
IEF,2019-02-28,104.34,104.35,104.06,104.11,4950133
IEF,2019-03-01,103.74,103.85,103.57,103.57,9003040
IEF,2019-03-04,103.73,103.95,103.66,103.89,3506592
IEF,2019-03-05,103.77,103.96,103.7,103.95,2112204
IEF,2019-03-06,103.99,104.29,103.99,104.24,2401598
IEF,2019-03-07,104.44,104.67,104.43,104.59,4822864
IEF,2019-03-08,104.69,104.83,104.58,104.74,5211967
IEF,2019-03-11,104.73,104.73,104.57,104.66,4654143
IEF,2019-03-12,104.74,105.0,104.7,104.95,4942779
IEF,2019-03-13,104.84,104.94,104.8,104.91,1714980
IEF,2019-03-14,104.86,104.91,104.65,104.76,2514684
IEF,2019-03-15,105.08,105.17,104.97,105.09,7844642
IEF,2019-03-18,104.99,105.08,104.94,104.95,4166201
IEF,2019-03-19,104.78,104.99,104.75,104.88,2138001
IEF,2019-03-20,105.03,105.64,105.01,105.61,8061698
IEF,2019-03-21,105.73,105.75,105.48,105.56,4633505
IEF,2019-03-22,106.09,106.51,106.04,106.34,4721870
IEF,2019-03-25,106.34,106.86,106.25,106.61,7829000
IEF,2019-03-26,106.39,106.69,106.34,106.52,7483688
IEF,2019-03-27,106.81,107.08,106.75,106.83,3555914
IEF,2019-03-28,106.8,106.91,106.66,106.84,3769846
IEF,2019-03-29,106.47,106.68,106.44,106.67,2748915
IEF,2019-04-01,106.1,106.13,105.68,105.72,9430394
IEF,2019-04-02,105.82,105.92,105.76,105.9,7318597
IEF,2019-04-03,105.57,105.69,105.52,105.57,5207253
IEF,2019-04-04,105.62,105.72,105.55,105.68,2293705
IEF,2019-04-05,105.6,105.8,105.59,105.73,1749909
IEF,2019-04-08,105.71,105.76,105.56,105.56,3591492
IEF,2019-04-09,105.82,105.88,105.72,105.75,3210636
IEF,2019-04-10,105.92,106.07,105.91,106.0,2059767
IEF,2019-04-11,105.83,105.87,105.72,105.76,1547544
IEF,2019-04-12,105.39,105.45,105.27,105.27,6032092
IEF,2019-04-15,105.29,105.42,105.29,105.41,2410736
IEF,2019-04-16,105.19,105.245,105.03,105.05,5003641
IEF,2019-04-17,105.0,105.18,105.0,105.07,2348848
IEF,2019-04-18,105.33,105.46,105.29,105.32,4893179
IEF,2019-04-22,105.26,105.27,105.12,105.17,3630010
IEF,2019-04-23,105.32,105.39,105.28,105.36,2462055
IEF,2019-04-24,105.66,105.77,105.64,105.76,3266709
IEF,2019-04-25,105.73,105.79,105.59,105.63,1457640
IEF,2019-04-26,105.97,105.99,105.85,105.91,2156291
IEF,2019-04-29,105.72,105.77,105.61,105.69,2715003
IEF,2019-04-30,105.63,105.93,105.62,105.9,3621942
IEF,2019-05-01,105.7,106.11,105.55,105.64,6870719
IEF,2019-05-02,105.53,105.57,105.27,105.34,3126155
IEF,2019-05-03,105.46,105.62,105.43,105.48,2625249
IEF,2019-05-06,105.88,105.92,105.73,105.75,3370060
IEF,2019-05-07,106.01,106.19,105.96,106.11,3965829
IEF,2019-05-08,106.21,106.25,105.86,105.91,4226574
IEF,2019-05-09,106.3,106.43,106.05,106.19,4224160
IEF,2019-05-10,106.24,106.42,106.05,106.12,2855374
IEF,2019-05-13,106.57,106.74,106.52,106.65,5653357
IEF,2019-05-14,106.57,106.62,106.44,106.55,2573186
IEF,2019-05-15,106.94,106.97,106.74,106.89,5512288
IEF,2019-05-16,106.65,106.72,106.55,106.68,3898355
IEF,2019-05-17,106.91,106.91,106.62,106.73,2128424
IEF,2019-05-20,106.75,106.84,106.53,106.55,2439557
IEF,2019-05-21,106.48,106.52,106.34,106.43,2675307
IEF,2019-05-22,106.6,106.8,106.57,106.75,3561928
IEF,2019-05-23,107.01,107.56,107.01,107.4,6184489
IEF,2019-05-24,107.33,107.37,107.23,107.37,2422769
IEF,2019-05-28,107.62,107.84,107.53,107.84,7038954
IEF,2019-05-29,108.09,108.24,107.78,107.8,5251806
IEF,2019-05-30,107.86,108.24,107.72,108.19,3461100
IEF,2019-05-31,108.56,108.95,108.49,108.91,6020621
IEF,2019-06-03,108.88,109.34,108.77,109.22,23830907
IEF,2019-06-04,108.76,108.99,108.595,108.82,5503215
IEF,2019-06-05,108.96,109.13,108.76,108.82,7712307
IEF,2019-06-06,108.91,109.1,108.73,108.8,2392398
IEF,2019-06-07,109.4,109.42,109.14,109.23,2805926
IEF,2019-06-10,108.86,108.88,108.675,108.685,6071237
IEF,2019-06-11,108.62,108.77,108.58,108.69,2735811
IEF,2019-06-12,108.77,108.99,108.76,108.97,2062847
IEF,2019-06-13,109.07,109.33,109.05,109.24,1684700
IEF,2019-06-14,109.16,109.38,109.15,109.32,3880735
IEF,2019-06-17,109.3,109.38,109.17,109.3,3038808
IEF,2019-06-18,109.75,109.8,109.41,109.51,4564921
IEF,2019-06-19,109.28,109.9,109.205,109.81,4541492
IEF,2019-06-20,110.04,110.28,109.965,109.99,4575008
IEF,2019-06-21,109.73,109.77,109.45,109.54,4305194
IEF,2019-06-24,109.74,109.94,109.71,109.92,3046256
IEF,2019-06-25,110.03,110.23,109.95,110.09,5251008
IEF,2019-06-26,109.95,109.95,109.6,109.64,6674975
IEF,2019-06-27,109.77,110.03,109.68,109.97,2538362
IEF,2019-06-28,109.87,110.11,109.81,110.02,4341481
IEF,2019-07-01,109.82,109.87,109.5,109.69,8191473
IEF,2019-07-02,109.81,110.15,109.79,110.08,3117098
IEF,2019-07-03,110.21,110.4,110.2,110.29,2607009
IEF,2019-07-05,109.65,109.65,109.34,109.59,3664100
IEF,2019-07-08,109.75,109.82,109.48,109.48,3254286
IEF,2019-07-09,109.49,109.5,109.34,109.41,2061782
IEF,2019-07-10,109.51,109.62,109.34,109.47,4343742
IEF,2019-07-11,109.33,109.4,108.88,108.93,4769826
IEF,2019-07-12,108.92,109.17,108.89,109.05,4141939
IEF,2019-07-15,109.14,109.28,109.07,109.28,1753174
IEF,2019-07-16,108.93,109.08,108.83,109.04,2766110
IEF,2019-07-17,109.23,109.56,109.22,109.55,2624401
IEF,2019-07-18,109.43,109.89,109.4,109.82,2386673
IEF,2019-07-19,109.59,109.73,109.51,109.62,1728139
IEF,2019-07-22,109.79,109.8,109.63,109.67,1629798
IEF,2019-07-23,109.55,109.66,109.42,109.49,2329832
IEF,2019-07-24,109.64,109.75,109.56,109.65,2268628
IEF,2019-07-25,109.52,109.53,109.23,109.46,3172045
IEF,2019-07-26,109.5,109.51,109.32,109.44,3004070
IEF,2019-07-29,109.62,109.66,109.52,109.54,2505561
IEF,2019-07-30,109.63,109.67,109.445,109.59,2514764
IEF,2019-07-31,109.56,109.99,109.39,109.87,6669714
IEF,2019-08-01,109.84,110.92,109.79,110.92,16938729
IEF,2019-08-02,110.94,111.2,110.84,111.15,8503301
IEF,2019-08-05,111.82,112.2,111.76,112.11,7626211
IEF,2019-08-06,111.88,112.3,111.79,112.29,6462448
IEF,2019-08-07,113.07,113.27,112.17,112.29,9665348
IEF,2019-08-08,111.99,112.41,111.66,112.3,5178767
IEF,2019-08-09,112.38,112.6,112.06,112.13,2868961
IEF,2019-08-12,112.54,112.98,112.51,112.84,4739934
IEF,2019-08-13,112.86,112.89,112.15,112.44,6005831
IEF,2019-08-14,113.09,113.29,113.0,113.19,8124271
IEF,2019-08-15,113.34,114.17,113.28,113.91,5240208
IEF,2019-08-16,113.51,113.67,113.17,113.61,4976230
IEF,2019-08-19,113.04,113.26,113.01,113.07,3693085
IEF,2019-08-20,113.52,113.66,113.46,113.57,3161828
IEF,2019-08-21,113.27,113.57,113.21,113.27,4921730
IEF,2019-08-22,113.05,113.37,113.0,113.02,5860399
IEF,2019-08-23,113.13,113.94,113.01,113.78,8222680
IEF,2019-08-26,113.73,113.93,113.58,113.67,7581565
IEF,2019-08-27,113.81,114.19,113.81,114.16,3267443
IEF,2019-08-28,114.35,114.39,114.12,114.2,2505433
IEF,2019-08-29,114.1,114.1,113.69,113.98,4232371
IEF,2019-08-30,113.78,114.05,113.74,114.01,3651077
IEF,2019-09-03,113.88,114.44,113.7,114.07,11753968
IEF,2019-09-04,113.95,114.3,113.95,114.25,3447044
IEF,2019-09-05,113.59,113.62,113.08,113.33,4597847
IEF,2019-09-06,113.34,113.53,113.27,113.4,3111001
IEF,2019-09-09,112.86,112.94,112.69,112.7,4818705
IEF,2019-09-10,112.53,112.63,111.88,111.88,4797360
IEF,2019-09-11,111.78,111.97,111.75,111.77,4736967
IEF,2019-09-12,112.1,112.16,111.35,111.52,8612525
IEF,2019-09-13,111.1,111.21,110.5,110.5,24188076
IEF,2019-09-16,110.9,111.1,110.75,110.98,5388257
IEF,2019-09-17,111.04,111.38,110.94,111.27,8255568
IEF,2019-09-18,111.57,111.8,111.2,111.31,5209854
IEF,2019-09-19,111.58,111.59,111.32,111.36,7148212
IEF,2019-09-20,111.54,112.02,111.48,112.0,9915042
IEF,2019-09-23,112.14,112.48,112.06,112.16,13163943
IEF,2019-09-24,112.22,112.82,112.21,112.72,10525344
IEF,2019-09-25,112.59,112.69,111.9,111.98,8430899
IEF,2019-09-26,112.25,112.43,112.16,112.22,4234168
IEF,2019-09-27,112.23,112.49,112.19,112.38,4546123
IEF,2019-09-30,112.21,112.51,112.17,112.47,2806200
IEF,2019-10-01,111.85,112.86,111.81,112.61,8555112
IEF,2019-10-02,112.73,113.18,112.71,113.0,3909055
IEF,2019-10-03,113.16,113.88,113.14,113.59,6128950
IEF,2019-10-04,113.58,113.89,113.51,113.81,4707644
IEF,2019-10-07,113.56,113.68,113.4,113.43,3193609
IEF,2019-10-08,113.82,113.87,113.48,113.67,4305746
IEF,2019-10-09,113.55,113.55,113.2,113.38,3337579
IEF,2019-10-10,113.06,113.08,112.56,112.67,3924427
IEF,2019-10-11,112.13,112.18,111.72,111.9,8685279
IEF,2019-10-14,112.25,112.29,112.16,112.21,1932167
IEF,2019-10-15,112.16,112.24,111.64,111.67,6639548
IEF,2019-10-16,111.84,112.02,111.75,111.89,2755766
IEF,2019-10-17,111.8,112.09,111.72,111.85,3191143
IEF,2019-10-18,111.92,112.12,111.87,111.95,2406526
IEF,2019-10-21,111.66,111.79,111.51,111.54,1735260
IEF,2019-10-22,111.81,111.85,111.5,111.8,3334545
IEF,2019-10-23,112.02,112.07,111.79,111.84,3305797
IEF,2019-10-24,111.89,112.07,111.78,111.82,2654666
IEF,2019-10-25,111.9,111.92,111.42,111.58,2387370
IEF,2019-10-28,111.19,111.22,111.05,111.16,5838011
IEF,2019-10-29,111.3,111.35,111.15,111.26,2200186
IEF,2019-10-30,111.35,111.81,111.31,111.8,5452549
IEF,2019-10-31,112.11,112.58,112.07,112.51,5594462
IEF,2019-11-01,112.18,112.42,111.88,112.13,8159807
IEF,2019-11-04,111.63,111.69,111.5,111.56,4147334
IEF,2019-11-05,111.13,111.17,110.85,110.96,7068841
IEF,2019-11-06,111.19,111.39,110.98,111.28,4129788
IEF,2019-11-07,110.71,110.71,109.98,110.39,5890165
IEF,2019-11-08,110.29,110.64,110.24,110.24,3042004
IEF,2019-11-11,110.49,110.52,110.24,110.36,1569260
IEF,2019-11-12,110.35,110.5,110.18,110.41,4446349
IEF,2019-11-13,110.82,110.86,110.63,110.71,2475151
IEF,2019-11-14,111.19,111.4,111.14,111.27,3189644
IEF,2019-11-15,111.09,111.29,111.08,111.18,2104540
IEF,2019-11-18,111.36,111.49,111.33,111.37,2222406
IEF,2019-11-19,111.39,111.62,111.39,111.58,8306976
IEF,2019-11-20,111.8,112.02,111.72,111.99,3838072
IEF,2019-11-21,111.72,111.83,111.57,111.71,3054910
IEF,2019-11-22,111.77,111.81,111.6,111.69,1879667
IEF,2019-11-25,111.7,111.78,111.68,111.74,3573142
IEF,2019-11-26,111.91,111.99,111.85,111.95,3579371
IEF,2019-11-27,111.72,111.77,111.61,111.66,2351809
IEF,2019-11-29,111.62,111.63,111.44,111.57,2882264
IEF,2019-12-02,110.87,111.12,110.81,111.01,6826437
IEF,2019-12-03,111.58,112.17,111.57,112.0,6562321
IEF,2019-12-04,111.77,111.86,111.39,111.57,2072415
IEF,2019-12-05,111.15,111.42,111.14,111.31,3061985
IEF,2019-12-06,110.88,111.19,110.83,110.97,2717408
IEF,2019-12-09,111.21,111.22,111.04,111.06,2304461
IEF,2019-12-10,111.15,111.19,110.91,110.93,1707068
IEF,2019-12-11,111.1,111.47,111.08,111.39,2462555
IEF,2019-12-12,111.28,111.3,110.31,110.51,5490568
IEF,2019-12-13,110.81,111.23,110.48,111.16,4162002
IEF,2019-12-16,110.88,110.88,110.57,110.64,3028541
IEF,2019-12-17,110.77,110.82,110.58,110.65,3471397
IEF,2019-12-18,110.58,110.61,110.23,110.35,2249532
IEF,2019-12-19,110.12,110.42,110.08,110.28,1962689
IEF,2019-12-20,110.11,110.3,110.08,110.28,4660471
IEF,2019-12-23,110.31,110.38,110.09,110.18,1809420
IEF,2019-12-24,110.04,110.41,110.04,110.37,857562
IEF,2019-12-26,110.41,110.53,110.27,110.53,1385096
IEF,2019-12-27,110.62,110.73,110.62,110.69,1771062
IEF,2019-12-30,110.31,110.62,110.24,110.62,2035351
IEF,2019-12-31,110.44,110.49,110.21,110.22,2801670
IEF,2020-01-02,110.69,110.95,110.63,110.73,4022281
IEF,2020-01-03,111.15,111.49,111.04,111.47,3839615
IEF,2020-01-06,111.66,111.67,111.26,111.35,2714330
IEF,2020-01-07,111.33,111.43,111.19,111.19,2038875
IEF,2020-01-08,111.29,111.42,110.79,110.93,5081221
IEF,2020-01-09,110.68,111.04,110.63,111.01,3680578
IEF,2020-01-10,111.09,111.32,111.09,111.25,2600035
IEF,2020-01-13,111.11,111.14,110.98,111.12,2672631
IEF,2020-01-14,111.18,111.36,111.16,111.34,2376297
IEF,2020-01-15,111.55,111.62,111.43,111.62,2734780
IEF,2020-01-16,111.45,111.51,111.3,111.39,2200468
IEF,2020-01-17,111.13,111.3,111.09,111.3,2627007
IEF,2020-01-21,111.55,111.78,111.54,111.74,2355576
IEF,2020-01-22,111.74,111.82,111.68,111.76,1787630
IEF,2020-01-23,112.03,112.24,111.99,112.04,1891281
IEF,2020-01-24,112.18,112.61,112.16,112.44,7932638
IEF,2020-01-27,113.19,113.21,113.03,113.2,3824613
IEF,2020-01-28,113.09,113.12,112.78,112.82,1923770
IEF,2020-01-29,112.97,113.41,112.97,113.36,2429680
IEF,2020-01-30,113.55,113.83,113.4,113.47,4405548
IEF,2020-01-31,113.72,114.12,113.69,114.04,9764519
IEF,2020-02-03,113.61,113.84,113.32,113.79,5722177
IEF,2020-02-04,113.24,113.25,112.96,113.13,2569656
IEF,2020-02-05,112.71,112.8693,112.62,112.64,9027593
IEF,2020-02-06,112.61,112.8,112.56,112.72,1697175
IEF,2020-02-07,113.18,113.36,113.09,113.26,6177908
IEF,2020-02-10,113.5,113.62,113.37,113.48,1909108
IEF,2020-02-11,113.33,113.37,113.14,113.21,1657144
IEF,2020-02-12,112.97,112.99,112.83,112.92,1473750
IEF,2020-02-13,112.98,113.14,112.94,113.02,1868002
IEF,2020-02-14,113.27,113.37,113.21,113.3,2043632
IEF,2020-02-18,113.45,113.65,113.35,113.48,8412898
IEF,2020-02-19,113.36,113.51,113.3,113.46,1681788
IEF,2020-02-20,113.63,113.94,113.62,113.79,3453027
IEF,2020-02-21,114.09,114.53,114.08,114.25,5381018
IEF,2020-02-24,115.2,115.29,115.02,115.14,6803649
IEF,2020-02-25,115.11,115.71,115.08,115.46,10014347
IEF,2020-02-26,115.21,115.79,115.09,115.4,19649403
IEF,2020-02-27,116.14,116.34,115.58,115.96,8630137
IEF,2020-02-28,116.89,117.45,116.76,117.26,13437146
IEF,2020-03-02,117.55,117.94,116.97,117.04,19402100
IEF,2020-03-03,117.16,119.29,117.03,118.4,11462348
IEF,2020-03-04,118.57,118.91,118.05,118.14,7627290
IEF,2020-03-05,119.0,119.32,118.92,119.19,5284214
IEF,2020-03-06,120.98,121.31,120.09,120.4,11614849
IEF,2020-03-09,123.25,123.41,121.45,121.48,24791745
IEF,2020-03-10,120.88,121.76,119.25,119.25,15073114
IEF,2020-03-11,120.27,120.59,117.6,118.06,13316516
IEF,2020-03-12,120.15,120.77,114.4,118.12,10671552
IEF,2020-03-13,117.8,118.98,117.01,117.35,8697570
IEF,2020-03-16,120.03,120.68,119.0,120.45,6971755
IEF,2020-03-17,119.91,120.29,117.42,117.43,5680276
IEF,2020-03-18,116.6,117.8,115.34,115.8,13256274
IEF,2020-03-19,116.14,117.63,115.92,116.18,6702952
IEF,2020-03-20,117.64,119.88,117.41,119.14,9641930
IEF,2020-03-23,119.45,121.06,119.45,120.55,12234746
IEF,2020-03-24,119.52,119.97,119.26,119.73,5235484
IEF,2020-03-25,119.76,120.26,119.4,119.8,5527552
IEF,2020-03-26,120.19,120.5,119.91,120.09,3384495
IEF,2020-03-27,120.81,121.39,120.68,120.98,5282367
IEF,2020-03-30,121.79,122.09,121.18,121.26,4649568
IEF,2020-03-31,121.45,121.81,121.31,121.48,6356537
IEF,2020-04-01,122.13,122.26,121.73,121.83,9256441
IEF,2020-04-02,122.17,122.22,121.67,121.85,4789361
IEF,2020-04-03,122.04,122.29,121.82,121.94,3441297
IEF,2020-04-06,121.53,121.6,121.28,121.39,4697597
IEF,2020-04-07,120.55,120.89,120.27,120.85,9340613
IEF,2020-04-08,120.6,120.87,120.46,120.7,3341022
IEF,2020-04-09,120.64,121.11,120.53,120.96,4543678
IEF,2020-04-13,120.85,121.015,120.67,120.7,2103215
IEF,2020-04-14,120.84,121.05,120.8,120.86,2180063
IEF,2020-04-15,121.52,122.03,121.48,121.94,3137391
IEF,2020-04-16,122.11,122.25,121.99,122.07,1901687
IEF,2020-04-17,121.97,122.3,121.64,121.75,2375086
IEF,2020-04-20,121.98,122.08,121.79,122.07,4230725
IEF,2020-04-21,122.57,122.69,122.3,122.41,3287659
IEF,2020-04-22,122.13,122.25,121.81,122.03,3168690
IEF,2020-04-23,121.97,122.14,121.87,122.11,2346265
IEF,2020-04-24,121.89,122.15,121.88,122.14,2373519
IEF,2020-04-27,121.85,121.88,121.46,121.49,2508138
IEF,2020-04-28,121.75,122.09,121.74,122.02,2847637
IEF,2020-04-29,122.03,122.21,121.71,121.96,2600232
IEF,2020-04-30,122.05,122.26,121.67,121.67,5371506
IEF,2020-05-01,121.79,121.91,121.57,121.71,8357730
IEF,2020-05-04,121.68,121.82,121.55,121.73,3580519
IEF,2020-05-05,121.45,121.68,121.37,121.64,3487668
IEF,2020-05-06,120.99,121.28,120.85,121.19,3279454
IEF,2020-05-07,121.3,121.98,121.26,121.93,3252814
IEF,2020-05-08,121.62,121.98,121.44,121.53,3486806
IEF,2020-05-11,121.51,121.58,121.09,121.19,4569358
IEF,2020-05-12,121.13,121.63,121.11,121.59,4267731
IEF,2020-05-13,121.74,121.99,121.65,121.84,2615782
IEF,2020-05-14,122.05,122.21,121.98,122.03,2257568
IEF,2020-05-15,122.2,122.23,121.86,121.95,1828945
IEF,2020-05-18,121.66,121.67,121.06,121.2,3091234
IEF,2020-05-19,121.17,121.56,121.17,121.54,1941703
IEF,2020-05-20,121.37,121.71,121.28,121.57,2366730
IEF,2020-05-21,121.69,121.85,121.6,121.65,2059502
IEF,2020-05-22,121.71,121.88,121.69,121.88,1352411
IEF,2020-05-26,121.5,121.63,121.39,121.56,3485014
IEF,2020-05-27,121.49,121.84,121.48,121.66,2559220
IEF,2020-05-28,121.44,121.61,121.37,121.55,3873877
IEF,2020-05-29,121.75,121.99,121.63,121.94,2993843
IEF,2020-06-01,121.62,121.77,121.49,121.77,8531709
IEF,2020-06-02,121.63,121.74,121.49,121.57,4711832
IEF,2020-06-03,121.17,121.19,120.75,120.85,4226754
IEF,2020-06-04,120.66,120.67,120.31,120.37,4744064
IEF,2020-06-05,119.6,119.81,119.35,119.77,10611679
IEF,2020-06-08,119.67,120.01,119.66,119.9,3314691
IEF,2020-06-09,120.37,120.53,120.25,120.33,3238558
IEF,2020-06-10,120.61,121.23,120.55,121.23,4945029
IEF,2020-06-11,121.68,121.85,121.59,121.66,6365781
IEF,2020-06-12,121.44,121.66,121.33,121.39,3050997
IEF,2020-06-15,121.66,121.74,121.29,121.29,2658046
IEF,2020-06-16,120.84,121.27,120.73,121.04,5252003
IEF,2020-06-17,121.16,121.27,120.97,121.23,2308253
IEF,2020-06-18,121.51,121.56,121.42,121.5,1694622
IEF,2020-06-19,121.23,121.61,121.23,121.54,2033246
IEF,2020-06-22,121.66,121.71,121.37,121.43,2285080
IEF,2020-06-23,121.31,121.43,121.24,121.39,2010572
IEF,2020-06-24,121.29,121.66,121.29,121.62,2310651
IEF,2020-06-25,121.8,121.83,121.61,121.64,1650931
IEF,2020-06-26,121.8,122.07,121.78,121.97,3413933
IEF,2020-06-29,121.93,122.14,121.92,122.09,28632379
IEF,2020-06-30,122.15,122.19,121.79,121.87,4126714
IEF,2020-07-01,121.53,121.66,121.35,121.57,10853826
IEF,2020-07-02,121.44,121.74,121.35,121.72,3054157
IEF,2020-07-06,121.41,121.56,121.29,121.54,2822124
IEF,2020-07-07,121.63,121.94,121.57,121.93,2920400
IEF,2020-07-08,121.72,121.87,121.61,121.74,2096713
IEF,2020-07-09,121.77,122.24,121.76,122.13,2769427
IEF,2020-07-10,122.25,122.29,121.85,121.89,1938964
IEF,2020-07-13,121.71,122.04,121.68,122.02,2051108
IEF,2020-07-14,122.18,122.23,121.99,122.01,1721871
IEF,2020-07-15,121.83,122.09,121.82,121.97,2085411
IEF,2020-07-16,122.16,122.25,122.06,122.06,1907115
IEF,2020-07-17,122.12,122.15,121.97,122.03,2405306
IEF,2020-07-20,122.2,122.22,122.02,122.11,2695915
IEF,2020-07-21,122.16,122.28,122.12,122.24,3228374
IEF,2020-07-22,122.39,122.39,122.2358,122.28,2431512
IEF,2020-07-23,122.43,122.45,122.29,122.4,2006539
IEF,2020-07-24,122.3,122.43,122.273,122.34,3395588
IEF,2020-07-27,122.44,122.4579,122.12,122.15,1976555
IEF,2020-07-28,122.3,122.47,122.26,122.44,1870313
IEF,2020-07-29,122.45,122.6,122.31,122.6,1874214
IEF,2020-07-30,122.75,122.78,122.67,122.765,28331985
IEF,2020-07-31,122.64,122.89,122.585,122.8,4039242
IEF,2020-08-03,122.52,122.65,122.46,122.64,6596161
IEF,2020-08-04,122.83,123.09,122.79,123.06,3841988
IEF,2020-08-05,122.75,122.78,122.61,122.65,2423684
IEF,2020-08-06,122.89,123.06,122.73,122.79,2286565
IEF,2020-08-07,122.83,122.9,122.49,122.53,2363363
IEF,2020-08-10,122.7,122.72,122.4,122.4,1994937
IEF,2020-08-11,121.96,122.04,121.69,121.98,7166529
IEF,2020-08-12,121.65,121.76,121.465,121.62,5538087
IEF,2020-08-13,121.6,121.705,121.25,121.37,5748364
IEF,2020-08-14,121.48,121.59,121.42,121.43,2722804
IEF,2020-08-17,121.69,121.83,121.6,121.63,3356248
IEF,2020-08-18,121.76,121.915,121.685,121.84,1853657
IEF,2020-08-19,121.9,121.97,121.65,121.68,4493782
IEF,2020-08-20,122.05,122.08,121.945,122.03,2880331
IEF,2020-08-21,122.11,122.1484,121.92,122.12,2103655
IEF,2020-08-24,122.09,122.21,121.93,121.95,1974858
IEF,2020-08-25,121.555,121.72,121.39,121.655,3562796
IEF,2020-08-26,121.54,121.67,121.38,121.61,3337406
IEF,2020-08-27,121.87,121.87,121.18,121.18,4672917
IEF,2020-08-28,121.41,121.53,121.26,121.38,2277244
IEF,2020-08-31,121.4,121.71,121.38,121.51,3273267
IEF,2020-09-01,121.4,121.82,121.3,121.82,4623121
IEF,2020-09-02,121.72,122.04,121.7,121.99,3013408
IEF,2020-09-03,122.08,122.39,122.02,122.15,5750484
IEF,2020-09-04,121.83,121.92,121.38,121.47,7512838
IEF,2020-09-08,121.74,121.92,121.7,121.73,3442807
IEF,2020-09-09,121.76,121.83,121.54,121.67,3964260
IEF,2020-09-10,121.51,121.84,121.435,121.82,3164227
IEF,2020-09-11,121.88,122.01,121.835,122.01,4905064
IEF,2020-09-14,122.02,122.0966,121.83,121.9,1797058
IEF,2020-09-15,121.83,121.9,121.76,121.84,2897554
IEF,2020-09-16,122.0,122.0,121.66,121.77,4015681
IEF,2020-09-17,122.05,122.05,121.77,121.805,3426757
IEF,2020-09-18,121.85,121.88,121.7,121.7,5606923
IEF,2020-09-21,122.01,122.145,121.895,121.92,5838125
IEF,2020-09-22,121.92,122.03,121.88,121.92,3387887
IEF,2020-09-23,121.92,121.955,121.76,121.92,3172041
IEF,2020-09-24,121.97,122.02,121.91,121.98,2866854
IEF,2020-09-25,122.06,122.12,122.0,122.08,2187387
IEF,2020-09-28,122.04,122.075,121.995,122.06,4167167
IEF,2020-09-29,122.13,122.22,122.093,122.15,2577127
IEF,2020-09-30,122.03,122.03,121.66,121.82,4276361
IEF,2020-10-01,121.53,121.8989,121.43,121.81,8733786
IEF,2020-10-02,121.91,121.93,121.595,121.685,7509877
IEF,2020-10-05,121.35,121.36,120.92,120.92,6132188
IEF,2020-10-06,120.945,121.4,120.87,121.2,8516442
IEF,2020-10-07,120.97,121.1,120.78,120.85,7116752
IEF,2020-10-08,120.99,121.09,120.94,121.07,3499030
IEF,2020-10-09,120.97,121.13,120.78,121.01,4358483
IEF,2020-10-12,121.06,121.14,120.99,121.14,3287885
IEF,2020-10-13,121.27,121.43,121.27,121.41,6346629
IEF,2020-10-14,121.48,121.55,121.4,121.45,5202303
IEF,2020-10-15,121.575,121.6,121.29,121.32,3839185
IEF,2020-10-16,121.315,121.46,121.21,121.25,2726171
IEF,2020-10-19,121.02,121.13,120.9,121.05,3635834
IEF,2020-10-20,120.9,120.98,120.75,120.79,6129693
IEF,2020-10-21,120.64,120.76,120.56,120.63,6425296
IEF,2020-10-22,120.525,120.57,120.2,120.21,6748978
IEF,2020-10-23,120.19,120.49,120.18,120.38,5049865
IEF,2020-10-26,120.64,120.8301,120.59,120.7,4817785
IEF,2020-10-27,120.87,121.01,120.82,120.97,3620054
IEF,2020-10-28,121.15,121.18,120.88,120.96,5586552
IEF,2020-10-29,120.92,120.94,120.37,120.45,7505127
IEF,2020-10-30,120.4,120.45,120.06,120.06,7247160
IEF,2020-11-02,120.34,120.42,120.13,120.19,7674317
IEF,2020-11-03,120.01,120.03,119.825,119.92,8040549
IEF,2020-11-04,120.93,121.06,120.775,120.93,14922303
IEF,2020-11-05,120.98,121.0183,120.77,120.91,6250703
IEF,2020-11-06,120.53,120.59,120.362,120.5,10402195
IEF,2020-11-09,119.59,119.63,119.19,119.61,11195824
IEF,2020-11-10,119.22,119.5,119.2052,119.27,4810487
IEF,2020-11-11,119.28,119.51,119.26,119.46,1699858
IEF,2020-11-12,119.82,120.15,119.78,120.14,6323952
IEF,2020-11-13,120.09,120.13,119.96,119.98,6766022
IEF,2020-11-16,119.9,119.995,119.88,119.89,3911408
IEF,2020-11-17,120.12,120.245,120.093,120.2,4707856
IEF,2020-11-18,120.28,120.28,119.9898,120.16,7931213
IEF,2020-11-19,120.29,120.41,120.25,120.29,9323009
IEF,2020-11-20,120.35,120.52,120.33,120.5,16772166
IEF,2020-11-23,120.34,120.36,120.2007,120.26,2511919
IEF,2020-11-24,120.17,120.185,120.005,120.07,4349272
IEF,2020-11-25,120.16,120.325,120.1,120.11,2125740
IEF,2020-11-27,120.305,120.47,120.3,120.47,2988074
IEF,2020-11-30,120.42,120.51,120.3501,120.39,2390943
IEF,2020-12-01,119.97,120.0089,119.53,119.67,13894513
IEF,2020-12-02,119.56,119.58,119.295,119.47,5578528
IEF,2020-12-03,119.65,119.9,119.6,119.79,4484897
IEF,2020-12-04,119.41,119.44,119.2,119.32,4709144
IEF,2020-12-07,119.61,119.7587,119.59,119.69,4345415
IEF,2020-12-08,119.91,120.035,119.8,119.81,4735809
IEF,2020-12-09,119.59,119.77,119.465,119.64,3444104
IEF,2020-12-10,119.74,119.95,119.64,119.91,3557613
IEF,2020-12-11,120.08,120.27,120.05,120.15,4336658
IEF,2020-12-14,119.84,120.155,119.78,120.08,2870627
IEF,2020-12-15,119.93,120.025,119.835,119.96,2889166
IEF,2020-12-16,119.69,119.995,119.64,119.86,5058448
IEF,2020-12-17,119.99,120.0712,119.6189,119.7,3233158
IEF,2020-12-18,119.79,119.85,119.58,119.6,3189453
IEF,2020-12-21,119.79,119.83,119.58,119.68,2850543
IEF,2020-12-22,119.83,119.8989,119.71,119.88,3931860
IEF,2020-12-23,119.65,119.66,119.42,119.63,3047122
IEF,2020-12-24,119.74,119.8,119.71,119.8,1529337
IEF,2020-12-28,119.6078,119.81,119.537,119.81,3651587
IEF,2020-12-29,119.64,119.8264,119.635,119.79,2157281
IEF,2020-12-30,119.74,119.87,119.73,119.87,2549055
IEF,2020-12-31,119.85,120.0,119.845,119.95,2626214
IEF,2021-01-04,119.68,120.06,119.645,119.98,5498999
IEF,2021-01-05,119.87,119.89,119.58,119.7,5004393
IEF,2021-01-06,119.12,119.12,118.7712,119.0,10039301
IEF,2021-01-07,118.5764,118.655,118.4755,118.58,7751650
IEF,2021-01-08,118.35,118.43,118.13,118.24,8378652
IEF,2021-01-11,118.15,118.155,117.985,118.01,6142879
IEF,2021-01-12,117.765,118.0436,117.57,117.99,6516164
IEF,2021-01-13,118.1669,118.545,118.14,118.4,7562855
IEF,2021-01-14,118.39,118.47,118.03,118.13,7731084
IEF,2021-01-15,118.38,118.53,118.21,118.45,5978356
IEF,2021-01-19,118.28,118.52,118.23,118.52,4035753
IEF,2021-01-20,118.39,118.57,118.36,118.57,4277708
IEF,2021-01-21,118.37,118.48,118.3,118.4,4254502
IEF,2021-01-22,118.5,118.595,118.435,118.58,4706189
IEF,2021-01-25,118.75,119.06,118.71,119.06,5689167
IEF,2021-01-26,118.94,119.06,118.92,119.02,4257174
IEF,2021-01-27,119.22,119.34,119.12,119.16,5764713
IEF,2021-01-28,119.0,119.01,118.715,118.85,5394284
IEF,2021-01-29,118.505,118.79,118.47,118.64,7952081
IEF,2021-02-01,118.57,118.77,118.53,118.71,3640712
IEF,2021-02-02,118.34,118.46,118.3,118.41,3609728
IEF,2021-02-03,118.25,118.31,118.1,118.12,3844215
IEF,2021-02-04,117.98,118.13,117.89,118.08,2146031
IEF,2021-02-05,118.05,118.1753,117.83,117.83,5498036
IEF,2021-02-08,117.81,118.04,117.735,117.88,2861325
IEF,2021-02-09,118.01,118.13,117.92,117.97,4458480
IEF,2021-02-10,118.1,118.27,118.085,118.27,6651912
IEF,2021-02-11,118.27,118.3089,118.125,118.18,5949889
IEF,2021-02-12,117.89,118.02,117.7541,117.79,8802378
IEF,2021-02-16,117.265,117.38,116.86,116.94,8909021
IEF,2021-02-17,117.02,117.1681,116.88,117.02,4789709
IEF,2021-02-18,116.83,117.1001,116.74,117.01,4469927
IEF,2021-02-19,116.66,116.77,116.37,116.54,5851819
IEF,2021-02-22,116.45,116.67,116.26,116.35,3811680
IEF,2021-02-23,116.27,116.58,116.17,116.44,7344886
IEF,2021-02-24,115.86,116.34,115.79,116.28,7133845
IEF,2021-02-25,115.61,115.72,114.1,114.73,35655358
IEF,2021-02-26,115.14,115.81,114.71,115.76,28186569
IEF,2021-03-01,115.47,115.69,115.25,115.56,9616518
IEF,2021-03-02,115.46,115.78,115.41,115.77,6270980
IEF,2021-03-03,115.22,115.24,114.93,115.15,8377310
IEF,2021-03-04,115.14,115.27,114.41,114.58,12327872
IEF,2021-03-05,114.12,114.57,114.0214,114.42,8634646
IEF,2021-03-08,114.15,114.175,113.93,113.97,7416384
IEF,2021-03-09,114.47,114.605,114.29,114.51,7035036
IEF,2021-03-10,114.51,114.8565,114.45,114.75,5683125
IEF,2021-03-11,114.74,114.87,114.54,114.71,7576486
IEF,2021-03-12,113.9814,113.99,113.76,113.88,7332703
IEF,2021-03-15,113.95,114.13,113.9219,114.02,4465502
IEF,2021-03-16,114.15,114.235,113.87,114.0,5479507
IEF,2021-03-17,113.57,114.05,113.36,113.81,8975911
IEF,2021-03-18,112.9,113.23,112.7899,113.1,8281398
IEF,2021-03-19,112.86,113.2,112.83,113.03,8748137
IEF,2021-03-22,113.32,113.46,113.23,113.4,4679826
IEF,2021-03-23,113.65,113.98,113.568,113.96,7544012
IEF,2021-03-24,113.73,114.125,113.7,114.11,14634872
IEF,2021-03-25,114.17,114.24,113.79,113.96,10573821
IEF,2021-03-26,113.65,113.885,113.565,113.58,6409729
IEF,2021-03-29,113.68,113.69,113.09,113.19,6298024
IEF,2021-03-30,112.88,113.16,112.78,113.09,5784914
IEF,2021-03-31,113.06,113.185,112.79,112.93,8619995
IEF,2021-04-01,113.21,113.42,113.13,113.36,8535311
IEF,2021-04-05,112.97,113.129,112.8,113.04,9944534
IEF,2021-04-06,113.28,113.61,113.24,113.59,8765168
IEF,2021-04-07,113.565,113.795,113.48,113.52,6316843
IEF,2021-04-08,113.72,113.92,113.7,113.91,6334848
IEF,2021-04-09,113.54,113.815,113.44,113.61,5887437
IEF,2021-04-12,113.52,113.57,113.42,113.54,5465972
IEF,2021-04-13,113.57,114.01,113.54,114.01,7663913
IEF,2021-04-14,113.82,113.91,113.72,113.87,4876940
IEF,2021-04-15,114.23,114.765,114.225,114.6,9958454
IEF,2021-04-16,114.26,114.465,114.23,114.29,7334909
IEF,2021-04-19,114.1,114.36,114.04,114.17,5738590
IEF,2021-04-20,114.14,114.59,114.14,114.51,6468328
IEF,2021-04-21,114.5,114.625,114.34,114.57,7976519
IEF,2021-04-22,114.56,114.687,114.285,114.66,7681357
IEF,2021-04-23,114.64,114.65,114.33,114.51,5510142
IEF,2021-04-26,114.46,114.55,114.39,114.39,7145282
IEF,2021-04-27,114.23,114.33,113.935,113.94,7720506
IEF,2021-04-28,113.95,114.11,113.66,114.09,8692915
IEF,2021-04-29,113.55,113.9,113.4434,113.89,5547845
IEF,2021-04-30,113.94,114.03,113.77,113.99,5160017
IEF,2021-05-03,113.96,114.35,113.92,114.11,8593296
IEF,2021-05-04,114.34,114.56,114.2,114.26,11171036
IEF,2021-05-05,114.1423,114.43,114.1423,114.4,6810046
IEF,2021-05-06,114.32,114.5784,114.3,114.45,6546203
IEF,2021-05-07,114.72,114.9499,114.39,114.49,10657714
IEF,2021-05-10,114.535,114.63,114.21,114.26,5906790
IEF,2021-05-11,114.09,114.165,114.02,114.07,6591325
IEF,2021-05-12,113.65,113.73,113.47,113.52,14510084
IEF,2021-05-13,113.6571,113.94,113.59,113.9,8242729
IEF,2021-05-14,114.07,114.19,113.95,114.15,7943181
IEF,2021-05-17,114.07,114.12,113.99,114.04,6711083
IEF,2021-05-18,114.03,114.09,113.92,114.04,4319572
IEF,2021-05-19,114.02,114.25,113.595,113.7,13156479
IEF,2021-05-20,113.9,114.18,113.87,114.17,8412730
IEF,2021-05-21,114.28,114.31,114.08,114.21,6648700
IEF,2021-05-24,114.27,114.43,114.215,114.32,4825983
IEF,2021-05-25,114.44,114.76,114.44,114.74,5748228
IEF,2021-05-26,114.66,114.81,114.56,114.61,4501561
IEF,2021-05-27,114.36,114.41,114.2,114.41,5998122
IEF,2021-05-28,114.36,114.64,114.36,114.4,5575688
IEF,2021-06-01,114.1934,114.32,114.0471,114.3,9498089
IEF,2021-06-02,114.42,114.51,114.37,114.43,4269904
IEF,2021-06-03,114.33,114.33,114.09,114.14,3591204
IEF,2021-06-04,114.43,114.78,114.41,114.77,6326118
IEF,2021-06-07,114.63,114.72,114.6,114.68,3068480
IEF,2021-06-08,115.04,115.0699,114.96,115.01,4760524
IEF,2021-06-09,115.42,115.55,115.215,115.37,5679344
IEF,2021-06-10,115.12,115.79,115.07,115.78,6494799
IEF,2021-06-11,115.7,115.72,115.505,115.61,3914239
IEF,2021-06-14,115.49,115.5,115.195,115.25,3730876
IEF,2021-06-15,115.19,115.29,115.13,115.27,4212729
IEF,2021-06-16,115.32,115.38,114.31,114.48,13528605
IEF,2021-06-17,114.66,115.26,114.58,114.89,8838138
IEF,2021-06-18,115.04,115.58,114.81,115.54,13434961
IEF,2021-06-21,115.26,115.35,115.075,115.17,6460007
IEF,2021-06-22,115.04,115.41,115.01,115.38,5459704
IEF,2021-06-23,115.25,115.37,115.095,115.15,5429843
IEF,2021-06-24,115.15,115.28,115.08,115.13,3631724
IEF,2021-06-25,115.21,115.245,114.69,114.89,6716861
IEF,2021-06-28,115.11,115.36,115.1,115.25,4968856
IEF,2021-06-29,115.1,115.32,115.09,115.31,3373184
IEF,2021-06-30,115.48,115.66,115.46,115.49,6572875
IEF,2021-07-01,115.38,115.45,115.17,115.33,11966217
IEF,2021-07-02,115.47,115.75,115.44,115.75,5071881
IEF,2021-07-06,115.89,116.44,115.885,116.36,9095292
IEF,2021-07-07,116.58,116.91,116.47,116.7,7456447
IEF,2021-07-08,116.915,117.19,116.82,117.0,7367979
IEF,2021-07-09,116.52,116.54,116.395,116.41,5531190
IEF,2021-07-12,116.51,116.56,116.2599,116.35,3867702
IEF,2021-07-13,116.41,116.53,115.89,115.99,6926475
IEF,2021-07-14,116.305,116.52,116.21,116.49,6029153
IEF,2021-07-15,116.79,117.04,116.53,116.98,5704529
IEF,2021-07-16,116.67,116.98,116.66,116.96,3577861
IEF,2021-07-19,117.74,118.11,117.68,117.96,20557530
IEF,2021-07-20,118.47,118.52,117.71,117.81,8728991
IEF,2021-07-21,117.33,117.41,117.02,117.13,7438310
IEF,2021-07-22,117.13,117.64,117.12,117.4,6363507
IEF,2021-07-23,116.98,117.25,116.97,117.22,6804597
IEF,2021-07-26,117.4,117.4181,117.12,117.14,6179619
IEF,2021-07-27,117.62,117.71,117.51,117.64,8621186
IEF,2021-07-28,117.42,117.75,117.255,117.74,11533484
IEF,2021-07-29,117.31,117.53,117.28,117.38,6203785
IEF,2021-07-30,117.58,117.78,117.57,117.71,5656386
IEF,2021-08-02,117.82,118.38,117.71,118.15,19495776
IEF,2021-08-03,118.18,118.365,118.12,118.18,6627309
IEF,2021-08-04,118.53,118.63,117.78,118.15,7545049
IEF,2021-08-05,117.9,117.96,117.64,117.72,5164636
IEF,2021-08-06,117.14,117.25,117.0,117.03,7807589
IEF,2021-08-09,117.198,117.31,116.78,116.78,10842533
IEF,2021-08-10,116.87,116.88,116.55,116.56,7192420
IEF,2021-08-11,116.64,116.99,116.44,116.69,7254257
IEF,2021-08-12,116.57,116.6954,116.43,116.57,6932215
IEF,2021-08-13,116.745,117.24,116.73,117.24,6896277
IEF,2021-08-16,117.55,117.82,117.5,117.5,6928097
IEF,2021-08-17,117.48,117.7,117.415,117.44,7785495
IEF,2021-08-18,117.385,117.49,117.13,117.38,7025808
IEF,2021-08-19,117.63,117.7166,117.53,117.64,6242714
IEF,2021-08-20,117.64,117.705,117.41,117.53,6510301
IEF,2021-08-23,117.5,117.575,117.4,117.56,3958480
IEF,2021-08-24,117.41,117.51,117.205,117.24,3649651
IEF,2021-08-25,117.2,117.24,116.72,116.78,5874659
IEF,2021-08-26,116.72,116.83,116.59,116.78,6850643
IEF,2021-08-27,116.78,117.16,116.63,117.16,6360684
IEF,2021-08-30,117.14,117.4,117.1041,117.39,6546248
IEF,2021-08-31,117.33,117.49,117.12,117.17,7418428
IEF,2021-09-01,117.245,117.29,117.04,117.14,11908628
IEF,2021-09-02,117.27,117.28,117.14,117.28,2976276
IEF,2021-09-03,117.01,117.05,116.875,117.0,4988870
IEF,2021-09-07,116.59,116.68,116.435,116.54,7098564
IEF,2021-09-08,116.7,116.94,116.63,116.86,6046209
IEF,2021-09-09,116.91,117.32,116.81,117.19,7009653
IEF,2021-09-10,116.93,117.03,116.71,116.82,8147133
IEF,2021-09-13,116.93,117.06,116.905,116.96,4269332
IEF,2021-09-14,117.16,117.52,117.1,117.4,6991031
IEF,2021-09-15,117.33,117.35,117.0033,117.2,5108919
IEF,2021-09-16,116.785,117.01,116.68,116.83,5682695
IEF,2021-09-17,116.535,116.57,116.38,116.49,7611738
IEF,2021-09-20,116.91,117.21,116.82,117.08,8781617
IEF,2021-09-21,117.115,117.15,116.94,117.01,4867948
IEF,2021-09-22,117.01,117.22,116.79,117.12,10966436
IEF,2021-09-23,116.58,116.61,116.06,116.06,10650128
IEF,2021-09-24,115.9,115.91,115.64,115.71,10528001
IEF,2021-09-27,115.4,115.6,115.37,115.4,6742092
IEF,2021-09-28,114.98,115.2181,114.725,114.96,10295459
IEF,2021-09-29,115.2,115.355,114.865,115.08,8363964
IEF,2021-09-30,114.97,115.26,114.92,115.22,7307937
IEF,2021-10-01,115.355,115.66,115.26,115.61,19830112
IEF,2021-10-04,115.41,115.665,115.26,115.47,7691837
IEF,2021-10-05,115.29,115.32,114.99,115.11,6861931
IEF,2021-10-06,115.15,115.26,115.05,115.14,7473541
IEF,2021-10-07,114.875,114.91,114.67,114.68,8160204
IEF,2021-10-08,114.62,114.62,114.3,114.43,9455115
IEF,2021-10-11,114.23,114.32,114.13,114.15,2261278
IEF,2021-10-12,114.35,114.71,114.28,114.67,7938421
IEF,2021-10-13,114.74,115.05,114.68,114.89,11662372
IEF,2021-10-14,115.02,115.205,114.895,115.16,9518151
IEF,2021-10-15,114.74,114.77,114.53,114.59,8689690
IEF,2021-10-18,114.25,114.52,114.07,114.43,8703263
IEF,2021-10-19,114.27,114.315,114.0,114.02,7445439
IEF,2021-10-20,114.02,114.21,113.94,113.97,6229997
IEF,2021-10-21,113.9,113.95,113.63,113.67,7104090
IEF,2021-10-22,113.78,114.05,113.67,113.96,10204559
IEF,2021-10-25,113.98,114.22,113.98,114.1,4835094
IEF,2021-10-26,114.12,114.24,113.9,114.24,5603077
IEF,2021-10-27,114.64,115.06,114.32,114.88,16140262
IEF,2021-10-28,114.76,114.91,114.46,114.58,9940418
IEF,2021-10-29,114.27,114.86,114.19,114.63,11254318
IEF,2021-11-01,114.22,114.63,114.19,114.54,14476744
IEF,2021-11-02,114.67,114.96,114.66,114.82,12191000
IEF,2021-11-03,114.84,114.88,114.27,114.46,17031092
IEF,2021-11-04,114.66,115.17,114.66,115.08,12665429
IEF,2021-11-05,115.335,115.81,115.22,115.71,12955126
IEF,2021-11-08,115.52,115.52,115.16,115.21,7404312
IEF,2021-11-09,115.695,115.98,115.65,115.74,12276897
IEF,2021-11-10,115.54,115.57,114.54,114.75,19425106
IEF,2021-11-11,114.75,114.8,114.38,114.38,3746050
IEF,2021-11-12,114.8,114.94,114.52,114.62,10443929
IEF,2021-11-15,114.55,114.5786,114.13,114.17,8021394
IEF,2021-11-16,114.18,114.4,114.05,114.07,6573729
IEF,2021-11-17,114.07,114.49,114.05,114.48,10006203
IEF,2021-11-18,114.31,114.58,114.29,114.55,10183373
IEF,2021-11-19,114.92,115.11,114.79,114.86,10731615
IEF,2021-11-22,114.33,114.435,113.945,114.02,10876186
IEF,2021-11-23,113.82,113.88,113.55,113.55,11543695
IEF,2021-11-24,113.57,113.92,113.5,113.9,8322907
IEF,2021-11-26,114.98,115.39,114.92,115.37,13878532
IEF,2021-11-29,114.692,115.195,114.66,115.11,13908211
IEF,2021-11-30,115.82,116.145,115.22,115.8,19416785
IEF,2021-12-01,115.298,115.93,115.155,115.93,24991559
IEF,2021-12-02,115.9,115.95,115.41,115.68,11448862
IEF,2021-12-03,115.49,116.64,115.39,116.36,19790959
IEF,2021-12-06,116.19,116.28,115.65,115.78,9863270
IEF,2021-12-07,115.46,115.7,115.255,115.34,7678396
IEF,2021-12-08,115.17,115.2,114.815,114.97,11126597
IEF,2021-12-09,115.25,115.44,115.1,115.26,9198395
IEF,2021-12-10,115.44,115.655,115.28,115.34,5051553
IEF,2021-12-13,115.63,115.985,115.61,115.89,5706947
IEF,2021-12-14,115.65,115.805,115.4305,115.69,4749517
IEF,2021-12-15,115.41,115.73,115.28,115.52,8428019
IEF,2021-12-16,115.58,115.905,115.5584,115.75,9085402
IEF,2021-12-17,116.12,116.335,115.94,116.01,7933070
IEF,2021-12-20,116.2,116.35,115.88,115.91,13772094
IEF,2021-12-21,115.49,115.54,115.23,115.45,7672779
IEF,2021-12-22,115.63,115.64,115.335,115.56,5538181
IEF,2021-12-23,115.48,115.49,115.18,115.32,7209701
IEF,2021-12-27,115.28,115.42,115.25,115.36,3472284
IEF,2021-12-28,115.55,115.58,115.28,115.34,8314510
IEF,2021-12-29,114.97,115.07,114.665,114.75,11879908
IEF,2021-12-30,114.98,115.14,114.79,115.13,10296001
IEF,2021-12-31,115.16,115.31,115.0,115.0,7582458
IEF,2022-01-03,114.37,114.41,113.93,113.93,27744658
IEF,2022-01-04,113.67,113.89,113.58,113.87,15911819
IEF,2022-01-05,113.89,113.9,113.31,113.39,13715713
IEF,2022-01-06,113.13,113.2078,112.98,113.11,10957421
IEF,2022-01-07,112.96,113.0,112.47,112.74,13318194
IEF,2022-01-10,112.45,112.75,112.38,112.71,8430717
IEF,2022-01-11,112.66,112.99,112.5601,112.98,8082910
IEF,2022-01-12,113.17,113.43,112.98,113.0,7996516
IEF,2022-01-13,113.07,113.4,112.975,113.36,8431067
IEF,2022-01-14,113.07,113.09,112.545,112.58,10595678
IEF,2022-01-18,112.1,112.195,111.69,111.73,10092123
IEF,2022-01-19,111.91,112.2152,111.8448,112.0,10258508
IEF,2022-01-20,112.175,112.24,112.03,112.24,8297375
IEF,2022-01-21,112.87,113.05,112.65,112.89,13250059
IEF,2022-01-24,113.24,113.285,112.77,112.79,22377388
IEF,2022-01-25,112.89,113.085,112.5737,112.64,13533984
IEF,2022-01-26,112.66,112.7614,111.84,111.84,12694733
IEF,2022-01-27,112.11,112.52,112.09,112.31,11609494
IEF,2022-01-28,112.15,112.66,112.12,112.57,6713486
IEF,2022-01-31,112.36,112.65,112.29,112.57,8258562
IEF,2022-02-01,112.5,112.54,112.13,112.31,16338723
IEF,2022-02-02,112.4,112.813,112.4,112.54,5997130
IEF,2022-02-03,112.04,112.16,111.92,112.06,8032554
IEF,2022-02-04,111.42,111.45,111.09,111.2,8616554
IEF,2022-02-07,111.23,111.345,111.09,111.23,10294742
IEF,2022-02-08,110.93,110.99,110.81,110.87,8111521
IEF,2022-02-09,111.13,111.37,110.98,111.02,10113533
IEF,2022-02-10,110.612,110.68,109.96,110.0,16633869
IEF,2022-02-11,110.47,111.23,109.92,111.14,18315575
IEF,2022-02-14,110.54,110.83,110.2099,110.37,11090025
IEF,2022-02-15,110.05,110.2363,109.96,110.04,8490464
IEF,2022-02-16,110.32,110.344,109.94,110.27,9007650
IEF,2022-02-17,110.53,110.9,110.52,110.86,8749505
IEF,2022-02-18,111.04,111.23,110.965,111.22,8486765
IEF,2022-02-22,110.97,111.22,110.84,111.21,8392495
IEF,2022-02-23,110.8,110.9,110.51,110.63,7941866
IEF,2022-02-24,111.52,111.545,110.73,110.89,19162076
IEF,2022-02-25,110.72,110.88,110.48,110.86,8101899
IEF,2022-02-28,111.62,112.14,111.58,112.12,12291797
IEF,2022-03-01,112.6,113.485,112.55,113.11,28285721
IEF,2022-03-02,112.46,112.56,111.39,111.41,12303859
IEF,2022-03-03,111.685,112.1,111.49,111.89,12247433
IEF,2022-03-04,112.88,113.3,112.765,113.0,20102298
IEF,2022-03-07,112.465,113.08,112.44,112.52,13633207
IEF,2022-03-08,111.87,112.07,111.645,111.79,10819364
IEF,2022-03-09,111.33,111.43,110.98,111.1,7932293
IEF,2022-03-10,110.72,110.8302,110.36,110.59,11100080
IEF,2022-03-11,110.47,110.7,110.35,110.56,5567585
IEF,2022-03-14,109.67,109.74,109.16,109.16,8622452
IEF,2022-03-15,109.74,109.8,109.03,109.11,9294415
IEF,2022-03-16,109.0,109.12,108.245,108.96,12847338
IEF,2022-03-17,109.03,109.24,108.55,108.75,7215919
IEF,2022-03-18,108.93,109.22,108.93,109.07,7506596
IEF,2022-03-21,108.28,108.445,107.5705,107.65,11003540
IEF,2022-03-22,107.2,107.24,106.97,107.06,7464140
IEF,2022-03-23,107.32,107.78,107.09,107.78,11222703
IEF,2022-03-24,107.15,107.5,107.11,107.18,11112424
IEF,2022-03-25,106.69,106.7,105.97,106.08,8806265
IEF,2022-03-28,106.25,106.695,106.122,106.32,12858522
IEF,2022-03-29,106.58,106.98,106.35,106.85,7539944
IEF,2022-03-30,106.63,107.3,106.56,107.27,6430112
IEF,2022-03-31,107.43,107.62,107.27,107.47,9147177
IEF,2022-04-01,106.31,107.01,106.2001,106.65,10237026
IEF,2022-04-04,106.76,106.78,106.38,106.58,7372066
IEF,2022-04-05,106.27,106.29,105.2,105.31,9597392
IEF,2022-04-06,104.65,105.315,104.65,104.94,9054356
IEF,2022-04-07,104.68,104.97,104.46,104.68,5518941
IEF,2022-04-08,104.08,104.42,103.995,104.15,8091848
IEF,2022-04-11,103.78,103.9,103.52,103.65,7356350
IEF,2022-04-12,104.19,104.585,104.025,104.15,12211017
IEF,2022-04-13,104.44,104.91,104.31,104.38,6346090
IEF,2022-04-14,104.23,104.27,103.32,103.44,6158698
IEF,2022-04-18,103.53,103.545,103.11,103.14,4591539
IEF,2022-04-19,102.74,102.93,102.39,102.46,7004936
IEF,2022-04-20,102.88,103.42,102.76,103.26,7471538
IEF,2022-04-21,102.97,102.98,102.27,102.69,9137476
IEF,2022-04-22,102.43,103.02,102.38,102.74,5451645
IEF,2022-04-25,103.55,103.975,103.34,103.4,8617430
IEF,2022-04-26,104.098,104.27,103.763,104.09,9553043
IEF,2022-04-27,104.03,104.125,103.46,103.51,7908948
IEF,2022-04-28,103.16,103.39,102.96,103.36,6943626
IEF,2022-04-29,102.6,103.21,102.55,102.81,10012545
IEF,2022-05-02,102.15,102.22,101.82,101.92,11326980
IEF,2022-05-03,102.52,102.6,102.015,102.04,8129054
IEF,2022-05-04,102.0,102.78,101.805,102.7,11932936
IEF,2022-05-05,101.89,102.03,101.1543,101.67,11675656
IEF,2022-05-06,101.15,101.605,100.99,101.09,12538483
IEF,2022-05-09,101.14,101.89,101.09,101.84,7301184
IEF,2022-05-10,102.31,102.575,102.115,102.18,8054607
IEF,2022-05-11,101.93,102.85,101.7939,102.81,7168081
IEF,2022-05-12,103.12,103.57,103.0065,103.15,8132398
IEF,2022-05-13,102.87,102.94,102.5533,102.61,6016939
IEF,2022-05-16,102.98,103.325,102.87,103.04,3315594
IEF,2022-05-17,102.35,102.65,102.23,102.26,4286767
IEF,2022-05-18,102.26,103.1,102.1909,102.99,4465536
IEF,2022-05-19,103.9,103.93,103.28,103.36,5137634
IEF,2022-05-20,103.3,103.9899,103.27,103.84,5908822
IEF,2022-05-23,103.57,103.77,103.2,103.21,5720619
IEF,2022-05-24,103.74,104.4701,103.71,104.1,6786630
IEF,2022-05-25,104.47,104.47,104.065,104.31,4274490
IEF,2022-05-26,104.365,104.41,103.875,104.26,3478872
IEF,2022-05-27,104.45,104.59,104.22,104.41,2508247
IEF,2022-05-31,103.615,103.63,103.15,103.32,6773169
IEF,2022-06-01,103.265,103.37,102.42,102.61,5555956
IEF,2022-06-02,102.91,102.92,102.515,102.76,3014275
IEF,2022-06-03,102.36,102.65,102.33,102.56,2687752
IEF,2022-06-06,102.31,102.405,101.73,101.79,4800608
IEF,2022-06-07,102.055,102.43,102.0392,102.2,3229975
IEF,2022-06-08,102.01,102.17,101.805,101.82,2917888
IEF,2022-06-09,101.69,101.94,101.51,101.73,4178574
IEF,2022-06-10,101.21,101.31,100.595,100.73,4443384
IEF,2022-06-13,99.66,99.8,98.42,98.94,9200783
IEF,2022-06-14,99.16,99.295,97.985,98.15,7829774
IEF,2022-06-15,98.95,99.56,98.4,99.52,10256225
IEF,2022-06-16,98.55,100.22,98.425,100.17,9168800
IEF,2022-06-17,100.26,100.46,99.55,100.2,7029837
IEF,2022-06-21,99.66,99.945,99.5548,99.68,10342133
IEF,2022-06-22,100.84,101.12,100.71,100.94,9501917
IEF,2022-06-23,101.56,102.17,101.395,101.51,9247185
IEF,2022-06-24,101.38,101.76,101.07,101.15,5127019
IEF,2022-06-27,100.57,101.02,100.45,100.58,5439411
IEF,2022-06-28,100.47,100.7403,100.325,100.71,3763301
IEF,2022-06-29,100.88,101.52,100.79,101.52,3559628
IEF,2022-06-30,102.1,102.54,102.01,102.3,5409539
IEF,2022-07-01,103.12,103.97,102.98,103.24,63222909
IEF,2022-07-05,103.75,104.02,103.44,103.62,6651364
IEF,2022-07-06,104.0,104.01,102.72,102.74,4754749
IEF,2022-07-07,102.77,102.77,102.03,102.11,4058159
IEF,2022-07-08,101.83,101.84,101.3674,101.49,3664901
IEF,2022-07-11,102.03,102.455,101.975,102.29,2765728
IEF,2022-07-12,102.83,103.03,102.45,102.53,3669155
IEF,2022-07-13,101.91,103.0514,101.775,102.97,6809436
IEF,2022-07-14,102.2,102.64,101.93,102.4,5370365
IEF,2022-07-15,102.47,102.99,102.44,102.75,3833968
IEF,2022-07-18,102.42,102.6031,102.03,102.45,3150744
IEF,2022-07-19,102.32,102.41,101.88,101.98,2996099
IEF,2022-07-20,102.48,102.49,101.8,101.88,53057458
IEF,2022-07-21,102.29,103.04,102.19,103.04,5344313
IEF,2022-07-22,104.0,104.46,103.82,104.22,7747077
IEF,2022-07-25,103.58,103.9,103.55,103.85,2994530
IEF,2022-07-26,104.55,104.695,103.85,103.89,4736256
IEF,2022-07-27,104.14,104.61,104.02,104.1,7475304
IEF,2022-07-28,105.1,105.32,104.745,105.13,5768201
IEF,2022-07-29,104.92,105.575,104.81,105.17,5961106
IEF,2022-08-01,105.29,105.67,105.13,105.6,9672404
IEF,2022-08-02,105.56,105.745,104.07,104.14,9269682
IEF,2022-08-03,103.975,104.58,103.425,104.57,7829524
IEF,2022-08-04,104.68,105.125,104.53,105.1,9873247
IEF,2022-08-05,103.73,103.765,103.35,103.58,10047167
IEF,2022-08-08,104.0,104.2375,103.91,104.19,6681347
IEF,2022-08-09,103.9,104.079,103.78,103.88,3814754
IEF,2022-08-10,104.35,104.71,103.93,103.94,7260376
IEF,2022-08-11,104.18,104.29,103.14,103.25,8309720
IEF,2022-08-12,103.65,103.695,103.32,103.66,4128621
IEF,2022-08-15,104.17,104.325,103.95,103.99,3441062
IEF,2022-08-16,103.79,103.91,103.39,103.87,3241813
IEF,2022-08-17,103.31,103.36,102.96,103.17,6366714
IEF,2022-08-18,103.445,103.73,103.28,103.37,3709246
IEF,2022-08-19,102.62,102.685,102.36,102.48,6678038
IEF,2022-08-22,102.4,102.45,101.975,102.03,4125859
IEF,2022-08-23,101.86,102.49,101.71,101.78,7754962
IEF,2022-08-24,101.54,101.64,101.29,101.44,3504616
IEF,2022-08-25,101.52,102.13,101.39,102.09,6645347
IEF,2022-08-26,101.86,102.23,101.62,101.97,5535934
IEF,2022-08-29,101.58,101.58,101.25,101.39,3761944
IEF,2022-08-30,101.385,101.72,101.02,101.36,4474194
IEF,2022-08-31,101.21,101.44,100.77,100.94,5797640
IEF,2022-09-01,100.09,100.31,99.73,99.96,10324195
IEF,2022-09-02,100.36,100.79,100.22,100.52,5741927
IEF,2022-09-06,99.905,99.935,99.35,99.4,6766649
IEF,2022-09-07,99.79,100.165,99.74,100.05,7169671
IEF,2022-09-08,100.04,100.26,99.68,99.68,5773615
IEF,2022-09-09,99.9,100.09,99.57,99.69,5780565
IEF,2022-09-12,99.97,100.05,99.27,99.45,4034248
IEF,2022-09-13,98.76,98.95,98.645,98.89,5100569
IEF,2022-09-14,98.74,99.18,98.69,98.94,3866587
IEF,2022-09-15,98.67,98.79,98.495,98.6,4622779
IEF,2022-09-16,98.515,98.99,98.45,98.68,4718232
IEF,2022-09-19,98.31,98.605,98.24,98.4,3879134
IEF,2022-09-20,97.7,98.04,97.535,97.79,4869090
IEF,2022-09-21,97.96,98.28,97.295,98.18,5414996
IEF,2022-09-22,97.16,97.22,96.585,96.7,6660435
IEF,2022-09-23,96.66,96.97,96.28,96.82,7630610
IEF,2022-09-26,96.29,96.3,95.07,95.21,8015481
IEF,2022-09-27,95.24,95.3478,94.51,94.56,8668410
IEF,2022-09-28,95.9,96.795,95.52,96.69,8471718
IEF,2022-09-29,95.98,96.58,95.89,96.24,6056493
IEF,2022-09-30,96.66,96.88,95.66,95.99,8847218
IEF,2022-10-03,96.72,97.65,96.49,96.94,10579877
IEF,2022-10-04,97.33,97.695,96.96,97.14,7361532
IEF,2022-10-05,96.555,96.59,95.98,96.22,8603709
IEF,2022-10-06,96.06,96.185,95.56,95.69,11298413
IEF,2022-10-07,95.19,95.53,95.07,95.22,5085329
IEF,2022-10-10,95.08,95.14,94.32,94.66,3829094
IEF,2022-10-11,94.98,95.43,94.64,94.9,5498458
IEF,2022-10-12,94.77,95.335,94.71,95.21,5847436
IEF,2022-10-13,93.98,95.24,93.97,94.81,6220120
IEF,2022-10-14,95.32,95.33,94.23,94.28,5887204
IEF,2022-10-17,94.96,95.1101,94.325,94.38,3215298
IEF,2022-10-18,94.63,94.8,94.07,94.62,4006711
IEF,2022-10-19,93.88,94.0727,93.56,93.63,5762580
IEF,2022-10-20,93.41,93.65,92.855,92.93,5738416
IEF,2022-10-21,92.6,93.325,92.48,93.14,7528699
IEF,2022-10-24,93.11,93.43,92.69,93.02,6210821
IEF,2022-10-25,94.04,94.44,93.96,94.18,6301456
IEF,2022-10-26,94.41,94.82,94.4,94.66,6692729
IEF,2022-10-27,94.96,95.465,94.67,95.33,7238058
IEF,2022-10-28,94.72,95.19,94.575,94.84,5659890
IEF,2022-10-31,94.43,94.56,94.01,94.41,4586910
IEF,2022-11-01,94.96,94.99,94.03,94.19,6066392
IEF,2022-11-02,94.31,94.8701,93.79,94.03,7582847
IEF,2022-11-03,93.19,93.7935,93.18,93.62,8403863
IEF,2022-11-04,93.64,93.95,93.4,93.42,5286954
IEF,2022-11-07,93.535,93.59,93.07,93.09,4289404
IEF,2022-11-08,93.35,93.88,93.32,93.71,4679234
IEF,2022-11-09,93.605,94.09,93.54,94.03,3658160
IEF,2022-11-10,95.43,96.18,95.43,96.14,9608306
IEF,2022-11-11,95.7,96.0599,95.65,95.94,2840252
IEF,2022-11-14,95.84,95.845,95.53,95.71,4130820
IEF,2022-11-15,96.18,96.49,95.94,96.42,6841567
IEF,2022-11-16,96.87,97.225,96.64,97.13,6140320
IEF,2022-11-17,96.53,96.63,96.26,96.47,5987899
IEF,2022-11-18,96.47,96.59,96.105,96.13,3102083
IEF,2022-11-21,96.54,96.605,96.04,96.07,4477700
IEF,2022-11-22,96.48,96.715,96.375,96.62,5532830
IEF,2022-11-23,96.75,97.18,96.65,97.14,5236519
IEF,2022-11-25,96.87,97.12,96.845,97.11,1345415
IEF,2022-11-28,97.22,97.35,97.01,97.15,4218401
IEF,2022-11-29,96.76,97.075,96.705,96.74,3356557
IEF,2022-11-30,96.57,97.61,96.4,97.61,7127202
IEF,2022-12-01,97.6,98.5,97.57,98.48,17629333
IEF,2022-12-02,97.92,98.69,97.61,98.68,5783829
IEF,2022-12-05,98.09,98.13,97.63,97.68,6295805
IEF,2022-12-06,97.93,98.41,97.845,98.28,5745527
IEF,2022-12-07,98.68,99.25,98.62,99.14,5386178
IEF,2022-12-08,98.62,98.875,98.45,98.58,5325780
IEF,2022-12-09,98.29,98.37,97.85,97.85,4343137
IEF,2022-12-12,98.3,98.39,97.5841,97.71,5192157
IEF,2022-12-13,99.14,99.26,98.495,98.59,7856616
IEF,2022-12-14,98.65,98.99,98.205,98.86,6533229
IEF,2022-12-15,98.81,99.01,98.55,98.86,4344188
IEF,2022-12-16,98.17,98.79,98.07,98.61,4432835
IEF,2022-12-19,98.05,98.06,97.73,97.81,3951062
IEF,2022-12-20,97.08,97.31,96.99,97.1,4199794
IEF,2022-12-21,97.5,97.54,97.0852,97.22,4406708
IEF,2022-12-22,97.24,97.48,97.14,97.19,2143083
IEF,2022-12-23,96.73,96.95,96.69,96.75,3164920
IEF,2022-12-27,96.22,96.41,95.9,95.94,4780840
IEF,2022-12-28,96.08,96.16,95.69,95.71,3161308
IEF,2022-12-29,95.97,96.265,95.915,96.18,4021775
IEF,2022-12-30,95.86,96.27,95.615,95.78,5043765
IEF,2023-01-03,96.91,96.995,96.34,96.53,6808415
IEF,2023-01-04,97.34,97.42,96.99,97.27,7800088
IEF,2023-01-05,96.7,97.22,96.5697,97.13,3177933
IEF,2023-01-06,97.17,98.43,97.08,98.38,6807822
IEF,2023-01-09,98.26,98.81,98.2,98.63,4988013
IEF,2023-01-10,98.22,98.33,97.825,98.01,4027039
IEF,2023-01-11,98.3,98.66,98.24,98.64,7118680
IEF,2023-01-12,98.96,99.52,98.48,99.52,5767999
IEF,2023-01-13,99.26,99.5,98.86,98.99,5573709
IEF,2023-01-17,98.66,99.0247,98.64,98.68,3708960
IEF,2023-01-18,99.87,100.06,99.55,100.02,7926409
IEF,2023-01-19,99.82,99.978,99.63,99.83,4234128
IEF,2023-01-20,99.32,99.445,99.06,99.17,8822676
IEF,2023-01-23,98.84,99.14,98.805,98.85,4334933
IEF,2023-01-24,98.98,99.435,98.65,99.42,3540326
IEF,2023-01-25,99.49,99.73,99.21,99.53,2924706
IEF,2023-01-26,99.34,99.525,99.0301,99.17,2875361
IEF,2023-01-27,98.8,99.02,98.77,99.02,5524111
IEF,2023-01-30,98.74,98.95,98.6579,98.71,2584607
IEF,2023-01-31,99.16,99.25,98.74,99.21,4856456
IEF,2023-02-01,99.2,99.77,98.83,99.71,20159128
IEF,2023-02-02,100.02,100.205,99.6445,99.67,5822979
IEF,2023-02-03,98.81,99.0,98.47,98.6,5267001
IEF,2023-02-06,97.9,98.04,97.7,97.75,5500522
IEF,2023-02-07,97.65,98.13,97.46,97.51,5678915
IEF,2023-02-08,97.61,97.88,97.4,97.87,6137619
IEF,2023-02-09,98.12,98.14,97.32,97.43,7358257
IEF,2023-02-10,97.35,97.38,96.89,96.96,5290058
IEF,2023-02-13,96.97,97.24,96.95,97.19,17262290
IEF,2023-02-14,96.89,97.1161,96.49,96.75,7133647
IEF,2023-02-15,96.58,96.795,96.33,96.46,4964758
IEF,2023-02-16,96.23,96.43,96.05,96.14,27126361
IEF,2023-02-17,95.925,96.435,95.8999,96.41,4540507
IEF,2023-02-21,95.75,95.83,95.335,95.36,11382104
IEF,2023-02-22,95.64,95.81,95.48,95.53,30136619
IEF,2023-02-23,95.56,96.0,95.51,95.9,7059763
IEF,2023-02-24,95.29,95.45,95.11,95.32,10757151
IEF,2023-02-27,95.66,95.76,95.45,95.61,3693234
IEF,2023-02-28,95.32,95.79,95.195,95.76,4690209
IEF,2023-03-01,95.135,95.3,94.75,94.8,8328617
IEF,2023-03-02,94.29,94.49,94.21,94.41,12952838
IEF,2023-03-03,94.91,95.17,94.63,95.17,5696994
IEF,2023-03-06,95.39,95.42,94.9343,95.0,3766424
IEF,2023-03-07,95.17,95.29,94.78,95.01,5053288
IEF,2023-03-08,95.38,95.56,94.86,94.98,5163480
IEF,2023-03-09,95.14,95.72,95.08,95.57,12498892
IEF,2023-03-10,96.81,97.415,96.67,97.33,11041267
IEF,2023-03-13,98.95,99.415,98.14,98.51,23930587
IEF,2023-03-14,98.09,98.18,97.38,97.58,47886756
IEF,2023-03-15,99.255,99.78,98.52,98.99,25157366
IEF,2023-03-16,99.53,99.76,97.98,98.1,14243234
IEF,2023-03-17,98.86,99.625,98.77,99.26,12293849
IEF,2023-03-20,99.42,99.43,98.63,98.86,7982461
IEF,2023-03-21,98.18,98.455,97.86,98.0,9851679
IEF,2023-03-22,97.83,99.37,97.7499,99.29,10705182
IEF,2023-03-23,99.13,99.94,98.98,99.86,7118827
IEF,2023-03-24,100.44,100.58,99.76,99.89,9135980
IEF,2023-03-27,98.94,99.14,98.625,98.66,8284356
IEF,2023-03-28,98.452,98.745,98.36,98.6,13324802
IEF,2023-03-29,98.23,98.62,98.19,98.43,13404761
IEF,2023-03-30,98.34,98.67,98.31,98.58,4157547
IEF,2023-03-31,98.74,99.185,98.58,99.12,6330052
IEF,2023-04-03,98.81,99.56,98.735,99.39,7226622
IEF,2023-04-04,98.97,100.14,98.95,100.03,6763202
IEF,2023-04-05,100.4,100.765,100.3001,100.45,6257056
IEF,2023-04-06,100.49,100.72,100.46,100.48,4264689
IEF,2023-04-10,99.69,99.755,99.37,99.49,6025074
IEF,2023-04-11,99.565,99.58,99.22,99.45,5458997
IEF,2023-04-12,99.91,99.95,99.29,99.74,5857167
IEF,2023-04-13,99.9,100.065,99.33,99.41,39858222
IEF,2023-04-14,99.08,99.1,98.79,98.92,4968542
IEF,2023-04-17,98.54,98.6,98.26,98.29,4866898
IEF,2023-04-18,98.32,98.67,98.3,98.45,5061415
IEF,2023-04-19,98.22,98.31,97.98,98.24,4648100
IEF,2023-04-20,98.78,98.8874,98.68,98.81,4607978
IEF,2023-04-21,99.02,99.1,98.49,98.57,5948165
IEF,2023-04-24,98.84,99.07,98.77,99.05,5143745
IEF,2023-04-25,99.61,100.07,99.59,100.03,13076805
IEF,2023-04-26,100.01,100.13,99.485,99.64,5859259
IEF,2023-04-27,99.23,99.28,98.88,98.99,5065839
IEF,2023-04-28,99.59,99.74,99.37,99.73,8525911
IEF,2023-05-01,99.11,99.17,98.19,98.32,17442068
IEF,2023-05-02,98.66,99.63,98.6,99.6,8540678
IEF,2023-05-03,99.87,100.28,99.6935,100.25,9534804
IEF,2023-05-04,99.98,100.8,99.96,100.23,12014124
IEF,2023-05-05,99.65,99.73,99.44,99.69,11254376
IEF,2023-05-08,99.07,99.29,99.03,99.08,7022484
IEF,2023-05-09,99.07,99.165,98.9424,98.96,7317240
IEF,2023-05-10,99.41,99.78,99.4,99.7,9930757
IEF,2023-05-11,100.29,100.41,99.96,100.07,5979642
IEF,2023-05-12,99.99,100.07,99.44,99.47,5107312
IEF,2023-05-15,99.19,99.25,99.12,99.25,4459070
IEF,2023-05-16,98.865,98.995,98.65,98.93,7194048
IEF,2023-05-17,98.99,99.02,98.49,98.61,5542595
IEF,2023-05-18,98.25,98.26,97.96,98.0,9448919
IEF,2023-05-19,97.65,98.1,97.455,97.63,12923496
IEF,2023-05-22,97.65,97.895,97.4,97.45,7034752
IEF,2023-05-23,97.31,97.73,97.23,97.61,8264266
IEF,2023-05-24,97.725,97.77,97.31,97.36,7415494
IEF,2023-05-25,97.18,97.26,96.67,96.75,11647754
IEF,2023-05-26,96.6,96.93,96.39,96.93,7408900
IEF,2023-05-30,97.22,97.69,97.145,97.69,7882984
IEF,2023-05-31,97.75,98.205,97.615,98.06,10749843
IEF,2023-06-01,98.115,98.38,97.9732,98.1,18161559
IEF,2023-06-02,97.93,97.96,97.24,97.32,7585448
IEF,2023-06-05,96.92,97.56,96.82,97.29,6243050
IEF,2023-06-06,97.33,97.375,97.06,97.35,3986269
IEF,2023-06-07,97.215,97.32,96.54,96.64,8226649
IEF,2023-06-08,96.81,97.31,96.77,97.29,5841899
IEF,2023-06-09,96.96,97.08,96.77,96.94,6421876
IEF,2023-06-12,97.09,97.115,96.67,97.1,5261660
IEF,2023-06-13,97.25,97.32,96.26,96.41,9173507
IEF,2023-06-14,96.7,96.83,96.175,96.54,7704389
IEF,2023-06-15,97.11,97.36,96.98,97.29,5959311
IEF,2023-06-16,96.81,97.05,96.59,96.87,6538076
IEF,2023-06-20,97.05,97.39,97.05,97.16,5477521
IEF,2023-06-21,96.9,97.33,96.75,97.25,5119647
IEF,2023-06-22,96.96,97.125,96.6278,96.7,4102148
IEF,2023-06-23,97.465,97.5,96.975,97.1,4112143
IEF,2023-06-26,97.35,97.4255,97.16,97.34,2976587
IEF,2023-06-27,97.32,97.495,96.8694,97.0,4752458
IEF,2023-06-28,97.14,97.43,96.95,97.39,5257355
IEF,2023-06-29,96.505,96.58,96.22,96.39,8268789
IEF,2023-06-30,96.42,96.655,96.305,96.6,7450786
IEF,2023-07-03,96.315,96.62,95.95,95.95,4687135
IEF,2023-07-05,95.95,96.0,95.37,95.49,10186202
IEF,2023-07-06,94.76,94.86,94.36,94.71,9285229
IEF,2023-07-07,94.575,94.945,94.54,94.59,6577624
IEF,2023-07-10,94.74,95.22,94.73,95.08,6622657
IEF,2023-07-11,95.26,95.42,95.13,95.28,6327171
IEF,2023-07-12,95.91,96.34,95.77,96.21,8255066
IEF,2023-07-13,96.675,97.07,96.575,97.01,9742728
IEF,2023-07-14,96.8,96.915,96.4925,96.53,7491062
IEF,2023-07-17,96.6,96.775,96.48,96.69,3182374
IEF,2023-07-18,97.0,97.12,96.7401,96.8,3626466
IEF,2023-07-19,96.975,97.19,96.79,97.13,5059394
IEF,2023-07-20,96.63,96.67,96.19,96.36,9486701
IEF,2023-07-21,96.57,96.66,96.41,96.44,4560175
IEF,2023-07-24,96.61,96.71,96.17,96.21,7451172
IEF,2023-07-25,95.83,96.0855,95.82,96.03,4079509
IEF,2023-07-26,96.25,96.41,95.97,96.36,4880153
IEF,2023-07-27,95.99,96.1,95.175,95.31,8522842
IEF,2023-07-28,95.53,95.74,95.44,95.62,5794206
IEF,2023-07-31,95.58,95.905,95.57,95.74,6347597
IEF,2023-08-01,95.04,95.18,94.78,94.94,7714495
IEF,2023-08-02,94.66,94.785,94.36,94.75,8009186
IEF,2023-08-03,94.11,94.245,93.9602,94.05,11058189
IEF,2023-08-04,94.4,95.13,94.4,95.05,10190058
IEF,2023-08-07,94.93,94.98,94.7122,94.82,4007413
IEF,2023-08-08,95.31,95.54,95.19,95.3,5401492
IEF,2023-08-09,95.3,95.5156,95.26,95.36,5317352
IEF,2023-08-10,95.36,95.538,94.62,94.63,8462102
IEF,2023-08-11,94.24,94.5621,94.09,94.13,5915033
IEF,2023-08-14,93.98,94.2553,93.775,93.98,6218447
IEF,2023-08-15,93.88,94.1755,93.75,93.8,9602560
IEF,2023-08-16,93.775,94.0,93.3732,93.44,7199622
IEF,2023-08-17,93.405,93.47,93.0637,93.32,9858385
IEF,2023-08-18,93.49,93.81,93.44,93.6,7510525
IEF,2023-08-21,93.16,93.2,92.91,93.02,10863981
IEF,2023-08-22,92.94,93.16,92.845,93.06,6331000
IEF,2023-08-23,93.625,94.07,93.595,94.07,8550555
IEF,2023-08-24,93.78,94.05,93.694,93.72,5735830
IEF,2023-08-25,93.59,93.93,93.34,93.69,7895753
IEF,2023-08-28,93.91,93.98,93.71,93.95,3301686
IEF,2023-08-29,93.73,94.66,93.711,94.62,7064217
IEF,2023-08-30,94.74,94.79,94.5545,94.61,6346718
IEF,2023-08-31,94.72,94.94,94.63,94.8,6167266
IEF,2023-09-01,94.57,94.58,93.86,93.98,7746609
IEF,2023-09-05,93.71,93.72,93.37,93.41,4993448
IEF,2023-09-06,93.57,93.585,93.1204,93.17,7344118
IEF,2023-09-07,93.39,93.53,93.29,93.49,7137513
IEF,2023-09-08,93.72,93.86,93.465,93.51,4648504
IEF,2023-09-11,93.31,93.435,93.24,93.35,4321699
IEF,2023-09-12,93.38,93.495,93.27,93.48,4998480
IEF,2023-09-13,93.335,93.72,93.3155,93.59,6675435
IEF,2023-09-14,93.66,93.74,93.32,93.38,6421038
IEF,2023-09-15,93.225,93.285,93.021,93.09,9367838
IEF,2023-09-18,92.97,93.245,92.97,93.18,4622245
IEF,2023-09-19,92.97,93.14,92.8,92.84,7537027
IEF,2023-09-20,93.1,93.2353,92.75,92.77,10752258
IEF,2023-09-21,92.13,92.22,92.0201,92.08,8707579
IEF,2023-09-22,92.17,92.52,92.095,92.44,8637839
IEF,2023-09-25,91.85,92.02,91.7246,91.76,11712012
IEF,2023-09-26,91.93,91.99,91.6237,91.73,8281800
IEF,2023-09-27,91.97,92.01,91.075,91.32,10586298
IEF,2023-09-28,91.11,91.59,90.853,91.57,11654610
IEF,2023-09-29,91.95,92.04,91.45,91.59,13488328
IEF,2023-10-02,90.89,90.99,90.495,90.61,21010030
IEF,2023-10-03,90.42,90.59,89.81,89.86,21364802
IEF,2023-10-04,90.135,90.48,89.9328,90.43,14054039
IEF,2023-10-05,90.64,90.66,90.414,90.6,11315857
IEF,2023-10-06,89.77,90.355,89.685,90.07,12257095
IEF,2023-10-09,90.75,91.22,90.605,91.22,5816713
IEF,2023-10-10,90.76,91.29,90.65,91.04,11508310
IEF,2023-10-11,91.4,91.6,91.2,91.54,14815774
IEF,2023-10-12,91.34,91.39,90.545,90.66,12856109
IEF,2023-10-13,91.32,91.355,91.06,91.24,9873609
IEF,2023-10-16,90.705,90.77,90.58,90.7,7248036
IEF,2023-10-17,89.9,90.04,89.645,89.81,11191779
IEF,2023-10-18,89.56,89.69,89.235,89.39,13794270
IEF,2023-10-19,89.14,89.5,88.855,88.95,27116685
IEF,2023-10-20,89.27,89.6,89.25,89.465,12587091
IEF,2023-10-23,89.15,90.0,89.01,89.89,12365028
IEF,2023-10-24,89.82,90.06,89.61,90.05,10906208
IEF,2023-10-25,89.58,89.61,89.15,89.26,15170223
IEF,2023-10-26,89.35,89.9754,89.33,89.94,15901250
IEF,2023-10-27,89.87,90.085,89.705,90.08,11628236
IEF,2023-10-30,89.64,89.93,89.48,89.78,11022495
IEF,2023-10-31,89.83,90.02,89.57,89.59,11574736
IEF,2023-11-01,89.6,90.42,89.555,90.37,22448889
IEF,2023-11-02,91.06,91.22,90.725,90.93,14046259
IEF,2023-11-03,92.04,92.24,91.62,91.63,23133728
IEF,2023-11-06,91.29,91.32,90.995,91.1,11246676
IEF,2023-11-07,91.39,91.815,91.39,91.62,13189643
IEF,2023-11-08,91.64,92.075,91.63,91.99,11117613
IEF,2023-11-09,91.83,91.84,91.025,91.08,17067909
IEF,2023-11-10,91.46,91.475,91.08,91.18,10675216
IEF,2023-11-13,90.83,91.1558,90.685,91.13,8930210
IEF,2023-11-14,92.43,92.565,92.28,92.5,14313577
IEF,2023-11-15,92.05,92.06,91.695,91.78,12969426
IEF,2023-11-16,92.32,92.61,92.31,92.47,10375699
IEF,2023-11-17,92.58,92.63,92.345,92.53,8462016
IEF,2023-11-20,92.34,92.7201,92.3101,92.66,7481261
IEF,2023-11-21,92.77,92.91,92.54,92.78,9153441
IEF,2023-11-22,92.92,92.99,92.52,92.75,7255180
IEF,2023-11-24,92.35,92.42,92.255,92.27,4125818
IEF,2023-11-27,92.55,92.975,92.485,92.97,9539761
IEF,2023-11-28,92.86,93.4099,92.81,93.38,13563432
IEF,2023-11-29,93.72,93.97,93.585,93.87,19075498
IEF,2023-11-30,93.52,93.55,93.215,93.41,18446650
IEF,2023-12-01,93.139,94.09,93.11,94.04,21393328
IEF,2023-12-04,93.68,93.89,93.45,93.65,16402188
IEF,2023-12-05,94.05,94.41,93.99,94.31,25452146
IEF,2023-12-06,94.52,94.79,94.41,94.7,13995963
IEF,2023-12-07,94.5,94.855,94.46,94.56,13730101
IEF,2023-12-08,94.03,94.15,93.73,93.95,13825359
IEF,2023-12-11,93.75,94.0,93.56,93.96,10484727
IEF,2023-12-12,93.95,94.2197,93.856,94.16,7247977
IEF,2023-12-13,94.44,95.68,94.37,95.56,16155209
IEF,2023-12-14,95.77,96.265,95.72,96.07,32373192
IEF,2023-12-15,95.89,96.145,95.84,95.99,9407065
IEF,2023-12-18,95.805,95.82,95.625,95.78,8634148
IEF,2023-12-19,95.94,96.14,95.8921,95.96,9045433
IEF,2023-12-20,96.18,96.49,95.98,96.43,12659133
IEF,2023-12-21,96.64,96.7,96.15,96.28,8939694
IEF,2023-12-22,96.46,96.475,96.05,96.19,4956413
IEF,2023-12-26,96.15,96.34,96.13,96.25,3342500
IEF,2023-12-27,96.66,97.04,96.585,97.0,7360951
IEF,2023-12-28,96.8,96.96,96.53,96.63,4858494
IEF,2023-12-29,96.35,96.64,96.29,96.39,7820460
IEF,2024-01-02,95.935,96.145,95.92,96.03,9443974
IEF,2024-01-03,95.61,96.335,95.525,96.26,11040475
IEF,2024-01-04,95.69,95.83,95.58,95.68,7354776
IEF,2024-01-05,95.33,96.0161,95.26,95.33,9961423
IEF,2024-01-08,95.39,95.96,95.355,95.65,7044680
IEF,2024-01-09,95.52,95.75,95.52,95.61,7360798
IEF,2024-01-10,95.79,95.86,95.44,95.46,9212705
IEF,2024-01-11,95.6,96.035,95.475,95.97,10305461
IEF,2024-01-12,96.23,96.48,96.0243,96.23,8469577
IEF,2024-01-16,95.84,95.96,95.315,95.45,9847101
IEF,2024-01-17,95.17,95.23,94.95,95.14,9170738
IEF,2024-01-18,95.1,95.17,94.83,94.93,8910077
IEF,2024-01-19,94.78,94.955,94.54,94.94,17711102
IEF,2024-01-22,95.28,95.39,95.15,95.23,9831545
IEF,2024-01-23,95.0,95.0199,94.87,94.99,6428563
IEF,2024-01-24,95.34,95.37,94.66,94.72,9662601
IEF,2024-01-25,95.05,95.16,94.9,95.13,11588120
IEF,2024-01-26,95.05,95.05,94.84,94.96,9134648
IEF,2024-01-29,95.25,95.62,95.18,95.53,6947475
IEF,2024-01-30,95.69,95.74,95.15,95.66,7265771
IEF,2024-01-31,96.09,96.475,95.99,96.46,15778341
IEF,2024-02-01,96.6,97.1071,96.34,96.82,33372968
IEF,2024-02-02,95.74,95.9,95.38,95.56,13809169
IEF,2024-02-05,94.9,94.99,94.525,94.63,12147893
IEF,2024-02-06,94.74,95.23,94.71,95.14,9327124
IEF,2024-02-07,94.97,95.35,94.935,94.97,8619805
IEF,2024-02-08,94.76,94.84,94.57,94.66,7808042
IEF,2024-02-09,94.43,94.57,94.4,94.49,8492535
IEF,2024-02-12,94.57,94.685,94.4,94.58,7023605
IEF,2024-02-13,93.88,93.965,93.52,93.54,11978410
IEF,2024-02-14,93.64,94.055,93.64,93.89,8979561
IEF,2024-02-15,94.3,94.4,94.025,94.15,6788279
IEF,2024-02-16,93.6,93.785,93.55,93.74,7147413
IEF,2024-02-20,93.93,94.12,93.89,93.9,8286331
IEF,2024-02-21,93.97,94.02,93.54,93.6,6448768
IEF,2024-02-22,93.57,93.79,93.44,93.61,8688496
IEF,2024-02-23,93.64,94.11,93.64,94.04,6426659
IEF,2024-02-26,94.05,94.06,93.68,93.9,6417187
IEF,2024-02-27,93.76,93.92,93.625,93.69,7540612
IEF,2024-02-28,93.8,94.03,93.74,94.03,5293604
IEF,2024-02-29,94.1,94.33,94.08,94.22,11919151
IEF,2024-03-01,93.845,94.46,93.6229,94.4,11857244
IEF,2024-03-04,94.08,94.29,94.07,94.19,6641557
IEF,2024-03-05,94.67,94.94,94.56,94.77,7673106
IEF,2024-03-06,94.94,95.19,94.89,95.0,9499167
IEF,2024-03-07,95.19,95.22,94.92,95.16,8420940
IEF,2024-03-08,95.32,95.39,95.1501,95.23,8103627
IEF,2024-03-11,95.26,95.29,95.02,95.11,5563265
IEF,2024-03-12,94.84,94.8746,94.605,94.72,6556440
IEF,2024-03-13,94.58,94.65,94.47,94.51,9705919
IEF,2024-03-14,94.16,94.165,93.79,93.81,9910854
IEF,2024-03-15,93.74,93.815,93.63,93.65,6591431
IEF,2024-03-18,93.62,93.7,93.45,93.54,5319684
IEF,2024-03-19,93.73,93.935,93.67,93.81,5470272
IEF,2024-03-20,93.91,94.35,93.7,94.03,10190766
IEF,2024-03-21,94.21,94.28,93.96,94.04,8271232
IEF,2024-03-22,94.56,94.56,94.41,94.5,6119779
IEF,2024-03-25,94.41,94.41,94.19,94.25,4488900
IEF,2024-03-26,94.22,94.41,94.11,94.39,5477636
IEF,2024-03-27,94.5,94.79,94.485,94.75,4838589
IEF,2024-03-28,94.54,94.765,94.475,94.66,7561418
IEF,2024-04-01,93.99,93.99,93.455,93.53,10449244
IEF,2024-04-02,93.11,93.37,93.015,93.33,7214583
IEF,2024-04-03,92.95,93.44,92.86,93.44,12894907
IEF,2024-04-04,93.64,93.78,93.38,93.76,6945963
IEF,2024-04-05,93.25,93.5404,93.13,93.14,6302315
IEF,2024-04-08,92.91,93.055,92.81,92.93,7113661
IEF,2024-04-09,93.2,93.375,93.2,93.3,5139649
IEF,2024-04-10,92.51,92.57,91.92,92.06,14993738
IEF,2024-04-11,92.23,92.2696,91.81,91.93,9371359
IEF,2024-04-12,92.41,92.56,92.305,92.31,11675565
IEF,2024-04-15,91.68,91.74,91.35,91.72,12315347
IEF,2024-04-16,91.32,91.5304,91.18,91.36,12027205
IEF,2024-04-17,91.69,92.01,91.54,91.94,10515435
IEF,2024-04-18,91.85,91.85,91.5,91.62,6964571
IEF,2024-04-19,91.84,91.86,91.641,91.74,6125766
IEF,2024-04-22,91.57,91.815,91.55,91.75,4002877
IEF,2024-04-23,91.63,92.0999,91.54,91.87,8319796
IEF,2024-04-24,91.66,91.6879,91.435,91.59,7567420
IEF,2024-04-25,91.09,91.325,91.02,91.24,5784322
IEF,2024-04-26,91.45,91.63,91.415,91.49,5432628
IEF,2024-04-29,91.7,91.88,91.62,91.86,4846458
IEF,2024-04-30,91.51,91.65,91.35,91.43,7516694
IEF,2024-05-01,91.43,91.86,91.19,91.52,12392506
IEF,2024-05-02,91.52,92.01,91.45,91.95,8661622
IEF,2024-05-03,92.61,92.7,92.2201,92.46,8501120
IEF,2024-05-06,92.5,92.64,92.41,92.54,4043450
IEF,2024-05-07,92.87,93.02,92.7,92.78,7776341
IEF,2024-05-08,92.58,92.66,92.51,92.52,9024132
IEF,2024-05-09,92.5,92.865,92.47,92.8,9625255
IEF,2024-05-10,92.6,92.635,92.45,92.5,3204980
IEF,2024-05-13,92.74,92.765,92.595,92.61,3228752
IEF,2024-05-14,92.79,92.92,92.69,92.88,4688884
IEF,2024-05-15,93.42,93.645,93.295,93.58,11384537
IEF,2024-05-16,93.61,93.61,93.37,93.4,4278520
IEF,2024-05-17,93.25,93.33,93.09,93.11,3883918
IEF,2024-05-20,92.98,93.06,92.935,92.97,4575850
IEF,2024-05-21,93.25,93.29,93.16,93.21,2669720
IEF,2024-05-22,92.98,93.2,92.97,93.09,3616386
IEF,2024-05-23,93.13,93.14,92.62,92.76,6005628
IEF,2024-05-24,92.67,92.89,92.64,92.88,3926449
IEF,2024-05-28,92.96,92.98,92.335,92.36,8761441
IEF,2024-05-29,92.13,92.135,91.72,91.91,10126801
IEF,2024-05-30,92.22,92.39,92.17,92.37,5069737
IEF,2024-05-31,92.65,92.815,92.61,92.8,4807468
IEF,2024-06-03,92.65,93.18,92.65,93.13,7675927
IEF,2024-06-04,93.44,93.73,93.38,93.64,8752020
IEF,2024-06-05,93.76,93.99,93.4901,93.98,6466820
IEF,2024-06-06,93.82,94.03,93.79,93.94,5849418
IEF,2024-06-07,93.14,93.16,92.94,92.95,7125085
IEF,2024-06-10,92.78,92.84,92.6601,92.75,3938887
IEF,2024-06-11,92.91,93.26,92.82,93.24,3954681
IEF,2024-06-12,94.08,94.32,93.74,93.76,9243216
IEF,2024-06-13,94.18,94.52,94.075,94.38,6529902
IEF,2024-06-14,94.51,94.69,94.46,94.6,5424633
IEF,2024-06-17,94.14,94.22,94.025,94.16,4957159
IEF,2024-06-18,94.32,94.68,94.28,94.57,5232579
IEF,2024-06-20,94.1,94.36,94.05,94.33,3573117
IEF,2024-06-21,94.51,94.6,94.18,94.35,7041996
IEF,2024-06-24,94.37,94.43,94.225,94.43,5276005
IEF,2024-06-25,94.37,94.55,94.325,94.51,3791592
IEF,2024-06-26,94.02,94.09,93.915,93.94,4196548
IEF,2024-06-27,94.12,94.24,94.11,94.15,4946574
IEF,2024-06-28,94.36,94.38,93.645,93.65,6032414
IEF,2024-07-01,92.84,93.11,92.58,92.67,13662769
IEF,2024-07-02,93.06,93.13,92.875,93.02,8195754
IEF,2024-07-03,93.25,93.6799,93.2,93.64,3860957
IEF,2024-07-05,93.97,94.22,93.845,94.16,5111502
IEF,2024-07-08,94.13,94.2562,93.99,94.19,5294604
IEF,2024-07-09,94.035,94.17,93.83,94.06,3006938
IEF,2024-07-10,94.14,94.1981,94.005,94.15,4076787
IEF,2024-07-11,94.82,94.98,94.71,94.75,9658543
IEF,2024-07-12,94.77,94.95,94.705,94.95,4304749
IEF,2024-07-15,94.71,94.83,94.57,94.65,3754450
IEF,2024-07-16,94.82,95.08,94.725,95.07,4705760
IEF,2024-07-17,94.93,95.21,94.84,95.15,5113487
IEF,2024-07-18,94.94,95.145,94.815,94.88,8640596
IEF,2024-07-19,94.63,94.7,94.53,94.58,5274384
IEF,2024-07-22,94.69,94.7562,94.335,94.49,3869786
IEF,2024-07-23,94.62,94.75,94.545,94.56,5095642
IEF,2024-07-24,94.73,94.88,94.335,94.35,4733695
IEF,2024-07-25,94.54,94.875,94.49,94.56,4335687
IEF,2024-07-26,94.96,95.04,94.87,95.01,5217511
IEF,2024-07-29,95.25,95.26,95.08,95.17,6165648
IEF,2024-07-30,95.28,95.47,95.1099,95.37,4419228
IEF,2024-07-31,95.65,96.08,95.445,96.07,10983116
IEF,2024-08-01,96.0,96.43,95.98,96.19,10492587
IEF,2024-08-02,97.19,97.75,97.13,97.68,18286540
IEF,2024-08-05,98.39,98.58,97.4021,97.78,19098200
IEF,2024-08-06,97.54,97.575,96.84,96.91,9506980
IEF,2024-08-07,96.63,96.727,96.375,96.56,8419746
IEF,2024-08-08,96.16,96.34,96.065,96.27,4856150
IEF,2024-08-09,96.78,96.7899,96.58,96.66,5174878
IEF,2024-08-12,96.54,96.975,96.475,96.93,4166444
IEF,2024-08-13,97.329,97.36,97.19,97.36,6458880
IEF,2024-08-14,97.32,97.625,97.3,97.49,4275696
IEF,2024-08-15,96.7,96.88,96.62,96.88,5507025
IEF,2024-08-16,97.08,97.09,96.81,97.07,4437050
IEF,2024-08-19,97.04,97.31,97.02,97.2,4437676
IEF,2024-08-20,97.44,97.625,97.355,97.59,4885998
IEF,2024-08-21,97.69,98.0148,97.46,97.79,5386005
IEF,2024-08-22,97.55,97.57,97.2,97.34,4819522
IEF,2024-08-23,97.54,97.86,97.425,97.79,5475416
IEF,2024-08-26,97.96,97.97,97.665,97.67,3062577
IEF,2024-08-27,97.405,97.695,97.36,97.63,4433681
IEF,2024-08-28,97.65,97.73,97.54,97.58,8147052
IEF,2024-08-29,97.36,97.45,97.26,97.41,6199798
IEF,2024-08-30,97.43,97.5527,97.045,97.07,4802608
IEF,2024-09-03,97.31,97.57,97.245,97.42,8232797
IEF,2024-09-04,97.53,98.04,97.502,97.99,9871995
IEF,2024-09-05,98.25,98.3,97.91,98.22,33635018
IEF,2024-09-06,98.26,98.85,98.02,98.36,17777566
IEF,2024-09-09,98.3,98.57,98.18,98.5,8532472
IEF,2024-09-10,98.51,98.97,98.49,98.92,7921368
IEF,2024-09-11,98.72,99.15,98.66,98.85,7286225
IEF,2024-09-12,98.77,98.88,98.505,98.69,5931331
IEF,2024-09-13,98.96,99.0,98.76,98.88,5305485
IEF,2024-09-16,98.99,99.18,98.869,99.14,6666977
IEF,2024-09-17,99.08,99.14,98.8901,98.96,7807027
IEF,2024-09-18,98.73,99.045,98.48,98.53,8584465
IEF,2024-09-19,98.26,98.465,98.22,98.45,16770780
IEF,2024-09-20,98.31,98.55,98.18,98.42,6580582
IEF,2024-09-23,98.22,98.45,97.985,98.36,7491882
IEF,2024-09-24,98.09,98.5,98.0118,98.47,6580863
IEF,2024-09-25,98.27,98.27,98.07,98.07,10455101
IEF,2024-09-26,98.15,98.2,97.835,98.0,8026728
IEF,2024-09-27,98.23,98.435,98.15,98.39,6207730
IEF,2024-09-30,98.315,98.345,97.96,98.12,8902750
IEF,2024-10-01,98.17,98.47,98.0847,98.19,11665727
IEF,2024-10-02,97.75,97.945,97.635,97.91,7742082
IEF,2024-10-03,97.65,97.72,97.38,97.41,11556106
IEF,2024-10-04,96.57,96.78,96.42,96.47,8890868
IEF,2024-10-07,96.11,96.27,96.07,96.12,10152572
IEF,2024-10-08,95.97,96.2,95.93,96.2,5975421
IEF,2024-10-09,96.03,96.08,95.79,95.84,6769233
IEF,2024-10-10,95.77,95.88,95.53,95.83,5958980
IEF,2024-10-11,95.73,95.9546,95.68,95.86,5394064
IEF,2024-10-14,95.46,95.69,95.405,95.69,3850877
IEF,2024-10-15,96.06,96.22,96.005,96.18,7736909
IEF,2024-10-16,96.36,96.46,96.27,96.33,5041122
IEF,2024-10-17,95.91,95.95,95.745,95.83,5460202
IEF,2024-10-18,95.99,96.045,95.92,95.94,5174808
IEF,2024-10-21,95.57,95.6,95.19,95.2,6633578
IEF,2024-10-22,95.32,95.375,95.031,95.11,5434026
IEF,2024-10-23,94.83,94.995,94.74,94.89,6914586
IEF,2024-10-24,94.98,95.2599,94.87,95.1,5486308
IEF,2024-10-25,95.31,95.32,94.82,94.89,6455354
IEF,2024-10-28,94.91,94.92,94.49,94.67,5447530
IEF,2024-10-29,94.27,94.725,94.222,94.71,8475405
IEF,2024-10-30,94.93,95.165,94.53,94.57,6341348
IEF,2024-10-31,94.42,94.7011,94.215,94.52,8662882
IEF,2024-11-01,94.365,94.46,93.64,93.67,15659471
IEF,2024-11-04,94.32,94.4371,93.9918,94.17,8179254
IEF,2024-11-05,94.05,94.335,93.735,94.22,8118519
IEF,2024-11-06,93.04,93.5101,93.01,93.25,15261496
IEF,2024-11-07,93.63,94.1699,93.58,94.0,15674129
IEF,2024-11-08,94.2,94.475,94.09,94.2,12335278
IEF,2024-11-11,93.92,93.9551,93.775,93.94,3980201
IEF,2024-11-12,93.57,93.76,93.235,93.35,8037912
IEF,2024-11-13,93.77,93.78,93.17,93.29,6662247
IEF,2024-11-14,93.44,93.66,93.17,93.28,7510284
IEF,2024-11-15,93.1,93.63,92.9,93.32,16794163
IEF,2024-11-18,93.28,93.59,93.173471,93.53,4788179
IEF,2024-11-19,93.82,93.88,93.685,93.73,4951585
IEF,2024-11-20,93.47,93.76,93.44,93.59,5752958
IEF,2024-11-21,93.66,93.83,93.42,93.54,5098247
IEF,2024-11-22,93.67,93.725,93.5,93.6,5373879
IEF,2024-11-25,94.46,94.635,94.315,94.61,7716050
IEF,2024-11-26,94.41,94.44,94.2201,94.41,5093056
IEF,2024-11-27,94.79,94.92,94.595,94.79,5587567
IEF,2024-11-29,95.13,95.2,95.0,95.19,5136170
IEF,2024-12-02,94.61,95.01,94.5,94.89,5950784
IEF,2024-12-03,94.99,95.025,94.56,94.62,5364829
IEF,2024-12-04,94.38,95.01,94.345,94.98,5908784
IEF,2024-12-05,94.7,95.03,94.7,94.97,5210320
IEF,2024-12-06,95.36,95.42,95.065,95.27,6880169
IEF,2024-12-09,95.145,95.16,94.94,94.94,4303131
IEF,2024-12-10,94.74,94.84,94.65,94.77,3543387
IEF,2024-12-11,94.91,95.0,94.46,94.49,6453019
IEF,2024-12-12,94.38,94.457,94.1,94.13,4518093
IEF,2024-12-13,93.98,94.005,93.6438,93.69,5230061
IEF,2024-12-16,93.86,93.8713,93.62,93.72,4607858
IEF,2024-12-17,93.7,93.87,93.67,93.72,4881129
IEF,2024-12-18,93.4,93.52,92.62,92.69,11553909
IEF,2024-12-19,92.38,92.44,92.115,92.27,9273761
IEF,2024-12-20,92.75,92.9,92.59,92.61,6070886
IEF,2024-12-23,92.54,92.58,92.13,92.2,5954541
IEF,2024-12-24,92.01,92.26,91.97,92.25,3076139
IEF,2024-12-26,91.96,92.36,91.925,92.32,3703370
IEF,2024-12-27,92.26,92.385,92.06,92.08,3752547
IEF,2024-12-30,92.53,92.67,92.515,92.62,4797651
IEF,2024-12-31,92.75,92.816,92.375,92.45,5856386
IEF,2025-01-02,92.65,92.775,92.31,92.5,5035296
IEF,2025-01-03,92.6,92.665,92.3201,92.35,2863727
IEF,2025-01-06,92.24,92.3298,92.06,92.26,3894803
IEF,2025-01-07,92.14,92.21,91.75,91.84,5524502
IEF,2025-01-08,91.71,92.02,91.685,92.0,6403066
IEF,2025-01-10,91.455,91.63,91.23,91.33,8210906
IEF,2025-01-13,91.28,91.3099,91.08,91.17,5094333
IEF,2025-01-14,91.21,91.28,91.08,91.2,4365899
IEF,2025-01-15,92.13,92.23,91.975,92.16,7846600
IEF,2025-01-16,92.08,92.58,91.95,92.38,7550852
IEF,2025-01-17,92.52,92.58,92.355,92.45,3912840
IEF,2025-01-21,92.75,92.825,92.61,92.76,4431278
IEF,2025-01-22,92.72,92.7299,92.41,92.52,3656353
IEF,2025-01-23,92.13,92.3499,92.13,92.28,4861149
IEF,2025-01-24,92.25,92.5763,92.195,92.47,4468718
IEF,2025-01-27,93.08,93.15,92.865,93.07,4297112
IEF,2025-01-28,92.84,93.1,92.775,93.08,3906811
IEF,2025-01-29,93.18,93.25,92.7,92.97,4918428
IEF,2025-01-30,93.17,93.3151,93.08,93.17,4365657
IEF,2025-01-31,93.2,93.34,92.81,93.02,6277534
IEF,2025-02-03,92.99,93.28,92.655,92.79,8294195
IEF,2025-02-04,92.6,93.02,92.595,93.02,6742390
IEF,2025-02-05,93.4,93.73,93.37,93.56,6576344
IEF,2025-02-06,93.46,93.58,93.31,93.45,5268575
IEF,2025-02-07,93.15,93.225,92.98,93.14,4565352
IEF,2025-02-10,93.24,93.37,93.065,93.12,3229142
IEF,2025-02-11,92.89,92.96,92.82,92.88,3379547
IEF,2025-02-12,92.26,92.32,92.08,92.24,7280368
IEF,2025-02-13,92.715,93.0,92.7,92.93,6122009
IEF,2025-02-14,93.365,93.51,93.28,93.32,5157925
IEF,2025-02-18,93.03,93.125,92.81,92.82,4484271
IEF,2025-02-19,92.77,93.01,92.765,92.97,4607048
IEF,2025-02-20,93.12,93.255,93.11,93.16,7545412
IEF,2025-02-21,93.28,93.83,93.265,93.71,6156516
IEF,2025-02-24,93.62,93.9659,93.59,93.91,4109676
IEF,2025-02-25,94.5,94.6999,94.42,94.65,7697169
IEF,2025-02-26,94.61,94.97,94.485,94.91,7380204
IEF,2025-02-27,94.59,94.83,94.5525,94.8,5907872
IEF,2025-02-28,95.09,95.36,94.9,95.32,11831519
IEF,2025-03-03,94.72,95.45,94.71,95.39,9637437
IEF,2025-03-04,95.54,95.78,94.93,95.09,12745454
IEF,2025-03-05,95.11,95.235,94.53,94.56,15590008
IEF,2025-03-06,94.51,94.69,94.16,94.51,9318861
IEF,2025-03-07,94.98,95.02,94.295,94.39,9210206
IEF,2025-03-10,94.94,95.2,94.85,95.05,7691773
IEF,2025-03-11,95.05,95.3099,94.5753,94.71,10408648
IEF,2025-03-12,94.41,94.66,94.39,94.43,7610319
IEF,2025-03-13,94.29,94.846,94.2,94.81,6902748
IEF,2025-03-14,94.565,94.653504,94.4497,94.48,4390889
IEF,2025-03-17,94.645,94.845,94.455,94.56,6733976
IEF,2025-03-18,94.42,94.83,94.405,94.67,8993542
IEF,2025-03-19,94.59,94.985,94.44,94.96,5854692
IEF,2025-03-20,95.47,95.485,94.985,95.1,4409137
IEF,2025-03-21,95.25,95.34,94.995,95.02,4919587
IEF,2025-03-24,94.755,94.78,94.4427,94.47,4823901
IEF,2025-03-25,94.47,94.735,94.45,94.63,6825832
IEF,2025-03-26,94.47,94.565,94.325,94.41,8281749
IEF,2025-03-27,94.3,94.41,94.2148,94.33,5085410
IEF,2025-03-28,94.78,95.1495,94.7499,95.09,6224454
IEF,2025-03-31,95.49,95.555,95.09,95.37,13255922
IEF,2025-04-01,95.27,95.66,95.265,95.4,18128763
IEF,2025-04-02,95.8,95.8,95.005,95.31,7635866
IEF,2025-04-03,96.41,96.645,96.1804,96.29,18188011
IEF,2025-04-04,97.2,97.515,96.55,96.56,27006541
IEF,2025-04-07,96.485,96.66,95.19,95.41,68670638
IEF,2025-04-08,94.905,95.585,94.88,94.93,19508019
IEF,2025-04-09,94.23,94.68,93.61,94.63,24170819
IEF,2025-04-10,94.52,94.78,93.99,94.04,12093775
IEF,2025-04-11,93.47,93.73,92.79,93.51,55446575
IEF,2025-04-14,93.92,94.355,93.795,94.26,12630877
IEF,2025-04-15,94.25,94.7561,94.235,94.54,7708183
IEF,2025-04-16,94.66,95.08,94.46,94.95,8708379
IEF,2025-04-17,94.9,94.9907,94.59,94.68,6987171
IEF,2025-04-21,94.4,94.745,94.15,94.17,4901294
IEF,2025-04-22,94.42,94.44,94.2336,94.24,5232965
IEF,2025-04-23,95.035,95.22,94.22,94.34,8041319
IEF,2025-04-24,94.72,94.875,94.62,94.85,7308934
IEF,2025-04-25,95.11,95.275,94.975,95.21,5341346
IEF,2025-04-28,95.1,95.62,95.0735,95.59,4950526
IEF,2025-04-29,95.54,95.93,95.53,95.92,5350357
IEF,2025-04-30,95.9,96.1563,95.8,96.07,13923349
IEF,2025-05-01,95.88,95.895,95.15,95.34,13703318
IEF,2025-05-02,94.85,94.99,94.54,94.7,9331620
IEF,2025-05-05,94.67,94.68,94.33,94.53,10089640
IEF,2025-05-06,94.49,94.79,94.4041,94.77,6081225
IEF,2025-05-07,94.87,95.14,94.85,95.02,9471305
IEF,2025-05-08,94.96,94.975,94.26,94.28,6409030
IEF,2025-05-09,94.445,94.6055,94.32,94.35,3698699
IEF,2025-05-12,93.73,93.97,93.73,93.75,9483851
IEF,2025-05-13,93.87,93.92,93.53,93.68,13166804
IEF,2025-05-14,93.64,93.71,93.27,93.33,6994690
IEF,2025-05-15,93.72,93.99,93.595,93.94,9024884
IEF,2025-05-16,94.31,94.33,93.96,93.97,6819224
IEF,2025-05-19,93.43,93.94,93.3901,93.92,11705008
IEF,2025-05-20,93.67,93.87,93.525,93.8,8929552
IEF,2025-05-21,93.43,93.56,93.03,93.15,11383502
IEF,2025-05-22,93.18,93.54,93.055,93.5,10981598
IEF,2025-05-23,93.91,93.92,93.635,93.77,9860808
IEF,2025-05-27,93.975,94.26,93.87,94.16,10834387
IEF,2025-05-28,93.965,94.0359,93.79,93.9,8591454
IEF,2025-05-29,94.145,94.375,94.1,94.29,9681506
IEF,2025-05-30,94.36,94.62,94.3,94.57,10268591
IEF,2025-06-02,94.0,94.14,93.78,93.94,13341850
IEF,2025-06-03,94.07,94.2,93.77,93.85,8508947
IEF,2025-06-04,94.21,94.62,94.13,94.54,10116188
IEF,2025-06-05,94.54,94.66,94.23,94.26,8765989
IEF,2025-06-06,93.775,93.8599,93.475,93.51,7624352
IEF,2025-06-09,93.515,93.8,93.51,93.68,6061417
IEF,2025-06-10,93.98,94.015,93.739,93.84,5579937
IEF,2025-06-11,94.02,94.27,93.94,94.23,6594903
IEF,2025-06-12,94.59,94.645,94.4247,94.64,7795449
IEF,2025-06-13,94.43,94.5,94.04,94.29,9195182
IEF,2025-06-16,94.18,94.375,94.0,94.02,7508621
IEF,2025-06-17,94.26,94.52,94.11,94.48,5285113
IEF,2025-06-18,94.64,94.84,94.3803,94.54,6732481
IEF,2025-06-20,94.35,94.74,94.285,94.6,6261860
IEF,2025-06-23,94.87,95.235,94.8,94.93,9310287
IEF,2025-06-24,94.84,95.305786,94.8,95.26,7694510
IEF,2025-06-25,95.08,95.34,94.98,95.3,6393258
IEF,2025-06-26,95.48,95.645,95.345,95.64,7131918
IEF,2025-06-27,95.385,95.68,95.33,95.39,8402385
IEF,2025-06-30,95.6,95.81,95.46,95.77,10542377
IEF,2025-07-01,95.42,95.51,95.12,95.29,10659828
IEF,2025-07-02,94.99,95.1354,94.93,95.09,6026238
IEF,2025-07-03,94.8,94.86,94.635,94.76,7398883
IEF,2025-07-07,94.605,94.62,94.38,94.46,8518590
IEF,2025-07-08,94.21,94.33,94.16,94.32,5282965
IEF,2025-07-09,94.46,94.82,94.455,94.81,6900789
IEF,2025-07-10,94.74,94.78,94.57,94.76,4452221
IEF,2025-07-11,94.435,94.465,94.27,94.32,6004749
IEF,2025-07-14,94.32,94.46,94.165,94.28,5101813
IEF,2025-07-15,94.39,94.4,93.855,93.91,5628147
IEF,2025-07-16,94.055,94.24,93.925,94.17,12786255
IEF,2025-07-17,94.22,94.3299,94.055,94.14,4747200
IEF,2025-07-18,94.41,94.48,94.3,94.4,4035035
IEF,2025-07-21,94.795,94.9,94.68,94.73,5232360
IEF,2025-07-22,94.83,95.06,94.81,95.0,6098107
IEF,2025-07-23,94.775,94.84,94.605,94.66,5074057
IEF,2025-07-24,94.33,94.62,94.315,94.52,5867428
IEF,2025-07-25,94.49,94.74,94.45,94.74,3614071
IEF,2025-07-28,94.57,94.6381,94.49,94.53,5073188
IEF,2025-07-29,94.67,95.15,94.65,95.15,7864108
IEF,2025-07-30,94.82,95.0762,94.75,94.82,7426036
IEF,2025-07-31,94.97,95.1293,94.855,94.9,10411774
IEF,2025-08-01,95.36,95.725,95.335,95.68,11870207
IEF,2025-08-04,95.77,95.85,95.5329,95.81,8449488
IEF,2025-08-05,95.64,95.86,95.62,95.74,8218754
IEF,2025-08-06,95.6,95.715,95.255,95.67,10107474
IEF,2025-08-07,95.67,95.77,95.5319,95.6,5725876
IEF,2025-08-08,95.47,95.47,95.33,95.38,5623800
IEF,2025-08-11,95.45,95.54,95.36,95.41,4920182
IEF,2025-08-12,95.29,95.39,95.175,95.39,6727029
IEF,2025-08-13,95.66,95.83,95.6447,95.73,5925164
IEF,2025-08-14,95.57,95.595,95.35,95.42,5527457
IEF,2025-08-15,95.38,95.44,95.17,95.23,7428568
IEF,2025-08-18,95.295,95.305,95.05,95.14,9669701
IEF,2025-08-19,95.28,95.42,95.27,95.38,6499330
IEF,2025-08-20,95.375,95.605,95.36,95.52,6270926
IEF,2025-08-21,95.39,95.435,95.1119,95.24,5351542
IEF,2025-08-22,95.395,95.875,95.37,95.77,10867816
IEF,2025-08-25,95.6,95.71,95.53,95.58,9936718
IEF,2025-08-26,95.66,95.856,95.595,95.83,5871259
IEF,2025-08-27,95.7,96.01,95.6414,96.01,5223249
IEF,2025-08-28,95.98,96.23,95.935,96.23,6545073
IEF,2025-08-29,96.12,96.23,96.03,96.15,6818939
IEF,2025-09-02,95.46,95.625,95.4311,95.55,8623225
IEF,2025-09-03,95.56,96.015,95.56,95.88,7580804
IEF,2025-09-04,96.12,96.31,96.0,96.31,6395264
IEF,2025-09-05,96.91,97.015,96.78,96.78,9566288
IEF,2025-09-08,97.02,97.09,96.92,97.08,7599723
IEF,2025-09-09,97.03,97.135,96.76,96.85,8223260
IEF,2025-09-10,97.05,97.23,96.96,97.11,8864493
IEF,2025-09-11,97.235,97.46,97.225,97.26,8554434
IEF,2025-09-12,97.03,97.04,96.84,96.98,36502976
IEF,2025-09-15,97.15,97.2154,97.095,97.14,4990170
IEF,2025-09-16,97.15,97.29,97.1101,97.2,5848078
IEF,2025-09-17,97.3,97.515,96.87,96.99,10701673
IEF,2025-09-18,96.65,96.81,96.505,96.67,7589507
IEF,2025-09-19,96.62,96.7,96.5,96.63,5528784
IEF,2025-09-22,96.63,96.66,96.46,96.47,5282779
IEF,2025-09-23,96.61,96.75,96.485,96.74,7077910
IEF,2025-09-24,96.62,96.6271,96.4401,96.48,5419806
IEF,2025-09-25,96.26,96.3174,96.095,96.27,6517524
IEF,2025-09-26,96.25,96.43,96.1301,96.22,7295442
IEF,2025-09-29,96.34,96.55,96.325,96.5,6357833
IEF,2025-09-30,96.58,96.76,96.4201,96.46,9257812
IEF,2025-10-01,96.56,96.625,96.335,96.49,8347312
IEF,2025-10-02,96.45,96.65,96.385,96.59,9420929
IEF,2025-10-03,96.595,96.64,96.3801,96.4,5154346
IEF,2025-10-06,96.17,96.3356,96.11,96.12,6319630
IEF,2025-10-07,96.24,96.49,96.18,96.36,5120243
IEF,2025-10-08,96.54,96.56,96.32,96.38,5141866
IEF,2025-10-09,96.29,96.355,96.226,96.31,7130649
IEF,2025-10-10,96.645,97.015,96.57,96.91,10417700
IEF,2025-10-13,96.9,96.985,96.78,96.96,5607641
IEF,2025-10-14,97.06,97.24,96.98,97.21,7650640
IEF,2025-10-15,97.205,97.33,97.015,97.1,7769455
IEF,2025-10-16,97.02,97.59,97.0,97.55,11627164
IEF,2025-10-17,97.46,97.4791,97.265,97.39,12491024
IEF,2025-10-20,97.45,97.53,97.3701,97.52,10437930
IEF,2025-10-21,97.69,97.77,97.63,97.7,7641969
IEF,2025-10-22,97.65,97.77,97.5608,97.72,6523872
IEF,2025-10-23,97.52,97.58,97.38,97.4,6138339
IEF,2025-10-24,97.52,97.54,97.33,97.49,7555376
IEF,2025-10-27,97.34,97.49,97.205,97.49,7272562
IEF,2025-10-28,97.43,97.6291,97.43,97.58,5539644
IEF,2025-10-29,97.53,97.53,96.9,96.95,11223261
IEF,2025-10-30,96.67,96.96,96.65,96.81,8958961
IEF,2025-10-31,96.87,96.95,96.7899,96.85,9739897
IEF,2025-11-03,96.42,96.56,96.37,96.5,8012728
IEF,2025-11-04,96.57,96.6715,96.545,96.62,6118993
IEF,2025-11-05,96.45,96.47,96.13,96.16,11745834
IEF,2025-11-06,96.52,96.72,96.51,96.65,7665059
IEF,2025-11-07,96.56,96.86,96.55,96.69,11460285
IEF,2025-11-10,96.565,96.65,96.51,96.56,9097469
IEF,2025-11-11,96.81,96.89,96.725,96.86,4937742
IEF,2025-11-12,96.81,96.95,96.775,96.88,7188206
IEF,2025-11-13,96.65,96.8,96.6,96.6,46965594
IEF,2025-11-14,96.88,96.9282,96.4201,96.44,11288457
IEF,2025-11-17,96.54,96.62,96.49,96.55,6648754
IEF,2025-11-18,96.84,96.93,96.57,96.71,8769024
IEF,2025-11-19,96.81,96.86,96.6,96.64,13075930
IEF,2025-11-20,96.74,96.945,96.695,96.87,9076414
IEF,2025-11-21,97.19,97.23,97.0,97.19,12551122
IEF,2025-11-24,97.29,97.3556,97.1814,97.34,6903895
IEF,2025-11-25,97.44,97.6993,97.43,97.59,9193433
IEF,2025-11-26,97.48,97.67,97.33,97.67,7747109
IEF,2025-11-28,97.63,97.6499,97.39,97.5,7798022
IEF,2025-12-01,96.772,96.835,96.6797,96.69,9898164
IEF,2025-12-02,96.66,96.815,96.6,96.77,7317320
IEF,2025-12-03,96.925,97.03,96.805,96.97,6855103
IEF,2025-12-04,96.815,96.825,96.62,96.67,8929096
IEF,2025-12-05,96.69,96.7,96.42,96.47,9118800
IEF,2025-12-08,96.41,96.42,96.09,96.27,14719471
IEF,2025-12-09,96.405,96.405,96.11,96.13,8134497
IEF,2025-12-10,96.085,96.47,96.08,96.44,13356897
IEF,2025-12-11,96.68,96.73,96.42,96.45,8673034
IEF,2025-12-12,96.19,96.2726,96.17,96.19,8348936
IEF,2025-12-15,96.41,96.505,96.2525,96.27,6117094
IEF,2025-12-16,96.24,96.56,96.225,96.54,7456521
IEF,2025-12-17,96.42,96.57,96.4,96.52,5673211
IEF,2025-12-18,96.77,96.83,96.6401,96.77,7357582
IEF,2025-12-19,96.3,96.3897,96.2003,96.24,5806622
IEF,2025-12-22,96.16,96.185,96.08,96.14,4672875
IEF,2025-12-23,95.93,96.13,95.88,96.1,5094032
IEF,2025-12-24,96.22,96.365,96.1744,96.35,3967720
IEF,2025-12-26,96.485,96.51,96.33,96.44,3491560
IEF,2025-12-29,96.55,96.6,96.4501,96.58,5034750
IEF,2025-12-30,96.44,96.56,96.4,96.48,4108645
IEF,2025-12-31,96.34,96.465,96.15,96.16,6802186
IEF,2026-01-02,96.285,96.29,96.07,96.08,6611758
IEF,2026-01-05,96.225,96.38,96.17,96.37,8693438
IEF,2026-01-06,96.25,96.32,96.1,96.3,12834157
IEF,2026-01-07,96.515,96.55,96.3445,96.48,7990996
IEF,2026-01-08,96.225,96.31,96.18,96.19,6931841
IEF,2026-01-09,96.16,96.375,96.07,96.3,10277468
IEF,2026-01-12,96.145,96.3,96.12,96.18,6360965
IEF,2026-01-13,96.34,96.37,96.2,96.3,7622552
IEF,2026-01-14,96.38,96.6,96.37,96.5,7331256
IEF,2026-01-15,96.505,96.52,96.28,96.3,6172797
IEF,2026-01-16,96.23,96.255,95.91,95.93,11979391
IEF,2026-01-20,95.595,95.72,95.53,95.55,13596248
IEF,2026-01-21,95.655,95.84,95.5644,95.8,11969124
IEF,2026-01-22,95.7,95.86,95.65,95.79,10209497
IEF,2026-01-23,95.83,95.97,95.754278,95.95,8147517
IEF,2026-01-26,96.1,96.155,96.0449,96.09,6803869
IEF,2026-01-27,96.03,96.15,95.95,95.98,9847410
IEF,2026-01-28,95.92,95.945,95.725,95.9,17032404
IEF,2026-01-29,95.795,96.0861,95.78,96.0,11049404
IEF,2026-01-30,95.99,96.055,95.91,95.94,8238456
IEF,2026-02-02,95.67,95.7,95.435,95.44,8987366
IEF,2026-02-03,95.385,95.57,95.37,95.53,7309024
IEF,2026-02-04,95.45,95.605,95.41,95.51,7268703
IEF,2026-02-05,95.8,96.1,95.705,96.07,12086792
IEF,2026-02-06,96.115,96.13,95.9198,96.07,7759939
IEF,2026-02-09,96.01,96.13,95.93,96.09,8165177
IEF,2026-02-10,96.43,96.55,96.405,96.51,9752387
IEF,2026-02-11,96.175,96.4497,96.155,96.24,9106648
IEF,2026-02-12,96.4,96.85,96.39,96.83,13099865
IEF,2026-02-13,97.12,97.2551,97.09,97.21,11681536
IEF,2026-02-17,97.25,97.31,97.1512,97.2,8623799
IEF,2026-02-18,97.025,97.0889,96.97,97.0,7779172
IEF,2026-02-19,96.96,97.14,96.94,97.09,4993144
IEF,2026-02-20,97.13,97.14,96.89,97.09,11200201
IEF,2026-02-23,97.17,97.529,97.17,97.44,9862912
IEF,2026-02-24,97.435,97.475,97.3313,97.42,9493612
IEF,2026-02-25,97.27,97.42,97.265,97.34,8762719
IEF,2026-02-26,97.42,97.6,97.42,97.6,8177468
IEF,2026-02-27,97.88,98.045,97.8301,97.99,9970278
IEF,2026-03-02,97.38,97.39,96.95,97.12,17709623
IEF,2026-03-03,96.665,97.15,96.64,97.01,13708502
IEF,2026-03-04,96.97,96.985,96.79,96.81,12535824
IEF,2026-03-05,96.45,96.5801,96.39,96.51,12599734
IEF,2026-03-06,96.22,96.735,96.165,96.45,12758205
IEF,2026-03-09,96.355,96.8,96.25,96.75,12134392
IEF,2026-03-10,96.695,96.77,96.4139,96.44,10571587
IEF,2026-03-11,96.255,96.305,95.975,96.0,12198450
IEF,2026-03-12,95.845,95.98,95.585,95.69,11401448
IEF,2026-03-13,95.84,95.925,95.545,95.59,11839931
IEF,2026-03-16,95.98,96.06,95.865,96.02,9092149
IEF,2026-03-17,96.17,96.2796,96.13,96.19,7209667
IEF,2026-03-18,96.05,96.1155,95.73,95.75,13049006
IEF,2026-03-19,95.49,95.875,95.48,95.74,18464915
IEF,2026-03-20,95.31,95.335,94.845,94.88,20761895
IEF,2026-03-23,95.0,95.43,94.885,95.18,28336254
IEF,2026-03-24,94.785,95.08,94.62,94.86,19785626
IEF,2026-03-25,95.29,95.395,95.135,95.36,15939217
IEF,2026-03-26,95.01,95.125,94.59,94.59,12897348
IEF,2026-03-27,94.37,94.78,94.355,94.6,11402036
IEF,2026-03-30,95.2,95.39,95.13,95.27,15429992
IEF,2026-03-31,95.535,95.675,95.35,95.44,18649729
IEF,2026-04-01,95.08,95.29,95.015,95.04,13557575
IEF,2026-04-02,95.025,95.385,95.01,95.26,13171749
IEF,2026-04-06,95.0,95.17558,94.913459,95.01,6104924
IEF,2026-04-07,95.07,95.29,94.76,95.25,6737450
IEF,2026-04-08,95.72,95.73,95.37,95.46,12107440
IEF,2026-04-09,95.37,95.65,95.225,95.43,11066061
IEF,2026-04-10,95.43,95.46,95.255,95.27,4404823
IEF,2026-04-13,95.27,95.49,95.1701,95.48,4300301
IEF,2026-04-14,95.435,95.8,95.4104,95.79,5239765
IEF,2026-04-15,95.69,95.7,95.5008,95.58,5593167
IEF,2026-04-16,95.67,95.695,95.375,95.41,6619043
IEF,2026-04-17,95.885,96.0498,95.835,95.93,6913071
IEF,2026-04-20,95.91,95.92,95.71,95.84,3868869
IEF,2026-04-21,95.69,95.75,95.41,95.42,4873035
IEF,2026-04-22,95.68,95.71,95.5,95.52,4121468
IEF,2026-04-23,95.56,95.63,95.185,95.37,6795570
IEF,2026-04-24,95.29,95.59,95.21,95.56,5490005
IEF,2026-04-27,95.42,95.53,95.275,95.34,4055522
IEF,2026-04-28,95.19,95.27,95.11,95.25,4867691
IEF,2026-04-29,95.025,95.03,94.695,94.8,7200336
IEF,2026-04-30,95.04,95.0886,94.865,94.98,10382431
IEF,2026-05-01,94.69,95.04,94.6225,94.74,5359321
IEF,2026-05-04,94.585,94.6,94.22,94.39,6594298
IEF,2026-05-05,94.5,94.64,94.47,94.53,11281931
IEF,2026-05-06,94.93,95.03,94.86,95.0,9031176
IEF,2026-05-07,95.18,95.18,94.685,94.71,5610063
IEF,2026-05-08,95.04,95.09,94.92,94.96,3215112
IEF,2026-05-11,94.86,94.879,94.635,94.64,4025428
IEF,2026-05-12,94.415,94.43,94.3,94.32,5686742
IEF,2026-05-13,94.295,94.375,94.11,94.32,3459151
IEF,2026-05-14,94.54,94.56,94.245,94.26,5167327
IEF,2026-05-15,93.72,93.75,93.49,93.51,12498686
IEF,2026-05-18,93.62,93.7482,93.3449,93.47,8422904
IEF,2026-05-19,93.13,93.27,92.945,93.11,10069810
IEF,2026-05-20,93.17,93.805,93.15,93.74,14888427
IEF,2026-05-21,93.47,93.835,93.305,93.8,7762270
IEF,2026-05-22,93.96,93.99,93.63,93.88,6322608
IEF,2026-05-26,94.34,94.35,94.13,94.28,5494478
IEF,2026-05-27,94.345,94.48,94.2924,94.32,5959162
IEF,2026-05-28,94.345,94.67,94.285,94.54,5938370
IEF,2026-05-29,94.64,94.74,94.53,94.65,9639851
IEF,2026-06-01,93.91,94.2,93.805,94.17,8054119
IEF,2026-06-02,94.33,94.33,94.16,94.24,15426562
IEF,2026-06-03,93.99,94.1,93.905,94.0,7056524
IEF,2026-06-04,94.2,94.28,94.09,94.12,4417855
IEF,2026-06-05,93.705,93.79,93.59,93.62,9881047
IEF,2026-06-08,93.8,93.86,93.52,93.52,5352247
IEF,2026-06-09,93.71,93.845,93.61,93.78,8007261
IEF,2026-06-10,93.82,93.8999,93.595,93.69,5804851
IEF,2026-06-11,93.805,94.38,93.75,94.34,11281600
IEF,2026-06-12,94.16,94.27,94.015,94.18,8863580
IEF,2026-06-15,94.385,94.47,94.26,94.28,3787573
IEF,2026-06-16,94.375,94.62,94.35,94.52,4675051
IEF,2026-06-17,94.53,94.58,94.01,94.02,11508273
IEF,2026-06-18,94.43,94.6,94.33,94.36,6836463
IEF,2026-06-22,94.11,94.13,93.97,94.0,4572484
IEF,2026-06-23,94.16,94.255,94.09,94.12,6504621
IEF,2026-06-24,94.565,94.78,94.555,94.73,5179932
IEF,2026-06-25,94.86,95.015,94.78,94.79,5630588
IEF,2026-06-26,94.83,95.08,94.83,95.03,5584092
IEF,2026-06-29,94.98,95.07,94.93,95.06,5901720
IEF,2026-06-30,94.88,94.9001,94.545,94.57,8033987
IEF,2026-07-01,94.04,94.2,93.995,94.03,7890454
IEF,2026-07-02,94.09,94.26,94.03,94.12,7607169
IEF,2026-07-06,94.14,94.19,94.03,94.18,4600672
IEF,2026-07-07,94.0,94.02,93.685,93.7,5813600
IEF,2026-07-08,93.53,93.59,93.355,93.51,5509647
IEF,2026-07-09,93.59,93.8466,93.59,93.71,3223115
IEF,2026-07-10,93.74,93.78,93.585,93.63,6507727
IEF,2026-07-13,93.5,93.52,93.261,93.29,5769743
IEF,2026-07-14,93.6,93.785,93.46,93.55,5316003
IEF,2026-07-15,93.64,93.87,93.64,93.78,6735459
IEF,2026-07-16,93.58,93.75,93.542949,93.72,4841182
IEF,2026-07-17,93.96,94.095,93.82,93.84,7561338
IEF,2026-07-20,93.74,93.7561,93.44,93.54,3784797
IEF,2026-07-21,93.4,93.415,93.255,93.31,2786214
IEF,2026-07-22,93.275,93.286,93.08,93.1,3428453
IEF,2026-07-23,92.8,92.9,92.76,92.85,5002401
IEF,2026-07-24,92.985,93.2175,92.94,93.03,5092967
IEF,2026-07-27,93.21,93.35,93.135,93.28,4046604
IEF,2026-07-28,93.37,93.66,93.37,93.56,3322880
IEF,2026-07-29,93.405,93.53,93.16,93.17,5392562
IEF,2026-07-30,93.24,93.315,93.115,93.21,3974512
IEF,2026-07-31,92.98,92.98,92.73,92.95,8490117
IEF,2026-08-03,92.8,92.87,92.69,92.82,5758516
IEF,2026-08-04,93.15,93.266202,93.1007,93.25,5461578
IEF,2026-08-05,93.21,93.33,93.131,93.31,5609290
IEF,2026-08-06,93.155,93.185,92.9,92.95,4831958
IEF,2026-08-07,93.29,93.32,93.06,93.17,55016638
IEF,2026-08-10,92.96,92.975,92.76,92.76,8610148
IEF,2026-08-11,92.945,93.045,92.87,92.87,5052210
IEF,2026-08-12,93.145,93.16,92.93,92.96,4810392
