symbol,date,open,high,low,close,volume
SHY,2006-07-31,79.96,79.98,79.92,79.94,401900
SHY,2006-08-01,79.69,79.72,79.65,79.7,202700
SHY,2006-08-02,79.7,79.75,79.67,79.7,302400
SHY,2006-08-03,79.72,79.73,79.65,79.69,249400
SHY,2006-08-04,79.75,79.84,79.74,79.76,681400
SHY,2006-08-07,79.77,79.8,79.75,79.79,342700
SHY,2006-08-08,79.78,79.85,79.72,79.83,464800
SHY,2006-08-09,79.84,79.87,79.8,79.86,499900
SHY,2006-08-10,79.87,79.88,79.8,79.84,238600
SHY,2006-08-11,79.81,79.82,79.74,79.77,224100
SHY,2006-08-14,79.78,79.79,79.71,79.73,351600
SHY,2006-08-15,79.84,79.85,79.8,79.84,356800
SHY,2006-08-16,79.94,79.98,79.91,79.97,654800
SHY,2006-08-17,79.96,79.98,79.92,79.96,262500
SHY,2006-08-18,79.98,80.0,79.95,79.99,252900
SHY,2006-08-21,80.03,80.04,79.98,80.04,294200
SHY,2006-08-22,80.04,80.06,80.0,80.03,276500
SHY,2006-08-23,80.02,80.04,79.99,80.03,389100
SHY,2006-08-24,80.03,80.06,80.02,80.06,315800
SHY,2006-08-25,80.07,80.1,80.03,80.08,287700
SHY,2006-08-28,80.09,80.1,80.05,80.1,210100
SHY,2006-08-29,80.08,80.13,80.01,80.13,419000
SHY,2006-08-30,80.13,80.18,80.13,80.18,153400
SHY,2006-08-31,80.22,80.26,80.17,80.25,290200
SHY,2006-09-01,79.96,80.1,79.94,80.05,312800
SHY,2006-09-05,80.0,80.0,79.92,79.97,369900
SHY,2006-09-06,79.95,79.96,79.89,79.96,398200
SHY,2006-09-07,79.98,79.98,79.92,79.96,556300
SHY,2006-09-08,80.0,80.04,79.98,80.01,491500
SHY,2006-09-11,80.03,80.03,79.95,80.0,371900
SHY,2006-09-12,79.97,80.04,79.95,80.04,262500
SHY,2006-09-13,80.04,80.09,80.01,80.05,266300
SHY,2006-09-14,80.06,80.08,79.98,79.98,560200
SHY,2006-09-15,80.08,80.08,79.95,80.02,682900
SHY,2006-09-18,79.97,80.0,79.9,80.0,177000
SHY,2006-09-19,80.1,80.12,80.03,80.11,729500
SHY,2006-09-20,80.16,80.2,80.08,80.14,645500
SHY,2006-09-21,80.16,80.3,80.1,80.28,574400
SHY,2006-09-22,80.33,80.33,80.28,80.3,841000
SHY,2006-09-25,80.39,80.41,80.33,80.39,382000
SHY,2006-09-26,80.4,80.4,80.29,80.35,497800
SHY,2006-09-27,80.41,80.43,80.31,80.36,828800
SHY,2006-09-28,80.39,80.39,80.29,80.39,766900
SHY,2006-09-29,80.4,80.41,80.29,80.31,289900
SHY,2006-10-02,80.1,80.13,80.01,80.11,486500
SHY,2006-10-03,80.14,80.16,80.0803,80.12,384800
SHY,2006-10-04,80.19,80.28,80.16,80.26,438300
SHY,2006-10-05,80.27,80.27,80.13,80.18,409000
SHY,2006-10-06,80.15,80.15,80.0,80.08,1015600
SHY,2006-10-09,80.13,80.15,80.03,80.09,202800
SHY,2006-10-10,80.05,80.06,79.95,79.98,296500
SHY,2006-10-11,80.02,80.06,79.9,79.99,327300
SHY,2006-10-12,79.95,80.03,79.95,80.01,1874600
SHY,2006-10-13,79.94,79.99,79.94,79.98,532800
SHY,2006-10-16,79.93,80.02,79.93,80.02,524200
SHY,2006-10-17,80.07,80.08,79.99,80.03,391900
SHY,2006-10-18,80.04,80.06,79.99,80.04,309300
SHY,2006-10-19,80.05,80.06,79.99,80.03,817100
SHY,2006-10-20,80.06,80.06,80.01,80.06,542100
SHY,2006-10-23,80.02,80.02,79.97,80.02,219900
SHY,2006-10-24,80.01,80.03,79.98,80.02,321400
SHY,2006-10-25,80.05,80.13,79.98,80.11,1177200
SHY,2006-10-26,80.18,80.22,80.12,80.21,1000200
SHY,2006-10-27,80.29,80.3,80.23,80.29,612700
SHY,2006-10-30,80.27,80.27,80.22,80.24,281400
SHY,2006-10-31,80.24,80.35,80.24,80.35,471700
SHY,2006-11-01,80.09,80.19,80.04,80.11,745900
SHY,2006-11-02,80.15,80.15,80.08,80.09,287800
SHY,2006-11-03,79.99,80.0,79.9,79.94,572800
SHY,2006-11-06,79.92,79.95,79.89,79.93,362700
SHY,2006-11-07,80.03,80.05,79.99,80.03,150500
SHY,2006-11-08,80.05,80.08,80.01,80.07,406800
SHY,2006-11-09,80.1,80.1,80.041,80.06,1603400
SHY,2006-11-10,80.13,80.14,80.08,80.12,236500
SHY,2006-11-13,80.13,80.13,80.05,80.12,785200
SHY,2006-11-14,80.19,80.19,80.11,80.13,391800
SHY,2006-11-15,80.13,80.1395,80.05,80.08,277400
SHY,2006-11-16,80.1,80.15,80.02,80.05,3239700
SHY,2006-11-17,80.12,80.19,80.1,80.15,464300
SHY,2006-11-20,80.11,80.19,80.11,80.17,309600
SHY,2006-11-21,80.19,80.21,80.14,80.19,394500
SHY,2006-11-22,80.28,80.28,80.18,80.25,281500
SHY,2006-11-24,80.24,80.32,80.22,80.26,271100
SHY,2006-11-27,80.27,80.33,80.19,80.31,370300
SHY,2006-11-28,80.34,80.38,80.3,80.35,405700
SHY,2006-11-29,80.4,80.41,80.34,80.35,357100
SHY,2006-11-30,80.41,80.45,80.38,80.44,855400
SHY,2006-12-01,80.22,80.35,80.16,80.31,241800
SHY,2006-12-04,80.31,80.33,80.27,80.3,276800
SHY,2006-12-05,80.32,80.37,80.22,80.3,3681300
SHY,2006-12-06,80.33,80.33,80.26,80.29,1438800
SHY,2006-12-07,80.3,80.31,80.26,80.27,1203900
SHY,2006-12-08,80.28,80.28,80.16,80.17,471200
SHY,2006-12-11,80.22,80.24,80.17,80.1801,523800
SHY,2006-12-12,80.23,80.3,80.21,80.29,267500
SHY,2006-12-13,80.2,80.23,80.15,80.1805,322000
SHY,2006-12-14,80.19,80.19,80.12,80.14,1122100
SHY,2006-12-15,80.29,80.3,80.15,80.17,889400
SHY,2006-12-18,80.18,80.19,80.141,80.17,1125500
SHY,2006-12-19,80.17,80.21,80.16,80.18,261800
SHY,2006-12-20,80.22,80.24,80.19,80.23,593100
SHY,2006-12-21,80.25,80.34,80.2,80.29,1347900
SHY,2006-12-22,80.25,80.32,80.21,80.28,1097100
SHY,2006-12-26,80.31,80.31,80.23,80.28,1254300
SHY,2006-12-27,80.06,80.06,79.97,79.99,547400
SHY,2006-12-28,80.02,80.03,79.9,79.94,689900
SHY,2006-12-29,79.92,79.97,79.9,79.96,898300
SHY,2007-01-03,80.0,80.09,79.96,80.04,1245700
SHY,2007-01-04,80.07,80.12,80.04,80.12,500200
SHY,2007-01-05,80.02,80.07,79.98,80.04,261300
SHY,2007-01-08,80.06,80.06,80.02,80.02,267000
SHY,2007-01-09,80.05,80.07,80.01,80.05,674500
SHY,2007-01-10,80.08,80.08,80.02,80.03,286300
SHY,2007-01-11,80.0,80.03,79.95,79.97,685200
SHY,2007-01-12,79.95,80.0,79.9,79.92,258200
SHY,2007-01-16,79.98,80.03,79.75,80.0,422500
SHY,2007-01-17,79.98,80.02,79.94,79.97,621300
SHY,2007-01-18,79.97,80.02,79.94,80.0,611400
SHY,2007-01-19,80.01,80.02,79.96,79.99,412500
SHY,2007-01-22,80.01,80.02,79.97,80.02,301300
SHY,2007-01-23,80.01,80.01,79.95,79.98,318600
SHY,2007-01-24,79.98,80.2,79.97,80.02,529300
SHY,2007-01-25,80.0,80.0,79.92,79.96,708800
SHY,2007-01-26,79.95,80.005,79.93,79.97,502500
SHY,2007-01-29,79.99,80.03,79.94,79.98,877600
SHY,2007-01-30,80.0,80.02,79.97,80.0,297900
SHY,2007-01-31,79.99,80.09,79.99,80.09,526800
SHY,2007-02-01,79.88,79.88,79.75,79.78,520400
SHY,2007-02-02,79.81,79.82,79.76,79.81,303900
SHY,2007-02-05,79.82,79.85,79.78,79.79,758800
SHY,2007-02-06,79.83,79.89,79.8,79.88,296300
SHY,2007-02-07,79.9,79.95,79.89,79.92,1107600
SHY,2007-02-08,79.93,79.96,79.9,79.95,217200
SHY,2007-02-09,79.91,79.92,79.86,79.87,437300
SHY,2007-02-12,79.89,79.91,79.85,79.87,534200
SHY,2007-02-13,79.91,79.91,79.86,79.86,689500
SHY,2007-02-14,79.93,80.05,79.93,80.04,596200
SHY,2007-02-15,80.1,80.11,80.06,80.08,435900
SHY,2007-02-16,80.09,80.13,80.05,80.1,344200
SHY,2007-02-20,80.09,80.13,80.08,80.09,258100
SHY,2007-02-21,80.11,80.14,80.09,80.14,223400
SHY,2007-02-22,80.11,80.12,80.05,80.09,250200
SHY,2007-02-23,80.13,80.19,80.11,80.18,380300
SHY,2007-02-26,80.2,80.25,80.19,80.24,462800
SHY,2007-02-27,80.28,80.5,80.24,80.43,1362900
SHY,2007-02-28,80.44,80.47,80.32,80.37,666500
SHY,2007-03-01,80.2,80.28,80.13,80.22,1002300
SHY,2007-03-02,80.25,80.32,80.23,80.3,974400
SHY,2007-03-05,80.37,80.37,80.24,80.33,1420400
SHY,2007-03-06,80.24,80.34,80.2,80.26,512300
SHY,2007-03-07,80.29,80.36,80.25,80.34,387000
SHY,2007-03-08,80.3,80.35,80.26,80.34,365500
SHY,2007-03-09,80.19,80.22,80.15,80.2,555100
SHY,2007-03-12,80.24,80.29,80.22,80.27,361900
SHY,2007-03-13,80.38,80.42,80.3299,80.38,887300
SHY,2007-03-14,80.35,80.47,80.35,80.4,622800
SHY,2007-03-15,80.38,80.39,80.341,80.38,598600
SHY,2007-03-16,80.33,80.38,80.31,80.37,842300
SHY,2007-03-19,80.32,80.32,80.28,80.3,238500
SHY,2007-03-20,80.4,80.4,80.34,80.37,619300
SHY,2007-03-21,80.36,80.51,80.34,80.5,414300
SHY,2007-03-22,80.45,80.49,80.38,80.42,382000
SHY,2007-03-23,80.44,80.48,80.36,80.37,288700
SHY,2007-03-26,80.41,80.48,80.36,80.45,524300
SHY,2007-03-27,80.44,80.48,80.41,80.46,427900
SHY,2007-03-28,80.5,80.6,80.49,80.5,429300
SHY,2007-03-29,80.48,80.48,80.43,80.46,335200
SHY,2007-03-30,80.47,80.57,80.37,80.46,464700
SHY,2007-04-02,80.17,80.19,80.12,80.18,313900
SHY,2007-04-03,80.16,80.2,80.12,80.18,419100
SHY,2007-04-04,80.21,80.25,80.17,80.23,405300
SHY,2007-04-05,80.2,80.23,80.15,80.2,271900
SHY,2007-04-09,80.04,80.06,80.01,80.02,356200
SHY,2007-04-10,80.07,80.14,80.06,80.12,780300
SHY,2007-04-11,80.16,80.1774,80.06,80.12,773900
SHY,2007-04-12,80.1,80.12,80.03,80.11,374300
SHY,2007-04-13,80.11,80.14,80.02,80.07,261100
SHY,2007-04-16,80.1,80.13,80.05,80.06,285500
SHY,2007-04-17,80.17,80.2,80.13,80.19,398000
SHY,2007-04-18,80.24,80.3,80.23,80.3,977800
SHY,2007-04-19,80.3,80.34,80.26,80.3,223200
SHY,2007-04-20,80.26,80.3,80.23,80.28,293200
SHY,2007-04-23,80.29,80.35,80.1,80.34,1900700
SHY,2007-04-24,80.33,80.41,80.32,80.41,264000
SHY,2007-04-25,80.38,80.41,80.36,80.38,847200
SHY,2007-04-26,80.38,80.38,80.28,80.32,1356200
SHY,2007-04-27,80.36,80.37,80.3,80.3499,267400
SHY,2007-04-30,80.36,80.45,80.35,80.41,266000
SHY,2007-05-01,80.19,80.2,80.07,80.09,352500
SHY,2007-05-02,80.1322,80.15,80.08,80.13,240900
SHY,2007-05-03,80.09,80.11,80.04,80.07,301300
SHY,2007-05-04,80.12,80.141,80.09,80.11,272600
SHY,2007-05-07,80.12,80.15,80.1,80.11,917000
SHY,2007-05-08,80.12,80.17,80.11,80.15,311100
SHY,2007-05-09,80.15,80.18,80.08,80.09,547900
SHY,2007-05-10,80.11,80.16,80.1,80.16,458000
SHY,2007-05-11,80.22,80.22,80.09,80.13,1229700
SHY,2007-05-14,80.13,80.15,80.07,80.07,280100
SHY,2007-05-15,80.15,80.16,80.08,80.09,947000
SHY,2007-05-16,80.15,80.19,80.04,80.17,1348000
SHY,2007-05-17,80.14,80.15,80.09,80.12,394500
SHY,2007-05-18,80.1,80.1001,80.03,80.04,859700
SHY,2007-05-21,80.04,80.11,80.04,80.06,852300
SHY,2007-05-22,80.07,80.11,80.04,80.08,1016600
SHY,2007-05-23,80.13,80.13,80.06,80.06,642200
SHY,2007-05-24,80.11,80.12,80.02,80.09,844700
SHY,2007-05-25,80.06,80.15,80.05,80.14,1649800
SHY,2007-05-29,80.1,80.12,80.06,80.06,311100
SHY,2007-05-30,80.11,80.14,80.07,80.12,466300
SHY,2007-05-31,80.13,80.13,80.044,80.07,948300
SHY,2007-06-01,79.77,79.85,79.72,79.74,1827100
SHY,2007-06-04,79.76,79.78,79.72,79.77,242300
SHY,2007-06-05,79.74,79.77,79.69,79.7,294400
SHY,2007-06-06,79.75,79.82,79.73,79.8,779300
SHY,2007-06-07,79.74,79.78,79.65,79.71,1047900
SHY,2007-06-08,79.7,79.74,79.68,79.74,1129500
SHY,2007-06-11,79.72,79.77,79.71,79.75,358400
SHY,2007-06-12,79.69,79.74,79.64,79.68,855700
SHY,2007-06-13,79.68,79.73,79.64,79.7,592200
SHY,2007-06-14,79.69,79.72,79.66,79.7,341300
SHY,2007-06-15,79.74,79.81,79.7,79.81,343400
SHY,2007-06-18,79.78,79.8174,79.74,79.81,461500
SHY,2007-06-19,79.89,79.97,79.84,79.95,1196700
SHY,2007-06-20,79.91,79.9299,79.82,79.9,1038700
SHY,2007-06-21,79.94,79.95,79.88,79.9,178800
SHY,2007-06-22,79.87,80.01,79.87,80.01,353100
SHY,2007-06-25,80.06,80.08,79.98,80.08,380200
SHY,2007-06-26,80.06,80.06,80.0,80.03,462100
SHY,2007-06-27,80.13,80.13,80.02,80.02,450500
SHY,2007-06-28,80.04,80.08,79.98,80.0,360800
SHY,2007-06-29,80.09,80.17,80.03,80.16,1063700
SHY,2007-07-02,79.87,79.93,79.85,79.91,4806500
SHY,2007-07-03,79.92,79.94,79.83,79.88,296400
SHY,2007-07-05,79.8,79.83,79.74,79.77,820300
SHY,2007-07-06,79.76,79.78,79.69,79.76,991700
SHY,2007-07-09,79.74,79.82,79.74,79.82,652600
SHY,2007-07-10,79.9,79.97,79.84,79.97,673700
SHY,2007-07-11,79.99,79.99,79.9,79.93,315300
SHY,2007-07-12,79.99,79.99,79.83,79.88,550100
SHY,2007-07-13,79.93,79.93,79.85,79.92,1058600
SHY,2007-07-16,79.92,80.0,79.9099,80.0,295500
SHY,2007-07-17,79.95,80.01,79.93,79.95,2105200
SHY,2007-07-18,80.01,80.1,79.99,80.07,611200
SHY,2007-07-19,80.01,80.07,80.0,80.06,2355100
SHY,2007-07-20,80.12,80.21,80.11,80.19,522700
SHY,2007-07-23,80.16,80.19,80.12,80.13,294600
SHY,2007-07-24,80.19,80.23,80.17,80.21,363100
SHY,2007-07-25,80.23,80.2926,80.21,80.27,316100
SHY,2007-07-26,80.39,80.52,80.38,80.46,1740500
SHY,2007-07-27,80.5,80.57,80.44,80.55,1063600
SHY,2007-07-30,80.56,80.61,80.45,80.45,778700
SHY,2007-07-31,80.46,80.58,80.41,80.58,449900
SHY,2007-08-01,80.26,80.32,80.17,80.2,865700
SHY,2007-08-02,80.2,80.25,80.16,80.24,386200
SHY,2007-08-03,80.3,80.45,80.29,80.44,678200
SHY,2007-08-06,80.42,80.49,80.32,80.34,2911800
SHY,2007-08-07,80.32,80.46,80.21,80.27,818900
SHY,2007-08-08,80.21,80.24,80.12,80.21,533600
SHY,2007-08-09,80.38,80.44,80.32,80.44,1314300
SHY,2007-08-10,80.5,80.52,80.38,80.41,1899400
SHY,2007-08-13,80.39,80.5,80.36,80.48,603400
SHY,2007-08-14,80.4,80.59,80.4,80.59,1720300
SHY,2007-08-15,80.67,80.77,80.6,80.7,1299000
SHY,2007-08-16,80.84,81.15,80.8,80.86,2481100
SHY,2007-08-17,80.86,80.97,80.81,80.93,936000
SHY,2007-08-20,80.93,81.1,80.92,81.03,1029600
SHY,2007-08-21,81.22,81.23,81.01,81.14,876500
SHY,2007-08-22,80.97,81.06,80.945,81.03,774100
SHY,2007-08-23,80.93,81.08,80.89,80.98,842000
SHY,2007-08-24,80.95,80.97,80.79,80.83,700700
SHY,2007-08-27,80.89,80.96,80.822,80.94,480400
SHY,2007-08-28,80.98,81.15,80.97,81.15,602800
SHY,2007-08-29,81.12,81.2,81.05,81.05,443600
SHY,2007-08-30,81.13,81.19,81.08,81.12,389600
SHY,2007-08-31,81.0,81.25,80.9,81.25,2442400
SHY,2007-09-04,80.99,80.99,80.28,80.81,603600
SHY,2007-09-05,80.96,81.05,80.9,81.02,358700
SHY,2007-09-06,81.0,81.01,80.79,80.92,339600
SHY,2007-09-07,81.1,81.22,81.1,81.22,470900
SHY,2007-09-10,81.22,81.32,81.1,81.1,691300
SHY,2007-09-11,81.18,81.22,81.11,81.11,537700
SHY,2007-09-12,81.15,81.31,81.112,81.18,410100
SHY,2007-09-13,81.11,81.15,80.99,81.06,532100
SHY,2007-09-14,81.16,81.21,80.81,81.21,451100
SHY,2007-09-17,80.96,81.15,80.96,81.04,347900
SHY,2007-09-18,80.95,81.2,79.87,81.15,743300
SHY,2007-09-19,81.14,81.28,81.07,81.28,1602400
SHY,2007-09-20,81.11,81.16,80.97,80.98,2156700
SHY,2007-09-21,81.02,81.18,81.0,81.09,418300
SHY,2007-09-24,81.12,81.19,81.06,81.18,289400
SHY,2007-09-25,81.23,81.31,81.13,81.25,611400
SHY,2007-09-26,81.24,81.32,81.17,81.2,528000
SHY,2007-09-27,81.23,81.44,81.23,81.35,878800
SHY,2007-09-28,81.33,81.42,81.26,81.26,701000
SHY,2007-10-01,81.02,81.07,80.95,81.04,5263100
SHY,2007-10-02,80.92,81.05,80.92,81.03,1337200
SHY,2007-10-03,81.11,81.13,80.98,81.02,1713300
SHY,2007-10-04,81.03,81.07,81.0,81.06,219200
SHY,2007-10-05,80.94,81.05,80.89,80.97,2065600
SHY,2007-10-08,81.06,81.08,80.9,81.05,268400
SHY,2007-10-09,80.9,80.96,80.85,80.87,1313900
SHY,2007-10-10,80.84,80.92,80.79,80.89,477100
SHY,2007-10-11,80.77,80.92,80.77,80.91,1196000
SHY,2007-10-12,80.83,80.89,80.78,80.82,1798400
SHY,2007-10-15,80.75,80.85,80.72,80.82,2014700
SHY,2007-10-16,80.87,81.1,80.87,80.92,561900
SHY,2007-10-17,80.97,81.18,80.97,81.11,1432000
SHY,2007-10-18,81.25,81.28,81.17,81.22,385600
SHY,2007-10-19,81.3,81.52,81.2705,81.43,900600
SHY,2007-10-22,81.35,81.48,81.2,81.36,607400
SHY,2007-10-23,81.34,81.4,81.3,81.37,380100
SHY,2007-10-24,81.42,81.59,81.42,81.53,457500
SHY,2007-10-25,81.56,81.59,81.48,81.48,566300
SHY,2007-10-26,81.43,81.57,81.43,81.49,1568500
SHY,2007-10-29,81.5,81.53,81.44,81.49,592000
SHY,2007-10-30,81.46,81.5,81.44,81.48,293000
SHY,2007-10-31,81.46,81.49,81.31,81.35,554900
SHY,2007-11-01,81.14,81.32,81.09,81.31,1776000
SHY,2007-11-02,81.23,81.69,81.23,81.41,418900
SHY,2007-11-05,81.49,81.5,81.35,81.3999,520700
SHY,2007-11-06,81.37,81.47,81.35,81.35,996400
SHY,2007-11-07,81.49,81.6,81.44,81.58,484400
SHY,2007-11-08,81.64,81.81,81.5801,81.71,1829600
SHY,2007-11-09,81.83,82.06,81.69,81.74,1566300
SHY,2007-11-12,81.9,81.97,81.76,81.93,699100
SHY,2007-11-13,81.82,81.84,81.6,81.68,1081200
SHY,2007-11-14,81.65,81.75,81.62,81.72,570400
SHY,2007-11-15,81.89,82.0,81.84,81.99,630200
SHY,2007-11-16,81.99,82.06,81.93,81.99,434500
SHY,2007-11-19,82.02,82.299,81.65,82.26,973800
SHY,2007-11-20,82.19,82.34,82.15,82.23,620000
SHY,2007-11-21,82.39,82.55,82.39,82.49,1685000
SHY,2007-11-23,82.35,82.5,82.35,82.4,275600
SHY,2007-11-26,83.15,83.15,82.25,82.63,983500
SHY,2007-11-27,82.98,82.98,82.33,82.38,793900
SHY,2007-11-28,82.38,82.38,82.23,82.31,740300
SHY,2007-11-29,82.43,82.6,82.38,82.46,509000
SHY,2007-11-30,82.36,82.53,82.3101,82.5,640200
SHY,2007-12-03,81.96,82.42,81.96,82.4099,486000
SHY,2007-12-04,82.53,82.53,82.32,82.4,1015400
SHY,2007-12-05,82.3,82.47,82.3,82.43,615100
SHY,2007-12-06,82.34,82.37,82.22,82.26,1601200
SHY,2007-12-07,82.26,82.26,82.08,82.17,888000
SHY,2007-12-10,82.15,82.21,82.07,82.11,499000
SHY,2007-12-11,82.15,82.416,82.06,82.41,1751200
SHY,2007-12-12,82.01,82.29,82.0,82.2,452900
SHY,2007-12-13,82.07,82.23,82.05,82.08,493100
SHY,2007-12-14,82.0,82.04,81.88,81.88,539300
SHY,2007-12-17,82.0,82.12,81.96,82.12,662700
SHY,2007-12-18,82.06,82.18,82.02,82.07,697000
SHY,2007-12-19,82.18,82.33,82.06,82.28,718100
SHY,2007-12-20,82.3,82.4,82.2,82.34,1304600
SHY,2007-12-21,82.3,82.32,82.14,82.21,2023700
SHY,2007-12-24,82.1001,82.16,82.04,82.14,314800
SHY,2007-12-26,82.1,82.18,82.0,82.06,472700
SHY,2007-12-27,81.94,82.02,81.85,81.96,688500
SHY,2007-12-28,81.98,82.08,81.95,82.06,584100
SHY,2007-12-31,82.11,82.19,82.095,82.19,1120400
SHY,2008-01-02,82.2,82.44,82.16,82.3401,1471100
SHY,2008-01-03,82.43,82.5,82.32,82.47,408400
SHY,2008-01-04,82.62,82.67,82.55,82.59,884700
SHY,2008-01-07,82.54,82.61,82.5,82.54,917400
SHY,2008-01-08,82.53,82.66,82.4695,82.66,1154500
SHY,2008-01-09,82.66,82.73,82.61,82.62,2590700
SHY,2008-01-10,82.65,82.74,82.5899,82.62,997700
SHY,2008-01-11,82.69,82.87,82.66,82.85,490100
SHY,2008-01-14,82.85,82.88,82.79,82.88,1272300
SHY,2008-01-15,82.9,82.95,82.84,82.95,1448400
SHY,2008-01-16,82.96,83.05,82.9,83.017,965700
SHY,2008-01-17,82.98,83.18,82.94,83.16,1032200
SHY,2008-01-18,83.138,83.29,83.0994,83.23,939100
SHY,2008-01-22,83.57,84.48,83.432,83.58,2395400
SHY,2008-01-23,83.97,83.98,83.52,83.54,1906100
SHY,2008-01-24,83.51,83.54,83.28,83.28,1047100
SHY,2008-01-25,83.17,83.5299,83.15,83.5,1281300
SHY,2008-01-28,83.47,83.53,83.4001,83.46,758600
SHY,2008-01-29,83.35,83.42,83.3,83.41,872000
SHY,2008-01-30,83.41,83.47,83.25,83.47,3025000
SHY,2008-01-31,83.63,83.658,83.48,83.55,905800
SHY,2008-02-01,83.47,83.5,83.37,83.42,1754600
SHY,2008-02-04,83.35,83.92,83.35,83.43,787300
SHY,2008-02-05,83.63,83.65,83.53,83.62,1949700
SHY,2008-02-06,83.63,83.68,83.55,83.65,898700
SHY,2008-02-07,83.7101,83.72,83.47,83.54,2791400
SHY,2008-02-08,83.65,83.7,83.57,83.69,2447100
SHY,2008-02-11,83.69,83.78,83.67,83.72,669400
SHY,2008-02-12,83.63,83.76,83.58,83.75,936700
SHY,2008-02-13,83.76,83.86,83.73,83.78,632300
SHY,2008-02-14,83.74,83.8,83.69,83.72,1471200
SHY,2008-02-15,83.76,83.84,83.56,83.63,1830200
SHY,2008-02-19,83.64,83.7,83.52,83.57,1031900
SHY,2008-02-20,83.59,83.64,83.42,83.47,822500
SHY,2008-02-21,83.4,83.71,83.35,83.7,588900
SHY,2008-02-22,83.61,83.74,83.58,83.61,1470900
SHY,2008-02-25,83.6,83.65,83.44,83.48,689400
SHY,2008-02-26,83.5,83.6201,83.48,83.6,657700
SHY,2008-02-27,83.78,83.78,83.6,83.7,1626500
SHY,2008-02-28,83.86,83.9,83.8,83.9,823700
SHY,2008-02-29,84.08,84.21,83.97,84.1901,901700
SHY,2008-03-03,83.97,84.0792,83.9,84.03,1341900
SHY,2008-03-04,84.04,84.24,83.98,84.01,662900
SHY,2008-03-05,84.05,84.1,83.89,83.96,607700
SHY,2008-03-06,84.15,84.21,84.06,84.21,1482800
SHY,2008-03-07,84.28,84.33,84.01,84.17,1557200
SHY,2008-03-10,84.16,84.31,84.09,84.26,701400
SHY,2008-03-11,83.99,84.0,83.84,83.84,638300
SHY,2008-03-12,83.92,84.1299,83.9,84.11,459200
SHY,2008-03-13,84.22,84.29,84.01,84.07,915400
SHY,2008-03-14,84.02,84.45,84.02,84.32,1031000
SHY,2008-03-17,84.54,84.61,84.41,84.51,851000
SHY,2008-03-18,84.43,84.5,84.17,84.21,735400
SHY,2008-03-19,84.18,84.38,84.07,84.3,696300
SHY,2008-03-20,84.28,84.44,84.1,84.2,1289400
SHY,2008-03-24,84.02,84.02,83.82,83.85,849600
SHY,2008-03-25,83.96,84.03,83.91,83.91,1870900
SHY,2008-03-26,84.043,84.16,83.95,84.09,474100
SHY,2008-03-27,84.11,84.19,84.0791,84.18,437800
SHY,2008-03-28,84.15,84.22,84.03,84.22,370800
SHY,2008-03-31,84.22,84.27,84.1804,84.2352,474400
SHY,2008-04-01,83.91,83.97,83.76,83.76,2527500
SHY,2008-04-02,83.72,83.8,83.58,83.69,818600
SHY,2008-04-03,83.75,83.78,83.61,83.63,688400
SHY,2008-04-04,83.7,83.79,83.68,83.78,1027900
SHY,2008-04-07,83.65,83.68,83.5,83.62,574700
SHY,2008-04-08,83.66,83.7395,83.63,83.67,986000
SHY,2008-04-09,83.81,83.93,83.78,83.83,610500
SHY,2008-04-10,83.92,83.94,83.76,83.8,433900
SHY,2008-04-11,83.86,83.94,83.85,83.94,1193300
SHY,2008-04-14,83.92,83.95,83.868,83.89,551000
SHY,2008-04-15,83.83,83.87,83.74,83.78,483800
SHY,2008-04-16,83.74,83.8,83.57,83.598,1370900
SHY,2008-04-17,83.54,83.62,83.351,83.45,792700
SHY,2008-04-18,83.27,83.4,83.19,83.4,1436200
SHY,2008-04-21,83.34,83.41,83.29,83.321,753400
SHY,2008-04-22,83.28,83.37,83.28,83.35,494100
SHY,2008-04-23,83.27,83.39,83.27,83.35,505600
SHY,2008-04-24,83.2,83.26,83.072,83.12,975700
SHY,2008-04-25,83.06,83.19,83.06,83.13,1386000
SHY,2008-04-28,83.04,83.23,83.04,83.22,593600
SHY,2008-04-29,83.26,83.31,83.19,83.202,695300
SHY,2008-04-30,83.23,83.36,83.09,83.36,870600
SHY,2008-05-01,83.28,83.28,83.01,83.05,1129900
SHY,2008-05-02,82.91,83.49,82.85,82.94,878100
SHY,2008-05-05,83.04,83.06,82.936,83.03,723600
SHY,2008-05-06,83.11,83.18,82.99,83.08,893400
SHY,2008-05-07,83.02,83.18,83.02,83.18,861500
SHY,2008-05-08,83.25,83.31,83.14,83.25,1319900
SHY,2008-05-09,83.35,83.35,83.24,83.28,848600
SHY,2008-05-12,83.21,83.3,83.1201,83.1201,569800
SHY,2008-05-13,82.94,83.08,82.9118,82.98,557100
SHY,2008-05-14,83.02,83.02,82.81,82.92,574000
SHY,2008-05-15,82.89,83.04,82.89,82.99,657100
SHY,2008-05-16,82.89,83.089,82.89,83.01,417200
SHY,2008-05-19,83.07,83.11,82.9701,83.1,371100
SHY,2008-05-20,83.1,83.23,83.1,83.22,462600
SHY,2008-05-21,83.24,83.24,83.099,83.13,900100
SHY,2008-05-22,82.99,83.0,82.86,82.9,433700
SHY,2008-05-23,82.96,83.14,82.96,83.06,555000
SHY,2008-05-27,83.07,83.07,82.92,82.97,501600
SHY,2008-05-28,82.91,82.93,82.81,82.8199,413700
SHY,2008-05-29,82.74,82.82,82.54,82.79,439600
SHY,2008-05-30,82.88,82.95,82.8601,82.91,1970100
SHY,2008-06-02,82.7,82.9,82.685,82.85,369300
SHY,2008-06-03,82.75,83.0,82.7,82.97,445000
SHY,2008-06-04,83.0,83.02,82.892,82.94,607100
SHY,2008-06-05,82.88,82.92,82.8,82.83,679300
SHY,2008-06-06,83.0,83.07,82.89,82.94,345400
SHY,2008-06-09,82.79,82.8,82.51,82.52,566100
SHY,2008-06-10,82.4,82.46,82.28,82.33,1293900
SHY,2008-06-11,82.4,82.53,82.33,82.47,641300
SHY,2008-06-12,82.28,82.34,82.07,82.07,1064700
SHY,2008-06-13,82.21,82.34,82.14,82.161,834300
SHY,2008-06-16,82.2,82.26,82.17,82.21,318500
SHY,2008-06-17,82.29,82.38,82.25,82.37,388300
SHY,2008-06-18,82.37,82.48,82.37,82.45,1229800
SHY,2008-06-19,82.44,82.44,82.28,82.292,549000
SHY,2008-06-20,82.48,82.51,82.39,82.44,362800
SHY,2008-06-23,82.36,82.44,82.3101,82.3499,924300
SHY,2008-06-24,82.4,82.53,82.38,82.5,650600
SHY,2008-06-25,82.53,82.6,82.345,82.56,838000
SHY,2008-06-26,82.6,82.82,82.59,82.8,1378900
SHY,2008-06-27,82.73,82.87,82.7,82.84,812900
SHY,2008-06-30,82.8,82.89,82.75,82.89,953300
SHY,2008-07-01,82.85,82.85,82.64,82.65,1032300
SHY,2008-07-02,82.6,82.75,82.6,82.66,903200
SHY,2008-07-03,82.75,82.83,82.66,82.8,328900
SHY,2008-07-07,82.82,83.01,82.73,82.849,1115100
SHY,2008-07-08,82.88,83.0,82.81,82.86,507000
SHY,2008-07-09,82.85,83.0,82.81,83.0,459000
SHY,2008-07-10,83.0,83.0,82.89,82.9,736100
SHY,2008-07-11,82.95,82.96,82.68,82.73,532200
SHY,2008-07-14,82.76,82.93,82.68,82.92,681300
SHY,2008-07-15,83.0,83.19,82.96,83.04,715700
SHY,2008-07-16,83.02,83.07,82.95,82.96,618700
SHY,2008-07-17,82.92,82.97,82.7826,82.84,937600
SHY,2008-07-18,82.87,82.91,82.63,82.69,1190400
SHY,2008-07-21,82.67,82.73,82.59,82.73,811900
SHY,2008-07-22,82.72,82.72,82.57,82.66,1046200
SHY,2008-07-23,82.55,82.64,82.49,82.6199,867600
SHY,2008-07-24,82.63,82.86,82.63,82.85,520000
SHY,2008-07-25,82.82,82.849,82.7,82.74,874800
SHY,2008-07-28,82.84,82.92,82.82,82.91,513100
SHY,2008-07-29,82.87,82.87,82.76,82.84,487900
SHY,2008-07-30,82.77,82.92,82.76,82.862,516000
SHY,2008-07-31,82.96,83.04,82.95,83.03,629900
SHY,2008-08-01,82.78,82.79,82.71,82.78,657400
SHY,2008-08-04,82.76,82.82,82.731,82.77,935500
SHY,2008-08-05,82.75,82.76,82.68,82.73,567900
SHY,2008-08-06,82.76,82.77,82.65,82.74,534700
SHY,2008-08-07,82.81,82.94,82.81,82.92,445700
SHY,2008-08-08,82.94,83.0,82.79,82.848,530000
SHY,2008-08-11,82.84,82.84,82.57,82.74,711000
SHY,2008-08-12,82.87,82.91,82.84,82.89,587800
SHY,2008-08-13,82.97,82.98,82.84,82.88,1158100
SHY,2008-08-14,82.93,82.95,82.861,82.91,1061400
SHY,2008-08-15,83.02,83.05,82.93,82.97,1816300
SHY,2008-08-18,82.99,83.07,82.96,83.04,537000
SHY,2008-08-19,83.14,83.1499,83.05,83.1,683800
SHY,2008-08-20,83.09,83.22,83.09,83.21,717200
SHY,2008-08-21,83.19,83.19,83.09,83.14,540600
SHY,2008-08-22,83.05,83.05,82.95,82.9901,509600
SHY,2008-08-25,83.09,83.14,83.07,83.13,511800
SHY,2008-08-26,83.09,83.1,83.03,83.1,600200
SHY,2008-08-27,83.06,83.15,83.02,83.15,664000
SHY,2008-08-28,83.11,83.12,83.04,83.11,510300
SHY,2008-08-29,83.07,83.15,83.03,83.15,597400
SHY,2008-09-02,82.84,83.02,82.78,83.02,645200
SHY,2008-09-03,83.04,83.1,83.01,83.05,947200
SHY,2008-09-04,83.06,83.17,83.05,83.1,861400
SHY,2008-09-05,83.2,83.23,83.041,83.07,1047500
SHY,2008-09-08,82.89,83.04,82.82,83.03,505100
SHY,2008-09-09,82.99,83.21,82.88,83.16,642200
SHY,2008-09-10,83.11,83.2,83.04,83.18,536600
SHY,2008-09-11,83.27,83.29,83.14,83.15,825500
SHY,2008-09-12,83.18,83.24,83.05,83.158,1061400
SHY,2008-09-15,83.7,83.79,83.49,83.75,1710200
SHY,2008-09-16,84.03,84.06,83.58,83.6,1671800
SHY,2008-09-17,83.93,84.02,83.42,84.0,5535100
SHY,2008-09-18,83.87,84.29,83.65,83.73,13824800
SHY,2008-09-19,83.06,83.36,83.02,83.26,3398300
SHY,2008-09-22,83.06,83.33,83.01,83.32,1542400
SHY,2008-09-23,83.42,83.42,83.22,83.38,1226200
SHY,2008-09-24,83.4,83.58,83.31,83.56,831100
SHY,2008-09-25,83.55,83.5599,83.27,83.41,1089800
SHY,2008-09-26,83.6,83.62,83.4,83.41,1268200
SHY,2008-09-29,83.68,84.16,83.58,83.89,2506000
SHY,2008-09-30,83.97,84.02,83.56,83.56,1460200
SHY,2008-10-01,83.55,83.63,83.32,83.54,4156600
SHY,2008-10-02,83.71,83.87,83.59,83.72,2180500
SHY,2008-10-03,83.82,83.95,83.5,83.95,1009900
SHY,2008-10-06,84.05,84.27,83.98,84.12,2985200
SHY,2008-10-07,83.97,84.17,83.86,84.137,5766800
SHY,2008-10-08,84.33,84.34,83.61,83.776,7752100
SHY,2008-10-09,83.72,83.8497,83.59,83.83,6909600
SHY,2008-10-10,84.0,84.12,83.49,83.96,4586600
SHY,2008-10-13,83.83,83.83,82.73,83.59,1399300
SHY,2008-10-14,83.55,83.73,83.35,83.61,3418700
SHY,2008-10-15,83.61,84.03,83.61,83.886,1202300
SHY,2008-10-16,83.79,84.15,83.78,83.84,1174500
SHY,2008-10-17,83.95,84.02,83.75,83.9,942100
SHY,2008-10-20,83.98,84.07,83.78,83.8399,1514800
SHY,2008-10-21,84.09,84.11,83.84,84.01,711100
SHY,2008-10-22,84.03,84.16,83.89,84.13,1161600
SHY,2008-10-23,84.08,84.31,83.93,84.0798,901100
SHY,2008-10-24,84.35,84.37,84.04,84.15,1208800
SHY,2008-10-27,84.02,84.1282,83.88,83.94,1122100
SHY,2008-10-28,83.96,84.08,83.88,84.0395,1028700
SHY,2008-10-29,84.12,84.22,84.0,84.09,1302400
SHY,2008-10-30,84.11,84.2,84.01,84.16,821500
SHY,2008-10-31,84.13,84.2,84.02,84.2,1271700
SHY,2008-11-03,83.94,84.03,83.8,84.0268,901900
SHY,2008-11-04,84.0,84.12,83.84,84.0,1290100
SHY,2008-11-05,83.99,84.15,83.95,84.15,1421400
SHY,2008-11-06,84.02,84.19,83.97,84.18,2190300
SHY,2008-11-07,84.08,84.15,84.01,84.03,661000
SHY,2008-11-10,84.08,84.29,84.01,84.29,703900
SHY,2008-11-11,84.15,84.37,84.15,84.35,493200
SHY,2008-11-12,84.34,84.48,84.31,84.4784,972600
SHY,2008-11-13,84.45,84.47,84.25,84.27,1089400
SHY,2008-11-14,84.29,84.41,84.25,84.25,858300
SHY,2008-11-17,84.25,84.41,84.25,84.4,613000
SHY,2008-11-18,84.31,84.5,84.3,84.49,649600
SHY,2008-11-19,84.47,84.61,84.43,84.61,740000
SHY,2008-11-20,84.75,84.8,84.57,84.77,2529500
SHY,2008-11-21,84.63,84.7,84.46,84.63,1693400
SHY,2008-11-24,84.46,84.53,84.34,84.42,957100
SHY,2008-11-25,84.53,84.66,84.41,84.49,810300
SHY,2008-11-26,84.5,84.76,84.5,84.75,671900
SHY,2008-11-28,84.64,84.8,84.54,84.8,234700
SHY,2008-12-01,84.63,84.72,84.52,84.66,869100
SHY,2008-12-02,84.63,84.71,84.55,84.6496,725000
SHY,2008-12-03,84.57,84.78,84.57,84.72,956300
SHY,2008-12-04,84.73,84.85,84.648,84.74,1181300
SHY,2008-12-05,84.77,84.8,84.51,84.64,877800
SHY,2008-12-08,84.62,84.66,84.48,84.52,1051300
SHY,2008-12-09,84.64,84.78,84.45,84.78,980400
SHY,2008-12-10,84.69,84.77,84.55,84.67,938100
SHY,2008-12-11,84.75,84.87,84.65,84.87,919400
SHY,2008-12-12,84.78,84.95,84.65,84.9124,538500
SHY,2008-12-15,84.85,84.98,84.7501,84.97,1399200
SHY,2008-12-16,84.81,85.14,84.74,85.01,734500
SHY,2008-12-17,84.99,85.17,84.83,84.83,1398100
SHY,2008-12-18,85.01,85.03,84.86,84.87,1120900
SHY,2008-12-19,84.8626,84.89,84.75,84.79,848900
SHY,2008-12-22,84.79,84.82,84.62,84.63,812700
SHY,2008-12-23,84.65,84.75,84.62,84.65,698300
SHY,2008-12-24,84.69,84.79,84.66,84.67,271600
SHY,2008-12-26,84.66,84.8,84.65,84.77,444400
SHY,2008-12-29,84.57,84.68,84.45,84.62,715900
SHY,2008-12-30,84.6,84.7,84.53,84.7,531900
SHY,2008-12-31,84.67,84.69,84.46,84.658,587400
SHY,2009-01-02,84.68,84.68,84.21,84.21,1138500
SHY,2009-01-05,84.35,84.46,84.31,84.38,5046300
SHY,2009-01-06,84.32,84.46,84.27,84.4201,1459700
SHY,2009-01-07,84.45,84.45,84.3,84.36,2015400
SHY,2009-01-08,84.33,84.49,84.33,84.38,805800
SHY,2009-01-09,84.39,84.53,84.38,84.44,847200
SHY,2009-01-12,84.44,84.59,84.42,84.46,1228000
SHY,2009-01-13,84.47,84.54,84.4,84.47,583400
SHY,2009-01-14,84.52,84.65,84.52,84.57,1117800
SHY,2009-01-15,84.56,84.59,84.4101,84.48,4473500
SHY,2009-01-16,84.42,84.56,84.4,84.52,660600
SHY,2009-01-20,84.5,84.58,84.38,84.56,2102800
SHY,2009-01-21,84.48,84.55,84.41,84.43,992100
SHY,2009-01-22,84.47,84.55,84.42,84.47,568900
SHY,2009-01-23,84.43,84.48,84.28,84.45,1840900
SHY,2009-01-26,84.43,84.43,84.28,84.34,910100
SHY,2009-01-27,84.3,84.44,84.3,84.43,1186800
SHY,2009-01-28,84.39,84.46,84.33,84.4,1637100
SHY,2009-01-29,84.27,84.326,84.22,84.24,1642800
SHY,2009-01-30,84.28,84.38,84.23,84.29,1134300
SHY,2009-02-02,84.14,84.24,84.12,84.23,775500
SHY,2009-02-03,84.21,84.24,84.08,84.14,872000
SHY,2009-02-04,84.12,84.14,83.97,84.0,1806100
SHY,2009-02-05,84.04,84.09,83.97,84.02,1131500
SHY,2009-02-06,84.12,84.12,83.97,83.97,970500
SHY,2009-02-09,83.98,84.05,83.92,83.94,823200
SHY,2009-02-10,84.0,84.18,83.96,84.13,1168400
SHY,2009-02-11,84.16,84.23,84.1,84.11,880200
SHY,2009-02-12,84.17,84.26,84.17,84.21,879800
SHY,2009-02-13,84.15,84.17,84.04,84.05,658100
SHY,2009-02-17,84.15,84.28,84.15,84.27,901700
SHY,2009-02-18,84.17,84.24,84.07,84.13,622500
SHY,2009-02-19,84.07,84.15,84.02,84.1,646200
SHY,2009-02-20,84.13,84.26,84.12,84.17,888400
SHY,2009-02-23,84.08,84.17,84.01,84.16,2477700
SHY,2009-02-24,84.11,84.19,84.07,84.1,863900
SHY,2009-02-25,84.1,84.14,83.94,83.94,919000
SHY,2009-02-26,83.96,83.99,83.91,83.98,863300
SHY,2009-02-27,84.01,84.09,83.95,84.03,793500
SHY,2009-03-02,84.01,84.11,83.97,84.09,1559300
SHY,2009-03-03,84.17,84.17,83.97,84.02,1011700
SHY,2009-03-04,83.92,83.94,83.83,83.93,2098600
SHY,2009-03-05,83.94,84.06,83.91,84.03,1025300
SHY,2009-03-06,83.9,84.06,83.88,83.9684,1402800
SHY,2009-03-09,83.98,83.99,83.8,83.89,896100
SHY,2009-03-10,83.87,83.87,83.5,83.84,2253200
SHY,2009-03-11,83.83,83.89,83.77,83.88,1011700
SHY,2009-03-12,83.85,83.94,83.83,83.91,902300
SHY,2009-03-13,83.85,83.99,83.842,83.98,1320000
SHY,2009-03-16,83.85,83.92,83.85,83.87,730400
SHY,2009-03-17,83.9,83.93,83.8,83.85,1135200
SHY,2009-03-18,83.87,84.2,83.86,84.17,2771700
SHY,2009-03-19,84.14,84.1721,84.06,84.07,2064700
SHY,2009-03-20,84.14,84.21,84.07,84.17,1939900
SHY,2009-03-23,84.08,84.15,84.04,84.1,1068700
SHY,2009-03-24,84.11,84.12,83.98,83.99,2632300
SHY,2009-03-25,84.04,84.06,83.96,83.97,1233200
SHY,2009-03-26,84.06,84.17,84.01,84.08,1249300
SHY,2009-03-27,84.1,84.17,84.1,84.12,704600
SHY,2009-03-30,84.19,84.25,84.161,84.2,787000
SHY,2009-03-31,84.2,84.33,84.2,84.32,2398100
SHY,2009-04-01,84.14,84.2,84.11,84.16,968800
SHY,2009-04-02,84.07,84.12,83.97,84.02,996700
SHY,2009-04-03,83.97,83.98,83.81,83.83,1979300
SHY,2009-04-06,83.8,83.91,83.8,83.89,1236400
SHY,2009-04-07,83.93,83.97,83.8952,83.92,592100
SHY,2009-04-08,83.95,84.01,83.87,83.92,1021000
SHY,2009-04-09,83.89,83.92,83.82,83.82,1768800
SHY,2009-04-13,83.87,84.06,83.87,83.98,664800
SHY,2009-04-14,84.0,84.1,83.99,84.05,1485700
SHY,2009-04-15,84.04,84.11,84.0,84.09,726200
SHY,2009-04-16,84.01,84.09,83.97,83.97,1374700
SHY,2009-04-17,83.94,84.09,83.84,83.88,826800
SHY,2009-04-20,83.93,84.04,83.93,83.96,618200
SHY,2009-04-21,84.04,84.07,83.97,83.97,284600
SHY,2009-04-22,84.01,84.01,83.89,83.97,884900
SHY,2009-04-23,83.96,83.97,83.89,83.91,1306900
SHY,2009-04-24,83.92,83.96,83.87,83.91,1050300
SHY,2009-04-27,84.03,84.05,83.93,84.01,848600
SHY,2009-04-28,84.05,84.07,83.92,83.93,869300
SHY,2009-04-29,83.97,84.01,83.9,83.97,867700
SHY,2009-04-30,83.95,84.04,83.91,84.04,690100
SHY,2009-05-01,83.77,83.83,83.76,83.81,695400
SHY,2009-05-04,83.85,83.85,83.75,83.79,959800
SHY,2009-05-05,83.74,83.8,83.71,83.77,1067400
SHY,2009-05-06,83.8,83.85,83.75,83.82,660200
SHY,2009-05-07,83.72,83.78,83.67,83.7,1587600
SHY,2009-05-08,83.72,83.78,83.71,83.76,946000
SHY,2009-05-11,83.79,83.91,83.79,83.9,528500
SHY,2009-05-12,83.87,83.92,83.87,83.89,1212900
SHY,2009-05-13,83.92,84.0,83.91,83.93,827700
SHY,2009-05-14,83.91,83.99,83.91,83.96,1673100
SHY,2009-05-15,83.95,84.01,83.93,83.95,1158000
SHY,2009-05-18,83.95,83.97,83.87,83.87,1131700
SHY,2009-05-19,83.9,83.95,83.84,83.92,1081800
SHY,2009-05-20,84.0,84.03,83.92,84.03,1122100
SHY,2009-05-21,84.03,84.0397,83.92,83.922,1612700
SHY,2009-05-22,83.9,83.95,83.87,83.94,654900
SHY,2009-05-26,83.94,83.97,83.82,83.83,840600
SHY,2009-05-27,83.83,83.93,83.8,83.81,553300
SHY,2009-05-28,83.83,83.9,83.8,83.8,728200
SHY,2009-05-29,83.84,83.97,83.83,83.92,852800
SHY,2009-06-01,83.7,83.82,83.66,83.72,1745800
SHY,2009-06-02,83.75,83.8,83.69,83.69,2210000
SHY,2009-06-03,83.79,83.85,83.74,83.8396,1227700
SHY,2009-06-04,83.74,83.84,83.74,83.76,1196400
SHY,2009-06-05,83.4,83.53,83.18,83.21,1198700
SHY,2009-06-08,83.16,83.21,82.99,82.99,1100900
SHY,2009-06-09,83.15,83.24,83.15,83.1788,996100
SHY,2009-06-10,83.21,83.26,83.06,83.17,759400
SHY,2009-06-11,83.12,83.23,83.11,83.1801,763000
SHY,2009-06-12,83.18,83.3103,83.17,83.2699,607800
SHY,2009-06-15,83.33,83.38,83.3,83.33,959400
SHY,2009-06-16,83.36,83.48,83.33,83.42,1126500
SHY,2009-06-17,83.52,83.57,83.46,83.51,752200
SHY,2009-06-18,83.47,83.47,83.3074,83.37,619800
SHY,2009-06-19,83.36,83.45,83.3,83.4219,1051200
SHY,2009-06-22,83.45,83.5374,83.45,83.53,1054400
SHY,2009-06-23,83.47,83.59,83.46,83.53,721300
SHY,2009-06-24,83.57,83.71,83.5,83.52,698700
SHY,2009-06-25,83.57,83.72,83.56,83.68,1241300
SHY,2009-06-26,83.69,83.74,83.67,83.72,692200
SHY,2009-06-29,83.73,83.75,83.69,83.72,652300
SHY,2009-06-30,83.64,83.74,83.61,83.71,703300
SHY,2009-07-01,83.59,83.68,83.56,83.68,1202200
SHY,2009-07-02,83.77,83.8,83.724,83.77,544300
SHY,2009-07-06,83.76,83.84,83.74,83.8,474400
SHY,2009-07-07,83.8,83.87,83.76,83.79,1668300
SHY,2009-07-08,83.81,83.96,83.77,83.92,773700
SHY,2009-07-09,83.85,83.92,83.8401,83.88,824100
SHY,2009-07-10,83.94,83.98,83.9,83.96,666200
SHY,2009-07-13,83.93,83.98,83.89,83.91,699800
SHY,2009-07-14,83.84,83.91,83.8206,83.85,488900
SHY,2009-07-15,83.78,83.8,83.65,83.65,747200
SHY,2009-07-16,83.81,83.83,83.761,83.78,504500
SHY,2009-07-17,83.72,83.77,83.71,83.75,833100
SHY,2009-07-20,83.66,83.781,83.65,83.74,808800
SHY,2009-07-21,83.71,83.91,83.71,83.84,1071800
SHY,2009-07-22,83.9,83.9,83.78,83.8,628000
SHY,2009-07-23,83.79,83.8,83.62,83.65,1026000
SHY,2009-07-24,83.66,83.73,83.65,83.7,969800
SHY,2009-07-27,83.61,83.68,83.57,83.64,707600
SHY,2009-07-28,83.67,83.7199,83.56,83.586,763200
SHY,2009-07-29,83.63,83.6458,83.45,83.54,635700
SHY,2009-07-30,83.51,83.56,83.48,83.55,774200
SHY,2009-07-31,83.57,83.69,83.57,83.69,624200
SHY,2009-08-03,83.51,83.52,83.38,83.46,1073800
SHY,2009-08-04,83.48,83.5,83.3508,83.39,940200
SHY,2009-08-05,83.32,83.5,83.32,83.36,1230500
SHY,2009-08-06,83.34,83.41,83.33,83.36,892300
SHY,2009-08-07,83.24,83.27,83.19,83.22,1192200
SHY,2009-08-10,83.28,83.38,83.27,83.3503,639000
SHY,2009-08-11,83.37,83.46,83.37,83.44,870800
SHY,2009-08-12,83.47,83.5,83.38,83.47,856900
SHY,2009-08-13,83.52,83.62,83.48,83.61,874800
SHY,2009-08-14,83.6,83.7399,83.59,83.67,515000
SHY,2009-08-17,83.72,83.8,83.72,83.76,750800
SHY,2009-08-18,83.76,83.77,83.7,83.74,691600
SHY,2009-08-19,83.79,83.82,83.75,83.78,1102800
SHY,2009-08-20,83.77,83.8,83.74,83.76,588800
SHY,2009-08-21,83.76,83.792,83.6,83.63,848100
SHY,2009-08-24,83.62,83.75,83.59,83.73,555900
SHY,2009-08-25,83.75,83.76,83.66,83.73,664500
SHY,2009-08-26,83.8,83.81,83.73,83.78,733200
SHY,2009-08-27,83.77,83.82,83.73,83.77,605200
SHY,2009-08-28,83.72,83.86,83.72,83.86,764100
SHY,2009-08-31,83.86,83.93,83.82,83.92,541100
SHY,2009-09-01,83.84,83.92,83.76,83.88,927000
SHY,2009-09-02,83.92,83.97,83.87,83.97,690900
SHY,2009-09-03,83.93,83.93,83.87,83.89,505300
SHY,2009-09-04,83.89,83.91,83.84,83.85,489900
SHY,2009-09-08,83.89,83.89,83.82,83.86,640800
SHY,2009-09-09,83.84,83.89,83.8,83.87,598500
SHY,2009-09-10,83.92,83.98,83.9,83.92,577700
SHY,2009-09-11,83.95,84.0193,83.89,83.89,850500
SHY,2009-09-14,83.95,83.95,83.83,83.84,636100
SHY,2009-09-15,83.81,83.89,83.81,83.88,657500
SHY,2009-09-16,83.88,83.9,83.76,83.77,709300
SHY,2009-09-17,83.77,83.9,83.74,83.89,832600
SHY,2009-09-18,83.86,83.8799,83.42,83.81,1287300
SHY,2009-09-21,83.81,83.88,83.81,83.84,600800
SHY,2009-09-22,83.84,83.87,83.82,83.82,711300
SHY,2009-09-23,83.83,83.96,83.8,83.95,943300
SHY,2009-09-24,83.91,83.99,83.902,83.9752,859900
SHY,2009-09-25,83.96,83.97,83.88,83.94,866400
SHY,2009-09-28,83.96,83.97,83.9,83.93,716400
SHY,2009-09-29,83.87,83.94,83.83,83.92,1051300
SHY,2009-09-30,83.89,84.03,83.89,84.01,1421900
SHY,2009-10-01,83.99,84.04,83.941,83.99,1122900
SHY,2009-10-02,84.05,84.08,83.96,84.02,883500
SHY,2009-10-05,84.06,84.06,83.99,84.02,683000
SHY,2009-10-06,83.98,84.0,83.9326,83.97,1163100
SHY,2009-10-07,84.02,84.1,83.99,84.08,880300
SHY,2009-10-08,84.06,84.0695,83.97,84.0,817700
SHY,2009-10-09,83.9,83.91,83.82,83.88,1141400
SHY,2009-10-12,83.85,84.2,83.85,83.98,624300
SHY,2009-10-13,83.96,84.03,83.96,84.03,886200
SHY,2009-10-14,83.94,84.0,83.9,83.92,1078700
SHY,2009-10-15,83.88,83.96,83.87,83.87,719500
SHY,2009-10-16,83.85,83.93,83.83,83.9174,508400
SHY,2009-10-19,83.88,83.92,83.85,83.92,670100
SHY,2009-10-20,83.97,84.02,83.91,83.96,1642100
SHY,2009-10-21,83.94,83.96,83.87,83.92,1529300
SHY,2009-10-22,83.85,83.93,83.85,83.93,572600
SHY,2009-10-23,83.82,83.84,83.79,83.79,572500
SHY,2009-10-26,83.79,83.79,83.7,83.7,1301600
SHY,2009-10-27,83.76,83.9,83.74,83.87,1267500
SHY,2009-10-28,83.94,84.0,83.89,83.99,795500
SHY,2009-10-29,83.93,83.93,83.87,83.92,788200
SHY,2009-10-30,83.98,84.06,83.95,84.02,988900
SHY,2009-11-02,83.85,83.87,83.8004,83.84,1469400
SHY,2009-11-03,83.88,83.88,83.8,83.83,779200
SHY,2009-11-04,83.8,83.86,83.76,83.82,658500
SHY,2009-11-05,83.84,83.9091,83.84,83.9,667900
SHY,2009-11-06,83.96,83.962,83.91,83.96,798000
SHY,2009-11-09,83.91,83.96,83.91,83.96,590800
SHY,2009-11-10,83.98,84.0,83.94,83.94,546700
SHY,2009-11-11,84.0,84.04,83.94,84.03,399000
SHY,2009-11-12,83.97,84.03,83.9609,84.02,909000
SHY,2009-11-13,83.99,84.04,83.97,84.04,584700
SHY,2009-11-16,83.97,84.1,83.97,84.09,845200
SHY,2009-11-17,84.06,84.12,84.0309,84.11,1033000
SHY,2009-11-18,84.11,84.14,84.08,84.11,876600
SHY,2009-11-19,84.14,84.22,84.14,84.14,936100
SHY,2009-11-20,84.17,84.22,84.14,84.16,566500
SHY,2009-11-23,84.1,84.15,84.09,84.15,745600
SHY,2009-11-24,84.16,84.23,84.15,84.22,680300
SHY,2009-11-25,84.21,84.26,84.18,84.26,879100
SHY,2009-11-27,84.33,84.34,84.26,84.32,346400
SHY,2009-11-30,84.32,84.38,84.28,84.33,683500
SHY,2009-12-01,83.89,83.89,83.73,83.77,1355900
SHY,2009-12-02,83.75,83.77,83.67,83.7,863700
SHY,2009-12-03,83.63,83.69,83.6,83.65,1045800
SHY,2009-12-04,83.5,83.5,83.4201,83.44,730400
SHY,2009-12-07,83.55,83.62,83.49,83.62,753600
SHY,2009-12-08,83.68,83.71,83.63,83.7,657300
SHY,2009-12-09,83.68,83.7,83.633,83.64,642400
SHY,2009-12-10,83.6,83.65,83.55,83.61,535700
SHY,2009-12-11,83.55,83.57,83.49,83.52,486800
SHY,2009-12-14,83.56,83.56,83.4299,83.43,525800
SHY,2009-12-15,83.44,83.44,83.36,83.41,566900
SHY,2009-12-16,83.46,83.53,83.43,83.47,686200
SHY,2009-12-17,83.6,83.63,83.53,83.63,698000
SHY,2009-12-18,83.58,83.6,83.52,83.57,540600
SHY,2009-12-21,83.5,83.51,83.4,83.44,958500
SHY,2009-12-22,83.4,83.42,83.32,83.34,846800
SHY,2009-12-23,83.39,83.42,83.32,83.34,767400
SHY,2009-12-24,83.27,83.3,83.24,83.24,325400
SHY,2009-12-28,83.2,83.22,83.12,83.12,1728200
SHY,2009-12-29,83.05,83.09,83.02,83.09,857500
SHY,2009-12-30,83.08,83.09,83.04,83.06,785600
SHY,2009-12-31,82.98,83.01,82.88,82.96,633000
SHY,2010-01-04,83.03,83.09,83.0001,83.07,1220600
SHY,2010-01-05,83.15,83.21,83.15,83.17,598200
SHY,2010-01-06,83.19,83.23,83.12,83.18,1534900
SHY,2010-01-07,83.18,83.2,83.15,83.16,772000
SHY,2010-01-08,83.26,83.28,83.2,83.2398,713200
SHY,2010-01-11,83.27,83.31,83.27,83.28,756600
SHY,2010-01-12,83.34,83.37,83.33,83.35,582900
SHY,2010-01-13,83.31,83.36,83.28,83.28,590500
SHY,2010-01-14,83.33,83.4,83.33,83.36,549900
SHY,2010-01-15,83.41,83.46,83.41,83.43,648300
SHY,2010-01-19,83.41,83.45,83.39,83.45,1154000
SHY,2010-01-20,83.46,83.5,83.44,83.45,1085600
SHY,2010-01-21,83.42,83.53,83.4,83.52,1281000
SHY,2010-01-22,83.52,83.59,83.5,83.59,725600
SHY,2010-01-25,83.55,83.56,83.51,83.52,624600
SHY,2010-01-26,83.57,83.59,83.51,83.53,758500
SHY,2010-01-27,83.6,83.62,83.46,83.4983,875700
SHY,2010-01-28,83.49,83.54,83.46,83.54,982100
SHY,2010-01-29,83.49,83.62,83.46,83.62,900600
SHY,2010-02-01,83.52,83.52,83.43,83.5,1001000
SHY,2010-02-02,83.48,83.52,83.48,83.51,724800
SHY,2010-02-03,83.46,83.48,83.43,83.45,1283800
SHY,2010-02-04,83.54,83.59,83.52,83.57,624300
SHY,2010-02-05,83.63,83.73,83.61,83.7,1362400
SHY,2010-02-08,83.62,83.66,83.6,83.64,857100
SHY,2010-02-09,83.61,83.63,83.52,83.56,1415000
SHY,2010-02-10,83.58,83.58,83.45,83.47,670100
SHY,2010-02-11,83.46,83.5,83.431,83.5,1266000
SHY,2010-02-12,83.55,83.58,83.54,83.57,505700
SHY,2010-02-16,83.56,83.62,83.53,83.58,733000
SHY,2010-02-17,83.53,83.57,83.48,83.51,672300
SHY,2010-02-18,83.53,83.53,83.45,83.46,888900
SHY,2010-02-19,83.42,83.44,83.35,83.43,1352700
SHY,2010-02-22,83.46,83.47,83.42,83.46,681700
SHY,2010-02-23,83.52,83.56,83.49,83.53,832000
SHY,2010-02-24,83.52,83.59,83.51,83.57,1194200
SHY,2010-02-25,83.64,83.66,83.61,83.64,733600
SHY,2010-02-26,83.64,83.69,83.62,83.67,936700
SHY,2010-03-01,83.55,83.61,83.55,83.58,863200
SHY,2010-03-02,83.57,83.61,83.56,83.58,1148800
SHY,2010-03-03,83.56,83.61,83.53,83.57,1204600
SHY,2010-03-04,83.53,83.5758,83.5,83.54,820800
SHY,2010-03-05,83.46,83.48,83.4,83.47,1145300
SHY,2010-03-08,83.44,83.45,83.42,83.43,943100
SHY,2010-03-09,83.48,83.5,83.45,83.49,641400
SHY,2010-03-10,83.44,83.49,83.44,83.47,1220100
SHY,2010-03-11,83.39,83.43,83.37,83.37,1763300
SHY,2010-03-12,83.36,83.41,83.34,83.38,1100500
SHY,2010-03-15,83.39,83.41,83.37,83.41,423400
SHY,2010-03-16,83.42,83.4804,83.37,83.43,773100
SHY,2010-03-17,83.45,83.46,83.42,83.45,961200
SHY,2010-03-18,83.43,83.43,83.3695,83.4,605400
SHY,2010-03-19,83.37,83.4,83.3274,83.34,597100
SHY,2010-03-22,83.37,83.4,83.35,83.37,461900
SHY,2010-03-23,83.38,83.4,83.33,83.34,465300
SHY,2010-03-24,83.28,83.32,83.2,83.21,651700
SHY,2010-03-25,83.24,83.25,83.16,83.24,759700
SHY,2010-03-26,83.24,83.3,83.22,83.29,595000
SHY,2010-03-29,83.3,83.33,83.2701,83.33,1219600
SHY,2010-03-30,83.32,83.33,83.29,83.31,703300
SHY,2010-03-31,83.34,83.42,83.32,83.37,2179100
SHY,2010-04-01,83.3,83.31,83.25,83.26,609000
SHY,2010-04-05,83.12,83.14,83.02,83.03,3762900
SHY,2010-04-06,83.09,83.1,83.05,83.09,1014200
SHY,2010-04-07,83.14,83.22,83.14,83.22,1811100
SHY,2010-04-08,83.27,83.28,83.2,83.2,709900
SHY,2010-04-09,83.18,83.23,83.16,83.22,481800
SHY,2010-04-12,83.23,83.28,83.22,83.26,1050800
SHY,2010-04-13,83.3,83.3,83.22,83.24,736700
SHY,2010-04-14,83.26,83.29,83.24,83.24,970900
SHY,2010-04-15,83.25,83.32,83.24,83.3,1206300
SHY,2010-04-16,83.35,83.45,83.3301,83.43,801800
SHY,2010-04-19,83.43,83.43,83.35,83.35,661300
SHY,2010-04-20,83.35,83.36,83.31,83.36,895200
SHY,2010-04-21,83.34,83.37,83.3,83.37,648500
SHY,2010-04-22,83.39,83.43,83.31,83.31,169300
SHY,2010-04-23,83.28,83.3,83.24,83.28,658300
SHY,2010-04-26,83.29,83.32,83.26,83.28,545600
SHY,2010-04-27,83.36,83.48,83.33,83.44,1530800
SHY,2010-04-28,83.39,83.425,83.35,83.42,1269900
SHY,2010-04-29,83.43,83.44,83.3915,83.44,421600
SHY,2010-04-30,83.46,83.54,83.45,83.54,517300
SHY,2010-05-03,83.37,83.41,83.35,83.38,494900
SHY,2010-05-04,83.45,83.48,83.42,83.43,1219600
SHY,2010-05-05,83.56,83.6895,83.52,83.54,1777200
SHY,2010-05-06,83.6,83.83,83.55,83.72,1864500
SHY,2010-05-07,83.72,83.81,83.6,83.69,3637100
SHY,2010-05-10,83.5,83.64,83.49,83.58,1349100
SHY,2010-05-11,83.64,83.66,83.58,83.63,709400
SHY,2010-05-12,83.62,83.63,83.57,83.61,734200
SHY,2010-05-13,83.6,83.66,83.5805,83.66,992800
SHY,2010-05-14,83.7,83.8,83.69,83.77,1110500
SHY,2010-05-17,83.76,83.81,83.7126,83.74,1433400
SHY,2010-05-18,83.72,83.8399,83.7,83.83,764200
SHY,2010-05-19,83.8,83.86,83.777,83.79,3042700
SHY,2010-05-20,83.87,83.95,83.83,83.89,4210900
SHY,2010-05-21,83.94,83.96,83.82,83.83,2753800
SHY,2010-05-24,83.85,83.8722,83.8,83.82,1095600
SHY,2010-05-25,83.87,83.9,83.78,83.81,1777400
SHY,2010-05-26,83.77,83.77,83.64,83.74,1238600
SHY,2010-05-27,83.65,83.69,83.64,83.68,1114900
SHY,2010-05-28,83.76,83.85,83.71,83.84,751200
SHY,2010-06-01,83.76,83.83,83.74,83.77,1439300
SHY,2010-06-02,83.76,83.78,83.7,83.71,2091500
SHY,2010-06-03,83.66,83.74,83.65,83.69,1095300
SHY,2010-06-04,83.83,83.89,83.82,83.88,1429300
SHY,2010-06-07,83.8,83.88,83.79,83.85,1553900
SHY,2010-06-08,83.83,83.88,83.81,83.84,1050800
SHY,2010-06-09,83.81,83.87,83.799,83.85,569400
SHY,2010-06-10,83.83,83.83,83.74,83.74,656900
SHY,2010-06-11,83.81,83.87,83.77,83.83,705200
SHY,2010-06-14,83.77,83.86,83.77,83.85,694000
SHY,2010-06-15,83.86,83.87,83.79,83.81,1212700
SHY,2010-06-16,83.87,83.87,83.81,83.83,1467000
SHY,2010-06-17,83.86,83.95,83.86,83.88,1394200
SHY,2010-06-18,83.89,83.91,83.87,83.89,592000
SHY,2010-06-21,83.83,83.9,83.811,83.9,1900900
SHY,2010-06-22,83.87,83.94,83.86,83.94,2290200
SHY,2010-06-23,83.95,84.0119,83.95,84.0,2075700
SHY,2010-06-24,84.02,84.05,83.98,84.02,819200
SHY,2010-06-25,84.01,84.07,83.98,84.05,959000
SHY,2010-06-28,84.08,84.1,84.05,84.1,662000
SHY,2010-06-29,84.09,84.145,84.09,84.14,1043400
SHY,2010-06-30,84.1,84.13,84.04,84.12,1304200
SHY,2010-07-01,84.02,84.08,84.0,84.02,1760800
SHY,2010-07-02,84.0,84.03,83.955,84.02,565500
SHY,2010-07-06,84.0,84.05,83.96,84.02,1365300
SHY,2010-07-07,84.04,84.06,83.98,84.01,1024600
SHY,2010-07-08,84.0,84.04,83.97,84.02,1074300
SHY,2010-07-09,84.0,84.02,83.97,83.99,614300
SHY,2010-07-12,84.01,84.02,83.98,84.0,1013900
SHY,2010-07-13,83.96,83.98,83.92,83.94,1374000
SHY,2010-07-14,83.99,84.06,83.98,84.03,1081800
SHY,2010-07-15,84.04,84.11,84.04,84.05,540700
SHY,2010-07-16,84.07,84.14,84.05,84.13,812400
SHY,2010-07-19,84.11,84.13,84.09,84.1,529600
SHY,2010-07-20,84.14,84.14,84.1,84.13,1246900
SHY,2010-07-21,84.12,84.19,84.1101,84.17,676700
SHY,2010-07-22,84.15,84.16,84.11,84.14,591800
SHY,2010-07-23,84.14,84.18,84.1,84.1,1075600
SHY,2010-07-26,84.1,84.1,84.05,84.07,2052000
SHY,2010-07-27,84.05,84.05,84.0,84.02,1320300
SHY,2010-07-28,84.08,84.14,84.04,84.1,1274700
SHY,2010-07-29,84.15,84.18,84.12,84.17,2207900
SHY,2010-07-30,84.24,84.24,84.19,84.21,1064400
SHY,2010-08-02,84.13,84.15,84.11,84.12,1174200
SHY,2010-08-03,84.18,84.21,84.17,84.18,1444300
SHY,2010-08-04,84.17,84.17,84.11,84.11,1962200
SHY,2010-08-05,84.15,84.21,84.14,84.21,1559300
SHY,2010-08-06,84.23,84.26,84.21,84.23,941200
SHY,2010-08-09,84.22,84.23,84.18,84.18,1120200
SHY,2010-08-10,84.15,84.23,84.14,84.22,1465900
SHY,2010-08-11,84.26,84.28,84.23,84.24,748700
SHY,2010-08-12,84.25,84.25,84.1902,84.22,1556800
SHY,2010-08-13,84.21,84.23,84.2,84.21,427900
SHY,2010-08-16,84.26,84.29,84.25,84.29,652100
SHY,2010-08-17,84.26,84.27,84.22,84.27,794000
SHY,2010-08-18,84.3,84.3,84.25,84.29,838100
SHY,2010-08-19,84.27,84.32,84.26,84.31,756200
SHY,2010-08-20,84.31,84.31,84.26,84.28,703700
SHY,2010-08-23,84.26,84.3,84.26,84.29,527800
SHY,2010-08-24,84.33,84.37,84.3,84.35,1533700
SHY,2010-08-25,84.33,84.36,84.25,84.2725,1168600
SHY,2010-08-26,84.27,84.3,84.26,84.27,724400
SHY,2010-08-27,84.24,84.29,84.18,84.21,904100
SHY,2010-08-30,84.29,84.32,84.26,84.31,726800
SHY,2010-08-31,84.32,84.35,84.3,84.34,938600
SHY,2010-09-01,84.23,84.26,84.1801,84.2225,2009100
SHY,2010-09-02,84.21,84.24,84.19,84.2,1251400
SHY,2010-09-03,84.14,84.19,84.14,84.16,892600
SHY,2010-09-07,84.19,84.25,84.19,84.25,1104000
SHY,2010-09-08,84.21,84.21,84.16,84.19,1677100
SHY,2010-09-09,84.18,84.18,84.08,84.1,1291500
SHY,2010-09-10,84.08,84.11,84.07,84.09,1096200
SHY,2010-09-13,84.12,84.18,84.1,84.16,522000
SHY,2010-09-14,84.19,84.23,84.17,84.22,968100
SHY,2010-09-15,84.25,84.27,84.22,84.24,664400
SHY,2010-09-16,84.26,84.2673,84.22,84.26,730900
SHY,2010-09-17,84.26,84.28,84.25,84.28,548800
SHY,2010-09-20,84.25,84.29,84.24,84.29,1132900
SHY,2010-09-21,84.29,84.369,84.24,84.35,1430900
SHY,2010-09-22,84.36,84.38,84.33,84.34,1158200
SHY,2010-09-23,84.38,84.3899,84.34,84.35,779000
SHY,2010-09-24,84.33,84.35,84.32,84.34,1214500
SHY,2010-09-27,84.36,84.37,84.33,84.36,2443500
SHY,2010-09-28,84.36,84.4,84.35,84.38,764700
SHY,2010-09-29,84.38,84.39,84.36,84.36,798400
SHY,2010-09-30,84.38,84.39,84.32,84.37,1451800
SHY,2010-10-01,84.3,84.34,84.3,84.32,2388000
SHY,2010-10-04,84.3499,84.37,84.33,84.33,1035100
SHY,2010-10-05,84.36,84.37,84.34,84.37,945100
SHY,2010-10-06,84.41,84.42,84.38,84.38,1772600
SHY,2010-10-07,84.43,84.45,84.42,84.45,1430200
SHY,2010-10-08,84.47,84.4899,84.45,84.45,1604700
SHY,2010-10-11,84.47,84.5,84.42,84.46,1051900
SHY,2010-10-12,84.48,84.48,84.4,84.4,950600
SHY,2010-10-13,84.44,84.44,84.38,84.41,645700
SHY,2010-10-14,84.42,84.42,84.37,84.37,1130100
SHY,2010-10-15,84.44,84.45,84.391,84.4,883700
SHY,2010-10-18,84.42,84.45,84.42,84.42,765500
SHY,2010-10-19,84.43,84.47,84.43,84.46,740900
SHY,2010-10-20,84.47,84.49,84.44,84.47,1247500
SHY,2010-10-21,84.47,84.49,84.45,84.48,1035700
SHY,2010-10-22,84.47,84.48,84.46,84.46,522000
SHY,2010-10-25,84.47,84.51,84.47,84.48,1594800
SHY,2010-10-26,84.42,84.43,84.39,84.4,1325400
SHY,2010-10-27,84.4,84.41,84.36,84.36,751900
SHY,2010-10-28,84.44,84.47,84.42,84.47,782300
SHY,2010-10-29,84.48,84.51,84.46,84.49,875500
SHY,2010-11-01,84.44,84.46,84.427,84.46,709700
SHY,2010-11-02,84.43,84.45,84.41,84.41,610100
SHY,2010-11-03,84.44,84.45,84.33,84.44,643400
SHY,2010-11-04,84.46,84.48,84.46,84.46,874600
SHY,2010-11-05,84.43,84.45,84.38,84.39,1782600
SHY,2010-11-08,84.37,84.38,84.33,84.35,1086100
SHY,2010-11-09,84.3698,84.3698,84.24,84.24,1709900
SHY,2010-11-10,84.25,84.29,84.1699,84.29,1019100
SHY,2010-11-11,84.27,84.28,84.13,84.16,553500
SHY,2010-11-12,84.21,84.25,84.16,84.16,1465400
SHY,2010-11-15,84.11,84.18,84.09,84.11,1869600
SHY,2010-11-16,84.15,84.18,84.11,84.15,1070400
SHY,2010-11-17,84.2,84.22,84.17,84.2,1860000
SHY,2010-11-18,84.16,84.21,84.13,84.21,799100
SHY,2010-11-19,84.17,84.19,84.16,84.16,1324400
SHY,2010-11-22,84.16,84.25,84.16,84.24,741000
SHY,2010-11-23,84.31,84.32,84.28,84.29,722600
SHY,2010-11-24,84.23,84.24,84.13,84.145,1604700
SHY,2010-11-26,84.15,84.2,84.15,84.2,221300
SHY,2010-11-29,84.21,84.21,84.16,84.19,664000
SHY,2010-11-30,84.25,84.27,84.23,84.25,884500
SHY,2010-12-01,84.11,84.12,84.05,84.06,1000000
SHY,2010-12-02,84.06,84.1,84.03,84.06,896500
SHY,2010-12-03,84.16,84.19,84.12,84.17,1364900
SHY,2010-12-06,84.22,84.25,84.2,84.22,1686500
SHY,2010-12-07,84.2,84.2,84.04,84.07,1018800
SHY,2010-12-08,83.98,83.99,83.9,83.94,1235900
SHY,2010-12-09,83.96,83.98,83.9,83.93,1132700
SHY,2010-12-10,83.95,83.9599,83.89,83.9,912300
SHY,2010-12-13,83.91,83.99,83.8801,83.95,944200
SHY,2010-12-14,83.96,83.9736,83.8501,83.91,873100
SHY,2010-12-15,83.89,83.95,83.83,83.88,720700
SHY,2010-12-16,83.86,83.93,83.82,83.9,1131600
SHY,2010-12-17,83.9,83.99,83.9,83.97,1075900
SHY,2010-12-20,83.99,84.04,83.97,83.99,621100
SHY,2010-12-21,83.99,83.99,83.93,83.97,879700
SHY,2010-12-22,83.97,83.98,83.9,83.95,526900
SHY,2010-12-23,83.88,83.9,83.84,83.84,581000
SHY,2010-12-27,83.82,83.89,83.77,83.89,730000
SHY,2010-12-28,83.79,83.83,83.71,83.71,823400
SHY,2010-12-29,83.75,83.94,83.74,83.91,1204800
SHY,2010-12-30,83.89,83.9,83.8308,83.88,1119100
SHY,2010-12-31,83.9,83.99,83.89,83.98,664600
SHY,2011-01-03,83.94,83.975,83.9,83.96,676200
SHY,2011-01-04,83.96,84.01,83.92,83.94,2022500
SHY,2011-01-05,83.82,83.85,83.77,83.79,1276200
SHY,2011-01-06,83.83,83.9,83.8101,83.88,1686600
SHY,2011-01-07,83.94,84.02,83.93,83.9975,792200
SHY,2011-01-10,84.0,84.05,84.0,84.04,1202900
SHY,2011-01-11,84.05,84.05,83.98,83.99,1060400
SHY,2011-01-12,83.9501,84.0,83.93,83.99,703200
SHY,2011-01-13,83.99,84.03,83.96,84.02,685900
SHY,2011-01-14,84.04,84.07,84.01,84.02,841900
SHY,2011-01-18,84.0,84.04,83.98,84.0,692200
SHY,2011-01-19,84.02,84.05,84.01,84.04,1450300
SHY,2011-01-20,84.02,84.02,83.94,83.95,781700
SHY,2011-01-21,83.94,83.98,83.94,83.97,463600
SHY,2011-01-24,83.94,83.98,83.94,83.96,631800
SHY,2011-01-25,83.96,84.04,83.94,84.02,1627100
SHY,2011-01-26,83.98,84.0099,83.95,84.0,1130100
SHY,2011-01-27,84.04,84.07,84.01,84.06,917600
SHY,2011-01-28,84.05,84.14,84.04,84.1,678500
SHY,2011-01-31,84.12,84.13,84.07,84.09,1139000
SHY,2011-02-01,83.98,83.98,83.93,83.93,1358700
SHY,2011-02-02,83.93,83.96,83.85,83.88,1139300
SHY,2011-02-03,83.81,83.84,83.76,83.8,1843800
SHY,2011-02-04,83.75,83.78,83.7,83.73,612300
SHY,2011-02-07,83.67,83.72,83.65,83.69,532500
SHY,2011-02-08,83.68,83.69,83.56,83.58,1348600
SHY,2011-02-09,83.6201,83.69,83.61,83.64,1278000
SHY,2011-02-10,83.63,83.66,83.5901,83.6,607200
SHY,2011-02-11,83.65,83.688,83.6,83.6,786700
SHY,2011-02-14,83.59,83.6201,83.59,83.6,1257700
SHY,2011-02-15,83.56,83.64,83.56,83.64,981700
SHY,2011-02-16,83.61,83.68,83.59,83.63,963300
SHY,2011-02-17,83.69,83.74,83.69,83.73,1095900
SHY,2011-02-18,83.69,83.77,83.68,83.76,709200
SHY,2011-02-22,83.8,83.87,83.77,83.85,1885000
SHY,2011-02-23,83.86,83.89,83.8249,83.83,831600
SHY,2011-02-24,83.85,83.89,83.84,83.87,666700
SHY,2011-02-25,83.84,83.9,83.84,83.89,786000
SHY,2011-02-28,83.91,83.9464,83.89,83.92,667600
SHY,2011-03-01,83.81,83.92,83.81,83.91,785200
SHY,2011-03-02,83.91,83.9325,83.86,83.87,834800
SHY,2011-03-03,83.75,83.77,83.7,83.7,740400
SHY,2011-03-04,83.79,83.89,83.79,83.89,627700
SHY,2011-03-07,83.81,83.89,83.81,83.83,668500
SHY,2011-03-08,83.79,83.82,83.77,83.8,863500
SHY,2011-03-09,83.85,83.9099,83.82,83.86,924200
SHY,2011-03-10,83.89,83.97,83.86,83.95,692000
SHY,2011-03-11,83.95,83.98,83.93,83.965,678200
SHY,2011-03-14,84.03,84.0863,84.01,84.01,1522200
SHY,2011-03-15,84.13,84.14,83.97,83.97,1152200
SHY,2011-03-16,84.04,84.16,84.02,84.12,2603900
SHY,2011-03-17,84.06,84.09,84.01,84.08,1012000
SHY,2011-03-18,84.04,84.0799,84.03,84.04,814000
SHY,2011-03-21,84.01,84.01,83.94,83.95,611900
SHY,2011-03-22,83.9,83.95,83.9,83.93,1402600
SHY,2011-03-23,84.0,84.0,83.93,83.94,868700
SHY,2011-03-24,83.91,83.94,83.87,83.88,1038400
SHY,2011-03-25,83.92,83.92,83.8,83.82,811100
SHY,2011-03-28,83.78,83.8284,83.76,83.78,1493000
SHY,2011-03-29,83.79,83.8199,83.74,83.75,863400
SHY,2011-03-30,83.78,83.81,83.77,83.8,631200
SHY,2011-03-31,83.83,83.85,83.75,83.75,935200
SHY,2011-04-01,83.61,83.75,83.6,83.75,855800
SHY,2011-04-04,83.77,83.81,83.76,83.77,1159400
SHY,2011-04-05,83.74,83.772,83.68,83.68,1581000
SHY,2011-04-06,83.68,83.71,83.6622,83.68,663000
SHY,2011-04-07,83.7,83.76,83.69,83.74,501800
SHY,2011-04-08,83.7,83.73,83.69,83.71,692200
SHY,2011-04-11,83.71,83.73,83.682,83.7,679500
SHY,2011-04-12,83.76,83.84,83.76,83.84,826100
SHY,2011-04-13,83.8,83.89,83.78,83.88,859000
SHY,2011-04-14,83.87,83.9,83.8,83.8,919400
SHY,2011-04-15,83.87,83.96,83.87,83.96,1139000
SHY,2011-04-18,83.99,84.03,83.97,83.98,616000
SHY,2011-04-19,84.0,84.02,83.98,84.0,628400
SHY,2011-04-20,83.97,84.0,83.9432,83.99,746700
SHY,2011-04-21,83.99,84.0071,83.96,83.97,1119500
SHY,2011-04-25,83.97,84.01,83.95,83.98,1049600
SHY,2011-04-26,84.02,84.08,84.0,84.06,569000
SHY,2011-04-27,84.01,84.09,83.98,84.09,1169700
SHY,2011-04-28,84.11,84.12,84.08,84.09,704400
SHY,2011-04-29,84.1,84.15,84.08,84.13,803000
SHY,2011-05-02,84.07,84.099,84.05,84.05,716200
SHY,2011-05-03,84.08,84.09,84.05,84.08,451000
SHY,2011-05-04,84.08,84.14,84.04,84.12,1527400
SHY,2011-05-05,84.11,84.14,84.1,84.14,899600
SHY,2011-05-06,84.09,84.19,84.07,84.15,1627000
SHY,2011-05-09,84.19,84.2,84.17,84.19,530900
SHY,2011-05-10,84.17,84.17,84.11,84.11,725400
SHY,2011-05-11,84.13,84.2,84.12,84.19,1403100
SHY,2011-05-12,84.19,84.19,84.13,84.15,745000
SHY,2011-05-13,84.17,84.21,84.16,84.19,683200
SHY,2011-05-16,84.19,84.23,84.1734,84.23,1458600
SHY,2011-05-17,84.22,84.27,84.21,84.24,949700
SHY,2011-05-18,84.22,84.2299,84.18,84.2,1321800
SHY,2011-05-19,84.11,84.23,84.11,84.21,756000
SHY,2011-05-20,84.23,84.26,84.22,84.24,1059900
SHY,2011-05-23,84.27,84.28,84.24,84.25,708400
SHY,2011-05-24,84.23,84.26,84.22,84.25,903000
SHY,2011-05-25,84.29,84.29,84.26,84.288,712100
SHY,2011-05-26,84.3,84.34,84.3,84.34,653800
SHY,2011-05-27,84.33,84.37,84.32,84.37,635700
SHY,2011-05-31,84.32,84.39,84.32,84.37,775300
SHY,2011-06-01,84.32,84.37,84.32,84.36,2248000
SHY,2011-06-02,84.32,84.35,84.3,84.31,696300
SHY,2011-06-03,84.38,84.38,84.31,84.34,975500
SHY,2011-06-06,84.33,84.38,84.32,84.35,1836500
SHY,2011-06-07,84.36,84.41,84.33,84.41,1384700
SHY,2011-06-08,84.39,84.44,84.39,84.42,914300
SHY,2011-06-09,84.39,84.4,84.32,84.33,1145900
SHY,2011-06-10,84.36,84.4,84.36,84.4,717200
SHY,2011-06-13,84.36,84.419,84.34,84.37,898400
SHY,2011-06-14,84.31,84.35,84.3,84.3,1300600
SHY,2011-06-15,84.35,84.44,84.35,84.42,695100
SHY,2011-06-16,84.43,84.44,84.39,84.43,1112300
SHY,2011-06-17,84.43,84.45,84.41,84.45,1689000
SHY,2011-06-20,84.44,84.45,84.4,84.45,917300
SHY,2011-06-21,84.41,84.46,84.41,84.46,7491500
SHY,2011-06-22,84.47,84.48,84.42,84.44,1174000
SHY,2011-06-23,84.49,84.51,84.47,84.49,1875000
SHY,2011-06-24,84.49,84.55,84.47,84.54,1068600
SHY,2011-06-27,84.5,84.52,84.43,84.46,1431800
SHY,2011-06-28,84.4,84.43,84.3,84.31,1126700
SHY,2011-06-29,84.32,84.34,84.28,84.31,1312800
SHY,2011-06-30,84.35,84.36,84.24,84.3,1898000
SHY,2011-07-01,84.28,84.29,84.19,84.21,3176800
SHY,2011-07-05,84.27,84.32,84.27,84.31,1128700
SHY,2011-07-06,84.32,84.36,84.32,84.34,669900
SHY,2011-07-07,84.29,84.29,84.23,84.26,959800
SHY,2011-07-08,84.37,84.41,84.37,84.38,830500
SHY,2011-07-11,84.4,84.45,84.4,84.44,1723500
SHY,2011-07-12,84.43,84.45,84.39,84.43,1065600
SHY,2011-07-13,84.43,84.46,84.41,84.45,612400
SHY,2011-07-14,84.4,84.44,84.4,84.42,920300
SHY,2011-07-15,84.4,84.44,84.39,84.44,607500
SHY,2011-07-18,84.43,84.46,84.42,84.44,1518000
SHY,2011-07-19,84.45,84.47,84.42,84.44,850000
SHY,2011-07-20,84.42,84.44,84.4,84.41,615600
SHY,2011-07-21,84.4,84.42,84.36,84.37,718900
SHY,2011-07-22,84.41,84.43,84.38,84.38,712600
SHY,2011-07-25,84.36,84.4,84.34,84.34,3881100
SHY,2011-07-26,84.36,84.41,84.36,84.39,1157200
SHY,2011-07-27,84.37,84.38,84.32,84.34,1120100
SHY,2011-07-28,84.42,84.43,84.38,84.39,3369200
SHY,2011-07-29,84.43,84.51,84.43,84.48,1178200
SHY,2011-08-01,84.4,84.45,84.38,84.39,2428900
SHY,2011-08-02,84.46,84.51,84.44,84.5,1104600
SHY,2011-08-03,84.47,84.51,84.46,84.49,2656600
SHY,2011-08-04,84.48,84.58,84.48,84.57,2556300
SHY,2011-08-05,84.51,84.58,84.49,84.55,3777400
SHY,2011-08-08,84.56,84.64,84.56,84.58,3003000
SHY,2011-08-09,84.55,84.74,84.51,84.67,5224400
SHY,2011-08-10,84.71,84.75,84.68,84.73,2682500
SHY,2011-08-11,84.71,84.73,84.68,84.71,1352200
SHY,2011-08-12,84.69,84.72,84.67,84.72,4026200
SHY,2011-08-15,84.7,84.7,84.66,84.69,924400
SHY,2011-08-16,84.68,84.69,84.66,84.69,2724700
SHY,2011-08-17,84.7,84.71,84.66,84.71,1471600
SHY,2011-08-18,84.73,84.74,84.69,84.7,1197000
SHY,2011-08-19,84.67,84.7,84.67,84.7,1894500
SHY,2011-08-22,84.68,84.69,84.67,84.69,1112400
SHY,2011-08-23,84.67,84.68,84.65,84.65,1531000
SHY,2011-08-24,84.66,84.67,84.63,84.65,780700
SHY,2011-08-25,84.68,84.71,84.68,84.7,1397200
SHY,2011-08-26,84.72,84.7385,84.7,84.71,1011300
SHY,2011-08-29,84.7,84.71,84.68,84.69,533300
SHY,2011-08-30,84.7,84.73,84.7,84.71,2234000
SHY,2011-08-31,84.73,84.73,84.67,84.71,1416500
SHY,2011-09-01,84.68,84.69,84.64,84.68,1562800
SHY,2011-09-02,84.66,84.66,84.62,84.64,1988100
SHY,2011-09-06,84.64,84.65,84.61,84.65,1125600
SHY,2011-09-07,84.62,84.65,84.62,84.63,1087400
SHY,2011-09-08,84.67,84.67,84.64,84.66,755600
SHY,2011-09-09,84.68,84.7,84.67,84.69,921700
SHY,2011-09-12,84.6599,84.67,84.63,84.63,2117700
SHY,2011-09-13,84.63,84.65,84.62,84.64,992400
SHY,2011-09-14,84.66,84.68,84.63,84.64,808700
SHY,2011-09-15,84.63,84.65,84.61,84.65,1466400
SHY,2011-09-16,84.62,84.68,84.62,84.67,997900
SHY,2011-09-19,84.71,84.72,84.69,84.71,644600
SHY,2011-09-20,84.68,84.71,84.67,84.67,1905900
SHY,2011-09-21,84.7,84.71,84.58,84.58,984800
SHY,2011-09-22,84.63,84.64,84.59,84.59,2479700
SHY,2011-09-23,84.62,84.62,84.58,84.6,2848600
SHY,2011-09-26,84.59,84.59,84.56,84.57,977500
SHY,2011-09-27,84.53,84.56,84.53,84.54,1303100
SHY,2011-09-28,84.52,84.54,84.5,84.51,2755700
SHY,2011-09-29,84.52,84.54,84.51,84.53,1206500
SHY,2011-09-30,84.56,84.57,84.53,84.57,2114100
SHY,2011-10-03,84.52,84.55,84.5,84.54,2885800
SHY,2011-10-04,84.53,84.54,84.49,84.49,4037200
SHY,2011-10-05,84.5,84.5,84.47,84.49,1734600
SHY,2011-10-06,84.47,84.49,84.47,84.47,1221500
SHY,2011-10-07,84.46,84.47,84.4001,84.44,2255300
SHY,2011-10-10,84.47,84.47,84.35,84.37,1532300
SHY,2011-10-11,84.4,84.42,84.39,84.41,948000
SHY,2011-10-12,84.37,84.41,84.37,84.41,3140200
SHY,2011-10-13,84.46,84.47,84.43,84.43,2722800
SHY,2011-10-14,84.43,84.48,84.43,84.47,1096600
SHY,2011-10-17,84.47,84.49,84.46,84.48,834800
SHY,2011-10-18,84.48,84.5,84.47,84.48,1390000
SHY,2011-10-19,84.47,84.51,84.47,84.51,1987400
SHY,2011-10-20,84.49,84.52,84.48,84.52,2206000
SHY,2011-10-21,84.51,84.51,84.48,84.49,1426600
SHY,2011-10-24,84.49,84.49,84.47,84.49,1742300
SHY,2011-10-25,84.49,84.54,84.47,84.54,3601800
SHY,2011-10-26,84.5,84.51,84.48,84.49,1070400
SHY,2011-10-27,84.4799,84.4799,84.42,84.43,1521600
SHY,2011-10-28,84.46,84.48,84.42,84.47,2016000
SHY,2011-10-31,84.51,84.55,84.51,84.55,1376000
SHY,2011-11-01,84.54,84.54,84.5,84.51,5677600
SHY,2011-11-02,84.52,84.55,84.52,84.53,1863600
SHY,2011-11-03,84.53,84.54,84.52,84.54,1559800
SHY,2011-11-04,84.52,84.55,84.52,84.54,618700
SHY,2011-11-07,84.54,84.56,84.52,84.52,1082500
SHY,2011-11-08,84.51,84.54,84.51,84.51,711300
SHY,2011-11-09,84.52,84.55,84.52,84.53,1154900
SHY,2011-11-10,84.54,84.55,84.52,84.54,3677900
SHY,2011-11-11,84.52,84.54,84.5,84.5,1011800
SHY,2011-11-14,84.51,84.57,84.51,84.54,2637100
SHY,2011-11-15,84.54,84.55,84.52,84.53,788200
SHY,2011-11-16,84.53,84.5385,84.51,84.51,978300
SHY,2011-11-17,84.5,84.52,84.49,84.52,1751200
SHY,2011-11-18,84.5,84.51,84.48,84.49,1504000
SHY,2011-11-21,84.5,84.5,84.48,84.5,1352100
SHY,2011-11-22,84.52,84.52,84.49,84.51,2871900
SHY,2011-11-23,84.49,84.53,84.49,84.52,1470200
SHY,2011-11-25,84.52,84.52,84.5,84.52,554700
SHY,2011-11-28,84.48,84.53,84.48,84.53,1210200
SHY,2011-11-29,84.52,84.54,84.51,84.54,1693200
SHY,2011-11-30,84.51,84.54,84.5,84.54,1486200
SHY,2011-12-01,84.5,84.5,84.46,84.5,6682400
SHY,2011-12-02,84.49,84.49,84.46,84.48,1780300
SHY,2011-12-05,84.48,84.5,84.47,84.49,1356600
SHY,2011-12-06,84.48,84.5,84.47,84.49,817300
SHY,2011-12-07,84.49,84.52,84.49,84.52,1330000
SHY,2011-12-08,84.53,84.54,84.51,84.53,2097100
SHY,2011-12-09,84.53,84.54,84.52,84.53,1726600
SHY,2011-12-12,84.52,84.54,84.52,84.53,1750800
SHY,2011-12-13,84.52,84.54,84.51,84.53,836100
SHY,2011-12-14,84.49,84.52,84.49,84.51,2196200
SHY,2011-12-15,84.52,84.52,84.49,84.5,2872000
SHY,2011-12-16,84.53,84.54,84.51,84.54,2330700
SHY,2011-12-19,84.53,84.54,84.51,84.53,1544000
SHY,2011-12-20,84.52,84.52,84.49,84.51,1549200
SHY,2011-12-21,84.49,84.5,84.46,84.48,1205300
SHY,2011-12-22,84.47,84.48,84.44,84.47,2395300
SHY,2011-12-23,84.45,84.49,84.44,84.49,1029000
SHY,2011-12-27,84.4,84.42,84.4,84.42,669100
SHY,2011-12-28,84.4,84.45,84.4,84.44,2493200
SHY,2011-12-29,84.43,84.46,84.43,84.45,1510900
SHY,2011-12-30,84.48,84.5,84.46,84.5,2343700
SHY,2012-01-03,84.49,84.49,84.45,84.45,5743100
SHY,2012-01-04,84.46,84.47,84.45,84.46,1767300
SHY,2012-01-05,84.45,84.48,84.45,84.47,1583400
SHY,2012-01-06,84.47,84.85,84.45,84.46,2068000
SHY,2012-01-09,84.49,84.49,84.47,84.48,1236100
SHY,2012-01-10,84.48,84.51,84.47,84.49,813400
SHY,2012-01-11,84.5,84.53,84.5,84.52,2467000
SHY,2012-01-12,84.51,84.54,84.51,84.51,2119900
SHY,2012-01-13,84.54,84.54,84.53,84.53,1151800
SHY,2012-01-17,84.54,84.56,84.53,84.54,2337200
SHY,2012-01-18,84.54,84.55,84.53,84.53,1189700
SHY,2012-01-19,84.52,84.54,84.5,84.53,2062000
SHY,2012-01-20,84.5,84.52,84.5,84.51,2601600
SHY,2012-01-23,84.51,84.52,84.49,84.52,2628500
SHY,2012-01-24,84.52,84.52,84.49,84.52,3799300
SHY,2012-01-25,84.51,84.59,84.51,84.57,2108000
SHY,2012-01-26,84.57,84.6,84.57,84.58,1436100
SHY,2012-01-27,84.59,84.6,84.58,84.6,1297900
SHY,2012-01-30,84.57,84.59,84.57,84.57,1885700
SHY,2012-01-31,84.55,84.57,84.55,84.57,2644300
SHY,2012-02-01,84.53,84.55,84.51,84.51,5980200
SHY,2012-02-02,84.52,84.54,84.51,84.52,2990400
SHY,2012-02-03,84.51,84.53,84.5,84.52,2434800
SHY,2012-02-06,84.52,84.52,84.5,84.5,2384500
SHY,2012-02-07,84.5,84.505,84.47,84.48,1930100
SHY,2012-02-08,84.46,84.49,84.46,84.48,1207300
SHY,2012-02-09,84.48,84.48,84.44,84.44,766500
SHY,2012-02-10,84.44,84.47,84.44,84.46,1025300
SHY,2012-02-13,84.44,84.46,84.41,84.41,1083500
SHY,2012-02-14,84.41,84.43,84.41,84.43,1069400
SHY,2012-02-15,84.42,84.46,84.41,84.44,1229700
SHY,2012-02-16,84.44,84.45,84.41,84.41,1467200
SHY,2012-02-17,84.41,84.42,84.39,84.39,827900
SHY,2012-02-21,84.4,84.4,84.37,84.37,1954600
SHY,2012-02-22,84.39,84.41,84.38,84.41,1604800
SHY,2012-02-23,84.39,84.42,84.39,84.4,3341900
SHY,2012-02-24,84.4,84.41,84.38,84.38,3698600
SHY,2012-02-27,84.42,84.43,84.4,84.4,1060900
SHY,2012-02-28,84.42,84.44,84.41,84.42,982800
SHY,2012-02-29,84.42,84.42,84.39,84.42,656500
SHY,2012-03-01,84.35,84.37,84.35,84.37,1044000
SHY,2012-03-02,84.38,84.4,84.38,84.39,914500
SHY,2012-03-05,84.38,84.39,84.37,84.39,1166200
SHY,2012-03-06,84.41,84.41,84.39,84.39,2282700
SHY,2012-03-07,84.39,84.4,84.37,84.37,587900
SHY,2012-03-08,84.37,84.373,84.34,84.34,960100
SHY,2012-03-09,84.36,84.368,84.34,84.34,660400
SHY,2012-03-12,84.36,84.3687,84.34,84.35,761700
SHY,2012-03-13,84.32,84.33,84.29,84.3,1284700
SHY,2012-03-14,84.26,84.265,84.18,84.18,1351500
SHY,2012-03-15,84.22,84.26,84.21,84.23,3730100
SHY,2012-03-16,84.27,84.29,84.24,84.28,2790700
SHY,2012-03-19,84.24,84.25,84.2,84.22,2260800
SHY,2012-03-20,84.22,84.24,84.18,84.2,793800
SHY,2012-03-21,84.23,84.25,84.21,84.25,572200
SHY,2012-03-22,84.27,84.27,84.25,84.26,840000
SHY,2012-03-23,84.28,84.29,84.27,84.27,698400
SHY,2012-03-26,84.28,84.29,84.27,84.29,1035600
SHY,2012-03-27,84.31,84.33,84.29,84.32,1091100
SHY,2012-03-28,84.32,84.34,84.3,84.3,736600
SHY,2012-03-29,84.33,84.33,84.31,84.33,739200
SHY,2012-03-30,84.32,84.33,84.31,84.32,949300
SHY,2012-04-02,84.33,84.33,84.29,84.31,695600
SHY,2012-04-03,84.31,84.31,84.24,84.25,1631600
SHY,2012-04-04,84.3,84.3,84.26,84.27,1395900
SHY,2012-04-05,84.29,84.3,84.28,84.3,758900
SHY,2012-04-09,84.33,84.36,84.33,84.36,898600
SHY,2012-04-10,84.36,84.4,84.35,84.4,1024900
SHY,2012-04-11,84.37,84.4,84.37,84.39,2299100
SHY,2012-04-12,84.41,84.41,84.39,84.4,845700
SHY,2012-04-13,84.42,84.42,84.4,84.41,2859200
SHY,2012-04-16,84.42,84.43,84.41,84.41,569900
SHY,2012-04-17,84.42,84.43,84.4,84.41,773000
SHY,2012-04-18,84.44,84.44,84.42,84.43,469200
SHY,2012-04-19,84.42,84.44,84.42,84.44,558800
SHY,2012-04-20,84.43,84.44,84.41,84.44,503200
SHY,2012-04-23,84.46,84.46,84.44,84.46,741000
SHY,2012-04-24,84.46,84.47,84.43,84.43,1149600
SHY,2012-04-25,84.42,84.46,84.42,84.45,914100
SHY,2012-04-26,84.46,84.47,84.44,84.46,711600
SHY,2012-04-27,84.47,84.47,84.44,84.44,741700
SHY,2012-04-30,84.47,84.47,84.45,84.46,644700
SHY,2012-05-01,84.43,84.45,84.41,84.43,8197400
SHY,2012-05-02,84.43,84.44,84.42,84.44,2107000
SHY,2012-05-03,84.43,84.45,84.42,84.43,876700
SHY,2012-05-04,84.46,84.46,84.45,84.46,798700
SHY,2012-05-07,84.46,84.47,84.45,84.46,1315200
SHY,2012-05-08,84.46,84.47,84.44,84.47,1016600
SHY,2012-05-09,84.46,84.47,84.45,84.46,1260700
SHY,2012-05-10,84.44,84.46,84.43,84.45,1071300
SHY,2012-05-11,84.46,84.46,84.44,84.46,432100
SHY,2012-05-14,84.45,84.46,84.45,84.45,799600
SHY,2012-05-15,84.45,84.47,84.43,84.44,3270000
SHY,2012-05-16,84.42,84.43,84.41,84.43,1186300
SHY,2012-05-17,84.42,84.42,84.39,84.39,1894100
SHY,2012-05-18,84.39,84.4,84.37,84.3985,2716100
SHY,2012-05-21,84.4,84.41,84.38,84.41,954600
SHY,2012-05-22,84.4,84.4,84.38,84.38,1193100
SHY,2012-05-23,84.41,84.42,84.39,84.42,928000
SHY,2012-05-24,84.39,84.39,84.38,84.39,644900
SHY,2012-05-25,84.42,84.43,84.39,84.43,795600
SHY,2012-05-29,84.4,84.43,84.4,84.41,1296100
SHY,2012-05-30,84.42,84.46,84.42,84.45,1239600
SHY,2012-05-31,84.48,84.49,84.44,84.48,3737600
SHY,2012-06-01,84.49,84.49,84.45,84.46,2218600
SHY,2012-06-04,84.46,84.47,84.45,84.45,5799600
SHY,2012-06-05,84.46,84.47,84.44,84.47,1666200
SHY,2012-06-06,84.47,84.47,84.43,84.44,1382500
SHY,2012-06-07,84.44,84.44,84.4,84.43,2898800
SHY,2012-06-08,84.44,84.44,84.42,84.43,1090400
SHY,2012-06-11,84.4,84.43,84.4,84.43,1065300
SHY,2012-06-12,84.42,84.42,84.37,84.39,1588500
SHY,2012-06-13,84.4,84.4,84.37,84.38,537400
SHY,2012-06-14,84.41,84.41,84.38,84.39,996000
SHY,2012-06-15,84.4,84.42,84.3902,84.42,478800
SHY,2012-06-18,84.41,84.41,84.39,84.4,3803700
SHY,2012-06-19,84.4,84.41,84.39,84.39,1761700
SHY,2012-06-20,84.4,84.415,84.35,84.36,3044100
SHY,2012-06-21,84.36,84.38,84.36,84.37,701000
SHY,2012-06-22,84.37,84.38,84.36,84.38,1243300
SHY,2012-06-25,84.37,84.4,84.37,84.38,2960900
SHY,2012-06-26,84.37,84.38,84.35,84.36,3320900
SHY,2012-06-27,84.38,84.38,84.34,84.36,3125900
SHY,2012-06-28,84.38,84.39,84.36,84.37,907000
SHY,2012-06-29,84.35,84.39,84.35,84.37,1163200
SHY,2012-07-02,84.35,84.38,84.35,84.37,14979800
SHY,2012-07-03,84.36,84.38,84.35,84.35,1127700
SHY,2012-07-05,84.37,84.39,84.37,84.382,1205400
SHY,2012-07-06,84.41,84.42,84.4,84.41,1603300
SHY,2012-07-09,84.42,84.43,84.41,84.41,561100
SHY,2012-07-10,84.43,84.43,84.41,84.41,490200
SHY,2012-07-11,84.42,84.43,84.41,84.42,559500
SHY,2012-07-12,84.43,84.44,84.42,84.44,356800
SHY,2012-07-13,84.45,84.47,84.43,84.46,634100
SHY,2012-07-16,84.49,84.51,84.49,84.49,830800
SHY,2012-07-17,84.48,84.49,84.47,84.48,2200000
SHY,2012-07-18,84.48,84.51,84.48,84.5,2998500
SHY,2012-07-19,84.51,84.53,84.51,84.52,1443300
SHY,2012-07-20,84.52,84.54,84.51,84.53,2246300
SHY,2012-07-23,84.54,84.55,84.52,84.54,403900
SHY,2012-07-24,84.53,84.54,84.52,84.52,2868800
SHY,2012-07-25,84.55,84.55,84.52,84.53,1007100
SHY,2012-07-26,84.52,84.53,84.52,84.53,2028400
SHY,2012-07-27,84.49,84.51,84.45,84.47,907800
SHY,2012-07-30,84.5,84.52,84.49,84.51,2318600
SHY,2012-07-31,84.54,84.55,84.52,84.53,917000
SHY,2012-08-01,84.53,84.53,84.49,84.49,2012600
SHY,2012-08-02,84.5,84.52,84.49,84.5,591400
SHY,2012-08-03,84.48,84.49,84.46,84.47,909300
SHY,2012-08-06,84.49,84.49,84.47,84.48,2344700
SHY,2012-08-07,84.46,84.46,84.43,84.44,644100
SHY,2012-08-08,84.44,84.44,84.4,84.41,1274600
SHY,2012-08-09,84.4,84.42,84.4,84.41,557300
SHY,2012-08-10,84.44,84.44,84.43,84.43,622900
SHY,2012-08-13,84.43,84.44,84.43,84.44,619000
SHY,2012-08-14,84.43,84.43,84.41,84.42,1756500
SHY,2012-08-15,84.4,84.41,84.39,84.39,694000
SHY,2012-08-16,84.4,84.41,84.37,84.38,797700
SHY,2012-08-17,84.4,84.4,84.39,84.39,577100
SHY,2012-08-20,84.39,84.41,84.39,84.39,536500
SHY,2012-08-21,84.39,84.4,84.37,84.39,1660500
SHY,2012-08-22,84.42,84.45,84.4,84.44,632300
SHY,2012-08-23,84.45,84.47,84.44,84.45,488900
SHY,2012-08-24,84.45,84.46,84.43,84.45,646600
SHY,2012-08-27,84.45,84.45,84.44,84.44,731000
SHY,2012-08-28,84.45,84.45,84.43,84.45,759300
SHY,2012-08-29,84.44,84.45,84.43,84.45,512600
SHY,2012-08-30,84.46,84.48,84.44,84.46,664900
SHY,2012-08-31,84.48,84.53,84.48,84.51,944900
SHY,2012-09-04,84.51,84.51,84.46,84.48,1795800
SHY,2012-09-05,84.48,84.49,84.47,84.48,575500
SHY,2012-09-06,84.44,84.46,84.43,84.44,1133200
SHY,2012-09-07,84.46,84.49,84.45,84.46,1666500
SHY,2012-09-10,84.45,84.46,84.44,84.44,2298900
SHY,2012-09-11,84.45,84.46,84.44,84.46,526500
SHY,2012-09-12,84.45,84.46,84.45,84.45,1211800
SHY,2012-09-13,84.47,84.5,84.44,84.48,783900
SHY,2012-09-14,84.48,84.48,84.43,84.44,890100
SHY,2012-09-17,84.44,84.45,84.44,84.44,1002700
SHY,2012-09-18,84.44,84.45,84.44,84.45,626100
SHY,2012-09-19,84.44,84.45,84.44,84.45,533300
SHY,2012-09-20,84.44,84.46,84.43,84.43,702200
SHY,2012-09-21,84.43,84.44,84.42,84.44,625100
SHY,2012-09-24,84.45,84.45,84.44,84.45,578200
SHY,2012-09-25,84.43,84.44,84.42,84.43,1278800
SHY,2012-09-26,84.44,84.45,84.43,84.45,628800
SHY,2012-09-27,84.45,84.47,84.44,84.46,446100
SHY,2012-09-28,84.48,84.5,84.47,84.5,876400
SHY,2012-10-01,84.48,84.48,84.47,84.48,2690600
SHY,2012-10-02,84.47,84.47,84.46,84.46,677300
SHY,2012-10-03,84.46,84.47,84.46,84.46,2717100
SHY,2012-10-04,84.46,84.47,84.45,84.46,552900
SHY,2012-10-05,84.44,84.45,84.42,84.42,1617700
SHY,2012-10-08,84.42,84.44,84.42,84.43,350600
SHY,2012-10-09,84.42,84.43,84.42,84.43,1039400
SHY,2012-10-10,84.42,84.43,84.42,84.42,494500
SHY,2012-10-11,84.43,84.43,84.41,84.41,624400
SHY,2012-10-12,84.41,84.44,84.41,84.44,479000
SHY,2012-10-15,84.44,84.44,84.42,84.42,342800
SHY,2012-10-16,84.42,84.43,84.41,84.416,571500
SHY,2012-10-17,84.4,84.41,84.37,84.37,563400
SHY,2012-10-18,84.37,84.38,84.36,84.38,1273100
SHY,2012-10-19,84.36,84.39,84.36,84.38,426500
SHY,2012-10-22,84.35,84.37,84.35,84.35,264300
SHY,2012-10-23,84.38,84.39,84.36,84.39,491700
SHY,2012-10-24,84.37,84.4,84.37,84.38,1059300
SHY,2012-10-25,84.35,84.37,84.35,84.35,588200
SHY,2012-10-26,84.38,84.38,84.36,84.37,478400
SHY,2012-10-31,84.38,84.42,84.38,84.42,1086600
SHY,2012-11-01,84.35,84.411,84.35,84.4,732800
SHY,2012-11-02,84.37,84.39,84.37,84.39,353200
SHY,2012-11-05,84.42,84.42,84.39,84.39,2192500
SHY,2012-11-06,84.4,84.41,84.36,84.36,583400
SHY,2012-11-07,84.42,84.4355,84.42,84.43,697600
SHY,2012-11-08,84.43,84.44,84.42,84.43,779500
SHY,2012-11-09,84.43,84.45,84.42,84.43,2365500
SHY,2012-11-12,84.42,84.44,84.42,84.43,524300
SHY,2012-11-13,84.45,84.45,84.44,84.44,917300
SHY,2012-11-14,84.44,84.46,84.44,84.46,2273000
SHY,2012-11-15,84.46,84.47,84.45,84.46,1048700
SHY,2012-11-16,84.45,84.47,84.45,84.46,810500
SHY,2012-11-19,84.45,84.46,84.45,84.45,951700
SHY,2012-11-20,84.45,84.45,84.43,84.43,1248500
SHY,2012-11-21,84.41,84.42,84.41,84.42,422200
SHY,2012-11-23,84.4,84.42,84.4,84.42,157800
SHY,2012-11-26,84.42,84.43,84.41,84.4107,746400
SHY,2012-11-27,84.4,84.43,84.4,84.42,527000
SHY,2012-11-28,84.43,84.44,84.42,84.43,352700
SHY,2012-11-29,84.42,84.44,84.42,84.43,496300
SHY,2012-11-30,84.44,84.45,84.44,84.44,1053400
SHY,2012-12-03,84.43,84.44,84.41,84.43,1090600
SHY,2012-12-04,84.43,84.44,84.43,84.43,1624900
SHY,2012-12-05,84.44,84.45,84.44,84.45,591000
SHY,2012-12-06,84.46,84.46,84.44,84.45,685300
SHY,2012-12-07,84.42,84.45,84.42,84.45,929500
SHY,2012-12-10,84.44,84.45,84.44,84.45,770500
SHY,2012-12-11,84.45,84.45,84.43,84.45,1157700
SHY,2012-12-12,84.44,84.45,84.43,84.44,1108500
SHY,2012-12-13,84.44,84.45,84.43,84.44,790400
SHY,2012-12-14,84.44,84.46,84.44,84.46,566300
SHY,2012-12-17,84.45,84.46,84.42,84.44,503900
SHY,2012-12-18,84.42,84.43,84.39,84.39,1295600
SHY,2012-12-19,84.4,84.41,84.4,84.41,1485100
SHY,2012-12-20,84.42,84.42,84.4,84.4,1167500
SHY,2012-12-21,84.42,84.43,84.41,84.41,899300
SHY,2012-12-24,84.41,84.42,84.41,84.41,388400
SHY,2012-12-26,84.39,84.4055,84.39,84.39,677200
SHY,2012-12-27,84.39,84.42,84.39,84.42,1351200
SHY,2012-12-28,84.41,84.43,84.41,84.42,1334500
SHY,2012-12-31,84.45,84.45,84.39,84.42,818700
SHY,2013-01-02,84.4,84.41,84.4,84.4,2469100
SHY,2013-01-03,84.41,84.43,84.39,84.4,1816100
SHY,2013-01-04,84.39,84.41,84.39,84.41,1028700
SHY,2013-01-07,84.39,84.41,84.39,84.41,672300
SHY,2013-01-08,84.4,84.43,84.4,84.42,712300
SHY,2013-01-09,84.44,84.45,84.43,84.45,1159100
SHY,2013-01-10,84.43,84.45,84.43,84.44,1687300
SHY,2013-01-11,84.43,84.44,84.42,84.43,824000
SHY,2013-01-14,84.45,84.45,84.43,84.43,472400
SHY,2013-01-15,84.45,84.46,84.44,84.44,521400
SHY,2013-01-16,84.44,84.45,84.44,84.44,499800
SHY,2013-01-17,84.42,84.44,84.42,84.43,5547800
SHY,2013-01-18,84.44,84.44,84.42,84.43,390500
SHY,2013-01-22,84.44,84.46,84.43,84.45,956100
SHY,2013-01-23,84.45,84.46,84.45,84.45,747300
SHY,2013-01-24,84.45,84.46,84.44,84.45,595500
SHY,2013-01-25,84.44,84.44,84.4,84.41,694000
SHY,2013-01-28,84.37,84.4,84.37,84.38,642300
SHY,2013-01-29,84.42,84.42,84.39,84.39,672300
SHY,2013-01-30,84.4,84.42,84.39,84.42,526500
SHY,2013-01-31,84.44,84.44,84.42,84.43,641600
SHY,2013-02-01,84.42,84.45,84.4,84.4,1081200
SHY,2013-02-04,84.42,84.44,84.41,84.42,749700
SHY,2013-02-05,84.41,84.42,84.41,84.42,2165500
SHY,2013-02-06,84.43,84.44,84.43,84.44,1691600
SHY,2013-02-07,84.45,84.45,84.43,84.44,672800
SHY,2013-02-08,84.42,84.45,84.42,84.45,590500
SHY,2013-02-11,84.43,84.44,84.42,84.4222,755100
SHY,2013-02-12,84.42,84.42,84.4,84.4,529600
SHY,2013-02-13,84.42,84.42,84.39,84.39,505800
SHY,2013-02-14,84.4,84.41,84.4,84.4,580400
SHY,2013-02-15,84.4,84.41,84.4,84.41,1113600
SHY,2013-02-19,84.41,84.42,84.4,84.4,793000
SHY,2013-02-20,84.4,84.41,84.4,84.4,480300
SHY,2013-02-21,84.43,84.4399,84.42,84.43,610700
SHY,2013-02-22,84.43,84.44,84.43,84.43,693200
SHY,2013-02-25,84.42,84.46,84.42,84.45,433500
SHY,2013-02-26,84.45,84.47,84.45,84.47,1370600
SHY,2013-02-27,84.46,84.47,84.46,84.47,1158800
SHY,2013-02-28,84.46,84.48,84.46,84.46,663800
SHY,2013-03-01,84.45,84.46,84.45,84.46,1563100
SHY,2013-03-04,84.45,84.46,84.45,84.45,485800
SHY,2013-03-05,84.44,84.45,84.44,84.44,583200
SHY,2013-03-06,84.43,84.43,84.42,84.43,452800
SHY,2013-03-07,84.42,84.43,84.41,84.41,519800
SHY,2013-03-08,84.4,84.42,84.39,84.42,727400
SHY,2013-03-11,84.42,84.42,84.41,84.41,1269800
SHY,2013-03-12,84.42,84.43,84.41,84.43,1154800
SHY,2013-03-13,84.41,84.42,84.405,84.41,858800
SHY,2013-03-14,84.4,84.42,84.4,84.41,480900
SHY,2013-03-15,84.42,84.44,84.41,84.44,599400
SHY,2013-03-18,84.43,84.46,84.43,84.46,416900
SHY,2013-03-19,84.46,84.46,84.44,84.45,528700
SHY,2013-03-20,84.43,84.44,84.43,84.44,592000
SHY,2013-03-21,84.43,84.45,84.43,84.45,691200
SHY,2013-03-22,84.46,84.46,84.43,84.43,593700
SHY,2013-03-25,84.43,84.44,84.43,84.43,610500
SHY,2013-03-26,84.44,84.44,84.42,84.44,504300
SHY,2013-03-27,84.46,84.47,84.44,84.46,1263800
SHY,2013-03-28,84.44,84.47,84.44,84.47,691200
SHY,2013-04-01,84.39,84.46,84.39,84.46,1015600
SHY,2013-04-02,84.43,84.47,84.43,84.46,5059900
SHY,2013-04-03,84.42,84.46,84.42,84.45,723400
SHY,2013-04-04,84.46,84.48,84.46,84.48,457100
SHY,2013-04-05,84.47,84.48,84.47,84.48,614100
SHY,2013-04-08,84.46,84.48,84.46,84.46,596500
SHY,2013-04-09,84.46,84.48,84.46,84.46,1046800
SHY,2013-04-10,84.45,84.47,84.45,84.46,1647200
SHY,2013-04-11,84.46,84.47,84.45,84.46,4089300
SHY,2013-04-12,84.46,84.48,84.46,84.47,486700
SHY,2013-04-15,84.47,84.49,84.47,84.48,604000
SHY,2013-04-16,84.47,84.48,84.47,84.48,533500
SHY,2013-04-17,84.47,84.49,84.47,84.48,386900
SHY,2013-04-18,84.47,84.49,84.47,84.48,1195100
SHY,2013-04-19,84.47,84.48,84.46,84.48,591800
SHY,2013-04-22,84.48,84.49,84.46,84.49,797400
SHY,2013-04-23,84.49,84.49,84.48,84.48,524900
SHY,2013-04-24,84.48,84.49,84.47,84.49,578300
SHY,2013-04-25,84.47,84.5,84.47,84.48,688100
SHY,2013-04-26,84.48,84.51,84.48,84.5,685900
SHY,2013-04-29,84.5,84.52,84.5,84.52,496700
SHY,2013-04-30,84.53,84.53,84.51,84.51,506700
SHY,2013-05-01,84.5,84.52,84.49,84.51,1051500
SHY,2013-05-02,84.49,84.51,84.49,84.5,544900
SHY,2013-05-03,84.5,84.5,84.47,84.47,1145200
SHY,2013-05-06,84.49,84.49,84.47,84.47,576100
SHY,2013-05-07,84.47,84.49,84.47,84.47,539800
SHY,2013-05-08,84.48,84.48,84.47,84.48,540000
SHY,2013-05-09,84.47,84.48,84.47,84.47,353500
SHY,2013-05-10,84.47,84.48,84.45,84.46,470800
SHY,2013-05-13,84.46,84.46,84.44,84.44,829600
SHY,2013-05-14,84.44,84.46,84.43,84.44,517900
SHY,2013-05-15,84.45,84.46,84.45,84.45,538400
SHY,2013-05-16,84.46,84.48,84.46,84.47,499400
SHY,2013-05-17,84.48,84.48,84.45,84.45,460300
SHY,2013-05-20,84.48,84.48,84.44,84.46,364700
SHY,2013-05-21,84.45,84.47,84.45,84.46,440800
SHY,2013-05-22,84.46,84.47,84.43,84.43,1022500
SHY,2013-05-23,84.45,84.46,84.43,84.45,835700
SHY,2013-05-24,84.45,84.45,84.43,84.43,1251800
SHY,2013-05-28,84.46,84.46,84.37,84.37,995800
SHY,2013-05-29,84.37,84.39,84.36,84.37,796000
SHY,2013-05-30,84.4,84.4,84.38,84.39,1437300
SHY,2013-05-31,84.4,84.4,84.35,84.38,1320700
SHY,2013-06-03,84.37,84.41,84.35,84.39,2606400
SHY,2013-06-04,84.38,84.39,84.35,84.39,764900
SHY,2013-06-05,84.37,84.4,84.36,84.4,663900
SHY,2013-06-06,84.39,84.41,84.37,84.39,1572400
SHY,2013-06-07,84.35,84.38,84.35,84.38,501800
SHY,2013-06-10,84.34,84.35,84.32,84.35,789800
SHY,2013-06-11,84.32,84.34,84.3,84.34,683100
SHY,2013-06-12,84.32,84.36,84.31,84.33,2149200
SHY,2013-06-13,84.31,84.39,84.31,84.37,1568700
SHY,2013-06-14,84.39,84.43,84.39,84.43,791700
SHY,2013-06-17,84.44,84.44,84.42,84.43,890800
SHY,2013-06-18,84.41,84.44,84.39,84.43,1762700
SHY,2013-06-19,84.42,84.43,84.32,84.33,884400
SHY,2013-06-20,84.3,84.34,84.29,84.32,3282200
SHY,2013-06-21,84.28,84.3,84.23,84.245,3785200
SHY,2013-06-24,84.14,84.23,84.14,84.21,1885200
SHY,2013-06-25,84.24,84.24,84.18,84.195,2382600
SHY,2013-06-26,84.24,84.25,84.2,84.24,1452800
SHY,2013-06-27,84.27,84.3,84.25,84.29,2783900
SHY,2013-06-28,84.27,84.31,84.25,84.28,3109100
SHY,2013-07-01,84.26,84.31,84.25,84.3,4884800
SHY,2013-07-02,84.3,84.31,84.29,84.31,1026500
SHY,2013-07-03,84.27,84.32,84.26,84.3,692600
SHY,2013-07-05,84.19,84.24,84.19,84.21,484500
SHY,2013-07-08,84.21,84.28,84.21,84.27,753800
SHY,2013-07-09,84.3,84.3,84.25,84.26,947900
SHY,2013-07-10,84.25,84.27,84.24,84.26,1401900
SHY,2013-07-11,84.3001,84.33,84.27,84.33,835200
SHY,2013-07-12,84.31,84.35,84.28,84.28,2106800
SHY,2013-07-15,84.31,84.33,84.3,84.32,1025700
SHY,2013-07-16,84.35,84.355,84.32,84.33,836000
SHY,2013-07-17,84.38,84.4,84.35,84.36,728400
SHY,2013-07-18,84.37,84.39,84.34,84.35,909900
SHY,2013-07-19,84.37,84.4,84.35,84.39,519100
SHY,2013-07-22,84.38,84.4,84.36,84.39,1377400
SHY,2013-07-23,84.39,84.39,84.36,84.38,1087100
SHY,2013-07-24,84.34,84.38,84.31,84.34,575400
SHY,2013-07-25,84.32,84.39,84.32,84.39,582700
SHY,2013-07-26,84.38,84.4,84.37,84.4,644800
SHY,2013-07-29,84.37,84.4,84.37,84.39,440300
SHY,2013-07-30,84.38,84.41,84.38,84.4,542100
SHY,2013-07-31,84.37,84.41,84.34,84.4,1283900
SHY,2013-08-01,84.36,84.37,84.31,84.35,6766100
SHY,2013-08-02,84.33,84.41,84.33,84.41,1187100
SHY,2013-08-05,84.4,84.41,84.3705,84.4,870600
SHY,2013-08-06,84.37,84.4,84.37,84.39,881800
SHY,2013-08-07,84.4,84.41,84.3801,84.41,704600
SHY,2013-08-08,84.39,84.41,84.39,84.41,709400
SHY,2013-08-09,84.4,84.41,84.39,84.39,566000
SHY,2013-08-12,84.43,84.43,84.39,84.39,511600
SHY,2013-08-13,84.38,84.38,84.34,84.35,531400
SHY,2013-08-14,84.35,84.37,84.34,84.35,972600
SHY,2013-08-15,84.31,84.34,84.3,84.32,704200
SHY,2013-08-16,84.31,84.34,84.29,84.33,2293500
SHY,2013-08-19,84.32,84.32,84.28,84.31,1951100
SHY,2013-08-20,84.32,84.34,84.319,84.33,1649400
SHY,2013-08-21,84.32,84.34,84.28,84.28,651200
SHY,2013-08-22,84.26,84.28,84.2201,84.25,735000
SHY,2013-08-23,84.19,84.28,84.19,84.25,638200
SHY,2013-08-26,84.27,84.2988,84.27,84.28,733100
SHY,2013-08-27,84.28,84.32,84.28,84.32,802800
SHY,2013-08-28,84.27,84.3,84.251,84.27,709200
SHY,2013-08-29,84.27,84.29,84.24,84.29,653200
SHY,2013-08-30,84.28,84.3,84.27,84.3,847700
SHY,2013-09-03,84.21,84.25,84.2,84.25,2991200
SHY,2013-09-04,84.21,84.23,84.16,84.17,947200
SHY,2013-09-05,84.09,84.12,84.05,84.09,1315100
SHY,2013-09-06,84.13,84.2,84.13,84.17,765500
SHY,2013-09-09,84.18,84.21,84.18,84.19,795600
SHY,2013-09-10,84.16,84.17,84.14,84.16,922200
SHY,2013-09-11,84.18,84.21,84.16,84.2,864100
SHY,2013-09-12,84.21,84.23,84.19,84.2,1586100
SHY,2013-09-13,84.19,84.218,84.19,84.2,564700
SHY,2013-09-16,84.32,84.32,84.26,84.26,737400
SHY,2013-09-17,84.28,84.31,84.27,84.29,668400
SHY,2013-09-18,84.29,84.42,84.26,84.4,744300
SHY,2013-09-19,84.41,84.43,84.37,84.37,5185900
SHY,2013-09-20,84.38,84.39,84.36,84.38,606600
SHY,2013-09-23,84.36,84.4,84.36,84.4,849600
SHY,2013-09-24,84.41,84.42,84.38,84.41,674500
SHY,2013-09-25,84.41,84.44,84.39,84.44,1570500
SHY,2013-09-26,84.45,84.45,84.39,84.4,497100
SHY,2013-09-27,84.44,84.47,84.42,84.45,2082200
SHY,2013-09-30,84.43,84.47,84.43,84.47,1717500
SHY,2013-10-01,84.44,84.45,84.4,84.43,7696500
SHY,2013-10-02,84.44,84.46,84.43,84.44,1773800
SHY,2013-10-03,84.42,84.46,84.42,84.44,693200
SHY,2013-10-04,84.42,84.436,84.41,84.41,498600
SHY,2013-10-07,84.44,84.44,84.39,84.41,602100
SHY,2013-10-08,84.39,84.39,84.33,84.34,572200
SHY,2013-10-09,84.36,84.38,84.33,84.37,696200
SHY,2013-10-10,84.35,84.37,84.35,84.365,469700
SHY,2013-10-11,84.41,84.42,84.37,84.37,889600
SHY,2013-10-14,84.35,84.37,84.32,84.34,581200
SHY,2013-10-15,84.37,84.39,84.3501,84.37,1396400
SHY,2013-10-16,84.38,84.41,84.34,84.4,785600
SHY,2013-10-17,84.44,84.45,84.42,84.43,1823500
SHY,2013-10-18,84.44,84.45,84.43,84.43,647100
SHY,2013-10-21,84.44,84.45,84.4201,84.43,453700
SHY,2013-10-22,84.47,84.5,84.47,84.495,1274200
SHY,2013-10-23,84.5,84.5,84.47,84.47,1109600
SHY,2013-10-24,84.47,84.48,84.46,84.46,1312200
SHY,2013-10-25,84.48,84.5,84.46,84.48,1739300
SHY,2013-10-28,84.47,84.5,84.47,84.5,716400
SHY,2013-10-29,84.49,84.5,84.48,84.5,548500
SHY,2013-10-30,84.5,84.52,84.49,84.5,524500
SHY,2013-10-31,84.5,84.51,84.48,84.51,1532500
SHY,2013-11-01,84.47,84.48,84.46,84.46,1213600
SHY,2013-11-04,84.47,84.49,84.47,84.48,933500
SHY,2013-11-05,84.48,84.48,84.45,84.48,1523800
SHY,2013-11-06,84.5,84.52,84.49,84.5,1145400
SHY,2013-11-07,84.52,84.53,84.51,84.52,627300
SHY,2013-11-08,84.48,84.49,84.46,84.46,1591100
SHY,2013-11-11,84.45,84.48,84.45,84.48,257500
SHY,2013-11-12,84.44,84.47,84.44,84.46,1296400
SHY,2013-11-13,84.47,84.49,84.46,84.46,3394800
SHY,2013-11-14,84.49,84.52,84.48,84.51,470300
SHY,2013-11-15,84.53,84.53,84.51,84.51,544700
SHY,2013-11-18,84.53,84.55,84.51,84.55,1592900
SHY,2013-11-19,84.52,84.54,84.52,84.52,729700
SHY,2013-11-20,84.54,84.57,84.5201,84.53,862500
SHY,2013-11-21,84.54,84.57,84.53,84.57,490600
SHY,2013-11-22,84.55,84.55,84.53,84.55,661800
SHY,2013-11-25,84.55,84.55,84.53,84.55,462700
SHY,2013-11-26,84.53,84.56,84.53,84.56,505800
SHY,2013-11-27,84.55,84.56,84.54,84.56,449600
SHY,2013-11-29,84.51,84.57,84.51,84.57,627900
SHY,2013-12-02,84.44,84.54,84.44,84.5,2508400
SHY,2013-12-03,84.52,84.53,84.52,84.52,577400
SHY,2013-12-04,84.49,84.52,84.49,84.5,827700
SHY,2013-12-05,84.5,84.52,84.48,84.51,454600
SHY,2013-12-06,84.48,84.5,84.47,84.475,984900
SHY,2013-12-09,84.48,84.5,84.47,84.48,397300
SHY,2013-12-10,84.5,84.51,84.48,84.51,390100
SHY,2013-12-11,84.49,84.51,84.48,84.48,418400
SHY,2013-12-12,84.47,84.47,84.43,84.45,1247900
SHY,2013-12-13,84.46,84.47,84.44,84.47,445300
SHY,2013-12-16,84.45,84.48,84.45,84.47,724700
SHY,2013-12-17,84.47,84.49,84.46,84.49,826700
SHY,2013-12-18,84.47,84.52,84.46,84.49,1675600
SHY,2013-12-19,84.44,84.47,84.43,84.44,767900
SHY,2013-12-20,84.41,84.45,84.41,84.41,851000
SHY,2013-12-23,84.42,84.42,84.4,84.4,624400
SHY,2013-12-24,84.38,84.4,84.37,84.37,711000
SHY,2013-12-26,84.35,84.37,84.34,84.34,729000
SHY,2013-12-27,84.38,84.3899,84.37,84.38,423700
SHY,2013-12-30,84.39,84.4,84.38,84.4,442900
SHY,2013-12-31,84.39,84.41,84.38,84.38,609800
SHY,2014-01-02,84.4,84.42,84.39,84.42,2412500
SHY,2014-01-03,84.39,84.42,84.38,84.39,1062700
SHY,2014-01-06,84.38,84.4,84.38,84.4,699500
SHY,2014-01-07,84.4,84.4,84.39,84.4,664900
SHY,2014-01-08,84.37,84.37,84.31,84.32,608600
SHY,2014-01-09,84.34,84.34,84.31,84.34,1121100
SHY,2014-01-10,84.39,84.43,84.3801,84.42,491900
SHY,2014-01-13,84.43,84.46,84.43,84.44,1269200
SHY,2014-01-14,84.43,84.45,84.4,84.42,487000
SHY,2014-01-15,84.39,84.39,84.37,84.39,800100
SHY,2014-01-16,84.4,84.41,84.39,84.41,738600
SHY,2014-01-17,84.42,84.42,84.4,84.41,418300
SHY,2014-01-21,84.42,84.43,84.4,84.4,498600
SHY,2014-01-22,84.37,84.39,84.36,84.36,622700
SHY,2014-01-23,84.36,84.45,84.36,84.44,886600
SHY,2014-01-24,84.43,84.5,84.43,84.47,781200
SHY,2014-01-27,84.45,84.48,84.44,84.46,1166400
SHY,2014-01-28,84.47,84.48,84.45,84.46,645100
SHY,2014-01-29,84.49,84.52,84.481,84.52,538500
SHY,2014-01-30,84.5,84.51,84.48,84.51,579400
SHY,2014-01-31,84.54,84.55,84.52,84.55,939500
SHY,2014-02-03,84.51,84.5811,84.49,84.55,54448200
SHY,2014-02-04,84.53,84.56,84.53,84.56,2357300
SHY,2014-02-05,84.53,84.55,84.52,84.52,3985300
SHY,2014-02-06,84.52,84.53,84.5,84.53,1420700
SHY,2014-02-07,84.52,84.56,84.52,84.55,1426700
SHY,2014-02-10,84.54,84.55,84.52,84.53,1571900
SHY,2014-02-11,84.5,84.51,84.49,84.51,1295500
SHY,2014-02-12,84.49,84.49,84.46,84.47,2196700
SHY,2014-02-13,84.5,84.54,84.45,84.52,1334300
SHY,2014-02-14,84.52,84.54,84.51,84.52,1279000
SHY,2014-02-18,84.53,84.57,84.53,84.55,1081300
SHY,2014-02-19,84.57,84.58,84.52,84.52,1357800
SHY,2014-02-20,84.5,84.53,84.5,84.53,1012600
SHY,2014-02-21,84.51,84.54,84.5001,84.54,750300
SHY,2014-02-24,84.52,84.54,84.51,84.54,1647600
SHY,2014-02-25,84.53,84.55,84.52,84.53,666400
SHY,2014-02-26,84.53,84.58,84.53,84.57,2079600
SHY,2014-02-27,84.57,84.58,84.56,84.56,362600
SHY,2014-02-28,84.55,84.57,84.53,84.56,2360500
SHY,2014-03-03,84.55,84.59,84.55,84.59,2587200
SHY,2014-03-04,84.55,84.55,84.5074,84.52,49419100
SHY,2014-03-05,84.5,84.55,84.49,84.55,2176200
SHY,2014-03-06,84.5,84.52,84.49,84.5,1044400
SHY,2014-03-07,84.44,84.48,84.44,84.44,807400
SHY,2014-03-10,84.43,84.47,84.43,84.45,450100
SHY,2014-03-11,84.46,84.47,84.44,84.45,337500
SHY,2014-03-12,84.49,84.49,84.47,84.48,342400
SHY,2014-03-13,84.45,84.53,84.43,84.53,2012000
SHY,2014-03-14,84.54,84.54,84.51,84.51,1035600
SHY,2014-03-17,84.5,84.51,84.47,84.48,659700
SHY,2014-03-18,84.49,84.51,84.48,84.5,317000
SHY,2014-03-19,84.49,84.51,84.33,84.36,567200
SHY,2014-03-20,84.36,84.38,84.35,84.37,826800
SHY,2014-03-21,84.37,84.39,84.35,84.38,452200
SHY,2014-03-24,84.31,84.36,84.31,84.34,1761600
SHY,2014-03-25,84.34,84.38,84.34,84.35,962000
SHY,2014-03-26,84.36,84.425,84.36,84.41,598400
SHY,2014-03-27,84.38,84.42,84.38,84.4,447800
SHY,2014-03-28,84.37,84.41,84.37,84.4,335900
SHY,2014-03-31,84.39,84.45,84.38,84.42,1502200
SHY,2014-04-01,84.4,84.41,84.38,84.38,4107900
SHY,2014-04-02,84.36,84.3726,84.345,84.35,504800
SHY,2014-04-03,84.35,84.38,84.35,84.37,2637400
SHY,2014-04-04,84.42,84.4444,84.4,84.44,726400
SHY,2014-04-07,84.44,84.47,84.44,84.445,423300
SHY,2014-04-08,84.46,84.47,84.44,84.46,455900
SHY,2014-04-09,84.45,84.52,84.42,84.5,939600
SHY,2014-04-10,84.52,84.56,84.51,84.55,731900
SHY,2014-04-11,84.55,84.56,84.53,84.54,2225800
SHY,2014-04-14,84.57,84.57,84.5,84.53,520300
SHY,2014-04-15,84.51,84.54,84.49,84.53,303500
SHY,2014-04-16,84.5,84.52,84.49,84.5,381100
SHY,2014-04-17,84.49,84.5,84.45,84.48,2592700
SHY,2014-04-21,84.46,84.48,84.45,84.48,592800
SHY,2014-04-22,84.46,84.47,84.44,84.44,543100
SHY,2014-04-23,84.48,84.5,84.47,84.48,553100
SHY,2014-04-24,84.45,84.49,84.45,84.46,979000
SHY,2014-04-25,84.48,84.5,84.47,84.47,270300
SHY,2014-04-28,84.47,84.5,84.47,84.47,280400
SHY,2014-04-29,84.48,84.48,84.4347,84.46,401300
SHY,2014-04-30,84.5,84.52,84.5,84.52,484000
SHY,2014-05-01,84.48,84.52,84.48,84.5,1141100
SHY,2014-05-02,84.45,84.5,84.44,84.49,543100
SHY,2014-05-05,84.49,84.5,84.47,84.5,1540800
SHY,2014-05-06,84.47,84.48,84.46,84.47,432900
SHY,2014-05-07,84.46,84.52,84.46,84.5,645400
SHY,2014-05-08,84.52,84.55,84.5,84.52,729300
SHY,2014-05-09,84.47,84.55,84.47,84.55,361700
SHY,2014-05-12,84.51,84.55,84.51,84.53,1001200
SHY,2014-05-13,84.56,84.57,84.54,84.56,486500
SHY,2014-05-14,84.56,84.62,84.56,84.59,644600
SHY,2014-05-15,84.59,84.62,84.58,84.6,337200
SHY,2014-05-16,84.59,84.62,84.59,84.61,446600
SHY,2014-05-19,84.62,84.65,84.61,84.63,362200
SHY,2014-05-20,84.61,84.65,84.61,84.64,349900
SHY,2014-05-21,84.61,84.64,84.61,84.64,372800
SHY,2014-05-22,84.61,84.63,84.6,84.62,468300
SHY,2014-05-23,84.63,84.65,84.56,84.6,381500
SHY,2014-05-27,84.63,84.63,84.6,84.62,850200
SHY,2014-05-28,84.64,84.67,84.64,84.64,562000
SHY,2014-05-29,84.65,84.68,84.63,84.63,1651000
SHY,2014-05-30,84.63,84.66,84.62,84.62,895600
SHY,2014-06-02,84.6,84.61,84.56,84.57,978100
SHY,2014-06-03,84.56,84.58,84.55,84.55,411200
SHY,2014-06-04,84.56,84.58,84.55,84.58,1034300
SHY,2014-06-05,84.56,84.6,84.56,84.59,1187800
SHY,2014-06-06,84.58,84.599,84.55,84.57,733600
SHY,2014-06-09,84.52,84.54,84.51,84.51,586500
SHY,2014-06-10,84.66,84.66,84.49,84.49,662600
SHY,2014-06-11,84.51,84.52,84.5,84.52,288000
SHY,2014-06-12,84.5,84.56,84.5,84.55,1129200
SHY,2014-06-13,84.45,84.51,84.45,84.5,582100
SHY,2014-06-16,84.46,84.49,84.46,84.48,337700
SHY,2014-06-17,84.42,84.45,84.41,84.41,726900
SHY,2014-06-18,84.46,84.48,84.44,84.48,540100
SHY,2014-06-19,84.5,84.5,84.46,84.47,318700
SHY,2014-06-20,84.48,84.48,84.44,84.47,508700
SHY,2014-06-23,84.5,84.5,84.46,84.47,668600
SHY,2014-06-24,84.47,84.5,84.46,84.5,576000
SHY,2014-06-25,84.5,84.53,84.5,84.51,453700
SHY,2014-06-26,84.61,84.61,84.53,84.53,368700
SHY,2014-06-27,84.56,84.57,84.54,84.55,524900
SHY,2014-06-30,84.55,84.57,84.54,84.56,1091800
SHY,2014-07-01,84.54,84.54,84.5,84.5,542700
SHY,2014-07-02,84.46,84.5,84.46,84.47,594300
SHY,2014-07-03,84.44,84.46,84.42,84.46,492600
SHY,2014-07-07,84.41,84.44,84.41,84.44,506100
SHY,2014-07-08,84.45,84.47,84.43,84.46,627700
SHY,2014-07-09,84.44,84.49,84.4,84.47,380900
SHY,2014-07-10,84.5,84.54,84.5,84.51,466100
SHY,2014-07-11,84.54,84.55,84.52,84.53,2614500
SHY,2014-07-14,84.5,84.53,84.5,84.52,672900
SHY,2014-07-15,84.5,84.55,84.47,84.48,435700
SHY,2014-07-16,84.49,84.4999,84.46,84.47,426700
SHY,2014-07-17,84.5,84.52,84.47,84.47,2408500
SHY,2014-07-18,84.5,84.52,84.47,84.47,2316600
SHY,2014-07-21,84.52,84.52,84.47,84.48,2455200
SHY,2014-07-22,84.48,84.5,84.47,84.48,2456000
SHY,2014-07-23,84.52,84.52,84.5,84.51,478400
SHY,2014-07-24,84.47,84.49,84.46,84.48,221200
SHY,2014-07-25,84.49,84.5,84.47,84.49,2324500
SHY,2014-07-28,84.46,84.48,84.45,84.45,2286900
SHY,2014-07-29,84.46,84.47,84.45,84.47,255200
SHY,2014-07-30,84.43,84.43,84.38,84.43,1110200
SHY,2014-07-31,84.43,84.47,84.41,84.44,1446200
SHY,2014-08-01,84.47,84.5628,84.47,84.55,19826500
SHY,2014-08-04,84.54,84.56,84.53,84.55,1419200
SHY,2014-08-05,84.52,84.57,84.52,84.55,1278200
SHY,2014-08-06,84.56,84.5899,84.55,84.57,949900
SHY,2014-08-07,84.58,84.61,84.5401,84.61,1129200
SHY,2014-08-08,84.6,84.62,84.56,84.56,500400
SHY,2014-08-11,84.58,84.59,84.56,84.56,1264700
SHY,2014-08-12,84.57,84.59,84.55,84.56,1587100
SHY,2014-08-13,84.62,84.62,84.58,84.6,708500
SHY,2014-08-14,84.57,84.64,84.57,84.62,975800
SHY,2014-08-15,84.59,84.68,84.58,84.62,911200
SHY,2014-08-18,84.57,84.63,84.57,84.62,721600
SHY,2014-08-19,84.63,84.63,84.6,84.62,1047000
SHY,2014-08-20,84.6,84.6,84.53,84.54,668300
SHY,2014-08-21,84.53,84.58,84.53,84.54,720300
SHY,2014-08-22,84.52,84.56,84.5,84.52,758700
SHY,2014-08-25,84.5,84.52,84.49,84.49,1146100
SHY,2014-08-26,84.5,84.53,84.49,84.52,372100
SHY,2014-08-27,84.53,84.55,84.53,84.54,473300
SHY,2014-08-28,84.53,84.57,84.53,84.56,459100
SHY,2014-08-29,84.56,84.6,84.55,84.57,515700
SHY,2014-09-02,84.54,84.55,84.4977,84.5,13519800
SHY,2014-09-03,84.5,84.53,84.49,84.52,741300
SHY,2014-09-04,84.51,84.54,84.48,84.51,1702900
SHY,2014-09-05,84.54,84.56,84.53,84.54,422000
SHY,2014-09-08,84.54,84.5551,84.49,84.49,533300
SHY,2014-09-09,84.49,84.5,84.44,84.44,506900
SHY,2014-09-10,84.43,84.46,84.43,84.45,367900
SHY,2014-09-11,84.48,84.49,84.45,84.46,774800
SHY,2014-09-12,84.43,84.46,84.43,84.44,340600
SHY,2014-09-15,84.46,84.49,84.46,84.48,431000
SHY,2014-09-16,84.5,84.53,84.4701,84.53,1624100
SHY,2014-09-17,84.47,84.575,84.43,84.44,541600
SHY,2014-09-18,84.42,84.45,84.41,84.45,419000
SHY,2014-09-19,84.43,84.46,84.42,84.44,425400
SHY,2014-09-22,84.47,84.5,84.46,84.5,332614
SHY,2014-09-23,84.48,84.52,84.48,84.52,745807
SHY,2014-09-24,84.5,84.52,84.48,84.49,1455858
SHY,2014-09-25,84.48,84.55,84.48,84.55,892431
SHY,2014-09-26,84.53,84.53,84.48,84.51,1486320
SHY,2014-09-29,84.53,84.54,84.51,84.53,533240
SHY,2014-09-30,84.51,84.53,84.49,84.51,1507960
SHY,2014-10-01,84.55,84.6,84.53,84.57,20930812
SHY,2014-10-02,84.58,84.59,84.54,84.56,1828328
SHY,2014-10-03,84.51,84.52,84.47,84.48,2110103
SHY,2014-10-06,84.54,84.575,84.51,84.56,841287
SHY,2014-10-07,84.57,84.62,84.57,84.61,1333886
SHY,2014-10-08,84.6,84.71,84.59,84.7,1367249
SHY,2014-10-09,84.69,84.72,84.68,84.7,622990
SHY,2014-10-10,84.71,84.74,84.69,84.74,629282
SHY,2014-10-13,84.79,85.37,84.76,84.77,1238984
SHY,2014-10-14,84.81,84.84,84.79,84.82,2228765
SHY,2014-10-15,85.01,85.068,84.83,84.93,2526709
SHY,2014-10-16,84.95,84.96,84.86,84.88,27217278
SHY,2014-10-17,84.85,84.86,84.81,84.83,2035033
SHY,2014-10-20,84.84,84.88,84.84,84.88,1139833
SHY,2014-10-21,84.84,84.88,84.84,84.86,1356698
SHY,2014-10-22,84.82,84.84,84.81,84.84,1814064
SHY,2014-10-23,84.79,84.815,84.78,84.8,1081533
SHY,2014-10-24,84.79,84.8267,84.79,84.82,1171395
SHY,2014-10-27,84.8,84.84,84.8,84.82,919726
SHY,2014-10-28,84.82,84.8389,84.79,84.8,738277
SHY,2014-10-29,84.79,84.8,84.69,84.69,1452224
SHY,2014-10-30,84.71,84.75,84.7,84.72,1485845
SHY,2014-10-31,84.6515,84.6914,84.6515,84.6715,1770172
SHY,2014-11-03,84.72,84.72,84.6066,84.66,14207316
SHY,2014-11-04,84.62,84.67,84.59,84.65,1177734
SHY,2014-11-05,84.64,84.64,84.62,84.63,1289660
SHY,2014-11-06,84.61,84.64,84.6,84.61,815210
SHY,2014-11-07,84.65,84.69,84.63,84.67,1389032
SHY,2014-11-10,84.67,84.69,84.61,84.61,1381667
SHY,2014-11-11,84.58,84.7099,84.57,84.6,580276
SHY,2014-11-12,84.63,84.66,84.61,84.63,894640
SHY,2014-11-13,84.63,84.66,84.63,84.65,746250
SHY,2014-11-14,84.64,84.69,84.61,84.69,1064438
SHY,2014-11-17,84.67,84.69,84.66,84.68,850040
SHY,2014-11-18,84.69,84.69,84.656,84.67,23372002
SHY,2014-11-19,84.63,84.7,84.63,84.66,961982
SHY,2014-11-20,84.7,84.71,84.66,84.68,723596
SHY,2014-11-21,84.71,84.72,84.69,84.7,1048714
SHY,2014-11-24,84.66,84.71,84.66,84.71,1582144
SHY,2014-11-25,84.7,84.74,84.69,84.72,472716
SHY,2014-11-26,84.72,84.76,84.72,84.73,840008
SHY,2014-11-28,84.78,84.78,84.75,84.76,319686
SHY,2014-12-01,84.79,84.81,84.73,84.73,2475853
SHY,2014-12-02,84.71,84.71,84.66,84.68,825303
SHY,2014-12-03,84.67,84.67,84.63,84.64,782060
SHY,2014-12-04,84.66,84.69,84.65,84.69,901357
SHY,2014-12-05,84.53,84.5704,84.51,84.53,494171
SHY,2014-12-08,84.51,84.54,84.49,84.52,427381
SHY,2014-12-09,84.58,84.61,84.54,84.55,544966
SHY,2014-12-10,84.54,84.64,84.54,84.62,734340
SHY,2014-12-11,84.6,84.6,84.56,84.58,678871
SHY,2014-12-12,84.65,84.72,84.62,84.66,942719
SHY,2014-12-15,84.63,84.66,84.59,84.6,1662126
SHY,2014-12-16,84.67,84.69,84.62,84.65,1239481
SHY,2014-12-17,84.63,84.7245,84.506,84.57,966895
SHY,2014-12-18,84.49,84.53,84.49,84.52,1009086
SHY,2014-12-19,84.56,84.56,84.46,84.46,785141
SHY,2014-12-22,84.46,84.5,84.46,84.48,680261
SHY,2014-12-23,84.47,84.47,84.39,84.39,1083537
SHY,2014-12-24,84.36,84.435,84.35,84.4,958671
SHY,2014-12-26,84.35,84.4,84.35,84.37,414327
SHY,2014-12-29,84.43,84.46,84.43,84.45,749468
SHY,2014-12-30,84.49,84.51,84.4601,84.48,665859
SHY,2014-12-31,84.47,84.52,84.45,84.45,724137
SHY,2015-01-02,84.49,84.54,84.47,84.54,1735429
SHY,2015-01-05,84.47,84.55,84.47,84.54,1214261
SHY,2015-01-06,84.56,84.68,84.56,84.58,959392
SHY,2015-01-07,84.59,84.63,84.57,84.62,768787
SHY,2015-01-08,84.61,84.64,84.59,84.61,862531
SHY,2015-01-09,84.67,84.73,84.67,84.68,422054
SHY,2015-01-12,84.73,84.75,84.7,84.73,641738
SHY,2015-01-13,84.74,84.7899,84.71,84.78,525557
SHY,2015-01-14,84.85,84.88,84.83,84.83,690751
SHY,2015-01-15,84.85,84.96,84.84,84.96,577853
SHY,2015-01-16,84.93,84.93,84.86,84.88,756251
SHY,2015-01-20,84.87,84.91,84.84,84.84,695960
SHY,2015-01-21,84.83,84.8875,84.82,84.84,606384
SHY,2015-01-22,84.87,84.87,84.78,84.81,588265
SHY,2015-01-23,84.83,84.86,84.81,84.85,1089863
SHY,2015-01-26,84.83,84.85,84.79,84.8,1576396
SHY,2015-01-27,84.86,84.8806,84.82,84.85,414895
SHY,2015-01-28,84.83,84.92,84.82,84.91,743855
SHY,2015-01-29,84.88,84.88,84.83,84.88,516093
SHY,2015-01-30,84.94,84.98,84.8749,84.98,474371
SHY,2015-02-02,84.94,84.95,84.88,84.92,1883811
SHY,2015-02-03,84.89,84.89,84.83,84.85,1015038
SHY,2015-02-04,84.82,84.88,84.79,84.863,798195
SHY,2015-02-05,84.85,84.85,84.81,84.83,428384
SHY,2015-02-06,84.7,84.7,84.61,84.63,774327
SHY,2015-02-09,84.65,84.65,84.61,84.62,1616202
SHY,2015-02-10,84.63,84.63,84.59,84.6,1194527
SHY,2015-02-11,84.63,84.63,84.6,84.61,840513
SHY,2015-02-12,84.64,84.68,84.62,84.64,1036288
SHY,2015-02-13,84.66,84.69,84.64,84.64,1118633
SHY,2015-02-17,84.62,84.66,84.57,84.6,562421
SHY,2015-02-18,84.62,84.73,84.59,84.7,998367
SHY,2015-02-19,84.65,84.7199,84.64,84.65,744045
SHY,2015-02-20,84.7,84.72,84.61,84.64,415214
SHY,2015-02-23,84.67,84.69,84.64,84.68,715475
SHY,2015-02-24,84.67,84.76,84.62,84.75,482809
SHY,2015-02-25,84.71,84.75,84.71,84.75,485326
SHY,2015-02-26,84.68,84.7099,84.65,84.67,530580
SHY,2015-02-27,84.71,84.72,84.67,84.7,3103085
SHY,2015-03-02,84.64,84.66,84.6,84.6,3233241
SHY,2015-03-03,84.6,84.62,84.57,84.58,1288839
SHY,2015-03-04,84.61,84.63,84.58,84.6,572912
SHY,2015-03-05,84.64,84.6565,84.61,84.63,386849
SHY,2015-03-06,84.51,84.56,84.5,84.54,503250
SHY,2015-03-09,84.54,84.58,84.5335,84.58,367211
SHY,2015-03-10,84.63,84.63,84.57,84.6,1039641
SHY,2015-03-11,84.6,84.62,84.57,84.6,607489
SHY,2015-03-12,84.64,84.6699,84.6,84.62,1158084
SHY,2015-03-13,84.61,84.67,84.61,84.63,436512
SHY,2015-03-16,84.64,84.68,84.63,84.64,934028
SHY,2015-03-17,84.67,84.67,84.62,84.62,1255566
SHY,2015-03-18,84.62,84.827,84.575,84.82,873468
SHY,2015-03-19,84.75,84.78,84.7,84.71,350966
SHY,2015-03-20,84.78,84.79,84.75,84.77,721889
SHY,2015-03-23,84.78,84.81,84.75,84.8,683940
SHY,2015-03-24,84.8,84.83,84.77,84.83,535881
SHY,2015-03-25,84.83,84.84,84.78,84.81,931962
SHY,2015-03-26,84.78,84.78,84.73,84.77,963399
SHY,2015-03-27,84.79,84.83,84.79,84.82,595280
SHY,2015-03-30,84.83,84.84,84.8,84.81,793649
SHY,2015-03-31,84.83,84.88,84.82,84.88,1035220
SHY,2015-04-01,84.84,84.88,84.84,84.88,2228705
SHY,2015-04-02,84.88,84.88,84.83,84.87,643531
SHY,2015-04-06,84.98,84.98,84.91,84.94,1162394
SHY,2015-04-07,84.88,84.9,84.88,84.88,544501
SHY,2015-04-08,84.89,84.9,84.84,84.88,1086755
SHY,2015-04-09,84.86,84.87,84.84,84.85,459049
SHY,2015-04-10,84.86,84.87,84.83,84.83,614379
SHY,2015-04-13,84.83,84.88,84.83,84.88,754415
SHY,2015-04-14,84.9,84.9396,84.89,84.92,449193
SHY,2015-04-15,84.91,84.93,84.9,84.92,772167
SHY,2015-04-16,84.94,84.97,84.9,84.96,11419405
SHY,2015-04-17,84.91,84.95,84.91,84.92,727218
SHY,2015-04-20,84.9,84.93,84.88,84.91,460947
SHY,2015-04-21,84.86,84.92,84.86,84.92,565717
SHY,2015-04-22,84.87,84.89,84.85,84.85,582181
SHY,2015-04-23,84.86,84.89,84.86,84.89,561698
SHY,2015-04-24,84.92,84.93,84.9,84.92,405827
SHY,2015-04-27,84.92,84.92,84.89,84.91,439253
SHY,2015-04-28,84.87,84.91,84.87,84.87,506439
SHY,2015-04-29,84.85,84.88,84.83,84.88,461384
SHY,2015-04-30,84.84,84.88,84.801,84.87,746760
SHY,2015-05-01,84.8,84.82,84.78,84.8,1996312
SHY,2015-05-04,84.79,84.82,84.77,84.8,535675
SHY,2015-05-05,84.78,84.82,84.74,84.78,8800884
SHY,2015-05-06,84.75,84.77,84.72,84.75,1583012
SHY,2015-05-07,84.75,84.76,84.72,84.72,909529
SHY,2015-05-08,84.84,84.86,84.82,84.84,855392
SHY,2015-05-11,84.82,84.83,84.76,84.76,2438643
SHY,2015-05-12,84.78,84.8,84.75,84.77,497568
SHY,2015-05-13,84.83,84.86,84.8,84.81,670894
SHY,2015-05-14,84.85,84.89,84.85,84.89,992810
SHY,2015-05-15,84.85,84.91,84.85,84.89,599237
SHY,2015-05-18,84.87,84.89,84.82,84.84,5576444
SHY,2015-05-19,84.78,84.82,84.77,84.79,544576
SHY,2015-05-20,84.81,84.83,84.79,84.82,541606
SHY,2015-05-21,84.82,84.86,84.81,84.85,677917
SHY,2015-05-22,84.8,84.82,84.78,84.79,530540
SHY,2015-05-26,84.76,84.82,84.76,84.8,633953
SHY,2015-05-27,84.78,84.82,84.77,84.81,597130
SHY,2015-05-28,84.81,84.86,84.81,84.85,888216
SHY,2015-05-29,84.84,84.89,84.84,84.87,565883
SHY,2015-06-01,84.86,84.86,84.76,84.78,8556408
SHY,2015-06-02,84.74,84.77,84.74,84.77,715282
SHY,2015-06-03,84.72,84.74,84.71,84.74,1359786
SHY,2015-06-04,84.75,84.77,84.72,84.75,934345
SHY,2015-06-05,84.63,84.69,84.63,84.665,599309
SHY,2015-06-08,84.68,84.72,84.68,84.72,985362
SHY,2015-06-09,84.71,84.71,84.66,84.68,1189694
SHY,2015-06-10,84.67,84.67,84.64,84.66,817069
SHY,2015-06-11,84.66,84.68,84.63,84.68,938579
SHY,2015-06-12,84.64,84.69,84.64,84.66,398942
SHY,2015-06-15,84.71,84.73,84.69,84.7,542740
SHY,2015-06-16,84.7,84.73,84.695,84.73,6452875
SHY,2015-06-17,84.68,84.79,84.5901,84.79,2940895
SHY,2015-06-18,84.77,84.81,84.752,84.81,625884
SHY,2015-06-19,84.84,84.85,84.82,84.83,397742
SHY,2015-06-22,84.8,84.8,84.76,84.77,438114
SHY,2015-06-23,84.72,84.77,84.72,84.75,495298
SHY,2015-06-24,84.76,84.79,84.73,84.79,681762
SHY,2015-06-25,84.75,84.78,84.73,84.77,461930
SHY,2015-06-26,84.72,84.75,84.72,84.72,476645
SHY,2015-06-29,84.83,84.87,84.79,84.86,895709
SHY,2015-06-30,84.84,84.89,84.825,84.86,3121335
SHY,2015-07-01,84.76,84.7798,84.74,84.75,11472971
SHY,2015-07-02,84.85,84.88,84.8,84.88,2175058
SHY,2015-07-06,84.9,84.92,84.86,84.9,1088316
SHY,2015-07-07,84.95,84.975,84.89,84.89,2665259
SHY,2015-07-08,84.92,84.99,84.91,84.98,1628588
SHY,2015-07-09,84.93,84.94,84.9,84.92,1995925
SHY,2015-07-10,84.86,84.8772,84.81,84.84,1999234
SHY,2015-07-13,84.79,84.8,84.77,84.8,856704
SHY,2015-07-14,84.82,84.84,84.82,84.84,1062073
SHY,2015-07-15,84.82,84.87,84.79,84.87,1068786
SHY,2015-07-16,84.77,84.83,84.77,84.83,5841922
SHY,2015-07-17,84.78,84.82,84.78,84.81,934880
SHY,2015-07-20,84.75,84.77,84.74,84.76,1104907
SHY,2015-07-21,84.73,84.8,84.73,84.77,653416
SHY,2015-07-22,84.76,84.77,84.74,84.76,760420
SHY,2015-07-23,84.71,84.78,84.71,84.77,854227
SHY,2015-07-24,84.77,84.83,84.76,84.79,810493
SHY,2015-07-27,84.86,84.865,84.825,84.85,4482774
SHY,2015-07-28,84.83,84.85,84.81,84.83,2113812
SHY,2015-07-29,84.82,84.85,84.79,84.81,1590901
SHY,2015-07-30,84.77,84.79,84.75,84.77,581364
SHY,2015-07-31,84.86,84.8799,84.84,84.86,4190615
SHY,2015-08-03,84.79,84.86,84.79,84.85,5562923
SHY,2015-08-04,84.8,84.82,84.72,84.72,1228832
SHY,2015-08-05,84.71,84.73,84.68,84.73,1825573
SHY,2015-08-06,84.74,84.77,84.73,84.75,1132310
SHY,2015-08-07,84.7,84.75,84.69,84.71,934342
SHY,2015-08-10,84.71,84.73,84.7,84.71,1397652
SHY,2015-08-11,84.82,84.83,84.79,84.82,1889424
SHY,2015-08-12,84.84,84.88,84.8,84.82,1508294
SHY,2015-08-13,84.78,84.8,84.74,84.75,537033
SHY,2015-08-14,84.71,84.75,84.71,84.71,837640
SHY,2015-08-17,84.75,84.78,84.75,84.76,646737
SHY,2015-08-18,84.74,84.76,84.7201,84.75,466281
SHY,2015-08-19,84.74,84.84,84.71,84.83,960566
SHY,2015-08-20,84.84,84.84,84.8,84.8,5878950
SHY,2015-08-21,84.85,84.9,84.8301,84.89,2062886
SHY,2015-08-24,85.05,85.05,84.89,84.93,4491377
SHY,2015-08-25,84.89,84.94,84.85,84.89,2708043
SHY,2015-08-26,84.87,84.935,84.84,84.84,2519371
SHY,2015-08-27,84.84,84.87,84.8,84.85,2985253
SHY,2015-08-28,84.87,84.88,84.7801,84.81,1683171
SHY,2015-08-31,84.81,84.84,84.77,84.78,7294483
SHY,2015-09-01,84.78,84.8,84.75,84.77,6316961
SHY,2015-09-02,84.79,84.8,84.75,84.79,5691310
SHY,2015-09-03,84.83,84.83,84.78,84.79,2627789
SHY,2015-09-04,84.81,84.84,84.78,84.8,1393914
SHY,2015-09-08,84.76,84.78,84.75,84.77,3251514
SHY,2015-09-09,84.72,84.77,84.72,84.75,1720972
SHY,2015-09-10,84.77,84.78,84.75,84.78,1004143
SHY,2015-09-11,84.78,84.82,84.78,84.81,539551
SHY,2015-09-14,84.81,84.83,84.79,84.79,1649111
SHY,2015-09-15,84.78,84.78,84.67,84.67,2200070
SHY,2015-09-16,84.68,84.73,84.66,84.66,1454213
SHY,2015-09-17,84.66,84.87,84.66,84.85,1268226
SHY,2015-09-18,84.85,84.89,84.85,84.89,1424890
SHY,2015-09-21,84.84,84.85,84.82,84.84,1668218
SHY,2015-09-22,84.88,84.9,84.86,84.89,834262
SHY,2015-09-23,84.87,84.8999,84.84,84.86,1659765
SHY,2015-09-24,84.89,84.95,84.89,84.91,1480651
SHY,2015-09-25,84.9,84.9204,84.85,84.87,1115869
SHY,2015-09-28,84.9,84.94,84.88,84.93,2572042
SHY,2015-09-29,84.95,84.99,84.9301,84.97,1896624
SHY,2015-09-30,84.95,85.0,84.95,84.99,9534803
SHY,2015-10-01,84.95,84.98,84.92,84.95,5262908
SHY,2015-10-02,85.1,85.12,85.05,85.07,1668675
SHY,2015-10-05,85.05,85.05,84.98,85.01,5500696
SHY,2015-10-06,84.97,85.02,84.97,85.0,1519149
SHY,2015-10-07,84.98,84.99,84.95,84.98,3660694
SHY,2015-10-08,84.94,85.0,84.94,84.96,1793099
SHY,2015-10-09,84.93,84.96,84.92,84.96,1107728
SHY,2015-10-12,84.9,84.98,84.9,84.94,1486902
SHY,2015-10-13,84.96,84.98,84.95,84.97,1071317
SHY,2015-10-14,85.08,85.1,85.03,85.09,3419065
SHY,2015-10-15,85.02,85.05,85.01,85.04,1585979
SHY,2015-10-16,85.01,85.03,85.0,85.0,942499
SHY,2015-10-19,85.01,85.03,84.99,85.03,1434925
SHY,2015-10-20,84.97,84.9827,84.96,84.98,1029440
SHY,2015-10-21,84.98,85.03,84.97,85.01,11122243
SHY,2015-10-22,85.01,85.06,85.01,85.04,2382444
SHY,2015-10-23,84.98,85.01,84.95,84.97,5657179
SHY,2015-10-26,84.97,84.99,84.96,84.97,5901660
SHY,2015-10-27,85.0,85.03,85.0,85.0,1024644
SHY,2015-10-28,84.98,85.0,84.85,84.89,1658927
SHY,2015-10-29,84.84,84.86,84.83,84.83,1526461
SHY,2015-10-30,84.83,84.85,84.82,84.83,3242426
SHY,2015-11-02,84.71,84.78,84.71,84.74,14599420
SHY,2015-11-03,84.72,84.74,84.71,84.73,3643476
SHY,2015-11-04,84.7,84.73,84.64,84.64,2120474
SHY,2015-11-05,84.64,84.6601,84.61,84.64,2775006
SHY,2015-11-06,84.56,84.58,84.54,84.56,1832740
SHY,2015-11-09,84.54,84.56,84.53,84.54,1619901
SHY,2015-11-10,84.58,84.61,84.55,84.58,2139277
SHY,2015-11-11,84.62,84.636,84.56,84.56,6885477
SHY,2015-11-12,84.58,84.62,84.58,84.59,5866540
SHY,2015-11-13,84.6,84.66,84.6,84.66,771463
SHY,2015-11-16,84.66,84.68,84.64,84.66,1835179
SHY,2015-11-17,84.59,84.66,84.58,84.63,4707698
SHY,2015-11-18,84.62,84.635,84.58,84.6,1803448
SHY,2015-11-19,84.62,84.63,84.58,84.58,1707274
SHY,2015-11-20,84.59,84.62,84.57,84.58,798758
SHY,2015-11-23,84.54,84.58,84.54,84.57,936647
SHY,2015-11-24,84.58,84.59,84.56,84.57,1024349
SHY,2015-11-25,84.58,84.59,84.55,84.58,3067840
SHY,2015-11-27,84.58,84.61,84.58,84.6,429639
SHY,2015-11-30,84.58,84.59,84.56,84.57,1469270
SHY,2015-12-01,84.51,84.6,84.51,84.58,4410551
SHY,2015-12-02,84.54,84.54,84.5,84.51,1008686
SHY,2015-12-03,84.51,84.51,84.43,84.51,4856367
SHY,2015-12-04,84.54,84.57,84.51,84.53,4440417
SHY,2015-12-07,84.52,84.54,84.51,84.52,2025614
SHY,2015-12-08,84.53,84.54,84.49,84.51,1043025
SHY,2015-12-09,84.5,84.55,84.47,84.54,3642840
SHY,2015-12-10,84.52,84.53,84.48,84.49,963001
SHY,2015-12-11,84.54,84.62,84.5301,84.59,1073843
SHY,2015-12-14,84.52,84.55,84.48,84.49,1757361
SHY,2015-12-15,84.45,84.48,84.44,84.48,1052082
SHY,2015-12-16,84.44,84.46,84.31,84.41,1241589
SHY,2015-12-17,84.4,84.45,84.4,84.41,1777399
SHY,2015-12-18,84.48,84.52,84.46,84.52,1494770
SHY,2015-12-21,84.52,84.52,84.49,84.51,3037163
SHY,2015-12-22,84.49,84.51,84.46,84.49,1234684
SHY,2015-12-23,84.49,84.4984,84.44,84.46,2785751
SHY,2015-12-24,84.44,84.45,84.41,84.45,564606
SHY,2015-12-28,84.4,84.42,84.39,84.4,1096734
SHY,2015-12-29,84.36,84.4,84.35,84.38,1085122
SHY,2015-12-30,84.36,84.4,84.34,84.4,4797020
SHY,2015-12-31,84.43,84.44,84.36,84.36,2466240
SHY,2016-01-04,84.48,84.49,84.44,84.47,7548038
SHY,2016-01-05,84.44,84.46,84.41,84.42,2472171
SHY,2016-01-06,84.48,84.5,84.45,84.47,2409940
SHY,2016-01-07,84.53,84.54,84.47,84.5,2702886
SHY,2016-01-08,84.53,84.58,84.501,84.56,7139940
SHY,2016-01-11,84.54,84.61,84.5201,84.59,3557980
SHY,2016-01-12,84.54,84.63,84.53,84.6,1275602
SHY,2016-01-13,84.59,84.65,84.57,84.65,1820803
SHY,2016-01-14,84.65,84.67,84.62,84.67,1297392
SHY,2016-01-15,84.73,84.78,84.71,84.74,2136020
SHY,2016-01-19,84.72,84.75,84.7,84.73,5109939
SHY,2016-01-20,84.78,84.84,84.77,84.79,2140418
SHY,2016-01-21,84.81,84.82,84.76,84.78,2326501
SHY,2016-01-22,84.71,84.75,84.7,84.75,3184929
SHY,2016-01-25,84.73,84.77,84.73,84.75,1800114
SHY,2016-01-26,84.75,84.8,84.7401,84.79,1176785
SHY,2016-01-27,84.74,84.81,84.72,84.81,1742349
SHY,2016-01-28,84.8,84.84,84.78,84.81,1271816
SHY,2016-01-29,84.9,84.91,84.86,84.91,1521478
SHY,2016-02-01,84.84,84.84,84.8,84.82,5665256
SHY,2016-02-02,84.86,84.93,84.86,84.93,2528175
SHY,2016-02-03,84.91,85.02,84.91,84.95,1962412
SHY,2016-02-04,84.95,84.98,84.95,84.97,1305665
SHY,2016-02-05,84.91,84.97,84.9,84.95,1294813
SHY,2016-02-08,85.01,85.07,84.99,85.05,1467679
SHY,2016-02-09,85.08,85.08,85.0,85.02,1919165
SHY,2016-02-10,84.95,85.03,84.95,85.02,1061244
SHY,2016-02-11,85.15,85.1775,85.08,85.1,1814444
SHY,2016-02-12,85.06,85.08,84.99,85.0,1194041
SHY,2016-02-16,84.99,85.0,84.95,84.95,2545923
SHY,2016-02-17,84.92,84.97,84.91,84.97,1999422
SHY,2016-02-18,84.94,85.04,84.94,85.04,859071
SHY,2016-02-19,84.98,85.01,84.96,84.96,975386
SHY,2016-02-22,84.93,84.97,84.93,84.97,1101610
SHY,2016-02-23,84.96,85.0,84.9401,84.98,1227708
SHY,2016-02-24,85.02,85.08,84.98,85.0,1066811
SHY,2016-02-25,85.01,85.0448,85.0,85.02,1526522
SHY,2016-02-26,84.96,84.9733,84.89,84.91,1891104
SHY,2016-02-29,84.88,84.96,84.88,84.96,2634729
SHY,2016-03-01,84.92,84.92,84.79,84.8,4584825
SHY,2016-03-02,84.77,84.8,84.75,84.79,2651963
SHY,2016-03-03,84.78,84.82,84.77,84.82,5601059
SHY,2016-03-04,84.77,84.8071,84.74,84.76,1532646
SHY,2016-03-07,84.72,84.74,84.7,84.7,1990789
SHY,2016-03-08,84.76,84.8,84.75,84.76,2878906
SHY,2016-03-09,84.75,84.76,84.73,84.73,1284440
SHY,2016-03-10,84.7,84.73,84.68,84.72,2227451
SHY,2016-03-11,84.68,84.68,84.63,84.64,4112345
SHY,2016-03-14,84.67,84.67,84.64,84.64,1875458
SHY,2016-03-15,84.68,84.7,84.63,84.67,1508621
SHY,2016-03-16,84.59,84.84,84.55,84.84,5972147
SHY,2016-03-17,84.8,84.83,84.77,84.83,1677147
SHY,2016-03-18,84.85,84.88,84.8345,84.85,3010214
SHY,2016-03-21,84.83,84.84,84.8,84.84,1892085
SHY,2016-03-22,84.85,84.86,84.77,84.79,1899818
SHY,2016-03-23,84.79,84.86,84.78,84.84,1357600
SHY,2016-03-24,84.85,84.85,84.79,84.8,859826
SHY,2016-03-28,84.82,84.86,84.82,84.82,2820551
SHY,2016-03-29,84.85,84.98,84.85,84.98,1219702
SHY,2016-03-30,84.97,85.0,84.93,84.99,1307572
SHY,2016-03-31,85.02,85.06,84.99,85.03,1554955
SHY,2016-04-01,84.93,84.97,84.91,84.93,5307162
SHY,2016-04-04,84.95,84.99,84.93,84.99,2863505
SHY,2016-04-05,85.0,85.02,84.98,85.02,4654995
SHY,2016-04-06,85.01,85.01,84.95,84.99,1029152
SHY,2016-04-07,85.01,85.06,85.0,85.04,1475196
SHY,2016-04-08,85.01,85.05,85.01,85.04,594345
SHY,2016-04-11,85.02,85.06,85.01,85.03,851141
SHY,2016-04-12,85.01,85.02,85.0,85.01,524896
SHY,2016-04-13,84.99,84.99,84.96,84.97,1365773
SHY,2016-04-14,84.98,84.99,84.95,84.97,1103523
SHY,2016-04-15,84.98,85.03,84.98,85.03,825586
SHY,2016-04-18,85.01,85.03,85.0,85.02,870850
SHY,2016-04-19,85.02,85.02,84.97,84.99,1508403
SHY,2016-04-20,85.01,85.01,84.92,84.93,1080742
SHY,2016-04-21,84.9,84.95,84.9,84.91,1599860
SHY,2016-04-22,84.91,84.92,84.9,84.91,2593686
SHY,2016-04-25,84.9,84.93,84.89,84.89,1512917
SHY,2016-04-26,84.89,84.9,84.86,84.87,969327
SHY,2016-04-27,84.9,84.93,84.8183,84.93,748280
SHY,2016-04-28,84.94,85.01,84.93,84.98,694644
SHY,2016-04-29,84.97,85.03,84.96,85.01,1609580
SHY,2016-05-02,84.94,84.96,84.92,84.93,1017917
SHY,2016-05-03,85.03,85.03,84.98,85.02,3788146
SHY,2016-05-04,85.03,85.03,84.97,85.01,1621118
SHY,2016-05-05,85.03,85.07,84.98,85.04,556855
SHY,2016-05-06,85.09,85.0999,85.02,85.02,1117605
SHY,2016-05-09,85.08,85.09,85.05,85.06,609981
SHY,2016-05-10,85.07,85.08,85.04,85.08,2854805
SHY,2016-05-11,85.06,85.076,85.04,85.05,1607399
SHY,2016-05-12,85.03,85.04,84.995,85.0,562683
SHY,2016-05-13,84.99,85.03,84.98,85.01,1114977
SHY,2016-05-16,85.0,85.0,84.95,84.97,600841
SHY,2016-05-17,84.95,84.97,84.91,84.94,819539
SHY,2016-05-18,84.86,84.9,84.78,84.79,3690544
SHY,2016-05-19,84.81,84.85,84.81,84.81,1619647
SHY,2016-05-20,84.81,84.85,84.8,84.84,1942554
SHY,2016-05-23,84.79,84.83,84.79,84.83,654704
SHY,2016-05-24,84.8,84.81,84.76,84.77,778197
SHY,2016-05-25,84.8,84.82,84.77,84.82,5242421
SHY,2016-05-26,84.85,84.89,84.83,84.87,1253170
SHY,2016-05-27,84.87,84.895,84.79,84.82,696211
SHY,2016-05-31,84.78,84.89,84.78,84.86,1368298
SHY,2016-06-01,84.81,84.84,84.75,84.75,1484701
SHY,2016-06-02,84.78,84.82,84.78,84.82,4565797
SHY,2016-06-03,84.97,84.99,84.95,84.96,1875204
SHY,2016-06-06,84.95,84.98,84.91,84.94,672104
SHY,2016-06-07,84.96,84.99,84.95,84.96,624769
SHY,2016-06-08,84.95,84.99,84.95,84.98,906633
SHY,2016-06-09,85.02,85.02,84.98,85.0,794398
SHY,2016-06-10,85.01,85.07,85.01,85.05,425143
SHY,2016-06-13,85.08,85.11,85.07,85.07,610523
SHY,2016-06-14,85.13,85.13,85.07,85.08,990216
SHY,2016-06-15,85.07,85.32,85.07,85.18,785718
SHY,2016-06-16,85.18,85.205,85.12,85.13,1129548
SHY,2016-06-17,85.14,85.159,85.11,85.14,1574742
SHY,2016-06-20,85.08,85.1,85.05,85.09,1698761
SHY,2016-06-21,85.07,85.096,85.03,85.03,919060
SHY,2016-06-22,85.07,85.08,85.04,85.06,1740298
SHY,2016-06-23,85.03,85.05,85.0,85.03,2302831
SHY,2016-06-24,85.28,85.3,85.2,85.2,2321781
SHY,2016-06-27,85.3,85.35,85.28,85.28,1166107
SHY,2016-06-28,85.27,85.31,85.255,85.31,1590925
SHY,2016-06-29,85.25,85.29,85.25,85.28,838781
SHY,2016-06-30,85.29,85.34,85.26,85.32,2284033
SHY,2016-07-01,85.33,85.33,85.25,85.3,3690165
SHY,2016-07-05,85.31,85.35,85.29,85.34,1974570
SHY,2016-07-06,85.31,85.34,85.28,85.3,5742329
SHY,2016-07-07,85.27,85.3,85.24,85.26,1094569
SHY,2016-07-08,85.24,85.27,85.2,85.26,1157827
SHY,2016-07-11,85.21,85.23,85.17,85.17,1619241
SHY,2016-07-12,85.17,85.17,85.11,85.14,5990131
SHY,2016-07-13,85.17,85.18,85.14,85.16,836602
SHY,2016-07-14,85.1,85.15,85.09,85.11,638479
SHY,2016-07-15,85.1,85.1,85.06,85.07,1532134
SHY,2016-07-18,85.11,85.13,85.09,85.12,867827
SHY,2016-07-19,85.11,85.13,85.095,85.13,739411
SHY,2016-07-20,85.09,85.1099,85.07,85.09,627523
SHY,2016-07-21,85.08,85.15,85.0746,85.15,465500
SHY,2016-07-22,85.11,85.14,85.1,85.12,382699
SHY,2016-07-25,85.1,85.11,85.06,85.06,803522
SHY,2016-07-26,85.09,85.09,85.04,85.07,1348510
SHY,2016-07-27,85.07,85.13,85.05,85.13,657420
SHY,2016-07-28,85.12,85.15,85.1,85.12,913677
SHY,2016-07-29,85.18,85.23,85.17,85.23,1041452
SHY,2016-08-01,85.11,85.15,85.11,85.15,3053445
SHY,2016-08-02,85.11,85.16,85.085,85.12,967655
SHY,2016-08-03,85.15,85.16,85.1,85.13,3365320
SHY,2016-08-04,85.17,85.2,85.16,85.19,610471
SHY,2016-08-05,85.12,85.12,85.05,85.07,1170953
SHY,2016-08-08,85.04,85.07,85.02,85.04,2576793
SHY,2016-08-09,85.06,85.09,85.03,85.09,2337277
SHY,2016-08-10,85.11,85.13,85.09,85.13,971947
SHY,2016-08-11,85.13,85.13,85.02,85.05,929609
SHY,2016-08-12,85.14,85.1475,85.09,85.11,584101
SHY,2016-08-15,85.08,85.1,85.06,85.09,873237
SHY,2016-08-16,85.05,85.07,85.025,85.06,774435
SHY,2016-08-17,85.03,85.1,85.005,85.06,1221271
SHY,2016-08-18,85.07,85.12,85.04,85.12,696526
SHY,2016-08-19,85.06,85.08,85.03,85.04,589993
SHY,2016-08-22,85.07,85.08,85.045,85.05,480048
SHY,2016-08-23,85.05,85.0799,85.04,85.06,455207
SHY,2016-08-24,85.08,85.08,85.04,85.04,466434
SHY,2016-08-25,85.04,85.04,85.0,85.01,547345
SHY,2016-08-26,85.02,85.065,84.93,84.93,709811
SHY,2016-08-29,84.93,85.0,84.93,84.98,473561
SHY,2016-08-30,84.99,85.01,84.97,84.99,480386
SHY,2016-08-31,85.0,85.03,84.98,84.98,937440
SHY,2016-09-01,84.91,84.98,84.89,84.97,1191641
SHY,2016-09-02,84.98,84.99,84.925,84.97,726053
SHY,2016-09-06,84.96,85.08,84.95,85.03,1336163
SHY,2016-09-07,85.06,85.08,85.03,85.03,1049314
SHY,2016-09-08,85.02,85.04,84.97,84.97,614167
SHY,2016-09-09,84.95,84.98,84.9266,84.94,2727292
SHY,2016-09-12,84.95,85.01,84.94,84.97,2123607
SHY,2016-09-13,84.99,85.0,84.91,84.94,1108628
SHY,2016-09-14,84.96,85.02,84.96,84.99,1632611
SHY,2016-09-15,85.01,85.08,84.99,85.06,10599223
SHY,2016-09-16,85.02,85.05,85.0,85.02,846165
SHY,2016-09-19,85.0,85.02,84.99,85.0,657733
SHY,2016-09-20,85.0,85.01,84.98,84.98,984272
SHY,2016-09-21,84.96,85.0,84.91,85.0,816343
SHY,2016-09-22,84.99,85.02,84.97,84.98,759599
SHY,2016-09-23,85.0,85.03,84.98,85.03,7016905
SHY,2016-09-26,85.05,85.09,85.035,85.08,786344
SHY,2016-09-27,85.11,85.11,85.06,85.09,645337
SHY,2016-09-28,85.07,85.09,85.06,85.08,1017336
SHY,2016-09-29,85.05,85.11,85.03,85.11,1163982
SHY,2016-09-30,85.1,85.11,85.04,85.04,1379989
SHY,2016-10-03,84.99,84.99,84.95,84.98,1646554
SHY,2016-10-04,84.95,84.95,84.9,84.91,933087
SHY,2016-10-05,84.94,84.94,84.86,84.86,1644041
SHY,2016-10-06,84.86,84.91,84.85,84.86,679468
SHY,2016-10-07,84.88,84.91,84.86,84.89,809027
SHY,2016-10-10,84.86,84.87,84.83,84.85,923990
SHY,2016-10-11,84.82,84.85,84.82,84.84,1259101
SHY,2016-10-12,84.83,84.84,84.8,84.84,1311057
SHY,2016-10-13,84.86,84.89,84.84,84.87,5123326
SHY,2016-10-14,84.87,84.9,84.85,84.85,1481062
SHY,2016-10-17,84.9,84.93,84.89,84.92,3860376
SHY,2016-10-18,84.92,84.95,84.88,84.95,2067358
SHY,2016-10-19,84.93,84.96,84.92,84.95,643278
SHY,2016-10-20,84.95,84.95,84.9,84.91,2593245
SHY,2016-10-21,84.93,84.94,84.9,84.93,1041868
SHY,2016-10-24,84.92,84.93,84.88,84.9,582600
SHY,2016-10-25,84.89,84.92,84.87,84.9,3762380
SHY,2016-10-26,84.88,84.89,84.86,84.87,516960
SHY,2016-10-27,84.87,84.89,84.84,84.89,724775
SHY,2016-10-28,84.86,84.93,84.86,84.89,1229310
SHY,2016-10-31,84.92,84.95,84.92,84.95,1346315
SHY,2016-11-01,84.87,84.94,84.86,84.9,8239581
SHY,2016-11-02,84.93,84.97,84.91,84.95,1516638
SHY,2016-11-03,84.92,84.96,84.92,84.96,2616603
SHY,2016-11-04,84.95,85.0,84.94,84.99,2108263
SHY,2016-11-07,84.93,84.96,84.92,84.96,2698350
SHY,2016-11-08,84.93,84.94,84.86,84.87,1944554
SHY,2016-11-09,84.89,84.905,84.76,84.76,1784110
SHY,2016-11-10,84.79,84.84,84.73,84.73,1927091
SHY,2016-11-11,84.75,84.77,84.7,84.73,3404971
SHY,2016-11-14,84.64,84.69,84.6,84.6,18305122
SHY,2016-11-15,84.6,84.63,84.59,84.63,2080832
SHY,2016-11-16,84.61,84.6385,84.58,84.62,1007921
SHY,2016-11-17,84.62,84.63,84.59,84.61,1145594
SHY,2016-11-18,84.59,84.61,84.53,84.56,2044451
SHY,2016-11-21,84.55,84.5798,84.51,84.55,889344
SHY,2016-11-22,84.53,84.58,84.52,84.53,2122629
SHY,2016-11-23,84.47,84.52,84.45,84.48,1433561
SHY,2016-11-25,84.47,84.51,84.46,84.47,347449
SHY,2016-11-28,84.49,84.549,84.49,84.52,1131319
SHY,2016-11-29,84.5,84.57,84.5,84.53,1232618
SHY,2016-11-30,84.5,84.54,84.5,84.5,1449738
SHY,2016-12-01,84.4,84.45,84.3838,84.41,6249097
SHY,2016-12-02,84.49,84.52,84.47,84.5,2448982
SHY,2016-12-05,84.47,84.52,84.44,84.5,1785732
SHY,2016-12-06,84.51,84.51,84.47,84.48,1325545
SHY,2016-12-07,84.52,84.53,84.5,84.51,1282656
SHY,2016-12-08,84.48,84.52,84.48,84.5,1272501
SHY,2016-12-09,84.52,84.52,84.46,84.49,1321453
SHY,2016-12-12,84.46,84.49,84.45,84.46,931312
SHY,2016-12-13,84.46,84.46,84.41,84.45,1926670
SHY,2016-12-14,84.45,84.46,84.25,84.29,1157630
SHY,2016-12-15,84.25,84.29,84.23,84.25,1355778
SHY,2016-12-16,84.27,84.33,84.26,84.29,937931
SHY,2016-12-19,84.31,84.35,84.31,84.33,1258838
SHY,2016-12-20,84.29,84.3499,84.28,84.34,1089836
SHY,2016-12-21,84.35,84.38,84.34,84.38,1657877
SHY,2016-12-22,84.31,84.34,84.3,84.34,1388054
SHY,2016-12-23,84.34,84.34,84.32,84.34,1058553
SHY,2016-12-27,84.29,84.31,84.28,84.3,893653
SHY,2016-12-28,84.3,84.35,84.28,84.33,1312257
SHY,2016-12-29,84.36,84.42,84.35,84.42,1274750
SHY,2016-12-30,84.43,84.46,84.415,84.45,1214703
SHY,2017-01-03,84.37,84.41,84.35,84.38,4196266
SHY,2017-01-04,84.35,84.4,84.35,84.4,2182475
SHY,2017-01-05,84.41,84.49,84.4,84.46,1614232
SHY,2017-01-06,84.41,84.43,84.38,84.39,919028
SHY,2017-01-09,84.43,84.46,84.42,84.46,1014145
SHY,2017-01-10,84.44,84.455,84.43,84.43,1125799
SHY,2017-01-11,84.47,84.5,84.42,84.47,1166785
SHY,2017-01-12,84.5,84.505,84.46,84.5,820906
SHY,2017-01-13,84.46,84.46,84.3935,84.46,1436252
SHY,2017-01-17,84.53,84.55,84.5,84.52,1326552
SHY,2017-01-18,84.49,84.52,84.4235,84.44,996058
SHY,2017-01-19,84.39,84.44,84.385,84.41,963531
SHY,2017-01-20,84.42,84.5,84.42,84.46,1134425
SHY,2017-01-23,84.52,84.57,84.49,84.54,1546891
SHY,2017-01-24,84.53,84.5345,84.48,84.49,5300097
SHY,2017-01-25,84.48,84.48,84.44,84.47,1454517
SHY,2017-01-26,84.46,84.5,84.44,84.48,1658113
SHY,2017-01-27,84.49,84.53,84.49,84.52,1184989
SHY,2017-01-30,84.52,84.54,84.5,84.52,1381339
SHY,2017-01-31,84.51,84.57,84.51,84.54,1207874
SHY,2017-02-01,84.41,84.5,84.38,84.46,2079961
SHY,2017-02-02,84.48,84.51,84.47,84.49,1341806
SHY,2017-02-03,84.52,84.55,84.46,84.46,1433290
SHY,2017-02-06,84.53,84.57,84.52,84.55,1663355
SHY,2017-02-07,84.56,84.58,84.53,84.53,729959
SHY,2017-02-08,84.57,84.61,84.55,84.61,1196984
SHY,2017-02-09,84.58,84.59,84.52,84.54,1149788
SHY,2017-02-10,84.51,84.5464,84.51,84.53,968378
SHY,2017-02-13,84.5,84.52,84.49,84.51,666027
SHY,2017-02-14,84.49,84.51,84.4254,84.45,781141
SHY,2017-02-15,84.4,84.44,84.39,84.42,963945
SHY,2017-02-16,84.45,84.5,84.4337,84.46,1933663
SHY,2017-02-17,84.53,84.54,84.5,84.52,986600
SHY,2017-02-21,84.51,84.53,84.49,84.53,840372
SHY,2017-02-22,84.55,84.57,84.49,84.55,695332
SHY,2017-02-23,84.57,84.6,84.57,84.59,1517104
SHY,2017-02-24,84.62,84.67,84.62,84.63,587859
SHY,2017-02-27,84.64,84.64,84.55,84.56,1030702
SHY,2017-02-28,84.57,84.6,84.52,84.52,1043644
SHY,2017-03-01,84.37,84.4,84.36,84.4,1541514
SHY,2017-03-02,84.35,84.36,84.29,84.31,930254
SHY,2017-03-03,84.32,84.36,84.2954,84.33,1569247
SHY,2017-03-06,84.34,84.36,84.33,84.35,684611
SHY,2017-03-07,84.33,84.34,84.3,84.32,652604
SHY,2017-03-08,84.25,84.29,84.24,84.25,862702
SHY,2017-03-09,84.26,84.27,84.23,84.24,862884
SHY,2017-03-10,84.26,84.29,84.25,84.29,784466
SHY,2017-03-13,84.28,84.29,84.25,84.25,884103
SHY,2017-03-14,84.24,84.29,84.24,84.24,966015
SHY,2017-03-15,84.26,84.41,84.24,84.4,1102753
SHY,2017-03-16,84.35,84.39,84.34,84.34,925734
SHY,2017-03-17,84.38,84.41,84.36,84.38,657769
SHY,2017-03-20,84.4,84.43,84.3801,84.4259,778047
SHY,2017-03-21,84.42,84.48,84.41,84.47,739002
SHY,2017-03-22,84.51,84.53,84.49,84.49,1028644
SHY,2017-03-23,84.51,84.53,84.461,84.49,868203
SHY,2017-03-24,84.48,84.52,84.47,84.49,1119701
SHY,2017-03-27,84.54,84.57,84.51,84.52,943413
SHY,2017-03-28,84.54,84.55,84.4601,84.48,782611
SHY,2017-03-29,84.5,84.53,84.5,84.53,1043868
SHY,2017-03-30,84.5,84.53,84.49,84.51,576910
SHY,2017-03-31,84.53,84.56,84.52,84.52,949921
SHY,2017-04-03,84.48,84.54,84.48,84.54,2146615
SHY,2017-04-04,84.52,84.52,84.49,84.51,927099
SHY,2017-04-05,84.5,84.54,84.465,84.51,1177008
SHY,2017-04-06,84.5,84.53,84.49,84.53,500828
SHY,2017-04-07,84.51,84.54,84.42,84.42,504020
SHY,2017-04-10,84.45,84.49,84.4416,84.46,605734
SHY,2017-04-11,84.5,84.5667,84.5,84.54,560802
SHY,2017-04-12,84.56,84.6,84.53,84.6,576243
SHY,2017-04-13,84.59,84.64,84.58,84.64,969905
SHY,2017-04-17,84.63,84.65,84.61,84.63,727657
SHY,2017-04-18,84.65,84.7,84.65,84.7,905327
SHY,2017-04-19,84.67,84.69,84.65,84.66,968328
SHY,2017-04-20,84.64,84.67,84.6326,84.65,668286
SHY,2017-04-21,84.67,84.7,84.66,84.69,589750
SHY,2017-04-24,84.59,84.62,84.57,84.6,1001587
SHY,2017-04-25,84.56,84.57,84.52,84.52,905940
SHY,2017-04-26,84.55,84.57,84.5201,84.55,594259
SHY,2017-04-27,84.56,84.62,84.555,84.58,785169
SHY,2017-04-28,84.57,84.62,84.5601,84.62,1708217
SHY,2017-05-01,84.52,84.55,84.49,84.5,2918630
SHY,2017-05-02,84.5,84.55,84.5,84.53,982543
SHY,2017-05-03,84.53,84.53,84.47,84.47,923391
SHY,2017-05-04,84.45,84.48,84.44,84.46,817359
SHY,2017-05-05,84.46,84.49,84.45,84.49,615213
SHY,2017-05-08,84.47,84.47,84.43,84.45,633476
SHY,2017-05-09,84.42,84.44,84.4,84.41,802124
SHY,2017-05-10,84.45,84.45,84.41,84.43,665674
SHY,2017-05-11,84.39,84.46,84.39,84.44,545688
SHY,2017-05-12,84.5,84.55,84.5,84.54,470537
SHY,2017-05-15,84.51,84.54,84.51,84.53,751437
SHY,2017-05-16,84.52,84.55,84.5,84.53,611899
SHY,2017-05-17,84.59,84.64,84.58,84.62,663195
SHY,2017-05-18,84.62,84.62,84.58,84.58,829069
SHY,2017-05-19,84.61,84.61,84.56,84.6,503797
SHY,2017-05-22,84.58,84.59,84.57,84.57,478047
SHY,2017-05-23,84.58,84.6,84.5135,84.54,1060248
SHY,2017-05-24,84.55,84.59,84.52,84.59,1117201
SHY,2017-05-25,84.57,84.6,84.57,84.59,644314
SHY,2017-05-26,84.59,84.6,84.5723,84.58,482090
SHY,2017-05-30,84.6,84.61,84.59,84.61,486613
SHY,2017-05-31,84.62,84.63,84.6,84.62,1043162
SHY,2017-06-01,84.5,84.54,84.5,84.54,1191842
SHY,2017-06-02,84.57,84.6,84.56,84.6,1068724
SHY,2017-06-05,84.55,84.55,84.53,84.53,661480
SHY,2017-06-06,84.57,84.58,84.55,84.56,688013
SHY,2017-06-07,84.53,84.55,84.52,84.53,765925
SHY,2017-06-08,84.51,84.53,84.5,84.51,2621037
SHY,2017-06-09,84.48,84.51,84.47,84.48,1255212
SHY,2017-06-12,84.46,84.5,84.46,84.47,804688
SHY,2017-06-13,84.45,84.48,84.45,84.47,533285
SHY,2017-06-14,84.56,84.6,84.49,84.51,788754
SHY,2017-06-15,84.49,84.49,84.47,84.48,627990
SHY,2017-06-16,84.5,84.54,84.5,84.52,685621
SHY,2017-06-19,84.48,84.4901,84.45,84.47,617654
SHY,2017-06-20,84.45,84.4936,84.45,84.48,751452
SHY,2017-06-21,84.46,84.51,84.46,84.49,1073553
SHY,2017-06-22,84.52,84.54,84.5,84.5,542009
SHY,2017-06-23,84.53,84.55,84.51,84.55,679035
SHY,2017-06-26,84.52,84.55,84.52,84.55,1068503
SHY,2017-06-27,84.5,84.51,84.48,84.5,1192552
SHY,2017-06-28,84.52,84.54,84.51,84.54,4031776
SHY,2017-06-29,84.48,84.51,84.48,84.49,565531
SHY,2017-06-30,84.52,84.52,84.47,84.49,825033
SHY,2017-07-03,84.42,84.42,84.35,84.36,968096
SHY,2017-07-05,84.36,84.41,84.35,84.39,3032872
SHY,2017-07-06,84.385,84.41,84.37,84.41,652864
SHY,2017-07-07,84.41,84.429,84.381,84.4,783116
SHY,2017-07-10,84.43,84.44,84.4193,84.44,402526
SHY,2017-07-11,84.42,84.47,84.42,84.47,1615460
SHY,2017-07-12,84.51,84.5265,84.48,84.51,1070042
SHY,2017-07-13,84.48,84.5,84.46,84.47,532206
SHY,2017-07-14,84.54,84.55,84.5,84.51,1362322
SHY,2017-07-17,84.5,84.5284,84.49,84.52,496735
SHY,2017-07-18,84.52,84.54,84.52,84.54,625546
SHY,2017-07-19,84.53,84.54,84.52,84.54,919021
SHY,2017-07-20,84.55,84.56,84.53,84.54,1083237
SHY,2017-07-21,84.55,84.58,84.55,84.58,589568
SHY,2017-07-24,84.54,84.56,84.54,84.55,441034
SHY,2017-07-25,84.51,84.52,84.481,84.5,571596
SHY,2017-07-26,84.5,84.57,84.5,84.56,493364
SHY,2017-07-27,84.54,84.56,84.53,84.54,475376
SHY,2017-07-28,84.56,84.59,84.55,84.59,709059
SHY,2017-07-31,84.56,84.59,84.56,84.58,876411
SHY,2017-08-01,84.49,84.54,84.49,84.54,1314537
SHY,2017-08-02,84.49,84.53,84.49,84.5,994224
SHY,2017-08-03,84.53,84.55,84.51,84.53,1149162
SHY,2017-08-04,84.52,84.5275,84.5,84.5,617151
SHY,2017-08-07,84.51,84.53,84.5,84.53,712269
SHY,2017-08-08,84.53,84.53,84.49,84.53,747233
SHY,2017-08-09,84.57,84.6,84.52,84.52,734280
SHY,2017-08-10,84.55,84.58,84.55,84.55,959713
SHY,2017-08-11,84.58,84.66,84.58,84.66,737062
SHY,2017-08-14,84.63,84.64,84.58,84.59,405539
SHY,2017-08-15,84.56,84.57,84.54,84.55,432274
SHY,2017-08-16,84.53,84.61,84.53,84.6,655493
SHY,2017-08-17,84.6,84.64,84.5765,84.62,581413
SHY,2017-08-18,84.66,84.67,84.61,84.61,673998
SHY,2017-08-21,84.62,84.66,84.62,84.63,928711
SHY,2017-08-22,84.63,84.63,84.59,84.62,1012124
SHY,2017-08-23,84.62,84.7,84.62,84.7,438313
SHY,2017-08-24,84.64,84.64,84.6,84.62,494806
SHY,2017-08-25,84.62,84.65,84.59,84.65,513667
SHY,2017-08-28,84.64,84.65,84.615,84.62,866272
SHY,2017-08-29,84.7,84.7,84.65,84.66,1181851
SHY,2017-08-30,84.66,84.68,84.64,84.68,665667
SHY,2017-08-31,84.67,84.68,84.65,84.68,582496
SHY,2017-09-01,84.6,84.62,84.55,84.59,943567
SHY,2017-09-05,84.63,84.68,84.62,84.67,853808
SHY,2017-09-06,84.66,84.68,84.63,84.66,1118713
SHY,2017-09-07,84.69,84.72,84.67,84.71,482988
SHY,2017-09-08,84.7,84.72,84.68,84.69,486795
SHY,2017-09-11,84.66,84.67,84.61,84.61,1052482
SHY,2017-09-12,84.6,84.62,84.57,84.57,1752616
SHY,2017-09-13,84.59,84.59,84.55,84.55,568334
SHY,2017-09-14,84.53,84.57,84.52,84.56,849210
SHY,2017-09-15,84.56,84.56,84.52,84.55,581637
SHY,2017-09-18,84.5,84.53,84.5,84.5,621676
SHY,2017-09-19,84.52,84.53,84.5,84.51,433255
SHY,2017-09-20,84.54,84.55,84.44,84.44,830928
SHY,2017-09-21,84.45,84.48,84.42,84.42,949785
SHY,2017-09-22,84.47,84.5,84.44,84.44,529845
SHY,2017-09-25,84.47,84.52,84.46,84.49,587744
SHY,2017-09-26,84.49,84.5,84.47,84.47,922432
SHY,2017-09-27,84.44,84.46,84.44,84.46,462413
SHY,2017-09-28,84.47,84.49,84.45,84.47,290848
SHY,2017-09-29,84.48,84.5,84.42,84.45,880728
SHY,2017-10-02,84.38,84.44,84.33,84.44,1087358
SHY,2017-10-03,84.37,84.41,84.35,84.39,1170209
SHY,2017-10-04,84.38,84.55,84.35,84.55,1180590
SHY,2017-10-05,84.36,84.38,84.34,84.37,2329445
SHY,2017-10-06,84.3,84.37,84.29,84.34,699225
SHY,2017-10-09,84.39,84.42,84.33,84.34,504002
SHY,2017-10-10,84.33,84.38,84.33,84.36,700797
SHY,2017-10-11,84.34,84.36,84.32,84.35,1205176
SHY,2017-10-12,84.33,84.36,84.33,84.34,1248884
SHY,2017-10-13,84.37,84.39,84.35,84.39,667768
SHY,2017-10-16,84.34,84.36,84.3,84.31,586703
SHY,2017-10-17,84.29,84.32,84.29,84.32,818847
SHY,2017-10-18,84.26,84.3,84.25,84.29,500094
SHY,2017-10-19,84.31,84.3499,84.3,84.34,524290
SHY,2017-10-20,84.3,84.32,84.27,84.29,437067
SHY,2017-10-23,84.29,84.32,84.29,84.29,582185
SHY,2017-10-24,84.3,84.3,84.2662,84.27,2554600
SHY,2017-10-25,84.25,84.3,84.25,84.25,1726879
SHY,2017-10-26,84.27,84.29,84.24,84.25,554076
SHY,2017-10-27,84.25,84.32,84.24,84.31,698156
SHY,2017-10-30,84.34,84.35,84.3,84.35,432429
SHY,2017-10-31,84.35,84.35,84.28,84.3,626077
SHY,2017-11-01,84.17,84.21,84.17,84.21,840321
SHY,2017-11-02,84.23,84.24,84.18,84.23,1821042
SHY,2017-11-03,84.26,84.26,84.18,84.18,1300377
SHY,2017-11-06,84.19,84.23,84.19,84.23,947406
SHY,2017-11-07,84.23,84.23,84.19,84.19,747214
SHY,2017-11-08,84.18,84.22,84.17,84.18,724812
SHY,2017-11-09,84.18,84.22,84.16,84.17,769174
SHY,2017-11-10,84.21,84.21,84.14,84.14,619259
SHY,2017-11-13,84.16,84.17,84.13,84.13,632779
SHY,2017-11-14,84.13,84.15,84.12,84.15,2678026
SHY,2017-11-15,84.18,84.18,84.11,84.12,3980979
SHY,2017-11-16,84.1,84.13,84.08,84.13,3046747
SHY,2017-11-17,84.14,84.14,84.08,84.08,1339785
SHY,2017-11-20,84.11,84.11,84.05,84.05,557558
SHY,2017-11-21,84.07,84.07,84.02,84.03,584563
SHY,2017-11-22,84.08,84.12,84.06,84.1,900945
SHY,2017-11-24,84.16,84.16,84.08,84.1,626024
SHY,2017-11-27,84.09,84.12,84.07,84.1,1078997
SHY,2017-11-28,84.13,84.13,84.08,84.11,564228
SHY,2017-11-29,84.08,84.09,84.05,84.09,670572
SHY,2017-11-30,84.11,84.11,84.02,84.04,1010738
SHY,2017-12-01,83.98,84.04,83.92,83.98,1133004
SHY,2017-12-04,83.97,83.97,83.91,83.93,2441158
SHY,2017-12-05,83.96,83.96,83.89,83.92,1422181
SHY,2017-12-06,84.03,84.03,83.94,83.96,1175617
SHY,2017-12-07,83.98,83.98,83.94,83.97,1168237
SHY,2017-12-08,83.99,84.0,83.96,83.97,922962
SHY,2017-12-11,83.98,83.98,83.92,83.93,2432036
SHY,2017-12-12,83.93,83.94,83.9,83.93,992470
SHY,2017-12-13,84.0,84.07,83.93,84.02,1112435
SHY,2017-12-14,84.0,84.0,83.95,83.99,1471872
SHY,2017-12-15,83.96,83.96,83.91,83.95,983754
SHY,2017-12-18,83.96,83.97,83.93,83.95,664914
SHY,2017-12-19,83.94,83.94,83.9,83.91,759984
SHY,2017-12-20,83.91,83.94,83.9,83.92,840081
SHY,2017-12-21,83.84,83.84,83.8,83.82,964470
SHY,2017-12-22,83.8,83.82,83.79,83.79,1050903
SHY,2017-12-26,83.77,83.81,83.77,83.78,1185511
SHY,2017-12-27,83.8,83.82,83.79,83.82,1122278
SHY,2017-12-28,83.81,83.84,83.8,83.83,1108246
SHY,2017-12-29,83.86,83.87,83.84,83.85,1210743
SHY,2018-01-02,83.85,83.85,83.79,83.82,1786046
SHY,2018-01-03,83.81,83.84,83.79,83.82,1040937
SHY,2018-01-04,83.77,83.8,83.75,83.78,955446
SHY,2018-01-05,83.77,83.79,83.76,83.78,850599
SHY,2018-01-08,83.8,83.8,83.76,83.78,597787
SHY,2018-01-09,83.8,83.8,83.75,83.75,1551131
SHY,2018-01-10,83.78,83.78,83.74,83.78,789546
SHY,2018-01-11,83.77,83.79,83.75,83.75,1047876
SHY,2018-01-12,83.8,83.8,83.72,83.74,904967
SHY,2018-01-16,83.66,83.75,83.66,83.73,2707733
SHY,2018-01-17,83.72,83.72,83.68,83.7,2950768
SHY,2018-01-18,83.68,83.7,83.66,83.68,1090678
SHY,2018-01-19,83.7,83.71,83.66,83.71,1052061
SHY,2018-01-22,83.68,83.68,83.65,83.67,973549
SHY,2018-01-23,83.68,83.72,83.68,83.72,885609
SHY,2018-01-24,83.71,83.71,83.67,83.7,865652
SHY,2018-01-25,83.69,83.7,83.64,83.68,757205
SHY,2018-01-26,83.71,83.71,83.62,83.63,990699
SHY,2018-01-29,83.61,83.62,83.58,83.6,1440058
SHY,2018-01-30,83.65,83.65,83.59,83.61,1708637
SHY,2018-01-31,83.64,83.64,83.56,83.61,2078654
SHY,2018-02-01,83.52,83.53,83.47,83.49,2243803
SHY,2018-02-02,83.48,83.52,83.44,83.5,1825540
SHY,2018-02-05,83.45,83.68,83.45,83.65,2019772
SHY,2018-02-06,83.51,83.65,83.51,83.59,2386681
SHY,2018-02-07,83.52,83.58,83.49,83.53,2053983
SHY,2018-02-08,83.53,83.57,83.48,83.54,1178608
SHY,2018-02-09,83.54,83.7,83.52,83.61,3159919
SHY,2018-02-12,83.59,83.59,83.54,83.57,1592814
SHY,2018-02-13,83.55,83.57,83.53,83.57,1292877
SHY,2018-02-14,83.5,83.5,83.43,83.45,953396
SHY,2018-02-15,83.44,83.46,83.4,83.42,1452820
SHY,2018-02-16,83.37,83.47,83.37,83.44,728338
SHY,2018-02-20,83.41,83.44,83.41,83.43,1448475
SHY,2018-02-21,83.43,83.45,83.38,83.44,1540741
SHY,2018-02-22,83.45,83.46,83.41,83.45,839306
SHY,2018-02-23,83.47,83.5,83.45,83.47,753813
SHY,2018-02-26,83.51,83.54,83.48,83.48,1445777
SHY,2018-02-27,83.53,83.53,83.41,83.42,852344
SHY,2018-02-28,83.45,83.47,83.43,83.44,3721301
SHY,2018-03-01,83.39,83.49,83.36,83.47,2049917
SHY,2018-03-02,83.45,83.45,83.4,83.43,1716636
SHY,2018-03-05,83.45,83.47,83.4,83.43,1112239
SHY,2018-03-06,83.43,83.45,83.4,83.41,737314
SHY,2018-03-07,83.42,83.45,83.4,83.41,1230960
SHY,2018-03-08,83.42,83.44,83.41,83.43,608889
SHY,2018-03-09,83.39,83.43,83.38,83.39,668970
SHY,2018-03-12,83.43,83.44,83.39,83.43,1281180
SHY,2018-03-13,83.45,83.47,83.43,83.45,609891
SHY,2018-03-14,83.42,83.49,83.4,83.44,1525844
SHY,2018-03-15,83.43,83.47,83.42,83.45,1106584
SHY,2018-03-16,83.45,83.45,83.41,83.41,878523
SHY,2018-03-19,83.4,83.45,83.39,83.41,834896
SHY,2018-03-20,83.39,83.4,83.36,83.38,1074682
SHY,2018-03-21,83.35,83.45,83.33,83.44,2404467
SHY,2018-03-22,83.44,83.51,83.44,83.48,1954888
SHY,2018-03-23,83.48,83.52,83.46,83.5,1202847
SHY,2018-03-26,83.48,83.5,83.45,83.46,1729368
SHY,2018-03-27,83.46,83.54,83.46,83.52,1732617
SHY,2018-03-28,83.54,83.57,83.49,83.53,1899270
SHY,2018-03-29,83.5,83.56,83.5,83.56,2998890
SHY,2018-04-02,83.45,83.53,83.42,83.49,3047693
SHY,2018-04-03,83.47,83.48,83.42,83.45,3418567
SHY,2018-04-04,83.47,83.47,83.4,83.4,1717588
SHY,2018-04-05,83.4,83.43,83.4,83.42,1109600
SHY,2018-04-06,83.47,83.49,83.44,83.49,1097435
SHY,2018-04-09,83.44,83.48,83.43,83.48,1737990
SHY,2018-04-10,83.43,83.46,83.41,83.44,1218506
SHY,2018-04-11,83.44,83.46,83.42,83.44,985647
SHY,2018-04-12,83.41,83.41,83.38,83.39,791078
SHY,2018-04-13,83.37,83.39,83.36,83.37,1040927
SHY,2018-04-16,83.35,83.37,83.33,83.36,1155907
SHY,2018-04-17,83.35,83.36,83.33,83.36,892312
SHY,2018-04-18,83.3,83.31,83.28,83.29,971745
SHY,2018-04-19,83.3,83.31,83.27,83.29,1410798
SHY,2018-04-20,83.27,83.29,83.25,83.26,904797
SHY,2018-04-23,83.26,83.26,83.22,83.25,1861066
SHY,2018-04-24,83.22,83.27,83.21,83.27,1999369
SHY,2018-04-25,83.23,83.27,83.23,83.26,2176421
SHY,2018-04-26,83.29,83.29,83.25,83.28,2538650
SHY,2018-04-27,83.27,83.3,83.27,83.3,1443706
SHY,2018-04-30,83.28,83.3,83.27,83.27,1944705
SHY,2018-05-01,83.17,83.18,83.13,83.13,2027800
SHY,2018-05-02,83.15,83.17,83.13,83.16,1688925
SHY,2018-05-03,83.2,83.23,83.2,83.22,2961476
SHY,2018-05-04,83.22,83.24,83.18,83.19,1348068
SHY,2018-05-07,83.21,83.22,83.19,83.19,7560352
SHY,2018-05-08,83.19,83.2,83.18,83.2,9734936
SHY,2018-05-09,83.17,83.18,83.16,83.16,1009597
SHY,2018-05-10,83.19,83.2,83.16,83.16,937867
SHY,2018-05-11,83.18,83.18,83.16,83.16,710177
SHY,2018-05-14,83.17,83.17,83.15,83.16,1024705
SHY,2018-05-15,83.12,83.14,83.09,83.11,1086994
SHY,2018-05-16,83.11,83.12,83.1,83.11,704695
SHY,2018-05-17,83.14,83.14,83.12,83.13,1015776
SHY,2018-05-18,83.18,83.2,83.17,83.17,922763
SHY,2018-05-21,83.16,83.17,83.15,83.17,1286494
SHY,2018-05-22,83.16,83.18,83.15,83.17,793012
SHY,2018-05-23,83.2,83.27,83.19,83.24,1179594
SHY,2018-05-24,83.3,83.33,83.29,83.29,1384770
SHY,2018-05-25,83.35,83.38,83.35,83.36,612037
SHY,2018-05-29,83.43,83.64,83.43,83.6,2137546
SHY,2018-05-30,83.54,83.54,83.47,83.5,1674664
SHY,2018-05-31,83.49,83.5,83.43,83.46,5749294
SHY,2018-06-01,83.28,83.3,83.25,83.27,3230685
SHY,2018-06-04,83.24,83.26,83.2,83.2,1146336
SHY,2018-06-05,83.24,83.29,83.21,83.25,16965753
SHY,2018-06-06,83.22,83.24,83.21,83.22,4984660
SHY,2018-06-07,83.21,83.34,83.21,83.3,4350996
SHY,2018-06-08,83.28,83.31,83.26,83.28,2375980
SHY,2018-06-11,83.23,83.26,83.21,83.25,3758978
SHY,2018-06-12,83.21,83.23,83.21,83.21,3024743
SHY,2018-06-13,83.21,83.23,83.14,83.17,2351572
SHY,2018-06-14,83.19,83.21,83.18,83.2,1737412
SHY,2018-06-15,83.24,83.27,83.23,83.24,2663668
SHY,2018-06-18,83.24,83.26,83.23,83.26,1027046
SHY,2018-06-19,83.3,83.3,83.27,83.29,2348523
SHY,2018-06-20,83.28,83.29,83.24,83.25,1369250
SHY,2018-06-21,83.26,83.31,83.26,83.3,825383
SHY,2018-06-22,83.3,83.31,83.28,83.31,1154315
SHY,2018-06-25,83.32,83.35,83.31,83.34,721344
SHY,2018-06-26,83.34,83.35,83.32,83.34,3127723
SHY,2018-06-27,83.38,83.4,83.35,83.39,4012229
SHY,2018-06-28,83.41,83.41,83.36,83.39,1049975
SHY,2018-06-29,83.36,83.38,83.35,83.37,4905004
SHY,2018-07-02,83.26,83.26,83.2,83.23,3517797
SHY,2018-07-03,83.23,83.26,83.21,83.26,1330618
SHY,2018-07-05,83.25,83.2668,83.22,83.25,1892567
SHY,2018-07-06,83.27,83.27,83.25,83.27,3113182
SHY,2018-07-09,83.24,83.25,83.22,83.22,1378696
SHY,2018-07-10,83.23,83.23,83.2,83.21,2161787
SHY,2018-07-11,83.23,83.24,83.2,83.24,953314
SHY,2018-07-12,83.21,83.23,83.2,83.23,1298971
SHY,2018-07-13,83.25,83.26,83.23,83.25,1241435
SHY,2018-07-16,83.22,83.23,83.2,83.23,1530694
SHY,2018-07-17,83.24,83.24,83.21,83.22,2830639
SHY,2018-07-18,83.23,83.23,83.2,83.21,972797
SHY,2018-07-19,83.21,83.29,83.21,83.25,1185255
SHY,2018-07-20,83.28,83.29,83.24,83.25,1730787
SHY,2018-07-23,83.24,83.25,83.2,83.2,1083088
SHY,2018-07-24,83.21,83.21,83.18,83.21,1563389
SHY,2018-07-25,83.21,83.22,83.18,83.18,682784
SHY,2018-07-26,83.2,83.21,83.15,83.18,2208519
SHY,2018-07-27,83.19,83.21,83.18,83.19,1425339
SHY,2018-07-30,83.19,83.2,83.18,83.19,4199587
SHY,2018-07-31,83.21,83.21,83.19,83.19,2525735
SHY,2018-08-01,83.05,83.07,83.04,83.06,9125550
SHY,2018-08-02,83.09,83.11,83.08,83.11,1911300
SHY,2018-08-03,83.1,83.14,83.1,83.12,1371156
SHY,2018-08-06,83.15,83.15,83.13,83.14,1148229
SHY,2018-08-07,83.13,83.13,83.09,83.11,927514
SHY,2018-08-08,83.13,83.13,83.11,83.12,1438258
SHY,2018-08-09,83.14,83.17,83.14,83.17,660690
SHY,2018-08-10,83.22,83.26,83.21,83.25,1496558
SHY,2018-08-13,83.22,83.25,83.21,83.23,1577408
SHY,2018-08-14,83.23,83.23,83.21,83.23,1285475
SHY,2018-08-15,83.25,83.29,83.23,83.27,775015
SHY,2018-08-16,83.25,83.27,83.23,83.25,987976
SHY,2018-08-17,83.27,83.29,83.26,83.28,783350
SHY,2018-08-20,83.31,83.33,83.29,83.33,761675
SHY,2018-08-21,83.29,83.31,83.29,83.31,1449884
SHY,2018-08-22,83.32,83.34,83.31,83.33,609800
SHY,2018-08-23,83.33,83.34,83.31,83.32,702726
SHY,2018-08-24,83.29,83.33,83.29,83.33,2277157
SHY,2018-08-27,83.29,83.31,83.29,83.3,952799
SHY,2018-08-28,83.27,83.29,83.26,83.27,931844
SHY,2018-08-29,83.28,83.28,83.24,83.26,582219
SHY,2018-08-30,83.28,83.32,83.28,83.32,1657127
SHY,2018-08-31,83.34,83.35,83.33,83.34,4047499
SHY,2018-09-04,83.2,83.22,83.16,83.19,1358700
SHY,2018-09-05,83.19,83.2,83.17,83.19,846298
SHY,2018-09-06,83.21,83.25,83.2,83.22,5085853
SHY,2018-09-07,83.17,83.17,83.13,83.13,835522
SHY,2018-09-10,83.14,83.15,83.13,83.14,623814
SHY,2018-09-11,83.09,83.11,83.07,83.09,763703
SHY,2018-09-12,83.11,83.11,83.07,83.09,687552
SHY,2018-09-13,83.1,83.11,83.08,83.1,687203
SHY,2018-09-14,83.05,83.08,83.05,83.07,718481
SHY,2018-09-17,83.06,83.08,83.05,83.05,2312938
SHY,2018-09-18,83.07,83.07,83.02,83.04,860424
SHY,2018-09-19,83.02,83.03,83.0,83.02,659836
SHY,2018-09-20,83.0,83.05,83.0,83.05,945281
SHY,2018-09-21,83.03,83.06,83.02,83.03,1873330
SHY,2018-09-24,83.03,83.06,83.02,83.03,777060
SHY,2018-09-25,83.02,83.04,83.01,83.04,1217491
SHY,2018-09-26,83.03,83.07,83.03,83.05,1325876
SHY,2018-09-27,83.07,83.07,83.05,83.05,901893
SHY,2018-09-28,83.09,83.11,83.09,83.09,2340290
SHY,2018-10-01,82.96,82.97,82.93,82.93,3392500
SHY,2018-10-02,82.95,82.99,82.95,82.96,3058552
SHY,2018-10-03,82.94,82.96,82.89,82.92,1468215
SHY,2018-10-04,82.87,82.9,82.87,82.9,1245360
SHY,2018-10-05,82.88,82.89,82.86,82.89,1692130
SHY,2018-10-08,82.89,82.92,82.87,82.87,1601939
SHY,2018-10-09,82.9,82.91,82.88,82.9,2939012
SHY,2018-10-10,82.87,82.93,82.87,82.92,1956802
SHY,2018-10-11,82.96,83.0,82.93,82.95,2116117
SHY,2018-10-12,82.98,83.01,82.95,82.95,2273934
SHY,2018-10-15,82.99,82.99,82.96,82.98,1770920
SHY,2018-10-16,82.97,82.97,82.94,82.95,2148784
SHY,2018-10-17,82.97,82.99,82.92,82.945,1607414
SHY,2018-10-18,82.93,83.01,82.92,83.0,1329377
SHY,2018-10-19,82.99,82.99,82.94,82.95,4101009
SHY,2018-10-22,82.94,82.97,82.93,82.93,2027983
SHY,2018-10-23,83.03,83.05,82.98,82.98,2864711
SHY,2018-10-24,83.02,83.11,83.02,83.11,2957270
SHY,2018-10-25,83.09,83.1,83.06,83.08,2680103
SHY,2018-10-26,83.14,83.19,83.12,83.13,3797349
SHY,2018-10-29,83.11,83.17,83.1,83.16,4785446
SHY,2018-10-30,83.13,83.13,83.09,83.12,5203691
SHY,2018-10-31,83.07,83.1,83.05,83.08,12635754
SHY,2018-11-01,82.96,82.99,82.94,82.98,3623641
SHY,2018-11-02,82.93,82.94,82.88,82.88,3723833
SHY,2018-11-05,82.92,82.92,82.89,82.91,2360996
SHY,2018-11-06,82.88,82.9,82.87,82.89,4431487
SHY,2018-11-07,82.87,82.88,82.85,82.86,1675014
SHY,2018-11-08,82.88,82.88,82.83,82.85,1332802
SHY,2018-11-09,82.86,82.92,82.86,82.89,1229474
SHY,2018-11-12,82.92,82.98,82.92,82.95,994296
SHY,2018-11-13,82.95,82.98,82.95,82.96,2990072
SHY,2018-11-14,82.97,83.07,82.96,83.02,3329790
SHY,2018-11-15,83.09,83.11,83.04,83.06,1952428
SHY,2018-11-16,83.12,83.14,83.1,83.12,1293168
SHY,2018-11-19,83.12,83.2,83.11,83.19,1547730
SHY,2018-11-20,83.18,83.2,83.16,83.17,2307648
SHY,2018-11-21,83.18,83.18,83.15,83.17,9309915
SHY,2018-11-23,83.2,83.2,83.15,83.15,1666242
SHY,2018-11-26,83.15,83.16,83.13,83.16,1764042
SHY,2018-11-27,83.15,83.18,83.14,83.17,1555150
SHY,2018-11-28,83.16,83.22,83.14,83.2,2986099
SHY,2018-11-29,83.24,83.25,83.2,83.22,2217281
SHY,2018-11-30,83.22,83.27,83.21,83.25,4712684
SHY,2018-12-03,83.06,83.09,83.04,83.04,2828848
SHY,2018-12-04,83.07,83.14,83.07,83.1,4062035
SHY,2018-12-06,83.22,83.2983,83.18,83.18,4012187
SHY,2018-12-07,83.19,83.28,83.18,83.27,2079347
SHY,2018-12-10,83.26,83.33,83.24,83.27,9725081
SHY,2018-12-11,83.23,83.26,83.18,83.19,5675489
SHY,2018-12-12,83.18,83.21,83.18,83.18,4565494
SHY,2018-12-13,83.23,83.26,83.22,83.26,7531870
SHY,2018-12-14,83.27,83.32,83.26,83.31,4449241
SHY,2018-12-17,83.32,83.39,83.3,83.39,5815253
SHY,2018-12-18,83.28,83.33,83.26,83.32,6567020
SHY,2018-12-19,83.34,83.38,83.27,83.34,12279171
SHY,2018-12-20,83.35,83.36,83.31,83.33,7297257
SHY,2018-12-21,83.33,83.39,83.32,83.39,5548838
SHY,2018-12-24,83.4,83.46,83.4,83.46,4049118
SHY,2018-12-26,83.48,83.51,83.38,83.38,6207737
SHY,2018-12-27,83.46,83.54,83.46,83.47,4207682
SHY,2018-12-28,83.51,83.59,83.5,83.59,6740101
SHY,2018-12-31,83.57,83.67,83.55,83.62,4892319
SHY,2019-01-02,83.63,83.64,83.6,83.63,5380228
SHY,2019-01-03,83.64,83.84,83.63,83.8,5284577
SHY,2019-01-04,83.67,83.68,83.62,83.62,5969520
SHY,2019-01-07,83.65,83.67,83.56,83.56,3632610
SHY,2019-01-08,83.53,83.56,83.5,83.51,2061642
SHY,2019-01-09,83.51,83.58,83.51,83.55,4161931
SHY,2019-01-10,83.61,83.63,83.55,83.56,4037274
SHY,2019-01-11,83.61,83.63,83.6,83.61,2057091
SHY,2019-01-14,83.63,83.65,83.43,83.61,1872813
SHY,2019-01-15,83.65,83.66,83.61,83.64,3311318
SHY,2019-01-16,83.6,83.63,83.58,83.62,3262194
SHY,2019-01-17,83.62,83.63,83.58,83.61,2507667
SHY,2019-01-18,83.58,83.59,83.52,83.54,4135295
SHY,2019-01-22,83.58,83.61,83.57,83.61,4049826
SHY,2019-01-23,83.58,83.62,83.56,83.59,7921724
SHY,2019-01-24,83.65,83.68,83.63,83.66,2012982
SHY,2019-01-25,83.63,83.64,83.59,83.6,1603503
SHY,2019-01-28,83.6,83.64,83.59,83.61,5781018
SHY,2019-01-29,83.63,83.66,83.63,83.65,4065748
SHY,2019-01-30,83.65,83.76,83.63,83.76,3634997
SHY,2019-01-31,83.79,83.85,83.79,83.83,7267052
SHY,2019-02-01,83.64,83.66,83.58,83.58,7391198
SHY,2019-02-04,83.59,83.6,83.56,83.58,9052478
SHY,2019-02-05,83.57,83.61,83.57,83.58,3074174
SHY,2019-02-06,83.63,83.64,83.6,83.62,2689783
SHY,2019-02-07,83.67,83.7,83.65,83.68,2483148
SHY,2019-02-08,83.73,83.75,83.71,83.71,2459486
SHY,2019-02-11,83.68,83.7,83.67,83.68,3230701
SHY,2019-02-12,83.68,83.69,83.66,83.67,2366038
SHY,2019-02-13,83.62,83.65,83.61,83.61,3539179
SHY,2019-02-14,83.71,83.73,83.67,83.72,5773784
SHY,2019-02-15,83.7,83.7,83.68,83.68,3556359
SHY,2019-02-19,83.72,83.74,83.7,83.74,8248452
SHY,2019-02-20,83.73,83.76,83.71,83.73,2679753
SHY,2019-02-21,83.71,83.71,83.69,83.7,2136655
SHY,2019-02-22,83.72,83.78,83.72,83.76,2640774
SHY,2019-02-25,83.73,83.75,83.71,83.75,2964288
SHY,2019-02-26,83.77,83.79,83.75,83.79,4570655
SHY,2019-02-27,83.76,83.77,83.73,83.77,2463535
SHY,2019-02-28,83.75,83.76,83.72,83.75,4136790
SHY,2019-03-01,83.56,83.57,83.52,83.54,3697815
SHY,2019-03-04,83.54,83.58,83.53,83.56,6418777
SHY,2019-03-05,83.54,83.57,83.52,83.57,6175908
SHY,2019-03-06,83.57,83.63,83.57,83.63,4167312
SHY,2019-03-07,83.65,83.71,83.65,83.7,3215516
SHY,2019-03-08,83.71,83.74,83.69,83.73,2626921
SHY,2019-03-11,83.72,83.72,83.69,83.71,2213579
SHY,2019-03-12,83.71,83.75,83.71,83.74,3665601
SHY,2019-03-13,83.73,83.75,83.72,83.75,1174194
SHY,2019-03-14,83.75,83.77,83.73,83.77,1173305
SHY,2019-03-15,83.79,83.81,83.78,83.8,1570371
SHY,2019-03-18,83.78,83.8,83.77,83.78,1092048
SHY,2019-03-19,83.76,83.78,83.74,83.77,1000106
SHY,2019-03-20,83.78,83.9,83.78,83.89,2459405
SHY,2019-03-21,83.91,83.91,83.87,83.89,1371112
SHY,2019-03-22,83.95,84.05,83.95,84.03,3113557
SHY,2019-03-25,84.06,84.17,84.04,84.12,3572729
SHY,2019-03-26,84.08,84.13,84.06,84.11,2374644
SHY,2019-03-27,84.17,84.21,84.15,84.18,1872516
SHY,2019-03-28,84.17,84.18,84.13,84.17,1322746
SHY,2019-03-29,84.1,84.13,84.08,84.12,2277145
SHY,2019-04-01,83.91,83.93,83.85,83.87,4381749
SHY,2019-04-02,83.89,83.92,83.88,83.91,2662153
SHY,2019-04-03,83.88,83.89,83.86,83.87,5005553
SHY,2019-04-04,83.9,83.9,83.87,83.89,1481193
SHY,2019-04-05,83.87,83.89,83.86,83.88,6617118
SHY,2019-04-08,83.88,83.9,83.85,83.86,2756407
SHY,2019-04-09,83.89,83.91,83.87,83.87,3661933
SHY,2019-04-10,83.91,83.94,83.91,83.94,2364326
SHY,2019-04-11,83.9,83.92,83.89,83.89,3379211
SHY,2019-04-12,83.84,83.86,83.83,83.84,1213279
SHY,2019-04-15,83.83,83.86,83.83,83.85,1021426
SHY,2019-04-16,83.84,83.85,83.81,83.84,1335681
SHY,2019-04-17,83.84,83.87,83.84,83.87,1600604
SHY,2019-04-18,83.9,83.91,83.88,83.89,1076791
SHY,2019-04-22,83.9,83.91,83.89,83.9,6156360
SHY,2019-04-23,83.92,83.95,83.92,83.94,1824560
SHY,2019-04-24,83.99,84.01,83.98,83.99,3424353
SHY,2019-04-25,84.01,84.02,83.99,83.99,903033
SHY,2019-04-26,84.07,84.08,84.06,84.08,2275785
SHY,2019-04-29,84.05,84.07,84.04,84.05,1009342
SHY,2019-04-30,84.06,84.11,84.04,84.11,1876007
SHY,2019-05-01,83.93,84.05,83.87,83.88,1313600
SHY,2019-05-02,83.88,83.89,83.84,83.84,2138766
SHY,2019-05-03,83.87,83.9,83.85,83.87,1332337
SHY,2019-05-06,83.93,83.94,83.91,83.92,1312194
SHY,2019-05-07,83.95,83.98,83.95,83.96,2815199
SHY,2019-05-08,83.98,84.0,83.94,83.95,1474535
SHY,2019-05-09,84.02,84.06,83.99,84.0,1297012
SHY,2019-05-10,84.03,84.07,84.0,84.02,1558687
SHY,2019-05-13,84.11,84.15,84.1,84.12,2720845
SHY,2019-05-14,84.12,84.13,84.09,84.12,3785705
SHY,2019-05-15,84.21,84.21,84.14,84.18,1521814
SHY,2019-05-16,84.14,84.15,84.12,84.13,1046621
SHY,2019-05-17,84.18,84.19,84.12,84.15,1067880
SHY,2019-05-20,84.14,84.16,84.11,84.11,1095917
SHY,2019-05-21,84.09,84.1,84.06,84.07,1161519
SHY,2019-05-22,84.12,84.13,84.1,84.11,2067741
SHY,2019-05-23,84.17,84.29,84.17,84.26,2773757
SHY,2019-05-24,84.24,84.25,84.21,84.23,1019645
SHY,2019-05-28,84.26,84.3,84.24,84.3,1130365
SHY,2019-05-29,84.35,84.38,84.3,84.31,2631956
SHY,2019-05-30,84.33,84.39,84.3,84.38,1929384
SHY,2019-05-31,84.46,84.59,84.46,84.56,11965456
SHY,2019-06-03,84.47,84.59,84.43,84.55,4621997
SHY,2019-06-04,84.44,84.5067,84.42,84.49,3320420
SHY,2019-06-05,84.6,84.63,84.52,84.53,14752956
SHY,2019-06-06,84.54,84.57,84.47,84.48,20687723
SHY,2019-06-07,84.62,84.64,84.54,84.57,13622531
SHY,2019-06-10,84.52,84.52,84.48,84.49,7611271
SHY,2019-06-11,84.45,84.48,84.44,84.46,2211777
SHY,2019-06-12,84.51,84.55,84.5,84.53,1147896
SHY,2019-06-13,84.57,84.64,84.55,84.62,2450348
SHY,2019-06-14,84.57,84.61,84.56,84.59,1992182
SHY,2019-06-17,84.6,84.6,84.55,84.55,2105272
SHY,2019-06-18,84.65,84.66,84.56,84.56,5589161
SHY,2019-06-19,84.54,84.75,84.52,84.74,1893203
SHY,2019-06-20,84.81,84.85,84.77,84.78,1790067
SHY,2019-06-21,84.71,84.74,84.69,84.74,8008943
SHY,2019-06-24,84.76,84.82,84.76,84.79,1715959
SHY,2019-06-25,84.8,84.85,84.76,84.81,1742673
SHY,2019-06-26,84.77,84.77,84.7,84.71,1221959
SHY,2019-06-27,84.76,84.78,84.73,84.78,1276334
SHY,2019-06-28,84.77,84.8,84.75,84.78,4134206
SHY,2019-07-01,84.63,84.63,84.54,84.57,4213856
SHY,2019-07-02,84.59,84.64,84.58,84.62,4841213
SHY,2019-07-03,84.63,84.65,84.62,84.64,2176428
SHY,2019-07-05,84.51,84.51,84.44,84.47,1759453
SHY,2019-07-08,84.49,84.5,84.43,84.43,1587171
SHY,2019-07-09,84.46,84.46,84.4,84.4,1457305
SHY,2019-07-10,84.5,84.55,84.47,84.55,1704788
SHY,2019-07-11,84.54,84.55,84.49,84.51,1227299
SHY,2019-07-12,84.5,84.54,84.49,84.52,871640
SHY,2019-07-15,84.54,84.56,84.53,84.54,1385775
SHY,2019-07-16,84.5,84.53,84.48,84.51,1350075
SHY,2019-07-17,84.52,84.59,84.51,84.59,1457492
SHY,2019-07-18,84.58,84.7,84.56,84.69,1438856
SHY,2019-07-19,84.62,84.64,84.58,84.6,863979
SHY,2019-07-22,84.63,84.64,84.61,84.61,823315
SHY,2019-07-23,84.6,84.62,84.58,84.59,1026891
SHY,2019-07-24,84.61,84.64,84.59,84.61,1364767
SHY,2019-07-25,84.59,84.59,84.53,84.56,1093756
SHY,2019-07-26,84.56,84.57,84.52,84.57,1002976
SHY,2019-07-29,84.57,84.6,84.57,84.57,930572
SHY,2019-07-30,84.59,84.6,84.57,84.58,933455
SHY,2019-07-31,84.62,84.65,84.43,84.57,2313402
SHY,2019-08-01,84.46,84.72,84.45,84.66,3098981
SHY,2019-08-02,84.65,84.7,84.64,84.68,2626460
SHY,2019-08-05,84.83,84.91,84.81,84.85,3154513
SHY,2019-08-06,84.86,84.89,84.82,84.89,3277777
SHY,2019-08-07,85.0,85.04,84.87,84.9,2352447
SHY,2019-08-08,84.87,84.88,84.81,84.87,1499003
SHY,2019-08-09,84.87,84.91,84.82,84.82,1833595
SHY,2019-08-12,84.89,84.94,84.88,84.91,2403478
SHY,2019-08-13,84.9,84.91,84.77,84.81,1839466
SHY,2019-08-14,84.89,84.95,84.88,84.92,3312842
SHY,2019-08-15,84.96,85.11,84.96,85.1,4823023
SHY,2019-08-16,85.05,85.1,85.0106,85.09,1886567
SHY,2019-08-19,85.01,85.04,84.98,85.0,1485600
SHY,2019-08-20,85.05,85.09,85.04,85.06,2015666
SHY,2019-08-21,85.01,85.05,84.97,84.98,2082451
SHY,2019-08-22,84.96,85.01,84.93,84.94,956165
SHY,2019-08-23,84.97,85.1,84.95,85.08,2448864
SHY,2019-08-26,85.07,85.1,85.01,85.04,1768689
SHY,2019-08-27,85.01,85.09,85.01,85.07,2179560
SHY,2019-08-28,85.09,85.12,85.07,85.09,1944372
SHY,2019-08-29,85.08,85.09,85.04,85.05,3270587
SHY,2019-08-30,85.05,85.09,85.03,85.08,2542982
SHY,2019-09-03,84.95,85.07,84.93,85.0,4574286
SHY,2019-09-04,85.0,85.07,85.0,85.07,1455937
SHY,2019-09-05,84.96,84.96,84.84,84.88,2145249
SHY,2019-09-06,84.9,84.93,84.87,84.89,2485471
SHY,2019-09-09,84.83,84.85,84.8,84.8,2423874
SHY,2019-09-10,84.79,84.8,84.65,84.66,2262303
SHY,2019-09-11,84.66,84.71,84.66,84.66,3004985
SHY,2019-09-12,84.71,84.72,84.61,84.64,3319684
SHY,2019-09-13,84.57,84.59,84.48,84.5,1951373
SHY,2019-09-16,84.55,84.57,84.53,84.57,3034060
SHY,2019-09-17,84.56,84.63,84.55,84.61,1397702
SHY,2019-09-18,84.66,84.71,84.55,84.56,3278011
SHY,2019-09-19,84.64,84.64,84.57,84.57,2399308
SHY,2019-09-20,84.61,84.69,84.59,84.66,2383323
SHY,2019-09-23,84.72,84.79,84.71,84.71,1537135
SHY,2019-09-24,84.72,84.84,84.72,84.8,3693090
SHY,2019-09-25,84.79,84.81,84.69,84.69,2729990
SHY,2019-09-26,84.75,84.79,84.73,84.73,871488
SHY,2019-09-27,84.74,84.81,84.74,84.78,1691671
SHY,2019-09-30,84.77,84.82,84.76,84.82,2325556
SHY,2019-10-01,84.62,84.81,84.62,84.78,4668917
SHY,2019-10-02,84.84,84.91,84.83,84.87,2613032
SHY,2019-10-03,84.93,85.07,84.92,85.05,2441581
SHY,2019-10-04,85.01,85.05,84.99,85.04,1760774
SHY,2019-10-07,84.99,85.0,84.93,84.95,1611695
SHY,2019-10-08,85.01,85.04,84.94,85.0,2153282
SHY,2019-10-09,85.0,85.02,84.93,84.95,1472532
SHY,2019-10-10,84.96,84.96,84.85,84.85,3566867
SHY,2019-10-11,84.79,84.8,84.71,84.77,2933815
SHY,2019-10-14,84.78,84.8,84.76,84.78,1336666
SHY,2019-10-15,84.81,84.82,84.73,84.76,2469983
SHY,2019-10-16,84.8,84.82,84.77,84.8,1840704
SHY,2019-10-17,84.8,84.85,84.78,84.8,1641211
SHY,2019-10-18,84.82,84.87,84.82,84.83,1901614
SHY,2019-10-21,84.82,84.84,84.77,84.79,985532
SHY,2019-10-22,84.81,84.83,84.76,84.82,1192305
SHY,2019-10-23,84.84,84.85,84.8,84.81,1578624
SHY,2019-10-24,84.83,84.87,84.81,84.81,1229111
SHY,2019-10-25,84.83,84.83,84.74,84.76,982862
SHY,2019-10-28,84.73,84.74,84.7,84.73,2045014
SHY,2019-10-29,84.76,84.77,84.73,84.75,1768728
SHY,2019-10-30,84.75,84.81,84.71,84.8,1622520
SHY,2019-10-31,84.85,84.96,84.85,84.95,2719252
SHY,2019-11-01,84.78,84.81,84.72,84.76,3436219
SHY,2019-11-04,84.72,84.72,84.69,84.7,2540441
SHY,2019-11-05,84.67,84.67,84.61,84.64,2078543
SHY,2019-11-06,84.69,84.71,84.66,84.69,1237093
SHY,2019-11-07,84.63,84.63,84.54,84.59,2284942
SHY,2019-11-08,84.59,84.65,84.59,84.6,2300498
SHY,2019-11-11,84.62,84.63,84.59,84.62,1329557
SHY,2019-11-12,84.61,84.64,84.59,84.63,2647807
SHY,2019-11-13,84.68,84.69,84.65,84.67,1679807
SHY,2019-11-14,84.74,84.78,84.73,84.75,2754468
SHY,2019-11-15,84.71,84.74,84.71,84.72,2456123
SHY,2019-11-18,84.76,84.77,84.74,84.76,1049900
SHY,2019-11-19,84.73,84.76,84.73,84.75,1630744
SHY,2019-11-20,84.77,84.81,84.76,84.79,1767097
SHY,2019-11-21,84.76,84.78,84.74,84.75,1288043
SHY,2019-11-22,84.76,84.77,84.72,84.74,3148137
SHY,2019-11-25,84.74,84.76,84.72,84.75,3597072
SHY,2019-11-26,84.79,84.8,84.77,84.79,1792204
SHY,2019-11-27,84.77,84.77,84.73,84.74,1090079
SHY,2019-11-29,84.73,84.77,84.72,84.77,1220152
SHY,2019-12-02,84.59,84.68,84.57,84.61,4211493
SHY,2019-12-03,84.72,84.78,84.71,84.73,2036800
SHY,2019-12-04,84.71,84.72,84.66,84.69,2018068
SHY,2019-12-05,84.65,84.69,84.64,84.65,1965936
SHY,2019-12-06,84.6,84.65,84.59,84.62,2024444
SHY,2019-12-09,84.64,84.64,84.61,84.62,1482224
SHY,2019-12-10,84.63,84.64,84.58,84.58,1214057
SHY,2019-12-11,84.59,84.66,84.59,84.65,1223112
SHY,2019-12-12,84.67,84.67,84.52,84.57,1627420
SHY,2019-12-13,84.64,84.69,84.6,84.67,1632074
SHY,2019-12-16,84.64,84.64,84.59,84.62,1568755
SHY,2019-12-17,84.65,84.66,84.63,84.64,1764027
SHY,2019-12-18,84.63,84.65,84.61,84.65,1677418
SHY,2019-12-19,84.51,84.55,84.51,84.53,1464475
SHY,2019-12-20,84.52,84.54,84.5,84.53,1413579
SHY,2019-12-23,84.51,84.52,84.49,84.51,2008618
SHY,2019-12-24,84.47,84.54,84.47,84.52,895507
SHY,2019-12-26,84.56,84.56,84.53,84.55,1156886
SHY,2019-12-27,84.58,84.62,84.57,84.61,1388343
SHY,2019-12-30,84.6,84.66,84.6,84.64,1630793
SHY,2019-12-31,84.64,84.67,84.61,84.63,3025577
SHY,2020-01-02,84.67,84.71,84.64,84.67,2665249
SHY,2020-01-03,84.72,84.76,84.69,84.74,2039864
SHY,2020-01-06,84.73,84.74,84.68,84.71,1132074
SHY,2020-01-07,84.72,84.73,84.7,84.71,1103652
SHY,2020-01-08,84.72,84.74,84.66,84.67,1864334
SHY,2020-01-09,84.65,84.7,84.64,84.68,1424364
SHY,2020-01-10,84.69,84.72,84.69,84.7,1065931
SHY,2020-01-13,84.7,84.7,84.67,84.69,1275636
SHY,2020-01-14,84.69,84.73,84.69,84.7,2323419
SHY,2020-01-15,84.73,84.74,84.71,84.74,2467908
SHY,2020-01-16,84.73,84.74,84.71,84.74,1995066
SHY,2020-01-17,84.73,84.77,84.72,84.77,1592584
SHY,2020-01-21,84.78,84.8,84.78,84.79,2814623
SHY,2020-01-22,84.79,84.82,84.79,84.81,1878403
SHY,2020-01-23,84.84,84.88,84.82,84.84,6874173
SHY,2020-01-24,84.85,84.9,84.84,84.87,3717512
SHY,2020-01-27,84.97,84.98,84.94,84.96,1915484
SHY,2020-01-28,84.96,84.97,84.91,84.92,1233417
SHY,2020-01-29,84.95,85.0,84.93,85.0,1269063
SHY,2020-01-30,85.03,85.07,85.0,85.01,1348276
SHY,2020-01-31,85.05,85.14,85.05,85.12,4298922
SHY,2020-02-03,84.96,84.98,84.91,84.96,4133898
SHY,2020-02-04,84.88,84.89,84.84,84.87,1575547
SHY,2020-02-05,84.82,84.84,84.81,84.81,2229279
SHY,2020-02-06,84.81,84.83,84.8,84.83,1505777
SHY,2020-02-07,84.87,84.9,84.86,84.88,1408168
SHY,2020-02-10,84.93,84.95,84.9,84.92,982748
SHY,2020-02-11,84.89,84.9,84.86,84.88,1911184
SHY,2020-02-12,84.85,84.86,84.84,84.84,1400470
SHY,2020-02-13,84.87,84.89,84.85,84.86,1700698
SHY,2020-02-14,84.9,84.91,84.89,84.9,1560047
SHY,2020-02-18,84.93,84.95,84.91,84.93,1669419
SHY,2020-02-19,84.91,84.94,84.89,84.94,1422834
SHY,2020-02-20,84.93,84.98,84.93,84.96,2051793
SHY,2020-02-21,85.0,85.08,84.99,85.03,1798828
SHY,2020-02-24,85.17,85.2,85.16,85.17,2725232
SHY,2020-02-25,85.19,85.3,85.19,85.26,3026990
SHY,2020-02-26,85.24,85.35,85.22,85.32,3688178
SHY,2020-02-27,85.44,85.5,85.36,85.42,6008760
SHY,2020-02-28,85.65,85.77,85.62,85.73,9558329
SHY,2020-03-02,85.72,85.8,85.57,85.57,14995960
SHY,2020-03-03,85.63,86.02,85.61,85.91,7232343
SHY,2020-03-04,85.97,86.05,85.92,85.92,5711925
SHY,2020-03-05,86.11,86.14,86.07,86.1,3797271
SHY,2020-03-06,86.31,86.37,86.17,86.2,4378295
SHY,2020-03-09,86.54,86.67,86.37,86.67,44360024
SHY,2020-03-10,86.3,86.37,86.15,86.29,11970240
SHY,2020-03-11,86.3,86.32,86.18,86.19,7873170
SHY,2020-03-12,86.3,86.54,86.17,86.17,12312320
SHY,2020-03-13,86.05,86.32,85.95,86.28,9422433
SHY,2020-03-16,86.58,86.73,86.4,86.42,12123866
SHY,2020-03-17,86.49,86.53,86.13,86.22,10487838
SHY,2020-03-18,86.22,86.78,86.11,86.11,11907456
SHY,2020-03-19,86.22,86.53,86.22,86.26,12898427
SHY,2020-03-20,86.38,86.63,86.38,86.49,10683738
SHY,2020-03-23,86.71,86.73,86.56,86.59,9471996
SHY,2020-03-24,86.5,86.57,86.47,86.47,8366404
SHY,2020-03-25,86.49,86.63,86.49,86.57,6098016
SHY,2020-03-26,86.59,86.71,86.58,86.67,8381033
SHY,2020-03-27,86.7,86.7,86.52,86.65,37087863
SHY,2020-03-30,86.73,86.76,86.66,86.69,5650832
SHY,2020-03-31,86.72,86.78,86.67,86.67,5677868
SHY,2020-04-01,86.62,86.67,86.58,86.62,6923871
SHY,2020-04-02,86.64,86.67,86.62,86.64,5879706
SHY,2020-04-03,86.61,86.7,86.58,86.62,5018134
SHY,2020-04-06,86.58,86.61,86.55,86.56,4869086
SHY,2020-04-07,86.51,86.57,86.49,86.54,7881246
SHY,2020-04-08,86.54,86.62,86.54,86.59,4890633
SHY,2020-04-09,86.59,86.65,86.58,86.62,5400997
SHY,2020-04-13,86.63,86.63,86.59,86.63,3356174
SHY,2020-04-14,86.62,86.65,86.59,86.63,4712243
SHY,2020-04-15,86.68,86.7,86.65,86.66,4270044
SHY,2020-04-16,86.68,86.7,86.66,86.68,2383565
SHY,2020-04-17,86.66,86.69,86.65,86.65,3282747
SHY,2020-04-20,86.67,86.69,86.65,86.65,5969410
SHY,2020-04-21,86.68,86.69,86.65,86.67,3610356
SHY,2020-04-22,86.66,86.66,86.64,86.64,4836958
SHY,2020-04-23,86.64,86.66,86.62,86.63,3010011
SHY,2020-04-24,86.64,86.66,86.63,86.63,3117641
SHY,2020-04-27,86.63,86.64,86.6,86.63,4928828
SHY,2020-04-28,86.67,86.68,86.65,86.66,3706978
SHY,2020-04-29,86.68,86.69,86.65,86.65,4285717
SHY,2020-04-30,86.66,86.8,86.66,86.8,9557260
SHY,2020-05-01,86.62,86.62,86.57,86.6,5135002
SHY,2020-05-04,86.585,86.64,86.58,86.6,5813434
SHY,2020-05-05,86.61,86.62,86.59,86.59,4334026
SHY,2020-05-06,86.6,86.62,86.59,86.62,2007285
SHY,2020-05-07,86.62,86.7,86.61,86.68,2455580
SHY,2020-05-08,86.69,86.73,86.65,86.66,2690005
SHY,2020-05-11,86.67,86.67,86.6,86.63,4067638
SHY,2020-05-12,86.62,86.65,86.6,86.65,2670398
SHY,2020-05-13,86.66,86.68,86.64,86.65,3829446
SHY,2020-05-14,86.66,86.69,86.63,86.63,2284601
SHY,2020-05-15,86.69,86.7,86.67,86.68,1942895
SHY,2020-05-18,86.67,86.67,86.61,86.61,2762100
SHY,2020-05-19,86.62,86.66,86.62,86.66,2976457
SHY,2020-05-20,86.63,86.67,86.63,86.66,3497882
SHY,2020-05-21,86.65,86.66,86.64,86.64,3246339
SHY,2020-05-22,86.66,86.67,86.64,86.64,2592499
SHY,2020-05-26,86.63,86.65,86.62,86.64,4356165
SHY,2020-05-27,86.63,86.67,86.62,86.62,3507628
SHY,2020-05-28,86.63,86.66,86.62,86.66,3433392
SHY,2020-05-29,86.64,86.68,86.64,86.66,6906736
SHY,2020-06-01,86.59,86.6,86.56,86.58,6995489
SHY,2020-06-02,86.58,86.59,86.56,86.58,3869304
SHY,2020-06-03,86.56,86.56,86.51,86.51,4476420
SHY,2020-06-04,86.52,86.54,86.5,86.53,4350037
SHY,2020-06-05,86.49,86.5,86.47,86.5,4391336
SHY,2020-06-08,86.48,86.51,86.46,86.48,4200221
SHY,2020-06-09,86.49,86.52,86.49,86.51,7839894
SHY,2020-06-10,86.54,86.58,86.53,86.56,3146570
SHY,2020-06-11,86.57,86.58,86.52,86.52,3244689
SHY,2020-06-12,86.54,86.56,86.53,86.55,3355977
SHY,2020-06-15,86.55,86.57,86.53,86.53,3245974
SHY,2020-06-16,86.53,86.56,86.52,86.52,5306440
SHY,2020-06-17,86.53,86.55,86.53,86.55,3369564
SHY,2020-06-18,86.56,86.56,86.54,86.54,2027071
SHY,2020-06-19,86.55,86.58,86.54,86.56,3477557
SHY,2020-06-22,86.56,86.57,86.54,86.54,2597914
SHY,2020-06-23,86.55,86.56,86.54,86.56,2792100
SHY,2020-06-24,86.55,86.57,86.54,86.57,2111002
SHY,2020-06-25,86.56,86.58,86.56,86.57,1716773
SHY,2020-06-26,86.57,86.61,86.57,86.6,4109942
SHY,2020-06-29,86.5965,86.62,86.59,86.62,2766179
SHY,2020-06-30,86.63,86.63,86.6,86.61,4443443
SHY,2020-07-01,86.56,86.56,86.52,86.52,4789400
SHY,2020-07-02,86.54,86.56,86.52,86.56,2662838
SHY,2020-07-06,86.54,86.55,86.53,86.53,3406835
SHY,2020-07-07,86.54,86.55,86.53,86.55,2938978
SHY,2020-07-08,86.55,86.56,86.54,86.55,3454937
SHY,2020-07-09,86.55,86.57,86.54,86.57,2508925
SHY,2020-07-10,86.58,86.58,86.54,86.54,2447400
SHY,2020-07-13,86.54,86.55,86.53,86.54,2332417
SHY,2020-07-14,86.56,86.57,86.54,86.55,2112500
SHY,2020-07-15,86.54,86.56,86.53,86.56,4553359
SHY,2020-07-16,86.57,86.58,86.56,86.56,1750109
SHY,2020-07-17,86.57,86.58,86.55,86.58,2016868
SHY,2020-07-20,86.58,86.58,86.55,86.56,3534555
SHY,2020-07-21,86.55,86.58,86.55,86.58,4017934
SHY,2020-07-22,86.58,86.58,86.56,86.57,3776567
SHY,2020-07-23,86.57,86.579,86.56,86.57,2263147
SHY,2020-07-24,86.57,86.58,86.56,86.58,3056043
SHY,2020-07-27,86.58,86.58,86.54,86.55,2250869
SHY,2020-07-28,86.56,86.58,86.56,86.57,3804525
SHY,2020-07-29,86.58,86.6,86.57,86.59,2551304
SHY,2020-07-30,86.6,86.62,86.6,86.62,2016890
SHY,2020-07-31,86.629,86.63,86.61,86.63,3229790
SHY,2020-08-03,86.56,86.58,86.5405,86.58,2979843
SHY,2020-08-04,86.58,86.59,86.57,86.59,2871042
SHY,2020-08-05,86.57,86.58,86.56,86.57,3037492
SHY,2020-08-06,86.57,86.59,86.56,86.57,1793433
SHY,2020-08-07,86.56,86.57,86.55,86.56,3944486
SHY,2020-08-10,86.56,86.56,86.53,86.54,2089867
SHY,2020-08-11,86.52,86.53,86.49,86.52,3345702
SHY,2020-08-12,86.5,86.51,86.49,86.5,4246913
SHY,2020-08-13,86.4922,86.5,86.48,86.49,2073844
SHY,2020-08-14,86.5,86.52,86.49,86.5,2548612
SHY,2020-08-17,86.52,86.52,86.5,86.51,2655060
SHY,2020-08-18,86.51,86.53,86.51,86.52,2106596
SHY,2020-08-19,86.53,86.53,86.51,86.52,2065128
SHY,2020-08-20,86.53,86.54,86.52,86.52,2121038
SHY,2020-08-21,86.53,86.54,86.51,86.51,3337635
SHY,2020-08-24,86.515,86.53,86.5,86.5,2834055
SHY,2020-08-25,86.49,86.51,86.48,86.51,1986558
SHY,2020-08-26,86.51,86.51,86.49,86.51,2983266
SHY,2020-08-27,86.53,86.54,86.49,86.5,2608987
SHY,2020-08-28,86.52,86.55,86.52,86.53,3445506
SHY,2020-08-31,86.53,86.56,86.53,86.56,2357174
SHY,2020-09-01,86.49,86.5,86.48,86.49,3093554
SHY,2020-09-02,86.48,86.5,86.48,86.5,3682630
SHY,2020-09-03,86.5,86.52,86.49,86.49,2547328
SHY,2020-09-04,86.49,86.5,86.45,86.46,2904359
SHY,2020-09-08,86.48,86.49,86.47,86.47,2014693
SHY,2020-09-09,86.47,86.48,86.46,86.48,3009068
SHY,2020-09-10,86.46,86.49,86.46,86.47,2909980
SHY,2020-09-11,86.48,86.51,86.48,86.49,2109783
SHY,2020-09-14,86.5,86.5,86.48,86.48,1993045
SHY,2020-09-15,86.48,86.49,86.48,86.485,2013059
SHY,2020-09-16,86.49,86.5,86.47,86.5,2551223
SHY,2020-09-17,86.5,86.51,86.48,86.48,2494688
SHY,2020-09-18,86.5,86.51,86.48,86.49,2334170
SHY,2020-09-21,86.5,86.5,86.48,86.48,3969181
SHY,2020-09-22,86.49,86.5,86.48,86.5,2108452
SHY,2020-09-23,86.49,86.5,86.48,86.5,3298330
SHY,2020-09-24,86.49,86.5,86.48,86.49,2955171
SHY,2020-09-25,86.5,86.51,86.5,86.5,1786147
SHY,2020-09-28,86.5065,86.51,86.49,86.51,2777709
SHY,2020-09-29,86.51,86.515,86.5,86.5,2568922
SHY,2020-09-30,86.51,86.51,86.49,86.51,3112042
SHY,2020-10-01,86.45,86.47,86.45,86.45,3890777
SHY,2020-10-02,86.46,86.47,86.44,86.46,3081296
SHY,2020-10-05,86.45,86.45,86.42,86.43,3139826
SHY,2020-10-06,86.43,86.44,86.42,86.43,2618210
SHY,2020-10-07,86.4,86.42,86.4,86.42,3613434
SHY,2020-10-08,86.42,86.43,86.41,86.42,1996740
SHY,2020-10-09,86.43,86.43,86.41,86.42,1977719
SHY,2020-10-12,86.42,86.44,86.41,86.44,2400888
SHY,2020-10-13,86.4264,86.45,86.42,86.43,5330575
SHY,2020-10-14,86.43,86.45,86.43,86.43,8129592
SHY,2020-10-15,86.44,86.46,86.43,86.45,6851519
SHY,2020-10-16,86.4441,86.45,86.43,86.44,1562138
SHY,2020-10-19,86.42,86.44,86.41,86.44,2499188
SHY,2020-10-20,86.43,86.439,86.42,86.43,1991795
SHY,2020-10-21,86.42,86.43,86.41,86.43,1788722
SHY,2020-10-22,86.42,86.43,86.4,86.4,3063285
SHY,2020-10-23,86.42,86.43,86.41,86.41,2014396
SHY,2020-10-26,86.42,86.43,86.41,86.42,2319209
SHY,2020-10-27,86.43,86.44,86.42,86.42,1981998
SHY,2020-10-28,86.43,86.44,86.42,86.42,4930214
SHY,2020-10-29,86.43,86.44,86.42,86.44,3688786
SHY,2020-10-30,86.44,86.44,86.41,86.43,3562349
SHY,2020-11-02,86.384,86.39,86.37,86.39,3642472
SHY,2020-11-03,86.37,86.3757,86.35,86.37,1739617
SHY,2020-11-04,86.39,86.41,86.38,86.39,4432569
SHY,2020-11-05,86.39,86.4,86.37,86.37,4645998
SHY,2020-11-06,86.39,86.39,86.37,86.38,2479203
SHY,2020-11-09,86.34,86.35,86.32,86.35,5418552
SHY,2020-11-10,86.32,86.34,86.32,86.34,3162195
SHY,2020-11-11,86.32,86.33,86.31,86.32,2643226
SHY,2020-11-12,86.35,86.36,86.33,86.33,3915821
SHY,2020-11-13,86.35,86.355,86.33,86.33,3156801
SHY,2020-11-16,86.3431,86.356341,86.33,86.35,3752942
SHY,2020-11-17,86.34,86.36,86.34,86.34,3457886
SHY,2020-11-18,86.35,86.36,86.34,86.34,2325192
SHY,2020-11-19,86.35,86.37,86.35,86.36,1900692
SHY,2020-11-20,86.38,86.38,86.37,86.37,1784746
SHY,2020-11-23,86.37,86.38,86.37,86.37,1640515
SHY,2020-11-24,86.37,86.38,86.37,86.38,2649455
SHY,2020-11-25,86.38,86.39,86.38,86.39,2449882
SHY,2020-11-27,86.39,86.4,86.39,86.39,1378931
SHY,2020-11-30,86.4085,86.41,86.39,86.41,3375332
SHY,2020-12-01,86.34,86.35,86.32,86.33,6173333
SHY,2020-12-02,86.33,86.35,86.32,86.35,2297115
SHY,2020-12-03,86.355,86.37,86.35,86.37,2751896
SHY,2020-12-04,86.35,86.36,86.34,86.36,2825229
SHY,2020-12-07,86.3632,86.38,86.36,86.38,3213923
SHY,2020-12-08,86.37,86.38,86.36,86.36,2559782
SHY,2020-12-09,86.36,86.36,86.35,86.35,2828977
SHY,2020-12-10,86.38,86.39,86.36,86.37,2977702
SHY,2020-12-11,86.409,86.42,86.4,86.42,1802218
SHY,2020-12-14,86.4,86.42,86.4,86.41,2805366
SHY,2020-12-15,86.4115,86.42,86.4,86.41,1969271
SHY,2020-12-16,86.4,86.41,86.395,86.41,1444744
SHY,2020-12-17,86.39,86.39,86.36,86.38,2541198
SHY,2020-12-18,86.37,86.38,86.37,86.37,2924189
SHY,2020-12-21,86.37,86.38,86.36,86.37,2249128
SHY,2020-12-22,86.37,86.39,86.37,86.37,1928380
SHY,2020-12-23,86.37,86.39,86.37,86.39,2821599
SHY,2020-12-24,86.37,86.39,86.37,86.37,1039535
SHY,2020-12-28,86.36,86.38,86.36,86.38,1836329
SHY,2020-12-29,86.38,86.38,86.37,86.38,2010588
SHY,2020-12-30,86.37,86.39,86.37,86.385,1327546
SHY,2020-12-31,86.3835,86.39,86.36,86.38,1949873
SHY,2021-01-04,86.37,86.4,86.37,86.39,2989315
SHY,2021-01-05,86.39,86.4,86.37,86.39,2529355
SHY,2021-01-06,86.36,86.37,86.32,86.34,2082064
SHY,2021-01-07,86.345,86.36,86.33,86.36,4207981
SHY,2021-01-08,86.33,86.35,86.33,86.35,2760350
SHY,2021-01-11,86.34,86.35,86.33,86.34,2545698
SHY,2021-01-12,86.32,86.34,86.32,86.34,4048253
SHY,2021-01-13,86.33,86.34,86.33,86.33,2021798
SHY,2021-01-14,86.34,86.35,86.33,86.34,3343987
SHY,2021-01-15,86.34,86.36,86.34,86.35,3148317
SHY,2021-01-19,86.34,86.38,86.34,86.38,3019485
SHY,2021-01-20,86.37,86.38,86.36,86.37,2392297
SHY,2021-01-21,86.38,86.39,86.36,86.38,1574739
SHY,2021-01-22,86.38,86.39,86.38,86.38,4095825
SHY,2021-01-25,86.38,86.39,86.38,86.39,2037463
SHY,2021-01-26,86.395,86.4,86.38,86.38,2015507
SHY,2021-01-27,86.395,86.41,86.38,86.38,3786772
SHY,2021-01-28,86.385,86.39,86.37,86.37,2429739
SHY,2021-01-29,86.385,86.4,86.38,86.4,3238033
SHY,2021-02-01,86.375,86.38,86.36,86.38,3266406
SHY,2021-02-02,86.37,86.37,86.35,86.35,2242932
SHY,2021-02-03,86.35,86.36,86.35,86.36,2219030
SHY,2021-02-04,86.35,86.36,86.35,86.36,1848156
SHY,2021-02-05,86.37,86.38,86.3648,86.38,1495925
SHY,2021-02-08,86.36,86.37,86.36,86.37,2193173
SHY,2021-02-09,86.365,86.37,86.35,86.35,1930692
SHY,2021-02-10,86.37,86.37,86.35,86.36,3016080
SHY,2021-02-11,86.365,86.37,86.36,86.36,2348631
SHY,2021-02-12,86.36,86.38,86.36,86.37,3364626
SHY,2021-02-16,86.35,86.36,86.33,86.34,3364180
SHY,2021-02-17,86.34,86.36,86.34,86.36,2307583
SHY,2021-02-18,86.36,86.37,86.34,86.36,2362284
SHY,2021-02-19,86.35,86.37,86.35,86.37,2113893
SHY,2021-02-22,86.355,86.36,86.35,86.35,3801590
SHY,2021-02-23,86.34,86.36,86.34,86.36,9025877
SHY,2021-02-24,86.33,86.34,86.32,86.335,2530053
SHY,2021-02-25,86.28,86.28,86.17,86.21,4954902
SHY,2021-02-26,86.27,86.32,86.23,86.32,5187212
SHY,2021-03-01,86.29,86.3,86.27,86.29,3366650
SHY,2021-03-02,86.29,86.31,86.29,86.31,5519172
SHY,2021-03-03,86.285,86.29,86.25,86.26,2406121
SHY,2021-03-04,86.27,86.28,86.25,86.26,2566125
SHY,2021-03-05,86.235,86.26,86.23,86.26,4413562
SHY,2021-03-08,86.25,86.25,86.22,86.23,2729744
SHY,2021-03-09,86.23,86.23,86.21,86.23,3255495
SHY,2021-03-10,86.225,86.26,86.22,86.26,2859968
SHY,2021-03-11,86.27,86.27,86.25,86.26,3578472
SHY,2021-03-12,86.24,86.25,86.23,86.25,1824701
SHY,2021-03-15,86.24,86.26,86.24,86.26,2273724
SHY,2021-03-16,86.245,86.26,86.24,86.26,1853629
SHY,2021-03-17,86.245,86.31,86.24,86.28,3413308
SHY,2021-03-18,86.25,86.27,86.23,86.27,4692063
SHY,2021-03-19,86.26,86.29,86.24,86.27,3276263
SHY,2021-03-22,86.27,86.27,86.26,86.26,2118497
SHY,2021-03-23,86.275,86.28,86.27,86.27,3241298
SHY,2021-03-24,86.29,86.3,86.28,86.29,2322782
SHY,2021-03-25,86.3,86.31,86.28,86.3,2771615
SHY,2021-03-26,86.29,86.31,86.29,86.3,3068507
SHY,2021-03-29,86.29,86.3,86.27,86.28,2181979
SHY,2021-03-30,86.265,86.28,86.26,86.28,2213821
SHY,2021-03-31,86.27,86.27,86.25,86.25,4480991
SHY,2021-04-01,86.23,86.25,86.23,86.23,3614332
SHY,2021-04-05,86.19,86.22,86.18,86.21,3118189
SHY,2021-04-06,86.22,86.24,86.22,86.23,2497050
SHY,2021-04-07,86.25,86.26,86.24,86.24,3509128
SHY,2021-04-08,86.26,86.27,86.25,86.27,2109839
SHY,2021-04-09,86.23,86.26,86.23,86.24,2496235
SHY,2021-04-12,86.23,86.24,86.21,86.22,1687139
SHY,2021-04-13,86.23,86.25,86.22,86.25,1237093
SHY,2021-04-14,86.24,86.25,86.24,86.25,1413992
SHY,2021-04-15,86.25,86.27,86.25,86.27,1843415
SHY,2021-04-16,86.2431,86.26,86.24,86.26,1674902
SHY,2021-04-19,86.24,86.26,86.24,86.25,2063912
SHY,2021-04-20,86.26,86.28,86.25,86.27,2012682
SHY,2021-04-21,86.285,86.29,86.27,86.29,2061005
SHY,2021-04-22,86.27,86.28,86.26,86.28,4373501
SHY,2021-04-23,86.285,86.29,86.26,86.26,1535169
SHY,2021-04-26,86.255,86.26,86.24,86.24,1265841
SHY,2021-04-27,86.2465,86.25,86.23,86.23,1473029
SHY,2021-04-28,86.24,86.26,86.23,86.25,2032696
SHY,2021-04-29,86.25,86.27,86.24,86.27,1552872
SHY,2021-04-30,86.26,86.28,86.26,86.28,2367555
SHY,2021-05-03,86.255,86.27,86.25,86.26,2910393
SHY,2021-05-04,86.26,86.28,86.26,86.26,1972896
SHY,2021-05-05,86.26,86.28,86.26,86.28,1301938
SHY,2021-05-06,86.2881,86.29,86.27,86.28,1981393
SHY,2021-05-07,86.31,86.32,86.3,86.31,1950378
SHY,2021-05-10,86.29,86.3,86.28,86.28,2483740
SHY,2021-05-11,86.28,86.29,86.27,86.27,2629953
SHY,2021-05-12,86.24,86.26,86.24,86.26,4113077
SHY,2021-05-13,86.27,86.28,86.26,86.28,5497188
SHY,2021-05-14,86.28,86.29,86.28,86.28,3836409
SHY,2021-05-17,86.27,86.29,86.27,86.28,3860982
SHY,2021-05-18,86.29,86.29,86.28,86.29,3419218
SHY,2021-05-19,86.295,86.3,86.26,86.26,5213506
SHY,2021-05-20,86.2785,86.3,86.27,86.3,4010986
SHY,2021-05-21,86.295,86.3,86.28,86.28,1822359
SHY,2021-05-24,86.29,86.3,86.28,86.3,2565564
SHY,2021-05-25,86.295,86.31,86.29,86.3,2403859
SHY,2021-05-26,86.32,86.32,86.31,86.32,1810651
SHY,2021-05-27,86.305,86.32,86.3,86.32,1257851
SHY,2021-05-28,86.315,86.33,86.31,86.32,2054734
SHY,2021-06-01,86.29,86.31,86.29,86.29,2265796
SHY,2021-06-02,86.31,86.31,86.29,86.3,1235014
SHY,2021-06-03,86.28,86.29,86.27,86.27,1607825
SHY,2021-06-04,86.29,86.3,86.29,86.3,2060560
SHY,2021-06-07,86.29,86.29,86.28,86.29,1240316
SHY,2021-06-08,86.3,86.31,86.3,86.31,1504358
SHY,2021-06-09,86.32,86.32,86.29,86.29,2283981
SHY,2021-06-10,86.29,86.32,86.28,86.32,1736345
SHY,2021-06-11,86.32,86.32,86.3,86.3,1661231
SHY,2021-06-14,86.29,86.3,86.27,86.27,3526825
SHY,2021-06-15,86.28,86.28,86.26,86.26,12066422
SHY,2021-06-16,86.27,86.28,86.17,86.18,2078943
SHY,2021-06-17,86.2,86.2,86.17,86.175,2527062
SHY,2021-06-18,86.121,86.13,86.055,86.11,4317706
SHY,2021-06-21,86.09,86.13,86.08,86.13,5551353
SHY,2021-06-22,86.1531,86.18,86.14,86.18,2681291
SHY,2021-06-23,86.165,86.17,86.12,86.12,2761196
SHY,2021-06-24,86.138,86.14,86.12,86.13,1273539
SHY,2021-06-25,86.135,86.14,86.12,86.12,1344306
SHY,2021-06-28,86.1385,86.15,86.13,86.15,1484889
SHY,2021-06-29,86.13,86.15,86.13,86.14,1691246
SHY,2021-06-30,86.16,86.16,86.14,86.16,2586099
SHY,2021-07-01,86.14,86.14,86.12,86.13,2227140
SHY,2021-07-02,86.1563,86.17,86.14,86.17,1863438
SHY,2021-07-06,86.165,86.21,86.16,86.2,3158587
SHY,2021-07-07,86.185,86.21,86.18,86.21,1722987
SHY,2021-07-08,86.23,86.26,86.23,86.25,1440827
SHY,2021-07-09,86.23,86.2389,86.21,86.22,1258041
SHY,2021-07-12,86.21,86.22,86.18,86.2,1270986
SHY,2021-07-13,86.16,86.16,86.13,86.13,2683316
SHY,2021-07-14,86.17,86.19,86.17,86.19,1695972
SHY,2021-07-15,86.2,86.2,86.18,86.2,1396395
SHY,2021-07-16,86.17,86.21,86.16,86.19,1851597
SHY,2021-07-19,86.24,86.2794,86.23,86.23,9352529
SHY,2021-07-20,86.275,86.2856,86.25,86.27,2405339
SHY,2021-07-21,86.25,86.26,86.23,86.24,2789486
SHY,2021-07-22,86.24,86.26,86.23,86.25,2295730
SHY,2021-07-23,86.24,86.26,86.24,86.26,1386845
SHY,2021-07-26,86.26,86.26,86.24,86.24,2259181
SHY,2021-07-27,86.265,86.27,86.26,86.26,1387036
SHY,2021-07-28,86.26,86.28,86.225,86.27,2438484
SHY,2021-07-29,86.25,86.27,86.25,86.27,1193802
SHY,2021-07-30,86.2771,86.29,86.27,86.285,2019256
SHY,2021-08-02,86.29,86.32,86.29,86.31,3399904
SHY,2021-08-03,86.31,86.32,86.3,86.31,1221668
SHY,2021-08-04,86.32,86.34,86.26,86.28,1878733
SHY,2021-08-05,86.24,86.25,86.22,86.24,1399990
SHY,2021-08-06,86.2141,86.22,86.21,86.21,2313651
SHY,2021-08-09,86.22,86.23,86.18,86.18,1862762
SHY,2021-08-10,86.1841,86.19,86.15,86.15,1198399
SHY,2021-08-11,86.1729,86.2,86.17,86.19,1837290
SHY,2021-08-12,86.18,86.19,86.17,86.185,1792771
SHY,2021-08-13,86.18,86.21,86.18,86.2,1332839
SHY,2021-08-16,86.22,86.24,86.21,86.22,1797140
SHY,2021-08-17,86.21,86.23,86.2,86.2,1579563
SHY,2021-08-18,86.2,86.22,86.18,86.2,2310092
SHY,2021-08-19,86.22,86.22,86.19,86.2,1780792
SHY,2021-08-20,86.202,86.21,86.19,86.2,1685275
SHY,2021-08-23,86.19,86.2,86.18,86.2,1532509
SHY,2021-08-24,86.2,86.2,86.18,86.185,1249913
SHY,2021-08-25,86.2,86.2,86.17,86.18,1319602
SHY,2021-08-26,86.18,86.2,86.1715,86.18,2078581
SHY,2021-08-27,86.195,86.24,86.17,86.24,2774897
SHY,2021-08-30,86.235,86.27,86.23,86.26,1438050
SHY,2021-08-31,86.255,86.26,86.25,86.25,2052190
SHY,2021-09-01,86.238,86.24,86.22,86.23,1324639
SHY,2021-09-02,86.23,86.24,86.22,86.23,1640139
SHY,2021-09-03,86.23,86.24,86.23,86.23,1136620
SHY,2021-09-07,86.22,86.22,86.2,86.2,1468731
SHY,2021-09-08,86.22,86.23,86.21,86.22,1607170
SHY,2021-09-09,86.21,86.24,86.21,86.24,1600716
SHY,2021-09-10,86.21,86.23,86.21,86.21,1380158
SHY,2021-09-13,86.22,86.23,86.215,86.23,1095911
SHY,2021-09-14,86.24,86.25,86.23,86.24,1422921
SHY,2021-09-15,86.23,86.24,86.22,86.24,1790457
SHY,2021-09-16,86.21,86.22,86.2,86.21,1095336
SHY,2021-09-17,86.2,86.2,86.19,86.19,2904965
SHY,2021-09-20,86.21,86.22,86.2,86.21,2407385
SHY,2021-09-21,86.22,86.24,86.22,86.23,1931394
SHY,2021-09-22,86.21,86.225,86.1601,86.18,1606060
SHY,2021-09-23,86.15,86.16,86.13,86.13,2855784
SHY,2021-09-24,86.13,86.14,86.1,86.1,1462760
SHY,2021-09-27,86.1,86.11,86.09,86.09,1835271
SHY,2021-09-28,86.1,86.11,86.09,86.1,2489469
SHY,2021-09-29,86.11,86.13,86.11,86.13,3552126
SHY,2021-09-30,86.11,86.15,86.11,86.15,4498622
SHY,2021-10-01,86.16,86.18,86.15,86.18,3991692
SHY,2021-10-04,86.15,86.16,86.14,86.14,12146846
SHY,2021-10-05,86.13,86.14,86.12,86.13,3590889
SHY,2021-10-06,86.12,86.12,86.1,86.12,3850157
SHY,2021-10-07,86.1,86.1,86.08,86.09,2452065
SHY,2021-10-08,86.1,86.1,86.05,86.06,1969594
SHY,2021-10-11,86.02,86.04,85.99,85.99,2012130
SHY,2021-10-12,86.03,86.04,86.0,86.03,1945920
SHY,2021-10-13,85.9849,86.01,85.98,86.0,2764255
SHY,2021-10-14,86.01,86.02,85.94,86.0,3496539
SHY,2021-10-15,85.97,85.99,85.93,85.95,2839755
SHY,2021-10-18,85.89,85.92,85.87,85.89,2968836
SHY,2021-10-19,85.92,85.94,85.92,85.92,1838627
SHY,2021-10-20,85.94,85.95,85.94,85.95,2360744
SHY,2021-10-21,85.88,85.89,85.84,85.85,2117443
SHY,2021-10-22,85.82,85.8333,85.77,85.83,3414922
SHY,2021-10-25,85.84,85.88,85.84,85.87,1990429
SHY,2021-10-26,85.85,85.86,85.83,85.85,2870262
SHY,2021-10-27,85.86,85.87,85.77,85.83,4373573
SHY,2021-10-28,85.8,85.88,85.79,85.84,2969950
SHY,2021-10-29,85.78,85.88,85.76,85.85,3957908
SHY,2021-11-01,85.79,85.82,85.77,85.8,5043195
SHY,2021-11-02,85.855,85.9,85.84,85.89,2185792
SHY,2021-11-03,85.87,85.885,85.79,85.87,3242378
SHY,2021-11-04,85.92,85.985,85.92,85.95,3545790
SHY,2021-11-05,85.93,86.0,85.92,85.99,2946729
SHY,2021-11-08,85.95,85.955,85.88,85.89,2293136
SHY,2021-11-09,85.94,85.96,85.93,85.94,1937500
SHY,2021-11-10,85.82,85.84,85.77,85.77,5382411
SHY,2021-11-11,85.75,85.76,85.71,85.71,1839212
SHY,2021-11-12,85.78,85.8,85.75,85.78,3130157
SHY,2021-11-15,85.79,85.79,85.74,85.77,2433502
SHY,2021-11-16,85.75,85.78,85.669912,85.77,1722500
SHY,2021-11-17,85.76,85.8,85.75,85.8,1445867
SHY,2021-11-18,85.78,85.81,85.77,85.79,1620343
SHY,2021-11-19,85.86,85.88,85.77,85.77,2791093
SHY,2021-11-22,85.685,85.71,85.65,85.67,3126588
SHY,2021-11-23,85.675,85.7,85.66,85.67,2892316
SHY,2021-11-24,85.64,85.66,85.62,85.65,1613406
SHY,2021-11-26,85.83,85.885,85.82,85.82,2842685
SHY,2021-11-29,85.805,85.86,85.79,85.86,3767877
SHY,2021-11-30,85.91,85.96,85.76,85.79,6358623
SHY,2021-12-01,85.665,85.75,85.61,85.75,10046173
SHY,2021-12-02,85.68,85.6899,85.61,85.64,4117874
SHY,2021-12-03,85.5959,85.71,85.585,85.69,2931593
SHY,2021-12-06,85.66,85.67,85.6,85.62,4120371
SHY,2021-12-07,85.55,85.56,85.51,85.51,4194570
SHY,2021-12-08,85.49,85.54,85.48,85.54,2396752
SHY,2021-12-09,85.53,85.56,85.51,85.51,1829284
SHY,2021-12-10,85.54,85.61,85.52,85.55,1854604
SHY,2021-12-13,85.55,85.62,85.54,85.6,2589394
SHY,2021-12-14,85.55,85.58,85.55,85.55,3931711
SHY,2021-12-15,85.54,85.58,85.4698,85.58,5859777
SHY,2021-12-16,85.58,85.63,85.58,85.63,2523491
SHY,2021-12-17,85.62,85.65,85.57,85.59,2459279
SHY,2021-12-20,85.64,85.67,85.61,85.61,5130629
SHY,2021-12-21,85.57,85.58,85.53,85.56,2031688
SHY,2021-12-22,85.56,85.57,85.53,85.55,3726037
SHY,2021-12-23,85.55,85.55,85.52,85.54,1919845
SHY,2021-12-27,85.49,85.51,85.48,85.51,2270689
SHY,2021-12-28,85.51,85.53,85.5049,85.51,3464825
SHY,2021-12-29,85.5,85.52,85.49,85.5,3110290
SHY,2021-12-30,85.51,85.55,85.5,85.55,1619090
SHY,2021-12-31,85.56,85.57,85.51,85.54,2645995
SHY,2022-01-03,85.45,85.46,85.42,85.44,5301662
SHY,2022-01-04,85.44,85.49,85.44,85.49,2759359
SHY,2022-01-05,85.455,85.46,85.37,85.38,2851916
SHY,2022-01-06,85.33,85.34,85.29,85.31,3526928
SHY,2022-01-07,85.275,85.32,85.26,85.29,2657971
SHY,2022-01-10,85.265,85.28,85.24,85.24,4347337
SHY,2022-01-11,85.19,85.27,85.18,85.27,15867268
SHY,2022-01-12,85.275,85.28,85.24,85.24,7286233
SHY,2022-01-13,85.26,85.29,85.25,85.28,3739129
SHY,2022-01-14,85.245,85.25,85.17,85.17,2064754
SHY,2022-01-18,85.09,85.1,85.03,85.04,3255786
SHY,2022-01-19,85.07,85.12,85.07,85.08,3752762
SHY,2022-01-20,85.065,85.08,85.05,85.06,2762389
SHY,2022-01-21,85.15,85.17,85.12,85.13,5322832
SHY,2022-01-24,85.165,85.24,85.15,85.18,7835751
SHY,2022-01-25,85.1911,85.21,85.14,85.14,4657143
SHY,2022-01-26,85.15,85.1791,84.97,84.99,10878921
SHY,2022-01-27,84.92,84.96,84.9,84.92,7524880
SHY,2022-01-28,84.9157,84.97,84.91,84.95,4613203
SHY,2022-01-31,84.93,84.97,84.9,84.95,7218464
SHY,2022-02-01,84.945,84.95,84.87,84.92,13138482
SHY,2022-02-02,84.945,84.97,84.93,84.94,5491978
SHY,2022-02-03,84.9,84.9,84.85,84.87,3620762
SHY,2022-02-04,84.747,84.75,84.66,84.7,9404747
SHY,2022-02-07,84.7155,84.73,84.68,84.72,3555672
SHY,2022-02-08,84.68,84.69,84.63,84.63,14355624
SHY,2022-02-09,84.66,84.67,84.61,84.62,2976858
SHY,2022-02-10,84.45,84.46,84.19,84.19,5892030
SHY,2022-02-11,84.33,84.45,84.25,84.45,5432391
SHY,2022-02-14,84.28,84.33,84.22,84.27,4375551
SHY,2022-02-15,84.27,84.32,84.25,84.3,2127656
SHY,2022-02-16,84.33,84.419,84.31,84.41,3335203
SHY,2022-02-17,84.41,84.46,84.4,84.46,4442939
SHY,2022-02-18,84.49,84.52,84.44,84.47,2459411
SHY,2022-02-22,84.415,84.435,84.36,84.39,3343975
SHY,2022-02-23,84.36,84.39,84.32,84.34,4258702
SHY,2022-02-24,84.515,84.535,84.39,84.41,4573638
SHY,2022-02-25,84.37,84.41,84.32,84.41,4279075
SHY,2022-02-28,84.56,84.63,84.545,84.56,5265329
SHY,2022-03-01,84.705,84.86,84.69,84.73,7383625
SHY,2022-03-02,84.595,84.61,84.43,84.45,5250814
SHY,2022-03-03,84.44,84.49,84.4,84.45,6877437
SHY,2022-03-04,84.53,84.6,84.52,84.54,2880559
SHY,2022-03-07,84.46,84.51,84.43,84.43,6302925
SHY,2022-03-08,84.38,84.4099,84.3,84.32,5585666
SHY,2022-03-09,84.26,84.29,84.23,84.27,4988869
SHY,2022-03-10,84.2,84.21,84.16,84.2,4780295
SHY,2022-03-11,84.17,84.18,84.12,84.17,2620755
SHY,2022-03-14,84.03,84.05,83.95,83.95,3874949
SHY,2022-03-15,84.08,84.09,83.97,83.98,4999891
SHY,2022-03-16,83.96,83.98,83.76,83.9,5365115
SHY,2022-03-17,83.86,83.9,83.84,83.87,4453353
SHY,2022-03-18,83.83,83.87,83.82,83.85,4946488
SHY,2022-03-21,83.74,83.76,83.56,83.57,5342364
SHY,2022-03-22,83.48,83.54,83.46,83.51,2931409
SHY,2022-03-23,83.56,83.61,83.52,83.58,4184426
SHY,2022-03-24,83.55,83.57,83.5,83.555,3311324
SHY,2022-03-25,83.44,83.4436,83.27,83.33,4586842
SHY,2022-03-28,83.28,83.3152,83.25,83.25,2991200
SHY,2022-03-29,83.28,83.34,83.2333,83.29,4640391
SHY,2022-03-30,83.28,83.37,83.27,83.35,5826578
SHY,2022-03-31,83.375,83.42,83.34,83.35,5328845
SHY,2022-04-01,83.13,83.1869,83.11,83.14,10292290
SHY,2022-04-04,83.17,83.2,83.12,83.19,5015497
SHY,2022-04-05,83.14,83.14,83.02,83.04,4649981
SHY,2022-04-06,83.005,83.185,82.99,83.1,7479724
SHY,2022-04-07,83.16,83.21,83.12,83.16,6184464
SHY,2022-04-08,83.05,83.12,83.045,83.06,4539486
SHY,2022-04-11,83.03,83.11,83.02,83.08,6705364
SHY,2022-04-12,83.21,83.31,83.19,83.29,5658788
SHY,2022-04-13,83.36,83.46,83.305,83.33,4808149
SHY,2022-04-14,83.26,83.28,83.16,83.18,4336224
SHY,2022-04-18,83.2,83.21,83.16,83.18,4100176
SHY,2022-04-19,83.08,83.11,82.97,82.99,5810975
SHY,2022-04-20,83.0,83.05,82.98,83.04,5814510
SHY,2022-04-21,82.95,82.95,82.815,82.9,7119572
SHY,2022-04-22,82.76,82.92,82.76,82.88,5425972
SHY,2022-04-25,83.05,83.16,82.99,83.01,5772388
SHY,2022-04-26,83.135,83.18,83.1,83.16,6621620
SHY,2022-04-27,83.21,83.22,83.08,83.12,8770879
SHY,2022-04-28,83.05,83.07,82.9809,83.06,4676407
SHY,2022-04-29,82.885,82.98,82.885,82.9,8047379
SHY,2022-05-02,82.87,82.89,82.83,82.85,10907534
SHY,2022-05-03,82.88,82.9,82.781,82.81,7556831
SHY,2022-05-04,82.725,83.04,82.67,83.03,10959900
SHY,2022-05-05,82.93,82.95,82.84,82.89,6415686
SHY,2022-05-06,82.89,83.0,82.86,82.88,6375093
SHY,2022-05-09,82.995,83.11,82.99,83.09,6956201
SHY,2022-05-10,83.105,83.13,83.03,83.04,10070054
SHY,2022-05-11,82.98,83.09,82.92,83.05,7797949
SHY,2022-05-12,83.14,83.24,83.11,83.17,5231402
SHY,2022-05-13,83.11,83.14,83.07,83.14,5002605
SHY,2022-05-16,83.17,83.23,83.16,83.19,4515807
SHY,2022-05-17,83.03,83.11,82.99,83.01,3569194
SHY,2022-05-18,82.98,83.11,82.97,83.05,3613849
SHY,2022-05-19,83.22,83.22,83.14,83.17,4523470
SHY,2022-05-20,83.18,83.29,83.16,83.23,4869598
SHY,2022-05-23,83.22,83.24,83.16,83.19,3648104
SHY,2022-05-24,83.26,83.4199,83.25,83.38,4830058
SHY,2022-05-25,83.475,83.48,83.39,83.44,3377227
SHY,2022-05-26,83.51,83.5269,83.43,83.46,5493244
SHY,2022-05-27,83.49,83.5,83.44,83.48,6058594
SHY,2022-05-31,83.385,83.39,83.32,83.35,8198071
SHY,2022-06-01,83.24,83.27,83.1,83.13,10980923
SHY,2022-06-02,83.16,83.18,83.11,83.15,5243187
SHY,2022-06-03,83.1,83.14,83.1,83.12,3223994
SHY,2022-06-06,83.075,83.08,83.01,83.01,3584906
SHY,2022-06-07,83.05,83.08,83.01,83.02,3944931
SHY,2022-06-08,82.99,83.01,82.96,82.96,4133134
SHY,2022-06-09,82.93,82.96,82.88,82.9,5332587
SHY,2022-06-10,82.72,82.74,82.55,82.55,6124187
SHY,2022-06-13,82.31,82.34,82.01,82.13,8794531
SHY,2022-06-14,82.15,82.18,81.94,81.97,8106250
SHY,2022-06-15,82.13,82.34,82.0,82.29,9018311
SHY,2022-06-16,82.19,82.43,82.1601,82.4,8076511
SHY,2022-06-17,82.43,82.44,82.29,82.38,8188856
SHY,2022-06-21,82.33,82.36,82.31,82.35,5443795
SHY,2022-06-22,82.525,82.59,82.505,82.59,4110740
SHY,2022-06-23,82.735,82.855,82.65,82.66,6229397
SHY,2022-06-24,82.605,82.73,82.59,82.64,6103315
SHY,2022-06-27,82.55,82.62,82.481,82.55,7376450
SHY,2022-06-28,82.51,82.54,82.49,82.53,4399549
SHY,2022-06-29,82.53,82.64,82.5182,82.63,4170781
SHY,2022-06-30,82.76,82.85,82.74,82.79,16742622
SHY,2022-07-01,82.915,83.07,82.89,82.96,9559309
SHY,2022-07-05,82.975,83.01,82.93,82.95,9888833
SHY,2022-07-06,82.97,82.97,82.71,82.72,4883847
SHY,2022-07-07,82.715,82.72,82.6136,82.66,4906256
SHY,2022-07-08,82.58,82.59,82.52,82.56,3249139
SHY,2022-07-11,82.635,82.69,82.58,82.59,16663803
SHY,2022-07-12,82.69,82.73,82.62,82.63,6373119
SHY,2022-07-13,82.44,82.635,82.43,82.54,11769769
SHY,2022-07-14,82.38,82.565,82.34,82.51,6656828
SHY,2022-07-15,82.5,82.63,82.49,82.57,5961533
SHY,2022-07-18,82.52,82.54,82.47,82.52,2608178
SHY,2022-07-19,82.53,82.54,82.42,82.43,9115181
SHY,2022-07-20,82.51,82.51,82.41,82.42,5453773
SHY,2022-07-21,82.54,82.67,82.515,82.65,5850141
SHY,2022-07-22,82.82,82.95,82.805,82.86,6038120
SHY,2022-07-25,82.79,82.83,82.77,82.79,20449493
SHY,2022-07-26,82.87,82.88,82.75,82.75,2854610
SHY,2022-07-27,82.77,82.91,82.73,82.88,7051604
SHY,2022-07-28,83.075,83.1,83.01,83.06,5573729
SHY,2022-07-29,83.0,83.09,82.9801,83.05,5546072
SHY,2022-08-01,82.96,82.98,82.9,82.96,6463002
SHY,2022-08-02,82.95,82.97,82.67,82.67,14265332
SHY,2022-08-03,82.645,82.7,82.51,82.7,6485460
SHY,2022-08-04,82.715,82.83,82.69,82.81,5411514
SHY,2022-08-05,82.5,82.54,82.4548,82.47,5049734
SHY,2022-08-08,82.53,82.56,82.51,82.55,6868912
SHY,2022-08-09,82.48,82.49,82.44,82.47,3742069
SHY,2022-08-10,82.665,82.72,82.54,82.55,6821137
SHY,2022-08-11,82.66,82.69,82.52,82.52,4071464
SHY,2022-08-12,82.61,82.62,82.5099,82.54,4782933
SHY,2022-08-15,82.62,82.65,82.59,82.61,17015904
SHY,2022-08-16,82.59,82.59,82.53,82.54,3249314
SHY,2022-08-17,82.42,82.49,82.39,82.47,4162356
SHY,2022-08-18,82.56,82.6085,82.52,82.59,3648304
SHY,2022-08-19,82.51,82.54,82.48,82.53,4519402
SHY,2022-08-22,82.46,82.49,82.4,82.42,3739665
SHY,2022-08-23,82.44,82.5656,82.405,82.46,4227567
SHY,2022-08-24,82.425,82.45,82.37,82.37,4551754
SHY,2022-08-25,82.44,82.46,82.4,82.42,3026428
SHY,2022-08-26,82.41,82.45,82.34,82.4,4304031
SHY,2022-08-29,82.38,82.39,82.33,82.34,3651887
SHY,2022-08-30,82.315,82.36,82.25,82.3,4626174
SHY,2022-08-31,82.305,82.35,82.27,82.29,5424183
SHY,2022-09-01,82.14,82.19,82.07,82.13,6728667
SHY,2022-09-02,82.29,82.34,82.24,82.31,4105999
SHY,2022-09-06,82.185,82.2,82.125,82.13,4986626
SHY,2022-09-07,82.18,82.25,82.16,82.25,4425388
SHY,2022-09-08,82.2,82.22,82.14,82.15,4979988
SHY,2022-09-09,82.145,82.18,82.05,82.08,4072276
SHY,2022-09-12,82.13,82.14,82.05,82.07,3139529
SHY,2022-09-13,81.82,81.8499,81.7425,81.79,6543635
SHY,2022-09-14,81.715,81.79,81.71,81.72,4744769
SHY,2022-09-15,81.67,81.69,81.63,81.63,3592065
SHY,2022-09-16,81.6,81.7,81.59,81.67,4366214
SHY,2022-09-19,81.55,81.6,81.53,81.58,4378218
SHY,2022-09-20,81.54,81.67,81.5101,81.54,15975377
SHY,2022-09-21,81.54,81.55,81.32,81.47,4475828
SHY,2022-09-22,81.38,81.39,81.28,81.32,6594970
SHY,2022-09-23,81.32,81.3383,81.2,81.22,10192885
SHY,2022-09-26,81.18,81.2,81.0,81.04,6145811
SHY,2022-09-27,81.11,81.12,81.01,81.04,15088336
SHY,2022-09-28,81.3,81.39,81.23,81.39,7793393
SHY,2022-09-29,81.25,81.31,81.195,81.28,4735025
SHY,2022-09-30,81.29,81.35,81.18,81.21,8447051
SHY,2022-10-03,81.27,81.4095,81.23,81.28,8906618
SHY,2022-10-04,81.33,81.41,81.29,81.31,6219934
SHY,2022-10-05,81.225,81.26,81.16,81.23,7175990
SHY,2022-10-06,81.23,81.24,81.13,81.13,5100225
SHY,2022-10-07,81.06,81.08,81.03,81.03,4619019
SHY,2022-10-10,81.04,81.05,80.96,81.0,2934870
SHY,2022-10-11,81.07,81.12,81.04,81.04,3836480
SHY,2022-10-12,81.06,81.13,81.05,81.12,8787628
SHY,2022-10-13,80.8,80.98,80.79,80.88,5751582
SHY,2022-10-14,80.975,80.985,80.82,80.84,5509629
SHY,2022-10-17,80.98,80.99,80.92,80.93,4013758
SHY,2022-10-18,81.01,81.02,80.92,80.97,7012036
SHY,2022-10-19,80.85,80.88,80.81,80.82,4349128
SHY,2022-10-20,80.77,80.82,80.73,80.73,5797367
SHY,2022-10-21,80.83,80.985,80.8,80.94,5180332
SHY,2022-10-24,80.9,80.97,80.8701,80.92,3680136
SHY,2022-10-25,81.04,81.09,80.98,81.0,5113377
SHY,2022-10-26,81.02,81.11,81.01,81.07,6040310
SHY,2022-10-27,81.16,81.25,81.12,81.24,4010979
SHY,2022-10-28,81.14,81.185,81.09,81.12,4464054
SHY,2022-10-31,81.01,81.03,80.96,81.0,6845902
SHY,2022-11-01,80.98,80.99,80.78,80.78,5349712
SHY,2022-11-02,80.825,80.955,80.69,80.74,5714675
SHY,2022-11-03,80.56,80.64,80.56,80.59,4834041
SHY,2022-11-04,80.63,80.71,80.57,80.68,4347219
SHY,2022-11-07,80.64,80.64,80.6,80.61,4391384
SHY,2022-11-08,80.65,80.71,80.64,80.69,7092232
SHY,2022-11-09,80.72,80.84,80.7,80.82,4587821
SHY,2022-11-10,81.165,81.29,81.16,81.26,6631597
SHY,2022-11-11,81.185,81.28,81.17,81.24,4246001
SHY,2022-11-14,81.155,81.17,81.11,81.17,7192136
SHY,2022-11-15,81.25,81.2585,81.18,81.25,21231256
SHY,2022-11-16,81.29,81.3,81.24,81.26,8253337
SHY,2022-11-17,81.19,81.19,81.12,81.16,5450031
SHY,2022-11-18,81.145,81.18,81.07,81.07,4372572
SHY,2022-11-21,81.13,81.1399,81.04,81.05,3436027
SHY,2022-11-22,81.1,81.12,81.06,81.11,3421519
SHY,2022-11-23,81.1,81.195,81.0829,81.18,4070983
SHY,2022-11-25,81.16,81.2,81.15,81.19,1539026
SHY,2022-11-28,81.205,81.25,81.19,81.21,4330165
SHY,2022-11-29,81.21,81.23,81.18,81.18,4708505
SHY,2022-11-30,81.14,81.42,81.11,81.42,10368915
SHY,2022-12-01,81.295,81.43,81.27,81.43,23602259
SHY,2022-12-02,81.29,81.42,81.24,81.41,5163373
SHY,2022-12-05,81.32,81.33,81.18,81.18,6591465
SHY,2022-12-06,81.225,81.29,81.21,81.27,4237259
SHY,2022-12-07,81.37,81.45,81.35,81.44,5160379
SHY,2022-12-08,81.385,81.42,81.35,81.36,4121093
SHY,2022-12-09,81.35,81.4,81.32,81.32,4623409
SHY,2022-12-12,81.36,81.37,81.24,81.27,4593832
SHY,2022-12-13,81.59,81.62,81.49,81.51,5790798
SHY,2022-12-14,81.58,81.62,81.43,81.52,5651652
SHY,2022-12-15,81.39,81.3983,81.31,81.35,6163276
SHY,2022-12-16,81.3,81.48,81.29,81.43,3987731
SHY,2022-12-19,81.395,81.4,81.33,81.33,4845797
SHY,2022-12-20,81.29,81.35,81.27,81.33,3735582
SHY,2022-12-21,81.42,81.43,81.38,81.41,5219359
SHY,2022-12-22,81.39,81.45,81.36,81.36,6612801
SHY,2022-12-23,81.31,81.34,81.3,81.32,2737223
SHY,2022-12-27,81.25,81.26,81.16,81.21,3969636
SHY,2022-12-28,81.23,81.25,81.21,81.21,4308903
SHY,2022-12-29,81.255,81.28,81.23,81.27,4149238
SHY,2022-12-30,81.2,81.27,81.16,81.17,6051634
SHY,2023-01-03,81.29,81.3,81.21,81.24,7190486
SHY,2023-01-04,81.358,81.38,81.275,81.32,4098487
SHY,2023-01-05,81.18,81.25,81.15,81.21,4879267
SHY,2023-01-06,81.29,81.53,81.2601,81.52,6357598
SHY,2023-01-09,81.53,81.62,81.53,81.6,6204760
SHY,2023-01-10,81.53,81.55,81.48,81.53,3993045
SHY,2023-01-11,81.53,81.61,81.52,81.6,6779692
SHY,2023-01-12,81.74,81.79,81.68,81.78,5571066
SHY,2023-01-13,81.72,81.76,81.62,81.64,4546529
SHY,2023-01-17,81.655,81.72,81.65,81.69,5843408
SHY,2023-01-18,81.86,81.89,81.83,81.87,4551591
SHY,2023-01-19,81.86,81.88,81.82,81.85,4791768
SHY,2023-01-20,81.765,81.79,81.73,81.78,4042219
SHY,2023-01-23,81.73,81.75,81.68,81.7,5559304
SHY,2023-01-24,81.7,81.76,81.67,81.73,4179169
SHY,2023-01-25,81.755,81.81,81.75,81.78,3169430
SHY,2023-01-26,81.76,81.78,81.72,81.73,5417000
SHY,2023-01-27,81.705,81.73,81.69,81.73,3822679
SHY,2023-01-30,81.67,81.67,81.64,81.65,6446172
SHY,2023-01-31,81.74,81.8,81.69,81.8,7241118
SHY,2023-02-01,81.638,81.79,81.53,81.79,8447441
SHY,2023-02-02,81.85,81.86,81.77,81.8,10328777
SHY,2023-02-03,81.595,81.63,81.5,81.5,7167469
SHY,2023-02-06,81.35,81.38,81.27,81.27,4078961
SHY,2023-02-07,81.33,81.42,81.27,81.31,4899954
SHY,2023-02-08,81.33,81.36,81.29,81.34,5112674
SHY,2023-02-09,81.38,81.39,81.26,81.28,4328568
SHY,2023-02-10,81.31,81.32,81.24,81.24,5046285
SHY,2023-02-13,81.21,81.26,81.21,81.26,4916346
SHY,2023-02-14,81.155,81.195,81.09,81.09,7889637
SHY,2023-02-15,81.1,81.14,81.08,81.1,5026263
SHY,2023-02-16,81.12,81.17,81.08,81.11,6081591
SHY,2023-02-17,81.1,81.18,81.08,81.18,3773902
SHY,2023-02-21,81.08,81.0952,81.02,81.02,6391392
SHY,2023-02-22,81.08,81.11,81.04,81.06,3889568
SHY,2023-02-23,81.085,81.12,81.05,81.11,4072877
SHY,2023-02-24,80.98,80.99,80.91,80.94,4189647
SHY,2023-02-27,81.0,81.01,80.97,81.01,3246623
SHY,2023-02-28,80.955,81.01,80.934,80.99,3978259
SHY,2023-03-01,80.755,80.79,80.67,80.68,5386141
SHY,2023-03-02,80.66,80.72,80.64,80.71,6634436
SHY,2023-03-03,80.77,80.77,80.68,80.76,6045081
SHY,2023-03-06,80.795,80.8,80.71,80.72,3862477
SHY,2023-03-07,80.75,80.76,80.54,80.55,6748749
SHY,2023-03-08,80.59,80.63,80.48,80.51,7627859
SHY,2023-03-09,80.645,80.79,80.63,80.77,6480303
SHY,2023-03-10,81.09,81.22,81.0,81.21,10588619
SHY,2023-03-13,81.845,82.045,81.685,82.02,12061390
SHY,2023-03-14,81.68,81.81,81.493,81.71,18453087
SHY,2023-03-15,82.25,82.41,82.01,82.19,13411610
SHY,2023-03-16,82.24,82.29,81.82,81.86,8525355
SHY,2023-03-17,82.01,82.37,82.0,82.27,8629668
SHY,2023-03-20,82.35,82.37,82.0925,82.17,4907862
SHY,2023-03-21,81.91,82.0,81.84,81.86,4840908
SHY,2023-03-22,81.83,82.255,81.78,82.24,8003583
SHY,2023-03-23,82.295,82.517,82.24,82.48,4930753
SHY,2023-03-24,82.7,82.74,82.47,82.52,8638814
SHY,2023-03-27,82.23,82.29,82.145,82.17,3942522
SHY,2023-03-28,82.11,82.14,82.05,82.08,9564942
SHY,2023-03-29,82.0,82.1,81.99,82.05,4047538
SHY,2023-03-30,81.97,82.06,81.965,82.06,4077273
SHY,2023-03-31,82.03,82.16,82.01,82.16,6451523
SHY,2023-04-03,81.9,82.08,81.87,82.08,9610777
SHY,2023-04-04,82.0,82.3,82.0,82.27,4905457
SHY,2023-04-05,82.44,82.61,82.37,82.38,7535529
SHY,2023-04-06,82.39,82.44,82.33,82.35,4666766
SHY,2023-04-10,82.1,82.12,82.05,82.06,3702256
SHY,2023-04-11,82.1,82.1,81.98,82.05,2725396
SHY,2023-04-12,82.18,82.195,82.08,82.14,6091323
SHY,2023-04-13,82.255,82.3,82.17,82.19,3350603
SHY,2023-04-14,82.05,82.05,81.955,82.0,3160990
SHY,2023-04-17,81.93,81.94,81.85,81.88,3293133
SHY,2023-04-18,81.875,81.94,81.84,81.86,3581232
SHY,2023-04-19,81.835,81.85,81.78,81.79,5923218
SHY,2023-04-20,81.96,82.0,81.94,81.99,4592456
SHY,2023-04-21,82.065,82.075,81.93,81.94,3348285
SHY,2023-04-24,81.99,82.05,81.99,82.03,1906015
SHY,2023-04-25,82.18,82.38,82.17,82.35,3373412
SHY,2023-04-26,82.345,82.36,82.19,82.25,4803568
SHY,2023-04-27,82.15,82.175,82.05,82.09,3452234
SHY,2023-04-28,82.16,82.18,82.1,82.18,4325276
SHY,2023-05-01,81.9,81.9,81.8,81.81,3339703
SHY,2023-05-02,81.84,82.139,81.83,82.08,5394075
SHY,2023-05-03,82.14,82.287,82.11,82.28,4568795
SHY,2023-05-04,82.28,82.6,82.275,82.41,8624945
SHY,2023-05-05,82.27,82.28,82.165,82.21,3375175
SHY,2023-05-08,82.1,82.17,82.08,82.08,3166686
SHY,2023-05-09,82.08,82.09,82.02,82.06,4479296
SHY,2023-05-10,82.18,82.31,82.1601,82.26,4931833
SHY,2023-05-11,82.415,82.43,82.29,82.31,7866510
SHY,2023-05-12,82.29,82.31,82.16,82.17,8635320
SHY,2023-05-15,82.17,82.19,82.15,82.18,3605129
SHY,2023-05-16,82.12,82.14,82.02,82.08,6905300
SHY,2023-05-17,82.06,82.07,81.95,81.99,4660258
SHY,2023-05-18,81.89,81.92,81.82,81.84,4385677
SHY,2023-05-19,81.78,81.935,81.72,81.78,5650339
SHY,2023-05-22,81.8,81.855,81.73,81.75,4024306
SHY,2023-05-23,81.7,81.77,81.6601,81.74,8964030
SHY,2023-05-24,81.75,81.76,81.62,81.64,5761402
SHY,2023-05-25,81.57,81.62,81.45,81.46,7552796
SHY,2023-05-26,81.41,81.45,81.3339,81.44,3728673
SHY,2023-05-30,81.47,81.61,81.44,81.6,4441842
SHY,2023-05-31,81.64,81.72,81.59,81.68,7229558
SHY,2023-06-01,81.548,81.64,81.54,81.61,5119302
SHY,2023-06-02,81.52,81.53,81.34,81.38,9465259
SHY,2023-06-05,81.31,81.49,81.28,81.4,5934141
SHY,2023-06-06,81.4,81.42,81.335,81.36,4313384
SHY,2023-06-07,81.35,81.38,81.25,81.3,6869424
SHY,2023-06-08,81.41,81.47,81.38,81.43,4306569
SHY,2023-06-09,81.35,81.35,81.28,81.28,4022447
SHY,2023-06-12,81.34,81.35,81.28,81.35,3825100
SHY,2023-06-13,81.435,81.44,81.17,81.2,4872372
SHY,2023-06-14,81.29,81.31,81.04,81.15,6175913
SHY,2023-06-15,81.285,81.33,81.25,81.32,6384579
SHY,2023-06-16,81.18,81.24,81.12,81.21,5079927
SHY,2023-06-20,81.22,81.3,81.22,81.24,4788576
SHY,2023-06-21,81.19,81.28,81.18,81.24,20688492
SHY,2023-06-22,81.22,81.26,81.14,81.15,4198741
SHY,2023-06-23,81.3,81.33,81.19,81.22,3892852
SHY,2023-06-26,81.285,81.2983,81.23,81.28,3101525
SHY,2023-06-27,81.27,81.31,81.14,81.16,3574268
SHY,2023-06-28,81.2,81.25,81.15,81.25,4298898
SHY,2023-06-29,81.055,81.07,81.015,81.05,4646447
SHY,2023-06-30,81.075,81.09,81.025,81.08,6958746
SHY,2023-07-03,80.82,80.91,80.77,80.78,3600003
SHY,2023-07-05,80.835,80.84,80.75,80.76,6045824
SHY,2023-07-06,80.64,80.72,80.55,80.71,8591950
SHY,2023-07-07,80.77,80.87,80.76,80.8,3944092
SHY,2023-07-10,80.84,80.94,80.83,80.92,2857982
SHY,2023-07-11,80.91,80.94,80.89,80.91,3659394
SHY,2023-07-12,81.12,81.175,81.1,81.15,5069027
SHY,2023-07-13,81.32,81.38,81.28,81.38,4954767
SHY,2023-07-14,81.27,81.3,81.17,81.17,4248948
SHY,2023-07-17,81.21,81.23,81.17,81.2,4027909
SHY,2023-07-18,81.28,81.31,81.19,81.2,2590749
SHY,2023-07-19,81.25,81.27,81.19,81.23,7015793
SHY,2023-07-20,81.13,81.15,81.07,81.13,8745735
SHY,2023-07-21,81.14,81.16,81.1,81.14,3891857
SHY,2023-07-24,81.15,81.165,81.04,81.04,4127302
SHY,2023-07-25,81.005,81.04,80.99,81.03,3275705
SHY,2023-07-26,81.06,81.1361,80.99,81.11,4339683
SHY,2023-07-27,81.07,81.09,80.98,80.99,5591581
SHY,2023-07-28,81.08,81.12,81.05,81.1,6008612
SHY,2023-07-31,81.08,81.15,81.08,81.12,4074260
SHY,2023-08-01,80.87,80.91,80.83,80.84,4958075
SHY,2023-08-02,80.88,80.9,80.81,80.88,4046444
SHY,2023-08-03,80.885,80.94,80.8638,80.91,4110097
SHY,2023-08-04,81.0,81.09,81.0,81.07,3590389
SHY,2023-08-07,81.07,81.12,81.06,81.1,10383840
SHY,2023-08-08,81.12,81.16,81.1,81.14,3016999
SHY,2023-08-09,81.13,81.16,81.08,81.09,3198250
SHY,2023-08-10,81.13,81.175,81.05,81.05,3867878
SHY,2023-08-11,80.98,81.03,80.9639,80.97,3596078
SHY,2023-08-14,80.92,80.9499,80.89,80.9,3217260
SHY,2023-08-15,80.93,80.995,80.91,80.93,4782054
SHY,2023-08-16,80.96,80.99,80.89,80.89,3794252
SHY,2023-08-17,80.98,81.0,80.91,80.98,6059391
SHY,2023-08-18,81.01,81.05,80.99,81.01,3090613
SHY,2023-08-21,80.96,80.97,80.92,80.92,2642387
SHY,2023-08-22,80.91,80.93,80.88,80.88,2734522
SHY,2023-08-23,80.98,81.06,80.98,81.03,5508952
SHY,2023-08-24,80.975,81.04,80.97,80.98,3653069
SHY,2023-08-25,80.95,81.0,80.88,80.93,4682313
SHY,2023-08-28,80.94,80.98,80.91,80.98,2798341
SHY,2023-08-29,80.94,81.16,80.94,81.16,5272162
SHY,2023-08-30,81.21,81.22,81.15,81.16,4512400
SHY,2023-08-31,81.2,81.25,81.17,81.24,3948690
SHY,2023-09-01,81.13,81.1301,80.98,80.99,4157540
SHY,2023-09-05,80.96,80.9778,80.88,80.89,4130025
SHY,2023-09-06,80.92,80.92,80.79,80.8,5001147
SHY,2023-09-07,80.88,80.95,80.87,80.95,3130760
SHY,2023-09-08,80.98,81.0,80.91,80.91,3582633
SHY,2023-09-11,80.91,80.93,80.9,80.93,2750626
SHY,2023-09-12,80.91,80.91,80.88,80.89,3358425
SHY,2023-09-13,80.9,80.98,80.9,80.96,3489477
SHY,2023-09-14,81.0,81.01,80.93,80.94,3349274
SHY,2023-09-15,80.92,80.96,80.9,80.9,4055926
SHY,2023-09-18,80.89,80.9099,80.87,80.89,2676709
SHY,2023-09-19,80.87,80.89,80.83,80.83,3162974
SHY,2023-09-20,80.91,80.93,80.77,80.78,3583674
SHY,2023-09-21,80.79,80.85,80.79,80.82,5170770
SHY,2023-09-22,80.86,80.93,80.85,80.9,3907958
SHY,2023-09-25,80.88,80.91,80.87,80.87,3439073
SHY,2023-09-26,80.89,80.9,80.85,80.88,14216344
SHY,2023-09-27,80.91,80.91,80.78,80.82,5777619
SHY,2023-09-28,80.89,80.96,80.86,80.96,4522562
SHY,2023-09-29,81.02,81.035,80.97,80.97,6015169
SHY,2023-10-02,80.69,80.72,80.67,80.68,5670966
SHY,2023-10-03,80.7,80.73,80.62,80.62,6707633
SHY,2023-10-04,80.715,80.8,80.675,80.8,5927028
SHY,2023-10-05,80.88,80.89,80.86,80.88,4665580
SHY,2023-10-06,80.77,80.82,80.75,80.81,3456825
SHY,2023-10-09,80.95,81.05,80.95,81.05,4119313
SHY,2023-10-10,80.96,81.03,80.94,81.0,5135738
SHY,2023-10-11,80.95,80.98,80.92,80.98,3131523
SHY,2023-10-12,80.91,80.92,80.87,80.88,5361989
SHY,2023-10-13,80.96,80.96,80.91,80.93,3506301
SHY,2023-10-16,80.895,80.9,80.87,80.88,2967881
SHY,2023-10-17,80.77,80.77,80.68,80.7,4245164
SHY,2023-10-18,80.72,80.75,80.67,80.7,5232789
SHY,2023-10-19,80.72,80.82,80.71,80.81,5556676
SHY,2023-10-20,80.89,80.97,80.885,80.94,3660519
SHY,2023-10-23,80.92,80.99,80.9,80.99,4261762
SHY,2023-10-24,80.96,80.99,80.91,80.97,13761462
SHY,2023-10-25,80.93,80.94,80.87,80.88,4773568
SHY,2023-10-26,80.96,81.06,80.96,81.04,4710796
SHY,2023-10-27,81.07,81.1,81.04,81.09,3858198
SHY,2023-10-30,81.03,81.07,81.0101,81.06,4816820
SHY,2023-10-31,81.01,81.05,81.01,81.03,3917356
SHY,2023-11-01,80.8,81.01,80.8,80.98,7362887
SHY,2023-11-02,81.06,81.08,80.96,80.99,7828378
SHY,2023-11-03,81.18,81.249,81.11,81.21,8024339
SHY,2023-11-06,81.13,81.13,81.06,81.06,6061357
SHY,2023-11-07,81.08,81.16,81.07,81.12,4546616
SHY,2023-11-08,81.11,81.14,81.1,81.1,4421998
SHY,2023-11-09,81.12,81.125,80.98,80.98,6032947
SHY,2023-11-10,81.07,81.07,80.96,81.0,3917140
SHY,2023-11-13,80.96,81.03,80.94,81.03,7360311
SHY,2023-11-14,81.3,81.35,81.2601,81.35,7956519
SHY,2023-11-15,81.24,81.25,81.17,81.2,5069560
SHY,2023-11-16,81.33,81.38,81.33,81.34,4086481
SHY,2023-11-17,81.315,81.325,81.26,81.28,3381825
SHY,2023-11-20,81.29,81.3,81.27,81.29,6247347
SHY,2023-11-21,81.34,81.38,81.32,81.34,2590495
SHY,2023-11-22,81.38,81.38,81.3,81.35,4803348
SHY,2023-11-24,81.31,81.32,81.28,81.29,1575243
SHY,2023-11-27,81.33,81.4,81.32,81.39,4004137
SHY,2023-11-28,81.41,81.56,81.39,81.54,20920982
SHY,2023-11-29,81.67,81.74,81.6501,81.7,4423108
SHY,2023-11-30,81.67,81.68,81.61,81.65,5204195
SHY,2023-12-01,81.42,81.65,81.41,81.64,11831167
SHY,2023-12-04,81.53,81.58,81.48,81.52,4431084
SHY,2023-12-05,81.56,81.65,81.54,81.62,12179972
SHY,2023-12-06,81.64,81.64,81.59,81.6,6782543
SHY,2023-12-07,81.66,81.6956,81.65,81.66,4977789
SHY,2023-12-08,81.51,81.5555,81.45,81.48,3367792
SHY,2023-12-11,81.44,81.5,81.41,81.5,2963903
SHY,2023-12-12,81.48,81.53,81.47,81.51,3268595
SHY,2023-12-13,81.57,81.935,81.5418,81.92,10843764
SHY,2023-12-14,81.78,81.86,81.76,81.8,9304292
SHY,2023-12-15,81.735,81.78,81.68,81.71,7178291
SHY,2023-12-18,81.73,81.735,81.69,81.7,3760557
SHY,2023-12-19,81.7,81.75,81.7,81.73,4753734
SHY,2023-12-20,81.81,81.86,81.77,81.84,5163961
SHY,2023-12-21,81.97,81.98,81.89,81.92,6662906
SHY,2023-12-22,81.95,81.96,81.91,81.95,3387901
SHY,2023-12-26,81.895,81.95,81.89,81.91,2503158
SHY,2023-12-27,81.96,82.03,81.95,82.01,2544312
SHY,2023-12-28,82.03,82.04,81.99,82.0,2408657
SHY,2023-12-29,81.98,82.07,81.98,82.04,5075600
SHY,2024-01-02,81.94,81.97,81.93,81.94,4983503
SHY,2024-01-03,81.91,81.985,81.88,81.96,4336465
SHY,2024-01-04,81.91,81.94,81.89,81.91,2923742
SHY,2024-01-05,81.86,82.015,81.84,81.89,8100414
SHY,2024-01-08,81.93,82.0469,81.92,81.96,4654928
SHY,2024-01-09,81.95,81.99,81.94,81.98,5227579
SHY,2024-01-10,82.03,82.03,81.97,81.98,6432268
SHY,2024-01-11,82.04,82.18,82.04,82.17,4904180
SHY,2024-01-12,82.33,82.37,82.29,82.34,6809877
SHY,2024-01-16,82.27,82.32,82.18,82.21,8427216
SHY,2024-01-17,82.08,82.08,82.02,82.05,6717390
SHY,2024-01-18,82.1,82.11,82.06,82.09,4490326
SHY,2024-01-19,82.03,82.055,81.9912,82.03,5469265
SHY,2024-01-22,82.06,82.0899,82.05,82.07,4607562
SHY,2024-01-23,82.04,82.07,82.02,82.06,3355601
SHY,2024-01-24,82.15,82.16,82.02,82.02,4700764
SHY,2024-01-25,82.12,82.19,82.11,82.17,5493172
SHY,2024-01-26,82.14,82.14,82.1,82.12,4654793
SHY,2024-01-29,82.16,82.21,82.16,82.2,3344748
SHY,2024-01-30,82.22,82.23,82.1,82.15,2345785
SHY,2024-01-31,82.27,82.39,82.2206,82.3,7413106
SHY,2024-02-01,82.18,82.26,82.11,82.18,8288149
SHY,2024-02-02,81.93,81.965,81.87,81.92,8260702
SHY,2024-02-05,81.83,81.84,81.76,81.76,5968536
SHY,2024-02-06,81.8,81.92,81.795,81.89,3603413
SHY,2024-02-07,81.87,81.95,81.853,81.86,3044093
SHY,2024-02-08,81.86,81.8792,81.83,81.84,2233524
SHY,2024-02-09,81.79,81.82,81.79,81.81,2523893
SHY,2024-02-12,81.84,81.85,81.81,81.82,2730544
SHY,2024-02-13,81.65,81.67,81.55,81.56,5284927
SHY,2024-02-14,81.62,81.71,81.615,81.68,5431558
SHY,2024-02-15,81.78,81.8,81.72,81.76,3772550
SHY,2024-02-16,81.61,81.66,81.6,81.66,7850424
SHY,2024-02-20,81.74,81.77,81.71,81.71,6172806
SHY,2024-02-21,81.75,81.75,81.64,81.64,8591059
SHY,2024-02-22,81.64,81.69,81.6,81.63,15501449
SHY,2024-02-23,81.62,81.68,81.61,81.67,3869312
SHY,2024-02-26,81.65,81.66,81.59,81.61,4547223
SHY,2024-02-27,81.63,81.65,81.59,81.61,3432551
SHY,2024-02-28,81.66,81.7,81.65,81.69,3239528
SHY,2024-02-29,81.74,81.78,81.72,81.74,8834044
SHY,2024-03-01,81.54,81.68,81.49,81.66,4883057
SHY,2024-03-04,81.59,81.62,81.55,81.58,2416324
SHY,2024-03-05,81.64,81.695,81.61,81.64,4102851
SHY,2024-03-06,81.69,81.725,81.64,81.66,5338731
SHY,2024-03-07,81.73,81.76,81.7,81.76,2987781
SHY,2024-03-08,81.85,81.86,81.78,81.8,2387679
SHY,2024-03-11,81.76,81.77,81.72,81.73,3503049
SHY,2024-03-12,81.69,81.7,81.64,81.65,2260689
SHY,2024-03-13,81.65,81.66,81.61,81.61,2223197
SHY,2024-03-14,81.58,81.59,81.54,81.54,4014189
SHY,2024-03-15,81.51,81.53,81.49,81.49,3045533
SHY,2024-03-18,81.51,81.51,81.47,81.5,1971783
SHY,2024-03-19,81.56,81.58,81.54,81.57,1821665
SHY,2024-03-20,81.58,81.71,81.57,81.7,4768959
SHY,2024-03-21,81.72,81.74,81.69,81.7,3708535
SHY,2024-03-22,81.76,81.78,81.76,81.76,2037984
SHY,2024-03-25,81.75,81.76,81.72,81.72,3700589
SHY,2024-03-26,81.72,81.75,81.7,81.74,2183509
SHY,2024-03-27,81.8,81.8451,81.8,81.83,2585327
SHY,2024-03-28,81.77,81.79,81.74,81.78,5702855
SHY,2024-04-01,81.48,81.4899,81.34,81.34,4661210
SHY,2024-04-02,81.34,81.4,81.335,81.38,3459709
SHY,2024-04-03,81.35,81.44,81.33,81.44,2856924
SHY,2024-04-04,81.46,81.53,81.44,81.52,2784581
SHY,2024-04-05,81.43,81.475,81.38,81.39,3967082
SHY,2024-04-08,81.35,81.37,81.31,81.31,3326725
SHY,2024-04-09,81.38,81.42,81.38,81.39,2646530
SHY,2024-04-10,81.13,81.15,81.05,81.06,6329375
SHY,2024-04-11,81.17,81.17,81.1,81.16,6686538
SHY,2024-04-12,81.22,81.26,81.21,81.21,5387500
SHY,2024-04-15,81.11,81.18,81.07,81.18,4841352
SHY,2024-04-16,81.12,81.16,81.07,81.13,3062848
SHY,2024-04-17,81.16,81.22,81.15,81.19,3599047
SHY,2024-04-18,81.21,81.21,81.14,81.15,3279603
SHY,2024-04-19,81.2,81.2,81.16,81.17,2938443
SHY,2024-04-22,81.18,81.23,81.18,81.21,4174313
SHY,2024-04-23,81.195,81.3,81.1801,81.28,3619015
SHY,2024-04-24,81.24,81.26,81.22,81.25,4300030
SHY,2024-04-25,81.18,81.21,81.16,81.19,4224240
SHY,2024-04-26,81.22,81.25,81.2,81.21,3071548
SHY,2024-04-29,81.24,81.26,81.23,81.25,2259621
SHY,2024-04-30,81.19,81.225,81.15,81.15,6420904
SHY,2024-05-01,80.95,81.075,80.91,81.05,8032738
SHY,2024-05-02,81.08,81.18,81.07,81.17,3750681
SHY,2024-05-03,81.35,81.39,81.26,81.3,4960204
SHY,2024-05-06,81.31,81.31,81.27,81.29,2960704
SHY,2024-05-07,81.31,81.33,81.28,81.3,2706269
SHY,2024-05-08,81.28,81.31,81.28,81.28,2308852
SHY,2024-05-09,81.325,81.37,81.325,81.35,2160180
SHY,2024-05-10,81.34,81.34,81.28,81.28,1866129
SHY,2024-05-13,81.345,81.35,81.3,81.3,2442569
SHY,2024-05-14,81.36,81.38,81.35,81.38,2319556
SHY,2024-05-15,81.49,81.53,81.465,81.53,3248397
SHY,2024-05-16,81.51,81.52,81.46,81.47,2978320
SHY,2024-05-17,81.46,81.47,81.42,81.42,2758016
SHY,2024-05-20,81.43,81.43,81.4,81.4,2445172
SHY,2024-05-21,81.44,81.46,81.44,81.44,1991308
SHY,2024-05-22,81.4,81.42,81.38,81.38,3051089
SHY,2024-05-23,81.43,81.43,81.33,81.34,3473478
SHY,2024-05-24,81.34,81.37,81.33,81.37,3040967
SHY,2024-05-28,81.4,81.41,81.3,81.3,2889790
SHY,2024-05-29,81.32,81.32,81.245,81.27,2441679
SHY,2024-05-30,81.34,81.37,81.33,81.36,3712520
SHY,2024-05-31,81.42,81.48,81.41,81.47,2922997
SHY,2024-06-03,81.21,81.3,81.21,81.3,5533812
SHY,2024-06-04,81.35,81.41,81.34,81.38,2133307
SHY,2024-06-05,81.41,81.46,81.35,81.46,2577587
SHY,2024-06-06,81.45,81.48,81.44,81.47,3346479
SHY,2024-06-07,81.34,81.34,81.26,81.26,3524398
SHY,2024-06-10,81.27,81.29,81.26,81.27,2952957
SHY,2024-06-11,81.33,81.37,81.3,81.36,3755838
SHY,2024-06-12,81.6,81.61,81.47,81.47,3409191
SHY,2024-06-13,81.57,81.63,81.55,81.6,2473780
SHY,2024-06-14,81.64,81.6499,81.61,81.61,2854944
SHY,2024-06-17,81.56,81.58,81.53,81.53,1272392
SHY,2024-06-18,81.62,81.68,81.61,81.64,2182825
SHY,2024-06-20,81.59,81.62,81.57,81.61,2618197
SHY,2024-06-21,81.67,81.69,81.62,81.64,2068379
SHY,2024-06-24,81.65,81.66,81.63,81.65,1576475
SHY,2024-06-25,81.66,81.67,81.63,81.66,2627503
SHY,2024-06-26,81.615,81.62,81.58,81.58,2329033
SHY,2024-06-27,81.63,81.67,81.62,81.64,1675840
SHY,2024-06-28,81.73,81.75,81.64,81.65,3894804
SHY,2024-07-01,81.32,81.365,81.29,81.31,3672147
SHY,2024-07-02,81.4,81.42,81.37,81.38,2468904
SHY,2024-07-03,81.41,81.52,81.41,81.5,1772757
SHY,2024-07-05,81.59,81.65,81.58,81.65,2171870
SHY,2024-07-08,81.63,81.64,81.61,81.64,2236008
SHY,2024-07-09,81.63,81.65,81.59,81.62,7304186
SHY,2024-07-10,81.67,81.67,81.63,81.65,2505695
SHY,2024-07-11,81.83,81.8585,81.81,81.84,5810737
SHY,2024-07-12,81.89,81.96,81.88,81.96,3170414
SHY,2024-07-15,81.95,81.99,81.93,81.96,3380631
SHY,2024-07-16,81.95,82.0,81.93,81.99,2562375
SHY,2024-07-17,81.94,82.0,81.93,82.0,2700979
SHY,2024-07-18,81.99,82.01,81.95,81.96,3111148
SHY,2024-07-19,81.94,81.95,81.92,81.92,2041664
SHY,2024-07-22,81.92,81.93,81.89,81.93,2429498
SHY,2024-07-23,81.96,81.995,81.94,81.97,2133434
SHY,2024-07-24,82.06,82.09,82.01,82.01,4871218
SHY,2024-07-25,82.04,82.0899,82.0,82.02,4907200
SHY,2024-07-26,82.13,82.14,82.11,82.13,1591032
SHY,2024-07-29,82.15,82.16,82.11,82.14,4588212
SHY,2024-07-30,82.16,82.2,82.12,82.17,3108099
SHY,2024-07-31,82.22,82.34,82.1528,82.34,3403939
SHY,2024-08-01,82.1,82.23,82.09,82.21,5052532
SHY,2024-08-02,82.54,82.69,82.52,82.67,5001423
SHY,2024-08-05,82.87,82.91,82.58,82.65,15588206
SHY,2024-08-06,82.63,82.63,82.4701,82.55,12849196
SHY,2024-08-07,82.49,82.55,82.44,82.5,5779011
SHY,2024-08-08,82.4,82.47,82.3915,82.46,3621997
SHY,2024-08-09,82.52,82.53,82.44,82.48,5079363
SHY,2024-08-12,82.46,82.55,82.45,82.53,3745721
SHY,2024-08-13,82.63,82.66,82.61,82.66,3856173
SHY,2024-08-14,82.61,82.69,82.6,82.65,4780681
SHY,2024-08-15,82.46,82.49,82.42,82.45,3164873
SHY,2024-08-16,82.54,82.54,82.46,82.54,2987113
SHY,2024-08-19,82.52,82.565,82.52,82.52,2839657
SHY,2024-08-20,82.61,82.64,82.59,82.64,1882639
SHY,2024-08-21,82.7,82.795,82.63,82.73,3914505
SHY,2024-08-22,82.68,82.69,82.62,82.62,4181267
SHY,2024-08-23,82.69,82.81,82.65,82.81,3896848
SHY,2024-08-26,82.84,82.84,82.77,82.77,1896710
SHY,2024-08-27,82.76,82.84,82.7599,82.82,4067592
SHY,2024-08-28,82.84,82.86,82.81,82.81,3126741
SHY,2024-08-29,82.81,82.81,82.78,82.795,2397077
SHY,2024-08-30,82.82,82.85,82.79,82.8,2781303
SHY,2024-09-03,82.57,82.64,82.57,82.6,3718832
SHY,2024-09-04,82.66,82.79,82.65,82.78,2722348
SHY,2024-09-05,82.86,82.86,82.75,82.81,8628274
SHY,2024-09-06,82.9,83.06,82.811,82.96,6478543
SHY,2024-09-09,82.95,82.9899,82.92,82.97,9361719
SHY,2024-09-10,82.99,83.09,82.98,83.09,6833900
SHY,2024-09-11,83.0,83.13,83.0,83.02,3679274
SHY,2024-09-12,83.03,83.045,82.9513,83.025,2599231
SHY,2024-09-13,83.16,83.17,83.11,83.15,3963983
SHY,2024-09-16,83.2,83.2199,83.16,83.2,2861334
SHY,2024-09-17,83.16,83.17,83.12,83.14,3015280
SHY,2024-09-18,83.1,83.24,83.05,83.11,4413378
SHY,2024-09-19,83.14,83.18,83.1201,83.18,2892640
SHY,2024-09-20,83.16,83.23,83.12,83.21,4082498
SHY,2024-09-23,83.19,83.24,83.15,83.21,5030805
SHY,2024-09-24,83.23,83.3,83.195,83.29,8947884
SHY,2024-09-25,83.27,83.28,83.22,83.22,4829057
SHY,2024-09-26,83.215,83.23,83.14,83.14,2321830
SHY,2024-09-27,83.22,83.28,83.2,83.27,3208519
SHY,2024-09-30,83.22,83.24,83.13,83.15,5187964
SHY,2024-10-01,82.93,83.01,82.92,82.93,4955559
SHY,2024-10-02,82.89,82.9386,82.88,82.91,5697738
SHY,2024-10-03,82.87,82.8781,82.8,82.8,6480087
SHY,2024-10-04,82.585,82.6399,82.5,82.52,4012980
SHY,2024-10-07,82.4,82.46,82.4,82.41,5052147
SHY,2024-10-08,82.44,82.48,82.42,82.48,6423472
SHY,2024-10-09,82.46,82.46,82.39,82.4,4166762
SHY,2024-10-10,82.47,82.4999,82.39,82.47,3859546
SHY,2024-10-11,82.52,82.56,82.5,82.54,3367370
SHY,2024-10-14,82.48,82.5,82.435,82.5,1849552
SHY,2024-10-15,82.57,82.58,82.52,82.54,3387155
SHY,2024-10-16,82.59,82.6099,82.57,82.59,2130674
SHY,2024-10-17,82.53,82.535,82.5001,82.52,2469624
SHY,2024-10-18,82.59,82.6099,82.57,82.59,1725687
SHY,2024-10-21,82.56,82.56,82.47,82.47,3474300
SHY,2024-10-22,82.5,82.51,82.44,82.46,4333297
SHY,2024-10-23,82.44,82.4401,82.4,82.41,3303894
SHY,2024-10-24,82.45,82.49,82.42,82.45,2444548
SHY,2024-10-25,82.5,82.525,82.41,82.42,2453035
SHY,2024-10-28,82.44,82.44,82.35,82.38,2886543
SHY,2024-10-29,82.35,82.425,82.33,82.41,2920465
SHY,2024-10-30,82.42,82.47,82.34,82.34,2949322
SHY,2024-10-31,82.33,82.39,82.29,82.36,3751530
SHY,2024-11-01,82.18,82.1999,82.03,82.05,5598551
SHY,2024-11-04,82.15,82.17,82.09,82.11,2400717
SHY,2024-11-05,82.11,82.11,82.01,82.09,2808646
SHY,2024-11-06,81.95,82.01,81.94,81.99,6637922
SHY,2024-11-07,82.05,82.13,82.02,82.13,10555551
SHY,2024-11-08,82.12,82.1499,82.04,82.07,3934961
SHY,2024-11-11,81.99,82.01,81.99,82.01,1567924
SHY,2024-11-12,81.95,81.98,81.9001,81.93,4609913
SHY,2024-11-13,82.08,82.08,82.0,82.05,2909776
SHY,2024-11-14,82.07,82.0862,81.9199,81.93,4405401
SHY,2024-11-15,81.96,82.09,81.93,82.02,3299752
SHY,2024-11-18,82.05,82.08,82.02,82.08,2645684
SHY,2024-11-19,82.12,82.13,82.08,82.08,2655612
SHY,2024-11-20,82.06,82.09,82.04,82.04,3362679
SHY,2024-11-21,82.05,82.09,82.0,82.02,2565852
SHY,2024-11-22,82.04,82.06,82.0025,82.01,2352258
SHY,2024-11-25,82.12,82.17,82.1,82.17,3579185
SHY,2024-11-26,82.15,82.17,82.1,82.17,6597226
SHY,2024-11-27,82.245,82.26,82.21,82.22,2463459
SHY,2024-11-29,82.31,82.33,82.3,82.32,1597583
SHY,2024-12-02,82.01,82.08,81.98,82.05,5102318
SHY,2024-12-03,82.1,82.11,82.04,82.06,3950589
SHY,2024-12-04,82.04,82.1652,82.04,82.15,3935570
SHY,2024-12-05,82.1,82.15,82.085,82.15,2517810
SHY,2024-12-06,82.26,82.27,82.2101,82.23,5705862
SHY,2024-12-09,82.23,82.23,82.2,82.2,4641781
SHY,2024-12-10,82.19,82.2,82.15,82.19,2919471
SHY,2024-12-11,82.25,82.27,82.17,82.17,2453215
SHY,2024-12-12,82.19,82.2,82.13,82.13,3184994
SHY,2024-12-13,82.14,82.15,82.09,82.09,2420800
SHY,2024-12-16,82.12,82.13,82.09,82.1,2930313
SHY,2024-12-17,82.09,82.13,82.09,82.11,2492577
SHY,2024-12-18,81.87,81.89,81.665,81.68,6931374
SHY,2024-12-19,81.73,81.78,81.71,81.77,12522748
SHY,2024-12-20,81.845,81.85,81.77,81.78,3495411
SHY,2024-12-23,81.76,81.7768,81.73,81.73,2933780
SHY,2024-12-24,81.735,81.77,81.73,81.77,1583832
SHY,2024-12-26,81.74,81.8,81.73,81.79,1758115
SHY,2024-12-27,81.82,81.85,81.805,81.81,3668607
SHY,2024-12-30,81.9,81.94,81.9,81.93,7397339
SHY,2024-12-31,81.99,82.0,81.94,81.98,3167236
SHY,2025-01-02,81.995,82.01,81.93,81.96,3948615
SHY,2025-01-03,82.0,82.0099,81.94,81.96,2804197
SHY,2025-01-06,81.96,81.99,81.94,81.98,2324287
SHY,2025-01-07,81.97,81.99,81.9,81.93,4035522
SHY,2025-01-08,81.95,81.99,81.95,81.98,2747679
SHY,2025-01-10,81.93,81.94,81.83,81.83,6188487
SHY,2025-01-13,81.84,81.85,81.81,81.85,4855152
SHY,2025-01-14,81.88,81.89,81.86,81.87,2281897
SHY,2025-01-15,82.04,82.05,82.01,82.05,3694514
SHY,2025-01-16,82.01,82.1151,82.0,82.1,4775046
SHY,2025-01-17,82.11,82.12,82.0746,82.08,2248593
SHY,2025-01-21,82.11,82.12,82.06,82.11,2400389
SHY,2025-01-22,82.11,82.115,82.06,82.09,2706843
SHY,2025-01-23,82.06,82.1098,82.06,82.09,3378553
SHY,2025-01-24,82.14,82.1899,82.12,82.14,2190060
SHY,2025-01-27,82.28,82.29,82.22,82.26,3639651
SHY,2025-01-28,82.24,82.28,82.23,82.28,2980503
SHY,2025-01-29,82.285,82.29,82.19,82.23,2849250
SHY,2025-01-30,82.27,82.3,82.26,82.28,1956320
SHY,2025-01-31,82.29,82.32,82.26,82.29,2987255
SHY,2025-02-03,81.99,82.04,81.94,81.96,3483151
SHY,2025-02-04,81.96,82.04,81.96,82.04,3232455
SHY,2025-02-05,82.07,82.1299,82.07,82.09,3456303
SHY,2025-02-06,82.06,82.09,82.0501,82.06,2083237
SHY,2025-02-07,82.02,82.03,81.97,81.97,3488850
SHY,2025-02-10,82.02,82.04,82.0,82.01,2573003
SHY,2025-02-11,81.98,82.01,81.98,81.99,2861923
SHY,2025-02-12,81.91,81.92,81.87,81.88,4537396
SHY,2025-02-13,81.97,82.0,81.96,81.99,3511999
SHY,2025-02-14,82.095,82.13,82.08,82.1,3120469
SHY,2025-02-18,82.07,82.08,82.03,82.03,2824114
SHY,2025-02-19,82.04,82.09,82.04,82.09,2694689
SHY,2025-02-20,82.11,82.14,82.1,82.1,2106576
SHY,2025-02-21,82.14,82.26,82.14,82.24,3614003
SHY,2025-02-24,82.23,82.3,82.22,82.3,2497412
SHY,2025-02-25,82.38,82.44,82.37,82.41,3632118
SHY,2025-02-26,82.41,82.46,82.37,82.44,2280194
SHY,2025-02-27,82.405,82.48,82.4,82.47,4639734
SHY,2025-02-28,82.525,82.62,82.5048,82.62,4383102
SHY,2025-03-03,82.3,82.43,82.29,82.42,5333749
SHY,2025-03-04,82.51,82.58,82.4,82.43,5198925
SHY,2025-03-05,82.48,82.5,82.33,82.34,4304550
SHY,2025-03-06,82.38,82.425,82.33,82.39,4557771
SHY,2025-03-07,82.5,82.52,82.34,82.38,3499470
SHY,2025-03-10,82.49,82.56,82.46,82.53,4631701
SHY,2025-03-11,82.53,82.5999,82.47,82.48,4668520
SHY,2025-03-12,82.415,82.48,82.4,82.42,3476088
SHY,2025-03-13,82.42,82.52,82.39,82.48,2946843
SHY,2025-03-14,82.49,82.49,82.41,82.42,3932537
SHY,2025-03-17,82.4,82.45,82.37,82.39,4582673
SHY,2025-03-18,82.38,82.43,82.38,82.39,3438798
SHY,2025-03-19,82.37,82.51,82.34,82.51,3886344
SHY,2025-03-20,82.6,82.6,82.52,82.53,3039391
SHY,2025-03-21,82.62,82.64,82.58,82.58,3172518
SHY,2025-03-24,82.54,82.54,82.46,82.47,2351301
SHY,2025-03-25,82.49,82.54,82.48,82.5,2711641
SHY,2025-03-26,82.49,82.5159,82.48,82.48,3685790
SHY,2025-03-27,82.52,82.55,82.5,82.52,2187930
SHY,2025-03-28,82.59,82.69,82.59,82.67,4087941
SHY,2025-03-31,82.74,82.77,82.66,82.73,4593176
SHY,2025-04-01,82.46,82.52,82.4401,82.48,4326414
SHY,2025-04-02,82.525,82.5254,82.39,82.42,3071588
SHY,2025-04-03,82.69,82.77,82.6707,82.73,6729522
SHY,2025-04-04,82.98,83.065,82.68,82.68,12599671
SHY,2025-04-07,82.89,82.9399,82.515,82.69,18363133
SHY,2025-04-08,82.54,82.81,82.54,82.64,13086096
SHY,2025-04-09,82.7,82.785,82.3101,82.59,25590997
SHY,2025-04-10,82.59,82.66,82.534,82.58,10029548
SHY,2025-04-11,82.53,82.545,82.4,82.43,6586187
SHY,2025-04-14,82.48,82.63,82.48,82.61,5006340
SHY,2025-04-15,82.61,82.67,82.6,82.61,3090685
SHY,2025-04-16,82.7,82.74,82.66,82.72,3179074
SHY,2025-04-17,82.75,82.79,82.71,82.75,3384180
SHY,2025-04-21,82.78,82.85,82.7,82.7,5283681
SHY,2025-04-22,82.76,82.78,82.71,82.73,3521736
SHY,2025-04-23,82.75,82.795,82.63,82.67,3647401
SHY,2025-04-24,82.73,82.77,82.71,82.77,3993473
SHY,2025-04-25,82.79,82.85,82.76,82.84,2260113
SHY,2025-04-28,82.85,82.96,82.84,82.96,2847008
SHY,2025-04-29,82.94,83.02,82.93,83.01,3832178
SHY,2025-04-30,83.04,83.12,83.03,83.12,5104859
SHY,2025-05-01,82.89,82.9,82.66,82.69,5150456
SHY,2025-05-02,82.62,82.6475,82.5,82.53,4556135
SHY,2025-05-05,82.57,82.58,82.49,82.52,3420522
SHY,2025-05-06,82.59,82.61,82.57,82.59,3476314
SHY,2025-05-07,82.59,82.66,82.56,82.62,2523392
SHY,2025-05-08,82.59,82.602,82.44,82.45,3566013
SHY,2025-05-09,82.53,82.57,82.49,82.49,2009581
SHY,2025-05-12,82.33,82.388859,82.32,82.34,4386604
SHY,2025-05-13,82.39,82.39,82.3,82.32,4241391
SHY,2025-05-14,82.33,82.3499,82.26,82.26,3960282
SHY,2025-05-15,82.38,82.42,82.35,82.42,3449307
SHY,2025-05-16,82.49,82.49,82.39,82.4,3528567
SHY,2025-05-19,82.38,82.44,82.3743,82.43,2906866
SHY,2025-05-20,82.425,82.47,82.41,82.44,3289336
SHY,2025-05-21,82.41,82.42,82.38,82.39,4095605
SHY,2025-05-22,82.44,82.45,82.41,82.44,3415968
SHY,2025-05-23,82.57,82.57,82.47,82.49,8202293
SHY,2025-05-27,82.5,82.53,82.48,82.52,3870296
SHY,2025-05-28,82.5,82.5,82.45,82.46,1972559
SHY,2025-05-29,82.52,82.56,82.52,82.55,2154446
SHY,2025-05-30,82.59,82.65,82.5735,82.65,4330977
SHY,2025-06-02,82.335,82.37,82.3,82.31,4010995
SHY,2025-06-03,82.33,82.35,82.28,82.29,4456851
SHY,2025-06-04,82.36,82.45,82.35,82.44,5744832
SHY,2025-06-05,82.44,82.46,82.35,82.35,3165408
SHY,2025-06-06,82.25,82.27,82.21,82.21,1563310
SHY,2025-06-09,82.24,82.3,82.24,82.27,2166870
SHY,2025-06-10,82.3,82.32,82.27,82.27,2010637
SHY,2025-06-11,82.365,82.4,82.34,82.4,1825674
SHY,2025-06-12,82.48,82.48,82.44,82.47,2612591
SHY,2025-06-13,82.44,82.44,82.375,82.41,3572737
SHY,2025-06-16,82.41,82.44,82.39,82.4,2380743
SHY,2025-06-17,82.43,82.46,82.4,82.44,2057638
SHY,2025-06-18,82.475,82.565,82.45,82.48,1921262
SHY,2025-06-20,82.5,82.57,82.49,82.54,2328778
SHY,2025-06-23,82.57,82.69,82.57,82.65,3113520
SHY,2025-06-24,82.64,82.72,82.63,82.715,4292131
SHY,2025-06-25,82.69,82.74,82.67,82.73,3268079
SHY,2025-06-26,82.78,82.83,82.77,82.83,4964944
SHY,2025-06-27,82.78,82.84,82.78,82.8,2432813
SHY,2025-06-30,82.845,82.86,82.81,82.86,5690394
SHY,2025-07-01,82.56,82.59,82.5,82.51,5018120
SHY,2025-07-02,82.52,82.55,82.49,82.5,4292624
SHY,2025-07-03,82.42,82.43,82.38,82.41,2781537
SHY,2025-07-07,82.41,82.42,82.38,82.39,4022063
SHY,2025-07-08,82.38,82.4,82.37,82.4,3648499
SHY,2025-07-09,82.43,82.47,82.42,82.47,2002292
SHY,2025-07-10,82.47,82.47,82.43,82.47,2249412
SHY,2025-07-11,82.46,82.46,82.43,82.45,4146261
SHY,2025-07-14,82.46,82.49,82.44,82.46,1887526
SHY,2025-07-15,82.46,82.46,82.37,82.375,3436730
SHY,2025-07-16,82.41,82.5162,82.41,82.49,4457242
SHY,2025-07-17,82.49,82.5,82.44,82.46,2820005
SHY,2025-07-18,82.56,82.57,82.53,82.53,1294510
SHY,2025-07-21,82.6,82.6,82.57,82.58,1857169
SHY,2025-07-22,82.6,82.64,82.6,82.64,8474378
SHY,2025-07-23,82.61,82.62,82.55,82.57,2500928
SHY,2025-07-24,82.51,82.5399,82.5,82.5,2147287
SHY,2025-07-25,82.55,82.56,82.53,82.55,2023603
SHY,2025-07-28,82.54,82.55,82.53,82.535,2467424
SHY,2025-07-29,82.56,82.62,82.56,82.61,2079620
SHY,2025-07-30,82.57,82.64,82.52,82.52,3786204
SHY,2025-07-31,82.54,82.57,82.51,82.52,5883693
SHY,2025-08-01,82.55,82.69,82.55,82.66,6048671
SHY,2025-08-04,82.67,82.69,82.625,82.68,4535435
SHY,2025-08-05,82.65,82.685,82.62,82.65,6269421
SHY,2025-08-06,82.63,82.68,82.625,82.68,2741805
SHY,2025-08-07,82.66,82.675,82.63,82.64,2927744
SHY,2025-08-08,82.64,82.64,82.61,82.62,2621191
SHY,2025-08-11,82.61,82.64,82.61,82.62,2730620
SHY,2025-08-12,82.65,82.6893,82.64,82.68,2846186
SHY,2025-08-13,82.75,82.79,82.7435,82.79,3589612
SHY,2025-08-14,82.71,82.72,82.68,82.7,3934101
SHY,2025-08-15,82.72,82.74,82.67,82.67,1979404
SHY,2025-08-18,82.7,82.705,82.66,82.67,6377258
SHY,2025-08-19,82.71,82.73,82.7,82.71,7319146
SHY,2025-08-20,82.72,82.77,82.71,82.74,2613863
SHY,2025-08-21,82.72,82.73,82.65,82.67,3399806
SHY,2025-08-22,82.71,82.86,82.7,82.85,4815552
SHY,2025-08-25,82.8,82.81,82.79,82.805,5797305
SHY,2025-08-26,82.84,82.89,82.84,82.88,1673686
SHY,2025-08-27,82.89,82.94,82.88,82.94,2399543
SHY,2025-08-28,82.91,82.93,82.9,82.91,1824807
SHY,2025-08-29,82.95,83.0,82.94,82.98,2758042
SHY,2025-09-02,82.665,82.7,82.66,82.68,4372417
SHY,2025-09-03,82.68,82.76,82.6701,82.74,3236532
SHY,2025-09-04,82.78,82.8,82.76,82.8,3232698
SHY,2025-09-05,82.98,83.01,82.91,82.92,5352503
SHY,2025-09-08,82.98,82.99,82.95,82.97,2281184
SHY,2025-09-09,82.97,83.0,82.9,82.9,2467765
SHY,2025-09-10,82.96,82.96,82.91,82.91,8269543
SHY,2025-09-11,82.965,83.0,82.93,82.94,4892415
SHY,2025-09-12,82.94,82.94,82.9,82.93,3057474
SHY,2025-09-15,82.98,82.98,82.96,82.96,1917452
SHY,2025-09-16,82.99,83.02,82.98,83.0,2091170
SHY,2025-09-17,83.02,83.09,82.96,82.96,4243874
SHY,2025-09-18,82.93,82.9574,82.91,82.93,2847610
SHY,2025-09-19,82.96,82.98,82.95,82.96,2197043
SHY,2025-09-22,82.97,82.975,82.92,82.92,1835836
SHY,2025-09-23,82.94,82.97,82.93,82.95,2433314
SHY,2025-09-24,82.94,82.95,82.91,82.91,3073966
SHY,2025-09-25,82.86,82.87,82.8301,82.84,3458195
SHY,2025-09-26,82.87,82.8983,82.85,82.89,2291720
SHY,2025-09-29,82.9,82.93,82.9,82.92,3837216
SHY,2025-09-30,82.95,82.99,82.95,82.96,4044116
SHY,2025-10-01,82.81,82.82,82.77,82.8,4194432
SHY,2025-10-02,82.79,82.82,82.7735,82.82,1896919
SHY,2025-10-03,82.82,82.845,82.79,82.79,2282252
SHY,2025-10-06,82.78,82.8,82.77,82.77,2637263
SHY,2025-10-07,82.79,82.83,82.78,82.81,2301831
SHY,2025-10-08,82.84,82.84,82.79,82.8,2942050
SHY,2025-10-09,82.8,82.81,82.7801,82.79,2884793
SHY,2025-10-10,82.875,82.96,82.8501,82.93,5552887
SHY,2025-10-13,82.945,83.09,82.93,83.09,9266422
SHY,2025-10-14,83.0,83.03,82.98,83.03,6221224
SHY,2025-10-15,83.0,83.02,82.98,82.99,3720308
SHY,2025-10-16,82.98,83.13,82.98,83.1,5563813
SHY,2025-10-17,83.1,83.1158,83.07,83.085,3354775
SHY,2025-10-20,83.1,83.1,83.07,83.1,3331847
SHY,2025-10-21,83.12,83.13,83.1,83.12,4726847
SHY,2025-10-22,83.1,83.14,83.1,83.12,6952989
SHY,2025-10-23,83.095,83.11,83.06,83.06,4405478
SHY,2025-10-24,83.12,83.13,83.09,83.11,2293471
SHY,2025-10-27,83.09,83.0999,83.06,83.09,6043823
SHY,2025-10-28,83.075,83.11,83.07,83.1,6114748
SHY,2025-10-29,83.11,83.11,82.93,82.935,5335003
SHY,2025-10-30,82.92,82.97,82.91,82.95,3799462
SHY,2025-10-31,82.98,82.99,82.96,82.98,3593078
SHY,2025-11-03,82.71,82.75,82.71,82.72,5418880
SHY,2025-11-04,82.76,82.78,82.75,82.75,6502044
SHY,2025-11-05,82.75,82.76,82.68,82.69,3952158
SHY,2025-11-06,82.78,82.82,82.77,82.79,3725171
SHY,2025-11-07,82.81,82.88,82.805,82.83,2943022
SHY,2025-11-10,82.815,82.83,82.8,82.81,6287859
SHY,2025-11-11,82.86,82.88,82.84,82.88,4175209
SHY,2025-11-12,82.85,82.87,82.84,82.85,2370006
SHY,2025-11-13,82.8,82.83,82.8,82.8,5328097
SHY,2025-11-14,82.88,82.89,82.8,82.83,5749973
SHY,2025-11-17,82.83,82.83,82.81,82.82,7200956
SHY,2025-11-18,82.9,82.92,82.85,82.87,3498469
SHY,2025-11-19,82.9,82.92,82.85,82.86,2679780
SHY,2025-11-20,82.9,82.96,82.89,82.93,5810789
SHY,2025-11-21,83.02,83.04,82.98,83.03,4849556
SHY,2025-11-24,83.03,83.04,83.0,83.04,5120669
SHY,2025-11-25,83.05,83.1,83.04,83.09,4276699
SHY,2025-11-26,83.07,83.08,83.04,83.08,4349665
SHY,2025-11-28,83.1,83.11,83.061,83.08,2799591
SHY,2025-12-01,82.79,82.79,82.76,82.76,3358651
SHY,2025-12-02,82.8,82.82,82.78,82.81,4653334
SHY,2025-12-03,82.87,82.87,82.83,82.86,2121270
SHY,2025-12-04,82.84,82.84,82.8,82.8,2474043
SHY,2025-12-05,82.82,82.82,82.77,82.77,2172498
SHY,2025-12-08,82.77,82.77,82.71,82.75,3378610
SHY,2025-12-09,82.79,82.79,82.71,82.71,2709083
SHY,2025-12-10,82.72,82.85,82.71,82.85,4431403
SHY,2025-12-11,82.89,82.8999,82.85,82.86,3552418
SHY,2025-12-12,82.86,82.89,82.85,82.87,4256368
SHY,2025-12-15,82.93,82.94,82.9,82.92,5252379
SHY,2025-12-16,82.94,82.98,82.93,82.96,4004877
SHY,2025-12-17,82.95,82.98,82.94,82.97,5873901
SHY,2025-12-18,83.04,83.04,82.98,83.03,3896767
SHY,2025-12-19,82.76,82.77,82.74,82.76,4195196
SHY,2025-12-22,82.75,82.75,82.71,82.72,4489170
SHY,2025-12-23,82.66,82.69,82.65,82.68,3443157
SHY,2025-12-24,82.71,82.74,82.7,82.73,2287169
SHY,2025-12-26,82.8,82.81,82.78,82.79,2034930
SHY,2025-12-29,82.83,82.85,82.82,82.83,3432291
SHY,2025-12-30,82.83,82.86,82.83,82.85,3641291
SHY,2025-12-31,82.84,82.87,82.82,82.82,3753118
SHY,2026-01-02,82.87,82.87,82.84,82.86,3041729
SHY,2026-01-05,82.88,82.9,82.87,82.89,3063643
SHY,2026-01-06,82.88,82.9,82.85,82.9,4368940
SHY,2026-01-07,82.91,82.925,82.88,82.89,4297970
SHY,2026-01-08,82.87,82.88,82.86,82.86,2470734
SHY,2026-01-09,82.87,82.87,82.8101,82.83,3409675
SHY,2026-01-12,82.82,82.84,82.81,82.83,2243111
SHY,2026-01-13,82.86,82.87,82.84,82.85,4656348
SHY,2026-01-14,82.88,82.9,82.87,82.87,3022481
SHY,2026-01-15,82.86,82.86,82.81,82.81,3306703
SHY,2026-01-16,82.84,82.84,82.78,82.79,4540148
SHY,2026-01-20,82.81,82.82,82.8,82.8,5683260
SHY,2026-01-21,82.83,82.84,82.81,82.84,14151395
SHY,2026-01-22,82.81,82.82,82.79,82.81,4878395
SHY,2026-01-23,82.83,82.85,82.82,82.84,2506894
SHY,2026-01-26,82.87,82.88,82.85,82.87,3094288
SHY,2026-01-27,82.87,82.91,82.87,82.89,3544794
SHY,2026-01-28,82.905,82.91,82.87,82.89,4157537
SHY,2026-01-29,82.9,82.95,82.9,82.92,4135826
SHY,2026-01-30,82.965,83.01,82.9601,82.99,4272841
SHY,2026-02-02,82.735,82.75,82.69,82.7,4079383
SHY,2026-02-03,82.68,82.71,82.67,82.69,4447510
SHY,2026-02-04,82.69,82.74,82.69,82.73,3945386
SHY,2026-02-05,82.82,82.88,82.79,82.86,6013953
SHY,2026-02-06,82.89,82.89,82.83,82.86,7414430
SHY,2026-02-09,82.88,82.89,82.87,82.88,6928894
SHY,2026-02-10,82.925,82.95,82.92,82.93,4736221
SHY,2026-02-11,82.85,82.8885,82.8301,82.85,3509982
SHY,2026-02-12,82.88,82.95,82.87,82.93,3377323
SHY,2026-02-13,83.04,83.07,83.03,83.06,3564221
SHY,2026-02-17,83.04,83.05,83.01,83.03,3293803
SHY,2026-02-18,82.98,83.0,82.98,82.98,2145507
SHY,2026-02-19,82.97,83.01,82.97,82.98,2653949
SHY,2026-02-20,83.01,83.02,82.9701,82.99,3451937
SHY,2026-02-23,83.02,83.08,83.0017,83.06,2809057
SHY,2026-02-24,83.05,83.07,83.03,83.06,5232668
SHY,2026-02-25,83.03,83.04,83.01,83.04,4495643
SHY,2026-02-26,83.03,83.09,83.03,83.07,7857043
SHY,2026-02-27,83.16,83.2,83.15,83.18,5655069
SHY,2026-03-02,82.88,82.89,82.79,82.81,7074097
SHY,2026-03-03,82.72,82.82,82.705,82.8,5817434
SHY,2026-03-04,82.79,82.8,82.73,82.75,5025926
SHY,2026-03-05,82.68,82.71,82.66,82.69,7174504
SHY,2026-03-06,82.67,82.805,82.67,82.73,5750090
SHY,2026-03-09,82.7,82.78,82.67,82.77,4899367
SHY,2026-03-10,82.77,82.8,82.71,82.72,5106629
SHY,2026-03-11,82.68,82.69,82.64,82.64,3977180
SHY,2026-03-12,82.61,82.6299,82.47,82.5,8506923
SHY,2026-03-13,82.6,82.6066,82.53,82.55,7184093
SHY,2026-03-16,82.64,82.65,82.59,82.65,4785615
SHY,2026-03-17,82.65,82.68,82.65,82.66,3379675
SHY,2026-03-18,82.6,82.63,82.51,82.51,5624608
SHY,2026-03-19,82.39,82.53,82.37,82.49,12151285
SHY,2026-03-20,82.37,82.38,82.2803,82.31,11512259
SHY,2026-03-23,82.36,82.485,82.34,82.43,8918051
SHY,2026-03-24,82.33,82.39,82.265,82.31,8547155
SHY,2026-03-25,82.4,82.43,82.37,82.4,5556036
SHY,2026-03-26,82.33,82.36,82.22,82.22,7405870
SHY,2026-03-27,82.28,82.39,82.28,82.39,7966358
SHY,2026-03-30,82.48,82.54,82.47,82.5,5461177
SHY,2026-03-31,82.59,82.62,82.55,82.57,10880069
SHY,2026-04-01,82.315,82.35,82.29,82.32,7672042
SHY,2026-04-02,82.33,82.385,82.32,82.36,4735173
SHY,2026-04-06,82.29,82.31,82.26,82.28,3659922
SHY,2026-04-07,82.3,82.375,82.2501,82.34,3130471
SHY,2026-04-08,82.48,82.48,82.39,82.42,6026830
SHY,2026-04-09,82.42,82.48,82.3901,82.44,6123474
SHY,2026-04-10,82.45,82.455,82.4,82.41,5766644
SHY,2026-04-13,82.43,82.47,82.4,82.47,2919868
SHY,2026-04-14,82.46,82.53,82.45,82.53,3521048
SHY,2026-04-15,82.52,82.52,82.48,82.51,3072829
SHY,2026-04-16,82.53,82.53,82.48,82.48,2875612
SHY,2026-04-17,82.61,82.66,82.595,82.64,4856664
SHY,2026-04-20,82.625,82.625,82.5801,82.6,1800409
SHY,2026-04-21,82.56,82.56,82.48,82.48,3375628
SHY,2026-04-22,82.55,82.55,82.51,82.52,2126090
SHY,2026-04-23,82.52,82.53,82.4501,82.48,3086101
SHY,2026-04-24,82.51,82.59,82.49,82.57,3271874
SHY,2026-04-27,82.56,82.575,82.535,82.55,2376376
SHY,2026-04-28,82.52,82.5299,82.49,82.5,4175907
SHY,2026-04-29,82.47,82.47,82.36,82.39,4900948
SHY,2026-04-30,82.47,82.4899,82.45,82.48,4183183
SHY,2026-05-01,82.235,82.31,82.22,82.25,2999473
SHY,2026-05-04,82.21,82.21,82.1023,82.15,4021123
SHY,2026-05-05,82.19,82.22,82.18,82.19,3736666
SHY,2026-05-06,82.29,82.31,82.27,82.3,2842339
SHY,2026-05-07,82.355,82.36,82.22,82.23,2564841
SHY,2026-05-08,82.33,82.33,82.29,82.3,1597900
SHY,2026-05-11,82.28,82.29,82.22,82.22,1693984
SHY,2026-05-12,82.18,82.18,82.15,82.16,3292279
SHY,2026-05-13,82.18,82.2,82.14,82.19,2667479
SHY,2026-05-14,82.22,82.23,82.15,82.16,2185576
SHY,2026-05-15,82.091,82.1,82.06,82.06,3543592
SHY,2026-05-18,82.11,82.14,82.06,82.1,3800959
SHY,2026-05-19,82.04,82.07,82.0,82.04,3046904
SHY,2026-05-20,82.04,82.19,82.04,82.15,6896837
SHY,2026-05-21,82.07,82.1599,82.05,82.14,5047294
SHY,2026-05-22,82.17,82.175,82.055,82.12,2722348
SHY,2026-05-26,82.2,82.21,82.16,82.21,2783587
SHY,2026-05-27,82.22,82.24,82.21,82.22,2002423
SHY,2026-05-28,82.22,82.295,82.21,82.26,2578905
SHY,2026-05-29,82.3,82.33,82.28,82.3,2521444
SHY,2026-06-01,81.975,82.02,81.94,82.01,2975918
SHY,2026-06-02,82.04,82.04,82.0,82.01,1890906
SHY,2026-06-03,81.97,81.99,81.95,81.97,3261732
SHY,2026-06-04,82.05,82.06,82.02,82.03,3010561
SHY,2026-06-05,81.92,81.93,81.86,81.86,5008142
SHY,2026-06-08,81.93,81.95,81.89,81.9,5010199
SHY,2026-06-09,81.94,81.98,81.92,81.94,3242449
SHY,2026-06-10,81.97,81.99,81.935,81.94,3446573
SHY,2026-06-11,81.96,82.1,81.94,82.09,4527991
SHY,2026-06-12,82.07,82.085,82.0303,82.07,3967427
SHY,2026-06-15,82.14,82.15,82.09,82.11,3625922
SHY,2026-06-16,82.1,82.15,82.09,82.125,1766847
SHY,2026-06-17,82.11,82.13,81.88,81.88,5236627
SHY,2026-06-18,81.99,82.04,81.98,81.99,3044203
SHY,2026-06-22,81.93,81.95,81.91,81.91,2502149
SHY,2026-06-23,81.97,82.0,81.97,81.97,6606785
SHY,2026-06-24,82.048,82.0899,82.04,82.07,3660404
SHY,2026-06-25,82.11,82.15,82.09,82.09,4011969
SHY,2026-06-26,82.16,82.21,82.16,82.19,2949017
SHY,2026-06-29,82.17,82.17,82.14,82.17,2234617
SHY,2026-06-30,82.15,82.15,82.1,82.11,3358822
SHY,2026-07-01,81.86,81.9,81.83,81.84,3433657
SHY,2026-07-02,81.93,81.9699,81.92,81.94,3507924
SHY,2026-07-06,81.96,81.98,81.94,81.98,5755716
SHY,2026-07-07,81.94,81.95,81.86,81.86,3199616
SHY,2026-07-08,81.86,81.86,81.81,81.84,2179344
SHY,2026-07-09,81.89,81.94,81.8801,81.91,2645963
SHY,2026-07-10,81.91,81.93,81.88,81.88,2173895
SHY,2026-07-13,81.87,81.87,81.79,81.79,2808922
SHY,2026-07-14,81.93,81.965,81.89,81.93,2767062
SHY,2026-07-15,81.97,82.03,81.965,82.0,5041125
SHY,2026-07-16,81.98,82.0,81.9616,82.0,2730721
SHY,2026-07-17,82.06,82.09,81.99,81.99,4355356
SHY,2026-07-20,81.99,81.99,81.92,81.955,2909639
SHY,2026-07-21,81.92,81.93,81.88,81.89,1845259
SHY,2026-07-22,81.89,81.89,81.83,81.83,3168440
SHY,2026-07-23,81.78,81.79,81.76,81.77,3129389
SHY,2026-07-24,81.82,81.87,81.81,81.85,2982796
SHY,2026-07-27,81.86,81.89,81.845,81.87,3071597
SHY,2026-07-28,81.91,81.97,81.9,81.94,2955597
SHY,2026-07-29,81.9,82.03,81.86,81.99,4820725
SHY,2026-07-30,82.02,82.04,82.0,82.01,3451880
SHY,2026-07-31,81.965,82.0,81.94,82.0,3142342
SHY,2026-08-03,81.78,81.78,81.75,81.77,4866893
SHY,2026-08-04,81.855,81.8796,81.85,81.87,5719102
SHY,2026-08-05,81.85,81.9,81.84,81.9,5430191
SHY,2026-08-06,81.86,81.86,81.8,81.8,4636179
SHY,2026-08-07,81.94,81.94,81.89,81.92,2939607
SHY,2026-08-10,81.88,81.88,81.85,81.855,1629200
SHY,2026-08-11,81.89,81.9096,81.87,81.87,2541614
SHY,2026-08-12,81.965,81.97,81.92,81.92,1930758
,2026-08-13,82.01,82.05,82.01,82.03,1700609
,2026-08-14,82.07,82.08,82.0,82.0,1945729
,2026-08-17,82.01,82.04,82.0,82.0,2912585
,2026-08-18,82.0,82.04,81.9801,82.02,2401995
,2026-08-19,82.04,82.06,81.99,82.06,6417350
,2026-08-20,82.01,82.04,82.0001,82.02,2248570
,2026-08-21,82.02,82.03,81.975,82.0,2088812
,2026-08-24,82.0,82.02,81.99,81.995,3587874
,2026-08-25,82.04,82.1,82.04,82.08,1972074
,2026-08-26,82.06,82.06,82.03,82.05,5500594
,2026-08-27,82.06,82.07,82.03,82.035,3800159
,2026-08-28,82.05,82.085,81.88,81.89,5755814
,2026-08-31,81.92,81.92,81.89,81.89,4603990
,2026-09-01,81.62,81.66,81.59,81.59,9411162
