symbol,date,open,high,low,close,volume
USDCHF,2006-07-31,1.2338,1.2348,1.2282,1.231,14731
USDCHF,2006-08-01,1.231,1.2368,1.2255,1.2258,16364
USDCHF,2006-08-02,1.2258,1.2324,1.2255,1.2308,14231
USDCHF,2006-08-03,1.2308,1.2354,1.2267,1.2309,13506
USDCHF,2006-08-04,1.2309,1.2346,1.2192,1.2222,11489
USDCHF,2006-08-07,1.2222,1.2271,1.2203,1.2253,15426
USDCHF,2006-08-08,1.2253,1.2286,1.2201,1.2256,15557
USDCHF,2006-08-09,1.2256,1.2332,1.2208,1.2264,16561
USDCHF,2006-08-10,1.2264,1.2386,1.2193,1.2337,14824
USDCHF,2006-08-11,1.2337,1.2437,1.2333,1.2424,13991
USDCHF,2006-08-14,1.2424,1.2438,1.2374,1.2421,11074
USDCHF,2006-08-15,1.2421,1.2445,1.2341,1.2368,13642
USDCHF,2006-08-16,1.2368,1.2381,1.226,1.2298,12388
USDCHF,2006-08-17,1.2298,1.2346,1.2238,1.2327,13492
USDCHF,2006-08-18,1.2327,1.2381,1.2293,1.2327,10947
USDCHF,2006-08-21,1.2327,1.2335,1.2183,1.2245,11568
USDCHF,2006-08-22,1.2245,1.2365,1.2238,1.234,10058
USDCHF,2006-08-23,1.234,1.237,1.229,1.2351,11348
USDCHF,2006-08-24,1.2351,1.24,1.2308,1.2388,11111
USDCHF,2006-08-25,1.2388,1.2424,1.2356,1.2391,10555
USDCHF,2006-08-28,1.2391,1.2397,1.2324,1.237,13176
USDCHF,2006-08-29,1.237,1.238,1.2271,1.2289,14325
USDCHF,2006-08-30,1.2289,1.231,1.2265,1.2274,13253
USDCHF,2006-08-31,1.2274,1.2344,1.2228,1.2302,14164
USDCHF,2006-09-01,1.2302,1.2388,1.2284,1.2301,11905
USDCHF,2006-09-04,1.2301,1.2308,1.2275,1.2281,7801
USDCHF,2006-09-05,1.2281,1.2367,1.2279,1.2337,11862
USDCHF,2006-09-06,1.2337,1.2403,1.2324,1.2352,15322
USDCHF,2006-09-07,1.2352,1.2463,1.2326,1.2426,16267
USDCHF,2006-09-08,1.2426,1.2507,1.2421,1.2466,10621
USDCHF,2006-09-11,1.2466,1.25,1.2395,1.2446,11855
USDCHF,2006-09-12,1.2446,1.2518,1.2402,1.2506,12497
USDCHF,2006-09-13,1.2506,1.2549,1.2479,1.2509,11103
USDCHF,2006-09-14,1.2509,1.2526,1.2435,1.2516,8643
USDCHF,2006-09-15,1.2516,1.2623,1.2512,1.256,11035
USDCHF,2006-09-18,1.256,1.2585,1.25,1.2502,14016
USDCHF,2006-09-19,1.2502,1.2573,1.2483,1.2513,13705
USDCHF,2006-09-20,1.2513,1.2534,1.2461,1.2517,14320
USDCHF,2006-09-21,1.2517,1.2541,1.2415,1.2425,15848
USDCHF,2006-09-22,1.2425,1.2431,1.2321,1.2352,11737
USDCHF,2006-09-25,1.2352,1.2395,1.2289,1.2387,17407
USDCHF,2006-09-26,1.2387,1.2467,1.2369,1.2433,16952
USDCHF,2006-09-27,1.2433,1.2474,1.2415,1.2442,17606
USDCHF,2006-09-28,1.2442,1.249,1.2419,1.247,15751
USDCHF,2006-09-29,1.247,1.2569,1.2458,1.2502,13285
USDCHF,2006-10-02,1.2502,1.2525,1.2404,1.2432,9655
USDCHF,2006-10-03,1.2432,1.2466,1.2421,1.2452,10165
USDCHF,2006-10-04,1.2452,1.2544,1.2448,1.2486,12286
USDCHF,2006-10-05,1.2486,1.2548,1.2477,1.2519,12426
USDCHF,2006-10-06,1.2519,1.2634,1.2489,1.261,11506
USDCHF,2006-10-09,1.261,1.2621,1.259,1.2619,11703
USDCHF,2006-10-10,1.2619,1.2706,1.2599,1.2697,11049
USDCHF,2006-10-11,1.2697,1.2743,1.2688,1.2725,12670
USDCHF,2006-10-12,1.2725,1.2733,1.2677,1.2687,12957
USDCHF,2006-10-13,1.2687,1.277,1.2665,1.2735,12085
USDCHF,2006-10-16,1.2735,1.2754,1.2692,1.2706,11467
USDCHF,2006-10-17,1.2706,1.2711,1.2639,1.2681,11716
USDCHF,2006-10-18,1.2681,1.2741,1.2656,1.2702,10793
USDCHF,2006-10-19,1.2702,1.2705,1.2547,1.2575,9971
USDCHF,2006-10-20,1.2575,1.2602,1.2556,1.2587,9623
USDCHF,2006-10-23,1.2587,1.2688,1.2572,1.2664,8776
USDCHF,2006-10-24,1.2664,1.2704,1.2642,1.2666,9961
USDCHF,2006-10-25,1.2666,1.2673,1.2624,1.265,10303
USDCHF,2006-10-26,1.265,1.2655,1.2521,1.2534,10289
USDCHF,2006-10-27,1.2534,1.2571,1.2468,1.2483,10003
USDCHF,2006-10-30,1.2483,1.2507,1.247,1.2482,9038
USDCHF,2006-10-31,1.2482,1.2529,1.2413,1.2439,11174
USDCHF,2006-11-01,1.2439,1.246,1.2404,1.2455,8418
USDCHF,2006-11-02,1.2455,1.2477,1.2431,1.2451,9216
USDCHF,2006-11-03,1.2451,1.257,1.2445,1.2534,8708
USDCHF,2006-11-06,1.2534,1.2579,1.2526,1.2555,8696
USDCHF,2006-11-07,1.2555,1.2557,1.2439,1.2495,8796
USDCHF,2006-11-08,1.2495,1.2524,1.2451,1.2511,6473
USDCHF,2006-11-09,1.2511,1.252,1.2403,1.243,7834
USDCHF,2006-11-10,1.243,1.2431,1.2347,1.2409,8092
USDCHF,2006-11-13,1.2409,1.2459,1.2358,1.2448,6388
USDCHF,2006-11-14,1.2448,1.2471,1.2385,1.2433,7582
USDCHF,2006-11-15,1.2433,1.2521,1.243,1.2457,7434
USDCHF,2006-11-16,1.2457,1.2492,1.2441,1.2479,6894
USDCHF,2006-11-17,1.2479,1.2538,1.2421,1.2441,7415
USDCHF,2006-11-20,1.2441,1.2449,1.2397,1.2437,6803
USDCHF,2006-11-21,1.2437,1.2451,1.2397,1.241,6279
USDCHF,2006-11-22,1.241,1.2412,1.2254,1.2263,8313
USDCHF,2006-11-23,1.2263,1.2281,1.2207,1.2246,6263
USDCHF,2006-11-24,1.2246,1.2247,1.2072,1.209,8054
USDCHF,2006-11-27,1.209,1.2109,1.2017,1.2064,9461
USDCHF,2006-11-28,1.2064,1.2092,1.2015,1.2027,11262
USDCHF,2006-11-29,1.2027,1.2117,1.2012,1.2097,9605
USDCHF,2006-11-30,1.2097,1.2105,1.1957,1.1978,9679
USDCHF,2006-12-01,1.1978,1.2007,1.1899,1.1931,9928
USDCHF,2006-12-04,1.1931,1.1989,1.1904,1.1929,8197
USDCHF,2006-12-05,1.1929,1.1966,1.1879,1.1923,8880
USDCHF,2006-12-06,1.1923,1.1987,1.1907,1.1958,7885
USDCHF,2006-12-07,1.1958,1.1969,1.1915,1.1952,7859
USDCHF,2006-12-08,1.1952,1.2059,1.1882,1.2044,9592
USDCHF,2006-12-11,1.2044,1.2098,1.2,1.2028,9009
USDCHF,2006-12-12,1.2028,1.2055,1.1983,1.1994,9456
USDCHF,2006-12-13,1.1994,1.2082,1.1989,1.2062,8418
USDCHF,2006-12-14,1.2062,1.2159,1.2026,1.2146,9295
USDCHF,2006-12-15,1.2146,1.2231,1.2116,1.2212,11634
USDCHF,2006-12-18,1.2212,1.2268,1.2185,1.2224,8492
USDCHF,2006-12-19,1.2224,1.223,1.2117,1.214,10394
USDCHF,2006-12-20,1.214,1.2193,1.2111,1.2178,8707
USDCHF,2006-12-21,1.2178,1.2203,1.2138,1.2164,8519
USDCHF,2006-12-22,1.2164,1.2224,1.2117,1.2184,9503
USDCHF,2006-12-25,1.2196,1.2233,1.2128,1.2196,0
USDCHF,2006-12-26,1.2184,1.2236,1.2182,1.2231,2561
USDCHF,2006-12-27,1.2231,1.2267,1.2161,1.2266,9057
USDCHF,2006-12-28,1.2266,1.2272,1.2168,1.2216,8820
USDCHF,2006-12-29,1.2216,1.2226,1.2182,1.2183,7990
USDCHF,2007-01-01,1.2188,1.2199,1.2164,1.2166,0
USDCHF,2007-01-02,1.2183,1.2184,1.2111,1.2136,6331
USDCHF,2007-01-03,1.2136,1.2296,1.2121,1.226,10630
USDCHF,2007-01-04,1.226,1.2333,1.224,1.2328,10278
USDCHF,2007-01-05,1.2328,1.2394,1.2272,1.2359,10152
USDCHF,2007-01-08,1.2359,1.2411,1.2332,1.2363,7819
USDCHF,2007-01-09,1.2363,1.2431,1.2338,1.2411,8409
USDCHF,2007-01-10,1.2411,1.2478,1.2401,1.2463,9540
USDCHF,2007-01-11,1.2463,1.2506,1.2409,1.2494,11316
USDCHF,2007-01-12,1.2494,1.2527,1.2446,1.2476,9776
USDCHF,2007-01-15,1.2476,1.2496,1.2444,1.2485,5580
USDCHF,2007-01-16,1.2485,1.2499,1.2417,1.248,9115
USDCHF,2007-01-17,1.248,1.2515,1.2452,1.2472,8453
USDCHF,2007-01-18,1.2472,1.2547,1.2431,1.2468,10871
USDCHF,2007-01-19,1.2468,1.2529,1.245,1.2477,8702
USDCHF,2007-01-22,1.2477,1.2527,1.247,1.2489,6234
USDCHF,2007-01-23,1.2489,1.2516,1.2375,1.2424,9372
USDCHF,2007-01-24,1.2424,1.2498,1.2413,1.2476,11093
USDCHF,2007-01-25,1.2476,1.2498,1.2423,1.2485,10648
USDCHF,2007-01-26,1.2485,1.2577,1.2475,1.2534,10238
USDCHF,2007-01-29,1.2534,1.2562,1.2511,1.2531,6762
USDCHF,2007-01-30,1.2531,1.2545,1.2499,1.2511,8575
USDCHF,2007-01-31,1.2511,1.2572,1.2428,1.244,11048
USDCHF,2007-02-01,1.244,1.246,1.2389,1.2433,9519
USDCHF,2007-02-02,1.2433,1.2495,1.2376,1.2472,9786
USDCHF,2007-02-05,1.2472,1.2519,1.2468,1.2484,7287
USDCHF,2007-02-06,1.2484,1.2497,1.2387,1.2397,7651
USDCHF,2007-02-07,1.2397,1.2424,1.238,1.2412,7370
USDCHF,2007-02-08,1.2412,1.2511,1.2401,1.2457,8799
USDCHF,2007-02-09,1.2457,1.2522,1.2453,1.2484,7514
USDCHF,2007-02-12,1.2484,1.2551,1.2459,1.2534,7780
USDCHF,2007-02-13,1.2534,1.2538,1.2442,1.2467,7993
USDCHF,2007-02-14,1.2467,1.2476,1.2368,1.2397,10011
USDCHF,2007-02-15,1.2397,1.2408,1.233,1.2344,11352
USDCHF,2007-02-16,1.2344,1.2384,1.2334,1.2343,8309
USDCHF,2007-02-19,1.2327,1.2352,1.2314,1.2324,5772
USDCHF,2007-02-20,1.2324,1.2393,1.2312,1.2364,7253
USDCHF,2007-02-21,1.2364,1.2414,1.2339,1.2378,9124
USDCHF,2007-02-22,1.2378,1.2437,1.2371,1.2379,8259
USDCHF,2007-02-23,1.2379,1.2411,1.2295,1.2329,7154
USDCHF,2007-02-26,1.2329,1.2333,1.2287,1.2299,6319
USDCHF,2007-02-27,1.2299,1.2307,1.2143,1.2173,11460
USDCHF,2007-02-28,1.2173,1.2243,1.2169,1.2194,10184
USDCHF,2007-03-01,1.2194,1.2237,1.2147,1.2216,12030
USDCHF,2007-03-02,1.2216,1.2262,1.2145,1.2164,9504
USDCHF,2007-03-05,1.2164,1.2243,1.2109,1.2206,13710
USDCHF,2007-03-06,1.2206,1.2255,1.2193,1.2231,9458
USDCHF,2007-03-07,1.2231,1.2249,1.2165,1.2172,7864
USDCHF,2007-03-08,1.2172,1.2295,1.2158,1.2275,9523
USDCHF,2007-03-09,1.2275,1.2355,1.2257,1.234,7568
USDCHF,2007-03-12,1.234,1.2351,1.2235,1.2245,8184
USDCHF,2007-03-13,1.2245,1.226,1.2167,1.2176,10538
USDCHF,2007-03-14,1.2176,1.2199,1.2103,1.2164,11999
USDCHF,2007-03-15,1.2164,1.2216,1.2134,1.2173,11011
USDCHF,2007-03-16,1.2173,1.2174,1.203,1.2078,12706
USDCHF,2007-03-19,1.2078,1.2147,1.2046,1.2121,7770
USDCHF,2007-03-20,1.2121,1.2161,1.2108,1.2116,9195
USDCHF,2007-03-21,1.2116,1.2166,1.2085,1.2096,7559
USDCHF,2007-03-22,1.2096,1.2182,1.2075,1.2142,8782
USDCHF,2007-03-23,1.2142,1.219,1.2112,1.2181,6997
USDCHF,2007-03-26,1.2181,1.2228,1.2117,1.2155,8243
USDCHF,2007-03-27,1.2155,1.2168,1.2116,1.2129,6908
USDCHF,2007-03-28,1.2129,1.2179,1.2083,1.2162,10714
USDCHF,2007-03-29,1.2162,1.2188,1.2136,1.2174,7493
USDCHF,2007-03-30,1.2174,1.224,1.2083,1.2148,10342
USDCHF,2007-04-02,1.2148,1.2174,1.2118,1.2153,7453
USDCHF,2007-04-03,1.2153,1.2232,1.2145,1.2224,7296
USDCHF,2007-04-04,1.2224,1.2232,1.2173,1.2198,7888
USDCHF,2007-04-05,1.2198,1.2212,1.2123,1.215,6329
USDCHF,2007-04-06,1.215,1.2228,1.2147,1.2215,5176
USDCHF,2007-04-09,1.2215,1.2283,1.221,1.2267,4469
USDCHF,2007-04-10,1.2267,1.227,1.2143,1.2165,7980
USDCHF,2007-04-11,1.2165,1.2226,1.2163,1.2206,7370
USDCHF,2007-04-12,1.2206,1.2246,1.2132,1.217,7964
USDCHF,2007-04-13,1.217,1.2189,1.2068,1.2142,9505
USDCHF,2007-04-16,1.2128,1.2147,1.2114,1.2142,7130
USDCHF,2007-04-17,1.2142,1.2151,1.2065,1.2085,7738
USDCHF,2007-04-18,1.2085,1.2091,1.2025,1.2037,7697
USDCHF,2007-04-19,1.2037,1.2063,1.2001,1.2044,9135
USDCHF,2007-04-20,1.2044,1.2091,1.2037,1.2078,6036
USDCHF,2007-04-23,1.2078,1.2127,1.2054,1.2096,6447
USDCHF,2007-04-24,1.2096,1.2105,1.2007,1.2014,7989
USDCHF,2007-04-25,1.2014,1.2058,1.1994,1.2045,8071
USDCHF,2007-04-26,1.2045,1.21,1.2031,1.2086,8203
USDCHF,2007-04-27,1.2086,1.2106,1.1996,1.2051,7223
USDCHF,2007-04-30,1.2051,1.2104,1.203,1.2072,7652
USDCHF,2007-05-01,1.2072,1.2164,1.2051,1.2144,8890
USDCHF,2007-05-02,1.2144,1.2189,1.2117,1.2136,7643
USDCHF,2007-05-03,1.2136,1.2171,1.2093,1.2159,6986
USDCHF,2007-05-04,1.2159,1.2165,1.2099,1.2111,7477
USDCHF,2007-05-07,1.2111,1.2118,1.2083,1.2111,4350
USDCHF,2007-05-08,1.2111,1.2196,1.2103,1.2182,6636
USDCHF,2007-05-09,1.2182,1.2193,1.2141,1.2186,6411
USDCHF,2007-05-10,1.2186,1.2223,1.2159,1.2199,8747
USDCHF,2007-05-11,1.2199,1.2213,1.2167,1.2183,6866
USDCHF,2007-05-14,1.2183,1.2207,1.2168,1.219,5422
USDCHF,2007-05-15,1.219,1.2203,1.2126,1.2153,7037
USDCHF,2007-05-16,1.2153,1.2247,1.2139,1.2235,7218
USDCHF,2007-05-17,1.2235,1.2282,1.2196,1.227,6224
USDCHF,2007-05-18,1.227,1.2281,1.2244,1.227,6487
USDCHF,2007-05-21,1.227,1.2332,1.2263,1.2305,6416
USDCHF,2007-05-22,1.2305,1.2329,1.2282,1.2298,5297
USDCHF,2007-05-23,1.2298,1.2312,1.224,1.2275,7420
USDCHF,2007-05-24,1.2275,1.2315,1.2265,1.2278,7064
USDCHF,2007-05-25,1.2278,1.2294,1.2256,1.2275,6474
USDCHF,2007-05-28,1.2275,1.2288,1.2265,1.2286,2427
USDCHF,2007-05-29,1.2286,1.2307,1.22,1.2254,8221
USDCHF,2007-05-30,1.2254,1.2279,1.2237,1.2255,6542
USDCHF,2007-05-31,1.2255,1.2271,1.2229,1.2252,6742
USDCHF,2007-06-01,1.2252,1.2329,1.2247,1.2297,7512
USDCHF,2007-06-04,1.2297,1.2307,1.2216,1.2234,6781
USDCHF,2007-06-05,1.2234,1.2242,1.2162,1.2178,7379
USDCHF,2007-06-06,1.2178,1.2189,1.2147,1.2162,7370
USDCHF,2007-06-07,1.2162,1.2267,1.2159,1.2239,8655
USDCHF,2007-06-08,1.2239,1.2366,1.2235,1.2358,9270
USDCHF,2007-06-11,1.2358,1.2401,1.2347,1.238,5713
USDCHF,2007-06-12,1.238,1.243,1.2373,1.2424,5877
USDCHF,2007-06-13,1.2424,1.2469,1.2415,1.2444,9002
USDCHF,2007-06-14,1.2444,1.2468,1.2432,1.2461,6338
USDCHF,2007-06-15,1.2461,1.2465,1.241,1.2424,5568
USDCHF,2007-06-18,1.2424,1.2425,1.2387,1.2419,5498
USDCHF,2007-06-19,1.2419,1.2427,1.2391,1.2406,6022
USDCHF,2007-06-20,1.2406,1.2408,1.2355,1.2372,6635
USDCHF,2007-06-21,1.2372,1.2427,1.2369,1.2416,6771
USDCHF,2007-06-22,1.2416,1.2424,1.2284,1.2285,7813
USDCHF,2007-06-25,1.2285,1.2312,1.2271,1.2284,6849
USDCHF,2007-06-26,1.2284,1.2308,1.226,1.2279,6858
USDCHF,2007-06-27,1.2279,1.2304,1.2273,1.2292,7103
USDCHF,2007-06-28,1.2292,1.2342,1.2267,1.2311,7642
USDCHF,2007-06-29,1.2311,1.2334,1.2208,1.2212,7769
USDCHF,2007-07-02,1.2212,1.2226,1.2095,1.2107,7703
USDCHF,2007-07-03,1.2107,1.2178,1.209,1.2157,6098
USDCHF,2007-07-04,1.2157,1.2169,1.2145,1.2163,3071
USDCHF,2007-07-05,1.2163,1.2199,1.2101,1.2172,6579
USDCHF,2007-07-06,1.2172,1.2233,1.2162,1.218,6348
USDCHF,2007-07-09,1.2173,1.2192,1.2154,1.2166,4492
USDCHF,2007-07-10,1.2166,1.2194,1.2019,1.2019,8470
USDCHF,2007-07-11,1.2019,1.2067,1.1993,1.2063,9717
USDCHF,2007-07-12,1.2063,1.2067,1.2005,1.2029,7654
USDCHF,2007-07-13,1.2029,1.2055,1.1985,1.203,6467
USDCHF,2007-07-16,1.2018,1.2037,1.1994,1.2034,5592
USDCHF,2007-07-17,1.2034,1.2038,1.1975,1.2027,6773
USDCHF,2007-07-18,1.2027,1.205,1.1961,1.2008,9648
USDCHF,2007-07-19,1.2008,1.2052,1.1986,1.2033,7721
USDCHF,2007-07-20,1.2033,1.2066,1.1982,1.2002,8440
USDCHF,2007-07-23,1.2008,1.2079,1.1983,1.2058,5938
USDCHF,2007-07-24,1.2058,1.2076,1.2012,1.2028,7293
USDCHF,2007-07-25,1.2028,1.2165,1.2021,1.2132,8943
USDCHF,2007-07-26,1.2132,1.215,1.202,1.2037,8972
USDCHF,2007-07-27,1.2037,1.2133,1.2023,1.2088,11546
USDCHF,2007-07-30,1.2086,1.2099,1.2007,1.2028,9446
USDCHF,2007-07-31,1.2028,1.2065,1.2005,1.201,9057
USDCHF,2007-08-01,1.201,1.2051,1.1979,1.2043,11005
USDCHF,2007-08-02,1.2043,1.2084,1.2024,1.2045,7838
USDCHF,2007-08-03,1.2045,1.2071,1.1867,1.1886,8410
USDCHF,2007-08-06,1.1857,1.1926,1.1815,1.1916,9781
USDCHF,2007-08-07,1.1916,1.1985,1.1893,1.1972,7749
USDCHF,2007-08-08,1.1972,1.1995,1.1913,1.1964,8353
USDCHF,2007-08-09,1.1964,1.1994,1.192,1.1963,10435
USDCHF,2007-08-10,1.1963,1.2017,1.193,1.1987,11135
USDCHF,2007-08-13,1.1985,1.2065,1.1973,1.2053,9209
USDCHF,2007-08-14,1.2053,1.2118,1.2029,1.211,10052
USDCHF,2007-08-15,1.211,1.2198,1.2103,1.2191,10413
USDCHF,2007-08-16,1.2191,1.2214,1.2133,1.2163,18064
USDCHF,2007-08-17,1.2163,1.2179,1.1994,1.2052,19002
USDCHF,2007-08-20,1.2064,1.2089,1.2049,1.2057,8750
USDCHF,2007-08-21,1.2057,1.2083,1.2012,1.2061,9476
USDCHF,2007-08-22,1.2061,1.2111,1.2041,1.2063,8076
USDCHF,2007-08-23,1.2063,1.2106,1.2048,1.2072,9093
USDCHF,2007-08-24,1.2072,1.2077,1.1993,1.2015,8749
USDCHF,2007-08-27,1.2003,1.2047,1.2,1.2028,5043
USDCHF,2007-08-28,1.2028,1.2041,1.1961,1.2004,8204
USDCHF,2007-08-29,1.2004,1.2039,1.1983,1.1997,8518
USDCHF,2007-08-30,1.1997,1.2067,1.1987,1.2047,9071
USDCHF,2007-08-31,1.2047,1.2089,1.1989,1.2088,9763
USDCHF,2007-09-03,1.2081,1.21,1.2061,1.2081,4413
USDCHF,2007-09-04,1.2081,1.2151,1.2075,1.2125,7601
USDCHF,2007-09-05,1.2125,1.2138,1.2022,1.204,8115
USDCHF,2007-09-06,1.204,1.2063,1.1993,1.2013,8179
USDCHF,2007-09-07,1.2013,1.2026,1.1861,1.1886,8810
USDCHF,2007-09-10,1.1875,1.1879,1.184,1.1864,8774
USDCHF,2007-09-11,1.1864,1.1899,1.18379,1.1888,17843
USDCHF,2007-09-12,1.1888,1.1896,1.1818,1.1848,15194
USDCHF,2007-09-13,1.1848,1.18891,1.18015,1.1859,17009
USDCHF,2007-09-14,1.1859,1.1923,1.1839,1.18887,20827
USDCHF,2007-09-17,1.1895,1.1899,1.18482,1.1869,15256
USDCHF,2007-09-18,1.1869,1.18951,1.18048,1.1813,17628
USDCHF,2007-09-19,1.1813,1.1879,1.17938,1.18412,23141
USDCHF,2007-09-20,1.18412,1.18445,1.16866,1.17243,24873
USDCHF,2007-09-21,1.17243,1.1772,1.1678,1.17196,18443
USDCHF,2007-09-24,1.17172,1.1757,1.16867,1.17252,17935
USDCHF,2007-09-25,1.17252,1.17465,1.1638,1.16632,20670
USDCHF,2007-09-26,1.16632,1.172,1.16447,1.1705,20230
USDCHF,2007-09-27,1.1705,1.17407,1.1677,1.1737,21565
USDCHF,2007-09-28,1.1737,1.1739,1.1625,1.16414,22575
USDCHF,2007-10-01,1.1623,1.1719,1.16221,1.1684,22731
USDCHF,2007-10-02,1.1684,1.1779,1.16764,1.17484,18789
USDCHF,2007-10-03,1.17484,1.1809,1.17126,1.1805,19713
USDCHF,2007-10-04,1.1805,1.1814,1.1738,1.17445,19828
USDCHF,2007-10-05,1.17445,1.1853,1.1742,1.17817,16269
USDCHF,2007-10-08,1.17669,1.187,1.17595,1.1863,17245
USDCHF,2007-10-09,1.1863,1.1894,1.1825,1.1832,20310
USDCHF,2007-10-10,1.1832,1.18457,1.1786,1.18303,19522
USDCHF,2007-10-11,1.18303,1.18453,1.177,1.18196,26048
USDCHF,2007-10-12,1.18196,1.1879,1.1805,1.18438,23133
USDCHF,2007-10-15,1.1846,1.1859,1.17794,1.18074,17910
USDCHF,2007-10-16,1.18074,1.1845,1.1788,1.18242,23282
USDCHF,2007-10-17,1.18242,1.1834,1.1778,1.18004,25211
USDCHF,2007-10-18,1.18004,1.18041,1.1662,1.16959,25979
USDCHF,2007-10-19,1.16959,1.1736,1.16569,1.1673,24146
USDCHF,2007-10-22,1.16302,1.17858,1.16009,1.17766,36990
USDCHF,2007-10-23,1.17766,1.1784,1.17026,1.17311,30218
USDCHF,2007-10-24,1.17311,1.1775,1.1709,1.1718,30472
USDCHF,2007-10-25,1.1718,1.17344,1.1635,1.16571,22812
USDCHF,2007-10-26,1.16571,1.16643,1.162,1.164,18723
USDCHF,2007-10-29,1.1622,1.1671,1.16068,1.16441,18423
USDCHF,2007-10-30,1.16441,1.1671,1.1582,1.1586,18945
USDCHF,2007-10-31,1.1586,1.1627,1.1556,1.15794,22871
USDCHF,2007-11-01,1.15794,1.1639,1.1556,1.15817,25796
USDCHF,2007-11-02,1.15817,1.15866,1.1492,1.1531,19903
USDCHF,2007-11-05,1.153,1.1558,1.15085,1.1537,17364
USDCHF,2007-11-06,1.1537,1.15411,1.1422,1.1445,18169
USDCHF,2007-11-07,1.1445,1.1449,1.1257,1.13335,27541
USDCHF,2007-11-08,1.13335,1.1343,1.1253,1.1277,27393
USDCHF,2007-11-09,1.1277,1.12781,1.1188,1.12314,31906
USDCHF,2007-11-12,1.1222,1.13,1.1217,1.12852,24073
USDCHF,2007-11-13,1.12852,1.1297,1.1228,1.12753,24310
USDCHF,2007-11-14,1.12753,1.12755,1.1177,1.12404,25435
USDCHF,2007-11-15,1.12404,1.1262,1.12,1.1225,26668
USDCHF,2007-11-16,1.1225,1.1247,1.11594,1.1192,19068
USDCHF,2007-11-19,1.1169,1.1202,1.115,1.11501,18825
USDCHF,2007-11-20,1.11501,1.1174,1.10544,1.1056,23850
USDCHF,2007-11-21,1.1056,1.108,1.10146,1.10161,23874
USDCHF,2007-11-22,1.10161,1.104,1.10046,1.101,14595
USDCHF,2007-11-23,1.101,1.1049,1.08841,1.10205,17564
USDCHF,2007-11-26,1.1034,1.1071,1.09555,1.09684,26833
USDCHF,2007-11-27,1.09684,1.1069,1.0961,1.1051,27950
USDCHF,2007-11-28,1.1051,1.11953,1.1041,1.1107,28564
USDCHF,2007-11-29,1.1107,1.1209,1.11039,1.11775,27234
USDCHF,2007-11-30,1.11775,1.13242,1.116,1.1324,24806
USDCHF,2007-12-03,1.1305,1.13096,1.1251,1.1272,20134
USDCHF,2007-12-04,1.1272,1.1319,1.1161,1.1166,25988
USDCHF,2007-12-05,1.1166,1.1287,1.1154,1.1273,22946
USDCHF,2007-12-06,1.1273,1.1353,1.1265,1.1296,23454
USDCHF,2007-12-07,1.1296,1.13323,1.1277,1.1284,22448
USDCHF,2007-12-10,1.12788,1.1302,1.1235,1.1281,17561
USDCHF,2007-12-11,1.1281,1.13626,1.12544,1.13074,21450
USDCHF,2007-12-12,1.13074,1.14021,1.12742,1.1346,25527
USDCHF,2007-12-13,1.1346,1.14521,1.1298,1.141,25209
USDCHF,2007-12-14,1.141,1.15471,1.14019,1.1525,36165
USDCHF,2007-12-17,1.1559,1.15746,1.14789,1.1489,34252
USDCHF,2007-12-18,1.1489,1.15354,1.14833,1.15164,31725
USDCHF,2007-12-19,1.15164,1.1587,1.15117,1.15521,31448
USDCHF,2007-12-20,1.15521,1.15913,1.1542,1.15805,29721
USDCHF,2007-12-21,1.15805,1.1595,1.1514,1.1565,23409
USDCHF,2007-12-24,1.1558,1.1579,1.1539,1.15694,8221
USDCHF,2007-12-25,1.1564,1.1622,1.141,1.1586,0
USDCHF,2007-12-26,1.15694,1.15862,1.15694,1.15841,50
USDCHF,2007-12-27,1.15841,1.15841,1.1373,1.13898,14134
USDCHF,2007-12-28,1.13898,1.1413,1.12601,1.1269,19616
USDCHF,2007-12-31,1.128,1.13472,1.12255,1.13329,14436
USDCHF,2008-01-01,1.1326,1.1357,1.131,1.1313,0
USDCHF,2008-01-02,1.13329,1.13329,1.1148,1.1194,24416
USDCHF,2008-01-03,1.1194,1.12013,1.1105,1.11072,34939
USDCHF,2008-01-04,1.11072,1.11627,1.10192,1.10664,32750
USDCHF,2008-01-07,1.10738,1.1191,1.1066,1.11627,32221
USDCHF,2008-01-08,1.11627,1.11902,1.11184,1.1124,26803
USDCHF,2008-01-09,1.1124,1.1171,1.1104,1.1165,23273
USDCHF,2008-01-10,1.1165,1.11726,1.10043,1.10339,34995
USDCHF,2008-01-11,1.10339,1.10485,1.09769,1.1016,29218
USDCHF,2008-01-14,1.10084,1.1012,1.0886,1.093,22060
USDCHF,2008-01-15,1.093,1.0945,1.0854,1.0928,27862
USDCHF,2008-01-16,1.0928,1.1024,1.08375,1.10039,40321
USDCHF,2008-01-17,1.10039,1.1087,1.09535,1.1009,35804
USDCHF,2008-01-18,1.1009,1.10661,1.0982,1.0994,32433
USDCHF,2008-01-21,1.0995,1.11105,1.0992,1.10805,33088
USDCHF,2008-01-22,1.10805,1.11216,1.09475,1.0948,43542
USDCHF,2008-01-23,1.0948,1.099,1.0871,1.0914,41830
USDCHF,2008-01-24,1.0914,1.09365,1.08462,1.0878,34705
USDCHF,2008-01-25,1.0878,1.0989,1.0862,1.09722,33596
USDCHF,2008-01-28,1.09565,1.09655,1.0872,1.08915,29370
USDCHF,2008-01-29,1.08915,1.0961,1.0883,1.0936,29009
USDCHF,2008-01-30,1.0936,1.09495,1.0815,1.08325,34176
USDCHF,2008-01-31,1.08325,1.08595,1.0757,1.08168,46594
USDCHF,2008-02-01,1.08168,1.0896,1.07279,1.0889,41141
USDCHF,2008-02-04,1.08865,1.09245,1.08635,1.088,31646
USDCHF,2008-02-05,1.088,1.1057,1.08734,1.0995,41975
USDCHF,2008-02-06,1.0995,1.1004,1.0951,1.09805,35065
USDCHF,2008-02-07,1.09805,1.11035,1.0933,1.10393,46237
USDCHF,2008-02-08,1.10393,1.1081,1.1009,1.102,35755
USDCHF,2008-02-11,1.10196,1.1047,1.09465,1.1023,31558
USDCHF,2008-02-12,1.1023,1.10413,1.098,1.102,34717
USDCHF,2008-02-13,1.102,1.1107,1.10086,1.1082,34495
USDCHF,2008-02-14,1.1082,1.10975,1.09643,1.0975,37452
USDCHF,2008-02-15,1.0975,1.09865,1.0886,1.0938,37247
USDCHF,2008-02-18,1.0933,1.10463,1.0931,1.10215,27344
USDCHF,2008-02-19,1.10215,1.1025,1.09092,1.09403,38987
USDCHF,2008-02-20,1.09403,1.10255,1.09357,1.0995,41216
USDCHF,2008-02-21,1.0995,1.10333,1.0866,1.0896,42260
USDCHF,2008-02-22,1.0896,1.0917,1.08355,1.0848,37998
USDCHF,2008-02-25,1.0848,1.09295,1.0848,1.0893,31670
USDCHF,2008-02-26,1.0893,1.09185,1.07462,1.0755,44439
USDCHF,2008-02-27,1.0755,1.07635,1.06109,1.06314,49463
USDCHF,2008-02-28,1.06314,1.06444,1.04846,1.0519,44795
USDCHF,2008-02-29,1.0519,1.05265,1.0409,1.0417,51372
USDCHF,2008-03-03,1.0417,1.04574,1.0308,1.0422,43822
USDCHF,2008-03-04,1.0422,1.043,1.0336,1.03755,38145
USDCHF,2008-03-05,1.03755,1.04286,1.03347,1.03656,41307
USDCHF,2008-03-06,1.03656,1.03816,1.02135,1.02258,43930
USDCHF,2008-03-07,1.02258,1.0285,1.01325,1.02557,47942
USDCHF,2008-03-10,1.02557,1.0256,1.01716,1.01925,35196
USDCHF,2008-03-11,1.01925,1.03485,1.0148,1.0333,46937
USDCHF,2008-03-12,1.0333,1.0353,1.01275,1.01457,47769
USDCHF,2008-03-13,1.01457,1.01675,1.00442,1.0098,59977
USDCHF,2008-03-14,1.0098,1.01439,0.99724,0.99878,54708
USDCHF,2008-03-17,0.99878,0.99878,0.96455,0.9843,70219
USDCHF,2008-03-18,0.9843,1.00346,0.9785,1.0022,53241
USDCHF,2008-03-19,1.0022,1.00537,0.9868,0.99762,62566
USDCHF,2008-03-20,0.99762,1.01675,0.99525,1.0095,59272
USDCHF,2008-03-21,1.0095,1.0099,1.0049,1.008,6664
USDCHF,2008-03-24,1.008,1.025,1.008,1.0203,20670
USDCHF,2008-03-25,1.0203,1.02215,1.0039,1.005,42809
USDCHF,2008-03-26,1.005,1.0113,0.98845,0.9887,52177
USDCHF,2008-03-27,0.9887,0.9988,0.988,0.9939,57724
USDCHF,2008-03-28,0.9939,0.99968,0.9913,0.99467,56317
USDCHF,2008-03-31,0.99467,0.9993,0.9871,0.99295,44036
USDCHF,2008-04-01,0.99295,1.014,0.99274,1.01226,56481
USDCHF,2008-04-02,1.01226,1.01648,1.00688,1.00856,59617
USDCHF,2008-04-03,1.00856,1.0218,1.00709,1.01003,55278
USDCHF,2008-04-04,1.01003,1.01286,1.00145,1.00581,49904
USDCHF,2008-04-07,1.00581,1.01722,1.0054,1.01295,45063
USDCHF,2008-04-08,1.01295,1.01562,1.00657,1.01386,50665
USDCHF,2008-04-09,1.01386,1.0168,0.99742,1.00175,49050
USDCHF,2008-04-10,1.00175,1.00877,0.98879,1.0081,63044
USDCHF,2008-04-11,1.0081,1.00898,0.99658,1.00046,52506
USDCHF,2008-04-14,1.00046,1.00747,0.99265,0.9986,47031
USDCHF,2008-04-15,0.9986,1.0086,0.99561,1.0063,43001
USDCHF,2008-04-16,1.0063,1.01104,0.99395,1.0003,51025
USDCHF,2008-04-17,1.0003,1.00935,0.9959,1.0061,55976
USDCHF,2008-04-18,1.0061,1.02836,1.00381,1.01867,49721
USDCHF,2008-04-21,1.01867,1.02055,1.00642,1.00889,44571
USDCHF,2008-04-22,1.00889,1.01314,0.99975,1.0031,52549
USDCHF,2008-04-23,1.0031,1.01712,1.0021,1.01511,46812
USDCHF,2008-04-24,1.01511,1.03845,1.0144,1.03544,54433
USDCHF,2008-04-25,1.03544,1.04305,1.0301,1.03633,55489
USDCHF,2008-04-28,1.03633,1.0368,1.0299,1.03365,45512
USDCHF,2008-04-29,1.03365,1.0399,1.03156,1.03765,54216
USDCHF,2008-04-30,1.03765,1.0443,1.0328,1.03435,58083
USDCHF,2008-05-01,1.03435,1.05085,1.03335,1.04821,40357
USDCHF,2008-05-02,1.04821,1.06083,1.04644,1.05631,57427
USDCHF,2008-05-05,1.05631,1.0596,1.05095,1.0535,24821
USDCHF,2008-05-06,1.0535,1.055,1.04263,1.0519,48177
USDCHF,2008-05-07,1.0519,1.05927,1.05115,1.05516,56761
USDCHF,2008-05-08,1.05516,1.06267,1.0481,1.05098,63075
USDCHF,2008-05-09,1.05098,1.05145,1.039,1.04111,52434
USDCHF,2008-05-12,1.04111,1.05116,1.0406,1.0435,50569
USDCHF,2008-05-13,1.0435,1.05564,1.0417,1.05265,60422
USDCHF,2008-05-14,1.05265,1.06005,1.05115,1.0545,46790
USDCHF,2008-05-15,1.0545,1.05935,1.04852,1.057,57801
USDCHF,2008-05-16,1.057,1.05882,1.04313,1.04702,56472
USDCHF,2008-05-19,1.04702,1.05726,1.04143,1.0533,46205
USDCHF,2008-05-20,1.0533,1.0535,1.03563,1.03729,56979
USDCHF,2008-05-21,1.03729,1.03912,1.02495,1.025,51877
USDCHF,2008-05-22,1.025,1.0354,1.02325,1.03045,56983
USDCHF,2008-05-23,1.03045,1.0335,1.0215,1.02375,44906
USDCHF,2008-05-26,1.02375,1.02761,1.0231,1.02427,17065
USDCHF,2008-05-27,1.02427,1.03465,1.0223,1.03362,45241
USDCHF,2008-05-28,1.03362,1.04231,1.026,1.0378,52596
USDCHF,2008-05-29,1.0378,1.05239,1.03647,1.0492,54674
USDCHF,2008-05-30,1.0492,1.05271,1.04136,1.04196,50425
USDCHF,2008-06-02,1.04196,1.0448,1.0325,1.0373,50421
USDCHF,2008-06-03,1.0373,1.049,1.02736,1.04215,54897
USDCHF,2008-06-04,1.04215,1.04461,1.03615,1.0422,57243
USDCHF,2008-06-05,1.0422,1.05219,1.0352,1.0379,57422
USDCHF,2008-06-06,1.0379,1.04084,1.01859,1.01922,59346
USDCHF,2008-06-09,1.01922,1.0296,1.0148,1.02735,59243
USDCHF,2008-06-10,1.02735,1.04387,1.02695,1.0418,58738
USDCHF,2008-06-11,1.0418,1.04479,1.03085,1.0315,50883
USDCHF,2008-06-12,1.0315,1.049,1.03025,1.04159,59852
USDCHF,2008-06-13,1.04159,1.05401,1.03868,1.04905,61832
USDCHF,2008-06-16,1.04905,1.052,1.03795,1.0447,44782
USDCHF,2008-06-17,1.0447,1.04589,1.03775,1.04155,55240
USDCHF,2008-06-18,1.04155,1.04675,1.03554,1.03597,48677
USDCHF,2008-06-19,1.03597,1.04742,1.0319,1.0453,55904
USDCHF,2008-06-20,1.0453,1.04561,1.0304,1.03418,47278
USDCHF,2008-06-23,1.03418,1.04932,1.0331,1.0452,42129
USDCHF,2008-06-24,1.0452,1.04715,1.03489,1.04165,43817
USDCHF,2008-06-25,1.04165,1.0446,1.0341,1.0348,41964
USDCHF,2008-06-26,1.0348,1.03911,1.02195,1.0237,51098
USDCHF,2008-06-27,1.0237,1.02685,1.01655,1.01826,44282
USDCHF,2008-06-30,1.01826,1.02168,1.01306,1.02095,43776
USDCHF,2008-07-01,1.02095,1.0228,1.01381,1.01976,47738
USDCHF,2008-07-02,1.01976,1.02324,1.01306,1.01397,49487
USDCHF,2008-07-03,1.01397,1.02825,1.0105,1.0262,45855
USDCHF,2008-07-04,1.0262,1.0278,1.02321,1.02514,23778
USDCHF,2008-07-07,1.02514,1.03427,1.02259,1.02696,48391
USDCHF,2008-07-08,1.02696,1.03482,1.0219,1.03363,51493
USDCHF,2008-07-09,1.03363,1.03528,1.02768,1.02804,46805
USDCHF,2008-07-10,1.02804,1.03375,1.02533,1.02781,49642
USDCHF,2008-07-11,1.02781,1.03037,1.01362,1.01636,56961
USDCHF,2008-07-14,1.01636,1.02502,1.01323,1.016,53371
USDCHF,2008-07-15,1.016,1.01769,1.00107,1.00915,68284
USDCHF,2008-07-16,1.00915,1.01878,1.00289,1.01724,58232
USDCHF,2008-07-17,1.01724,1.02587,1.01337,1.01918,60865
USDCHF,2008-07-18,1.01918,1.02517,1.01739,1.02248,46082
USDCHF,2008-07-21,1.02248,1.02417,1.01703,1.01762,42817
USDCHF,2008-07-22,1.01762,1.03344,1.01376,1.03085,50459
USDCHF,2008-07-23,1.03085,1.03995,1.02894,1.0376,56815
USDCHF,2008-07-24,1.0376,1.04045,1.03511,1.03711,50829
USDCHF,2008-07-25,1.03711,1.04075,1.0316,1.03696,47139
USDCHF,2008-07-28,1.03696,1.03877,1.03249,1.03447,36640
USDCHF,2008-07-29,1.03447,1.04791,1.03182,1.0467,44689
USDCHF,2008-07-30,1.0467,1.05216,1.044,1.04826,42948
USDCHF,2008-07-31,1.04826,1.04963,1.04027,1.04692,43499
USDCHF,2008-08-01,1.04692,1.05162,1.04604,1.05126,45637
USDCHF,2008-08-04,1.05126,1.05126,1.04339,1.04818,37218
USDCHF,2008-08-05,1.04818,1.05588,1.04781,1.05433,48596
USDCHF,2008-08-06,1.05433,1.06097,1.0502,1.05996,42896
USDCHF,2008-08-07,1.05996,1.06374,1.05233,1.06251,47822
USDCHF,2008-08-08,1.06251,1.08375,1.06072,1.08071,64636
USDCHF,2008-08-11,1.08071,1.08816,1.07421,1.08587,55965
USDCHF,2008-08-12,1.08587,1.09256,1.08299,1.08676,57834
USDCHF,2008-08-13,1.08676,1.09219,1.08254,1.08531,65659
USDCHF,2008-08-14,1.08531,1.09802,1.0836,1.09275,55949
USDCHF,2008-08-15,1.09275,1.10082,1.09233,1.09709,55053
USDCHF,2008-08-18,1.09709,1.10044,1.09115,1.09738,45576
USDCHF,2008-08-19,1.09738,1.10331,1.0902,1.09201,57172
USDCHF,2008-08-20,1.09201,1.10418,1.0895,1.09891,51224
USDCHF,2008-08-21,1.09891,1.09999,1.0843,1.08584,54009
USDCHF,2008-08-22,1.08584,1.09991,1.08542,1.09883,47591
USDCHF,2008-08-25,1.09883,1.10319,1.0923,1.09558,37337
USDCHF,2008-08-26,1.09558,1.10864,1.09534,1.09951,52375
USDCHF,2008-08-27,1.09951,1.10248,1.0916,1.0975,50115
USDCHF,2008-08-28,1.0975,1.1013,1.08839,1.09849,56101
USDCHF,2008-08-29,1.09849,1.10387,1.09245,1.10101,48977
USDCHF,2008-09-01,1.10101,1.10475,1.09493,1.10112,37588
USDCHF,2008-09-02,1.10112,1.11306,1.10094,1.10651,60848
USDCHF,2008-09-03,1.10651,1.11715,1.10405,1.106,71610
USDCHF,2008-09-04,1.106,1.11316,1.10083,1.10888,73707
USDCHF,2008-09-05,1.10888,1.11835,1.10671,1.1174,77113
USDCHF,2008-09-08,1.1174,1.13731,1.11253,1.13142,74433
USDCHF,2008-09-09,1.13142,1.1364,1.12139,1.12687,80643
USDCHF,2008-09-10,1.12687,1.13725,1.12422,1.13651,77890
USDCHF,2008-09-11,1.13651,1.14183,1.13359,1.13786,72599
USDCHF,2008-09-12,1.13786,1.14004,1.12943,1.1309,73969
USDCHF,2008-09-15,1.1309,1.1309,1.10547,1.11555,90543
USDCHF,2008-09-16,1.11555,1.12492,1.10472,1.12282,86838
USDCHF,2008-09-17,1.12282,1.12485,1.09895,1.1027,85425
USDCHF,2008-09-18,1.1027,1.11099,1.08984,1.10412,86893
USDCHF,2008-09-19,1.10412,1.128,1.10062,1.10265,76073
USDCHF,2008-09-22,1.10265,1.10507,1.06869,1.07424,63439
USDCHF,2008-09-23,1.07424,1.08885,1.0724,1.08604,62725
USDCHF,2008-09-24,1.08604,1.0918,1.08031,1.09139,54692
USDCHF,2008-09-25,1.09139,1.09401,1.08015,1.0905,51842
USDCHF,2008-09-26,1.0905,1.0912,1.08294,1.09024,47536
USDCHF,2008-09-29,1.09024,1.10881,1.08148,1.08915,58039
USDCHF,2008-09-30,1.08915,1.1246,1.08824,1.12184,59822
USDCHF,2008-10-01,1.12184,1.12914,1.11445,1.12533,60235
USDCHF,2008-10-02,1.12533,1.1413,1.12377,1.13537,68929
USDCHF,2008-10-03,1.13537,1.1403,1.1216,1.12715,65899
USDCHF,2008-10-06,1.12715,1.1486,1.12715,1.14748,71700
USDCHF,2008-10-07,1.14748,1.14863,1.136,1.13889,77305
USDCHF,2008-10-08,1.13889,1.1441,1.121,1.12612,76440
USDCHF,2008-10-09,1.12612,1.13422,1.12283,1.12903,66998
USDCHF,2008-10-10,1.12903,1.1409,1.11282,1.1338,77802
USDCHF,2008-10-13,1.1338,1.14406,1.1245,1.13699,57680
USDCHF,2008-10-14,1.13699,1.13825,1.12727,1.13696,60187
USDCHF,2008-10-15,1.13696,1.14056,1.12968,1.13176,60394
USDCHF,2008-10-16,1.13176,1.14887,1.12819,1.13764,70261
USDCHF,2008-10-17,1.13764,1.13928,1.12926,1.13701,58072
USDCHF,2008-10-20,1.13701,1.1523,1.13165,1.14911,48641
USDCHF,2008-10-21,1.14911,1.15905,1.14689,1.15069,56896
USDCHF,2008-10-22,1.15069,1.17124,1.15037,1.16285,70112
USDCHF,2008-10-23,1.16285,1.1698,1.15832,1.15833,67928
USDCHF,2008-10-24,1.15833,1.17482,1.14814,1.16953,82103
USDCHF,2008-10-27,1.16953,1.17123,1.15174,1.15501,67998
USDCHF,2008-10-28,1.15501,1.16556,1.1536,1.15922,70796
USDCHF,2008-10-29,1.15922,1.1595,1.125,1.13011,73709
USDCHF,2008-10-30,1.13011,1.1479,1.12,1.138,66957
USDCHF,2008-10-31,1.138,1.16847,1.13527,1.15751,72590
USDCHF,2008-11-03,1.15751,1.17475,1.14731,1.17457,53147
USDCHF,2008-11-04,1.17457,1.18,1.15676,1.16215,71813
USDCHF,2008-11-05,1.16215,1.17445,1.155,1.15786,78853
USDCHF,2008-11-06,1.15786,1.17949,1.15643,1.17804,74893
USDCHF,2008-11-07,1.17804,1.17962,1.1679,1.17672,62718
USDCHF,2008-11-10,1.17672,1.1803,1.17126,1.17873,58000
USDCHF,2008-11-11,1.17873,1.1877,1.17229,1.18745,56257
USDCHF,2008-11-12,1.18745,1.18946,1.17611,1.18665,67980
USDCHF,2008-11-13,1.18665,1.2001,1.1825,1.18719,73283
USDCHF,2008-11-14,1.18719,1.194,1.18389,1.19173,61882
USDCHF,2008-11-17,1.19173,1.20034,1.1888,1.19852,65416
USDCHF,2008-11-18,1.19852,1.20464,1.19671,1.20302,59015
USDCHF,2008-11-19,1.20302,1.2146,1.19416,1.21378,62249
USDCHF,2008-11-20,1.21378,1.22808,1.21014,1.22455,69942
USDCHF,2008-11-21,1.22455,1.22973,1.21727,1.22171,53058
USDCHF,2008-11-24,1.22171,1.2224,1.1906,1.19352,59819
USDCHF,2008-11-25,1.19352,1.20614,1.18297,1.18332,78327
USDCHF,2008-11-26,1.18332,1.20776,1.18331,1.20349,64972
USDCHF,2008-11-27,1.20349,1.20438,1.19539,1.20007,36053
USDCHF,2008-11-28,1.20007,1.21994,1.19608,1.21361,44758
USDCHF,2008-12-01,1.21361,1.21531,1.20206,1.20571,55306
USDCHF,2008-12-02,1.20571,1.20971,1.19939,1.20627,63990
USDCHF,2008-12-03,1.20627,1.21693,1.20507,1.20922,58378
USDCHF,2008-12-04,1.20922,1.21892,1.19247,1.19486,60465
USDCHF,2008-12-05,1.19486,1.22521,1.19314,1.222,56431
USDCHF,2008-12-08,1.222,1.22302,1.20178,1.20304,47825
USDCHF,2008-12-09,1.20304,1.21786,1.20063,1.20522,50642
USDCHF,2008-12-10,1.20522,1.2084,1.19261,1.19874,47288
USDCHF,2008-12-11,1.19874,1.20008,1.17905,1.18379,59423
USDCHF,2008-12-12,1.18379,1.18686,1.17358,1.1765,64463
USDCHF,2008-12-15,1.1765,1.17666,1.15647,1.15924,50569
USDCHF,2008-12-16,1.15924,1.15951,1.11402,1.12414,53535
USDCHF,2008-12-17,1.12414,1.12484,1.0715,1.07177,79699
USDCHF,2008-12-18,1.07177,1.08675,1.04112,1.08335,81919
USDCHF,2008-12-19,1.08335,1.11331,1.07434,1.10307,64016
USDCHF,2008-12-22,1.10307,1.10494,1.08801,1.09369,59156
USDCHF,2008-12-23,1.09369,1.09455,1.083,1.08867,41462
USDCHF,2008-12-24,1.08867,1.08931,1.07117,1.07445,24848
USDCHF,2008-12-25,1.0729,1.0797,1.0404,1.0769,0
USDCHF,2008-12-26,1.07445,1.07701,1.06672,1.06772,9062
USDCHF,2008-12-29,1.06772,1.06772,1.03693,1.06184,45210
USDCHF,2008-12-30,1.06184,1.06488,1.04852,1.05994,41802
USDCHF,2008-12-31,1.05994,1.07418,1.05402,1.07122,29219
USDCHF,2009-01-01,1.0543,1.075,1.0543,1.0647,0
USDCHF,2009-01-02,1.07122,1.08448,1.06146,1.08283,29409
USDCHF,2009-01-05,1.08283,1.1125,1.07,1.10876,59387
USDCHF,2009-01-06,1.10876,1.1279,1.10726,1.11365,61212
USDCHF,2009-01-07,1.11365,1.12064,1.08687,1.10122,60188
USDCHF,2009-01-08,1.10122,1.10831,1.08629,1.09279,67261
USDCHF,2009-01-09,1.09279,1.11892,1.08875,1.11384,61363
USDCHF,2009-01-12,1.11384,1.12408,1.10973,1.11458,61474
USDCHF,2009-01-13,1.11458,1.12538,1.11346,1.11881,63891
USDCHF,2009-01-14,1.11881,1.12408,1.11222,1.11576,65006
USDCHF,2009-01-15,1.11576,1.12902,1.11353,1.1244,74545
USDCHF,2009-01-16,1.1244,1.12486,1.11086,1.11691,57672
USDCHF,2009-01-19,1.11691,1.13449,1.11217,1.13434,46387
USDCHF,2009-01-20,1.13434,1.15187,1.13147,1.14622,74011
USDCHF,2009-01-21,1.14622,1.1615,1.13813,1.15324,72649
USDCHF,2009-01-22,1.15324,1.15958,1.15061,1.15257,72366
USDCHF,2009-01-23,1.15257,1.17155,1.1506,1.15587,62560
USDCHF,2009-01-26,1.15587,1.16444,1.1344,1.1372,59677
USDCHF,2009-01-27,1.1372,1.14349,1.13127,1.14251,62522
USDCHF,2009-01-28,1.14251,1.15653,1.133,1.15119,70824
USDCHF,2009-01-29,1.15119,1.15804,1.14062,1.153,65359
USDCHF,2009-01-30,1.153,1.16597,1.15147,1.15947,57965
USDCHF,2009-02-02,1.15947,1.16846,1.15766,1.16117,52847
USDCHF,2009-02-03,1.16117,1.16684,1.14007,1.14199,59310
USDCHF,2009-02-04,1.14199,1.16357,1.14107,1.15819,58935
USDCHF,2009-02-05,1.15819,1.17196,1.15722,1.17032,54005
USDCHF,2009-02-06,1.17032,1.17444,1.15916,1.16358,51088
USDCHF,2009-02-09,1.16358,1.16787,1.15016,1.16399,54770
USDCHF,2009-02-10,1.16399,1.17814,1.15059,1.15637,69787
USDCHF,2009-02-11,1.15637,1.16337,1.15124,1.1579,60147
USDCHF,2009-02-12,1.1579,1.17151,1.15598,1.16297,59894
USDCHF,2009-02-13,1.16297,1.166,1.15611,1.16029,51717
USDCHF,2009-02-16,1.16029,1.17061,1.15799,1.15948,36454
USDCHF,2009-02-17,1.15948,1.1778,1.15882,1.16922,58658
USDCHF,2009-02-18,1.16922,1.18271,1.16514,1.17806,50027
USDCHF,2009-02-19,1.17806,1.18004,1.17025,1.1734,48909
USDCHF,2009-02-20,1.1734,1.18847,1.1462,1.15259,59201
USDCHF,2009-02-23,1.15259,1.16971,1.14611,1.16848,56929
USDCHF,2009-02-24,1.16848,1.17131,1.15331,1.15995,60544
USDCHF,2009-02-25,1.15995,1.17429,1.15488,1.16978,57891
USDCHF,2009-02-26,1.16978,1.17289,1.15961,1.16403,51413
USDCHF,2009-02-27,1.16403,1.17606,1.1613,1.16984,61083
USDCHF,2009-03-02,1.16984,1.17961,1.16984,1.1755,53883
USDCHF,2009-03-03,1.1755,1.17884,1.16831,1.17566,56045
USDCHF,2009-03-04,1.17566,1.18485,1.16707,1.16746,52430
USDCHF,2009-03-05,1.16746,1.18102,1.16452,1.1707,53617
USDCHF,2009-03-06,1.1707,1.1717,1.14849,1.15959,58034
USDCHF,2009-03-09,1.15959,1.1682,1.15326,1.15814,50769
USDCHF,2009-03-10,1.15814,1.16502,1.14326,1.16059,56189
USDCHF,2009-03-11,1.16059,1.16763,1.15203,1.15292,58756
USDCHF,2009-03-12,1.15292,1.1968,1.14944,1.18457,68263
USDCHF,2009-03-13,1.18457,1.19343,1.18351,1.187,59054
USDCHF,2009-03-16,1.187,1.1912,1.18039,1.18467,55450
USDCHF,2009-03-17,1.18467,1.19019,1.18125,1.18192,51075
USDCHF,2009-03-18,1.18192,1.18319,1.13794,1.141,59994
USDCHF,2009-03-19,1.141,1.14573,1.11583,1.12354,76759
USDCHF,2009-03-20,1.12354,1.12977,1.11695,1.12912,58250
USDCHF,2009-03-23,1.12912,1.1342,1.11707,1.12466,53798
USDCHF,2009-03-24,1.12466,1.13249,1.12085,1.13191,57760
USDCHF,2009-03-25,1.13191,1.13281,1.11691,1.12123,57827
USDCHF,2009-03-26,1.12123,1.12882,1.11814,1.12689,55360
USDCHF,2009-03-27,1.12689,1.14798,1.12232,1.14338,50487
USDCHF,2009-03-30,1.14338,1.1549,1.14338,1.14838,52358
USDCHF,2009-03-31,1.14838,1.15151,1.13572,1.13936,52136
USDCHF,2009-04-01,1.13936,1.15058,1.13689,1.14521,52147
USDCHF,2009-04-02,1.14521,1.1487,1.13069,1.13374,59875
USDCHF,2009-04-03,1.13374,1.13903,1.12965,1.13092,44811
USDCHF,2009-04-06,1.13092,1.14069,1.12407,1.13615,47163
USDCHF,2009-04-07,1.13615,1.1483,1.1346,1.14231,49786
USDCHF,2009-04-08,1.14231,1.15182,1.14145,1.14666,50006
USDCHF,2009-04-09,1.14666,1.16041,1.1427,1.15588,46269
USDCHF,2009-04-10,1.15588,1.16229,1.15499,1.15499,9245
USDCHF,2009-04-13,1.15499,1.16066,1.13036,1.13297,26879
USDCHF,2009-04-14,1.13297,1.14482,1.13208,1.13844,46089
USDCHF,2009-04-15,1.13844,1.14872,1.13612,1.14244,44057
USDCHF,2009-04-16,1.14244,1.15204,1.13988,1.14629,46922
USDCHF,2009-04-17,1.14629,1.16884,1.14566,1.16711,41536
USDCHF,2009-04-20,1.16711,1.17419,1.16449,1.16866,56224
USDCHF,2009-04-21,1.16866,1.17187,1.16356,1.16721,57842
USDCHF,2009-04-22,1.16721,1.17214,1.1597,1.16342,58818
USDCHF,2009-04-23,1.16342,1.16749,1.15013,1.15028,67448
USDCHF,2009-04-24,1.15028,1.15261,1.135,1.13947,51175
USDCHF,2009-04-27,1.13947,1.16039,1.13592,1.15553,59076
USDCHF,2009-04-28,1.15553,1.15968,1.14191,1.14263,60029
USDCHF,2009-04-29,1.14263,1.14464,1.13013,1.13611,61677
USDCHF,2009-04-30,1.13611,1.14329,1.12709,1.14037,69118
USDCHF,2009-05-01,1.14037,1.14156,1.13343,1.13614,33087
USDCHF,2009-05-04,1.13614,1.14205,1.12527,1.1262,39211
USDCHF,2009-05-05,1.1262,1.1361,1.12449,1.13209,60035
USDCHF,2009-05-06,1.13209,1.13864,1.12854,1.13104,64868
USDCHF,2009-05-07,1.13104,1.14224,1.12532,1.13014,65674
USDCHF,2009-05-08,1.13014,1.13365,1.10574,1.10643,62068
USDCHF,2009-05-11,1.10643,1.11064,1.10205,1.10923,52180
USDCHF,2009-05-12,1.10923,1.11055,1.10039,1.10541,77269
USDCHF,2009-05-13,1.10541,1.11,1.09776,1.10711,83219
USDCHF,2009-05-14,1.10711,1.11225,1.1026,1.10393,72977
USDCHF,2009-05-15,1.10393,1.12472,1.10358,1.12203,70527
USDCHF,2009-05-18,1.12203,1.12664,1.11383,1.11387,53307
USDCHF,2009-05-19,1.11387,1.1164,1.10699,1.10906,59542
USDCHF,2009-05-20,1.10906,1.11288,1.09685,1.0999,63117
USDCHF,2009-05-21,1.0999,1.10563,1.09148,1.09344,66834
USDCHF,2009-05-22,1.09344,1.09355,1.08119,1.08463,64509
USDCHF,2009-05-25,1.08463,1.08718,1.08168,1.08193,30237
USDCHF,2009-05-26,1.08193,1.09268,1.08128,1.08364,58245
USDCHF,2009-05-27,1.08364,1.09304,1.08102,1.09297,69404
USDCHF,2009-05-28,1.09297,1.0954,1.08026,1.08391,69860
USDCHF,2009-05-29,1.08391,1.086,1.06558,1.06737,72523
USDCHF,2009-06-01,1.06737,1.07245,1.0618,1.06991,66424
USDCHF,2009-06-02,1.06991,1.07443,1.05906,1.0615,68451
USDCHF,2009-06-03,1.0615,1.07461,1.0602,1.06978,81714
USDCHF,2009-06-04,1.06978,1.07674,1.0641,1.06883,75499
USDCHF,2009-06-05,1.06883,1.0907,1.06632,1.08613,71332
USDCHF,2009-06-08,1.08613,1.09863,1.08347,1.09126,69367
USDCHF,2009-06-09,1.09126,1.09533,1.0762,1.07836,69818
USDCHF,2009-06-10,1.07836,1.0858,1.07198,1.08027,77310
USDCHF,2009-06-11,1.08027,1.08405,1.06494,1.0701,68242
USDCHF,2009-06-12,1.0701,1.08474,1.06866,1.0805,67701
USDCHF,2009-06-15,1.0805,1.095,1.07822,1.09068,63936
USDCHF,2009-06-16,1.09068,1.09569,1.08221,1.08832,71478
USDCHF,2009-06-17,1.08832,1.09245,1.07635,1.07965,74269
USDCHF,2009-06-18,1.07965,1.0898,1.07616,1.08612,65999
USDCHF,2009-06-19,1.08612,1.08933,1.07644,1.08052,48258
USDCHF,2009-06-22,1.08052,1.08967,1.079,1.08577,56178
USDCHF,2009-06-23,1.08577,1.08819,1.06418,1.0666,62879
USDCHF,2009-06-24,1.0666,1.10225,1.0632,1.09767,75407
USDCHF,2009-06-25,1.09767,1.10184,1.0921,1.09378,63704
USDCHF,2009-06-26,1.09378,1.0947,1.07958,1.08135,56101
USDCHF,2009-06-29,1.08135,1.09125,1.08085,1.08202,48279
USDCHF,2009-06-30,1.08202,1.089,1.07781,1.08608,52491
USDCHF,2009-07-01,1.08608,1.08855,1.07058,1.0748,55714
USDCHF,2009-07-02,1.0748,1.08632,1.07405,1.08416,62421
USDCHF,2009-07-03,1.08416,1.09007,1.08295,1.08673,30718
USDCHF,2009-07-06,1.08673,1.09558,1.08373,1.08424,52005
USDCHF,2009-07-07,1.08424,1.09147,1.08007,1.08909,57480
USDCHF,2009-07-08,1.08909,1.09427,1.0876,1.08995,60587
USDCHF,2009-07-09,1.08995,1.09161,1.07508,1.07825,60774
USDCHF,2009-07-10,1.07825,1.0924,1.0778,1.08477,63060
USDCHF,2009-07-13,1.08477,1.089,1.08078,1.08275,61237
USDCHF,2009-07-14,1.08275,1.09388,1.0806,1.08849,70604
USDCHF,2009-07-15,1.08849,1.08925,1.07222,1.07416,60272
USDCHF,2009-07-16,1.07416,1.07907,1.07023,1.07273,61957
USDCHF,2009-07-17,1.07273,1.08177,1.07258,1.0768,56164
USDCHF,2009-07-20,1.0768,1.07712,1.0656,1.06778,52951
USDCHF,2009-07-21,1.06778,1.07165,1.06227,1.06562,54471
USDCHF,2009-07-22,1.06562,1.07149,1.06305,1.06547,55270
USDCHF,2009-07-23,1.06547,1.07727,1.0633,1.07488,61297
USDCHF,2009-07-24,1.07488,1.07619,1.06734,1.07096,45885
USDCHF,2009-07-27,1.07096,1.07416,1.06537,1.07066,44934
USDCHF,2009-07-28,1.07066,1.0797,1.06575,1.07518,55203
USDCHF,2009-07-29,1.07518,1.09079,1.07306,1.08686,63631
USDCHF,2009-07-30,1.08686,1.09341,1.08414,1.08723,62322
USDCHF,2009-07-31,1.08723,1.08912,1.0659,1.06861,62958
USDCHF,2009-08-03,1.06861,1.0733,1.05625,1.05913,76932
USDCHF,2009-08-04,1.05913,1.0646,1.05766,1.05974,66632
USDCHF,2009-08-05,1.05974,1.06595,1.05847,1.06171,62373
USDCHF,2009-08-06,1.06171,1.06797,1.0603,1.06535,60533
USDCHF,2009-08-07,1.06535,1.08448,1.05807,1.08221,60026
USDCHF,2009-08-10,1.08221,1.08841,1.07971,1.08518,59360
USDCHF,2009-08-11,1.08518,1.08645,1.07902,1.08164,59695
USDCHF,2009-08-12,1.08164,1.08465,1.07321,1.07787,77599
USDCHF,2009-08-13,1.07787,1.07905,1.06749,1.0697,71486
USDCHF,2009-08-14,1.0697,1.07521,1.06711,1.07313,58088
USDCHF,2009-08-17,1.07313,1.08343,1.07268,1.07774,57332
USDCHF,2009-08-18,1.07774,1.08022,1.0742,1.07541,54192
USDCHF,2009-08-19,1.07541,1.0781,1.06235,1.06583,58533
USDCHF,2009-08-20,1.06583,1.0685,1.06191,1.06277,47517
USDCHF,2009-08-21,1.06277,1.06559,1.05529,1.05715,56681
USDCHF,2009-08-24,1.05715,1.06301,1.05629,1.06115,52102
USDCHF,2009-08-25,1.06115,1.0641,1.05651,1.06136,62486
USDCHF,2009-08-26,1.06136,1.07159,1.05801,1.06769,62507
USDCHF,2009-08-27,1.06769,1.07042,1.05284,1.05929,62988
USDCHF,2009-08-28,1.05929,1.06182,1.054,1.0597,57208
USDCHF,2009-08-31,1.0597,1.06359,1.05555,1.0588,50552
USDCHF,2009-09-01,1.0588,1.07066,1.05436,1.0652,69792
USDCHF,2009-09-02,1.0652,1.06868,1.05808,1.06062,69224
USDCHF,2009-09-03,1.06062,1.06361,1.05456,1.06239,62268
USDCHF,2009-09-04,1.06239,1.06989,1.05779,1.06038,58840
USDCHF,2009-09-07,1.06038,1.06089,1.05555,1.05976,31760
USDCHF,2009-09-08,1.05976,1.06025,1.0432,1.04717,68481
USDCHF,2009-09-09,1.04717,1.04891,1.03836,1.04096,63345
USDCHF,2009-09-10,1.04096,1.04642,1.03593,1.03825,66517
USDCHF,2009-09-11,1.03825,1.0399,1.03395,1.03715,62004
USDCHF,2009-09-14,1.03715,1.0423,1.03277,1.03443,63838
USDCHF,2009-09-15,1.03443,1.04188,1.03227,1.03466,65117
USDCHF,2009-09-16,1.03466,1.03687,1.0297,1.03175,64756
USDCHF,2009-09-17,1.03175,1.03579,1.0275,1.02813,64427
USDCHF,2009-09-18,1.02813,1.0347,1.0276,1.03035,52091
USDCHF,2009-09-21,1.02954,1.03891,1.02905,1.03201,58983
USDCHF,2009-09-22,1.03201,1.03274,1.02153,1.02381,56915
USDCHF,2009-09-23,1.02381,1.0275,1.0179,1.02663,67460
USDCHF,2009-09-24,1.02663,1.03238,1.02087,1.02938,75911
USDCHF,2009-09-25,1.02938,1.03421,1.02434,1.02936,75856
USDCHF,2009-09-28,1.02661,1.03749,1.02505,1.03221,57891
USDCHF,2009-09-29,1.03221,1.04052,1.03129,1.03591,73558
USDCHF,2009-09-30,1.03591,1.04493,1.0283,1.03607,79258
USDCHF,2009-10-01,1.03607,1.04528,1.03376,1.0404,75957
USDCHF,2009-10-02,1.0404,1.04369,1.03097,1.03541,73874
USDCHF,2009-10-05,1.03541,1.03578,1.03065,1.03193,53479
USDCHF,2009-10-06,1.03193,1.03242,1.02367,1.02666,61177
USDCHF,2009-10-07,1.02666,1.03593,1.02581,1.03265,65765
USDCHF,2009-10-08,1.03265,1.0334,1.02302,1.02556,66865
USDCHF,2009-10-09,1.02556,1.03529,1.02556,1.03231,63072
USDCHF,2009-10-12,1.03231,1.0354,1.02329,1.02671,46992
USDCHF,2009-10-13,1.02671,1.02778,1.0193,1.02142,64683
USDCHF,2009-10-14,1.02142,1.02275,1.01283,1.0144,67143
USDCHF,2009-10-15,1.0144,1.01962,1.01172,1.0144,65879
USDCHF,2009-10-16,1.0144,1.02241,1.01294,1.01849,72038
USDCHF,2009-10-19,1.01849,1.0229,1.01112,1.01118,62056
USDCHF,2009-10-20,1.01118,1.01681,1.00825,1.01144,63820
USDCHF,2009-10-21,1.01144,1.01554,1.00352,1.00584,70751
USDCHF,2009-10-22,1.00584,1.01229,1.00402,1.00427,71190
USDCHF,2009-10-23,1.00427,1.01021,1.00327,1.0093,67802
USDCHF,2009-10-26,1.0093,1.02029,1.00521,1.01787,63665
USDCHF,2009-10-27,1.01787,1.0251,1.01485,1.02164,78872
USDCHF,2009-10-28,1.02164,1.02781,1.01916,1.02685,88571
USDCHF,2009-10-29,1.02685,1.02869,1.01677,1.01881,78084
USDCHF,2009-10-30,1.01881,1.0276,1.01555,1.02603,88729
USDCHF,2009-11-02,1.02603,1.0279,1.01648,1.02145,84402
USDCHF,2009-11-03,1.02145,1.03384,1.01953,1.02572,91471
USDCHF,2009-11-04,1.02572,1.02776,1.0127,1.01597,77257
USDCHF,2009-11-05,1.01597,1.01931,1.01319,1.01595,70570
USDCHF,2009-11-06,1.01595,1.0202,1.01263,1.0174,63930
USDCHF,2009-11-09,1.0174,1.0174,1.00546,1.00761,61665
USDCHF,2009-11-10,1.00761,1.01093,1.00602,1.00767,64035
USDCHF,2009-11-11,1.00767,1.00991,1.00351,1.00767,47616
USDCHF,2009-11-12,1.00767,1.01935,1.00592,1.01711,63137
USDCHF,2009-11-13,1.01711,1.01855,1.01008,1.01182,47303
USDCHF,2009-11-16,1.01182,1.01441,1.00473,1.0074,49457
USDCHF,2009-11-17,1.0074,1.02087,1.00594,1.01586,61848
USDCHF,2009-11-18,1.01586,1.01691,1.00761,1.00967,54478
USDCHF,2009-11-19,1.00967,1.01957,1.00953,1.01273,58066
USDCHF,2009-11-20,1.01273,1.02237,1.01225,1.01745,60028
USDCHF,2009-11-23,1.01745,1.0197,1.0072,1.00988,42623
USDCHF,2009-11-24,1.00988,1.01528,1.00761,1.00853,53186
USDCHF,2009-11-25,1.00853,1.00955,0.99562,0.99625,53643
USDCHF,2009-11-26,0.99625,1.00704,0.99097,1.00247,53090
USDCHF,2009-11-27,1.00247,1.01758,1.00242,1.0054,71423
USDCHF,2009-11-30,1.0054,1.00753,0.99934,1.00512,60772
USDCHF,2009-12-01,1.00512,1.00749,0.99698,0.99934,53450
USDCHF,2009-12-02,0.99934,1.00266,0.99787,1.00171,44631
USDCHF,2009-12-03,1.00171,1.00201,0.99601,1.00081,47651
USDCHF,2009-12-04,1.00081,1.01914,0.99815,1.01686,54002
USDCHF,2009-12-07,1.01686,1.02442,1.01368,1.01934,66779
USDCHF,2009-12-08,1.01934,1.02867,1.01645,1.02681,65191
USDCHF,2009-12-09,1.02681,1.03005,1.02185,1.02658,59668
USDCHF,2009-12-10,1.02658,1.03026,1.02375,1.02581,49816
USDCHF,2009-12-11,1.02581,1.03681,1.02332,1.034,48130
USDCHF,2009-12-14,1.034,1.03617,1.0295,1.03147,45163
USDCHF,2009-12-15,1.03147,1.04292,1.03098,1.0401,46298
USDCHF,2009-12-16,1.0401,1.04254,1.03453,1.03814,50240
USDCHF,2009-12-17,1.03814,1.05078,1.03797,1.04736,60122
USDCHF,2009-12-18,1.04736,1.04963,1.0387,1.04274,56398
USDCHF,2009-12-21,1.04274,1.0482,1.03835,1.04591,38258
USDCHF,2009-12-22,1.04591,1.05036,1.04419,1.04883,40610
USDCHF,2009-12-23,1.04883,1.04983,1.03593,1.03853,34230
USDCHF,2009-12-24,1.03853,1.03997,1.03206,1.03689,18118
USDCHF,2009-12-25,1.0369,1.0379,1.0317,1.0342,0
USDCHF,2009-12-28,1.03689,1.03886,1.03283,1.03452,20746
USDCHF,2009-12-29,1.03452,1.03855,1.0279,1.03634,30074
USDCHF,2009-12-30,1.03634,1.04221,1.03515,1.03643,31025
USDCHF,2009-12-31,1.03643,1.03861,1.02855,1.03586,24115
USDCHF,2010-01-01,1.0342,1.0381,1.0339,1.0339,0
USDCHF,2010-01-04,1.03586,1.04206,1.02631,1.02956,47654
USDCHF,2010-01-05,1.02956,1.03606,1.02525,1.03362,54402
USDCHF,2010-01-06,1.03362,1.03793,1.0249,1.02744,52536
USDCHF,2010-01-07,1.02744,1.03715,1.02424,1.0339,51249
USDCHF,2010-01-08,1.0339,1.03847,1.02161,1.02335,52378
USDCHF,2010-01-11,1.02335,1.02408,1.01303,1.01628,49231
USDCHF,2010-01-12,1.01628,1.02085,1.01446,1.01853,49924
USDCHF,2010-01-13,1.01853,1.02192,1.01372,1.01797,51172
USDCHF,2010-01-14,1.01797,1.02348,1.016,1.01855,49773
USDCHF,2010-01-15,1.01855,1.02869,1.01797,1.0266,51110
USDCHF,2010-01-18,1.0266,1.02917,1.02358,1.02469,25991
USDCHF,2010-01-19,1.02469,1.03549,1.02295,1.0325,52407
USDCHF,2010-01-20,1.0325,1.04628,1.03178,1.04379,62733
USDCHF,2010-01-21,1.04379,1.04959,1.04034,1.04258,66048
USDCHF,2010-01-22,1.04258,1.04459,1.03746,1.03931,51976
USDCHF,2010-01-25,1.03931,1.04239,1.03675,1.03943,45630
USDCHF,2010-01-26,1.03943,1.0492,1.03785,1.0462,55713
USDCHF,2010-01-27,1.0462,1.05252,1.04462,1.04987,61980
USDCHF,2010-01-28,1.04987,1.05553,1.04766,1.05192,58266
USDCHF,2010-01-29,1.05192,1.06431,1.04818,1.06067,64904
USDCHF,2010-02-01,1.06067,1.06247,1.05533,1.05615,47870
USDCHF,2010-02-02,1.05615,1.06075,1.05409,1.0547,46792
USDCHF,2010-02-03,1.0547,1.06003,1.04973,1.05932,52783
USDCHF,2010-02-04,1.05932,1.06752,1.05805,1.06678,55827
USDCHF,2010-02-05,1.06678,1.07953,1.06461,1.07285,85266
USDCHF,2010-02-08,1.07285,1.07731,1.06835,1.07316,53113
USDCHF,2010-02-09,1.07316,1.0747,1.06085,1.06353,63448
USDCHF,2010-02-10,1.06353,1.0721,1.0618,1.06734,60094
USDCHF,2010-02-11,1.06734,1.07831,1.0627,1.07028,61803
USDCHF,2010-02-12,1.07028,1.08279,1.06977,1.07664,61718
USDCHF,2010-02-15,1.07664,1.08037,1.07535,1.07743,26046
USDCHF,2010-02-16,1.07743,1.07893,1.06526,1.06576,43862
USDCHF,2010-02-17,1.06576,1.07996,1.0647,1.07813,50373
USDCHF,2010-02-18,1.07813,1.08551,1.07482,1.08349,53426
USDCHF,2010-02-19,1.08349,1.08982,1.07615,1.07684,60553
USDCHF,2010-02-22,1.07684,1.07887,1.07365,1.07604,43371
USDCHF,2010-02-23,1.07604,1.08483,1.07149,1.08375,62603
USDCHF,2010-02-24,1.08375,1.08437,1.0739,1.08086,48428
USDCHF,2010-02-25,1.08086,1.08785,1.07842,1.07995,63935
USDCHF,2010-02-26,1.07995,1.08165,1.06945,1.0742,59875
USDCHF,2010-03-01,1.0742,1.08709,1.07198,1.07904,69269
USDCHF,2010-03-02,1.07904,1.08888,1.07435,1.07462,68299
USDCHF,2010-03-03,1.07462,1.07634,1.06483,1.06768,66462
USDCHF,2010-03-04,1.06768,1.07955,1.0669,1.0769,62474
USDCHF,2010-03-05,1.0769,1.08096,1.07347,1.07417,45267
USDCHF,2010-03-08,1.07417,1.07486,1.06753,1.07302,42465
USDCHF,2010-03-09,1.07302,1.08042,1.07263,1.07489,55707
USDCHF,2010-03-10,1.07489,1.07942,1.06854,1.06968,52220
USDCHF,2010-03-11,1.06968,1.07317,1.06808,1.06814,49049
USDCHF,2010-03-12,1.06814,1.0696,1.05769,1.05833,54876
USDCHF,2010-03-15,1.05833,1.06424,1.05778,1.06179,41619
USDCHF,2010-03-16,1.06179,1.06264,1.05332,1.05453,45443
USDCHF,2010-03-17,1.05453,1.05653,1.05072,1.05435,48341
USDCHF,2010-03-18,1.05435,1.06469,1.05332,1.05798,56110
USDCHF,2010-03-19,1.05798,1.0635,1.05399,1.06023,50545
USDCHF,2010-03-22,1.06023,1.06615,1.0562,1.05788,51436
USDCHF,2010-03-23,1.05788,1.0639,1.05466,1.05725,53355
USDCHF,2010-03-24,1.05725,1.0739,1.05587,1.07263,68191
USDCHF,2010-03-25,1.07263,1.07511,1.0673,1.07418,61765
USDCHF,2010-03-26,1.07418,1.07457,1.0636,1.06534,54586
USDCHF,2010-03-29,1.06534,1.06907,1.05784,1.0621,46163
USDCHF,2010-03-30,1.0621,1.06806,1.05867,1.06638,43472
USDCHF,2010-03-31,1.06638,1.06841,1.04884,1.05374,49292
USDCHF,2010-04-01,1.05374,1.06107,1.04345,1.05386,51037
USDCHF,2010-04-02,1.05386,1.06431,1.05364,1.06166,23105
USDCHF,2010-04-05,1.06166,1.06439,1.05841,1.062,24042
USDCHF,2010-04-06,1.062,1.0722,1.06128,1.06869,50892
USDCHF,2010-04-07,1.06869,1.0745,1.06801,1.07373,47993
USDCHF,2010-04-08,1.07373,1.07856,1.07152,1.07267,51318
USDCHF,2010-04-09,1.07267,1.07625,1.06551,1.06569,54172
USDCHF,2010-04-12,1.06569,1.06569,1.05263,1.05897,62039
USDCHF,2010-04-13,1.05897,1.06032,1.05337,1.05347,52737
USDCHF,2010-04-14,1.05347,1.05604,1.05017,1.05162,56071
USDCHF,2010-04-15,1.05162,1.06117,1.05068,1.05618,49336
USDCHF,2010-04-16,1.05618,1.06337,1.0556,1.06067,56036
USDCHF,2010-04-19,1.06067,1.06902,1.06067,1.06289,46223
USDCHF,2010-04-20,1.06289,1.06908,1.06019,1.06843,42891
USDCHF,2010-04-21,1.06843,1.07243,1.0659,1.07034,52185
USDCHF,2010-04-22,1.07034,1.08034,1.06734,1.07792,59539
USDCHF,2010-04-23,1.07792,1.08505,1.07151,1.07335,70568
USDCHF,2010-04-26,1.07335,1.07875,1.07133,1.07278,54246
USDCHF,2010-04-27,1.07278,1.08831,1.06997,1.08769,76372
USDCHF,2010-04-28,1.08769,1.09241,1.08144,1.08435,92062
USDCHF,2010-04-29,1.08435,1.08686,1.08066,1.08366,64702
USDCHF,2010-04-30,1.08366,1.08465,1.07471,1.07604,67387
USDCHF,2010-05-03,1.07604,1.08891,1.07286,1.08562,42279
USDCHF,2010-05-04,1.08562,1.10347,1.0841,1.10284,68280
USDCHF,2010-05-05,1.10284,1.11875,1.10225,1.11796,90374
USDCHF,2010-05-06,1.11796,1.1247,1.1017,1.11351,122475
USDCHF,2010-05-07,1.11351,1.11764,1.10496,1.10848,118615
USDCHF,2010-05-10,1.10848,1.1117,1.09234,1.10925,114926
USDCHF,2010-05-11,1.10925,1.1133,1.10361,1.11156,92422
USDCHF,2010-05-12,1.11156,1.11389,1.10591,1.11141,85201
USDCHF,2010-05-13,1.11141,1.1188,1.10772,1.11742,78731
USDCHF,2010-05-14,1.11742,1.13326,1.11509,1.13134,103373
USDCHF,2010-05-17,1.13134,1.1446,1.12976,1.13098,120849
USDCHF,2010-05-18,1.13098,1.15159,1.12675,1.14731,121956
USDCHF,2010-05-19,1.14731,1.1586,1.14184,1.14986,129123
USDCHF,2010-05-20,1.14986,1.15746,1.14522,1.1506,103714
USDCHF,2010-05-21,1.1506,1.15807,1.14506,1.14921,95071
USDCHF,2010-05-24,1.14921,1.16105,1.14895,1.15854,64719
USDCHF,2010-05-25,1.15854,1.1696,1.15607,1.15702,96199
USDCHF,2010-05-26,1.15702,1.1624,1.15149,1.16027,70769
USDCHF,2010-05-27,1.16027,1.16559,1.1485,1.15091,71867
USDCHF,2010-05-28,1.15091,1.15939,1.14811,1.15937,62148
USDCHF,2010-05-31,1.15937,1.15937,1.15312,1.15473,35262
USDCHF,2010-06-01,1.15473,1.17312,1.14692,1.15681,80930
USDCHF,2010-06-02,1.15681,1.16027,1.15276,1.15479,65743
USDCHF,2010-06-03,1.15479,1.1574,1.14966,1.15635,58298
USDCHF,2010-06-04,1.15635,1.16312,1.14158,1.16165,71948
USDCHF,2010-06-07,1.16165,1.1674,1.15845,1.16299,74666
USDCHF,2010-06-08,1.16299,1.1642,1.14854,1.15274,70326
USDCHF,2010-06-09,1.15274,1.1555,1.14159,1.14839,58329
USDCHF,2010-06-10,1.14839,1.1504,1.13979,1.14203,61037
USDCHF,2010-06-11,1.14203,1.15465,1.1404,1.14955,53348
USDCHF,2010-06-14,1.14955,1.14955,1.13501,1.14193,75622
USDCHF,2010-06-15,1.14193,1.14802,1.12925,1.13304,55469
USDCHF,2010-06-16,1.13304,1.13394,1.125,1.13096,50180
USDCHF,2010-06-17,1.13096,1.133,1.1095,1.11179,52361
USDCHF,2010-06-18,1.11179,1.11308,1.1082,1.10854,79602
USDCHF,2010-06-21,1.10854,1.1138,1.09961,1.11218,59020
USDCHF,2010-06-22,1.11218,1.11227,1.10359,1.10738,58969
USDCHF,2010-06-23,1.10738,1.1138,1.10203,1.10518,62239
USDCHF,2010-06-24,1.10518,1.10673,1.09838,1.10258,48377
USDCHF,2010-06-25,1.10258,1.1048,1.0923,1.09274,51816
USDCHF,2010-06-28,1.09274,1.09415,1.08164,1.08662,47611
USDCHF,2010-06-29,1.08662,1.09026,1.08013,1.08148,54371
USDCHF,2010-06-30,1.08148,1.08555,1.07519,1.07725,57590
USDCHF,2010-07-01,1.07725,1.07894,1.05779,1.05919,69483
USDCHF,2010-07-02,1.05919,1.06975,1.05774,1.06491,55887
USDCHF,2010-07-05,1.06491,1.06741,1.06194,1.06459,30138
USDCHF,2010-07-06,1.06459,1.06666,1.05616,1.059,53454
USDCHF,2010-07-07,1.059,1.06374,1.05085,1.05163,48206
USDCHF,2010-07-08,1.05163,1.0564,1.04812,1.04896,43402
USDCHF,2010-07-09,1.04896,1.05926,1.04867,1.05581,41623
USDCHF,2010-07-12,1.05581,1.06761,1.05449,1.06038,50064
USDCHF,2010-07-13,1.06038,1.06457,1.05146,1.05452,49925
USDCHF,2010-07-14,1.05452,1.0618,1.05246,1.05252,57632
USDCHF,2010-07-15,1.05252,1.05468,1.04011,1.04072,67863
USDCHF,2010-07-16,1.04072,1.05425,1.03996,1.05134,57525
USDCHF,2010-07-19,1.05134,1.056,1.04461,1.055,47184
USDCHF,2010-07-20,1.055,1.05564,1.04531,1.05274,48606
USDCHF,2010-07-21,1.05274,1.0543,1.04846,1.05146,50483
USDCHF,2010-07-22,1.05146,1.05147,1.03935,1.0428,54522
USDCHF,2010-07-23,1.0428,1.05646,1.04075,1.05352,51585
USDCHF,2010-07-26,1.05352,1.05563,1.04601,1.04846,47556
USDCHF,2010-07-27,1.04846,1.06405,1.04813,1.06051,54122
USDCHF,2010-07-28,1.06051,1.0624,1.05371,1.05656,54468
USDCHF,2010-07-29,1.05656,1.0581,1.03735,1.0407,56330
USDCHF,2010-07-30,1.0407,1.04665,1.03617,1.04128,54785
USDCHF,2010-08-02,1.04128,1.0476,1.03481,1.03893,43598
USDCHF,2010-08-03,1.03893,1.04148,1.03475,1.03906,39775
USDCHF,2010-08-04,1.03906,1.05545,1.03792,1.05289,46076
USDCHF,2010-08-05,1.05289,1.05424,1.04128,1.04624,42066
USDCHF,2010-08-06,1.04624,1.05083,1.03319,1.03767,40047
USDCHF,2010-08-09,1.03767,1.04987,1.03707,1.04921,31828
USDCHF,2010-08-10,1.04921,1.06182,1.04609,1.04848,53584
USDCHF,2010-08-11,1.04848,1.06022,1.04745,1.06001,91079
USDCHF,2010-08-12,1.06001,1.06262,1.04652,1.04993,70146
USDCHF,2010-08-13,1.04993,1.05484,1.0482,1.05242,43873
USDCHF,2010-08-16,1.05242,1.05341,1.03506,1.03916,53559
USDCHF,2010-08-17,1.03916,1.0448,1.03624,1.04328,53148
USDCHF,2010-08-18,1.04328,1.04532,1.03851,1.04244,43877
USDCHF,2010-08-19,1.04244,1.04655,1.02571,1.03201,62265
USDCHF,2010-08-20,1.03201,1.0393,1.02869,1.03542,51069
USDCHF,2010-08-23,1.03542,1.04128,1.03018,1.04075,44558
USDCHF,2010-08-24,1.04075,1.0451,1.0287,1.03269,61433
USDCHF,2010-08-25,1.03269,1.03414,1.02477,1.03037,56843
USDCHF,2010-08-26,1.03037,1.03184,1.0222,1.02379,54273
USDCHF,2010-08-27,1.02379,1.03007,1.02205,1.02965,48499
USDCHF,2010-08-30,1.02965,1.03094,1.0237,1.02612,32312
USDCHF,2010-08-31,1.02612,1.02641,1.01354,1.01499,55147
USDCHF,2010-09-01,1.01499,1.0182,1.00645,1.01575,52590
USDCHF,2010-09-02,1.01575,1.01848,1.00955,1.01237,44968
USDCHF,2010-09-03,1.01237,1.02393,1.01205,1.01668,42927
USDCHF,2010-09-06,1.01668,1.01833,1.01093,1.01169,24734
USDCHF,2010-09-07,1.01169,1.01471,1.00783,1.0112,52010
USDCHF,2010-09-08,1.0112,1.01401,1.00603,1.01132,49192
USDCHF,2010-09-09,1.01132,1.01674,1.01001,1.01498,45745
USDCHF,2010-09-10,1.01498,1.02782,1.01356,1.01955,54526
USDCHF,2010-09-13,1.01955,1.02075,1.0071,1.00736,52867
USDCHF,2010-09-14,1.00736,1.00861,0.99323,0.99604,62335
USDCHF,2010-09-15,0.99604,1.0049,0.99476,1.00319,59637
USDCHF,2010-09-16,1.00319,1.01714,0.99978,1.01572,55649
USDCHF,2010-09-17,1.01572,1.01833,1.0069,1.00972,56664
USDCHF,2010-09-20,1.00972,1.01186,1.00291,1.00482,38165
USDCHF,2010-09-21,1.00482,1.00748,0.9961,0.9963,49276
USDCHF,2010-09-22,0.9963,0.99824,0.98383,0.98598,60714
USDCHF,2010-09-23,0.98598,0.98998,0.98042,0.98539,51244
USDCHF,2010-09-24,0.98539,0.98827,0.97786,0.98495,56238
USDCHF,2010-09-27,0.98495,0.98712,0.98137,0.98514,45497
USDCHF,2010-09-28,0.98514,0.98785,0.97375,0.97578,62584
USDCHF,2010-09-29,0.97578,0.98151,0.97334,0.97705,56201
USDCHF,2010-09-30,0.97705,0.98395,0.97078,0.98241,66363
USDCHF,2010-10-01,0.98241,0.98435,0.97482,0.97507,64412
USDCHF,2010-10-04,0.97507,0.97903,0.97041,0.9715,52665
USDCHF,2010-10-05,0.9715,0.97393,0.96446,0.9663,69422
USDCHF,2010-10-06,0.9663,0.9685,0.95992,0.96166,68614
USDCHF,2010-10-07,0.96166,0.97015,0.95548,0.96618,75403
USDCHF,2010-10-08,0.96618,0.96979,0.95914,0.96401,80497
USDCHF,2010-10-11,0.96401,0.96637,0.95859,0.96475,59688
USDCHF,2010-10-12,0.96475,0.97281,0.95552,0.95663,93018
USDCHF,2010-10-13,0.95663,0.96424,0.95444,0.9584,64225
USDCHF,2010-10-14,0.9584,0.9589,0.94629,0.95282,72467
USDCHF,2010-10-15,0.95282,0.9602,0.94853,0.95759,73629
USDCHF,2010-10-18,0.95759,0.96498,0.95417,0.95932,67042
USDCHF,2010-10-19,0.95932,0.97573,0.95773,0.97174,89809
USDCHF,2010-10-20,0.97174,0.97181,0.95718,0.96167,75764
USDCHF,2010-10-21,0.96167,0.9682,0.96114,0.96769,86181
USDCHF,2010-10-22,0.96769,0.9805,0.96604,0.97954,63077
USDCHF,2010-10-25,0.97954,0.97954,0.96628,0.97079,58047
USDCHF,2010-10-26,0.97079,0.98822,0.97024,0.98429,73775
USDCHF,2010-10-27,0.98429,0.99296,0.98389,0.99026,72738
USDCHF,2010-10-28,0.99026,0.99069,0.98038,0.9833,58669
USDCHF,2010-10-29,0.9833,0.99108,0.9826,0.98405,69597
USDCHF,2010-11-01,0.98405,0.99711,0.98122,0.99178,56476
USDCHF,2010-11-02,0.99178,0.99325,0.97582,0.97936,57504
USDCHF,2010-11-03,0.97936,0.9824,0.96919,0.9706,72295
USDCHF,2010-11-04,0.9706,0.97376,0.95684,0.95824,74696
USDCHF,2010-11-05,0.95824,0.9642,0.95477,0.96196,75712
USDCHF,2010-11-08,0.96196,0.96817,0.96014,0.96594,59627
USDCHF,2010-11-09,0.96594,0.96968,0.95872,0.96815,78028
USDCHF,2010-11-10,0.96815,0.97675,0.96729,0.97085,89635
USDCHF,2010-11-11,0.97085,0.97872,0.96704,0.97508,75957
USDCHF,2010-11-12,0.97508,0.98095,0.9724,0.98011,100000
USDCHF,2010-11-15,0.98011,0.98718,0.97624,0.98468,79847
USDCHF,2010-11-16,0.98468,0.99774,0.98289,0.99585,93271
USDCHF,2010-11-17,0.99585,0.9976,0.9882,0.99151,70951
USDCHF,2010-11-18,0.99151,0.99977,0.9855,0.99576,72325
USDCHF,2010-11-19,0.99576,0.99972,0.98757,0.9919,64756
USDCHF,2010-11-22,0.9919,0.99411,0.9877,0.98939,60910
USDCHF,2010-11-23,0.98939,0.9975,0.98486,0.99725,92048
USDCHF,2010-11-24,0.99725,0.99889,0.98985,0.99572,86808
USDCHF,2010-11-25,0.99572,1.00201,0.99435,1.00039,60177
USDCHF,2010-11-26,1.00039,1.00544,0.99835,1.00276,72774
USDCHF,2010-11-29,1.00276,1.00457,0.99881,1.00007,75222
USDCHF,2010-11-30,1.00007,1.00435,0.99263,1.00339,87497
USDCHF,2010-12-01,1.00339,1.00664,0.99855,1.00236,87430
USDCHF,2010-12-02,1.00236,1.00539,0.98878,0.9926,85602
USDCHF,2010-12-03,0.9926,0.99506,0.974,0.97544,72766
USDCHF,2010-12-06,0.97544,0.98742,0.9726,0.98173,64481
USDCHF,2010-12-07,0.98173,0.98844,0.97565,0.98762,67125
USDCHF,2010-12-08,0.98762,0.99156,0.98483,0.98629,72592
USDCHF,2010-12-09,0.98629,0.98955,0.98093,0.98337,76642
USDCHF,2010-12-10,0.98337,0.98416,0.97949,0.98011,54786
USDCHF,2010-12-13,0.98011,0.98515,0.96488,0.96775,51644
USDCHF,2010-12-14,0.96775,0.96899,0.95585,0.95955,75236
USDCHF,2010-12-15,0.95955,0.96959,0.95745,0.96802,82564
USDCHF,2010-12-16,0.96802,0.9734,0.96407,0.96424,70269
USDCHF,2010-12-17,0.96424,0.972,0.95584,0.97002,68506
USDCHF,2010-12-20,0.97002,0.97197,0.96314,0.9649,59344
USDCHF,2010-12-21,0.9649,0.96539,0.95623,0.95778,54934
USDCHF,2010-12-22,0.95778,0.95906,0.95023,0.95196,59283
USDCHF,2010-12-23,0.95196,0.96653,0.94973,0.95872,54796
USDCHF,2010-12-24,0.95872,0.96348,0.95525,0.96189,12362
USDCHF,2010-12-27,0.96189,0.96465,0.95759,0.95891,31242
USDCHF,2010-12-28,0.95891,0.96062,0.94332,0.9518,59246
USDCHF,2010-12-29,0.9518,0.95328,0.94544,0.94574,49955
USDCHF,2010-12-30,0.94574,0.94594,0.93504,0.93515,45244
USDCHF,2010-12-31,0.93515,0.93968,0.93002,0.93427,32173
USDCHF,2011-01-03,0.93427,0.93442,0.93223,0.93339,7506
USDCHF,2011-01-04,0.93339,0.95174,0.93262,0.94853,65618
USDCHF,2011-01-05,0.94853,0.96853,0.94686,0.96582,72008
USDCHF,2011-01-06,0.96582,0.97076,0.96104,0.96539,71608
USDCHF,2011-01-07,0.96539,0.96905,0.96023,0.96686,73237
USDCHF,2011-01-10,0.96686,0.97273,0.96308,0.96749,60673
USDCHF,2011-01-11,0.96749,0.97844,0.96601,0.97355,71366
USDCHF,2011-01-12,0.97355,0.9756,0.96612,0.96664,81160
USDCHF,2011-01-13,0.96664,0.97641,0.96124,0.96375,75036
USDCHF,2011-01-14,0.96375,0.9687,0.96049,0.96439,70670
USDCHF,2011-01-17,0.96439,0.96542,0.96439,0.96465,1388
USDCHF,2011-01-18,0.96465,0.96565,0.9551,0.96341,75648
USDCHF,2011-01-19,0.96341,0.9647,0.95198,0.95493,71269
USDCHF,2011-01-20,0.95493,0.96847,0.95274,0.9672,71492
USDCHF,2011-01-21,0.9672,0.96863,0.95728,0.95834,54740
USDCHF,2011-01-24,0.95834,0.96232,0.94712,0.94905,50638
USDCHF,2011-01-25,0.94905,0.95227,0.94033,0.94221,74912
USDCHF,2011-01-26,0.94221,0.94648,0.94005,0.94202,66607
USDCHF,2011-01-27,0.94202,0.9482,0.93896,0.94538,69088
USDCHF,2011-01-28,0.94538,0.94713,0.9399,0.94195,63864
USDCHF,2011-01-31,0.94195,0.94489,0.93686,0.94393,59126
USDCHF,2011-02-01,0.94393,0.94565,0.93363,0.935,64166
USDCHF,2011-02-02,0.935,0.9442,0.93284,0.94018,60502
USDCHF,2011-02-03,0.94018,0.95253,0.93944,0.94521,68694
USDCHF,2011-02-04,0.94521,0.9594,0.94469,0.95512,65241
USDCHF,2011-02-07,0.95512,0.95981,0.95298,0.95542,64035
USDCHF,2011-02-08,0.95542,0.96432,0.95236,0.9633,70469
USDCHF,2011-02-09,0.9633,0.9661,0.9552,0.9577,63821
USDCHF,2011-02-10,0.9577,0.9703,0.95733,0.96864,63026
USDCHF,2011-02-11,0.96864,0.9775,0.96783,0.97328,54848
USDCHF,2011-02-14,0.97328,0.97445,0.96916,0.96962,51308
USDCHF,2011-02-15,0.96962,0.97295,0.9649,0.96671,59302
USDCHF,2011-02-16,0.96671,0.97392,0.95534,0.95911,67181
USDCHF,2011-02-17,0.95911,0.9602,0.94776,0.94934,62588
USDCHF,2011-02-18,0.94934,0.95391,0.94369,0.94586,57600
USDCHF,2011-02-21,0.94586,0.9489,0.9431,0.94617,32394
USDCHF,2011-02-22,0.94617,0.95058,0.93663,0.93854,71313
USDCHF,2011-02-23,0.93854,0.93922,0.93076,0.93241,60074
USDCHF,2011-02-24,0.93241,0.93353,0.92338,0.92608,73375
USDCHF,2011-02-25,0.92608,0.93185,0.92275,0.92815,59094
USDCHF,2011-02-28,0.92815,0.93067,0.92588,0.92837,52776
USDCHF,2011-03-01,0.92837,0.93216,0.9274,0.92809,52005
USDCHF,2011-03-02,0.92809,0.92908,0.92018,0.92309,50718
USDCHF,2011-03-03,0.92309,0.93276,0.92309,0.93111,56000
USDCHF,2011-03-04,0.93111,0.93293,0.9224,0.92579,47039
USDCHF,2011-03-07,0.92579,0.9276,0.92361,0.92621,54217
USDCHF,2011-03-08,0.92621,0.93638,0.92609,0.93462,62150
USDCHF,2011-03-09,0.93462,0.93692,0.92686,0.92914,58650
USDCHF,2011-03-10,0.92914,0.93629,0.92805,0.93153,69027
USDCHF,2011-03-11,0.93153,0.93588,0.92681,0.92932,67581
USDCHF,2011-03-14,0.92932,0.93164,0.92294,0.92431,57426
USDCHF,2011-03-15,0.92431,0.92517,0.914,0.91649,90634
USDCHF,2011-03-16,0.91649,0.91982,0.90713,0.90779,75805
USDCHF,2011-03-17,0.90779,0.90808,0.89186,0.89839,97612
USDCHF,2011-03-18,0.89839,0.90904,0.89599,0.90285,77618
USDCHF,2011-03-21,0.90285,0.9075,0.89914,0.9043,43903
USDCHF,2011-03-22,0.9043,0.90574,0.90129,0.90323,50961
USDCHF,2011-03-23,0.90323,0.90882,0.89788,0.90852,59834
USDCHF,2011-03-24,0.90852,0.9124,0.90289,0.90833,59741
USDCHF,2011-03-25,0.90833,0.92146,0.9075,0.92069,57701
USDCHF,2011-03-28,0.92069,0.92343,0.9152,0.9167,49075
USDCHF,2011-03-29,0.9167,0.92241,0.91398,0.92001,54519
USDCHF,2011-03-30,0.92001,0.92751,0.91756,0.91823,55872
USDCHF,2011-03-31,0.91823,0.91972,0.91262,0.91887,55505
USDCHF,2011-04-01,0.91887,0.93403,0.91792,0.92421,65079
USDCHF,2011-04-04,0.92421,0.9262,0.91915,0.92292,44344
USDCHF,2011-04-05,0.92292,0.92733,0.92051,0.92499,50952
USDCHF,2011-04-06,0.92499,0.92961,0.91308,0.9188,62399
USDCHF,2011-04-07,0.9188,0.91999,0.9153,0.91631,57578
USDCHF,2011-04-08,0.91631,0.91697,0.90584,0.90626,53017
USDCHF,2011-04-11,0.90626,0.91048,0.90466,0.90652,41627
USDCHF,2011-04-12,0.90652,0.90753,0.89423,0.89687,66751
USDCHF,2011-04-13,0.89687,0.89915,0.89287,0.89623,56245
USDCHF,2011-04-14,0.89623,0.89691,0.88959,0.89222,59548
USDCHF,2011-04-15,0.89222,0.896,0.89154,0.89249,45672
USDCHF,2011-04-18,0.89249,0.90003,0.8905,0.8963,65221
USDCHF,2011-04-19,0.8963,0.90079,0.89458,0.89972,54534
USDCHF,2011-04-20,0.89972,0.90162,0.88754,0.88788,65793
USDCHF,2011-04-21,0.88788,0.88925,0.87805,0.886,59061
USDCHF,2011-04-22,0.886,0.88785,0.88457,0.88564,11022
USDCHF,2011-04-25,0.88564,0.88729,0.87718,0.88102,20915
USDCHF,2011-04-26,0.88102,0.88532,0.87454,0.87507,44302
USDCHF,2011-04-27,0.87507,0.88344,0.86696,0.87453,56908
USDCHF,2011-04-28,0.87453,0.87601,0.86886,0.87353,55763
USDCHF,2011-04-29,0.87353,0.8748,0.86259,0.86511,39975
USDCHF,2011-05-02,0.86511,0.86966,0.8625,0.86516,49734
USDCHF,2011-05-03,0.86516,0.86736,0.85958,0.86117,52515
USDCHF,2011-05-04,0.86117,0.8647,0.85464,0.86159,63394
USDCHF,2011-05-05,0.86159,0.87131,0.85567,0.8703,74677
USDCHF,2011-05-06,0.8703,0.87986,0.86762,0.87696,93480
USDCHF,2011-05-09,0.87696,0.87877,0.87089,0.87164,72549
USDCHF,2011-05-10,0.87164,0.88233,0.87076,0.87959,83090
USDCHF,2011-05-11,0.87959,0.88838,0.87835,0.8876,74139
USDCHF,2011-05-12,0.8876,0.89044,0.88259,0.88399,78201
USDCHF,2011-05-13,0.88399,0.89465,0.87973,0.89257,68723
USDCHF,2011-05-16,0.89257,0.8939,0.87993,0.88449,69534
USDCHF,2011-05-17,0.88449,0.88826,0.87968,0.87995,75220
USDCHF,2011-05-18,0.87995,0.88442,0.87834,0.88074,67549
USDCHF,2011-05-19,0.88074,0.88794,0.87651,0.88051,72830
USDCHF,2011-05-20,0.88051,0.88557,0.87475,0.87915,72059
USDCHF,2011-05-23,0.87915,0.88489,0.87552,0.88362,78294
USDCHF,2011-05-24,0.88362,0.88932,0.87823,0.87994,72084
USDCHF,2011-05-25,0.87994,0.8814,0.87091,0.87248,71631
USDCHF,2011-05-26,0.87248,0.87331,0.86501,0.86549,77804
USDCHF,2011-05-27,0.86549,0.86623,0.85115,0.85264,60592
USDCHF,2011-05-30,0.85264,0.85312,0.8483,0.85208,24856
USDCHF,2011-05-31,0.85208,0.85465,0.84657,0.85399,72750
USDCHF,2011-06-01,0.85399,0.85445,0.83829,0.84173,81858
USDCHF,2011-06-02,0.84173,0.8453,0.84023,0.84216,75199
USDCHF,2011-06-03,0.84216,0.84459,0.83354,0.83478,74868
USDCHF,2011-06-06,0.83478,0.83862,0.83274,0.83445,70289
USDCHF,2011-06-07,0.83445,0.83911,0.83266,0.83607,68882
USDCHF,2011-06-08,0.83607,0.83804,0.83465,0.83592,71401
USDCHF,2011-06-09,0.83592,0.84461,0.83548,0.84107,66027
USDCHF,2011-06-10,0.84107,0.84324,0.83965,0.84297,69073
USDCHF,2011-06-13,0.84297,0.84682,0.83536,0.83712,60523
USDCHF,2011-06-14,0.83712,0.84576,0.83478,0.8453,69691
USDCHF,2011-06-15,0.8453,0.85512,0.84426,0.85289,82028
USDCHF,2011-06-16,0.85289,0.85496,0.84691,0.84725,90154
USDCHF,2011-06-17,0.84725,0.85103,0.84422,0.8487,73868
USDCHF,2011-06-20,0.8487,0.85165,0.84065,0.84623,49823
USDCHF,2011-06-21,0.84623,0.84625,0.84001,0.84062,55273
USDCHF,2011-06-22,0.84062,0.84325,0.834,0.83886,60870
USDCHF,2011-06-23,0.83886,0.84383,0.83641,0.83871,78247
USDCHF,2011-06-24,0.83871,0.83952,0.83379,0.83723,71861
USDCHF,2011-06-27,0.83723,0.83848,0.8317,0.83513,68825
USDCHF,2011-06-28,0.83513,0.83583,0.82754,0.83194,73324
USDCHF,2011-06-29,0.83194,0.83681,0.82967,0.83407,78116
USDCHF,2011-06-30,0.83407,0.84637,0.83051,0.84057,69723
USDCHF,2011-07-01,0.84057,0.85261,0.83992,0.84868,70293
USDCHF,2011-07-04,0.84868,0.8503,0.84626,0.84745,50654
USDCHF,2011-07-05,0.84745,0.85066,0.83831,0.84038,62050
USDCHF,2011-07-06,0.84038,0.8443,0.83636,0.83884,68015
USDCHF,2011-07-07,0.83884,0.84953,0.83792,0.84413,69741
USDCHF,2011-07-08,0.84413,0.85207,0.83609,0.83655,67060
USDCHF,2011-07-11,0.83655,0.83878,0.83304,0.83578,72470
USDCHF,2011-07-12,0.83578,0.83979,0.82823,0.83041,109332
USDCHF,2011-07-13,0.83041,0.83304,0.817,0.81711,88288
USDCHF,2011-07-14,0.81711,0.81991,0.80787,0.81597,97308
USDCHF,2011-07-15,0.81597,0.81916,0.81207,0.81263,78010
USDCHF,2011-07-18,0.81263,0.81938,0.80824,0.81761,77897
USDCHF,2011-07-19,0.81761,0.82776,0.81515,0.8235,78922
USDCHF,2011-07-20,0.8235,0.82555,0.81776,0.81953,57558
USDCHF,2011-07-21,0.81953,0.82372,0.81365,0.81479,78394
USDCHF,2011-07-22,0.81479,0.82475,0.81359,0.81808,64506
USDCHF,2011-07-25,0.81808,0.81808,0.80204,0.80598,59857
USDCHF,2011-07-26,0.80598,0.8069,0.79979,0.80096,66508
USDCHF,2011-07-27,0.80096,0.80466,0.79961,0.80149,59956
USDCHF,2011-07-28,0.80149,0.80466,0.79898,0.80119,61957
USDCHF,2011-07-29,0.80119,0.80323,0.78531,0.7871,75543
USDCHF,2011-08-01,0.7871,0.79527,0.77286,0.7835,91678
USDCHF,2011-08-02,0.7835,0.78567,0.76201,0.76212,101732
USDCHF,2011-08-03,0.76212,0.77883,0.76065,0.77018,114889
USDCHF,2011-08-04,0.77018,0.78014,0.7628,0.76349,125281
USDCHF,2011-08-05,0.76349,0.77408,0.75789,0.76545,132248
USDCHF,2011-08-08,0.76545,0.76545,0.74822,0.7549,135357
USDCHF,2011-08-09,0.7549,0.75928,0.70668,0.72073,155057
USDCHF,2011-08-10,0.72073,0.73328,0.71801,0.72633,127473
USDCHF,2011-08-11,0.72633,0.76864,0.72368,0.76068,119668
USDCHF,2011-08-12,0.76068,0.77856,0.75483,0.77712,98099
USDCHF,2011-08-15,0.77712,0.7997,0.77712,0.78402,83105
USDCHF,2011-08-16,0.78402,0.79606,0.77695,0.79565,84239
USDCHF,2011-08-17,0.79565,0.8018,0.78238,0.78978,89715
USDCHF,2011-08-18,0.78978,0.79889,0.7857,0.79402,94383
USDCHF,2011-08-19,0.79402,0.7961,0.78059,0.78584,94872
USDCHF,2011-08-22,0.78584,0.79068,0.78378,0.79007,62508
USDCHF,2011-08-23,0.79007,0.79315,0.78522,0.79215,60841
USDCHF,2011-08-24,0.79215,0.79602,0.78748,0.79585,62895
USDCHF,2011-08-25,0.79585,0.79891,0.79099,0.7928,69691
USDCHF,2011-08-26,0.7928,0.8157,0.78923,0.80689,73833
USDCHF,2011-08-29,0.80689,0.82406,0.80672,0.8155,56709
USDCHF,2011-08-30,0.8155,0.82324,0.81207,0.8199,56638
USDCHF,2011-08-31,0.8199,0.82083,0.79931,0.80568,68983
USDCHF,2011-09-01,0.80568,0.80884,0.79263,0.7952,75647
USDCHF,2011-09-02,0.7952,0.79602,0.77107,0.78984,80982
USDCHF,2011-09-05,0.78984,0.7912,0.78209,0.78711,63729
USDCHF,2011-09-06,0.78711,0.86261,0.78397,0.86168,110688
USDCHF,2011-09-07,0.86168,0.86248,0.85387,0.85733,66261
USDCHF,2011-09-08,0.85733,0.87697,0.85731,0.87545,75473
USDCHF,2011-09-09,0.87545,0.88639,0.87061,0.88354,88787
USDCHF,2011-09-12,0.88354,0.89286,0.8798,0.8798,103401
USDCHF,2011-09-13,0.8798,0.88794,0.8758,0.88025,105588
USDCHF,2011-09-14,0.88025,0.88539,0.87291,0.87577,104339
USDCHF,2011-09-15,0.87577,0.87972,0.86469,0.86935,91494
USDCHF,2011-09-16,0.86935,0.87775,0.86859,0.8765,72149
USDCHF,2011-09-19,0.8765,0.8875,0.8765,0.88204,72307
USDCHF,2011-09-20,0.88204,0.89223,0.879,0.88703,94775
USDCHF,2011-09-21,0.88703,0.90103,0.88554,0.89983,97860
USDCHF,2011-09-22,0.89983,0.91827,0.89756,0.90847,111967
USDCHF,2011-09-23,0.90847,0.90857,0.89962,0.90539,89989
USDCHF,2011-09-26,0.90539,0.91437,0.90059,0.9012,98573
USDCHF,2011-09-27,0.9012,0.90576,0.89247,0.89569,88939
USDCHF,2011-09-28,0.89569,0.90033,0.8926,0.90013,90508
USDCHF,2011-09-29,0.90013,0.90216,0.89182,0.89683,86436
USDCHF,2011-09-30,0.89683,0.90857,0.89644,0.90633,79301
USDCHF,2011-10-03,0.90633,0.92166,0.90633,0.92152,83795
USDCHF,2011-10-04,0.92152,0.92622,0.91457,0.91599,92190
USDCHF,2011-10-05,0.91599,0.92498,0.91506,0.92302,95023
USDCHF,2011-10-06,0.92302,0.93151,0.91853,0.92035,91770
USDCHF,2011-10-07,0.92035,0.92809,0.91461,0.9263,78614
USDCHF,2011-10-10,0.9263,0.92717,0.90026,0.90359,79365
USDCHF,2011-10-11,0.90359,0.91219,0.90246,0.90853,74705
USDCHF,2011-10-12,0.90853,0.91113,0.89174,0.89431,83404
USDCHF,2011-10-13,0.89431,0.90393,0.89275,0.89803,76134
USDCHF,2011-10-14,0.89803,0.90093,0.89033,0.8923,67708
USDCHF,2011-10-17,0.8923,0.89975,0.88811,0.89921,71957
USDCHF,2011-10-18,0.89921,0.90479,0.89452,0.89836,83695
USDCHF,2011-10-19,0.89836,0.90383,0.89496,0.90258,78187
USDCHF,2011-10-20,0.90258,0.90828,0.89287,0.8932,89161
USDCHF,2011-10-21,0.8932,0.89517,0.88051,0.88134,74014
USDCHF,2011-10-24,0.88134,0.8878,0.87914,0.88071,71131
USDCHF,2011-10-25,0.88071,0.88473,0.87717,0.87794,77998
USDCHF,2011-10-26,0.87794,0.8859,0.87286,0.88086,75049
USDCHF,2011-10-27,0.88086,0.88256,0.85674,0.85997,81833
USDCHF,2011-10-28,0.85997,0.86512,0.85889,0.86202,58943
USDCHF,2011-10-31,0.86202,0.87868,0.86103,0.87684,64708
USDCHF,2011-11-01,0.87684,0.89604,0.87632,0.88705,92214
USDCHF,2011-11-02,0.88705,0.89048,0.87939,0.88388,76552
USDCHF,2011-11-03,0.88388,0.88932,0.87614,0.87778,80389
USDCHF,2011-11-04,0.87778,0.89052,0.87689,0.88605,66173
USDCHF,2011-11-07,0.88605,0.90309,0.88605,0.90037,70069
USDCHF,2011-11-08,0.90037,0.90676,0.89224,0.89457,81304
USDCHF,2011-11-09,0.89457,0.91103,0.89217,0.90929,90976
USDCHF,2011-11-10,0.90929,0.91524,0.90182,0.9055,87842
USDCHF,2011-11-11,0.9055,0.90835,0.89529,0.90129,66691
USDCHF,2011-11-14,0.90129,0.90927,0.89614,0.90825,87872
USDCHF,2011-11-15,0.90825,0.91986,0.90761,0.915,90648
USDCHF,2011-11-16,0.915,0.92231,0.91391,0.91893,101336
USDCHF,2011-11-17,0.91893,0.92361,0.91521,0.92193,105424
USDCHF,2011-11-18,0.92193,0.92235,0.90852,0.9176,90065
USDCHF,2011-11-21,0.9176,0.92097,0.91402,0.91705,91354
USDCHF,2011-11-22,0.91705,0.9186,0.91075,0.91404,85048
USDCHF,2011-11-23,0.91404,0.92138,0.91278,0.91966,93332
USDCHF,2011-11-24,0.91966,0.92164,0.91536,0.91934,64398
USDCHF,2011-11-25,0.91934,0.93304,0.91856,0.93066,85097
USDCHF,2011-11-28,0.93066,0.93073,0.91757,0.92245,83828
USDCHF,2011-11-29,0.92245,0.92442,0.9139,0.92073,87208
USDCHF,2011-11-30,0.92073,0.92522,0.90656,0.91259,88348
USDCHF,2011-12-01,0.91259,0.91913,0.90711,0.91564,84523
USDCHF,2011-12-02,0.91564,0.92421,0.91096,0.92029,67497
USDCHF,2011-12-05,0.92029,0.92314,0.9165,0.92058,74997
USDCHF,2011-12-06,0.92058,0.92964,0.91956,0.92579,76526
USDCHF,2011-12-07,0.92579,0.92883,0.92274,0.92353,66827
USDCHF,2011-12-08,0.92353,0.92907,0.91767,0.92597,75464
USDCHF,2011-12-09,0.92597,0.92847,0.91818,0.92254,85280
USDCHF,2011-12-12,0.92254,0.93885,0.92254,0.93705,92535
USDCHF,2011-12-13,0.93705,0.94783,0.93421,0.94555,103677
USDCHF,2011-12-14,0.94555,0.95383,0.94294,0.95341,93812
USDCHF,2011-12-15,0.95341,0.95476,0.93887,0.93939,98781
USDCHF,2011-12-16,0.93939,0.94146,0.93515,0.93544,80211
USDCHF,2011-12-19,0.93544,0.93995,0.93476,0.93733,78774
USDCHF,2011-12-20,0.93733,0.93808,0.92675,0.93162,77090
USDCHF,2011-12-21,0.93162,0.93934,0.92427,0.93559,86646
USDCHF,2011-12-22,0.93559,0.94,0.93066,0.93606,83429
USDCHF,2011-12-23,0.93606,0.93882,0.93341,0.93603,50550
USDCHF,2011-12-26,0.93603,0.93678,0.93354,0.93585,5846
USDCHF,2011-12-27,0.93585,0.93879,0.93328,0.9336,40236
USDCHF,2011-12-28,0.9336,0.94416,0.93205,0.9424,55293
USDCHF,2011-12-29,0.9424,0.94699,0.93926,0.94004,67070
USDCHF,2011-12-30,0.94004,0.94276,0.93418,0.93863,62006
USDCHF,2012-01-02,0.93863,0.94112,0.93498,0.93966,10455
USDCHF,2012-01-03,0.93966,0.93999,0.93006,0.93195,60247
USDCHF,2012-01-04,0.93195,0.94493,0.93064,0.9416,85079
USDCHF,2012-01-05,0.9416,0.95382,0.94111,0.95201,97255
USDCHF,2012-01-06,0.95201,0.95787,0.95057,0.95394,79484
USDCHF,2012-01-09,0.95394,0.9595,0.949,0.9496,87510
USDCHF,2012-01-10,0.9496,0.95115,0.9465,0.94907,74295
USDCHF,2012-01-11,0.94907,0.95674,0.94825,0.95416,78934
USDCHF,2012-01-12,0.95416,0.95459,0.94117,0.94437,81968
USDCHF,2012-01-13,0.94437,0.95747,0.94068,0.9514,109542
USDCHF,2012-01-16,0.9514,0.95664,0.9514,0.954,67403
USDCHF,2012-01-17,0.954,0.95746,0.94479,0.94924,87808
USDCHF,2012-01-18,0.94924,0.94967,0.93829,0.93939,93588
USDCHF,2012-01-19,0.93939,0.94123,0.9317,0.93197,86029
USDCHF,2012-01-20,0.93197,0.93706,0.93064,0.93389,70745
USDCHF,2012-01-23,0.93389,0.93787,0.92516,0.9272,83810
USDCHF,2012-01-24,0.9272,0.93117,0.92348,0.92754,97535
USDCHF,2012-01-25,0.92754,0.93399,0.92043,0.92156,104271
USDCHF,2012-01-26,0.92156,0.92289,0.91565,0.92032,88008
USDCHF,2012-01-27,0.92032,0.92286,0.91109,0.91263,101937
USDCHF,2012-01-30,0.91263,0.92096,0.91174,0.91707,89085
USDCHF,2012-01-31,0.91707,0.9228,0.91227,0.91992,104112
USDCHF,2012-02-01,0.91992,0.92502,0.91146,0.91535,107821
USDCHF,2012-02-02,0.91535,0.92077,0.91304,0.91659,92980
USDCHF,2012-02-03,0.91659,0.92341,0.91278,0.91748,94747
USDCHF,2012-02-06,0.91748,0.9263,0.91748,0.91862,88824
USDCHF,2012-02-07,0.91862,0.9227,0.91096,0.91167,103622
USDCHF,2012-02-08,0.91167,0.91498,0.91068,0.91255,95092
USDCHF,2012-02-09,0.91255,0.91526,0.90888,0.91178,104399
USDCHF,2012-02-10,0.91178,0.92005,0.91028,0.91634,87702
USDCHF,2012-02-13,0.91634,0.91662,0.9103,0.91649,76660
USDCHF,2012-02-14,0.91649,0.923,0.91429,0.91911,94981
USDCHF,2012-02-15,0.91911,0.92512,0.91555,0.92346,107603
USDCHF,2012-02-16,0.92346,0.93005,0.91753,0.9192,107436
USDCHF,2012-02-17,0.9192,0.92067,0.91598,0.91958,77768
USDCHF,2012-02-20,0.91958,0.91958,0.90835,0.9115,61820
USDCHF,2012-02-21,0.9115,0.91492,0.90831,0.9122,94987
USDCHF,2012-02-22,0.9122,0.91386,0.90969,0.91008,86134
USDCHF,2012-02-23,0.91008,0.91142,0.90095,0.90134,94688
USDCHF,2012-02-24,0.90134,0.90275,0.89312,0.89577,95608
USDCHF,2012-02-27,0.89577,0.90111,0.89362,0.89931,85700
USDCHF,2012-02-28,0.89931,0.90019,0.89452,0.8955,95396
USDCHF,2012-02-29,0.8955,0.90525,0.8936,0.90449,117555
USDCHF,2012-03-01,0.90449,0.90726,0.90217,0.90582,104226
USDCHF,2012-03-02,0.90582,0.91495,0.90461,0.91355,92564
USDCHF,2012-03-05,0.91355,0.91623,0.91058,0.91224,89867
USDCHF,2012-03-06,0.91224,0.91963,0.91143,0.91876,91099
USDCHF,2012-03-07,0.91876,0.92018,0.91567,0.91648,79181
USDCHF,2012-03-08,0.91648,0.91758,0.90711,0.90814,83391
USDCHF,2012-03-09,0.90814,0.9207,0.90782,0.91816,85080
USDCHF,2012-03-12,0.91816,0.92186,0.91626,0.91648,69133
USDCHF,2012-03-13,0.91648,0.92497,0.91402,0.92299,77774
USDCHF,2012-03-14,0.92299,0.9332,0.92269,0.9305,92237
USDCHF,2012-03-15,0.9305,0.93348,0.92015,0.92305,90435
USDCHF,2012-03-16,0.92305,0.9254,0.91496,0.91496,79801
USDCHF,2012-03-19,0.91496,0.91781,0.90915,0.91118,69898
USDCHF,2012-03-20,0.91118,0.91532,0.90997,0.91155,80352
USDCHF,2012-03-21,0.91155,0.91487,0.90775,0.9122,79313
USDCHF,2012-03-22,0.9122,0.91786,0.90951,0.91322,87148
USDCHF,2012-03-23,0.91322,0.91396,0.90664,0.90779,81314
USDCHF,2012-03-26,0.90779,0.91365,0.9022,0.90285,72143
USDCHF,2012-03-27,0.90285,0.90538,0.9016,0.90516,70869
USDCHF,2012-03-28,0.90516,0.90818,0.90159,0.90506,79633
USDCHF,2012-03-29,0.90506,0.90931,0.90325,0.90604,84812
USDCHF,2012-03-30,0.90604,0.90671,0.90088,0.90167,83161
USDCHF,2012-04-02,0.90167,0.90712,0.90015,0.90366,80396
USDCHF,2012-04-03,0.90366,0.91146,0.90036,0.90949,80967
USDCHF,2012-04-04,0.90949,0.91829,0.9094,0.91561,88802
USDCHF,2012-04-05,0.91561,0.92224,0.91429,0.91966,89388
USDCHF,2012-04-06,0.91966,0.9206,0.91602,0.91637,25235
USDCHF,2012-04-09,0.91637,0.92169,0.91508,0.9171,33407
USDCHF,2012-04-10,0.9171,0.92106,0.91456,0.91838,82458
USDCHF,2012-04-11,0.91838,0.91943,0.91287,0.91725,80617
USDCHF,2012-04-12,0.91725,0.91786,0.90914,0.91112,86907
USDCHF,2012-04-13,0.91112,0.9202,0.91036,0.9189,83703
USDCHF,2012-04-16,0.9189,0.92518,0.91399,0.91446,87319
USDCHF,2012-04-17,0.91446,0.91823,0.91251,0.91512,67920
USDCHF,2012-04-18,0.91512,0.92101,0.91436,0.91573,75944
USDCHF,2012-04-19,0.91573,0.91955,0.91278,0.91482,84285
USDCHF,2012-04-20,0.91482,0.91548,0.90829,0.90833,68830
USDCHF,2012-04-23,0.90833,0.91721,0.90833,0.91342,75116
USDCHF,2012-04-24,0.91342,0.91422,0.90908,0.91043,61366
USDCHF,2012-04-25,0.91043,0.9122,0.90785,0.90916,73331
USDCHF,2012-04-26,0.90916,0.91026,0.9058,0.90887,68900
USDCHF,2012-04-27,0.90887,0.91333,0.9052,0.90582,75491
USDCHF,2012-04-30,0.90582,0.90968,0.90561,0.90738,61795
USDCHF,2012-05-01,0.90738,0.90996,0.90426,0.90761,41738
USDCHF,2012-05-02,0.90761,0.91572,0.90738,0.91294,67783
USDCHF,2012-05-03,0.91294,0.91742,0.91146,0.91343,62155
USDCHF,2012-05-04,0.91343,0.91843,0.91152,0.91747,62534
USDCHF,2012-05-07,0.91747,0.92716,0.91747,0.92052,72881
USDCHF,2012-05-08,0.92052,0.92513,0.91958,0.92334,80116
USDCHF,2012-05-09,0.92334,0.93017,0.92322,0.92889,94293
USDCHF,2012-05-10,0.92889,0.92929,0.92563,0.92843,76154
USDCHF,2012-05-11,0.92843,0.93067,0.92711,0.92951,80090
USDCHF,2012-05-14,0.92951,0.93667,0.92951,0.93653,94182
USDCHF,2012-05-15,0.93653,0.94409,0.93342,0.94346,103047
USDCHF,2012-05-16,0.94346,0.94706,0.94138,0.94448,132448
USDCHF,2012-05-17,0.94448,0.94815,0.94203,0.94564,116500
USDCHF,2012-05-18,0.94564,0.95003,0.93867,0.93896,128036
USDCHF,2012-05-21,0.93896,0.94386,0.93677,0.93712,111520
USDCHF,2012-05-22,0.93712,0.94878,0.93688,0.94683,111748
USDCHF,2012-05-23,0.94683,0.95728,0.94654,0.95424,147718
USDCHF,2012-05-24,0.95424,0.95954,0.9532,0.95838,139806
USDCHF,2012-05-25,0.95838,0.96115,0.95407,0.95886,107788
USDCHF,2012-05-28,0.95886,0.95956,0.95288,0.95833,84771
USDCHF,2012-05-29,0.95833,0.96376,0.95591,0.96036,115542
USDCHF,2012-05-30,0.96036,0.97142,0.9601,0.97083,143158
USDCHF,2012-05-31,0.97083,0.97361,0.96661,0.97102,136478
USDCHF,2012-06-01,0.97102,0.97715,0.96395,0.96583,104466
USDCHF,2012-06-04,0.96583,0.9696,0.95978,0.96077,109273
USDCHF,2012-06-05,0.96077,0.96767,0.95768,0.96424,120923
USDCHF,2012-06-06,0.96424,0.96536,0.954,0.95432,142830
USDCHF,2012-06-07,0.95432,0.95778,0.95139,0.956,130411
USDCHF,2012-06-08,0.956,0.96585,0.9551,0.95937,128718
USDCHF,2012-06-11,0.95937,0.96227,0.94756,0.96209,123888
USDCHF,2012-06-12,0.96209,0.96503,0.95847,0.96052,141238
USDCHF,2012-06-13,0.96052,0.96282,0.95221,0.95621,128400
USDCHF,2012-06-14,0.95621,0.95738,0.95047,0.95055,124990
USDCHF,2012-06-15,0.95055,0.95376,0.94768,0.9495,99756
USDCHF,2012-06-18,0.9495,0.95639,0.94208,0.9547,137352
USDCHF,2012-06-19,0.9547,0.95551,0.94328,0.94667,123898
USDCHF,2012-06-20,0.94667,0.95019,0.9424,0.94511,120200
USDCHF,2012-06-21,0.94511,0.95835,0.94499,0.95751,132276
USDCHF,2012-06-22,0.95751,0.9592,0.95433,0.95508,106320
USDCHF,2012-06-25,0.95508,0.96295,0.95508,0.96023,89938
USDCHF,2012-06-26,0.96023,0.96523,0.95846,0.96139,102086
USDCHF,2012-06-27,0.96139,0.96502,0.96015,0.96319,83025
USDCHF,2012-06-28,0.96319,0.96786,0.95908,0.96507,105398
USDCHF,2012-06-29,0.96507,0.96595,0.9463,0.94816,127623
USDCHF,2012-07-02,0.94816,0.9559,0.94719,0.95485,99454
USDCHF,2012-07-03,0.95485,0.95639,0.95124,0.95241,69542
USDCHF,2012-07-04,0.95241,0.96047,0.95241,0.9585,63365
USDCHF,2012-07-05,0.9585,0.97153,0.95807,0.9691,99807
USDCHF,2012-07-06,0.9691,0.97945,0.96852,0.97732,74683
USDCHF,2012-07-09,0.97732,0.97999,0.97451,0.97533,69643
USDCHF,2012-07-10,0.97533,0.98152,0.97374,0.98012,69541
USDCHF,2012-07-11,0.98012,0.98317,0.97669,0.98076,73205
USDCHF,2012-07-12,0.98076,0.98702,0.98031,0.98396,73842
USDCHF,2012-07-13,0.98396,0.98731,0.97983,0.98015,74174
USDCHF,2012-07-16,0.98015,0.98606,0.97846,0.98585,37426
USDCHF,2012-07-17,0.98585,0.98585,0.97511,0.977,87844
USDCHF,2012-07-18,0.977,0.98296,0.97602,0.97772,77846
USDCHF,2012-07-19,0.97772,0.98205,0.97455,0.97783,84778
USDCHF,2012-07-20,0.97783,0.98875,0.97765,0.98721,79975
USDCHF,2012-07-23,0.98721,0.99515,0.98721,0.99082,100743
USDCHF,2012-07-24,0.99082,0.99719,0.98945,0.99563,102078
USDCHF,2012-07-25,0.99563,0.99633,0.98677,0.98765,103110
USDCHF,2012-07-26,0.98765,0.99105,0.97414,0.97757,121236
USDCHF,2012-07-27,0.97757,0.9809,0.9695,0.97426,125094
USDCHF,2012-07-30,0.97426,0.98235,0.97426,0.97956,69133
USDCHF,2012-07-31,0.97956,0.98051,0.9741,0.97627,81639
USDCHF,2012-08-01,0.97627,0.98336,0.97373,0.98261,72647
USDCHF,2012-08-02,0.98261,0.98985,0.9691,0.98602,100511
USDCHF,2012-08-03,0.98602,0.9873,0.96947,0.96988,82518
USDCHF,2012-08-06,0.96988,0.9742,0.96563,0.96856,74608
USDCHF,2012-08-07,0.96856,0.9706,0.96577,0.96864,58975
USDCHF,2012-08-08,0.96864,0.97446,0.96858,0.9714,64641
USDCHF,2012-08-09,0.9714,0.97899,0.96977,0.97577,69396
USDCHF,2012-08-10,0.97577,0.98098,0.97493,0.97726,56723
USDCHF,2012-08-13,0.97726,0.97945,0.9706,0.9737,54440
USDCHF,2012-08-14,0.9737,0.97514,0.9697,0.97454,59362
USDCHF,2012-08-15,0.97454,0.97923,0.97314,0.97696,47976
USDCHF,2012-08-16,0.97696,0.97992,0.97067,0.97184,55551
USDCHF,2012-08-17,0.97184,0.9773,0.97002,0.97357,54529
USDCHF,2012-08-20,0.97357,0.97677,0.97102,0.97269,47762
USDCHF,2012-08-21,0.97269,0.97361,0.96188,0.96254,51471
USDCHF,2012-08-22,0.96254,0.96597,0.95778,0.95833,63935
USDCHF,2012-08-23,0.95833,0.95896,0.95385,0.95553,64327
USDCHF,2012-08-24,0.95553,0.96216,0.95541,0.95953,61843
USDCHF,2012-08-27,0.95953,0.96152,0.95803,0.96065,39564
USDCHF,2012-08-28,0.96065,0.96353,0.95478,0.95554,60108
USDCHF,2012-08-29,0.95554,0.95933,0.95521,0.95818,50512
USDCHF,2012-08-30,0.95818,0.96171,0.95585,0.96,49048
USDCHF,2012-08-31,0.96,0.96118,0.95024,0.9549,68050
USDCHF,2012-09-03,0.9549,0.95608,0.95218,0.95338,38890
USDCHF,2012-09-04,0.95338,0.95659,0.95086,0.95554,57394
USDCHF,2012-09-05,0.95554,0.9608,0.95297,0.95536,77428
USDCHF,2012-09-06,0.95536,0.95974,0.95184,0.95335,70868
USDCHF,2012-09-07,0.95335,0.95805,0.94342,0.94367,67574
USDCHF,2012-09-10,0.94367,0.94839,0.94327,0.946,46765
USDCHF,2012-09-11,0.946,0.9467,0.93785,0.93888,52145
USDCHF,2012-09-12,0.93888,0.94045,0.93412,0.93713,68021
USDCHF,2012-09-13,0.93713,0.94223,0.93471,0.9352,80002
USDCHF,2012-09-14,0.9352,0.93562,0.92385,0.92716,65750
USDCHF,2012-09-17,0.92716,0.92962,0.92466,0.92745,49837
USDCHF,2012-09-18,0.92745,0.92973,0.92447,0.92854,51955
USDCHF,2012-09-19,0.92854,0.93068,0.92579,0.92742,54303
USDCHF,2012-09-20,0.92742,0.93559,0.92625,0.93318,58590
USDCHF,2012-09-21,0.93318,0.93442,0.92848,0.93298,60243
USDCHF,2012-09-24,0.93298,0.93917,0.93185,0.93566,48896
USDCHF,2012-09-25,0.93566,0.93844,0.93282,0.93757,60355
USDCHF,2012-09-26,0.93757,0.94175,0.93678,0.93952,60761
USDCHF,2012-09-27,0.93952,0.94174,0.93605,0.9373,64822
USDCHF,2012-09-28,0.9373,0.94148,0.93351,0.93984,71899
USDCHF,2012-10-01,0.93984,0.94382,0.93518,0.9381,61101
USDCHF,2012-10-02,0.9381,0.93885,0.93322,0.93618,55518
USDCHF,2012-10-03,0.93618,0.93983,0.93554,0.93848,56140
USDCHF,2012-10-04,0.93848,0.9388,0.92951,0.93042,56982
USDCHF,2012-10-05,0.93042,0.93233,0.92754,0.92921,54155
USDCHF,2012-10-08,0.92921,0.93574,0.92921,0.9332,45873
USDCHF,2012-10-09,0.9332,0.94161,0.93229,0.94031,60159
USDCHF,2012-10-10,0.94031,0.94321,0.93745,0.93943,54890
USDCHF,2012-10-11,0.93943,0.94186,0.93364,0.93485,54396
USDCHF,2012-10-12,0.93485,0.93569,0.93061,0.93308,46569
USDCHF,2012-10-15,0.93308,0.93716,0.93163,0.93309,40995
USDCHF,2012-10-16,0.93309,0.9337,0.92567,0.92588,43107
USDCHF,2012-10-17,0.92588,0.92617,0.92143,0.92221,44423
USDCHF,2012-10-18,0.92221,0.92567,0.92153,0.92462,44374
USDCHF,2012-10-19,0.92462,0.92898,0.92393,0.92819,41532
USDCHF,2012-10-22,0.92819,0.92881,0.9249,0.92707,39218
USDCHF,2012-10-23,0.92707,0.93429,0.926,0.9323,46222
USDCHF,2012-10-24,0.9323,0.93615,0.9314,0.93234,48342
USDCHF,2012-10-25,0.93234,0.93566,0.92907,0.93527,46323
USDCHF,2012-10-26,0.93527,0.93865,0.93333,0.9347,50372
USDCHF,2012-10-29,0.9347,0.93809,0.934,0.93668,49340
USDCHF,2012-10-30,0.93668,0.9375,0.93003,0.93251,58922
USDCHF,2012-10-31,0.93251,0.93331,0.92764,0.93149,76690
USDCHF,2012-11-01,0.93149,0.93423,0.92956,0.93179,73223
USDCHF,2012-11-02,0.93179,0.94148,0.93128,0.94032,85309
USDCHF,2012-11-05,0.94032,0.94489,0.93992,0.94359,68571
USDCHF,2012-11-06,0.94359,0.94562,0.94198,0.94278,72427
USDCHF,2012-11-07,0.94278,0.94715,0.9381,0.94474,99779
USDCHF,2012-11-08,0.94474,0.94819,0.94406,0.94578,78655
USDCHF,2012-11-09,0.94578,0.94987,0.9429,0.94826,59787
USDCHF,2012-11-12,0.94826,0.94953,0.94678,0.94819,37616
USDCHF,2012-11-13,0.94819,0.95126,0.94652,0.94729,56777
USDCHF,2012-11-14,0.94729,0.94772,0.94224,0.94501,51355
USDCHF,2012-11-15,0.94501,0.94631,0.94033,0.94205,47537
USDCHF,2012-11-16,0.94205,0.94913,0.94174,0.94537,52010
USDCHF,2012-11-19,0.94537,0.94559,0.93944,0.93978,46749
USDCHF,2012-11-20,0.93978,0.94292,0.93915,0.93995,51272
USDCHF,2012-11-21,0.93995,0.94586,0.93816,0.93867,51638
USDCHF,2012-11-22,0.93867,0.93887,0.93377,0.93484,42865
USDCHF,2012-11-23,0.93484,0.93584,0.92657,0.9274,48998
USDCHF,2012-11-26,0.9274,0.93002,0.9274,0.92757,45290
USDCHF,2012-11-27,0.92757,0.93248,0.92537,0.93033,54974
USDCHF,2012-11-28,0.93033,0.93409,0.92935,0.92935,55552
USDCHF,2012-11-29,0.92935,0.93037,0.92531,0.92757,48951
USDCHF,2012-11-30,0.92757,0.92921,0.92456,0.92804,54052
USDCHF,2012-12-03,0.92804,0.92804,0.9241,0.9256,54486
USDCHF,2012-12-04,0.9256,0.92936,0.9245,0.92633,52317
USDCHF,2012-12-05,0.92633,0.92993,0.92501,0.92645,53025
USDCHF,2012-12-06,0.92645,0.934,0.92559,0.93228,58525
USDCHF,2012-12-07,0.93228,0.93832,0.93151,0.93414,55886
USDCHF,2012-12-10,0.93414,0.93699,0.93266,0.93346,44952
USDCHF,2012-12-11,0.93346,0.93694,0.93166,0.93223,51958
USDCHF,2012-12-12,0.93223,0.93292,0.92431,0.92628,51658
USDCHF,2012-12-13,0.92628,0.92754,0.92257,0.92367,51200
USDCHF,2012-12-14,0.92367,0.92479,0.91667,0.91789,50556
USDCHF,2012-12-17,0.91789,0.91947,0.91545,0.91762,47593
USDCHF,2012-12-18,0.91762,0.91863,0.91239,0.9129,44680
USDCHF,2012-12-19,0.9129,0.91377,0.90878,0.91334,53000
USDCHF,2012-12-20,0.91334,0.91541,0.90836,0.91147,53693
USDCHF,2012-12-21,0.91147,0.91792,0.91084,0.91611,60365
USDCHF,2012-12-24,0.91611,0.91714,0.91258,0.91627,28684
USDCHF,2012-12-25,0.9161,0.9168,0.9142,0.916,0
USDCHF,2012-12-26,0.91627,0.91664,0.9111,0.91316,27287
USDCHF,2012-12-27,0.91316,0.9157,0.9096,0.91321,38565
USDCHF,2012-12-28,0.91321,0.91818,0.91175,0.91333,44041
USDCHF,2012-12-31,0.91333,0.91667,0.91208,0.91558,34349
USDCHF,2013-01-01,0.9146,0.9216,0.9145,0.9146,0
USDCHF,2013-01-02,0.91558,0.91996,0.90905,0.91787,53184
USDCHF,2013-01-03,0.91787,0.92685,0.91726,0.92668,59304
USDCHF,2013-01-04,0.92668,0.93033,0.92313,0.92432,60298
USDCHF,2013-01-07,0.92432,0.92868,0.92108,0.92124,51937
USDCHF,2013-01-08,0.92124,0.92572,0.92008,0.9241,56324
USDCHF,2013-01-09,0.9241,0.92734,0.92321,0.92533,53131
USDCHF,2013-01-10,0.92533,0.92695,0.91338,0.9144,70354
USDCHF,2013-01-11,0.9144,0.91784,0.91338,0.91356,71777
USDCHF,2013-01-14,0.91356,0.9229,0.91199,0.92182,65120
USDCHF,2013-01-15,0.92182,0.93332,0.92119,0.93188,90643
USDCHF,2013-01-16,0.93188,0.93295,0.92864,0.93092,76131
USDCHF,2013-01-17,0.93092,0.93604,0.92981,0.93249,82907
USDCHF,2013-01-18,0.93249,0.93886,0.93029,0.93372,85152
USDCHF,2013-01-21,0.93372,0.93499,0.93079,0.93236,48872
USDCHF,2013-01-22,0.93236,0.93468,0.92751,0.92932,84568
USDCHF,2013-01-23,0.92932,0.93158,0.92774,0.92929,63469
USDCHF,2013-01-24,0.92929,0.93249,0.92799,0.92893,72739
USDCHF,2013-01-25,0.92893,0.9307,0.92219,0.9269,79852
USDCHF,2013-01-28,0.9269,0.92926,0.92576,0.92622,61476
USDCHF,2013-01-29,0.92622,0.9268,0.91934,0.92131,63796
USDCHF,2013-01-30,0.92131,0.92271,0.90931,0.91076,72524
USDCHF,2013-01-31,0.91076,0.9121,0.90758,0.91022,61005
USDCHF,2013-02-01,0.91022,0.91093,0.90221,0.90751,85819
USDCHF,2013-02-04,0.90812,0.91173,0.90724,0.90824,60848
USDCHF,2013-02-05,0.90824,0.91162,0.90728,0.9081,76313
USDCHF,2013-02-06,0.9081,0.91497,0.90567,0.91014,71652
USDCHF,2013-02-07,0.91014,0.92013,0.90652,0.91824,81790
USDCHF,2013-02-08,0.91824,0.9196,0.9154,0.9173,61106
USDCHF,2013-02-11,0.91796,0.92041,0.91566,0.92015,58121
USDCHF,2013-02-12,0.92015,0.92168,0.91498,0.91706,69700
USDCHF,2013-02-13,0.91706,0.91966,0.91525,0.91706,57105
USDCHF,2013-02-14,0.91706,0.9246,0.91654,0.92114,63754
USDCHF,2013-02-15,0.92114,0.92414,0.92005,0.92158,64065
USDCHF,2013-02-18,0.92258,0.92581,0.92098,0.92332,49730
USDCHF,2013-02-19,0.92332,0.92495,0.92155,0.92245,51116
USDCHF,2013-02-20,0.92245,0.9286,0.91845,0.92682,64199
USDCHF,2013-02-21,0.92682,0.93329,0.92643,0.93113,74984
USDCHF,2013-02-22,0.93113,0.93288,0.92834,0.92949,62630
USDCHF,2013-02-25,0.92941,0.9339,0.92314,0.93204,98427
USDCHF,2013-02-26,0.93204,0.93353,0.92866,0.93188,111344
USDCHF,2013-02-27,0.93188,0.93325,0.92851,0.92964,82533
USDCHF,2013-02-28,0.92964,0.93738,0.92798,0.93659,71466
USDCHF,2013-03-01,0.93659,0.94633,0.93514,0.94283,79391
USDCHF,2013-03-04,0.94208,0.94407,0.94075,0.94075,54743
USDCHF,2013-03-05,0.94075,0.94336,0.93934,0.94081,57042
USDCHF,2013-03-06,0.94081,0.94879,0.94025,0.94858,55925
USDCHF,2013-03-07,0.94858,0.94888,0.94096,0.94265,79159
USDCHF,2013-03-08,0.94265,0.95518,0.94175,0.95172,76612
USDCHF,2013-03-11,0.95235,0.95296,0.94659,0.9472,55976
USDCHF,2013-03-12,0.9472,0.95049,0.94363,0.94714,64474
USDCHF,2013-03-13,0.94714,0.95327,0.94295,0.9523,61243
USDCHF,2013-03-14,0.9523,0.9567,0.94515,0.94709,67985
USDCHF,2013-03-15,0.94709,0.94768,0.93796,0.93853,66155
USDCHF,2013-03-18,0.94352,0.94869,0.94168,0.94598,83206
USDCHF,2013-03-19,0.94598,0.94916,0.94256,0.94675,78681
USDCHF,2013-03-20,0.94675,0.9482,0.9411,0.94509,72872
USDCHF,2013-03-21,0.94509,0.94826,0.94386,0.94632,85482
USDCHF,2013-03-22,0.94632,0.94748,0.93966,0.94034,92858
USDCHF,2013-03-25,0.94343,0.94971,0.9351,0.94844,111690
USDCHF,2013-03-26,0.94844,0.95051,0.94723,0.948,87013
USDCHF,2013-03-27,0.948,0.95539,0.94771,0.95382,69492
USDCHF,2013-03-28,0.95382,0.95481,0.94659,0.94969,66278
USDCHF,2013-03-29,0.94969,0.95121,0.94806,0.9492,38932
USDCHF,2013-04-01,0.94962,0.95267,0.9456,0.94639,39710
USDCHF,2013-04-02,0.94639,0.94973,0.94444,0.94901,66990
USDCHF,2013-04-03,0.94901,0.95206,0.94419,0.94522,62060
USDCHF,2013-04-04,0.94522,0.95265,0.93824,0.93969,89482
USDCHF,2013-04-05,0.93969,0.94336,0.93128,0.93414,79658
USDCHF,2013-04-08,0.93458,0.93615,0.93288,0.93533,60391
USDCHF,2013-04-09,0.93533,0.93666,0.93078,0.93252,64800
USDCHF,2013-04-10,0.93252,0.93368,0.92951,0.93249,53996
USDCHF,2013-04-11,0.93249,0.93403,0.92788,0.93077,59344
USDCHF,2013-04-12,0.93077,0.93326,0.92639,0.92714,64480
USDCHF,2013-04-15,0.92636,0.93281,0.92636,0.93105,80612
USDCHF,2013-04-16,0.93105,0.93272,0.92079,0.92252,81487
USDCHF,2013-04-17,0.92252,0.93393,0.92064,0.9327,87765
USDCHF,2013-04-18,0.9327,0.9335,0.92896,0.93254,79084
USDCHF,2013-04-19,0.93254,0.93431,0.92765,0.93362,74890
USDCHF,2013-04-22,0.9312,0.93713,0.93105,0.93421,60654
USDCHF,2013-04-23,0.93421,0.94569,0.93273,0.94489,77632
USDCHF,2013-04-24,0.94489,0.9499,0.94422,0.9466,70196
USDCHF,2013-04-25,0.9466,0.94844,0.94225,0.94485,69912
USDCHF,2013-04-26,0.94485,0.94568,0.94023,0.94258,70732
USDCHF,2013-04-29,0.94061,0.94303,0.93548,0.93639,57410
USDCHF,2013-04-30,0.93639,0.93843,0.92784,0.92926,68655
USDCHF,2013-05-01,0.92926,0.93094,0.92471,0.92725,57099
USDCHF,2013-05-02,0.92725,0.93628,0.92651,0.93477,85810
USDCHF,2013-05-03,0.93477,0.93996,0.92981,0.93523,71782
USDCHF,2013-05-06,0.93493,0.93974,0.93382,0.93823,43028
USDCHF,2013-05-07,0.93823,0.94368,0.93669,0.94024,58281
USDCHF,2013-05-08,0.94024,0.94118,0.93372,0.93542,62417
USDCHF,2013-05-09,0.93542,0.94994,0.93331,0.94818,70450
USDCHF,2013-05-10,0.94818,0.96282,0.94764,0.95668,99856
USDCHF,2013-05-13,0.95921,0.95969,0.95471,0.95752,109385
USDCHF,2013-05-14,0.95752,0.96725,0.95211,0.96693,134286
USDCHF,2013-05-15,0.96693,0.97478,0.96429,0.96476,144395
USDCHF,2013-05-16,0.96476,0.97087,0.95781,0.96467,141928
USDCHF,2013-05-17,0.96467,0.97618,0.96368,0.97228,132097
USDCHF,2013-05-20,0.97003,0.97191,0.9648,0.96695,71722
USDCHF,2013-05-21,0.96695,0.97508,0.96547,0.97018,86308
USDCHF,2013-05-22,0.97018,0.98388,0.96792,0.97821,119553
USDCHF,2013-05-23,0.97821,0.98179,0.96334,0.96875,124791
USDCHF,2013-05-24,0.96875,0.97174,0.95905,0.9608,90314
USDCHF,2013-05-27,0.96115,0.96482,0.95924,0.96301,42659
USDCHF,2013-05-28,0.96301,0.97812,0.9622,0.97692,92041
USDCHF,2013-05-29,0.97692,0.97904,0.95999,0.96165,105771
USDCHF,2013-05-30,0.96165,0.9651,0.95264,0.95304,109934
USDCHF,2013-05-31,0.95304,0.96252,0.95116,0.95529,105967
USDCHF,2013-06-03,0.95583,0.96246,0.94077,0.94699,98216
USDCHF,2013-06-04,0.94699,0.95205,0.94533,0.94689,91232
USDCHF,2013-06-05,0.94689,0.9494,0.9395,0.94218,103264
USDCHF,2013-06-06,0.94218,0.94393,0.92247,0.92917,117091
USDCHF,2013-06-07,0.92917,0.93743,0.92492,0.93522,120193
USDCHF,2013-06-10,0.93655,0.94187,0.9318,0.93351,89427
USDCHF,2013-06-11,0.93351,0.93497,0.92217,0.92449,111914
USDCHF,2013-06-12,0.92449,0.92869,0.91731,0.92021,96808
USDCHF,2013-06-13,0.92021,0.9259,0.91304,0.92177,105641
USDCHF,2013-06-14,0.92177,0.927,0.91956,0.92055,87897
USDCHF,2013-06-17,0.92114,0.92719,0.92078,0.92244,58237
USDCHF,2013-06-18,0.92244,0.92624,0.91755,0.91938,70245
USDCHF,2013-06-19,0.91938,0.93221,0.91804,0.92775,76692
USDCHF,2013-06-20,0.92775,0.93613,0.92514,0.92707,123655
USDCHF,2013-06-21,0.92707,0.93687,0.92421,0.9334,94433
USDCHF,2013-06-24,0.93621,0.93808,0.93126,0.93291,99359
USDCHF,2013-06-25,0.93291,0.94081,0.93189,0.93776,82791
USDCHF,2013-06-26,0.93776,0.94436,0.93728,0.94318,86595
USDCHF,2013-06-27,0.94318,0.94879,0.94065,0.94499,78789
USDCHF,2013-06-28,0.94499,0.94749,0.94115,0.94411,86284
USDCHF,2013-07-01,0.94475,0.95038,0.94381,0.9451,63977
USDCHF,2013-07-02,0.9451,0.95295,0.94453,0.95046,70149
USDCHF,2013-07-03,0.95046,0.95232,0.94458,0.94554,82549
USDCHF,2013-07-04,0.94554,0.95846,0.94554,0.95611,62763
USDCHF,2013-07-05,0.95611,0.96608,0.95525,0.96289,76821
USDCHF,2013-07-08,0.96504,0.96669,0.96255,0.96349,58769
USDCHF,2013-07-09,0.96349,0.97515,0.9631,0.97294,73356
USDCHF,2013-07-10,0.97294,0.97449,0.95768,0.95776,75310
USDCHF,2013-07-11,0.95776,0.95937,0.9404,0.94667,110486
USDCHF,2013-07-12,0.94667,0.95141,0.94383,0.94554,71790
USDCHF,2013-07-15,0.94485,0.95346,0.94476,0.94817,71371
USDCHF,2013-07-16,0.94817,0.94941,0.93789,0.93898,84436
USDCHF,2013-07-17,0.93898,0.94456,0.93566,0.94098,96400
USDCHF,2013-07-18,0.94098,0.94781,0.94012,0.94454,80157
USDCHF,2013-07-19,0.94454,0.94617,0.93969,0.9408,66337
USDCHF,2013-07-22,0.94048,0.94153,0.93218,0.93608,67781
USDCHF,2013-07-23,0.93608,0.9407,0.93426,0.93472,69463
USDCHF,2013-07-24,0.93472,0.93888,0.93403,0.93713,88520
USDCHF,2013-07-25,0.93713,0.93949,0.92835,0.92985,84588
USDCHF,2013-07-26,0.92985,0.93052,0.92638,0.92798,70831
USDCHF,2013-07-29,0.92818,0.93225,0.92699,0.93214,45866
USDCHF,2013-07-30,0.93101,0.93246,0.92734,0.92968,68193
USDCHF,2013-07-31,0.92968,0.93371,0.92282,0.92609,100719
USDCHF,2013-08-01,0.92609,0.93724,0.92534,0.93667,84954
USDCHF,2013-08-02,0.93667,0.93897,0.92741,0.92899,79407
USDCHF,2013-08-05,0.92836,0.93328,0.92682,0.92735,68589
USDCHF,2013-08-06,0.92735,0.92965,0.92382,0.9259,72286
USDCHF,2013-08-07,0.9259,0.92887,0.92073,0.92174,84343
USDCHF,2013-08-08,0.92174,0.92296,0.91739,0.92022,73954
USDCHF,2013-08-09,0.92022,0.92295,0.91909,0.92157,57406
USDCHF,2013-08-12,0.92358,0.92849,0.92167,0.92534,55976
USDCHF,2013-08-13,0.92534,0.93488,0.92534,0.93282,78047
USDCHF,2013-08-14,0.93282,0.93781,0.9324,0.93509,72599
USDCHF,2013-08-15,0.93509,0.93966,0.92474,0.92607,100028
USDCHF,2013-08-16,0.92607,0.92882,0.9217,0.9257,73450
USDCHF,2013-08-19,0.92582,0.9285,0.92285,0.92393,68553
USDCHF,2013-08-20,0.92393,0.92511,0.91472,0.91728,88982
USDCHF,2013-08-21,0.91728,0.92355,0.91622,0.922,88421
USDCHF,2013-08-22,0.922,0.92899,0.92187,0.92307,82120
USDCHF,2013-08-23,0.92307,0.92635,0.91899,0.92099,86596
USDCHF,2013-08-26,0.92077,0.92467,0.92026,0.92286,50773
USDCHF,2013-08-27,0.92286,0.92295,0.9171,0.91734,84991
USDCHF,2013-08-28,0.91734,0.92353,0.91707,0.92208,86657
USDCHF,2013-08-29,0.92208,0.93215,0.9213,0.93084,88065
USDCHF,2013-08-30,0.93084,0.93325,0.92885,0.92885,75944
USDCHF,2013-09-02,0.93121,0.9349,0.93091,0.9342,56120
USDCHF,2013-09-03,0.9342,0.93829,0.93404,0.93639,76775
USDCHF,2013-09-04,0.93639,0.93828,0.93478,0.93527,64954
USDCHF,2013-09-05,0.93527,0.9455,0.93499,0.94474,87114
USDCHF,2013-09-06,0.94474,0.94556,0.93458,0.93712,86020
USDCHF,2013-09-09,0.93831,0.93921,0.93012,0.93234,65173
USDCHF,2013-09-10,0.93234,0.93669,0.93165,0.93482,69202
USDCHF,2013-09-11,0.93482,0.93711,0.92849,0.93047,70986
USDCHF,2013-09-12,0.93047,0.93358,0.92718,0.93043,74226
USDCHF,2013-09-13,0.93043,0.93415,0.92804,0.92895,69928
USDCHF,2013-09-16,0.923,0.92781,0.92224,0.9273,63720
USDCHF,2013-09-17,0.9273,0.92793,0.92507,0.92574,59255
USDCHF,2013-09-18,0.92574,0.92686,0.9109,0.9118,78293
USDCHF,2013-09-19,0.9118,0.91379,0.909,0.91049,90016
USDCHF,2013-09-20,0.91049,0.91271,0.90891,0.90985,69124
USDCHF,2013-09-23,0.9079,0.913,0.9079,0.91082,64826
USDCHF,2013-09-24,0.91082,0.91332,0.9099,0.91286,66172
USDCHF,2013-09-25,0.91286,0.91376,0.90784,0.90906,59420
USDCHF,2013-09-26,0.90906,0.91173,0.90843,0.91022,67510
USDCHF,2013-09-27,0.91022,0.91109,0.90212,0.90535,69139
USDCHF,2013-09-30,0.90563,0.90687,0.90249,0.90474,73076
USDCHF,2013-10-01,0.90474,0.90755,0.89926,0.90542,88890
USDCHF,2013-10-02,0.90542,0.90776,0.89944,0.90269,86139
USDCHF,2013-10-03,0.90269,0.90336,0.89678,0.89929,85534
USDCHF,2013-10-04,0.89929,0.90822,0.89781,0.90662,72694
USDCHF,2013-10-07,0.9063,0.90698,0.9016,0.90279,58670
USDCHF,2013-10-08,0.90279,0.9066,0.90228,0.90373,61853
USDCHF,2013-10-09,0.90373,0.91281,0.90155,0.90973,78600
USDCHF,2013-10-10,0.90973,0.91313,0.90808,0.91143,67028
USDCHF,2013-10-11,0.91143,0.91323,0.90699,0.91143,61943
USDCHF,2013-10-14,0.90871,0.91222,0.90639,0.91,47792
USDCHF,2013-10-15,0.91,0.91783,0.90929,0.91231,77186
USDCHF,2013-10-16,0.91231,0.91755,0.90981,0.91335,75008
USDCHF,2013-10-17,0.91335,0.91466,0.90077,0.90229,83304
USDCHF,2013-10-18,0.90229,0.90372,0.90046,0.90106,53678
USDCHF,2013-10-21,0.90149,0.90448,0.90058,0.90194,43096
USDCHF,2013-10-22,0.90194,0.90396,0.894,0.89472,52304
USDCHF,2013-10-23,0.89472,0.89663,0.89111,0.89227,56937
USDCHF,2013-10-24,0.89227,0.893,0.889,0.8923,54748
USDCHF,2013-10-25,0.8923,0.89654,0.88926,0.89192,54833
USDCHF,2013-10-28,0.89211,0.89629,0.89191,0.89567,45259
USDCHF,2013-10-29,0.89567,0.9003,0.89437,0.89885,63087
USDCHF,2013-10-30,0.89885,0.90243,0.89477,0.8992,62656
USDCHF,2013-10-31,0.8992,0.90768,0.89879,0.90678,73262
USDCHF,2013-11-01,0.90678,0.91381,0.90639,0.91132,69632
USDCHF,2013-11-04,0.91169,0.91522,0.90909,0.90975,50254
USDCHF,2013-11-05,0.90975,0.91475,0.90946,0.91345,57337
USDCHF,2013-11-06,0.91345,0.91393,0.90983,0.91211,53004
USDCHF,2013-11-07,0.91211,0.92507,0.91092,0.91555,95660
USDCHF,2013-11-08,0.91555,0.92469,0.91493,0.92078,74838
USDCHF,2013-11-11,0.92226,0.92318,0.91892,0.91939,40437
USDCHF,2013-11-12,0.91939,0.92265,0.91551,0.91728,68311
USDCHF,2013-11-13,0.91728,0.92012,0.91257,0.91324,73892
USDCHF,2013-11-14,0.91324,0.91887,0.91215,0.91628,70710
USDCHF,2013-11-15,0.91628,0.91915,0.91296,0.91407,60812
USDCHF,2013-11-18,0.91411,0.91618,0.90956,0.91284,58527
USDCHF,2013-11-19,0.91284,0.91446,0.91029,0.91091,67608
USDCHF,2013-11-20,0.91091,0.91902,0.90783,0.91599,78509
USDCHF,2013-11-21,0.91599,0.91887,0.91256,0.91279,75831
USDCHF,2013-11-22,0.91279,0.915,0.90591,0.90591,54368
USDCHF,2013-11-25,0.9068,0.91316,0.90608,0.91172,53544
USDCHF,2013-11-26,0.91172,0.91184,0.90615,0.90635,54499
USDCHF,2013-11-27,0.90635,0.90926,0.90406,0.9075,62047
USDCHF,2013-11-28,0.9075,0.90865,0.90411,0.90556,36870
USDCHF,2013-11-29,0.90556,0.90717,0.90192,0.90534,55684
USDCHF,2013-12-02,0.9056,0.91106,0.90432,0.90866,114879
USDCHF,2013-12-03,0.90866,0.91007,0.90208,0.90415,112594
USDCHF,2013-12-04,0.90415,0.90766,0.90131,0.90226,148777
USDCHF,2013-12-05,0.90226,0.90494,0.89568,0.89661,166359
USDCHF,2013-12-06,0.89661,0.89845,0.89111,0.89111,139806
USDCHF,2013-12-09,0.89131,0.89344,0.88942,0.89019,86538
USDCHF,2013-12-10,0.89019,0.8908,0.88507,0.88733,106611
USDCHF,2013-12-11,0.88733,0.88865,0.88398,0.88635,109062
USDCHF,2013-12-12,0.88635,0.89095,0.8848,0.88918,135062
USDCHF,2013-12-13,0.88918,0.89176,0.88815,0.88857,113546
USDCHF,2013-12-16,0.88998,0.8905,0.88464,0.88715,95501
USDCHF,2013-12-17,0.88715,0.8895,0.88324,0.88489,97770
USDCHF,2013-12-18,0.88489,0.89502,0.88399,0.89359,158594
USDCHF,2013-12-19,0.89359,0.89867,0.89326,0.89789,124619
USDCHF,2013-12-20,0.89789,0.90012,0.89318,0.89531,120081
USDCHF,2013-12-23,0.89539,0.89674,0.89231,0.89369,70824
USDCHF,2013-12-24,0.89369,0.89724,0.89224,0.89613,47170
USDCHF,2013-12-25,0.89551,0.89687,0.8948,0.89551,0
USDCHF,2013-12-26,0.89613,0.89688,0.89497,0.89636,78194
USDCHF,2013-12-27,0.89636,0.8966,0.87993,0.89106,118127
USDCHF,2013-12-30,0.89032,0.89319,0.886,0.88731,89135
USDCHF,2013-12-31,0.88731,0.8919,0.88662,0.89041,52818
USDCHF,2014-01-01,0.89269,0.8928,0.89269,0.89269,0
USDCHF,2014-01-02,0.89041,0.90288,0.89041,0.89889,140945
USDCHF,2014-01-03,0.89889,0.90578,0.89872,0.90511,110253
USDCHF,2014-01-06,0.90435,0.90705,0.90201,0.904,112185
USDCHF,2014-01-07,0.904,0.90993,0.90235,0.90908,113105
USDCHF,2014-01-08,0.90908,0.91275,0.90767,0.91105,127288
USDCHF,2014-01-09,0.91105,0.91243,0.90629,0.90699,123894
USDCHF,2014-01-10,0.90699,0.90902,0.90049,0.90198,124932
USDCHF,2014-01-13,0.90095,0.9048,0.89865,0.89899,99047
USDCHF,2014-01-14,0.89899,0.9032,0.89865,0.9025,96382
USDCHF,2014-01-15,0.9025,0.9108,0.9023,0.90845,97061
USDCHF,2014-01-16,0.90845,0.91038,0.9032,0.90473,101518
USDCHF,2014-01-17,0.90473,0.91204,0.90442,0.90937,91816
USDCHF,2014-01-20,0.90965,0.91325,0.90893,0.90967,61812
USDCHF,2014-01-21,0.90967,0.91566,0.90844,0.90995,105781
USDCHF,2014-01-22,0.90995,0.91225,0.90885,0.91151,91349
USDCHF,2014-01-23,0.91151,0.91339,0.89638,0.89724,143890
USDCHF,2014-01-24,0.89724,0.89915,0.89029,0.89347,136123
USDCHF,2014-01-27,0.89464,0.89848,0.89319,0.89598,110663
USDCHF,2014-01-28,0.89598,0.90102,0.89544,0.89707,98766
USDCHF,2014-01-29,0.89707,0.90097,0.89351,0.89413,141875
USDCHF,2014-01-30,0.89413,0.90478,0.89407,0.90265,123574
USDCHF,2014-01-31,0.90265,0.90799,0.9008,0.90525,132353
USDCHF,2014-02-03,0.90587,0.90816,0.90038,0.9008,114027
USDCHF,2014-02-04,0.9008,0.90619,0.90002,0.9035,102266
USDCHF,2014-02-05,0.9035,0.9057,0.90037,0.90358,106861
USDCHF,2014-02-06,0.90358,0.90639,0.8968,0.90084,111496
USDCHF,2014-02-07,0.90084,0.90221,0.89573,0.89739,103422
USDCHF,2014-02-10,0.8983,0.89937,0.89595,0.89691,68447
USDCHF,2014-02-11,0.89691,0.8988,0.89392,0.8983,92674
USDCHF,2014-02-12,0.8983,0.90382,0.8968,0.90052,90021
USDCHF,2014-02-13,0.90052,0.901,0.89184,0.89331,104585
USDCHF,2014-02-14,0.89331,0.89406,0.89032,0.89221,80251
USDCHF,2014-02-17,0.89105,0.89264,0.89002,0.89126,56921
USDCHF,2014-02-18,0.89126,0.89288,0.88687,0.88774,92975
USDCHF,2014-02-19,0.88774,0.88957,0.88563,0.88842,76368
USDCHF,2014-02-20,0.88842,0.89149,0.88591,0.88933,89320
USDCHF,2014-02-21,0.88933,0.8911,0.88676,0.88781,74600
USDCHF,2014-02-24,0.88713,0.89107,0.88387,0.88879,74594
USDCHF,2014-02-25,0.88879,0.88917,0.88541,0.88662,76158
USDCHF,2014-02-26,0.88662,0.89302,0.88658,0.89055,92697
USDCHF,2014-02-27,0.89055,0.89193,0.88714,0.88815,91811
USDCHF,2014-02-28,0.88815,0.88897,0.87774,0.87909,114193
USDCHF,2014-03-03,0.88006,0.88361,0.87819,0.88255,109951
USDCHF,2014-03-04,0.88255,0.88788,0.88247,0.88673,87427
USDCHF,2014-03-05,0.88673,0.88956,0.88598,0.88658,89456
USDCHF,2014-03-06,0.88658,0.88915,0.87947,0.87968,117268
USDCHF,2014-03-07,0.87968,0.88161,0.87563,0.87759,97002
USDCHF,2014-03-10,0.87684,0.87936,0.87611,0.87769,67078
USDCHF,2014-03-11,0.87769,0.88051,0.87663,0.87807,70672
USDCHF,2014-03-12,0.87807,0.87883,0.87344,0.87395,86200
USDCHF,2014-03-13,0.87395,0.87648,0.8699,0.87456,119033
USDCHF,2014-03-14,0.87456,0.87619,0.87034,0.87209,100679
USDCHF,2014-03-17,0.87209,0.87563,0.87139,0.87312,81031
USDCHF,2014-03-18,0.87312,0.87694,0.8724,0.87294,86650
USDCHF,2014-03-19,0.87294,0.88294,0.87282,0.88061,106556
USDCHF,2014-03-20,0.88061,0.88692,0.88001,0.88369,109630
USDCHF,2014-03-21,0.88369,0.88425,0.88149,0.88183,72176
USDCHF,2014-03-24,0.88182,0.88662,0.87865,0.88059,90002
USDCHF,2014-03-25,0.88059,0.88797,0.88011,0.88258,113969
USDCHF,2014-03-26,0.88258,0.88699,0.88235,0.88419,102075
USDCHF,2014-03-27,0.88419,0.88738,0.88407,0.8864,107179
USDCHF,2014-03-28,0.8864,0.88992,0.88485,0.88663,93785
USDCHF,2014-03-31,0.88519,0.88893,0.88244,0.88442,118432
USDCHF,2014-04-01,0.88442,0.88493,0.88144,0.88326,79682
USDCHF,2014-04-02,0.88326,0.88751,0.88189,0.88643,78564
USDCHF,2014-04-03,0.88643,0.89277,0.88427,0.89052,113238
USDCHF,2014-04-04,0.89052,0.89528,0.89044,0.89146,112977
USDCHF,2014-04-07,0.89176,0.89266,0.88711,0.88711,75068
USDCHF,2014-04-08,0.88711,0.88795,0.88244,0.88244,98256
USDCHF,2014-04-09,0.88244,0.88462,0.87891,0.87941,101113
USDCHF,2014-04-10,0.87941,0.88055,0.87512,0.8762,97127
USDCHF,2014-04-11,0.8762,0.87717,0.87434,0.87532,92356
USDCHF,2014-04-14,0.87759,0.88056,0.87576,0.87968,88589
USDCHF,2014-04-15,0.87968,0.88189,0.87832,0.88005,88521
USDCHF,2014-04-16,0.88005,0.88288,0.87808,0.88161,76715
USDCHF,2014-04-17,0.88161,0.88362,0.87775,0.88313,69466
USDCHF,2014-04-18,0.88313,0.88369,0.88233,0.88269,20364
USDCHF,2014-04-21,0.88288,0.88524,0.88192,0.88484,35323
USDCHF,2014-04-22,0.88484,0.88618,0.88327,0.88481,62500
USDCHF,2014-04-23,0.88481,0.88532,0.88074,0.88261,79193
USDCHF,2014-04-24,0.88261,0.88562,0.88128,0.88135,77506
USDCHF,2014-04-25,0.88135,0.88209,0.88021,0.88061,58819
USDCHF,2014-04-28,0.87983,0.88267,0.87704,0.88002,78217
USDCHF,2014-04-29,0.88002,0.88461,0.87864,0.88328,78365
USDCHF,2014-04-30,0.88328,0.88515,0.87914,0.88019,107502
USDCHF,2014-05-01,0.88019,0.88049,0.87823,0.87917,51139
USDCHF,2014-05-02,0.87917,0.88411,0.87729,0.87788,91388
USDCHF,2014-05-05,0.87621,0.87812,0.87606,0.87769,58649
USDCHF,2014-05-06,0.87769,0.87802,0.87209,0.87382,87386
USDCHF,2014-05-07,0.87382,0.87631,0.8734,0.87609,85154
USDCHF,2014-05-08,0.87609,0.8805,0.87031,0.88007,121374
USDCHF,2014-05-09,0.88007,0.88733,0.87977,0.88609,86321
USDCHF,2014-05-12,0.88563,0.88816,0.88556,0.88753,62990
USDCHF,2014-05-13,0.88753,0.89084,0.88656,0.89009,99808
USDCHF,2014-05-14,0.89009,0.89048,0.88834,0.88968,82189
USDCHF,2014-05-15,0.88968,0.89603,0.88825,0.89089,119784
USDCHF,2014-05-16,0.89089,0.8927,0.88981,0.89179,72782
USDCHF,2014-05-19,0.89207,0.89245,0.89044,0.89219,77579
USDCHF,2014-05-20,0.89219,0.894,0.89138,0.89189,75659
USDCHF,2014-05-21,0.89189,0.89662,0.88973,0.89317,94928
USDCHF,2014-05-22,0.89317,0.8952,0.89238,0.89364,84015
USDCHF,2014-05-23,0.89364,0.8972,0.89352,0.89481,74013
USDCHF,2014-05-26,0.89529,0.8967,0.89377,0.89466,51687
USDCHF,2014-05-27,0.89466,0.89817,0.89375,0.89651,83328
USDCHF,2014-05-28,0.89651,0.899,0.89639,0.89808,83698
USDCHF,2014-05-29,0.89808,0.89846,0.89555,0.8978,82253
USDCHF,2014-05-30,0.8978,0.89833,0.89332,0.89471,81452
USDCHF,2014-06-02,0.89456,0.89954,0.89432,0.89856,81580
USDCHF,2014-06-03,0.89856,0.89955,0.89509,0.89624,89246
USDCHF,2014-06-04,0.89624,0.8982,0.89489,0.89712,87715
USDCHF,2014-06-05,0.89712,0.90368,0.89081,0.89126,162554
USDCHF,2014-06-06,0.89126,0.89514,0.89097,0.89283,104353
USDCHF,2014-06-09,0.89242,0.89797,0.89196,0.89693,76277
USDCHF,2014-06-10,0.89693,0.90079,0.89644,0.89899,87824
USDCHF,2014-06-11,0.89899,0.90117,0.89802,0.89934,90564
USDCHF,2014-06-12,0.89934,0.90121,0.89699,0.89832,104984
USDCHF,2014-06-13,0.89832,0.90113,0.89601,0.89952,93796
USDCHF,2014-06-16,0.89919,0.90132,0.89654,0.89705,92346
USDCHF,2014-06-17,0.89705,0.9005,0.89648,0.89931,80784
USDCHF,2014-06-18,0.89931,0.8999,0.89548,0.89558,102947
USDCHF,2014-06-19,0.89558,0.89666,0.89107,0.89382,94880
USDCHF,2014-06-20,0.89382,0.89747,0.89245,0.89452,75042
USDCHF,2014-06-23,0.895,0.8968,0.89401,0.89417,75067
USDCHF,2014-06-24,0.89417,0.89581,0.89248,0.89361,79717
USDCHF,2014-06-25,0.89361,0.89456,0.89078,0.89281,73482
USDCHF,2014-06-26,0.89281,0.89567,0.89219,0.89355,76125
USDCHF,2014-06-27,0.89355,0.89382,0.89042,0.89042,70371
USDCHF,2014-06-30,0.8907,0.89149,0.8862,0.88683,80121
USDCHF,2014-07-01,0.88683,0.88788,0.8856,0.88748,76537
USDCHF,2014-07-02,0.88748,0.88988,0.88725,0.88875,73070
USDCHF,2014-07-03,0.88875,0.89431,0.88868,0.89322,93414
USDCHF,2014-07-04,0.89322,0.89513,0.8931,0.89392,48993
USDCHF,2014-07-07,0.89394,0.89591,0.89296,0.89347,66960
USDCHF,2014-07-08,0.89347,0.89461,0.89214,0.89292,69942
USDCHF,2014-07-09,0.89292,0.89376,0.89053,0.89085,88489
USDCHF,2014-07-10,0.89085,0.8934,0.89023,0.89215,91174
USDCHF,2014-07-11,0.89215,0.89334,0.89122,0.89159,78350
USDCHF,2014-07-14,0.89252,0.89321,0.88983,0.89183,81206
USDCHF,2014-07-15,0.89183,0.8963,0.89113,0.8956,113238
USDCHF,2014-07-16,0.8956,0.89895,0.8955,0.89816,97099
USDCHF,2014-07-17,0.89816,0.89872,0.8969,0.89722,96071
USDCHF,2014-07-18,0.89722,0.90037,0.897,0.89785,105134
USDCHF,2014-07-21,0.8975,0.89896,0.89713,0.89796,73089
USDCHF,2014-07-22,0.89796,0.90272,0.89779,0.90232,91310
USDCHF,2014-07-23,0.90232,0.90318,0.90159,0.90213,67505
USDCHF,2014-07-24,0.90213,0.90377,0.9008,0.90236,77419
USDCHF,2014-07-25,0.90236,0.9052,0.90178,0.90425,82889
USDCHF,2014-07-28,0.90414,0.90517,0.90352,0.90385,66273
USDCHF,2014-07-29,0.90385,0.90743,0.90366,0.90692,83970
USDCHF,2014-07-30,0.90692,0.91064,0.90652,0.90874,132631
USDCHF,2014-07-31,0.90874,0.91034,0.90761,0.90873,106291
USDCHF,2014-08-01,0.90873,0.90967,0.90406,0.90534,126166
USDCHF,2014-08-04,0.90507,0.90725,0.90476,0.90659,75374
USDCHF,2014-08-05,0.90659,0.91114,0.90649,0.90895,94434
USDCHF,2014-08-06,0.90895,0.91148,0.90705,0.90749,104918
USDCHF,2014-08-07,0.90749,0.91052,0.90661,0.9088,110781
USDCHF,2014-08-08,0.9088,0.90985,0.90327,0.90527,114280
USDCHF,2014-08-11,0.90557,0.90674,0.90484,0.9065,67236
USDCHF,2014-08-12,0.9065,0.91038,0.90647,0.9075,79025
USDCHF,2014-08-13,0.9075,0.90985,0.90417,0.90725,92913
USDCHF,2014-08-14,0.90725,0.90857,0.90349,0.90649,89098
USDCHF,2014-08-15,0.90649,0.90711,0.90182,0.90182,102614
USDCHF,2014-08-18,0.90268,0.90697,0.90208,0.9065,65816
USDCHF,2014-08-19,0.9065,0.90946,0.90586,0.9092,87586
USDCHF,2014-08-20,0.9092,0.91385,0.90899,0.91336,104898
USDCHF,2014-08-21,0.91336,0.91459,0.91108,0.91139,89134
USDCHF,2014-08-22,0.91139,0.91542,0.91035,0.91363,111818
USDCHF,2014-08-25,0.9172,0.91783,0.91421,0.91532,89916
USDCHF,2014-08-26,0.91532,0.91807,0.91378,0.91748,110010
USDCHF,2014-08-27,0.91748,0.91852,0.9138,0.91478,112977
USDCHF,2014-08-28,0.91478,0.91614,0.91261,0.91509,121971
USDCHF,2014-08-29,0.91509,0.91846,0.91386,0.91764,97781
USDCHF,2014-09-01,0.91848,0.91978,0.91771,0.91954,63546
USDCHF,2014-09-02,0.91954,0.92122,0.91881,0.91897,105265
USDCHF,2014-09-03,0.91897,0.92007,0.91755,0.91761,118308
USDCHF,2014-09-04,0.91761,0.93294,0.91756,0.93164,170641
USDCHF,2014-09-05,0.93164,0.93356,0.92842,0.93029,147061
USDCHF,2014-09-08,0.9303,0.93586,0.93001,0.93543,138690
USDCHF,2014-09-09,0.93543,0.93798,0.93148,0.93286,177061
USDCHF,2014-09-10,0.93286,0.9396,0.93189,0.93657,192626
USDCHF,2014-09-11,0.93657,0.93761,0.93367,0.9353,159043
USDCHF,2014-09-12,0.9353,0.93681,0.93202,0.93275,160406
USDCHF,2014-09-15,0.93175,0.93727,0.93175,0.9351,132976
USDCHF,2014-09-16,0.9351,0.93629,0.93004,0.93248,171336
USDCHF,2014-09-17,0.93248,0.94251,0.93212,0.94032,216393
USDCHF,2014-09-18,0.94032,0.9433,0.93319,0.93359,207185
USDCHF,2014-09-19,0.93359,0.941,0.93342,0.94039,191323
USDCHF,2014-09-22,0.9402,0.94213,0.93784,0.93982,147021
USDCHF,2014-09-23,0.93982,0.9403,0.93532,0.9398,154129
USDCHF,2014-09-24,0.9398,0.94584,0.93888,0.94548,155308
USDCHF,2014-09-25,0.94548,0.95152,0.94522,0.94642,205823
USDCHF,2014-09-26,0.94642,0.95211,0.94597,0.95128,165530
USDCHF,2014-09-29,0.95128,0.9532,0.94886,0.95129,170004
USDCHF,2014-09-30,0.95129,0.95965,0.94993,0.95497,216727
USDCHF,2014-10-01,0.95497,0.9596,0.95452,0.95591,214334
USDCHF,2014-10-02,0.95591,0.9581,0.95173,0.95396,266880
USDCHF,2014-10-03,0.95396,0.96836,0.95311,0.9668,194766
USDCHF,2014-10-06,0.96886,0.96886,0.95669,0.9581,183411
USDCHF,2014-10-07,0.9581,0.96247,0.95554,0.95676,266435
USDCHF,2014-10-08,0.95676,0.96007,0.95102,0.95174,267821
USDCHF,2014-10-09,0.95174,0.95592,0.94693,0.9542,242739
USDCHF,2014-10-10,0.9542,0.95929,0.95267,0.95636,211538
USDCHF,2014-10-13,0.95654,0.95757,0.94706,0.94775,207103
USDCHF,2014-10-14,0.94775,0.9555,0.94685,0.95363,236359
USDCHF,2014-10-15,0.95363,0.95623,0.93598,0.93986,383079
USDCHF,2014-10-16,0.93986,0.94907,0.93968,0.94233,338939
USDCHF,2014-10-17,0.94233,0.94749,0.94055,0.94565,216265
USDCHF,2014-10-20,0.94696,0.94805,0.94149,0.9425,179794
USDCHF,2014-10-21,0.9425,0.94925,0.93977,0.94908,197885
USDCHF,2014-10-22,0.94908,0.95421,0.94722,0.95338,193580
USDCHF,2014-10-23,0.95338,0.95593,0.95176,0.95406,183180
USDCHF,2014-10-24,0.95406,0.9546,0.94973,0.95169,165603
USDCHF,2014-10-27,0.95102,0.95212,0.94767,0.94947,151703
USDCHF,2014-10-28,0.94947,0.95111,0.94453,0.94711,153390
USDCHF,2014-10-29,0.94711,0.95492,0.94415,0.95483,159109
USDCHF,2014-10-30,0.95483,0.9611,0.95422,0.95589,205369
USDCHF,2014-10-31,0.95589,0.96631,0.95563,0.96263,260490
USDCHF,2014-11-03,0.96432,0.96912,0.96314,0.96579,217731
USDCHF,2014-11-04,0.96579,0.96587,0.95799,0.95975,206153
USDCHF,2014-11-05,0.95975,0.96616,0.95834,0.96395,237056
USDCHF,2014-11-06,0.96395,0.97382,0.96031,0.9732,293003
USDCHF,2014-11-07,0.9732,0.97418,0.96509,0.96598,275778
USDCHF,2014-11-10,0.96439,0.96848,0.96165,0.96804,199199
USDCHF,2014-11-11,0.96804,0.97007,0.96246,0.96442,210093
USDCHF,2014-11-12,0.96442,0.968,0.96222,0.96639,274027
USDCHF,2014-11-13,0.96639,0.96735,0.96221,0.9634,210432
USDCHF,2014-11-14,0.9634,0.96892,0.95734,0.95899,255193
USDCHF,2014-11-17,0.95885,0.96545,0.95526,0.96478,220523
USDCHF,2014-11-18,0.96478,0.9654,0.95744,0.95815,204444
USDCHF,2014-11-19,0.95815,0.96008,0.95306,0.95692,207753
USDCHF,2014-11-20,0.95692,0.96061,0.95529,0.95835,242074
USDCHF,2014-11-21,0.95835,0.97093,0.95633,0.96971,244757
USDCHF,2014-11-24,0.9728,0.9728,0.96629,0.96635,159076
USDCHF,2014-11-25,0.96635,0.96979,0.9634,0.96397,180347
USDCHF,2014-11-26,0.96397,0.96656,0.95947,0.96116,194399
USDCHF,2014-11-27,0.96116,0.96435,0.95986,0.96405,125002
USDCHF,2014-11-28,0.96405,0.96708,0.96212,0.96476,146838
USDCHF,2014-12-01,0.96582,0.96876,0.96151,0.96457,191894
USDCHF,2014-12-02,0.96457,0.973,0.96416,0.97202,136227
USDCHF,2014-12-03,0.97202,0.97829,0.97147,0.97746,170618
USDCHF,2014-12-04,0.97746,0.97959,0.96492,0.97127,231478
USDCHF,2014-12-05,0.97127,0.97996,0.97024,0.97803,196911
USDCHF,2014-12-08,0.9781,0.98177,0.97379,0.97588,164449
USDCHF,2014-12-09,0.97588,0.97776,0.96535,0.97124,253568
USDCHF,2014-12-10,0.97124,0.97226,0.96626,0.96628,232179
USDCHF,2014-12-11,0.96628,0.97107,0.96275,0.96773,278076
USDCHF,2014-12-12,0.96773,0.96992,0.96186,0.96307,247746
USDCHF,2014-12-15,0.96249,0.96738,0.9624,0.96552,238927
USDCHF,2014-12-16,0.96552,0.96576,0.95531,0.95979,323104
USDCHF,2014-12-17,0.95979,0.97463,0.95947,0.97295,303429
USDCHF,2014-12-18,0.97295,0.98479,0.97217,0.97974,268250
USDCHF,2014-12-19,0.97974,0.98461,0.97844,0.98338,208355
USDCHF,2014-12-22,0.98408,0.98497,0.9805,0.98359,131413
USDCHF,2014-12-23,0.98359,0.98865,0.98256,0.98772,133450
USDCHF,2014-12-24,0.98772,0.98816,0.98397,0.98512,86112
USDCHF,2014-12-25,0.986,0.9863,0.97905,0.986,0
USDCHF,2014-12-26,0.98512,0.98841,0.98372,0.98689,84374
USDCHF,2014-12-29,0.98666,0.99078,0.9843,0.98982,136832
USDCHF,2014-12-30,0.98982,0.99195,0.98677,0.98842,140877
USDCHF,2014-12-31,0.98842,0.9939,0.98797,0.99378,97524
USDCHF,2015-01-01,0.99411,0.99411,0.99411,0.99411,0
USDCHF,2015-01-02,0.99378,1.00173,0.99378,1.00086,151660
USDCHF,2015-01-05,1.00556,1.01173,1.00328,1.00684,206772
USDCHF,2015-01-06,1.00684,1.01091,1.00413,1.01009,191455
USDCHF,2015-01-07,1.01009,1.01756,1.00945,1.01433,224588
USDCHF,2015-01-08,1.01433,1.02168,1.01367,1.01826,175830
USDCHF,2015-01-09,1.01826,1.02094,1.01324,1.01337,207364
USDCHF,2015-01-12,1.01326,1.01897,1.01178,1.0148,170749
USDCHF,2015-01-13,1.0148,1.02177,1.01261,1.02005,211936
USDCHF,2015-01-14,1.02005,1.02401,1.01378,1.01865,247485
USDCHF,2015-01-15,1.01865,1.02205,0.83001,0.83752,224055
USDCHF,2015-01-16,0.83752,0.8809,0.83701,0.85803,202957
USDCHF,2015-01-19,0.85934,0.8795,0.8531,0.87872,119223
USDCHF,2015-01-20,0.87872,0.88365,0.86833,0.87523,95644
USDCHF,2015-01-21,0.87523,0.87703,0.84984,0.85851,131116
USDCHF,2015-01-22,0.85851,0.8749,0.85165,0.86983,132520
USDCHF,2015-01-23,0.86983,0.88185,0.86786,0.88008,187795
USDCHF,2015-01-26,0.87895,0.90415,0.87611,0.90264,170909
USDCHF,2015-01-27,0.90264,0.91676,0.89342,0.90192,173034
USDCHF,2015-01-28,0.90192,0.90899,0.89832,0.9046,132568
USDCHF,2015-01-29,0.9046,0.9251,0.90423,0.92334,140116
USDCHF,2015-01-30,0.92334,0.9289,0.91565,0.91984,174212
USDCHF,2015-02-02,0.92658,0.93441,0.91989,0.92761,159040
USDCHF,2015-02-03,0.92761,0.92961,0.91847,0.92321,144461
USDCHF,2015-02-04,0.92321,0.9279,0.92061,0.92578,118437
USDCHF,2015-02-05,0.92578,0.93112,0.92044,0.92074,103585
USDCHF,2015-02-06,0.92074,0.92883,0.9171,0.92475,99674
USDCHF,2015-02-09,0.92629,0.92877,0.91951,0.92319,95718
USDCHF,2015-02-10,0.92319,0.92778,0.92129,0.92599,113037
USDCHF,2015-02-11,0.92599,0.92995,0.92292,0.92787,85998
USDCHF,2015-02-12,0.92787,0.93362,0.92561,0.93065,110656
USDCHF,2015-02-13,0.93065,0.93355,0.92687,0.93175,85936
USDCHF,2015-02-16,0.93028,0.93257,0.92834,0.9315,125909
USDCHF,2015-02-17,0.9315,0.93744,0.92917,0.93671,132560
USDCHF,2015-02-18,0.93671,0.94518,0.93144,0.94188,132503
USDCHF,2015-02-19,0.94188,0.94992,0.93846,0.94925,129223
USDCHF,2015-02-20,0.94925,0.9535,0.937,0.93718,145275
USDCHF,2015-02-23,0.94056,0.95261,0.93874,0.94953,91104
USDCHF,2015-02-24,0.94953,0.95225,0.94685,0.95007,97738
USDCHF,2015-02-25,0.95007,0.95097,0.94649,0.94819,78203
USDCHF,2015-02-26,0.94819,0.95465,0.945,0.95243,111114
USDCHF,2015-02-27,0.95243,0.95462,0.94504,0.95316,108143
USDCHF,2015-03-02,0.953,0.95977,0.953,0.95798,78007
USDCHF,2015-03-03,0.95798,0.9618,0.95533,0.96094,88849
USDCHF,2015-03-04,0.96094,0.9682,0.95919,0.96299,129857
USDCHF,2015-03-05,0.96299,0.97494,0.96276,0.97352,107666
USDCHF,2015-03-06,0.97352,0.98657,0.96731,0.98478,129778
USDCHF,2015-03-09,0.98692,0.98742,0.98246,0.98548,113686
USDCHF,2015-03-10,0.98548,0.99995,0.98523,0.99932,100728
USDCHF,2015-03-11,0.99932,1.0108,0.99693,1.0088,136380
USDCHF,2015-03-12,1.0088,1.01274,0.99814,1.00196,125193
USDCHF,2015-03-13,1.00196,1.01117,1.0019,1.00454,95552
USDCHF,2015-03-16,1.00394,1.00825,1.00231,1.00631,107280
USDCHF,2015-03-17,1.00631,1.00914,1.00096,1.00565,64321
USDCHF,2015-03-18,1.00565,1.00687,0.96244,0.97721,130369
USDCHF,2015-03-19,0.97721,0.9983,0.97603,0.98944,180677
USDCHF,2015-03-20,0.98944,0.99053,0.97265,0.97339,132130
USDCHF,2015-03-23,0.97435,0.9812,0.96409,0.96591,159399
USDCHF,2015-03-24,0.96591,0.96946,0.95363,0.95785,130445
USDCHF,2015-03-25,0.95785,0.962,0.95522,0.95914,109245
USDCHF,2015-03-26,0.95914,0.96564,0.94906,0.96255,130806
USDCHF,2015-03-27,0.96255,0.96923,0.95571,0.9607,120730
USDCHF,2015-03-30,0.96137,0.96892,0.96042,0.96657,91271
USDCHF,2015-03-31,0.96657,0.97565,0.96548,0.97205,113819
USDCHF,2015-04-01,0.97205,0.97424,0.96442,0.96637,135375
USDCHF,2015-04-02,0.96637,0.96743,0.95614,0.95917,105955
USDCHF,2015-04-03,0.95917,0.96096,0.948,0.95132,50896
USDCHF,2015-04-06,0.95184,0.96052,0.94997,0.95826,46521
USDCHF,2015-04-07,0.95826,0.96723,0.95569,0.96586,94724
USDCHF,2015-04-08,0.96586,0.96748,0.9597,0.96595,110040
USDCHF,2015-04-09,0.96595,0.97894,0.96576,0.97702,95079
USDCHF,2015-04-10,0.97702,0.98365,0.97511,0.97904,92552
USDCHF,2015-04-13,0.97979,0.98627,0.97594,0.97765,100576
USDCHF,2015-04-14,0.97765,0.97946,0.96725,0.97203,133940
USDCHF,2015-04-15,0.97203,0.9771,0.96351,0.96406,140650
USDCHF,2015-04-16,0.96406,0.97115,0.95396,0.95583,166108
USDCHF,2015-04-17,0.95583,0.95843,0.94941,0.95149,159391
USDCHF,2015-04-20,0.95066,0.9599,0.94999,0.95594,139793
USDCHF,2015-04-21,0.95594,0.96255,0.95055,0.95469,125324
USDCHF,2015-04-22,0.95469,0.97138,0.95003,0.97134,159263
USDCHF,2015-04-23,0.97134,0.97188,0.953,0.95425,162073
USDCHF,2015-04-24,0.95425,0.95741,0.951,0.95329,161453
USDCHF,2015-04-27,0.95372,0.95833,0.94924,0.95427,119104
USDCHF,2015-04-28,0.95427,0.95985,0.95036,0.95489,134124
USDCHF,2015-04-29,0.95489,0.95723,0.934,0.93922,194435
USDCHF,2015-04-30,0.93922,0.94472,0.93078,0.93207,202769
USDCHF,2015-05-01,0.93207,0.93523,0.92766,0.93255,106934
USDCHF,2015-05-04,0.93321,0.93839,0.93133,0.93374,106600
USDCHF,2015-05-05,0.93374,0.94129,0.92386,0.92638,162556
USDCHF,2015-05-06,0.92638,0.92812,0.91136,0.91586,199393
USDCHF,2015-05-07,0.91586,0.9227,0.90719,0.92159,161401
USDCHF,2015-05-08,0.92159,0.93231,0.91914,0.93117,183402
USDCHF,2015-05-11,0.93134,0.93545,0.92965,0.93395,140644
USDCHF,2015-05-12,0.93395,0.93584,0.92112,0.92902,159198
USDCHF,2015-05-13,0.92902,0.92952,0.91536,0.91656,173102
USDCHF,2015-05-14,0.91656,0.91774,0.90786,0.91206,155763
USDCHF,2015-05-15,0.91206,0.92553,0.91145,0.91563,143664
USDCHF,2015-05-18,0.91485,0.92631,0.91476,0.92618,121013
USDCHF,2015-05-19,0.92618,0.93839,0.92458,0.93676,161917
USDCHF,2015-05-20,0.93676,0.94055,0.93367,0.93693,203205
USDCHF,2015-05-21,0.93693,0.93824,0.9306,0.93669,172190
USDCHF,2015-05-22,0.93669,0.94568,0.92859,0.9428,164776
USDCHF,2015-05-25,0.94325,0.94569,0.9405,0.94462,67812
USDCHF,2015-05-26,0.94462,0.9536,0.94454,0.95304,182874
USDCHF,2015-05-27,0.95304,0.95435,0.94669,0.94935,179691
USDCHF,2015-05-28,0.94935,0.95124,0.9418,0.94255,196922
USDCHF,2015-05-29,0.94255,0.94795,0.93481,0.9402,188346
USDCHF,2015-06-01,0.93976,0.94841,0.93836,0.94586,167942
USDCHF,2015-06-02,0.94586,0.94668,0.93065,0.93265,218032
USDCHF,2015-06-03,0.93265,0.94231,0.93025,0.93368,217600
USDCHF,2015-06-04,0.93368,0.93712,0.92775,0.93351,199241
USDCHF,2015-06-05,0.93351,0.95017,0.92952,0.93935,207814
USDCHF,2015-06-08,0.94132,0.94293,0.92558,0.92735,163142
USDCHF,2015-06-09,0.92735,0.93326,0.92463,0.93035,172191
USDCHF,2015-06-10,0.93035,0.93245,0.92331,0.93124,201170
USDCHF,2015-06-11,0.93124,0.9407,0.92972,0.93302,172995
USDCHF,2015-06-12,0.93302,0.93907,0.92408,0.92786,165263
USDCHF,2015-06-15,0.93001,0.93845,0.92743,0.9292,138995
USDCHF,2015-06-16,0.9292,0.93346,0.92716,0.93209,91296
USDCHF,2015-06-17,0.93209,0.93246,0.91967,0.92184,151941
USDCHF,2015-06-18,0.92184,0.9246,0.91507,0.92104,176609
USDCHF,2015-06-19,0.92104,0.92492,0.91629,0.91731,115376
USDCHF,2015-06-22,0.91635,0.92253,0.91567,0.92127,140686
USDCHF,2015-06-23,0.92127,0.93875,0.92096,0.93355,140699
USDCHF,2015-06-24,0.93355,0.93696,0.92807,0.93351,143287
USDCHF,2015-06-25,0.93351,0.94158,0.93248,0.93622,162531
USDCHF,2015-06-26,0.93622,0.93738,0.93,0.93272,132084
USDCHF,2015-06-29,0.93822,0.94273,0.92433,0.92487,259984
USDCHF,2015-06-30,0.92487,0.93809,0.92463,0.93463,200098
USDCHF,2015-07-01,0.93463,0.94896,0.93422,0.94793,154800
USDCHF,2015-07-02,0.94793,0.95038,0.94182,0.94328,253034
USDCHF,2015-07-03,0.94328,0.94412,0.93956,0.93999,193307
USDCHF,2015-07-06,0.94333,0.94717,0.94078,0.94245,272027
USDCHF,2015-07-07,0.94245,0.95155,0.94208,0.94529,275435
USDCHF,2015-07-08,0.94529,0.95098,0.94086,0.94494,307494
USDCHF,2015-07-09,0.94494,0.95151,0.94248,0.94744,303673
USDCHF,2015-07-10,0.94744,0.94905,0.93298,0.93783,311577
USDCHF,2015-07-13,0.94126,0.95028,0.93672,0.94997,275704
USDCHF,2015-07-14,0.94997,0.9532,0.93983,0.94466,309743
USDCHF,2015-07-15,0.94466,0.95475,0.9442,0.95164,251369
USDCHF,2015-07-16,0.95164,0.95839,0.9515,0.95723,255610
USDCHF,2015-07-17,0.95723,0.96186,0.95571,0.96077,245676
USDCHF,2015-07-20,0.9616,0.96492,0.96003,0.96457,233764
USDCHF,2015-07-21,0.96457,0.96487,0.95599,0.95759,272945
USDCHF,2015-07-22,0.95759,0.96321,0.9561,0.95983,232699
USDCHF,2015-07-23,0.95983,0.96027,0.95254,0.95854,213416
USDCHF,2015-07-24,0.95854,0.96353,0.95737,0.96181,199092
USDCHF,2015-07-27,0.96141,0.9633,0.953,0.96112,223485
USDCHF,2015-07-28,0.96112,0.96741,0.96042,0.96215,199962
USDCHF,2015-07-29,0.96215,0.96891,0.95988,0.96679,234850
USDCHF,2015-07-30,0.96679,0.97191,0.96674,0.96899,220345
USDCHF,2015-07-31,0.96899,0.96929,0.95483,0.96503,338877
USDCHF,2015-08-03,0.96537,0.97025,0.96428,0.96895,219367
USDCHF,2015-08-04,0.96895,0.97897,0.96679,0.97821,285972
USDCHF,2015-08-05,0.97821,0.98217,0.97588,0.97868,260298
USDCHF,2015-08-06,0.97868,0.98477,0.97676,0.98048,218849
USDCHF,2015-08-07,0.98048,0.98839,0.97885,0.98322,250330
USDCHF,2015-08-10,0.9811,0.9891,0.98033,0.98352,195214
USDCHF,2015-08-11,0.98352,0.9903,0.98018,0.98785,246971
USDCHF,2015-08-12,0.98785,0.98895,0.96769,0.97514,269076
USDCHF,2015-08-13,0.97514,0.97941,0.97296,0.97607,216415
USDCHF,2015-08-14,0.97607,0.97868,0.97277,0.97568,204119
USDCHF,2015-08-17,0.97575,0.97987,0.97419,0.97851,169553
USDCHF,2015-08-18,0.97851,0.97957,0.97515,0.97703,169523
USDCHF,2015-08-19,0.97703,0.97775,0.9644,0.96559,219462
USDCHF,2015-08-20,0.96559,0.96714,0.95833,0.95833,215036
USDCHF,2015-08-21,0.95833,0.95946,0.94523,0.94555,270438
USDCHF,2015-08-24,0.94605,0.94808,0.92579,0.92998,434329
USDCHF,2015-08-25,0.92998,0.95058,0.92959,0.93885,393291
USDCHF,2015-08-26,0.93885,0.95519,0.93833,0.95438,382151
USDCHF,2015-08-27,0.95438,0.96718,0.95121,0.96609,306431
USDCHF,2015-08-28,0.96609,0.96669,0.95787,0.96178,309857
USDCHF,2015-08-31,0.963,0.969,0.9587,0.96708,239861
USDCHF,2015-09-01,0.96708,0.96731,0.95689,0.95862,371173
USDCHF,2015-09-02,0.95862,0.97001,0.95691,0.96887,287494
USDCHF,2015-09-03,0.96887,0.97711,0.96822,0.9733,283105
USDCHF,2015-09-04,0.9733,0.97698,0.96833,0.97193,309679
USDCHF,2015-09-07,0.97159,0.97641,0.97073,0.97477,216090
USDCHF,2015-09-08,0.97477,0.98213,0.96996,0.97888,171484
USDCHF,2015-09-09,0.97888,0.98238,0.97156,0.97502,221109
USDCHF,2015-09-10,0.97502,0.97931,0.97013,0.97308,230852
USDCHF,2015-09-11,0.97308,0.97961,0.96821,0.96912,182712
USDCHF,2015-09-14,0.96919,0.97193,0.96674,0.96822,152412
USDCHF,2015-09-15,0.96822,0.97635,0.96702,0.97381,155594
USDCHF,2015-09-16,0.97381,0.97625,0.96693,0.97107,153360
USDCHF,2015-09-17,0.97107,0.97246,0.95906,0.95918,213671
USDCHF,2015-09-18,0.95918,0.97048,0.95275,0.96755,189007
USDCHF,2015-09-21,0.96885,0.97402,0.96426,0.97129,190654
USDCHF,2015-09-22,0.97129,0.97531,0.9707,0.97516,168957
USDCHF,2015-09-23,0.97516,0.98013,0.97355,0.97935,208593
USDCHF,2015-09-24,0.97935,0.98039,0.96676,0.97423,222307
USDCHF,2015-09-25,0.97423,0.98436,0.9741,0.97835,207273
USDCHF,2015-09-28,0.97789,0.98161,0.97221,0.97337,190226
USDCHF,2015-09-29,0.97337,0.97493,0.9687,0.97095,233722
USDCHF,2015-09-30,0.97095,0.9776,0.97065,0.97304,208681
USDCHF,2015-10-01,0.97304,0.97888,0.97216,0.97686,185459
USDCHF,2015-10-02,0.97686,0.97948,0.96447,0.97063,220404
USDCHF,2015-10-05,0.9708,0.97676,0.96858,0.97517,244412
USDCHF,2015-10-06,0.97517,0.97672,0.96644,0.96647,218066
USDCHF,2015-10-07,0.96647,0.97395,0.96481,0.97338,241900
USDCHF,2015-10-08,0.97338,0.97371,0.9623,0.96557,235598
USDCHF,2015-10-09,0.96557,0.96753,0.95864,0.96063,227973
USDCHF,2015-10-12,0.96081,0.96306,0.95949,0.96232,157054
USDCHF,2015-10-13,0.96232,0.96459,0.95545,0.95768,183767
USDCHF,2015-10-14,0.95768,0.95855,0.94837,0.9489,181716
USDCHF,2015-10-15,0.9489,0.95527,0.9476,0.94996,180796
USDCHF,2015-10-16,0.94996,0.95534,0.94954,0.95266,145025
USDCHF,2015-10-19,0.9508,0.95782,0.9508,0.95603,118051
USDCHF,2015-10-20,0.95603,0.95708,0.94937,0.95603,135629
USDCHF,2015-10-21,0.95603,0.96111,0.95278,0.95942,159438
USDCHF,2015-10-22,0.95942,0.97388,0.95799,0.97306,242707
USDCHF,2015-10-23,0.97306,0.98006,0.97117,0.97775,231322
USDCHF,2015-10-26,0.97863,0.98389,0.97566,0.98346,175672
USDCHF,2015-10-27,0.98346,0.9874,0.98054,0.98605,163885
USDCHF,2015-10-28,0.98605,0.99574,0.98165,0.994,211542
USDCHF,2015-10-29,0.994,0.9956,0.98853,0.98941,191748
USDCHF,2015-10-30,0.98941,0.99107,0.98455,0.98665,222716
USDCHF,2015-11-02,0.98527,0.98918,0.98357,0.98552,161717
USDCHF,2015-11-03,0.98552,0.99251,0.98443,0.99009,158393
USDCHF,2015-11-04,0.99009,0.99513,0.98849,0.99321,204400
USDCHF,2015-11-05,0.99321,0.99791,0.99217,0.99496,203600
USDCHF,2015-11-06,0.99496,1.00764,0.9944,1.0046,210708
USDCHF,2015-11-09,1.00449,1.00618,0.99975,1.00342,197573
USDCHF,2015-11-10,1.00342,1.00868,1.00196,1.00618,201951
USDCHF,2015-11-11,1.00618,1.00722,1.00289,1.00436,174332
USDCHF,2015-11-12,1.00436,1.00852,0.99894,0.99961,231799
USDCHF,2015-11-13,0.99961,1.00947,0.99934,1.00513,224369
USDCHF,2015-11-16,1.00587,1.01032,1.00435,1.00962,186863
USDCHF,2015-11-17,1.00962,1.0171,1.00924,1.0146,183559
USDCHF,2015-11-18,1.0146,1.02204,1.01277,1.01981,172794
USDCHF,2015-11-19,1.01981,1.02017,1.01219,1.0125,209092
USDCHF,2015-11-20,1.0125,1.01979,1.01222,1.01775,185125
USDCHF,2015-11-23,1.01942,1.0226,1.01751,1.01795,187100
USDCHF,2015-11-24,1.01795,1.01939,1.01442,1.01645,207313
USDCHF,2015-11-25,1.01645,1.02606,1.01436,1.02001,231939
USDCHF,2015-11-26,1.02001,1.02532,1.02001,1.02357,144665
USDCHF,2015-11-27,1.02357,1.03284,1.02258,1.02886,162132
USDCHF,2015-11-30,1.0295,1.03199,1.02581,1.02884,152434
USDCHF,2015-12-01,1.02884,1.03017,1.02543,1.02588,158471
USDCHF,2015-12-02,1.02588,1.03076,1.01794,1.01822,189704
USDCHF,2015-12-03,1.01822,1.02605,0.98751,0.99322,343145
USDCHF,2015-12-04,0.99322,1.0034,0.99108,0.99534,369554
USDCHF,2015-12-07,0.9966,1.00315,0.99613,0.9998,189324
USDCHF,2015-12-08,0.9998,1.00102,0.99172,0.99226,193555
USDCHF,2015-12-09,0.99226,0.99445,0.98201,0.9828,240463
USDCHF,2015-12-10,0.9828,0.9908,0.98269,0.9873,169422
USDCHF,2015-12-11,0.9873,0.98985,0.98031,0.98248,190521
USDCHF,2015-12-14,0.98315,0.98721,0.97861,0.98462,205213
USDCHF,2015-12-15,0.98462,0.99246,0.97982,0.99105,178157
USDCHF,2015-12-16,0.99105,0.99205,0.981,0.9898,246116
USDCHF,2015-12-17,0.9898,0.99908,0.9883,0.99547,186892
USDCHF,2015-12-18,0.99547,0.99758,0.99086,0.99086,178406
USDCHF,2015-12-21,0.99176,0.99687,0.98971,0.99205,147582
USDCHF,2015-12-22,0.99205,0.99374,0.98574,0.98669,130265
USDCHF,2015-12-23,0.98669,0.99453,0.98587,0.99034,112468
USDCHF,2015-12-24,0.99034,0.99154,0.98525,0.98703,56985
USDCHF,2015-12-25,0.9852,0.98816,0.98513,0.98625,0
USDCHF,2015-12-28,0.98714,0.99021,0.98512,0.98762,83502
USDCHF,2015-12-29,0.98762,0.99433,0.98616,0.99268,91205
USDCHF,2015-12-30,0.99268,0.99303,0.9857,0.98855,96414
USDCHF,2015-12-31,0.98855,1.00205,0.98723,0.99946,86614
USDCHF,2016-01-01,1.00136,1.0014,1.00136,1.00136,0
USDCHF,2016-01-04,1.00041,1.00628,0.99237,1.00194,203184
USDCHF,2016-01-05,1.00194,1.01244,1.00069,1.00857,156313
USDCHF,2016-01-06,1.00857,1.01199,1.00569,1.007,184769
USDCHF,2016-01-07,1.007,1.00801,0.99219,0.99316,232106
USDCHF,2016-01-08,0.99316,1.00524,0.99309,0.99417,260676
USDCHF,2016-01-11,0.994,1.00229,0.98798,1.00125,208335
USDCHF,2016-01-12,1.00125,1.00463,0.9966,1.00189,203422
USDCHF,2016-01-13,1.00189,1.01062,1.00179,1.00578,206485
USDCHF,2016-01-14,1.00578,1.0092,1.00094,1.00455,257063
USDCHF,2016-01-15,1.00455,1.00603,0.99582,1.00048,272546
USDCHF,2016-01-18,1.00094,1.0073,1.0003,1.00489,131263
USDCHF,2016-01-19,1.00489,1.00818,1.00018,1.00278,200191
USDCHF,2016-01-20,1.00278,1.00577,0.99904,1.00367,245750
USDCHF,2016-01-21,1.00367,1.01462,1.00125,1.00709,319992
USDCHF,2016-01-22,1.00709,1.01656,1.00661,1.01456,217174
USDCHF,2016-01-25,1.01481,1.01677,1.01246,1.01267,206035
USDCHF,2016-01-26,1.01267,1.01987,1.01173,1.01659,195050
USDCHF,2016-01-27,1.01659,1.01894,1.013,1.01479,254065
USDCHF,2016-01-28,1.01479,1.01774,1.01096,1.01358,237403
USDCHF,2016-01-29,1.01358,1.02564,1.01321,1.02258,302117
USDCHF,2016-02-01,1.0205,1.02494,1.01553,1.01939,211178
USDCHF,2016-02-02,1.01939,1.02242,1.01702,1.01784,198614
USDCHF,2016-02-03,1.01784,1.01937,0.99876,1.00412,289591
USDCHF,2016-02-04,1.00412,1.00739,0.99217,0.99303,355803
USDCHF,2016-02-05,0.99303,0.99849,0.98787,0.9906,315572
USDCHF,2016-02-08,0.99141,0.99729,0.9841,0.98684,347117
USDCHF,2016-02-09,0.98684,0.98749,0.96946,0.97255,429459
USDCHF,2016-02-10,0.97255,0.98195,0.97093,0.97322,476417
USDCHF,2016-02-11,0.97322,0.97623,0.96609,0.97223,514219
USDCHF,2016-02-12,0.97223,0.97907,0.97143,0.97607,305026
USDCHF,2016-02-15,0.97635,0.98894,0.97635,0.98658,220120
USDCHF,2016-02-16,0.98658,0.98962,0.98469,0.98829,274077
USDCHF,2016-02-17,0.98829,0.99416,0.98528,0.99229,276239
USDCHF,2016-02-18,0.99229,0.99687,0.9904,0.99225,253545
USDCHF,2016-02-19,0.99225,0.99674,0.98834,0.98921,226936
USDCHF,2016-02-22,0.98859,1.00031,0.98859,0.99936,222017
USDCHF,2016-02-23,0.99936,1.00012,0.98951,0.99109,203024
USDCHF,2016-02-24,0.99109,0.99526,0.98522,0.98871,232348
USDCHF,2016-02-25,0.98871,0.9952,0.98771,0.99021,213616
USDCHF,2016-02-26,0.99021,0.99887,0.98711,0.99625,194904
USDCHF,2016-02-29,0.99675,1.00377,0.99488,0.99791,208080
USDCHF,2016-03-01,0.99791,1.00094,0.996,0.99693,200983
USDCHF,2016-03-02,0.99693,1.00088,0.9955,0.9963,186395
USDCHF,2016-03-03,0.9963,0.99823,0.9892,0.9918,186224
USDCHF,2016-03-04,0.9918,0.99879,0.98784,0.99281,240528
USDCHF,2016-03-07,0.99237,1.0012,0.99237,0.995,183944
USDCHF,2016-03-08,0.995,0.99701,0.99013,0.99565,193673
USDCHF,2016-03-09,0.99565,1.00401,0.99393,0.99718,187147
USDCHF,2016-03-10,0.99718,1.00926,0.98096,0.98492,363704
USDCHF,2016-03-11,0.98492,0.98902,0.98028,0.98172,231144
USDCHF,2016-03-14,0.98232,0.98817,0.9815,0.98705,176794
USDCHF,2016-03-15,0.98705,0.98958,0.9849,0.98692,158828
USDCHF,2016-03-16,0.98692,0.99135,0.975,0.97633,208084
USDCHF,2016-03-17,0.97633,0.97864,0.96508,0.96743,201319
USDCHF,2016-03-18,0.96743,0.97172,0.96544,0.96915,159557
USDCHF,2016-03-21,0.96952,0.973,0.96751,0.96978,121927
USDCHF,2016-03-22,0.96978,0.97361,0.96882,0.97266,158665
USDCHF,2016-03-23,0.97266,0.97658,0.9725,0.9749,139948
USDCHF,2016-03-24,0.9749,0.97733,0.97368,0.97551,135291
USDCHF,2016-03-25,0.97551,0.9787,0.9751,0.97599,31926
USDCHF,2016-03-28,0.97648,0.97861,0.97226,0.97334,60906
USDCHF,2016-03-29,0.97334,0.97627,0.96575,0.96617,196448
USDCHF,2016-03-30,0.96617,0.967,0.95924,0.96482,187804
USDCHF,2016-03-31,0.96482,0.96629,0.95715,0.96141,191463
USDCHF,2016-04-01,0.96141,0.96254,0.95517,0.9573,182564
USDCHF,2016-04-04,0.95716,0.96147,0.95683,0.95847,136046
USDCHF,2016-04-05,0.95847,0.96044,0.95463,0.95585,160074
USDCHF,2016-04-06,0.95585,0.96218,0.95298,0.95556,178666
USDCHF,2016-04-07,0.95556,0.95807,0.95215,0.95549,185143
USDCHF,2016-04-08,0.95549,0.95821,0.95248,0.95261,149534
USDCHF,2016-04-11,0.95154,0.95705,0.95023,0.95402,127005
USDCHF,2016-04-12,0.95402,0.95934,0.94983,0.95443,143303
USDCHF,2016-04-13,0.95443,0.96716,0.95438,0.9668,150966
USDCHF,2016-04-14,0.9668,0.9688,0.96373,0.96669,146639
USDCHF,2016-04-15,0.96669,0.9688,0.96478,0.96691,120099
USDCHF,2016-04-18,0.96505,0.96787,0.96276,0.96402,116943
USDCHF,2016-04-19,0.96402,0.96499,0.95847,0.96172,122170
USDCHF,2016-04-20,0.96172,0.9733,0.96027,0.97182,119747
USDCHF,2016-04-21,0.97182,0.97528,0.96472,0.97515,186107
USDCHF,2016-04-22,0.97515,0.97969,0.9732,0.97748,148611
USDCHF,2016-04-25,0.97861,0.97898,0.97361,0.97484,123302
USDCHF,2016-04-26,0.97484,0.97667,0.97014,0.97327,136479
USDCHF,2016-04-27,0.97327,0.97534,0.96793,0.97088,160845
USDCHF,2016-04-28,0.97088,0.97331,0.96566,0.96658,175761
USDCHF,2016-04-29,0.96658,0.96711,0.95697,0.9584,169533
USDCHF,2016-05-02,0.95839,0.9605,0.95347,0.95382,154658
USDCHF,2016-05-03,0.95382,0.9554,0.94439,0.9541,173036
USDCHF,2016-05-04,0.9541,0.959,0.95303,0.95747,189776
USDCHF,2016-05-05,0.95747,0.96962,0.95686,0.96764,176898
USDCHF,2016-05-06,0.96764,0.97288,0.96463,0.97221,167098
USDCHF,2016-05-09,0.97209,0.97359,0.9684,0.97098,162738
USDCHF,2016-05-10,0.97098,0.97627,0.96984,0.97581,153911
USDCHF,2016-05-11,0.97581,0.97611,0.96986,0.97083,167037
USDCHF,2016-05-12,0.97083,0.97258,0.96633,0.96996,144453
USDCHF,2016-05-13,0.96996,0.97747,0.96955,0.9752,174895
USDCHF,2016-05-16,0.97478,0.97842,0.97405,0.97751,91972
USDCHF,2016-05-17,0.97751,0.98081,0.97512,0.98023,119315
USDCHF,2016-05-18,0.98023,0.98802,0.97984,0.98761,146818
USDCHF,2016-05-19,0.98761,0.99224,0.98626,0.99045,141609
USDCHF,2016-05-20,0.99045,0.99267,0.98939,0.98979,107284
USDCHF,2016-05-23,0.99097,0.99235,0.98827,0.98926,109880
USDCHF,2016-05-24,0.98926,0.99374,0.98889,0.993,129790
USDCHF,2016-05-25,0.993,0.99348,0.98965,0.99111,121584
USDCHF,2016-05-26,0.99111,0.99267,0.9872,0.98911,140907
USDCHF,2016-05-27,0.98911,0.99484,0.98852,0.99379,115595
USDCHF,2016-05-30,0.99433,0.9956,0.99196,0.99211,69237
USDCHF,2016-05-31,0.99211,0.9951,0.98864,0.99364,142845
USDCHF,2016-06-01,0.99364,0.99508,0.98619,0.98779,152956
USDCHF,2016-06-02,0.98779,0.99104,0.98584,0.98991,160179
USDCHF,2016-06-03,0.98991,0.99201,0.97497,0.97509,191236
USDCHF,2016-06-06,0.97576,0.97756,0.96812,0.97025,155081
USDCHF,2016-06-07,0.97025,0.97138,0.96448,0.96487,103551
USDCHF,2016-06-08,0.96487,0.96591,0.95811,0.9591,102060
USDCHF,2016-06-09,0.9591,0.96561,0.9578,0.96433,120288
USDCHF,2016-06-10,0.96433,0.96577,0.96165,0.96396,127167
USDCHF,2016-06-13,0.96324,0.96783,0.96294,0.96423,143372
USDCHF,2016-06-14,0.96423,0.96686,0.96206,0.96322,141688
USDCHF,2016-06-15,0.96322,0.96636,0.95909,0.96136,153935
USDCHF,2016-06-16,0.96136,0.96865,0.95716,0.96493,231667
USDCHF,2016-06-17,0.96493,0.96589,0.95884,0.95946,146301
USDCHF,2016-06-20,0.95882,0.96402,0.95754,0.96191,148283
USDCHF,2016-06-21,0.96191,0.9624,0.95723,0.96199,130863
USDCHF,2016-06-22,0.96199,0.9628,0.95506,0.95799,131434
USDCHF,2016-06-23,0.95799,0.96014,0.95213,0.95763,205342
USDCHF,2016-06-24,0.95763,0.98027,0.95515,0.97059,437110
USDCHF,2016-06-27,0.97527,0.98193,0.97061,0.97836,216194
USDCHF,2016-06-28,0.97836,0.98369,0.97632,0.98179,147522
USDCHF,2016-06-29,0.98179,0.98231,0.97794,0.97961,155246
USDCHF,2016-06-30,0.97961,0.98203,0.97277,0.97596,184645
USDCHF,2016-07-01,0.97596,0.9781,0.97104,0.97269,130059
USDCHF,2016-07-04,0.97269,0.97582,0.97023,0.97052,64021
USDCHF,2016-07-05,0.97052,0.97741,0.96846,0.97651,112936
USDCHF,2016-07-06,0.97651,0.9806,0.97398,0.97458,139796
USDCHF,2016-07-07,0.97458,0.97919,0.97405,0.97701,125994
USDCHF,2016-07-08,0.97701,0.98656,0.97596,0.98171,145374
USDCHF,2016-07-11,0.98138,0.98577,0.98082,0.98266,104649
USDCHF,2016-07-12,0.98266,0.98942,0.97955,0.98894,157198
USDCHF,2016-07-13,0.98894,0.98941,0.98216,0.98511,137447
USDCHF,2016-07-14,0.98511,0.98523,0.9764,0.98062,152155
USDCHF,2016-07-15,0.98062,0.98469,0.9782,0.98157,163422
USDCHF,2016-07-18,0.98154,0.98467,0.9811,0.98221,126387
USDCHF,2016-07-19,0.98221,0.98778,0.9815,0.98537,123625
USDCHF,2016-07-20,0.98537,0.99046,0.98505,0.98716,127279
USDCHF,2016-07-21,0.98716,0.99066,0.98397,0.9856,192075
USDCHF,2016-07-22,0.9856,0.98953,0.98433,0.98664,133792
USDCHF,2016-07-25,0.98717,0.98946,0.98495,0.98573,108065
USDCHF,2016-07-26,0.98573,0.99277,0.98348,0.99231,141556
USDCHF,2016-07-27,0.99231,0.995,0.98578,0.98588,176066
USDCHF,2016-07-28,0.98588,0.98669,0.97935,0.98086,174055
USDCHF,2016-07-29,0.98086,0.98094,0.96352,0.96924,198616
USDCHF,2016-08-01,0.96872,0.97028,0.96636,0.9681,120242
USDCHF,2016-08-02,0.9681,0.96946,0.96333,0.96405,132965
USDCHF,2016-08-03,0.96405,0.97384,0.96384,0.97307,137978
USDCHF,2016-08-04,0.97307,0.97497,0.97211,0.97385,131670
USDCHF,2016-08-05,0.97385,0.98306,0.97266,0.97993,120975
USDCHF,2016-08-08,0.97993,0.98417,0.9786,0.98224,96871
USDCHF,2016-08-09,0.98224,0.98435,0.98101,0.98102,107315
USDCHF,2016-08-10,0.98102,0.98185,0.97461,0.97481,111066
USDCHF,2016-08-11,0.97481,0.97658,0.97112,0.9754,101512
USDCHF,2016-08-12,0.9754,0.97656,0.97079,0.97444,114171
USDCHF,2016-08-15,0.97344,0.97591,0.9713,0.9726,83595
USDCHF,2016-08-16,0.9726,0.97334,0.95883,0.9616,152518
USDCHF,2016-08-17,0.9616,0.96577,0.95964,0.96163,146376
USDCHF,2016-08-18,0.96163,0.96264,0.95371,0.95398,149125
USDCHF,2016-08-19,0.95398,0.96111,0.95379,0.96007,134025
USDCHF,2016-08-22,0.96132,0.96487,0.95948,0.96233,125907
USDCHF,2016-08-23,0.96233,0.96334,0.95934,0.96286,112064
USDCHF,2016-08-24,0.96286,0.96836,0.96255,0.9668,137248
USDCHF,2016-08-25,0.9668,0.96873,0.9641,0.96742,110172
USDCHF,2016-08-26,0.96742,0.97925,0.9631,0.97788,201504
USDCHF,2016-08-29,0.978,0.98066,0.97647,0.97813,131737
USDCHF,2016-08-30,0.97813,0.98443,0.97674,0.98349,130347
USDCHF,2016-08-31,0.98349,0.9863,0.98175,0.98379,138754
USDCHF,2016-09-01,0.98379,0.98846,0.97851,0.98,163959
USDCHF,2016-09-02,0.98,0.98192,0.97387,0.98009,179699
USDCHF,2016-09-05,0.97967,0.98138,0.97721,0.97983,76881
USDCHF,2016-09-06,0.97983,0.98106,0.96931,0.9694,148931
USDCHF,2016-09-07,0.9694,0.97094,0.967,0.9697,143957
USDCHF,2016-09-08,0.9697,0.97377,0.96493,0.97244,175206
USDCHF,2016-09-09,0.97244,0.97843,0.97101,0.97505,151670
USDCHF,2016-09-12,0.9743,0.9763,0.969,0.97162,166029
USDCHF,2016-09-13,0.97162,0.97844,0.97069,0.97575,160340
USDCHF,2016-09-14,0.97575,0.97897,0.9706,0.97326,153237
USDCHF,2016-09-15,0.97326,0.97676,0.96937,0.97162,173295
USDCHF,2016-09-16,0.97162,0.98178,0.97111,0.97999,152766
USDCHF,2016-09-19,0.97933,0.98188,0.97831,0.97988,110541
USDCHF,2016-09-20,0.97988,0.98106,0.9762,0.97903,114643
USDCHF,2016-09-21,0.97903,0.98141,0.97205,0.97308,158897
USDCHF,2016-09-22,0.97308,0.97412,0.96598,0.96884,115332
USDCHF,2016-09-23,0.96884,0.97423,0.96841,0.96977,105079
USDCHF,2016-09-26,0.96979,0.9709,0.96611,0.96905,115371
USDCHF,2016-09-27,0.96905,0.97288,0.9661,0.97074,128815
USDCHF,2016-09-28,0.97074,0.97366,0.96913,0.97075,132817
USDCHF,2016-09-29,0.97075,0.97235,0.96398,0.96592,145236
USDCHF,2016-09-30,0.96592,0.97566,0.96476,0.97119,182346
USDCHF,2016-10-03,0.97111,0.97443,0.96901,0.97334,81440
USDCHF,2016-10-04,0.97334,0.98288,0.97193,0.97882,138840
USDCHF,2016-10-05,0.97882,0.97934,0.97331,0.97409,116730
USDCHF,2016-10-06,0.97409,0.98185,0.97351,0.98086,138296
USDCHF,2016-10-07,0.98086,0.98391,0.97672,0.97698,251520
USDCHF,2016-10-10,0.97874,0.98391,0.97692,0.98247,104376
USDCHF,2016-10-11,0.98247,0.98934,0.98196,0.98881,138738
USDCHF,2016-10-12,0.98881,0.99097,0.98741,0.9905,148173
USDCHF,2016-10-13,0.9905,0.99097,0.98592,0.98597,150065
USDCHF,2016-10-14,0.98597,0.99048,0.98556,0.99018,121587
USDCHF,2016-10-17,0.99009,0.99076,0.98715,0.98893,113057
USDCHF,2016-10-18,0.98893,0.99143,0.98663,0.98982,112428
USDCHF,2016-10-19,0.98982,0.99051,0.98747,0.98889,121126
USDCHF,2016-10-20,0.98889,0.99331,0.98422,0.99239,170793
USDCHF,2016-10-21,0.99239,0.99618,0.99225,0.99329,120355
USDCHF,2016-10-24,0.99455,0.99565,0.99155,0.99343,117181
USDCHF,2016-10-25,0.99343,0.99988,0.99308,0.9943,133987
USDCHF,2016-10-26,0.9943,0.99587,0.99031,0.99334,127660
USDCHF,2016-10-27,0.99334,0.9951,0.99116,0.99353,143512
USDCHF,2016-10-28,0.99353,0.99502,0.98579,0.98749,178524
USDCHF,2016-10-31,0.98693,0.99073,0.9868,0.989,130242
USDCHF,2016-11-01,0.989,0.98989,0.97282,0.97526,177217
USDCHF,2016-11-02,0.97526,0.9754,0.96951,0.97335,237008
USDCHF,2016-11-03,0.97335,0.97601,0.96952,0.97394,208727
USDCHF,2016-11-04,0.97394,0.97581,0.96788,0.96799,186524
USDCHF,2016-11-07,0.9773,0.97895,0.97299,0.97431,152288
USDCHF,2016-11-08,0.97431,0.97898,0.97352,0.97771,142249
USDCHF,2016-11-09,0.97771,0.98478,0.95493,0.98438,532752
USDCHF,2016-11-10,0.98438,0.98966,0.98204,0.9865,289226
USDCHF,2016-11-11,0.9865,0.9893,0.9832,0.98715,305045
USDCHF,2016-11-14,0.98899,1.0002,0.98813,0.99799,324492
USDCHF,2016-11-15,0.99799,1.00255,0.9929,1.00169,274471
USDCHF,2016-11-16,1.00169,1.00588,0.99836,1.00203,256779
USDCHF,2016-11-17,1.00203,1.00735,0.99942,1.00689,263515
USDCHF,2016-11-18,1.00689,1.01229,1.00599,1.00981,327779
USDCHF,2016-11-21,1.00994,1.01167,1.00746,1.00859,316150
USDCHF,2016-11-22,1.00859,1.01343,1.00675,1.01112,291110
USDCHF,2016-11-23,1.01112,1.01821,1.00916,1.01589,266707
USDCHF,2016-11-24,1.01589,1.01915,1.0145,1.01595,236993
USDCHF,2016-11-25,1.01595,1.01859,1.01049,1.0131,353877
USDCHF,2016-11-28,1.01111,1.01679,1.00786,1.01184,313589
USDCHF,2016-11-29,1.01184,1.01762,1.01105,1.01149,279290
USDCHF,2016-11-30,1.01149,1.02048,1.01067,1.01642,335603
USDCHF,2016-12-01,1.01642,1.01777,1.00991,1.01017,343528
USDCHF,2016-12-02,1.01017,1.01226,1.00672,1.00989,288689
USDCHF,2016-12-05,1.01149,1.01817,1.005,1.00593,305303
USDCHF,2016-12-06,1.00593,1.01152,1.00495,1.00977,181945
USDCHF,2016-12-07,1.00977,1.01097,1.00657,1.00675,141849
USDCHF,2016-12-08,1.00675,1.0178,1.00188,1.01619,283750
USDCHF,2016-12-09,1.01619,1.02135,1.01532,1.01669,198328
USDCHF,2016-12-12,1.01826,1.01987,1.0124,1.01296,271818
USDCHF,2016-12-13,1.01296,1.01461,1.01003,1.01187,285545
USDCHF,2016-12-14,1.01187,1.02233,1.00834,1.0201,394199
USDCHF,2016-12-15,1.0201,1.03436,1.01943,1.02983,417360
USDCHF,2016-12-16,1.02983,1.03115,1.02411,1.02639,275503
USDCHF,2016-12-19,1.02578,1.02827,1.02211,1.02699,298911
USDCHF,2016-12-20,1.02699,1.03203,1.02599,1.02857,328743
USDCHF,2016-12-21,1.02857,1.02955,1.02266,1.02672,219825
USDCHF,2016-12-22,1.02672,1.02692,1.02179,1.02537,241904
USDCHF,2016-12-23,1.02537,1.02808,1.0243,1.02609,146865
USDCHF,2016-12-26,1.02606,1.0272,1.0242,1.0261,0
USDCHF,2016-12-27,1.02609,1.02983,1.02609,1.02756,208846
USDCHF,2016-12-28,1.02756,1.03212,1.02644,1.028,190130
USDCHF,2016-12-29,1.028,1.02855,1.0207,1.02284,248357
USDCHF,2016-12-30,1.02284,1.02318,1.00569,1.01759,494097
USDCHF,2017-01-02,1.01881,1.0242,1.01742,1.01869,0
USDCHF,2017-01-03,1.01759,1.03351,1.01759,1.02727,294810
USDCHF,2017-01-04,1.02727,1.0291,1.02006,1.02057,315146
USDCHF,2017-01-05,1.02057,1.02208,1.00867,1.00984,411550
USDCHF,2017-01-06,1.00984,1.01832,1.00938,1.01738,295297
USDCHF,2017-01-09,1.01689,1.01973,1.01415,1.01512,220745
USDCHF,2017-01-10,1.01512,1.01782,1.01107,1.01683,264502
USDCHF,2017-01-11,1.01683,1.02482,1.0101,1.01414,379218
USDCHF,2017-01-12,1.01414,1.01499,1.00561,1.01089,312396
USDCHF,2017-01-13,1.01089,1.01213,1.0041,1.00822,266537
USDCHF,2017-01-16,1.0092,1.01364,1.00887,1.01079,186490
USDCHF,2017-01-17,1.01079,1.01207,0.9996,1.00137,298999
USDCHF,2017-01-18,1.00137,1.00774,1.0009,1.00728,235659
USDCHF,2017-01-19,1.00728,1.01224,1.00414,1.00607,272052
USDCHF,2017-01-20,1.00607,1.0094,1.00099,1.00099,282082
USDCHF,2017-01-23,1.00105,1.00266,0.99612,0.99629,241796
USDCHF,2017-01-24,0.99629,1.00192,0.99595,1.0008,209504
USDCHF,2017-01-25,1.0008,1.00261,0.99659,0.99922,202791
USDCHF,2017-01-26,0.99922,1.00263,0.99682,0.99959,221909
USDCHF,2017-01-27,0.99959,1.00276,0.99694,0.99894,200980
USDCHF,2017-01-30,0.9965,1.00446,0.99334,0.99515,210216
USDCHF,2017-01-31,0.99515,0.99663,0.98611,0.98902,273072
USDCHF,2017-02-01,0.98902,0.99565,0.98838,0.9928,223764
USDCHF,2017-02-02,0.9928,0.99382,0.98696,0.99263,218234
USDCHF,2017-02-03,0.99263,0.99914,0.99067,0.99137,232655
USDCHF,2017-02-06,0.99133,0.99614,0.99037,0.99058,200404
USDCHF,2017-02-07,0.99058,1.00069,0.99046,0.99754,206100
USDCHF,2017-02-08,0.99754,0.99998,0.99297,0.99443,196157
USDCHF,2017-02-09,0.99443,1.00188,0.99364,1.00159,176399
USDCHF,2017-02-10,1.00159,1.00621,1.00071,1.00225,166695
USDCHF,2017-02-13,1.00237,1.00694,1.00179,1.00574,202397
USDCHF,2017-02-14,1.00574,1.00844,1.00308,1.0063,252593
USDCHF,2017-02-15,1.0063,1.01187,1.00472,1.00534,248187
USDCHF,2017-02-16,1.00534,1.00573,0.99658,0.99691,248280
USDCHF,2017-02-17,0.99691,1.00336,0.99636,1.00244,206307
USDCHF,2017-02-20,1.00234,1.00445,1.00102,1.00277,138291
USDCHF,2017-02-21,1.00277,1.01056,1.00174,1.00976,191776
USDCHF,2017-02-22,1.00976,1.01408,1.00774,1.01043,248029
USDCHF,2017-02-23,1.01043,1.01165,1.00531,1.00619,199357
USDCHF,2017-02-24,1.00619,1.00809,1.00243,1.00706,200404
USDCHF,2017-02-27,1.00658,1.00981,1.00454,1.0092,189200
USDCHF,2017-02-28,1.0092,1.01017,1.00089,1.00578,226428
USDCHF,2017-03-01,1.00578,1.01291,1.00525,1.00887,276587
USDCHF,2017-03-02,1.00887,1.01462,1.0081,1.01328,183054
USDCHF,2017-03-03,1.01328,1.01374,1.0069,1.00753,225580
USDCHF,2017-03-06,1.00789,1.01295,1.0072,1.01193,159088
USDCHF,2017-03-07,1.01193,1.01704,1.01067,1.01322,154512
USDCHF,2017-03-08,1.01322,1.01547,1.01229,1.01472,170360
USDCHF,2017-03-09,1.01472,1.01607,1.00917,1.01219,254937
USDCHF,2017-03-10,1.01219,1.014,1.00782,1.01059,232571
USDCHF,2017-03-13,1.00959,1.0117,1.00603,1.00724,197252
USDCHF,2017-03-14,1.00724,1.01076,1.00688,1.01005,170908
USDCHF,2017-03-15,1.01005,1.01054,0.99842,1.00025,223642
USDCHF,2017-03-16,1.00025,1.00154,0.9951,0.99645,230466
USDCHF,2017-03-17,0.99645,0.99865,0.99422,0.99797,164924
USDCHF,2017-03-20,0.99704,0.99909,0.99568,0.99864,157381
USDCHF,2017-03-21,0.99864,1.00024,0.99218,0.99385,220782
USDCHF,2017-03-22,0.99385,0.99461,0.98816,0.99136,222284
USDCHF,2017-03-23,0.99136,0.9942,0.99118,0.99334,199893
USDCHF,2017-03-24,0.99334,0.99593,0.9889,0.99133,191426
USDCHF,2017-03-27,0.98834,0.9895,0.98136,0.9856,195427
USDCHF,2017-03-28,0.9856,0.99353,0.98314,0.99239,189733
USDCHF,2017-03-29,0.99239,0.9976,0.99132,0.99631,215382
USDCHF,2017-03-30,0.99631,1.00137,0.99484,1.0013,212139
USDCHF,2017-03-31,1.0013,1.00297,0.99943,1.00268,216792
USDCHF,2017-04-03,1.00164,1.00376,1.00078,1.00145,182593
USDCHF,2017-04-04,1.00145,1.00377,1.00116,1.00185,165144
USDCHF,2017-04-05,1.00185,1.00768,1.00114,1.00491,201766
USDCHF,2017-04-06,1.00491,1.00674,1.00264,1.00497,195058
USDCHF,2017-04-07,1.00497,1.00965,1.00144,1.00901,270593
USDCHF,2017-04-10,1.00865,1.01078,1.00745,1.00867,150900
USDCHF,2017-04-11,1.00867,1.0094,1.00557,1.00729,173065
USDCHF,2017-04-12,1.00729,1.00893,1.00214,1.00305,203977
USDCHF,2017-04-13,1.00305,1.00671,1.00078,1.00568,194524
USDCHF,2017-04-14,1.00568,1.00606,1.00226,1.00465,51346
USDCHF,2017-04-17,1.00258,1.00575,1.00096,1.00425,91992
USDCHF,2017-04-18,1.00425,1.00478,0.99552,0.99605,211016
USDCHF,2017-04-19,0.99605,0.99924,0.99533,0.99821,179409
USDCHF,2017-04-20,0.99821,0.99877,0.99407,0.99863,162888
USDCHF,2017-04-21,0.99863,0.99994,0.99482,0.9957,153030
USDCHF,2017-04-24,0.98963,0.99808,0.98963,0.99581,242549
USDCHF,2017-04-25,0.99581,0.99699,0.99186,0.99343,164784
USDCHF,2017-04-26,0.99343,0.99687,0.99192,0.9932,204884
USDCHF,2017-04-27,0.9932,0.99636,0.99198,0.99434,197783
USDCHF,2017-04-28,0.99434,0.99583,0.98935,0.99463,189595
USDCHF,2017-05-01,0.9936,0.99653,0.99281,0.99631,81028
USDCHF,2017-05-02,0.99631,0.99631,0.9912,0.99154,132980
USDCHF,2017-05-03,0.99154,0.99482,0.98906,0.99472,168063
USDCHF,2017-05-04,0.99472,0.99569,0.98623,0.98627,201213
USDCHF,2017-05-05,0.98627,0.99033,0.98533,0.9871,182605
USDCHF,2017-05-08,0.98745,0.99911,0.98676,0.99874,141088
USDCHF,2017-05-09,0.99874,1.00906,0.99751,1.00746,184758
USDCHF,2017-05-10,1.00746,1.00947,1.00484,1.00889,171116
USDCHF,2017-05-11,1.00889,1.00998,1.00564,1.0078,144679
USDCHF,2017-05-12,1.0078,1.00858,0.99864,1.00081,157471
USDCHF,2017-05-15,1.00032,1.00195,0.99578,0.99649,138482
USDCHF,2017-05-16,0.99649,0.99658,0.98473,0.98583,181332
USDCHF,2017-05-17,0.98583,0.98612,0.97742,0.97861,234932
USDCHF,2017-05-18,0.97861,0.98252,0.9759,0.97987,318699
USDCHF,2017-05-19,0.97987,0.98053,0.97244,0.9727,216247
USDCHF,2017-05-22,0.97347,0.97655,0.96916,0.97336,178681
USDCHF,2017-05-23,0.97336,0.97633,0.97016,0.97601,226679
USDCHF,2017-05-24,0.97601,0.97765,0.97286,0.97306,225359
USDCHF,2017-05-25,0.97306,0.97389,0.97003,0.97302,163520
USDCHF,2017-05-26,0.97302,0.97611,0.96963,0.97435,179102
USDCHF,2017-05-29,0.975,0.97752,0.97316,0.97732,86411
USDCHF,2017-05-30,0.97732,0.9808,0.9737,0.97461,199966
USDCHF,2017-05-31,0.97461,0.97613,0.96696,0.96778,204815
USDCHF,2017-06-01,0.96778,0.97196,0.96649,0.97155,164544
USDCHF,2017-06-02,0.97155,0.97192,0.9622,0.9624,176571
USDCHF,2017-06-05,0.96446,0.96644,0.96204,0.96525,124725
USDCHF,2017-06-06,0.96525,0.96532,0.96136,0.96188,162750
USDCHF,2017-06-07,0.96188,0.96775,0.96132,0.96464,211505
USDCHF,2017-06-08,0.96464,0.96963,0.96292,0.96739,237039
USDCHF,2017-06-09,0.96739,0.97276,0.96536,0.96889,225653
USDCHF,2017-06-12,0.96815,0.9695,0.96699,0.96863,149496
USDCHF,2017-06-13,0.96863,0.97007,0.96622,0.96877,126275
USDCHF,2017-06-14,0.96877,0.97358,0.96407,0.97104,268287
USDCHF,2017-06-15,0.97104,0.97708,0.97036,0.97525,219753
USDCHF,2017-06-16,0.97525,0.97572,0.97268,0.97372,162908
USDCHF,2017-06-19,0.97253,0.97594,0.96956,0.97556,137583
USDCHF,2017-06-20,0.97556,0.97662,0.97255,0.97499,154361
USDCHF,2017-06-21,0.97499,0.97536,0.97219,0.9723,135347
USDCHF,2017-06-22,0.9723,0.97427,0.97121,0.97163,131725
USDCHF,2017-06-23,0.97163,0.97214,0.96756,0.96916,117058
USDCHF,2017-06-26,0.9691,0.97384,0.96812,0.97252,144389
USDCHF,2017-06-27,0.97252,0.97329,0.9592,0.96042,192445
USDCHF,2017-06-28,0.96042,0.96474,0.95791,0.9597,261536
USDCHF,2017-06-29,0.9597,0.95996,0.95559,0.95589,219516
USDCHF,2017-06-30,0.95589,0.95984,0.95504,0.9583,189649
USDCHF,2017-07-03,0.95807,0.96431,0.95694,0.96361,145331
USDCHF,2017-07-04,0.96361,0.96594,0.96215,0.96534,108145
USDCHF,2017-07-05,0.96534,0.96883,0.96329,0.96402,176636
USDCHF,2017-07-06,0.96402,0.966,0.96011,0.96051,179626
USDCHF,2017-07-07,0.96051,0.96541,0.9595,0.9639,183268
USDCHF,2017-07-10,0.96335,0.96751,0.96299,0.96565,119997
USDCHF,2017-07-11,0.96565,0.96963,0.96241,0.96381,144159
USDCHF,2017-07-12,0.96381,0.9662,0.96025,0.96532,226827
USDCHF,2017-07-13,0.96532,0.96874,0.96154,0.96711,207697
USDCHF,2017-07-14,0.96711,0.97006,0.96288,0.96296,194859
USDCHF,2017-07-17,0.96274,0.96589,0.95945,0.96242,157971
USDCHF,2017-07-18,0.96242,0.96348,0.95237,0.95499,290376
USDCHF,2017-07-19,0.95499,0.95608,0.95284,0.95562,159868
USDCHF,2017-07-20,0.95562,0.96188,0.94929,0.95127,294009
USDCHF,2017-07-21,0.95127,0.95227,0.94385,0.94569,205384
USDCHF,2017-07-24,0.94474,0.94754,0.94447,0.94652,174417
USDCHF,2017-07-25,0.94652,0.95254,0.94489,0.95238,222623
USDCHF,2017-07-26,0.95238,0.95953,0.94985,0.95068,277417
USDCHF,2017-07-27,0.95068,0.96621,0.94903,0.96487,287927
USDCHF,2017-07-28,0.96487,0.97267,0.9632,0.96852,300914
USDCHF,2017-07-31,0.96885,0.97127,0.96366,0.96687,209695
USDCHF,2017-08-01,0.96687,0.96835,0.96312,0.96571,200435
USDCHF,2017-08-02,0.96571,0.97137,0.96419,0.97117,193916
USDCHF,2017-08-03,0.97117,0.97171,0.96719,0.96844,185131
USDCHF,2017-08-04,0.96844,0.97643,0.96707,0.97273,197867
USDCHF,2017-08-07,0.97227,0.97465,0.97112,0.97318,115392
USDCHF,2017-08-08,0.97318,0.9773,0.97096,0.9741,145068
USDCHF,2017-08-09,0.9741,0.9743,0.9611,0.96361,205659
USDCHF,2017-08-10,0.96361,0.96752,0.96185,0.9625,169267
USDCHF,2017-08-11,0.9625,0.96385,0.95805,0.96189,182401
USDCHF,2017-08-14,0.96209,0.97326,0.96147,0.97213,138759
USDCHF,2017-08-15,0.97213,0.97588,0.9702,0.97262,154753
USDCHF,2017-08-16,0.97262,0.97658,0.96482,0.96579,215228
USDCHF,2017-08-17,0.96579,0.96982,0.9605,0.96298,204920
USDCHF,2017-08-18,0.96298,0.96699,0.95863,0.96464,199116
USDCHF,2017-08-21,0.96452,0.96854,0.96005,0.96186,143202
USDCHF,2017-08-22,0.96186,0.96886,0.96105,0.96839,134346
USDCHF,2017-08-23,0.96839,0.96997,0.96415,0.96563,162445
USDCHF,2017-08-24,0.96563,0.96684,0.96201,0.96525,141507
USDCHF,2017-08-25,0.96525,0.96625,0.95501,0.95598,200268
USDCHF,2017-08-28,0.95456,0.95784,0.95265,0.9551,117323
USDCHF,2017-08-29,0.9551,0.95606,0.94274,0.9555,233642
USDCHF,2017-08-30,0.9555,0.96454,0.95384,0.96346,201410
USDCHF,2017-08-31,0.96346,0.96797,0.95822,0.95844,207175
USDCHF,2017-09-01,0.95844,0.96526,0.95454,0.96403,226630
USDCHF,2017-09-04,0.95949,0.96178,0.95518,0.9576,110596
USDCHF,2017-09-05,0.9576,0.96144,0.95342,0.95464,220305
USDCHF,2017-09-06,0.95464,0.95823,0.95278,0.95567,204618
USDCHF,2017-09-07,0.95567,0.9593,0.94937,0.95024,263671
USDCHF,2017-09-08,0.95024,0.95085,0.94208,0.94389,234240
USDCHF,2017-09-11,0.94682,0.95692,0.94595,0.95609,190145
USDCHF,2017-09-12,0.95609,0.96182,0.95443,0.95982,217103
USDCHF,2017-09-13,0.95982,0.96605,0.95839,0.96388,209699
USDCHF,2017-09-14,0.96388,0.97052,0.96177,0.9628,250891
USDCHF,2017-09-15,0.9628,0.96473,0.9565,0.95908,195814
USDCHF,2017-09-18,0.96023,0.96409,0.95803,0.96112,185652
USDCHF,2017-09-19,0.96112,0.96488,0.9595,0.96252,224592
USDCHF,2017-09-20,0.96252,0.97176,0.95862,0.96976,229255
USDCHF,2017-09-21,0.96976,0.97474,0.9685,0.97043,178620
USDCHF,2017-09-22,0.97043,0.97096,0.96682,0.96924,137409
USDCHF,2017-09-25,0.97063,0.97465,0.96419,0.96582,126652
USDCHF,2017-09-26,0.96582,0.97268,0.96525,0.96867,148457
USDCHF,2017-09-27,0.96867,0.97702,0.96845,0.97198,160495
USDCHF,2017-09-28,0.97198,0.97588,0.96981,0.97009,147276
USDCHF,2017-09-29,0.97009,0.9721,0.96702,0.96765,137769
USDCHF,2017-10-02,0.968,0.97549,0.96772,0.97461,129842
USDCHF,2017-10-03,0.97461,0.97863,0.97286,0.97359,120676
USDCHF,2017-10-04,0.97359,0.97619,0.97096,0.97494,116430
USDCHF,2017-10-05,0.97494,0.97956,0.97428,0.97831,109104
USDCHF,2017-10-06,0.97831,0.98365,0.97706,0.9773,134716
USDCHF,2017-10-09,0.97835,0.98077,0.97742,0.97965,59692
USDCHF,2017-10-10,0.97965,0.97993,0.97352,0.97508,113474
USDCHF,2017-10-11,0.97508,0.9767,0.9717,0.97323,135736
USDCHF,2017-10-12,0.97323,0.97637,0.97118,0.97543,149318
USDCHF,2017-10-13,0.97543,0.97714,0.97049,0.97438,152207
USDCHF,2017-10-16,0.97398,0.97691,0.97294,0.97534,140892
USDCHF,2017-10-17,0.97534,0.98089,0.97479,0.97834,153735
USDCHF,2017-10-18,0.97834,0.98369,0.97737,0.98151,170948
USDCHF,2017-10-19,0.98151,0.98174,0.97368,0.97618,218813
USDCHF,2017-10-20,0.97618,0.98527,0.97566,0.98398,228191
USDCHF,2017-10-23,0.98516,0.98812,0.98312,0.98496,157150
USDCHF,2017-10-24,0.98496,0.99115,0.98381,0.99107,189210
USDCHF,2017-10-25,0.99107,0.99399,0.98688,0.98961,231853
USDCHF,2017-10-26,0.98961,0.99794,0.98757,0.99746,252656
USDCHF,2017-10-27,0.99746,1.0039,0.99673,0.99735,242088
USDCHF,2017-10-30,0.99686,0.99963,0.99387,0.9943,187837
USDCHF,2017-10-31,0.9943,0.99946,0.99429,0.99753,172504
USDCHF,2017-11-01,0.99753,1.00375,0.997,1.00321,178703
USDCHF,2017-11-02,1.00321,1.00336,0.99491,0.99936,221262
USDCHF,2017-11-03,0.99936,1.00246,0.99459,1.00016,157362
USDCHF,2017-11-06,0.99946,1.00291,0.99725,0.99741,140272
USDCHF,2017-11-07,0.99741,1.00197,0.99705,0.99955,145824
USDCHF,2017-11-08,0.99955,1.00066,0.99808,1.00003,127758
USDCHF,2017-11-09,1.00003,1.00177,0.99217,0.9939,220712
USDCHF,2017-11-10,0.9939,0.99686,0.99252,0.9956,144659
USDCHF,2017-11-13,0.99561,0.99868,0.99364,0.99628,114860
USDCHF,2017-11-14,0.99628,0.99706,0.98817,0.98934,155197
USDCHF,2017-11-15,0.98934,0.99111,0.98461,0.98833,212308
USDCHF,2017-11-16,0.98833,0.99455,0.98803,0.99402,178106
USDCHF,2017-11-17,0.99402,0.99428,0.98755,0.98784,198055
USDCHF,2017-11-20,0.98871,0.99374,0.98787,0.99345,211316
USDCHF,2017-11-21,0.99345,0.99467,0.98991,0.99143,168668
USDCHF,2017-11-22,0.99143,0.9915,0.98124,0.98197,182738
USDCHF,2017-11-23,0.98197,0.98283,0.97949,0.98179,184768
USDCHF,2017-11-24,0.98179,0.98273,0.97839,0.97911,247881
USDCHF,2017-11-27,0.97919,0.98198,0.97782,0.98133,163386
USDCHF,2017-11-28,0.98133,0.98527,0.98023,0.98371,204223
USDCHF,2017-11-29,0.98371,0.987,0.98188,0.98451,205000
USDCHF,2017-11-30,0.98451,0.98822,0.98159,0.98359,209016
USDCHF,2017-12-01,0.98359,0.9871,0.97351,0.97585,317625
USDCHF,2017-12-04,0.98139,0.98674,0.97933,0.98509,211128
USDCHF,2017-12-05,0.98509,0.98876,0.98373,0.98731,165843
USDCHF,2017-12-06,0.98731,0.99099,0.98551,0.98989,155864
USDCHF,2017-12-07,0.98989,0.99469,0.98735,0.99434,144752
USDCHF,2017-12-08,0.99434,0.99777,0.99235,0.99252,151832
USDCHF,2017-12-11,0.99372,0.99413,0.98972,0.99176,125170
USDCHF,2017-12-12,0.99176,0.99357,0.98902,0.99148,131668
USDCHF,2017-12-13,0.99148,0.99285,0.98423,0.98539,171553
USDCHF,2017-12-14,0.98539,0.99045,0.98399,0.98896,184560
USDCHF,2017-12-15,0.98896,0.99345,0.98733,0.98999,170674
USDCHF,2017-12-18,0.98946,0.9917,0.98396,0.98561,141792
USDCHF,2017-12-19,0.98561,0.98787,0.98347,0.98487,154576
USDCHF,2017-12-20,0.98487,0.98855,0.98284,0.98686,136907
USDCHF,2017-12-21,0.98686,0.99098,0.98528,0.98844,122653
USDCHF,2017-12-22,0.98844,0.99115,0.9881,0.98912,117493
USDCHF,2017-12-25,0.9892,0.99,0.98788,0.98908,0
USDCHF,2017-12-26,0.98912,0.99154,0.98862,0.98934,67011
USDCHF,2017-12-27,0.98934,0.99037,0.98597,0.98634,115451
USDCHF,2017-12-28,0.98634,0.98634,0.97714,0.97822,176910
USDCHF,2017-12-29,0.97822,0.97939,0.9734,0.97439,120924
USDCHF,2018-01-01,0.9736,0.9749,0.9728,0.97373,0
USDCHF,2018-01-02,0.97439,0.97483,0.96997,0.97165,129913
USDCHF,2018-01-03,0.97165,0.97981,0.97107,0.97704,130676
USDCHF,2018-01-04,0.97704,0.97803,0.97323,0.9733,127385
USDCHF,2018-01-05,0.9733,0.97846,0.97328,0.97461,137953
USDCHF,2018-01-08,0.97505,0.97842,0.97401,0.97717,111294
USDCHF,2018-01-09,0.97717,0.9842,0.97646,0.98231,139546
USDCHF,2018-01-10,0.98231,0.98455,0.97542,0.97824,208824
USDCHF,2018-01-11,0.97824,0.98161,0.9732,0.97584,201793
USDCHF,2018-01-12,0.97584,0.97707,0.96648,0.96761,238443
USDCHF,2018-01-15,0.96817,0.96848,0.96028,0.96292,175042
USDCHF,2018-01-16,0.96292,0.96654,0.95812,0.95944,206815
USDCHF,2018-01-17,0.95944,0.96577,0.95727,0.96533,254937
USDCHF,2018-01-18,0.96533,0.96669,0.95749,0.95891,215016
USDCHF,2018-01-19,0.95891,0.96398,0.95355,0.96376,218190
USDCHF,2018-01-22,0.96091,0.964,0.95926,0.96182,168365
USDCHF,2018-01-23,0.96182,0.96336,0.95666,0.95766,183787
USDCHF,2018-01-24,0.95766,0.95813,0.94266,0.94481,245589
USDCHF,2018-01-25,0.94481,0.94669,0.92888,0.94067,430764
USDCHF,2018-01-26,0.94067,0.94308,0.93235,0.93323,298788
USDCHF,2018-01-29,0.93323,0.93868,0.93308,0.9375,250735
USDCHF,2018-01-30,0.9375,0.93934,0.93101,0.93422,258421
USDCHF,2018-01-31,0.93422,0.93591,0.92893,0.93097,284307
USDCHF,2018-02-01,0.93097,0.93417,0.9256,0.92638,262822
USDCHF,2018-02-02,0.92638,0.93368,0.92556,0.93088,284244
USDCHF,2018-02-05,0.93239,0.93765,0.92872,0.93152,308191
USDCHF,2018-02-06,0.93152,0.93981,0.93063,0.93593,403416
USDCHF,2018-02-07,0.93593,0.94546,0.93398,0.94413,258744
USDCHF,2018-02-08,0.94413,0.94701,0.93544,0.93606,341182
USDCHF,2018-02-09,0.93606,0.9409,0.93484,0.93897,307973
USDCHF,2018-02-12,0.93958,0.94067,0.93636,0.93916,172092
USDCHF,2018-02-13,0.93916,0.93985,0.93223,0.93498,177138
USDCHF,2018-02-14,0.93498,0.93747,0.9285,0.92937,243819
USDCHF,2018-02-15,0.92937,0.92937,0.921,0.92198,220846
USDCHF,2018-02-16,0.92198,0.92879,0.91876,0.92707,204370
USDCHF,2018-02-19,0.92742,0.93198,0.92627,0.92912,110300
USDCHF,2018-02-20,0.92912,0.93695,0.92816,0.93599,176200
USDCHF,2018-02-21,0.93599,0.93966,0.93424,0.93891,220197
USDCHF,2018-02-22,0.93891,0.94092,0.93259,0.93278,173422
USDCHF,2018-02-23,0.93278,0.93741,0.93222,0.93593,148359
USDCHF,2018-02-26,0.93709,0.93914,0.93254,0.93793,146113
USDCHF,2018-02-27,0.93793,0.94174,0.93583,0.93892,190641
USDCHF,2018-02-28,0.93892,0.94594,0.93857,0.94449,184119
USDCHF,2018-03-01,0.94449,0.94905,0.94098,0.94164,191247
USDCHF,2018-03-02,0.94164,0.94242,0.93384,0.93741,188420
USDCHF,2018-03-05,0.93639,0.9408,0.93451,0.93984,208639
USDCHF,2018-03-06,0.93984,0.9419,0.93596,0.94068,182898
USDCHF,2018-03-07,0.94068,0.94426,0.93573,0.94347,190080
USDCHF,2018-03-08,0.94347,0.95203,0.94219,0.95107,213091
USDCHF,2018-03-09,0.95107,0.95345,0.94875,0.95134,195528
USDCHF,2018-03-12,0.95056,0.9514,0.94591,0.94752,125895
USDCHF,2018-03-13,0.94752,0.94941,0.94294,0.94403,171626
USDCHF,2018-03-14,0.94403,0.94803,0.94245,0.94482,143352
USDCHF,2018-03-15,0.94482,0.952,0.94334,0.95139,142319
USDCHF,2018-03-16,0.95139,0.95475,0.94853,0.95182,148840
USDCHF,2018-03-19,0.95236,0.95517,0.9495,0.95096,159683
USDCHF,2018-03-20,0.95096,0.95693,0.95022,0.95644,155642
USDCHF,2018-03-21,0.95644,0.95659,0.94842,0.94946,204281
USDCHF,2018-03-22,0.94946,0.95148,0.94594,0.94913,208769
USDCHF,2018-03-23,0.94913,0.94953,0.94446,0.94718,195547
USDCHF,2018-03-26,0.94676,0.94891,0.94331,0.94533,146231
USDCHF,2018-03-27,0.94533,0.95089,0.94343,0.94666,160238
USDCHF,2018-03-28,0.94666,0.95782,0.94583,0.95646,179952
USDCHF,2018-03-29,0.95646,0.95835,0.95475,0.95633,147990
USDCHF,2018-03-30,0.95633,0.95657,0.95236,0.95345,28775
USDCHF,2018-04-02,0.95264,0.95645,0.95264,0.95467,97509
USDCHF,2018-04-03,0.95467,0.95972,0.95329,0.95875,148586
USDCHF,2018-04-04,0.95875,0.96115,0.9551,0.96082,139984
USDCHF,2018-04-05,0.96082,0.964,0.95979,0.96354,130992
USDCHF,2018-04-06,0.96354,0.96496,0.9578,0.95887,234288
USDCHF,2018-04-09,0.95829,0.96095,0.95603,0.95605,163971
USDCHF,2018-04-10,0.95605,0.95811,0.95343,0.95677,180996
USDCHF,2018-04-11,0.95677,0.95964,0.95557,0.95756,182076
USDCHF,2018-04-12,0.95756,0.96465,0.95679,0.96229,199273
USDCHF,2018-04-13,0.96229,0.96389,0.95995,0.96157,150624
USDCHF,2018-04-16,0.96157,0.9637,0.95774,0.95989,127924
USDCHF,2018-04-17,0.95989,0.96785,0.95808,0.96615,142896
USDCHF,2018-04-18,0.96615,0.96988,0.96501,0.9686,171325
USDCHF,2018-04-19,0.9686,0.97242,0.96659,0.97126,190809
USDCHF,2018-04-20,0.97126,0.97594,0.9705,0.97482,151741
USDCHF,2018-04-23,0.97511,0.97883,0.9739,0.97816,176258
USDCHF,2018-04-24,0.97816,0.98106,0.97675,0.97879,169593
USDCHF,2018-04-25,0.97879,0.9848,0.9782,0.98318,169987
USDCHF,2018-04-26,0.98318,0.9896,0.98162,0.98894,218062
USDCHF,2018-04-27,0.98894,0.99205,0.98716,0.98775,202264
USDCHF,2018-04-30,0.9877,0.99209,0.98718,0.99082,179878
USDCHF,2018-05-01,0.99082,0.99702,0.98996,0.99643,162565
USDCHF,2018-05-02,0.99643,0.99999,0.99362,0.99882,244900
USDCHF,2018-05-03,0.99882,0.99995,0.99555,0.99739,259707
USDCHF,2018-05-04,0.99739,1.00226,0.99647,0.99947,172937
USDCHF,2018-05-07,0.99992,1.00563,0.99841,1.00259,150183
USDCHF,2018-05-08,1.00259,1.00452,1.00026,1.00162,199194
USDCHF,2018-05-09,1.00162,1.0056,1.00037,1.00491,203479
USDCHF,2018-05-10,1.00491,1.00563,0.99939,1.00251,236216
USDCHF,2018-05-11,1.00251,1.00399,0.99765,1.00039,164008
USDCHF,2018-05-14,0.99955,1.00076,0.99576,1.00043,137469
USDCHF,2018-05-15,1.00043,1.00416,0.99832,1.00124,174148
USDCHF,2018-05-16,1.00124,1.0019,0.99844,1.00122,212765
USDCHF,2018-05-17,1.00122,1.00332,0.99868,1.00149,170713
USDCHF,2018-05-18,1.00149,1.00182,0.99502,0.99715,143259
USDCHF,2018-05-21,0.99646,1.00015,0.99646,0.99717,143770
USDCHF,2018-05-22,0.99717,0.99903,0.99178,0.99264,152306
USDCHF,2018-05-23,0.99264,0.99781,0.98939,0.99562,217511
USDCHF,2018-05-24,0.99562,0.99571,0.98856,0.99129,184189
USDCHF,2018-05-25,0.99129,0.9937,0.9894,0.9894,178920
USDCHF,2018-05-28,0.99085,0.9958,0.9906,0.9936,126072
USDCHF,2018-05-29,0.9936,0.99831,0.98506,0.99127,243203
USDCHF,2018-05-30,0.99127,0.99354,0.98787,0.98912,222493
USDCHF,2018-05-31,0.98912,0.98921,0.9826,0.98569,195666
USDCHF,2018-06-01,0.98569,0.99128,0.98411,0.98744,177672
USDCHF,2018-06-04,0.98827,0.98943,0.98301,0.98773,139929
USDCHF,2018-06-05,0.98773,0.98928,0.98302,0.98448,148563
USDCHF,2018-06-06,0.98448,0.98859,0.98355,0.98618,147167
USDCHF,2018-06-07,0.98618,0.98671,0.97883,0.98038,160411
USDCHF,2018-06-08,0.98038,0.98879,0.97933,0.9844,151677
USDCHF,2018-06-11,0.98438,0.98736,0.98389,0.98531,115315
USDCHF,2018-06-12,0.98531,0.98837,0.98301,0.98666,141891
USDCHF,2018-06-13,0.98666,0.98952,0.98402,0.9854,131614
USDCHF,2018-06-14,0.9854,0.99728,0.98255,0.99692,178101
USDCHF,2018-06-15,0.99692,0.99883,0.99451,0.99717,163700
USDCHF,2018-06-18,0.99644,0.99903,0.99359,0.9951,98826
USDCHF,2018-06-19,0.9951,0.99776,0.99178,0.99366,170101
USDCHF,2018-06-20,0.99366,0.99829,0.99355,0.99615,132300
USDCHF,2018-06-21,0.99615,0.99857,0.98969,0.99179,186943
USDCHF,2018-06-22,0.99179,0.99257,0.98726,0.98728,134645
USDCHF,2018-06-25,0.98813,0.98901,0.98557,0.98689,125009
USDCHF,2018-06-26,0.98689,0.99231,0.98581,0.99024,136186
USDCHF,2018-06-27,0.99024,0.99763,0.98912,0.99708,155179
USDCHF,2018-06-28,0.99708,0.99925,0.99594,0.99744,184358
USDCHF,2018-06-29,0.99744,0.99806,0.98938,0.99024,228599
USDCHF,2018-07-02,0.98992,0.99655,0.9894,0.9935,161122
USDCHF,2018-07-03,0.9935,0.99497,0.99128,0.99238,151544
USDCHF,2018-07-04,0.99238,0.99397,0.99052,0.99229,129607
USDCHF,2018-07-05,0.99229,0.99442,0.991,0.99309,161343
USDCHF,2018-07-06,0.99309,0.99438,0.98843,0.98986,170152
USDCHF,2018-07-09,0.98888,0.99302,0.98578,0.99144,169725
USDCHF,2018-07-10,0.99144,0.9962,0.99097,0.9918,176207
USDCHF,2018-07-11,0.9918,0.99658,0.99051,0.9959,261602
USDCHF,2018-07-12,0.9959,1.00276,0.99475,1.00226,219633
USDCHF,2018-07-13,1.00226,1.00681,1.00145,1.00158,199329
USDCHF,2018-07-16,1.00135,1.00244,0.99627,0.99664,178005
USDCHF,2018-07-17,0.99664,1.00019,0.99268,1.00006,221624
USDCHF,2018-07-18,1.00006,1.00347,0.99826,0.99898,195079
USDCHF,2018-07-19,0.99898,1.00434,0.99585,0.99906,268119
USDCHF,2018-07-20,0.99906,1.00101,0.99155,0.9922,302619
USDCHF,2018-07-23,0.99172,0.99419,0.9901,0.9924,216356
USDCHF,2018-07-24,0.9924,0.99544,0.99219,0.99357,229252
USDCHF,2018-07-25,0.99357,0.99493,0.99074,0.99178,263083
USDCHF,2018-07-26,0.99178,0.99497,0.99031,0.99411,246269
USDCHF,2018-07-27,0.99411,0.99783,0.99316,0.99366,197033
USDCHF,2018-07-30,0.99465,0.99566,0.98779,0.98819,142789
USDCHF,2018-07-31,0.98819,0.99071,0.98672,0.9902,203191
USDCHF,2018-08-01,0.9902,0.99343,0.98974,0.99205,153681
USDCHF,2018-08-02,0.99205,0.99562,0.99152,0.99529,163482
USDCHF,2018-08-03,0.99529,0.99657,0.99209,0.99386,164869
USDCHF,2018-08-06,0.99405,0.99848,0.99316,0.99646,108534
USDCHF,2018-08-07,0.99646,0.99682,0.99306,0.99552,120247
USDCHF,2018-08-08,0.99552,0.99708,0.99279,0.99327,128116
USDCHF,2018-08-09,0.99327,0.9951,0.98947,0.9936,143962
USDCHF,2018-08-10,0.9936,0.99751,0.99281,0.99494,260771
USDCHF,2018-08-13,0.99317,0.99539,0.99207,0.99308,181367
USDCHF,2018-08-14,0.99308,0.99508,0.9901,0.99417,160176
USDCHF,2018-08-15,0.99417,0.99829,0.9926,0.99353,194974
USDCHF,2018-08-16,0.99353,0.99745,0.99158,0.99677,190037
USDCHF,2018-08-17,0.99677,0.9978,0.99328,0.99498,195920
USDCHF,2018-08-20,0.99501,0.99686,0.99107,0.99148,149488
USDCHF,2018-08-21,0.99148,0.9922,0.98429,0.98511,193035
USDCHF,2018-08-22,0.98511,0.98543,0.98081,0.98309,170033
USDCHF,2018-08-23,0.98309,0.98664,0.9822,0.98589,160578
USDCHF,2018-08-24,0.98589,0.98652,0.98107,0.98294,183949
USDCHF,2018-08-27,0.98386,0.98459,0.97874,0.9797,151775
USDCHF,2018-08-28,0.9797,0.98092,0.97453,0.9761,178461
USDCHF,2018-08-29,0.9761,0.9776,0.97021,0.97049,201545
USDCHF,2018-08-30,0.97049,0.97157,0.9686,0.96899,180808
USDCHF,2018-08-31,0.96899,0.97033,0.96522,0.96856,231115
USDCHF,2018-09-03,0.96949,0.97077,0.96832,0.96923,102409
USDCHF,2018-09-04,0.96923,0.97674,0.96876,0.9744,180816
USDCHF,2018-09-05,0.9744,0.97537,0.97083,0.9717,195658
USDCHF,2018-09-06,0.9717,0.97194,0.96502,0.96518,180257
USDCHF,2018-09-07,0.96518,0.96997,0.96415,0.96888,203417
USDCHF,2018-09-10,0.96847,0.97547,0.96829,0.97505,145400
USDCHF,2018-09-11,0.97505,0.97587,0.97199,0.97236,144887
USDCHF,2018-09-12,0.97236,0.97499,0.96957,0.97046,132548
USDCHF,2018-09-13,0.97046,0.9709,0.96517,0.96541,138951
USDCHF,2018-09-14,0.96541,0.96758,0.96345,0.96721,128708
USDCHF,2018-09-17,0.96733,0.96799,0.96117,0.9625,107572
USDCHF,2018-09-18,0.9625,0.9656,0.96001,0.9645,153595
USDCHF,2018-09-19,0.9645,0.97004,0.96342,0.96715,152805
USDCHF,2018-09-20,0.96715,0.96777,0.95889,0.95891,157465
USDCHF,2018-09-21,0.95891,0.95982,0.95421,0.95806,165620
USDCHF,2018-09-24,0.95877,0.96499,0.95749,0.96437,111386
USDCHF,2018-09-25,0.96437,0.96709,0.96359,0.96487,138302
USDCHF,2018-09-26,0.96487,0.97017,0.96233,0.96593,166428
USDCHF,2018-09-27,0.96593,0.9783,0.96453,0.97721,201609
USDCHF,2018-09-28,0.97721,0.98194,0.97375,0.98169,171284
USDCHF,2018-10-01,0.9811,0.9856,0.97979,0.9835,150776
USDCHF,2018-10-02,0.9835,0.98629,0.9829,0.98387,145209
USDCHF,2018-10-03,0.98387,0.99255,0.98332,0.99232,175031
USDCHF,2018-10-04,0.99232,0.99339,0.98916,0.99165,191675
USDCHF,2018-10-05,0.99165,0.99551,0.99101,0.99175,180618
USDCHF,2018-10-08,0.99182,0.99447,0.99073,0.99233,134903
USDCHF,2018-10-09,0.99233,0.99558,0.9911,0.99165,179114
USDCHF,2018-10-10,0.99165,0.99344,0.98957,0.99019,185911
USDCHF,2018-10-11,0.99019,0.99225,0.98567,0.98936,289854
USDCHF,2018-10-12,0.98936,0.99303,0.98819,0.99161,192024
USDCHF,2018-10-15,0.99008,0.99206,0.98479,0.98684,182421
USDCHF,2018-10-16,0.98684,0.99092,0.9859,0.99062,164257
USDCHF,2018-10-17,0.99062,0.99546,0.98972,0.99527,184491
USDCHF,2018-10-18,0.99527,0.99752,0.99201,0.99559,209232
USDCHF,2018-10-19,0.99559,0.99777,0.99496,0.99637,179221
USDCHF,2018-10-22,0.99502,0.99801,0.99398,0.99591,143410
USDCHF,2018-10-23,0.99591,0.99705,0.99377,0.99483,181830
USDCHF,2018-10-24,0.99483,0.999,0.99417,0.99773,216006
USDCHF,2018-10-25,0.99773,1.00182,0.99549,0.99934,197577
USDCHF,2018-10-26,0.99934,1.00267,0.99633,0.99696,244658
USDCHF,2018-10-29,0.99735,1.00244,0.99638,1.00187,185527
USDCHF,2018-10-30,1.00187,1.00526,1.00083,1.0052,203064
USDCHF,2018-10-31,1.0052,1.00949,1.00336,1.00845,185541
USDCHF,2018-11-01,1.00845,1.00898,1.00002,1.00207,204053
USDCHF,2018-11-02,1.00207,1.00486,0.99682,1.00333,206776
USDCHF,2018-11-05,1.0028,1.00693,1.00242,1.00435,144856
USDCHF,2018-11-06,1.00435,1.00555,1.00224,1.00246,126827
USDCHF,2018-11-07,1.00246,1.00509,0.99525,1.00213,211872
USDCHF,2018-11-08,1.00213,1.00707,1.00075,1.00595,169622
USDCHF,2018-11-09,1.00595,1.00859,1.00448,1.00533,164433
USDCHF,2018-11-12,1.00485,1.01114,1.0048,1.01087,162425
USDCHF,2018-11-13,1.01087,1.01285,1.00691,1.00701,199607
USDCHF,2018-11-14,1.00701,1.01043,1.00418,1.0057,230796
USDCHF,2018-11-15,1.0057,1.00794,1.00357,1.00605,212496
USDCHF,2018-11-16,1.00605,1.00873,0.99913,0.99968,171651
USDCHF,2018-11-19,1.0,1.00071,0.99244,0.99349,165164
USDCHF,2018-11-20,0.99349,0.99581,0.99088,0.99479,186509
USDCHF,2018-11-21,0.99479,0.99589,0.99279,0.99453,169071
USDCHF,2018-11-22,0.99453,0.99574,0.99218,0.99446,110407
USDCHF,2018-11-23,0.99446,0.99803,0.99347,0.99686,126970
USDCHF,2018-11-26,0.99671,0.99934,0.99543,0.99848,147470
USDCHF,2018-11-27,0.99848,1.00035,0.99753,0.9983,163517
USDCHF,2018-11-28,0.9983,1.00059,0.99254,0.99336,171422
USDCHF,2018-11-29,0.99336,0.99769,0.99175,0.99522,169692
USDCHF,2018-11-30,0.99522,1.00042,0.99513,0.99883,142550
USDCHF,2018-12-03,0.99775,0.99962,0.99643,0.99781,131482
USDCHF,2018-12-04,0.99781,0.99907,0.99302,0.99733,176787
USDCHF,2018-12-05,0.99733,1.00085,0.99648,0.9976,99449
USDCHF,2018-12-06,0.9976,0.99899,0.98943,0.99247,209790
USDCHF,2018-12-07,0.99247,0.99432,0.98898,0.98965,166038
USDCHF,2018-12-10,0.99089,0.99089,0.98681,0.99027,178548
USDCHF,2018-12-11,0.99027,0.99384,0.98628,0.99318,185780
USDCHF,2018-12-12,0.99318,0.99656,0.9913,0.9934,197682
USDCHF,2018-12-13,0.9934,0.99543,0.99117,0.99384,181889
USDCHF,2018-12-14,0.99384,0.99893,0.99285,0.99779,157856
USDCHF,2018-12-17,0.99779,0.99863,0.99172,0.99301,209612
USDCHF,2018-12-18,0.99301,0.99374,0.98998,0.99244,166058
USDCHF,2018-12-19,0.99244,0.99561,0.99064,0.99453,221982
USDCHF,2018-12-20,0.99453,0.99526,0.98407,0.98791,256431
USDCHF,2018-12-21,0.98791,0.99574,0.98612,0.99505,227534
USDCHF,2018-12-24,0.9936,0.99514,0.98629,0.98691,168816
USDCHF,2018-12-25,0.9862,0.9886,0.9799,0.9858,0
USDCHF,2018-12-26,0.98691,0.99636,0.98608,0.99561,89255
USDCHF,2018-12-27,0.99561,0.99569,0.98401,0.98774,248754
USDCHF,2018-12-28,0.98774,0.98852,0.97899,0.9835,198602
USDCHF,2018-12-31,0.98389,0.98746,0.98274,0.98385,156082
USDCHF,2019-01-01,0.98351,0.9837,0.9811,0.98351,0
USDCHF,2019-01-02,0.98385,0.99202,0.97964,0.99,185313
USDCHF,2019-01-03,0.99,0.99064,0.98462,0.98665,301332
USDCHF,2019-01-04,0.98665,0.99082,0.98528,0.98631,237847
USDCHF,2019-01-07,0.98768,0.98768,0.97876,0.97955,162909
USDCHF,2019-01-08,0.97955,0.98344,0.97883,0.98126,168029
USDCHF,2019-01-09,0.98126,0.98176,0.97321,0.97435,230782
USDCHF,2019-01-10,0.97435,0.98486,0.97162,0.98429,215277
USDCHF,2019-01-11,0.98429,0.98563,0.98135,0.98377,189237
USDCHF,2019-01-14,0.98442,0.98457,0.98003,0.98087,151216
USDCHF,2019-01-15,0.98087,0.98939,0.98022,0.98779,204899
USDCHF,2019-01-16,0.98779,0.99101,0.98726,0.99016,157925
USDCHF,2019-01-17,0.99016,0.99543,0.98953,0.9942,159053
USDCHF,2019-01-18,0.9942,0.99592,0.99322,0.99545,137143
USDCHF,2019-01-21,0.99422,0.99878,0.99422,0.99705,82400
USDCHF,2019-01-22,0.99705,0.9986,0.99609,0.99722,155263
USDCHF,2019-01-23,0.99722,0.999,0.99397,0.99455,175566
USDCHF,2019-01-24,0.99455,0.99768,0.99345,0.99606,246173
USDCHF,2019-01-25,0.99606,0.99744,0.99219,0.99314,247411
USDCHF,2019-01-28,0.9929,0.99352,0.99054,0.9916,172175
USDCHF,2019-01-29,0.9916,0.99572,0.99074,0.99421,214389
USDCHF,2019-01-30,0.99421,0.9995,0.9932,0.9942,227721
USDCHF,2019-01-31,0.9942,0.99528,0.99075,0.99408,223320
USDCHF,2019-02-01,0.99408,0.99632,0.99219,0.99535,205686
USDCHF,2019-02-04,0.9948,0.99943,0.99453,0.99781,166831
USDCHF,2019-02-05,0.99781,1.00208,0.99705,0.99972,160411
USDCHF,2019-02-06,0.99972,1.00267,0.9985,1.0022,164512
USDCHF,2019-02-07,1.0022,1.00288,1.00002,1.00212,178826
USDCHF,2019-02-08,1.00212,1.00277,0.99957,0.99979,146770
USDCHF,2019-02-11,1.00026,1.00994,0.99821,1.00371,139584
USDCHF,2019-02-12,1.00371,1.00927,1.00356,1.0065,150332
USDCHF,2019-02-13,1.0065,1.0093,1.00435,1.00918,170388
USDCHF,2019-02-14,1.00918,1.00982,1.00448,1.005,181949
USDCHF,2019-02-15,1.005,1.00897,1.00449,1.00491,160407
USDCHF,2019-02-18,1.00489,1.00549,1.0024,1.00389,88271
USDCHF,2019-02-19,1.00389,1.00606,1.00017,1.001,164096
USDCHF,2019-02-20,1.001,1.0021,0.99814,1.00095,174247
USDCHF,2019-02-21,1.00095,1.00231,0.99947,1.00099,206292
USDCHF,2019-02-22,1.00099,1.00245,0.99877,1.00028,163323
USDCHF,2019-02-25,0.99941,1.00117,0.99831,1.00065,149526
USDCHF,2019-02-26,1.00065,1.00198,0.99876,0.99946,154038
USDCHF,2019-02-27,0.99946,1.00159,0.9962,1.00145,159058
USDCHF,2019-02-28,1.00145,1.00154,0.99264,0.99794,193537
USDCHF,2019-03-01,0.99794,1.00089,0.99632,0.99887,171700
USDCHF,2019-03-04,0.99742,1.00201,0.99742,0.99887,140829
USDCHF,2019-03-05,0.99887,1.00546,0.9984,1.00403,144127
USDCHF,2019-03-06,1.00403,1.00563,1.00315,1.00492,132782
USDCHF,2019-03-07,1.00492,1.01242,1.00356,1.0113,184257
USDCHF,2019-03-08,1.0113,1.01182,1.00697,1.0077,177437
USDCHF,2019-03-11,1.00747,1.01196,1.00697,1.01059,148433
USDCHF,2019-03-12,1.01059,1.01124,1.0063,1.0077,184232
USDCHF,2019-03-13,1.0077,1.00849,1.00264,1.00386,167495
USDCHF,2019-03-14,1.00386,1.00515,1.00289,1.0038,193230
USDCHF,2019-03-15,1.0038,1.00529,1.00107,1.002,154118
USDCHF,2019-03-18,1.0019,1.00253,0.99972,1.00118,154666
USDCHF,2019-03-19,1.00118,1.00152,0.99847,0.99916,146421
USDCHF,2019-03-20,0.99916,1.00104,0.98944,0.99248,218710
USDCHF,2019-03-21,0.99248,0.99458,0.99037,0.99193,226018
USDCHF,2019-03-22,0.99193,0.99703,0.99118,0.99325,284851
USDCHF,2019-03-25,0.99338,0.99494,0.991,0.99242,163865
USDCHF,2019-03-26,0.99242,0.99526,0.99158,0.99447,173502
USDCHF,2019-03-27,0.99447,0.99663,0.99053,0.99479,224077
USDCHF,2019-03-28,0.99479,0.99734,0.99375,0.99564,206918
USDCHF,2019-03-29,0.99564,0.99744,0.99446,0.99513,191586
USDCHF,2019-04-01,0.99452,0.99947,0.99308,0.99851,165115
USDCHF,2019-04-02,0.99851,1.00001,0.99718,0.9979,148835
USDCHF,2019-04-03,0.9979,0.99875,0.99536,0.9981,134619
USDCHF,2019-04-04,0.9981,1.00031,0.99672,0.99996,111619
USDCHF,2019-04-05,0.99996,1.00122,0.99849,0.99993,108718
USDCHF,2019-04-08,0.99997,1.00034,0.99779,0.99871,91502
USDCHF,2019-04-09,0.99871,1.00088,0.99801,0.99975,131259
USDCHF,2019-04-10,0.99975,1.00336,0.99896,1.00252,189162
USDCHF,2019-04-11,1.00252,1.00463,1.00099,1.00322,127788
USDCHF,2019-04-12,1.00322,1.00339,0.99971,1.00227,128331
USDCHF,2019-04-15,1.0014,1.00463,1.00089,1.00386,109557
USDCHF,2019-04-16,1.00386,1.00824,1.00324,1.00769,151325
USDCHF,2019-04-17,1.00769,1.01098,1.00674,1.01062,139083
USDCHF,2019-04-18,1.01062,1.01594,1.0093,1.01539,136556
USDCHF,2019-04-19,1.01539,1.01547,1.01305,1.01398,162376
USDCHF,2019-04-22,1.01352,1.01607,1.01326,1.0151,46378
USDCHF,2019-04-23,1.0151,1.02305,1.01462,1.01993,140539
USDCHF,2019-04-24,1.01993,1.02197,1.01689,1.02015,190839
USDCHF,2019-04-25,1.02015,1.02279,1.01932,1.02036,171455
USDCHF,2019-04-26,1.02036,1.02369,1.01842,1.01959,169297
USDCHF,2019-04-29,1.01925,1.02158,1.01851,1.01954,115339
USDCHF,2019-04-30,1.01954,1.02042,1.0174,1.01914,170902
USDCHF,2019-05-01,1.01914,1.01979,1.01266,1.01765,172824
USDCHF,2019-05-02,1.01765,1.0204,1.01697,1.01913,152605
USDCHF,2019-05-03,1.01913,1.02145,1.01605,1.01635,158480
USDCHF,2019-05-06,1.01568,1.01965,1.01515,1.01748,148672
USDCHF,2019-05-07,1.01748,1.02263,1.01607,1.01938,180799
USDCHF,2019-05-08,1.01938,1.02081,1.0169,1.02018,208153
USDCHF,2019-05-09,1.02018,1.02097,1.01238,1.01488,192891
USDCHF,2019-05-10,1.01488,1.01586,1.01008,1.01162,188642
USDCHF,2019-05-13,1.01145,1.01203,1.00499,1.00635,167894
USDCHF,2019-05-14,1.00635,1.0096,1.00506,1.00861,133295
USDCHF,2019-05-15,1.00861,1.00972,1.00552,1.00869,146541
USDCHF,2019-05-16,1.00869,1.01072,1.00735,1.0098,115221
USDCHF,2019-05-17,1.0098,1.01216,1.00851,1.01087,132196
USDCHF,2019-05-20,1.01077,1.0121,1.00805,1.00839,112133
USDCHF,2019-05-21,1.00839,1.012,1.00789,1.0111,141541
USDCHF,2019-05-22,1.0111,1.01194,1.00666,1.00969,121483
USDCHF,2019-05-23,1.00969,1.00987,1.00236,1.00313,180850
USDCHF,2019-05-24,1.00313,1.00424,1.00086,1.00154,129835
USDCHF,2019-05-27,1.00185,1.00629,1.00103,1.00378,63990
USDCHF,2019-05-28,1.00378,1.00981,1.00342,1.00759,152073
USDCHF,2019-05-29,1.00759,1.00864,1.00497,1.00804,155956
USDCHF,2019-05-30,1.00804,1.00982,1.00688,1.00787,111688
USDCHF,2019-05-31,1.00787,1.00799,1.0001,1.00055,193228
USDCHF,2019-06-03,1.00104,1.00178,0.99105,0.99258,213121
USDCHF,2019-06-04,0.99258,0.99562,0.99027,0.99197,204066
USDCHF,2019-06-05,0.99197,0.99508,0.98537,0.99477,234671
USDCHF,2019-06-06,0.99477,0.99635,0.98797,0.99118,232987
USDCHF,2019-06-07,0.99118,0.99502,0.9859,0.98749,204658
USDCHF,2019-06-10,0.98926,0.992,0.98827,0.98982,134918
USDCHF,2019-06-11,0.98982,0.99365,0.98906,0.99238,161049
USDCHF,2019-06-12,0.99238,0.99593,0.99025,0.99554,168541
USDCHF,2019-06-13,0.99554,0.99605,0.9918,0.99382,154567
USDCHF,2019-06-14,0.99382,0.99953,0.99255,0.99847,162075
USDCHF,2019-06-17,0.9982,0.99998,0.99657,0.99911,168095
USDCHF,2019-06-18,0.99911,1.00128,0.99655,1.00003,297659
USDCHF,2019-06-19,1.00003,1.00146,0.99161,0.99418,262179
USDCHF,2019-06-20,0.99418,0.99435,0.97919,0.98146,334890
USDCHF,2019-06-21,0.98146,0.98386,0.97564,0.97617,295420
USDCHF,2019-06-24,0.97636,0.97833,0.97101,0.97193,206850
USDCHF,2019-06-25,0.97193,0.9777,0.96938,0.97547,324112
USDCHF,2019-06-26,0.97547,0.97849,0.97435,0.97785,268197
USDCHF,2019-06-27,0.97785,0.98142,0.97592,0.97657,214324
USDCHF,2019-06-28,0.97657,0.97743,0.97381,0.97596,204041
USDCHF,2019-07-01,0.97895,0.9884,0.97789,0.98765,223551
USDCHF,2019-07-02,0.98765,0.9889,0.98355,0.98631,205854
USDCHF,2019-07-03,0.98631,0.98731,0.98345,0.98636,181047
USDCHF,2019-07-04,0.98636,0.987,0.98464,0.98466,83825
USDCHF,2019-07-05,0.98466,0.99321,0.98426,0.99116,201936
USDCHF,2019-07-08,0.99121,0.9947,0.98987,0.99385,150279
USDCHF,2019-07-09,0.99385,0.99515,0.99231,0.99352,198367
USDCHF,2019-07-10,0.99352,0.99414,0.98869,0.98936,200298
USDCHF,2019-07-11,0.98936,0.9905,0.98448,0.99017,202199
USDCHF,2019-07-12,0.99017,0.99082,0.98362,0.98386,187355
USDCHF,2019-07-15,0.98405,0.9855,0.98175,0.98453,139771
USDCHF,2019-07-16,0.98453,0.98941,0.98358,0.98786,165275
USDCHF,2019-07-17,0.98786,0.99078,0.98647,0.98731,136819
USDCHF,2019-07-18,0.98731,0.98918,0.98091,0.98146,215463
USDCHF,2019-07-19,0.98146,0.98473,0.98057,0.98144,180273
USDCHF,2019-07-22,0.98316,0.98406,0.98039,0.98201,138459
USDCHF,2019-07-23,0.98201,0.98597,0.9817,0.9851,147483
USDCHF,2019-07-24,0.9851,0.98744,0.98361,0.98466,141870
USDCHF,2019-07-25,0.98466,0.99179,0.98433,0.99082,204559
USDCHF,2019-07-26,0.99082,0.99461,0.99003,0.99315,133585
USDCHF,2019-07-29,0.99345,0.99365,0.99089,0.99152,98067
USDCHF,2019-07-30,0.99152,0.99225,0.98908,0.99026,169317
USDCHF,2019-07-31,0.99026,0.99498,0.98822,0.99397,259647
USDCHF,2019-08-01,0.99397,0.99758,0.9888,0.9903,296417
USDCHF,2019-08-02,0.9903,0.99077,0.98146,0.98187,289125
USDCHF,2019-08-05,0.98395,0.98395,0.97165,0.97331,271782
USDCHF,2019-08-06,0.97331,0.97927,0.97036,0.97638,273520
USDCHF,2019-08-07,0.97638,0.97973,0.96922,0.97535,369282
USDCHF,2019-08-08,0.97535,0.9787,0.97375,0.97469,228437
USDCHF,2019-08-09,0.97469,0.97541,0.97092,0.97232,172329
USDCHF,2019-08-12,0.97325,0.97538,0.9682,0.9692,210288
USDCHF,2019-08-13,0.9692,0.97682,0.96598,0.97658,308745
USDCHF,2019-08-14,0.97658,0.97705,0.97054,0.97313,324842
USDCHF,2019-08-15,0.97313,0.97766,0.97218,0.9764,408287
USDCHF,2019-08-16,0.9764,0.98092,0.97574,0.9779,285382
USDCHF,2019-08-19,0.97996,0.98212,0.97707,0.98161,161584
USDCHF,2019-08-20,0.98161,0.98167,0.97751,0.97783,167978
USDCHF,2019-08-21,0.97783,0.98311,0.97719,0.98252,163669
USDCHF,2019-08-22,0.98252,0.98448,0.98137,0.98366,174987
USDCHF,2019-08-23,0.98366,0.98772,0.97355,0.97445,231689
USDCHF,2019-08-26,0.97226,0.98164,0.97134,0.97867,322292
USDCHF,2019-08-27,0.97867,0.98373,0.97754,0.9812,208798
USDCHF,2019-08-28,0.9812,0.98285,0.98013,0.98139,218868
USDCHF,2019-08-29,0.98139,0.98752,0.98003,0.98658,201166
USDCHF,2019-08-30,0.98658,0.99178,0.98591,0.98936,205061
USDCHF,2019-09-02,0.98965,0.99195,0.98885,0.99018,104343
USDCHF,2019-09-03,0.99018,0.9929,0.98633,0.98651,199240
USDCHF,2019-09-04,0.98651,0.98843,0.97982,0.98061,175581
USDCHF,2019-09-05,0.98061,0.98733,0.97992,0.98594,201400
USDCHF,2019-09-06,0.98594,0.99175,0.98529,0.98719,189862
USDCHF,2019-09-09,0.98748,0.99231,0.98709,0.99197,145026
USDCHF,2019-09-10,0.99197,0.99317,0.9889,0.99177,154275
USDCHF,2019-09-11,0.99177,0.99435,0.99117,0.99283,156517
USDCHF,2019-09-12,0.99283,0.99467,0.98804,0.99022,287106
USDCHF,2019-09-13,0.99022,0.99109,0.98543,0.9899,164553
USDCHF,2019-09-16,0.9873,0.99402,0.9865,0.99278,157613
USDCHF,2019-09-17,0.99278,0.99687,0.99132,0.99308,169574
USDCHF,2019-09-18,0.99308,0.99837,0.99258,0.99728,177044
USDCHF,2019-09-19,0.99728,0.99833,0.99,0.99267,186965
USDCHF,2019-09-20,0.99267,0.99362,0.98893,0.99066,149897
USDCHF,2019-09-23,0.9909,0.99229,0.98901,0.98986,149986
USDCHF,2019-09-24,0.98986,0.99144,0.98438,0.98541,160004
USDCHF,2019-09-25,0.98541,0.99249,0.98497,0.99162,167531
USDCHF,2019-09-26,0.99162,0.99484,0.9906,0.99354,150886
USDCHF,2019-09-27,0.99354,0.99491,0.98978,0.9906,159687
USDCHF,2019-09-30,0.99108,0.99878,0.99036,0.99781,129137
USDCHF,2019-10-01,0.99781,1.00167,0.9923,0.99317,174670
USDCHF,2019-10-02,0.99317,1.00266,0.99211,0.99693,160543
USDCHF,2019-10-03,0.99693,1.00276,0.99523,0.99873,204232
USDCHF,2019-10-04,0.99873,1.00077,0.99243,0.99519,184098
USDCHF,2019-10-07,0.99405,0.99659,0.99267,0.99475,140826
USDCHF,2019-10-08,0.99475,0.99584,0.99048,0.9929,184699
USDCHF,2019-10-09,0.9929,0.99636,0.99159,0.99587,138487
USDCHF,2019-10-10,0.99587,0.99729,0.99142,0.99692,195834
USDCHF,2019-10-11,0.99692,0.99907,0.99577,0.99658,212624
USDCHF,2019-10-14,0.99658,0.99834,0.99443,0.99666,114400
USDCHF,2019-10-15,0.99666,0.99958,0.99635,0.99875,171857
USDCHF,2019-10-16,0.99875,0.99906,0.99455,0.99485,164884
USDCHF,2019-10-17,0.99485,0.99523,0.98667,0.98791,164592
USDCHF,2019-10-18,0.98791,0.98915,0.98394,0.98407,127417
USDCHF,2019-10-21,0.9842,0.98761,0.98415,0.98569,119454
USDCHF,2019-10-22,0.98569,0.98969,0.9854,0.98952,131114
USDCHF,2019-10-23,0.98952,0.99147,0.98857,0.99038,118040
USDCHF,2019-10-24,0.99038,0.9929,0.98911,0.99227,132140
USDCHF,2019-10-25,0.99227,0.99549,0.99073,0.99412,135550
USDCHF,2019-10-28,0.99442,0.99703,0.99368,0.99458,101031
USDCHF,2019-10-29,0.99458,0.99649,0.99332,0.994,104286
USDCHF,2019-10-30,0.994,0.99449,0.98879,0.98929,142177
USDCHF,2019-10-31,0.98929,0.98944,0.98596,0.98638,156300
USDCHF,2019-11-01,0.98638,0.98948,0.98509,0.98542,151679
USDCHF,2019-11-04,0.98603,0.98889,0.98514,0.98773,116687
USDCHF,2019-11-05,0.98773,0.99358,0.98732,0.99263,154955
USDCHF,2019-11-06,0.99263,0.994,0.99154,0.99271,111121
USDCHF,2019-11-07,0.99271,0.99755,0.99111,0.99498,158905
USDCHF,2019-11-08,0.99498,0.99788,0.99432,0.99704,118700
USDCHF,2019-11-11,0.99647,0.99771,0.99288,0.9933,81626
USDCHF,2019-11-12,0.9933,0.99645,0.99221,0.99303,116393
USDCHF,2019-11-13,0.99303,0.99356,0.98837,0.99003,128417
USDCHF,2019-11-14,0.99003,0.9908,0.98701,0.98792,117493
USDCHF,2019-11-15,0.98792,0.99109,0.98784,0.98926,97567
USDCHF,2019-11-18,0.98905,0.99141,0.98683,0.98953,110979
USDCHF,2019-11-19,0.98953,0.99188,0.98806,0.99046,100265
USDCHF,2019-11-20,0.99046,0.9937,0.98987,0.99087,146974
USDCHF,2019-11-21,0.99087,0.99351,0.98905,0.99312,138225
USDCHF,2019-11-22,0.99312,0.99801,0.99205,0.99709,119727
USDCHF,2019-11-25,0.99762,0.99857,0.996,0.99639,97075
USDCHF,2019-11-26,0.99639,0.99866,0.99619,0.9971,95179
USDCHF,2019-11-27,0.9971,1.00005,0.99677,0.99911,101859
USDCHF,2019-11-28,0.99911,0.99959,0.99811,0.99847,57630
USDCHF,2019-11-29,0.99847,1.00233,0.99793,0.99962,108068
USDCHF,2019-12-02,0.99966,1.00086,0.99113,0.99127,104659
USDCHF,2019-12-03,0.99127,0.99262,0.98571,0.98687,115848
USDCHF,2019-12-04,0.98687,0.98999,0.98552,0.98846,125978
USDCHF,2019-12-05,0.98846,0.98952,0.9868,0.9868,100693
USDCHF,2019-12-06,0.9868,0.99177,0.98647,0.98988,102816
USDCHF,2019-12-09,0.99028,0.99103,0.98753,0.98783,83702
USDCHF,2019-12-10,0.98783,0.98826,0.98338,0.98436,101085
USDCHF,2019-12-11,0.98436,0.98637,0.98143,0.98285,126705
USDCHF,2019-12-12,0.98285,0.98763,0.98086,0.98448,333038
USDCHF,2019-12-13,0.98448,0.98627,0.98053,0.9836,216802
USDCHF,2019-12-16,0.98355,0.98469,0.98199,0.98245,102423
USDCHF,2019-12-17,0.98245,0.98439,0.97958,0.97995,103081
USDCHF,2019-12-18,0.97995,0.98208,0.97955,0.98038,100091
USDCHF,2019-12-19,0.98038,0.98122,0.97703,0.97839,104165
USDCHF,2019-12-20,0.97839,0.98299,0.97731,0.98158,89584
USDCHF,2019-12-23,0.98258,0.9828,0.98012,0.98145,84711
USDCHF,2019-12-24,0.98145,0.98314,0.97974,0.97987,62575
USDCHF,2019-12-25,0.9803,0.9829,0.9798,0.9803,0
USDCHF,2019-12-26,0.97987,0.98185,0.97987,0.98097,21630
USDCHF,2019-12-27,0.98097,0.9818,0.97301,0.97472,107649
USDCHF,2019-12-30,0.97485,0.97524,0.96741,0.96935,112547
USDCHF,2019-12-31,0.96935,0.96975,0.96464,0.96713,100154
USDCHF,2020-01-01,0.9673,0.9692,0.9665,0.9672,0
USDCHF,2020-01-02,0.96713,0.97333,0.96713,0.97119,89002
USDCHF,2020-01-03,0.97119,0.97438,0.96882,0.97212,128419
USDCHF,2020-01-06,0.97054,0.97168,0.96765,0.96782,131670
USDCHF,2020-01-07,0.96782,0.97298,0.96762,0.97019,124137
USDCHF,2020-01-08,0.97019,0.97397,0.96653,0.97386,215273
USDCHF,2020-01-09,0.97386,0.97482,0.97114,0.97307,116193
USDCHF,2020-01-10,0.97307,0.97623,0.972,0.97279,94660
USDCHF,2020-01-13,0.97348,0.97365,0.9694,0.97063,82564
USDCHF,2020-01-14,0.97063,0.97134,0.96655,0.96722,117770
USDCHF,2020-01-15,0.96722,0.96801,0.96305,0.964,117174
USDCHF,2020-01-16,0.964,0.96525,0.9613,0.96454,99875
USDCHF,2020-01-17,0.96454,0.96958,0.96422,0.96769,104233
USDCHF,2020-01-20,0.96741,0.96993,0.96741,0.96801,60830
USDCHF,2020-01-21,0.96801,0.96904,0.96611,0.96867,105634
USDCHF,2020-01-22,0.96867,0.9729,0.96777,0.9678,109449
USDCHF,2020-01-23,0.9678,0.97037,0.96688,0.96897,130411
USDCHF,2020-01-24,0.96897,0.97181,0.96852,0.97088,101758
USDCHF,2020-01-27,0.97002,0.97192,0.96818,0.96926,126615
USDCHF,2020-01-28,0.96926,0.97415,0.96787,0.97293,93090
USDCHF,2020-01-29,0.97293,0.97667,0.97265,0.97316,102792
USDCHF,2020-01-30,0.97316,0.97372,0.96796,0.96947,137242
USDCHF,2020-01-31,0.96947,0.97131,0.96289,0.96315,145365
USDCHF,2020-02-03,0.96363,0.96722,0.96292,0.96584,161677
USDCHF,2020-02-04,0.96584,0.97042,0.96526,0.96915,130348
USDCHF,2020-02-05,0.96915,0.97477,0.9678,0.97345,142631
USDCHF,2020-02-06,0.97345,0.97566,0.97309,0.97457,127944
USDCHF,2020-02-07,0.97457,0.97813,0.97394,0.97754,153338
USDCHF,2020-02-10,0.97673,0.97837,0.97632,0.97727,147549
USDCHF,2020-02-11,0.97727,0.97891,0.97508,0.97585,137860
USDCHF,2020-02-12,0.97585,0.97853,0.97411,0.97808,136775
USDCHF,2020-02-13,0.97808,0.97958,0.97608,0.97942,149439
USDCHF,2020-02-14,0.97942,0.98222,0.97839,0.98184,105218
USDCHF,2020-02-17,0.98126,0.98267,0.98062,0.9808,65458
USDCHF,2020-02-18,0.9808,0.98394,0.97965,0.98315,117114
USDCHF,2020-02-19,0.98315,0.98447,0.98254,0.98379,113046
USDCHF,2020-02-20,0.98379,0.98485,0.98151,0.98415,169250
USDCHF,2020-02-21,0.98415,0.98448,0.97709,0.97834,162902
USDCHF,2020-02-24,0.98063,0.98159,0.97651,0.97877,219143
USDCHF,2020-02-25,0.97877,0.98047,0.97509,0.97593,233539
USDCHF,2020-02-26,0.97593,0.97787,0.97286,0.9766,239034
USDCHF,2020-02-27,0.9766,0.97709,0.96743,0.96764,266884
USDCHF,2020-02-28,0.96764,0.96957,0.96097,0.96559,355955
USDCHF,2020-03-02,0.96278,0.96549,0.95438,0.95873,318553
USDCHF,2020-03-03,0.95873,0.95972,0.95157,0.95568,368980
USDCHF,2020-03-04,0.95568,0.95972,0.95326,0.95633,235696
USDCHF,2020-03-05,0.95633,0.95717,0.94465,0.94494,207283
USDCHF,2020-03-06,0.94494,0.94667,0.93181,0.93699,433176
USDCHF,2020-03-09,0.93213,0.93373,0.91823,0.92516,440078
USDCHF,2020-03-10,0.92516,0.94111,0.92404,0.94003,453374
USDCHF,2020-03-11,0.94003,0.94019,0.93247,0.9378,340837
USDCHF,2020-03-12,0.9378,0.95517,0.93214,0.94372,495113
USDCHF,2020-03-13,0.94372,0.95694,0.94225,0.95069,554125
USDCHF,2020-03-16,0.95353,0.95353,0.93916,0.94671,816954
USDCHF,2020-03-17,0.94671,0.96486,0.94485,0.96082,647936
USDCHF,2020-03-18,0.96082,0.97509,0.95663,0.96769,712646
USDCHF,2020-03-19,0.96769,0.98779,0.96384,0.98591,875006
USDCHF,2020-03-20,0.98591,0.99005,0.97436,0.98527,908590
USDCHF,2020-03-23,0.98449,0.99017,0.97898,0.98448,887131
USDCHF,2020-03-24,0.98448,0.98474,0.97186,0.9812,637106
USDCHF,2020-03-25,0.9812,0.98339,0.97547,0.97658,493303
USDCHF,2020-03-26,0.97658,0.97753,0.9603,0.96278,493207
USDCHF,2020-03-27,0.96278,0.96552,0.95055,0.95089,471855
USDCHF,2020-03-30,0.95319,0.96109,0.95023,0.95808,344428
USDCHF,2020-03-31,0.95808,0.96858,0.95771,0.96108,416835
USDCHF,2020-04-01,0.96108,0.9691,0.95981,0.96544,301227
USDCHF,2020-04-02,0.96544,0.97504,0.96503,0.97339,327760
USDCHF,2020-04-03,0.97339,0.97957,0.97254,0.97588,267664
USDCHF,2020-04-06,0.97645,0.97973,0.97546,0.97855,271634
USDCHF,2020-04-07,0.97855,0.97923,0.96855,0.96891,247345
USDCHF,2020-04-08,0.96891,0.97434,0.96878,0.97162,240740
USDCHF,2020-04-09,0.97162,0.97336,0.96482,0.96596,233336
USDCHF,2020-04-10,0.96596,0.96739,0.96379,0.96519,108537
USDCHF,2020-04-13,0.96498,0.9687,0.96298,0.96687,160143
USDCHF,2020-04-14,0.96687,0.96781,0.9596,0.95994,201837
USDCHF,2020-04-15,0.95994,0.97007,0.9592,0.96457,205661
USDCHF,2020-04-16,0.96457,0.97157,0.96442,0.97011,232932
USDCHF,2020-04-17,0.97011,0.97242,0.96561,0.96667,222008
USDCHF,2020-04-20,0.967,0.97002,0.96554,0.9679,182012
USDCHF,2020-04-21,0.9679,0.97277,0.96701,0.96923,213808
USDCHF,2020-04-22,0.96923,0.97319,0.96685,0.97141,152054
USDCHF,2020-04-23,0.97141,0.97724,0.97054,0.97582,216668
USDCHF,2020-04-24,0.97582,0.98027,0.97228,0.97242,181287
USDCHF,2020-04-27,0.97241,0.97669,0.97123,0.97524,177045
USDCHF,2020-04-28,0.97524,0.98002,0.97205,0.975,177297
USDCHF,2020-04-29,0.975,0.97676,0.97123,0.97333,165577
USDCHF,2020-04-30,0.97333,0.97592,0.96386,0.96527,242142
USDCHF,2020-05-01,0.96527,0.96695,0.95886,0.96094,148452
USDCHF,2020-05-04,0.9617,0.96629,0.96155,0.9647,156814
USDCHF,2020-05-05,0.9647,0.97347,0.96458,0.97207,136006
USDCHF,2020-05-06,0.97207,0.97587,0.97184,0.97497,134965
USDCHF,2020-05-07,0.97497,0.97843,0.97287,0.97287,159859
USDCHF,2020-05-08,0.97287,0.97357,0.96811,0.9701,129889
USDCHF,2020-05-11,0.97167,0.97367,0.97004,0.97286,128256
USDCHF,2020-05-12,0.97286,0.97501,0.96658,0.96922,149273
USDCHF,2020-05-13,0.96922,0.97261,0.96652,0.97206,191282
USDCHF,2020-05-14,0.97206,0.97554,0.97135,0.97295,179048
USDCHF,2020-05-15,0.97295,0.97446,0.96979,0.97137,152947
USDCHF,2020-05-18,0.97231,0.97609,0.96766,0.97112,156179
USDCHF,2020-05-19,0.97112,0.97288,0.96985,0.97119,145628
USDCHF,2020-05-20,0.97119,0.97165,0.96382,0.96455,127370
USDCHF,2020-05-21,0.96455,0.97131,0.96394,0.9704,157077
USDCHF,2020-05-22,0.9704,0.97334,0.96971,0.97089,134403
USDCHF,2020-05-25,0.97135,0.97363,0.97043,0.97132,85216
USDCHF,2020-05-26,0.97132,0.97184,0.96465,0.96549,147665
USDCHF,2020-05-27,0.96549,0.97284,0.96495,0.96785,231843
USDCHF,2020-05-28,0.96785,0.97191,0.96305,0.96409,195600
USDCHF,2020-05-29,0.96409,0.96503,0.96017,0.96081,237521
USDCHF,2020-06-01,0.96115,0.96251,0.95787,0.96092,210649
USDCHF,2020-06-02,0.96092,0.96376,0.95731,0.96224,226903
USDCHF,2020-06-03,0.96224,0.96478,0.96067,0.96117,235440
USDCHF,2020-06-04,0.96117,0.9624,0.95435,0.95538,245075
USDCHF,2020-06-05,0.95538,0.96504,0.95419,0.96186,239825
USDCHF,2020-06-08,0.9611,0.96394,0.95558,0.95757,175646
USDCHF,2020-06-09,0.95757,0.95857,0.94823,0.95077,218394
USDCHF,2020-06-10,0.95077,0.95147,0.94249,0.94376,276709
USDCHF,2020-06-11,0.94376,0.94603,0.9376,0.94411,267984
USDCHF,2020-06-12,0.94411,0.95534,0.9429,0.95171,260409
USDCHF,2020-06-15,0.95171,0.9547,0.94801,0.9491,245521
USDCHF,2020-06-16,0.9491,0.95231,0.94635,0.95131,235122
USDCHF,2020-06-17,0.95131,0.95292,0.94811,0.94861,214198
USDCHF,2020-06-18,0.94861,0.95251,0.94825,0.95136,179794
USDCHF,2020-06-19,0.95136,0.95305,0.94876,0.9521,171170
USDCHF,2020-06-22,0.95157,0.9527,0.9465,0.94766,150112
USDCHF,2020-06-23,0.94766,0.94935,0.94202,0.94482,183852
USDCHF,2020-06-24,0.94482,0.94861,0.94331,0.94792,163625
USDCHF,2020-06-25,0.94792,0.95081,0.94691,0.94843,183097
USDCHF,2020-06-26,0.94843,0.94997,0.94675,0.948,149959
USDCHF,2020-06-29,0.94723,0.9525,0.94416,0.95115,152764
USDCHF,2020-06-30,0.95115,0.9533,0.94613,0.94721,177014
USDCHF,2020-07-01,0.94721,0.94939,0.94449,0.94576,169892
USDCHF,2020-07-02,0.94576,0.94653,0.94265,0.94525,142226
USDCHF,2020-07-03,0.94525,0.94702,0.94386,0.94421,98122
USDCHF,2020-07-06,0.94514,0.94537,0.93845,0.94217,146722
USDCHF,2020-07-07,0.94217,0.94531,0.94083,0.94237,143719
USDCHF,2020-07-08,0.94237,0.94323,0.93701,0.9383,152885
USDCHF,2020-07-09,0.9383,0.94104,0.93622,0.94012,179575
USDCHF,2020-07-10,0.94012,0.94313,0.93848,0.94065,125668
USDCHF,2020-07-13,0.94065,0.94376,0.93922,0.94155,137567
USDCHF,2020-07-14,0.94155,0.94244,0.93799,0.93998,163444
USDCHF,2020-07-15,0.93998,0.94574,0.93701,0.94435,150786
USDCHF,2020-07-16,0.94435,0.94678,0.94294,0.94549,158668
USDCHF,2020-07-17,0.94549,0.94588,0.938,0.93839,120553
USDCHF,2020-07-20,0.93839,0.94102,0.93739,0.93881,142530
USDCHF,2020-07-21,0.93881,0.93983,0.93213,0.93308,171650
USDCHF,2020-07-22,0.93308,0.93518,0.92866,0.92953,172792
USDCHF,2020-07-23,0.92953,0.92992,0.92456,0.92542,170619
USDCHF,2020-07-24,0.92542,0.92606,0.91986,0.91986,180225
USDCHF,2020-07-27,0.921,0.92302,0.91661,0.91989,216522
USDCHF,2020-07-28,0.91989,0.92281,0.91552,0.91791,200932
USDCHF,2020-07-29,0.91791,0.91876,0.91169,0.91256,214337
USDCHF,2020-07-30,0.91256,0.91514,0.90875,0.90893,204772
USDCHF,2020-07-31,0.90893,0.91488,0.90563,0.9132,293251
USDCHF,2020-08-03,0.9136,0.92419,0.91277,0.91773,233067
USDCHF,2020-08-04,0.91773,0.91883,0.91302,0.91323,184090
USDCHF,2020-08-05,0.91323,0.91388,0.90502,0.90843,174311
USDCHF,2020-08-06,0.90843,0.91292,0.90656,0.90971,216060
USDCHF,2020-08-07,0.90971,0.91582,0.9085,0.91226,206262
USDCHF,2020-08-10,0.91277,0.91844,0.91182,0.9156,147909
USDCHF,2020-08-11,0.9156,0.9178,0.91054,0.91676,201321
USDCHF,2020-08-12,0.91676,0.91978,0.9097,0.91196,228808
USDCHF,2020-08-13,0.91196,0.91222,0.90821,0.90972,165844
USDCHF,2020-08-14,0.90972,0.91229,0.90856,0.90856,151911
USDCHF,2020-08-17,0.90902,0.90966,0.90515,0.90655,130407
USDCHF,2020-08-18,0.90655,0.90677,0.90098,0.90368,176749
USDCHF,2020-08-19,0.90368,0.91545,0.90191,0.91484,208116
USDCHF,2020-08-20,0.91484,0.91616,0.90722,0.9076,229396
USDCHF,2020-08-21,0.9076,0.91398,0.9061,0.91099,179687
USDCHF,2020-08-24,0.91099,0.91279,0.90746,0.91184,166330
USDCHF,2020-08-25,0.91184,0.91261,0.90739,0.90767,175700
USDCHF,2020-08-26,0.90767,0.91208,0.90681,0.90825,167659
USDCHF,2020-08-27,0.90825,0.91237,0.90363,0.90893,298284
USDCHF,2020-08-28,0.90893,0.91,0.90241,0.90389,265368
USDCHF,2020-08-31,0.90392,0.90531,0.89986,0.90365,210876
USDCHF,2020-09-01,0.90365,0.9101,0.89989,0.90931,245210
USDCHF,2020-09-02,0.90931,0.91368,0.90843,0.91061,214265
USDCHF,2020-09-03,0.91061,0.91424,0.90825,0.90934,197448
USDCHF,2020-09-04,0.90934,0.91633,0.90852,0.91319,202749
USDCHF,2020-09-07,0.91347,0.91696,0.91205,0.91583,93603
USDCHF,2020-09-08,0.91583,0.92007,0.91559,0.91768,214295
USDCHF,2020-09-09,0.91768,0.91906,0.91201,0.91238,172040
USDCHF,2020-09-10,0.91238,0.91301,0.90488,0.91057,206843
USDCHF,2020-09-11,0.91057,0.91062,0.90797,0.90873,144749
USDCHF,2020-09-14,0.90887,0.90986,0.9058,0.90821,132492
USDCHF,2020-09-15,0.90821,0.9089,0.90514,0.90804,147662
USDCHF,2020-09-16,0.90804,0.91108,0.9055,0.9094,211600
USDCHF,2020-09-17,0.9094,0.91395,0.90805,0.9082,195823
USDCHF,2020-09-18,0.9082,0.91138,0.90732,0.91126,142777
USDCHF,2020-09-21,0.91013,0.91712,0.9087,0.91453,177554
USDCHF,2020-09-22,0.91453,0.92078,0.91341,0.91973,200623
USDCHF,2020-09-23,0.91973,0.92434,0.91852,0.92377,174326
USDCHF,2020-09-24,0.92377,0.92801,0.92159,0.92665,195662
USDCHF,2020-09-25,0.92665,0.92962,0.92506,0.92867,149228
USDCHF,2020-09-28,0.928,0.92954,0.92401,0.92401,147654
USDCHF,2020-09-29,0.92401,0.92488,0.91881,0.91904,144883
USDCHF,2020-09-30,0.91904,0.92446,0.91624,0.92078,201979
USDCHF,2020-10-01,0.92078,0.92147,0.91644,0.91846,182148
USDCHF,2020-10-02,0.91846,0.92186,0.91767,0.92019,198915
USDCHF,2020-10-05,0.91952,0.91993,0.91451,0.91499,125996
USDCHF,2020-10-06,0.91499,0.91797,0.91333,0.91759,144229
USDCHF,2020-10-07,0.91759,0.91846,0.91594,0.91714,121987
USDCHF,2020-10-08,0.91714,0.91976,0.91572,0.91686,108396
USDCHF,2020-10-09,0.91686,0.91723,0.90919,0.90923,109931
USDCHF,2020-10-12,0.91102,0.91238,0.90874,0.90885,101525
USDCHF,2020-10-13,0.90885,0.91548,0.90866,0.91461,118938
USDCHF,2020-10-14,0.91461,0.91628,0.91132,0.91341,110364
USDCHF,2020-10-15,0.91341,0.91556,0.91266,0.91403,122931
USDCHF,2020-10-16,0.91403,0.91623,0.91232,0.91457,126479
USDCHF,2020-10-19,0.91412,0.91655,0.90902,0.90981,97388
USDCHF,2020-10-20,0.90981,0.911,0.90553,0.90698,120124
USDCHF,2020-10-21,0.90698,0.90707,0.90307,0.90536,131648
USDCHF,2020-10-22,0.90536,0.90803,0.90385,0.90713,123561
USDCHF,2020-10-23,0.90713,0.90922,0.90341,0.90366,111290
USDCHF,2020-10-26,0.90442,0.90807,0.90377,0.90779,125613
USDCHF,2020-10-27,0.90779,0.90976,0.90615,0.90859,97972
USDCHF,2020-10-28,0.90859,0.91276,0.90842,0.91041,145077
USDCHF,2020-10-29,0.91041,0.91728,0.90891,0.91454,150312
USDCHF,2020-10-30,0.91454,0.91728,0.91381,0.91654,147166
USDCHF,2020-11-02,0.9161,0.92077,0.9148,0.91884,117705
USDCHF,2020-11-03,0.91884,0.91918,0.91162,0.91198,109628
USDCHF,2020-11-04,0.91198,0.91964,0.90901,0.91126,265711
USDCHF,2020-11-05,0.91126,0.91325,0.90369,0.90377,174265
USDCHF,2020-11-06,0.90377,0.90566,0.89825,0.89982,196614
USDCHF,2020-11-09,0.89803,0.91432,0.89802,0.91275,243684
USDCHF,2020-11-10,0.91275,0.91756,0.91067,0.91494,199862
USDCHF,2020-11-11,0.91494,0.9192,0.91326,0.9166,135919
USDCHF,2020-11-12,0.9166,0.91708,0.91315,0.91437,127731
USDCHF,2020-11-13,0.91437,0.91589,0.91101,0.91101,102025
USDCHF,2020-11-16,0.91252,0.91515,0.90978,0.91226,145748
USDCHF,2020-11-17,0.91226,0.91285,0.90882,0.91101,120485
USDCHF,2020-11-18,0.91101,0.91227,0.90922,0.91094,130254
USDCHF,2020-11-19,0.91094,0.91397,0.90994,0.91022,138370
USDCHF,2020-11-20,0.91022,0.91233,0.90917,0.91093,128128
USDCHF,2020-11-23,0.91062,0.9148,0.90765,0.91212,147070
USDCHF,2020-11-24,0.91212,0.91365,0.90977,0.91103,156572
USDCHF,2020-11-25,0.91103,0.9139,0.90727,0.90727,170590
USDCHF,2020-11-26,0.90727,0.90937,0.90581,0.90601,104224
USDCHF,2020-11-27,0.90601,0.90827,0.90331,0.90435,120493
USDCHF,2020-11-30,0.90372,0.9093,0.90194,0.90824,147666
USDCHF,2020-12-01,0.90824,0.90877,0.89894,0.89941,149774
USDCHF,2020-12-02,0.89941,0.90134,0.89436,0.89444,150533
USDCHF,2020-12-03,0.89444,0.89536,0.88914,0.89029,144583
USDCHF,2020-12-04,0.89029,0.89232,0.88856,0.89163,140736
USDCHF,2020-12-07,0.8904,0.89466,0.88753,0.88996,146051
USDCHF,2020-12-08,0.88996,0.8914,0.88816,0.88872,133908
USDCHF,2020-12-09,0.88872,0.89145,0.88709,0.8894,131073
USDCHF,2020-12-10,0.8894,0.89016,0.88521,0.88613,154323
USDCHF,2020-12-11,0.88613,0.89092,0.88512,0.88939,130145
USDCHF,2020-12-14,0.88809,0.88957,0.88502,0.88632,115454
USDCHF,2020-12-15,0.88632,0.88807,0.88503,0.88549,127139
USDCHF,2020-12-16,0.88549,0.88924,0.8826,0.88494,153512
USDCHF,2020-12-17,0.88494,0.88579,0.88222,0.88405,150410
USDCHF,2020-12-18,0.88405,0.88681,0.88254,0.88281,123168
USDCHF,2020-12-21,0.88445,0.89192,0.88402,0.88548,187464
USDCHF,2020-12-22,0.88548,0.89048,0.88451,0.8892,132814
USDCHF,2020-12-23,0.8892,0.89111,0.88675,0.88764,136744
USDCHF,2020-12-24,0.88764,0.89182,0.88685,0.89115,77698
USDCHF,2020-12-25,0.8911,0.8911,0.8851,0.8909,0
USDCHF,2020-12-28,0.88843,0.89188,0.88763,0.88844,116091
USDCHF,2020-12-29,0.88844,0.88922,0.88308,0.88348,127309
USDCHF,2020-12-30,0.88348,0.88547,0.88106,0.88128,142860
USDCHF,2020-12-31,0.88128,0.88562,0.87937,0.88558,111193
USDCHF,2021-01-01,0.8984,0.899,0.88978,0.8981,0
USDCHF,2021-01-04,0.88247,0.88456,0.87847,0.88114,170743
USDCHF,2021-01-05,0.88114,0.88167,0.87757,0.87829,149843
USDCHF,2021-01-06,0.87829,0.88214,0.87576,0.87815,209280
USDCHF,2021-01-07,0.87815,0.88608,0.87743,0.88424,183926
USDCHF,2021-01-08,0.88424,0.88845,0.88224,0.8851,211615
USDCHF,2021-01-11,0.88507,0.89204,0.88444,0.89016,171392
USDCHF,2021-01-12,0.89016,0.89162,0.88608,0.8861,143913
USDCHF,2021-01-13,0.8861,0.88893,0.88495,0.88735,136651
USDCHF,2021-01-14,0.88735,0.89172,0.88558,0.88789,177515
USDCHF,2021-01-15,0.88789,0.89147,0.88692,0.89119,140741
USDCHF,2021-01-18,0.88956,0.89259,0.88956,0.89014,125320
USDCHF,2021-01-19,0.89014,0.89166,0.88642,0.88811,133461
USDCHF,2021-01-20,0.88811,0.89203,0.8867,0.88931,135535
USDCHF,2021-01-21,0.88931,0.88993,0.88478,0.8851,139606
USDCHF,2021-01-22,0.8851,0.88662,0.88385,0.88497,135574
USDCHF,2021-01-25,0.88497,0.88927,0.88461,0.88815,138030
USDCHF,2021-01-26,0.88815,0.88958,0.88608,0.88665,126594
USDCHF,2021-01-27,0.88665,0.89175,0.88584,0.8885,191139
USDCHF,2021-01-28,0.8885,0.89187,0.88692,0.88854,178795
USDCHF,2021-01-29,0.88854,0.8912,0.88742,0.88986,184177
USDCHF,2021-02-01,0.88962,0.89727,0.88912,0.8969,168710
USDCHF,2021-02-02,0.8969,0.89953,0.89471,0.89722,162920
USDCHF,2021-02-03,0.89722,0.90027,0.89703,0.8989,123585
USDCHF,2021-02-04,0.8989,0.90446,0.8984,0.90418,128148
USDCHF,2021-02-05,0.90418,0.90458,0.8985,0.89882,137988
USDCHF,2021-02-09,0.8988,0.89906,0.89194,0.89224,146152
USDCHF,2021-02-10,0.89224,0.89313,0.88903,0.89017,135373
USDCHF,2021-02-11,0.89017,0.89105,0.88921,0.88988,95632
USDCHF,2021-02-12,0.88988,0.894,0.88928,0.89179,99503
USDCHF,2021-02-15,0.89082,0.89249,0.8897,0.88972,83022
USDCHF,2021-02-16,0.88972,0.89303,0.88714,0.89201,129770
USDCHF,2021-02-17,0.89201,0.89924,0.89107,0.89879,137389
USDCHF,2021-02-18,0.89879,0.89955,0.89559,0.89575,122797
USDCHF,2021-02-19,0.89575,0.89724,0.89335,0.89557,120665
USDCHF,2021-02-22,0.89599,0.90237,0.89473,0.89598,145510
USDCHF,2021-02-23,0.89598,0.9057,0.89488,0.90493,139686
USDCHF,2021-02-24,0.90493,0.90947,0.9033,0.90648,180169
USDCHF,2021-02-25,0.90648,0.90814,0.90283,0.90475,475438
USDCHF,2021-02-26,0.90475,0.91018,0.90268,0.90849,267039
USDCHF,2021-03-01,0.90808,0.91593,0.9071,0.91494,164867
USDCHF,2021-03-02,0.91494,0.91936,0.91316,0.91449,156201
USDCHF,2021-03-03,0.91449,0.91998,0.91404,0.91985,147467
USDCHF,2021-03-04,0.91985,0.92978,0.91855,0.92859,199953
USDCHF,2021-03-05,0.92859,0.9319,0.92579,0.93004,199928
USDCHF,2021-03-08,0.93004,0.93698,0.92798,0.93565,148556
USDCHF,2021-03-09,0.93565,0.93755,0.92754,0.92761,162307
USDCHF,2021-03-10,0.92761,0.93233,0.92712,0.92963,148108
USDCHF,2021-03-11,0.92963,0.93091,0.92314,0.92314,138009
USDCHF,2021-03-12,0.92314,0.93252,0.92305,0.92927,124142
USDCHF,2021-03-15,0.92927,0.93126,0.92666,0.92735,139703
USDCHF,2021-03-16,0.92735,0.9287,0.92424,0.92458,127222
USDCHF,2021-03-17,0.92458,0.92961,0.92134,0.92249,130912
USDCHF,2021-03-18,0.92249,0.93054,0.92188,0.92697,162275
USDCHF,2021-03-19,0.92697,0.93201,0.92512,0.92819,128910
USDCHF,2021-03-22,0.9296,0.931,0.92227,0.92308,114423
USDCHF,2021-03-23,0.92308,0.93467,0.92257,0.934,122349
USDCHF,2021-03-24,0.934,0.93697,0.9336,0.93562,116237
USDCHF,2021-03-25,0.93562,0.94018,0.93494,0.93942,127764
USDCHF,2021-03-26,0.93942,0.94178,0.93824,0.93889,104812
USDCHF,2021-03-29,0.9387,0.94045,0.93702,0.93895,117614
USDCHF,2021-03-30,0.93895,0.94387,0.93748,0.94193,124964
USDCHF,2021-03-31,0.94193,0.94586,0.94038,0.94347,143947
USDCHF,2021-04-01,0.94347,0.94726,0.94046,0.94159,173648
USDCHF,2021-04-02,0.94159,0.94342,0.94051,0.94123,60297
USDCHF,2021-04-05,0.94182,0.94388,0.93539,0.93631,100302
USDCHF,2021-04-06,0.93631,0.93961,0.93024,0.93081,121427
USDCHF,2021-04-07,0.93081,0.93149,0.9268,0.9296,118387
USDCHF,2021-04-08,0.9296,0.93023,0.92321,0.92376,94572
USDCHF,2021-04-09,0.92376,0.92816,0.92301,0.92449,100489
USDCHF,2021-04-12,0.92449,0.92684,0.92127,0.92225,92028
USDCHF,2021-04-13,0.92225,0.92597,0.91976,0.92049,121381
USDCHF,2021-04-14,0.92049,0.92342,0.91869,0.92184,105121
USDCHF,2021-04-15,0.92184,0.92458,0.92063,0.92231,117872
USDCHF,2021-04-16,0.92231,0.92352,0.91793,0.91979,122897
USDCHF,2021-04-19,0.91892,0.92153,0.91289,0.91397,109788
USDCHF,2021-04-20,0.91397,0.91697,0.9135,0.91538,108600
USDCHF,2021-04-21,0.91538,0.91959,0.91463,0.91643,94577
USDCHF,2021-04-22,0.91643,0.91914,0.91437,0.91657,120124
USDCHF,2021-04-23,0.91657,0.91734,0.91275,0.9135,117237
USDCHF,2021-04-26,0.91327,0.9166,0.91217,0.91334,103498
USDCHF,2021-04-27,0.91334,0.91719,0.91233,0.91342,107819
USDCHF,2021-04-28,0.91342,0.91815,0.90883,0.90955,137989
USDCHF,2021-04-29,0.90955,0.91194,0.908,0.90823,121520
USDCHF,2021-04-30,0.90823,0.91404,0.90802,0.91302,132342
USDCHF,2021-05-03,0.91212,0.91479,0.9093,0.91044,107194
USDCHF,2021-05-04,0.91044,0.91608,0.90974,0.91328,154127
USDCHF,2021-05-05,0.91328,0.91646,0.91213,0.91266,117326
USDCHF,2021-05-06,0.91266,0.91453,0.90699,0.90703,115156
USDCHF,2021-05-07,0.90703,0.90937,0.90021,0.90021,167970
USDCHF,2021-05-10,0.90038,0.90191,0.89857,0.90113,155858
USDCHF,2021-05-11,0.90113,0.90394,0.89966,0.90343,152616
USDCHF,2021-05-12,0.90343,0.9094,0.90232,0.909,185817
USDCHF,2021-05-13,0.909,0.90932,0.90509,0.90575,249564
USDCHF,2021-05-14,0.90575,0.90638,0.90108,0.9012,117037
USDCHF,2021-05-17,0.9011,0.90329,0.90021,0.90321,99950
USDCHF,2021-05-18,0.90321,0.9035,0.89602,0.89767,107770
USDCHF,2021-05-19,0.89767,0.90476,0.89672,0.90365,155334
USDCHF,2021-05-20,0.90365,0.90473,0.8972,0.89731,109166
USDCHF,2021-05-21,0.89731,0.90007,0.89538,0.89769,112491
USDCHF,2021-05-24,0.89652,0.90024,0.89569,0.89674,99530
USDCHF,2021-05-25,0.89674,0.89747,0.89303,0.89469,120516
USDCHF,2021-05-26,0.89469,0.89875,0.89417,0.89767,115433
USDCHF,2021-05-27,0.89767,0.90088,0.89607,0.89661,118964
USDCHF,2021-05-28,0.89661,0.90297,0.89624,0.89982,113875
USDCHF,2021-05-31,0.89888,0.90127,0.89841,0.89849,73992
USDCHF,2021-06-01,0.89849,0.89988,0.89469,0.8971,90977
USDCHF,2021-06-02,0.8971,0.90245,0.89638,0.89772,82560
USDCHF,2021-06-03,0.89772,0.90519,0.89731,0.9034,82703
USDCHF,2021-06-04,0.9034,0.90537,0.8982,0.89904,91641
USDCHF,2021-06-07,0.89904,0.90102,0.89671,0.89742,61497
USDCHF,2021-06-08,0.89742,0.89893,0.89519,0.89675,87394
USDCHF,2021-06-09,0.89675,0.89717,0.89261,0.89549,63408
USDCHF,2021-06-10,0.89549,0.89958,0.89403,0.89437,99094
USDCHF,2021-06-11,0.89437,0.9,0.89329,0.89779,79875
USDCHF,2021-06-14,0.89804,0.90016,0.89776,0.89928,75353
USDCHF,2021-06-15,0.89928,0.90078,0.89655,0.89756,79743
USDCHF,2021-06-16,0.89756,0.90885,0.89738,0.9086,117411
USDCHF,2021-06-17,0.9086,0.91878,0.90753,0.91762,129995
USDCHF,2021-06-18,0.91762,0.92388,0.91661,0.92267,135349
USDCHF,2021-06-21,0.9222,0.92369,0.91754,0.9177,120723
USDCHF,2021-06-22,0.9177,0.92129,0.91689,0.91736,108639
USDCHF,2021-06-23,0.91736,0.91998,0.91538,0.91802,99348
USDCHF,2021-06-24,0.91802,0.92002,0.91739,0.91776,89357
USDCHF,2021-06-25,0.91776,0.91827,0.91424,0.91671,83732
USDCHF,2021-06-28,0.91671,0.92146,0.91606,0.91907,84959
USDCHF,2021-06-29,0.91907,0.92332,0.91896,0.92053,86667
USDCHF,2021-06-30,0.92053,0.92622,0.92019,0.92491,108957
USDCHF,2021-07-01,0.92491,0.92716,0.92358,0.92526,132363
USDCHF,2021-07-02,0.92526,0.92748,0.92002,0.92052,142404
USDCHF,2021-07-05,0.92052,0.92326,0.92021,0.92196,63635
USDCHF,2021-07-06,0.92196,0.92514,0.91933,0.92361,123146
USDCHF,2021-07-07,0.92361,0.92676,0.92227,0.92542,132900
USDCHF,2021-07-08,0.92542,0.92612,0.91333,0.91487,133735
USDCHF,2021-07-09,0.91487,0.91753,0.91356,0.91374,94081
USDCHF,2021-07-12,0.91362,0.9171,0.91319,0.91498,75258
USDCHF,2021-07-13,0.91498,0.92005,0.91431,0.91848,104065
USDCHF,2021-07-14,0.91848,0.91988,0.91421,0.91423,99463
USDCHF,2021-07-15,0.91423,0.9193,0.91176,0.91769,97547
USDCHF,2021-07-16,0.91769,0.92035,0.91659,0.91848,91748
USDCHF,2021-07-19,0.91843,0.92218,0.91631,0.91703,112157
USDCHF,2021-07-20,0.91703,0.92326,0.91666,0.92123,133229
USDCHF,2021-07-21,0.92123,0.92312,0.91695,0.91762,138579
USDCHF,2021-07-22,0.91762,0.92016,0.91548,0.9188,174290
USDCHF,2021-07-23,0.9188,0.9222,0.9186,0.9186,116751
USDCHF,2021-07-26,0.9186,0.92024,0.91486,0.91553,135460
USDCHF,2021-07-27,0.91553,0.91865,0.91292,0.91432,118987
USDCHF,2021-07-28,0.91432,0.91676,0.90996,0.90998,162609
USDCHF,2021-07-29,0.90998,0.91014,0.90544,0.90615,121708
USDCHF,2021-07-30,0.90615,0.90755,0.90391,0.90518,133529
USDCHF,2021-08-02,0.90518,0.90674,0.90375,0.90498,107152
USDCHF,2021-08-03,0.90498,0.90577,0.90229,0.90362,115399
USDCHF,2021-08-04,0.90362,0.90761,0.90184,0.90639,118244
USDCHF,2021-08-05,0.90639,0.90779,0.90513,0.90642,110178
USDCHF,2021-08-06,0.90642,0.91566,0.90601,0.91445,122345
USDCHF,2021-08-09,0.91348,0.92072,0.91348,0.91922,89059
USDCHF,2021-08-10,0.91922,0.92342,0.91895,0.92179,68625
USDCHF,2021-08-11,0.92179,0.92421,0.92025,0.92195,84706
USDCHF,2021-08-12,0.92195,0.92397,0.92066,0.92325,60768
USDCHF,2021-08-13,0.92325,0.9239,0.9151,0.91517,54767
USDCHF,2021-08-16,0.91517,0.91636,0.91091,0.91215,62590
USDCHF,2021-08-17,0.91215,0.91516,0.90998,0.91358,82996
USDCHF,2021-08-18,0.91358,0.91966,0.91269,0.91676,84001
USDCHF,2021-08-19,0.91676,0.92069,0.91453,0.91848,96609
USDCHF,2021-08-20,0.91848,0.91899,0.91587,0.91682,62630
USDCHF,2021-08-23,0.916,0.91783,0.91223,0.91231,65182
USDCHF,2021-08-24,0.91231,0.91393,0.91104,0.91231,55265
USDCHF,2021-08-25,0.91231,0.91579,0.91161,0.91315,61696
USDCHF,2021-08-26,0.91315,0.91922,0.91178,0.91762,75942
USDCHF,2021-08-27,0.91762,0.91997,0.91061,0.91094,83628
USDCHF,2021-08-30,0.9107,0.91851,0.91003,0.91644,52962
USDCHF,2021-08-31,0.91644,0.91735,0.91143,0.91502,84874
USDCHF,2021-09-01,0.91502,0.91893,0.91392,0.91457,69541
USDCHF,2021-09-02,0.91457,0.91678,0.91396,0.91426,59733
USDCHF,2021-09-03,0.91426,0.91594,0.91154,0.91388,82744
USDCHF,2021-09-06,0.91388,0.91685,0.91269,0.91463,41313
USDCHF,2021-09-07,0.91463,0.91991,0.91327,0.91936,73325
USDCHF,2021-09-08,0.91936,0.92347,0.91822,0.92111,80953
USDCHF,2021-09-09,0.92111,0.92232,0.91611,0.91659,93338
USDCHF,2021-09-10,0.91659,0.91848,0.91501,0.91729,80069
USDCHF,2021-09-13,0.91729,0.9241,0.91707,0.92103,87784
USDCHF,2021-09-14,0.92103,0.92281,0.91811,0.92003,87393
USDCHF,2021-09-15,0.92003,0.92054,0.91636,0.91969,70589
USDCHF,2021-09-16,0.91969,0.92782,0.91871,0.92753,84609
USDCHF,2021-09-17,0.92753,0.93247,0.92596,0.9322,86204
USDCHF,2021-09-20,0.93146,0.93328,0.92708,0.92713,70064
USDCHF,2021-09-21,0.92713,0.92835,0.92253,0.92352,88397
USDCHF,2021-09-22,0.92352,0.92729,0.92153,0.92556,127421
USDCHF,2021-09-23,0.92556,0.92737,0.92172,0.92371,94487
USDCHF,2021-09-24,0.92371,0.92607,0.92221,0.92427,74239
USDCHF,2021-09-27,0.92393,0.9291,0.92373,0.92566,95208
USDCHF,2021-09-28,0.92566,0.93017,0.92493,0.92919,108032
USDCHF,2021-09-29,0.92919,0.93552,0.92789,0.93377,114297
USDCHF,2021-09-30,0.93377,0.93683,0.93142,0.93145,123498
USDCHF,2021-10-01,0.93145,0.93378,0.92814,0.93048,116669
USDCHF,2021-10-04,0.93048,0.93111,0.92304,0.92448,89942
USDCHF,2021-10-05,0.92448,0.92884,0.92388,0.92768,88676
USDCHF,2021-10-06,0.92768,0.93077,0.92713,0.92727,111909
USDCHF,2021-10-07,0.92727,0.92922,0.92529,0.92767,88610
USDCHF,2021-10-08,0.92767,0.93057,0.9259,0.92705,96206
USDCHF,2021-10-11,0.92705,0.92878,0.925,0.92761,70399
USDCHF,2021-10-12,0.92761,0.93132,0.92567,0.92996,84035
USDCHF,2021-10-13,0.92996,0.93084,0.92353,0.92388,103686
USDCHF,2021-10-14,0.92388,0.92441,0.91943,0.92291,84603
USDCHF,2021-10-15,0.92291,0.9264,0.92191,0.92299,95595
USDCHF,2021-10-18,0.92299,0.92732,0.92194,0.92355,108957
USDCHF,2021-10-19,0.92355,0.92392,0.9185,0.92294,94674
USDCHF,2021-10-20,0.92294,0.92523,0.91863,0.9188,101427
USDCHF,2021-10-21,0.9188,0.92061,0.91702,0.91827,101010
USDCHF,2021-10-22,0.91827,0.91856,0.91508,0.91601,100186
USDCHF,2021-10-25,0.91555,0.92024,0.915,0.91986,94705
USDCHF,2021-10-26,0.91986,0.92262,0.91785,0.91971,87429
USDCHF,2021-10-27,0.91971,0.92038,0.91644,0.91809,110644
USDCHF,2021-10-28,0.91809,0.91948,0.91152,0.91175,140645
USDCHF,2021-10-29,0.91175,0.91761,0.91023,0.91512,122129
USDCHF,2021-11-01,0.91512,0.91715,0.90878,0.90906,95659
USDCHF,2021-11-02,0.90906,0.91503,0.90848,0.9145,91590
USDCHF,2021-11-03,0.9145,0.91511,0.91045,0.91167,119969
USDCHF,2021-11-04,0.91167,0.91448,0.91114,0.91243,110144
USDCHF,2021-11-05,0.91243,0.91757,0.91122,0.91205,107955
USDCHF,2021-11-08,0.91186,0.91579,0.91168,0.91241,85182
USDCHF,2021-11-09,0.91241,0.91539,0.91017,0.91108,102725
USDCHF,2021-11-10,0.91108,0.91863,0.9103,0.91808,138489
USDCHF,2021-11-11,0.91808,0.92245,0.9166,0.92073,87122
USDCHF,2021-11-12,0.92073,0.92378,0.92018,0.92108,88284
USDCHF,2021-11-15,0.92036,0.92572,0.91871,0.92514,96671
USDCHF,2021-11-16,0.92514,0.93118,0.92371,0.92953,113687
USDCHF,2021-11-17,0.92953,0.93298,0.9276,0.92803,111876
USDCHF,2021-11-18,0.92803,0.92919,0.92449,0.92463,112260
USDCHF,2021-11-19,0.92463,0.92903,0.92431,0.92861,140540
USDCHF,2021-11-22,0.92786,0.93348,0.92669,0.93208,125023
USDCHF,2021-11-23,0.93208,0.93442,0.93012,0.93313,125212
USDCHF,2021-11-24,0.93313,0.93735,0.93151,0.93383,124663
USDCHF,2021-11-25,0.93383,0.93615,0.93242,0.93553,92969
USDCHF,2021-11-26,0.93553,0.93593,0.92141,0.92424,191331
USDCHF,2021-11-29,0.9241,0.92728,0.92162,0.92263,125786
USDCHF,2021-11-30,0.92263,0.92667,0.91574,0.91833,174197
USDCHF,2021-12-01,0.91833,0.9218,0.91692,0.91891,131902
USDCHF,2021-12-02,0.91891,0.92217,0.91782,0.92021,112666
USDCHF,2021-12-03,0.92021,0.92177,0.91656,0.91768,127582
USDCHF,2021-12-06,0.91563,0.9269,0.91563,0.92458,102281
USDCHF,2021-12-07,0.92458,0.92752,0.92308,0.92488,104005
USDCHF,2021-12-08,0.92488,0.92525,0.91954,0.91973,116605
USDCHF,2021-12-09,0.91973,0.92649,0.91917,0.92315,95626
USDCHF,2021-12-10,0.92315,0.92529,0.91989,0.9206,92501
USDCHF,2021-12-13,0.92166,0.92565,0.92,0.92239,77067
USDCHF,2021-12-14,0.92239,0.92451,0.91883,0.92331,76578
USDCHF,2021-12-15,0.92331,0.92944,0.92243,0.92433,124663
USDCHF,2021-12-16,0.92433,0.92564,0.91895,0.91913,124160
USDCHF,2021-12-17,0.91913,0.92459,0.91745,0.92412,99141
USDCHF,2021-12-20,0.92331,0.92508,0.91924,0.91984,97424
USDCHF,2021-12-21,0.91984,0.9254,0.91952,0.92303,85270
USDCHF,2021-12-22,0.92303,0.92525,0.91898,0.91898,78578
USDCHF,2021-12-23,0.91898,0.92191,0.91738,0.91743,77876
USDCHF,2021-12-24,0.91743,0.91948,0.91657,0.91722,170100
USDCHF,2021-12-27,0.91722,0.92001,0.91722,0.91743,54077
USDCHF,2021-12-28,0.91743,0.91905,0.91593,0.91722,56388
USDCHF,2021-12-29,0.91722,0.92016,0.91268,0.91448,70164
USDCHF,2021-12-30,0.91448,0.91816,0.91321,0.91327,67876
USDCHF,2021-12-31,0.91327,0.91478,0.9102,0.91167,64275
USDCHF,2022-01-03,0.91167,0.92003,0.91045,0.91853,85945
USDCHF,2022-01-04,0.91853,0.91929,0.91367,0.91563,85958
USDCHF,2022-01-05,0.91563,0.91836,0.91412,0.91592,96083
USDCHF,2022-01-06,0.91592,0.92242,0.91552,0.92099,108403
USDCHF,2022-01-07,0.92099,0.92326,0.9182,0.91829,88667
USDCHF,2022-01-10,0.918,0.92751,0.918,0.92712,108612
USDCHF,2022-01-11,0.92712,0.92781,0.92312,0.92312,99445
USDCHF,2022-01-12,0.92312,0.92443,0.91301,0.91408,112378
USDCHF,2022-01-13,0.91408,0.91482,0.90915,0.91106,107093
USDCHF,2022-01-14,0.91106,0.91419,0.90946,0.91386,111389
USDCHF,2022-01-17,0.91206,0.91587,0.91168,0.91321,69376
USDCHF,2022-01-18,0.91321,0.91792,0.91305,0.91721,121341
USDCHF,2022-01-19,0.91721,0.91775,0.91447,0.91571,108607
USDCHF,2022-01-20,0.91571,0.91812,0.91393,0.91699,105192
USDCHF,2022-01-21,0.91699,0.91725,0.91077,0.91186,107637
USDCHF,2022-01-24,0.91088,0.91587,0.91088,0.91315,126531
USDCHF,2022-01-25,0.91315,0.92036,0.91253,0.91807,102344
USDCHF,2022-01-26,0.91807,0.92463,0.91625,0.92297,132212
USDCHF,2022-01-27,0.92297,0.93378,0.92221,0.93047,132638
USDCHF,2022-01-28,0.93047,0.93296,0.92901,0.93096,113640
USDCHF,2022-01-31,0.93052,0.93429,0.92515,0.92698,124105
USDCHF,2022-02-01,0.92698,0.92772,0.92042,0.92111,119149
USDCHF,2022-02-02,0.92111,0.92223,0.91771,0.91825,114036
USDCHF,2022-02-03,0.91825,0.92358,0.91769,0.9193,180987
USDCHF,2022-02-04,0.9193,0.92588,0.91903,0.92552,164668
USDCHF,2022-02-07,0.92378,0.9262,0.92215,0.92373,124894
USDCHF,2022-02-08,0.92373,0.92629,0.92242,0.92448,121739
USDCHF,2022-02-09,0.92448,0.92547,0.92217,0.92433,103863
USDCHF,2022-02-10,0.92433,0.92968,0.92268,0.92528,164807
USDCHF,2022-02-11,0.92528,0.9287,0.92363,0.92472,192935
USDCHF,2022-02-14,0.92472,0.92723,0.92366,0.92417,169790
USDCHF,2022-02-15,0.92417,0.92741,0.92266,0.92443,146041
USDCHF,2022-02-16,0.92443,0.9261,0.92063,0.92213,141304
USDCHF,2022-02-17,0.92213,0.92291,0.91884,0.92001,194044
USDCHF,2022-02-18,0.92001,0.92183,0.91915,0.92122,157795
USDCHF,2022-02-21,0.91998,0.92233,0.91502,0.91578,98204
USDCHF,2022-02-22,0.91578,0.92278,0.91513,0.92154,185066
USDCHF,2022-02-23,0.92154,0.92187,0.91683,0.91735,107325
USDCHF,2022-02-24,0.91735,0.92888,0.91711,0.92507,332095
USDCHF,2022-02-25,0.92507,0.92842,0.92287,0.92545,183062
USDCHF,2022-02-28,0.92658,0.92779,0.91662,0.91677,228197
USDCHF,2022-03-01,0.91677,0.92055,0.91501,0.91827,186856
USDCHF,2022-03-02,0.91827,0.92397,0.91663,0.92011,177829
USDCHF,2022-03-03,0.92011,0.92167,0.91707,0.91716,149446
USDCHF,2022-03-04,0.91716,0.92103,0.91627,0.91671,159340
USDCHF,2022-03-07,0.91648,0.92723,0.9162,0.92537,208430
USDCHF,2022-03-08,0.92537,0.93066,0.92484,0.92868,199592
USDCHF,2022-03-09,0.92868,0.93027,0.92502,0.92621,139927
USDCHF,2022-03-10,0.92621,0.9309,0.92549,0.9294,170430
USDCHF,2022-03-11,0.9294,0.93498,0.92864,0.9347,142178
USDCHF,2022-03-14,0.93303,0.93866,0.932,0.93865,121655
USDCHF,2022-03-15,0.93865,0.94315,0.93716,0.94112,136175
USDCHF,2022-03-16,0.94112,0.94601,0.93899,0.93997,162046
USDCHF,2022-03-17,0.93997,0.94303,0.93356,0.93692,119415
USDCHF,2022-03-18,0.93692,0.93825,0.93139,0.93161,99261
USDCHF,2022-03-21,0.93161,0.93524,0.9294,0.9336,112945
USDCHF,2022-03-22,0.9336,0.93756,0.93139,0.93268,117111
USDCHF,2022-03-23,0.93268,0.93575,0.93009,0.93046,111068
USDCHF,2022-03-24,0.93046,0.93441,0.92965,0.93016,117166
USDCHF,2022-03-25,0.93016,0.93137,0.92603,0.93042,113934
USDCHF,2022-03-28,0.9299,0.93814,0.92957,0.93345,152637
USDCHF,2022-03-29,0.93345,0.9374,0.92977,0.93068,171975
USDCHF,2022-03-30,0.93068,0.93136,0.922,0.92318,172135
USDCHF,2022-03-31,0.92318,0.9259,0.91947,0.92255,153977
USDCHF,2022-04-01,0.92255,0.92797,0.92152,0.92545,137151
USDCHF,2022-04-04,0.92545,0.9281,0.92422,0.92623,96944
USDCHF,2022-04-05,0.92623,0.92981,0.92374,0.92941,101010
USDCHF,2022-04-06,0.92941,0.93499,0.92899,0.93306,128034
USDCHF,2022-04-07,0.93306,0.93478,0.9311,0.93314,116042
USDCHF,2022-04-08,0.93314,0.93737,0.93271,0.93415,91407
USDCHF,2022-04-11,0.93154,0.9372,0.93036,0.93064,100654
USDCHF,2022-04-12,0.93064,0.93449,0.92867,0.93278,133427
USDCHF,2022-04-13,0.93278,0.93562,0.9314,0.93352,106666
USDCHF,2022-04-14,0.93352,0.94335,0.9324,0.94209,125816
USDCHF,2022-04-15,0.94209,0.94426,0.94108,0.94221,249307
USDCHF,2022-04-18,0.9432,0.94535,0.94167,0.94395,78762
USDCHF,2022-04-19,0.94395,0.95235,0.94324,0.95165,125070
USDCHF,2022-04-20,0.95165,0.95362,0.94542,0.94841,134059
USDCHF,2022-04-21,0.94841,0.9553,0.94568,0.95325,142520
USDCHF,2022-04-22,0.95325,0.95928,0.95286,0.95679,121833
USDCHF,2022-04-25,0.95548,0.95972,0.95467,0.95899,177120
USDCHF,2022-04-26,0.95899,0.96264,0.95639,0.96236,145049
USDCHF,2022-04-27,0.96236,0.97013,0.96142,0.96899,162905
USDCHF,2022-04-28,0.96899,0.9759,0.96697,0.97163,195498
USDCHF,2022-04-29,0.97163,0.97365,0.96708,0.97329,159758
USDCHF,2022-05-02,0.97329,0.97893,0.9713,0.97772,88858
USDCHF,2022-05-03,0.97772,0.97996,0.97203,0.97818,91315
USDCHF,2022-05-04,0.97818,0.98523,0.97204,0.97217,153166
USDCHF,2022-05-05,0.97217,0.989,0.97091,0.98463,160212
USDCHF,2022-05-06,0.98463,0.98921,0.98273,0.98843,155797
USDCHF,2022-05-09,0.98843,0.99657,0.98769,0.99381,154831
USDCHF,2022-05-10,0.99381,0.99751,0.99057,0.9954,156296
USDCHF,2022-05-11,0.9954,0.9964,0.98718,0.99403,199524
USDCHF,2022-05-12,0.99403,1.00492,0.99301,1.00278,185978
USDCHF,2022-05-13,1.00278,1.00468,0.99921,1.00131,152472
USDCHF,2022-05-16,1.00131,1.00643,1.00072,1.00176,148269
USDCHF,2022-05-17,1.00176,1.00237,0.99181,0.99278,170027
USDCHF,2022-05-18,0.99278,0.99847,0.98602,0.98736,143042
USDCHF,2022-05-19,0.98736,0.98853,0.9697,0.97263,182799
USDCHF,2022-05-20,0.97263,0.97641,0.96942,0.97449,171605
USDCHF,2022-05-23,0.97427,0.97512,0.96268,0.96512,149414
USDCHF,2022-05-24,0.96512,0.967,0.95738,0.95929,170529
USDCHF,2022-05-25,0.95929,0.96423,0.95869,0.96098,174621
USDCHF,2022-05-26,0.96098,0.96326,0.95825,0.95882,167307
USDCHF,2022-05-27,0.95882,0.96027,0.95448,0.95707,145943
USDCHF,2022-05-30,0.95707,0.96064,0.9553,0.95678,113181
USDCHF,2022-05-31,0.95678,0.96202,0.95638,0.95913,173988
USDCHF,2022-06-01,0.95913,0.96589,0.95825,0.96208,153081
USDCHF,2022-06-02,0.96208,0.96365,0.95717,0.95727,150108
USDCHF,2022-06-03,0.95727,0.96429,0.95564,0.96248,134273
USDCHF,2022-06-06,0.96248,0.97144,0.96055,0.9708,120114
USDCHF,2022-06-07,0.9708,0.97791,0.96995,0.97184,158270
USDCHF,2022-06-08,0.97184,0.9789,0.97156,0.9784,151029
USDCHF,2022-06-09,0.9784,0.98173,0.97242,0.98004,175383
USDCHF,2022-06-10,0.98004,0.98981,0.9766,0.98731,205004
USDCHF,2022-06-13,0.98731,0.99944,0.98731,0.99706,243466
USDCHF,2022-06-14,0.99706,1.00371,0.98734,1.00155,269479
USDCHF,2022-06-15,1.00155,1.00499,0.99311,0.99362,372506
USDCHF,2022-06-16,0.99362,0.99893,0.96288,0.96573,692828
USDCHF,2022-06-17,0.96573,0.97324,0.96191,0.9695,318226
USDCHF,2022-06-20,0.97065,0.97122,0.96219,0.96676,220969
USDCHF,2022-06-21,0.96676,0.96838,0.96321,0.96586,220981
USDCHF,2022-06-22,0.96586,0.96895,0.95807,0.96084,253923
USDCHF,2022-06-23,0.96084,0.96785,0.95666,0.96016,282658
USDCHF,2022-06-24,0.96016,0.96324,0.95219,0.95826,251695
USDCHF,2022-06-27,0.95826,0.96201,0.95431,0.95564,214585
USDCHF,2022-06-28,0.95564,0.95868,0.95333,0.95716,233224
USDCHF,2022-06-29,0.95716,0.9578,0.94951,0.95419,263067
USDCHF,2022-06-30,0.95419,0.96059,0.95297,0.95416,262575
USDCHF,2022-07-01,0.95416,0.96417,0.95416,0.95916,271509
USDCHF,2022-07-04,0.95916,0.96175,0.95603,0.96056,162662
USDCHF,2022-07-05,0.96056,0.97044,0.95926,0.96799,241957
USDCHF,2022-07-06,0.96799,0.97436,0.96711,0.97036,283582
USDCHF,2022-07-07,0.97036,0.97486,0.96817,0.97336,236609
USDCHF,2022-07-08,0.97336,0.97971,0.9722,0.9762,249320
USDCHF,2022-07-11,0.97584,0.98431,0.97584,0.98268,229215
USDCHF,2022-07-12,0.98268,0.98588,0.98038,0.98172,257093
USDCHF,2022-07-13,0.98172,0.98302,0.9755,0.97865,304014
USDCHF,2022-07-14,0.97865,0.9886,0.97761,0.98262,316452
USDCHF,2022-07-15,0.98262,0.98414,0.97562,0.97593,224212
USDCHF,2022-07-18,0.97639,0.97899,0.97309,0.97729,217403
USDCHF,2022-07-19,0.97729,0.97867,0.9654,0.96787,235201
USDCHF,2022-07-20,0.96787,0.97361,0.96728,0.97063,223906
USDCHF,2022-07-21,0.97063,0.97393,0.96637,0.96655,289210
USDCHF,2022-07-22,0.96655,0.97039,0.95997,0.96111,253440
USDCHF,2022-07-25,0.96111,0.96605,0.96043,0.96429,197698
USDCHF,2022-07-26,0.96429,0.96675,0.96155,0.96258,174060
USDCHF,2022-07-27,0.96258,0.96591,0.95837,0.95895,214676
USDCHF,2022-07-28,0.95895,0.96321,0.95399,0.95399,250793
USDCHF,2022-07-29,0.95399,0.95938,0.95017,0.95098,236749
USDCHF,2022-08-01,0.95284,0.95346,0.9482,0.94876,193994
USDCHF,2022-08-02,0.94876,0.95748,0.947,0.95711,248315
USDCHF,2022-08-03,0.95711,0.96515,0.9542,0.96039,222941
USDCHF,2022-08-04,0.96039,0.9623,0.95425,0.95439,177187
USDCHF,2022-08-05,0.95439,0.96499,0.95379,0.96162,197869
USDCHF,2022-08-08,0.96162,0.96351,0.95219,0.95455,154732
USDCHF,2022-08-09,0.95455,0.95563,0.95111,0.95287,134226
USDCHF,2022-08-10,0.95287,0.95452,0.93933,0.94241,191299
USDCHF,2022-08-11,0.94241,0.94459,0.93706,0.94093,188257
USDCHF,2022-08-12,0.94093,0.94504,0.94046,0.94112,157641
USDCHF,2022-08-15,0.94046,0.9471,0.9403,0.94496,149200
USDCHF,2022-08-16,0.94496,0.95141,0.94452,0.94925,168185
USDCHF,2022-08-17,0.94925,0.95435,0.94829,0.95164,194020
USDCHF,2022-08-18,0.95164,0.95712,0.94978,0.95603,175728
USDCHF,2022-08-19,0.95603,0.95984,0.95531,0.95871,153441
USDCHF,2022-08-22,0.95805,0.96587,0.95737,0.96372,170759
USDCHF,2022-08-23,0.96372,0.96924,0.9603,0.96339,200087
USDCHF,2022-08-24,0.96339,0.96877,0.96076,0.96638,185941
USDCHF,2022-08-25,0.96638,0.96712,0.96129,0.96318,189554
USDCHF,2022-08-26,0.96318,0.96693,0.95773,0.96584,198945
USDCHF,2022-08-29,0.96526,0.97078,0.96465,0.96737,187024
USDCHF,2022-08-30,0.96737,0.97621,0.96657,0.97359,212469
USDCHF,2022-08-31,0.97359,0.98072,0.97265,0.97764,202902
USDCHF,2022-09-01,0.97764,0.98606,0.97439,0.98112,226979
USDCHF,2022-09-02,0.98112,0.98591,0.97831,0.98034,203076
USDCHF,2022-09-05,0.98182,0.98374,0.97909,0.97951,169354
USDCHF,2022-09-06,0.97951,0.98613,0.97654,0.98325,258897
USDCHF,2022-09-07,0.98325,0.98697,0.97611,0.9764,219945
USDCHF,2022-09-08,0.9764,0.97822,0.97017,0.97034,278933
USDCHF,2022-09-09,0.97034,0.97059,0.95473,0.95997,221415
USDCHF,2022-09-12,0.95841,0.96094,0.95087,0.9532,239743
USDCHF,2022-09-13,0.9532,0.9633,0.94797,0.96099,239214
USDCHF,2022-09-14,0.96099,0.96365,0.9589,0.96165,275449
USDCHF,2022-09-15,0.96165,0.96421,0.95562,0.96119,179100
USDCHF,2022-09-16,0.96119,0.96612,0.95999,0.96418,227732
USDCHF,2022-09-19,0.96347,0.96955,0.96257,0.96383,159291
USDCHF,2022-09-20,0.96383,0.96824,0.96226,0.96388,244040
USDCHF,2022-09-21,0.96388,0.97,0.96201,0.96609,303664
USDCHF,2022-09-22,0.96609,0.98502,0.96203,0.97651,417507
USDCHF,2022-09-23,0.97651,0.98399,0.97555,0.98074,293067
USDCHF,2022-09-26,0.9824,0.99658,0.97885,0.99317,456889
USDCHF,2022-09-27,0.99317,0.9943,0.98491,0.9914,354545
USDCHF,2022-09-28,0.9914,0.99658,0.97455,0.97529,452591
USDCHF,2022-09-29,0.97529,0.98557,0.97424,0.97531,377646
USDCHF,2022-09-30,0.97531,0.98769,0.97375,0.98707,418539
USDCHF,2022-10-03,0.98445,0.99501,0.98322,0.99219,343927
USDCHF,2022-10-04,0.99219,0.99415,0.97843,0.97881,342936
USDCHF,2022-10-05,0.97881,0.98889,0.9785,0.98324,294861
USDCHF,2022-10-06,0.98324,0.99135,0.97804,0.99026,297332
USDCHF,2022-10-07,0.99026,0.99534,0.98785,0.99453,271347
USDCHF,2022-10-10,0.99296,1.00105,0.99296,0.99953,221093
USDCHF,2022-10-11,0.99953,1.00211,0.99157,0.99681,287835
USDCHF,2022-10-12,0.99681,1.00042,0.99306,0.99717,285472
USDCHF,2022-10-13,0.99717,1.00739,0.996,1.00052,324496
USDCHF,2022-10-14,1.00052,1.00661,0.99643,1.00545,305815
USDCHF,2022-10-17,1.00457,1.00543,0.99432,0.99516,238394
USDCHF,2022-10-18,0.99516,0.99787,0.99185,0.99324,246340
USDCHF,2022-10-19,0.99324,1.00629,0.99287,1.00346,249428
USDCHF,2022-10-20,1.00346,1.00687,0.99945,1.00277,259899
USDCHF,2022-10-21,1.00277,1.01478,0.9961,0.99767,390651
USDCHF,2022-10-24,0.99526,1.00316,0.99424,1.00048,355900
USDCHF,2022-10-25,1.00048,1.00316,0.99394,0.99427,279299
USDCHF,2022-10-26,0.99427,0.99624,0.98523,0.98587,298188
USDCHF,2022-10-27,0.98587,0.99278,0.98413,0.9907,317301
USDCHF,2022-10-28,0.9907,0.99798,0.98827,0.99562,279890
USDCHF,2022-10-31,0.99562,1.00325,0.99535,1.00068,230049
USDCHF,2022-11-01,1.00068,1.00206,0.9915,0.99952,253353
USDCHF,2022-11-02,0.99952,1.00405,0.99105,1.00274,298908
USDCHF,2022-11-03,1.00274,1.01474,1.00039,1.01256,254103
USDCHF,2022-11-04,1.01256,1.01443,0.99297,0.99357,291529
USDCHF,2022-11-07,0.9983,0.99854,0.98737,0.98753,248851
USDCHF,2022-11-08,0.98753,0.99268,0.98369,0.98458,224306
USDCHF,2022-11-09,0.98458,0.9874,0.97999,0.98319,277850
USDCHF,2022-11-10,0.98319,0.98992,0.96246,0.96313,359211
USDCHF,2022-11-11,0.96313,0.96819,0.93973,0.94101,323223
USDCHF,2022-11-14,0.9412,0.9489,0.9405,0.94263,270584
USDCHF,2022-11-15,0.94263,0.94755,0.9356,0.94365,389989
USDCHF,2022-11-16,0.94365,0.94695,0.93858,0.94378,296607
USDCHF,2022-11-17,0.94378,0.95573,0.94329,0.95123,260367
USDCHF,2022-11-18,0.95123,0.95491,0.94981,0.95433,222587
USDCHF,2022-11-21,0.95328,0.95986,0.95301,0.9591,216714
USDCHF,2022-11-22,0.9591,0.9591,0.95091,0.95193,233089
USDCHF,2022-11-23,0.95193,0.95334,0.94121,0.94256,233991
USDCHF,2022-11-24,0.94256,0.94457,0.93872,0.94317,176534
USDCHF,2022-11-25,0.94317,0.95,0.94227,0.94556,225074
USDCHF,2022-11-28,0.9461,0.9498,0.9405,0.94888,277520
USDCHF,2022-11-29,0.94888,0.95452,0.94602,0.95388,283473
USDCHF,2022-11-30,0.95388,0.95474,0.94315,0.94538,314207
USDCHF,2022-12-01,0.94538,0.94605,0.93653,0.93708,295248
USDCHF,2022-12-02,0.93708,0.94392,0.93263,0.9367,272001
USDCHF,2022-12-05,0.93808,0.94354,0.93305,0.94268,234283
USDCHF,2022-12-06,0.94268,0.94558,0.93805,0.94188,237968
USDCHF,2022-12-07,0.94188,0.94377,0.93633,0.94058,267187
USDCHF,2022-12-08,0.94058,0.94266,0.93435,0.93637,220005
USDCHF,2022-12-09,0.93637,0.93818,0.93119,0.93463,237460
USDCHF,2022-12-12,0.93463,0.938,0.93133,0.93616,196356
USDCHF,2022-12-13,0.93616,0.9375,0.92313,0.92863,290307
USDCHF,2022-12-14,0.92863,0.92974,0.92146,0.92442,328027
USDCHF,2022-12-15,0.92442,0.93171,0.92311,0.92849,306608
USDCHF,2022-12-16,0.92849,0.93422,0.92537,0.93402,243918
USDCHF,2022-12-19,0.93283,0.93473,0.92837,0.9288,180791
USDCHF,2022-12-20,0.9288,0.93075,0.92416,0.92627,307875
USDCHF,2022-12-21,0.92627,0.92892,0.92385,0.92671,237719
USDCHF,2022-12-22,0.92671,0.93214,0.92266,0.93093,216360
USDCHF,2022-12-23,0.93093,0.93447,0.92837,0.93276,237878
USDCHF,2022-12-26,0.93276,0.93408,0.93054,0.93104,25460
USDCHF,2022-12-27,0.93104,0.93293,0.92697,0.92813,196556
USDCHF,2022-12-28,0.92813,0.93071,0.92449,0.9285,184714
USDCHF,2022-12-29,0.9285,0.92879,0.92101,0.92282,156401
USDCHF,2022-12-30,0.92282,0.92682,0.91998,0.92415,193429
USDCHF,2023-01-02,0.92415,0.92582,0.92086,0.92421,147780
USDCHF,2023-01-03,0.92421,0.93986,0.92274,0.93539,264328
USDCHF,2023-01-04,0.93539,0.93666,0.9253,0.9291,252991
USDCHF,2023-01-05,0.9291,0.93778,0.92604,0.93557,237778
USDCHF,2023-01-06,0.93557,0.94089,0.92667,0.92687,256624
USDCHF,2023-01-09,0.92748,0.92921,0.9167,0.92109,222240
USDCHF,2023-01-10,0.92109,0.92523,0.91948,0.92218,243282
USDCHF,2023-01-11,0.92218,0.93315,0.92044,0.93079,215657
USDCHF,2023-01-12,0.93079,0.93609,0.92656,0.92673,330166
USDCHF,2023-01-13,0.92673,0.93169,0.92558,0.92635,232011
USDCHF,2023-01-16,0.92668,0.92885,0.92186,0.92562,188197
USDCHF,2023-01-17,0.92562,0.92759,0.91873,0.92193,250800
USDCHF,2023-01-18,0.92193,0.92456,0.90852,0.91584,320013
USDCHF,2023-01-19,0.91584,0.91894,0.91472,0.91545,251450
USDCHF,2023-01-20,0.91545,0.92346,0.91412,0.92011,201127
USDCHF,2023-01-23,0.91863,0.92411,0.91598,0.92164,222340
USDCHF,2023-01-24,0.92164,0.92794,0.91923,0.92195,214657
USDCHF,2023-01-25,0.92195,0.92453,0.9172,0.91764,229126
USDCHF,2023-01-26,0.91764,0.92254,0.91581,0.91985,225999
USDCHF,2023-01-27,0.91985,0.92399,0.91898,0.92069,200599
USDCHF,2023-01-30,0.92,0.92568,0.91822,0.92435,193618
USDCHF,2023-01-31,0.92435,0.92882,0.91505,0.91532,229350
USDCHF,2023-02-01,0.91532,0.91828,0.90698,0.90787,256249
USDCHF,2023-02-02,0.90787,0.91394,0.90591,0.91313,282301
USDCHF,2023-02-03,0.91313,0.92693,0.91121,0.92582,252642
USDCHF,2023-02-06,0.9271,0.92906,0.9227,0.9282,224067
USDCHF,2023-02-07,0.9282,0.92899,0.91916,0.92162,294592
USDCHF,2023-02-08,0.92162,0.92235,0.91781,0.92091,206843
USDCHF,2023-02-09,0.92091,0.92286,0.91603,0.922,210178
USDCHF,2023-02-10,0.922,0.9253,0.91979,0.92331,226447
USDCHF,2023-02-13,0.92331,0.92598,0.91905,0.91914,174961
USDCHF,2023-02-14,0.91914,0.92341,0.91359,0.9212,327285
USDCHF,2023-02-15,0.9212,0.92624,0.92029,0.9236,262862
USDCHF,2023-02-16,0.9236,0.92719,0.92139,0.92527,255037
USDCHF,2023-02-17,0.92527,0.93318,0.92392,0.92413,230509
USDCHF,2023-02-20,0.92595,0.9262,0.92202,0.92292,190757
USDCHF,2023-02-21,0.92292,0.92828,0.92244,0.92761,220146
USDCHF,2023-02-22,0.92761,0.93187,0.92529,0.93121,233724
USDCHF,2023-02-23,0.93121,0.93489,0.92898,0.93393,204720
USDCHF,2023-02-24,0.93393,0.94122,0.93257,0.94078,219400
USDCHF,2023-02-27,0.93949,0.9429,0.93441,0.93575,175066
USDCHF,2023-02-28,0.93575,0.94232,0.93412,0.94213,186893
USDCHF,2023-03-01,0.94213,0.94286,0.93503,0.9395,213049
USDCHF,2023-03-02,0.9395,0.94401,0.93811,0.94235,203108
USDCHF,2023-03-03,0.94235,0.94236,0.93583,0.93588,191534
USDCHF,2023-03-06,0.93576,0.93729,0.93039,0.93066,175691
USDCHF,2023-03-07,0.93066,0.94247,0.92856,0.94191,223214
USDCHF,2023-03-08,0.94191,0.94386,0.93884,0.94132,197598
USDCHF,2023-03-09,0.94132,0.9416,0.93221,0.93221,170648
USDCHF,2023-03-10,0.93221,0.9333,0.91745,0.92117,297753
USDCHF,2023-03-13,0.91832,0.92051,0.90708,0.91106,443856
USDCHF,2023-03-14,0.91106,0.91643,0.90949,0.91414,337681
USDCHF,2023-03-15,0.91414,0.9338,0.91221,0.93272,470145
USDCHF,2023-03-16,0.93272,0.934,0.92292,0.92921,408168
USDCHF,2023-03-17,0.92921,0.9301,0.92393,0.92544,304185
USDCHF,2023-03-20,0.92672,0.93119,0.924,0.92866,262823
USDCHF,2023-03-21,0.92866,0.9317,0.92089,0.92225,243830
USDCHF,2023-03-22,0.92225,0.92456,0.91471,0.91735,254527
USDCHF,2023-03-23,0.91735,0.91803,0.91182,0.9163,265393
USDCHF,2023-03-24,0.9163,0.92168,0.91527,0.9198,276472
USDCHF,2023-03-27,0.91812,0.91996,0.91539,0.91551,222655
USDCHF,2023-03-28,0.91551,0.92226,0.91368,0.91921,187630
USDCHF,2023-03-29,0.91921,0.92229,0.91646,0.91843,192511
USDCHF,2023-03-30,0.91843,0.92002,0.91258,0.91262,189485
USDCHF,2023-03-31,0.91262,0.91777,0.91154,0.91493,216507
USDCHF,2023-04-03,0.91493,0.91961,0.91149,0.91231,221870
USDCHF,2023-04-04,0.91231,0.91429,0.90547,0.90557,204108
USDCHF,2023-04-05,0.90557,0.9076,0.90056,0.90657,174195
USDCHF,2023-04-06,0.90657,0.9075,0.90358,0.90454,148598
USDCHF,2023-04-07,0.90454,0.90812,0.90337,0.90493,151039
USDCHF,2023-04-10,0.90417,0.91202,0.90359,0.90933,147848
USDCHF,2023-04-11,0.90933,0.90958,0.90277,0.90324,154495
USDCHF,2023-04-12,0.90324,0.90349,0.89435,0.89591,172965
USDCHF,2023-04-13,0.89591,0.89748,0.88595,0.88914,166958
USDCHF,2023-04-14,0.88914,0.89589,0.88664,0.89355,165677
USDCHF,2023-04-17,0.89385,0.89964,0.89216,0.89851,145814
USDCHF,2023-04-18,0.89851,0.89875,0.89544,0.89593,143319
USDCHF,2023-04-19,0.89593,0.9003,0.89554,0.89746,148714
USDCHF,2023-04-20,0.89746,0.89832,0.89194,0.89194,150616
USDCHF,2023-04-21,0.89194,0.8954,0.89078,0.89211,165059
USDCHF,2023-04-24,0.89189,0.8928,0.88758,0.8876,135119
USDCHF,2023-04-25,0.8876,0.89275,0.88605,0.89187,158170
USDCHF,2023-04-26,0.89187,0.89257,0.88515,0.89092,190930
USDCHF,2023-04-27,0.89092,0.89762,0.89003,0.89376,179673
USDCHF,2023-04-28,0.89376,0.8975,0.88956,0.8942,215731
USDCHF,2023-05-01,0.8942,0.89668,0.89149,0.89532,160472
USDCHF,2023-05-02,0.89532,0.89949,0.89241,0.89313,178305
USDCHF,2023-05-03,0.89313,0.89317,0.88318,0.88375,204404
USDCHF,2023-05-04,0.88375,0.8891,0.88199,0.88554,247132
USDCHF,2023-05-05,0.88554,0.89734,0.88341,0.89061,185776
USDCHF,2023-05-08,0.88967,0.89127,0.88676,0.88945,137604
USDCHF,2023-05-09,0.88945,0.89428,0.88865,0.89043,155875
USDCHF,2023-05-10,0.89043,0.89271,0.88682,0.88963,187680
USDCHF,2023-05-11,0.88963,0.89578,0.88866,0.89423,179960
USDCHF,2023-05-12,0.89423,0.89877,0.88971,0.89824,155333
USDCHF,2023-05-15,0.89824,0.89877,0.89425,0.89562,151829
USDCHF,2023-05-16,0.89562,0.89704,0.89196,0.89628,185184
USDCHF,2023-05-17,0.89628,0.90252,0.89492,0.89802,177566
USDCHF,2023-05-18,0.89802,0.90625,0.8975,0.9051,172018
USDCHF,2023-05-19,0.9051,0.90589,0.89744,0.89925,197038
USDCHF,2023-05-22,0.89844,0.89973,0.89407,0.89778,185710
USDCHF,2023-05-23,0.89778,0.90295,0.8975,0.90127,176643
USDCHF,2023-05-24,0.90127,0.9067,0.90047,0.90503,180700
USDCHF,2023-05-25,0.90503,0.90734,0.90372,0.90559,184398
USDCHF,2023-05-26,0.90559,0.90744,0.90185,0.90485,172148
USDCHF,2023-05-29,0.90469,0.90622,0.90273,0.90386,100729
USDCHF,2023-05-30,0.90386,0.90842,0.90141,0.90577,178399
USDCHF,2023-05-31,0.90577,0.91475,0.90544,0.91054,179343
USDCHF,2023-06-01,0.91054,0.91139,0.90537,0.90544,173557
USDCHF,2023-06-02,0.90544,0.90917,0.90347,0.90873,176776
USDCHF,2023-06-05,0.9074,0.91196,0.90523,0.9061,155493
USDCHF,2023-06-06,0.9061,0.90981,0.90329,0.90755,144460
USDCHF,2023-06-07,0.90755,0.91071,0.9043,0.90988,147064
USDCHF,2023-06-08,0.90988,0.91075,0.8989,0.89894,163957
USDCHF,2023-06-09,0.89894,0.90392,0.89804,0.90308,139280
USDCHF,2023-06-12,0.90174,0.91092,0.90155,0.90893,142086
USDCHF,2023-06-13,0.90893,0.90893,0.90319,0.9051,182898
USDCHF,2023-06-14,0.9051,0.90603,0.89656,0.90097,170108
USDCHF,2023-06-15,0.90097,0.90561,0.89073,0.89171,140559
USDCHF,2023-06-16,0.89171,0.89491,0.89018,0.89359,169447
USDCHF,2023-06-19,0.89359,0.89752,0.89306,0.89535,153032
USDCHF,2023-06-20,0.89535,0.9001,0.89509,0.89777,188025
USDCHF,2023-06-21,0.89777,0.89979,0.89197,0.89303,209597
USDCHF,2023-06-22,0.89303,0.89728,0.8906,0.89465,231573
USDCHF,2023-06-23,0.89465,0.90128,0.89425,0.8968,226162
USDCHF,2023-06-26,0.89603,0.89682,0.89114,0.8956,168832
USDCHF,2023-06-27,0.8956,0.89702,0.89238,0.89358,191423
USDCHF,2023-06-28,0.89358,0.89869,0.89227,0.89682,206784
USDCHF,2023-06-29,0.89682,0.90018,0.89431,0.89925,196502
USDCHF,2023-06-30,0.89925,0.90166,0.89349,0.895,203356
USDCHF,2023-07-03,0.895,0.90042,0.8937,0.89613,150324
USDCHF,2023-07-04,0.89613,0.89747,0.89458,0.89699,125091
USDCHF,2023-07-05,0.89699,0.89948,0.89574,0.89869,158792
USDCHF,2023-07-06,0.89869,0.89977,0.89509,0.89519,212721
USDCHF,2023-07-07,0.89519,0.89703,0.88758,0.88915,193982
USDCHF,2023-07-10,0.88835,0.89179,0.88519,0.88522,157170
USDCHF,2023-07-11,0.88522,0.88564,0.87928,0.87929,154556
USDCHF,2023-07-12,0.87929,0.87943,0.8659,0.86692,208928
USDCHF,2023-07-13,0.86692,0.86735,0.85824,0.85866,192601
USDCHF,2023-07-14,0.85866,0.86313,0.8566,0.86189,179191
USDCHF,2023-07-17,0.86189,0.86305,0.85782,0.8602,137622
USDCHF,2023-07-18,0.8602,0.86072,0.85547,0.85709,196342
USDCHF,2023-07-19,0.85709,0.86135,0.85669,0.85788,196967
USDCHF,2023-07-20,0.85788,0.86843,0.85607,0.86663,190301
USDCHF,2023-07-21,0.86663,0.86723,0.86405,0.8657,167926
USDCHF,2023-07-24,0.8657,0.87,0.86374,0.86966,194773
USDCHF,2023-07-25,0.86966,0.87007,0.86346,0.86346,162034
USDCHF,2023-07-26,0.86346,0.86562,0.8597,0.86074,208338
USDCHF,2023-07-27,0.86074,0.86987,0.85519,0.86882,251219
USDCHF,2023-07-28,0.86882,0.87364,0.86605,0.87025,273557
USDCHF,2023-07-31,0.87025,0.87298,0.86648,0.87176,187851
USDCHF,2023-08-01,0.87176,0.87779,0.87005,0.87509,187630
USDCHF,2023-08-02,0.87509,0.88055,0.87139,0.87744,224438
USDCHF,2023-08-03,0.87744,0.87985,0.8733,0.87397,239808
USDCHF,2023-08-04,0.87397,0.87825,0.8699,0.87247,198011
USDCHF,2023-08-07,0.87247,0.87737,0.87147,0.87274,166736
USDCHF,2023-08-08,0.87274,0.87829,0.87189,0.87551,182834
USDCHF,2023-08-09,0.87551,0.87828,0.87317,0.87713,173081
USDCHF,2023-08-10,0.87713,0.87766,0.86898,0.87647,223167
USDCHF,2023-08-11,0.87647,0.87807,0.87328,0.87623,184253
USDCHF,2023-08-14,0.87623,0.88275,0.87508,0.87823,198898
USDCHF,2023-08-15,0.87823,0.87962,0.8744,0.87841,214980
USDCHF,2023-08-16,0.87841,0.88141,0.87741,0.87991,208111
USDCHF,2023-08-17,0.87991,0.88097,0.87596,0.87836,223295
USDCHF,2023-08-18,0.87836,0.88272,0.87653,0.8822,175625
USDCHF,2023-08-21,0.88095,0.88279,0.878,0.87848,159921
USDCHF,2023-08-22,0.87848,0.88092,0.87645,0.88038,175352
USDCHF,2023-08-23,0.88038,0.88172,0.87739,0.87783,212434
USDCHF,2023-08-24,0.87783,0.88515,0.87597,0.88434,202889
USDCHF,2023-08-25,0.88434,0.88759,0.88214,0.88432,210272
USDCHF,2023-08-28,0.88635,0.88635,0.88177,0.88381,161850
USDCHF,2023-08-29,0.88381,0.88589,0.87748,0.8783,195595
USDCHF,2023-08-30,0.8783,0.88033,0.87449,0.87842,220433
USDCHF,2023-08-31,0.87842,0.88456,0.87712,0.88333,200891
USDCHF,2023-09-01,0.88333,0.88636,0.87948,0.88562,204721
USDCHF,2023-09-04,0.88476,0.8858,0.88324,0.88368,113487
USDCHF,2023-09-05,0.88368,0.89032,0.88324,0.88937,168880
USDCHF,2023-09-06,0.88937,0.89449,0.8881,0.89109,158184
USDCHF,2023-09-07,0.89109,0.89404,0.89075,0.89264,155700
USDCHF,2023-09-08,0.89264,0.89364,0.88948,0.89287,155856
USDCHF,2023-09-11,0.88932,0.89263,0.88932,0.89076,172856
USDCHF,2023-09-12,0.89076,0.89341,0.88996,0.89125,142084
USDCHF,2023-09-13,0.89125,0.89531,0.8897,0.8936,187991
USDCHF,2023-09-14,0.8936,0.89707,0.89143,0.89557,202328
USDCHF,2023-09-15,0.89557,0.89776,0.89449,0.8976,168191
USDCHF,2023-09-18,0.8949,0.89825,0.8949,0.89696,116427
USDCHF,2023-09-19,0.89696,0.89841,0.89477,0.89766,141833
USDCHF,2023-09-20,0.89766,0.89956,0.89319,0.89859,190678
USDCHF,2023-09-21,0.89859,0.90783,0.89797,0.90447,239241
USDCHF,2023-09-22,0.90447,0.9075,0.90274,0.90683,161673
USDCHF,2023-09-25,0.90555,0.91353,0.9054,0.91192,168423
USDCHF,2023-09-26,0.91192,0.91591,0.91105,0.91568,183449
USDCHF,2023-09-27,0.91568,0.92252,0.91364,0.92125,191627
USDCHF,2023-09-28,0.92125,0.92166,0.9147,0.91487,221933
USDCHF,2023-09-29,0.91487,0.91633,0.9091,0.91494,230291
USDCHF,2023-10-02,0.91386,0.91945,0.91104,0.91821,192271
USDCHF,2023-10-03,0.91821,0.9245,0.91734,0.92085,272523
USDCHF,2023-10-04,0.92085,0.92324,0.91438,0.91718,240728
USDCHF,2023-10-05,0.91718,0.91821,0.91211,0.91226,215012
USDCHF,2023-10-06,0.91226,0.91757,0.9073,0.90962,256896
USDCHF,2023-10-09,0.9089,0.91236,0.90495,0.90653,211260
USDCHF,2023-10-10,0.90653,0.90828,0.9034,0.90429,228127
USDCHF,2023-10-11,0.90429,0.90545,0.90017,0.90187,231608
USDCHF,2023-10-12,0.90187,0.9088,0.89866,0.90835,211878
USDCHF,2023-10-13,0.90835,0.90872,0.90023,0.90231,198646
USDCHF,2023-10-16,0.90098,0.90423,0.89956,0.89989,156898
USDCHF,2023-10-17,0.89989,0.9032,0.89876,0.90012,173863
USDCHF,2023-10-18,0.90012,0.90087,0.89543,0.89875,206470
USDCHF,2023-10-19,0.89875,0.90017,0.89089,0.89107,210691
USDCHF,2023-10-20,0.89107,0.8935,0.89019,0.89219,184158
USDCHF,2023-10-23,0.89151,0.89572,0.89054,0.89102,172931
USDCHF,2023-10-24,0.89102,0.89518,0.88878,0.89312,184875
USDCHF,2023-10-25,0.89312,0.89692,0.89206,0.89675,159904
USDCHF,2023-10-26,0.89675,0.90049,0.89616,0.89872,211868
USDCHF,2023-10-27,0.89872,0.90346,0.89748,0.90244,187664
USDCHF,2023-10-30,0.90049,0.90486,0.9003,0.90192,154672
USDCHF,2023-10-31,0.90192,0.91064,0.90096,0.91041,189736
USDCHF,2023-11-01,0.91041,0.91123,0.90704,0.90773,234366
USDCHF,2023-11-02,0.90773,0.90781,0.90176,0.90586,179694
USDCHF,2023-11-03,0.90586,0.90741,0.8965,0.89814,179316
USDCHF,2023-11-06,0.89796,0.89965,0.89532,0.89929,149359
USDCHF,2023-11-07,0.89929,0.90187,0.89826,0.90003,154480
USDCHF,2023-11-08,0.90003,0.90241,0.89765,0.89924,142397
USDCHF,2023-11-09,0.89924,0.9041,0.89803,0.9028,162136
USDCHF,2023-11-10,0.9028,0.90459,0.9002,0.90065,134966
USDCHF,2023-11-13,0.90147,0.90522,0.90071,0.90158,125164
USDCHF,2023-11-14,0.90158,0.90272,0.88797,0.88897,162512
USDCHF,2023-11-15,0.88897,0.8903,0.8854,0.88788,160183
USDCHF,2023-11-16,0.88788,0.89,0.88542,0.88868,153480
USDCHF,2023-11-17,0.88868,0.88939,0.88442,0.88442,153730
USDCHF,2023-11-20,0.88528,0.88658,0.8826,0.88491,141704
USDCHF,2023-11-21,0.88491,0.88491,0.88193,0.88358,152163
USDCHF,2023-11-22,0.88358,0.88745,0.882,0.88381,150944
USDCHF,2023-11-23,0.88381,0.88493,0.8817,0.88388,114491
USDCHF,2023-11-24,0.88388,0.88487,0.88073,0.88125,151606
USDCHF,2023-11-27,0.88153,0.88281,0.87936,0.88029,129141
USDCHF,2023-11-28,0.88029,0.8819,0.87612,0.878,174968
USDCHF,2023-11-29,0.878,0.87839,0.87202,0.87384,182958
USDCHF,2023-11-30,0.87384,0.87706,0.86841,0.87513,209327
USDCHF,2023-12-01,0.87513,0.87683,0.86792,0.86888,198281
USDCHF,2023-12-04,0.86953,0.87553,0.86662,0.87269,204935
USDCHF,2023-12-05,0.87269,0.87662,0.87143,0.87491,187770
USDCHF,2023-12-06,0.87491,0.876,0.87288,0.87473,168797
USDCHF,2023-12-07,0.87473,0.8782,0.87277,0.8747,209172
USDCHF,2023-12-08,0.8747,0.88206,0.87411,0.87926,217688
USDCHF,2023-12-11,0.88004,0.88162,0.87789,0.87833,158485
USDCHF,2023-12-12,0.87833,0.87867,0.87209,0.87533,175387
USDCHF,2023-12-13,0.87533,0.87801,0.86901,0.87158,233757
USDCHF,2023-12-14,0.87158,0.87318,0.86303,0.86741,280514
USDCHF,2023-12-15,0.86741,0.87113,0.86521,0.87011,209347
USDCHF,2023-12-18,0.86861,0.87115,0.86663,0.86708,159640
USDCHF,2023-12-19,0.86708,0.86771,0.85927,0.86093,174475
USDCHF,2023-12-20,0.86093,0.8651,0.85918,0.8627,152018
USDCHF,2023-12-21,0.8627,0.86325,0.85604,0.85616,190842
USDCHF,2023-12-22,0.85616,0.85734,0.85136,0.85525,195855
USDCHF,2023-12-25,0.85507,0.8581,0.85453,0.85507,0
USDCHF,2023-12-26,0.85525,0.85798,0.85312,0.8536,89873
USDCHF,2023-12-27,0.8536,0.85489,0.84083,0.84259,134884
USDCHF,2023-12-28,0.84259,0.8451,0.83321,0.84477,179602
USDCHF,2023-12-29,0.84477,0.84484,0.83562,0.84141,199238
USDCHF,2024-01-01,0.84076,0.8419,0.84076,0.84076,0
USDCHF,2024-01-02,0.8405,0.85069,0.8405,0.8503,170739
USDCHF,2024-01-03,0.8503,0.85543,0.84883,0.84907,224572
USDCHF,2024-01-04,0.84907,0.85287,0.8477,0.85025,199266
USDCHF,2024-01-05,0.85025,0.85764,0.84549,0.8501,246811
USDCHF,2024-01-08,0.8501,0.8521,0.84598,0.84801,172102
USDCHF,2024-01-09,0.84801,0.85322,0.84643,0.85228,156635
USDCHF,2024-01-10,0.85228,0.85351,0.85067,0.85077,149923
USDCHF,2024-01-11,0.85077,0.85664,0.84906,0.85189,215565
USDCHF,2024-01-12,0.85189,0.85508,0.8488,0.85224,215761
USDCHF,2024-01-15,0.85233,0.85622,0.8514,0.85576,110418
USDCHF,2024-01-16,0.85576,0.86194,0.85509,0.86155,269591
USDCHF,2024-01-17,0.86155,0.8685,0.86014,0.86439,246117
USDCHF,2024-01-18,0.86439,0.86939,0.86329,0.86802,207026
USDCHF,2024-01-19,0.86802,0.87042,0.86686,0.8679,169376
USDCHF,2024-01-22,0.8679,0.87005,0.86658,0.86901,168230
USDCHF,2024-01-23,0.86901,0.87281,0.86495,0.87019,169318
USDCHF,2024-01-24,0.87019,0.87027,0.86064,0.86279,197697
USDCHF,2024-01-25,0.86279,0.86847,0.86179,0.86705,222568
USDCHF,2024-01-26,0.86705,0.86849,0.86161,0.86313,190945
USDCHF,2024-01-29,0.86313,0.86521,0.86065,0.86127,171043
USDCHF,2024-01-30,0.86127,0.86428,0.86061,0.86177,195611
USDCHF,2024-01-31,0.86177,0.86436,0.85506,0.86133,288352
USDCHF,2024-02-01,0.86133,0.86496,0.85707,0.85774,231603
USDCHF,2024-02-02,0.85774,0.86804,0.85532,0.86669,210779
USDCHF,2024-02-05,0.86669,0.87185,0.86579,0.87065,198501
USDCHF,2024-02-06,0.87065,0.87411,0.86901,0.86973,187520
USDCHF,2024-02-07,0.86973,0.87534,0.8688,0.87412,187949
USDCHF,2024-02-08,0.87412,0.87607,0.87241,0.87367,166769
USDCHF,2024-02-09,0.87367,0.87619,0.87242,0.87439,169501
USDCHF,2024-02-12,0.87374,0.87728,0.87263,0.87566,134557
USDCHF,2024-02-13,0.87566,0.88809,0.87461,0.88705,211225
USDCHF,2024-02-14,0.88705,0.88857,0.88473,0.88571,160808
USDCHF,2024-02-15,0.88571,0.88582,0.87829,0.8799,179666
USDCHF,2024-02-16,0.8799,0.88392,0.87893,0.8805,152500
USDCHF,2024-02-19,0.8805,0.88281,0.87968,0.88197,117218
USDCHF,2024-02-20,0.88197,0.88377,0.87856,0.88189,158559
USDCHF,2024-02-21,0.88189,0.88206,0.87882,0.87958,139657
USDCHF,2024-02-22,0.87958,0.88213,0.87419,0.88017,182190
USDCHF,2024-02-23,0.88017,0.88192,0.8781,0.88096,149369
USDCHF,2024-02-26,0.87935,0.88222,0.8788,0.87998,141658
USDCHF,2024-02-27,0.87998,0.88102,0.87844,0.87854,149411
USDCHF,2024-02-28,0.87854,0.88157,0.8781,0.87877,152997
USDCHF,2024-02-29,0.87877,0.88469,0.87791,0.88443,206227
USDCHF,2024-03-01,0.88443,0.88924,0.88293,0.88331,184188
USDCHF,2024-03-04,0.88274,0.88639,0.88055,0.88491,155902
USDCHF,2024-03-05,0.88491,0.88662,0.88254,0.88339,171761
USDCHF,2024-03-06,0.88339,0.88557,0.88039,0.88205,179166
USDCHF,2024-03-07,0.88205,0.88235,0.87725,0.87764,180928
USDCHF,2024-03-08,0.87764,0.87813,0.87293,0.87713,190488
USDCHF,2024-03-11,0.87713,0.87948,0.87499,0.87741,156975
USDCHF,2024-03-12,0.87741,0.87948,0.87469,0.87723,174825
USDCHF,2024-03-13,0.87723,0.87898,0.87662,0.87889,136496
USDCHF,2024-03-14,0.87889,0.88412,0.87794,0.88371,156075
USDCHF,2024-03-15,0.88371,0.88528,0.88191,0.88367,171805
USDCHF,2024-03-18,0.88244,0.88849,0.88214,0.88779,126349
USDCHF,2024-03-19,0.88779,0.88984,0.88646,0.88803,181609
USDCHF,2024-03-20,0.88803,0.89188,0.88588,0.88681,180279
USDCHF,2024-03-21,0.88681,0.89939,0.88391,0.89747,237367
USDCHF,2024-03-22,0.89747,0.90201,0.89655,0.89715,156650
USDCHF,2024-03-25,0.89715,0.89957,0.89642,0.89938,132444
USDCHF,2024-03-26,0.89938,0.90435,0.89833,0.90397,175106
USDCHF,2024-03-27,0.90397,0.90715,0.90293,0.9038,125480
USDCHF,2024-03-28,0.9038,0.90647,0.89994,0.90162,162996
USDCHF,2024-03-29,0.90162,0.90276,0.9001,0.90146,369738
USDCHF,2024-04-01,0.90146,0.9057,0.90045,0.9043,124397
USDCHF,2024-04-02,0.9043,0.90907,0.90286,0.90794,146286
USDCHF,2024-04-03,0.90794,0.90953,0.90274,0.90288,139460
USDCHF,2024-04-04,0.90288,0.90748,0.90083,0.90132,140919
USDCHF,2024-04-05,0.90132,0.90706,0.8998,0.90142,175174
USDCHF,2024-04-08,0.90142,0.90656,0.90048,0.90537,160178
USDCHF,2024-04-09,0.90537,0.90563,0.90127,0.90352,126694
USDCHF,2024-04-10,0.90352,0.91474,0.90237,0.91286,188811
USDCHF,2024-04-11,0.91286,0.91466,0.9074,0.90997,191711
USDCHF,2024-04-12,0.90997,0.91454,0.90893,0.91372,173308
USDCHF,2024-04-15,0.91137,0.91519,0.91096,0.91155,191443
USDCHF,2024-04-16,0.91155,0.91417,0.91062,0.91293,183486
USDCHF,2024-04-17,0.91293,0.91324,0.90933,0.91075,177084
USDCHF,2024-04-18,0.91075,0.91255,0.90807,0.91234,139092
USDCHF,2024-04-19,0.91234,0.91312,0.90105,0.90981,258447
USDCHF,2024-04-22,0.90981,0.91239,0.90891,0.91201,128732
USDCHF,2024-04-23,0.91201,0.91301,0.90868,0.91194,139311
USDCHF,2024-04-24,0.91194,0.9153,0.91059,0.91504,121136
USDCHF,2024-04-25,0.91504,0.91565,0.91171,0.91216,141797
USDCHF,2024-04-26,0.91216,0.91501,0.90957,0.91394,162018
USDCHF,2024-04-29,0.91394,0.91531,0.90878,0.91034,177055
USDCHF,2024-04-30,0.91034,0.91953,0.90921,0.9194,169601
USDCHF,2024-05-01,0.9194,0.92242,0.91445,0.9156,177949
USDCHF,2024-05-02,0.9156,0.91735,0.90948,0.91064,178780
USDCHF,2024-05-03,0.91064,0.91064,0.90055,0.9045,187502
USDCHF,2024-05-06,0.9045,0.90662,0.90356,0.90623,102311
USDCHF,2024-05-07,0.90623,0.90937,0.90471,0.90836,111614
USDCHF,2024-05-08,0.90836,0.90957,0.90732,0.9079,94423
USDCHF,2024-05-09,0.9079,0.90986,0.90559,0.90589,105388
USDCHF,2024-05-10,0.90589,0.90853,0.90503,0.90594,100026
USDCHF,2024-05-13,0.90594,0.90875,0.90454,0.90816,93223
USDCHF,2024-05-14,0.90816,0.9102,0.90548,0.90645,111127
USDCHF,2024-05-15,0.90645,0.90707,0.90131,0.90213,138584
USDCHF,2024-05-16,0.90213,0.90628,0.89879,0.9061,162004
USDCHF,2024-05-17,0.9061,0.90982,0.90444,0.90809,93051
USDCHF,2024-05-20,0.90875,0.91089,0.90735,0.91052,93209
USDCHF,2024-05-21,0.91052,0.91162,0.90868,0.91094,120544
USDCHF,2024-05-22,0.91094,0.91581,0.91012,0.91572,104488
USDCHF,2024-05-23,0.91572,0.91572,0.91262,0.91433,153554
USDCHF,2024-05-24,0.91433,0.91582,0.91336,0.91443,184805
USDCHF,2024-05-27,0.91316,0.91537,0.91297,0.91326,69255
USDCHF,2024-05-28,0.91326,0.91384,0.90853,0.91244,147158
USDCHF,2024-05-29,0.91244,0.91436,0.91109,0.91319,150105
USDCHF,2024-05-30,0.91319,0.91409,0.90312,0.90333,139918
USDCHF,2024-05-31,0.90333,0.90692,0.90022,0.90205,143208
USDCHF,2024-06-03,0.90205,0.90357,0.89502,0.89569,130172
USDCHF,2024-06-04,0.89569,0.89722,0.88844,0.8902,149664
USDCHF,2024-06-05,0.8902,0.89488,0.88906,0.89342,120683
USDCHF,2024-06-06,0.89342,0.89362,0.88918,0.88927,112193
USDCHF,2024-06-07,0.88927,0.89728,0.88808,0.89628,145777
USDCHF,2024-06-10,0.89742,0.89827,0.89535,0.8965,119696
USDCHF,2024-06-11,0.8965,0.89932,0.89482,0.8976,98798
USDCHF,2024-06-12,0.8976,0.89833,0.88928,0.89436,180651
USDCHF,2024-06-13,0.89436,0.89672,0.89263,0.89385,139586
USDCHF,2024-06-14,0.89385,0.89477,0.88943,0.88984,174894
USDCHF,2024-06-16,0.8896,0.8911,0.88898,0.89063,16817
USDCHF,2024-06-17,0.88952,0.89323,0.88901,0.88952,134730
USDCHF,2024-06-18,0.88952,0.89,0.88265,0.88416,143719
USDCHF,2024-06-19,0.88416,0.88542,0.88321,0.8838,119167
USDCHF,2024-06-20,0.8838,0.8926,0.88316,0.89136,147934
USDCHF,2024-06-21,0.89136,0.89458,0.89032,0.89401,128485
USDCHF,2024-06-23,0.8929,0.8946,0.89255,0.89329,12396
USDCHF,2024-06-24,0.89401,0.89451,0.89213,0.89293,109848
USDCHF,2024-06-25,0.89293,0.89527,0.89131,0.89463,100451
USDCHF,2024-06-26,0.89463,0.89831,0.89381,0.89743,114277
USDCHF,2024-06-27,0.89743,0.89885,0.89572,0.89874,111391
USDCHF,2024-06-28,0.89874,0.90095,0.89752,0.89823,138136
USDCHF,2024-06-30,0.896,0.90098,0.896,0.89964,15140
USDCHF,2024-07-01,0.89768,0.90445,0.8975,0.90247,136894
USDCHF,2024-07-02,0.90247,0.90495,0.90179,0.90388,106988
USDCHF,2024-07-03,0.90388,0.90504,0.89852,0.90124,111843
USDCHF,2024-07-04,0.90124,0.90394,0.89913,0.89968,98461
USDCHF,2024-07-05,0.89968,0.90052,0.89489,0.89525,124413
USDCHF,2024-07-07,0.8953,0.8963,0.89421,0.89532,14198
USDCHF,2024-07-08,0.89526,0.89769,0.89429,0.89762,124217
USDCHF,2024-07-09,0.89762,0.89903,0.89645,0.8978,105597
USDCHF,2024-07-10,0.8978,0.90009,0.89639,0.89957,102739
USDCHF,2024-07-11,0.89957,0.89979,0.89148,0.89643,167755
USDCHF,2024-07-12,0.89643,0.89704,0.89321,0.89438,146519
USDCHF,2024-07-14,0.894,0.8973,0.893,0.89572,13425
USDCHF,2024-07-15,0.89354,0.89725,0.8934,0.89579,127839
USDCHF,2024-07-16,0.89579,0.89789,0.8935,0.89361,119205
USDCHF,2024-07-17,0.89361,0.89448,0.88271,0.88341,162963
USDCHF,2024-07-18,0.88341,0.88786,0.88196,0.8876,161159
USDCHF,2024-07-19,0.8876,0.88999,0.88551,0.8887,123202
USDCHF,2024-07-21,0.8882,0.88939,0.88703,0.88843,12067
USDCHF,2024-07-22,0.8887,0.89022,0.88707,0.88955,121371
USDCHF,2024-07-23,0.88955,0.8924,0.88809,0.89128,121959
USDCHF,2024-07-24,0.89128,0.89212,0.88284,0.8851,154881
USDCHF,2024-07-25,0.8851,0.8854,0.87766,0.88161,224339
USDCHF,2024-07-26,0.88161,0.88445,0.87976,0.88354,150936
USDCHF,2024-07-28,0.8831,0.8847,0.8817,0.88298,17414
USDCHF,2024-07-29,0.88217,0.88714,0.88201,0.88609,126578
USDCHF,2024-07-30,0.88609,0.88753,0.88253,0.8826,144758
USDCHF,2024-07-31,0.8826,0.88311,0.87701,0.87799,235381
USDCHF,2024-08-01,0.87799,0.87836,0.87259,0.87296,211087
USDCHF,2024-08-02,0.87296,0.8734,0.85671,0.85682,265786
USDCHF,2024-08-04,0.857977547832878,0.85942,0.8555,0.85636,5885
USDCHF,2024-08-05,0.85682,0.85943,0.84323,0.85229,484288
USDCHF,2024-08-06,0.85229,0.85718,0.85007,0.85135,341868
USDCHF,2024-08-07,0.85135,0.86619,0.85054,0.86159,299973
USDCHF,2024-08-08,0.86159,0.86738,0.85595,0.86656,293879
USDCHF,2024-08-09,0.86656,0.86716,0.8632,0.86496,205757
USDCHF,2024-08-11,0.86504,0.87115,0.8645,0.86504,14736
USDCHF,2024-08-12,0.86496,0.87116,0.86314,0.86511,182755
USDCHF,2024-08-13,0.86511,0.86798,0.86366,0.86482,190684
USDCHF,2024-08-14,0.86482,0.86608,0.86162,0.86517,206020
USDCHF,2024-08-15,0.86517,0.87484,0.86411,0.87258,383440
USDCHF,2024-08-16,0.87258,0.87278,0.86503,0.86508,146000
USDCHF,2024-08-18,0.86758,0.86761,0.8614,0.86758,19355
USDCHF,2024-08-19,0.86508,0.86775,0.86153,0.86277,172189
USDCHF,2024-08-20,0.86277,0.86307,0.85391,0.85397,179129
USDCHF,2024-08-21,0.85397,0.85613,0.8495,0.85169,197107
USDCHF,2024-08-22,0.85169,0.8534,0.84891,0.85214,349558
USDCHF,2024-08-23,0.85214,0.85417,0.84691,0.84712,206402
USDCHF,2024-08-25,0.84732,0.84839,0.8456,0.84732,26530
USDCHF,2024-08-26,0.84707,0.84857,0.84557,0.84721,176769
USDCHF,2024-08-27,0.84721,0.84843,0.84088,0.84162,162002
USDCHF,2024-08-28,0.84162,0.84518,0.84084,0.84217,182670
USDCHF,2024-08-29,0.84217,0.84933,0.84,0.84725,400256
USDCHF,2024-08-30,0.84725,0.85105,0.84567,0.84965,176036
USDCHF,2024-09-01,0.8505,0.85344,0.8483,0.8505,32918
USDCHF,2024-09-02,0.84965,0.85371,0.84771,0.85111,120848
USDCHF,2024-09-03,0.85111,0.85374,0.84776,0.85028,200674
USDCHF,2024-09-04,0.85028,0.85185,0.84629,0.84647,206886
USDCHF,2024-09-05,0.84647,0.84908,0.84334,0.84395,426476
USDCHF,2024-09-06,0.84395,0.84756,0.83734,0.84279,285342
USDCHF,2024-09-08,0.84394,0.84938,0.8436,0.84394,20869
USDCHF,2024-09-09,0.84279,0.84944,0.8413,0.8493,193960
USDCHF,2024-09-10,0.8493,0.84986,0.84561,0.8469,184656
USDCHF,2024-09-11,0.8469,0.85297,0.84215,0.85221,261211
USDCHF,2024-09-12,0.85221,0.85495,0.85062,0.85108,450336
USDCHF,2024-09-13,0.85108,0.85132,0.84434,0.8488,205279
USDCHF,2024-09-15,0.8477,0.84808,0.8434,0.8477,32132
USDCHF,2024-09-16,0.8488,0.8488,0.8434,0.84474,183371
USDCHF,2024-09-17,0.84467,0.84761,0.84288,0.84698,192427
USDCHF,2024-09-18,0.84698,0.84792,0.83897,0.84608,250070
USDCHF,2024-09-19,0.84608,0.8514,0.84482,0.84767,593716
USDCHF,2024-09-20,0.84767,0.85162,0.84506,0.84923,245071
USDCHF,2024-09-22,0.8509,0.85174,0.8473,0.8509,24240
USDCHF,2024-09-23,0.8498,0.85171,0.84554,0.84741,196416
USDCHF,2024-09-24,0.84741,0.84892,0.843,0.84317,206083
USDCHF,2024-09-25,0.84317,0.85063,0.8414,0.85027,207787
USDCHF,2024-09-26,0.85027,0.85154,0.84523,0.84608,548912
USDCHF,2024-09-27,0.84608,0.84922,0.8396,0.84014,283152
USDCHF,2024-09-29,0.8411,0.84565,0.8404,0.8405,39024
USDCHF,2024-09-30,0.8399,0.8473,0.8399,0.84545,241342
USDCHF,2024-10-01,0.84545,0.84814,0.84303,0.84643,270437
USDCHF,2024-10-02,0.84643,0.8507,0.84474,0.84957,201624
USDCHF,2024-10-03,0.84957,0.8542,0.84878,0.85255,511754
USDCHF,2024-10-04,0.85255,0.86071,0.84992,0.85764,217979
USDCHF,2024-10-06,0.85869,0.85873,0.85345,0.85869,36217
USDCHF,2024-10-07,0.85822,0.85971,0.85331,0.85352,197928
USDCHF,2024-10-08,0.85352,0.85832,0.85292,0.85695,196268
USDCHF,2024-10-09,0.85695,0.86097,0.85623,0.86056,157963
USDCHF,2024-10-10,0.86056,0.86124,0.85539,0.85568,444178
USDCHF,2024-10-11,0.85568,0.85837,0.85538,0.85681,144754
USDCHF,2024-10-13,0.8583,0.864,0.8578,0.8583,21278
USDCHF,2024-10-14,0.85681,0.8641,0.8559,0.86236,130596
USDCHF,2024-10-15,0.86236,0.86361,0.86057,0.86187,150889
USDCHF,2024-10-16,0.86187,0.86573,0.86097,0.86532,142115
USDCHF,2024-10-17,0.86532,0.8669,0.86288,0.86588,324466
USDCHF,2024-10-18,0.86588,0.86687,0.86406,0.86407,145288
USDCHF,2024-10-20,0.86493,0.86593,0.863,0.86493,23484
USDCHF,2024-10-21,0.86407,0.86634,0.86322,0.86604,157808
USDCHF,2024-10-22,0.86604,0.8662,0.86444,0.86529,162950
USDCHF,2024-10-23,0.86529,0.86852,0.86373,0.86632,153150
USDCHF,2024-10-24,0.86632,0.86708,0.86498,0.86561,312078
USDCHF,2024-10-25,0.86561,0.86738,0.86448,0.86636,151468
USDCHF,2024-10-27,0.8663,0.8678,0.86564,0.8678,41378
USDCHF,2024-10-28,0.86771,0.86992,0.86459,0.86508,151096
USDCHF,2024-10-29,0.86508,0.86976,0.86414,0.86711,161257
USDCHF,2024-10-30,0.86711,0.86928,0.86532,0.8665,172047
USDCHF,2024-10-31,0.8665,0.86652,0.86308,0.86308,379298
USDCHF,2024-11-01,0.86308,0.87104,0.8624,0.86925,191798
USDCHF,2024-11-03,0.8694,0.8694,0.8658,0.867,35253
USDCHF,2024-11-04,0.86683,0.86802,0.8614,0.86394,157772
USDCHF,2024-11-05,0.86394,0.86458,0.86152,0.86302,142159
USDCHF,2024-11-06,0.86302,0.87725,0.86186,0.87645,426604
USDCHF,2024-11-07,0.87645,0.87734,0.87086,0.87148,430714
USDCHF,2024-11-08,0.87148,0.87681,0.87003,0.87512,178459
USDCHF,2024-11-10,0.875,0.8761,0.8735,0.8755,28018
USDCHF,2024-11-11,0.87439,0.88091,0.87439,0.87988,132829
USDCHF,2024-11-12,0.87988,0.88354,0.87965,0.88144,170741
USDCHF,2024-11-13,0.88144,0.88629,0.8794,0.88502,204573
USDCHF,2024-11-14,0.88502,0.89168,0.88489,0.89009,468180
USDCHF,2024-11-15,0.89009,0.89068,0.88583,0.8877,236851
USDCHF,2024-11-17,0.8836,0.88592,0.8836,0.88557,36824
USDCHF,2024-11-18,0.8877,0.88865,0.88268,0.88268,160936
USDCHF,2024-11-19,0.88268,0.88442,0.88001,0.88217,201684
USDCHF,2024-11-20,0.88217,0.88616,0.8813,0.88409,155070
USDCHF,2024-11-21,0.88409,0.88694,0.882,0.88656,385540
USDCHF,2024-11-22,0.88656,0.89569,0.88509,0.89343,225374
USDCHF,2024-11-24,0.8931,0.8931,0.88999,0.8905,38294
USDCHF,2024-11-25,0.89005,0.89161,0.88475,0.88615,194744
USDCHF,2024-11-26,0.88615,0.88936,0.88412,0.88632,215086
USDCHF,2024-11-27,0.88632,0.88666,0.87967,0.88097,226944
USDCHF,2024-11-28,0.88097,0.88475,0.88022,0.88228,232360
USDCHF,2024-11-29,0.88228,0.88281,0.87944,0.88035,216839
USDCHF,2024-12-01,0.8804,0.8804,0.8795,0.87992,37847
USDCHF,2024-12-02,0.87991,0.88888,0.87974,0.88626,202927
USDCHF,2024-12-03,0.88626,0.88877,0.88287,0.88608,174589
USDCHF,2024-12-04,0.88608,0.88789,0.88256,0.88416,179530
USDCHF,2024-12-05,0.88416,0.88523,0.87782,0.87832,312970
USDCHF,2024-12-06,0.87832,0.87965,0.87267,0.87799,178077
USDCHF,2024-12-08,0.8784,0.8784,0.878,0.8784,17601
USDCHF,2024-12-09,0.87766,0.88035,0.87576,0.87859,147966
USDCHF,2024-12-10,0.87859,0.88322,0.877,0.88147,161086
USDCHF,2024-12-11,0.88147,0.88534,0.88099,0.88386,187461
USDCHF,2024-12-12,0.88386,0.89269,0.88157,0.89201,416200
USDCHF,2024-12-13,0.89201,0.89449,0.89059,0.89174,141215
USDCHF,2024-12-15,0.892,0.89299,0.8919,0.89299,23696
USDCHF,2024-12-16,0.89267,0.89479,0.88978,0.89418,151111
USDCHF,2024-12-17,0.89418,0.89741,0.89138,0.89244,158350
USDCHF,2024-12-18,0.89244,0.90198,0.89166,0.90098,185231
USDCHF,2024-12-19,0.90098,0.90211,0.89509,0.89846,431826
USDCHF,2024-12-20,0.89846,0.8991,0.89128,0.89257,203973
USDCHF,2024-12-22,0.8921,0.8922,0.8921,0.8921,27877
USDCHF,2024-12-23,0.89257,0.90011,0.89092,0.89848,147260
USDCHF,2024-12-24,0.89848,0.90116,0.89799,0.9004,97809
USDCHF,2024-12-25,0.9003,0.9106,0.8834,0.9003,6373
USDCHF,2024-12-26,0.9004,0.90094,0.89837,0.89861,163844
USDCHF,2024-12-27,0.89861,0.90269,0.8981,0.90119,138893
USDCHF,2024-12-29,0.9009,0.901,0.9003,0.901,18736
USDCHF,2024-12-30,0.90119,0.90729,0.89984,0.90354,146752
USDCHF,2024-12-31,0.90354,0.90798,0.90222,0.90774,122820
USDCHF,2025-01-01,0.9036,0.9066,0.9036,0.9047,0
USDCHF,2025-01-02,0.90774,0.91362,0.90383,0.91218,292016
USDCHF,2025-01-03,0.91218,0.9124,0.90741,0.90755,138054
USDCHF,2025-01-05,0.9082,0.90932,0.90809,0.90809,21074
USDCHF,2025-01-06,0.90795,0.91043,0.90073,0.90448,205442
USDCHF,2025-01-07,0.90448,0.90971,0.90218,0.90938,171308
USDCHF,2025-01-08,0.90938,0.91277,0.90865,0.91104,166151
USDCHF,2025-01-09,0.91104,0.913,0.90972,0.91188,225038
USDCHF,2025-01-10,0.91188,0.91877,0.91112,0.91535,192157
USDCHF,2025-01-12,0.9157,0.91614,0.9153,0.9157,26882
USDCHF,2025-01-13,0.91535,0.92003,0.91516,0.91643,162049
USDCHF,2025-01-14,0.91643,0.9173,0.91209,0.91217,177244
USDCHF,2025-01-15,0.91217,0.91446,0.90775,0.9124,179781
USDCHF,2025-01-16,0.9124,0.91356,0.90989,0.9106,348550
USDCHF,2025-01-17,0.9106,0.91529,0.90954,0.91398,158783
USDCHF,2025-01-19,0.9143,0.9143,0.9125,0.9125,26157
USDCHF,2025-01-20,0.91398,0.91514,0.90544,0.9065,207222
USDCHF,2025-01-21,0.9065,0.91139,0.90496,0.90497,211496
USDCHF,2025-01-22,0.90497,0.90745,0.90318,0.90652,163991
USDCHF,2025-01-23,0.90652,0.91078,0.90559,0.9071,405752
USDCHF,2025-01-24,0.9071,0.90761,0.90263,0.90455,214024
USDCHF,2025-01-26,0.9045,0.9045,0.9039,0.9039,29230
USDCHF,2025-01-27,0.90525,0.90723,0.89643,0.90125,214489
USDCHF,2025-01-28,0.90125,0.90698,0.90091,0.90359,165522
USDCHF,2025-01-29,0.90359,0.90943,0.90308,0.90655,194028
USDCHF,2025-01-30,0.90655,0.91028,0.90571,0.90953,398488
USDCHF,2025-01-31,0.90953,0.91149,0.90705,0.91093,290352
USDCHF,2025-02-02,0.90953,0.91676,0.90705,0.9156,268676
USDCHF,2025-02-03,0.91498,0.91958,0.90921,0.90928,360848
USDCHF,2025-02-04,0.90928,0.91305,0.90446,0.90493,185198
USDCHF,2025-02-05,0.90493,0.90586,0.90007,0.90166,165549
USDCHF,2025-02-06,0.90166,0.90611,0.90071,0.90475,286246
USDCHF,2025-02-07,0.90475,0.91053,0.90347,0.90886,216145
USDCHF,2025-02-09,0.9086,0.90969,0.90824,0.9091,210256
USDCHF,2025-02-10,0.91023,0.91215,0.9093,0.91119,114983
USDCHF,2025-02-11,0.91119,0.91398,0.9095,0.91313,141252
USDCHF,2025-02-12,0.91313,0.91548,0.91018,0.91346,212034
USDCHF,2025-02-13,0.91346,0.91395,0.9027,0.9029,451736
USDCHF,2025-02-14,0.9029,0.90482,0.89711,0.89871,206087
USDCHF,2025-02-16,0.89805,0.89812,0.89787,0.89812,197522
USDCHF,2025-02-17,0.89871,0.90172,0.89756,0.90063,113004
USDCHF,2025-02-18,0.90063,0.90405,0.89946,0.90321,116258
USDCHF,2025-02-19,0.90321,0.9054,0.90176,0.90437,120093
USDCHF,2025-02-20,0.90437,0.90458,0.8975,0.8978,283188
USDCHF,2025-02-21,0.8978,0.90041,0.89655,0.89674,169959
USDCHF,2025-02-23,0.897,0.8976,0.89606,0.8973,160734
USDCHF,2025-02-24,0.8961,0.89975,0.89528,0.8969,177218
USDCHF,2025-02-25,0.8969,0.89772,0.89111,0.89283,159442
USDCHF,2025-02-26,0.89283,0.89637,0.89147,0.89462,173111
USDCHF,2025-02-27,0.89462,0.90047,0.89319,0.89955,378632
USDCHF,2025-02-28,0.89955,0.90354,0.89817,0.90208,208972
USDCHF,2025-03-02,0.9018,0.9027,0.90083,0.9027,196995
USDCHF,2025-03-03,0.90186,0.90304,0.89595,0.89663,207164
USDCHF,2025-03-04,0.89663,0.89709,0.88707,0.88931,287793
USDCHF,2025-03-05,0.88931,0.89137,0.88549,0.89058,282546
USDCHF,2025-03-06,0.89058,0.89248,0.88244,0.88352,520152
USDCHF,2025-03-07,0.88352,0.88394,0.87661,0.87944,253026
USDCHF,2025-03-09,0.87888,0.8804,0.8784,0.8803,245947
USDCHF,2025-03-10,0.87944,0.88209,0.87571,0.88065,223075
USDCHF,2025-03-11,0.88065,0.88349,0.87719,0.88245,247852
USDCHF,2025-03-12,0.88245,0.88513,0.87951,0.88155,179452
USDCHF,2025-03-13,0.88155,0.88539,0.88025,0.88156,352938
USDCHF,2025-03-14,0.88156,0.8863,0.88095,0.88417,164996
USDCHF,2025-03-16,0.8844,0.8845,0.8842,0.8843,162070
USDCHF,2025-03-17,0.88417,0.8852,0.87968,0.88072,124452
USDCHF,2025-03-18,0.88072,0.88179,0.87582,0.87591,127148
USDCHF,2025-03-19,0.87591,0.88086,0.87584,0.87727,142447
USDCHF,2025-03-20,0.87727,0.88419,0.87548,0.88106,328944
USDCHF,2025-03-21,0.88106,0.88393,0.87956,0.8821,123797
USDCHF,2025-03-23,0.8819,0.8834,0.88134,0.8829,120032
USDCHF,2025-03-24,0.88233,0.88451,0.87985,0.88248,122901
USDCHF,2025-03-25,0.88248,0.88479,0.87994,0.8824,101644
USDCHF,2025-03-26,0.8824,0.88497,0.88156,0.88364,113988
USDCHF,2025-03-27,0.88364,0.8848,0.88029,0.88088,257266
USDCHF,2025-03-28,0.88088,0.88337,0.87978,0.8798,123241
USDCHF,2025-03-30,0.88085,0.8853,0.87815,0.88085,118847
USDCHF,2025-03-31,0.87735,0.88545,0.87735,0.88406,156430
USDCHF,2025-04-01,0.88406,0.88432,0.88161,0.88349,134439
USDCHF,2025-04-02,0.88349,0.88478,0.88109,0.8811,179545
USDCHF,2025-04-03,0.8811,0.88261,0.8546,0.85902,876012
USDCHF,2025-04-04,0.85902,0.86248,0.84756,0.85958,608486
USDCHF,2025-04-06,0.85161,0.86624,0.84529,0.85161,579510
USDCHF,2025-04-07,0.85489,0.86729,0.84497,0.85971,739439
USDCHF,2025-04-08,0.85971,0.86057,0.84545,0.84678,437465
USDCHF,2025-04-09,0.84678,0.85824,0.83582,0.85621,720342
USDCHF,2025-04-10,0.85621,0.85763,0.82302,0.82356,1059152
USDCHF,2025-04-11,0.82356,0.82565,0.80983,0.81402,742300
USDCHF,2025-04-13,0.81806,0.82675,0.81211,0.81806,3130056
USDCHF,2025-04-14,0.81783,0.82675,0.81176,0.8136,439310
USDCHF,2025-04-15,0.8136,0.82386,0.81313,0.82337,282983
USDCHF,2025-04-16,0.82337,0.82337,0.81202,0.8131,339333
USDCHF,2025-04-17,0.8131,0.82305,0.81156,0.81896,613012
USDCHF,2025-04-18,0.81896,0.81954,0.81511,0.81548,1477791
USDCHF,2025-04-20,0.8155,0.81718,0.80688,0.80841,57721
USDCHF,2025-04-21,0.81548,0.81629,0.80384,0.80882,248215
USDCHF,2025-04-22,0.80882,0.81908,0.80657,0.81869,286917
USDCHF,2025-04-23,0.81869,0.83105,0.81732,0.83064,380267
USDCHF,2025-04-24,0.83064,0.83064,0.82385,0.82679,444204
USDCHF,2025-04-25,0.82679,0.83339,0.82527,0.82698,219645
USDCHF,2025-04-27,0.828,0.8293,0.8262,0.82793,31617
USDCHF,2025-04-28,0.82744,0.83179,0.81943,0.81943,188372
USDCHF,2025-04-29,0.81943,0.82635,0.81905,0.82346,203570
USDCHF,2025-04-30,0.82346,0.82721,0.82129,0.82589,218821
USDCHF,2025-05-01,0.82589,0.83324,0.82471,0.82911,382146
USDCHF,2025-05-02,0.82911,0.83177,0.82048,0.82587,245894
USDCHF,2025-05-04,0.82631,0.8266,0.82194,0.82345,29728
USDCHF,2025-05-05,0.82587,0.82741,0.82133,0.82197,189128
USDCHF,2025-05-06,0.82197,0.82646,0.82099,0.82173,207437
USDCHF,2025-05-07,0.82173,0.82714,0.81848,0.82344,248273
USDCHF,2025-05-08,0.82344,0.83316,0.82225,0.83163,522350
USDCHF,2025-05-09,0.83163,0.83403,0.8268,0.83084,183568
USDCHF,2025-05-11,0.832,0.83503,0.83085,0.83358,35813
USDCHF,2025-05-12,0.83407,0.84755,0.83299,0.84535,330267
USDCHF,2025-05-13,0.84535,0.84562,0.83863,0.83866,207627
USDCHF,2025-05-14,0.83866,0.84349,0.8323,0.84146,263529
USDCHF,2025-05-15,0.84146,0.84178,0.83453,0.83491,436778
USDCHF,2025-05-16,0.83491,0.84002,0.83258,0.83691,180979
USDCHF,2025-05-18,0.83545,0.8365,0.8318,0.83545,45543
USDCHF,2025-05-19,0.83691,0.83691,0.83172,0.83438,247267
USDCHF,2025-05-20,0.83438,0.83619,0.82814,0.82816,212544
USDCHF,2025-05-21,0.82816,0.82848,0.82085,0.82501,261102
USDCHF,2025-05-22,0.82501,0.8306,0.82333,0.82845,485176
USDCHF,2025-05-23,0.82845,0.82915,0.82034,0.82055,256484
USDCHF,2025-05-25,0.8204,0.82273,0.8192,0.82025,48983
USDCHF,2025-05-26,0.81971,0.82322,0.81914,0.82087,143669
USDCHF,2025-05-27,0.82087,0.82794,0.81869,0.82703,193595
USDCHF,2025-05-28,0.82703,0.82903,0.82442,0.82601,194406
USDCHF,2025-05-29,0.82601,0.83469,0.82171,0.82281,537914
USDCHF,2025-05-30,0.82281,0.82482,0.8198,0.8219,245076
USDCHF,2025-06-01,0.8225,0.82365,0.8209,0.82252,34807
USDCHF,2025-06-02,0.8219,0.82303,0.81558,0.81655,205381
USDCHF,2025-06-03,0.81655,0.82465,0.81576,0.82381,182423
USDCHF,2025-06-04,0.82381,0.82497,0.81695,0.81814,193896
USDCHF,2025-06-05,0.81814,0.8214,0.8171,0.81937,489834
USDCHF,2025-06-06,0.81937,0.82474,0.81813,0.82164,207725
USDCHF,2025-06-08,0.82126,0.82242,0.8191,0.82126,23187
USDCHF,2025-06-09,0.82112,0.82249,0.81914,0.82152,129571
USDCHF,2025-06-10,0.82152,0.82408,0.82028,0.82255,185776
USDCHF,2025-06-11,0.82255,0.82339,0.81839,0.82011,192636
USDCHF,2025-06-12,0.82011,0.8202,0.81012,0.81012,491178
USDCHF,2025-06-13,0.81012,0.81474,0.80545,0.81042,302454
USDCHF,2025-06-15,0.8105,0.81303,0.8103,0.81299,68688
USDCHF,2025-06-16,0.81042,0.81463,0.80881,0.81317,219244
USDCHF,2025-06-17,0.81317,0.8171,0.81195,0.81632,206589
USDCHF,2025-06-18,0.81632,0.81984,0.8141,0.81741,212769
USDCHF,2025-06-19,0.81741,0.82147,0.8155,0.81642,362334
USDCHF,2025-06-20,0.81642,0.81825,0.81495,0.81725,173624
USDCHF,2025-06-22,0.818,0.8195,0.81591,0.81768,57933
USDCHF,2025-06-23,0.81629,0.8194,0.81143,0.81246,264947
USDCHF,2025-06-24,0.81246,0.81302,0.80336,0.80513,223905
USDCHF,2025-06-25,0.80513,0.80797,0.80387,0.80429,154478
USDCHF,2025-06-26,0.80429,0.80484,0.79775,0.79962,424632
USDCHF,2025-06-27,0.79962,0.8017,0.79565,0.79808,201857
USDCHF,2025-06-29,0.7993,0.7997,0.79791,0.79913,43286
USDCHF,2025-06-30,0.79818,0.79937,0.79286,0.79299,197020
USDCHF,2025-07-01,0.79306,0.79435,0.78719,0.79099,411612
USDCHF,2025-07-02,0.79099,0.79414,0.7894,0.79161,176254
USDCHF,2025-07-03,0.79161,0.79867,0.79005,0.79409,360830
USDCHF,2025-07-04,0.79409,0.79554,0.79217,0.7934,414344
USDCHF,2025-07-06,0.79333,0.7949,0.79211,0.79456,26053
USDCHF,2025-07-07,0.7934,0.79911,0.79218,0.79828,146213
USDCHF,2025-07-08,0.79828,0.79947,0.79532,0.79559,150747
USDCHF,2025-07-09,0.79559,0.79792,0.79394,0.79416,146682
USDCHF,2025-07-10,0.79416,0.79874,0.79193,0.7967,260020
USDCHF,2025-07-11,0.7967,0.79818,0.79537,0.79597,145035
USDCHF,2025-07-13,0.79671,0.7977,0.79563,0.79704,31376
USDCHF,2025-07-14,0.79698,0.79846,0.7955,0.7979,138165
USDCHF,2025-07-15,0.7979,0.80246,0.79533,0.80023,183879
USDCHF,2025-07-16,0.80023,0.8061,0.79459,0.79983,258575
USDCHF,2025-07-17,0.79983,0.80639,0.79929,0.80376,334290
USDCHF,2025-07-18,0.80376,0.80439,0.79847,0.80116,177721
USDCHF,2025-07-20,0.800893189430592,0.80167,0.79941,0.80117,26632
USDCHF,2025-07-21,0.80116,0.80223,0.79653,0.79764,178118
USDCHF,2025-07-22,0.79764,0.79917,0.79184,0.79184,149439
USDCHF,2025-07-23,0.79184,0.79493,0.79108,0.79222,200622
USDCHF,2025-07-24,0.79222,0.79606,0.79106,0.79504,375862
USDCHF,2025-07-25,0.79504,0.79795,0.79422,0.79432,167152
USDCHF,2025-07-27,0.79522,0.79626,0.7944,0.79517,33603
USDCHF,2025-07-28,0.79532,0.80373,0.79418,0.80319,195225
USDCHF,2025-07-29,0.80319,0.80792,0.8017,0.80575,219081
USDCHF,2025-07-30,0.80575,0.81508,0.80379,0.81477,257379
USDCHF,2025-07-31,0.81477,0.81495,0.81115,0.81225,401554
USDCHF,2025-08-01,0.81225,0.81712,0.80258,0.80331,341828
USDCHF,2025-08-03,0.8038,0.80683,0.80248,0.80479,41235
USDCHF,2025-08-04,0.80331,0.80965,0.80191,0.80776,219308
USDCHF,2025-08-05,0.80776,0.81178,0.80637,0.80715,202020
USDCHF,2025-08-06,0.80715,0.8094,0.80484,0.80575,192763
USDCHF,2025-08-07,0.80575,0.80893,0.80425,0.80639,443626
USDCHF,2025-08-08,0.80639,0.80885,0.80543,0.80759,171914
USDCHF,2025-08-10,0.8075,0.80847,0.80624,0.80636,21448
USDCHF,2025-08-11,0.80759,0.8132,0.80609,0.81235,138850
USDCHF,2025-08-12,0.81235,0.81264,0.80615,0.80617,249998
USDCHF,2025-08-13,0.80617,0.80713,0.80219,0.80497,189843
USDCHF,2025-08-14,0.80497,0.80924,0.80314,0.80736,415802
USDCHF,2025-08-15,0.80736,0.80795,0.80454,0.80609,181403
USDCHF,2025-08-17,0.80468,0.80688,0.80468,0.80649,24101
USDCHF,2025-08-18,0.80609,0.80809,0.80485,0.80729,217331
USDCHF,2025-08-19,0.80729,0.80853,0.80472,0.80752,131979
USDCHF,2025-08-20,0.80752,0.80927,0.8031,0.80383,163862
USDCHF,2025-08-21,0.80383,0.80905,0.80257,0.8087,319046
USDCHF,2025-08-22,0.8087,0.81039,0.8,0.80082,207667
USDCHF,2025-08-24,0.8,0.80353,0.79977,0.80258,22219
USDCHF,2025-08-25,0.7998,0.80712,0.79937,0.80598,130907
USDCHF,2025-08-26,0.80598,0.80721,0.80255,0.80304,199737
USDCHF,2025-08-27,0.80304,0.80763,0.8015,0.80197,150552
USDCHF,2025-08-28,0.80197,0.80304,0.79937,0.80135,304012
USDCHF,2025-08-29,0.80135,0.80349,0.79853,0.80035,166799
USDCHF,2025-08-31,0.79895,0.8012,0.7978,0.7996,31293
USDCHF,2025-09-01,0.80035,0.80172,0.79859,0.8002,126970
USDCHF,2025-09-02,0.8002,0.80607,0.7998,0.80449,208566
USDCHF,2025-09-03,0.80449,0.80679,0.80271,0.8041,174372
USDCHF,2025-09-04,0.8041,0.8072,0.80243,0.80555,338116
USDCHF,2025-09-05,0.80555,0.80579,0.79559,0.79777,214292
USDCHF,2025-09-07,0.79762,0.79955,0.7961,0.79839,38557
USDCHF,2025-09-08,0.79773,0.79957,0.79275,0.79311,149979
USDCHF,2025-09-09,0.79311,0.79795,0.79153,0.79666,189126
USDCHF,2025-09-10,0.79666,0.79948,0.79555,0.79917,163495
USDCHF,2025-09-11,0.79917,0.80071,0.79478,0.79573,392384
USDCHF,2025-09-12,0.79573,0.79866,0.79441,0.79575,127587
USDCHF,2025-09-14,0.7967,0.79723,0.7937,0.7967,17925
USDCHF,2025-09-15,0.79575,0.79727,0.79361,0.79455,174503
USDCHF,2025-09-16,0.79455,0.79481,0.78555,0.78588,229502
USDCHF,2025-09-17,0.78588,0.78933,0.78287,0.78872,222293
USDCHF,2025-09-18,0.78872,0.79375,0.78716,0.79212,391892
USDCHF,2025-09-19,0.79212,0.79661,0.7902,0.79504,231428
USDCHF,2025-09-21,0.793320964749536,0.79627,0.79322,0.79622,29860
USDCHF,2025-09-22,0.79504,0.79728,0.79221,0.79232,212048
USDCHF,2025-09-23,0.79232,0.79335,0.79093,0.79099,227837
USDCHF,2025-09-24,0.79099,0.79574,0.79052,0.79471,218957
USDCHF,2025-09-25,0.79471,0.80139,0.79377,0.79945,384930
USDCHF,2025-09-26,0.79945,0.80072,0.79731,0.7974,219054
USDCHF,2025-09-28,0.79748,0.79864,0.795,0.79748,29750
USDCHF,2025-09-29,0.7974,0.79874,0.79516,0.79723,157387
USDCHF,2025-09-30,0.79723,0.79857,0.79389,0.79506,172258
USDCHF,2025-10-01,0.79506,0.79902,0.79284,0.79695,218044
USDCHF,2025-10-02,0.79695,0.80002,0.7951,0.79724,302342
USDCHF,2025-10-03,0.79724,0.798,0.79436,0.79456,149821
USDCHF,2025-10-05,0.796,0.79773,0.79527,0.79552,45117
USDCHF,2025-10-06,0.79635,0.79938,0.79457,0.79457,195795
USDCHF,2025-10-07,0.79457,0.79916,0.79388,0.7977,164027
USDCHF,2025-10-08,0.7977,0.80291,0.79621,0.80161,174051
USDCHF,2025-10-09,0.80161,0.80759,0.80027,0.80621,349870
USDCHF,2025-10-10,0.80621,0.80679,0.79797,0.79862,205956
USDCHF,2025-10-12,0.80232,0.80566,0.7999,0.80232,43348
USDCHF,2025-10-13,0.80001,0.80577,0.79998,0.80318,194142
USDCHF,2025-10-14,0.80318,0.805,0.80024,0.80092,226569
USDCHF,2025-10-15,0.80092,0.80157,0.79564,0.79658,153581
USDCHF,2025-10-16,0.79658,0.79848,0.79232,0.79251,406280
USDCHF,2025-10-17,0.79251,0.79363,0.78726,0.79309,266865
USDCHF,2025-10-19,0.79359,0.79428,0.7907,0.79359,27577
USDCHF,2025-10-20,0.79309,0.79433,0.79057,0.79224,208772
USDCHF,2025-10-21,0.79224,0.79644,0.791,0.7961,240352
USDCHF,2025-10-22,0.7961,0.79736,0.79481,0.79555,219932
USDCHF,2025-10-23,0.79555,0.7987,0.79468,0.79489,225194
USDCHF,2025-10-24,0.79489,0.79682,0.79305,0.79513,156534
USDCHF,2025-10-26,0.7944,0.7975,0.7944,0.79577,29343
USDCHF,2025-10-27,0.7963,0.79731,0.79451,0.79535,185498
USDCHF,2025-10-28,0.79535,0.79672,0.79247,0.79288,195827
USDCHF,2025-10-29,0.79288,0.802,0.79253,0.79926,218193
USDCHF,2025-10-30,0.79926,0.80371,0.79752,0.80138,386286
USDCHF,2025-10-31,0.80138,0.80516,0.80068,0.80405,187431
USDCHF,2025-11-02,0.80133,0.80511,0.80133,0.8049,41557
USDCHF,2025-11-03,0.80405,0.80915,0.8036,0.80695,186666
USDCHF,2025-11-04,0.80695,0.81084,0.80671,0.81004,208965
USDCHF,2025-11-05,0.81004,0.81242,0.8079,0.80993,207808
USDCHF,2025-11-06,0.80993,0.81041,0.806,0.8062,258294
USDCHF,2025-11-07,0.8062,0.80844,0.80318,0.80431,204423
USDCHF,2025-11-09,0.80495,0.80721,0.80434,0.80703,42009
USDCHF,2025-11-10,0.80431,0.80722,0.80431,0.80446,203533
USDCHF,2025-11-11,0.80446,0.80615,0.79858,0.80025,187231
USDCHF,2025-11-12,0.80025,0.80114,0.79672,0.79777,190491
USDCHF,2025-11-13,0.79777,0.7994,0.79083,0.79257,294062
USDCHF,2025-11-14,0.79257,0.7948,0.78778,0.79293,198559
USDCHF,2025-11-16,0.795102847800464,0.795102847800464,0.793199799547463,0.79428,28044
USDCHF,2025-11-17,0.79293,0.79658,0.79287,0.79583,134223
USDCHF,2025-11-18,0.79583,0.80007,0.79375,0.79966,162688
USDCHF,2025-11-19,0.79966,0.8067,0.79796,0.8055,177805
USDCHF,2025-11-20,0.8055,0.80774,0.80471,0.80551,389972
USDCHF,2025-11-21,0.80551,0.80985,0.80354,0.8079,197761
USDCHF,2025-11-23,0.808,0.8092,0.80661,0.80837,21054
USDCHF,2025-11-24,0.80655,0.81015,0.80603,0.80809,125287
USDCHF,2025-11-25,0.80809,0.8102,0.80574,0.80648,204950
USDCHF,2025-11-26,0.80648,0.80834,0.80387,0.80425,221008
USDCHF,2025-11-27,0.80425,0.80624,0.80262,0.8046,206888
USDCHF,2025-11-28,0.8046,0.80712,0.80262,0.80312,341006
USDCHF,2025-11-30,0.80336,0.80382,0.803086005027591,0.80336,38353
USDCHF,2025-12-01,0.80373,0.80489,0.79961,0.80446,229302
USDCHF,2025-12-02,0.80446,0.8053,0.80248,0.80248,189642
USDCHF,2025-12-03,0.80248,0.80308,0.79917,0.7992,206095
USDCHF,2025-12-04,0.7992,0.80397,0.79894,0.80314,288020
USDCHF,2025-12-05,0.80314,0.80552,0.80187,0.80412,151698
USDCHF,2025-12-07,0.80412,0.80495,0.80301,0.80346,32077
USDCHF,2025-12-08,0.80412,0.80854,0.80279,0.80672,145222
USDCHF,2025-12-09,0.80672,0.80824,0.80497,0.80618,151569
USDCHF,2025-12-10,0.80618,0.80657,0.79922,0.79986,164526
USDCHF,2025-12-11,0.79986,0.80013,0.79241,0.79523,307184
USDCHF,2025-12-12,0.79523,0.79649,0.79365,0.79556,144817
USDCHF,2025-12-14,0.79544,0.79681,0.7945,0.79603,28997
USDCHF,2025-12-15,0.79396,0.79737,0.79381,0.79604,146844
USDCHF,2025-12-16,0.79604,0.79708,0.79257,0.79444,189705
USDCHF,2025-12-17,0.79444,0.79875,0.79351,0.79475,154153
USDCHF,2025-12-18,0.79475,0.79659,0.7925,0.79392,333368
USDCHF,2025-12-19,0.79392,0.79623,0.79361,0.79527,153491
USDCHF,2025-12-21,0.7939,0.7959,0.7933,0.79446,45361
USDCHF,2025-12-22,0.79527,0.79586,0.79148,0.79148,139730
USDCHF,2025-12-23,0.79148,0.79171,0.78663,0.78733,154429
USDCHF,2025-12-24,0.78733,0.78968,0.78612,0.78806,118372
USDCHF,2025-12-25,0.78684,0.78876,0.78639,0.78813,0
USDCHF,2025-12-26,0.78806,0.79032,0.78748,0.78898,203469
USDCHF,2025-12-28,0.7882,0.7899,0.7875,0.7897,35968
USDCHF,2025-12-29,0.78898,0.79158,0.7873,0.78892,181270
USDCHF,2025-12-30,0.78892,0.7924,0.7876,0.79152,124179
USDCHF,2025-12-31,0.79152,0.79423,0.79089,0.79315,135374
USDCHF,2026-01-01,0.79185,0.79254,0.79079,0.79187,0
USDCHF,2026-01-02,0.79315,0.79411,0.79007,0.79184,96936
USDCHF,2026-01-04,0.7915,0.79506,0.7906,0.7941,37243
USDCHF,2026-01-05,0.79184,0.79676,0.79016,0.7913,162613
USDCHF,2026-01-06,0.7913,0.79594,0.7906,0.79556,125229
USDCHF,2026-01-07,0.79556,0.79789,0.7942,0.79769,150056
USDCHF,2026-01-08,0.79769,0.79997,0.79657,0.79875,122168
USDCHF,2026-01-09,0.79875,0.80175,0.79748,0.80072,149020
USDCHF,2026-01-11,0.8009,0.80179,0.79721,0.79922,36115
USDCHF,2026-01-12,0.80072,0.80177,0.79556,0.79731,145926
USDCHF,2026-01-13,0.79731,0.80158,0.79612,0.80083,154501
USDCHF,2026-01-14,0.80083,0.80273,0.79834,0.79964,166474
USDCHF,2026-01-15,0.79964,0.80408,0.79836,0.80286,148946
USDCHF,2026-01-16,0.80286,0.80393,0.8006,0.80213,139982
USDCHF,2026-01-18,0.8016,0.80278,0.79793,0.79856,58521
USDCHF,2026-01-19,0.80028,0.80201,0.79623,0.7972,179758
USDCHF,2026-01-20,0.7972,0.79844,0.78776,0.78964,205274
USDCHF,2026-01-21,0.78964,0.79684,0.78888,0.79526,197368
USDCHF,2026-01-22,0.79526,0.79654,0.78876,0.78876,320156
USDCHF,2026-01-23,0.78876,0.79144,0.77877,0.78002,191835
USDCHF,2026-01-25,0.77476,0.77935,0.77403,0.77692,66040
USDCHF,2026-01-26,0.77476,0.77935,0.77305,0.77616,261958
USDCHF,2026-01-27,0.77616,0.77838,0.76032,0.76069,282665
USDCHF,2026-01-28,0.76069,0.7727,0.76013,0.76738,321309
USDCHF,2026-01-29,0.76738,0.77059,0.76395,0.76412,469024
USDCHF,2026-01-30,0.76412,0.7732,0.76344,0.77253,276841
USDCHF,2026-02-01,0.77165,0.77476,0.7705,0.77242,59753
USDCHF,2026-02-02,0.77178,0.78174,0.77139,0.77953,271344
USDCHF,2026-02-03,0.77953,0.7798,0.77381,0.77434,164391
USDCHF,2026-02-04,0.77434,0.77756,0.77434,0.77724,159255
USDCHF,2026-02-05,0.77724,0.7787,0.77418,0.77779,345892
USDCHF,2026-02-06,0.77779,0.77862,0.77504,0.77531,116614
USDCHF,2026-02-08,0.77557,0.77713,0.77398,0.7756,21108
USDCHF,2026-02-09,0.77531,0.77716,0.76535,0.76535,137380
USDCHF,2026-02-10,0.76535,0.76879,0.76287,0.76723,122745
USDCHF,2026-02-11,0.76723,0.773,0.7648,0.77061,171966
USDCHF,2026-02-12,0.77061,0.77251,0.76667,0.76835,294838
USDCHF,2026-02-13,0.76835,0.77179,0.76688,0.76721,120746
USDCHF,2026-02-15,0.7677,0.7689,0.76675,0.76863,15604
USDCHF,2026-02-16,0.76721,0.77046,0.76629,0.76937,60543
USDCHF,2026-02-17,0.76937,0.77397,0.76846,0.76931,106728
USDCHF,2026-02-18,0.76931,0.7732,0.76886,0.77296,92313
USDCHF,2026-02-19,0.77296,0.77627,0.77138,0.77472,202092
USDCHF,2026-02-20,0.77472,0.77718,0.77301,0.77492,146531
USDCHF,2026-02-22,0.77437,0.77484,0.77099,0.77245,25383
USDCHF,2026-02-23,0.77492,0.77681,0.77101,0.77452,116998
USDCHF,2026-02-24,0.77452,0.7766,0.77302,0.77382,113096
USDCHF,2026-02-25,0.77382,0.77577,0.77186,0.77221,137136
USDCHF,2026-02-26,0.77221,0.77539,0.77103,0.77335,279508
USDCHF,2026-02-27,0.77335,0.774,0.76712,0.7682,143152
USDCHF,2026-03-01,0.76706,0.76998,0.76608,0.76863,42985
USDCHF,2026-03-02,0.7668,0.78133,0.7668,0.77874,223123
USDCHF,2026-03-03,0.77874,0.78785,0.77774,0.78175,282505
USDCHF,2026-03-04,0.78175,0.78352,0.77816,0.77816,218288
USDCHF,2026-03-05,0.77816,0.78375,0.77788,0.78087,231370
USDCHF,2026-03-06,0.78087,0.78274,0.775,0.77501,243472
USDCHF,2026-03-08,0.7776,0.78255,0.7774,0.78137,48523
USDCHF,2026-03-09,0.77881,0.78255,0.77689,0.77694,296866
USDCHF,2026-03-10,0.77694,0.77929,0.77479,0.77788,209192
USDCHF,2026-03-11,0.77788,0.78085,0.77648,0.7799,179041
USDCHF,2026-03-12,0.7799,0.78633,0.77865,0.78591,340196
USDCHF,2026-03-13,0.78591,0.79168,0.7847,0.79081,164844
USDCHF,2026-03-15,0.79013,0.79114,0.78858,0.7889,28732
USDCHF,2026-03-16,0.79081,0.79228,0.78647,0.78647,148488
USDCHF,2026-03-17,0.78647,0.79002,0.78404,0.78404,120785
USDCHF,2026-03-18,0.78404,0.79359,0.78372,0.79314,149548
USDCHF,2026-03-19,0.79314,0.79581,0.7857,0.78815,553876
USDCHF,2026-03-20,0.78815,0.79054,0.78551,0.78727,195557
USDCHF,2026-03-22,0.78727,0.78955,0.78655,0.78884,33148
USDCHF,2026-03-23,0.78727,0.79398,0.78342,0.78625,411873
USDCHF,2026-03-24,0.78625,0.79246,0.78555,0.78817,254921
USDCHF,2026-03-25,0.78817,0.79245,0.78697,0.79085,183877
USDCHF,2026-03-26,0.79085,0.79591,0.79056,0.79454,302984
USDCHF,2026-03-27,0.79454,0.79933,0.79344,0.79818,162883
USDCHF,2026-03-29,0.79984,0.80126,0.7978,0.7998,34310
USDCHF,2026-03-30,0.79818,0.80127,0.79716,0.79829,148447
USDCHF,2026-03-31,0.79829,0.80424,0.7979,0.79894,283720
USDCHF,2026-04-01,0.79894,0.79934,0.79045,0.79366,274395
USDCHF,2026-04-02,0.79366,0.80085,0.79275,0.79875,386462
USDCHF,2026-04-03,0.79875,0.80311,0.79724,0.7994,88960
USDCHF,2026-04-05,0.80108,0.80176,0.79626,0.80115,29739
USDCHF,2026-04-06,0.7994,0.80182,0.7961,0.7972,186858
USDCHF,2026-04-07,0.7972,0.80109,0.79665,0.797,172417
USDCHF,2026-04-08,0.797,0.79814,0.7869,0.79081,250847
USDCHF,2026-04-09,0.79081,0.79219,0.7879,0.78986,290376
USDCHF,2026-04-10,0.78986,0.79136,0.78544,0.78831,133135
USDCHF,2026-04-12,0.79288,0.7929,0.787,0.79261,27295
USDCHF,2026-04-13,0.78944,0.7934,0.78262,0.78262,241548
USDCHF,2026-04-14,0.78262,0.78383,0.77901,0.78083,242931
USDCHF,2026-04-15,0.78083,0.78313,0.77985,0.78119,248354
USDCHF,2026-04-16,0.78119,0.78455,0.77988,0.78351,235348
USDCHF,2026-04-17,0.78351,0.78401,0.7775,0.78142,234075
USDCHF,2026-04-19,0.78368,0.78368,0.7774,0.78366,26168
USDCHF,2026-04-20,0.78084,0.78391,0.77756,0.77804,138846
USDCHF,2026-04-21,0.77804,0.7826,0.77774,0.78037,143621
USDCHF,2026-04-22,0.78037,0.78501,0.77918,0.78476,118291
USDCHF,2026-04-23,0.78476,0.78733,0.78311,0.78632,309612
USDCHF,2026-04-24,0.78632,0.78765,0.78407,0.78413,125810
USDCHF,2026-04-26,0.78645,0.78645,0.783,0.7863,17976
USDCHF,2026-04-27,0.78644,0.78655,0.78307,0.78545,99343
USDCHF,2026-04-28,0.78545,0.79111,0.78375,0.78922,138271
USDCHF,2026-04-29,0.78922,0.79247,0.78794,0.78994,259860
USDCHF,2026-04-30,0.78994,0.7923,0.78053,0.78131,497112
USDCHF,2026-05-01,0.78131,0.78302,0.77786,0.78118,232592
USDCHF,2026-05-03,0.78009,0.78128,0.7795,0.78123,200041
USDCHF,2026-05-04,0.78118,0.78475,0.77981,0.78387,268488
USDCHF,2026-05-05,0.78387,0.78479,0.7813,0.78295,231470
USDCHF,2026-05-06,0.78295,0.7833,0.77709,0.77872,282705
USDCHF,2026-05-07,0.77872,0.78074,0.77657,0.77949,263860
USDCHF,2026-05-08,0.77949,0.78092,0.77558,0.77562,228153
USDCHF,2026-05-10,0.77779,0.77947,0.7766,0.77777,19090
USDCHF,2026-05-11,0.77719,0.77951,0.77632,0.77788,102085
USDCHF,2026-05-12,0.77788,0.78233,0.77683,0.78051,230549
USDCHF,2026-05-13,0.78051,0.78309,0.7797,0.78177,224432
USDCHF,2026-05-14,0.78177,0.78404,0.78077,0.7837,181566
USDCHF,2026-05-15,0.7837,0.78734,0.78276,0.78636,262126
USDCHF,2026-05-17,0.7873,0.78765,0.7844,0.78729,4586
USDCHF,2026-05-18,0.78582,0.78774,0.78397,0.78436,266265
USDCHF,2026-05-19,0.78436,0.7906,0.78341,0.78892,237757
USDCHF,2026-05-20,0.78892,0.79067,0.7857,0.78714,157353
USDCHF,2026-05-21,0.78714,0.79038,0.78575,0.78653,166980
USDCHF,2026-05-22,0.78653,0.78758,0.78379,0.78458,117569
USDCHF,2026-05-24,0.7843,0.7845,0.78155,0.78212,21512
USDCHF,2026-05-25,0.78371,0.78401,0.78077,0.78235,72602
USDCHF,2026-05-26,0.78235,0.78646,0.78184,0.78566,103530
USDCHF,2026-05-27,0.78566,0.78754,0.78426,0.78707,225182
USDCHF,2026-05-28,0.78707,0.78994,0.7833,0.78389,273602
USDCHF,2026-05-29,0.78389,0.78471,0.77951,0.78031,232859
USDCHF,2026-05-31,0.7797,0.7834,0.7797,0.78319,23127
USDCHF,2026-06-01,0.78076,0.78844,0.78074,0.78656,252669
USDCHF,2026-06-02,0.78656,0.78842,0.78441,0.78717,232669
USDCHF,2026-06-03,0.78717,0.79273,0.78592,0.79205,124631
USDCHF,2026-06-04,0.79205,0.79225,0.7868,0.78958,259678
USDCHF,2026-06-05,0.78958,0.79678,0.78717,0.79542,160996
USDCHF,2026-06-07,0.79501,0.79794,0.79501,0.79696,28722
USDCHF,2026-06-08,0.79501,0.79867,0.79472,0.79772,169839
USDCHF,2026-06-09,0.79772,0.79916,0.79483,0.79816,149125
USDCHF,2026-06-10,0.79816,0.80023,0.79649,0.79997,169373
USDCHF,2026-06-11,0.79997,0.80129,0.79417,0.79487,389656
USDCHF,2026-06-12,0.79487,0.79758,0.79368,0.79645,166514
USDCHF,2026-06-14,0.7964,0.7964,0.79274,0.79375,29624
USDCHF,2026-06-15,0.79645,0.79646,0.7921,0.79415,121186
USDCHF,2026-06-16,0.79415,0.79597,0.79214,0.7931,109950
USDCHF,2026-06-17,0.7931,0.80152,0.79098,0.79971,171217
USDCHF,2026-06-18,0.79971,0.80622,0.79817,0.80384,367216
USDCHF,2026-06-19,0.80384,0.80917,0.80383,0.8063,129658
USDCHF,2026-06-21,0.80799,0.8096,0.8068,0.80797,25354
USDCHF,2026-06-22,0.80712,0.80973,0.80684,0.80812,146507
USDCHF,2026-06-23,0.80812,0.81065,0.80745,0.80961,132789
USDCHF,2026-06-24,0.80961,0.81394,0.80889,0.81193,149872
USDCHF,2026-06-25,0.81193,0.81347,0.80894,0.80913,307132
USDCHF,2026-06-26,0.80913,0.81119,0.80656,0.80901,162095
USDCHF,2026-06-28,0.81014,0.81014,0.8078,0.81007,21776
USDCHF,2026-06-29,0.80997,0.81035,0.80708,0.80708,116341
USDCHF,2026-06-30,0.80708,0.81013,0.80627,0.80833,139412
USDCHF,2026-07-01,0.80833,0.81199,0.80661,0.80845,242131
USDCHF,2026-07-02,0.80845,0.80968,0.80094,0.80341,419680
USDCHF,2026-07-03,0.80341,0.8047,0.80104,0.80276,231918
USDCHF,2026-07-05,0.80387,0.80727,0.8032,0.8038,20505
USDCHF,2026-07-06,0.8025,0.80731,0.80234,0.80501,224352
USDCHF,2026-07-07,0.80501,0.80876,0.80386,0.80763,115882
USDCHF,2026-07-08,0.80763,0.81079,0.80636,0.80759,181381
USDCHF,2026-07-09,0.80759,0.80849,0.80528,0.80593,243294
USDCHF,2026-07-10,0.80593,0.80896,0.80304,0.8076,241973
USDCHF,2026-07-12,0.80932,0.81271,0.80746,0.80936,34580
USDCHF,2026-07-13,0.8064,0.81495,0.8064,0.81475,277803
USDCHF,2026-07-14,0.81475,0.81513,0.80602,0.80907,280336
USDCHF,2026-07-15,0.80907,0.81145,0.80337,0.80469,161077
USDCHF,2026-07-16,0.80469,0.80969,0.80383,0.80864,282492
USDCHF,2026-07-17,0.80864,0.80929,0.80602,0.80669,147578
USDCHF,2026-07-19,0.8067,0.80905,0.8066,0.80733,2
USDCHF,2026-07-20,0.80798,0.81077,0.80612,0.80921,124063
USDCHF,2026-07-21,0.80921,0.81324,0.80906,0.81267,124975
USDCHF,2026-07-22,0.81267,0.81481,0.81132,0.81441,119950
USDCHF,2026-07-23,0.81441,0.818,0.81299,0.8167,309018
USDCHF,2026-07-24,0.8167,0.81856,0.81526,0.81776,132677
USDCHF,2026-07-26,0.8177,0.8177,0.81384,0.81495,27270
USDCHF,2026-07-27,0.81535,0.81939,0.81386,0.81843,144499
USDCHF,2026-07-28,0.81843,0.82051,0.81676,0.81863,112050
USDCHF,2026-07-29,0.81863,0.82069,0.81322,0.81322,257950
USDCHF,2026-07-30,0.81322,0.81746,0.80385,0.80494,506332
USDCHF,2026-07-31,0.80494,0.81289,0.80418,0.80679,273640
USDCHF,2026-08-02,0.80737,0.81139,0.80568,0.807,56116
USDCHF,2026-08-03,0.80552,0.81152,0.80552,0.80986,255353
USDCHF,2026-08-04,0.80986,0.81062,0.80799,0.80893,253736
USDCHF,2026-08-05,0.80893,0.81014,0.80636,0.80709,163714
USDCHF,2026-08-06,0.80709,0.81356,0.80601,0.81155,256644
USDCHF,2026-08-07,0.81155,0.81292,0.80562,0.80754,163249
USDCHF,2026-08-09,0.8068,0.80926,0.80591,0.80911,27737
USDCHF,2026-08-10,0.80754,0.81044,0.80602,0.81019,126746
USDCHF,2026-08-11,0.81019,0.81207,0.80903,0.81013,107148
USDCHF,2026-08-12,0.81013,0.81395,0.80912,0.81294,135669
USDCHF,2026-08-13,0.8133,0.81437,0.81217,0.81399,25593
