symbol,date,open,high,low,close,volume
VGK,2006-07-31,60.45,60.47,60.25,60.45,42600
VGK,2006-08-01,60.32,60.32,59.57,60.13,113400
VGK,2006-08-02,60.65,60.86,60.45,60.73,129500
VGK,2006-08-03,60.25,60.8,60.05,60.65,323900
VGK,2006-08-04,61.42,61.46,60.77,60.89,103300
VGK,2006-08-07,60.72,60.85,60.53,60.66,43200
VGK,2006-08-08,60.65,61.01,60.2,60.27,75100
VGK,2006-08-09,61.15,61.4,60.63,60.72,75700
VGK,2006-08-10,60.39,60.56,60.0,60.5,65400
VGK,2006-08-11,60.03,60.29,59.9,60.19,80600
VGK,2006-08-14,60.5,60.7699,60.16,60.27,85500
VGK,2006-08-15,61.33,61.61,61.23,61.6,107200
VGK,2006-08-16,61.99,62.15,61.85,62.14,335900
VGK,2006-08-17,62.2,62.2,61.8,61.92,153100
VGK,2006-08-18,62.05,62.1,61.62,62.1,104100
VGK,2006-08-21,62.07,62.35,61.96,62.04,214000
VGK,2006-08-22,61.7,61.85,61.41,61.69,126700
VGK,2006-08-23,61.93,61.97,61.34,61.55,107300
VGK,2006-08-24,61.73,61.88,61.32,61.52,161100
VGK,2006-08-25,61.55,61.59,61.364,61.51,51300
VGK,2006-08-28,61.8,62.06,61.65,62.0,59600
VGK,2006-08-29,62.13,62.37,61.8078,62.37,95600
VGK,2006-08-30,62.83,62.83,62.4701,62.55,101400
VGK,2006-08-31,62.76,62.76,62.25,62.41,66100
VGK,2006-09-01,62.63,62.81,62.4156,62.71,83500
VGK,2006-09-05,62.8,62.8,62.4301,62.72,128700
VGK,2006-09-06,62.2,62.2,61.75,61.84,140000
VGK,2006-09-07,61.61,61.61,60.88,61.15,122800
VGK,2006-09-08,61.1,61.19,60.79,61.15,83800
VGK,2006-09-11,61.05,61.13,60.6,60.96,61300
VGK,2006-09-12,61.45,61.97,61.16,61.86,334700
VGK,2006-09-13,61.8,61.98,61.51,61.93,161800
VGK,2006-09-14,62.05,62.05,61.81,62.03,294100
VGK,2006-09-15,62.1,62.1,61.54,61.7,121200
VGK,2006-09-18,61.66,62.09,61.66,62.02,124500
VGK,2006-09-19,62.0,62.0,61.13,61.43,127200
VGK,2006-09-20,61.9,62.38,61.89,62.3,72400
VGK,2006-09-21,62.8,62.8,62.32,62.57,65500
VGK,2006-09-22,62.8,62.8,62.21,62.34,75800
VGK,2006-09-25,62.45,62.63,61.7298,62.52,47600
VGK,2006-09-26,62.5,62.85,62.32,62.85,203200
VGK,2006-09-27,62.95,63.0,62.76,63.0,103400
VGK,2006-09-28,63.25,63.25,62.8701,63.2,75700
VGK,2006-09-29,62.97,64.0,62.84,63.11,234500
VGK,2006-10-02,63.11,63.35,62.91,63.08,160600
VGK,2006-10-03,62.73,63.23,62.71,62.97,334200
VGK,2006-10-04,63.1,63.68,63.03,63.65,107600
VGK,2006-10-05,63.75,63.75,63.41,63.65,135300
VGK,2006-10-06,63.35,63.35,62.89,63.18,510800
VGK,2006-10-09,63.25,63.36,63.05,63.3,88600
VGK,2006-10-10,63.3,63.33,63.0,63.33,68600
VGK,2006-10-11,63.21,63.6,63.04,63.42,163000
VGK,2006-10-12,63.79,64.11,63.65,64.11,117100
VGK,2006-10-13,64.02,64.15,63.83,64.1,89800
VGK,2006-10-16,64.18,64.39,64.05,64.26,353900
VGK,2006-10-17,64.09,64.09,63.56,63.88,401200
VGK,2006-10-18,64.14,64.3,63.79,63.95,146700
VGK,2006-10-19,64.43,64.68,64.25,64.49,135600
VGK,2006-10-20,64.78,64.89,64.49,64.89,145100
VGK,2006-10-23,64.35,64.85,64.15,64.85,260200
VGK,2006-10-24,64.6,64.82,64.5,64.74,86800
VGK,2006-10-25,64.99,65.35,64.95,65.29,93700
VGK,2006-10-26,65.75,65.81,65.31,65.77,182600
VGK,2006-10-27,65.71,65.71,65.28,65.36,140200
VGK,2006-10-30,65.25,65.4,65.0,65.22,85600
VGK,2006-10-31,65.35,65.58,65.17,65.44,182600
VGK,2006-11-01,66.01,66.08,65.22,65.33,154400
VGK,2006-11-02,65.35,65.89,65.22,65.56,329500
VGK,2006-11-03,65.44,65.62,65.2628,65.4,249300
VGK,2006-11-06,65.96,66.37,65.4,66.28,198200
VGK,2006-11-07,66.83,66.99,66.55,66.57,153400
VGK,2006-11-08,66.5,66.94,66.3432,66.85,115300
VGK,2006-11-09,66.72,66.88,66.53,66.53,263100
VGK,2006-11-10,67.0,67.09,66.79,67.09,179000
VGK,2006-11-13,66.85,66.86,66.64,66.78,184600
VGK,2006-11-14,67.1,67.13,66.39,67.06,138000
VGK,2006-11-15,66.82,67.23,66.7,67.11,705100
VGK,2006-11-16,67.3,67.3,67.0,67.02,166800
VGK,2006-11-17,66.5,66.93,66.3403,66.93,121300
VGK,2006-11-20,66.83,66.99,66.65,66.85,74100
VGK,2006-11-21,67.2,67.32,67.01,67.29,166900
VGK,2006-11-22,67.76,67.78,67.44,67.66,121000
VGK,2006-11-24,67.43,67.76,67.37,67.61,79300
VGK,2006-11-27,67.56,67.56,66.6105,66.69,158300
VGK,2006-11-28,66.77,67.14,66.65,67.14,163000
VGK,2006-11-29,67.7,67.8,67.34,67.66,112100
VGK,2006-11-30,68.05,68.06,67.685,67.9,91900
VGK,2006-12-01,68.14,68.14,67.35,67.66,146200
VGK,2006-12-04,67.7,68.17,67.63,68.17,173300
VGK,2006-12-05,68.4,68.69,68.2,68.69,271600
VGK,2006-12-06,68.34,68.48,68.11,68.24,144600
VGK,2006-12-07,68.98,68.9999,68.6,68.69,372700
VGK,2006-12-08,68.8,68.99,68.46,68.52,127800
VGK,2006-12-11,68.68,69.04,68.585,68.99,169900
VGK,2006-12-12,69.12,69.27,68.8588,69.15,676300
VGK,2006-12-13,69.5,69.61,69.25,69.53,259400
VGK,2006-12-14,69.65,69.9,69.46,69.9,244400
VGK,2006-12-15,70.0,70.03,69.2915,69.39,308400
VGK,2006-12-18,69.82,69.82,69.26,69.5,165600
VGK,2006-12-19,69.47,69.92,69.33,69.88,156100
VGK,2006-12-20,70.07,70.11,69.487,69.51,504100
VGK,2006-12-21,69.6,69.65,69.24,69.36,257000
VGK,2006-12-22,67.88,68.88,67.09,67.38,186100
VGK,2006-12-26,67.39,67.57,67.3,67.4088,136200
VGK,2006-12-27,68.05,68.21,67.8,68.1,96200
VGK,2006-12-28,68.5,68.5,68.02,68.4,303400
VGK,2006-12-29,68.15,68.3499,68.07,68.16,277700
VGK,2007-01-03,69.1,69.28,68.3701,68.5,635400
VGK,2007-01-04,68.3,68.39,68.076,68.37,295800
VGK,2007-01-05,67.85,67.85,67.14,67.5,247600
VGK,2007-01-08,67.5,67.5,67.05,67.27,361800
VGK,2007-01-09,67.55,67.6,66.78,67.02,624300
VGK,2007-01-10,66.78,66.8,66.4245,66.66,199500
VGK,2007-01-11,66.98,67.72,66.81,67.65,223500
VGK,2007-01-12,67.74,68.1,67.67,68.05,227700
VGK,2007-01-16,68.41,68.41,67.85,68.24,327900
VGK,2007-01-17,67.9,68.2499,67.7304,67.95,158000
VGK,2007-01-18,68.5,68.5,67.8,67.87,162500
VGK,2007-01-19,68.1,68.7,68.05,68.61,1318600
VGK,2007-01-22,68.81,69.05,68.1101,68.27,290300
VGK,2007-01-23,68.52,68.96,68.39,68.7,565800
VGK,2007-01-24,69.05,69.24,68.82,69.24,297300
VGK,2007-01-25,69.15,69.2,68.11,68.15,309300
VGK,2007-01-26,68.4,68.4,67.77,68.25,201200
VGK,2007-01-29,68.28,68.54,68.06,68.37,173100
VGK,2007-01-30,68.7,68.84,68.5072,68.82,114700
VGK,2007-01-31,68.45,69.23,68.26,69.23,186700
VGK,2007-02-01,69.6,69.71,69.34,69.68,193100
VGK,2007-02-02,69.61,69.63,69.3782,69.57,150800
VGK,2007-02-05,69.35,69.47,69.15,69.35,198100
VGK,2007-02-06,69.88,69.97,69.54,69.97,306200
VGK,2007-02-07,70.2,70.39,69.94,70.19,185000
VGK,2007-02-08,69.8,70.0,69.5,70.0,195500
VGK,2007-02-09,69.9,69.95,69.31,69.62,308800
VGK,2007-02-12,69.55,69.55,69.15,69.21,173200
VGK,2007-02-13,69.44,69.97,69.44,69.89,231700
VGK,2007-02-14,70.18,70.97,70.18,70.88,154300
VGK,2007-02-15,71.0,71.0,70.65,70.91,121900
VGK,2007-02-16,70.7,70.84,70.5,70.84,125000
VGK,2007-02-20,70.78,71.03,70.4899,70.91,293100
VGK,2007-02-21,70.38,70.47,70.14,70.46,108500
VGK,2007-02-22,70.65,70.74,70.49,70.65,189000
VGK,2007-02-23,70.88,71.03,70.6744,71.03,91600
VGK,2007-02-26,71.39,71.39,70.89,71.1,198600
VGK,2007-02-27,69.6,69.8,67.01,67.63,855300
VGK,2007-02-28,68.44,68.77,67.95,68.37,524100
VGK,2007-03-01,67.05,67.7,66.65,67.44,419200
VGK,2007-03-02,67.1,67.35,66.59,66.75,228200
VGK,2007-03-05,65.63,66.25,65.3,65.6,441800
VGK,2007-03-06,66.4,67.42,66.4,67.39,218300
VGK,2007-03-07,67.3,67.8,67.17,67.65,134900
VGK,2007-03-08,67.97,68.29,67.83,67.9901,187100
VGK,2007-03-09,68.18,68.3745,68.0,68.31,156700
VGK,2007-03-12,68.18,68.651,68.03,68.57,56700
VGK,2007-03-13,68.09,68.29,66.81,66.87,242300
VGK,2007-03-14,66.44,67.12,65.71,67.12,445100
VGK,2007-03-15,66.92,67.4525,66.79,67.39,178900
VGK,2007-03-16,67.7,68.05,67.4798,67.62,128200
VGK,2007-03-19,68.34,68.7,68.14,68.47,58500
VGK,2007-03-20,68.52,69.2525,68.5,69.2499,204200
VGK,2007-03-21,69.75,71.22,69.46,71.02,234200
VGK,2007-03-22,70.85,70.94,70.4255,70.59,158200
VGK,2007-03-23,70.97,70.99,70.77,70.91,263400
VGK,2007-03-26,70.99,71.08,70.25,71.08,141900
VGK,2007-03-27,70.51,70.73,70.33,70.68,96500
VGK,2007-03-28,70.11,70.39,69.94,69.94,139300
VGK,2007-03-29,70.69,70.84,70.4,70.79,95400
VGK,2007-03-30,70.73,71.12,70.67,70.92,222000
VGK,2007-04-02,71.34,71.62,70.95,71.62,272500
VGK,2007-04-03,71.69,72.12,71.61,72.01,115200
VGK,2007-04-04,71.98,72.2246,71.79,72.08,256900
VGK,2007-04-05,72.45,72.81,72.3101,72.81,296600
VGK,2007-04-09,72.73,72.8099,72.34,72.43,324900
VGK,2007-04-10,72.89,73.16,72.71,73.1,106200
VGK,2007-04-11,73.35,73.35,72.46,72.75,663200
VGK,2007-04-12,72.66,73.4,72.41,73.4,140600
VGK,2007-04-13,73.73,73.83,73.37,73.81,172800
VGK,2007-04-16,74.52,74.8,74.4,74.62,151900
VGK,2007-04-17,74.8,74.87,74.46,74.64,379600
VGK,2007-04-18,74.45,74.89,74.25,74.6,265100
VGK,2007-04-19,73.98,74.63,73.77,74.44,550900
VGK,2007-04-20,75.32,75.42,75.036,75.4,342300
VGK,2007-04-23,74.94,75.16,74.77,74.82,309500
VGK,2007-04-24,74.7699,74.92,74.5,74.91,159100
VGK,2007-04-25,75.4599,75.67,75.2,75.62,236500
VGK,2007-04-26,75.35,75.452,74.95,75.19,136900
VGK,2007-04-27,74.98,75.38,74.891,75.29,120500
VGK,2007-04-30,75.32,75.58,75.0,75.0,109200
VGK,2007-05-01,75.29,75.31,74.57,74.99,205900
VGK,2007-05-02,75.05,75.53,74.94,75.48,157100
VGK,2007-05-03,75.45,75.51,75.081,75.4,154800
VGK,2007-05-04,76.16,76.4,76.07,76.4,324900
VGK,2007-05-07,76.4,76.5,76.3,76.44,222800
VGK,2007-05-08,75.52,75.64,75.02,75.64,154100
VGK,2007-05-09,75.47,75.8,75.25,75.8,154400
VGK,2007-05-10,75.15,75.3599,73.88,74.0,478300
VGK,2007-05-11,74.8,75.67,74.62,75.67,215600
VGK,2007-05-14,75.51,75.56,74.95,75.22,443200
VGK,2007-05-15,75.28,76.12,75.25,75.4,251800
VGK,2007-05-16,75.84,75.91,75.2,75.64,186300
VGK,2007-05-17,75.45,75.62,75.16,75.51,225400
VGK,2007-05-18,75.98,76.46,75.86,76.45,226700
VGK,2007-05-21,76.21,76.33,75.82,75.86,278800
VGK,2007-05-22,76.08,76.19,75.8,75.88,157200
VGK,2007-05-23,76.67,76.83,76.2808,76.29,255500
VGK,2007-05-24,76.36,76.45,75.38,75.53,118000
VGK,2007-05-25,75.8,76.13,75.78,76.03,120700
VGK,2007-05-29,76.5,76.5,75.81,75.99,208700
VGK,2007-05-30,75.33,76.35,75.2632,76.35,203700
VGK,2007-05-31,76.5822,76.79,76.4,76.6,179000
VGK,2007-06-01,76.87,77.24,76.87,77.02,448300
VGK,2007-06-04,77.22,77.51,77.2,77.51,201200
VGK,2007-06-05,77.29,77.3,76.45,76.76,212700
VGK,2007-06-06,76.41,76.41,75.409,75.6,339200
VGK,2007-06-07,74.94,75.33,73.67,73.8,345600
VGK,2007-06-08,73.95,74.94,73.84,74.81,119100
VGK,2007-06-11,74.41,75.22,74.36,74.94,197800
VGK,2007-06-12,74.39,74.73,73.65,73.66,143500
VGK,2007-06-13,74.07,74.85,74.07,74.84,199900
VGK,2007-06-14,74.86,75.54,74.82,75.42,200600
VGK,2007-06-15,76.6,76.89,76.471,76.6,205000
VGK,2007-06-18,77.05,77.06,76.61,76.67,151100
VGK,2007-06-19,76.77,77.0,76.5,77.0,194700
VGK,2007-06-20,77.33,77.33,75.9301,76.26,137600
VGK,2007-06-21,75.99,76.71,75.62,76.4299,130800
VGK,2007-06-22,76.0801,76.27,75.26,75.42,326200
VGK,2007-06-25,75.5,76.3,75.27,75.37,139600
VGK,2007-06-26,75.85,75.9399,75.14,75.14,326300
VGK,2007-06-27,74.8,75.7,74.77,75.6,170100
VGK,2007-06-28,75.82,76.37,75.82,75.82,187600
VGK,2007-06-29,76.38,76.67,75.78,76.33,185600
VGK,2007-07-02,76.79,77.34,76.78,77.2,180600
VGK,2007-07-03,77.5,77.79,77.5,77.75,225600
VGK,2007-07-05,77.82,77.94,77.12,77.52,128200
VGK,2007-07-06,77.7,78.15,77.51,78.01,125900
VGK,2007-07-09,78.43,78.5,78.18,78.35,140400
VGK,2007-07-10,77.95,78.09,77.01,77.15,177900
VGK,2007-07-11,77.78,78.2,77.5528,78.2,123000
VGK,2007-07-12,78.537,79.62,78.48,79.51,136100
VGK,2007-07-13,79.49,79.53,79.18,79.32,113700
VGK,2007-07-16,79.26,79.52,78.85,78.85,153600
VGK,2007-07-17,79.1,79.29,78.84,78.9,221000
VGK,2007-07-18,78.69,78.9,77.9271,78.5,149700
VGK,2007-07-19,79.25,79.32,78.61,78.61,196100
VGK,2007-07-20,78.82,78.87,77.58,77.96,138700
VGK,2007-07-23,78.59,78.781,78.25,78.27,139100
VGK,2007-07-24,78.0,78.0,76.52,76.72,224100
VGK,2007-07-25,78.61,78.61,75.9,76.59,149600
VGK,2007-07-26,75.08,75.26,73.03,74.19,485800
VGK,2007-07-27,73.85,74.059,72.65,72.65,294400
VGK,2007-07-30,74.14,74.29,73.26,73.7,384700
VGK,2007-07-31,74.96,75.2646,74.05,74.16,198600
VGK,2007-08-01,74.2,75.27,73.26,74.71,285900
VGK,2007-08-02,74.5,74.79,74.076,74.75,247200
VGK,2007-08-03,74.0,74.47,73.317,73.36,200800
VGK,2007-08-06,73.87,74.47,73.26,74.36,163300
VGK,2007-08-07,73.75,75.08,73.41,74.64,149600
VGK,2007-08-08,75.21,76.1899,75.21,76.12,252700
VGK,2007-08-09,72.9,74.4,72.9,73.21,398800
VGK,2007-08-10,71.8,72.67,71.44,72.351,329500
VGK,2007-08-13,73.17,73.17,72.3,72.43,141200
VGK,2007-08-14,72.82,72.92,71.3,71.4399,744900
VGK,2007-08-15,70.25,71.41,69.7,69.7,392100
VGK,2007-08-16,68.68,69.44,67.26,69.13,659900
VGK,2007-08-17,70.59,71.28,69.68,70.62,243100
VGK,2007-08-20,71.34,71.65,70.11,70.45,321300
VGK,2007-08-21,70.31,70.96,70.29,70.3,248800
VGK,2007-08-22,71.91,72.34,71.5299,72.2999,444600
VGK,2007-08-23,72.865,73.0,71.88,72.18,212200
VGK,2007-08-24,72.71,73.86,72.67,73.73,186600
VGK,2007-08-27,73.61,73.62,73.15,73.29,127500
VGK,2007-08-28,72.37,72.77,71.07,71.29,128000
VGK,2007-08-29,72.16,73.3329,71.9544,73.32,121900
VGK,2007-08-30,72.1888,73.47,72.16,72.86,76800
VGK,2007-08-31,74.41,74.63,73.76,74.36,186100
VGK,2007-09-04,73.8,75.1295,73.37,74.87,185900
VGK,2007-09-05,74.12,74.2,73.54,73.86,100000
VGK,2007-09-06,73.91,74.44,73.45,74.23,433000
VGK,2007-09-07,73.84,73.84,72.72,73.13,148300
VGK,2007-09-10,73.3,73.404,72.226,72.55,102000
VGK,2007-09-11,73.54,74.3,73.48,74.3,108000
VGK,2007-09-12,73.94,74.5,73.7001,74.16,111700
VGK,2007-09-13,74.7408,75.08,74.65,74.74,114300
VGK,2007-09-14,73.54,74.35,73.54,74.12,152500
VGK,2007-09-17,73.37,73.51,72.59,73.12,174000
VGK,2007-09-18,73.88,75.9,73.5465,75.71,183800
VGK,2007-09-19,76.48,76.75,75.9601,76.148,465900
VGK,2007-09-20,76.37,76.76,76.21,76.44,99600
VGK,2007-09-21,76.92,77.2,76.8,77.0,170400
VGK,2007-09-24,77.06,77.17,76.58,76.92,187700
VGK,2007-09-25,75.97,77.0,75.93,77.0,160600
VGK,2007-09-26,77.07,77.29,76.7,76.84,148900
VGK,2007-09-27,77.64,77.78,77.38,77.76,131600
VGK,2007-09-28,77.76,78.2,77.3001,78.2,108500
VGK,2007-10-01,77.6,79.0,77.6,78.9799,248900
VGK,2007-10-02,78.77,78.92,78.24,78.92,99500
VGK,2007-10-03,78.6,78.66,78.0,78.0,169200
VGK,2007-10-04,78.51,78.81,78.269,78.54,275600
VGK,2007-10-05,78.95,79.44,78.81,78.95,143900
VGK,2007-10-08,78.5,78.77,78.3001,78.35,168800
VGK,2007-10-09,78.7,79.65,78.7,79.22,179600
VGK,2007-10-10,79.48,79.66,79.2275,79.48,119300
VGK,2007-10-11,80.2,80.6799,79.65,79.8301,142000
VGK,2007-10-12,79.84,80.36,79.7,80.1,97200
VGK,2007-10-15,80.48,80.48,79.44,79.61,104500
VGK,2007-10-16,78.99,79.0,78.59,78.69,131400
VGK,2007-10-17,79.9,80.0,79.15,79.61,147100
VGK,2007-10-18,79.53,79.9199,79.338,79.84,99300
VGK,2007-10-19,79.4,79.4,78.14,78.14,174000
VGK,2007-10-22,77.0,77.84,76.83,77.84,308000
VGK,2007-10-23,78.94,79.0664,78.3726,78.9,257400
VGK,2007-10-24,78.74,79.09,77.7,78.5,166300
VGK,2007-10-25,79.28,79.45,78.78,78.95,216400
VGK,2007-10-26,80.22,80.63,80.01,80.47,166100
VGK,2007-10-29,80.81,81.1493,80.6101,81.14,798700
VGK,2007-10-30,80.5188,80.86,80.32,80.78,256100
VGK,2007-10-31,81.03,82.094,80.85,81.91,926600
VGK,2007-11-01,80.45,80.45,79.6201,79.98,401900
VGK,2007-11-02,80.07,80.65,79.5,80.4,458000
VGK,2007-11-05,79.18,79.69,78.93,79.52,464400
VGK,2007-11-06,79.88,80.59,79.88,80.55,181500
VGK,2007-11-07,78.99,80.45,78.99,79.25,262200
VGK,2007-11-08,80.0,80.2,78.98,80.0,353000
VGK,2007-11-09,79.65,79.65,78.0,78.1299,518100
VGK,2007-11-12,78.0,78.0,76.6795,76.86,236900
VGK,2007-11-13,78.33,78.9399,77.85,78.9,185900
VGK,2007-11-14,79.29,79.6199,78.2388,78.38,185400
VGK,2007-11-15,77.54,78.0,76.57,77.32,407100
VGK,2007-11-16,77.18,77.93,76.884,77.72,301900
VGK,2007-11-19,76.65,76.75,75.17,75.3,339800
VGK,2007-11-20,75.6,77.2699,75.6,76.78,387800
VGK,2007-11-21,75.53,76.34,75.16,75.59,402000
VGK,2007-11-23,76.74,77.55,76.7201,77.49,169100
VGK,2007-11-26,76.95,77.66,75.77,75.8,309800
VGK,2007-11-27,76.77,76.924,75.98,76.9,250400
VGK,2007-11-28,77.22,79.42,77.22,79.3,251600
VGK,2007-11-29,77.91,78.8887,77.79,78.45,472300
VGK,2007-11-30,78.78,79.82,78.56,78.83,249900
VGK,2007-12-03,80.21,80.21,78.47,78.58,169300
VGK,2007-12-04,78.0,78.32,77.92,78.12,304700
VGK,2007-12-05,79.38,79.38,78.54,78.87,181200
VGK,2007-12-06,78.84,79.56,78.42,79.49,179800
VGK,2007-12-07,80.0,80.0,79.28,79.3844,155500
VGK,2007-12-10,79.44,80.504,79.44,80.3,173500
VGK,2007-12-11,80.62,80.62,77.95,78.2,335900
VGK,2007-12-12,80.51,80.91,79.22,79.81,480700
VGK,2007-12-13,78.72,78.74,77.5901,78.35,291900
VGK,2007-12-14,77.01,77.45,76.45,76.46,708300
VGK,2007-12-17,75.7,75.8399,74.85,75.05,441100
VGK,2007-12-18,76.07,76.25,74.74,75.7,256300
VGK,2007-12-19,75.41,75.6999,74.66,75.07,225500
VGK,2007-12-20,75.43,75.6,74.95,75.48,302800
VGK,2007-12-21,76.35,76.56,76.08,76.54,386200
VGK,2007-12-24,74.69,74.69,74.15,74.58,193600
VGK,2007-12-26,74.48,74.94,73.79,74.78,203200
VGK,2007-12-27,74.97,75.18,74.63,74.89,396700
VGK,2007-12-28,75.52,75.73,75.27,75.61,366200
VGK,2007-12-31,75.4,75.71,74.52,74.82,532700
VGK,2008-01-02,75.02,75.53,74.3,74.53,541700
VGK,2008-01-03,74.87,74.88,74.35,74.8,491600
VGK,2008-01-04,74.32,74.32,72.69,72.98,537500
VGK,2008-01-07,73.3,73.41,72.57,72.95,604800
VGK,2008-01-08,73.47,74.02,72.36,72.397,440500
VGK,2008-01-09,72.08,72.69,71.73,72.5,497100
VGK,2008-01-10,71.66,72.92,71.66,72.56,875600
VGK,2008-01-11,71.5,71.99,70.93,71.24,1516400
VGK,2008-01-14,72.95,72.95,72.05,72.37,538000
VGK,2008-01-15,70.99,71.49,70.04,70.05,729600
VGK,2008-01-16,69.83,70.4,68.53,68.7,872300
VGK,2008-01-17,69.29,69.68,67.34,67.7,1952900
VGK,2008-01-18,68.25,69.05,67.1301,67.49,751600
VGK,2008-01-22,61.43,65.88,60.0,65.6,1404000
VGK,2008-01-23,62.23,65.82,61.62,65.39,3094200
VGK,2008-01-24,66.02,67.42,66.02,67.3,1051400
VGK,2008-01-25,68.22,68.4,65.68,65.9,940700
VGK,2008-01-28,66.35,67.29,65.53,67.29,754500
VGK,2008-01-29,67.52,67.66,66.8,67.6,356700
VGK,2008-01-30,67.02,68.81,66.76,67.2,443600
VGK,2008-01-31,66.3,68.69,65.79,68.1,1942300
VGK,2008-02-01,68.53,69.2,68.18,69.038,503500
VGK,2008-02-04,68.95,68.95,68.27,68.27,539700
VGK,2008-02-05,66.66,66.7,65.05,65.11,762100
VGK,2008-02-06,65.48,66.375,65.14,65.48,990800
VGK,2008-02-07,64.44,65.1,64.08,64.71,602000
VGK,2008-02-08,64.01,64.79,63.81,64.35,443800
VGK,2008-02-11,64.13,64.8,63.66,64.8,482900
VGK,2008-02-12,65.32,66.56,65.32,65.96,738100
VGK,2008-02-13,66.13,67.0599,66.1,66.83,626100
VGK,2008-02-14,67.31,67.31,66.334,66.36,881800
VGK,2008-02-15,65.68,66.31,65.55,66.16,224800
VGK,2008-02-19,67.36,67.83,66.87,67.11,358300
VGK,2008-02-20,66.11,67.3,66.0,67.01,903200
VGK,2008-02-21,67.22,67.8099,66.782,67.13,274600
VGK,2008-02-22,67.42,67.67,66.49,67.59,346000
VGK,2008-02-25,67.99,68.7,67.44,68.58,345400
VGK,2008-02-26,68.99,70.24,68.6,69.97,358200
VGK,2008-02-27,69.24,70.48,69.19,70.05,300300
VGK,2008-02-28,69.55,69.94,69.2,69.6,204900
VGK,2008-02-29,68.76,68.76,67.66,67.9,515000
VGK,2008-03-03,67.7,67.9699,67.228,67.76,255300
VGK,2008-03-04,67.0,67.35,66.406,67.21,313400
VGK,2008-03-05,67.86,68.38,67.34,68.0,338400
VGK,2008-03-06,68.08,68.14,67.08,67.13,198400
VGK,2008-03-07,66.57,67.42,66.2,66.5,192700
VGK,2008-03-10,66.41,66.9,65.61,65.83,339900
VGK,2008-03-11,67.6,67.9,66.5,67.9,398300
VGK,2008-03-12,67.71,68.55,67.71,67.97,306700
VGK,2008-03-13,67.46,68.53,66.86,68.28,364900
VGK,2008-03-14,68.42,68.54,66.18,66.68,467800
VGK,2008-03-17,64.68,66.114,64.6,65.55,388200
VGK,2008-03-18,66.5,67.6699,66.5,67.526,256000
VGK,2008-03-19,66.4,67.044,64.9,65.0,266900
VGK,2008-03-20,65.02,66.08,64.26,65.58,273100
VGK,2008-03-24,66.6,67.33,66.15,66.98,502900
VGK,2008-03-25,67.87,68.16,67.1,68.12,298600
VGK,2008-03-26,68.06,68.44,67.67,68.12,245200
VGK,2008-03-27,68.92,69.3,68.2,68.31,155700
VGK,2008-03-28,68.526,69.2,67.9,68.3,403400
VGK,2008-03-31,68.2,69.09,68.2,68.79,186200
VGK,2008-04-01,69.15,70.74,69.15,70.67,332000
VGK,2008-04-02,70.98,71.13,70.33,70.84,287700
VGK,2008-04-03,70.57,71.16,70.17,70.97,239900
VGK,2008-04-04,71.36,71.454,70.67,71.23,241500
VGK,2008-04-07,71.93,71.99,71.47,71.59,222300
VGK,2008-04-08,70.98,71.07,70.58,70.99,177600
VGK,2008-04-09,71.09,71.23,70.542,70.74,156800
VGK,2008-04-10,70.07,70.73,69.942,70.49,197100
VGK,2008-04-11,69.47,70.03,69.05,69.22,799500
VGK,2008-04-14,69.6,69.77,69.24,69.38,214200
VGK,2008-04-15,69.84,69.95,69.39,69.7,331700
VGK,2008-04-16,70.66,72.0,70.66,71.97,271700
VGK,2008-04-17,70.84,71.31,70.73,71.03,303400
VGK,2008-04-18,71.59,72.02,71.44,71.78,227800
VGK,2008-04-21,71.68,72.11,71.545,72.1,297600
VGK,2008-04-22,71.53,72.08,71.085,71.41,264000
VGK,2008-04-23,71.2,71.774,70.8,71.62,215700
VGK,2008-04-24,70.95,71.6272,70.41,71.26,318300
VGK,2008-04-25,71.86,72.04,71.49,72.04,325800
VGK,2008-04-28,72.25,72.6,71.87,71.87,181600
VGK,2008-04-29,71.28,71.52,71.15,71.42,168600
VGK,2008-04-30,71.42,72.2,71.42,71.61,228700
VGK,2008-05-01,71.56,72.33,71.24,72.23,587300
VGK,2008-05-02,72.53,72.85,72.02,72.26,314300
VGK,2008-05-05,72.6,72.7,72.332,72.4,193700
VGK,2008-05-06,72.36,73.13,72.14,73.01,150100
VGK,2008-05-07,72.5,72.69,71.68,71.68,180800
VGK,2008-05-08,72.3,72.69,72.22,72.34,315400
VGK,2008-05-09,71.8,72.16,71.595,72.01,134800
VGK,2008-05-12,72.25,72.788,72.04,72.72,190500
VGK,2008-05-13,72.1,72.37,71.95,72.23,250700
VGK,2008-05-14,72.4,72.68,72.1261,72.14,179900
VGK,2008-05-15,72.54,73.37,72.53,73.25,223700
VGK,2008-05-16,73.65,74.08,73.4,74.06,1009700
VGK,2008-05-19,73.94,74.293,73.67,73.77,188300
VGK,2008-05-20,73.64,73.67,72.9,73.17,313000
VGK,2008-05-21,73.27,73.46,72.22,72.22,1272800
VGK,2008-05-22,73.03,73.55,72.79,73.55,318200
VGK,2008-05-23,73.1,73.32,72.3,72.3,163600
VGK,2008-05-27,71.79,72.13,71.65,72.1,222800
VGK,2008-05-28,72.16,72.5,71.79,72.5,216800
VGK,2008-05-29,71.8,72.26,71.3,72.0,241000
VGK,2008-05-30,72.2,72.32,71.93,72.09,315600
VGK,2008-06-02,71.15,71.37,70.852,71.2,299900
VGK,2008-06-03,71.25,71.53,70.62,70.95,245700
VGK,2008-06-04,70.23,70.62,70.0,70.25,367200
VGK,2008-06-05,70.78,71.65,70.25,71.64,454100
VGK,2008-06-06,70.8,70.9,69.72,69.72,354800
VGK,2008-06-09,70.07,70.53,69.296,69.6,361600
VGK,2008-06-10,68.78,69.01,68.34,68.5001,348500
VGK,2008-06-11,68.22,68.3,67.38,67.45,253300
VGK,2008-06-12,67.4,67.734,67.084,67.32,228900
VGK,2008-06-13,67.3,67.89,67.1,67.89,211300
VGK,2008-06-16,67.9,68.37,67.6,68.23,236400
VGK,2008-06-17,68.97,69.23,68.3,68.41,206100
VGK,2008-06-18,67.66,67.83,67.27,67.7,150300
VGK,2008-06-19,67.64,67.7104,67.1,67.6,215500
VGK,2008-06-20,66.3,66.94,66.1,66.38,239700
VGK,2008-06-23,66.2,66.43,65.88,66.1,290900
VGK,2008-06-24,65.7,66.25,65.33,65.85,210500
VGK,2008-06-25,66.49,67.2,66.36,66.62,308500
VGK,2008-06-26,66.1,66.38,64.88,65.0,192000
VGK,2008-06-27,65.4,65.7,64.99,65.12,318600
VGK,2008-06-30,65.8,66.06,65.61,65.61,182200
VGK,2008-07-01,64.46,64.942,63.76,64.67,709100
VGK,2008-07-02,65.23,65.25,63.73,63.81,406700
VGK,2008-07-03,64.48,64.6,63.706,64.6,198600
VGK,2008-07-07,63.5,64.198,63.14,63.52,380000
VGK,2008-07-08,63.71,64.2,62.976,64.15,263300
VGK,2008-07-09,62.75,64.67,62.75,63.52,203800
VGK,2008-07-10,63.43,63.86,63.178,63.75,268000
VGK,2008-07-11,62.88,63.15,62.0,62.47,293500
VGK,2008-07-14,62.88,64.31,62.16,62.16,261600
VGK,2008-07-15,61.58,62.21,60.92,61.47,425100
VGK,2008-07-16,60.96,62.37,60.79,62.37,251200
VGK,2008-07-17,63.64,63.99,63.09,63.85,370500
VGK,2008-07-18,64.0,64.58,63.69,64.58,212300
VGK,2008-07-21,65.0,65.02,64.49,64.81,277500
VGK,2008-07-22,63.44,64.86,63.44,64.83,382000
VGK,2008-07-23,64.93,65.38,64.79,65.015,173800
VGK,2008-07-24,65.22,65.22,63.43,63.555,159800
VGK,2008-07-25,63.61,64.22,63.5,63.98,165000
VGK,2008-07-28,63.9,64.09,63.0,63.11,118400
VGK,2008-07-29,62.93,63.73,62.93,63.7,162200
VGK,2008-07-30,64.0,64.32,63.68,64.31,395000
VGK,2008-07-31,64.16,64.3,63.62,63.72,189400
VGK,2008-08-01,64.21,64.21,62.76,62.88,163600
VGK,2008-08-04,62.98,63.11,62.6,62.77,261400
VGK,2008-08-05,63.65,64.5,63.52,64.43,252700
VGK,2008-08-06,64.3,64.61,63.74,64.49,687000
VGK,2008-08-07,64.3,64.3,63.17,63.31,191100
VGK,2008-08-08,62.81,63.55,62.09,63.38,218400
VGK,2008-08-11,62.97,63.7,62.97,63.32,169800
VGK,2008-08-12,63.16,63.172,62.661,62.84,95700
VGK,2008-08-13,61.98,62.052,61.17,61.75,206400
VGK,2008-08-14,61.14,61.83,61.13,61.39,277700
VGK,2008-08-15,61.18,61.37,60.83,61.07,222000
VGK,2008-08-18,61.32,61.58,60.35,60.6,294500
VGK,2008-08-19,60.01,60.08,59.53,59.97,255200
VGK,2008-08-20,59.68,60.13,59.5444,60.1,124000
VGK,2008-08-21,59.98,60.56,59.98,60.4546,193700
VGK,2008-08-22,60.45,61.03,60.45,60.93,173700
VGK,2008-08-25,60.56,60.78,59.77,59.89,381500
VGK,2008-08-26,59.88,60.4,59.6,60.13,201800
VGK,2008-08-27,59.89,60.81,59.89,60.64,144800
VGK,2008-08-28,61.06,61.69,61.06,61.52,119300
VGK,2008-08-29,61.78,61.91,61.23,61.27,176100
VGK,2008-09-02,61.31,61.33,60.1,60.59,416000
VGK,2008-09-03,59.84,60.42,59.77,60.18,416100
VGK,2008-09-04,59.5,59.56,57.37,57.4,526900
VGK,2008-09-05,57.1,57.315,56.2585,57.02,456700
VGK,2008-09-08,58.07,58.89,57.21,57.88,337400
VGK,2008-09-09,57.85,57.93,56.36,56.36,349900
VGK,2008-09-10,56.53,57.16,56.44,56.67,423400
VGK,2008-09-11,56.52,56.61,55.16,56.6,501900
VGK,2008-09-12,56.6,57.9304,56.53,57.87,260000
VGK,2008-09-15,55.15,56.14,55.02,55.47,604600
VGK,2008-09-16,54.72,55.07,53.36,54.729,625200
VGK,2008-09-17,54.07,54.3699,52.38,52.944,717000
VGK,2008-09-18,52.25,55.55,52.25,55.18,553700
VGK,2008-09-19,51.7,59.29,51.7,59.04,1194100
VGK,2008-09-22,58.88,59.05,57.56,58.09,735500
VGK,2008-09-23,57.59,58.0,56.266,56.48,605800
VGK,2008-09-24,57.41,57.41,56.16,56.32,272300
VGK,2008-09-25,57.39,58.09,57.12,57.9,537900
VGK,2008-09-26,56.74,57.18,56.28,57.16,339300
VGK,2008-09-29,54.14,54.16,50.03,51.13,690600
VGK,2008-09-30,52.34,53.457,52.22,53.37,375300
VGK,2008-10-01,52.78,53.57,52.0,53.07,310900
VGK,2008-10-02,52.25,52.36,50.616,50.78,355400
VGK,2008-10-03,51.11,52.88,50.62,50.64,1062700
VGK,2008-10-06,48.94,49.0199,46.09,47.83,1224900
VGK,2008-10-07,48.81,49.15,45.47,45.5,795300
VGK,2008-10-08,45.28,46.57,43.96,44.41,932400
VGK,2008-10-09,45.57,45.77,41.2301,41.5286,867300
VGK,2008-10-10,39.37,42.159,38.13,40.59,931100
VGK,2008-10-13,42.84,46.35,42.84,46.35,741600
VGK,2008-10-14,47.49,47.71,44.839,45.93,1102100
VGK,2008-10-15,44.41,44.71,40.74,40.76,880800
VGK,2008-10-16,41.56,42.91,39.58,42.87,772200
VGK,2008-10-17,40.78,43.92,40.74,42.1,575200
VGK,2008-10-20,42.52,44.22,42.44,44.2,755100
VGK,2008-10-21,42.63,43.102,41.22,41.47,412500
VGK,2008-10-22,40.14,40.2,37.43,38.55,809100
VGK,2008-10-23,38.47,39.66,37.24,39.04,911100
VGK,2008-10-24,35.12,37.5568,35.12,36.74,948800
VGK,2008-10-27,35.2,36.53,34.9,34.9,806600
VGK,2008-10-28,37.05,39.31,35.57,39.08,1182500
VGK,2008-10-29,39.15,41.35,38.92,40.22,1079200
VGK,2008-10-30,41.71,41.99,39.96,41.09,559400
VGK,2008-10-31,40.48,42.2098,40.06,41.72,432100
VGK,2008-11-03,41.25,41.76,41.04,41.43,443300
VGK,2008-11-04,43.04,44.75,42.81,44.75,387000
VGK,2008-11-05,43.21,44.31,41.78,41.882,463900
VGK,2008-11-06,41.48,41.97,38.88,39.24,550800
VGK,2008-11-07,40.57,41.64,40.47,41.53,545400
VGK,2008-11-10,42.05,42.18,39.9,40.46,813600
VGK,2008-11-11,39.75,40.07,38.65,39.44,477500
VGK,2008-11-12,38.36,38.58,37.05,37.21,424000
VGK,2008-11-13,37.54,40.33,36.01,40.2801,730400
VGK,2008-11-14,38.39,39.5,37.63,38.04,699200
VGK,2008-11-17,37.79,38.37,36.88,37.27,491200
VGK,2008-11-18,36.69,37.98,36.4096,37.34,420300
VGK,2008-11-19,36.99,37.31,34.8,34.83,468400
VGK,2008-11-20,34.5,35.44,32.51,32.77,793300
VGK,2008-11-21,34.4,34.64,32.53,34.57,1133700
VGK,2008-11-24,35.51,37.85,35.37,37.23,686100
VGK,2008-11-25,38.4,38.78,37.02,37.89,846800
VGK,2008-11-26,36.95,38.58,36.67,38.31,661800
VGK,2008-11-28,38.1,38.64,37.77,38.64,453500
VGK,2008-12-01,37.0,37.04,35.0299,35.19,453200
VGK,2008-12-02,36.25,37.19,35.95,37.0,727200
VGK,2008-12-03,35.86,37.45,35.67,37.43,871800
VGK,2008-12-04,36.57,37.27,35.71,36.26,873100
VGK,2008-12-05,35.61,37.02,34.9,36.87,523400
VGK,2008-12-08,37.79,38.91,37.64,38.54,679900
VGK,2008-12-09,38.45,39.28,38.12,38.43,755300
VGK,2008-12-10,39.1,39.6,38.76,39.34,906900
VGK,2008-12-11,39.28,40.1696,39.06,39.31,539500
VGK,2008-12-12,38.32,39.73,38.26,39.49,471300
VGK,2008-12-15,39.54,39.87,39.0988,39.62,733800
VGK,2008-12-16,39.65,42.31,39.63,42.05,726100
VGK,2008-12-17,41.19,42.37,41.0,41.91,674800
VGK,2008-12-18,41.76,42.01,40.08,40.37,758100
VGK,2008-12-19,40.38,40.48,39.48,39.58,451200
VGK,2008-12-22,39.97,40.02,38.77,39.22,1299300
VGK,2008-12-23,39.78,40.04,39.02,39.31,866800
VGK,2008-12-24,36.38,37.03,36.38,37.01,369900
VGK,2008-12-26,36.89,36.99,36.63,36.79,429400
VGK,2008-12-29,37.61,37.62,36.7,36.94,526500
VGK,2008-12-30,37.35,38.11,37.31,38.1,795200
VGK,2008-12-31,37.99,38.72,37.75,38.36,533700
VGK,2009-01-02,38.27,39.18,38.0801,39.09,435700
VGK,2009-01-05,38.55,38.89,38.226,38.68,648800
VGK,2009-01-06,38.82,39.54,38.5744,39.38,386800
VGK,2009-01-07,38.99,39.15,38.33,38.66,381500
VGK,2009-01-08,38.7,39.16,38.23,39.09,324700
VGK,2009-01-09,38.67,38.71,37.53,37.59,495500
VGK,2009-01-12,37.38,37.38,36.429,36.64,815100
VGK,2009-01-13,35.94,36.15,35.561,35.9,529900
VGK,2009-01-14,34.99,34.99,34.0472,34.29,502900
VGK,2009-01-15,34.4,34.81,33.42,34.54,726600
VGK,2009-01-16,35.29,35.52,33.8048,34.63,376600
VGK,2009-01-20,33.14,33.38,31.728,31.83,477700
VGK,2009-01-21,32.35,33.42,31.86,33.34,547100
VGK,2009-01-22,32.07,32.91,31.85,32.5994,565000
VGK,2009-01-23,31.31,32.6,31.16,32.37,483400
VGK,2009-01-26,32.84,33.74,32.75,33.2,464600
VGK,2009-01-27,33.47,33.85,33.04,33.62,379400
VGK,2009-01-28,35.85,35.85,34.4868,34.87,331600
VGK,2009-01-29,33.94,33.97,33.098,33.21,343800
VGK,2009-01-30,33.57,33.72,32.9,33.05,314100
VGK,2009-02-02,32.4,32.85,32.1183,32.61,299000
VGK,2009-02-03,33.17,33.99,32.783,33.8,281500
VGK,2009-02-04,33.67,34.326,33.28,33.37,490100
VGK,2009-02-05,33.38,34.5,33.05,34.12,302300
VGK,2009-02-06,34.36,35.232,34.28,34.97,206900
VGK,2009-02-09,35.37,35.47,34.98,35.3,260400
VGK,2009-02-10,34.93,35.1,33.21,33.4,499200
VGK,2009-02-11,33.97,34.07,33.23,33.67,515800
VGK,2009-02-12,33.02,33.77,32.63,33.74,342300
VGK,2009-02-13,33.5,33.84,33.31,33.37,378800
VGK,2009-02-17,31.78,31.83,31.26,31.41,391100
VGK,2009-02-18,31.45,31.53,30.82,31.34,345600
VGK,2009-02-19,31.98,32.1522,31.1,31.2304,224900
VGK,2009-02-20,30.62,31.17,30.232,30.8099,503200
VGK,2009-02-23,31.05,31.08,29.52,29.65,455100
VGK,2009-02-24,29.82,30.9,29.59,30.73,625600
VGK,2009-02-25,30.2,30.49,29.484,29.99,549000
VGK,2009-02-26,30.43,30.6936,29.72,29.74,526800
VGK,2009-02-27,29.25,30.32,29.25,29.62,495700
VGK,2009-03-02,28.73,28.74,27.61,27.69,733700
VGK,2009-03-03,27.98,28.1,27.18,27.48,609700
VGK,2009-03-04,28.05,29.11,27.99,28.67,732500
VGK,2009-03-05,27.88,28.168,27.17,27.46,375400
VGK,2009-03-06,27.81,28.1756,26.81,27.38,521400
VGK,2009-03-09,26.46,27.3,26.45,26.76,672400
VGK,2009-03-10,27.81,28.87,27.8,28.59,346700
VGK,2009-03-11,29.13,29.43,28.51,28.87,458800
VGK,2009-03-12,28.7,29.9,28.42,29.86,336400
VGK,2009-03-13,30.05,30.07,29.4054,29.8736,388100
VGK,2009-03-16,30.43,30.89,30.14,30.19,245700
VGK,2009-03-17,30.1,31.0,29.85,31.0,470300
VGK,2009-03-18,30.46,31.9,30.17,31.73,535600
VGK,2009-03-19,32.47,32.564,31.6816,31.77,415800
VGK,2009-03-20,31.94,31.98,31.212,31.34,318100
VGK,2009-03-23,32.36,33.59,32.1,33.56,333400
VGK,2009-03-24,32.63,33.17,32.39,32.42,239600
VGK,2009-03-25,32.71,33.32,32.15,32.93,281100
VGK,2009-03-26,33.07,33.48,32.662,33.23,214900
VGK,2009-03-27,32.22,32.28,31.76,31.94,469400
VGK,2009-03-30,31.03,31.03,30.36,30.65,350300
VGK,2009-03-31,31.53,32.3,31.31,31.9,365000
VGK,2009-04-01,31.57,32.86,31.4728,32.73,252200
VGK,2009-04-02,33.94,34.7756,33.88,34.19,342200
VGK,2009-04-03,34.28,34.58,33.89,34.58,385800
VGK,2009-04-06,33.83,34.002,33.4,33.93,248800
VGK,2009-04-07,33.23,33.39,32.79,32.89,195600
VGK,2009-04-08,33.17,33.58,32.9,33.24,323200
VGK,2009-04-09,34.01,34.07,33.594,34.04,382100
VGK,2009-04-13,33.97,34.76,33.94,34.54,694900
VGK,2009-04-14,34.07,34.59,34.0,34.11,239500
VGK,2009-04-15,34.04,34.74,33.93,34.7,638900
VGK,2009-04-16,34.92,35.3,34.6392,35.11,219600
VGK,2009-04-17,35.1,35.18,34.72,35.01,1021300
VGK,2009-04-20,33.98,35.4,31.97,33.23,243400
VGK,2009-04-21,32.92,34.11,32.78,34.07,199300
VGK,2009-04-22,33.46,34.362,33.37,33.74,278300
VGK,2009-04-23,34.22,34.74,34.01,34.71,613300
VGK,2009-04-24,35.32,35.639,35.11,35.35,235700
VGK,2009-04-27,34.92,35.44,34.65,34.84,353500
VGK,2009-04-28,34.21,35.07,34.21,34.736,153100
VGK,2009-04-29,35.35,36.19,35.33,35.74,264500
VGK,2009-04-30,36.46,36.7,35.85,36.1,355800
VGK,2009-05-01,36.49,36.72,36.11,36.72,169400
VGK,2009-05-04,37.05,38.11,36.89,38.07,256200
VGK,2009-05-05,38.01,38.072,37.5,37.73,167600
VGK,2009-05-06,38.52,38.7,37.87,38.58,262700
VGK,2009-05-07,38.67,39.1634,37.733,37.99,282600
VGK,2009-05-08,39.17,39.75,38.649,39.63,483700
VGK,2009-05-11,38.81,38.85,38.39,38.52,277100
VGK,2009-05-12,39.04,39.14,38.4,38.9,387200
VGK,2009-05-13,38.03,38.05,37.422,37.6,240100
VGK,2009-05-14,37.52,38.35,37.52,38.12,199900
VGK,2009-05-15,38.02,38.3,37.37,37.56,239100
VGK,2009-05-18,38.47,39.33,38.42,39.27,183200
VGK,2009-05-19,39.4,40.06,39.36,39.81,282200
VGK,2009-05-20,40.14,40.67,39.89,39.89,230900
VGK,2009-05-21,39.37,39.92,39.27,39.8696,232900
VGK,2009-05-22,40.28,40.32,39.86,40.07,100100
VGK,2009-05-26,39.45,40.9,39.34,40.7,285900
VGK,2009-05-27,40.86,40.89,39.96,40.08,236300
VGK,2009-05-28,40.3,40.7,39.84,40.55,240000
VGK,2009-05-29,41.0,41.25,40.77,41.25,288500
VGK,2009-06-01,41.66,42.72,41.66,42.25,446300
VGK,2009-06-02,42.3,42.9289,42.164,42.8,391700
VGK,2009-06-03,41.82,41.91,40.9196,41.4,304400
VGK,2009-06-04,41.48,41.67,41.16,41.66,310000
VGK,2009-06-05,41.75,41.75,40.81,41.07,381100
VGK,2009-06-08,40.57,41.18,40.21,40.98,767400
VGK,2009-06-09,41.06,41.59,40.942,41.41,594600
VGK,2009-06-10,42.03,42.15,40.92,41.43,514800
VGK,2009-06-11,41.75,42.57,41.75,42.06,310700
VGK,2009-06-12,41.73,41.99,41.5,41.89,836600
VGK,2009-06-15,40.97,40.97,39.93,40.23,331300
VGK,2009-06-16,40.59,40.67,39.782,39.93,727800
VGK,2009-06-17,39.78,40.0,39.17,39.83,622900
VGK,2009-06-18,39.69,40.22,39.46,39.86,269600
VGK,2009-06-19,40.43,40.61,40.19,40.41,358200
VGK,2009-06-22,39.66,39.66,38.89,39.01,323400
VGK,2009-06-23,39.47,39.8104,39.163,39.52,260900
VGK,2009-06-24,40.09,40.46,39.51,39.64,208100
VGK,2009-06-25,39.24,40.34,39.18,40.29,210700
VGK,2009-06-26,40.14,40.26,39.82,40.18,377100
VGK,2009-06-29,40.4,40.81,40.24,40.71,195900
VGK,2009-06-30,40.74,40.87,39.99,40.28,417100
VGK,2009-07-01,40.98,41.4776,40.96,41.08,403400
VGK,2009-07-02,40.32,40.34,39.74,39.88,451500
VGK,2009-07-06,39.2,39.69,39.01,39.61,243100
VGK,2009-07-07,39.41,39.49,38.54,38.6,480900
VGK,2009-07-08,38.73,38.86,38.0,38.34,610200
VGK,2009-07-09,39.01,39.25,38.78,39.06,735000
VGK,2009-07-10,38.43,38.73,38.13,38.47,404500
VGK,2009-07-13,38.75,39.55,38.54,39.49,376100
VGK,2009-07-14,39.65,39.79,39.22,39.69,672100
VGK,2009-07-15,40.62,41.34,40.61,41.3,369100
VGK,2009-07-16,41.32,41.94,41.2296,41.88,182800
VGK,2009-07-17,41.58,41.84,41.4,41.65,169800
VGK,2009-07-20,42.3,42.61,42.056,42.61,201200
VGK,2009-07-21,43.06,43.06,42.2227,42.74,545400
VGK,2009-07-22,42.4,43.01,42.23,42.79,338700
VGK,2009-07-23,42.81,43.88,42.72,43.6,351700
VGK,2009-07-24,43.55,43.92,43.3,43.92,261000
VGK,2009-07-27,43.83,44.1,43.4546,44.1,394500
VGK,2009-07-28,43.52,43.7,43.0,43.56,296600
VGK,2009-07-29,43.55,43.67,43.03,43.22,262400
VGK,2009-07-30,44.01,44.59,43.71,44.07,336400
VGK,2009-07-31,44.29,44.95,44.12,44.85,237000
VGK,2009-08-03,45.61,46.2,45.48,46.07,704700
VGK,2009-08-04,45.59,46.07,45.43,46.04,617200
VGK,2009-08-05,46.12,46.13,45.3,45.93,347300
VGK,2009-08-06,46.07,46.07,45.24,45.48,428200
VGK,2009-08-07,45.79,46.03,45.52,45.64,447400
VGK,2009-08-10,45.45,45.45,44.99,45.18,617700
VGK,2009-08-11,44.89,44.9,44.45,44.768,178000
VGK,2009-08-12,44.69,45.61,44.69,45.32,256200
VGK,2009-08-13,45.99,46.18,45.645,46.14,353500
VGK,2009-08-14,46.11,46.13,45.2236,45.59,337300
VGK,2009-08-17,44.14,44.2,43.86,43.98,290000
VGK,2009-08-18,44.34,44.99,44.22,44.84,293200
VGK,2009-08-19,44.37,45.4495,44.3114,45.32,228100
VGK,2009-08-20,45.4,45.94,45.29,45.87,455300
VGK,2009-08-21,46.61,47.2,46.61,47.1,800300
VGK,2009-08-24,47.21,47.54,46.84,46.98,700700
VGK,2009-08-25,47.56,47.85,47.33,47.51,301100
VGK,2009-08-26,47.12,47.3,46.77,47.07,312600
VGK,2009-08-27,47.07,47.75,46.56,47.57,484600
VGK,2009-08-28,48.02,48.2,47.42,47.62,577500
VGK,2009-08-31,46.98,47.34,46.9,47.31,623000
VGK,2009-09-01,46.6,47.31,45.66,45.75,781200
VGK,2009-09-02,45.51,46.0,45.39,45.79,501200
VGK,2009-09-03,46.33,46.37,45.79,46.11,311400
VGK,2009-09-04,46.24,47.0672,46.04,46.94,317300
VGK,2009-09-08,48.13,48.2299,47.82,48.11,297600
VGK,2009-09-09,48.53,48.97,48.39,48.77,265500
VGK,2009-09-10,48.72,49.279,48.322,49.17,268700
VGK,2009-09-11,49.43,49.54,48.94,49.1,523600
VGK,2009-09-14,48.81,49.39,48.65,49.39,318800
VGK,2009-09-15,49.28,49.614,48.92,49.59,329400
VGK,2009-09-16,50.17,50.59,49.92,50.59,797400
VGK,2009-09-17,50.35,50.69,50.12,50.44,371000
VGK,2009-09-18,50.66,50.66,50.19,50.37,353900
VGK,2009-09-21,49.55,49.96,49.39,49.91,299300
VGK,2009-09-22,50.68,50.69,50.34,50.56,685700
VGK,2009-09-23,50.76,51.0,50.04,50.07,443300
VGK,2009-09-24,50.33,50.35,48.83,49.1,942200
VGK,2009-09-25,48.98,49.37,48.78,48.97,748300
VGK,2009-09-28,49.0,49.9,49.0,49.66,283500
VGK,2009-09-29,49.89,49.89,49.28,49.48,258800
VGK,2009-09-30,49.91,49.94,49.0,49.59,567400
VGK,2009-10-01,49.13,49.19,47.99,48.0,619800
VGK,2009-10-02,47.35,48.03,47.34,47.61,430200
VGK,2009-10-05,47.8,48.63,47.73,48.42,298900
VGK,2009-10-06,49.05,49.662,48.98,49.33,304700
VGK,2009-10-07,49.34,49.46,49.05,49.342,310700
VGK,2009-10-08,50.01,50.32,49.61,50.08,334600
VGK,2009-10-09,49.9,50.0,49.6274,49.83,250100
VGK,2009-10-12,50.59,50.68,50.15,50.15,448300
VGK,2009-10-13,50.3,50.84,49.89,50.29,300500
VGK,2009-10-14,51.41,51.65,51.12,51.65,485200
VGK,2009-10-15,51.5,51.91,51.37,51.91,257800
VGK,2009-10-16,51.23,51.46,50.88,51.3,298900
VGK,2009-10-19,51.74,52.17,51.47,52.05,357400
VGK,2009-10-20,52.25,52.27,51.394,51.69,606100
VGK,2009-10-21,51.71,52.4322,51.56,51.61,438000
VGK,2009-10-22,51.66,52.32,51.25,52.24,446900
VGK,2009-10-23,52.12,52.12,51.14,51.31,585200
VGK,2009-10-26,51.45,51.82,50.14,50.28,354900
VGK,2009-10-27,50.43,50.66,49.88,49.96,371000
VGK,2009-10-28,49.56,49.74,48.5,48.6,503400
VGK,2009-10-29,49.67,50.48,49.59,50.38,516400
VGK,2009-10-30,49.94,50.11,48.3,48.31,674300
VGK,2009-11-02,48.69,49.5068,48.2553,48.89,616500
VGK,2009-11-03,48.0,48.77,47.84,48.59,804600
VGK,2009-11-04,49.33,49.83,49.17,49.36,516800
VGK,2009-11-05,49.91,50.39,49.76,50.26,374200
VGK,2009-11-06,49.78,50.39,49.64,50.34,299100
VGK,2009-11-09,51.24,51.84,51.24,51.83,353500
VGK,2009-11-10,51.28,51.69,51.18,51.64,382100
VGK,2009-11-11,51.98,52.12,51.37,51.58,340900
VGK,2009-11-12,51.55,51.7774,50.95,51.17,453900
VGK,2009-11-13,51.34,51.85,51.01,51.71,370200
VGK,2009-11-16,52.21,52.9,52.21,52.67,505100
VGK,2009-11-17,52.3,52.42,51.87,52.42,494300
VGK,2009-11-18,52.52,52.6375,52.1,52.43,564700
VGK,2009-11-19,51.68,51.68,51.0,51.44,555800
VGK,2009-11-20,50.68,50.94,50.59,50.84,432100
VGK,2009-11-23,52.03,52.37,51.86,51.94,421700
VGK,2009-11-24,51.99,52.07,51.61,51.85,520600
VGK,2009-11-25,52.3,52.65,51.99,52.65,461200
VGK,2009-11-27,50.24,51.25,50.0519,50.72,513100
VGK,2009-11-30,50.55,50.94,50.0815,50.5,547300
VGK,2009-12-01,51.5,52.02,51.44,51.87,824300
VGK,2009-12-02,51.87,52.26,51.75,52.02,410500
VGK,2009-12-03,52.23,52.43,51.51,51.53,505900
VGK,2009-12-04,52.07,52.4299,51.12,51.47,504700
VGK,2009-12-07,51.24,51.76,51.1948,51.29,438100
VGK,2009-12-08,50.57,50.57,49.89,50.06,513500
VGK,2009-12-09,49.96,50.106,49.35,49.92,416500
VGK,2009-12-10,50.33,50.52,50.0,50.22,429800
VGK,2009-12-11,50.4,50.47,50.04,50.16,361900
VGK,2009-12-14,50.57,50.8,50.43,50.64,357900
VGK,2009-12-15,50.13,50.5,50.05,50.17,282200
VGK,2009-12-16,50.67,51.11,50.65,50.85,374200
VGK,2009-12-17,49.97,49.97,49.33,49.49,678000
VGK,2009-12-18,49.62,49.844,48.96,49.41,569500
VGK,2009-12-21,49.7,50.139,49.64,49.84,328300
VGK,2009-12-22,50.1,50.43,49.92,50.43,371300
VGK,2009-12-23,50.57,50.72,50.24,50.69,510700
VGK,2009-12-24,48.89,49.03,48.77,48.85,173600
VGK,2009-12-28,49.11,49.33,49.001,49.21,291400
VGK,2009-12-29,49.4,49.48,48.96,49.16,206600
VGK,2009-12-30,48.8,48.9901,48.64,48.95,338200
VGK,2009-12-31,49.28,49.28,48.48,48.48,455200
VGK,2010-01-04,49.69,50.1,49.69,49.96,798300
VGK,2010-01-05,50.05,50.19,49.65,49.88,430500
VGK,2010-01-06,49.8,50.18,49.69,50.18,247800
VGK,2010-01-07,49.81,49.94,49.5,49.86,937700
VGK,2010-01-08,49.93,50.4,49.84,50.36,450500
VGK,2010-01-11,50.89,50.92,50.48,50.76,503900
VGK,2010-01-12,49.97,50.24,49.78,50.02,1347900
VGK,2010-01-13,50.24,50.7,49.97,50.7,525000
VGK,2010-01-14,50.41,50.77,50.31,50.6,896400
VGK,2010-01-15,50.25,50.28,49.48,49.54,477700
VGK,2010-01-19,49.62,50.57,49.52,50.57,525800
VGK,2010-01-20,49.34,49.36,48.6165,49.0,540800
VGK,2010-01-21,48.93,48.97,47.3,47.48,773000
VGK,2010-01-22,47.29,47.6,46.42,46.45,774000
VGK,2010-01-25,47.51,47.66,47.08,47.3,1306000
VGK,2010-01-26,46.9,47.44,46.72,46.93,430600
VGK,2010-01-27,46.85,47.15,46.48,47.12,484800
VGK,2010-01-28,47.07,47.11,45.72,45.97,686000
VGK,2010-01-29,46.26,46.5875,45.3938,45.44,833800
VGK,2010-02-01,46.19,46.5881,46.19,46.58,500000
VGK,2010-02-02,46.87,47.36,46.652,47.3,460400
VGK,2010-02-03,46.98,47.15,46.51,46.71,577200
VGK,2010-02-04,45.77,45.86,44.42,44.42,993100
VGK,2010-02-05,44.08,44.31,42.81,44.01,1533000
VGK,2010-02-08,43.77,44.15,43.25,43.37,759400
VGK,2010-02-09,44.39,45.4,43.96,45.17,1243700
VGK,2010-02-10,44.7,44.84,44.2,44.65,1358600
VGK,2010-02-11,44.4,45.05,43.96,45.03,491500
VGK,2010-02-12,44.06,44.5365,43.83,44.42,707800
VGK,2010-02-16,44.61,45.74,44.57,45.59,483700
VGK,2010-02-17,45.89,45.96,45.45,45.54,337400
VGK,2010-02-18,45.5,45.95,45.48,45.92,1073400
VGK,2010-02-19,45.25,45.74,45.12,45.72,832600
VGK,2010-02-22,45.88,45.94,45.5774,45.65,465800
VGK,2010-02-23,45.35,45.65,44.62,44.74,1889800
VGK,2010-02-24,44.95,45.39,44.75,45.21,2104400
VGK,2010-02-25,44.17,44.85,44.0,44.84,1891100
VGK,2010-02-26,44.7,45.29,44.34,45.19,1151900
VGK,2010-03-01,45.0,45.39,44.78,45.33,760900
VGK,2010-03-02,45.76,46.06,45.45,45.81,1143000
VGK,2010-03-03,46.2,46.74,46.16,46.5,982500
VGK,2010-03-04,46.65,46.74,46.13,46.32,791200
VGK,2010-03-05,46.67,47.57,46.62,47.55,1109400
VGK,2010-03-08,47.52,47.62,47.21,47.4,753700
VGK,2010-03-09,46.85,47.34,46.79,47.08,565200
VGK,2010-03-10,47.21,47.73,47.15,47.52,449000
VGK,2010-03-11,47.43,47.8,47.22,47.8,699500
VGK,2010-03-12,48.12,48.2,47.78,47.97,752400
VGK,2010-03-15,47.65,47.72,47.21,47.51,478100
VGK,2010-03-16,47.79,48.38,47.68,48.35,743800
VGK,2010-03-17,48.58,48.8,48.48,48.57,445100
VGK,2010-03-18,48.46,48.48,47.8462,48.15,556100
VGK,2010-03-19,48.07,48.11,47.28,47.51,536400
VGK,2010-03-22,46.81,47.7,46.73,47.65,639000
VGK,2010-03-23,47.65,47.99,47.47,47.9,1164600
VGK,2010-03-24,47.12,47.25,46.83,46.99,1080500
VGK,2010-03-25,47.61,47.82,47.09,47.15,613900
VGK,2010-03-26,47.38,47.79,47.319,47.64,565000
VGK,2010-03-29,47.76,48.05,47.65,48.04,695400
VGK,2010-03-30,48.18,48.18,47.62,47.79,419800
VGK,2010-03-31,47.86,48.3,47.69,48.13,578400
VGK,2010-04-01,48.6,49.05,48.6,49.01,1196800
VGK,2010-04-05,48.91,49.24,48.8,49.15,325600
VGK,2010-04-06,48.48,48.88,48.31,48.85,902600
VGK,2010-04-07,48.51,48.5681,48.12,48.23,574000
VGK,2010-04-08,47.72,48.23,47.55,48.17,688100
VGK,2010-04-09,48.46,49.13,48.43,49.11,534900
VGK,2010-04-12,49.36,49.55,49.31,49.46,410200
VGK,2010-04-13,49.55,49.56,49.02,49.43,283100
VGK,2010-04-14,49.79,50.17,49.61,50.08,1192000
VGK,2010-04-15,49.78,50.13,49.68,50.04,330700
VGK,2010-04-16,49.61,49.73,48.62,48.89,777400
VGK,2010-04-19,48.25,48.82,48.2,48.71,626200
VGK,2010-04-20,49.23,49.3,49.04,49.23,597600
VGK,2010-04-21,48.8,48.97,48.45,48.7,668400
VGK,2010-04-22,47.93,48.325,47.6,48.18,479000
VGK,2010-04-23,48.14,48.8,47.992,48.8,534300
VGK,2010-04-26,48.75,48.93,48.61,48.65,615900
VGK,2010-04-27,47.77,48.2,46.19,46.23,1459900
VGK,2010-04-28,46.58,46.72,45.61,46.08,811200
VGK,2010-04-29,46.84,47.12,46.67,47.12,1590500
VGK,2010-04-30,47.13,47.13,46.28,46.3,1221600
VGK,2010-05-03,46.4,46.83,46.27,46.64,1529900
VGK,2010-05-04,45.36,45.37,44.45,44.63,2704500
VGK,2010-05-05,43.42,44.11,43.3,43.47,3105700
VGK,2010-05-06,43.15,43.54,39.4,41.15,5924200
VGK,2010-05-07,41.53,42.03,40.06,40.87,4000300
VGK,2010-05-10,44.21,44.66,43.7601,44.34,5671200
VGK,2010-05-11,43.27,44.39,43.18,43.6,3150300
VGK,2010-05-12,44.06,44.5522,43.97,44.34,1816700
VGK,2010-05-13,43.83,44.1,43.4,43.41,2936700
VGK,2010-05-14,42.83,42.91,41.58,41.99,5229000
VGK,2010-05-17,42.13,42.34,40.95,42.09,4869300
VGK,2010-05-18,42.76,44.61,40.88,41.15,1928600
VGK,2010-05-19,41.2,41.62,40.65,41.53,2533300
VGK,2010-05-20,40.08,40.8,39.42,40.1,7128500
VGK,2010-05-21,39.66,41.28,39.5,41.06,4464100
VGK,2010-05-24,40.62,40.68,39.94,39.94,2411000
VGK,2010-05-25,38.78,39.94,38.5,39.92,1923800
VGK,2010-05-26,40.0,40.41,39.14,39.19,2863100
VGK,2010-05-27,40.69,41.91,40.59,41.76,2275300
VGK,2010-05-28,41.64,41.7768,40.83,40.86,3269200
VGK,2010-06-01,40.54,41.67,40.37,40.54,1464300
VGK,2010-06-02,40.82,41.93,40.61,41.9,6653200
VGK,2010-06-03,42.05,42.24,41.34,41.7,2268500
VGK,2010-06-04,40.57,40.72,39.6,39.66,6418700
VGK,2010-06-07,40.01,40.19,39.21,39.23,1053800
VGK,2010-06-08,39.31,39.83,38.96,39.83,1465000
VGK,2010-06-09,40.02,40.56,39.45,39.6,1012300
VGK,2010-06-10,41.17,41.66,40.87,41.65,2632500
VGK,2010-06-11,41.2,41.76,41.12,41.62,972400
VGK,2010-06-14,42.43,42.686,41.91,42.04,3284900
VGK,2010-06-15,42.79,43.63,42.66,43.6,2514600
VGK,2010-06-16,42.86,43.45,42.81,43.25,1608200
VGK,2010-06-17,43.52,43.62,43.05,43.57,2754900
VGK,2010-06-18,43.5,43.647,43.29,43.42,522000
VGK,2010-06-21,43.96,44.11,43.08,43.23,869800
VGK,2010-06-22,43.37,43.58,42.65,42.72,1135200
VGK,2010-06-23,43.09,43.41,42.56,43.17,1197500
VGK,2010-06-24,42.79,42.87,42.18,42.26,839200
VGK,2010-06-25,42.01,42.55,41.8099,42.44,1082000
VGK,2010-06-28,42.37,42.82,42.08,42.18,742600
VGK,2010-06-29,41.37,41.37,40.33,40.64,5265400
VGK,2010-06-30,40.58,41.04,40.141,40.19,1941200
VGK,2010-07-01,40.84,41.02,40.28,40.99,2475400
VGK,2010-07-02,41.19,41.36,40.47,40.9,2153400
VGK,2010-07-06,42.02,42.33,41.32,41.67,2452200
VGK,2010-07-07,41.91,43.2,41.89,43.16,2159500
VGK,2010-07-08,43.3,43.66,43.041,43.59,1565400
VGK,2010-07-09,43.21,43.77,43.2,43.75,737200
VGK,2010-07-12,43.3,43.66,43.24,43.45,2422900
VGK,2010-07-13,44.25,44.74,44.21,44.66,1246300
VGK,2010-07-14,44.32,44.87,44.226,44.75,659000
VGK,2010-07-15,45.06,45.28,44.48,45.28,1133000
VGK,2010-07-16,44.75,44.75,43.75,43.75,1207500
VGK,2010-07-19,44.25,44.4101,43.73,44.16,588900
VGK,2010-07-20,43.22,44.19,43.16,44.18,488000
VGK,2010-07-21,44.19,44.26,43.26,43.32,1270000
VGK,2010-07-22,44.61,45.24,44.57,45.17,1349100
VGK,2010-07-23,44.96,45.68,44.715,45.65,1234300
VGK,2010-07-26,45.45,45.98,45.36,45.97,1118000
VGK,2010-07-27,46.35,46.41,45.86,46.21,1136300
VGK,2010-07-28,46.06,46.19,45.71,45.81,994400
VGK,2010-07-29,46.51,46.78,45.66,45.93,1618400
VGK,2010-07-30,45.45,46.23,45.38,45.89,600100
VGK,2010-08-02,47.04,47.75,46.99,47.67,1386300
VGK,2010-08-03,47.54,47.79,47.22,47.68,1119000
VGK,2010-08-04,47.53,47.85,47.34,47.64,738300
VGK,2010-08-05,47.55,47.64,47.25,47.63,1097800
VGK,2010-08-06,47.26,47.806,47.13,47.76,485200
VGK,2010-08-09,47.8,47.94,47.66,47.83,843100
VGK,2010-08-10,47.0,47.67,46.64,47.41,598600
VGK,2010-08-11,45.79,45.805,45.06,45.09,1388800
VGK,2010-08-12,44.71,45.23,44.68,45.06,524400
VGK,2010-08-13,44.92,45.27,44.85,44.86,716300
VGK,2010-08-16,44.82,45.44,44.7007,45.26,564300
VGK,2010-08-17,45.77,45.974,45.46,45.79,718100
VGK,2010-08-18,45.94,46.036,45.56,45.76,297600
VGK,2010-08-19,45.73,45.81,44.55,44.75,1100700
VGK,2010-08-20,44.2,44.31,43.93,44.19,825100
VGK,2010-08-23,44.44,44.77,44.15,44.18,382200
VGK,2010-08-24,43.42,43.73,43.07,43.43,1267100
VGK,2010-08-25,43.01,43.55,42.76,43.42,1566900
VGK,2010-08-26,43.75,44.065,43.26,43.41,1022700
VGK,2010-08-27,44.0,44.4,43.24,44.4,926400
VGK,2010-08-30,44.11,44.11,43.49,43.49,865800
VGK,2010-08-31,43.57,44.06,43.43,43.79,685000
VGK,2010-09-01,45.04,45.68,44.9295,45.52,1387700
VGK,2010-09-02,45.61,45.9,45.43,45.9,817700
VGK,2010-09-03,46.31,46.479,46.0131,46.38,925400
VGK,2010-09-07,45.69,45.784,45.39,45.39,871500
VGK,2010-09-08,45.76,46.22,45.76,45.9,784000
VGK,2010-09-09,46.63,46.72,46.134,46.33,1191700
VGK,2010-09-10,46.45,46.5604,46.35,46.45,360000
VGK,2010-09-13,47.23,47.4,47.13,47.36,613600
VGK,2010-09-14,47.28,47.97,47.07,47.81,652900
VGK,2010-09-15,47.47,47.846,47.34,47.79,400000
VGK,2010-09-16,47.66,47.77,47.47,47.69,445000
VGK,2010-09-17,47.61,47.7599,47.17,47.29,783900
VGK,2010-09-20,47.6,48.25,47.49,48.22,522400
VGK,2010-09-21,48.4,48.74,47.84,48.3,1267300
VGK,2010-09-22,48.52,48.81,48.14,48.39,575600
VGK,2010-09-23,47.69,48.144,47.5,47.66,602400
VGK,2010-09-24,48.85,49.3,48.67,49.28,1027100
VGK,2010-09-27,49.08,49.13,48.76,48.76,836500
VGK,2010-09-28,48.82,49.28,48.26,49.25,1601500
VGK,2010-09-29,49.1,49.2,48.8,48.98,595200
VGK,2010-09-30,49.42,49.65,48.5,48.72,849600
VGK,2010-10-01,49.42,49.51,48.93,49.33,736800
VGK,2010-10-04,48.93,49.14,48.4,48.53,727000
VGK,2010-10-05,49.49,50.24,49.38,50.11,1035200
VGK,2010-10-06,50.25,50.5,50.14,50.37,783000
VGK,2010-10-07,50.81,50.83,49.91,50.23,354000
VGK,2010-10-08,50.3,50.57,50.11,50.54,808800
VGK,2010-10-11,50.55,50.62,50.23,50.31,345200
VGK,2010-10-12,50.17,50.52,49.74,50.48,844300
VGK,2010-10-13,51.09,51.53,50.97,51.23,713500
VGK,2010-10-14,51.62,51.739,51.25,51.59,1127200
VGK,2010-10-15,51.78,51.8,51.04,51.35,704500
VGK,2010-10-18,51.15,51.75,51.08,51.36,1386600
VGK,2010-10-19,50.5,50.77,49.9001,50.13,1245100
VGK,2010-10-20,50.54,51.48,50.54,51.28,796900
VGK,2010-10-21,51.54,51.9,50.9,51.15,604800
VGK,2010-10-22,51.48,51.5143,51.15,51.3,457100
VGK,2010-10-25,51.82,51.96,51.38,51.41,661900
VGK,2010-10-26,50.87,51.18,50.7303,51.03,1399200
VGK,2010-10-27,50.77,50.86,50.154,50.55,632600
VGK,2010-10-28,51.23,51.24,50.79,51.18,667400
VGK,2010-10-29,51.08,51.26,50.85,51.1,845100
VGK,2010-11-01,51.17,51.33,50.54,50.79,1144100
VGK,2010-11-02,51.76,51.93,51.64,51.85,1511600
VGK,2010-11-03,51.91,52.17,51.25,52.09,1214500
VGK,2010-11-04,53.1,53.42,53.01,53.42,1331400
VGK,2010-11-05,52.88,53.13,52.61,52.76,1615800
VGK,2010-11-08,52.33,52.499,52.03,52.34,868500
VGK,2010-11-09,52.72,52.86,51.63,51.85,1002800
VGK,2010-11-10,51.95,52.0161,51.12,51.92,1555800
VGK,2010-11-11,51.3,51.41,51.01,51.27,761600
VGK,2010-11-12,51.23,51.58,50.78,51.07,1169800
VGK,2010-11-15,51.52,51.57,50.96,51.0,876100
VGK,2010-11-16,50.58,50.58,49.35,49.6,1480200
VGK,2010-11-17,49.83,50.21,49.76,49.92,857100
VGK,2010-11-18,50.91,51.18,50.91,51.14,1350600
VGK,2010-11-19,50.77,51.29,50.49,51.28,377300
VGK,2010-11-22,50.53,50.77,49.91,50.51,823800
VGK,2010-11-23,49.39,49.55,48.75,48.8,1145700
VGK,2010-11-24,49.15,49.56,49.13,49.43,1065700
VGK,2010-11-26,48.65,49.01,48.5,48.5,588300
VGK,2010-11-29,47.82,48.06,47.28,47.86,1743300
VGK,2010-11-30,46.84,47.52,46.81,47.11,1510200
VGK,2010-12-01,48.24,48.73,48.09,48.7,2333600
VGK,2010-12-02,48.59,49.83,48.56,49.83,1583400
VGK,2010-12-03,49.88,50.43,49.79,50.41,1479500
VGK,2010-12-06,49.91,50.118,49.64,49.98,617000
VGK,2010-12-07,50.905,50.99,50.18,50.2,607500
VGK,2010-12-08,50.42,50.73,50.09,50.54,638200
VGK,2010-12-09,50.62,50.63,50.14,50.57,509300
VGK,2010-12-10,50.48,50.84,50.28,50.8,438200
VGK,2010-12-13,51.1,51.56,50.98,51.32,775900
VGK,2010-12-14,51.37,51.6,51.17,51.31,484400
VGK,2010-12-15,51.0,51.1728,50.37,50.5,798600
VGK,2010-12-16,50.61,50.9099,50.36,50.87,624200
VGK,2010-12-17,50.55,50.6,50.19,50.39,636300
VGK,2010-12-20,50.76,50.7698,50.37,50.49,584700
VGK,2010-12-21,51.02,51.1,50.924,51.01,798500
VGK,2010-12-22,48.7,48.75,48.59,48.73,1141100
VGK,2010-12-23,48.6,48.76,48.52,48.72,860100
VGK,2010-12-27,48.33,48.48,48.03,48.43,573200
VGK,2010-12-28,48.61,48.65,48.24,48.34,654300
VGK,2010-12-29,48.71,49.01,48.57,48.8,685100
VGK,2010-12-30,48.74,48.86,48.34,48.57,655000
VGK,2010-12-31,48.54,49.18,48.54,49.09,745100
VGK,2011-01-03,49.07,49.47,49.07,49.36,1422700
VGK,2011-01-04,49.69,49.74,48.96,49.24,918500
VGK,2011-01-05,48.42,48.91,48.3796,48.84,836100
VGK,2011-01-06,48.98,48.99,48.12,48.26,911400
VGK,2011-01-07,48.24,48.39,47.64,47.89,1385800
VGK,2011-01-10,47.51,47.76,47.28,47.68,866300
VGK,2011-01-11,48.05,48.22,47.8,48.18,1067900
VGK,2011-01-12,48.94,49.61,48.816,49.59,1398900
VGK,2011-01-13,49.98,50.06,49.6,49.78,975300
VGK,2011-01-14,49.68,50.27,49.61,50.24,1163000
VGK,2011-01-18,50.54,50.78,50.44,50.62,1118000
VGK,2011-01-19,50.71,50.74,49.98,50.09,1017600
VGK,2011-01-20,49.68,49.98,49.27,49.77,1341100
VGK,2011-01-21,50.52,50.71,50.256,50.5,1278500
VGK,2011-01-24,50.37,50.97,50.3402,50.93,1253300
VGK,2011-01-25,50.41,50.83,50.31,50.82,775000
VGK,2011-01-26,51.07,51.24,50.91,51.14,1938100
VGK,2011-01-27,51.43,51.54,51.18,51.47,1770100
VGK,2011-01-28,51.14,51.25,50.06,50.15,2458600
VGK,2011-01-31,50.69,51.01,50.618,50.9,1254800
VGK,2011-02-01,51.48,52.16,51.41,52.04,1309300
VGK,2011-02-02,51.84,52.0,51.62,51.77,1506000
VGK,2011-02-03,51.41,51.64,50.99,51.58,669200
VGK,2011-02-04,51.36,51.54,51.0,51.48,476500
VGK,2011-02-07,51.47,51.82,51.42,51.76,1219400
VGK,2011-02-08,51.89,52.24,51.67,52.16,850100
VGK,2011-02-09,52.07,52.3,51.91,52.22,1099700
VGK,2011-02-10,51.32,51.77,51.13,51.62,676100
VGK,2011-02-11,51.23,51.87,51.2,51.84,974600
VGK,2011-02-14,51.49,51.74,51.4,51.64,638100
VGK,2011-02-15,51.69,51.7894,51.5,51.58,508700
VGK,2011-02-16,51.78,52.28,51.7,52.27,1232500
VGK,2011-02-17,52.1,52.5,52.02,52.47,564200
VGK,2011-02-18,52.45,52.7199,52.327,52.68,425500
VGK,2011-02-22,51.61,52.03,51.08,51.1,1389000
VGK,2011-02-23,51.39,51.62,50.95,51.21,610500
VGK,2011-02-24,51.33,51.52,50.9,51.3,952800
VGK,2011-02-25,51.59,51.92,51.56,51.92,876500
VGK,2011-02-28,52.53,52.71,52.1824,52.49,872000
VGK,2011-03-01,52.61,52.61,51.48,51.49,1448600
VGK,2011-03-02,51.73,52.24,51.71,52.02,989900
VGK,2011-03-03,52.6,52.8,52.26,52.73,699500
VGK,2011-03-04,52.67,52.7002,51.79,52.1,949000
VGK,2011-03-07,52.54,52.65,51.61,51.75,637000
VGK,2011-03-08,51.52,52.02,51.31,51.88,495700
VGK,2011-03-09,51.99,52.1,51.75,51.87,791200
VGK,2011-03-10,51.01,51.02,50.5,50.57,844800
VGK,2011-03-11,50.33,51.0,50.33,50.91,966700
VGK,2011-03-14,50.54,50.99,50.25,50.63,846300
VGK,2011-03-15,48.44,49.54,48.22,49.32,2925000
VGK,2011-03-16,49.07,49.29,47.37,47.76,2293600
VGK,2011-03-17,49.51,49.6664,49.24,49.51,2424400
VGK,2011-03-18,50.4,50.47,49.88,50.12,1355600
VGK,2011-03-21,51.13,51.38,50.87,51.36,1543700
VGK,2011-03-22,51.33,51.36,50.93,50.97,916400
VGK,2011-03-23,50.8,51.19,50.62,51.04,1221000
VGK,2011-03-24,51.49,51.89,51.284,51.86,819400
VGK,2011-03-25,51.59,51.8,51.32,51.32,863100
VGK,2011-03-28,51.49,51.7,51.32,51.32,776000
VGK,2011-03-29,51.25,51.64,51.03,51.63,1125200
VGK,2011-03-30,51.89,52.21,51.77,52.16,615200
VGK,2011-03-31,51.92,52.19,51.68,51.95,976800
VGK,2011-04-01,52.08,52.66,51.85,52.61,623700
VGK,2011-04-04,52.93,53.0,52.59,52.83,539600
VGK,2011-04-05,52.52,53.05,52.47,52.91,593700
VGK,2011-04-06,53.25,53.63,53.24,53.62,578800
VGK,2011-04-07,53.39,53.63,53.0834,53.35,989100
VGK,2011-04-08,53.89,53.96,53.54,53.81,771400
VGK,2011-04-11,53.85,54.0,53.59,53.68,687200
VGK,2011-04-12,53.46,53.46,52.8801,53.03,878800
VGK,2011-04-13,53.6,53.69,53.03,53.27,931400
VGK,2011-04-14,52.98,53.53,52.79,53.49,807100
VGK,2011-04-15,53.18,53.44,52.95,53.18,1445500
VGK,2011-04-18,51.95,52.09,51.23,51.85,1231200
VGK,2011-04-19,52.16,52.55,52.08,52.5,1553400
VGK,2011-04-20,53.76,54.02,53.72,54.02,1053200
VGK,2011-04-21,54.48,54.51,54.19,54.34,1366000
VGK,2011-04-25,54.51,54.62,54.26,54.48,2318200
VGK,2011-04-26,54.69,55.0,54.57,54.97,2100000
VGK,2011-04-27,55.29,55.99,54.97,55.96,1258800
VGK,2011-04-28,55.72,56.14,55.72,56.09,1056600
VGK,2011-04-29,56.24,56.45,56.1599,56.27,1579000
VGK,2011-05-02,56.56,56.685,56.14,56.19,1328300
VGK,2011-05-03,55.85,56.21,55.5331,55.73,1501900
VGK,2011-05-04,55.93,55.97,55.14,55.26,2361000
VGK,2011-05-05,54.44,54.59,53.66,53.85,2000000
VGK,2011-05-06,54.45,54.73,53.3,53.6,1877300
VGK,2011-05-09,53.61,54.05,53.33,54.02,1254800
VGK,2011-05-10,54.24,54.68,54.11,54.66,1024200
VGK,2011-05-11,54.47,54.48,53.37,53.69,2135100
VGK,2011-05-12,53.47,54.14,53.13,53.96,1800000
VGK,2011-05-13,53.74,53.83,52.65,52.98,1587300
VGK,2011-05-16,52.93,53.58,52.81,52.96,868200
VGK,2011-05-17,52.77,53.1,52.44,53.04,1833500
VGK,2011-05-18,52.95,53.56,52.81,53.45,738900
VGK,2011-05-19,53.73,54.03,53.39,54.02,746500
VGK,2011-05-20,53.66,53.69,52.95,53.08,1044800
VGK,2011-05-23,51.82,52.04,51.55,51.81,1200000
VGK,2011-05-24,52.26,52.41,51.88,52.08,864700
VGK,2011-05-25,51.93,52.7,51.93,52.55,865200
VGK,2011-05-26,52.76,53.12,52.29,53.0,916200
VGK,2011-05-27,53.32,53.64,53.24,53.51,710200
VGK,2011-05-31,54.53,54.68,54.13,54.67,912700
VGK,2011-06-01,54.38,54.42,53.14,53.25,1494500
VGK,2011-06-02,53.51,53.67,52.98,53.61,976800
VGK,2011-06-03,53.1,54.07,53.01,53.77,904000
VGK,2011-06-06,53.68,53.7187,52.92,52.92,1100300
VGK,2011-06-07,53.74,53.92,53.44,53.44,1000400
VGK,2011-06-08,53.01,53.13,52.43,52.51,1674300
VGK,2011-06-09,52.69,53.32,52.56,53.2,901900
VGK,2011-06-10,52.61,52.62,51.5,51.63,1420800
VGK,2011-06-13,52.0,52.19,51.49,51.88,992200
VGK,2011-06-14,52.58,52.94,52.55,52.73,644100
VGK,2011-06-15,51.57,51.71,50.6,50.72,1744600
VGK,2011-06-16,50.46,50.87,50.16,50.57,2146100
VGK,2011-06-17,51.5,51.6,51.19,51.39,1318100
VGK,2011-06-20,50.92,51.4,50.92,51.21,1058600
VGK,2011-06-21,51.75,52.49,51.7,52.46,1902300
VGK,2011-06-22,51.98,52.3,51.68,51.74,2041500
VGK,2011-06-23,50.56,51.15,50.21,51.07,2464400
VGK,2011-06-24,50.92,50.95,50.22,50.3,1016400
VGK,2011-06-27,50.31,51.12,50.27,51.01,886700
VGK,2011-06-28,51.23,51.69,51.1,51.65,1335200
VGK,2011-06-29,52.22,52.7,51.9,52.65,1200400
VGK,2011-06-30,52.82,53.58,52.73,53.53,1089000
VGK,2011-07-01,53.38,54.14,53.21,54.07,2110200
VGK,2011-07-05,53.91,54.06,53.56,53.68,1509100
VGK,2011-07-06,53.03,53.2501,52.75,53.12,1133200
VGK,2011-07-07,53.51,53.75,53.4,53.63,1040900
VGK,2011-07-08,53.01,53.17,52.5,52.74,1747100
VGK,2011-07-11,51.22,51.44,50.73,50.8,3414400
VGK,2011-07-12,50.39,50.95,50.19,50.31,3843300
VGK,2011-07-13,50.77,51.63,50.68,51.12,3113700
VGK,2011-07-14,51.4,51.54,50.49,50.67,2373800
VGK,2011-07-15,50.88,51.13,50.54,50.79,4069000
VGK,2011-07-18,50.03,50.13,49.24,49.77,4396400
VGK,2011-07-19,50.21,50.695,50.21,50.62,2400200
VGK,2011-07-20,51.13,51.32,50.77,51.31,1820200
VGK,2011-07-21,52.04,52.74,51.88,52.68,2600600
VGK,2011-07-22,52.64,52.73,52.21,52.68,2152400
VGK,2011-07-25,52.46,52.6,52.264,52.33,1067400
VGK,2011-07-26,52.63,52.92,52.4,52.76,1524800
VGK,2011-07-27,52.29,52.31,51.18,51.2,1879100
VGK,2011-07-28,51.06,51.61,51.01,51.04,1227300
VGK,2011-07-29,50.91,51.73,50.76,51.07,3309200
VGK,2011-08-01,51.59,51.63,49.72,50.18,1792500
VGK,2011-08-02,49.44,49.99,48.62,48.62,2667400
VGK,2011-08-03,49.23,49.32,48.18,49.07,2948500
VGK,2011-08-04,47.51,47.6192,45.33,45.35,3528500
VGK,2011-08-05,46.78,47.04,44.64,46.7,7650800
VGK,2011-08-08,44.55,45.21,42.45,42.45,5361100
VGK,2011-08-09,44.46,46.04,43.12,46.01,8127600
VGK,2011-08-10,44.49,44.49,42.55,42.55,5801000
VGK,2011-08-11,42.71,45.19,42.57,44.91,5847800
VGK,2011-08-12,45.73,46.13,44.97,45.72,2057200
VGK,2011-08-15,46.25,46.95,46.25,46.841,1892600
VGK,2011-08-16,45.95,46.78,45.55,45.94,1984200
VGK,2011-08-17,46.43,46.94,45.96,46.2,1780600
VGK,2011-08-18,44.5,44.5524,43.3699,43.73,2789600
VGK,2011-08-19,43.1,44.29,42.82,42.88,2675700
VGK,2011-08-22,44.61,44.67,43.37,43.51,1805600
VGK,2011-08-23,44.01,45.04,43.63,45.0,2651000
VGK,2011-08-24,44.78,45.51,44.55,45.19,1267900
VGK,2011-08-25,44.98,45.14,43.68,43.82,2269800
VGK,2011-08-26,43.47,44.54,42.95,44.38,2534900
VGK,2011-08-29,45.14,45.76,45.08,45.74,2808400
VGK,2011-08-30,45.11,45.58,44.69,45.36,1414000
VGK,2011-08-31,46.14,46.62,46.06,46.33,2153900
VGK,2011-09-01,46.11,46.64,45.65,45.67,1463100
VGK,2011-09-02,44.8,45.18,44.5,44.55,2964000
VGK,2011-09-06,42.17,42.7,41.91,42.59,4685600
VGK,2011-09-07,43.2,44.04,43.05,43.95,2013600
VGK,2011-09-08,43.25,43.91,42.941,42.99,2493500
VGK,2011-09-09,42.06,42.26,41.06,41.23,3636100
VGK,2011-09-12,40.32,41.05,39.82,41.02,3119400
VGK,2011-09-13,40.89,41.5,40.68,41.32,1905200
VGK,2011-09-14,41.7,42.59,40.89,42.31,4249900
VGK,2011-09-15,43.17,43.43,42.79,43.4,2079300
VGK,2011-09-16,43.42,43.52,42.78,43.17,1250000
VGK,2011-09-19,41.58,42.2,41.29,41.8,2503600
VGK,2011-09-20,42.05,42.607,41.72,42.24,2715800
VGK,2011-09-21,42.14,42.31,40.73,40.79,3092600
VGK,2011-09-22,39.32,39.57,38.78,39.25,4267100
VGK,2011-09-23,38.84,40.35,38.78,40.35,3149600
VGK,2011-09-26,40.34,41.07,39.59,41.07,2606200
VGK,2011-09-27,42.3,42.94,41.92,42.17,2332700
VGK,2011-09-28,42.36,42.63,41.23,41.26,2000900
VGK,2011-09-29,42.62,42.824,41.61,42.35,2978300
VGK,2011-09-30,41.16,41.585,40.63,40.66,3250600
VGK,2011-10-03,40.16,40.8107,39.38,39.43,2814300
VGK,2011-10-04,38.91,40.29,38.4,40.22,3376500
VGK,2011-10-05,40.32,41.11,39.95,41.1,2186100
VGK,2011-10-06,41.03,42.45,40.8,42.4,2450600
VGK,2011-10-07,42.66,42.81,41.84,41.86,2519000
VGK,2011-10-10,43.05,43.87,43.05,43.84,1806600
VGK,2011-10-11,43.18,43.87,43.06,43.74,5019500
VGK,2011-10-12,44.56,45.17,44.453,44.79,1626800
VGK,2011-10-13,44.34,44.68,43.86,44.56,1958100
VGK,2011-10-14,45.26,45.42,44.84,45.33,1611200
VGK,2011-10-17,44.77,44.83,43.76,43.76,2264900
VGK,2011-10-18,43.92,44.96,43.27,44.69,1963400
VGK,2011-10-19,44.42,44.569,43.65,43.68,1175700
VGK,2011-10-20,43.95,44.09,43.16,43.89,1895800
VGK,2011-10-21,44.82,45.36,44.72,45.36,1866600
VGK,2011-10-24,45.16,46.06,45.09,45.99,1634400
VGK,2011-10-25,45.72,45.86,44.97,45.22,2765000
VGK,2011-10-26,46.09,46.24,44.86,46.05,1985700
VGK,2011-10-27,48.1501,49.0,47.72,48.72,4297700
VGK,2011-10-28,48.0,48.22,47.8,48.09,1897600
VGK,2011-10-31,46.97,47.06,45.66,45.71,3491100
VGK,2011-11-01,43.52,44.46,43.28,43.81,3616600
VGK,2011-11-02,44.37,44.84,44.14,44.54,2041900
VGK,2011-11-03,45.45,46.06,44.66,46.0,2610200
VGK,2011-11-04,45.22,45.42,44.63,45.08,1513500
VGK,2011-11-07,44.95,45.3,44.5528,45.21,1089000
VGK,2011-11-08,45.61,46.11,45.15,46.11,1755500
VGK,2011-11-09,43.86,44.0,42.97,43.01,2854800
VGK,2011-11-10,44.04,44.16,43.24,43.82,2126000
VGK,2011-11-11,44.65,45.14,44.57,45.1,2884300
VGK,2011-11-14,44.41,44.49,43.81,43.87,1870100
VGK,2011-11-15,43.75,44.12,43.48,43.87,1880700
VGK,2011-11-16,43.44,43.86,42.95,42.95,1877200
VGK,2011-11-17,43.19,43.34,42.26,42.44,4989300
VGK,2011-11-18,42.97,43.03,42.47,42.64,5277800
VGK,2011-11-21,41.69,41.7155,41.15,41.45,2588600
VGK,2011-11-22,41.27,41.5,40.94,41.16,1831600
VGK,2011-11-23,40.65,40.74,39.8813,39.9,4682700
VGK,2011-11-25,39.82,40.38,39.67,39.7,1408400
VGK,2011-11-28,41.7,41.88,41.46,41.83,4177000
VGK,2011-11-29,41.87,42.26,41.67,42.12,2881800
VGK,2011-11-30,43.9,44.49,43.7529,44.4,4339400
VGK,2011-12-01,44.15,44.59,43.81,43.92,2117100
VGK,2011-12-02,44.52,44.58,43.84,43.88,819800
VGK,2011-12-05,44.86,44.91,44.07,44.39,2451200
VGK,2011-12-06,44.3,44.72,44.19,44.41,988100
VGK,2011-12-07,43.98,44.79,43.73,44.67,1656600
VGK,2011-12-08,43.84,43.93,42.84,42.98,3568800
VGK,2011-12-09,43.46,44.22,43.4,44.22,2760200
VGK,2011-12-12,43.16,43.22,42.4,42.48,2484500
VGK,2011-12-13,42.75,43.11,41.64,41.86,4078200
VGK,2011-12-14,41.54,41.75,41.1,41.26,3199300
VGK,2011-12-15,41.98,42.0,41.4472,41.68,2238400
VGK,2011-12-16,41.79,41.8871,41.16,41.3,1676100
VGK,2011-12-19,41.715,41.83,41.0675,41.13,2130700
VGK,2011-12-20,42.21,42.83,42.18,42.83,2827900
VGK,2011-12-21,40.6499,40.75,40.27,40.66,2920200
VGK,2011-12-22,40.74,41.15,40.65,41.15,1489700
VGK,2011-12-23,41.22,41.51,41.09,41.51,1928800
VGK,2011-12-27,41.4,41.44,41.2,41.24,1258200
VGK,2011-12-28,41.23,41.24,40.47,40.48,1982000
VGK,2011-12-29,40.6,41.3,40.55,41.3,2759900
VGK,2011-12-30,41.24,41.5,41.18,41.43,1116800
VGK,2012-01-03,42.32,42.86,42.32,42.81,2421600
VGK,2012-01-04,42.34,42.44,42.0,42.29,2004200
VGK,2012-01-05,41.55,41.65,41.28,41.52,2231900
VGK,2012-01-06,41.39,41.42,40.88,40.95,2884100
VGK,2012-01-09,41.24,41.26,40.87,41.26,1417600
VGK,2012-01-10,41.88,41.96,41.74,41.89,1779800
VGK,2012-01-11,41.42,41.6,41.21,41.55,1196100
VGK,2012-01-12,41.86,41.98,41.49,41.96,1321100
VGK,2012-01-13,41.21,41.28,40.67,41.13,2808700
VGK,2012-01-17,41.84,42.08,41.74,41.9,1933800
VGK,2012-01-18,42.19,42.8,42.11,42.8,1807100
VGK,2012-01-19,43.05,43.44,42.83,43.42,1402800
VGK,2012-01-20,43.24,43.47,43.15,43.47,1014100
VGK,2012-01-23,43.59,43.88,43.48,43.78,3793300
VGK,2012-01-24,43.21,43.6,43.06,43.51,1401100
VGK,2012-01-25,43.15,44.03,42.91,43.94,1485900
VGK,2012-01-26,44.38,44.44,43.96,44.07,1267500
VGK,2012-01-27,43.88,44.18,43.78,44.11,951100
VGK,2012-01-30,43.24,43.52,43.12,43.41,1806900
VGK,2012-01-31,43.97,43.979,43.4,43.69,1102600
VGK,2012-02-01,44.36,44.85,44.36,44.6,1985800
VGK,2012-02-02,44.65,44.85,44.52,44.67,680000
VGK,2012-02-03,44.98,45.56,44.91,45.55,1708600
VGK,2012-02-06,45.02,45.31,44.92,45.2,1251600
VGK,2012-02-07,45.15,45.63,45.0,45.62,1084500
VGK,2012-02-08,45.67,45.86,45.41,45.78,1229300
VGK,2012-02-09,46.03,46.03,45.575,45.81,1310200
VGK,2012-02-10,44.96,45.09,44.7616,44.87,1761900
VGK,2012-02-13,45.48,45.51,45.2,45.44,1159600
VGK,2012-02-14,45.15,45.22,44.67,44.96,1198700
VGK,2012-02-15,45.29,45.29,44.77,44.81,1128200
VGK,2012-02-16,44.75,45.6,44.655,45.6,1817600
VGK,2012-02-17,45.9,45.91,45.5576,45.84,1262500
VGK,2012-02-21,46.01,46.18,45.73,45.83,1456000
VGK,2012-02-22,45.65,45.83,45.47,45.66,1658500
VGK,2012-02-23,45.74,46.14,45.46,46.12,1037600
VGK,2012-02-24,46.29,46.57,46.25,46.52,975800
VGK,2012-02-27,45.77,46.28,45.66,46.13,902700
VGK,2012-02-28,46.15,46.545,46.01,46.54,1041000
VGK,2012-02-29,46.68,46.86,46.04,46.06,2058300
VGK,2012-03-01,46.36,46.68,46.31,46.67,1174200
VGK,2012-03-02,46.29,46.31,45.9731,46.07,969400
VGK,2012-03-05,46.01,46.06,45.71,45.89,1337500
VGK,2012-03-06,44.6392,44.68,44.0,44.01,2673900
VGK,2012-03-07,44.37,44.71,44.27,44.71,1548100
VGK,2012-03-08,45.41,46.01,45.31,45.92,1741600
VGK,2012-03-09,45.5,45.73,45.39,45.46,983900
VGK,2012-03-12,45.41,45.64,45.21,45.63,678800
VGK,2012-03-13,45.76,46.44,45.69,46.44,2451400
VGK,2012-03-14,46.36,46.43,45.94,46.03,1075400
VGK,2012-03-15,46.17,46.61,45.99,46.55,983400
VGK,2012-03-16,46.88,47.1,46.88,47.03,1158300
VGK,2012-03-19,46.89,47.39,46.86,47.24,956100
VGK,2012-03-20,46.55,46.83,46.39,46.66,1190100
VGK,2012-03-21,46.59,46.63,46.22,46.38,1104600
VGK,2012-03-22,45.74,45.99,45.64,45.85,987000
VGK,2012-03-23,45.82,46.23,45.58,46.2,1204800
VGK,2012-03-26,46.69,47.08,46.64,47.03,1198400
VGK,2012-03-27,46.84,46.858,46.43,46.43,844700
VGK,2012-03-28,46.44,46.48,45.728,45.94,1118400
VGK,2012-03-29,45.37,45.645,45.17,45.59,835700
VGK,2012-03-30,46.05,46.18,45.7,46.09,970800
VGK,2012-04-02,45.88,46.95,45.78,46.8328,1699400
VGK,2012-04-03,46.58,46.59,45.63,45.81,1810000
VGK,2012-04-04,44.88,45.0101,44.48,44.6471,1762900
VGK,2012-04-05,44.14,44.54,44.07,44.21,1534300
VGK,2012-04-09,43.72,44.19,43.65,43.99,1770800
VGK,2012-04-10,43.83,43.99,42.83,42.83,3051400
VGK,2012-04-11,43.88,43.972,43.51,43.61,2696000
VGK,2012-04-12,43.83,44.61,43.81,44.52,1826200
VGK,2012-04-13,43.97,43.98,43.29,43.3,1953500
VGK,2012-04-16,43.74,43.9,43.32,43.79,2122600
VGK,2012-04-17,44.28,44.78,44.12,44.71,1424200
VGK,2012-04-18,44.19,44.6,44.16,44.28,1127000
VGK,2012-04-19,44.31,44.55,43.8,44.04,1817500
VGK,2012-04-20,44.42,44.76,44.39,44.6,1186400
VGK,2012-04-23,43.6,43.7,43.23,43.62,2388600
VGK,2012-04-24,43.75,44.2,43.69,44.02,1414900
VGK,2012-04-25,44.64,44.83,44.42,44.74,2021800
VGK,2012-04-26,44.46,45.04,44.41,44.96,1259000
VGK,2012-04-27,45.26,45.35,44.98,45.22,1356000
VGK,2012-04-30,45.07,45.07,44.75,44.94,1474700
VGK,2012-05-01,45.1,45.52,44.94,45.34,853200
VGK,2012-05-02,44.6,44.86,44.35,44.78,952300
VGK,2012-05-03,44.73,44.84,44.35,44.42,821900
VGK,2012-05-04,44.12,44.2692,43.61,43.64,1412800
VGK,2012-05-07,43.68,44.115,43.64,44.09,1103100
VGK,2012-05-08,43.52,43.6,42.87,43.37,1617500
VGK,2012-05-09,42.35,43.01,42.14,42.71,1967200
VGK,2012-05-10,43.2,43.27,42.9,42.99,1078600
VGK,2012-05-11,42.48,43.19,42.45,42.75,1583900
VGK,2012-05-14,41.95,42.17,41.77,41.81,2159900
VGK,2012-05-15,41.52,41.75,41.15,41.2,2706900
VGK,2012-05-16,41.38,41.6501,40.91,40.91,1859300
VGK,2012-05-17,40.75,40.81,40.24,40.24,4445800
VGK,2012-05-18,40.52,40.54,40.0,40.09,2236900
VGK,2012-05-21,40.49,41.18,40.4,41.1341,4695100
VGK,2012-05-22,41.21,41.51,40.72,40.89,2661100
VGK,2012-05-23,40.47,40.52,39.78,40.48,2532000
VGK,2012-05-24,40.48,40.61,39.99,40.24,3281100
VGK,2012-05-25,40.06,40.45,40.06,40.23,1030300
VGK,2012-05-29,40.7,40.85,40.26,40.6,1997000
VGK,2012-05-30,39.93,39.94,39.41,39.43,4043800
VGK,2012-05-31,39.62,39.73,39.01,39.56,2794100
VGK,2012-06-01,38.79,39.051,38.47,38.64,4631200
VGK,2012-06-04,38.99,39.11,38.66,39.01,2382900
VGK,2012-06-05,38.83,39.15,38.8,39.13,1554500
VGK,2012-06-06,39.52,40.55,39.493,40.48,4087300
VGK,2012-06-07,41.13,41.23,40.55,40.55,3356300
VGK,2012-06-08,40.07,40.7,39.93,40.64,1271900
VGK,2012-06-11,41.08,41.15,40.08,40.08,2871900
VGK,2012-06-12,40.5,40.94,40.11,40.92,1742900
VGK,2012-06-13,40.51,40.99,40.3975,40.5,2692100
VGK,2012-06-14,40.53,41.02,40.42,40.91,1612600
VGK,2012-06-15,41.13,41.51,41.02,41.51,2152200
VGK,2012-06-18,41.15,41.36,40.95,41.12,1186900
VGK,2012-06-19,41.69,42.39,41.63,42.16,2959900
VGK,2012-06-20,42.34,42.74,42.02,42.37,5782700
VGK,2012-06-21,42.33,42.41,41.13,41.17,2421100
VGK,2012-06-22,41.68,41.7,41.26,41.59,1376800
VGK,2012-06-25,40.75,40.77,40.372,40.44,3268800
VGK,2012-06-26,40.59,40.78,40.2491,40.72,1652400
VGK,2012-06-27,40.73,41.11,40.61,41.08,1615900
VGK,2012-06-28,40.52,41.0,40.32,40.93,1785200
VGK,2012-06-29,42.4895,42.83,42.37,42.83,4322200
VGK,2012-07-02,42.86,43.16,42.67,43.13,1897300
VGK,2012-07-03,43.07,43.54,43.07,43.5,1197900
VGK,2012-07-05,42.65,42.74,42.3255,42.51,2545400
VGK,2012-07-06,42.14,42.21,41.79,41.97,1956200
VGK,2012-07-09,41.82,41.98,41.67,41.98,1290500
VGK,2012-07-10,42.23,42.35,41.7,41.78,2687200
VGK,2012-07-11,41.91,42.1,41.67,41.94,930800
VGK,2012-07-12,41.41,41.63,41.11,41.48,1744500
VGK,2012-07-13,41.56,42.26,41.54,42.21,1818800
VGK,2012-07-16,42.07,42.365,41.84,42.2,1355300
VGK,2012-07-17,42.37,42.5,41.77,42.42,1467700
VGK,2012-07-18,42.21,42.76,42.19,42.73,1405600
VGK,2012-07-19,42.93,43.2145,42.83,43.14,1447600
VGK,2012-07-20,42.29,42.35,41.99,41.99,2328400
VGK,2012-07-23,40.7,41.098,40.52,40.96,2325500
VGK,2012-07-24,40.88,40.88,40.12,40.36,2841100
VGK,2012-07-25,40.85,40.94,40.52,40.75,1618800
VGK,2012-07-26,42.07,42.39,42.015,42.33,4223200
VGK,2012-07-27,42.76,43.53,42.64,43.37,2227300
VGK,2012-07-30,43.14,43.46,43.1,43.33,1721700
VGK,2012-07-31,43.15,43.34,42.97,42.97,2175900
VGK,2012-08-01,43.32,43.43,43.04,43.05,1353200
VGK,2012-08-02,42.53,42.86,41.91,42.19,2569800
VGK,2012-08-03,43.42,44.192,43.4,44.09,2962900
VGK,2012-08-06,44.29,44.57,44.21,44.38,1649400
VGK,2012-08-07,44.69,44.92,44.6315,44.73,2267500
VGK,2012-08-08,44.43,44.79,44.42,44.7,1018500
VGK,2012-08-09,44.56,44.85,44.47,44.63,779500
VGK,2012-08-10,44.31,44.77,44.19,44.76,775300
VGK,2012-08-13,44.62,44.77,44.4,44.55,812400
VGK,2012-08-14,44.77,44.83,44.59,44.71,887500
VGK,2012-08-15,44.61,44.785,44.59,44.7,904300
VGK,2012-08-16,44.84,45.3,44.72,45.2,1231600
VGK,2012-08-17,45.24,45.25,45.0,45.24,932700
VGK,2012-08-20,45.04,45.19,44.83,45.14,723600
VGK,2012-08-21,45.51,45.818,45.32,45.48,1788200
VGK,2012-08-22,45.08,45.53,45.05,45.44,736300
VGK,2012-08-23,45.17,45.347,44.99,45.09,1378800
VGK,2012-08-24,44.77,45.31,44.69,45.02,710000
VGK,2012-08-27,45.26,45.4,45.16,45.18,719900
VGK,2012-08-28,45.08,45.2537,44.96,45.14,576000
VGK,2012-08-29,45.06,45.14,44.95,44.95,3575300
VGK,2012-08-30,44.91,44.91,44.39,44.45,1591300
VGK,2012-08-31,45.17,45.286,44.76,44.98,1909600
VGK,2012-09-04,45.1,45.1,44.72,44.85,2774800
VGK,2012-09-05,44.99,45.1,44.79,44.88,1015600
VGK,2012-09-06,45.31,46.29,45.31,46.24,4439600
VGK,2012-09-07,46.78,46.92,46.67,46.89,5352600
VGK,2012-09-10,46.64,46.81,46.37,46.41,1961100
VGK,2012-09-11,46.61,47.17,46.6,47.09,3185600
VGK,2012-09-12,47.39,47.4,47.04,47.25,2331300
VGK,2012-09-13,47.14,48.16,46.96,48.04,3230600
VGK,2012-09-14,48.51,48.9,48.38,48.54,6243600
VGK,2012-09-17,48.48,48.67,48.2,48.27,1560300
VGK,2012-09-18,47.95,48.15,47.86,48.0,1288600
VGK,2012-09-19,48.04,48.34,47.86,48.19,1470800
VGK,2012-09-20,47.55,47.9099,47.37,47.82,2051600
VGK,2012-09-21,48.19,48.25,47.98,48.01,1671400
VGK,2012-09-24,46.48,46.8,46.41,46.72,2433700
VGK,2012-09-25,46.79,47.0332,46.28,46.3,1626100
VGK,2012-09-26,45.87,45.92,45.57,45.64,2825200
VGK,2012-09-27,45.91,46.375,45.69,46.26,1809800
VGK,2012-09-28,45.77,45.815,45.2,45.26,2824300
VGK,2012-10-01,45.88,46.26,45.63,45.77,3318400
VGK,2012-10-02,46.35,46.418,45.9,46.08,1218100
VGK,2012-10-03,46.0,46.1,45.79,45.85,1045200
VGK,2012-10-04,46.21,46.51,46.05,46.51,1677700
VGK,2012-10-05,46.9,47.08,46.5,46.61,1478600
VGK,2012-10-08,46.23,46.33,46.11,46.25,2901200
VGK,2012-10-09,45.95,46.03,45.43,45.43,1843400
VGK,2012-10-10,45.56,45.67,45.27,45.42,1141900
VGK,2012-10-11,46.02,46.15,45.78,45.79,1135500
VGK,2012-10-12,45.96,46.14,45.67,45.75,1565300
VGK,2012-10-15,46.07,46.27,45.8,46.24,1338800
VGK,2012-10-16,46.79,47.11,46.74,47.08,1640800
VGK,2012-10-17,47.3,47.56,47.2,47.51,1151300
VGK,2012-10-18,47.29,47.581,47.13,47.2,2421100
VGK,2012-10-19,47.1,47.1,46.55,46.59,1258800
VGK,2012-10-22,46.86,46.96,46.54,46.89,1050100
VGK,2012-10-23,45.81,45.84,45.48,45.7,2289000
VGK,2012-10-24,45.96,46.03,45.69,45.69,665400
VGK,2012-10-25,46.26,46.33,45.78,45.97,827700
VGK,2012-10-26,45.94,46.14,45.8,46.0,2811900
VGK,2012-10-31,46.43,46.43,45.8715,46.06,1414100
VGK,2012-11-01,46.4,46.68,46.33,46.56,1445900
VGK,2012-11-02,46.54,46.54,46.07,46.07,1461900
VGK,2012-11-05,45.9,46.0,45.77,45.89,1402900
VGK,2012-11-06,46.11,46.48,46.08,46.4008,992100
VGK,2012-11-07,45.81,45.81,45.37,45.6,1741100
VGK,2012-11-08,45.41,45.61,45.1,45.11,3079000
VGK,2012-11-09,44.85,45.31,44.81,45.04,2281700
VGK,2012-11-12,45.18,45.26,45.035,45.13,1243700
VGK,2012-11-13,44.69,45.29,44.62,44.9,1180800
VGK,2012-11-14,45.19,45.21,44.41,44.5,1700200
VGK,2012-11-15,44.72,44.83,44.35,44.48,937500
VGK,2012-11-16,44.37,44.38,43.8399,44.2,2986300
VGK,2012-11-19,44.81,45.31,44.78,45.31,1920200
VGK,2012-11-20,45.22,45.51,45.08,45.47,1158300
VGK,2012-11-21,45.53,45.65,45.4799,45.6,1532600
VGK,2012-11-23,46.44,46.74,46.38,46.74,1285600
VGK,2012-11-26,46.41,46.57,46.309,46.56,1352600
VGK,2012-11-27,46.41,46.567,46.26,46.3,1111000
VGK,2012-11-28,46.08,46.76,45.94,46.73,2403000
VGK,2012-11-29,47.1,47.27,46.87,47.18,3147000
VGK,2012-11-30,47.28,47.44,47.13,47.2,1581700
VGK,2012-12-03,47.6,47.66,47.33,47.38,9623400
VGK,2012-12-04,47.58,47.67,47.46,47.62,2467900
VGK,2012-12-05,47.59,47.91,47.44,47.73,3911200
VGK,2012-12-06,47.81,47.81,47.49,47.7,1071600
VGK,2012-12-07,47.51,47.58,47.29,47.52,2469000
VGK,2012-12-10,47.47,47.68,47.43,47.65,1961100
VGK,2012-12-11,47.87,48.06,47.87,47.99,1553600
VGK,2012-12-12,48.17,48.49,48.0815,48.19,1762900
VGK,2012-12-13,48.13,48.28,47.95,48.03,1341700
VGK,2012-12-14,48.11,48.4699,48.04,48.32,1134200
VGK,2012-12-17,48.21,48.49,48.19,48.49,2537300
VGK,2012-12-18,48.54,49.0,48.54,48.99,3910600
VGK,2012-12-19,49.33,49.38,49.01,49.06,2361700
VGK,2012-12-20,48.81,48.88,48.6,48.88,2161600
VGK,2012-12-21,48.2399,48.48,48.18,48.44,1646600
VGK,2012-12-24,48.59,48.6,48.3,48.31,1536100
VGK,2012-12-26,48.56,48.6,48.18,48.36,952100
VGK,2012-12-27,48.76,48.76,48.27,48.54,2862800
VGK,2012-12-28,48.17,48.28,47.9,47.9,3636800
VGK,2012-12-31,48.24,48.8699,48.12,48.84,2526900
VGK,2013-01-02,49.49,49.56,49.06,49.43,3894700
VGK,2013-01-03,48.99,49.15,48.8,48.85,2685000
VGK,2013-01-04,48.84,49.33,48.81,49.26,2106400
VGK,2013-01-07,48.9,49.13,48.8238,49.06,2824400
VGK,2013-01-08,48.99,49.0665,48.76,48.9,1543600
VGK,2013-01-09,48.93,49.13,48.92,49.05,1802300
VGK,2013-01-10,49.64,49.86,49.45,49.84,3088800
VGK,2013-01-11,50.0,50.09,49.76,50.05,1049100
VGK,2013-01-14,49.92,50.01,49.75,50.01,1225500
VGK,2013-01-15,49.59,49.91,49.55,49.83,2571100
VGK,2013-01-16,49.51,49.75,49.4799,49.6,1583700
VGK,2013-01-17,50.07,50.28,49.9835,50.13,1782300
VGK,2013-01-18,50.07,50.116,49.775,50.02,1929600
VGK,2013-01-22,49.99,50.13,49.82,50.13,1686100
VGK,2013-01-23,50.06,50.19,49.9113,50.15,2540700
VGK,2013-01-24,50.25,50.51,50.2,50.44,2158900
VGK,2013-01-25,50.92,51.12,50.77,51.12,1809600
VGK,2013-01-28,51.04,51.05,50.83,50.92,1800900
VGK,2013-01-29,50.9299,51.24,50.9,51.21,1560800
VGK,2013-01-30,51.15,51.33,51.08,51.19,1143700
VGK,2013-01-31,51.03,51.22,50.83,50.93,1248200
VGK,2013-02-01,51.35,51.59,51.195,51.46,2768300
VGK,2013-02-04,50.59,50.6999,49.96,50.05,2953800
VGK,2013-02-05,50.4,50.61,50.31,50.46,1370600
VGK,2013-02-06,49.9799,50.27,49.94,50.25,1833200
VGK,2013-02-07,50.13,50.19,49.44,49.69,2717700
VGK,2013-02-08,49.96,50.16,49.92,50.07,2669200
VGK,2013-02-11,49.99,49.99,49.6399,49.78,2773600
VGK,2013-02-12,50.0,50.4,49.93,50.27,1113700
VGK,2013-02-13,50.59,50.77,50.38,50.52,852100
VGK,2013-02-14,49.95,50.16,49.87,50.1,1033900
VGK,2013-02-15,50.19,50.26,49.79,49.95,1221600
VGK,2013-02-19,50.37,50.56,50.33,50.56,1483000
VGK,2013-02-20,50.58,50.6067,49.87,49.87,3396500
VGK,2013-02-21,49.21,49.27,48.905,49.11,2441800
VGK,2013-02-22,49.49,49.85,49.305,49.84,1400800
VGK,2013-02-25,50.17,50.28,48.26,48.26,2727500
VGK,2013-02-26,48.83,49.05,48.41,48.73,4097300
VGK,2013-02-27,48.67,49.535,48.67,49.46,2253800
VGK,2013-02-28,49.36,49.645,49.2,49.2,2177700
VGK,2013-03-01,48.74,49.1763,48.53,49.07,1471200
VGK,2013-03-04,48.9,49.36,48.82,49.36,2687700
VGK,2013-03-05,49.9,50.06,49.855,49.94,2821900
VGK,2013-03-06,50.13,50.13,49.68,49.84,1692600
VGK,2013-03-07,50.12,50.28,50.0999,50.23,1425800
VGK,2013-03-08,50.25,50.27,49.88,50.2,2411800
VGK,2013-03-11,50.05,50.385,50.0,50.37,1662300
VGK,2013-03-12,50.44,50.53,50.13,50.22,1861800
VGK,2013-03-13,50.06,50.22,49.79,50.05,1272700
VGK,2013-03-14,50.31,50.8,50.2801,50.78,2708100
VGK,2013-03-15,50.81,50.89,50.6,50.73,1253200
VGK,2013-03-18,49.97,50.47,49.9,49.99,4131100
VGK,2013-03-19,50.2,50.3,49.44,49.77,6975700
VGK,2013-03-20,50.26,50.33,50.05,50.18,2179700
VGK,2013-03-21,49.58,49.89,49.42,49.52,3669300
VGK,2013-03-22,49.62,49.93,49.57,49.8,3331000
VGK,2013-03-25,49.74,49.84,48.83,49.0,7225500
VGK,2013-03-26,49.12,49.3265,48.96,49.24,2042000
VGK,2013-03-27,48.43,48.77,48.3,48.68,2401400
VGK,2013-03-28,49.02,49.28,48.93,49.13,3441300
VGK,2013-04-01,49.04,49.21,48.75,48.85,1836400
VGK,2013-04-02,49.44,49.77,49.4,49.48,1586700
VGK,2013-04-03,49.63,49.74,49.18,49.19,1890300
VGK,2013-04-04,48.86,49.23,48.74,49.16,1673800
VGK,2013-04-05,48.4,48.88,48.32,48.86,1840400
VGK,2013-04-08,48.89,48.96,48.7,48.96,1285600
VGK,2013-04-09,49.03,49.36,48.805,49.19,3074700
VGK,2013-04-10,49.68,50.09,49.65,50.02,1996600
VGK,2013-04-11,50.3,50.59,50.175,50.3,2161500
VGK,2013-04-12,50.01,50.16,49.78,50.15,1218200
VGK,2013-04-15,49.61,49.6851,49.0,49.0,2831000
VGK,2013-04-16,49.74,49.83,49.37,49.79,1472200
VGK,2013-04-17,49.0,49.0,48.1,48.33,2696800
VGK,2013-04-18,48.56,48.57,48.106,48.34,1932700
VGK,2013-04-19,48.68,48.85,48.545,48.68,1122700
VGK,2013-04-22,48.81,49.0,48.43,48.92,2872500
VGK,2013-04-23,49.46,49.79,49.46,49.79,2979300
VGK,2013-04-24,49.93,50.2934,49.93,50.29,1458700
VGK,2013-04-25,50.47,50.67,50.37,50.43,1225400
VGK,2013-04-26,50.44,50.63,50.36,50.58,876800
VGK,2013-04-29,50.9,51.39,50.8825,51.34,1354500
VGK,2013-04-30,51.22,51.37,51.09,51.36,1297700
VGK,2013-05-01,51.35,51.54,50.9535,51.03,1176000
VGK,2013-05-02,50.91,51.31,50.838,51.29,1662800
VGK,2013-05-03,51.75,52.06,51.73,51.92,1574600
VGK,2013-05-06,51.81,51.8931,51.6,51.86,1523200
VGK,2013-05-07,52.15,52.21,51.84,52.02,2115800
VGK,2013-05-08,52.43,52.76,52.43,52.69,1892600
VGK,2013-05-09,52.43,52.505,51.94,52.12,1370000
VGK,2013-05-10,52.18,52.34,51.92,52.33,897500
VGK,2013-05-13,52.11,52.14,51.92,52.05,998200
VGK,2013-05-14,52.05,52.32,52.04,52.21,1309700
VGK,2013-05-15,52.03,52.405,52.0,52.36,1683000
VGK,2013-05-16,52.26,52.515,52.05,52.13,3154600
VGK,2013-05-17,52.16,52.52,52.07,52.51,1291700
VGK,2013-05-20,52.38,52.775,52.33,52.67,1652600
VGK,2013-05-21,52.45,52.95,52.325,52.82,1487500
VGK,2013-05-22,52.81,53.32,52.15,52.33,2049800
VGK,2013-05-23,51.7,52.1466,51.535,52.05,2291200
VGK,2013-05-24,51.78,52.03,51.61,52.0,1467300
VGK,2013-05-28,52.74,52.79,52.1749,52.3,1422500
VGK,2013-05-29,51.96,52.06,51.73,51.95,1206300
VGK,2013-05-30,52.12,52.52,52.12,52.38,1375000
VGK,2013-05-31,51.84,51.95,51.35,51.365,2565500
VGK,2013-06-03,51.54,51.89,51.275,51.88,2118900
VGK,2013-06-04,51.81,51.962,51.392,51.63,1578900
VGK,2013-06-05,51.4,51.42,50.89,50.89,1773300
VGK,2013-06-06,51.06,51.31,50.76,51.31,3161900
VGK,2013-06-07,51.3,51.79,51.1,51.68,1799500
VGK,2013-06-10,51.64,51.74,51.41,51.66,1763500
VGK,2013-06-11,50.95,51.33,50.79,51.11,2642600
VGK,2013-06-12,51.63,51.68,51.03,51.1,1488900
VGK,2013-06-13,51.05,51.72,50.95,51.7,1313200
VGK,2013-06-14,51.29,51.64,51.08,51.27,2563700
VGK,2013-06-17,52.0,52.1,51.49,51.82,1601100
VGK,2013-06-18,51.88,52.0991,51.85,52.07,869500
VGK,2013-06-19,51.89,52.08,50.98,50.98,2040800
VGK,2013-06-20,50.03,50.04,49.31,49.37,4899300
VGK,2013-06-21,49.49,49.54,48.54,48.94,2232500
VGK,2013-06-24,47.01,47.5234,46.85,47.25,3284600
VGK,2013-06-25,47.64,47.87,47.27,47.77,2880900
VGK,2013-06-26,48.1661,48.24,47.93,48.11,1606400
VGK,2013-06-27,48.35,48.68,48.3,48.45,2074600
VGK,2013-06-28,48.27,48.44,48.03,48.13,2276700
VGK,2013-07-01,48.72,48.92,48.61,48.72,2720300
VGK,2013-07-02,48.4,48.65,48.06,48.22,1987400
VGK,2013-07-03,47.86,48.359,47.79,48.27,1332700
VGK,2013-07-05,48.41,48.54,48.027,48.39,1723000
VGK,2013-07-08,48.87,49.04,48.68,48.95,2260000
VGK,2013-07-09,49.1,49.21,48.76,49.05,2242100
VGK,2013-07-10,48.97,49.6784,48.94,49.39,2148100
VGK,2013-07-11,50.3,50.75,50.03,50.71,2239400
VGK,2013-07-12,50.29,50.35,50.1,50.25,1515100
VGK,2013-07-15,50.47,50.58,50.33,50.55,1126200
VGK,2013-07-16,50.48,50.59,50.35,50.58,954900
VGK,2013-07-17,50.92,50.92,50.511,50.63,1091300
VGK,2013-07-18,50.83,51.11,50.79,51.05,1250400
VGK,2013-07-19,50.98,51.27,50.89,51.23,1265300
VGK,2013-07-22,51.4,51.56,51.31,51.48,2378000
VGK,2013-07-23,51.6,51.68,51.399,51.56,2580900
VGK,2013-07-24,51.89,51.9,51.45,51.69,2638400
VGK,2013-07-25,51.35,52.02,51.35,52.01,4696900
VGK,2013-07-26,51.6,51.86,51.39,51.82,6248000
VGK,2013-07-29,51.56,51.68,51.4,51.64,3028700
VGK,2013-07-30,51.75,51.76,51.33,51.48,2192500
VGK,2013-07-31,51.47,52.18,51.47,51.8,6672800
VGK,2013-08-01,52.18,52.38,52.03,52.31,5404800
VGK,2013-08-02,52.25,52.59,52.22,52.56,3353000
VGK,2013-08-05,52.37,52.49,52.21,52.4765,3312500
VGK,2013-08-06,52.62,52.66,52.1801,52.32,2191800
VGK,2013-08-07,52.36,52.51,52.3,52.4,2829300
VGK,2013-08-08,52.82,53.1,52.72,52.96,4707100
VGK,2013-08-09,53.0,53.2,52.9299,53.09,3506000
VGK,2013-08-12,52.73,52.935,52.73,52.82,3112900
VGK,2013-08-13,52.94,53.23,52.69,53.15,3724000
VGK,2013-08-14,53.22,53.33,53.161,53.22,3712700
VGK,2013-08-15,52.53,52.98,52.18,52.95,3973100
VGK,2013-08-16,53.04,53.18,52.94,53.09,3401300
VGK,2013-08-19,52.95,52.98,52.62,52.62,3006300
VGK,2013-08-20,52.64,52.92,52.5363,52.78,2907500
VGK,2013-08-21,52.5,52.7,52.07,52.24,3968300
VGK,2013-08-22,52.67,52.91,52.657,52.9,3869900
VGK,2013-08-23,53.0,53.187,52.86,53.17,2205000
VGK,2013-08-26,52.98,53.06,52.84,52.91,3085500
VGK,2013-08-27,52.1,52.32,51.78,51.78,3801000
VGK,2013-08-28,51.42,51.8193,51.38,51.72,2556700
VGK,2013-08-29,51.45,51.76,51.43,51.57,3527800
VGK,2013-08-30,51.38,51.38,50.97,51.04,3239400
VGK,2013-09-03,51.97,52.0,51.505,51.78,3923700
VGK,2013-09-04,51.48,52.14,51.43,52.07,2735600
VGK,2013-09-05,51.94,52.1299,51.8541,52.04,2102700
VGK,2013-09-06,52.37,52.5,51.98,52.38,4041300
VGK,2013-09-09,52.56,52.99,52.56,52.91,2966300
VGK,2013-09-10,53.42,53.61,53.3564,53.57,5098000
VGK,2013-09-11,53.6,53.965,53.565,53.95,2803900
VGK,2013-09-12,53.73,53.95,53.67,53.71,4965400
VGK,2013-09-13,53.77,53.98,53.564,53.96,9123000
VGK,2013-09-16,54.6,54.63,54.29,54.36,3304600
VGK,2013-09-17,54.28,54.39,54.19,54.39,1831000
VGK,2013-09-18,54.38,55.81,54.17,55.76,5745900
VGK,2013-09-19,55.8,55.8,55.3826,55.49,6182800
VGK,2013-09-20,55.41,55.415,55.13,55.13,6603200
VGK,2013-09-23,54.98,55.01,54.57,54.85,4473600
VGK,2013-09-24,54.76,54.96,54.5939,54.7,4185500
VGK,2013-09-25,54.7,54.96,54.64,54.85,4126300
VGK,2013-09-26,54.71,54.97,54.65,54.83,1375400
VGK,2013-09-27,54.77,54.93,54.67,54.82,2340900
VGK,2013-09-30,54.27,54.6,54.261,54.5,4166100
VGK,2013-10-01,54.68,54.97,54.52,54.86,4587400
VGK,2013-10-02,54.78,54.91,54.5,54.87,5747700
VGK,2013-10-03,54.81,54.83,54.5,54.58,3085200
VGK,2013-10-04,54.5,54.73,54.48,54.55,5057700
VGK,2013-10-07,54.14,54.5,54.08,54.29,3791300
VGK,2013-10-08,54.26,54.3,53.7,53.72,2905700
VGK,2013-10-09,53.62,53.73,53.31,53.55,8422600
VGK,2013-10-10,54.21,54.76,54.17,54.675,3696300
VGK,2013-10-11,54.74,55.0,54.7,54.985,2931400
VGK,2013-10-14,54.815,55.2,54.79,55.12,4549400
VGK,2013-10-15,55.04,55.11,54.92,54.92,4261400
VGK,2013-10-16,55.18,55.38,55.117,55.3,4639200
VGK,2013-10-17,55.77,56.26,55.7201,56.215,6360400
VGK,2013-10-18,56.4,56.59,56.29,56.57,4198300
VGK,2013-10-21,56.52,56.72,56.4899,56.72,2813500
VGK,2013-10-22,57.08,57.485,57.032,57.35,4603200
VGK,2013-10-23,57.02,57.09,56.871,57.09,2995800
VGK,2013-10-24,57.35,57.46,57.2,57.46,3109200
VGK,2013-10-25,57.38,57.47,57.23,57.47,4999200
VGK,2013-10-28,57.15,57.33,57.035,57.201,5004000
VGK,2013-10-29,57.32,57.372,57.165,57.3,4607500
VGK,2013-10-30,57.38,57.39,56.82,57.08,7082900
VGK,2013-10-31,56.94,57.0499,56.65,56.78,4402500
VGK,2013-11-01,56.43,56.51,56.08,56.42,5570400
VGK,2013-11-04,56.58,56.77,56.47,56.76,4995900
VGK,2013-11-05,56.14,56.35,55.91,56.24,6483200
VGK,2013-11-06,56.8,56.96,56.65,56.775,3610700
VGK,2013-11-07,56.55,56.59,55.82,55.88,6616700
VGK,2013-11-08,55.69,56.18,55.65,56.18,6080800
VGK,2013-11-11,56.26,56.39,56.2174,56.35,3551400
VGK,2013-11-12,56.12,56.24,55.9,56.02,4092200
VGK,2013-11-13,55.57,56.26,55.528,56.26,2766000
VGK,2013-11-14,56.13,56.48,56.07,56.41,3834600
VGK,2013-11-15,56.55,56.71,56.49,56.71,2468800
VGK,2013-11-18,57.18,57.2,56.73,56.785,2684100
VGK,2013-11-19,56.71,56.84,56.51,56.67,3393400
VGK,2013-11-20,56.75,56.86,56.03,56.15,3508600
VGK,2013-11-21,56.45,56.65,56.3101,56.64,4177300
VGK,2013-11-22,56.77,56.969,56.701,56.95,1773200
VGK,2013-11-25,56.94,56.9661,56.765,56.84,2951700
VGK,2013-11-26,56.84,56.97,56.74,56.85,1844800
VGK,2013-11-27,57.19,57.33,57.0359,57.14,2159400
VGK,2013-11-29,57.61,57.63,57.33,57.36,2667600
VGK,2013-12-02,57.11,57.19,56.84,56.84,3544400
VGK,2013-12-03,56.53,56.64,56.22,56.34,3099800
VGK,2013-12-04,55.64,56.07,55.64,56.03,4773700
VGK,2013-12-05,56.0,56.12,55.74,55.79,3468600
VGK,2013-12-06,56.26,56.56,56.1543,56.54,2743800
VGK,2013-12-09,56.46,56.659,56.44,56.6,1953600
VGK,2013-12-10,56.44,56.5393,56.27,56.41,3555200
VGK,2013-12-11,56.56,56.57,55.94,55.99,4059100
VGK,2013-12-12,55.62,55.7,55.25,55.4,3461100
VGK,2013-12-13,55.42,55.4799,55.19,55.36,2910400
VGK,2013-12-16,56.0,56.21,55.91,56.09,2923100
VGK,2013-12-17,55.89,55.9,55.59,55.77,3225300
VGK,2013-12-18,56.15,56.77,55.66,56.64,3982600
VGK,2013-12-19,56.56,56.85,56.455,56.81,4776600
VGK,2013-12-20,56.66,56.9599,56.66,56.86,5397900
VGK,2013-12-23,57.14,57.41,57.12,57.4,3851500
VGK,2013-12-24,57.47,57.8,57.4,57.8,1195300
VGK,2013-12-26,58.05,58.1,57.93,58.04,2712600
VGK,2013-12-27,58.5,58.505,58.26,58.35,3245700
VGK,2013-12-30,58.42,58.62,58.35,58.6,3341500
VGK,2013-12-31,58.71,59.13,58.67,58.8,3452300
VGK,2014-01-02,57.86,57.88,57.4,57.55,6412200
VGK,2014-01-03,57.65,57.8,57.54,57.56,2534800
VGK,2014-01-06,57.79,57.82,57.61,57.61,3622000
VGK,2014-01-07,57.98,58.0863,57.89,58.0,3620500
VGK,2014-01-08,58.02,58.09,57.83,57.97,7384900
VGK,2014-01-09,58.07,58.07,57.6,58.02,4290600
VGK,2014-01-10,58.31,58.62,58.26,58.59,3836600
VGK,2014-01-13,58.29,58.455,58.0,58.11,7633700
VGK,2014-01-14,58.46,58.8199,58.28,58.79,4130700
VGK,2014-01-15,58.73,59.095,58.7,59.02,4546300
VGK,2014-01-16,59.0,59.07,58.73,59.07,4178000
VGK,2014-01-17,58.93,59.0,58.66,58.69,5101800
VGK,2014-01-21,59.1,59.1999,58.815,59.08,4306600
VGK,2014-01-22,59.02,59.145,58.9256,59.09,3722000
VGK,2014-01-23,59.19,59.19,58.795,59.07,5354400
VGK,2014-01-24,58.04,58.11,57.19,57.19,9460300
VGK,2014-01-27,57.23,57.28,56.67,56.92,5217800
VGK,2014-01-28,57.275,57.55,57.23,57.46,5692100
VGK,2014-01-29,56.69,57.03,56.525,56.75,6199300
VGK,2014-01-30,56.98,57.02,56.63,56.91,3782500
VGK,2014-01-31,55.9,56.435,55.81,56.11,5023700
VGK,2014-02-03,56.11,56.18,55.0,55.01,7847300
VGK,2014-02-04,55.5,55.62,55.38,55.6,5010800
VGK,2014-02-05,55.69,55.885,55.55,55.79,4131200
VGK,2014-02-06,56.38,56.92,56.38,56.92,5470400
VGK,2014-02-07,57.09,57.66,57.03,57.65,3813200
VGK,2014-02-10,57.43,57.495,57.3,57.48,4569200
VGK,2014-02-11,57.79,58.46,57.73,58.4,6484700
VGK,2014-02-12,58.35,58.53,58.3,58.49,3644500
VGK,2014-02-13,58.19,58.89,58.16,58.88,4866100
VGK,2014-02-14,58.96,59.2499,58.89,59.15,3299400
VGK,2014-02-18,59.5,59.63,59.31,59.55,5704800
VGK,2014-02-19,59.45,59.72,59.15,59.15,3459900
VGK,2014-02-20,59.18,59.58,59.1,59.52,4184900
VGK,2014-02-21,59.6,59.88,59.54,59.56,2291200
VGK,2014-02-24,59.62,60.31,59.62,60.02,4374200
VGK,2014-02-25,60.15,60.28,59.79,59.95,4683400
VGK,2014-02-26,59.77,59.81,59.51,59.71,3199100
VGK,2014-02-27,59.55,59.98,59.445,59.98,2287800
VGK,2014-02-28,60.2,60.5,59.95,60.23,4563900
VGK,2014-03-03,59.0,59.2,58.6,58.69,7757300
VGK,2014-03-04,59.88,59.94,59.75,59.89,4078500
VGK,2014-03-05,59.89,60.04,59.81,59.88,3138600
VGK,2014-03-06,60.44,60.63,60.39,60.5,2619000
VGK,2014-03-07,60.37,60.38,59.76,60.09,4961400
VGK,2014-03-10,59.62,59.75,59.28,59.66,5014500
VGK,2014-03-11,59.61,59.87,59.305,59.35,3808800
VGK,2014-03-12,58.89,59.292,58.78,59.2,3000900
VGK,2014-03-13,59.32,59.38,57.81,57.91,7365500
VGK,2014-03-14,57.77,58.26,57.77,58.0,6612500
VGK,2014-03-17,58.41,58.92,58.41,58.78,4827700
VGK,2014-03-18,58.94,59.36,58.91,59.26,4434800
VGK,2014-03-19,59.22,59.27,58.045,58.4,7960900
VGK,2014-03-20,58.02,58.6,57.98,58.46,3401200
VGK,2014-03-21,58.6,58.84,58.19,58.2599,4114300
VGK,2014-03-24,58.49,58.58,57.875,58.31,6751000
VGK,2014-03-25,57.9,58.285,57.69,58.15,5497200
VGK,2014-03-26,58.48,58.52,58.03,58.05,4124000
VGK,2014-03-27,58.19,58.33,58.06,58.21,4010900
VGK,2014-03-28,58.61,58.75,58.52,58.6,2668500
VGK,2014-03-31,59.1,59.165,58.825,58.95,4044200
VGK,2014-04-01,59.43,59.48,59.23,59.43,2905800
VGK,2014-04-02,59.4,59.41,59.25,59.39,3281100
VGK,2014-04-03,59.39,59.42,59.1,59.31,3180800
VGK,2014-04-04,59.44,59.55,59.001,59.07,4411000
VGK,2014-04-07,59.04,59.11,58.65,58.81,2963100
VGK,2014-04-08,58.74,59.095,58.7,58.99,2494700
VGK,2014-04-09,59.51,59.72,59.215,59.72,6636200
VGK,2014-04-10,59.61,59.61,58.6339,58.65,4982300
VGK,2014-04-11,58.29,58.68,58.1876,58.21,3473400
VGK,2014-04-14,58.4,58.58,58.182,58.46,5052600
VGK,2014-04-15,58.47,58.53,57.57,58.21,5491300
VGK,2014-04-16,58.63,58.88,58.43,58.88,4661000
VGK,2014-04-17,59.0,59.31,58.89,59.24,2291900
VGK,2014-04-21,59.37,59.41,59.18,59.39,2326000
VGK,2014-04-22,59.72,59.855,59.66,59.77,2496800
VGK,2014-04-23,59.69,59.75,59.49,59.58,3966100
VGK,2014-04-24,59.64,59.8,59.2,59.65,3309900
VGK,2014-04-25,59.5,59.57,59.1599,59.39,3739300
VGK,2014-04-28,59.64,59.75,59.1149,59.53,4227900
VGK,2014-04-29,59.96,60.16,59.9,60.02,4409000
VGK,2014-04-30,60.27,60.565,60.14,60.51,3259100
VGK,2014-05-01,60.56,60.635,60.38,60.57,2214000
VGK,2014-05-02,60.34,60.51,60.19,60.43,4915400
VGK,2014-05-05,59.94,60.4375,59.8,60.38,2957900
VGK,2014-05-06,60.37,60.46,60.25,60.29,2308200
VGK,2014-05-07,60.44,60.57,60.17,60.47,3120100
VGK,2014-05-08,60.65,60.84,60.44,60.51,3756800
VGK,2014-05-09,60.37,60.38,60.0401,60.26,2374000
VGK,2014-05-12,60.69,60.79,60.57,60.78,2329100
VGK,2014-05-13,60.68,60.68,60.5074,60.64,3042200
VGK,2014-05-14,60.59,60.73,60.4835,60.56,2050700
VGK,2014-05-15,60.41,60.41,59.97,60.3,2981200
VGK,2014-05-16,60.24,60.37,60.12,60.34,3390900
VGK,2014-05-19,60.18,60.38,60.17,60.34,3207800
VGK,2014-05-20,60.21,60.24,59.85,60.03,3070200
VGK,2014-05-21,60.22,60.48,60.19,60.48,4548100
VGK,2014-05-22,60.38,60.48,60.32,60.41,2429700
VGK,2014-05-23,60.34,60.5,60.27,60.42,1898800
VGK,2014-05-27,60.94,60.99,60.69,60.91,3390400
VGK,2014-05-28,60.77,60.79,60.5811,60.66,2127600
VGK,2014-05-29,60.88,60.95,60.755,60.94,1972700
VGK,2014-05-30,60.88,61.015,60.81,60.98,2725500
VGK,2014-06-02,61.05,61.05,60.805,60.94,3198400
VGK,2014-06-03,60.76,60.83,60.69,60.76,1806900
VGK,2014-06-04,60.68,60.76,60.59,60.7,2256600
VGK,2014-06-05,61.07,61.3,60.82,61.26,3722400
VGK,2014-06-06,61.49,61.72,61.38,61.72,2798400
VGK,2014-06-09,61.37,61.6451,61.37,61.58,3382700
VGK,2014-06-10,61.42,61.56,61.3365,61.54,2921900
VGK,2014-06-11,61.24,61.26,61.06,61.14,2949000
VGK,2014-06-12,61.25,61.32,60.99,61.1,2785200
VGK,2014-06-13,61.08,61.188,60.85,61.01,2383500
VGK,2014-06-16,60.94,61.16,60.92,61.05,3041500
VGK,2014-06-17,60.8,61.09,60.78,61.05,2390100
VGK,2014-06-18,61.16,61.57,61.01,61.57,2944400
VGK,2014-06-19,61.82,61.89,61.59,61.65,3601300
VGK,2014-06-20,61.61,61.66,61.425,61.54,2843700
VGK,2014-06-23,61.41,61.47,61.15,61.43,3967500
VGK,2014-06-24,60.29,60.3,59.91,59.98,3813600
VGK,2014-06-25,59.63,59.86,59.61,59.83,4414100
VGK,2014-06-26,59.68,59.81,59.19,59.8,2888700
VGK,2014-06-27,59.7,59.95,59.59,59.95,1881300
VGK,2014-06-30,59.8,60.065,59.79,59.95,2818100
VGK,2014-07-01,60.25,60.585,60.25,60.44,3606900
VGK,2014-07-02,60.39,60.51,60.32,60.505,2186700
VGK,2014-07-03,60.64,60.86,60.64,60.81,1989600
VGK,2014-07-07,60.23,60.28,60.05,60.17,3365700
VGK,2014-07-08,59.66,59.66,59.135,59.29,5758400
VGK,2014-07-09,59.23,59.58,59.18,59.5,2785800
VGK,2014-07-10,58.39,58.825,58.39,58.78,4191100
VGK,2014-07-11,58.63,58.81,58.48,58.77,3577600
VGK,2014-07-14,59.35,59.39,59.17,59.18,3932600
VGK,2014-07-15,59.25,59.27,58.67,58.93,4479000
VGK,2014-07-16,59.48,59.53,59.34,59.43,2061600
VGK,2014-07-17,59.05,59.29,58.505,58.52,4297600
VGK,2014-07-18,58.65,59.065,58.58,58.97,5236500
VGK,2014-07-21,58.54,58.74,58.43,58.68,5320700
VGK,2014-07-22,59.0,59.12,58.92,58.99,2747000
VGK,2014-07-23,59.24,59.25,59.04,59.08,2175100
VGK,2014-07-24,59.32,59.45,59.22,59.33,2184600
VGK,2014-07-25,59.14,59.18,58.69,58.93,2129900
VGK,2014-07-28,58.86,58.94,58.47,58.82,3628400
VGK,2014-07-29,59.0,59.04,58.64,58.66,3381800
VGK,2014-07-30,58.6,58.71,58.24,58.51,3978100
VGK,2014-07-31,57.85,57.89,57.34,57.36,6985500
VGK,2014-08-01,57.1,57.33,56.74,56.86,7438700
VGK,2014-08-04,57.25,57.31,56.81,57.22,4397700
VGK,2014-08-05,56.98,57.03,56.41,56.49,7300700
VGK,2014-08-06,56.05,56.54,56.01,56.4,8796500
VGK,2014-08-07,56.48,56.5337,55.66,55.79,7591000
VGK,2014-08-08,55.85,56.32,55.74,56.29,4656900
VGK,2014-08-11,56.47,56.63,56.375,56.4,7568900
VGK,2014-08-12,56.27,56.435,56.17,56.39,3102500
VGK,2014-08-13,56.69,56.74,56.48,56.61,3410500
VGK,2014-08-14,56.94,56.96,56.8134,56.95,3508000
VGK,2014-08-15,57.35,57.445,56.36,56.91,7914700
VGK,2014-08-18,57.23,57.35,57.17,57.35,6547200
VGK,2014-08-19,57.32,57.44,57.28,57.44,2210400
VGK,2014-08-20,57.12,57.3,57.04,57.21,3817600
VGK,2014-08-21,57.42,57.63,57.39,57.56,3056700
VGK,2014-08-22,57.41,57.47,57.03,57.24,3772400
VGK,2014-08-25,57.62,57.99,57.58,57.85,8122400
VGK,2014-08-26,58.0,58.21,57.9,57.93,5638400
VGK,2014-08-27,58.2,58.25,57.995,58.14,5162300
VGK,2014-08-28,57.68,57.81,57.6,57.75,2924300
VGK,2014-08-29,57.73,57.865,57.5,57.78,2525200
VGK,2014-09-02,57.77,57.81,57.5401,57.71,13664800
VGK,2014-09-03,58.36,58.39,58.101,58.23,3012600
VGK,2014-09-04,58.16,58.31,57.735,57.9,3930800
VGK,2014-09-05,57.88,58.06,57.71,58.04,2862500
VGK,2014-09-08,57.45,57.57,57.1,57.23,4121700
VGK,2014-09-09,57.19,57.286,57.02,57.21,4335100
VGK,2014-09-10,57.2,57.47,57.03,57.45,4544100
VGK,2014-09-11,57.12,57.25,56.965,57.2,4061000
VGK,2014-09-12,57.23,57.34,57.03,57.22,3173700
VGK,2014-09-15,57.15,57.28,57.07,57.19,2831400
VGK,2014-09-16,56.88,57.48,56.85,57.4,3724500
VGK,2014-09-17,57.46,57.58,57.05,57.15,4580100
VGK,2014-09-18,57.55,57.74,57.55,57.67,3064600
VGK,2014-09-19,57.76,57.77,57.38,57.44,3178200
VGK,2014-09-22,57.42,57.45,57.04,57.23,3446868
VGK,2014-09-23,56.6,56.8,56.41,56.48,5268477
VGK,2014-09-24,56.15,56.47,55.95,56.45,2935182
VGK,2014-09-25,56.1,56.1,55.44,55.51,5581126
VGK,2014-09-26,55.63,55.85,55.45,55.73,5434009
VGK,2014-09-29,55.12,55.41,55.08,55.31,4571745
VGK,2014-09-30,55.13,55.52,55.05,55.22,3970454
VGK,2014-10-01,54.98,55.03,54.49,54.62,6010112
VGK,2014-10-02,54.45,54.5,53.56,53.98,7033288
VGK,2014-10-03,53.7,53.88,53.58,53.76,4646435
VGK,2014-10-06,54.09,54.335,53.815,54.22,3589241
VGK,2014-10-07,53.67,53.75,53.07,53.09,6381362
VGK,2014-10-08,53.22,54.13,53.028,54.06,19589839
VGK,2014-10-09,53.49,53.59,52.375,52.43,17635533
VGK,2014-10-10,52.2,52.39,51.69,51.72,12114681
VGK,2014-10-13,52.32,52.49,51.69,51.71,11140464
VGK,2014-10-14,51.99,52.23,51.67,51.79,11592566
VGK,2014-10-15,51.3,51.39,50.21,51.23,17231638
VGK,2014-10-16,49.86,51.135,49.81,50.69,14838381
VGK,2014-10-17,51.77,52.08,51.54,51.84,9298951
VGK,2014-10-20,51.55,52.08,51.55,52.06,5086726
VGK,2014-10-21,52.44,52.95,52.41,52.89,7381781
VGK,2014-10-22,52.77,52.87,52.3,52.31,4930674
VGK,2014-10-23,52.86,53.22,52.8,53.02,6963591
VGK,2014-10-24,53.04,53.25,52.93,53.24,4170201
VGK,2014-10-27,52.59,53.12,52.52,52.96,3814382
VGK,2014-10-28,53.48,53.79,53.45,53.79,3552669
VGK,2014-10-29,53.83,53.99,53.035,53.22,5465939
VGK,2014-10-30,52.93,53.68,52.87,53.57,5045702
VGK,2014-10-31,53.89,54.19,53.75,54.17,4326496
VGK,2014-11-03,53.7,53.72,53.33,53.44,4246058
VGK,2014-11-04,53.44,53.49,53.05,53.35,4565047
VGK,2014-11-05,53.68,53.83,53.4951,53.72,3127232
VGK,2014-11-06,53.8,53.95,53.39,53.5,3701450
VGK,2014-11-07,53.32,53.55,53.0958,53.54,3583806
VGK,2014-11-10,53.71,53.82,53.53,53.78,2459973
VGK,2014-11-11,53.89,54.21,53.74,54.14,2304508
VGK,2014-11-12,53.45,53.679,53.38,53.5,2885814
VGK,2014-11-13,53.4,53.84,53.4,53.73,3032043
VGK,2014-11-14,53.32,53.85,53.32,53.74,4660776
VGK,2014-11-17,53.63,53.95,53.55,53.89,2744674
VGK,2014-11-18,54.39,54.7,54.379,54.65,5216717
VGK,2014-11-19,54.73,54.85,54.34,54.63,4161113
VGK,2014-11-20,54.16,54.5,54.16,54.4,1969556
VGK,2014-11-21,54.99,55.037,54.6174,54.82,3778289
VGK,2014-11-24,55.22,55.3,55.04,55.29,3492378
VGK,2014-11-25,55.35,55.59,55.29,55.5,2621369
VGK,2014-11-26,55.57,55.72,55.47,55.72,1807060
VGK,2014-11-28,55.44,55.47,55.22,55.29,1623386
VGK,2014-12-01,55.38,55.43,55.14,55.255,6396268
VGK,2014-12-02,55.26,55.29,55.1,55.28,3367307
VGK,2014-12-03,55.16,55.2699,55.05,55.17,3193750
VGK,2014-12-04,55.03,55.27,54.73,54.97,4466282
VGK,2014-12-05,55.2,55.38,55.04,55.24,4324398
VGK,2014-12-08,54.96,55.01,54.71,54.81,2999080
VGK,2014-12-09,54.19,54.47,53.98,54.3,5663184
VGK,2014-12-10,54.26,54.26,53.6299,53.69,4395033
VGK,2014-12-11,53.58,53.92,53.395,53.45,4818109
VGK,2014-12-12,53.31,53.44,52.22,52.26,6355289
VGK,2014-12-15,52.49,52.64,51.23,51.38,11042793
VGK,2014-12-16,51.47,52.655,51.305,51.95,8191655
VGK,2014-12-17,51.98,52.91,51.98,52.53,7081090
VGK,2014-12-18,53.06,53.65,53.0301,53.64,5990609
VGK,2014-12-19,53.17,53.629,53.08,53.44,6199452
VGK,2014-12-22,53.5,53.529,53.23,53.5,4701946
VGK,2014-12-23,53.35,53.458,53.2,53.3,6958789
VGK,2014-12-24,53.38,53.72,53.38,53.68,2566270
VGK,2014-12-26,53.64,53.86,53.64,53.72,1597753
VGK,2014-12-29,53.21,53.4988,53.16,53.26,4780487
VGK,2014-12-30,52.98,53.08,52.79,52.8,5389538
VGK,2014-12-31,52.85,53.0,52.365,52.41,4019564
VGK,2015-01-02,52.49,52.615,52.051,52.14,3700831
VGK,2015-01-05,51.25,51.26,50.48,50.62,6173598
VGK,2015-01-06,50.55,50.875,49.95,50.05,8452863
VGK,2015-01-07,50.37,50.64,49.97,50.57,10536852
VGK,2015-01-08,50.89,51.5057,50.84,51.3,3690771
VGK,2015-01-09,51.25,51.31,50.65,51.0,4950819
VGK,2015-01-12,51.17,51.22,50.6928,50.99,5515335
VGK,2015-01-13,51.57,51.72,50.8,51.22,7526282
VGK,2015-01-14,51.0,51.24,50.7428,51.16,7230744
VGK,2015-01-15,51.54,51.715,51.23,51.45,8017579
VGK,2015-01-16,51.57,52.27,51.4,52.17,8147099
VGK,2015-01-20,52.66,52.72,52.27,52.53,4045696
VGK,2015-01-21,52.72,52.965,52.38,52.96,6779448
VGK,2015-01-22,52.86,53.29,52.68,53.11,7959298
VGK,2015-01-23,53.02,53.27,52.81,52.81,8108759
VGK,2015-01-26,53.24,53.81,53.12,53.66,6221219
VGK,2015-01-27,53.51,53.8,53.31,53.68,6338147
VGK,2015-01-28,53.62,53.6299,52.63,52.64,10725917
VGK,2015-01-29,53.21,53.595,53.07,53.59,5946692
VGK,2015-01-30,53.1,53.21,52.68,52.68,9604883
VGK,2015-02-02,52.94,53.36,52.75,53.29,5971094
VGK,2015-02-03,53.86,54.565,53.84,54.49,7061508
VGK,2015-02-04,54.0,54.305,53.69,53.76,4963613
VGK,2015-02-05,54.13,54.569,54.06,54.51,4439912
VGK,2015-02-06,54.04,54.135,53.5301,53.69,5503842
VGK,2015-02-09,53.24,53.63,53.15,53.48,3209121
VGK,2015-02-10,53.85,54.0794,53.58,54.01,2789249
VGK,2015-02-11,53.67,53.78,53.375,53.63,3914458
VGK,2015-02-12,54.21,54.8,54.21,54.78,5592990
VGK,2015-02-13,54.92,54.995,54.75,54.96,3850632
VGK,2015-02-17,54.84,55.1899,54.58,55.12,4788371
VGK,2015-02-18,55.1,55.435,54.955,55.31,6732639
VGK,2015-02-19,55.26,55.475,55.15,55.23,2983203
VGK,2015-02-20,55.07,56.12,54.89,55.94,7951445
VGK,2015-02-23,55.64,55.79,55.51,55.67,4745690
VGK,2015-02-24,55.72,56.13,55.54,56.05,6243226
VGK,2015-02-25,56.07,56.15,55.84,56.1,5634437
VGK,2015-02-26,55.85,55.96,55.7367,55.81,4145591
VGK,2015-02-27,55.86,56.19,55.79,55.89,4764193
VGK,2015-03-02,55.94,55.98,55.749,55.97,4899887
VGK,2015-03-03,55.75,55.805,55.34,55.5,6302337
VGK,2015-03-04,55.15,55.335,54.85,55.3,4290013
VGK,2015-03-05,55.46,55.66,55.35,55.47,4062563
VGK,2015-03-06,54.92,54.96,54.38,54.42,5639138
VGK,2015-03-09,54.54,54.72,54.42,54.64,3160455
VGK,2015-03-10,53.78,53.8101,53.28,53.31,7895058
VGK,2015-03-11,53.51,53.538,53.115,53.34,5399054
VGK,2015-03-12,53.79,53.8699,53.4401,53.79,6417785
VGK,2015-03-13,53.32,53.49,53.04,53.41,3851620
VGK,2015-03-16,53.83,54.23,53.83,54.12,3438206
VGK,2015-03-17,53.87,54.04,53.655,53.97,2989742
VGK,2015-03-18,53.94,55.36,53.9,55.22,8210471
VGK,2015-03-19,54.54,54.66,54.325,54.46,5751329
VGK,2015-03-20,55.6,56.16,55.36,55.87,6489039
VGK,2015-03-23,55.91,56.32,55.89,56.12,5965928
VGK,2015-03-24,56.3,56.4,56.05,56.05,5171238
VGK,2015-03-25,56.01,56.01,55.39,55.39,4707129
VGK,2015-03-26,55.0,55.0,54.43,54.84,4548443
VGK,2015-03-27,54.83,55.1,54.7,55.0,4094037
VGK,2015-03-30,55.04,55.26,55.0,55.12,3980579
VGK,2015-03-31,54.24,54.67,54.18,54.22,3702667
VGK,2015-04-01,54.74,54.87,54.38,54.75,8569110
VGK,2015-04-02,55.0,55.29,54.96,55.25,5272971
VGK,2015-04-06,55.65,56.085,55.38,55.74,4417776
VGK,2015-04-07,55.74,56.13,55.59,55.59,3613313
VGK,2015-04-08,56.03,56.16,55.52,55.74,6435193
VGK,2015-04-09,55.82,55.84,55.54,55.73,5751675
VGK,2015-04-10,55.74,55.92,55.63,55.89,5354932
VGK,2015-04-13,55.82,55.87,55.5,55.61,4632191
VGK,2015-04-14,55.93,56.15,55.91,56.08,2829876
VGK,2015-04-15,56.28,56.4599,55.955,56.37,3574901
VGK,2015-04-16,56.42,56.62,56.07,56.45,2981403
VGK,2015-04-17,55.62,55.8,55.41,55.64,5782204
VGK,2015-04-20,55.62,55.9668,55.62,55.75,3184675
VGK,2015-04-21,56.15,56.31,55.99,56.2,3988199
VGK,2015-04-22,56.1,56.2,55.755,56.19,3749508
VGK,2015-04-23,55.9,56.59,55.82,56.5,3254988
VGK,2015-04-24,56.63,56.9,56.31,56.72,3131407
VGK,2015-04-27,57.11,57.485,56.94,57.21,6859319
VGK,2015-04-28,56.88,57.15,56.665,57.13,4433038
VGK,2015-04-29,56.8,57.13,56.47,56.66,7163515
VGK,2015-04-30,56.54,56.86,56.42,56.52,5704396
VGK,2015-05-01,56.83,56.97,56.46,56.97,5381521
VGK,2015-05-04,57.04,57.115,56.83,56.97,10481900
VGK,2015-05-05,56.72,56.77,55.9638,56.04,4790070
VGK,2015-05-06,56.53,56.73,56.19,56.42,4929827
VGK,2015-05-07,56.18,56.35,55.94,56.21,4399303
VGK,2015-05-08,57.25,57.74,57.2,57.56,5083424
VGK,2015-05-11,57.32,57.55,57.23,57.34,5172724
VGK,2015-05-12,57.18,57.34,56.98,57.13,3415038
VGK,2015-05-13,57.7,57.88,57.44,57.53,2784654
VGK,2015-05-14,58.21,58.51,58.12,58.49,3290682
VGK,2015-05-15,58.19,58.47,57.94,58.42,3357245
VGK,2015-05-18,58.06,58.185,57.8968,58.07,3347241
VGK,2015-05-19,57.86,58.0,57.75,57.87,4107589
VGK,2015-05-20,57.94,58.26,57.83,58.07,4296510
VGK,2015-05-21,58.2,58.49,58.14,58.4,2485348
VGK,2015-05-22,58.08,58.08,57.8,57.8,3045442
VGK,2015-05-26,57.14,57.18,56.45,56.58,4245456
VGK,2015-05-27,56.74,57.38,56.61,57.34,3808176
VGK,2015-05-28,57.07,57.35,56.79,57.3,2777788
VGK,2015-05-29,57.06,57.18,56.35,56.68,4144967
VGK,2015-06-01,56.69,56.74,56.06,56.33,3362445
VGK,2015-06-02,56.77,57.1381,56.6,56.83,3130687
VGK,2015-06-03,57.2,57.585,57.13,57.28,4435675
VGK,2015-06-04,56.96,57.5,56.41,56.57,3696537
VGK,2015-06-05,55.65,55.97,55.38,55.79,3723855
VGK,2015-06-08,55.78,55.83,55.54,55.76,3549425
VGK,2015-06-09,55.63,55.775,55.23,55.55,4590809
VGK,2015-06-10,56.47,57.08,56.31,56.92,7599120
VGK,2015-06-11,57.12,57.255,56.69,57.03,4172690
VGK,2015-06-12,56.3,56.73,56.06,56.45,3231735
VGK,2015-06-15,55.49,55.92,55.44,55.86,3919101
VGK,2015-06-16,55.62,55.98,55.54,55.9,1970926
VGK,2015-06-17,55.92,55.97,55.3,55.84,4603489
VGK,2015-06-18,56.09,57.13,56.04,56.54,7923086
VGK,2015-06-19,56.47,56.54,56.23,56.29,3583355
VGK,2015-06-22,57.54,57.995,57.43,57.6,4838112
VGK,2015-06-23,57.58,57.69,57.46,57.52,2954263
VGK,2015-06-24,57.28,57.45,57.02,57.05,6702574
VGK,2015-06-25,57.24,57.36,56.99,57.03,3711875
VGK,2015-06-26,56.34,56.53,56.02,56.27,7800849
VGK,2015-06-29,55.01,55.27,54.225,54.3,12140339
VGK,2015-06-30,54.66,54.97,53.63,53.98,9096966
VGK,2015-07-01,54.67,54.73,54.02,54.24,6122318
VGK,2015-07-02,54.45,54.46,54.125,54.27,2692726
VGK,2015-07-06,53.05,53.56,52.82,53.01,8706820
VGK,2015-07-07,52.48,53.12,51.69,52.96,6521165
VGK,2015-07-08,52.43,52.51,52.08,52.2,5229353
VGK,2015-07-09,53.47,53.56,53.025,53.12,5476943
VGK,2015-07-10,55.15,55.37,54.93,55.33,7453109
VGK,2015-07-13,55.43,55.51,55.23,55.35,7998839
VGK,2015-07-14,55.57,55.85,55.465,55.82,8711575
VGK,2015-07-15,55.69,55.75,55.32,55.56,4037686
VGK,2015-07-16,56.11,56.22,56.01,56.05,3725481
VGK,2015-07-17,55.95,56.0,55.785,55.89,2739148
VGK,2015-07-20,56.09,56.1464,55.88,56.04,1900775
VGK,2015-07-21,55.9,55.96,55.74,55.85,1580864
VGK,2015-07-22,55.34,55.46,55.27,55.45,2458684
VGK,2015-07-23,55.58,55.6,55.19,55.27,2020580
VGK,2015-07-24,55.17,55.21,54.59,54.65,3345019
VGK,2015-07-27,54.55,54.65,54.14,54.23,4779809
VGK,2015-07-28,54.65,54.995,54.365,54.95,6425312
VGK,2015-07-29,54.93,55.37,54.89,55.1,5241038
VGK,2015-07-30,54.97,55.1,54.635,55.08,5212989
VGK,2015-07-31,55.59,55.66,55.292,55.42,4838531
VGK,2015-08-03,55.58,55.675,55.19,55.43,6483619
VGK,2015-08-04,55.51,55.56,55.2,55.33,4697089
VGK,2015-08-05,55.72,55.86,55.575,55.7,5852312
VGK,2015-08-06,55.7,55.76,55.4,55.6,4929985
VGK,2015-08-07,55.13,55.429,55.065,55.41,6259801
VGK,2015-08-10,55.4,56.045,55.39,56.01,3574791
VGK,2015-08-11,55.45,55.54,55.1,55.29,3664200
VGK,2015-08-12,54.57,54.96,54.25,54.95,5562737
VGK,2015-08-13,54.86,54.95,54.66,54.79,4511131
VGK,2015-08-14,54.67,54.93,54.55,54.91,3533905
VGK,2015-08-17,54.37,54.71,54.22,54.69,2999099
VGK,2015-08-18,54.54,54.595,54.305,54.4,2261558
VGK,2015-08-19,53.89,54.115,53.51,53.88,7094055
VGK,2015-08-20,53.52,53.52,52.66,52.68,5567046
VGK,2015-08-21,52.64,52.76,51.452,51.53,8189601
VGK,2015-08-24,49.91,51.39,49.24,50.18,19288007
VGK,2015-08-25,52.14,52.333,50.35,50.51,17450881
VGK,2015-08-26,51.6,51.61,50.2599,51.38,9837371
VGK,2015-08-27,51.53,51.99,51.43,51.91,7078997
VGK,2015-08-28,51.49,51.85,51.42,51.72,5364675
VGK,2015-08-31,51.54,51.8238,51.325,51.53,5620106
VGK,2015-09-01,50.53,50.62,49.96,50.1,6782024
VGK,2015-09-02,50.93,50.95,50.2799,50.82,8129074
VGK,2015-09-03,51.1,51.31,50.745,50.85,5018184
VGK,2015-09-04,49.93,50.09,49.6,49.86,5706773
VGK,2015-09-08,51.12,51.34,50.925,51.32,3679861
VGK,2015-09-09,52.0,52.18,50.96,51.02,7345717
VGK,2015-09-10,51.21,51.73,51.06,51.54,5268962
VGK,2015-09-11,51.06,51.48,51.02,51.46,3657073
VGK,2015-09-14,50.91,50.98,50.6868,50.91,2870453
VGK,2015-09-15,50.9,51.32,50.8301,51.28,3070686
VGK,2015-09-16,51.75,52.07,51.66,52.05,3114713
VGK,2015-09-17,51.89,52.76,51.7999,52.24,5681678
VGK,2015-09-18,51.23,51.51,50.88,50.91,4622338
VGK,2015-09-21,51.1,51.1,50.59,50.81,3097591
VGK,2015-09-22,49.5,49.58,48.96,49.29,7379402
VGK,2015-09-23,49.45,49.5,48.95,49.09,8138298
VGK,2015-09-24,48.81,49.115,48.47,48.97,6129652
VGK,2015-09-25,49.38,49.4899,48.84,49.07,4649149
VGK,2015-09-28,48.67,48.73,48.05,48.11,3735949
VGK,2015-09-29,48.18,48.36,47.95,48.27,4444726
VGK,2015-09-30,49.11,49.19,48.71,49.18,4272311
VGK,2015-10-01,49.38,49.46,48.71,49.17,3112042
VGK,2015-10-02,49.1,50.11,48.96,50.1,5802892
VGK,2015-10-05,50.62,51.0,50.59,50.98,4337114
VGK,2015-10-06,51.02,51.4,51.02,51.2,3373924
VGK,2015-10-07,51.62,51.7899,51.2,51.64,4829663
VGK,2015-10-08,51.35,52.12,51.29,52.12,2662349
VGK,2015-10-09,52.2,52.26,51.9477,52.13,2084887
VGK,2015-10-12,51.96,52.05,51.86,51.93,2302848
VGK,2015-10-13,51.29,51.69,51.24,51.34,2191342
VGK,2015-10-14,51.58,51.78,51.425,51.65,3717981
VGK,2015-10-15,51.85,52.365,51.75,52.35,3321505
VGK,2015-10-16,52.13,52.26,51.9838,52.2,2175495
VGK,2015-10-19,52.08,52.13,51.9032,52.08,1918099
VGK,2015-10-20,51.98,52.1041,51.91,52.0,2528832
VGK,2015-10-21,52.15,52.1899,51.7273,51.73,2370563
VGK,2015-10-22,51.92,52.43,51.9,52.23,3509962
VGK,2015-10-23,52.65,52.77,52.45,52.68,3266540
VGK,2015-10-26,52.56,52.6,52.4,52.45,1944258
VGK,2015-10-27,52.11,52.13,51.85,51.94,2729431
VGK,2015-10-28,52.25,52.68,51.8,52.32,3610774
VGK,2015-10-29,51.81,52.15,51.7804,52.09,3224989
VGK,2015-10-30,52.15,52.48,52.075,52.08,2931251
VGK,2015-11-02,52.52,52.7,52.47,52.69,2949749
VGK,2015-11-03,52.19,52.65,52.11,52.52,4395690
VGK,2015-11-04,52.6,52.62,52.02,52.16,6140021
VGK,2015-11-05,52.23,52.27,51.88,52.01,2393501
VGK,2015-11-06,51.65,51.8,51.38,51.72,3038973
VGK,2015-11-09,51.46,51.48,51.0,51.22,2358158
VGK,2015-11-10,50.81,51.06,50.68,51.04,4413180
VGK,2015-11-11,51.48,51.51,51.16,51.29,2649479
VGK,2015-11-12,50.77,50.9499,50.5,50.5,4128174
VGK,2015-11-13,50.18,50.305,49.925,50.08,3875103
VGK,2015-11-16,50.06,50.77,50.06,50.76,3146341
VGK,2015-11-17,51.01,51.18,50.7,50.84,6750102
VGK,2015-11-18,51.1,51.47,50.99,51.41,6489432
VGK,2015-11-19,51.73,51.89,51.62,51.68,3472175
VGK,2015-11-20,51.75,51.785,51.27,51.31,2809458
VGK,2015-11-23,51.13,51.28,50.82,50.93,3217955
VGK,2015-11-24,50.41,50.86,50.39,50.77,3848441
VGK,2015-11-25,51.02,51.23,50.92,51.1,2388556
VGK,2015-11-27,51.38,51.435,51.315,51.38,1186430
VGK,2015-11-30,51.54,51.62,51.42,51.43,5248950
VGK,2015-12-01,51.73,51.84,51.535,51.84,3706501
VGK,2015-12-02,51.57,51.68,51.1531,51.21,4065244
VGK,2015-12-03,51.67,51.7,50.855,51.06,5983822
VGK,2015-12-04,50.99,51.65,50.95,51.62,4522140
VGK,2015-12-07,51.35,51.37,51.04,51.24,2671432
VGK,2015-12-08,50.42,50.585,50.225,50.41,4395209
VGK,2015-12-09,50.47,50.94,50.02,50.36,5032502
VGK,2015-12-10,50.45,50.519,50.16,50.18,5268051
VGK,2015-12-11,49.67,49.72,49.26,49.28,7189869
VGK,2015-12-14,49.4,49.5,48.77,49.31,7799885
VGK,2015-12-15,49.71,49.9351,49.58,49.68,7020053
VGK,2015-12-16,50.12,50.715,49.8934,50.61,8253767
VGK,2015-12-17,50.48,50.48,49.91,49.92,7496869
VGK,2015-12-18,49.65,49.77,49.32,49.33,7460793
VGK,2015-12-21,49.58,49.83,49.15,49.39,5465471
VGK,2015-12-22,49.46,49.79,49.34,49.75,5361084
VGK,2015-12-23,50.16,50.68,50.16,50.68,6890208
VGK,2015-12-24,50.69,50.845,50.64,50.69,1957099
VGK,2015-12-28,50.58,50.62,50.335,50.54,6365405
VGK,2015-12-29,50.79,51.06,50.71,51.0,5271477
VGK,2015-12-30,50.76,50.84,50.59,50.6,3685251
VGK,2015-12-31,50.29,50.31,49.88,49.88,5702638
VGK,2016-01-04,49.14,49.18,48.45,49.15,6554774
VGK,2016-01-05,48.84,48.9,48.4601,48.86,4352517
VGK,2016-01-06,47.89,48.23,47.8001,48.05,4513112
VGK,2016-01-07,47.16,47.66,47.09,47.16,9804882
VGK,2016-01-08,47.64,47.64,46.66,46.75,7418436
VGK,2016-01-11,47.24,47.26,46.52,46.89,6073211
VGK,2016-01-12,47.39,47.44,46.83,47.28,5588651
VGK,2016-01-13,47.48,47.57,46.31,46.38,6787819
VGK,2016-01-14,46.53,47.1699,46.22,46.98,12323809
VGK,2016-01-15,45.47,45.76,45.04,45.255,8674873
VGK,2016-01-19,45.88,45.9,45.245,45.56,8381249
VGK,2016-01-20,44.76,44.88,43.795,44.62,12231244
VGK,2016-01-21,44.51,45.29,44.1849,45.08,8103915
VGK,2016-01-22,46.17,46.39,45.94,46.27,6002513
VGK,2016-01-25,45.97,46.12,45.67,45.67,6850725
VGK,2016-01-26,45.98,46.66,45.98,46.66,4834599
VGK,2016-01-27,46.45,46.895,46.095,46.24,6301833
VGK,2016-01-28,46.67,46.73,45.96,46.37,4536046
VGK,2016-01-29,46.38,47.11,46.38,47.11,6472820
VGK,2016-02-01,46.68,47.22,46.55,47.07,3540718
VGK,2016-02-02,46.27,46.3,45.705,45.78,6364053
VGK,2016-02-03,46.29,46.53,45.51,46.51,8670377
VGK,2016-02-04,46.16,46.66,46.02,46.49,7679320
VGK,2016-02-05,46.35,46.43,45.68,45.82,7394634
VGK,2016-02-08,44.69,44.73,44.195,44.58,7569199
VGK,2016-02-09,43.72,44.41,43.66,44.19,8549511
VGK,2016-02-10,44.62,44.89,44.38,44.44,5419396
VGK,2016-02-11,43.93,44.07,43.47,43.85,16143017
VGK,2016-02-12,44.08,44.63,43.9431,44.63,5006925
VGK,2016-02-16,45.43,45.43,44.87,45.39,6632654
VGK,2016-02-17,45.92,46.44,45.85,46.34,11926147
VGK,2016-02-18,46.44,46.45,46.01,46.07,4457021
VGK,2016-02-19,45.75,46.08,45.57,46.06,2542432
VGK,2016-02-22,46.12,46.38,46.1,46.3,3481108
VGK,2016-02-23,46.08,46.12,45.485,45.49,3024610
VGK,2016-02-24,44.66,45.35,44.47,45.29,3441297
VGK,2016-02-25,45.6,45.93,45.38,45.91,7471509
VGK,2016-02-26,46.08,46.15,45.69,45.76,3050684
VGK,2016-02-29,45.78,46.05,45.57,45.59,3027416
VGK,2016-03-01,46.33,46.89,46.22,46.86,4052299
VGK,2016-03-02,46.54,46.94,46.38,46.91,3617410
VGK,2016-03-03,46.96,47.43,46.91,47.4,4051599
VGK,2016-03-04,47.62,47.875,47.54,47.62,6941590
VGK,2016-03-07,47.1,47.79,47.08,47.65,3593364
VGK,2016-03-08,47.51,47.51,47.09,47.11,7466336
VGK,2016-03-09,47.31,47.46,47.16,47.32,3496190
VGK,2016-03-10,47.75,48.11,46.93,47.35,16572803
VGK,2016-03-11,48.17,48.63,48.1435,48.63,3618484
VGK,2016-03-14,48.48,48.64,48.393,48.5,2461248
VGK,2016-03-15,47.76,47.85,47.66,47.8,2182232
VGK,2016-03-16,47.46,48.39,47.46,48.38,3805534
VGK,2016-03-17,48.41,48.87,48.25,48.81,4550186
VGK,2016-03-18,48.82,48.935,48.65,48.76,3682248
VGK,2016-03-21,48.57,48.68,48.44,48.54,2543145
VGK,2016-03-22,47.98,48.4,47.91,48.28,3331432
VGK,2016-03-23,48.27,48.29,47.86,47.88,2333149
VGK,2016-03-24,47.37,47.58,47.25,47.55,3243852
VGK,2016-03-28,47.77,47.88,47.62,47.8,2828486
VGK,2016-03-29,47.57,48.43,47.46,48.43,6574762
VGK,2016-03-30,48.98,49.205,48.81,48.91,3819046
VGK,2016-03-31,48.77,48.89,48.51,48.52,4202567
VGK,2016-04-01,47.68,48.24,47.63,48.18,5836189
VGK,2016-04-04,48.35,48.44,48.11,48.17,2722756
VGK,2016-04-05,47.41,47.45,47.23,47.28,3852311
VGK,2016-04-06,47.38,48.03,47.34,48.03,4143364
VGK,2016-04-07,47.46,47.5999,47.04,47.15,6965710
VGK,2016-04-08,47.92,48.075,47.82,47.98,4074164
VGK,2016-04-11,48.35,48.57,48.05,48.05,5753563
VGK,2016-04-12,48.19,48.65,47.9,48.6,6615261
VGK,2016-04-13,49.07,49.24,48.95,49.17,3786802
VGK,2016-04-14,49.31,49.32,49.09,49.18,2336503
VGK,2016-04-15,49.14,49.25,49.05,49.05,4148418
VGK,2016-04-18,49.04,49.57,49.01,49.52,2004186
VGK,2016-04-19,50.26,50.5,50.2,50.43,3431089
VGK,2016-04-20,50.31,50.545,50.21,50.33,5198540
VGK,2016-04-21,50.25,50.27,49.845,49.94,3854445
VGK,2016-04-22,49.79,49.935,49.65,49.84,2282368
VGK,2016-04-25,49.63,49.72,49.5,49.67,3151600
VGK,2016-04-26,50.08,50.125,49.86,49.97,3300662
VGK,2016-04-27,50.0,50.34,49.92,50.24,2291934
VGK,2016-04-28,49.85,50.34,49.84,49.99,5392273
VGK,2016-04-29,50.04,50.14,49.69,49.86,3991025
VGK,2016-05-02,50.16,50.29,50.0,50.27,2664094
VGK,2016-05-03,49.63,49.68,49.23,49.26,3387431
VGK,2016-05-04,48.82,48.95,48.56,48.69,7174938
VGK,2016-05-05,48.57,48.6498,48.3201,48.45,2842227
VGK,2016-05-06,48.22,48.64,48.2,48.64,3070654
VGK,2016-05-09,48.64,48.765,48.45,48.53,1978745
VGK,2016-05-10,48.72,49.04,48.7,49.01,2717882
VGK,2016-05-11,48.78,49.015,48.67,48.75,2922661
VGK,2016-05-12,49.11,49.163,48.4,48.6,3459356
VGK,2016-05-13,48.27,48.515,48.015,48.1,3811436
VGK,2016-05-16,48.3,48.72,48.23,48.69,3364705
VGK,2016-05-17,48.57,48.745,48.255,48.3,4697022
VGK,2016-05-18,48.38,48.92,48.22,48.46,5098405
VGK,2016-05-19,48.18,48.28,47.98,48.16,4192907
VGK,2016-05-20,48.53,48.7,48.49,48.595,2990600
VGK,2016-05-23,48.43,48.6,48.35,48.48,2771670
VGK,2016-05-24,48.96,49.4599,48.94,49.38,10452387
VGK,2016-05-25,49.74,50.0,49.74,49.93,3468787
VGK,2016-05-26,50.19,50.255,49.97,50.1,2557417
VGK,2016-05-27,50.02,50.09,49.88,49.97,4377499
VGK,2016-05-31,50.13,50.23,49.475,49.61,4225983
VGK,2016-06-01,49.26,49.6,49.25,49.54,3351577
VGK,2016-06-02,49.37,49.68,49.33,49.68,11306085
VGK,2016-06-03,49.78,50.02,49.55,50.01,5386608
VGK,2016-06-06,49.97,50.26,49.94,50.14,3202136
VGK,2016-06-07,50.52,50.68,50.45,50.49,6441286
VGK,2016-06-08,50.61,50.7,50.5,50.56,4458754
VGK,2016-06-09,49.85,50.03,49.71,49.83,2563658
VGK,2016-06-10,48.7,48.73,48.02,48.14,4333213
VGK,2016-06-13,47.51,47.92,47.265,47.36,5610423
VGK,2016-06-14,45.88,45.99,45.33,45.57,8372323
VGK,2016-06-15,45.97,46.21,45.78,45.86,6372737
VGK,2016-06-16,45.17,46.1,44.83,46.08,7857638
VGK,2016-06-17,46.41,46.92,46.21,46.87,9032777
VGK,2016-06-20,48.49,48.52,48.12,48.14,7925800
VGK,2016-06-21,48.44,48.93,48.235,48.6,5258854
VGK,2016-06-22,48.81,49.09,48.59,48.62,9102543
VGK,2016-06-23,49.74,50.23,49.27,50.14,7688024
VGK,2016-06-24,44.93,46.02,44.48,44.48,29137787
VGK,2016-06-27,43.57,43.63,42.7335,43.32,11170976
VGK,2016-06-28,44.53,44.74,44.12,44.74,9806031
VGK,2016-06-29,45.51,45.88,45.37,45.65,7148637
VGK,2016-06-30,45.86,46.66,45.79,46.66,12204607
VGK,2016-07-01,46.76,46.875,46.63,46.72,8123555
VGK,2016-07-05,45.78,45.81,45.13,45.25,8668249
VGK,2016-07-06,44.67,45.135,44.29,45.11,10473264
VGK,2016-07-07,45.25,45.4284,44.74,44.92,6712897
VGK,2016-07-08,45.66,45.73,45.48,45.66,7458971
VGK,2016-07-11,46.3,46.5287,46.28,46.34,6794461
VGK,2016-07-12,47.07,47.31,46.99,47.02,6164663
VGK,2016-07-13,47.24,47.41,46.99,47.02,7892075
VGK,2016-07-14,47.54,47.6705,47.43,47.51,17420446
VGK,2016-07-15,47.32,47.39,47.1,47.22,10403586
VGK,2016-07-18,47.22,47.56,47.113,47.31,7433778
VGK,2016-07-19,46.98,47.055,46.83,46.95,4647483
VGK,2016-07-20,47.25,47.46,47.16,47.4,2976631
VGK,2016-07-21,47.27,47.52,47.18,47.26,3208079
VGK,2016-07-22,47.35,47.38,47.17,47.29,3515838
VGK,2016-07-25,47.36,47.44,47.171,47.34,3372233
VGK,2016-07-26,47.45,47.62,47.285,47.5,3323887
VGK,2016-07-27,47.79,47.96,47.4,47.83,4174330
VGK,2016-07-28,47.84,47.91,47.57,47.84,3409865
VGK,2016-07-29,48.03,48.37,47.96,48.28,3588902
VGK,2016-08-01,48.01,48.1,47.73,47.76,2955067
VGK,2016-08-02,47.79,47.87,47.54,47.73,4587793
VGK,2016-08-03,47.37,47.5099,47.3,47.485,4263303
VGK,2016-08-04,47.53,47.71,47.48,47.71,8029892
VGK,2016-08-05,47.65,47.92,47.64,47.89,2450171
VGK,2016-08-08,47.91,47.95,47.84,47.93,1743164
VGK,2016-08-09,48.13,48.54,48.12,48.41,2543468
VGK,2016-08-10,48.66,48.74,48.565,48.62,2209519
VGK,2016-08-11,48.82,49.14,48.82,49.0,2319986
VGK,2016-08-12,49.17,49.17,48.881,48.94,1558370
VGK,2016-08-15,49.09,49.2,49.05,49.09,1432639
VGK,2016-08-16,49.17,49.28,49.06,49.07,4113300
VGK,2016-08-17,48.82,49.1401,48.61,48.99,3134286
VGK,2016-08-18,49.11,49.39,49.085,49.38,2617985
VGK,2016-08-19,48.79,49.01,48.685,48.95,2020146
VGK,2016-08-22,48.74,49.08,48.69,48.99,1604593
VGK,2016-08-23,49.34,49.49,49.22,49.22,3791924
VGK,2016-08-24,49.31,49.38,49.07,49.08,3346829
VGK,2016-08-25,48.96,49.05,48.825,48.87,1806976
VGK,2016-08-26,49.09,49.55,48.42,48.6,5348488
VGK,2016-08-29,48.46,48.83,48.46,48.83,1852931
VGK,2016-08-30,48.9,48.94,48.63,48.71,4538103
VGK,2016-08-31,48.7,48.83,48.46,48.61,3132632
VGK,2016-09-01,48.87,49.01,48.685,49.0,4319080
VGK,2016-09-02,49.5,49.73,49.34,49.67,7499941
VGK,2016-09-06,49.77,49.985,49.7049,49.95,5688461
VGK,2016-09-07,50.0,50.12,49.84,49.92,4457876
VGK,2016-09-08,50.0,50.12,49.82,49.93,2628969
VGK,2016-09-09,49.5,49.51,48.85,48.86,4515754
VGK,2016-09-12,48.39,49.31,48.39,49.3,4705948
VGK,2016-09-13,48.48,48.51,47.88,48.05,5644276
VGK,2016-09-14,48.01,48.31,47.96,48.06,2992957
VGK,2016-09-15,48.03,48.52,47.92,48.46,2686242
VGK,2016-09-16,47.79,47.79,47.52,47.61,2792893
VGK,2016-09-19,48.16,48.23,47.88,48.0,2488653
VGK,2016-09-20,48.3,48.35,48.045,48.1,1743385
VGK,2016-09-21,48.32,48.758,48.13,48.7,3826091
VGK,2016-09-22,49.47,49.59,49.1932,49.24,4031202
VGK,2016-09-23,48.82,49.04,48.82,48.86,1882448
VGK,2016-09-26,48.42,48.52,48.31,48.36,2177956
VGK,2016-09-27,47.91,48.44,47.81,48.37,2266875
VGK,2016-09-28,48.63,48.93,48.3434,48.92,3152273
VGK,2016-09-29,48.77,48.92,48.03,48.17,3655486
VGK,2016-09-30,48.42,48.874,48.335,48.73,8385827
VGK,2016-10-03,48.71,48.735,48.53,48.63,3548267
VGK,2016-10-04,48.89,49.02,48.51,48.68,4001141
VGK,2016-10-05,48.87,48.9369,48.73,48.86,3380488
VGK,2016-10-06,48.61,48.62,48.41,48.49,2204534
VGK,2016-10-07,48.2,48.23,47.715,48.07,2743019
VGK,2016-10-10,48.09,48.31,48.09,48.17,1169039
VGK,2016-10-11,48.04,48.06,47.32,47.44,3107763
VGK,2016-10-12,47.39,47.465,47.1499,47.29,2102477
VGK,2016-10-13,46.72,47.245,46.57,47.12,2985313
VGK,2016-10-14,47.41,47.57,47.18,47.18,2274826
VGK,2016-10-17,47.06,47.16,46.9,47.0,1782622
VGK,2016-10-18,47.63,47.715,47.47,47.6,1740330
VGK,2016-10-19,47.56,47.76,47.56,47.66,2032642
VGK,2016-10-20,47.5,47.78,47.46,47.66,3244325
VGK,2016-10-21,47.28,47.55,47.26,47.52,1675807
VGK,2016-10-24,47.59,47.66,47.36,47.46,5896927
VGK,2016-10-25,47.27,47.3799,47.1052,47.28,2633184
VGK,2016-10-26,47.07,47.25,46.98,47.05,1670117
VGK,2016-10-27,47.26,47.28,47.04,47.1,1628369
VGK,2016-10-28,47.01,47.2236,46.98,47.06,3251668
VGK,2016-10-31,46.97,47.11,46.835,47.01,2016023
VGK,2016-11-01,47.18,47.21,46.685,46.82,3303064
VGK,2016-11-02,46.83,46.87,46.46,46.51,2975519
VGK,2016-11-03,46.7,46.76,46.4043,46.49,2528773
VGK,2016-11-04,46.14,46.36,46.03,46.03,3244814
VGK,2016-11-07,46.61,46.76,46.5,46.76,2170896
VGK,2016-11-08,46.63,47.0,46.565,46.9,2098639
VGK,2016-11-09,46.54,47.3,46.54,47.14,4359394
VGK,2016-11-10,47.04,47.1599,46.5,46.9,4569499
VGK,2016-11-11,46.55,46.655,46.255,46.44,2576822
VGK,2016-11-14,45.99,46.115,45.85,46.04,2961794
VGK,2016-11-15,45.95,46.36,45.91,46.36,2233182
VGK,2016-11-16,45.81,46.01,45.743,45.85,8245021
VGK,2016-11-17,45.99,46.19,45.935,46.07,6349968
VGK,2016-11-18,45.74,45.77,45.52,45.6,3894571
VGK,2016-11-21,45.77,46.0,45.745,45.99,3711412
VGK,2016-11-22,46.02,46.07,45.82,46.03,2319998
VGK,2016-11-23,45.45,45.74,45.361,45.7,2341952
VGK,2016-11-25,46.01,46.08,45.955,46.08,1345254
VGK,2016-11-28,45.75,45.76,45.52,45.54,2503878
VGK,2016-11-29,45.58,46.0,45.55,45.94,2878872
VGK,2016-11-30,46.03,46.08,45.82,45.91,4140358
VGK,2016-12-01,45.85,45.955,45.72,45.84,2651503
VGK,2016-12-02,45.67,46.1,45.65,45.99,5255780
VGK,2016-12-05,46.42,46.725,46.35,46.68,4250067
VGK,2016-12-06,46.7,47.13,46.7,47.11,4125433
VGK,2016-12-07,47.19,47.855,47.19,47.75,3526893
VGK,2016-12-08,47.48,47.55,47.3,47.47,5131250
VGK,2016-12-09,47.53,47.74,47.44,47.73,3177259
VGK,2016-12-12,47.57,47.7951,47.515,47.66,2894287
VGK,2016-12-13,47.99,48.33,47.99,48.17,3381960
VGK,2016-12-14,48.05,48.23,47.36,47.42,4537027
VGK,2016-12-15,47.35,47.455,47.255,47.39,3651185
VGK,2016-12-16,47.52,47.7768,47.47,47.63,3755774
VGK,2016-12-19,47.55,47.712,47.44,47.46,5669010
VGK,2016-12-20,47.27,47.42,47.21,47.36,4269767
VGK,2016-12-21,47.47,47.54,47.43,47.48,5485740
VGK,2016-12-22,47.5,47.59,47.35,47.39,3123888
VGK,2016-12-23,47.42,47.58,47.41,47.58,2410718
VGK,2016-12-27,47.61,47.7,47.59,47.65,2252366
VGK,2016-12-28,47.45,47.5,47.2659,47.35,2638538
VGK,2016-12-29,47.56,47.73,47.56,47.68,4124009
VGK,2016-12-30,48.11,48.21,47.83,47.94,4807463
VGK,2017-01-03,48.01,48.135,47.94,48.1,3817363
VGK,2017-01-04,48.21,48.5,48.125,48.5,2786174
VGK,2017-01-05,48.58,49.0,48.58,48.94,5205968
VGK,2017-01-06,48.68,48.82,48.62,48.7,2808990
VGK,2017-01-09,48.41,48.59,48.32,48.53,2343569
VGK,2017-01-10,48.55,48.7107,48.52,48.52,2667883
VGK,2017-01-11,48.41,48.81,48.32,48.77,4145740
VGK,2017-01-12,48.88,48.98,48.725,48.82,6744160
VGK,2017-01-13,49.03,49.085,48.89,49.03,2840169
VGK,2017-01-17,49.04,49.12,48.965,49.03,4648433
VGK,2017-01-18,48.88,48.996,48.73,48.83,2705009
VGK,2017-01-19,48.73,48.82,48.555,48.73,3644773
VGK,2017-01-20,48.84,49.03,48.83,49.0,3698040
VGK,2017-01-23,49.02,49.195,48.89,49.16,4433264
VGK,2017-01-24,49.14,49.335,49.1,49.27,2249408
VGK,2017-01-25,49.64,49.88,49.63,49.86,2420866
VGK,2017-01-26,49.65,49.6967,49.46,49.54,2366346
VGK,2017-01-27,49.54,49.6072,49.46,49.53,1349130
VGK,2017-01-30,49.04,49.15,48.89,49.12,2517706
VGK,2017-01-31,49.37,49.41,49.11,49.36,3645824
VGK,2017-02-01,49.64,49.64,49.36,49.51,3632280
VGK,2017-02-02,49.58,49.65,49.36,49.47,2448528
VGK,2017-02-03,49.62,49.759,49.55,49.65,1961446
VGK,2017-02-06,49.15,49.23,49.03,49.18,2345643
VGK,2017-02-07,49.07,49.22,49.07,49.2,2331558
VGK,2017-02-08,49.09,49.3,48.99,49.29,1506206
VGK,2017-02-09,49.44,49.569,49.37,49.46,3598009
VGK,2017-02-10,49.3,49.53,49.27,49.47,2778907
VGK,2017-02-13,49.74,49.76,49.595,49.65,2474757
VGK,2017-02-14,49.63,49.69,49.44,49.66,2379043
VGK,2017-02-15,49.47,49.89,49.44,49.89,3167651
VGK,2017-02-16,49.96,50.09,49.93,50.09,2035495
VGK,2017-02-17,49.77,49.92,49.7101,49.91,3813244
VGK,2017-02-21,49.7,49.94,49.69,49.92,3164279
VGK,2017-02-22,49.63,49.94,49.5731,49.91,4094566
VGK,2017-02-23,50.06,50.1,49.895,50.03,2126832
VGK,2017-02-24,49.4,49.6369,49.37,49.58,2722272
VGK,2017-02-27,49.48,49.73,49.47,49.7,1937763
VGK,2017-02-28,49.66,49.84,49.5915,49.65,3687556
VGK,2017-03-01,49.98,50.32,49.96,50.17,3855508
VGK,2017-03-02,50.02,50.135,49.955,49.98,2195824
VGK,2017-03-03,50.11,50.4482,50.05,50.38,4847809
VGK,2017-03-06,50.195,50.2,50.02,50.14,3400524
VGK,2017-03-07,49.865,49.9771,49.7595,49.89,2096488
VGK,2017-03-08,49.92,49.95,49.68,49.69,2809736
VGK,2017-03-09,49.95,50.08,49.89,50.07,2403673
VGK,2017-03-10,50.35,50.56,50.295,50.52,3819045
VGK,2017-03-13,50.59,50.72,50.57,50.7,3142709
VGK,2017-03-14,50.35,50.4,50.23,50.29,2131678
VGK,2017-03-15,50.4,51.04,50.36,51.03,3398978
VGK,2017-03-16,51.4,51.58,51.2975,51.56,6021578
VGK,2017-03-17,51.62,51.755,51.48,51.63,2065941
VGK,2017-03-20,51.58,51.71,51.43,51.5078,2343053
VGK,2017-03-21,52.03,52.0674,51.36,51.36,3094698
VGK,2017-03-22,50.95,51.15,50.86,51.11,3695151
VGK,2017-03-23,51.02,51.4,51.02,51.28,3068135
VGK,2017-03-24,51.33,51.47,51.2728,51.37,2516112
VGK,2017-03-27,51.4,51.63,51.37,51.59,2865290
VGK,2017-03-28,51.59,51.79,51.53,51.64,4369010
VGK,2017-03-29,51.32,51.58,51.29,51.58,3306609
VGK,2017-03-30,51.51,51.62,51.405,51.44,1987144
VGK,2017-03-31,51.4,51.71,51.36,51.57,2122199
VGK,2017-04-03,51.46,51.508,50.985,51.36,2525715
VGK,2017-04-04,51.22,51.41,51.12,51.4,1760892
VGK,2017-04-05,51.4,51.53,51.13,51.13,3916048
VGK,2017-04-06,51.35,51.44,51.214,51.3,2930978
VGK,2017-04-07,51.15,51.3348,51.13,51.22,2026712
VGK,2017-04-10,51.16,51.3,51.14,51.15,1827880
VGK,2017-04-11,51.45,51.5,51.09,51.5,3365469
VGK,2017-04-12,51.44,51.56,51.28,51.53,3472248
VGK,2017-04-13,51.27,51.35,51.12,51.16,2299947
VGK,2017-04-17,51.41,51.51,51.365,51.51,3445752
VGK,2017-04-18,51.17,51.29,50.95,51.27,4303999
VGK,2017-04-19,51.42,51.44,51.09,51.14,2733038
VGK,2017-04-20,51.56,51.71,51.47,51.5,10030678
VGK,2017-04-21,51.38,51.46,51.3,51.44,2535040
VGK,2017-04-24,53.05,53.35,53.04,53.32,8713741
VGK,2017-04-25,53.59,53.81,53.52,53.77,7282528
VGK,2017-04-26,53.55,53.7599,53.51,53.58,3512995
VGK,2017-04-27,53.61,53.71,53.49,53.68,4276757
VGK,2017-04-28,53.74,53.76,53.58,53.58,4565524
VGK,2017-05-01,53.76,53.925,53.6,53.79,3170324
VGK,2017-05-02,54.0,54.26,53.94,54.26,5305426
VGK,2017-05-03,54.05,54.19,53.93,54.09,8704328
VGK,2017-05-04,54.36,54.88,54.36,54.88,5336558
VGK,2017-05-05,54.99,55.59,54.94,55.59,4689792
VGK,2017-05-08,55.0,55.01,54.82,54.95,5413672
VGK,2017-05-09,55.01,55.0466,54.8,54.91,4666336
VGK,2017-05-10,54.99,55.04,54.89,55.04,3193348
VGK,2017-05-11,54.78,54.92,54.63,54.91,6461846
VGK,2017-05-12,55.01,55.32,54.9942,55.32,6721468
VGK,2017-05-15,55.44,55.63,55.42,55.62,7246067
VGK,2017-05-16,56.1,56.15,55.98,56.15,4999891
VGK,2017-05-17,55.86,55.9099,55.38,55.39,6105063
VGK,2017-05-18,55.2,55.47,55.13,55.41,5810971
VGK,2017-05-19,55.93,56.21,55.93,56.19,5790619
VGK,2017-05-22,56.415,56.48,56.26,56.35,4501640
VGK,2017-05-23,56.48,56.53,56.225,56.3,8022682
VGK,2017-05-24,56.19,56.41,56.145,56.38,4794459
VGK,2017-05-25,56.39,56.477,56.255,56.37,6664947
VGK,2017-05-26,56.01,56.12,55.96,56.12,5184341
VGK,2017-05-30,55.94,56.12,55.91,56.02,3767502
VGK,2017-05-31,56.41,56.5,56.16,56.21,4128357
VGK,2017-06-01,56.36,56.6,56.3,56.6,4111934
VGK,2017-06-02,56.81,56.99,56.6967,56.97,5410404
VGK,2017-06-05,56.62,56.67,56.49,56.59,4596813
VGK,2017-06-06,56.27,56.4,56.22,56.37,14546102
VGK,2017-06-07,56.44,56.5499,56.09,56.4,4301348
VGK,2017-06-08,56.09,56.2,55.98,56.2,13605017
VGK,2017-06-09,55.93,56.13,55.7633,56.0,8218446
VGK,2017-06-12,55.75,55.815,55.515,55.68,6907611
VGK,2017-06-13,56.0,56.16,55.93,56.14,5984408
VGK,2017-06-14,56.45,56.5,55.84,56.08,7773854
VGK,2017-06-15,55.01,55.38,55.01,55.33,8154492
VGK,2017-06-16,55.73,56.05,55.67,56.05,4249851
VGK,2017-06-19,56.26,56.355,56.19,56.25,4099902
VGK,2017-06-20,56.05,56.07,55.5,55.61,4073151
VGK,2017-06-21,54.8,54.9399,54.73,54.88,4178530
VGK,2017-06-22,54.82,54.96,54.71,54.81,3344475
VGK,2017-06-23,54.84,55.1,54.74,55.0,2243512
VGK,2017-06-26,55.44,55.49,55.12,55.13,3029065
VGK,2017-06-27,55.24,55.425,55.13,55.27,9428798
VGK,2017-06-28,55.44,55.78,55.4199,55.74,6351102
VGK,2017-06-29,55.51,55.51,54.86,55.07,8749975
VGK,2017-06-30,55.25,55.25,54.765,55.14,5072473
VGK,2017-07-03,55.13,55.29,55.12,55.13,3057671
VGK,2017-07-05,55.0,55.16,54.875,55.13,5184271
VGK,2017-07-06,54.82,55.13,54.5947,54.93,3971078
VGK,2017-07-07,54.85,55.11,54.7246,55.08,2240639
VGK,2017-07-10,55.03,55.2268,54.97,55.2,2450320
VGK,2017-07-11,54.93,55.26,54.85,55.24,3087053
VGK,2017-07-12,55.63,55.8,55.59,55.71,3050013
VGK,2017-07-13,55.86,55.975,55.71,55.94,4279962
VGK,2017-07-14,56.03,56.41,55.98,56.37,3592016
VGK,2017-07-17,56.28,56.33,56.2101,56.27,3926925
VGK,2017-07-18,56.2,56.28,56.115,56.25,3459599
VGK,2017-07-19,56.27,56.43,56.23,56.37,3682050
VGK,2017-07-20,56.59,56.745,56.48,56.67,5106472
VGK,2017-07-21,56.3,56.39,56.07,56.38,3810034
VGK,2017-07-24,56.07,56.2299,55.915,56.17,4320811
VGK,2017-07-25,56.58,56.61,56.25,56.3,3226040
VGK,2017-07-26,56.53,56.84,56.405,56.72,3260841
VGK,2017-07-27,56.82,56.82,56.31,56.48,3570872
VGK,2017-07-28,56.34,56.5499,56.24,56.54,2933819
VGK,2017-07-31,56.59,56.74,56.45,56.7,2502319
VGK,2017-08-01,57.12,57.235,56.97,57.03,5945403
VGK,2017-08-02,57.09,57.18,56.9001,57.08,3808416
VGK,2017-08-03,57.11,57.2699,57.03,57.13,7016411
VGK,2017-08-04,57.21,57.31,57.02,57.25,5185721
VGK,2017-08-07,57.19,57.29,57.17,57.29,1718721
VGK,2017-08-08,57.23,57.28,56.86,56.91,2747635
VGK,2017-08-09,56.53,56.89,56.48,56.88,4172279
VGK,2017-08-10,56.41,56.45,55.98,55.99,4124104
VGK,2017-08-11,55.89,56.03,55.755,55.89,2449031
VGK,2017-08-14,56.34,56.47,56.28,56.34,1614984
VGK,2017-08-15,56.2,56.3,56.02,56.25,1413506
VGK,2017-08-16,56.45,56.65,56.39,56.59,3207138
VGK,2017-08-17,56.37,56.45,55.9,55.91,3372405
VGK,2017-08-18,55.91,56.08,55.81,55.96,2412165
VGK,2017-08-21,55.99,56.1,55.84,55.99,2473490
VGK,2017-08-22,56.13,56.31,56.1,56.28,2624151
VGK,2017-08-23,56.16,56.34,56.105,56.3,2057825
VGK,2017-08-24,56.45,56.4835,56.2,56.2,1389679
VGK,2017-08-25,56.48,56.7766,56.41,56.66,3664489
VGK,2017-08-28,56.73,56.7357,56.59,56.63,1855601
VGK,2017-08-29,56.21,56.485,56.202,56.38,2477471
VGK,2017-08-30,56.33,56.39,56.2335,56.29,2928160
VGK,2017-08-31,56.48,56.76,56.425,56.74,2598394
VGK,2017-09-01,57.01,57.05,56.84,56.85,1687691
VGK,2017-09-05,56.76,56.89,56.3411,56.52,2917843
VGK,2017-09-06,56.86,57.0572,56.8,56.96,3204406
VGK,2017-09-07,57.48,57.49,57.304,57.49,2948057
VGK,2017-09-08,57.62,57.62,57.46,57.46,2006470
VGK,2017-09-11,57.8,58.04,57.8,57.93,1844276
VGK,2017-09-12,58.05,58.17,58.03,58.15,2265489
VGK,2017-09-13,58.04,58.07,57.72,57.77,1725247
VGK,2017-09-14,57.76,58.0,57.73,58.0,1653653
VGK,2017-09-15,58.05,58.15,57.9034,58.05,2180772
VGK,2017-09-18,58.22,58.31,58.02,58.14,2583241
VGK,2017-09-19,58.38,58.435,58.27,58.43,2336558
VGK,2017-09-20,58.19,58.4,57.72,58.04,3589980
VGK,2017-09-21,57.91,58.12,57.9,58.03,1583805
VGK,2017-09-22,58.22,58.33,58.15,58.2,2078023
VGK,2017-09-25,57.94,58.06,57.65,57.76,2486662
VGK,2017-09-26,57.6,57.6599,57.375,57.55,3369385
VGK,2017-09-27,57.45,57.71,57.45,57.62,2216663
VGK,2017-09-28,57.75,57.965,57.72,57.87,1843617
VGK,2017-09-29,58.1,58.42,57.97,58.33,4267399
VGK,2017-10-02,58.08,58.26,58.06,58.16,4224309
VGK,2017-10-03,58.28,58.42,58.24,58.39,2771439
VGK,2017-10-04,58.26,58.36,58.24,58.28,2685120
VGK,2017-10-05,58.14,58.26,58.11,58.21,2616695
VGK,2017-10-06,57.96,58.15,57.89,58.14,1753823
VGK,2017-10-09,58.19,58.21,58.08,58.11,1073237
VGK,2017-10-10,58.45,58.75,58.4,58.74,4428964
VGK,2017-10-11,58.72,58.88,58.68,58.87,2300373
VGK,2017-10-12,58.72,58.89,58.65,58.79,1812513
VGK,2017-10-13,58.98,59.017,58.825,58.85,1558727
VGK,2017-10-16,58.76,58.785,58.64,58.69,1433449
VGK,2017-10-17,58.49,58.5,58.3252,58.43,1837101
VGK,2017-10-18,58.63,58.74,58.5666,58.73,3965294
VGK,2017-10-19,58.46,58.61,58.43,58.55,2667695
VGK,2017-10-20,58.53,58.53,58.3752,58.41,1661427
VGK,2017-10-23,58.39,58.44,58.2,58.21,1725218
VGK,2017-10-24,58.23,58.34,58.16,58.21,2411864
VGK,2017-10-25,58.37,58.43,57.9502,58.17,2387494
VGK,2017-10-26,58.23,58.265,58.03,58.04,3810873
VGK,2017-10-27,57.9,58.03,57.773,57.96,2535200
VGK,2017-10-30,58.16,58.32,58.15,58.31,1549291
VGK,2017-10-31,58.46,58.66,58.4269,58.6,2443551
VGK,2017-11-01,58.78,58.841,58.54,58.54,3320201
VGK,2017-11-02,58.45,58.69,58.45,58.69,2000956
VGK,2017-11-03,58.61,58.62,58.371,58.58,4025495
VGK,2017-11-06,58.43,58.6869,58.4,58.67,2145520
VGK,2017-11-07,58.37,58.42,58.022,58.17,2546262
VGK,2017-11-08,58.08,58.26,58.01,58.2,5415042
VGK,2017-11-09,57.69,57.81,57.49,57.78,3052282
VGK,2017-11-10,57.69,57.77,57.59,57.68,1618693
VGK,2017-11-13,57.05,57.4,57.01,57.37,2510481
VGK,2017-11-14,57.4,57.59,57.27,57.57,2665920
VGK,2017-11-15,57.2,57.4,57.125,57.27,2075063
VGK,2017-11-16,57.66,57.74,57.58,57.71,1967477
VGK,2017-11-17,57.55,57.62,57.4169,57.53,1729520
VGK,2017-11-20,57.74,57.8099,57.6,57.62,1821808
VGK,2017-11-21,57.95,58.07,57.9,57.98,1866544
VGK,2017-11-22,58.31,58.355,57.98,58.17,1997268
VGK,2017-11-24,58.7,58.77,58.63,58.7,1331459
VGK,2017-11-27,58.64,58.66,58.29,58.29,2082725
VGK,2017-11-28,58.52,58.705,58.41,58.65,2904428
VGK,2017-11-29,58.75,58.85,58.36,58.44,3115463
VGK,2017-11-30,58.7,58.84,58.5,58.57,13176284
VGK,2017-12-01,58.32,58.49,58.06,58.33,5063125
VGK,2017-12-04,58.56,58.6,58.25,58.26,3545538
VGK,2017-12-05,58.15,58.3,57.99,58.05,3973425
VGK,2017-12-06,57.88,58.06,57.85,57.92,1947670
VGK,2017-12-07,57.94,58.24,57.91,58.08,7056753
VGK,2017-12-08,58.42,58.47,58.21,58.42,1907977
VGK,2017-12-11,58.46,58.55,58.41,58.47,2092769
VGK,2017-12-12,58.4,58.54,58.36,58.52,2284966
VGK,2017-12-13,58.58,58.74,58.45,58.6,3115955
VGK,2017-12-14,58.66,58.73,58.3,58.31,2632046
VGK,2017-12-15,58.23,58.35,58.06,58.27,4335431
VGK,2017-12-18,58.97,59.17,58.96,59.03,3487415
VGK,2017-12-19,58.79,58.79,58.5,58.68,2782876
VGK,2017-12-20,58.69,58.71,58.46,58.48,2626333
VGK,2017-12-21,58.55,58.89,58.54,58.75,2365026
VGK,2017-12-22,58.66,58.81,58.59,58.81,2485282
VGK,2017-12-26,58.7,58.92,58.7,58.78,1000751
VGK,2017-12-27,58.91,59.05,58.87,58.98,1679734
VGK,2017-12-28,59.2,59.25,59.05,59.12,3282981
VGK,2017-12-29,59.35,59.41,59.1,59.15,3182449
VGK,2018-01-02,59.34,59.57,59.23,59.54,3203054
VGK,2018-01-03,59.57,59.81,59.53,59.75,3227641
VGK,2018-01-04,60.33,60.55,60.32,60.45,4297473
VGK,2018-01-05,60.67,60.89,60.58,60.86,4861090
VGK,2018-01-08,60.7,60.71,60.6,60.69,3492067
VGK,2018-01-09,60.68,60.81,60.52,60.79,5295539
VGK,2018-01-10,60.73,60.77,60.52,60.56,5009211
VGK,2018-01-11,60.74,61.02,60.73,60.99,3350323
VGK,2018-01-12,61.47,61.79,61.41,61.77,4842092
VGK,2018-01-16,61.96,62.05,61.74,61.79,5918050
VGK,2018-01-17,61.92,62.3,61.73,62.05,4501654
VGK,2018-01-18,62.02,62.19,61.89,62.13,4377992
VGK,2018-01-19,62.41,62.48,62.19,62.44,4096623
VGK,2018-01-22,62.57,62.89,62.53,62.84,4526927
VGK,2018-01-23,62.88,63.03,62.79,62.98,4977970
VGK,2018-01-24,63.42,63.49,62.98,63.2,5111459
VGK,2018-01-25,63.54,63.6,62.81,62.94,6613166
VGK,2018-01-26,63.32,63.51,63.25,63.49,4116481
VGK,2018-01-29,62.98,63.01,62.69,62.86,4139845
VGK,2018-01-30,62.76,62.83,62.4,62.44,6257832
VGK,2018-01-31,62.77,62.79,62.32,62.48,4326645
VGK,2018-02-01,62.29,62.65,62.24,62.58,4877250
VGK,2018-02-02,61.83,61.84,61.02,61.03,5824914
VGK,2018-02-05,60.34,60.61,58.31,58.46,11946654
VGK,2018-02-06,58.32,59.85,58.27,59.81,15318934
VGK,2018-02-07,59.2,59.65,58.89,59.05,7884823
VGK,2018-02-08,59.17,59.22,57.6,57.62,8998773
VGK,2018-02-09,57.81,58.08,56.37,57.85,11320732
VGK,2018-02-12,58.17,58.67,58.03,58.61,5759421
VGK,2018-02-13,58.38,58.55,58.2,58.47,3421612
VGK,2018-02-14,58.23,59.69,58.15,59.67,4986484
VGK,2018-02-15,59.96,60.16,59.56,60.08,4070056
VGK,2018-02-16,60.04,60.47,60.0,60.14,3435528
VGK,2018-02-20,59.69,59.89,59.38,59.55,4435360
VGK,2018-02-21,59.69,60.08,59.23,59.25,3956008
VGK,2018-02-22,59.47,59.8,59.29,59.5,3965382
VGK,2018-02-23,59.67,59.97,59.56,59.93,3350761
VGK,2018-02-26,60.04,60.29,59.78,60.29,4105448
VGK,2018-02-27,59.89,59.91,59.28,59.29,3990583
VGK,2018-02-28,59.41,59.46,58.64,58.64,4084125
VGK,2018-03-01,58.34,58.56,57.53,58.0,7066096
VGK,2018-03-02,57.73,58.09,57.42,58.06,4865710
VGK,2018-03-05,57.74,58.49,57.72,58.46,6642655
VGK,2018-03-06,58.89,58.99,58.68,58.91,4390969
VGK,2018-03-07,58.76,59.11,58.63,59.06,3790344
VGK,2018-03-08,59.28,59.36,58.97,59.14,2920777
VGK,2018-03-09,59.25,59.47,59.16,59.47,4203971
VGK,2018-03-12,59.49,59.59,59.4,59.55,2939703
VGK,2018-03-13,59.67,59.73,58.97,59.04,5008564
VGK,2018-03-14,59.54,59.57,58.97,59.16,5191343
VGK,2018-03-15,59.11,59.43,59.07,59.17,4153599
VGK,2018-03-16,59.13,59.36,59.09,59.17,3475016
VGK,2018-03-19,59.1,59.12,58.62,58.87,3351819
VGK,2018-03-20,58.68,58.93,58.64,58.77,3394743
VGK,2018-03-21,58.74,59.06,58.61,58.87,3392275
VGK,2018-03-22,58.08,58.2,57.55,57.55,6388542
VGK,2018-03-23,57.88,57.99,57.2,57.2,6577966
VGK,2018-03-26,57.92,58.09,57.29,58.07,5955680
VGK,2018-03-27,58.09,58.22,57.21,57.38,5875445
VGK,2018-03-28,57.75,58.24,57.54,57.75,6538041
VGK,2018-03-29,58.2,58.37,57.93,58.15,6536302
VGK,2018-04-02,58.19,58.25,57.02,57.38,7264248
VGK,2018-04-03,57.68,57.83,57.39,57.79,4471050
VGK,2018-04-04,57.1,57.95,57.08,57.9,9206661
VGK,2018-04-05,58.3,58.58,58.28,58.44,3131098
VGK,2018-04-06,58.55,58.77,58.1,58.25,4104349
VGK,2018-04-09,58.78,59.07,58.59,58.7,4037292
VGK,2018-04-10,59.33,59.55,59.25,59.44,5143842
VGK,2018-04-11,59.26,59.48,59.1,59.13,2726913
VGK,2018-04-12,59.3,59.55,59.27,59.53,2653056
VGK,2018-04-13,59.75,59.78,59.42,59.58,2036474
VGK,2018-04-16,59.82,59.83,59.59,59.68,1946604
VGK,2018-04-17,59.93,60.17,59.88,60.09,2843681
VGK,2018-04-18,60.24,60.4,60.19,60.28,2804271
VGK,2018-04-19,60.37,60.44,59.98,60.11,2977465
VGK,2018-04-20,59.9,60.01,59.74,59.85,2689507
VGK,2018-04-23,59.82,59.95,59.66,59.86,6053245
VGK,2018-04-24,59.9,59.98,59.38,59.54,2826589
VGK,2018-04-25,59.22,59.4,59.01,59.3,2361117
VGK,2018-04-26,59.69,59.72,59.43,59.63,1640161
VGK,2018-04-27,59.54,59.74,59.38,59.69,1821441
VGK,2018-04-30,59.51,59.68,59.38,59.4,2865808
VGK,2018-05-01,59.25,59.36,58.81,59.07,4654570
VGK,2018-05-02,59.55,59.59,59.08,59.11,4352147
VGK,2018-05-03,59.29,59.4,58.84,59.35,3995484
VGK,2018-05-04,58.89,60.0,58.85,60.0,2418564
VGK,2018-05-07,59.53,59.74,59.42,59.5,5272893
VGK,2018-05-08,59.19,59.45,59.07,59.45,2594554
VGK,2018-05-09,59.6,59.95,59.58,59.83,2340825
VGK,2018-05-10,59.93,60.15,59.77,60.14,1634594
VGK,2018-05-11,60.26,60.38,60.17,60.25,1753415
VGK,2018-05-14,60.35,60.43,60.16,60.22,2818435
VGK,2018-05-15,59.75,60.03,59.57,59.83,2408205
VGK,2018-05-16,59.72,59.95,59.61,59.92,7661980
VGK,2018-05-17,60.0,60.22,59.93,60.12,6296561
VGK,2018-05-18,59.89,60.0,59.79,59.85,2222138
VGK,2018-05-21,60.25,60.31,60.1,60.27,1591935
VGK,2018-05-22,60.41,60.53,60.23,60.28,1840398
VGK,2018-05-23,59.38,59.46,59.12,59.43,3544846
VGK,2018-05-24,59.35,59.39,58.93,59.29,3430551
VGK,2018-05-25,58.77,58.89,58.6,58.78,2844562
VGK,2018-05-29,57.52,57.75,56.85,57.12,5688038
VGK,2018-05-30,57.78,58.3,57.6,58.15,6242098
VGK,2018-05-31,58.01,58.12,57.54,57.96,8293170
VGK,2018-06-01,58.44,58.54,58.14,58.45,3790337
VGK,2018-06-04,58.85,58.9,58.53,58.58,2455698
VGK,2018-06-05,58.63,58.7,58.32,58.47,4847604
VGK,2018-06-06,58.7,59.13,58.57,59.03,14597611
VGK,2018-06-07,59.11,59.16,58.56,58.65,3909228
VGK,2018-06-08,58.67,58.82,58.45,58.72,3514004
VGK,2018-06-11,59.02,59.41,58.97,59.3,3284632
VGK,2018-06-12,59.23,59.28,58.88,58.94,4821272
VGK,2018-06-13,59.19,59.24,58.85,59.08,4490944
VGK,2018-06-14,59.06,59.35,58.99,59.03,2661413
VGK,2018-06-15,58.6,58.63,58.38,58.59,1962461
VGK,2018-06-18,57.8,58.12,57.74,58.09,3167084
VGK,2018-06-19,57.27,57.63,57.17,57.61,4959305
VGK,2018-06-20,57.79,57.82,57.51,57.62,2322508
VGK,2018-06-21,57.39,57.42,57.06,57.13,3534189
VGK,2018-06-22,56.82,57.01,56.57,56.78,3961238
VGK,2018-06-25,56.33,56.42,55.85,55.96,5923264
VGK,2018-06-26,56.0,56.05,55.75,55.91,3817038
VGK,2018-06-27,56.03,56.25,55.41,55.43,5671278
VGK,2018-06-28,55.28,55.6,55.18,55.54,4834071
VGK,2018-06-29,56.2,56.47,56.02,56.13,3859465
VGK,2018-07-02,55.42,55.76,55.39,55.68,3084446
VGK,2018-07-03,56.23,56.28,55.92,55.94,2132241
VGK,2018-07-05,56.63,56.73,56.49,56.69,3370552
VGK,2018-07-06,56.75,57.05,56.68,56.98,2762869
VGK,2018-07-09,57.37,57.39,57.17,57.36,3021543
VGK,2018-07-10,57.41,57.56,57.37,57.52,2414682
VGK,2018-07-11,56.8,56.96,56.32,56.45,3530413
VGK,2018-07-12,56.82,57.05,56.72,56.99,1959831
VGK,2018-07-13,56.91,57.09,56.79,57.08,2586831
VGK,2018-07-16,57.08,57.19,56.97,57.13,1947287
VGK,2018-07-17,56.87,57.2,56.83,57.08,2784783
VGK,2018-07-18,57.07,57.26,56.99,57.13,2119659
VGK,2018-07-19,56.82,57.08,56.75,56.97,7418063
VGK,2018-07-20,56.97,57.38,56.96,57.3,1970198
VGK,2018-07-23,57.2,57.27,57.07,57.19,1415735
VGK,2018-07-24,57.61,57.83,57.42,57.52,2220489
VGK,2018-07-25,57.5,58.07,57.23,57.96,3148819
VGK,2018-07-26,57.65,57.77,57.54,57.59,3125747
VGK,2018-07-27,57.85,57.95,57.63,57.71,2117303
VGK,2018-07-30,58.03,58.13,57.86,57.88,1737170
VGK,2018-07-31,58.25,58.33,57.95,58.04,2798732
VGK,2018-08-01,57.8,57.93,57.52,57.64,6758597
VGK,2018-08-02,56.95,57.17,56.82,57.14,2671026
VGK,2018-08-03,56.95,57.27,56.95,57.26,1820598
VGK,2018-08-06,56.86,57.07,56.74,56.95,2946307
VGK,2018-08-07,56.86,57.55,56.86,57.36,2386462
VGK,2018-08-08,57.3,57.41,57.14,57.32,2260733
VGK,2018-08-09,57.36,57.39,57.1,57.13,1765013
VGK,2018-08-10,55.96,56.12,55.73,55.85,3193654
VGK,2018-08-13,55.82,55.94,55.56,55.68,3484878
VGK,2018-08-14,55.68,55.74,55.455,55.54,8056671
VGK,2018-08-15,54.71,54.73,54.26,54.6,6155079
VGK,2018-08-16,54.95,55.25,54.94,55.02,2814175
VGK,2018-08-17,54.89,55.47,54.89,55.33,3029496
VGK,2018-08-20,55.62,55.78,55.61,55.74,2016075
VGK,2018-08-21,56.27,56.54,56.16,56.35,2886475
VGK,2018-08-22,56.59,56.69,56.47,56.54,2171020
VGK,2018-08-23,56.41,56.51,56.12,56.16,2554044
VGK,2018-08-24,56.51,56.72,56.43,56.65,2232285
VGK,2018-08-27,56.99,57.39,56.99,57.36,2382512
VGK,2018-08-28,57.54,57.58,57.26,57.28,2573419
VGK,2018-08-29,57.19,57.58,57.14,57.57,2554922
VGK,2018-08-30,57.09,57.18,56.91,57.01,2513155
VGK,2018-08-31,56.55,56.76,56.17,56.4,3512878
VGK,2018-09-04,55.67,55.95,55.58,55.94,2891730
VGK,2018-09-05,55.77,55.85,55.4,55.59,4226802
VGK,2018-09-06,55.5,55.68,55.12,55.34,2719870
VGK,2018-09-07,54.79,55.08,54.75,54.92,3721026
VGK,2018-09-10,55.47,55.53,55.36,55.42,2228324
VGK,2018-09-11,55.05,55.44,54.98,55.43,3011263
VGK,2018-09-12,55.51,55.88,55.49,55.68,3306681
VGK,2018-09-13,56.15,56.23,55.89,56.08,3568695
VGK,2018-09-14,56.06,56.15,55.82,55.95,3232281
VGK,2018-09-17,56.26,56.37,56.05,56.07,3117068
VGK,2018-09-18,56.23,56.49,56.23,56.37,2281037
VGK,2018-09-19,56.31,56.56,56.31,56.5,2164261
VGK,2018-09-20,57.27,57.49,57.13,57.43,2755012
VGK,2018-09-21,57.36,57.45,57.32,57.38,2549185
VGK,2018-09-24,57.46,57.5,57.12,57.15,2438051
VGK,2018-09-25,57.51,57.6,57.36,57.43,1644174
VGK,2018-09-26,57.04,57.52,57.0,57.14,2844157
VGK,2018-09-27,57.03,57.24,56.87,56.9,2704934
VGK,2018-09-28,56.23,56.52,56.14,56.22,5431271
VGK,2018-10-01,56.53,56.57,56.21,56.26,2823186
VGK,2018-10-02,55.82,56.01,55.76,55.9,2633684
VGK,2018-10-03,56.27,56.32,56.02,56.08,2578353
VGK,2018-10-04,55.67,55.76,55.18,55.37,2599628
VGK,2018-10-05,55.1,55.13,54.72,54.94,3842556
VGK,2018-10-08,54.09,54.42,53.99,54.39,3698585
VGK,2018-10-09,53.89,54.46,53.82,54.34,2796338
VGK,2018-10-10,54.07,54.11,53.11,53.23,6223493
VGK,2018-10-11,53.25,53.35,52.29,52.58,9587187
VGK,2018-10-12,53.06,53.11,52.26,52.76,6185676
VGK,2018-10-15,52.65,52.91,52.55,52.72,3451207
VGK,2018-10-16,53.49,53.75,53.41,53.71,3386408
VGK,2018-10-17,53.37,53.44,52.98,53.18,3916350
VGK,2018-10-18,52.96,53.07,52.15,52.31,5609853
VGK,2018-10-19,52.46,52.89,52.43,52.67,4624141
VGK,2018-10-22,52.57,52.64,52.18,52.29,2883888
VGK,2018-10-23,51.53,52.07,51.23,51.88,9193258
VGK,2018-10-24,51.55,51.61,50.39,50.41,8586075
VGK,2018-10-25,50.93,51.32,50.72,51.1,8692777
VGK,2018-10-26,50.58,51.17,50.15,50.85,13813570
VGK,2018-10-29,51.52,51.63,50.49,50.9,9413715
VGK,2018-10-30,50.89,51.36,50.83,51.36,7203985
VGK,2018-10-31,51.8,52.1,51.73,51.78,8170887
VGK,2018-11-01,52.45,52.93,52.23,52.62,5906946
VGK,2018-11-02,52.98,53.13,52.36,52.67,5970545
VGK,2018-11-05,52.68,52.78,52.47,52.66,2231924
VGK,2018-11-06,52.5,52.77,52.46,52.77,2860455
VGK,2018-11-07,53.29,53.48,53.13,53.48,3442974
VGK,2018-11-08,53.24,53.37,52.75,52.83,3905323
VGK,2018-11-09,52.58,52.68,52.33,52.59,5315641
VGK,2018-11-12,52.0,52.02,51.45,51.48,2820821
VGK,2018-11-13,51.71,52.21,51.64,51.85,4666009
VGK,2018-11-14,52.28,52.32,51.65,51.97,5433408
VGK,2018-11-15,51.35,51.97,51.06,51.87,7707434
VGK,2018-11-16,51.52,51.91,51.44,51.85,3807928
VGK,2018-11-19,51.85,51.88,51.26,51.39,4334820
VGK,2018-11-20,50.64,50.9,50.36,50.44,6884178
VGK,2018-11-21,51.01,51.35,50.9,51.18,3567748
VGK,2018-11-23,50.62,50.87,50.62,50.75,2051972
VGK,2018-11-26,51.36,51.58,51.35,51.57,4088735
VGK,2018-11-27,51.17,51.31,50.98,51.28,5137424
VGK,2018-11-28,51.3,52.04,51.06,52.01,4810275
VGK,2018-11-29,51.72,51.9,51.35,51.76,4522533
VGK,2018-11-30,51.4,51.48,51.18,51.43,4151428
VGK,2018-12-03,52.13,52.16,51.83,52.04,5729056
VGK,2018-12-04,51.87,51.94,50.73,50.78,6780094
VGK,2018-12-06,49.7994,50.22,49.29,50.15,7562128
VGK,2018-12-07,50.21,50.44,49.54,49.66,7912952
VGK,2018-12-10,49.45,49.56,48.77,49.23,7475881
VGK,2018-12-11,49.79,49.82,49.13,49.41,10282215
VGK,2018-12-12,50.16,50.58,50.16,50.32,6639153
VGK,2018-12-13,50.31,50.46,50.12,50.2,5918610
VGK,2018-12-14,49.61,49.8,49.44,49.45,5669862
VGK,2018-12-17,49.38,49.4,48.79,48.98,9404501
VGK,2018-12-18,49.26,49.39,48.9,49.01,9011395
VGK,2018-12-19,49.38,49.64,48.51,48.67,9526457
VGK,2018-12-20,48.88,48.97,48.4,48.45,14880602
VGK,2018-12-21,48.45,48.7,47.82,47.87,12444345
VGK,2018-12-24,47.43,47.84,46.95,46.99,5545498
VGK,2018-12-26,47.12,48.16,46.8,48.16,10756579
VGK,2018-12-27,47.34,47.99,46.96,47.94,13086857
VGK,2018-12-28,48.53,48.615,48.25,48.4,10742997
VGK,2018-12-31,48.73,48.76,48.41,48.62,10719100
VGK,2019-01-02,47.97,48.38,47.8532,48.35,5273577
VGK,2019-01-03,48.19,48.24,47.9,47.99,5106180
VGK,2019-01-04,48.68,49.53,48.67,49.43,5387616
VGK,2019-01-07,49.49,49.8,49.36,49.65,5431364
VGK,2019-01-08,50.12,50.19,49.87,50.05,4972984
VGK,2019-01-09,50.56,50.74,50.4,50.68,4154631
VGK,2019-01-10,50.48,50.78,50.41,50.74,4076436
VGK,2019-01-11,50.51,50.65,50.35,50.53,6960657
VGK,2019-01-14,50.1,50.41,50.06,50.28,5019968
VGK,2019-01-15,50.15,50.4,49.99,50.34,6426279
VGK,2019-01-16,50.33,50.5,50.32,50.43,3542295
VGK,2019-01-17,50.2,50.76,50.2,50.64,4774605
VGK,2019-01-18,51.21,51.3,51.03,51.24,6185004
VGK,2019-01-22,50.77,50.8971,50.5131,50.57,6274590
VGK,2019-01-23,51.07,51.15,50.75,50.96,4243839
VGK,2019-01-24,50.89,51.06,50.71,50.89,4358160
VGK,2019-01-25,51.35,51.54,51.32,51.44,4049036
VGK,2019-01-28,51.07,51.25,50.98,51.2,4264069
VGK,2019-01-29,51.58,51.69,51.41,51.46,4069033
VGK,2019-01-30,51.62,52.1,51.47,51.93,3685640
VGK,2019-01-31,51.77,52.01,51.63,51.87,3440498
VGK,2019-02-01,51.91,52.11,51.77,51.93,4405879
VGK,2019-02-04,51.8,52.09,51.69,52.07,2815227
VGK,2019-02-05,52.37,52.54,52.31,52.53,4424939
VGK,2019-02-06,52.44,52.53,52.28,52.34,2817339
VGK,2019-02-07,51.91,51.95,51.48,51.56,6466013
VGK,2019-02-08,51.23,51.4,51.03,51.37,3373511
VGK,2019-02-11,51.33,51.45,51.19,51.28,3009095
VGK,2019-02-12,51.62,51.85,51.62,51.85,3092735
VGK,2019-02-13,51.98,52.09,51.83,51.83,2424033
VGK,2019-02-14,51.82,52.04,51.73,51.83,4387094
VGK,2019-02-15,52.42,52.63,52.31,52.63,3815909
VGK,2019-02-19,52.47,52.96,52.47,52.92,3531421
VGK,2019-02-20,52.91,53.35,52.91,53.18,5015202
VGK,2019-02-21,53.08,53.12,52.86,52.94,5942128
VGK,2019-02-22,53.1,53.22,53.035,53.13,2702098
VGK,2019-02-25,53.37,53.445,53.2,53.24,2816629
VGK,2019-02-26,53.42,53.73,53.41,53.64,3333300
VGK,2019-02-27,53.54,53.63,53.38,53.42,3258698
VGK,2019-02-28,53.47,53.69,53.44,53.51,2093924
VGK,2019-03-01,53.9,54.02,53.71,53.89,4174756
VGK,2019-03-04,53.93,53.98,53.47,53.67,3980405
VGK,2019-03-05,53.64,53.84,53.55,53.74,3079236
VGK,2019-03-06,53.88,53.88,53.595,53.63,2714357
VGK,2019-03-07,53.33,53.37,52.78,52.78,4291175
VGK,2019-03-08,52.53,52.82,52.5,52.81,3805354
VGK,2019-03-11,52.81,53.25,52.8,53.25,2357282
VGK,2019-03-12,53.19,53.32,53.16,53.23,2240887
VGK,2019-03-13,53.55,53.89,53.53,53.86,2849203
VGK,2019-03-14,54.05,54.2,54.0,54.07,2693951
VGK,2019-03-15,54.44,54.69,54.435,54.66,5134090
VGK,2019-03-18,54.75,54.9,54.67,54.89,2338660
VGK,2019-03-19,55.3,55.3357,54.965,55.07,3081799
VGK,2019-03-20,54.91,55.38,54.66,55.13,4099020
VGK,2019-03-21,54.63,54.91,54.58,54.9,8505662
VGK,2019-03-22,54.05,54.14,53.57,53.62,8782306
VGK,2019-03-25,53.28,53.42,53.14,53.32,5875144
VGK,2019-03-26,53.58,53.67,53.42,53.5,2552122
VGK,2019-03-27,53.67,53.77,53.23,53.63,5187810
VGK,2019-03-28,53.47,53.52,53.18,53.36,3281874
VGK,2019-03-29,53.63,53.69,53.33,53.61,3502160
VGK,2019-04-01,54.16,54.32,54.09,54.31,4328698
VGK,2019-04-02,54.31,54.55,54.22,54.54,8144890
VGK,2019-04-03,54.9,55.14,54.85,55.04,4100340
VGK,2019-04-04,54.85,54.96,54.79,54.89,2916298
VGK,2019-04-05,54.87,55.06,54.87,55.04,1666288
VGK,2019-04-08,55.13,55.19,54.96,55.1,1714701
VGK,2019-04-09,54.92,54.94,54.74,54.78,2036698
VGK,2019-04-10,54.85,55.05,54.78,55.01,2616946
VGK,2019-04-11,55.07,55.14,54.91,55.03,2081332
VGK,2019-04-12,55.36,55.42,55.28,55.39,2446143
VGK,2019-04-15,55.49,55.52,55.35,55.49,1961196
VGK,2019-04-16,55.64,55.68,55.51,55.53,1634368
VGK,2019-04-17,55.79,55.79,55.59,55.72,2182018
VGK,2019-04-18,55.6,55.67,55.47,55.57,2309915
VGK,2019-04-22,55.55,55.7,55.53,55.62,1354956
VGK,2019-04-23,55.38,55.59,55.34,55.56,1990478
VGK,2019-04-24,55.39,55.43,55.15,55.21,3279620
VGK,2019-04-25,54.96,55.13,54.9,55.12,2913975
VGK,2019-04-26,55.14,55.28,55.05,55.24,1638894
VGK,2019-04-29,55.25,55.51,55.22,55.47,2626352
VGK,2019-04-30,55.52,55.77,55.41,55.71,3639087
VGK,2019-05-01,55.77,55.84,55.26,55.26,4557369
VGK,2019-05-02,55.34,55.36,55.0,55.07,4236286
VGK,2019-05-03,55.34,55.65,55.31,55.63,3335777
VGK,2019-05-06,54.44,55.19,54.43,55.11,6133503
VGK,2019-05-07,54.54,54.59,53.94,54.09,4554511
VGK,2019-05-08,54.26,54.5,54.17,54.36,4830943
VGK,2019-05-09,53.75,54.14,53.63,54.03,4406145
VGK,2019-05-10,54.02,54.48,53.83,54.45,6163669
VGK,2019-05-13,53.41,53.48,53.07,53.15,5018241
VGK,2019-05-14,53.46,53.82,53.44,53.66,3666749
VGK,2019-05-15,53.25,53.97,53.22,53.9,4939713
VGK,2019-05-16,54.08,54.51,54.05,54.36,2017376
VGK,2019-05-17,54.02,54.24,53.96,54.01,3039472
VGK,2019-05-20,53.58,53.82,53.5,53.64,2020498
VGK,2019-05-21,53.93,54.13,53.81,54.03,2521874
VGK,2019-05-22,53.77,53.99,53.77,53.84,1559925
VGK,2019-05-23,53.13,53.26,52.97,53.2,2631417
VGK,2019-05-24,53.72,53.83,53.63,53.82,2002728
VGK,2019-05-28,53.75,53.82,53.22,53.22,2482917
VGK,2019-05-29,52.67,52.77,52.5,52.75,3350961
VGK,2019-05-30,52.89,53.05,52.83,53.03,2252540
VGK,2019-05-31,52.33,52.6,52.14,52.55,3123093
VGK,2019-06-03,52.68,52.99,52.56,52.92,4681829
VGK,2019-06-04,53.43,53.61,53.27,53.59,3837482
VGK,2019-06-05,53.83,53.83,53.51,53.57,2156185
VGK,2019-06-06,53.78,53.96,53.65,53.85,4254750
VGK,2019-06-07,54.36,54.73,54.36,54.56,2373159
VGK,2019-06-10,54.58,54.765,54.545,54.64,3946367
VGK,2019-06-11,55.09,55.18,54.87,54.99,3225686
VGK,2019-06-12,54.83,54.94,54.63,54.63,1681289
VGK,2019-06-13,54.82,54.84,54.63,54.69,1515281
VGK,2019-06-14,54.3,54.31,54.2,54.24,2391522
VGK,2019-06-17,53.26,53.4,53.18,53.22,6729010
VGK,2019-06-18,53.76,54.09,53.76,54.04,6722968
VGK,2019-06-19,54.06,54.4,54.04,54.26,3061774
VGK,2019-06-20,54.91,54.95,54.595,54.76,2496556
VGK,2019-06-21,54.62,54.87,54.57,54.72,9036189
VGK,2019-06-24,54.87,54.95,54.8,54.84,4844356
VGK,2019-06-25,54.84,54.87,54.42,54.43,9352277
VGK,2019-06-26,54.62,54.68,54.5,54.52,1748809
VGK,2019-06-27,54.6,54.64,54.52,54.53,1912822
VGK,2019-06-28,54.83,55.02,54.76,54.9,3196720
VGK,2019-07-01,55.34,55.39,54.94,55.1,2056888
VGK,2019-07-02,55.17,55.27,55.11,55.21,1339620
VGK,2019-07-03,55.56,55.67,55.54,55.64,3305958
VGK,2019-07-05,55.11,55.14,54.78,55.08,2486888
VGK,2019-07-08,54.88,54.94,54.8,54.82,2206450
VGK,2019-07-09,54.44,54.65,54.4,54.59,1475829
VGK,2019-07-10,54.87,54.98,54.67,54.76,3289806
VGK,2019-07-11,54.89,54.9,54.58,54.73,1923558
VGK,2019-07-12,54.7,54.75,54.59,54.75,925434
VGK,2019-07-15,54.88,54.94,54.78,54.83,1476612
VGK,2019-07-16,54.77,54.87,54.63,54.65,2266727
VGK,2019-07-17,54.8,54.81,54.52,54.52,2465080
VGK,2019-07-18,54.44,54.78,54.35,54.76,2622301
VGK,2019-07-19,54.56,54.63,54.43,54.45,2356507
VGK,2019-07-22,54.58,54.65,54.47,54.57,1740419
VGK,2019-07-23,54.85,54.95,54.75,54.9,1581827
VGK,2019-07-24,54.72,54.91,54.7,54.88,1730173
VGK,2019-07-25,54.83,54.83,54.33,54.36,3555137
VGK,2019-07-26,54.6,54.63,54.5,54.57,2025659
VGK,2019-07-29,54.76,54.8,54.59,54.65,1660233
VGK,2019-07-30,53.91,53.95,53.7,53.79,3760507
VGK,2019-07-31,53.85,53.99,53.07,53.47,4581105
VGK,2019-08-01,53.41,53.9,53.07,53.26,4309814
VGK,2019-08-02,53.06,53.16,52.57,52.77,3426853
VGK,2019-08-05,52.03,52.07,51.38,51.65,5767514
VGK,2019-08-06,52.04,52.11,51.59,51.93,4878696
VGK,2019-08-07,51.69,52.21,51.58,52.13,4888958
VGK,2019-08-08,52.38,52.8,52.3,52.6,4595155
VGK,2019-08-09,52.45,52.53,52.2,52.35,2236682
VGK,2019-08-12,52.16,52.35,51.9,51.97,2926099
VGK,2019-08-13,51.79,52.54,51.74,52.39,5302039
VGK,2019-08-14,51.34,51.44,50.9,50.9,4375662
VGK,2019-08-15,50.9,51.08,50.66,50.89,5512309
VGK,2019-08-16,51.16,51.5701,51.16,51.55,4203389
VGK,2019-08-19,52.08,52.15,51.92,51.93,2404783
VGK,2019-08-20,51.84,51.86,51.6,51.67,2436486
VGK,2019-08-21,52.44,52.44,52.21,52.28,3247716
VGK,2019-08-22,52.31,52.39,51.98,52.18,1914569
VGK,2019-08-23,52.09,52.47,51.56,51.56,5919101
VGK,2019-08-26,51.94,52.0,51.72,51.9,4542728
VGK,2019-08-27,52.17,52.26,51.93,51.93,3095513
VGK,2019-08-28,51.68,52.03,51.53,51.84,2978332
VGK,2019-08-29,52.36,52.44,52.2,52.35,3799347
VGK,2019-08-30,52.78,52.79,52.35,52.59,2857414
VGK,2019-09-03,52.18,52.42,52.13,52.38,2651289
VGK,2019-09-04,53.03,53.25,52.97,53.25,2855775
VGK,2019-09-05,53.64,53.76,53.48,53.51,7607952
VGK,2019-09-06,53.65,53.77,53.62,53.66,2200145
VGK,2019-09-09,53.74,53.74,53.59,53.68,2230777
VGK,2019-09-10,53.56,53.86,53.47,53.74,2964853
VGK,2019-09-11,53.82,54.06,53.78,54.03,2846760
VGK,2019-09-12,53.96,54.45,53.91,54.38,4776494
VGK,2019-09-13,54.59,54.71,54.49,54.55,4860588
VGK,2019-09-16,54.17,54.2,53.97,54.04,2506758
VGK,2019-09-17,53.97,54.3,53.91,54.27,2634905
VGK,2019-09-18,54.2,54.35,53.95,54.24,1923941
VGK,2019-09-19,54.53,54.58,54.39,54.41,2384270
VGK,2019-09-20,54.47,54.56,54.21,54.22,2668714
VGK,2019-09-23,53.84,54.08,53.8,54.08,2850146
VGK,2019-09-24,53.75,53.82,53.43,53.46,5036836
VGK,2019-09-25,53.03,53.22,52.8,53.15,4839365
VGK,2019-09-26,53.44,53.56,53.32,53.42,3195635
VGK,2019-09-27,53.57,53.67,53.31,53.42,3619321
VGK,2019-09-30,53.47,53.71,53.47,53.61,2849338
VGK,2019-10-01,53.43,53.45,52.93,53.02,6796033
VGK,2019-10-02,52.17,52.19,51.62,51.7,5788950
VGK,2019-10-03,51.76,52.08,51.51,52.08,3537756
VGK,2019-10-04,52.15,52.52,52.09,52.5,2642154
VGK,2019-10-07,52.49,52.77,52.49,52.5,3675127
VGK,2019-10-08,52.12,52.16,51.85,51.9,3773145
VGK,2019-10-09,52.28,52.42,52.18,52.35,4666564
VGK,2019-10-10,52.4,52.84,52.34,52.84,4293772
VGK,2019-10-11,53.87,54.22,53.84,53.98,5646556
VGK,2019-10-14,53.68,53.87,53.65,53.78,2010713
VGK,2019-10-15,53.95,54.64,53.92,54.47,4659738
VGK,2019-10-16,54.45,54.68,54.4,54.54,2325349
VGK,2019-10-17,54.95,55.0,54.63,54.8,2066849
VGK,2019-10-18,54.77,54.94,54.6,54.86,1803112
VGK,2019-10-21,55.21,55.27,55.07,55.11,2485229
VGK,2019-10-22,55.05,55.29,54.86,54.88,3355392
VGK,2019-10-23,54.98,55.21,54.94,55.2,1842029
VGK,2019-10-24,55.48,55.48,55.2,55.34,2614518
VGK,2019-10-25,55.15,55.37,55.11,55.33,4908057
VGK,2019-10-28,55.49,55.64,55.42,55.61,1604856
VGK,2019-10-29,55.33,55.58,55.28,55.54,1895292
VGK,2019-10-30,55.46,55.85,55.23,55.84,3698134
VGK,2019-10-31,55.67,55.67,55.43,55.67,3390995
VGK,2019-11-01,55.88,56.09,55.87,56.09,3905991
VGK,2019-11-04,56.48,56.55,56.27,56.37,2093183
VGK,2019-11-05,56.24,56.27,56.1,56.25,3424447
VGK,2019-11-06,56.3,56.36,56.14,56.22,2727203
VGK,2019-11-07,56.47,56.49,56.28,56.34,3775496
VGK,2019-11-08,56.13,56.28,56.0,56.28,1969933
VGK,2019-11-11,56.05,56.27,56.03,56.27,1093528
VGK,2019-11-12,56.27,56.38,56.16,56.23,3190303
VGK,2019-11-13,55.97,56.17,55.97,56.13,2061617
VGK,2019-11-14,55.94,56.11,55.88,56.09,11051180
VGK,2019-11-15,56.22,56.44,56.18,56.44,5066522
VGK,2019-11-18,56.37,56.58,56.3,56.53,2381467
VGK,2019-11-19,56.73,56.76,56.36,56.44,2551833
VGK,2019-11-20,56.12,56.21,55.91,56.08,3402400
VGK,2019-11-21,56.02,56.05,55.82,56.01,3255106
VGK,2019-11-22,56.25,56.26,55.99,56.1,4281883
VGK,2019-11-25,56.35,56.56,56.35,56.56,3231800
VGK,2019-11-26,56.54,56.66,56.52,56.63,1917931
VGK,2019-11-27,56.64,56.77,56.61,56.73,1690734
VGK,2019-11-29,56.49,56.58,56.38,56.39,1242475
VGK,2019-12-02,56.3,56.33,55.86,56.06,4695939
VGK,2019-12-03,55.55,55.84,55.38,55.8,2594950
VGK,2019-12-04,56.13,56.33,56.09,56.3,2264813
VGK,2019-12-05,56.44,56.45,56.19,56.31,2737765
VGK,2019-12-06,56.7,56.76,56.6,56.76,1892564
VGK,2019-12-09,56.65,56.76,56.51,56.51,1339876
VGK,2019-12-10,56.47,56.67,56.35,56.56,2238348
VGK,2019-12-11,56.54,56.9,56.53,56.86,1846665
VGK,2019-12-12,56.91,57.33,56.86,57.3,3239024
VGK,2019-12-13,57.87,58.22,57.68,57.89,5423240
VGK,2019-12-16,58.65,58.74,58.56,58.64,3107133
VGK,2019-12-17,58.3,58.35,58.21,58.22,3587296
VGK,2019-12-18,58.16,58.21,58.02,58.11,3522084
VGK,2019-12-19,58.05,58.18,57.97,58.18,1655125
VGK,2019-12-20,58.31,58.38,58.23,58.24,1915198
VGK,2019-12-23,58.06,58.13,58.03,58.12,1694420
VGK,2019-12-24,58.15,58.16,58.03,58.09,955992
VGK,2019-12-26,58.23,58.4,58.18,58.38,1275040
VGK,2019-12-27,58.74,58.77,58.58,58.65,1820642
VGK,2019-12-30,58.67,58.7,58.18,58.19,3267198
VGK,2019-12-31,58.29,58.6,58.1,58.6,2307470
VGK,2020-01-02,58.91,59.09,58.8,59.09,2914366
VGK,2020-01-03,58.3,58.67,58.28,58.35,3169628
VGK,2020-01-06,58.19,58.58,58.19,58.57,2514710
VGK,2020-01-07,58.42,58.42,58.22,58.28,3094632
VGK,2020-01-08,58.17,58.59,58.17,58.43,5357089
VGK,2020-01-09,58.48,58.5,58.32,58.49,2302042
VGK,2020-01-10,58.42,58.5,58.13,58.21,3987626
VGK,2020-01-13,58.25,58.5,58.15,58.5,3164989
VGK,2020-01-14,58.33,58.6,58.31,58.54,3045438
VGK,2020-01-15,58.54,58.66,58.45,58.56,1671240
VGK,2020-01-16,58.65,58.84,58.56,58.84,1910759
VGK,2020-01-17,59.06,59.07,58.91,59.07,1521731
VGK,2020-01-21,58.86,58.88,58.64,58.64,2248582
VGK,2020-01-22,58.82,58.83,58.64,58.7,2705929
VGK,2020-01-23,58.37,58.52,58.06,58.46,8708443
VGK,2020-01-24,58.74,58.74,58.17,58.25,3077634
VGK,2020-01-27,57.17,57.35,57.05,57.05,2486846
VGK,2020-01-28,57.28,57.66,57.23,57.64,2788907
VGK,2020-01-29,57.73,57.88,57.58,57.71,1539365
VGK,2020-01-30,57.25,57.71,57.18,57.68,3462389
VGK,2020-01-31,57.23,57.26,56.61,56.79,4368322
VGK,2020-02-03,56.79,57.09,56.78,56.81,1934692
VGK,2020-02-04,57.68,57.82,57.64,57.76,2042090
VGK,2020-02-05,58.31,58.42,58.18,58.33,4459314
VGK,2020-02-06,58.4,58.47,58.32,58.43,1573306
VGK,2020-02-07,58.07,58.14,57.86,57.87,2571178
VGK,2020-02-10,57.85,58.09,57.83,58.05,3260194
VGK,2020-02-11,58.39,58.58,58.37,58.48,5291873
VGK,2020-02-12,58.79,58.84,58.64,58.84,3940091
VGK,2020-02-13,58.35,58.58,58.2,58.45,1975924
VGK,2020-02-14,58.53,58.56,58.31,58.46,1466091
VGK,2020-02-18,58.14,58.31,58.11,58.21,1647889
VGK,2020-02-19,58.45,58.59,58.41,58.59,4386958
VGK,2020-02-20,58.4,58.56,57.99,58.24,2763626
VGK,2020-02-21,58.14,58.2,57.92,58.05,2696581
VGK,2020-02-24,55.53,56.0,55.5,55.55,3954500
VGK,2020-02-25,55.6,55.62,54.26,54.29,6388263
VGK,2020-02-26,54.74,55.15,54.28,54.34,7013102
VGK,2020-02-27,53.49,54.08,52.63,52.65,11984052
VGK,2020-02-28,51.45,52.34,50.96,52.27,15148924
VGK,2020-03-02,52.44,53.17,51.87,53.14,12662586
VGK,2020-03-03,53.77,54.3,52.34,52.69,8903233
VGK,2020-03-04,53.77,54.58,53.31,54.51,10401276
VGK,2020-03-05,53.09,53.41,52.48,52.67,8064884
VGK,2020-03-06,51.81,52.28,51.39,51.95,7244688
VGK,2020-03-09,48.63,49.39,47.34,47.47,11495911
VGK,2020-03-10,49.24,49.4,47.41,49.15,15156378
VGK,2020-03-11,47.75,47.91,45.9,46.33,14095037
VGK,2020-03-12,42.76,42.86,40.43,41.08,10229306
VGK,2020-03-13,43.74,43.79,40.78,43.64,8254543
VGK,2020-03-16,37.68,39.97,37.16,38.5,8679453
VGK,2020-03-17,38.64,40.17,38.02,40.11,8526239
VGK,2020-03-18,37.46,38.36,36.29,37.15,11841406
VGK,2020-03-19,37.13,38.84,36.92,38.06,10569623
VGK,2020-03-20,39.11,39.6,37.5,37.54,8036569
VGK,2020-03-23,37.68,38.11,36.93,37.1,10421587
VGK,2020-03-24,39.84,40.71,39.34,40.46,12409128
VGK,2020-03-25,41.08,42.7,40.36,41.99,9360016
VGK,2020-03-26,42.11,44.13,42.1,44.05,7000613
VGK,2020-03-27,42.1,43.35,41.72,42.59,9933277
VGK,2020-03-30,42.44,43.33,42.23,43.3,7179972
VGK,2020-03-31,43.05,43.68,42.74,43.28,7176313
VGK,2020-04-01,42.02,42.4,41.34,41.38,6718789
VGK,2020-04-02,41.39,42.46,41.36,42.17,7903785
VGK,2020-04-03,41.59,41.68,40.96,41.29,5113139
VGK,2020-04-06,42.69,43.48,42.54,43.33,8061229
VGK,2020-04-07,44.69,44.76,43.5,43.59,7931075
VGK,2020-04-08,43.9,44.36,43.55,44.25,4782505
VGK,2020-04-09,44.93,45.51,44.71,45.36,5998272
VGK,2020-04-13,45.12,45.34,44.38,44.74,6479237
VGK,2020-04-14,45.38,45.79,45.29,45.5,5336774
VGK,2020-04-15,43.9,44.03,43.53,43.64,5627941
VGK,2020-04-16,43.98,44.06,43.3,43.77,6203758
VGK,2020-04-17,45.05,45.33,44.68,45.25,4587039
VGK,2020-04-20,44.7,45.35,44.6,44.6,5881816
VGK,2020-04-21,43.88,44.32,43.56,43.69,5439230
VGK,2020-04-22,44.4,44.44,44.16,44.39,3842716
VGK,2020-04-23,44.42,45.09,43.98,44.12,4963270
VGK,2020-04-24,44.51,44.76,44.14,44.74,3494153
VGK,2020-04-27,44.92,45.41,44.88,45.33,3679633
VGK,2020-04-28,46.21,46.23,45.55,45.55,4794520
VGK,2020-04-29,46.58,47.08,46.51,46.93,4234876
VGK,2020-04-30,46.31,46.5,45.83,46.07,5592211
VGK,2020-05-01,45.43,45.6,44.96,45.11,4479058
VGK,2020-05-04,44.79,45.09,44.57,45.09,4769069
VGK,2020-05-05,45.21,45.41,44.89,44.93,6151242
VGK,2020-05-06,45.29,45.33,44.64,44.64,5120077
VGK,2020-05-07,45.32,45.64,45.14,45.42,4129716
VGK,2020-05-08,45.94,46.21,45.9,46.19,3816638
VGK,2020-05-11,45.67,46.06,45.58,45.94,2658252
VGK,2020-05-12,46.14,46.2,45.36,45.36,5095837
VGK,2020-05-13,45.48,45.51,44.54,44.79,7634422
VGK,2020-05-14,43.69,44.44,43.39,44.39,7469907
VGK,2020-05-15,44.28,44.61,44.1,44.47,3811407
VGK,2020-05-18,45.68,46.62,45.67,46.48,4858036
VGK,2020-05-19,46.18,46.39,45.79,45.79,5113931
VGK,2020-05-20,46.73,47.06,46.58,46.86,4976062
VGK,2020-05-21,46.88,47.01,46.31,46.44,5407167
VGK,2020-05-22,46.21,46.42,46.02,46.38,3351233
VGK,2020-05-26,47.73,47.92,47.58,47.63,4610306
VGK,2020-05-27,48.18,48.27,47.66,48.21,4173870
VGK,2020-05-28,48.78,49.26,48.67,48.71,3821125
VGK,2020-05-29,48.83,48.9,48.25,48.76,6915771
VGK,2020-06-01,49.11,49.86,49.04,49.86,4142654
VGK,2020-06-02,50.17,50.42,50.06,50.41,5342032
VGK,2020-06-03,51.17,52.01,51.12,51.81,7440992
VGK,2020-06-04,51.53,52.06,51.46,51.8,6703108
VGK,2020-06-05,52.9,53.16,52.57,52.73,8209080
VGK,2020-06-08,52.99,53.37,52.67,53.37,5874064
VGK,2020-06-09,52.21,52.65,52.12,52.42,7305707
VGK,2020-06-10,52.57,52.76,52.03,52.19,4709511
VGK,2020-06-11,50.76,50.92,49.03,49.13,7460447
VGK,2020-06-12,50.61,50.73,49.25,50.06,6207740
VGK,2020-06-15,49.25,50.66,49.1,50.54,5123816
VGK,2020-06-16,51.47,51.6,50.48,51.09,6626963
VGK,2020-06-17,51.5,51.57,51.08,51.25,3236105
VGK,2020-06-18,50.79,51.1,50.68,50.88,3425126
VGK,2020-06-19,51.5,51.6,50.5,50.61,3475062
VGK,2020-06-22,50.66,51.04,50.46,50.98,3313132
VGK,2020-06-23,51.62,51.71,51.23,51.29,7336562
VGK,2020-06-24,50.65,50.74,49.71,49.85,4546674
VGK,2020-06-25,49.92,50.69,49.63,50.63,3866308
VGK,2020-06-26,50.54,50.54,49.7,49.78,4888633
VGK,2020-06-29,50.2,50.45,49.91,50.35,3752984
VGK,2020-06-30,49.97,50.56,49.83,50.33,5764985
VGK,2020-07-01,50.37,50.82,50.31,50.71,5077807
VGK,2020-07-02,51.36,51.61,51.09,51.19,2989845
VGK,2020-07-06,52.0,52.19,51.82,52.1,3712744
VGK,2020-07-07,51.68,51.83,51.28,51.3,2276225
VGK,2020-07-08,51.47,51.96,51.38,51.96,3924902
VGK,2020-07-09,51.89,51.9,50.84,51.21,5108200
VGK,2020-07-10,51.38,51.73,51.2,51.7,4658102
VGK,2020-07-13,52.08,52.4,51.29,51.4,4157802
VGK,2020-07-14,51.54,52.36,51.48,52.26,4580019
VGK,2020-07-15,53.05,53.22,52.66,52.88,5095833
VGK,2020-07-16,52.69,52.92,52.57,52.71,5308150
VGK,2020-07-17,52.85,53.07,52.71,53.03,2621444
VGK,2020-07-20,53.22,53.49,53.01,53.46,2509717
VGK,2020-07-21,53.74,53.89,53.5,53.59,4037789
VGK,2020-07-22,53.69,53.958,53.64,53.92,2109298
VGK,2020-07-23,53.75,53.93,53.275,53.41,5786753
VGK,2020-07-24,53.01,53.19,52.875,53.02,3806381
VGK,2020-07-27,53.42,53.73,53.34,53.62,3893109
VGK,2020-07-28,53.4,53.69,53.29,53.35,4612330
VGK,2020-07-29,53.73,54.13,53.6,54.05,3020416
VGK,2020-07-30,52.72,53.32,52.22,53.3,6376690
VGK,2020-07-31,53.19,53.21,51.81,52.17,6261102
VGK,2020-08-03,52.76,53.21,52.61,53.2,4431343
VGK,2020-08-04,52.8,53.385,52.73,53.38,2401434
VGK,2020-08-05,53.91,54.07,53.645,53.72,6065105
VGK,2020-08-06,53.48,53.85,53.3,53.78,4297210
VGK,2020-08-07,53.2,53.525,53.12,53.51,2183106
VGK,2020-08-10,53.51,53.6,53.32,53.6,3947482
VGK,2020-08-11,54.44,54.52,53.73,53.81,6883390
VGK,2020-08-12,54.83,55.2,54.73,54.98,5596908
VGK,2020-08-13,54.98,55.115,54.55,54.72,2924603
VGK,2020-08-14,54.2,54.35,54.02,54.16,2595856
VGK,2020-08-17,54.55,54.68,54.53,54.64,1879379
VGK,2020-08-18,54.95,54.995,54.44,54.58,2089792
VGK,2020-08-19,54.87,54.92,54.26,54.33,2725495
VGK,2020-08-20,53.79,54.27,53.715,54.22,2709994
VGK,2020-08-21,53.35,53.825,53.3302,53.8,2747721
VGK,2020-08-24,54.72,54.72,54.35,54.6,2903447
VGK,2020-08-25,54.99,54.99,54.28,54.65,2951546
VGK,2020-08-26,54.71,55.14,54.64,55.14,3328991
VGK,2020-08-27,55.19,55.22,54.2613,54.49,4148652
VGK,2020-08-28,54.83,54.925,54.54,54.92,2518633
VGK,2020-08-31,54.79,54.98,54.38,54.42,4769900
VGK,2020-09-01,54.45,54.55,54.13,54.36,4064511
VGK,2020-09-02,54.77,55.22,54.565,55.18,6443939
VGK,2020-09-03,55.1,55.13,53.56,53.76,11263102
VGK,2020-09-04,54.07,54.2,52.885,53.99,9875477
VGK,2020-09-08,53.19,53.725,52.98,53.19,10943109
VGK,2020-09-09,54.26,54.69,54.19,54.46,6244808
VGK,2020-09-10,54.76,54.88,53.66,53.71,7060376
VGK,2020-09-11,54.34,54.5,53.89,54.19,6225785
VGK,2020-09-14,54.62,54.655,54.32,54.37,2558077
VGK,2020-09-15,55.0,55.02,54.62,54.76,2692214
VGK,2020-09-16,54.95,55.17,54.62,54.71,3053275
VGK,2020-09-17,54.41,54.895,54.38,54.82,4420044
VGK,2020-09-18,54.61,54.71,54.165,54.38,4906825
VGK,2020-09-21,52.53,52.53,51.781,52.39,7220126
VGK,2020-09-22,52.36,52.395,51.755,52.27,2865419
VGK,2020-09-23,52.46,52.48,51.47,51.51,3761349
VGK,2020-09-24,51.58,51.94,51.182,51.54,4777153
VGK,2020-09-25,50.99,51.725,50.84,51.69,3120085
VGK,2020-09-28,52.54,52.67,52.45,52.65,3013261
VGK,2020-09-29,52.65,52.86,52.38,52.6,1733844
VGK,2020-09-30,52.64,52.94,52.26,52.43,7166435
VGK,2020-10-01,52.84,52.905,52.5101,52.84,3023081
VGK,2020-10-02,52.21,52.98,52.21,52.82,3428486
VGK,2020-10-05,53.32,53.77,53.32,53.77,2314863
VGK,2020-10-06,53.83,53.84,52.935,53.03,3300424
VGK,2020-10-07,53.45,53.575,53.29,53.48,3665664
VGK,2020-10-08,53.77,53.98,53.73,53.98,3257511
VGK,2020-10-09,54.35,54.55,54.25,54.5,3301895
VGK,2020-10-12,54.67,54.9101,54.615,54.87,1725499
VGK,2020-10-13,54.24,54.24,53.87,54.0,2718253
VGK,2020-10-14,54.21,54.29,53.775,53.85,2791237
VGK,2020-10-15,52.6,53.095,52.56,53.02,4109570
VGK,2020-10-16,53.36,53.68,53.3111,53.41,2856026
VGK,2020-10-19,53.7,53.81,53.08,53.16,3826392
VGK,2020-10-20,53.79,53.9638,53.54,53.58,3657063
VGK,2020-10-21,53.31,53.56,53.0,53.0,3641232
VGK,2020-10-22,52.92,53.15,52.65,53.02,4426587
VGK,2020-10-23,53.49,53.52,53.105,53.51,2332273
VGK,2020-10-26,52.7,52.75,51.895,52.24,4145115
VGK,2020-10-27,52.07,52.11,51.5,51.57,4552153
VGK,2020-10-28,49.93,50.12,49.48,49.58,8905021
VGK,2020-10-29,49.48,49.96,49.17,49.75,7646097
VGK,2020-10-30,49.67,49.76,49.22,49.59,5614595
VGK,2020-11-02,50.17,50.355,49.895,50.3,5142167
VGK,2020-11-03,51.41,51.9999,51.38,51.79,4312112
VGK,2020-11-04,52.18,53.02,51.93,52.51,6751025
VGK,2020-11-05,53.74,53.94,53.45,53.79,6477747
VGK,2020-11-06,54.12,54.19,53.86,53.97,3976833
VGK,2020-11-09,56.52,56.58,55.49,55.55,9092925
VGK,2020-11-10,56.41,56.66,56.17,56.36,9802164
VGK,2020-11-11,56.71,56.89,56.58,56.85,4201228
VGK,2020-11-12,56.48,56.68,55.94,56.08,4682103
VGK,2020-11-13,56.57,56.985,56.55,56.96,5132161
VGK,2020-11-16,57.6,57.62,57.22,57.56,4408838
VGK,2020-11-17,57.42,57.67,57.21,57.55,2502696
VGK,2020-11-18,57.69,57.82,57.22,57.23,2174606
VGK,2020-11-19,57.22,57.65,57.06,57.63,4142083
VGK,2020-11-20,57.51,57.7,57.425,57.6,2612675
VGK,2020-11-23,57.82,57.865,57.265,57.54,2804064
VGK,2020-11-24,57.94,58.45,57.89,58.43,10023487
VGK,2020-11-25,58.17,58.54,58.085,58.44,3542367
VGK,2020-11-27,58.42,58.77,58.42,58.71,3776658
VGK,2020-11-30,58.9,58.93,57.71,57.72,4849004
VGK,2020-12-01,58.66,59.2,58.635,59.18,5103841
VGK,2020-12-02,58.88,59.245,58.82,59.13,5590880
VGK,2020-12-03,59.4,59.6,59.18,59.31,4135134
VGK,2020-12-04,59.81,59.97,59.685,59.84,3782273
VGK,2020-12-07,59.54,59.708,59.39,59.49,3558916
VGK,2020-12-08,59.33,59.72,59.32,59.7,2520361
VGK,2020-12-09,60.0,60.005,59.295,59.67,5513594
VGK,2020-12-10,59.2,59.795,59.2,59.61,3381449
VGK,2020-12-11,59.07,59.29,58.85,59.21,2546141
VGK,2020-12-14,59.69,59.735,59.23,59.28,1835827
VGK,2020-12-15,59.63,60.09,59.47,60.09,2921184
VGK,2020-12-16,60.26,60.48,60.03,60.38,2419730
VGK,2020-12-17,60.93,61.09,60.8,60.88,2922457
VGK,2020-12-18,60.83,60.84,60.47,60.56,3759255
VGK,2020-12-21,58.45,59.5,58.225,59.36,5711516
VGK,2020-12-22,59.25,59.3329,59.07,59.25,2685491
VGK,2020-12-23,59.88,60.105,59.79,60.04,2826309
VGK,2020-12-24,60.16,60.23,59.9525,60.19,1453284
VGK,2020-12-28,60.78,60.87,60.505,60.6,1878380
VGK,2020-12-29,61.34,61.4,60.87,61.04,2058369
VGK,2020-12-30,61.25,61.39,60.91,60.96,2492138
VGK,2020-12-31,60.78,60.78,60.08,60.24,5125037
VGK,2021-01-04,61.84,61.935,60.67,61.02,4267853
VGK,2021-01-05,61.09,61.71,61.035,61.57,2866075
VGK,2021-01-06,61.91,62.665,61.83,62.3,4947356
VGK,2021-01-07,62.36,62.56,62.26,62.49,2262401
VGK,2021-01-08,62.76,62.825,62.16,62.78,5066223
VGK,2021-01-11,61.46,61.958,61.46,61.79,2565932
VGK,2021-01-12,61.78,62.11,61.525,62.08,3308426
VGK,2021-01-13,61.93,62.09,61.725,61.89,1932161
VGK,2021-01-14,61.97,62.46,61.97,62.33,3024719
VGK,2021-01-15,61.55,61.65,60.965,61.25,2614447
VGK,2021-01-19,61.83,61.84,61.5,61.8,3024355
VGK,2021-01-20,61.97,62.2,61.805,62.19,2569015
VGK,2021-01-21,62.37,62.43,61.99,62.42,2049819
VGK,2021-01-22,61.83,62.13,61.79,61.97,3250382
VGK,2021-01-25,61.33,61.6,60.93,61.57,2403455
VGK,2021-01-26,61.84,61.91,61.585,61.82,2422093
VGK,2021-01-27,60.48,61.02,59.96,60.35,6400901
VGK,2021-01-28,60.78,61.235,60.71,60.87,6171441
VGK,2021-01-29,60.31,60.44,59.405,59.7,11894427
VGK,2021-02-01,60.52,60.56,60.21,60.48,3099982
VGK,2021-02-02,60.86,61.15,60.66,61.12,3365760
VGK,2021-02-03,61.1,61.25,60.86,61.18,4393622
VGK,2021-02-04,60.98,61.24,60.95,61.23,2177909
VGK,2021-02-05,61.5,61.66,61.25,61.63,1999671
VGK,2021-02-08,61.9,62.02,61.61,61.8,2137507
VGK,2021-02-09,61.9,62.22,61.81,62.16,3405681
VGK,2021-02-10,62.34,62.41,61.65,61.88,2546911
VGK,2021-02-11,62.24,62.37,62.017,62.37,2231890
VGK,2021-02-12,62.19,62.75,62.17,62.75,1430316
VGK,2021-02-16,63.34,63.51,63.1801,63.35,2589290
VGK,2021-02-17,62.7,62.785,62.375,62.69,4748457
VGK,2021-02-18,62.42,62.525,62.02,62.51,3069764
VGK,2021-02-19,62.8,62.975,62.53,62.64,2337542
VGK,2021-02-22,62.53,62.8677,62.45,62.45,2887996
VGK,2021-02-23,62.31,62.605,61.69,62.48,3315743
VGK,2021-02-24,62.41,63.03,62.215,62.99,2043483
VGK,2021-02-25,63.22,63.35,61.86,61.94,3938896
VGK,2021-02-26,61.94,61.94,61.11,61.24,6398681
VGK,2021-03-01,61.94,62.345,61.85,62.31,2794142
VGK,2021-03-02,62.46,62.685,62.32,62.52,2928709
VGK,2021-03-03,62.28,62.575,61.9599,62.1,5039654
VGK,2021-03-04,62.13,62.385,61.04,61.37,7215250
VGK,2021-03-05,61.81,61.84,60.895,61.8,4992837
VGK,2021-03-08,61.62,62.1756,61.4834,61.72,9379619
VGK,2021-03-09,62.57,62.8199,62.505,62.68,3657306
VGK,2021-03-10,63.05,63.15,62.75,63.1,3924673
VGK,2021-03-11,63.44,63.715,63.275,63.68,2608751
VGK,2021-03-12,63.09,63.655,63.03,63.64,3425888
VGK,2021-03-15,63.42,63.55,62.98,63.55,2433965
VGK,2021-03-16,63.68,63.725,63.53,63.63,5920652
VGK,2021-03-17,63.36,64.04,63.265,63.96,3384564
VGK,2021-03-18,63.52,63.91,63.13,63.17,2902818
VGK,2021-03-19,63.02,63.325,62.74,63.21,3666870
VGK,2021-03-22,62.98,63.295,62.94,63.16,2516632
VGK,2021-03-23,62.79,62.845,62.19,62.24,2292947
VGK,2021-03-24,62.26,62.552,62.095,62.13,2387988
VGK,2021-03-25,61.93,62.48,61.78,62.45,4515701
VGK,2021-03-26,62.68,63.28,62.665,63.28,2625134
VGK,2021-03-29,62.92,63.13,62.755,63.04,1983454
VGK,2021-03-30,62.87,63.145,62.81,63.1,2365367
VGK,2021-03-31,63.13,63.3,62.94,63.0,3351461
VGK,2021-04-01,63.49,64.1,63.445,64.01,3586619
VGK,2021-04-05,64.62,65.165,64.44,65.11,6392468
VGK,2021-04-06,64.42,64.565,64.315,64.52,3613074
VGK,2021-04-07,64.63,64.812,64.51,64.66,2879442
VGK,2021-04-08,64.98,65.195,64.82,65.11,2178612
VGK,2021-04-09,65.0,65.215,64.965,65.19,2241603
VGK,2021-04-12,64.95,65.01,64.75,64.89,3338858
VGK,2021-04-13,64.96,65.3,64.932,65.29,4977662
VGK,2021-04-14,65.34,65.52,65.21,65.32,2944126
VGK,2021-04-15,65.73,65.89,65.64,65.89,2597405
VGK,2021-04-16,66.23,66.67,66.17,66.67,5662813
VGK,2021-04-19,66.8,66.82,66.48,66.71,4206638
VGK,2021-04-20,66.01,66.03,65.36,65.54,5277098
VGK,2021-04-21,65.33,66.16,65.27,66.14,4832267
VGK,2021-04-22,66.22,66.28,65.75,65.91,4450135
VGK,2021-04-23,66.07,66.695,66.065,66.56,1899400
VGK,2021-04-26,66.69,66.81,66.63,66.76,2884756
VGK,2021-04-27,66.58,66.81,66.49,66.78,2536990
VGK,2021-04-28,66.66,67.08,66.581,66.99,2734733
VGK,2021-04-29,67.22,67.22,66.55,67.01,4739331
VGK,2021-04-30,66.59,66.675,65.803,66.01,4254647
VGK,2021-05-03,66.68,66.91,66.54,66.86,3442458
VGK,2021-05-04,65.99,66.13,65.35,65.74,5657621
VGK,2021-05-05,66.43,66.72,66.43,66.69,5978900
VGK,2021-05-06,66.72,67.19,66.48,67.19,4953821
VGK,2021-05-07,67.43,68.21,67.36,68.21,4495422
VGK,2021-05-10,68.23,68.24,67.62,67.69,4630757
VGK,2021-05-11,66.53,67.015,66.46,66.91,7869226
VGK,2021-05-12,66.57,66.95,66.02,66.16,9702349
VGK,2021-05-13,66.24,66.83,66.22,66.7,10573166
VGK,2021-05-14,67.34,67.98,67.3,67.93,6572322
VGK,2021-05-17,67.65,67.93,67.59,67.9,6614449
VGK,2021-05-18,68.27,68.3,67.94,67.96,4379978
VGK,2021-05-19,66.95,67.535,66.645,67.22,7917128
VGK,2021-05-20,67.7,68.335,67.63,68.26,5567185
VGK,2021-05-21,68.37,68.415,68.06,68.3,4322281
VGK,2021-05-24,68.47,68.82,68.39,68.74,3251369
VGK,2021-05-25,68.95,69.01,68.645,68.77,6489818
VGK,2021-05-26,68.58,68.73,68.46,68.57,4656362
VGK,2021-05-27,68.75,68.88,68.54,68.78,5302607
VGK,2021-05-28,68.9,69.16,68.835,68.95,3571132
VGK,2021-06-01,69.75,69.78,69.4,69.48,5048796
VGK,2021-06-02,69.35,69.645,69.2961,69.58,3680278
VGK,2021-06-03,69.1,69.15,68.89,69.09,5494791
VGK,2021-06-04,69.51,69.66,69.4,69.66,2514012
VGK,2021-06-07,69.85,70.0,69.78,69.98,3067922
VGK,2021-06-08,70.06,70.06,69.82,69.97,3317739
VGK,2021-06-09,70.02,70.06,69.82,69.85,8211215
VGK,2021-06-10,69.8,70.07,69.75,69.94,4575737
VGK,2021-06-11,70.08,70.17,69.8829,70.17,3073097
VGK,2021-06-14,70.16,70.35,70.09,70.35,2251599
VGK,2021-06-15,70.32,70.375,70.17,70.36,3540972
VGK,2021-06-16,70.33,70.41,69.505,69.67,3833868
VGK,2021-06-17,69.16,69.29,68.71,69.03,4311212
VGK,2021-06-18,67.89,68.04,67.53,67.68,5536727
VGK,2021-06-21,67.33,67.968,67.24,67.94,6216453
VGK,2021-06-22,67.7,68.11,67.545,67.96,3562889
VGK,2021-06-23,68.03,68.04,67.455,67.54,2801731
VGK,2021-06-24,68.08,68.24,68.02,68.19,4762854
VGK,2021-06-25,68.31,68.35,68.19,68.33,2154631
VGK,2021-06-28,68.09,68.11,67.7,67.8,3517446
VGK,2021-06-29,67.95,67.99,67.7301,67.84,1489200
VGK,2021-06-30,67.25,67.48,67.01,67.26,4218097
VGK,2021-07-01,67.5,67.67,67.335,67.66,3642029
VGK,2021-07-02,67.64,67.85,67.42,67.85,3548958
VGK,2021-07-06,67.91,67.92,67.155,67.42,5282802
VGK,2021-07-07,67.68,67.91,67.425,67.84,3919466
VGK,2021-07-08,66.83,67.095,66.555,66.97,5420578
VGK,2021-07-09,67.46,68.03,67.45,68.03,4268539
VGK,2021-07-12,68.04,68.38,67.9863,68.36,4805284
VGK,2021-07-13,68.02,68.145,67.825,67.93,2837124
VGK,2021-07-14,68.11,68.14,67.89,68.04,4385059
VGK,2021-07-15,67.38,67.545,67.06,67.31,5423223
VGK,2021-07-16,67.34,67.34,66.76,66.86,4423173
VGK,2021-07-19,65.57,65.7,65.195,65.5,11705874
VGK,2021-07-20,65.2,66.0,65.105,65.89,9533809
VGK,2021-07-21,66.6,67.18,66.55,67.15,4141382
VGK,2021-07-22,67.5,67.51,67.03,67.26,3968551
VGK,2021-07-23,67.83,67.98,67.67,67.84,2349840
VGK,2021-07-26,67.87,68.12,67.87,68.1,3570212
VGK,2021-07-27,67.86,67.9981,67.58,67.95,5927503
VGK,2021-07-28,67.9,68.371,67.85,68.3,2726595
VGK,2021-07-29,68.92,69.0,68.79,68.83,2360768
VGK,2021-07-30,68.71,68.825,68.36,68.51,3135351
VGK,2021-08-02,68.97,69.11,68.73,68.83,5596943
VGK,2021-08-03,69.18,69.3674,68.92,69.33,2937527
VGK,2021-08-04,69.53,69.67,69.245,69.27,2910214
VGK,2021-08-05,69.57,69.71,69.55,69.63,2083371
VGK,2021-08-06,69.43,69.49,69.1731,69.25,3748781
VGK,2021-08-09,69.31,69.31,69.16,69.2,2648958
VGK,2021-08-10,69.31,69.39,69.235,69.39,9450341
VGK,2021-08-11,69.66,69.87,69.605,69.87,3350194
VGK,2021-08-12,69.83,69.89,69.6926,69.85,1631733
VGK,2021-08-13,70.1,70.39,70.07,70.38,2056367
VGK,2021-08-16,69.86,70.02,69.61,70.0,3200323
VGK,2021-08-17,69.54,69.65,69.105,69.44,4610336
VGK,2021-08-18,69.49,69.77,69.23,69.25,2306503
VGK,2021-08-19,68.32,68.67,68.225,68.44,5942586
VGK,2021-08-20,68.31,68.85,68.275,68.83,2446649
VGK,2021-08-23,69.15,69.51,69.13,69.43,2786906
VGK,2021-08-24,69.25,69.53,69.175,69.48,3253948
VGK,2021-08-25,69.45,69.61,69.325,69.57,3000093
VGK,2021-08-26,69.36,69.4461,69.105,69.16,2872606
VGK,2021-08-27,69.28,69.98,69.25,69.94,2228912
VGK,2021-08-30,69.9,70.04,69.785,69.94,2437615
VGK,2021-08-31,69.92,69.95,69.55,69.75,4782876
VGK,2021-09-01,70.2,70.465,70.13,70.24,3887828
VGK,2021-09-02,70.55,70.7,70.47,70.6,2763984
VGK,2021-09-03,70.26,70.48,70.125,70.35,5158658
VGK,2021-09-07,70.37,70.45,70.05,70.08,4221770
VGK,2021-09-08,69.6,69.71,69.225,69.35,2703460
VGK,2021-09-09,69.27,69.55,69.1,69.14,3455999
VGK,2021-09-10,69.56,69.59,68.915,68.94,3980991
VGK,2021-09-13,69.5,69.5,69.095,69.34,4531427
VGK,2021-09-14,69.6,69.63,69.09,69.16,5829251
VGK,2021-09-15,69.05,69.17,68.7682,69.17,4234827
VGK,2021-09-16,68.94,69.17,68.74,69.14,5521502
VGK,2021-09-17,68.84,68.92,67.83,68.04,6183543
VGK,2021-09-20,66.14,66.54,65.7738,66.33,6666762
VGK,2021-09-21,67.21,67.38,66.93,67.02,8083884
VGK,2021-09-22,67.65,68.24,67.605,67.66,6919544
VGK,2021-09-23,68.39,68.69,68.36,68.57,5910196
VGK,2021-09-24,67.77,67.97,67.67,67.76,5350156
VGK,2021-09-27,67.56,67.765,67.44,67.66,3050011
VGK,2021-09-28,66.53,66.57,65.845,66.07,8517214
VGK,2021-09-29,66.23,66.25,65.77,65.84,6363448
VGK,2021-09-30,65.98,66.085,65.46,65.61,8538675
VGK,2021-10-01,65.89,66.175,65.45,66.02,9819938
VGK,2021-10-04,65.99,66.11,65.41,65.68,8994143
VGK,2021-10-05,65.69,66.255,65.605,66.0,6579894
VGK,2021-10-06,64.98,65.6,64.83,65.57,8279169
VGK,2021-10-07,65.88,66.31,65.87,66.06,4047147
VGK,2021-10-08,66.28,66.3,65.975,66.1,3056615
VGK,2021-10-11,65.95,66.235,65.71,65.71,2920384
VGK,2021-10-12,66.0,66.15,65.795,65.97,13667748
VGK,2021-10-13,66.51,66.99,66.43,66.95,5868300
VGK,2021-10-14,67.56,67.72,67.44,67.69,6926240
VGK,2021-10-15,67.96,68.2,67.9,68.2,3172640
VGK,2021-10-18,67.71,67.93,67.6,67.89,3251748
VGK,2021-10-19,68.09,68.32,68.09,68.27,2154243
VGK,2021-10-20,68.36,68.59,68.23,68.55,3713881
VGK,2021-10-21,68.37,68.55,68.34,68.54,6218572
VGK,2021-10-22,68.75,68.975,68.545,68.87,5900170
VGK,2021-10-25,68.63,68.6963,68.44,68.62,3510619
VGK,2021-10-26,69.02,69.06,68.72,68.88,3840209
VGK,2021-10-27,68.94,69.01,68.64,68.66,3347911
VGK,2021-10-28,68.99,69.4555,68.95,69.42,3357857
VGK,2021-10-29,68.84,68.94,68.61,68.91,5302775
VGK,2021-11-01,69.2,69.54,69.05,69.52,3150018
VGK,2021-11-02,69.34,69.455,69.275,69.35,3671754
VGK,2021-11-03,69.4,70.08,69.295,70.02,5794265
VGK,2021-11-04,69.79,69.81,69.5512,69.8,4779016
VGK,2021-11-05,69.82,69.93,69.6,69.93,4593119
VGK,2021-11-08,70.05,70.18,69.9,70.02,2207383
VGK,2021-11-09,70.2,70.225,69.765,69.94,9120391
VGK,2021-11-10,69.74,69.83,69.05,69.13,3935775
VGK,2021-11-11,69.4,69.535,69.305,69.38,2433285
VGK,2021-11-12,69.47,69.63,69.37,69.56,4029826
VGK,2021-11-15,69.71,69.72,69.27,69.33,3059110
VGK,2021-11-16,69.34,69.4295,69.15,69.18,4766377
VGK,2021-11-17,69.24,69.34,69.14,69.27,5383646
VGK,2021-11-18,69.24,69.36,69.005,69.34,3331420
VGK,2021-11-19,68.74,68.77,68.38,68.42,3242434
VGK,2021-11-22,68.24,68.465,67.87,67.87,5332182
VGK,2021-11-23,67.61,67.87,67.255,67.63,5221457
VGK,2021-11-24,66.6,67.225,66.6,67.2,6095144
VGK,2021-11-26,66.06,66.16,65.36,65.56,7161392
VGK,2021-11-29,66.19,66.2,65.67,66.02,5549764
VGK,2021-11-30,66.03,66.3,64.92,65.54,10630285
VGK,2021-12-01,66.39,66.78,65.16,65.16,12901528
VGK,2021-12-02,65.63,66.1,65.535,65.91,10762746
VGK,2021-12-03,66.02,66.06,64.975,65.41,17205576
VGK,2021-12-06,65.98,66.25,65.7,66.17,8496821
VGK,2021-12-07,67.02,67.55,66.98,67.51,7472922
VGK,2021-12-08,67.75,67.82,67.48,67.74,7459004
VGK,2021-12-09,67.36,67.379,67.04,67.11,9676816
VGK,2021-12-10,67.19,67.33,66.999,67.27,3702041
VGK,2021-12-13,67.08,67.1243,66.515,66.56,5786867
VGK,2021-12-14,66.31,66.56,65.85,66.14,12789206
VGK,2021-12-15,66.26,67.02,65.97,67.02,7282887
VGK,2021-12-16,67.39,67.475,66.82,67.1,8827535
VGK,2021-12-17,66.58,66.76,66.12,66.12,7594119
VGK,2021-12-20,65.16,65.515,65.045,65.51,9406049
VGK,2021-12-21,65.85,66.35,65.795,66.35,5400643
VGK,2021-12-22,66.41,67.19,66.35,67.17,4215893
VGK,2021-12-23,67.29,67.745,67.21,67.63,5598916
VGK,2021-12-27,67.81,68.37,67.62,68.37,4488708
VGK,2021-12-28,68.43,68.595,68.35,68.4,5833824
VGK,2021-12-29,68.39,68.58,68.28,68.51,4771654
VGK,2021-12-30,68.46,68.6,68.21,68.24,3887704
VGK,2021-12-31,68.35,68.58,68.17,68.24,4823499
VGK,2022-01-03,68.77,68.89,68.48,68.89,6593322
VGK,2022-01-04,69.11,69.25,68.785,68.98,4551007
VGK,2022-01-05,69.25,69.375,68.36,68.36,7177771
VGK,2022-01-06,68.22,68.47,67.94,68.11,8120210
VGK,2022-01-07,68.13,68.55,67.965,68.45,4590799
VGK,2022-01-10,67.38,67.58,66.96,67.52,8797037
VGK,2022-01-11,67.67,68.36,67.476,68.36,5606680
VGK,2022-01-12,68.71,69.015,68.65,68.99,8703497
VGK,2022-01-13,69.23,69.26,68.415,68.48,9380462
VGK,2022-01-14,68.2,68.53,67.9,68.29,6828276
VGK,2022-01-18,67.57,67.74,67.16,67.31,8382516
VGK,2022-01-19,67.87,68.04,67.445,67.5,6688361
VGK,2022-01-20,67.68,67.98,66.97,67.0,9376709
VGK,2022-01-21,66.65,66.725,66.0,66.02,14300430
VGK,2022-01-24,64.32,65.06,63.15,65.0,14686144
VGK,2022-01-25,64.2,65.0,63.675,64.54,19469739
VGK,2022-01-26,65.6,65.8,64.275,64.69,14062383
VGK,2022-01-27,65.01,65.34,64.37,64.59,11440917
VGK,2022-01-28,64.23,64.83,63.8499,64.78,9946639
VGK,2022-01-31,64.8,65.845,64.79,65.8,9529212
VGK,2022-02-01,66.38,66.6,65.905,66.6,6205658
VGK,2022-02-02,67.05,67.075,66.645,66.99,6718305
VGK,2022-02-03,66.4,66.59,65.965,66.06,6748094
VGK,2022-02-04,65.61,66.205,65.42,65.89,8311635
VGK,2022-02-07,65.81,66.23,65.7698,65.93,5320854
VGK,2022-02-08,65.76,66.22,65.55,66.16,4975729
VGK,2022-02-09,67.15,67.29,67.01,67.28,8537153
VGK,2022-02-10,66.33,67.375,66.29,66.42,9549385
VGK,2022-02-11,66.37,66.62,64.97,65.18,13575752
VGK,2022-02-14,64.68,64.83,64.06,64.54,12166208
VGK,2022-02-15,65.55,66.03,65.47,66.03,6859126
VGK,2022-02-16,65.71,66.4,65.69,66.25,6423679
VGK,2022-02-17,65.66,65.72,65.025,65.09,7022571
VGK,2022-02-18,65.09,65.235,64.5,64.71,6939720
VGK,2022-02-22,63.79,64.2772,63.21,63.7,8216415
VGK,2022-02-23,64.5,64.56,63.09,63.21,11363588
VGK,2022-02-24,60.25,62.18,60.2,61.97,16181099
VGK,2022-02-25,62.78,63.85,62.67,63.84,9560143
VGK,2022-02-28,62.34,63.315,62.0,62.32,10641772
VGK,2022-03-01,62.04,62.21,60.26,60.67,8362171
VGK,2022-03-02,61.2,61.84,60.99,61.61,8307417
VGK,2022-03-03,61.19,61.24,59.66,59.84,12665989
VGK,2022-03-04,57.85,57.89,56.71,57.31,18052316
VGK,2022-03-07,57.17,57.36,55.11,55.42,19320961
VGK,2022-03-08,56.54,58.005,55.715,56.73,21425067
VGK,2022-03-09,58.67,60.27,58.52,59.76,17404906
VGK,2022-03-10,58.61,59.04,58.17,58.43,9153138
VGK,2022-03-11,59.35,59.39,57.965,58.07,9182349
VGK,2022-03-14,59.33,59.83,58.93,59.1,10943222
VGK,2022-03-15,59.28,59.625,58.9,59.54,6873911
VGK,2022-03-16,60.82,61.88,60.34,61.88,10057750
VGK,2022-03-17,61.42,62.48,61.32,62.28,6653052
VGK,2022-03-18,61.47,62.83,61.36,62.79,6537631
VGK,2022-03-21,62.36,62.44,61.73,62.03,6253133
VGK,2022-03-22,62.56,62.91,62.5,62.85,4751619
VGK,2022-03-23,61.78,62.07,61.63,61.68,5415356
VGK,2022-03-24,61.78,62.07,61.555,62.04,8510987
VGK,2022-03-25,62.15,62.25,61.65,62.08,9499521
VGK,2022-03-28,61.96,62.265,61.645,62.22,8527187
VGK,2022-03-29,63.86,64.06,63.1739,63.8,9605856
VGK,2022-03-30,63.51,63.79,63.32,63.53,15299470
VGK,2022-03-31,63.01,63.25,62.26,62.28,10511377
VGK,2022-04-01,62.71,63.04,62.51,63.01,7395627
VGK,2022-04-04,62.81,63.18,62.74,63.05,4142648
VGK,2022-04-05,62.78,63.095,62.27,62.41,7155152
VGK,2022-04-06,61.64,62.04,61.26,61.71,12291938
VGK,2022-04-07,61.96,62.17,61.37,62.02,7335899
VGK,2022-04-08,61.76,62.305,61.67,62.08,6169801
VGK,2022-04-11,61.94,62.18,61.5,61.54,6110404
VGK,2022-04-12,61.75,61.84,60.9442,61.1,3852528
VGK,2022-04-13,61.08,61.83,61.01,61.82,5565312
VGK,2022-04-14,61.79,61.945,61.44,61.54,4765961
VGK,2022-04-18,61.33,61.81,61.2,61.31,2894785
VGK,2022-04-19,61.0,61.62,60.99,61.58,6514829
VGK,2022-04-20,62.11,62.3,61.9,62.09,4831054
VGK,2022-04-21,62.82,62.945,61.365,61.51,10830352
VGK,2022-04-22,61.5,61.5,60.52,60.56,7489232
VGK,2022-04-25,59.8,60.16,59.235,60.07,9337268
VGK,2022-04-26,59.53,59.585,58.09,58.1,10758902
VGK,2022-04-27,58.21,58.75,57.9042,58.37,8699233
VGK,2022-04-28,58.73,59.23,58.11,59.12,8687158
VGK,2022-04-29,59.23,59.585,58.37,58.39,9122149
VGK,2022-05-02,58.23,58.565,57.5,58.17,8764142
VGK,2022-05-03,58.6,58.83,58.37,58.64,7473655
VGK,2022-05-04,58.6,59.685,57.93,59.56,9086968
VGK,2022-05-05,58.64,58.68,57.13,57.61,9173103
VGK,2022-05-06,56.96,57.2,56.44,56.73,9357333
VGK,2022-05-09,55.7,55.78,54.86,55.02,9338207
VGK,2022-05-10,56.11,56.17,55.14,55.58,10120322
VGK,2022-05-11,55.74,56.61,55.215,55.27,13433338
VGK,2022-05-12,54.87,55.63,54.55,55.0,8841892
VGK,2022-05-13,55.84,56.69,55.83,56.6,6851089
VGK,2022-05-16,56.46,57.1,56.225,56.81,4006082
VGK,2022-05-17,58.0,58.21,57.65,58.17,6994112
VGK,2022-05-18,57.4,57.485,56.39,56.46,6588224
VGK,2022-05-19,56.21,57.38,56.2,57.05,7549301
VGK,2022-05-20,57.61,57.6363,56.53,57.29,6733676
VGK,2022-05-23,58.07,58.63,57.96,58.51,5069072
VGK,2022-05-24,58.38,58.675,58.09,58.5,4779345
VGK,2022-05-25,57.99,58.755,57.99,58.45,4050312
VGK,2022-05-26,58.71,59.37,58.652,59.24,4966727
VGK,2022-05-27,59.58,59.97,59.58,59.97,4498290
VGK,2022-05-31,59.87,60.18,59.59,59.8,6354560
VGK,2022-06-01,59.85,59.9,58.565,58.81,5864372
VGK,2022-06-02,59.44,60.27,59.18,60.27,4160220
VGK,2022-06-03,59.57,59.7,59.26,59.45,3740896
VGK,2022-06-06,60.17,60.29,59.585,59.74,5346973
VGK,2022-06-07,59.15,59.935,59.1,59.89,3012079
VGK,2022-06-08,59.33,59.525,58.964,59.03,3131251
VGK,2022-06-09,58.57,58.71,57.56,57.56,10687337
VGK,2022-06-10,56.32,56.36,55.8,56.01,5849721
VGK,2022-06-13,54.36,54.69,53.885,54.0,8454386
VGK,2022-06-14,53.89,54.08,52.85,53.32,8225906
VGK,2022-06-15,54.14,54.91,53.48,54.62,6864238
VGK,2022-06-16,53.13,53.675,52.9,53.21,7611519
VGK,2022-06-17,53.44,53.72,52.89,53.22,4620777
VGK,2022-06-21,53.24,53.35,52.945,53.03,6238693
VGK,2022-06-22,52.4,53.21,52.26,52.68,4542010
VGK,2022-06-23,52.32,52.4,51.78,52.36,7500328
VGK,2022-06-24,53.14,54.145,53.14,54.11,7042397
VGK,2022-06-27,54.04,54.38,53.847,53.97,5802014
VGK,2022-06-28,54.26,54.46,53.44,53.44,6457751
VGK,2022-06-29,53.54,53.61,53.11,53.13,6006790
VGK,2022-06-30,52.08,52.88,51.83,52.82,7365880
VGK,2022-07-01,52.1,52.86,51.805,52.86,5366142
VGK,2022-07-05,50.8,51.36,50.51,51.34,9499978
VGK,2022-07-06,51.22,51.565,50.96,51.45,8369629
VGK,2022-07-07,51.84,52.25,51.82,52.25,4221683
VGK,2022-07-08,52.1,52.49,51.84,52.29,2837786
VGK,2022-07-11,51.67,51.86,51.39,51.44,4006197
VGK,2022-07-12,51.34,51.91,51.3,51.41,5558615
VGK,2022-07-13,50.75,51.66,50.71,51.43,5849616
VGK,2022-07-14,50.12,50.62,49.75,50.58,5077095
VGK,2022-07-15,51.02,51.61,50.79,51.55,9178658
VGK,2022-07-18,52.37,52.6,51.76,51.86,7852267
VGK,2022-07-19,53.01,53.61,52.99,53.55,8370764
VGK,2022-07-20,53.27,53.42,52.64,52.92,6674021
VGK,2022-07-21,52.88,53.635,52.74,53.59,5097129
VGK,2022-07-22,53.71,54.08,53.13,53.35,4687746
VGK,2022-07-25,53.95,53.995,53.56,53.86,4667109
VGK,2022-07-26,53.3,53.39,52.96,52.99,4599036
VGK,2022-07-27,53.49,54.36,53.29,54.27,4680473
VGK,2022-07-28,54.12,54.655,53.74,54.57,3912555
VGK,2022-07-29,54.87,55.52,54.68,55.46,4903438
VGK,2022-08-01,55.33,55.65,55.11,55.37,2844287
VGK,2022-08-02,54.95,55.08,54.47,54.47,4301254
VGK,2022-08-03,54.95,55.11,54.585,55.03,6969081
VGK,2022-08-04,55.25,55.52,55.12,55.45,4352284
VGK,2022-08-05,54.55,55.02,54.52,54.89,3459782
VGK,2022-08-08,55.35,55.56,54.9448,55.09,3861710
VGK,2022-08-09,55.1,55.25,54.755,54.83,5213779
VGK,2022-08-10,56.02,56.33,55.79,56.1,3472344
VGK,2022-08-11,56.28,56.43,55.9,56.01,2680276
VGK,2022-08-12,55.95,56.34,55.78,56.34,3095474
VGK,2022-08-15,55.7043,55.85,55.57,55.77,3508367
VGK,2022-08-16,55.5,55.97,55.5,55.85,3490587
VGK,2022-08-17,55.24,55.595,54.98,55.28,4117024
VGK,2022-08-18,55.21,55.2258,54.86,55.01,3532256
VGK,2022-08-19,54.56,54.615,54.16,54.26,3397457
VGK,2022-08-22,53.44,53.46,52.925,53.01,3558236
VGK,2022-08-23,52.93,53.475,52.88,53.05,4392339
VGK,2022-08-24,52.86,53.35,52.77,53.16,2025540
VGK,2022-08-25,53.22,53.69,53.09,53.67,2431346
VGK,2022-08-26,53.72,53.76,52.04,52.07,5303426
VGK,2022-08-29,52.01,52.37,51.95,52.13,3807957
VGK,2022-08-30,52.48,52.52,51.62,51.77,3464451
VGK,2022-08-31,51.68,51.89,51.31,51.32,3643006
VGK,2022-09-01,50.41,50.54,49.87,50.5,4627106
VGK,2022-09-02,51.1,51.56,50.0,50.16,8363454
VGK,2022-09-06,50.74,50.96,50.21,50.42,6530590
VGK,2022-09-07,50.17,51.12,50.17,51.12,5406735
VGK,2022-09-08,50.25,51.0158,50.16,50.91,6971172
VGK,2022-09-09,52.04,52.41,52.03,52.41,5973272
VGK,2022-09-12,53.26,53.63,53.235,53.36,4046783
VGK,2022-09-13,52.36,52.68,51.41,51.44,5067111
VGK,2022-09-14,51.4,51.71,51.18,51.5,4069685
VGK,2022-09-15,51.09,51.54,50.91,51.0,3047841
VGK,2022-09-16,50.4,50.78,50.235,50.59,5267828
VGK,2022-09-19,49.67,50.505,49.67,50.48,4282370
VGK,2022-09-20,49.56,49.685,49.02,49.35,4514445
VGK,2022-09-21,49.41,49.85,48.72,48.72,5044810
VGK,2022-09-22,48.8,48.89,48.17,48.44,4867238
VGK,2022-09-23,47.13,47.13,46.17,46.51,7507089
VGK,2022-09-26,46.06,46.53,45.51,45.73,8207883
VGK,2022-09-27,46.14,46.38,45.185,45.51,9594134
VGK,2022-09-28,45.42,46.8799,45.23,46.77,9362599
VGK,2022-09-29,45.84,46.14,45.31,46.09,10473611
VGK,2022-09-30,46.02,46.775,45.97,46.15,6696535
VGK,2022-10-03,46.66,47.37,46.4606,47.2,7858847
VGK,2022-10-04,48.71,49.45,48.66,49.39,10406038
VGK,2022-10-05,48.38,48.93,47.99,48.62,5668704
VGK,2022-10-06,47.92,48.17,47.52,47.56,6362498
VGK,2022-10-07,47.26,47.31,46.485,46.67,6571801
VGK,2022-10-10,46.73,46.83,46.16,46.47,7336089
VGK,2022-10-11,46.15,46.74,45.725,45.86,7129328
VGK,2022-10-12,45.84,46.09,45.67,45.8,4772240
VGK,2022-10-13,45.1,47.32,44.9886,47.09,10556208
VGK,2022-10-14,47.42,47.63,46.35,46.39,7978379
VGK,2022-10-17,47.74,48.17,47.74,47.94,7962206
VGK,2022-10-18,48.79,48.88,48.105,48.52,6659214
VGK,2022-10-19,47.85,48.06,47.32,47.64,6350272
VGK,2022-10-20,47.66,48.29,47.43,47.6,4667929
VGK,2022-10-21,47.16,48.46,47.02,48.45,6290016
VGK,2022-10-24,48.58,49.05,48.34,48.79,5778800
VGK,2022-10-25,49.15,50.01,49.11,49.99,5459978
VGK,2022-10-26,49.95,50.885,49.945,50.53,5122215
VGK,2022-10-27,50.34,50.81,50.045,50.1,4686049
VGK,2022-10-28,50.03,50.65,49.9,50.65,3631188
VGK,2022-10-31,49.98,50.21,49.93,50.04,7929749
VGK,2022-11-01,51.05,51.08,50.18,50.42,5162500
VGK,2022-11-02,50.35,51.04,49.51,49.51,5927144
VGK,2022-11-03,48.7,49.24,48.68,48.99,4129915
VGK,2022-11-04,50.72,51.28,50.32,51.24,6688026
VGK,2022-11-07,51.4896,51.72,51.235,51.51,3818415
VGK,2022-11-08,51.7,52.37,51.62,52.09,4333002
VGK,2022-11-09,51.74,52.12,51.4,51.4,5430323
VGK,2022-11-10,53.65,54.42,53.295,54.4,8524271
VGK,2022-11-11,54.7999,55.59,54.59,55.48,6691834
VGK,2022-11-14,55.09,55.45,54.84,54.84,4074402
VGK,2022-11-15,55.73,55.83,54.4,55.07,6439499
VGK,2022-11-16,55.16,55.27,54.79,54.97,4384376
VGK,2022-11-17,54.218,54.94,54.18,54.9,3530019
VGK,2022-11-18,55.25,55.27,54.92,55.13,3698319
VGK,2022-11-21,54.68,54.84,54.47,54.73,3867938
VGK,2022-11-22,55.01,55.48,54.9299,55.47,4079747
VGK,2022-11-23,55.59,56.22,55.5819,56.1,4139556
VGK,2022-11-25,56.23,56.58,56.168,56.48,1452517
VGK,2022-11-28,56.13,56.34,55.505,55.57,5008846
VGK,2022-11-29,55.74,56.05,55.56,55.7,2966976
VGK,2022-11-30,56.23,56.955,55.62,56.79,6660764
VGK,2022-12-01,57.53,57.69,57.11,57.44,5608162
VGK,2022-12-02,57.08,57.685,57.03,57.56,3521801
VGK,2022-12-05,57.44,57.6,56.74,56.89,4521569
VGK,2022-12-06,56.89,57.015,56.31,56.52,4300374
VGK,2022-12-07,56.54,56.7836,56.26,56.47,5611483
VGK,2022-12-08,56.35,56.755,56.18,56.69,4005965
VGK,2022-12-09,56.83,57.12,56.66,56.69,3933049
VGK,2022-12-12,56.72,56.94,56.57,56.93,2795668
VGK,2022-12-13,58.53,58.67,57.47,57.76,5808129
VGK,2022-12-14,57.82,58.29,57.42,57.82,5394679
VGK,2022-12-15,57.0,57.11,56.07,56.25,6588680
VGK,2022-12-16,55.63,55.915,55.33,55.54,3715272
VGK,2022-12-19,55.35,55.46,54.935,55.07,3596370
VGK,2022-12-20,55.07,55.39,54.95,55.17,4528633
VGK,2022-12-21,55.58,56.0839,55.56,55.94,4236217
VGK,2022-12-22,55.679,55.69,54.92,55.45,3455562
VGK,2022-12-23,55.29,55.72,55.19,55.63,2513705
VGK,2022-12-27,55.72,55.93,55.61,55.74,2137897
VGK,2022-12-28,55.93,56.09,55.23,55.23,2479432
VGK,2022-12-29,55.86,56.29,55.84,56.12,2292824
VGK,2022-12-30,55.76,55.98,55.38,55.44,6077343
VGK,2023-01-03,56.3,56.65,55.84,56.14,3983765
VGK,2023-01-04,57.14,57.355,56.74,57.21,8232748
VGK,2023-01-05,56.8,56.99,56.625,56.69,3593979
VGK,2023-01-06,57.0,58.24,56.68,58.2,3648920
VGK,2023-01-09,58.77,59.135,58.54,58.57,3561543
VGK,2023-01-10,58.46,58.86,58.46,58.85,2637421
VGK,2023-01-11,59.14,59.27,58.89,59.27,8081280
VGK,2023-01-12,59.67,60.13,59.04,60.0,4687732
VGK,2023-01-13,59.71,60.33,59.71,60.28,3869730
VGK,2023-01-17,60.51,60.795,60.27,60.43,4312847
VGK,2023-01-18,61.21,61.28,60.23,60.25,6151527
VGK,2023-01-19,59.91,60.08,59.61,59.95,8024295
VGK,2023-01-20,59.85,60.46,59.77,60.46,3036751
VGK,2023-01-23,60.268,60.775,60.215,60.74,3269977
VGK,2023-01-24,60.31,60.645,60.1,60.57,1897974
VGK,2023-01-25,60.11,60.835,60.105,60.81,3348035
VGK,2023-01-26,60.85,60.9,60.36,60.88,2850170
VGK,2023-01-27,60.4,60.845,60.345,60.68,2646211
VGK,2023-01-30,60.53,60.77,60.3,60.31,2213591
VGK,2023-01-31,60.21,60.745,60.09,60.74,3232771
VGK,2023-02-01,60.76,61.67,60.34,61.44,5138356
VGK,2023-02-02,61.76,61.79,61.11,61.55,3542587
VGK,2023-02-03,60.93,61.52,60.82,60.94,4199298
VGK,2023-02-06,60.36,60.49,60.03,60.28,2539695
VGK,2023-02-07,59.95,60.8,59.815,60.72,3722432
VGK,2023-02-08,60.73,60.83,60.35,60.47,2118544
VGK,2023-02-09,61.32,61.375,60.46,60.57,2205450
VGK,2023-02-10,60.1,60.17,59.8,60.08,2413445
VGK,2023-02-13,60.4,60.935,60.33,60.93,3644876
VGK,2023-02-14,60.79,61.475,60.62,61.22,4800722
VGK,2023-02-15,60.615,61.17,60.57,61.16,3443711
VGK,2023-02-16,60.6,61.195,60.54,60.81,3931850
VGK,2023-02-17,60.61,61.195,60.525,61.15,2476213
VGK,2023-02-21,60.72,60.95,60.395,60.45,3003337
VGK,2023-02-22,60.31,60.455,59.97,60.08,4498569
VGK,2023-02-23,60.43,60.565,59.92,60.46,2544866
VGK,2023-02-24,59.41,59.62,59.155,59.42,2826913
VGK,2023-02-27,60.21,60.41,60.04,60.3,2455553
VGK,2023-02-28,60.21,60.27,59.7,59.7,2688588
VGK,2023-03-01,60.3,60.37,59.8,60.08,2681591
VGK,2023-03-02,59.58,60.175,59.57,60.12,4208213
VGK,2023-03-03,60.37,60.91,60.195,60.89,2315101
VGK,2023-03-06,60.769,61.02,60.685,60.78,1451119
VGK,2023-03-07,60.55,60.59,59.445,59.51,2342859
VGK,2023-03-08,59.58,59.9,59.42,59.71,2280127
VGK,2023-03-09,59.67,59.9,59.09,59.14,3468991
VGK,2023-03-10,59.39,59.48,58.62,58.67,5576841
VGK,2023-03-13,57.9,58.675,57.76,58.25,8221588
VGK,2023-03-14,59.13,59.35,58.86,59.33,4222773
VGK,2023-03-15,56.55,57.21,56.2415,57.09,10038920
VGK,2023-03-16,56.59,57.955,56.54,57.95,6632993
VGK,2023-03-17,57.2,57.35,56.75,57.08,4816151
VGK,2023-03-20,57.56,58.13,57.48,57.98,4287309
VGK,2023-03-21,59.05,59.165,58.734,59.09,3160109
VGK,2023-03-22,59.1,59.86,58.74,58.75,4765956
VGK,2023-03-23,59.37,59.685,58.455,58.76,3919695
VGK,2023-03-24,58.05,58.37,57.69,58.3,4399761
VGK,2023-03-27,58.82,59.05,58.645,58.98,3901206
VGK,2023-03-28,58.84,59.065,58.74,58.93,1922498
VGK,2023-03-29,59.67,59.8999,59.54,59.88,2760113
VGK,2023-03-30,60.77,60.855,60.606,60.79,3050341
VGK,2023-03-31,60.94,61.1668,60.83,60.95,4449124
VGK,2023-04-03,60.99,61.39,60.935,61.38,3608364
VGK,2023-04-04,61.5,61.67,61.27,61.39,2655324
VGK,2023-04-05,61.16,61.305,60.845,61.05,2753578
VGK,2023-04-06,61.16,61.73,61.15,61.57,2879576
VGK,2023-04-10,61.19,61.59,61.085,61.57,2287256
VGK,2023-04-11,61.71,61.91,61.67,61.81,2167497
VGK,2023-04-12,62.41,62.61,62.08,62.3,5508384
VGK,2023-04-13,62.87,63.17,62.76,63.14,5748432
VGK,2023-04-14,63.19,63.335,62.75,63.04,1856441
VGK,2023-04-17,62.74,62.82,62.44,62.74,1947732
VGK,2023-04-18,63.06,63.18,62.9613,63.17,1925490
VGK,2023-04-19,62.9,63.09,62.88,63.03,1481856
VGK,2023-04-20,62.79,63.11,62.784,62.94,1909531
VGK,2023-04-21,63.06,63.42,62.82,63.41,2252937
VGK,2023-04-24,63.51,63.67,63.462,63.67,1811772
VGK,2023-04-25,63.28,63.29,62.6,62.6,2380479
VGK,2023-04-26,63.08,63.12,62.57,62.65,2195031
VGK,2023-04-27,62.93,63.39,62.7938,63.38,2309944
VGK,2023-04-28,62.99,63.565,62.97,63.47,2623454
VGK,2023-05-01,63.61,63.77,63.424,63.48,3491205
VGK,2023-05-02,62.84,62.84,62.36,62.74,2881849
VGK,2023-05-03,62.98,63.44,62.89,62.94,3123029
VGK,2023-05-04,62.64,62.88,62.4,62.62,3026000
VGK,2023-05-05,62.93,63.64,62.85,63.56,2362095
VGK,2023-05-08,63.77,63.77,63.48,63.57,2339719
VGK,2023-05-09,62.78,63.174,62.74,63.07,2322871
VGK,2023-05-10,63.2,63.2,62.565,62.99,2511020
VGK,2023-05-11,62.5,62.75,62.24,62.72,2096200
VGK,2023-05-12,62.74,62.805,62.33,62.55,1506426
VGK,2023-05-15,62.74,63.02,62.67,63.02,1541964
VGK,2023-05-16,62.68,62.75,62.36,62.36,2627437
VGK,2023-05-17,62.42,62.67,62.0997,62.63,2689931
VGK,2023-05-18,62.45,62.54,62.17,62.51,3888870
VGK,2023-05-19,62.87,63.15,62.815,62.97,2558356
VGK,2023-05-22,62.83,63.01,62.77,62.89,2756650
VGK,2023-05-23,62.5,62.545,61.95,61.97,2312029
VGK,2023-05-24,61.33,61.33,60.96,61.0,3006965
VGK,2023-05-25,60.92,60.96,60.6,60.84,3532828
VGK,2023-05-26,61.17,61.57,61.155,61.51,2497460
VGK,2023-05-30,61.34,61.41,60.7,60.87,2703689
VGK,2023-05-31,60.32,60.43,59.775,60.22,4147859
VGK,2023-06-01,60.4,61.04,60.36,60.93,3501769
VGK,2023-06-02,61.63,61.75,61.495,61.65,3055008
VGK,2023-06-05,61.44,61.49,61.16,61.21,2411167
VGK,2023-06-06,61.14,61.485,61.105,61.44,6622925
VGK,2023-06-07,61.51,61.71,61.15,61.17,3086169
VGK,2023-06-08,61.59,61.88,61.52,61.88,2187390
VGK,2023-06-09,61.55,61.64,61.415,61.51,2669762
VGK,2023-06-12,61.76,61.79,61.5321,61.78,1465929
VGK,2023-06-13,62.12,62.32,62.05,62.26,1930347
VGK,2023-06-14,62.7,62.83,62.16,62.48,2090910
VGK,2023-06-15,62.63,63.3499,62.55,63.33,2812689
VGK,2023-06-16,63.67,63.68,63.26,63.28,2416029
VGK,2023-06-20,61.4,61.485,61.13,61.3,2441656
VGK,2023-06-21,61.0,61.41,60.885,61.18,3676904
VGK,2023-06-22,60.81,60.99,60.755,60.94,2774549
VGK,2023-06-23,60.14,60.41,60.07,60.2,2807940
VGK,2023-06-26,60.33,60.47,60.26,60.28,2645728
VGK,2023-06-27,60.46,60.955,60.31,60.89,2237028
VGK,2023-06-28,60.83,60.935,60.67,60.84,2991260
VGK,2023-06-29,60.56,60.77,60.55,60.75,3350769
VGK,2023-06-30,61.53,61.755,61.49,61.7,2330535
VGK,2023-07-03,61.53,61.6062,61.41,61.52,1237357
VGK,2023-07-05,61.05,61.065,60.675,60.72,3126771
VGK,2023-07-06,59.87,59.88,59.3042,59.64,2296961
VGK,2023-07-07,59.72,60.35,59.67,60.03,3196788
VGK,2023-07-10,60.08,60.42,60.065,60.39,2826078
VGK,2023-07-11,60.77,61.04,60.6,61.04,1961038
VGK,2023-07-12,62.09,62.52,61.98,62.49,3028706
VGK,2023-07-13,63.23,63.53,63.17,63.47,3478562
VGK,2023-07-14,63.55,63.59,63.145,63.17,2119613
VGK,2023-07-17,62.9,63.185,62.79,63.08,1667101
VGK,2023-07-18,63.06,63.486,63.0197,63.45,2761879
VGK,2023-07-19,63.54,63.67,63.275,63.44,2722950
VGK,2023-07-20,63.44,63.61,63.095,63.2,3027687
VGK,2023-07-21,63.38,63.48,63.17,63.42,2461647
VGK,2023-07-24,63.11,63.2901,63.035,63.1,1749569
VGK,2023-07-25,63.0,63.415,63.0,63.22,2726503
VGK,2023-07-26,62.72,63.49,62.72,63.34,4010491
VGK,2023-07-27,63.76,63.76,62.915,62.97,3924657
VGK,2023-07-28,63.4,63.685,63.315,63.51,2402190
VGK,2023-07-31,63.63,63.815,63.43,63.49,2661701
VGK,2023-08-01,62.84,63.09,62.57,62.79,3782625
VGK,2023-08-02,62.0,62.11,61.5707,61.65,8274376
VGK,2023-08-03,61.18,61.67,61.12,61.48,2816433
VGK,2023-08-04,61.73,62.255,61.53,61.59,2104039
VGK,2023-08-07,61.97,62.19,61.6897,62.18,1795545
VGK,2023-08-08,61.45,61.8888,61.32,61.85,2664875
VGK,2023-08-09,61.99,62.19,61.865,61.99,5597310
VGK,2023-08-10,62.6,63.01,62.12,62.23,2602985
VGK,2023-08-11,61.69,61.92,61.57,61.7,2318471
VGK,2023-08-14,61.21,61.68,61.0399,61.58,2208560
VGK,2023-08-15,61.2402,61.28,60.705,60.79,2247365
VGK,2023-08-16,60.75,61.0,60.41,60.42,3306566
VGK,2023-08-17,60.55,60.62,59.84,59.9,2575966
VGK,2023-08-18,59.32,59.92,59.31,59.8,2393198
VGK,2023-08-21,60.06,60.19,59.77,60.14,2296116
VGK,2023-08-22,60.31,60.33,59.875,59.92,1891855
VGK,2023-08-23,60.05,60.53,60.01,60.42,2421275
VGK,2023-08-24,60.13,60.363,59.57,59.58,2490543
VGK,2023-08-25,60.01,60.23,59.47,60.01,1626602
VGK,2023-08-28,60.39,60.675,60.33,60.64,2126231
VGK,2023-08-29,60.58,61.52,60.53,61.5,2768867
VGK,2023-08-30,61.57,61.7701,61.38,61.47,1908991
VGK,2023-08-31,61.33,61.35,60.75,60.92,2072574
VGK,2023-09-01,61.34,61.385,60.54,60.71,1502930
VGK,2023-09-05,60.45,60.46,59.98,59.98,2124984
VGK,2023-09-06,59.85,59.975,59.53,59.76,1965895
VGK,2023-09-07,59.52,59.66,59.315,59.5,2114415
VGK,2023-09-08,59.63,59.805,59.525,59.59,3137521
VGK,2023-09-11,60.08,60.265,59.89,60.21,1566426
VGK,2023-09-12,59.78,60.08,59.735,59.82,3905366
VGK,2023-09-13,59.68,59.86,59.46,59.57,2876235
VGK,2023-09-14,59.87,60.305,59.87,60.28,3107487
VGK,2023-09-15,60.45,60.68,60.15,60.19,2244584
VGK,2023-09-18,59.55,59.655,59.33,59.51,2009981
VGK,2023-09-19,59.52,59.655,59.3501,59.55,2280700
VGK,2023-09-20,60.1,60.395,59.63,59.66,3173072
VGK,2023-09-21,59.27,59.36,58.78,58.8,5789625
VGK,2023-09-22,58.94,59.2,58.595,58.67,2275832
VGK,2023-09-25,58.07,58.32,57.9,58.27,1775055
VGK,2023-09-26,57.84,58.02,57.5,57.54,3416742
VGK,2023-09-27,57.64,57.67,56.87,57.29,3013793
VGK,2023-09-28,57.47,58.065,57.37,57.85,6645690
VGK,2023-09-29,58.69,58.69,57.81,57.93,3312902
VGK,2023-10-02,57.51,57.575,56.775,56.94,4572184
VGK,2023-10-03,56.57,56.73,56.16,56.33,3156825
VGK,2023-10-04,56.77,56.77,56.11,56.61,4247119
VGK,2023-10-05,56.75,57.0,56.58,56.94,4214372
VGK,2023-10-06,56.84,57.82,56.465,57.68,3177722
VGK,2023-10-09,57.1,57.55,56.9932,57.5,1412716
VGK,2023-10-10,58.24,58.62,58.19,58.4,5066830
VGK,2023-10-11,58.86,58.93,58.415,58.79,2156317
VGK,2023-10-12,58.71,58.74,57.91,58.12,2076564
VGK,2023-10-13,58.0,58.115,57.438,57.59,2640768
VGK,2023-10-16,57.81,58.145,57.7063,58.12,2254145
VGK,2023-10-17,57.53,58.335,57.51,58.06,2196814
VGK,2023-10-18,57.49,57.525,56.925,56.99,2463831
VGK,2023-10-19,56.79,57.1,56.4,56.52,3746311
VGK,2023-10-20,56.29,56.41,55.9644,55.98,3147030
VGK,2023-10-23,55.79,56.45,55.58,56.1,1988245
VGK,2023-10-24,56.12,56.36,56.01,56.31,2761122
VGK,2023-10-25,56.02,56.3,55.7,55.81,2914868
VGK,2023-10-26,55.835,55.94,55.37,55.57,2760060
VGK,2023-10-27,55.81,55.83,55.06,55.18,3170869
VGK,2023-10-30,55.93,56.065,55.72,56.04,4633118
VGK,2023-10-31,56.08,56.27,55.825,56.14,4617940
VGK,2023-11-01,56.18,56.54,55.95,56.52,2770555
VGK,2023-11-02,57.72,57.81,57.44,57.76,2951547
VGK,2023-11-03,58.27,58.49,58.085,58.24,2118963
VGK,2023-11-06,58.28,58.35,57.94,58.05,1513900
VGK,2023-11-07,57.79,57.95,57.635,57.79,1462555
VGK,2023-11-08,58.04,58.25,57.86,58.07,3490389
VGK,2023-11-09,58.58,58.71,58.02,58.06,4082209
VGK,2023-11-10,57.99,58.335,57.515,58.33,3989428
VGK,2023-11-13,58.06,58.55,57.98,58.48,1316281
VGK,2023-11-14,59.69,60.29,59.69,60.21,2714664
VGK,2023-11-15,60.33,60.4701,60.17,60.2,1331047
VGK,2023-11-16,60.07,60.335,59.88,60.07,1708613
VGK,2023-11-17,60.65,60.91,60.5,60.9,1406987
VGK,2023-11-20,60.9,61.285,60.89,61.18,1746336
VGK,2023-11-21,61.09,61.14,60.815,60.92,1817084
VGK,2023-11-22,60.94,61.04,60.67,61.02,1832576
VGK,2023-11-24,61.33,61.68,61.3138,61.67,1090450
VGK,2023-11-27,61.5,61.57,61.3,61.48,2536513
VGK,2023-11-28,61.32,61.65,61.235,61.48,2072615
VGK,2023-11-29,61.76,61.99,61.57,61.76,1385795
VGK,2023-11-30,61.66,61.79,61.42,61.62,2138015
VGK,2023-12-01,61.59,62.315,61.58,62.21,2801742
VGK,2023-12-04,61.695,61.965,61.594,61.87,1947826
VGK,2023-12-05,61.8,62.0,61.68,61.81,2217711
VGK,2023-12-06,62.23,62.34,61.8,61.82,2992832
VGK,2023-12-07,61.92,62.16,61.7,62.04,2710860
VGK,2023-12-08,62.02,62.45,61.97,62.38,1396613
VGK,2023-12-11,62.25,62.505,62.21,62.47,1122582
VGK,2023-12-12,62.41,62.6,62.215,62.58,1990110
VGK,2023-12-13,62.68,63.48,62.295,63.46,2866158
VGK,2023-12-14,64.02,64.44,63.845,64.19,6150595
VGK,2023-12-15,63.74,63.8958,63.44,63.48,2833647
VGK,2023-12-18,63.34,63.35,63.05,63.21,2393364
VGK,2023-12-19,63.56,63.89,63.5598,63.87,2910677
VGK,2023-12-20,63.69,63.94,63.1,63.12,3493803
VGK,2023-12-21,63.84,64.065,63.6,64.06,1573892
VGK,2023-12-22,64.19,64.34,63.905,64.1,1578514
VGK,2023-12-26,64.25,64.61,64.19,64.5,1281782
VGK,2023-12-27,64.5,64.915,64.5,64.86,2176204
VGK,2023-12-28,64.65,64.8,64.385,64.42,1673080
VGK,2023-12-29,64.55,64.735,64.33,64.48,1839406
VGK,2024-01-02,63.77,63.955,63.6,63.67,2169313
VGK,2024-01-03,62.97,63.3,62.805,63.13,2674744
VGK,2024-01-04,63.24,63.7852,63.24,63.49,4094165
VGK,2024-01-05,63.25,63.9,63.17,63.37,2306641
VGK,2024-01-08,63.6,64.09,63.55,64.09,1941918
VGK,2024-01-09,63.46,63.635,63.355,63.45,2049575
VGK,2024-01-10,63.52,63.8,63.4,63.72,2734576
VGK,2024-01-11,63.69,63.79,62.895,63.44,2367711
VGK,2024-01-12,63.82,63.965,63.51,63.62,2008161
VGK,2024-01-16,62.6,62.74,62.27,62.41,2734284
VGK,2024-01-17,61.66,61.94,61.4,61.92,1931280
VGK,2024-01-18,62.17,62.475,62.015,62.47,2662920
VGK,2024-01-19,62.19,62.5,61.945,62.49,2446337
VGK,2024-01-22,62.63,62.79,62.515,62.6,1619588
VGK,2024-01-23,62.35,62.48,62.135,62.45,1838643
VGK,2024-01-24,63.47,63.52,63.04,63.07,3167779
VGK,2024-01-25,63.24,63.37,62.97,63.36,2864108
VGK,2024-01-26,64.01,64.08,63.87,63.93,2943315
VGK,2024-01-29,63.74,64.2,63.645,64.14,1773185
VGK,2024-01-30,64.13,64.24,63.905,64.17,2304604
VGK,2024-01-31,64.4,64.55,63.59,63.69,3286031
VGK,2024-02-01,63.87,64.35,63.675,64.32,3021020
VGK,2024-02-02,63.77,63.83,63.43,63.7,2062814
VGK,2024-02-05,63.27,63.45,62.9701,63.33,1767411
VGK,2024-02-06,63.39,63.84,63.36,63.84,1626110
VGK,2024-02-07,63.69,63.77,63.51,63.63,4268818
VGK,2024-02-08,63.66,63.705,63.5,63.63,1480829
VGK,2024-02-09,63.61,63.87,63.43,63.85,1181083
VGK,2024-02-12,63.77,64.0511,63.76,63.9,1259783
VGK,2024-02-13,62.96,63.015,62.4642,62.66,5137239
VGK,2024-02-14,63.22,63.56,63.175,63.54,2582866
VGK,2024-02-15,63.85,64.25,63.85,64.24,2970076
VGK,2024-02-16,64.29,64.595,64.1,64.34,3265230
VGK,2024-02-20,64.73,64.795,64.475,64.67,2903048
VGK,2024-02-21,64.49,64.775,64.41,64.75,3111879
VGK,2024-02-22,65.18,65.43,65.0857,65.4,2086501
VGK,2024-02-23,65.48,65.56,65.355,65.48,1449810
VGK,2024-02-26,65.52,65.52,65.265,65.41,3237246
VGK,2024-02-27,65.38,65.59,65.33,65.52,1203449
VGK,2024-02-28,65.17,65.3062,65.11,65.19,989349
VGK,2024-02-29,65.45,65.52,64.89,65.22,1323937
VGK,2024-03-01,65.41,65.78,65.05,65.77,4449486
VGK,2024-03-04,65.56,65.7979,65.515,65.68,2826968
VGK,2024-03-05,65.57,65.79,65.205,65.41,1608601
VGK,2024-03-06,66.03,66.255,65.87,66.11,3056673
VGK,2024-03-07,66.72,67.225,66.72,67.14,2277691
VGK,2024-03-08,67.27,67.35,66.745,66.84,2969302
VGK,2024-03-11,66.73,66.88,66.45,66.85,1746234
VGK,2024-03-12,67.04,67.5,66.76,67.5,1309799
VGK,2024-03-13,67.61,67.78,67.51,67.62,1225309
VGK,2024-03-14,67.58,67.6,66.845,67.12,1539625
VGK,2024-03-15,66.85,66.92,66.4822,66.69,2153690
VGK,2024-03-18,66.65,66.65,66.275,66.3,1092861
VGK,2024-03-19,66.31,66.61,66.19,66.41,1196420
VGK,2024-03-20,66.38,67.24,66.345,67.21,2782386
VGK,2024-03-21,67.12,67.25,67.035,67.04,1990854
VGK,2024-03-22,66.97,67.01,66.8,66.88,1498496
VGK,2024-03-25,66.83,67.175,66.83,66.95,3841710
VGK,2024-03-26,67.27,67.315,67.04,67.05,2025161
VGK,2024-03-27,67.16,67.47,67.11,67.46,1779075
VGK,2024-03-28,67.26,67.4256,67.26,67.34,1983282
VGK,2024-04-01,67.35,67.66,67.1156,67.22,2355731
VGK,2024-04-02,66.6,66.68,66.465,66.64,1545818
VGK,2024-04-03,66.61,67.2,66.585,67.11,1916997
VGK,2024-04-04,67.6,67.6,66.47,66.59,2681541
VGK,2024-04-05,66.45,66.87,66.27,66.76,1470284
VGK,2024-04-08,67.17,67.265,67.0,67.1,2110252
VGK,2024-04-09,67.31,67.4,66.68,66.96,2046870
VGK,2024-04-10,65.98,66.44,65.83,66.17,3139189
VGK,2024-04-11,66.34,66.34,65.44,66.21,1238347
VGK,2024-04-12,65.59,65.85,64.99,65.07,2225562
VGK,2024-04-15,65.99,66.02,64.855,64.97,5536554
VGK,2024-04-16,64.59,64.76,64.22,64.45,2334534
VGK,2024-04-17,65.04,65.065,64.39,64.67,2214964
VGK,2024-04-18,64.61,64.96,64.425,64.52,1973236
VGK,2024-04-19,64.69,64.9,64.45,64.68,2596914
VGK,2024-04-22,65.01,65.63,64.94,65.4,1762786
VGK,2024-04-23,65.77,66.4235,65.725,66.32,1383148
VGK,2024-04-24,66.29,66.3,65.75,66.01,1704205
VGK,2024-04-25,65.25,65.99,65.09,65.89,2532408
VGK,2024-04-26,66.19,66.5173,66.1,66.39,1136324
VGK,2024-04-29,66.51,66.68,66.39,66.6,1140339
VGK,2024-04-30,66.18,66.45,65.62,65.62,3050162
VGK,2024-05-01,65.51,66.3,65.35,65.54,3396026
VGK,2024-05-02,66.09,66.33,65.7,66.19,3180522
VGK,2024-05-03,66.93,67.18,66.44,66.79,1873887
VGK,2024-05-06,67.16,67.37,67.07,67.33,3893205
VGK,2024-05-07,67.84,67.94,67.63,67.77,3265735
VGK,2024-05-08,67.81,68.05,67.78,68.02,1642898
VGK,2024-05-09,68.18,68.62,68.132,68.62,3162224
VGK,2024-05-10,68.99,69.05,68.815,68.93,5624015
VGK,2024-05-13,69.03,69.16,68.91,68.97,2329291
VGK,2024-05-14,69.29,69.575,69.24,69.55,1603139
VGK,2024-05-15,69.88,70.31,69.78,70.31,2675897
VGK,2024-05-16,70.14,70.19,69.88,69.9,1605318
VGK,2024-05-17,69.8,70.11,69.725,70.09,1084135
VGK,2024-05-20,70.2,70.25,70.04,70.06,832353
VGK,2024-05-21,69.85,70.07,69.77,70.05,997649
VGK,2024-05-22,69.64,69.76,69.29,69.5,2213437
VGK,2024-05-23,70.09,70.09,69.04,69.18,1821501
VGK,2024-05-24,69.48,69.8,69.42,69.72,2074089
VGK,2024-05-28,69.9,69.925,69.37,69.59,3206595
VGK,2024-05-29,68.75,68.87,68.525,68.56,3611578
VGK,2024-05-30,69.06,69.37,68.99,69.21,1487577
VGK,2024-05-31,69.57,69.87,69.29,69.85,2437033
VGK,2024-06-03,69.94,70.125,69.62,69.94,2963503
VGK,2024-06-04,69.68,69.82,69.42,69.72,1809019
VGK,2024-06-05,70.29,70.41,69.905,70.39,2183535
VGK,2024-06-06,70.44,70.675,70.42,70.67,5255423
VGK,2024-06-07,69.99,70.175,69.715,69.75,1543088
VGK,2024-06-10,69.06,69.59,68.92,69.54,1329143
VGK,2024-06-11,68.65,68.8755,68.29,68.7,2714308
VGK,2024-06-12,70.06,70.2,69.635,69.78,1732767
VGK,2024-06-13,69.28,69.28,68.41,68.71,1607718
VGK,2024-06-14,67.55,67.7055,67.15,67.59,2873885
VGK,2024-06-17,67.76,68.14,67.44,68.13,2140545
VGK,2024-06-18,68.15,68.51,68.15,68.47,1821290
VGK,2024-06-20,68.44,68.745,68.34,68.64,1454998
VGK,2024-06-21,67.03,67.155,66.76,67.06,1719080
VGK,2024-06-24,67.65,67.97,67.545,67.66,1523702
VGK,2024-06-25,67.29,67.596,67.2021,67.53,1402725
VGK,2024-06-26,66.75,67.035,66.67,66.93,2422119
VGK,2024-06-27,67.0,67.12,66.72,66.86,1011167
VGK,2024-06-28,66.65,66.915,66.5,66.77,1606015
VGK,2024-07-01,67.41,67.56,66.9,67.17,3580036
VGK,2024-07-02,66.67,67.01,66.57,66.99,1367415
VGK,2024-07-03,67.57,67.845,67.57,67.83,1701471
VGK,2024-07-05,68.49,68.498,67.865,68.39,1281599
VGK,2024-07-08,68.53,68.6,68.03,68.05,694986
VGK,2024-07-09,67.75,67.77,67.335,67.51,1512737
VGK,2024-07-10,67.85,68.385,67.84,68.35,2690910
VGK,2024-07-11,68.9,69.035,68.6499,68.68,2355081
VGK,2024-07-12,69.23,69.77,69.22,69.5,3223588
VGK,2024-07-15,69.27,69.27,68.69,68.75,1357090
VGK,2024-07-16,68.48,69.025,68.41,69.01,2371126
VGK,2024-07-17,68.62,68.945,68.555,68.64,2711290
VGK,2024-07-18,68.94,68.99,67.97,68.08,1648792
VGK,2024-07-19,67.84,67.91,67.59,67.67,1248546
VGK,2024-07-22,68.44,68.63,68.2503,68.62,1384806
VGK,2024-07-23,68.17,68.245,68.03,68.03,1344531
VGK,2024-07-24,67.96,68.08,67.355,67.4,2573380
VGK,2024-07-25,67.03,67.745,66.81,67.17,4915301
VGK,2024-07-26,67.75,68.21,67.69,68.12,1455454
VGK,2024-07-29,67.83,67.85,67.41,67.61,1017426
VGK,2024-07-30,67.91,68.025,67.59,67.86,2745884
VGK,2024-07-31,68.54,68.8261,68.31,68.46,1393964
VGK,2024-08-01,67.96,68.18,66.74,67.04,4595948
VGK,2024-08-02,66.6,66.71,66.105,66.53,3019077
VGK,2024-08-05,64.47,65.48,64.445,65.06,3833749
VGK,2024-08-06,64.62,65.575,64.52,65.23,1627252
VGK,2024-08-07,66.1,66.26,65.27,65.33,2200295
VGK,2024-08-08,65.77,66.31,65.55,66.24,6633715
VGK,2024-08-09,66.255,66.7,66.09,66.66,1870592
VGK,2024-08-12,66.58,66.66,66.3427,66.5,1018802
VGK,2024-08-13,66.7,67.42,66.68,67.39,957490
VGK,2024-08-14,67.69,67.86,67.61,67.76,1082906
VGK,2024-08-15,68.21,68.55,68.175,68.45,2013028
VGK,2024-08-16,68.53,68.865,68.465,68.82,1738370
VGK,2024-08-19,69.18,69.645,69.17,69.59,1350545
VGK,2024-08-20,69.49,69.63,69.27,69.4,965929
VGK,2024-08-21,69.63,70.075,69.53,69.99,1456546
VGK,2024-08-22,70.22,70.2257,69.54,69.58,989504
VGK,2024-08-23,70.0,70.785,69.935,70.77,1330980
VGK,2024-08-26,70.69,70.74,70.5,70.55,613586
VGK,2024-08-27,70.64,70.9263,70.56,70.85,751970
VGK,2024-08-28,70.58,70.765,70.29,70.55,1296417
VGK,2024-08-29,70.87,71.11,70.65,70.77,1415419
VGK,2024-08-30,70.91,71.09,70.53,70.93,1452754
VGK,2024-09-03,70.42,70.48,69.475,69.6,2242632
VGK,2024-09-04,69.26,69.725,69.2344,69.42,1412206
VGK,2024-09-05,69.49,69.53,69.07,69.26,1972003
VGK,2024-09-06,69.42,69.525,68.24,68.35,2036637
VGK,2024-09-09,68.62,69.015,68.605,68.8,720418
VGK,2024-09-10,68.55,68.58,67.97,68.47,1180942
VGK,2024-09-11,68.56,68.865,67.84,68.84,2264286
VGK,2024-09-12,68.79,69.34,68.55,69.32,1746424
VGK,2024-09-13,69.62,69.94,69.6,69.75,708970
VGK,2024-09-16,69.97,70.28,69.805,70.26,817226
VGK,2024-09-17,70.29,70.34,69.77,70.0,1002482
VGK,2024-09-18,70.09,70.67,69.69,69.83,1715117
VGK,2024-09-19,70.94,71.2,70.52,71.04,1332161
VGK,2024-09-20,70.18,70.22,69.67,69.81,1479149
VGK,2024-09-23,69.91,70.09,69.84,70.03,916012
VGK,2024-09-24,70.35,70.7,70.27,70.7,1255961
VGK,2024-09-25,70.87,70.9,70.26,70.29,1439629
VGK,2024-09-26,71.45,71.795,71.27,71.72,1118775
VGK,2024-09-27,71.85,72.08,71.57,71.68,1846290
VGK,2024-09-30,71.36,71.38,70.74,71.1,1319832
VGK,2024-10-01,70.94,70.96,69.9799,70.31,2268550
VGK,2024-10-02,70.09,70.26,69.81,70.09,1704230
VGK,2024-10-03,69.54,69.56,69.115,69.29,1523666
VGK,2024-10-04,69.26,69.68,69.21,69.67,763283
VGK,2024-10-07,69.55,69.605,69.08,69.26,914384
VGK,2024-10-08,69.25,69.25,68.9824,69.19,838157
VGK,2024-10-09,69.07,69.49,69.03,69.44,1046296
VGK,2024-10-10,69.28,69.29,68.95,69.24,864376
VGK,2024-10-11,69.34,69.715,69.335,69.67,719779
VGK,2024-10-14,69.49,69.94,69.42,69.9,643266
VGK,2024-10-15,69.72,69.765,68.81,68.87,1398524
VGK,2024-10-16,69.0,69.1,68.825,68.96,1537124
VGK,2024-10-17,69.22,69.26,69.01,69.04,757443
VGK,2024-10-18,69.39,69.6062,69.275,69.56,1948986
VGK,2024-10-21,69.27,69.3,68.71,68.83,1819534
VGK,2024-10-22,68.47,68.6768,68.41,68.56,1490767
VGK,2024-10-23,68.23,68.38,67.79,68.12,1157817
VGK,2024-10-24,68.69,68.69,68.13,68.44,2113258
VGK,2024-10-25,68.58,68.61,68.015,68.12,1459507
VGK,2024-10-28,68.42,68.83,68.39,68.76,970412
VGK,2024-10-29,68.28,68.47,68.085,68.18,1317720
VGK,2024-10-30,67.47,67.96,67.42,67.64,1154802
VGK,2024-10-31,67.28,67.29,66.61,67.18,1204796
VGK,2024-11-01,67.53,67.7899,67.32,67.38,1205497
VGK,2024-11-04,67.79,67.92,67.35,67.42,1238839
VGK,2024-11-05,67.55,67.9853,67.49,67.89,1509450
VGK,2024-11-06,66.51,66.55,66.055,66.44,4785991
VGK,2024-11-07,67.3,67.57,67.17,67.5,3708646
VGK,2024-11-08,66.71,66.71,66.1225,66.46,3514453
VGK,2024-11-11,66.72,66.81,66.425,66.48,1389669
VGK,2024-11-12,65.68,65.69,64.7601,65.13,1650560
VGK,2024-11-13,64.9,64.915,64.33,64.76,2705668
VGK,2024-11-14,65.33,65.52,64.895,64.95,3197000
VGK,2024-11-15,64.98,64.98,64.6201,64.76,2168659
VGK,2024-11-18,64.65,65.16,64.62,65.02,1473965
VGK,2024-11-19,64.34,64.9453,64.25,64.82,1295642
VGK,2024-11-20,64.6,64.72,64.26,64.69,1867402
VGK,2024-11-21,64.44,64.655,64.26,64.57,2630078
VGK,2024-11-22,64.49,64.955,64.49,64.81,4315651
VGK,2024-11-25,65.43,65.51,65.025,65.17,3901925
VGK,2024-11-26,65.24,65.24,64.65,64.79,3863541
VGK,2024-11-27,65.1,65.385,65.04,65.32,2211934
VGK,2024-11-29,65.35,66.04,65.35,66.0,1598959
VGK,2024-12-02,65.87,66.135,65.43,66.01,3177747
VGK,2024-12-03,66.28,66.46,66.07,66.24,2084996
VGK,2024-12-04,66.54,66.709,66.415,66.46,1982983
VGK,2024-12-05,67.03,67.22,66.93,67.12,1773345
VGK,2024-12-06,67.46,67.48,67.045,67.18,1533357
VGK,2024-12-09,67.5,67.6151,67.07,67.07,1214858
VGK,2024-12-10,66.98,67.01,66.53,66.54,5693164
VGK,2024-12-11,66.85,66.895,66.57,66.84,1142210
VGK,2024-12-12,66.55,66.9,66.25,66.31,1584786
VGK,2024-12-13,66.57,66.6,66.125,66.31,1101815
VGK,2024-12-16,66.09,66.43,66.01,66.16,1394809
VGK,2024-12-17,65.96,66.155,65.86,65.86,1773387
VGK,2024-12-18,65.9,66.085,64.27,64.33,1725660
VGK,2024-12-19,64.465,64.595,64.08,64.14,2922211
VGK,2024-12-20,62.68,63.69,62.61,63.27,3033865
VGK,2024-12-23,63.35,63.6553,63.1,63.57,1577959
VGK,2024-12-24,63.61,63.95,63.43,63.92,1358921
VGK,2024-12-26,64.07,64.25,63.79,64.09,1613254
VGK,2024-12-27,63.75,64.0,63.65,63.88,1297951
VGK,2024-12-30,63.58,63.68,63.165,63.46,2134342
VGK,2024-12-31,63.86,63.86,63.315,63.47,4121963
VGK,2025-01-02,63.51,63.62,63.01,63.19,2525852
VGK,2025-01-03,63.49,63.49,63.125,63.45,1728761
VGK,2025-01-06,64.14,64.745,64.02,64.31,1635712
VGK,2025-01-07,64.8,64.84,64.155,64.31,1547429
VGK,2025-01-08,63.74,64.15,63.57,64.06,1523143
VGK,2025-01-10,63.93,63.93,63.24,63.4,1997101
VGK,2025-01-13,62.62,63.08,62.58,63.07,2079379
VGK,2025-01-14,63.29,63.49,63.0533,63.36,1170023
VGK,2025-01-15,64.3,64.37,63.95,64.18,1659976
VGK,2025-01-16,64.52,64.94,64.35,64.73,2096322
VGK,2025-01-17,65.16,65.515,64.99,65.07,1797131
VGK,2025-01-21,66.05,66.57,65.955,66.57,3150583
VGK,2025-01-22,66.74,66.74,66.41,66.42,3191068
VGK,2025-01-23,66.69,67.0953,66.53,67.08,3690888
VGK,2025-01-24,67.38,67.535,67.21,67.21,1994211
VGK,2025-01-27,67.18,67.595,67.15,67.58,1230022
VGK,2025-01-28,67.35,67.4,66.93,67.3,1410707
VGK,2025-01-29,67.35,67.56,67.11,67.37,1378031
VGK,2025-01-30,67.91,68.345,67.72,68.02,2425836
VGK,2025-01-31,67.95,68.25,67.42,67.5,5361124
VGK,2025-02-03,66.16,67.0,65.96,66.51,4154470
VGK,2025-02-04,67.07,67.43,66.985,67.35,4604291
VGK,2025-02-05,67.81,68.13,67.675,68.04,5136169
VGK,2025-02-06,68.27,68.555,68.19,68.42,2058922
VGK,2025-02-07,68.53,68.54,67.7,67.75,1972857
VGK,2025-02-10,68.1,68.275,68.0203,68.25,1348956
VGK,2025-02-11,68.35,68.865,68.3,68.82,2132067
VGK,2025-02-12,68.49,69.42,68.385,69.31,7189800
VGK,2025-02-13,69.52,70.085,69.39,70.07,4983651
VGK,2025-02-14,70.5,70.59,70.17,70.2,3546865
VGK,2025-02-18,70.6,70.805,70.53,70.69,4613534
VGK,2025-02-19,69.825,69.99,69.53,69.79,4243907
VGK,2025-02-20,69.98,70.24,69.78,70.22,2568789
VGK,2025-02-21,70.34,70.35,69.765,69.93,2697094
VGK,2025-02-24,70.19,70.355,69.8,69.93,3641480
VGK,2025-02-25,70.85,70.875,70.395,70.72,4716920
VGK,2025-02-26,71.0,71.35,70.56,70.8,4099843
VGK,2025-02-27,70.36,70.425,69.785,69.82,3604537
VGK,2025-02-28,70.05,70.335,69.455,70.2,6455133
VGK,2025-03-03,71.7,71.8801,70.71,71.14,4139094
VGK,2025-03-04,70.485,71.98,69.96,71.25,7014753
VGK,2025-03-05,72.42,73.195,72.39,73.09,11045629
VGK,2025-03-06,72.61,73.155,72.21,72.29,10010562
VGK,2025-03-07,72.56,73.395,72.46,73.34,6062990
VGK,2025-03-10,72.03,72.24,70.93,71.51,5683449
VGK,2025-03-11,71.7,71.73,70.77,71.35,7062328
VGK,2025-03-12,71.66,71.765,71.12,71.58,6350516
VGK,2025-03-13,71.12,71.27,70.77,70.99,4384937
VGK,2025-03-14,71.83,72.48,71.67,72.46,3212506
VGK,2025-03-17,72.58,73.34,72.56,73.21,6577441
VGK,2025-03-18,73.4,73.585,73.025,73.5,5124688
VGK,2025-03-19,73.115,73.72,72.97,73.47,6413042
VGK,2025-03-20,72.33,72.8,72.26,72.71,3341551
VGK,2025-03-21,71.75,71.915,71.54,71.78,3939264
VGK,2025-03-24,71.74,71.95,71.49,71.73,5668001
VGK,2025-03-25,72.38,72.46,72.01,72.16,4148921
VGK,2025-03-26,71.56,71.8766,70.97,71.14,7550789
VGK,2025-03-27,70.87,71.4503,70.87,71.29,4031686
VGK,2025-03-28,71.19,71.26,70.8201,70.98,6081127
VGK,2025-03-31,69.865,70.37,69.62,70.21,5724647
VGK,2025-04-01,70.49,70.6644,70.015,70.39,5567336
VGK,2025-04-02,69.83,70.6867,69.83,70.62,4043245
VGK,2025-04-03,70.37,70.55,69.535,69.61,5361805
VGK,2025-04-04,66.99,67.1701,64.99,65.02,9346300
VGK,2025-04-07,62.68,65.76,62.26,63.0,31607499
VGK,2025-04-08,65.075,65.13,62.02,62.73,8553488
VGK,2025-04-09,62.93,67.75,62.55,67.4,11993292
VGK,2025-04-10,66.33,66.84,64.91,66.51,8281866
VGK,2025-04-11,66.83,68.4,66.69,68.29,9338959
VGK,2025-04-14,68.48,69.165,68.22,68.8,9546862
VGK,2025-04-15,69.45,69.85,69.31,69.49,4362591
VGK,2025-04-16,69.505,70.0,69.04,69.21,4610231
VGK,2025-04-17,69.65,70.2864,69.52,69.93,4676948
VGK,2025-04-21,70.1,70.397,68.97,69.46,4051600
VGK,2025-04-22,70.27,71.16,70.24,70.89,3196313
VGK,2025-04-23,71.52,71.97,70.925,71.13,4889023
VGK,2025-04-24,71.55,72.11,71.38,72.06,2552982
VGK,2025-04-25,71.94,72.405,71.86,72.36,1952737
VGK,2025-04-28,72.47,72.9,72.375,72.83,2509020
VGK,2025-04-29,72.795,73.095,72.74,72.98,2118104
VGK,2025-04-30,72.59,73.17,72.2,72.91,4028416
VGK,2025-05-01,73.345,73.5,72.53,72.65,3294569
VGK,2025-05-02,73.9,74.395,73.9,74.18,3480560
VGK,2025-05-05,74.4,74.485,74.26,74.28,2927935
VGK,2025-05-06,74.155,74.39,74.005,74.09,3118393
VGK,2025-05-07,73.98,74.1558,73.665,73.87,4005956
VGK,2025-05-08,74.17,74.17,73.58,73.6,2735291
VGK,2025-05-09,74.19,74.25,73.875,74.09,4873990
VGK,2025-05-12,73.98,74.255,73.52,74.25,6358598
VGK,2025-05-13,74.43,74.7,74.23,74.55,4512990
VGK,2025-05-14,74.84,74.88,74.285,74.38,4792248
VGK,2025-05-15,74.81,75.14,74.645,75.12,2900531
VGK,2025-05-16,75.05,75.335,74.85,75.3,3136559
VGK,2025-05-19,75.51,76.27,75.46,76.27,3941957
VGK,2025-05-20,76.47,76.8,76.4346,76.77,3120386
VGK,2025-05-21,76.945,77.19,76.345,76.37,3415056
VGK,2025-05-22,76.04,76.4999,75.85,76.27,3795547
VGK,2025-05-23,75.4,76.31,75.36,76.15,3984120
VGK,2025-05-27,77.225,77.309,76.915,77.06,5451555
VGK,2025-05-28,76.52,76.61,76.17,76.31,3237001
VGK,2025-05-29,76.75,76.78,76.31,76.7,3368377
VGK,2025-05-30,76.79,76.85,76.2499,76.76,5041301
VGK,2025-06-02,76.785,77.54,76.55,77.51,5579030
VGK,2025-06-03,76.62,76.95,76.42,76.85,3371373
VGK,2025-06-04,77.17,77.615,77.1,77.36,3675958
VGK,2025-06-05,77.71,77.915,77.3,77.44,3834881
VGK,2025-06-06,77.48,77.76,77.48,77.65,4009911
VGK,2025-06-09,77.4,77.91,77.4,77.65,2786727
VGK,2025-06-10,78.0,78.065,77.6343,77.79,5970219
VGK,2025-06-11,77.98,78.155,77.67,77.7,3650067
VGK,2025-06-12,78.265,78.575,78.225,78.42,2894323
VGK,2025-06-13,77.28,77.685,77.025,77.23,4154039
VGK,2025-06-16,77.85,78.245,77.475,77.51,3468399
VGK,2025-06-17,77.21,77.255,76.33,76.39,3798861
VGK,2025-06-18,76.48,76.8,76.18,76.34,5043456
VGK,2025-06-20,75.495,75.59,74.78,74.78,5931059
VGK,2025-06-23,74.32,75.43,74.2401,75.43,6072646
VGK,2025-06-24,76.09,76.5455,75.965,76.43,6478222
VGK,2025-06-25,75.94,76.0272,75.71,75.96,3201018
VGK,2025-06-26,76.43,76.645,76.26,76.61,3030847
VGK,2025-06-27,77.16,77.58,76.975,77.32,4180222
VGK,2025-06-30,77.18,77.5765,76.975,77.5,5448492
VGK,2025-07-01,77.24,77.56,77.16,77.56,7651086
VGK,2025-07-02,77.21,77.79,77.04,77.79,3324983
VGK,2025-07-03,77.65,77.89,77.59,77.75,1442393
VGK,2025-07-07,77.45,77.615,77.01,77.2,3795533
VGK,2025-07-08,77.31,78.0,77.235,77.94,3251400
VGK,2025-07-09,78.33,78.705,78.21,78.69,1801708
VGK,2025-07-10,78.53,78.69,78.33,78.68,3342492
VGK,2025-07-11,77.95,77.97,77.6899,77.79,2441704
VGK,2025-07-14,77.47,77.83,77.415,77.75,3336583
VGK,2025-07-15,77.775,77.83,76.85,76.85,2754406
VGK,2025-07-16,76.8,77.24,76.56,77.19,3655558
VGK,2025-07-17,76.92,77.3,76.89,77.26,2538137
VGK,2025-07-18,77.79,77.805,77.08,77.17,3095936
VGK,2025-07-21,77.51,77.91,77.31,77.53,2696304
VGK,2025-07-22,77.52,78.035,77.33,77.99,2389195
VGK,2025-07-23,78.38,79.57,78.34,79.57,8148426
VGK,2025-07-24,78.85,79.06,78.7,78.7,2064167
VGK,2025-07-25,78.29,78.88,78.1582,78.87,2104038
VGK,2025-07-28,78.04,78.0501,77.31,77.45,2989668
VGK,2025-07-29,77.36,77.5,77.12,77.34,2105457
VGK,2025-07-30,76.87,77.095,76.235,76.5,2850096
VGK,2025-07-31,76.02,76.195,75.535,75.65,4731570
VGK,2025-08-01,75.26,75.39,74.79,75.26,3838349
VGK,2025-08-04,76.0,76.14,75.86,76.13,2015770
VGK,2025-08-05,76.28,76.4067,75.985,76.21,2010295
VGK,2025-08-06,76.41,76.685,76.36,76.57,2938594
VGK,2025-08-07,77.44,77.55,77.05,77.38,3285712
VGK,2025-08-08,77.43,77.78,77.38,77.63,1729362
VGK,2025-08-11,77.28,77.33,77.0,77.23,3175481
VGK,2025-08-12,77.36,78.02,77.2792,78.02,1924938
VGK,2025-08-13,78.32,78.59,78.2601,78.59,2751318
VGK,2025-08-14,78.27,78.79,78.25,78.74,1590168
VGK,2025-08-15,79.0,79.0,78.79,78.95,1471802
VGK,2025-08-18,78.59,78.83,78.44,78.8,2846731
VGK,2025-08-19,79.19,79.3,78.85,78.97,1337554
VGK,2025-08-20,79.295,79.4672,79.18,79.4,2094554
VGK,2025-08-21,79.02,79.12,78.79,78.92,2360268
VGK,2025-08-22,79.3,80.27,79.276,80.19,2108599
VGK,2025-08-25,79.88,80.02,79.0,79.0,1854294
VGK,2025-08-26,78.88,78.97,78.66,78.88,2006440
VGK,2025-08-27,78.315,78.695,78.1,78.66,1980487
VGK,2025-08-28,78.8,78.95,78.63,78.85,2035316
VGK,2025-08-29,78.51,78.66,78.38,78.5,1974164
VGK,2025-09-02,77.12,77.645,77.0129,77.41,3375624
VGK,2025-09-03,77.5,77.805,77.385,77.73,2661814
VGK,2025-09-04,77.95,78.22,77.86,78.19,2139017
VGK,2025-09-05,78.78,79.05,78.34,78.57,3296379
VGK,2025-09-08,78.95,79.135,78.72,79.13,1900203
VGK,2025-09-09,78.915,79.12,78.815,78.99,2338487
VGK,2025-09-10,78.97,79.07,78.62,78.78,4322717
VGK,2025-09-11,79.07,79.65,79.05,79.63,2776152
VGK,2025-09-12,79.35,79.425,79.145,79.36,2333905
VGK,2025-09-15,79.81,79.965,79.64,79.95,1535053
VGK,2025-09-16,79.86,79.86,79.41,79.7,1557135
VGK,2025-09-17,79.61,80.095,79.09,79.39,2598415
VGK,2025-09-18,79.57,79.825,79.27,79.71,2556273
VGK,2025-09-19,79.34,79.39,79.035,79.13,3370074
VGK,2025-09-22,79.18,79.53,78.98,79.46,1285073
VGK,2025-09-23,79.73,79.89,79.28,79.41,1852665
VGK,2025-09-24,78.94,79.215,78.79,78.89,1577027
VGK,2025-09-25,78.21,78.305,77.8151,78.14,1521129
VGK,2025-09-26,78.64,78.975,78.605,78.96,1011521
VGK,2025-09-29,79.21,79.305,79.03,79.21,2063691
VGK,2025-09-30,79.31,79.89,79.27,79.8,2810654
VGK,2025-10-01,80.25,80.835,80.25,80.72,3899424
VGK,2025-10-02,81.08,81.14,80.51,80.91,4748319
VGK,2025-10-03,81.11,81.46,81.11,81.35,1738027
VGK,2025-10-06,81.13,81.27,81.01,81.1,2683895
VGK,2025-10-07,80.88,80.947,80.48,80.49,1805261
VGK,2025-10-08,80.94,81.055,80.715,80.96,2016069
VGK,2025-10-09,80.83,80.85,79.8903,80.1,3948949
VGK,2025-10-10,80.23,80.34,79.1,79.18,4545542
VGK,2025-10-13,79.44,79.8,79.35,79.73,2131548
VGK,2025-10-14,79.19,80.225,79.09,80.04,3539838
VGK,2025-10-15,80.15,80.405,79.685,80.22,4360384
VGK,2025-10-16,80.69,81.09,80.49,80.78,2724876
VGK,2025-10-17,80.39,80.835,80.24,80.8,2581802
VGK,2025-10-20,80.88,81.18,80.815,81.15,1846631
VGK,2025-10-21,80.91,81.0508,80.62,80.67,1740309
VGK,2025-10-22,80.79,80.98,80.4,80.7,2154513
VGK,2025-10-23,80.97,81.31,80.97,81.17,1922931
VGK,2025-10-24,81.37,81.45,81.235,81.29,1807503
VGK,2025-10-27,81.575,81.73,81.495,81.69,2056593
VGK,2025-10-28,81.53,81.7465,81.36,81.48,2396639
VGK,2025-10-29,81.6,81.66,80.7,81.04,3421559
VGK,2025-10-30,80.51,80.985,80.42,80.66,7230482
VGK,2025-10-31,80.33,80.4,79.96,80.3,4637563
VGK,2025-11-03,80.23,80.34,80.05,80.17,2870869
VGK,2025-11-04,79.29,79.745,79.11,79.31,3213646
VGK,2025-11-05,79.53,80.08,79.51,79.97,3994231
VGK,2025-11-06,79.89,79.98,79.445,79.59,3755949
VGK,2025-11-07,79.29,80.0,79.135,79.98,3963860
VGK,2025-11-10,80.565,80.97,80.33,80.93,3111010
VGK,2025-11-11,81.45,81.9,81.44,81.79,2512342
VGK,2025-11-12,82.0,82.3655,81.98,82.27,3231184
VGK,2025-11-13,82.31,82.41,81.6042,81.68,2995389
VGK,2025-11-14,80.745,81.27,80.685,81.06,1983986
VGK,2025-11-17,80.57,80.79,79.81,80.07,2368613
VGK,2025-11-18,79.24,79.505,78.77,79.29,8319321
VGK,2025-11-19,79.205,79.455,78.66,78.98,2052801
VGK,2025-11-20,79.475,79.63,77.87,77.9,3635363
VGK,2025-11-21,78.56,79.27,78.34,79.09,2850248
VGK,2025-11-24,78.85,79.185,78.6201,78.89,4939082
VGK,2025-11-25,79.6,80.2758,79.415,80.24,3743823
VGK,2025-11-26,80.52,81.145,80.51,81.0,1783290
VGK,2025-11-28,81.16,81.55,81.075,81.53,1305396
VGK,2025-12-01,81.33,81.51,81.09,81.12,3126940
VGK,2025-12-02,81.43,81.565,81.19,81.49,2576469
VGK,2025-12-03,81.6,82.0776,81.6,82.04,1909735
VGK,2025-12-04,82.22,82.3099,81.88,81.99,2118484
VGK,2025-12-05,82.32,82.42,81.88,82.02,1924852
VGK,2025-12-08,82.03,82.07,81.675,81.83,1473733
VGK,2025-12-09,81.89,81.9955,81.555,81.61,2460309
VGK,2025-12-10,81.785,82.75,81.77,82.61,2286984
VGK,2025-12-11,82.98,83.37,82.92,83.23,2574244
VGK,2025-12-12,83.19,83.33,82.41,82.69,2223253
VGK,2025-12-15,83.29,83.44,83.0135,83.23,2597095
VGK,2025-12-16,83.31,83.355,82.79,83.05,2779045
VGK,2025-12-17,82.98,83.21,82.58,82.6,2186395
VGK,2025-12-18,83.28,83.6303,83.0,83.19,2943648
VGK,2025-12-19,82.76,83.155,82.74,82.79,3560265
VGK,2025-12-22,83.0,83.24,82.925,83.23,3259902
VGK,2025-12-23,83.56,83.665,83.435,83.61,2678505
VGK,2025-12-24,83.71,83.88,83.61,83.73,1427877
VGK,2025-12-26,83.86,83.99,83.75,83.97,1233551
VGK,2025-12-29,83.87,84.0,83.5099,83.67,1844020
VGK,2025-12-30,84.06,84.26,83.95,83.95,1543259
VGK,2025-12-31,83.95,84.0,83.525,83.61,2299771
VGK,2026-01-02,84.42,84.59,84.165,84.56,4151168
VGK,2026-01-05,84.435,85.255,84.42,85.23,4803196
VGK,2026-01-06,85.445,85.62,85.29,85.44,3293040
VGK,2026-01-07,85.3,85.44,85.1,85.19,4374708
VGK,2026-01-08,84.85,85.1953,84.821,85.18,2509366
VGK,2026-01-09,85.45,85.8289,85.25,85.77,2072126
VGK,2026-01-12,86.03,86.255,85.97,86.24,3351044
VGK,2026-01-13,86.13,86.14,85.64,85.79,2447261
VGK,2026-01-14,85.99,86.14,85.79,86.12,3671759
VGK,2026-01-15,86.14,86.245,85.87,85.91,2715173
VGK,2026-01-16,86.13,86.22,85.74,86.17,1799601
VGK,2026-01-20,84.97,85.535,84.805,84.96,3975877
VGK,2026-01-21,85.16,86.045,84.715,85.81,4563652
VGK,2026-01-22,86.25,86.52,86.02,86.32,2398342
VGK,2026-01-23,86.24,86.945,86.005,86.93,1905161
VGK,2026-01-26,87.37,87.72,87.37,87.51,3151217
VGK,2026-01-27,88.3,89.16,88.28,88.91,3450590
VGK,2026-01-28,88.12,88.26,87.44,87.85,4232753
VGK,2026-01-29,88.62,88.69,87.41,88.32,4904794
VGK,2026-01-30,87.96,88.115,87.11,87.5,7946090
VGK,2026-02-02,87.81,88.265,87.76,88.2,3278136
VGK,2026-02-03,87.645,88.17,87.26,87.87,3908089
VGK,2026-02-04,88.63,88.835,87.65,87.99,3701673
VGK,2026-02-05,87.08,87.505,86.75,86.77,3019093
VGK,2026-02-06,87.6,88.5,87.58,88.49,2201889
VGK,2026-02-09,88.94,89.6,88.735,89.47,2941965
VGK,2026-02-10,89.61,89.63,89.19,89.22,4696030
VGK,2026-02-11,89.43,89.65,88.82,89.45,2300672
VGK,2026-02-12,89.67,89.69,88.43,88.75,4182454
VGK,2026-02-13,88.52,88.92,88.125,88.7,2983613
VGK,2026-02-17,88.395,89.28,88.18,89.23,2533921
VGK,2026-02-18,89.55,89.945,89.31,89.53,2242373
VGK,2026-02-19,88.88,89.14,88.535,89.14,2321517
VGK,2026-02-20,89.32,90.105,89.22,90.01,3606688
VGK,2026-02-23,90.01,90.065,89.26,89.49,2755241
VGK,2026-02-24,89.57,89.96,89.455,89.73,3370732
VGK,2026-02-25,90.155,90.595,90.0645,90.49,2687985
VGK,2026-02-26,90.54,90.55,89.845,90.43,2943684
VGK,2026-02-27,90.39,90.745,90.1,90.17,4002018
VGK,2026-03-02,88.025,88.7071,87.88,88.27,4572722
VGK,2026-03-03,84.53,85.985,83.85,85.61,7770228
VGK,2026-03-04,86.28,86.685,85.92,86.59,5223203
VGK,2026-03-05,85.48,85.85,84.105,84.85,7087044
VGK,2026-03-06,83.22,84.565,82.97,84.25,4216026
VGK,2026-03-09,82.7,85.0,82.04,84.64,6123275
VGK,2026-03-10,85.27,85.995,84.53,84.67,5622956
VGK,2026-03-11,84.39,84.8,83.95,84.53,3513915
VGK,2026-03-12,83.62,83.77,82.87,83.3,4062007
VGK,2026-03-13,83.36,83.805,82.035,82.16,3371414
VGK,2026-03-16,83.11,83.74,83.0,83.53,3086320
VGK,2026-03-17,84.045,84.39,83.82,83.9,2519156
VGK,2026-03-18,83.53,83.58,82.19,82.26,4248779
VGK,2026-03-19,80.8,82.6,80.62,82.03,8226519
VGK,2026-03-20,81.2,81.39,78.695,79.18,9991667
VGK,2026-03-23,80.73,82.075,80.28,81.04,12612997
VGK,2026-03-24,79.78,81.01,79.75,80.58,4252300
VGK,2026-03-25,82.03,82.18,81.28,81.76,4428474
VGK,2026-03-26,80.75,81.45,80.145,80.16,4553883
VGK,2026-03-27,79.87,80.4,79.26,79.45,3522870
VGK,2026-03-30,80.17,80.505,79.495,79.87,3429369
VGK,2026-03-31,81.3,82.47,80.78,82.43,10673722
VGK,2026-04-01,83.56,84.07,83.15,83.62,5892174
VGK,2026-04-02,81.93,83.57,81.75,83.22,5097771
VGK,2026-04-06,83.28,83.935,83.26,83.78,3835428
VGK,2026-04-07,83.03,83.72,82.17,83.53,5212251
VGK,2026-04-08,87.03,87.19,86.11,86.74,6012784
VGK,2026-04-09,86.19,87.19,85.94,86.76,2933447
VGK,2026-04-10,87.43,87.5701,86.7,87.06,2307076
VGK,2026-04-13,86.48,87.69,86.285,87.64,4811530
VGK,2026-04-14,88.02,88.53,88.02,88.37,2152551
VGK,2026-04-15,88.32,88.32,87.74,88.03,3155993
VGK,2026-04-16,88.34,88.45,87.4398,87.71,2580120
VGK,2026-04-17,89.41,89.75,89.01,89.07,3225142
VGK,2026-04-20,88.585,88.85,88.16,88.84,2898679
VGK,2026-04-21,88.41,88.46,86.83,86.9,3543170
VGK,2026-04-22,87.73,87.73,86.855,87.14,2291343
VGK,2026-04-23,86.98,87.3,85.525,86.47,4028469
VGK,2026-04-24,86.82,87.23,86.55,87.05,3812020
VGK,2026-04-27,86.98,87.12,86.49,86.55,2114577
VGK,2026-04-28,85.995,86.225,85.78,86.16,2839084
VGK,2026-04-29,85.79,85.82,84.82,85.14,2939497
VGK,2026-04-30,86.43,87.39,86.07,87.14,2862011
VGK,2026-05-01,87.47,88.05,86.15,87.15,4507866
VGK,2026-05-04,86.48,86.68,85.22,85.51,6338693
VGK,2026-05-05,86.45,86.94,86.095,86.87,3924907
VGK,2026-05-06,88.94,89.285,88.74,89.23,3270470
VGK,2026-05-07,89.12,89.17,87.19,87.28,4081091
VGK,2026-05-08,87.96,88.14,87.57,88.12,1747948
VGK,2026-05-11,87.88,88.04,87.64,87.82,3321866
VGK,2026-05-12,87.04,87.22,86.49,87.11,3600970
VGK,2026-05-13,86.83,87.62,86.65,87.6,2912428
VGK,2026-05-14,87.93,87.989,87.435,87.47,2673834
VGK,2026-05-15,86.13,86.3,85.67,85.79,3343813
VGK,2026-05-18,86.84,87.135,86.31,87.11,3213932
VGK,2026-05-19,86.96,87.01,86.37,86.41,2511856
VGK,2026-05-20,86.97,88.58,86.8,88.24,3244339
VGK,2026-05-21,87.62,89.11,87.4,88.76,3841060
VGK,2026-05-22,88.87,88.9,88.37,88.46,1843183
VGK,2026-05-26,89.42,89.79,89.1,89.48,2432125
VGK,2026-05-27,89.68,89.7,89.1,89.32,1990799
VGK,2026-05-28,88.75,89.42,88.51,89.03,2120452
VGK,2026-05-29,89.36,89.76,88.97,89.01,2547835
VGK,2026-06-01,88.14,88.96,87.86,88.52,3941186
VGK,2026-06-02,88.84,89.14,88.56,88.96,4468238
VGK,2026-06-03,88.43,88.5699,87.895,87.9,1682060
VGK,2026-06-04,88.63,89.0,88.5301,88.89,4615997
VGK,2026-06-05,88.58,88.72,86.84,87.13,2457377
VGK,2026-06-08,87.725,88.035,87.36,87.52,2674187
VGK,2026-06-09,88.395,88.835,86.48,87.88,4819497
VGK,2026-06-10,87.37,87.88,86.67,86.69,3881648
VGK,2026-06-11,87.55,89.57,87.29,89.46,4069186
VGK,2026-06-12,89.205,89.79,88.9,89.62,2749487
VGK,2026-06-15,90.45,90.71,89.81,89.87,3017680
VGK,2026-06-16,90.37,90.48,89.96,90.01,1671393
VGK,2026-06-17,90.43,90.73,89.05,89.23,3574399
VGK,2026-06-18,88.18,88.47,88.04,88.27,2059320
VGK,2026-06-22,88.22,88.36,88.025,88.25,1937194
VGK,2026-06-23,87.11,87.555,87.0219,87.16,3015438
VGK,2026-06-24,86.85,87.27,86.63,86.95,2162491
VGK,2026-06-25,87.85,88.25,87.46,87.83,2209357
VGK,2026-06-26,87.28,87.65,87.03,87.13,2001520
VGK,2026-06-29,87.63,88.115,87.22,88.07,1630612
VGK,2026-06-30,88.24,88.58,88.03,88.54,2067152
VGK,2026-07-01,87.8,88.05,87.59,87.77,1891027
VGK,2026-07-02,89.41,89.93,88.905,89.35,2574938
VGK,2026-07-06,89.525,89.995,89.385,89.97,2662789
VGK,2026-07-07,89.83,90.0,88.81,89.04,1997047
VGK,2026-07-08,87.9,88.195,87.325,88.18,1936135
VGK,2026-07-09,88.37,88.685,88.21,88.41,1394796
VGK,2026-07-10,88.52,88.785,88.09,88.57,1479380
VGK,2026-07-13,88.6,88.61,87.76,87.86,2071959
VGK,2026-07-14,88.58,88.93,88.275,88.3,1120417
VGK,2026-07-15,88.75,89.235,88.415,89.12,1446762
VGK,2026-07-16,88.47,89.08,88.43,88.79,1030867
VGK,2026-07-17,88.14,88.845,88.14,88.59,1164986
VGK,2026-07-20,88.48,88.62,87.62,87.69,2553050
VGK,2026-07-21,88.26,88.825,87.995,88.76,2128498
VGK,2026-07-22,89.44,89.49,89.05,89.09,2169163
VGK,2026-07-23,87.66,88.1,87.595,87.83,2832181
VGK,2026-07-24,88.49,88.86,88.235,88.41,2579173
VGK,2026-07-27,89.23,89.32,88.525,88.84,1920113
VGK,2026-07-28,88.65,89.45,88.6,89.23,1475059
VGK,2026-07-29,89.115,89.9,88.4,88.86,2115168
VGK,2026-07-30,90.28,91.07,90.06,90.99,3662660
VGK,2026-07-31,90.67,90.89,89.705,90.59,2676133
VGK,2026-08-03,90.75,90.98,90.665,90.93,2634606
VGK,2026-08-04,91.6,91.955,91.41,91.84,1999375
VGK,2026-08-05,92.04,92.21,91.77,91.85,1424064
VGK,2026-08-06,92.03,92.275,91.76,91.83,4135984
VGK,2026-08-07,92.85,92.85,92.38,92.6,1293143
VGK,2026-08-10,92.32,92.445,92.17,92.26,1564662
VGK,2026-08-11,92.5,92.765,92.105,92.3,1028855
VGK,2026-08-12,92.56,92.56,92.09,92.25,1103132
