symbol,date,open,high,low,close,volume
XLK,2006-07-31,19.74,19.91,19.7,19.8,3630300
XLK,2006-08-01,19.72,19.72,19.41,19.52,1302500
XLK,2006-08-02,19.64,19.83,19.6,19.76,1035900
XLK,2006-08-03,19.65,19.89,19.51,19.82,644400
XLK,2006-08-04,19.94,20.08,19.62,19.76,992500
XLK,2006-08-07,19.65,19.75,19.6,19.69,1869800
XLK,2006-08-08,19.68,19.78,19.53,19.62,1080100
XLK,2006-08-09,20.0,20.1,19.7,19.74,1684200
XLK,2006-08-10,19.64,19.85,19.64,19.82,769300
XLK,2006-08-11,19.64,19.77,19.63,19.71,1022700
XLK,2006-08-14,19.87,20.06,19.83,19.88,841500
XLK,2006-08-15,20.1,20.36,20.07,20.34,1497700
XLK,2006-08-16,20.5,20.69,20.39,20.66,4193900
XLK,2006-08-17,20.65,20.87,20.63,20.75,1840600
XLK,2006-08-18,20.6,20.88,20.58,20.83,764200
XLK,2006-08-21,20.77,20.77,20.63,20.69,1590800
XLK,2006-08-22,20.64,20.87,20.61,20.7,1022800
XLK,2006-08-23,20.46,20.85,20.46,20.6,2497700
XLK,2006-08-24,20.88,20.88,20.56,20.68,1137200
XLK,2006-08-25,20.68,20.84,20.635,20.74,961900
XLK,2006-08-28,20.8,20.95,20.71,20.93,1381000
XLK,2006-08-29,20.97,21.12,20.81,21.12,1767000
XLK,2006-08-30,21.1578,21.3,21.09,21.27,2012100
XLK,2006-08-31,21.24,21.35,21.17,21.19,1108400
XLK,2006-09-01,21.32,21.35,21.18,21.28,4026600
XLK,2006-09-05,21.28,21.41,21.15,21.39,2460500
XLK,2006-09-06,21.13,21.27,21.02,21.04,1333500
XLK,2006-09-07,20.93,21.08,20.83,20.92,1839100
XLK,2006-09-08,20.91,21.11,20.91,21.09,1894800
XLK,2006-09-11,21.0,21.33,20.95,21.27,3203900
XLK,2006-09-12,21.2,21.67,21.2,21.64,1423600
XLK,2006-09-13,21.57,21.6799,21.5099,21.64,1699800
XLK,2006-09-14,21.5,21.7582,21.5,21.64,1479300
XLK,2006-09-15,21.87,21.9,21.67,21.7,6910000
XLK,2006-09-18,21.6,21.85,21.55,21.69,1173100
XLK,2006-09-19,21.72,21.73,21.38,21.59,3532400
XLK,2006-09-20,21.77,21.95,21.6,21.94,2559300
XLK,2006-09-21,21.94,22.0,21.69,21.73,1954400
XLK,2006-09-22,21.65,21.7,21.56,21.6,3341500
XLK,2006-09-25,21.73,22.04,21.6888,21.99,1670300
XLK,2006-09-26,22.1,22.14,21.9182,22.13,2522500
XLK,2006-09-27,22.2,22.26,21.89,21.96,5312100
XLK,2006-09-28,22.0,22.08,21.89,22.07,2266700
XLK,2006-09-29,22.08,22.15,21.96,22.0,1186700
XLK,2006-10-02,21.95,22.07,21.84,21.84,1974200
XLK,2006-10-03,21.75,22.02,21.69,21.96,2061400
XLK,2006-10-04,21.92,22.35,21.91,22.3,6255200
XLK,2006-10-05,22.33,22.35,22.21,22.29,1707800
XLK,2006-10-06,22.2,22.32,21.1,22.3,1648800
XLK,2006-10-09,22.23,22.41,22.2,22.36,525100
XLK,2006-10-10,22.38,22.41,22.25,22.38,1590200
XLK,2006-10-11,22.34,22.5,22.25,22.37,1479500
XLK,2006-10-12,22.39,22.73,22.39,22.7,2433600
XLK,2006-10-13,22.74,22.88,22.6828,22.81,2931700
XLK,2006-10-16,22.89,22.96,22.8,22.8,1901300
XLK,2006-10-17,22.7,22.7,22.46,22.61,7454100
XLK,2006-10-18,22.71,22.86,22.468,22.55,3755700
XLK,2006-10-19,22.5,22.66,22.41,22.62,1981700
XLK,2006-10-20,22.64,22.76,22.56,22.76,1739500
XLK,2006-10-23,22.75,22.97,22.47,22.9,1301500
XLK,2006-10-24,22.87,22.94,22.65,22.74,2198500
XLK,2006-10-25,22.8,22.96,22.76,22.94,1284500
XLK,2006-10-26,22.92,23.08,22.84,23.06,2169900
XLK,2006-10-27,23.0,23.0,22.66,22.76,2352500
XLK,2006-10-30,22.62,22.92,22.54,22.84,2476500
XLK,2006-10-31,22.95,22.99,22.78,22.89,2823100
XLK,2006-11-01,23.0,23.0,22.65,22.77,3312000
XLK,2006-11-02,22.62,22.74,22.6,22.63,2804100
XLK,2006-11-03,22.7,22.8,22.51,22.63,1916900
XLK,2006-11-06,22.74,22.96,22.67,22.9,1514500
XLK,2006-11-07,23.05,23.14,22.68,23.02,3286500
XLK,2006-11-08,23.02,23.13,22.82,23.04,2987400
XLK,2006-11-09,23.29,23.29,23.02,23.03,3104600
XLK,2006-11-10,22.78,23.11,22.78,23.09,1608900
XLK,2006-11-13,23.15,23.31,23.09,23.29,2047400
XLK,2006-11-14,23.33,23.52,23.17,23.46,2433400
XLK,2006-11-15,23.28,23.59,23.28,23.51,1718700
XLK,2006-11-16,23.57,23.66,23.45,23.6,1622900
XLK,2006-11-17,23.5,23.64,23.4799,23.64,1547200
XLK,2006-11-20,23.6,23.72,23.52,23.64,1402000
XLK,2006-11-21,23.7,23.7,23.58,23.63,1431600
XLK,2006-11-22,23.77,23.81,23.64,23.81,1068100
XLK,2006-11-24,23.67,23.83,23.55,23.76,423500
XLK,2006-11-27,23.6,23.69,23.15,23.2,3231700
XLK,2006-11-28,23.13,23.33,23.05,23.32,2940100
XLK,2006-11-29,23.47,23.55,23.36,23.47,3165400
XLK,2006-11-30,23.46,23.62,23.37,23.52,1715200
XLK,2006-12-01,23.4,23.52,23.11,23.32,2899400
XLK,2006-12-04,23.36,23.7,23.36,23.62,1417000
XLK,2006-12-05,23.55,23.72,23.55,23.63,1159100
XLK,2006-12-06,23.64,23.71,23.46,23.48,974500
XLK,2006-12-07,23.54,23.65,23.35,23.39,1563100
XLK,2006-12-08,23.36,23.53,23.25,23.39,815200
XLK,2006-12-11,23.37,23.64,23.25,23.53,962100
XLK,2006-12-12,23.49,23.57,23.3,23.45,2978800
XLK,2006-12-13,23.64,23.64,23.33,23.49,1397700
XLK,2006-12-14,23.49,23.74,23.4,23.55,1324500
XLK,2006-12-15,23.68,23.7,23.55,23.56,1845800
XLK,2006-12-18,23.61,23.7286,23.36,23.47,2075100
XLK,2006-12-19,23.27,23.44,23.18,23.32,1489200
XLK,2006-12-20,23.42,23.52,23.31,23.33,1274900
XLK,2006-12-21,23.34,23.37,23.15,23.22,1823300
XLK,2006-12-22,23.23,23.24,23.02,23.04,1405400
XLK,2006-12-26,23.09,23.17,22.98,23.17,894100
XLK,2006-12-27,23.19,23.37,23.18,23.34,906900
XLK,2006-12-28,23.34,23.37,23.25,23.33,1005800
XLK,2006-12-29,23.32,23.49,23.25,23.28,1065100
XLK,2007-01-03,23.36,23.66,23.1,23.33,4742200
XLK,2007-01-04,23.32,23.75,23.27,23.69,2883000
XLK,2007-01-05,23.52,23.54,23.35,23.5,1649100
XLK,2007-01-08,23.5,23.65,23.42,23.57,1779300
XLK,2007-01-09,23.53,23.67,23.41,23.6,3469000
XLK,2007-01-10,23.52,23.76,23.46,23.72,2659000
XLK,2007-01-11,23.86,24.0,23.78,23.96,3568600
XLK,2007-01-12,23.98,24.06,23.84,24.02,3040600
XLK,2007-01-16,24.0,24.05,23.89,23.97,1556800
XLK,2007-01-17,23.87,23.92,23.62,23.66,1513000
XLK,2007-01-18,23.53,23.62,23.32,23.39,4830400
XLK,2007-01-19,23.25,23.4,23.23,23.38,2370700
XLK,2007-01-22,23.35,23.39,23.09,23.21,3399900
XLK,2007-01-23,23.15,23.36,23.12,23.21,1470800
XLK,2007-01-24,23.3,23.63,23.28,23.63,4381500
XLK,2007-01-25,23.72,23.82,23.34,23.34,1451400
XLK,2007-01-26,23.43,23.51,23.26,23.35,4168600
XLK,2007-01-29,23.39,23.54,23.35,23.45,2340500
XLK,2007-01-30,23.43,23.59,23.43,23.59,2498100
XLK,2007-01-31,23.55,23.79,23.41,23.73,1723400
XLK,2007-02-01,23.76,23.81,23.56,23.63,1507200
XLK,2007-02-02,23.71,23.75,23.63,23.75,1521600
XLK,2007-02-05,23.6,23.75,23.6,23.69,1034500
XLK,2007-02-06,23.68,23.74,23.48,23.66,1695700
XLK,2007-02-07,23.8,23.86,23.68,23.77,1570600
XLK,2007-02-08,23.65,23.83,23.65,23.8,1370100
XLK,2007-02-09,23.83,23.86,23.42,23.54,1887400
XLK,2007-02-12,23.45,23.52,23.38,23.44,2596000
XLK,2007-02-13,23.52,23.57,23.45,23.54,1531700
XLK,2007-02-14,23.63,23.88,23.61,23.86,1018200
XLK,2007-02-15,23.9,23.96,23.82,23.95,3063300
XLK,2007-02-16,23.77,23.9,23.74,23.9,2046300
XLK,2007-02-20,23.76,23.96,23.71,23.91,1321200
XLK,2007-02-21,23.83,23.92,23.77,23.87,1164700
XLK,2007-02-22,24.02,24.08,23.85,24.0,3578600
XLK,2007-02-23,23.94,23.9895,23.87,23.98,1007900
XLK,2007-02-26,23.9,24.04,23.78,23.92,987600
XLK,2007-02-27,23.52,23.75,22.78,23.0,4721400
XLK,2007-02-28,23.0,23.27,22.87,23.05,3617700
XLK,2007-03-01,22.73,23.2,22.39,23.07,3683600
XLK,2007-03-02,22.9,23.03,22.64,22.64,2612900
XLK,2007-03-05,22.48,22.92,22.46,22.69,1406800
XLK,2007-03-06,22.87,23.04,22.75,23.04,2177000
XLK,2007-03-07,22.91,22.96,22.75,22.75,1541900
XLK,2007-03-08,22.94,23.07,22.85,22.94,2775000
XLK,2007-03-09,23.09,23.11,22.81,23.0,1132300
XLK,2007-03-12,22.91,23.17,22.91,23.14,1593400
XLK,2007-03-13,23.04,23.1,22.7,22.77,1657100
XLK,2007-03-14,22.77,22.99,22.59,22.98,2899700
XLK,2007-03-15,22.98,23.02,22.85,22.99,2243700
XLK,2007-03-16,22.88,23.0525,22.85,22.95,2905300
XLK,2007-03-19,23.07,23.34,23.03,23.1,870500
XLK,2007-03-20,23.15,23.29,23.09,23.25,1291300
XLK,2007-03-21,23.29,23.72,23.19,23.72,858400
XLK,2007-03-22,23.61,23.65,23.42,23.63,1720200
XLK,2007-03-23,23.55,23.68,23.51,23.57,1370100
XLK,2007-03-26,23.57,23.64,23.09,23.6,958600
XLK,2007-03-27,23.54,23.61,23.5,23.61,1764900
XLK,2007-03-28,23.41,23.48,23.27,23.34,1986800
XLK,2007-03-29,23.4,23.4578,23.12,23.37,2854000
XLK,2007-03-30,23.36,23.44,23.15,23.32,3774000
XLK,2007-04-02,23.39,23.49,23.25,23.44,1573300
XLK,2007-04-03,23.49,23.73,23.4,23.63,1990900
XLK,2007-04-04,23.61,23.77,23.6,23.77,2291000
XLK,2007-04-05,23.8,23.87,23.52,23.86,659700
XLK,2007-04-09,23.86,23.94,23.8,23.86,767800
XLK,2007-04-10,23.84,23.9,23.76,23.84,1942200
XLK,2007-04-11,23.9,23.9,23.5901,23.62,2096100
XLK,2007-04-12,23.65,23.87,23.54,23.87,770800
XLK,2007-04-13,23.72,23.89,23.59,23.89,1113200
XLK,2007-04-16,23.91,24.09,23.9,24.09,1321700
XLK,2007-04-17,24.04,24.14,23.9716,24.14,1372900
XLK,2007-04-18,23.9,24.15,23.9,24.08,1066400
XLK,2007-04-19,23.89,24.15,23.86,24.09,1779600
XLK,2007-04-20,24.26,24.33,24.14,24.23,986600
XLK,2007-04-23,24.2,24.27,24.11,24.18,1606800
XLK,2007-04-24,24.37,24.4,24.15,24.31,2836600
XLK,2007-04-25,24.33,24.52,24.28,24.49,1713400
XLK,2007-04-26,24.47,24.67,24.41,24.63,719200
XLK,2007-04-27,24.51,24.7,24.51,24.61,904900
XLK,2007-04-30,24.59,24.71,24.42,24.42,925800
XLK,2007-05-01,24.49,24.54,24.34,24.54,3100100
XLK,2007-05-02,24.58,24.78,24.56,24.67,1330000
XLK,2007-05-03,24.8,24.93,24.7,24.91,1066700
XLK,2007-05-04,25.0,25.03,24.87,25.01,2949700
XLK,2007-05-07,24.95,25.04,24.93,24.98,635300
XLK,2007-05-08,24.95,25.09,24.88,25.08,1927600
XLK,2007-05-09,24.95,25.18,24.9,25.05,5624800
XLK,2007-05-10,25.04,25.16,24.83,24.92,2383200
XLK,2007-05-11,24.87,25.19,24.87,25.19,2538200
XLK,2007-05-14,25.26,25.26,24.98,25.07,704000
XLK,2007-05-15,25.1,25.26,24.97,25.03,3432100
XLK,2007-05-16,25.07,25.25,24.9599,25.25,591300
XLK,2007-05-17,25.25,25.29,25.12,25.18,510400
XLK,2007-05-18,25.27,25.32,25.12,25.31,1413200
XLK,2007-05-21,25.37,25.55,25.29,25.42,2847700
XLK,2007-05-22,25.15,25.55,25.15,25.39,1934800
XLK,2007-05-23,25.46,25.52,25.28,25.3,3864200
XLK,2007-05-24,25.24,25.39,24.89,24.98,4835200
XLK,2007-05-25,25.03,25.21,24.98,25.19,1972800
XLK,2007-05-29,25.17,25.39,25.15,25.33,2370800
XLK,2007-05-30,25.15,25.56,25.07,25.53,2252800
XLK,2007-05-31,25.63,25.7,25.56,25.65,2170800
XLK,2007-06-01,25.77,25.83,25.59,25.65,2067900
XLK,2007-06-04,25.57,25.75,25.56,25.74,1417600
XLK,2007-06-05,25.61,25.69,25.49,25.65,1376100
XLK,2007-06-06,25.54,25.57,25.35,25.35,2049000
XLK,2007-06-07,25.31,25.46,24.93,24.99,2473800
XLK,2007-06-08,24.95,25.43,24.95,25.34,1676700
XLK,2007-06-11,25.32,25.47,25.27,25.39,1122600
XLK,2007-06-12,25.21,25.39,25.07,25.09,1292600
XLK,2007-06-13,25.2,25.41,25.1,25.41,1129600
XLK,2007-06-14,25.39,25.67,25.39,25.65,849700
XLK,2007-06-15,25.78,25.88,25.73,25.78,867800
XLK,2007-06-18,25.94,25.94,25.72,25.85,658200
XLK,2007-06-19,25.7,25.89,25.69,25.84,1308400
XLK,2007-06-20,25.95,25.95,25.549,25.7,1111900
XLK,2007-06-21,25.53,25.83,25.48,25.82,1572900
XLK,2007-06-22,25.55,25.79,25.4301,25.53,1897000
XLK,2007-06-25,25.51,25.713,25.31,25.44,1461700
XLK,2007-06-26,25.51,25.59,25.28,25.35,2083000
XLK,2007-06-27,25.28,25.67,25.22,25.6,4079700
XLK,2007-06-28,25.61,25.83,25.61,25.69,1701800
XLK,2007-06-29,25.78,25.85,25.4301,25.6,1402400
XLK,2007-07-02,25.68,25.86,25.68,25.82,1678000
XLK,2007-07-03,25.9,26.06,25.89,26.0,1556500
XLK,2007-07-05,26.04,26.83,25.97,26.1,3360200
XLK,2007-07-06,26.14,26.25,26.07,26.15,2729800
XLK,2007-07-09,26.2,26.31,26.12,26.3,1010500
XLK,2007-07-10,26.05,26.23,25.95,26.0,2134200
XLK,2007-07-11,25.96,26.2,25.88,26.15,1091400
XLK,2007-07-12,26.21,26.66,26.19,26.59,1287900
XLK,2007-07-13,26.63,26.99,26.5428,26.65,1678500
XLK,2007-07-16,26.62,26.79,26.55,26.73,1393600
XLK,2007-07-17,26.72,26.93,26.7,26.82,1313600
XLK,2007-07-18,26.58,26.7,26.38,26.68,1534900
XLK,2007-07-19,26.92,27.02,26.81,26.9,3010400
XLK,2007-07-20,26.82,26.86,26.56,26.8,1573300
XLK,2007-07-23,26.83,26.94,26.75,26.84,1102700
XLK,2007-07-24,26.55,26.8499,26.39,26.57,1738000
XLK,2007-07-25,26.57,26.8,26.05,26.6,4027700
XLK,2007-07-26,26.6,26.6,25.75,26.2,2972800
XLK,2007-07-27,26.09,26.21,25.64,25.64,2058400
XLK,2007-07-30,25.75,25.91,25.57,25.73,1605500
XLK,2007-07-31,26.1,26.1,25.43,25.55,2738400
XLK,2007-08-01,25.57,26.27,25.26,25.8,9571100
XLK,2007-08-02,25.78,26.05,25.72,25.85,5042900
XLK,2007-08-03,25.95,25.96,25.35,25.35,2658000
XLK,2007-08-06,25.59,25.76,25.29,25.75,2492500
XLK,2007-08-07,25.68,25.95,25.38,25.8,2657000
XLK,2007-08-08,25.98,26.2,25.86,26.2,5281300
XLK,2007-08-09,25.84,26.4,25.41,25.6,3686600
XLK,2007-08-10,25.23,25.54,24.93,25.24,4870400
XLK,2007-08-13,25.6,25.68,25.43,25.59,2660900
XLK,2007-08-14,25.61,25.65,24.95,25.07,1520700
XLK,2007-08-15,25.05,25.25,24.63,24.75,3073600
XLK,2007-08-16,24.57,24.67,23.9,24.59,4039400
XLK,2007-08-17,25.22,25.23,24.57,24.83,4007400
XLK,2007-08-20,25.03,25.08,24.79,24.92,2193200
XLK,2007-08-21,24.86,25.21,24.84,25.0,2856400
XLK,2007-08-22,25.33,25.39,25.19,25.33,1995200
XLK,2007-08-23,25.45,25.5,25.26,25.4,1906300
XLK,2007-08-24,25.4,25.81,25.34,25.76,2567400
XLK,2007-08-27,25.63,25.78,25.62,25.62,1468800
XLK,2007-08-28,25.5,25.54,25.06,25.16,2799600
XLK,2007-08-29,25.25,25.79,25.25,25.76,3272200
XLK,2007-08-30,25.6,26.05,25.42,25.87,4312600
XLK,2007-08-31,26.15,26.15,25.88,26.04,4653600
XLK,2007-09-04,26.08,26.6101,26.04,26.44,4444400
XLK,2007-09-05,26.34,26.37,26.06,26.16,2463000
XLK,2007-09-06,26.26,26.31,26.068,26.29,2288800
XLK,2007-09-07,25.88,25.95,25.6,25.75,4738000
XLK,2007-09-10,25.98,26.0,25.56,25.7,3500100
XLK,2007-09-11,25.86,26.16,25.85,26.07,2481200
XLK,2007-09-12,26.0,26.22,25.9401,26.0,2786700
XLK,2007-09-13,26.14,26.15,25.971,26.0,1835400
XLK,2007-09-14,25.78,25.99,25.78,25.87,2896300
XLK,2007-09-17,25.86,25.98,25.76,25.86,929300
XLK,2007-09-18,26.08,26.38,25.65,26.37,3394000
XLK,2007-09-19,26.52,26.62,26.37,26.47,2072300
XLK,2007-09-20,26.43,26.66,26.43,26.57,1853400
XLK,2007-09-21,26.62,26.77,26.6,26.72,3527000
XLK,2007-09-24,26.77,26.97,26.65,26.65,6265500
XLK,2007-09-25,26.66,27.0,26.6,26.92,2967000
XLK,2007-09-26,27.36,27.36,26.95,27.09,3881800
XLK,2007-09-27,27.18,27.18,27.02,27.07,2703800
XLK,2007-09-28,27.37,27.37,26.91,26.97,2653600
XLK,2007-10-01,27.08,27.37,27.02,27.26,10141600
XLK,2007-10-02,27.3,27.47,27.23,27.36,3556200
XLK,2007-10-03,27.22,27.3,27.0,27.04,2053700
XLK,2007-10-04,27.09,27.17,26.97,27.11,5076500
XLK,2007-10-05,27.23,27.47,27.21,27.4,1930700
XLK,2007-10-08,27.38,27.56,27.36,27.45,865100
XLK,2007-10-09,27.64,27.71,27.49,27.65,2707500
XLK,2007-10-10,27.98,27.98,27.63,27.74,1793700
XLK,2007-10-11,27.9,28.01,27.2606,27.44,4907000
XLK,2007-10-12,27.51,27.74,27.47,27.71,2187500
XLK,2007-10-15,27.74,27.78,27.36,27.51,5073500
XLK,2007-10-16,27.44,27.6,27.3715,27.51,5602200
XLK,2007-10-17,27.83,27.9,27.41,27.74,6580800
XLK,2007-10-18,27.69,27.84,27.59,27.81,2397100
XLK,2007-10-19,27.75,27.82,27.09,27.15,3045900
XLK,2007-10-22,26.96,27.35,26.92,27.32,3357100
XLK,2007-10-23,27.6,27.72,27.38,27.62,6429900
XLK,2007-10-24,27.52,27.75,26.862,27.34,5611300
XLK,2007-10-25,27.52,27.59,27.13,27.57,3138200
XLK,2007-10-26,27.75,28.21,27.68,27.94,2617100
XLK,2007-10-29,28.02,28.1075,27.91,28.02,2510700
XLK,2007-10-30,27.85,28.18,27.85,28.07,2732600
XLK,2007-10-31,28.45,28.52,28.11,28.4,3877500
XLK,2007-11-01,28.6,28.6,27.95,28.09,7202300
XLK,2007-11-02,28.39,28.39,27.83,28.15,5332600
XLK,2007-11-05,28.03,28.23,26.75,28.11,4705100
XLK,2007-11-06,28.37,28.37,27.89,28.26,3377000
XLK,2007-11-07,28.15,28.16,27.5,27.5,5835400
XLK,2007-11-08,26.71,27.4,26.27,26.52,14313300
XLK,2007-11-09,25.71,26.4085,25.58,25.97,6400600
XLK,2007-11-12,25.5,26.13,25.5,25.55,7261900
XLK,2007-11-13,26.0,26.55,25.88,26.42,4478000
XLK,2007-11-14,27.0,27.0,26.08,26.27,6078800
XLK,2007-11-15,25.99,26.32,25.85,25.95,3870700
XLK,2007-11-16,25.9,26.37,25.9,26.32,3484800
XLK,2007-11-19,26.31,26.32,25.7719,25.8,4766200
XLK,2007-11-20,26.29,26.29,25.5401,26.02,5255200
XLK,2007-11-21,25.68,26.02,25.4328,25.53,6298800
XLK,2007-11-23,25.85,25.9,25.55,25.78,882100
XLK,2007-11-26,26.08,26.08,25.19,25.24,2815600
XLK,2007-11-27,25.6,25.67,25.21,25.52,3370500
XLK,2007-11-28,26.174,26.41,25.82,26.27,4242300
XLK,2007-11-29,26.39,26.53,26.23,26.4,4674700
XLK,2007-11-30,27.14,27.14,26.03,26.26,3603800
XLK,2007-12-03,26.34,26.37,26.05,26.1,2674700
XLK,2007-12-04,26.09,26.22,25.8,26.0,1971400
XLK,2007-12-05,26.44,26.65,26.2582,26.6,3866200
XLK,2007-12-06,26.79,26.96,26.55,26.87,2272000
XLK,2007-12-07,27.13,27.13,26.82,26.9,2797300
XLK,2007-12-10,27.19,27.19,26.89,27.03,2524600
XLK,2007-12-11,27.24,27.63,26.61,26.61,3667000
XLK,2007-12-12,27.3,27.35,26.66,27.07,3812800
XLK,2007-12-13,26.8301,27.1,26.82,26.93,2518800
XLK,2007-12-14,27.03,27.06,26.72,26.76,2107900
XLK,2007-12-17,26.53,26.7,26.17,26.25,1958400
XLK,2007-12-18,26.5,26.5,26.02,26.25,3387400
XLK,2007-12-19,26.46,26.47,26.17,26.42,1908300
XLK,2007-12-20,26.79,26.8,26.47,26.8,1928100
XLK,2007-12-21,26.9,27.05,26.85,27.02,3048800
XLK,2007-12-24,27.27,27.27,27.07,27.22,837100
XLK,2007-12-26,27.43,27.43,27.08,27.37,2401300
XLK,2007-12-27,27.212,27.37,26.89,26.99,1683700
XLK,2007-12-28,27.41,27.41,26.7901,26.86,1062700
XLK,2007-12-31,26.99,26.99,26.55,26.66,1786700
XLK,2008-01-02,26.65,26.72,25.971,26.12,7460600
XLK,2008-01-03,26.29,26.29,25.944,26.16,2011000
XLK,2008-01-04,25.71,25.75,25.0,25.14,3892000
XLK,2008-01-07,24.96,25.18,24.65,24.92,5599200
XLK,2008-01-08,25.04,25.25,24.2,24.26,5294900
XLK,2008-01-09,24.12,24.64,24.05,24.6,5225000
XLK,2008-01-10,24.36,24.92,24.17,24.64,6524300
XLK,2008-01-11,24.61,24.62,24.08,24.28,3284300
XLK,2008-01-14,24.6985,24.8495,24.55,24.77,4135500
XLK,2008-01-15,24.5,24.63,24.17,24.25,3663100
XLK,2008-01-16,23.99,24.17,23.57,23.72,6687300
XLK,2008-01-17,23.82,24.0285,23.31,23.51,5623500
XLK,2008-01-18,23.52,23.78,23.1,23.1,4556100
XLK,2008-01-22,22.32,22.85,22.28,22.67,172200
XLK,2008-01-23,21.87,22.87,21.31,22.87,8362600
XLK,2008-01-24,23.02,23.2,22.67,23.2,4135200
XLK,2008-01-25,23.76,23.76,22.7583,22.84,3913600
XLK,2008-01-28,22.75,22.99,22.57,22.94,2891100
XLK,2008-01-29,23.28,23.28,22.82,23.14,4257600
XLK,2008-01-30,22.95,23.5,22.95,22.96,5000700
XLK,2008-01-31,22.6,23.55,22.6,23.25,6044300
XLK,2008-02-01,23.58,23.6599,23.23,23.65,3134900
XLK,2008-02-04,23.69,23.69,23.16,23.16,1960000
XLK,2008-02-05,22.92,22.99,22.51,22.58,4144400
XLK,2008-02-06,22.61,22.79,22.21,22.33,6159500
XLK,2008-02-07,22.0,22.52,21.86,22.47,4758400
XLK,2008-02-08,22.33,22.53,22.18,22.3,4781800
XLK,2008-02-11,22.42,22.75,22.38,22.69,3191600
XLK,2008-02-12,22.98,22.98,22.56,22.74,4784100
XLK,2008-02-13,22.97,23.35,22.6101,23.26,5757200
XLK,2008-02-14,23.42,23.42,22.8,22.8,3644800
XLK,2008-02-15,22.56,22.82,22.56,22.72,2312400
XLK,2008-02-19,22.76,22.99,22.24,22.51,2312200
XLK,2008-02-20,22.38,22.61,22.1199,22.55,5785100
XLK,2008-02-21,22.77,22.82,22.24,22.51,3446800
XLK,2008-02-22,22.5,22.5,22.03,22.49,3003600
XLK,2008-02-25,22.4,22.69,22.31,22.62,2478600
XLK,2008-02-26,22.53,22.96,22.3781,22.88,3099400
XLK,2008-02-27,22.82,23.05,22.55,22.9,2521500
XLK,2008-02-28,22.88,23.03,22.61,22.61,2705000
XLK,2008-02-29,22.52,22.64,22.15,22.15,4493500
XLK,2008-03-03,22.17,22.25,21.942,22.14,2920000
XLK,2008-03-04,21.9,22.22,21.73,22.17,4308900
XLK,2008-03-05,22.35,22.52,22.13,22.33,5299400
XLK,2008-03-06,22.43,22.43,21.93,22.02,3017300
XLK,2008-03-07,21.73,22.25,21.69,22.02,4614400
XLK,2008-03-10,21.96,22.08,21.71,21.78,9308900
XLK,2008-03-11,22.13,22.55,21.86,22.55,5311900
XLK,2008-03-12,22.6,22.67,22.26,22.32,4402700
XLK,2008-03-13,21.98,22.52,21.84,22.23,3913600
XLK,2008-03-14,22.38,22.51,21.71,21.95,8236900
XLK,2008-03-17,21.18,22.11,21.11,21.85,5716000
XLK,2008-03-18,22.37,22.83,22.0288,22.83,6112100
XLK,2008-03-19,22.771,22.79,22.1,22.15,7411300
XLK,2008-03-20,22.03,22.54,22.03,22.39,6987100
XLK,2008-03-24,22.77,23.3,22.67,23.18,4051000
XLK,2008-03-25,23.26,23.27,22.97,23.2,3312400
XLK,2008-03-26,23.16,23.16,22.7,22.75,6453900
XLK,2008-03-27,22.73,22.88,22.44,22.57,7106700
XLK,2008-03-28,22.72,22.7999,22.34,22.43,4459300
XLK,2008-03-31,22.52,22.69,22.36,22.4,5812200
XLK,2008-04-01,22.87,23.39,22.75,23.05,7669100
XLK,2008-04-02,23.37,23.54,23.09,23.33,3689500
XLK,2008-04-03,23.19,23.4,23.02,23.32,6509200
XLK,2008-04-04,23.36,23.45,23.07,23.24,4081300
XLK,2008-04-07,23.33,23.52,23.21,23.26,1985300
XLK,2008-04-08,23.09,23.18,22.98,23.12,2200500
XLK,2008-04-09,23.14,23.14,22.77,23.02,1916100
XLK,2008-04-10,22.97,23.36,22.97,23.21,2213200
XLK,2008-04-11,22.99,23.02,22.55,22.59,7223800
XLK,2008-04-14,22.59,22.74,22.47,22.5,2192900
XLK,2008-04-15,22.57,22.62,22.31,22.5,4505600
XLK,2008-04-16,22.83,23.42,22.775,23.42,4649100
XLK,2008-04-17,23.23,23.42,23.0,23.41,2924700
XLK,2008-04-18,23.77,23.95,23.63,23.82,2763700
XLK,2008-04-21,23.78,24.01,23.7,23.97,5295100
XLK,2008-04-22,23.9,23.94,23.6,23.85,5081000
XLK,2008-04-23,23.9,24.16,23.839,24.0,3719900
XLK,2008-04-24,24.17,24.57,23.95,24.29,3315000
XLK,2008-04-25,24.25,24.39,23.82,24.0,5657800
XLK,2008-04-28,24.11,24.45,23.97,24.0,10221900
XLK,2008-04-29,24.03,24.31,24.0101,24.23,2908900
XLK,2008-04-30,24.3,24.48,23.8,23.8,3281800
XLK,2008-05-01,24.15,24.85,24.14,24.8,7592300
XLK,2008-05-02,24.98,25.01,24.578,24.79,6489500
XLK,2008-05-05,24.81,24.89,24.5825,24.68,1536500
XLK,2008-05-06,24.62,25.02,24.4599,24.98,3498400
XLK,2008-05-07,24.83,25.04,24.43,24.54,4704800
XLK,2008-05-08,24.62,24.76,24.47,24.65,7467100
XLK,2008-05-09,24.29,24.63,24.29,24.5,2924900
XLK,2008-05-12,24.55,24.9,24.52,24.9,1651100
XLK,2008-05-13,24.82,24.92,24.68,24.9,5497000
XLK,2008-05-14,24.97,25.31,24.94,24.95,4226000
XLK,2008-05-15,24.97,25.48,24.94,25.43,2793000
XLK,2008-05-16,25.5,25.5,25.15,25.37,3631700
XLK,2008-05-19,25.43,25.69,25.26,25.5,4212200
XLK,2008-05-20,25.19,25.25,24.84,25.1,3115200
XLK,2008-05-21,25.0,25.1,24.43,24.44,4220300
XLK,2008-05-22,24.52,24.765,24.5,24.53,2748400
XLK,2008-05-23,24.58,24.6,24.3126,24.48,3024300
XLK,2008-05-27,24.53,24.92,24.44,24.88,2569200
XLK,2008-05-28,24.96,25.05,24.76,25.02,5004100
XLK,2008-05-29,25.01,25.34,24.92,25.2,2510900
XLK,2008-05-30,25.25,25.4501,25.25,25.35,2739400
XLK,2008-06-02,25.19,25.29,24.78,24.99,3548800
XLK,2008-06-03,25.08,25.24,24.66,24.85,5067500
XLK,2008-06-04,24.78,25.12,24.73,24.9,4943800
XLK,2008-06-05,25.04,25.51,25.0,25.41,3950700
XLK,2008-06-06,25.24,25.29,24.72,24.72,6360500
XLK,2008-06-09,24.82,24.9,24.41,24.67,4081300
XLK,2008-06-10,24.33,24.76,24.3,24.56,4283900
XLK,2008-06-11,24.43,24.47,23.93,23.93,5722300
XLK,2008-06-12,24.17,24.352,23.88,24.2,5025500
XLK,2008-06-13,24.25,24.6,24.15,24.46,3231400
XLK,2008-06-16,24.31,24.68,24.28,24.52,2463600
XLK,2008-06-17,24.64,24.67,24.36,24.42,4050000
XLK,2008-06-18,24.25,24.29,24.02,24.16,4429000
XLK,2008-06-19,24.04,24.49,23.83,24.25,6326300
XLK,2008-06-20,23.74,24.14,23.57,23.75,6458100
XLK,2008-06-23,23.8,23.81,23.44,23.53,4179200
XLK,2008-06-24,23.4,23.75,23.2,23.5,5485600
XLK,2008-06-25,23.59,24.07,23.56,23.7,5132100
XLK,2008-06-26,23.49,23.53,22.81,23.25,5348700
XLK,2008-06-27,22.99,23.06,22.64,22.94,9405000
XLK,2008-06-30,22.83,23.055,22.74,22.91,4765400
XLK,2008-07-01,22.6,22.9,22.415,22.75,9249200
XLK,2008-07-02,22.93,22.98,22.4,22.45,6501500
XLK,2008-07-03,22.55,22.62,22.23,22.35,4289200
XLK,2008-07-07,22.6,22.89,22.23,22.6,6852800
XLK,2008-07-08,22.55,22.85,22.44,22.83,6674100
XLK,2008-07-09,22.81,22.81,22.1,22.15,5942900
XLK,2008-07-10,22.24,22.46,22.0,22.43,6520300
XLK,2008-07-11,22.21,22.54,21.92,22.22,13322600
XLK,2008-07-14,22.21,22.55,21.93,22.05,11831200
XLK,2008-07-15,21.79,22.37,21.58,22.0,11118900
XLK,2008-07-16,22.11,22.48,21.87,22.32,6859400
XLK,2008-07-17,22.6,22.82,22.34,22.55,13009700
XLK,2008-07-18,22.68,22.8,22.18,22.8,9669200
XLK,2008-07-21,22.53,22.54,22.1799,22.35,4975100
XLK,2008-07-22,21.9,22.23,21.75,22.23,7772800
XLK,2008-07-23,22.4,22.78,22.29,22.63,8194700
XLK,2008-07-24,22.72,22.73,22.05,22.05,6340000
XLK,2008-07-25,22.36,22.43,22.14,22.36,10109400
XLK,2008-07-28,22.37,22.37,21.87,21.89,5131600
XLK,2008-07-29,22.01,22.38,22.0,22.33,4322200
XLK,2008-07-30,22.42,22.52,22.16,22.48,7561200
XLK,2008-07-31,22.3,22.64,22.2,22.35,5926000
XLK,2008-08-01,22.48,22.48,21.9601,22.1,8789600
XLK,2008-08-04,22.18,22.2693,22.001,22.21,4525600
XLK,2008-08-05,22.27,22.71,22.17,22.63,4868900
XLK,2008-08-06,22.92,22.95,22.5,22.95,6127800
XLK,2008-08-07,22.78,23.07,22.62,22.91,8909000
XLK,2008-08-08,22.85,23.41,22.82,23.27,5891000
XLK,2008-08-11,23.41,23.79,23.27,23.56,5607200
XLK,2008-08-12,23.56,23.68,23.43,23.55,4812700
XLK,2008-08-13,23.53,23.63,23.25,23.46,4792900
XLK,2008-08-14,23.42,23.75,23.28,23.62,6264000
XLK,2008-08-15,23.68,23.83,23.52,23.7,4686300
XLK,2008-08-18,23.76,23.76,23.24,23.42,4839300
XLK,2008-08-19,23.26,23.3214,22.97,23.1,5432400
XLK,2008-08-20,23.15,23.32,22.98,23.1277,5539700
XLK,2008-08-21,22.97,23.12,22.82,23.0,4061200
XLK,2008-08-22,23.23,23.48,23.17,23.3,2932100
XLK,2008-08-25,23.23,23.33,22.95,22.95,6686300
XLK,2008-08-26,23.0,23.03,22.77,22.95,6112700
XLK,2008-08-27,23.0,23.26,22.89,23.13,3789800
XLK,2008-08-28,23.22,23.43,23.22,23.27,5322700
XLK,2008-08-29,23.1,23.18,22.75,22.8,8922400
XLK,2008-09-02,23.27,23.33,22.56,22.65,5718800
XLK,2008-09-03,22.55,22.63,22.1903,22.32,6646400
XLK,2008-09-04,22.15,22.17,21.48,21.49,8902500
XLK,2008-09-05,21.36,21.68,21.25,21.51,7203100
XLK,2008-09-08,22.09,22.09,21.33,21.78,12666800
XLK,2008-09-09,21.7,21.95,21.31,21.34,8163200
XLK,2008-09-10,21.58,21.58,21.3,21.31,7447300
XLK,2008-09-11,21.16,21.65,20.96,21.59,9756300
XLK,2008-09-12,21.38,21.75,21.17,21.61,7184100
XLK,2008-09-15,20.92,21.44,20.7,20.8,20197700
XLK,2008-09-16,20.45,21.09,20.28,20.63,27426300
XLK,2008-09-17,20.5,20.66,18.84,19.92,22131600
XLK,2008-09-18,20.13,20.77,19.51,20.77,22785900
XLK,2008-09-19,22.23,22.23,20.85,21.13,11215600
XLK,2008-09-22,21.05,21.15,20.25,20.25,8852200
XLK,2008-09-23,20.41,20.81,20.06,20.08,16727200
XLK,2008-09-24,20.34,20.49,20.13,20.35,7084300
XLK,2008-09-25,20.47,21.0172,20.365,20.55,14856900
XLK,2008-09-26,20.17,20.92,20.14,20.66,16681300
XLK,2008-09-29,20.32,20.44,18.96,19.0,20520800
XLK,2008-09-30,19.18,19.93,19.18,19.84,10347300
XLK,2008-10-01,19.68,19.77,19.28,19.67,13473700
XLK,2008-10-02,19.26,19.3828,18.67,18.85,10857900
XLK,2008-10-03,19.06,19.525,18.55,18.61,13053800
XLK,2008-10-06,18.15,18.27,17.06,17.59,20373400
XLK,2008-10-07,18.05,18.07,16.7,16.96,14862500
XLK,2008-10-08,16.3,17.35,16.29,16.52,23804100
XLK,2008-10-09,16.88,17.13,15.3,16.0,23144700
XLK,2008-10-10,15.26,16.58,14.94,15.75,31529900
XLK,2008-10-13,16.78,17.76,16.45,17.53,16433100
XLK,2008-10-14,18.39,18.45,16.93,17.16,24416400
XLK,2008-10-15,17.02,17.054,15.84,15.84,17895900
XLK,2008-10-16,15.91,16.7,15.15,16.67,19919300
XLK,2008-10-17,16.42,17.29,16.128,16.54,15632400
XLK,2008-10-20,16.8,17.2,16.38,17.2,18867500
XLK,2008-10-21,16.93,17.04,16.2,16.2,10004100
XLK,2008-10-22,16.14,16.14,15.05,15.45,11394800
XLK,2008-10-23,15.53,15.88,14.8,15.85,18529800
XLK,2008-10-24,14.34,15.53,14.29,15.06,14136100
XLK,2008-10-27,14.9,15.5398,14.6,14.75,8752300
XLK,2008-10-28,15.23,16.8,14.9609,16.74,12089000
XLK,2008-10-29,16.55,16.87,16.12,16.13,16558800
XLK,2008-10-30,16.65,16.91,16.2772,16.81,19154200
XLK,2008-10-31,16.38,17.02,16.35,16.5,23454800
XLK,2008-11-03,16.69,16.84,16.52,16.65,6774100
XLK,2008-11-04,16.96,17.45,16.84,17.18,12224000
XLK,2008-11-05,17.01,17.14,16.2699,16.3,9039400
XLK,2008-11-06,16.11,16.22,15.28,15.53,11912500
XLK,2008-11-07,15.61,15.93,15.54,15.84,9216200
XLK,2008-11-10,16.22,16.22,15.48,15.668,6290200
XLK,2008-11-11,15.58,15.63,15.13,15.33,15270400
XLK,2008-11-12,15.07,15.14,14.57,14.61,7418500
XLK,2008-11-13,14.57,15.56,13.87,15.52,14719000
XLK,2008-11-14,15.17,15.57,14.7,14.81,11080000
XLK,2008-11-17,14.56,14.88,14.33,14.39,9569400
XLK,2008-11-18,14.45,14.67,14.0,14.59,8096000
XLK,2008-11-19,14.57,14.75,13.75,13.78,8251100
XLK,2008-11-20,13.57,14.24,13.08,13.19,19011700
XLK,2008-11-21,13.35,13.89,12.94,13.89,20149200
XLK,2008-11-24,14.17,14.91,14.05,14.57,11938500
XLK,2008-11-25,14.89,15.06,14.29,14.77,12861700
XLK,2008-11-26,14.39,15.28,14.36,15.23,8758200
XLK,2008-11-28,14.97,15.33,14.97,15.25,1859000
XLK,2008-12-01,14.97,14.98,14.14,14.15,6298000
XLK,2008-12-02,14.41,14.71,14.15,14.65,8004600
XLK,2008-12-03,14.34,15.1,14.3,15.07,9659900
XLK,2008-12-04,14.76,15.06,14.25,14.46,10062500
XLK,2008-12-05,14.31,15.07,14.02,15.03,10401700
XLK,2008-12-08,15.39,15.94,15.27,15.73,9407000
XLK,2008-12-09,15.49,16.08,15.45,15.63,8168300
XLK,2008-12-10,15.7,15.88,15.41,15.5,6983200
XLK,2008-12-11,15.38,15.68,15.07,15.17,17680900
XLK,2008-12-12,14.73,15.55,14.71,15.35,7850100
XLK,2008-12-15,15.49,15.49,14.95,15.18,5570200
XLK,2008-12-16,15.31,15.97,15.26,15.97,9825600
XLK,2008-12-17,15.7,15.891,15.44,15.66,8154600
XLK,2008-12-18,15.71,15.74,15.15,15.22,8842100
XLK,2008-12-19,15.58,15.61,15.27,15.27,17321100
XLK,2008-12-22,15.29,15.35,14.8,15.06,7908000
XLK,2008-12-23,15.19,15.27,14.84,14.85,5585300
XLK,2008-12-24,14.99,15.02,14.92,14.95,1663300
XLK,2008-12-26,15.01,15.07,14.93,14.93,2123700
XLK,2008-12-29,15.07,15.07,14.72,14.94,3008200
XLK,2008-12-30,14.98,15.27,14.98,15.22,4272900
XLK,2008-12-31,15.28,15.59,15.21,15.41,4138700
XLK,2009-01-02,15.5,16.07,15.38,15.99,4479800
XLK,2009-01-05,15.89,16.035,15.72,15.94,6265700
XLK,2009-01-06,16.12,16.45,16.04,16.31,8426900
XLK,2009-01-07,16.06,16.06,15.67,15.79,6211000
XLK,2009-01-08,15.68,15.93,15.59,15.9,5710800
XLK,2009-01-09,15.9,15.94,15.49,15.55,3942800
XLK,2009-01-12,15.6,15.6,15.15,15.27,5129600
XLK,2009-01-13,15.32,15.41,15.08,15.2,8654200
XLK,2009-01-14,15.03,15.11,14.66,14.74,8512900
XLK,2009-01-15,14.73,14.97,14.37,14.84,7652300
XLK,2009-01-16,15.12,15.16,14.63,14.94,7446400
XLK,2009-01-20,14.91,14.98,14.3,14.33,16858100
XLK,2009-01-21,14.68,15.03,14.45,15.02,5862400
XLK,2009-01-22,14.7,14.93,14.44,14.68,7493000
XLK,2009-01-23,14.41,15.16,14.39,14.89,7437300
XLK,2009-01-26,14.98,15.35,14.94,15.07,7342800
XLK,2009-01-27,15.12,15.33,15.01,15.16,6140500
XLK,2009-01-28,15.39,15.78,15.31,15.59,7136400
XLK,2009-01-29,15.45,15.45,15.06,15.13,5074900
XLK,2009-01-30,15.21,15.21,14.68,14.68,5074400
XLK,2009-02-02,14.6,15.11,14.56,14.91,4930300
XLK,2009-02-03,14.98,15.28,14.7872,15.21,6325900
XLK,2009-02-04,15.34,15.64,15.17,15.2,5773900
XLK,2009-02-05,15.03,15.63,14.99,15.44,8969500
XLK,2009-02-06,15.56,16.11,15.51,15.97,7665700
XLK,2009-02-09,16.0,16.14,15.89,16.01,4604400
XLK,2009-02-10,15.95,16.08,15.27,15.36,8824500
XLK,2009-02-11,15.35,15.53,15.2,15.39,5678500
XLK,2009-02-12,15.26,15.495,15.0,15.46,5786100
XLK,2009-02-13,15.44,15.7,15.39,15.39,3917100
XLK,2009-02-17,15.0,15.04,14.75,14.75,6236000
XLK,2009-02-18,14.96,15.0,14.64,14.76,6663200
XLK,2009-02-19,14.91,14.91,14.39,14.4,6833200
XLK,2009-02-20,14.25,14.64,14.21,14.54,12284600
XLK,2009-02-23,14.6,14.62,13.83,13.87,14198400
XLK,2009-02-24,13.99,14.4399,13.9,14.24,8190700
XLK,2009-02-25,14.3,14.63,14.01,14.37,18430100
XLK,2009-02-26,14.44,14.69,14.2,14.22,7068500
XLK,2009-02-27,14.05,14.41,14.03,14.12,6967200
XLK,2009-03-02,13.94,14.18,13.67,13.78,7344700
XLK,2009-03-03,13.87,13.9499,13.58,13.65,7444800
XLK,2009-03-04,13.92,14.27,13.84,14.01,6413000
XLK,2009-03-05,13.84,14.04,13.55,13.58,6954300
XLK,2009-03-06,13.81,13.86,13.17,13.65,23331600
XLK,2009-03-09,13.37,13.67,13.08,13.22,9427500
XLK,2009-03-10,13.35,14.04,13.31,13.98,24768800
XLK,2009-03-11,14.15,14.44,14.04,14.29,14230000
XLK,2009-03-12,14.37,14.75,14.19,14.7,8088900
XLK,2009-03-13,14.74,14.8,14.5,14.7,6735700
XLK,2009-03-16,14.86,14.9,14.52,14.57,4901200
XLK,2009-03-17,14.61,15.11,14.53,15.1,5677600
XLK,2009-03-18,15.01,15.56,14.9499,15.31,10644800
XLK,2009-03-19,15.59,15.64,15.24,15.35,6228600
XLK,2009-03-20,15.34,15.47,14.9491,15.04,5266000
XLK,2009-03-23,15.41,15.93,15.26,15.93,5424300
XLK,2009-03-24,15.79,15.94,15.66,15.67,5977600
XLK,2009-03-25,15.83,16.0,15.34,15.76,9481400
XLK,2009-03-26,15.98,16.21,15.82,16.17,8377700
XLK,2009-03-27,16.03,16.04,15.79,15.82,6294300
XLK,2009-03-30,15.57,15.5724,15.18,15.33,6392700
XLK,2009-03-31,15.57,15.92,15.52,15.62,5039100
XLK,2009-04-01,15.44,16.08,15.4,16.06,6063200
XLK,2009-04-02,16.35,16.83,16.26,16.48,7322900
XLK,2009-04-03,16.53,16.78,16.44,16.71,15089200
XLK,2009-04-06,16.55,16.63,16.26,16.54,15327000
XLK,2009-04-07,16.34,16.4,16.07,16.08,6284200
XLK,2009-04-08,16.34,16.519,16.21,16.32,5335500
XLK,2009-04-09,16.71,16.93,16.62,16.73,15105781
XLK,2009-04-13,16.78,16.89,16.59,16.73,5776326
XLK,2009-04-14,16.7,16.72,16.46,16.55,5434600
XLK,2009-04-15,16.42,16.54,16.27,16.5,5672900
XLK,2009-04-16,16.72,17.07,16.59,16.99,14774300
XLK,2009-04-17,17.0,17.045,16.79,16.96,8981400
XLK,2009-04-20,16.69,16.7,16.38,16.42,5375300
XLK,2009-04-21,16.36,16.73,16.31,16.7,2146900
XLK,2009-04-22,16.64,17.11,16.6,16.78,9122800
XLK,2009-04-23,16.9,16.92,16.51,16.86,6820900
XLK,2009-04-24,17.0,17.25,16.86,17.1,5195500
XLK,2009-04-27,16.97,17.27,16.94,17.02,4374600
XLK,2009-04-28,16.93,17.135,16.8,17.01,7075700
XLK,2009-04-29,17.14,17.45,17.06,17.2,5524700
XLK,2009-04-30,17.48,17.67,17.188,17.25,12714200
XLK,2009-05-01,17.31,17.48,17.11,17.48,3511200
XLK,2009-05-04,17.6,17.83,17.495,17.8,4552100
XLK,2009-05-05,17.7,17.75,17.55,17.69,4544100
XLK,2009-05-06,17.89,17.89,17.52,17.79,7247400
XLK,2009-05-07,17.83,17.88,17.03,17.11,18319700
XLK,2009-05-08,17.33,17.37,16.94,17.09,6862300
XLK,2009-05-11,16.93,17.32,16.9,17.14,5696000
XLK,2009-05-12,17.26,17.29,16.96,17.05,5802800
XLK,2009-05-13,16.95,16.99,16.62,16.62,13209400
XLK,2009-05-14,16.74,17.0,16.69,16.8,6752500
XLK,2009-05-15,16.95,17.06,16.8,16.8,7018300
XLK,2009-05-18,17.0,17.26,16.9,17.26,4338700
XLK,2009-05-19,17.18,17.5,17.15,17.36,7119000
XLK,2009-05-20,17.48,17.56,17.16,17.18,8700800
XLK,2009-05-21,17.05,17.11,16.72,16.88,6450800
XLK,2009-05-22,16.95,17.04,16.7,16.94,5434700
XLK,2009-05-26,16.76,17.42,16.7,17.38,5743400
XLK,2009-05-27,17.39,17.6,17.2,17.21,7714900
XLK,2009-05-28,17.419,17.54,17.11,17.46,6177900
XLK,2009-05-29,17.51,17.68,17.34,17.65,5396800
XLK,2009-06-01,17.89,18.2,17.83,18.15,7937100
XLK,2009-06-02,18.03,18.3,17.97,18.11,6871900
XLK,2009-06-03,18.05,18.05,17.78,17.91,5743900
XLK,2009-06-04,18.04,18.21,18.01,18.16,9371800
XLK,2009-06-05,18.33,18.41,18.1499,18.34,9653900
XLK,2009-06-08,18.16,18.33,17.92,18.23,6718800
XLK,2009-06-09,18.35,18.45,18.19,18.31,6112700
XLK,2009-06-10,18.42,18.48,18.1,18.36,5350000
XLK,2009-06-11,18.37,18.63,18.31,18.43,6167800
XLK,2009-06-12,18.38,18.44,18.19,18.38,5705600
XLK,2009-06-15,18.24,18.33,18.01,18.19,6774700
XLK,2009-06-16,18.24,18.28,17.92,17.96,6799700
XLK,2009-06-17,18.01,18.1999,17.88,18.06,7720900
XLK,2009-06-18,18.06,18.13,17.94,17.98,6770900
XLK,2009-06-19,18.06,18.17,17.96,18.12,11448300
XLK,2009-06-22,17.95,18.0,17.61,17.67,7682200
XLK,2009-06-23,17.7,17.74,17.53,17.68,5780700
XLK,2009-06-24,17.84,18.07,17.79,17.93,6681700
XLK,2009-06-25,17.84,18.25,17.75,18.19,8693300
XLK,2009-06-26,18.13,18.25,18.08,18.16,8954700
XLK,2009-06-29,18.2,18.41,18.17,18.35,5331500
XLK,2009-06-30,18.39,18.43,18.0775,18.21,7748800
XLK,2009-07-01,18.33,18.47,18.25,18.29,11035700
XLK,2009-07-02,18.11,18.12,17.83,17.83,9273900
XLK,2009-07-06,17.75,17.88,17.63,17.78,5862300
XLK,2009-07-07,17.81,17.85,17.34,17.34,4491300
XLK,2009-07-08,17.41,17.45,17.15,17.35,8610900
XLK,2009-07-09,17.44,17.545,17.37,17.46,14031200
XLK,2009-07-10,17.4,17.57,17.33,17.53,10027700
XLK,2009-07-13,17.51,17.86,17.31,17.86,8236900
XLK,2009-07-14,17.83,17.89,17.702,17.88,6951800
XLK,2009-07-15,18.19,18.56,18.15,18.55,8305600
XLK,2009-07-16,18.5,18.84,18.44,18.82,8516500
XLK,2009-07-17,18.82,19.0,18.7375,19.0,18446100
XLK,2009-07-20,19.1,19.19,19.0,19.17,20701100
XLK,2009-07-21,19.24,19.28,19.03,19.28,15812700
XLK,2009-07-22,19.27,19.45,19.23,19.39,7262300
XLK,2009-07-23,19.38,19.87,19.34,19.77,13408600
XLK,2009-07-24,19.5,19.68,19.36,19.652,10708500
XLK,2009-07-27,19.68,19.68,19.43,19.65,5737300
XLK,2009-07-28,19.51,19.72,19.39,19.69,5887200
XLK,2009-07-29,19.59,19.67,19.45,19.67,5928400
XLK,2009-07-30,19.87,20.0599,19.73,19.77,11480600
XLK,2009-07-31,19.78,19.89,19.67,19.7,6732800
XLK,2009-08-03,19.95,19.97,19.78,19.97,7820700
XLK,2009-08-04,19.85,19.94,19.81,19.91,5821500
XLK,2009-08-05,20.0,20.0,19.65,19.73,5012100
XLK,2009-08-06,19.79,19.828,19.5201,19.59,10208200
XLK,2009-08-07,19.87,19.91,19.7,19.79,11741500
XLK,2009-08-10,19.69,19.7599,19.54,19.7,12463100
XLK,2009-08-11,19.61,19.63,19.41,19.42,4821800
XLK,2009-08-12,19.45,19.9496,19.42,19.81,5338400
XLK,2009-08-13,19.88,19.94,19.7,19.9,6075700
XLK,2009-08-14,19.88,19.91,19.57,19.71,3456000
XLK,2009-08-17,19.4,19.455,19.2,19.24,5060100
XLK,2009-08-18,19.33,19.54,19.3,19.53,3716100
XLK,2009-08-19,19.27,19.66,19.24,19.58,5720300
XLK,2009-08-20,19.6,19.83,19.54,19.8,3910500
XLK,2009-08-21,19.92,20.12,19.8,20.09,6633600
XLK,2009-08-24,20.15,20.27,20.03,20.03,4239900
XLK,2009-08-25,20.14,20.27,20.07,20.08,4613400
XLK,2009-08-26,20.07,20.225,20.04,20.17,5684300
XLK,2009-08-27,20.12,20.22,19.87,20.21,9414700
XLK,2009-08-28,20.46,20.57,20.14,20.28,11048500
XLK,2009-08-31,20.05,20.08,19.92,20.02,9825200
XLK,2009-09-01,19.94,20.2395,19.59,19.61,13648500
XLK,2009-09-02,19.58,19.74,19.53,19.65,4947200
XLK,2009-09-03,19.76,19.76,19.51,19.74,5338400
XLK,2009-09-04,19.74,20.09,19.71,20.09,10254800
XLK,2009-09-08,20.19,20.24,20.08,20.24,3124600
XLK,2009-09-09,20.2,20.44,20.156,20.39,7057500
XLK,2009-09-10,20.4,20.67,20.34,20.67,15727500
XLK,2009-09-11,20.66,20.73,20.5105,20.69,11761700
XLK,2009-09-14,20.51,20.67,20.5,20.62,4524300
XLK,2009-09-15,20.68,20.82,20.6,20.76,4569000
XLK,2009-09-16,20.85,20.99,20.71,20.92,10838600
XLK,2009-09-17,20.86,20.99,20.78,20.84,5726500
XLK,2009-09-18,20.85,20.93,20.73,20.89,6549300
XLK,2009-09-21,20.75,20.89,20.67,20.8,6007900
XLK,2009-09-22,20.96,20.97,20.79,20.91,5689900
XLK,2009-09-23,21.0,21.24,20.84,20.91,6525400
XLK,2009-09-24,21.0,21.03,20.63,20.71,5582000
XLK,2009-09-25,20.64,20.78,20.55,20.58,9222500
XLK,2009-09-28,20.7,21.08,20.7,20.92,5063000
XLK,2009-09-29,20.92,21.0223,20.765,20.81,11108200
XLK,2009-09-30,20.86,20.9899,20.55,20.87,14908100
XLK,2009-10-01,20.77,20.77,20.25,20.25,16202400
XLK,2009-10-02,20.09,20.36,20.09,20.25,7155000
XLK,2009-10-05,20.3,20.46,20.16,20.42,6220300
XLK,2009-10-06,20.52,20.81,20.5,20.79,8246500
XLK,2009-10-07,20.74,20.81,20.65,20.75,5191200
XLK,2009-10-08,20.92,20.98,20.76,20.88,4999300
XLK,2009-10-09,20.8,21.02,20.77,21.02,9212800
XLK,2009-10-12,21.1,21.15,20.92,21.03,3998800
XLK,2009-10-13,21.04,21.157,20.95,21.11,4801100
XLK,2009-10-14,21.41,21.41,21.24,21.36,9181200
XLK,2009-10-15,21.26,21.33,21.17,21.32,5721500
XLK,2009-10-16,21.23,21.24,21.0,21.12,7215600
XLK,2009-10-19,21.18,21.36,21.1,21.35,9160400
XLK,2009-10-20,21.49,21.5,21.18,21.28,7084600
XLK,2009-10-21,21.29,21.63,21.2301,21.29,9058400
XLK,2009-10-22,21.3,21.45,21.14,21.39,10329700
XLK,2009-10-23,21.67,21.7,21.24,21.33,16499000
XLK,2009-10-26,21.38,21.59,21.14,21.19,10609500
XLK,2009-10-27,21.2,21.32,21.0,21.08,9355900
XLK,2009-10-28,20.94,21.12,20.76,20.77,13055600
XLK,2009-10-29,20.97,21.2,20.86,21.17,10726100
XLK,2009-10-30,21.15,21.15,20.59,20.61,11335000
XLK,2009-11-02,20.61,20.88,20.4605,20.73,16750800
XLK,2009-11-03,20.56,20.65,20.46,20.65,15033000
XLK,2009-11-04,20.74,21.02,20.74,20.77,7935400
XLK,2009-11-05,21.06,21.27,21.01,21.22,6739200
XLK,2009-11-06,21.11,21.3,21.07,21.25,4962100
XLK,2009-11-09,21.42,21.81,21.36,21.74,7437400
XLK,2009-11-10,21.69,21.8,21.6209,21.73,5367300
XLK,2009-11-11,21.86,21.92,21.72,21.86,5211600
XLK,2009-11-12,21.86,21.955,21.68,21.7,6361400
XLK,2009-11-13,21.8,21.96,21.65,21.9,5436200
XLK,2009-11-16,22.0,22.18,21.94,22.14,8002600
XLK,2009-11-17,22.05,22.24,22.03,22.24,4999900
XLK,2009-11-18,22.21,22.21,21.99,22.12,4210700
XLK,2009-11-19,21.97,21.98,21.67,21.8,10573400
XLK,2009-11-20,21.66,21.74,21.61,21.69,5551300
XLK,2009-11-23,21.91,22.11,21.89,22.07,7236100
XLK,2009-11-24,22.06,22.065,21.9,22.03,7012600
XLK,2009-11-25,22.07,22.1091,22.01,22.07,3507600
XLK,2009-11-27,21.54,21.859,21.46,21.71,5257500
XLK,2009-11-30,21.7,21.8,21.56,21.75,6983200
XLK,2009-12-01,21.92,22.1495,21.91,22.1,8527100
XLK,2009-12-02,22.1,22.27,22.03,22.07,5212200
XLK,2009-12-03,22.17,22.27,22.03,22.08,6448300
XLK,2009-12-04,22.31,22.45,22.0,22.22,11020800
XLK,2009-12-07,22.24,22.31,22.13,22.181,6634500
XLK,2009-12-08,22.08,22.17,21.9,21.98,8826300
XLK,2009-12-09,22.02,22.19,21.88,22.19,7479300
XLK,2009-12-10,22.27,22.39,22.25,22.29,10928400
XLK,2009-12-11,22.37,22.4,22.17,22.24,4098000
XLK,2009-12-14,22.41,22.45,22.3,22.42,11716500
XLK,2009-12-15,22.37,22.46,22.2,22.28,5083800
XLK,2009-12-16,22.39,22.46,22.31,22.35,4483000
XLK,2009-12-17,22.27,22.27,22.06,22.08,5125100
XLK,2009-12-18,22.22,22.36,22.12,22.33,7314600
XLK,2009-12-21,22.47,22.62,22.41,22.53,6207700
XLK,2009-12-22,22.6,22.71,22.58,22.71,3802000
XLK,2009-12-23,22.76,22.82,22.67,22.8,5490200
XLK,2009-12-24,22.87,23.02,22.82,23.01,1666600
XLK,2009-12-28,23.05,23.11,22.95,23.08,9133300
XLK,2009-12-29,23.12,23.12,23.01,23.05,3849400
XLK,2009-12-30,23.01,23.14,22.98,23.13,5683500
XLK,2009-12-31,23.15,23.18,22.87,22.93,5763100
XLK,2010-01-04,23.14,23.29,23.1,23.27,8449400
XLK,2010-01-05,23.3,23.3,23.1,23.24,19988200
XLK,2010-01-06,23.24,23.25,22.96,22.98,10024100
XLK,2010-01-07,23.0,23.0,22.81,22.89,7292400
XLK,2010-01-08,22.86,23.06,22.7801,23.04,11886200
XLK,2010-01-11,23.14,23.15,22.84,22.95,15238900
XLK,2010-01-12,22.82,22.85,22.61,22.7,9742800
XLK,2010-01-13,22.8,22.95,22.6,22.92,10053700
XLK,2010-01-14,22.9,23.058,22.87,22.98,7506600
XLK,2010-01-15,23.02,23.04,22.59,22.66,13533300
XLK,2010-01-19,22.71,23.05,22.71,23.05,7482800
XLK,2010-01-20,22.87,22.87,22.47,22.68,14699000
XLK,2010-01-21,22.75,22.86,22.37,22.44,12803400
XLK,2010-01-22,22.4,22.4,21.63,21.66,33701200
XLK,2010-01-25,21.86,21.98,21.72,21.84,33340100
XLK,2010-01-26,21.8,22.05,21.68,21.78,16125300
XLK,2010-01-27,21.79,22.01,21.63,21.96,17685000
XLK,2010-01-28,21.85,21.88,21.24,21.33,23139300
XLK,2010-01-29,21.53,21.56,20.86,20.959,26897400
XLK,2010-02-01,21.06,21.25,21.05,21.2,19207500
XLK,2010-02-02,21.27,21.47,21.15,21.41,13695600
XLK,2010-02-03,21.33,21.51,21.3084,21.46,14783200
XLK,2010-02-04,21.33,21.37,20.84,20.86,16489100
XLK,2010-02-05,20.89,21.11,20.71,21.07,23253700
XLK,2010-02-08,21.1,21.22,20.95,20.98,22943800
XLK,2010-02-09,21.21,21.36,21.02,21.16,15887400
XLK,2010-02-10,21.21,21.24,20.97,21.1,10423400
XLK,2010-02-11,21.1,21.4,20.95,21.32,15174800
XLK,2010-02-12,21.17,21.3985,21.04,21.36,15143000
XLK,2010-02-16,21.49,21.68,21.43,21.68,10233300
XLK,2010-02-17,21.78,21.78,21.63,21.74,8903300
XLK,2010-02-18,21.73,21.92,21.68,21.88,5763800
XLK,2010-02-19,21.76,21.93,21.73,21.82,6767800
XLK,2010-02-22,21.93,21.94,21.74,21.78,7037300
XLK,2010-02-23,21.76,21.77,21.42,21.51,10485700
XLK,2010-02-24,21.61,21.79,21.588,21.72,7539000
XLK,2010-02-25,21.44,21.7,21.3,21.66,11657500
XLK,2010-02-26,21.66,21.75,21.56,21.69,9702000
XLK,2010-03-01,21.8,21.99,21.76,21.97,6421800
XLK,2010-03-02,22.07,22.11,21.87,21.94,7011900
XLK,2010-03-03,22.0,22.06,21.8899,21.95,8331800
XLK,2010-03-04,21.98,22.0599,21.8219,22.04,3623800
XLK,2010-03-05,22.2,22.34,22.12,22.31,7047900
XLK,2010-03-08,22.35,22.47,22.32,22.43,5859400
XLK,2010-03-09,22.4,22.67,22.36,22.53,12001900
XLK,2010-03-10,22.54,22.72,22.52,22.68,16908500
XLK,2010-03-11,22.62,22.77,22.58,22.77,5453700
XLK,2010-03-12,22.83,22.9627,22.69,22.75,7459200
XLK,2010-03-15,22.67,22.76,22.56,22.73,8782000
XLK,2010-03-16,22.73,22.905,22.71,22.9,6614800
XLK,2010-03-17,22.93,23.1,22.88,22.97,9810500
XLK,2010-03-18,22.96,23.05,22.93,23.0,4501600
XLK,2010-03-19,23.02,23.03,22.69,22.79,9043000
XLK,2010-03-22,22.68,23.06,22.66,22.96,8430800
XLK,2010-03-23,23.04,23.2,22.94,23.18,5978400
XLK,2010-03-24,23.07,23.14,23.0,23.07,5877100
XLK,2010-03-25,23.22,23.38,23.06,23.11,8330200
XLK,2010-03-26,23.17,23.2,22.95,23.0,8580600
XLK,2010-03-29,23.1,23.2,23.04,23.07,7747200
XLK,2010-03-30,23.13,23.25,23.03,23.17,5314500
XLK,2010-03-31,23.1,23.18,23.0,23.1,4678200
XLK,2010-04-01,23.16,23.29,22.9,23.06,9106700
XLK,2010-04-05,23.14,23.34,22.9273,23.33,4849600
XLK,2010-04-06,23.25,23.41,23.16,23.35,5071900
XLK,2010-04-07,23.28,23.378,23.14,23.26,5710300
XLK,2010-04-08,23.18,23.33,23.07,23.3,8455200
XLK,2010-04-09,23.35,23.49,23.27,23.48,5489300
XLK,2010-04-12,23.5,23.61,23.48,23.53,4160400
XLK,2010-04-13,23.5,23.64,23.42,23.6,5938600
XLK,2010-04-14,23.79,23.95,23.75,23.94,14981300
XLK,2010-04-15,23.96,24.06,23.89,24.05,9490200
XLK,2010-04-16,23.91,24.02,23.61,23.73,15201200
XLK,2010-04-19,23.69,23.82,23.52,23.78,8766800
XLK,2010-04-20,23.86,23.96,23.72,23.91,6943500
XLK,2010-04-21,24.05,24.08,23.8407,23.96,9400300
XLK,2010-04-22,23.73,24.04,23.56,24.02,4160500
XLK,2010-04-23,24.01,24.11,23.87,24.08,12870200
XLK,2010-04-26,24.13,24.16,24.02,24.05,9812900
XLK,2010-04-27,23.95,24.06,23.535,23.58,28249000
XLK,2010-04-28,23.73,23.73,23.44,23.65,12760700
XLK,2010-04-29,23.76,23.93,23.71,23.89,9053600
XLK,2010-04-30,23.87,23.91,23.38,23.389,10547600
XLK,2010-05-03,23.46,23.8018,23.46,23.71,6884500
XLK,2010-05-04,23.43,23.46,22.89,23.03,14840300
XLK,2010-05-05,22.8,23.085,22.78,22.93,13465000
XLK,2010-05-06,22.77,22.99,20.64,22.24,25522400
XLK,2010-05-07,22.14,22.3081,21.25,21.75,25222100
XLK,2010-05-10,22.69,22.85,22.53,22.75,23388200
XLK,2010-05-11,22.51,23.0,22.49,22.6,12865000
XLK,2010-05-12,22.76,23.19,22.76,23.19,11812100
XLK,2010-05-13,23.11,23.27,22.8,22.85,11439800
XLK,2010-05-14,22.65,22.7,22.17,22.41,16496600
XLK,2010-05-17,22.47,22.55,22.07,22.52,14987600
XLK,2010-05-18,22.67,22.7,22.08,22.18,22515200
XLK,2010-05-19,22.12,22.3,21.83,22.01,26722600
XLK,2010-05-20,21.66,21.7135,21.24,21.31,19818400
XLK,2010-05-21,20.94,21.6,20.86,21.47,21022000
XLK,2010-05-24,21.48,21.66,21.34,21.37,12961700
XLK,2010-05-25,20.82,21.35,20.67,21.31,18287900
XLK,2010-05-26,21.51,21.72,21.04,21.1,24322600
XLK,2010-05-27,21.58,21.84,21.51,21.82,19121700
XLK,2010-05-28,21.83,21.84,21.49,21.64,12116300
XLK,2010-06-01,21.54,21.88,21.4,21.43,13233500
XLK,2010-06-02,21.55,21.91,21.4,21.91,10380000
XLK,2010-06-03,21.98,22.17,21.8535,22.13,12585000
XLK,2010-06-04,21.66,21.95,21.34,21.42,18494500
XLK,2010-06-07,21.53,21.595,21.07,21.11,10543200
XLK,2010-06-08,21.14,21.21,20.83,21.15,13325200
XLK,2010-06-09,21.31,21.5,20.9426,21.04,13313500
XLK,2010-06-10,21.27,21.57,21.23,21.55,14212800
XLK,2010-06-11,21.33,21.78,21.33,21.74,10725300
XLK,2010-06-14,21.97,22.04,21.67,21.7,13023800
XLK,2010-06-15,21.83,22.29,21.8,22.27,11526800
XLK,2010-06-16,22.18,22.4,22.125,22.33,7753800
XLK,2010-06-17,22.43,22.45,22.18,22.41,9918600
XLK,2010-06-18,22.35,22.448,22.26,22.33,7119300
XLK,2010-06-21,22.58,22.62,22.06,22.17,8742200
XLK,2010-06-22,22.24,22.395,21.95,21.98,10183400
XLK,2010-06-23,22.05,22.11,21.77,21.94,9409800
XLK,2010-06-24,21.84,21.9,21.46,21.5,15264100
XLK,2010-06-25,21.63,21.65,21.31,21.475,15665500
XLK,2010-06-28,21.45,21.62,21.34,21.52,10263600
XLK,2010-06-29,21.16,21.19,20.57,20.72,19833600
XLK,2010-06-30,20.63,20.8,20.34,20.4,12500000
XLK,2010-07-01,20.41,20.54,20.01,20.32,22905400
XLK,2010-07-02,20.41,20.48,20.15,20.29,8511000
XLK,2010-07-06,20.61,20.76,20.28,20.49,15336200
XLK,2010-07-07,20.52,21.18,20.49,21.15,12890300
XLK,2010-07-08,21.36,21.36,21.04,21.28,8666400
XLK,2010-07-09,21.265,21.39,21.23,21.39,7858200
XLK,2010-07-12,21.34,21.58,21.34,21.49,8713600
XLK,2010-07-13,21.71,21.87,21.56,21.8,10291000
XLK,2010-07-14,21.88,22.07,21.81,21.93,12383400
XLK,2010-07-15,21.88,22.02,21.65,22.0,12419500
XLK,2010-07-16,21.81,21.86,21.35,21.3725,15108100
XLK,2010-07-19,21.46,21.63,21.35,21.58,7352300
XLK,2010-07-20,21.2,21.75,21.11,21.72,15609800
XLK,2010-07-21,21.89,21.91,21.39,21.46,16655100
XLK,2010-07-22,21.73,22.11,21.72,22.04,11718800
XLK,2010-07-23,21.98,22.19,21.9099,22.19,10386400
XLK,2010-07-26,22.19,22.34,22.1,22.32,6576300
XLK,2010-07-27,22.4,22.45,22.27,22.39,7794200
XLK,2010-07-28,22.35,22.43,22.13,22.21,13176700
XLK,2010-07-29,22.29,22.32,21.83,22.01,10647700
XLK,2010-07-30,21.77,22.035,21.7,21.92,8956200
XLK,2010-08-02,22.18,22.44,22.11,22.38,15710300
XLK,2010-08-03,22.35,22.36,22.21,22.26,5393700
XLK,2010-08-04,22.32,22.45,22.17,22.44,14681600
XLK,2010-08-05,22.29,22.38,22.2,22.34,5064800
XLK,2010-08-06,22.13,22.31,21.98,22.28,15617100
XLK,2010-08-09,22.34,22.47,22.25,22.43,13552800
XLK,2010-08-10,22.22,22.32,22.04,22.2,11289300
XLK,2010-08-11,21.86,21.87,21.59,21.67,18061500
XLK,2010-08-12,21.24,21.46,21.14,21.37,15165800
XLK,2010-08-13,21.28,21.4,21.24,21.27,6078800
XLK,2010-08-16,21.14,21.42,21.08,21.31,10268600
XLK,2010-08-17,21.51,21.73,21.43,21.54,17100600
XLK,2010-08-18,21.54,21.78,21.47,21.66,12616100
XLK,2010-08-19,21.58,21.65,21.27,21.4,13811100
XLK,2010-08-20,21.33,21.42,21.23,21.35,9316400
XLK,2010-08-23,21.46,21.51,21.16,21.16,8183700
XLK,2010-08-24,20.93,21.079,20.77,20.87,10590300
XLK,2010-08-25,20.74,21.09,20.69,21.0,11052900
XLK,2010-08-26,21.1,21.1295,20.76,20.79,10154700
XLK,2010-08-27,20.91,21.05,20.58,21.04,14991700
XLK,2010-08-30,20.93,21.09,20.76,20.76,7593500
XLK,2010-08-31,20.71,20.84,20.58,20.69,15520000
XLK,2010-09-01,20.97,21.3,20.93,21.22,14798100
XLK,2010-09-02,21.23,21.41,21.19,21.41,9306500
XLK,2010-09-03,21.6,21.73,21.51,21.73,10359000
XLK,2010-09-07,21.63,21.74,21.53,21.55,7839400
XLK,2010-09-08,21.62,21.72,21.56,21.67,9290800
XLK,2010-09-09,21.85,21.89,21.69,21.73,6947600
XLK,2010-09-10,21.75,21.77,21.6,21.74,8150300
XLK,2010-09-13,21.95,22.17,21.92,22.13,11598700
XLK,2010-09-14,22.13,22.4,22.05,22.22,9427200
XLK,2010-09-15,22.2,22.41,22.1594,22.36,7381700
XLK,2010-09-16,22.33,22.51,22.29,22.49,7799800
XLK,2010-09-17,22.56,22.5801,22.42,22.53,14417700
XLK,2010-09-20,22.61,22.9,22.56,22.86,9552600
XLK,2010-09-21,22.89,23.01,22.74,22.82,18634600
XLK,2010-09-22,22.73,22.84,22.59,22.71,8405800
XLK,2010-09-23,22.56,22.92,22.53,22.68,9931300
XLK,2010-09-24,22.9,23.14,22.9,23.12,8166300
XLK,2010-09-27,23.17,23.31,23.08,23.13,15319100
XLK,2010-09-28,23.19,23.21,22.83,23.16,14716000
XLK,2010-09-29,23.11,23.21,23.05,23.11,6133500
XLK,2010-09-30,23.23,23.37,22.89,23.02,13139300
XLK,2010-10-01,23.18,23.22,22.95,23.03,12167700
XLK,2010-10-04,22.91,23.03,22.68,22.84,8488000
XLK,2010-10-05,23.0,23.35,22.99,23.29,7712900
XLK,2010-10-06,23.29,23.36,22.99,23.18,7170000
XLK,2010-10-07,23.27,23.28,23.015,23.18,4949700
XLK,2010-10-08,23.19,23.36,23.03,23.31,6670600
XLK,2010-10-11,23.36,23.4525,23.26,23.35,6041000
XLK,2010-10-12,23.28,23.54,23.145,23.49,11007300
XLK,2010-10-13,23.63,23.79,23.56,23.68,15479500
XLK,2010-10-14,23.73,23.7707,23.5638,23.69,5514600
XLK,2010-10-15,24.01,24.1,23.81,24.09,21347000
XLK,2010-10-18,24.1,24.25,24.01,24.25,10750600
XLK,2010-10-19,23.79,24.0,23.64,23.82,25204700
XLK,2010-10-20,23.9,24.16,23.85,24.02,23627300
XLK,2010-10-21,24.15,24.2,23.791,24.04,27646400
XLK,2010-10-22,24.04,24.13,23.99,24.11,5762600
XLK,2010-10-25,24.2,24.36,24.18,24.18,9500000
XLK,2010-10-26,24.09,24.27,23.99,24.24,10317900
XLK,2010-10-27,24.14,24.33,24.056,24.31,11837300
XLK,2010-10-28,24.41,24.43,24.145,24.31,8548100
XLK,2010-10-29,24.35,24.45,24.31,24.35,8338600
XLK,2010-11-01,24.47,24.62,24.265,24.37,8468900
XLK,2010-11-02,24.59,24.67,24.54,24.61,7486900
XLK,2010-11-03,24.65,24.76,24.45,24.75,15116400
XLK,2010-11-04,25.01,25.14,24.955,25.12,13673500
XLK,2010-11-05,25.13,25.13,24.99,25.1,8737700
XLK,2010-11-08,25.05,25.1501,25.0,25.12,7502100
XLK,2010-11-09,25.2,25.28,24.93,25.05,9079800
XLK,2010-11-10,25.08,25.105,24.84,25.07,7053000
XLK,2010-11-11,24.59,24.72,24.44,24.685,12127700
XLK,2010-11-12,24.56,24.68,24.22,24.34,10785400
XLK,2010-11-15,24.46,24.48,24.25,24.27,8799600
XLK,2010-11-16,24.1,24.18,23.74,23.83,17915400
XLK,2010-11-17,23.86,24.0,23.74,23.84,10412900
XLK,2010-11-18,24.1,24.3425,24.09,24.24,10805200
XLK,2010-11-19,24.24,24.34,24.16,24.31,5119900
XLK,2010-11-22,24.2,24.45,24.135,24.45,9414200
XLK,2010-11-23,24.22,24.26,23.9699,24.09,11009400
XLK,2010-11-24,24.29,24.5,24.26,24.49,7216200
XLK,2010-11-26,24.29,24.44,24.24,24.25,2490000
XLK,2010-11-29,24.23,24.3,23.97,24.19,7171000
XLK,2010-11-30,23.97,24.08,23.87,23.95,10692800
XLK,2010-12-01,24.3,24.53,24.24,24.46,10727300
XLK,2010-12-02,24.49,24.77,24.47,24.75,9625600
XLK,2010-12-03,24.62,24.82,24.61,24.805,9177400
XLK,2010-12-06,24.78,24.87,24.75,24.81,6437800
XLK,2010-12-07,25.1,25.1035,24.82,24.84,9910600
XLK,2010-12-08,24.93,25.05,24.81,25.05,9010900
XLK,2010-12-09,25.15,25.16,24.97,25.07,6231300
XLK,2010-12-10,25.12,25.21,25.04,25.185,5817000
XLK,2010-12-13,25.29,25.32,25.12,25.14,6901100
XLK,2010-12-14,25.14,25.27,25.12,25.18,6291700
XLK,2010-12-15,25.15,25.28,25.01,25.08,4598500
XLK,2010-12-16,25.11,25.23,25.0,25.12,5935200
XLK,2010-12-17,25.09,25.13,25.02,25.08,5978800
XLK,2010-12-20,25.14,25.17,24.95,25.1,4769200
XLK,2010-12-21,25.18,25.2599,25.1399,25.25,5557700
XLK,2010-12-22,25.22,25.25,25.18,25.22,5407800
XLK,2010-12-23,25.19,25.2399,25.13,25.21,3228200
XLK,2010-12-27,25.1,25.295,25.05,25.26,2991400
XLK,2010-12-28,25.31,25.33,25.205,25.23,2907500
XLK,2010-12-29,25.3,25.34,25.25,25.28,3734900
XLK,2010-12-30,25.26,25.29,25.19,25.22,5046000
XLK,2010-12-31,25.21,25.24,25.09,25.19,6352100
XLK,2011-01-03,25.38,25.61,25.38,25.47,7427500
XLK,2011-01-04,25.59,25.62,25.4,25.57,9191700
XLK,2011-01-05,25.52,25.75,25.47,25.72,11835400
XLK,2011-01-06,25.78,25.87,25.67,25.87,11044500
XLK,2011-01-07,25.85,25.87,25.5305,25.75,8915600
XLK,2011-01-10,25.72,25.815,25.6011,25.7725,10333300
XLK,2011-01-11,25.86,25.88,25.65,25.73,8391400
XLK,2011-01-12,25.88,25.98,25.79,25.96,13577500
XLK,2011-01-13,25.98,26.01,25.86,25.94,13043400
XLK,2011-01-14,25.96,26.17,25.91,26.17,7853400
XLK,2011-01-18,26.01,26.23,25.98,26.1975,8633000
XLK,2011-01-19,26.26,26.26,25.9301,26.01,11215600
XLK,2011-01-20,25.92,25.925,25.65,25.87,15358600
XLK,2011-01-21,26.02,26.03,25.71,25.72,11631700
XLK,2011-01-24,25.73,26.1,25.725,26.08,18491700
XLK,2011-01-25,26.02,26.21,25.96,26.2,11013500
XLK,2011-01-26,26.27,26.43,26.2001,26.35,8285500
XLK,2011-01-27,26.36,26.52,26.29,26.44,9046500
XLK,2011-01-28,26.47,26.47,25.74,25.83,16181700
XLK,2011-01-31,25.85,25.99,25.7,25.99,13986500
XLK,2011-02-01,26.18,26.485,26.15,26.43,12372700
XLK,2011-02-02,26.3701,26.53,26.3701,26.4775,8747500
XLK,2011-02-03,26.47,26.58,26.25,26.52,11464500
XLK,2011-02-04,26.57,26.71,26.47,26.69,7567600
XLK,2011-02-07,26.75,26.95,26.7401,26.8225,9798200
XLK,2011-02-08,26.88,26.95,26.77,26.9325,5188000
XLK,2011-02-09,26.89,26.96,26.8,26.88,5187200
XLK,2011-02-10,26.67,26.83,26.57,26.76,7838400
XLK,2011-02-11,26.77,26.94,26.7,26.9025,12749600
XLK,2011-02-14,26.88,26.99,26.8668,26.94,5941800
XLK,2011-02-15,26.89,26.89,26.74,26.84,6042400
XLK,2011-02-16,26.92,27.02,26.84,26.9875,6786500
XLK,2011-02-17,26.86,27.07,26.84,27.04,6648900
XLK,2011-02-18,27.07,27.09,26.93,27.0,6334100
XLK,2011-02-22,26.66,26.79,26.29,26.34,22346800
XLK,2011-02-23,26.25,26.3,25.87,26.03,12255900
XLK,2011-02-24,26.05,26.2,25.825,26.12,11331700
XLK,2011-02-25,26.29,26.48,26.24,26.45,7802900
XLK,2011-02-28,26.54,26.63,26.38,26.56,9252300
XLK,2011-03-01,26.61,26.66,26.0311,26.05,14544000
XLK,2011-03-02,26.09,26.4064,26.06,26.21,9927300
XLK,2011-03-03,26.46,26.64,26.45,26.63,9558500
XLK,2011-03-04,26.63,26.63,26.26,26.415,13890700
XLK,2011-03-07,26.53,26.53,25.92,26.08,14804700
XLK,2011-03-08,26.1,26.4085,26.0,26.2975,10963200
XLK,2011-03-09,26.22,26.2912,26.03,26.19,11863500
XLK,2011-03-10,25.89,25.91,25.66,25.7,14795600
XLK,2011-03-11,25.56,25.9,25.56,25.8,11382200
XLK,2011-03-14,25.67,25.845,25.53,25.68,9614800
XLK,2011-03-15,24.93,25.43,24.87,25.3,14894700
XLK,2011-03-16,25.16,25.25,24.52,24.6825,21381100
XLK,2011-03-17,25.02,25.18,24.9,24.94,10933100
XLK,2011-03-18,25.19,25.2,24.87,24.9,18415100
XLK,2011-03-21,25.3,25.47,25.26,25.3225,8900600
XLK,2011-03-22,25.36,25.38,25.25,25.28,9139300
XLK,2011-03-23,25.22,25.485,25.11,25.42,5835600
XLK,2011-03-24,25.62,25.85,25.5,25.8175,10400600
XLK,2011-03-25,25.9,26.02,25.85,25.88,6240100
XLK,2011-03-28,25.98,26.04,25.8,25.82,8266100
XLK,2011-03-29,25.79,26.01,25.67,26.0,5135800
XLK,2011-03-30,26.15,26.17,26.05,26.11,6227300
XLK,2011-03-31,26.07,26.15,26.02,26.0625,6216000
XLK,2011-04-01,26.18,26.24,25.93,26.01,10937400
XLK,2011-04-04,26.07,26.08,25.82,25.92,5869800
XLK,2011-04-05,25.91,26.07,25.85,25.88,9914200
XLK,2011-04-06,26.06,26.11,25.92,26.07,10946600
XLK,2011-04-07,26.04,26.17,25.87,26.08,9150300
XLK,2011-04-08,26.18,26.18,25.84,25.93,6367000
XLK,2011-04-11,25.97,26.03,25.81,25.89,5796400
XLK,2011-04-12,25.74,25.81,25.5901,25.68,8053400
XLK,2011-04-13,25.81,25.94,25.7,25.84,7222200
XLK,2011-04-14,25.71,25.82,25.5681,25.79,5507500
XLK,2011-04-15,25.72,25.8,25.59,25.74,10171800
XLK,2011-04-18,25.47,25.52,25.2,25.51,8813500
XLK,2011-04-19,25.54,25.58,25.421,25.58,9963900
XLK,2011-04-20,25.96,26.16,25.94,26.119,9224500
XLK,2011-04-21,26.36,26.37,26.22,26.35,10148000
XLK,2011-04-25,26.35,26.4,26.29,26.37,6259700
XLK,2011-04-26,26.43,26.679,26.39,26.59,7200000
XLK,2011-04-27,26.65,26.79,26.54,26.75,8016900
XLK,2011-04-28,26.69,26.79,26.64,26.76,8481800
XLK,2011-04-29,26.74,26.79,26.66,26.74,7500000
XLK,2011-05-02,26.86,26.89,26.61,26.64,6707500
XLK,2011-05-03,26.64,26.7,26.48,26.65,8151800
XLK,2011-05-04,26.66,26.71,26.39,26.57,10876900
XLK,2011-05-05,26.5,26.7,26.34,26.43,13400000
XLK,2011-05-06,26.66,26.8,26.455,26.48,10634500
XLK,2011-05-09,26.54,26.68,26.44,26.59,3944100
XLK,2011-05-10,26.65,26.86,26.61,26.83,13566000
XLK,2011-05-11,26.82,26.88,26.44,26.59,11842400
XLK,2011-05-12,26.52,26.8201,26.3709,26.79,10967700
XLK,2011-05-13,26.6902,26.72,26.4329,26.46,10204100
XLK,2011-05-16,26.34,26.4699,26.03,26.08,16969400
XLK,2011-05-17,25.93,26.09,25.79,26.08,55050600
XLK,2011-05-18,26.1,26.31,26.05,26.27,11957700
XLK,2011-05-19,26.37,26.38,26.16,26.32,8118500
XLK,2011-05-20,26.29,26.36,26.11,26.169,13429300
XLK,2011-05-23,25.81,25.9,25.7,25.8,12598400
XLK,2011-05-24,25.86,25.87,25.71,25.72,8765700
XLK,2011-05-25,25.68,25.93,25.64,25.8,12408100
XLK,2011-05-26,25.76,26.02,25.75,25.97,11132100
XLK,2011-05-27,25.99,26.1,25.96,26.1,12554600
XLK,2011-05-31,26.32,26.46,26.19,26.46,10672600
XLK,2011-06-01,26.39,26.48,25.89,25.91,16627500
XLK,2011-06-02,25.94,26.03,25.81,25.93,10404900
XLK,2011-06-03,25.63,25.7885,25.51,25.54,10777300
XLK,2011-06-06,25.52,25.6,25.33,25.35,8436000
XLK,2011-06-07,25.43,25.49,25.26,25.27,8791000
XLK,2011-06-08,25.17,25.2354,25.03,25.1,9993600
XLK,2011-06-09,25.11,25.22,25.04,25.12,5333500
XLK,2011-06-10,25.03,25.06,24.75,24.77,10899200
XLK,2011-06-13,24.79,24.91,24.7,24.79,11664900
XLK,2011-06-14,25.01,25.17,24.98,25.1,9117200
XLK,2011-06-15,24.86,24.98,24.58,24.63,16561700
XLK,2011-06-16,24.61,24.745,24.39,24.57,9205900
XLK,2011-06-17,24.73,24.75,24.385,24.445,19947900
XLK,2011-06-20,24.35,24.61,24.34,24.5425,8727100
XLK,2011-06-21,24.67,25.03,24.56,24.98,14340900
XLK,2011-06-22,24.84,24.99,24.78,24.8,11046200
XLK,2011-06-23,24.5,24.99,24.44,24.97,12575200
XLK,2011-06-24,24.89,24.9,24.51,24.54,11760600
XLK,2011-06-27,24.59,25.0,24.52,24.87,11981000
XLK,2011-06-28,24.94,25.19,24.92,25.18,8059400
XLK,2011-06-29,25.27,25.38,25.12,25.38,8282800
XLK,2011-06-30,25.49,25.73,25.46,25.7,9098500
XLK,2011-07-01,25.73,26.16,25.65,26.12,11451300
XLK,2011-07-05,26.1,26.2,26.04,26.16,8155900
XLK,2011-07-06,26.15,26.3288,26.05,26.28,6758600
XLK,2011-07-07,26.45,26.66,26.43,26.6,13009100
XLK,2011-07-08,26.35,26.47,26.2,26.47,11954200
XLK,2011-07-11,26.18,26.31,25.94,26.03,11690700
XLK,2011-07-12,25.95,26.04,25.77,25.8,9430900
XLK,2011-07-13,25.93,26.13,25.78,25.86,5580100
XLK,2011-07-14,25.91,26.08,25.54,25.64,10747700
XLK,2011-07-15,25.89,25.95,25.73,25.92,14235400
XLK,2011-07-18,25.79,25.93,25.6,25.83,8380600
XLK,2011-07-19,26.08,26.46,26.06,26.45,12320400
XLK,2011-07-20,26.65,26.65,26.32,26.37,5926800
XLK,2011-07-21,26.33,26.615,26.2,26.49,11212200
XLK,2011-07-22,26.48,26.7686,26.45,26.72,6315000
XLK,2011-07-25,26.5,26.79,26.4429,26.65,5902800
XLK,2011-07-26,26.67,26.88,26.6311,26.77,8329400
XLK,2011-07-27,26.5,26.52,26.01,26.06,13465700
XLK,2011-07-28,26.02,26.31,25.93,26.02,10704600
XLK,2011-07-29,25.78,26.09,25.61,25.81,11477500
XLK,2011-08-01,26.14,26.2099,25.49,25.79,11998100
XLK,2011-08-02,25.64,25.78,25.21,25.25,21124100
XLK,2011-08-03,25.27,25.58,24.92,25.51,21535600
XLK,2011-08-04,25.21,25.26,24.44,24.48,33695900
XLK,2011-08-05,24.65,24.7601,23.61,24.33,32841700
XLK,2011-08-08,23.59,23.98,22.96,22.96,44960800
XLK,2011-08-09,23.22,24.02,22.62,24.01,41803000
XLK,2011-08-10,23.56,23.79,23.01,23.07,34620600
XLK,2011-08-11,23.42,24.26,23.2911,23.95,31596500
XLK,2011-08-12,24.26,24.29,23.8892,24.121,14585900
XLK,2011-08-15,24.31,24.58,24.19,24.55,34968200
XLK,2011-08-16,24.35,24.547,24.04,24.37,20233200
XLK,2011-08-17,24.35,24.57,24.01,24.26,21577300
XLK,2011-08-18,23.57,23.58,22.85,23.08,30947500
XLK,2011-08-19,22.78,23.2,22.47,22.52,37744700
XLK,2011-08-22,22.98,23.03,22.55,22.64,20322400
XLK,2011-08-23,22.8,23.49,22.72,23.47,18570200
XLK,2011-08-24,23.45,23.74,23.28,23.68,22489300
XLK,2011-08-25,23.68,23.7861,23.26,23.34,20437800
XLK,2011-08-26,23.25,23.865,23.0,23.8,23166400
XLK,2011-08-29,24.04,24.41,24.03,24.4,19926000
XLK,2011-08-30,24.35,24.63,24.172,24.5,12470200
XLK,2011-08-31,24.63,24.8,24.241,24.44,12260300
XLK,2011-09-01,24.49,24.68,24.16,24.17,11321600
XLK,2011-09-02,23.76,23.885,23.53,23.62,14339500
XLK,2011-09-06,23.11,23.56,23.0,23.51,11431600
XLK,2011-09-07,23.85,24.12,23.8,24.12,10757700
XLK,2011-09-08,24.03,24.35,23.94,24.0,9456000
XLK,2011-09-09,23.82,23.9486,23.37,23.49,16506900
XLK,2011-09-12,23.35,23.78,23.22,23.77,11252600
XLK,2011-09-13,23.88,24.12,23.72,24.05,16342200
XLK,2011-09-14,24.23,24.675,23.94,24.41,16810800
XLK,2011-09-15,24.65,24.85,24.46,24.8,12576900
XLK,2011-09-16,24.79,24.98,24.73,24.98,15003600
XLK,2011-09-19,24.66,25.02,24.46,24.92,11764400
XLK,2011-09-20,25.06,25.29,24.835,24.86,24734100
XLK,2011-09-21,24.96,25.15,24.48,24.49,22080800
XLK,2011-09-22,23.85,24.0789,23.42,23.73,41231000
XLK,2011-09-23,23.66,24.075,23.56,24.0,26098900
XLK,2011-09-26,24.11,24.35,23.71,24.3,20508100
XLK,2011-09-27,24.72,24.98,24.47,24.61,21943400
XLK,2011-09-28,24.69,24.84,24.24,24.26,12328800
XLK,2011-09-29,24.62,24.71,23.83,24.21,19692900
XLK,2011-09-30,23.89,24.09,23.57,23.6,16486600
XLK,2011-10-03,23.41,23.76,23.04,23.07,23539400
XLK,2011-10-04,22.82,23.55,22.6,23.54,16976100
XLK,2011-10-05,23.494,24.07,23.3,24.03,13240100
XLK,2011-10-06,23.98,24.4,23.84,24.39,10667400
XLK,2011-10-07,24.42,24.55,24.1529,24.3,9772600
XLK,2011-10-10,24.57,25.07,24.57,25.05,8208300
XLK,2011-10-11,24.96,25.22,24.9,25.16,10772300
XLK,2011-10-12,25.36,25.54,25.27,25.27,9613300
XLK,2011-10-13,25.25,25.57,25.19,25.55,9975700
XLK,2011-10-14,25.9,26.04,25.78,26.0,11503000
XLK,2011-10-17,25.95,25.96,25.48,25.59,8901300
XLK,2011-10-18,25.52,25.97,25.2815,25.82,8709800
XLK,2011-10-19,25.67,25.72,25.27,25.32,12244800
XLK,2011-10-20,25.31,25.34,24.9,25.21,8937700
XLK,2011-10-21,25.49,25.6599,25.34,25.53,9792300
XLK,2011-10-24,25.62,26.01,25.57,25.93,12652600
XLK,2011-10-25,25.86,25.87,25.45,25.52,12035000
XLK,2011-10-26,25.7598,25.77,25.16,25.63,7495100
XLK,2011-10-27,26.23,26.56,26.05,26.39,13941100
XLK,2011-10-28,26.28,26.54,26.25,26.48,9005800
XLK,2011-10-31,26.22,26.32,25.99,26.01,6431200
XLK,2011-11-01,25.4,25.57,25.24,25.29,16598300
XLK,2011-11-02,25.61,25.715,25.41,25.6,8999700
XLK,2011-11-03,25.88,26.24,25.58,26.21,11639600
XLK,2011-11-04,26.01,26.129,25.8,26.05,5693900
XLK,2011-11-07,26.03,26.24,25.77,26.21,6382500
XLK,2011-11-08,26.41,26.54,26.14,26.51,7238100
XLK,2011-11-09,26.0,26.05,25.52,25.59,10394800
XLK,2011-11-10,25.91,25.92,25.449,25.67,5727100
XLK,2011-11-11,25.91,26.235,25.9,26.16,4938600
XLK,2011-11-14,26.1,26.219,25.8911,25.96,3261000
XLK,2011-11-15,25.92,26.4,25.91,26.31,7742800
XLK,2011-11-16,26.1,26.34,25.87,25.92,8741500
XLK,2011-11-17,25.85,25.87,25.21,25.42,12498300
XLK,2011-11-18,25.4,25.449,25.18,25.21,7296900
XLK,2011-11-21,24.93,24.95,24.5401,24.77,9413000
XLK,2011-11-22,24.72,24.86,24.53,24.73,7067800
XLK,2011-11-23,24.53,24.58,24.14,24.14,12536800
XLK,2011-11-25,24.07,24.36,24.01,24.01,7065900
XLK,2011-11-28,24.62,24.835,24.61,24.8,9795900
XLK,2011-11-29,24.82,24.98,24.6125,24.67,4765500
XLK,2011-11-30,25.32,25.64,25.25,25.62,13730300
XLK,2011-12-01,25.55,25.81,25.55,25.76,7979700
XLK,2011-12-02,25.95,26.02,25.7,25.74,5542400
XLK,2011-12-05,26.1,26.225,25.9,26.03,6084000
XLK,2011-12-06,26.03,26.155,25.91,26.02,5866600
XLK,2011-12-07,25.92,26.15,25.7,26.05,5825300
XLK,2011-12-08,25.91,26.07,25.6,25.64,6816100
XLK,2011-12-09,25.71,26.09,25.69,26.04,8280600
XLK,2011-12-12,25.81,25.82,25.52,25.71,58171000
XLK,2011-12-13,25.89,25.97,25.391,25.47,11729800
XLK,2011-12-14,25.42,25.44,24.99,25.08,13896700
XLK,2011-12-15,25.33,25.35,25.0,25.02,9474000
XLK,2011-12-16,25.04,25.29,24.91,24.98,19699500
XLK,2011-12-19,25.06,25.12,24.66,24.74,10153200
XLK,2011-12-20,25.07,25.47,25.07,25.435,8962800
XLK,2011-12-21,25.28,25.28,24.73,25.02,9106300
XLK,2011-12-22,25.1,25.31,25.1,25.31,4686900
XLK,2011-12-23,25.31,25.56,25.31,25.56,4745300
XLK,2011-12-27,25.51,25.68,25.49,25.6,2789000
XLK,2011-12-28,25.6,25.61,25.275,25.34,4851300
XLK,2011-12-29,25.4,25.57,25.355,25.53,5888900
XLK,2011-12-30,25.5,25.61,25.45,25.45,3751300
XLK,2012-01-03,25.87,26.02,25.79,25.81,26839900
XLK,2012-01-04,25.8,25.93,25.66,25.88,4744300
XLK,2012-01-05,25.85,26.01,25.73,25.96,6756900
XLK,2012-01-06,25.98,26.034,25.85,25.97,4989200
XLK,2012-01-09,26.06,26.08,25.855,25.93,4086600
XLK,2012-01-10,26.18,26.23,26.015,26.02,5733100
XLK,2012-01-11,25.97,26.17,25.95,26.1,4153800
XLK,2012-01-12,26.16,26.25,26.0061,26.23,4865500
XLK,2012-01-13,26.07,26.11,25.89,26.08,5971500
XLK,2012-01-17,26.26,26.38,26.14,26.2,5533100
XLK,2012-01-18,26.27,26.61,26.26,26.58,7209400
XLK,2012-01-19,26.72,26.83,26.69,26.77,7425200
XLK,2012-01-20,26.72,26.84,26.71,26.8,13360300
XLK,2012-01-23,26.84,27.03,26.72,26.89,29022200
XLK,2012-01-24,26.77,26.92,26.74,26.87,5750900
XLK,2012-01-25,27.12,27.16,26.84,27.08,17934200
XLK,2012-01-26,27.17,27.2,26.79,26.9,8712900
XLK,2012-01-27,26.8,26.97,26.8,26.9,8260200
XLK,2012-01-30,26.67,27.02,26.65,26.98,7691200
XLK,2012-01-31,27.16,27.17,26.87,27.03,8089300
XLK,2012-02-01,27.29,27.42,27.19,27.3,8972400
XLK,2012-02-02,27.4,27.48,27.3,27.37,6020500
XLK,2012-02-03,27.6,27.77,27.55,27.715,7393200
XLK,2012-02-06,27.64,27.75,27.57,27.73,6700600
XLK,2012-02-07,27.72,27.87,27.59,27.8,7388000
XLK,2012-02-08,27.86,28.0,27.77,27.97,11494900
XLK,2012-02-09,28.1,28.279,28.01,28.24,9486400
XLK,2012-02-10,28.05,28.09,27.93,28.03,6369500
XLK,2012-02-13,28.23,28.27,28.05,28.21,8422000
XLK,2012-02-14,28.18,28.28,28.03,28.26,6543000
XLK,2012-02-15,28.4,28.575,28.06,28.11,12213100
XLK,2012-02-16,28.11,28.55,28.07,28.52,10047800
XLK,2012-02-17,28.61,28.61,28.424,28.52,9285000
XLK,2012-02-21,28.56,28.77,28.47,28.64,9720400
XLK,2012-02-22,28.6,28.67,28.48,28.54,8103000
XLK,2012-02-23,28.51,28.7,28.35,28.65,5506700
XLK,2012-02-24,28.75,28.8667,28.74,28.82,5496000
XLK,2012-02-27,28.68,28.95,28.532,28.87,8526500
XLK,2012-02-28,28.9,29.08,28.84,29.08,10110100
XLK,2012-02-29,29.1,29.2119,28.84,28.945,10455800
XLK,2012-03-01,29.1,29.17,28.965,29.12,13972400
XLK,2012-03-02,29.095,29.19,29.0,29.08,8785400
XLK,2012-03-05,29.05,29.1,28.72,28.83,7246200
XLK,2012-03-06,28.55,28.605,28.39,28.545,14036400
XLK,2012-03-07,28.67,28.8,28.63,28.76,10791000
XLK,2012-03-08,28.91,29.11,28.85,29.05,7258900
XLK,2012-03-09,29.09,29.21,29.08,29.18,6365800
XLK,2012-03-12,29.16,29.25,29.08,29.22,5926800
XLK,2012-03-13,29.39,29.8,29.36,29.8,19012100
XLK,2012-03-14,29.82,30.04,29.72,29.91,12741800
XLK,2012-03-15,30.03,30.06,29.86,29.99,12450500
XLK,2012-03-16,29.97,29.97,29.8295,29.88,9478800
XLK,2012-03-19,29.94,30.17,29.87,30.1,8930800
XLK,2012-03-20,29.92,30.11,29.842,30.07,5713100
XLK,2012-03-21,30.12,30.25,30.05,30.06,8825000
XLK,2012-03-22,29.93,30.07,29.88,29.99,7500900
XLK,2012-03-23,30.04,30.04,29.83,29.985,9511600
XLK,2012-03-26,30.19,30.44,30.122,30.43,12187200
XLK,2012-03-27,30.46,30.54,30.4,30.42,6438000
XLK,2012-03-28,30.42,30.53,30.16,30.31,6489500
XLK,2012-03-29,30.15,30.29,30.03,30.25,5737200
XLK,2012-03-30,30.35,30.38,30.07,30.16,8007300
XLK,2012-04-02,30.15,30.52,30.09,30.48,16407800
XLK,2012-04-03,30.53,30.62,30.3,30.46,6776200
XLK,2012-04-04,30.21,30.23,29.91,30.1,9209800
XLK,2012-04-05,30.0,30.2,29.97,30.17,5059900
XLK,2012-04-09,29.8,30.1084,29.78,29.96,6889900
XLK,2012-04-10,29.97,30.09,29.47,29.535,14372900
XLK,2012-04-11,29.78,29.856,29.64,29.71,9306600
XLK,2012-04-12,29.78,30.11,29.75,30.075,9069500
XLK,2012-04-13,30.0,30.0,29.58,29.61,10530400
XLK,2012-04-16,29.78,29.79,29.25,29.3,20489000
XLK,2012-04-17,29.4,29.985,29.39,29.94,10269100
XLK,2012-04-18,29.77,29.8483,29.62,29.69,7106400
XLK,2012-04-19,29.62,29.89,29.22,29.39,19232600
XLK,2012-04-20,29.51,29.63,29.25,29.28,11621300
XLK,2012-04-23,29.05,29.13,28.8,29.05,15530300
XLK,2012-04-24,29.02,29.2,28.8801,28.99,9624400
XLK,2012-04-25,29.62,29.835,29.62,29.805,14355200
XLK,2012-04-26,29.8,30.1,29.8,30.04,9476800
XLK,2012-04-27,30.08,30.13,29.91,30.03,5676600
XLK,2012-04-30,29.99,30.01,29.78,29.82,10061800
XLK,2012-05-01,29.8,30.22,29.76,29.92,11677900
XLK,2012-05-02,29.76,29.95,29.69,29.94,6421300
XLK,2012-05-03,29.99,30.0,29.61,29.69,9198900
XLK,2012-05-04,29.43,29.48,29.06,29.07,12093600
XLK,2012-05-07,28.89,29.139,28.84,28.99,8082700
XLK,2012-05-08,28.84,28.97,28.52,28.885,10170800
XLK,2012-05-09,28.59,29.03,28.48,28.89,10461800
XLK,2012-05-10,28.93,28.95,28.61,28.67,8644300
XLK,2012-05-11,28.61,29.0,28.57,28.69,7161500
XLK,2012-05-14,28.49,28.658,28.4,28.44,14054300
XLK,2012-05-15,28.51,28.7,28.3,28.36,8441600
XLK,2012-05-16,28.49,28.51,28.1,28.13,12809400
XLK,2012-05-17,28.17,28.219,27.72,27.73,11276300
XLK,2012-05-18,27.84,27.93,27.41,27.47,12598100
XLK,2012-05-21,27.53,28.16,27.47,28.15,8552200
XLK,2012-05-22,28.24,28.315,27.9,28.06,7814300
XLK,2012-05-23,27.85,28.17,27.59,28.09,8718700
XLK,2012-05-24,28.17,28.18,27.72,27.93,8300400
XLK,2012-05-25,27.91,27.98,27.8099,27.87,5005200
XLK,2012-05-29,28.16,28.36,28.038,28.24,7334200
XLK,2012-05-30,27.99,28.15,27.9,28.06,5551500
XLK,2012-05-31,28.01,28.11,27.725,27.93,11922100
XLK,2012-06-01,27.45,27.61,27.2,27.2,12014300
XLK,2012-06-04,27.29,27.42,27.04,27.36,7853300
XLK,2012-06-05,27.29,27.56,27.26,27.525,7134000
XLK,2012-06-06,27.72,28.19,27.71,28.155,8870300
XLK,2012-06-07,28.43,28.44,28.0,28.02,6681100
XLK,2012-06-08,28.0,28.345,27.922,28.33,7605100
XLK,2012-06-11,28.56,28.58,27.88,27.93,13558700
XLK,2012-06-12,27.99,28.24,27.8299,28.21,8009400
XLK,2012-06-13,28.17,28.31,27.96,28.04,11354500
XLK,2012-06-14,28.06,28.28,27.88,28.18,10581200
XLK,2012-06-15,28.18,28.44,28.14,28.37,14601700
XLK,2012-06-18,28.28,28.6888,28.2375,28.58,8636200
XLK,2012-06-19,28.73,28.9201,28.7,28.8,6556000
XLK,2012-06-20,28.84,28.94,28.62,28.85,9480800
XLK,2012-06-21,28.83,28.87,28.13,28.165,6172300
XLK,2012-06-22,28.27,28.51,28.21,28.48,14264300
XLK,2012-06-25,28.22,28.22,27.85,27.9,5464400
XLK,2012-06-26,27.98,28.08,27.8115,28.01,5620500
XLK,2012-06-27,28.13,28.26,28.06,28.18,7437700
XLK,2012-06-28,27.99,28.03,27.63,27.95,10546900
XLK,2012-06-29,28.43,28.77,28.36,28.725,8999700
XLK,2012-07-02,28.81,28.9,28.67,28.89,8471400
XLK,2012-07-03,28.87,29.12,28.85,29.12,3425500
XLK,2012-07-05,29.05,29.2699,28.93,29.12,7064600
XLK,2012-07-06,28.93,28.93,28.49,28.69,6902200
XLK,2012-07-09,28.62,28.69,28.46,28.63,7319700
XLK,2012-07-10,28.74,28.84,28.21,28.31,7290100
XLK,2012-07-11,28.29,28.36,27.95,28.18,7842100
XLK,2012-07-12,27.98,28.02,27.67,27.9,9757900
XLK,2012-07-13,27.96,28.34,27.95,28.27,6889400
XLK,2012-07-16,28.27,28.3772,28.18,28.24,4710300
XLK,2012-07-17,28.42,28.44,28.0,28.35,8381900
XLK,2012-07-18,28.35,28.909,28.33,28.84,8130200
XLK,2012-07-19,29.02,29.19,28.98,29.09,9842400
XLK,2012-07-20,29.04,29.07,28.74,28.755,15705300
XLK,2012-07-23,28.27,28.5785,28.05,28.48,6525100
XLK,2012-07-24,28.49,28.555,28.01,28.19,7875900
XLK,2012-07-25,27.99,28.26,27.915,28.08,8230600
XLK,2012-07-26,28.49,28.63,28.35,28.51,7044000
XLK,2012-07-27,28.67,29.18,28.589,29.13,9139100
XLK,2012-07-30,29.17,29.36,29.08,29.14,8926500
XLK,2012-07-31,29.22,29.42,29.2,29.26,8740300
XLK,2012-08-01,29.45,29.45,29.06,29.16,9120300
XLK,2012-08-02,28.92,29.3,28.82,28.97,6630400
XLK,2012-08-03,29.47,29.63,29.34,29.54,8188600
XLK,2012-08-06,29.65,29.88,29.6301,29.75,11320200
XLK,2012-08-07,29.85,30.07,29.805,29.95,7687400
XLK,2012-08-08,29.89,30.04,29.84,29.96,8559200
XLK,2012-08-09,30.0098,30.11,29.94,30.06,4393800
XLK,2012-08-10,29.96,30.14,29.9,30.13,11433100
XLK,2012-08-13,30.13,30.23,30.01,30.22,5209200
XLK,2012-08-14,30.31,30.32,30.065,30.16,6332700
XLK,2012-08-15,30.17,30.24,30.12,30.17,5650800
XLK,2012-08-16,30.33,30.63,30.29,30.58,7167000
XLK,2012-08-17,30.63,30.76,30.6,30.75,8134900
XLK,2012-08-20,30.72,30.82,30.6199,30.78,8096300
XLK,2012-08-21,30.9,30.96,30.49,30.58,10126200
XLK,2012-08-22,30.51,30.71,30.4,30.63,18550000
XLK,2012-08-23,30.5,30.57,30.31,30.38,7056900
XLK,2012-08-24,30.28,30.62,30.21,30.57,6255900
XLK,2012-08-27,30.7,30.72,30.54,30.6,4823700
XLK,2012-08-28,30.57,30.64,30.44,30.53,7866900
XLK,2012-08-29,30.57,30.68,30.47,30.59,4791500
XLK,2012-08-30,30.45,30.49,30.23,30.25,6021100
XLK,2012-08-31,30.48,30.5899,30.17,30.49,6610600
XLK,2012-09-04,30.46,30.58,30.19,30.49,6805900
XLK,2012-09-05,30.47,30.61,30.39,30.46,8789300
XLK,2012-09-06,30.68,31.15,30.64,31.14,7895400
XLK,2012-09-07,31.05,31.15,30.9799,31.09,8003100
XLK,2012-09-10,31.03,31.12,30.76,30.76,6264200
XLK,2012-09-11,30.81,31.0,30.79,30.84,5317200
XLK,2012-09-12,30.97,31.0399,30.82,31.01,5191600
XLK,2012-09-13,31.04,31.55,31.02,31.43,8819500
XLK,2012-09-14,31.51,31.72,31.48,31.58,10304100
XLK,2012-09-17,31.6,31.63,31.495,31.61,3815400
XLK,2012-09-18,31.54,31.63,31.53,31.63,5308900
XLK,2012-09-19,31.61,31.74,31.55,31.66,17244900
XLK,2012-09-20,31.55,31.64,31.44,31.6,7135200
XLK,2012-09-21,31.61,31.7,31.45,31.51,8968900
XLK,2012-09-24,31.27,31.36,31.19,31.31,4680700
XLK,2012-09-25,31.38,31.41,30.86,30.87,5439800
XLK,2012-09-26,30.811,30.83,30.482,30.65,7391000
XLK,2012-09-27,30.69,31.115,30.66,31.045,4848600
XLK,2012-09-28,30.97,31.0801,30.78,30.825,8123400
XLK,2012-10-01,30.95,31.12,30.68,30.76,14927500
XLK,2012-10-02,30.9,30.95,30.57,30.8,7517700
XLK,2012-10-03,30.9,31.03,30.76,30.96,5268700
XLK,2012-10-04,30.99,31.11,30.85,31.05,3962800
XLK,2012-10-05,31.19,31.22,30.8125,30.89,4578900
XLK,2012-10-08,30.67,30.76,30.52,30.57,17581900
XLK,2012-10-09,30.51,30.53,30.09,30.18,15484700
XLK,2012-10-10,30.19,30.24,30.0,30.06,13485100
XLK,2012-10-11,30.28,30.29,29.94,29.94,6899400
XLK,2012-10-12,29.95,30.1,29.86,29.92,7138200
XLK,2012-10-15,29.99,30.1099,29.81,30.07,5169100
XLK,2012-10-16,30.11,30.51,30.11,30.48,11225200
XLK,2012-10-17,30.23,30.415,30.17,30.32,10598500
XLK,2012-10-18,30.24,30.35,29.86,29.965,12251200
XLK,2012-10-19,29.95,29.95,29.29,29.29,12843200
XLK,2012-10-22,29.29,29.56,29.23,29.49,6088900
XLK,2012-10-23,29.29,29.45,29.13,29.17,10562000
XLK,2012-10-24,29.26,29.34,28.95,29.0,6392300
XLK,2012-10-25,29.18,29.22,28.83,28.94,5234900
XLK,2012-10-26,28.9,29.12,28.72,28.99,9692700
XLK,2012-10-31,28.98,29.02,28.78,28.8705,19434500
XLK,2012-11-01,29.02,29.37,28.96,29.34,6269100
XLK,2012-11-02,29.43,29.47,28.93,28.96,9134500
XLK,2012-11-05,28.98,29.19,28.91,29.12,6018200
XLK,2012-11-06,29.25,29.455,29.18,29.25,6070400
XLK,2012-11-07,28.94,28.95,28.44,28.52,10098400
XLK,2012-11-08,28.61,28.7,28.1,28.11,9463400
XLK,2012-11-09,28.09,28.52,28.07,28.24,14395400
XLK,2012-11-12,28.35,28.39,28.1,28.195,5112000
XLK,2012-11-13,27.99,28.32,27.91,28.06,10088000
XLK,2012-11-14,28.19,28.25,27.72,27.775,15250900
XLK,2012-11-15,27.8,27.91,27.53,27.62,8949500
XLK,2012-11-16,27.65,27.76,27.21,27.66,8672600
XLK,2012-11-19,28.0,28.44,27.98,28.415,10976800
XLK,2012-11-20,28.38,28.39,28.041,28.3,14619700
XLK,2012-11-21,28.31,28.45,28.27,28.39,10099100
XLK,2012-11-23,28.57,28.87,28.53,28.85,8285500
XLK,2012-11-26,28.8,28.98,28.69,28.975,8069200
XLK,2012-11-27,28.95,29.04,28.7801,28.8487,10743900
XLK,2012-11-28,28.66,29.04,28.5,29.02,11266100
XLK,2012-11-29,29.16,29.262,29.03,29.16,13520400
XLK,2012-11-30,29.15,29.2063,29.03,29.13,6301800
XLK,2012-12-03,29.35,29.3867,29.06,29.09,7906500
XLK,2012-12-04,29.09,29.11,28.89,29.035,10661800
XLK,2012-12-05,28.98,28.98,28.57,28.75,12588300
XLK,2012-12-06,28.67,28.99,28.545,28.915,9738900
XLK,2012-12-07,29.06,29.09,28.65,28.77,23721400
XLK,2012-12-10,28.7,28.9801,28.68,28.84,13726200
XLK,2012-12-11,29.07,29.4,29.02,29.23,9921000
XLK,2012-12-12,29.37,29.39,29.11,29.18,6555000
XLK,2012-12-13,29.14,29.27,28.87,28.97,8780700
XLK,2012-12-14,28.78,28.87,28.61,28.69,9166100
XLK,2012-12-17,28.69,29.05,28.68,29.04,8813100
XLK,2012-12-18,29.17,29.5,29.07,29.47,11042500
XLK,2012-12-19,29.54,29.56,29.31,29.32,9210800
XLK,2012-12-20,29.34,29.42,29.17,29.37,7104800
XLK,2012-12-21,28.82,28.99,28.72,28.95,13549600
XLK,2012-12-24,28.87,28.92,28.81,28.87,2594300
XLK,2012-12-26,28.87,28.96,28.59,28.71,4225000
XLK,2012-12-27,28.69,28.76,28.31,28.68,10745200
XLK,2012-12-28,28.45,28.65,28.33,28.36,8253400
XLK,2012-12-31,28.29,28.97,28.25,28.85,15186300
XLK,2013-01-02,29.62,29.83,29.48,29.81,15041500
XLK,2013-01-03,29.79,29.87,29.53,29.62,9789700
XLK,2013-01-04,29.59,29.62,29.395,29.5,6832900
XLK,2013-01-07,29.41,29.53,29.29,29.4612,7688000
XLK,2013-01-08,29.46,29.52,29.19,29.35,5565200
XLK,2013-01-09,29.38,29.46,29.3375,29.4,11599300
XLK,2013-01-10,29.61,29.62,29.3,29.55,9735300
XLK,2013-01-11,29.54,29.63,29.4801,29.59,5057900
XLK,2013-01-14,29.39,29.47,29.285,29.4,9731500
XLK,2013-01-15,29.27,29.27,29.1,29.21,8084200
XLK,2013-01-16,29.23,29.43,29.19,29.31,8722400
XLK,2013-01-17,29.46,29.54,29.4,29.43,6353100
XLK,2013-01-18,29.32,29.4,29.24,29.39,7740500
XLK,2013-01-22,29.41,29.47,29.25,29.47,6399500
XLK,2013-01-23,29.74,29.89,29.7,29.78,9487300
XLK,2013-01-24,29.31,29.54,29.23,29.27,13378500
XLK,2013-01-25,29.38,29.4901,29.255,29.3,16208500
XLK,2013-01-28,29.34,29.5,29.28,29.4,7214200
XLK,2013-01-29,29.35,29.5099,29.205,29.44,6791400
XLK,2013-01-30,29.42,29.555,29.31,29.35,5963300
XLK,2013-01-31,29.45,29.62,29.37,29.4,5417300
XLK,2013-02-01,29.65,29.795,29.54,29.73,7322500
XLK,2013-02-04,29.63,29.67,29.32,29.34,10881800
XLK,2013-02-05,29.45,29.79,29.42,29.68,9629600
XLK,2013-02-06,29.55,29.785,29.55,29.67,7434800
XLK,2013-02-07,29.7,29.73,29.39,29.67,9934300
XLK,2013-02-08,29.79,30.0,29.78,29.93,9132600
XLK,2013-02-11,29.97,30.02,29.87,29.99,6435600
XLK,2013-02-12,29.96,30.015,29.84,29.89,5368900
XLK,2013-02-13,29.93,30.0,29.79,29.88,8997300
XLK,2013-02-14,29.71,29.84,29.66,29.802,6369500
XLK,2013-02-15,29.82,29.926,29.69,29.78,5011700
XLK,2013-02-19,29.83,29.98,29.83,29.975,4618600
XLK,2013-02-20,29.96,29.99,29.56,29.57,6662200
XLK,2013-02-21,29.47,29.49,29.23,29.33,16631600
XLK,2013-02-22,29.53,29.7,29.42,29.69,8672700
XLK,2013-02-25,29.85,29.95,29.25,29.27,8079300
XLK,2013-02-26,29.35,29.5,29.21,29.442,7609500
XLK,2013-02-27,29.4,29.84,29.37,29.69,8249700
XLK,2013-02-28,29.7,29.885,29.63,29.63,6665200
XLK,2013-03-01,29.49,29.745,29.35,29.68,5505200
XLK,2013-03-04,29.59,29.785,29.55,29.77,4998400
XLK,2013-03-05,29.94,30.25,29.94,30.18,12436800
XLK,2013-03-06,30.28,30.29,30.1101,30.16,7174900
XLK,2013-03-07,30.17,30.28,30.1305,30.23,5327000
XLK,2013-03-08,30.37,30.37,30.195,30.29,5990200
XLK,2013-03-11,30.23,30.38,30.14,30.36,5368500
XLK,2013-03-12,30.28,30.33,30.12,30.25,4852100
XLK,2013-03-13,30.24,30.35,30.13,30.23,5485400
XLK,2013-03-14,30.33,30.47,30.33,30.445,5756100
XLK,2013-03-15,30.33,30.35,30.12,30.2,9855100
XLK,2013-03-18,29.96,30.34,29.92,30.21,6172400
XLK,2013-03-19,30.29,30.35,29.92,30.17,7275800
XLK,2013-03-20,30.34,30.39,30.225,30.32,7306900
XLK,2013-03-21,30.02,30.1,29.91,29.975,5796800
XLK,2013-03-22,30.06,30.21,30.03,30.172,3409200
XLK,2013-03-25,30.3,30.35,29.99,30.1,4575100
XLK,2013-03-26,30.25,30.3,30.18,30.29,4224800
XLK,2013-03-27,30.08,30.23,30.025,30.21,7230400
XLK,2013-03-28,30.14,30.3,30.09,30.27,7415900
XLK,2013-04-01,30.3,30.3,29.99,30.07,4630000
XLK,2013-04-02,30.18,30.32,30.12,30.19,4217800
XLK,2013-04-03,30.22,30.27,29.9,29.95,8473700
XLK,2013-04-04,29.95,30.02,29.8201,29.96,5635700
XLK,2013-04-05,29.55,29.78,29.47,29.73,7012500
XLK,2013-04-08,29.75,29.86,29.64,29.86,6323000
XLK,2013-04-09,29.93,30.15,29.8,30.07,5970100
XLK,2013-04-10,30.15,30.63,30.13,30.6,10551900
XLK,2013-04-11,30.44,30.5447,30.37,30.5,6243200
XLK,2013-04-12,30.36,30.45,30.17,30.365,5749500
XLK,2013-04-15,30.26,30.32,29.87,29.87,16420100
XLK,2013-04-16,30.09,30.28,30.01,30.24,8310500
XLK,2013-04-17,29.97,29.99,29.49,29.62,12046500
XLK,2013-04-18,29.75,29.76,29.231,29.31,15772400
XLK,2013-04-19,29.25,29.46,29.1,29.35,8610000
XLK,2013-04-22,29.45,29.66,29.31,29.575,7321300
XLK,2013-04-23,29.72,30.01,29.63,29.9,12453800
XLK,2013-04-24,29.71,30.03,29.68,29.95,5547900
XLK,2013-04-25,30.02,30.2099,29.98,30.05,6468800
XLK,2013-04-26,30.0,30.13,29.92,30.04,5367100
XLK,2013-04-29,30.11,30.55,30.11,30.47,8256000
XLK,2013-04-30,30.51,30.81,30.44,30.8,13396000
XLK,2013-05-01,30.76,30.8,30.5,30.53,8689200
XLK,2013-05-02,30.57,30.96,30.56,30.92,6413500
XLK,2013-05-03,31.18,31.28,31.14,31.21,10429700
XLK,2013-05-06,31.29,31.395,31.25,31.36,7241500
XLK,2013-05-07,31.38,31.43,31.18,31.34,6280500
XLK,2013-05-08,31.31,31.6,31.25,31.59,8493400
XLK,2013-05-09,31.53,31.69,31.41,31.5,10263900
XLK,2013-05-10,31.56,31.64,31.4445,31.59,4694300
XLK,2013-05-13,31.56,31.6,31.46,31.51,4732900
XLK,2013-05-14,31.48,31.7156,31.48,31.61,7373400
XLK,2013-05-15,31.59,31.72,31.52,31.71,6418800
XLK,2013-05-16,31.79,32.07,31.78,31.88,9150900
XLK,2013-05-17,32.0,32.21,31.92,32.2,17189600
XLK,2013-05-20,32.12,32.31,32.09,32.2,8091100
XLK,2013-05-21,32.13,32.2,31.98,32.1,8384500
XLK,2013-05-22,32.15,32.29,31.62,31.75,14408400
XLK,2013-05-23,31.48,31.85,31.41,31.74,17014400
XLK,2013-05-24,31.53,31.71,31.465,31.69,5276700
XLK,2013-05-28,32.04,32.1393,31.77,31.84,6305900
XLK,2013-05-29,31.68,31.856,31.53,31.76,8231000
XLK,2013-05-30,31.79,32.09,31.75,31.96,8837500
XLK,2013-05-31,31.84,32.12,31.64,31.66,6966300
XLK,2013-06-03,31.7,31.83,31.475,31.82,10004600
XLK,2013-06-04,31.85,32.025,31.59,31.68,9273600
XLK,2013-06-05,31.6,31.68,31.33,31.37,7927300
XLK,2013-06-06,31.38,31.49,31.11,31.44,14726800
XLK,2013-06-07,31.6,31.76,31.44,31.73,6511400
XLK,2013-06-10,31.85,31.93,31.7501,31.8,6391000
XLK,2013-06-11,31.51,31.79,31.43,31.47,7307600
XLK,2013-06-12,31.64,31.7,31.1899,31.26,8950700
XLK,2013-06-13,31.2,31.68,31.15,31.615,7608600
XLK,2013-06-14,31.58,31.68,31.351,31.38,5779300
XLK,2013-06-17,31.58,31.86,31.5399,31.67,6588400
XLK,2013-06-18,31.73,32.0,31.71,31.92,6318800
XLK,2013-06-19,31.95,31.96,31.53,31.55,11223700
XLK,2013-06-20,31.22,31.365,30.78,30.85,15781500
XLK,2013-06-21,30.74,30.78,30.3,30.51,12111100
XLK,2013-06-24,30.24,30.3484,29.94,30.14,11185200
XLK,2013-06-25,30.45,30.51,30.2,30.39,8263800
XLK,2013-06-26,30.69,30.7,30.48,30.57,20470300
XLK,2013-06-27,30.75,30.88,30.7,30.72,6544300
XLK,2013-06-28,30.47,30.75,30.36,30.585,9145600
XLK,2013-07-01,30.82,30.99,30.72,30.75,9576400
XLK,2013-07-02,30.73,31.01,30.62,30.8,14495200
XLK,2013-07-03,30.72,31.12,30.72,30.98,11597100
XLK,2013-07-05,31.16,31.2,30.848,31.18,14204100
XLK,2013-07-08,31.34,31.37,31.075,31.16,7829000
XLK,2013-07-09,31.29,31.33,31.13,31.28,12468900
XLK,2013-07-10,31.27,31.48,31.26,31.38,8831400
XLK,2013-07-11,31.7,31.94,31.67,31.91,10324200
XLK,2013-07-12,31.94,31.97,31.81,31.93,7209000
XLK,2013-07-15,31.95,32.05,31.83,32.02,4550000
XLK,2013-07-16,32.0,32.07,31.94,32.045,4974200
XLK,2013-07-17,32.14,32.19,32.01,32.07,5480500
XLK,2013-07-18,32.09,32.15,31.92,31.99,4266200
XLK,2013-07-19,31.66,31.69,31.37,31.445,13599500
XLK,2013-07-22,31.51,31.58,31.44,31.54,5038600
XLK,2013-07-23,31.58,31.63,31.4,31.411,4584500
XLK,2013-07-24,31.76,31.78,31.56,31.62,5791500
XLK,2013-07-25,31.59,31.68,31.49,31.64,4828800
XLK,2013-07-26,31.5,31.73,31.4237,31.73,6027000
XLK,2013-07-29,31.66,31.78,31.61,31.68,3977700
XLK,2013-07-30,31.8,31.97,31.765,31.84,5561300
XLK,2013-07-31,31.9,32.02,31.68,31.73,6840900
XLK,2013-08-01,31.94,32.1,31.93,32.07,7747300
XLK,2013-08-02,32.07,32.23,32.01,32.21,4424900
XLK,2013-08-05,32.14,32.32,32.13,32.28,4369100
XLK,2013-08-06,32.28,32.28,32.02,32.11,4686200
XLK,2013-08-07,32.04,32.12,31.9,32.03,5250000
XLK,2013-08-08,32.18,32.205,31.94,32.135,5058500
XLK,2013-08-09,32.08,32.15,31.8715,31.97,3669600
XLK,2013-08-12,31.79,32.21,31.79,32.18,4983100
XLK,2013-08-13,32.22,32.46,32.065,32.4,4715500
XLK,2013-08-14,32.39,32.47,32.26,32.37,5295700
XLK,2013-08-15,32.05,32.05,31.795,31.85,7036100
XLK,2013-08-16,31.85,31.975,31.75,31.815,7235600
XLK,2013-08-19,31.84,32.04,31.72,31.72,4811800
XLK,2013-08-20,31.81,31.92,31.69,31.77,3317900
XLK,2013-08-21,31.77,31.94,31.62,31.7,6065800
XLK,2013-08-22,31.79,31.88,31.64,31.84,6049100
XLK,2013-08-23,32.11,32.14,31.98,32.07,5068500
XLK,2013-08-26,32.05,32.2,31.91,31.92,6792700
XLK,2013-08-27,31.62,31.7277,31.29,31.36,6851500
XLK,2013-08-28,31.32,31.54,31.3,31.38,4500600
XLK,2013-08-29,31.44,31.71,31.4,31.55,4787700
XLK,2013-08-30,31.62,31.62,31.32,31.4,7171600
XLK,2013-09-03,31.53,31.66,31.31,31.431,7395000
XLK,2013-09-04,31.5,31.78,31.46,31.735,7160600
XLK,2013-09-05,31.77,31.86,31.7,31.75,3714000
XLK,2013-09-06,31.85,31.91,31.51,31.77,5142900
XLK,2013-09-09,31.96,32.22,31.93,32.15,5714600
XLK,2013-09-10,32.34,32.425,32.23,32.35,6774400
XLK,2013-09-11,32.08,32.28,32.06,32.2,9332700
XLK,2013-09-12,32.22,32.34,32.14,32.225,6052300
XLK,2013-09-13,32.29,32.325,32.15,32.255,3991200
XLK,2013-09-16,32.51,32.51,32.12,32.21,8161200
XLK,2013-09-17,32.26,32.44,32.25,32.37,6401400
XLK,2013-09-18,32.47,32.82,32.39,32.779,8826300
XLK,2013-09-19,32.83,32.91,32.785,32.805,6649200
XLK,2013-09-20,32.76,32.78,32.38,32.415,7779600
XLK,2013-09-23,32.62,32.7,32.34,32.51,8043500
XLK,2013-09-24,32.45,32.52,32.243,32.37,4747500
XLK,2013-09-25,32.41,32.45,32.22,32.32,4591300
XLK,2013-09-26,32.45,32.595,32.338,32.44,5065300
XLK,2013-09-27,32.25,32.3,32.1301,32.24,6199500
XLK,2013-09-30,31.9001,32.16,31.81,32.04,7522100
XLK,2013-10-01,32.07,32.39,32.04,32.32,8177000
XLK,2013-10-02,32.14,32.37,32.09,32.33,8128000
XLK,2013-10-03,32.35,32.36,31.885,32.05,6492600
XLK,2013-10-04,32.0201,32.23,32.0,32.18,5340800
XLK,2013-10-07,31.95,32.23,31.94,32.04,4567700
XLK,2013-10-08,32.02,32.06,31.5,31.53,8092700
XLK,2013-10-09,31.62,31.77,31.38,31.65,10269900
XLK,2013-10-10,31.92,32.22,31.9,32.18,8204800
XLK,2013-10-11,32.12,32.45,32.09,32.45,8908600
XLK,2013-10-14,32.26,32.59,32.21,32.56,7139800
XLK,2013-10-15,32.48,32.64,32.35,32.36,7250300
XLK,2013-10-16,32.5,32.72,32.48,32.67,8192200
XLK,2013-10-17,32.46,32.71,32.39,32.68,7421100
XLK,2013-10-18,33.02,33.26,32.91,33.24,7934700
XLK,2013-10-21,33.38,33.51,33.35,33.42,5401500
XLK,2013-10-22,33.54,33.57,33.2301,33.41,16358100
XLK,2013-10-23,33.25,33.32,33.1,33.25,5133300
XLK,2013-10-24,33.29,33.43,33.2,33.33,3533600
XLK,2013-10-25,33.57,33.645,33.4,33.5,3381300
XLK,2013-10-28,33.59,33.64,33.445,33.61,5010500
XLK,2013-10-29,33.8,33.905,33.67,33.825,4975000
XLK,2013-10-30,33.9,33.92,33.62,33.76,5574500
XLK,2013-10-31,33.69,33.84,33.61,33.65,28712000
XLK,2013-11-01,33.79,33.849,33.53,33.66,4635200
XLK,2013-11-04,33.76,33.82,33.66,33.79,5976700
XLK,2013-11-05,33.66,33.8,33.58,33.7,4511900
XLK,2013-11-06,33.87,34.05,33.83,34.04,5250800
XLK,2013-11-07,34.04,34.1,33.56,33.595,10535300
XLK,2013-11-08,33.67,33.92,33.51,33.9,8947200
XLK,2013-11-11,33.89,33.97,33.8,33.94,7829900
XLK,2013-11-12,33.7901,34.1,33.7901,34.03,4709700
XLK,2013-11-13,33.89,34.33,33.866,34.32,6748400
XLK,2013-11-14,34.1,34.26,34.05,34.225,8478500
XLK,2013-11-15,34.21,34.33,34.19,34.3,7706300
XLK,2013-11-18,34.36,34.37,34.1,34.17,5239900
XLK,2013-11-19,34.13,34.295,33.99,34.05,4449100
XLK,2013-11-20,34.08,34.25,33.86,33.94,4326100
XLK,2013-11-21,34.03,34.24,34.03,34.23,5391000
XLK,2013-11-22,34.23,34.23,34.1101,34.16,3110900
XLK,2013-11-25,34.22,34.25,34.08,34.16,9180400
XLK,2013-11-26,34.17,34.37,34.135,34.28,5315900
XLK,2013-11-27,34.35,34.57,34.35,34.55,6605400
XLK,2013-11-29,34.61,34.79,34.6001,34.69,4233000
XLK,2013-12-02,34.72,34.79,34.5,34.58,4941600
XLK,2013-12-03,34.46,34.7,34.46,34.66,5727900
XLK,2013-12-04,34.56,34.815,34.46,34.69,6573900
XLK,2013-12-05,34.78,34.78,34.535,34.58,4268700
XLK,2013-12-06,34.82,34.9,34.71,34.82,4398300
XLK,2013-12-09,34.92,35.03,34.855,34.93,3998600
XLK,2013-12-10,34.92,34.94,34.82,34.86,8124900
XLK,2013-12-11,34.91,34.9794,34.49,34.54,7537700
XLK,2013-12-12,34.55,34.55,34.3,34.31,5504100
XLK,2013-12-13,34.48,34.48,34.195,34.2,4852700
XLK,2013-12-16,34.38,34.629,34.335,34.54,6014500
XLK,2013-12-17,34.51,34.638,34.48,34.53,5576900
XLK,2013-12-18,34.5,34.82,34.03,34.8,17109800
XLK,2013-12-19,34.79,34.9199,34.73,34.86,8661300
XLK,2013-12-20,34.78,35.04,34.74,34.96,8826900
XLK,2013-12-23,35.28,35.43,35.2,35.42,7285400
XLK,2013-12-24,35.43,35.52,35.42,35.52,2614100
XLK,2013-12-26,35.59,35.65,35.53,35.61,3580200
XLK,2013-12-27,35.7,35.7,35.54,35.58,3824500
XLK,2013-12-30,35.55,35.569,35.46,35.51,4638800
XLK,2013-12-31,35.59,35.76,35.55,35.74,6844700
XLK,2014-01-02,35.62,35.62,35.33,35.39,8552500
XLK,2014-01-03,35.48,35.48,35.195,35.22,5204800
XLK,2014-01-06,35.18,35.29,35.03,35.16,4524700
XLK,2014-01-07,35.32,35.53,35.25,35.48,7161800
XLK,2014-01-08,35.5,35.6,35.36,35.48,4696400
XLK,2014-01-09,35.63,35.63,35.16,35.25,6341900
XLK,2014-01-10,35.35,35.42,35.14,35.32,12960100
XLK,2014-01-13,35.29,35.46,34.83,34.94,6445300
XLK,2014-01-14,35.08,35.55,35.04,35.53,6419400
XLK,2014-01-15,35.73,36.05,35.68,35.96,9674000
XLK,2014-01-16,35.98,36.008,35.87,35.95,6931300
XLK,2014-01-17,35.89,35.9599,35.67,35.75,6338700
XLK,2014-01-21,36.03,36.03,35.63,35.93,6294200
XLK,2014-01-22,35.89,35.95,35.8,35.89,4215900
XLK,2014-01-23,35.73,35.82,35.575,35.82,6418000
XLK,2014-01-24,35.67,35.73,35.12,35.13,15496700
XLK,2014-01-27,35.18,35.2,34.63,34.8,8014000
XLK,2014-01-28,34.49,34.65,34.39,34.59,13145500
XLK,2014-01-29,34.3,34.52,34.19,34.32,11219400
XLK,2014-01-30,34.73,34.855,34.55,34.74,8329900
XLK,2014-01-31,34.46,34.99,34.45,34.82,10943500
XLK,2014-02-03,34.74,34.87,33.96,34.09,15975800
XLK,2014-02-04,34.15,34.31,34.05,34.22,5725700
XLK,2014-02-05,34.15,34.35,33.92,34.25,9203100
XLK,2014-02-06,34.28,34.635,34.28,34.63,9139700
XLK,2014-02-07,34.85,35.11,34.7,35.1,10464800
XLK,2014-02-10,35.1,35.23,35.01,35.17,6758700
XLK,2014-02-11,35.32,35.698,35.28,35.6,7041400
XLK,2014-02-12,35.69,35.8,35.66,35.74,8047800
XLK,2014-02-13,35.54,36.03,35.492,36.0,6914300
XLK,2014-02-14,35.97,36.14,35.88,36.07,12376300
XLK,2014-02-18,36.11,36.18,35.99,36.09,5946500
XLK,2014-02-19,36.02,36.18,35.89,35.97,8611700
XLK,2014-02-20,35.97,36.17,35.81,36.09,6697000
XLK,2014-02-21,36.2,36.26,35.94,35.95,6372600
XLK,2014-02-24,35.91,36.27,35.91,36.09,7845200
XLK,2014-02-25,36.15,36.16,35.9001,35.99,5611600
XLK,2014-02-26,36.01,36.16,35.88,36.02,5820700
XLK,2014-02-27,36.01,36.33,35.975,36.31,5449400
XLK,2014-02-28,36.29,36.4501,35.942,36.35,9701000
XLK,2014-03-03,35.9,36.05,35.67,35.96,9027300
XLK,2014-03-04,36.35,36.525,36.301,36.43,11604900
XLK,2014-03-05,36.51,36.55,36.41,36.48,8930800
XLK,2014-03-06,36.53,36.6,36.45,36.53,8665400
XLK,2014-03-07,36.63,36.65,36.2701,36.42,7197400
XLK,2014-03-10,36.4,36.475,36.22,36.36,7557700
XLK,2014-03-11,36.42,36.55,36.18,36.28,9456600
XLK,2014-03-12,36.13,36.38,36.01,36.34,6356100
XLK,2014-03-13,36.44,36.45,35.72,35.85,9397400
XLK,2014-03-14,35.78,35.9,35.6,35.63,8939800
XLK,2014-03-17,35.87,36.15,35.8,36.05,16444900
XLK,2014-03-18,36.07,36.56,36.07,36.52,6864000
XLK,2014-03-19,36.45,36.62,36.14,36.37,7789400
XLK,2014-03-20,36.33,36.75,36.2701,36.65,5895500
XLK,2014-03-21,36.66,36.74,36.24,36.31,9109700
XLK,2014-03-24,36.42,36.56,35.9801,36.28,10354100
XLK,2014-03-25,36.35,36.58,36.21,36.5,7626300
XLK,2014-03-26,36.67,36.74,36.055,36.06,7513400
XLK,2014-03-27,36.04,36.1,35.74,35.93,12927400
XLK,2014-03-28,36.04,36.3,35.92,36.07,6355800
XLK,2014-03-31,36.3,36.49,36.25,36.35,7283500
XLK,2014-04-01,36.42,36.78,36.41,36.78,7024200
XLK,2014-04-02,36.88,36.91,36.66,36.8,10504700
XLK,2014-04-03,36.85,36.93,36.51,36.62,7762600
XLK,2014-04-04,36.81,36.87,35.8199,35.92,10095800
XLK,2014-04-07,35.77,35.97,35.5,35.64,11181300
XLK,2014-04-08,35.71,36.01,35.6,35.96,7329700
XLK,2014-04-09,36.08,36.45,35.97,36.44,6656900
XLK,2014-04-10,36.44,36.5,35.54,35.6,8086800
XLK,2014-04-11,35.36,35.6399,35.17,35.2,14254400
XLK,2014-04-14,35.43,35.68,35.3,35.55,4992300
XLK,2014-04-15,35.61,35.82,35.13,35.73,8589300
XLK,2014-04-16,35.93,36.09,35.68,36.08,13999700
XLK,2014-04-17,35.91,36.17,35.72,36.03,7881700
XLK,2014-04-21,36.06,36.21,35.96,36.17,3526000
XLK,2014-04-22,36.19,36.4,36.12,36.32,5478500
XLK,2014-04-23,36.26,36.26,35.92,35.93,11424100
XLK,2014-04-24,36.52,36.53,35.97,36.21,5010700
XLK,2014-04-25,35.99,36.08,35.67,35.75,6402000
XLK,2014-04-28,35.87,36.21,35.62,36.09,12069100
XLK,2014-04-29,36.18,36.42,36.11,36.34,5476100
XLK,2014-04-30,36.29,36.54,36.19,36.45,9165600
XLK,2014-05-01,36.44,36.67,36.4,36.49,4977700
XLK,2014-05-02,36.58,36.59,36.36,36.39,6720100
XLK,2014-05-05,36.3,36.58,36.17,36.58,4082200
XLK,2014-05-06,36.51,36.51,36.16,36.17,4699900
XLK,2014-05-07,36.23,36.28,35.78,36.19,6826900
XLK,2014-05-08,36.1,36.61,36.0459,36.29,3787400
XLK,2014-05-09,36.26,36.35,36.07,36.33,7438500
XLK,2014-05-12,36.5,36.84,36.48,36.82,5593400
XLK,2014-05-13,36.87,36.94,36.745,36.84,5744100
XLK,2014-05-14,36.78,36.85,36.59,36.67,5111600
XLK,2014-05-15,36.73,36.76,36.3,36.45,7288300
XLK,2014-05-16,36.44,36.7,36.33,36.68,5803700
XLK,2014-05-19,36.55,36.97,36.55,36.92,3298500
XLK,2014-05-20,36.96,36.99,36.59,36.71,4237100
XLK,2014-05-21,36.74,36.97,36.74,36.96,4161400
XLK,2014-05-22,36.96,37.15,36.91,37.03,3175000
XLK,2014-05-23,37.12,37.36,37.06,37.34,3312100
XLK,2014-05-27,37.43,37.67,37.42,37.66,5674500
XLK,2014-05-28,37.68,37.71,37.532,37.56,6776900
XLK,2014-05-29,37.69,37.79,37.6,37.78,4664000
XLK,2014-05-30,37.79,37.8701,37.66,37.82,6219200
XLK,2014-06-02,37.88,37.91,37.595,37.76,5461500
XLK,2014-06-03,37.7,37.79,37.582,37.7,5669300
XLK,2014-06-04,37.64,37.82,37.54,37.77,3499200
XLK,2014-06-05,37.9,38.06,37.675,38.02,5667600
XLK,2014-06-06,38.22,38.22,38.09,38.19,4798900
XLK,2014-06-09,38.24,38.37,38.17,38.31,6392000
XLK,2014-06-10,38.31,38.375,38.25,38.33,3594700
XLK,2014-06-11,38.17,38.34,38.14,38.24,4254700
XLK,2014-06-12,38.26,38.38,37.79,37.91,4818000
XLK,2014-06-13,38.14,38.2,37.97,38.13,7331700
XLK,2014-06-16,38.06,38.24,38.0,38.13,7064400
XLK,2014-06-17,38.1,38.29,38.06,38.22,7037600
XLK,2014-06-18,38.3,38.44,38.02,38.42,13035300
XLK,2014-06-19,38.48,38.48,38.2,38.35,5918700
XLK,2014-06-20,38.15,38.22,38.01,38.09,5427200
XLK,2014-06-23,38.05,38.2,38.015,38.2,3767100
XLK,2014-06-24,38.18,38.375,37.91,38.0,8471300
XLK,2014-06-25,37.92,38.21,37.88,38.15,5111900
XLK,2014-06-26,38.18,38.2,37.885,38.11,11352300
XLK,2014-06-27,38.08,38.34,38.06,38.34,10883300
XLK,2014-06-30,38.31,38.475,38.285,38.35,4490400
XLK,2014-07-01,38.49,38.86,38.46,38.74,7488900
XLK,2014-07-02,38.81,38.83,38.72,38.78,4970000
XLK,2014-07-03,38.92,38.97,38.79,38.95,2193000
XLK,2014-07-07,38.95,39.02,38.85,38.99,10482200
XLK,2014-07-08,38.97,38.97,38.43,38.64,6923900
XLK,2014-07-09,38.7,38.845,38.615,38.83,7118100
XLK,2014-07-10,38.22,38.885,38.22,38.72,4421900
XLK,2014-07-11,38.81,38.92,38.71,38.92,3261300
XLK,2014-07-14,39.1,39.25,39.06,39.2,4209100
XLK,2014-07-15,39.29,39.34,38.91,39.13,7414500
XLK,2014-07-16,39.43,39.51,39.245,39.4,8064800
XLK,2014-07-17,39.16,39.48,39.11,39.4499,5670700
XLK,2014-07-18,39.16,39.48,39.11,39.4499,4770500
XLK,2014-07-21,39.43,39.51,39.245,39.4,6181600
XLK,2014-07-22,39.63,39.76,39.56,39.73,4789800
XLK,2014-07-23,39.82,39.91,39.645,39.8,5473400
XLK,2014-07-24,39.92,39.92,39.69,39.77,11659600
XLK,2014-07-25,39.65,39.77,39.53,39.72,4749500
XLK,2014-07-28,39.75,39.865,39.475,39.79,7762200
XLK,2014-07-29,40.08,40.08,39.69,39.71,7312400
XLK,2014-07-30,39.89,39.89,39.56,39.75,7762300
XLK,2014-07-31,39.5,39.54,38.94,39.0,17416500
XLK,2014-08-01,38.9,39.06,38.6,38.789,15507400
XLK,2014-08-04,38.91,39.17,38.71,39.065,6333700
XLK,2014-08-05,38.83,38.96,38.54,38.7,12293400
XLK,2014-08-06,38.44,38.765,38.39,38.58,9140900
XLK,2014-08-07,38.74,38.81,38.29,38.42,6865000
XLK,2014-08-08,38.4,38.7,38.276,38.67,6022800
XLK,2014-08-11,40.44,40.44,40.02,40.07,6507700
XLK,2014-08-12,38.82,38.935,38.65,38.84,6704900
XLK,2014-08-13,38.93,39.22,38.93,39.22,5492700
XLK,2014-08-14,39.25,39.29,39.12,39.29,4614600
XLK,2014-08-15,39.38,39.48,39.01,39.29,8910900
XLK,2014-08-18,39.56,39.6763,39.45,39.66,4248000
XLK,2014-08-19,39.77,39.92,39.72,39.91,5047800
XLK,2014-08-20,39.85,39.98,39.82,39.91,7005300
XLK,2014-08-21,39.91,40.155,39.91,40.1,3454500
XLK,2014-08-22,40.13,40.19,40.015,40.11,4407700
XLK,2014-08-25,40.3,40.31,40.07,40.15,3430700
XLK,2014-08-26,40.21,40.22,40.12,40.17,3352300
XLK,2014-08-27,40.18,40.21,40.045,40.16,4330700
XLK,2014-08-28,40.02,40.16,39.95,40.1,3528300
XLK,2014-08-29,40.17,40.29,40.06,40.28,7684000
XLK,2014-09-02,40.37,40.37,40.17,40.29,5688800
XLK,2014-09-03,40.44,40.44,40.02,40.07,6891600
XLK,2014-09-04,40.15,40.335,39.93,40.05,5213200
XLK,2014-09-05,40.13,40.3,40.03,40.29,7025200
XLK,2014-09-08,40.27,40.45,40.18,40.35,6386100
XLK,2014-09-09,40.37,40.54,39.95,40.06,8562700
XLK,2014-09-10,40.07,40.355,39.96,40.3,7229800
XLK,2014-09-11,40.22,40.41,40.08,40.39,10322200
XLK,2014-09-12,40.36,40.38,40.09,40.22,5555700
XLK,2014-09-15,40.29,40.29,39.906,39.98,6882200
XLK,2014-09-16,39.86,40.33,39.79,40.28,11910600
XLK,2014-09-17,40.27,40.51,40.12,40.36,7654500
XLK,2014-09-18,40.44,40.62,40.44,40.6,7395300
XLK,2014-09-19,40.57,40.57,40.185,40.34,15726300
XLK,2014-09-22,40.35,40.35,39.955,40.07,6328042
XLK,2014-09-23,40.01,40.155,39.9106,39.98,5968475
XLK,2014-09-24,39.99,40.25,39.8101,40.24,7144473
XLK,2014-09-25,40.08,40.1,39.36,39.36,8464881
XLK,2014-09-26,39.43,39.87,39.43,39.79,4881540
XLK,2014-09-29,39.47,39.84,39.34,39.78,4826367
XLK,2014-09-30,39.845,40.08,39.74,39.9,6759919
XLK,2014-10-01,39.77,39.82,39.17,39.28,13059195
XLK,2014-10-02,39.3,39.395,38.86,39.26,13376786
XLK,2014-10-03,39.5,39.6991,39.36,39.58,6705074
XLK,2014-10-06,39.78,39.85,39.49,39.59,6947819
XLK,2014-10-07,39.48,39.51,38.97,38.97,9006692
XLK,2014-10-08,39.02,39.78,38.75,39.71,8670647
XLK,2014-10-09,39.67,39.74,39.01,39.05,15300359
XLK,2014-10-10,38.79,38.99,38.05,38.05,30182607
XLK,2014-10-13,38.0,38.37,37.58,37.63,28604428
XLK,2014-10-14,37.94,38.12,37.59,37.69,21542135
XLK,2014-10-15,37.15,37.58,36.58,37.43,29067214
XLK,2014-10-16,36.8,37.455,36.7,37.21,27123112
XLK,2014-10-17,37.58,37.92,37.4,37.65,12787073
XLK,2014-10-20,37.44,37.94,37.25,37.92,9221409
XLK,2014-10-21,38.19,38.68,38.19,38.66,11573294
XLK,2014-10-22,38.79,38.88,38.45,38.48,12079173
XLK,2014-10-23,38.75,39.12,38.671,38.91,32215984
XLK,2014-10-24,39.08,39.28,38.86,39.25,6903171
XLK,2014-10-27,39.13,39.39,39.09,39.29,5943486
XLK,2014-10-28,39.4,39.85,39.4,39.83,7745481
XLK,2014-10-29,39.78,39.92,39.54,39.79,13176100
XLK,2014-10-30,39.76,39.995,39.59,39.92,9188154
XLK,2014-10-31,40.41,40.55,40.33,40.54,9962978
XLK,2014-11-03,40.59,40.78,40.53,40.71,9529826
XLK,2014-11-04,40.65,40.81,40.45,40.7,6433195
XLK,2014-11-05,40.95,40.97,40.63,40.81,7278101
XLK,2014-11-06,40.79,40.82,40.54,40.79,8589617
XLK,2014-11-07,40.83,40.88,40.64,40.84,7475718
XLK,2014-11-10,40.82,40.99,40.75,40.95,4820924
XLK,2014-11-11,40.98,40.99,40.8,40.97,3054257
XLK,2014-11-12,40.84,41.13,40.82,41.1,4516594
XLK,2014-11-13,41.2,41.46,41.131,41.32,5396126
XLK,2014-11-14,41.33,41.61,41.33,41.61,4343109
XLK,2014-11-17,41.49,41.5901,41.33,41.53,4132672
XLK,2014-11-18,41.5,41.76,41.49,41.67,4829936
XLK,2014-11-19,41.68,41.68,41.21,41.4,7166655
XLK,2014-11-20,41.26,41.61,41.18,41.61,4896885
XLK,2014-11-21,41.94,41.96,41.5033,41.67,6462782
XLK,2014-11-24,41.75,41.9,41.63,41.89,3113210
XLK,2014-11-25,41.95,42.08,41.88,41.91,4744583
XLK,2014-11-26,41.92,42.31,41.92,42.29,10241047
XLK,2014-11-28,42.37,42.58,42.29,42.49,5432541
XLK,2014-12-01,42.39,42.44,41.83,42.005,11664727
XLK,2014-12-02,41.99,42.09,41.85,42.02,5630638
XLK,2014-12-03,42.11,42.24,41.925,42.17,4271682
XLK,2014-12-04,42.14,42.3,42.01,42.17,3766828
XLK,2014-12-05,42.2,42.28,42.02,42.12,7179458
XLK,2014-12-08,42.04,42.11,41.51,41.69,6689945
XLK,2014-12-09,41.14,41.74,41.0,41.68,8221690
XLK,2014-12-10,41.69,41.69,40.97,41.05,8270552
XLK,2014-12-11,41.12,41.7,41.12,41.23,9010736
XLK,2014-12-12,40.91,41.215,40.57,40.615,8982950
XLK,2014-12-15,40.89,41.0555,40.1901,40.37,10251123
XLK,2014-12-16,40.08,40.81,39.83,39.83,15651530
XLK,2014-12-17,39.95,40.7099,39.88,40.58,15282954
XLK,2014-12-18,41.3,41.76,41.18,41.74,10659258
XLK,2014-12-19,41.7,41.79,41.52,41.57,11694422
XLK,2014-12-22,41.73,42.07,41.66,42.07,6107031
XLK,2014-12-23,42.25,42.32,42.155,42.18,6699419
XLK,2014-12-24,42.28,42.28,42.13,42.14,2655636
XLK,2014-12-26,42.22,42.395,42.195,42.32,2278516
XLK,2014-12-29,42.16,42.28,42.07,42.11,4638288
XLK,2014-12-30,42.03,42.085,41.77,41.81,5503440
XLK,2014-12-31,41.95,41.9965,41.31,41.35,5955293
XLK,2015-01-02,41.61,41.71,41.0601,41.27,8495232
XLK,2015-01-05,41.12,41.12,40.52,40.64,7194733
XLK,2015-01-06,40.76,40.76,39.96,40.15,8745602
XLK,2015-01-07,40.46,40.59,40.2,40.49,6534578
XLK,2015-01-08,40.82,41.47,40.76,41.38,14211721
XLK,2015-01-09,41.5,41.6,40.9499,41.25,9169915
XLK,2015-01-12,41.23,41.33,40.63,40.77,5628744
XLK,2015-01-13,41.11,41.615,40.45,40.74,11681840
XLK,2015-01-14,40.41,40.69,40.139,40.51,8830690
XLK,2015-01-15,40.68,40.78,39.96,39.99,9327741
XLK,2015-01-16,39.86,40.42,39.8399,40.38,18821471
XLK,2015-01-20,40.62,40.81,40.2055,40.72,12015728
XLK,2015-01-21,40.54,40.96,40.34,40.79,13918888
XLK,2015-01-22,40.9,41.49,40.56,41.46,8812196
XLK,2015-01-23,41.45,41.64,41.314,41.45,6478772
XLK,2015-01-26,41.4,41.51,41.15,41.28,9733510
XLK,2015-01-27,40.6,40.6,39.91,40.09,10791955
XLK,2015-01-28,40.81,40.94,40.02,40.02,13047164
XLK,2015-01-29,40.04,40.48,39.66,40.4,16817569
XLK,2015-01-30,40.29,40.49,39.82,39.9,13006347
XLK,2015-02-02,40.04,40.36,39.39,40.31,15623563
XLK,2015-02-03,40.43,40.805,40.32,40.77,9883683
XLK,2015-02-04,40.7,41.145,40.7,40.85,5889364
XLK,2015-02-05,41.02,41.25,40.89,41.23,5091765
XLK,2015-02-06,41.29,41.48,40.98,41.1,4790310
XLK,2015-02-09,40.99,41.24,40.95,41.04,7165741
XLK,2015-02-10,41.32,41.7,41.17,41.65,11245749
XLK,2015-02-11,41.71,41.88,41.59,41.81,6249959
XLK,2015-02-12,42.13,42.41,42.07,42.38,6769238
XLK,2015-02-13,42.48,42.68,42.4,42.65,4315840
XLK,2015-02-17,42.69,42.74,42.56,42.67,5340265
XLK,2015-02-18,42.67,42.75,42.55,42.71,3749777
XLK,2015-02-19,42.68,42.9,42.6,42.86,3125425
XLK,2015-02-20,42.86,43.14,42.6372,43.08,6933497
XLK,2015-02-23,43.13,43.14,42.89,43.11,4047028
XLK,2015-02-24,43.08,43.3,42.86,43.24,4655463
XLK,2015-02-25,43.12,43.17,42.88,42.97,5867350
XLK,2015-02-26,43.1,43.3,42.98,43.24,7559192
XLK,2015-02-27,43.23,43.32,43.05,43.09,6055998
XLK,2015-03-02,43.24,43.46,43.1,43.43,6844453
XLK,2015-03-03,43.39,43.39,42.945,43.14,8612023
XLK,2015-03-04,43.03,43.05,42.74,42.97,5869740
XLK,2015-03-05,43.07,43.07,42.77,42.92,7704334
XLK,2015-03-06,42.9,42.96,42.3215,42.39,8076686
XLK,2015-03-09,42.47,42.77,42.41,42.59,6249286
XLK,2015-03-10,42.35,42.36,41.72,41.72,8797871
XLK,2015-03-11,41.82,41.82,41.42,41.45,11452454
XLK,2015-03-12,41.33,41.75,41.29,41.72,12334908
XLK,2015-03-13,41.66,41.76,41.26,41.49,15187664
XLK,2015-03-16,41.71,42.01,41.58,41.98,8639361
XLK,2015-03-17,41.88,42.11,41.81,41.99,9533613
XLK,2015-03-18,41.94,42.71,41.765,42.56,15855376
XLK,2015-03-19,42.5,42.648,42.41,42.44,8992350
XLK,2015-03-20,42.52,42.75,42.45,42.54,19296143
XLK,2015-03-23,42.55,42.745,42.53,42.54,3753021
XLK,2015-03-24,42.57,42.69,42.4,42.4,7100048
XLK,2015-03-25,42.35,42.43,41.31,41.31,8174282
XLK,2015-03-26,41.08,41.55,40.94,41.34,9002360
XLK,2015-03-27,41.35,41.48,41.145,41.37,7909332
XLK,2015-03-30,41.68,41.9,41.6,41.87,6605417
XLK,2015-03-31,41.74,41.82,41.44,41.44,7963627
XLK,2015-04-01,41.48,41.5201,41.09,41.38,10427833
XLK,2015-04-02,41.45,41.54,41.29,41.37,5469259
XLK,2015-04-06,41.08,41.8499,41.04,41.77,7344724
XLK,2015-04-07,41.77,42.015,41.67,41.68,4684336
XLK,2015-04-08,41.68,41.94,41.6,41.81,7203527
XLK,2015-04-09,41.81,41.99,41.59,41.92,7277619
XLK,2015-04-10,41.96,42.1185,41.83,42.08,4316277
XLK,2015-04-13,42.16,42.34,41.95,41.96,3887185
XLK,2015-04-14,41.98,42.03,41.63,41.83,5851306
XLK,2015-04-15,41.94,42.29,41.9,42.2,12583053
XLK,2015-04-16,42.03,42.175,41.934,42.05,9114345
XLK,2015-04-17,41.7,41.79,41.34,41.47,10118319
XLK,2015-04-20,41.66,42.23,41.64,42.18,4845778
XLK,2015-04-21,42.43,42.44,42.11,42.16,5001390
XLK,2015-04-22,42.23,42.63,42.09,42.59,6095141
XLK,2015-04-23,42.49,42.93,42.39,42.76,5857384
XLK,2015-04-24,43.1,43.18,42.89,43.13,6228816
XLK,2015-04-27,43.29,43.43,43.16,43.25,9228013
XLK,2015-04-28,43.29,43.55,42.95,43.39,9147837
XLK,2015-04-29,43.18,43.44,42.91,43.18,8571130
XLK,2015-04-30,42.96,43.09,42.41,42.58,8652555
XLK,2015-05-01,42.84,43.12,42.72,43.1,10548396
XLK,2015-05-04,43.2,43.36,43.12,43.14,7698750
XLK,2015-05-05,43.03,43.1,42.44,42.47,8104890
XLK,2015-05-06,42.63,42.71,41.86,42.11,9873883
XLK,2015-05-07,42.18,42.57,42.09,42.42,5640285
XLK,2015-05-08,42.85,43.06,42.78,43.03,9819247
XLK,2015-05-11,43.0,43.05,42.77,42.81,6046481
XLK,2015-05-12,42.58,42.77,42.21,42.58,7650527
XLK,2015-05-13,42.76,43.01,42.67,42.76,9306475
XLK,2015-05-14,43.1,43.47,43.06,43.45,6975658
XLK,2015-05-15,43.54,43.58,43.21,43.31,8468213
XLK,2015-05-18,43.25,43.6,43.19,43.52,3393310
XLK,2015-05-19,43.57,43.62,43.36,43.41,4565385
XLK,2015-05-20,43.44,43.67,43.28,43.44,11010945
XLK,2015-05-21,43.38,43.68,43.325,43.63,3713121
XLK,2015-05-22,43.49,43.71,43.49,43.6,3968539
XLK,2015-05-26,43.47,43.5,42.84,42.97,7878275
XLK,2015-05-27,43.13,43.81,43.1,43.78,12547011
XLK,2015-05-28,43.64,43.77,43.56,43.69,4664843
XLK,2015-05-29,43.69,43.71,43.26,43.37,7738375
XLK,2015-06-01,43.62,43.64,43.22,43.49,6936313
XLK,2015-06-02,43.33,43.6001,43.115,43.4,5637768
XLK,2015-06-03,43.47,43.73,43.405,43.49,5657318
XLK,2015-06-04,43.25,43.5,42.99,43.09,8347252
XLK,2015-06-05,43.04,43.13,42.76,42.95,7727487
XLK,2015-06-08,42.94,42.95,42.39,42.47,8379498
XLK,2015-06-09,42.4,42.53,42.085,42.37,7706653
XLK,2015-06-10,42.47,43.12,42.47,43.03,8964836
XLK,2015-06-11,43.18,43.29,42.99,43.05,5644698
XLK,2015-06-12,42.84,42.91,42.63,42.67,6158829
XLK,2015-06-15,42.39,42.469,42.09,42.41,9179103
XLK,2015-06-16,42.39,42.74,42.32,42.69,9173344
XLK,2015-06-17,42.72,42.88,42.46,42.71,11023877
XLK,2015-06-18,42.69,43.16,42.68,43.09,8963184
XLK,2015-06-19,42.81,42.91,42.54,42.54,13416067
XLK,2015-06-22,42.9,43.02,42.785,42.89,5437990
XLK,2015-06-23,42.98,42.99,42.82,42.92,3993334
XLK,2015-06-24,42.82,43.07,42.72,42.72,4846785
XLK,2015-06-25,42.95,42.98,42.61,42.62,4913848
XLK,2015-06-26,42.59,42.64,42.135,42.26,10174298
XLK,2015-06-29,41.81,42.06,41.35,41.36,13107438
XLK,2015-06-30,41.67,41.69,41.29,41.4,11382948
XLK,2015-07-01,41.77,41.86,41.495,41.68,8149497
XLK,2015-07-02,41.8,41.88,41.575,41.74,5160664
XLK,2015-07-06,41.45,41.76,41.335,41.57,7509025
XLK,2015-07-07,41.65,41.69,40.851,41.63,19659913
XLK,2015-07-08,41.29,41.3801,40.93,40.95,16160046
XLK,2015-07-09,41.42,41.53,40.79,40.79,8993801
XLK,2015-07-10,41.31,41.58,41.21,41.44,6748349
XLK,2015-07-13,41.7,42.1,41.69,42.07,7071532
XLK,2015-07-14,42.08,42.34,42.06,42.23,6126352
XLK,2015-07-15,42.21,42.37,42.12,42.24,6538481
XLK,2015-07-16,42.57,42.8,42.49,42.78,5206622
XLK,2015-07-17,43.15,43.44,43.09,43.44,7775002
XLK,2015-07-20,43.59,43.81,43.435,43.67,9309458
XLK,2015-07-21,43.45,43.605,43.34,43.38,5973100
XLK,2015-07-22,42.53,42.89,42.5,42.68,8588054
XLK,2015-07-23,42.8,42.97,42.49,42.59,6322622
XLK,2015-07-24,42.8,42.86,42.325,42.36,9746087
XLK,2015-07-27,42.02,42.286,41.92,41.98,8653585
XLK,2015-07-28,42.16,42.44,41.865,42.36,7887459
XLK,2015-07-29,42.36,42.73,42.21,42.64,8376345
XLK,2015-07-30,42.46,42.79,42.26,42.72,6808201
XLK,2015-07-31,42.77,42.84,42.5,42.58,10911997
XLK,2015-08-03,42.56,42.625,42.085,42.35,9198237
XLK,2015-08-04,42.31,42.35,41.945,42.1,7382741
XLK,2015-08-05,42.37,42.81,42.28,42.51,10353711
XLK,2015-08-06,42.51,42.68,41.94,42.09,6492095
XLK,2015-08-07,41.99,42.18,41.83,42.12,7912517
XLK,2015-08-10,42.31,42.825,42.31,42.78,5572027
XLK,2015-08-11,42.66,42.72,42.015,42.14,27344543
XLK,2015-08-12,41.83,42.41,41.44,42.33,10035699
XLK,2015-08-13,42.36,42.49,42.125,42.21,6643770
XLK,2015-08-14,42.1,42.46,42.07,42.42,5953004
XLK,2015-08-17,42.26,42.665,42.115,42.66,5591698
XLK,2015-08-18,42.56,42.62,42.39,42.44,4691890
XLK,2015-08-19,42.31,42.52,41.92,42.16,9227613
XLK,2015-08-20,41.71,41.89,41.13,41.13,13726872
XLK,2015-08-21,40.69,41.0,39.56,39.56,23666133
XLK,2015-08-24,37.01,39.61,31.32,38.14,36103717
XLK,2015-08-25,39.47,39.54,37.66,37.7,18605135
XLK,2015-08-26,38.45,39.66,38.12,39.6,34234861
XLK,2015-08-27,40.14,40.53,39.625,40.52,20104352
XLK,2015-08-28,40.34,40.67,40.25,40.6,13836134
XLK,2015-08-31,40.42,40.67,40.13,40.23,11050074
XLK,2015-09-01,39.38,39.72,38.75,38.94,21288546
XLK,2015-09-02,39.52,39.92,39.14,39.88,12685139
XLK,2015-09-03,40.1,40.425,39.79,39.91,11031133
XLK,2015-09-04,39.38,39.58,39.11,39.3,13780461
XLK,2015-09-08,40.05,40.43,39.95,40.4,9449534
XLK,2015-09-09,40.66,40.86,39.785,39.87,9652295
XLK,2015-09-10,39.81,40.5,39.79,40.27,14024421
XLK,2015-09-11,39.99,40.46,39.98,40.46,6859696
XLK,2015-09-14,40.63,40.67,40.26,40.36,7445376
XLK,2015-09-15,40.49,40.99,40.38,40.88,8805981
XLK,2015-09-16,40.83,41.09,40.78,41.05,7718131
XLK,2015-09-17,40.88,41.4,40.63,40.77,16782643
XLK,2015-09-18,40.11,40.48,39.97,40.06,18115054
XLK,2015-09-21,40.13,40.58,40.09,40.46,6960565
XLK,2015-09-22,39.81,39.97,39.53,39.78,12287703
XLK,2015-09-23,39.92,40.025,39.66,39.88,5678204
XLK,2015-09-24,39.43,39.99,39.22,39.88,11028166
XLK,2015-09-25,40.25,40.3,39.63,39.81,10828509
XLK,2015-09-28,39.64,39.7,38.88,38.9,12328301
XLK,2015-09-29,39.0,39.26,38.45,38.73,13103413
XLK,2015-09-30,39.2,39.56,39.09,39.51,12253587
XLK,2015-10-01,39.5,39.64,38.99,39.52,13518040
XLK,2015-10-02,39.06,40.08,38.92,40.08,14917041
XLK,2015-10-05,40.33,40.97,40.25,40.87,8568850
XLK,2015-10-06,40.73,41.01,40.72,40.92,9857852
XLK,2015-10-07,41.14,41.275,40.617,41.11,15218922
XLK,2015-10-08,40.95,41.3837,40.75,41.3,15374751
XLK,2015-10-09,41.42,41.51,41.25,41.48,11376513
XLK,2015-10-12,41.57,41.595,41.35,41.53,6343682
XLK,2015-10-13,41.31,41.69,41.3,41.44,8951820
XLK,2015-10-14,41.32,41.61,41.25,41.36,12756050
XLK,2015-10-15,41.53,41.91,41.51,41.89,8421884
XLK,2015-10-16,42.0,42.0,41.72,41.97,7486266
XLK,2015-10-19,41.88,42.13,41.76,42.13,7092059
XLK,2015-10-20,41.96,42.135,41.85,42.02,5928927
XLK,2015-10-21,42.11,42.22,41.65,41.7,9417169
XLK,2015-10-22,42.0,42.73,42.0,42.64,14235997
XLK,2015-10-23,43.7,44.0,43.56,43.83,16691718
XLK,2015-10-26,43.79,43.79,43.5,43.66,8288147
XLK,2015-10-27,43.56,43.68,43.36,43.41,7678977
XLK,2015-10-28,43.61,44.06,43.4777,44.06,14779452
XLK,2015-10-29,43.8,44.0,43.67,43.94,7609015
XLK,2015-10-30,44.01,44.02,43.64,43.65,9339523
XLK,2015-11-02,43.73,44.06,43.62,44.04,13743283
XLK,2015-11-03,43.9,44.43,43.82,44.27,6879046
XLK,2015-11-04,44.37,44.44,44.21,44.32,7298611
XLK,2015-11-05,44.36,44.575,44.1,44.19,6728787
XLK,2015-11-06,44.14,44.36,43.98,44.34,6868946
XLK,2015-11-09,44.21,44.21,43.7,43.91,10146232
XLK,2015-11-10,43.66,43.67,43.44,43.62,17273264
XLK,2015-11-11,43.72,43.94,43.53,43.6,8201149
XLK,2015-11-12,43.39,43.6,43.21,43.22,8033808
XLK,2015-11-13,43.07,43.125,42.36,42.37,15044828
XLK,2015-11-16,42.3,43.03,42.28,43.02,9079200
XLK,2015-11-17,43.11,43.36,42.94,43.03,9394355
XLK,2015-11-18,43.23,43.7182,43.18,43.68,10166809
XLK,2015-11-19,43.72,44.0899,43.71,43.88,9367494
XLK,2015-11-20,44.06,44.215,44.013,44.2,7288117
XLK,2015-11-23,44.23,44.25,43.78,43.94,7227077
XLK,2015-11-24,43.61,44.085,43.51,43.95,11303412
XLK,2015-11-25,43.96,43.97,43.8,43.81,6576566
XLK,2015-11-27,43.86,43.99,43.79,43.91,3800711
XLK,2015-11-30,43.97,44.1023,43.81,43.96,17025593
XLK,2015-12-01,44.14,44.36,44.045,44.35,7779488
XLK,2015-12-02,44.4,44.565,44.02,44.07,9697088
XLK,2015-12-03,44.19,44.32,43.29,43.5,11854265
XLK,2015-12-04,43.63,44.645,43.54,44.57,12840171
XLK,2015-12-07,44.52,44.5577,44.14,44.35,12814944
XLK,2015-12-08,43.97,44.36,43.84,44.24,11378344
XLK,2015-12-09,44.05,44.38,43.38,43.59,16254221
XLK,2015-12-10,43.71,44.0399,43.58,43.71,9073446
XLK,2015-12-11,43.23,43.335,42.77,42.8,16959269
XLK,2015-12-14,42.79,43.14,42.345,43.13,21025527
XLK,2015-12-15,43.46,43.62,43.26,43.32,17021931
XLK,2015-12-16,43.59,43.985,43.15,43.91,18173802
XLK,2015-12-17,44.09,44.09,43.21,43.22,12108646
XLK,2015-12-18,42.88,42.97,42.1,42.17,22813935
XLK,2015-12-21,42.52,42.63,42.235,42.6,11163219
XLK,2015-12-22,42.76,42.98,42.56,42.91,9482497
XLK,2015-12-23,43.14,43.31,43.0,43.27,8044750
XLK,2015-12-24,43.3,43.36,43.2,43.25,2457019
XLK,2015-12-28,43.09,43.25,42.8501,43.22,7177228
XLK,2015-12-29,43.48,43.924,43.39,43.81,6809184
XLK,2015-12-30,43.79,43.79,43.44,43.44,7196520
XLK,2015-12-31,43.29,43.3168,42.83,42.83,8834468
XLK,2016-01-04,42.06,42.28,41.61,42.27,21638628
XLK,2016-01-05,42.4,42.5,41.97,42.16,15983348
XLK,2016-01-06,41.54,41.915,41.385,41.64,13858165
XLK,2016-01-07,40.79,41.3162,40.39,40.41,16840337
XLK,2016-01-08,40.76,40.895,40.04,40.09,19232804
XLK,2016-01-11,40.37,40.5299,39.85,40.35,19135121
XLK,2016-01-12,40.78,40.92,40.31,40.83,15841629
XLK,2016-01-13,41.13,41.13,39.66,39.73,21962326
XLK,2016-01-14,39.9,40.79,39.425,40.48,19795463
XLK,2016-01-15,39.16,39.72,38.86,39.34,20176559
XLK,2016-01-19,39.8,39.87,39.03,39.38,19658550
XLK,2016-01-20,38.71,39.46,38.027,39.07,29631795
XLK,2016-01-21,39.29,39.86,38.8,39.29,22135853
XLK,2016-01-22,40.04,40.39,39.98,40.38,11248235
XLK,2016-01-25,40.16,40.51,39.84,39.91,10480637
XLK,2016-01-26,40.07,40.39,39.815,40.3,11473431
XLK,2016-01-27,39.97,40.21,39.29,39.47,18022352
XLK,2016-01-28,40.05,40.13,39.5,39.98,17566301
XLK,2016-01-29,40.31,41.27,40.23,41.24,16113114
XLK,2016-02-01,41.07,41.58,41.035,41.39,14796820
XLK,2016-02-02,41.27,41.28,40.52,40.65,13951155
XLK,2016-02-03,40.91,40.93,39.97,40.6,21506247
XLK,2016-02-04,40.52,40.905,40.21,40.64,18203043
XLK,2016-02-05,40.48,40.55,39.34,39.5,23777375
XLK,2016-02-08,38.835,39.04,38.255,38.93,24820801
XLK,2016-02-09,38.46,39.3,38.395,38.75,24755256
XLK,2016-02-10,39.08,39.535,38.79,38.83,16974501
XLK,2016-02-11,38.325,38.98,38.25,38.73,24625008
XLK,2016-02-12,39.04,39.3,38.82,39.27,10892423
XLK,2016-02-16,39.71,39.98,39.495,39.97,10293100
XLK,2016-02-17,40.2,40.87,40.15,40.79,11128701
XLK,2016-02-18,40.93,40.98,40.55,40.63,11578396
XLK,2016-02-19,40.48,40.78,40.375,40.66,8579309
XLK,2016-02-22,41.03,41.26,40.97,41.2,6590650
XLK,2016-02-23,41.03,41.07,40.47,40.55,8189484
XLK,2016-02-24,40.11,40.94,39.9,40.86,10144362
XLK,2016-02-25,41.0,41.39,40.68,41.37,9403419
XLK,2016-02-26,41.6,41.64,41.17,41.26,9772945
XLK,2016-02-29,41.22,41.606,40.97,40.97,13601895
XLK,2016-03-01,41.32,42.19,41.26,42.19,12304420
XLK,2016-03-02,42.04,42.31,41.965,42.31,8748244
XLK,2016-03-03,42.33,42.335,41.98,42.31,7883785
XLK,2016-03-04,42.32,42.625,42.145,42.42,7885913
XLK,2016-03-07,42.18,42.35,41.85,42.16,15813389
XLK,2016-03-08,41.91,42.245,41.75,41.9,11620644
XLK,2016-03-09,41.96,42.27,41.96,42.26,12158586
XLK,2016-03-10,42.44,42.63,41.7,42.22,12938424
XLK,2016-03-11,42.64,42.88,42.54,42.87,8820147
XLK,2016-03-14,42.74,43.0,42.72,42.92,10060929
XLK,2016-03-15,42.75,43.12,42.73,43.08,6321100
XLK,2016-03-16,42.88,43.65,42.87,43.58,14756858
XLK,2016-03-17,43.5,43.88,43.45,43.74,9366955
XLK,2016-03-18,43.69,43.72,43.395,43.59,9414370
XLK,2016-03-21,43.49,43.76,43.47,43.74,8003471
XLK,2016-03-22,43.54,43.92,43.535,43.75,13112858
XLK,2016-03-23,43.69,43.74,43.41,43.5,10675071
XLK,2016-03-24,43.31,43.62,43.25,43.62,6743333
XLK,2016-03-28,43.66,43.715,43.43,43.51,6407959
XLK,2016-03-29,43.43,44.22,43.38,44.19,10081507
XLK,2016-03-30,44.42,44.67,44.35,44.45,10988322
XLK,2016-03-31,44.39,44.58,44.28,44.36,14594927
XLK,2016-04-01,44.05,44.7199,44.01,44.7,9654907
XLK,2016-04-04,44.63,44.73,44.44,44.53,7646170
XLK,2016-04-05,44.24,44.35,44.01,44.1,10726139
XLK,2016-04-06,44.11,44.53,43.95,44.53,11138477
XLK,2016-04-07,44.21,44.3,43.72,43.89,10631220
XLK,2016-04-08,44.12,44.285,43.74,43.89,8762796
XLK,2016-04-11,44.08,44.34,43.77,43.77,8138485
XLK,2016-04-12,43.85,44.105,43.55,44.07,9591974
XLK,2016-04-13,44.33,44.5899,44.28,44.52,7876600
XLK,2016-04-14,44.46,44.65,44.355,44.51,6502749
XLK,2016-04-15,44.45,44.565,44.25,44.34,6460875
XLK,2016-04-18,44.21,44.53,44.14,44.53,7112870
XLK,2016-04-19,44.61,44.66,44.03,44.28,6470867
XLK,2016-04-20,44.32,44.57,44.19,44.37,6877832
XLK,2016-04-21,44.31,44.3959,44.1,44.21,11277897
XLK,2016-04-22,43.51,43.73,43.21,43.44,14924392
XLK,2016-04-25,43.32,43.465,43.21,43.45,9357526
XLK,2016-04-26,43.5,43.6,43.1,43.24,7364094
XLK,2016-04-27,42.69,43.09,42.53,43.04,12779279
XLK,2016-04-28,43.11,43.26,42.36,42.5,22669609
XLK,2016-04-29,42.26,42.33,41.82,42.13,11896165
XLK,2016-05-02,42.22,42.485,42.04,42.44,12552678
XLK,2016-05-03,42.15,42.24,41.91,42.05,12531192
XLK,2016-05-04,41.86,42.04,41.8,41.92,11245655
XLK,2016-05-05,42.04,42.135,41.84,41.94,13559918
XLK,2016-05-06,41.76,42.25,41.76,42.25,9229886
XLK,2016-05-09,42.27,42.45,42.22,42.25,7541183
XLK,2016-05-10,42.38,42.8,42.33,42.8,13920189
XLK,2016-05-11,42.69,42.93,42.49,42.49,7152065
XLK,2016-05-12,42.65,42.65,42.1,42.37,9336628
XLK,2016-05-13,42.36,42.62,42.16,42.21,10921355
XLK,2016-05-16,42.25,42.9,42.25,42.8,6394168
XLK,2016-05-17,42.67,42.875,42.2367,42.37,9940068
XLK,2016-05-18,42.26,42.7796,42.2,42.45,10903724
XLK,2016-05-19,42.35,42.4,41.965,42.22,8634847
XLK,2016-05-20,42.45,42.825,42.42,42.73,5872937
XLK,2016-05-23,42.71,42.89,42.61,42.65,8427695
XLK,2016-05-24,42.82,43.52,42.82,43.45,9460861
XLK,2016-05-25,43.63,43.89,43.57,43.75,9841925
XLK,2016-05-26,43.75,43.9559,43.661,43.89,6517143
XLK,2016-05-27,43.88,44.16,43.83,44.1,7788018
XLK,2016-05-31,44.14,44.25,43.93,44.19,12371423
XLK,2016-06-01,44.04,44.195,43.97,44.08,6885457
XLK,2016-06-02,43.9,44.04,43.68,44.04,7764500
XLK,2016-06-03,43.98,44.035,43.7,43.94,8304713
XLK,2016-06-06,43.97,44.175,43.93,44.02,8635585
XLK,2016-06-07,44.16,44.3,44.15,44.2,4409439
XLK,2016-06-08,44.19,44.36,44.12,44.29,8158477
XLK,2016-06-09,44.11,44.35,44.08,44.3,12919521
XLK,2016-06-10,43.96,44.105,43.81,43.96,8282597
XLK,2016-06-13,43.57,43.83,43.46,43.47,11852077
XLK,2016-06-14,43.37,43.64,43.26,43.57,8420593
XLK,2016-06-15,43.64,43.725,43.41,43.46,7077108
XLK,2016-06-16,43.24,43.62,43.0,43.55,9596270
XLK,2016-06-17,43.25,43.35,42.855,43.05,11465214
XLK,2016-06-20,43.43,43.605,43.22,43.23,6855969
XLK,2016-06-21,43.36,43.63,43.32,43.53,5743865
XLK,2016-06-22,43.54,43.7,43.33,43.38,6495250
XLK,2016-06-23,43.66,44.01,43.5,43.97,9761852
XLK,2016-06-24,42.42,43.138,42.19,42.28,23622979
XLK,2016-06-27,41.97,41.97,41.26,41.43,18516994
XLK,2016-06-28,41.89,42.25,41.82,42.25,13244697
XLK,2016-06-29,42.54,42.97,42.525,42.9,10504239
XLK,2016-06-30,43.0,43.39,42.9,43.37,13355324
XLK,2016-07-01,43.4,43.602,43.34,43.47,7474705
XLK,2016-07-05,43.24,43.3,43.02,43.15,8680740
XLK,2016-07-06,43.01,43.46,42.86,43.45,7850842
XLK,2016-07-07,43.41,43.65,43.29,43.45,6166060
XLK,2016-07-08,43.66,44.16,43.61,44.13,12748165
XLK,2016-07-11,44.27,44.485,44.23,44.39,5814047
XLK,2016-07-12,44.69,44.81,44.55,44.75,16042716
XLK,2016-07-13,44.88,44.91,44.734,44.76,10609441
XLK,2016-07-14,45.01,45.15,44.91,45.05,15488184
XLK,2016-07-15,45.2,45.2,44.88,45.01,4864805
XLK,2016-07-18,45.08,45.36,45.0,45.31,4107249
XLK,2016-07-19,45.23,45.32,45.1439,45.21,4449970
XLK,2016-07-20,45.56,45.88,45.5,45.8,5366295
XLK,2016-07-21,45.81,45.87,45.45,45.56,5458675
XLK,2016-07-22,45.53,45.83,45.43,45.83,4707250
XLK,2016-07-25,45.75,45.855,45.63,45.77,4244901
XLK,2016-07-26,45.82,46.005,45.65,45.87,9057655
XLK,2016-07-27,46.37,46.37,46.03,46.25,10910076
XLK,2016-07-28,46.31,46.415,46.095,46.28,6329670
XLK,2016-07-29,46.48,46.56,46.3099,46.45,10589749
XLK,2016-08-01,46.45,46.63,46.365,46.54,7841696
XLK,2016-08-02,46.45,46.55,45.97,46.19,11112406
XLK,2016-08-03,46.15,46.35,46.1401,46.35,7980840
XLK,2016-08-04,46.36,46.62,46.32,46.6,8376364
XLK,2016-08-05,46.75,47.07,46.7,47.05,6063052
XLK,2016-08-08,47.1,47.22,46.94,47.04,5219585
XLK,2016-08-09,47.04,47.26,47.04,47.14,14918477
XLK,2016-08-10,47.16,47.18,46.93,46.99,3556299
XLK,2016-08-11,47.14,47.29,47.09,47.16,5259325
XLK,2016-08-12,47.15,47.15,47.01,47.11,3468714
XLK,2016-08-15,47.17,47.43,47.135,47.34,8280742
XLK,2016-08-16,47.26,47.26,46.99,46.99,4538978
XLK,2016-08-17,47.01,47.03,46.7,46.97,5287546
XLK,2016-08-18,46.96,47.04,46.815,46.99,3543209
XLK,2016-08-19,46.86,47.0599,46.75,47.02,4788309
XLK,2016-08-22,46.89,47.0699,46.81,47.02,4628665
XLK,2016-08-23,47.16,47.3,47.15,47.19,8315308
XLK,2016-08-24,47.17,47.19,46.82,46.93,6823780
XLK,2016-08-25,46.85,47.09,46.77,47.03,5912652
XLK,2016-08-26,47.0,47.39,46.795,47.05,12113571
XLK,2016-08-29,47.03,47.3,47.03,47.23,6982507
XLK,2016-08-30,47.14,47.24,46.91,47.07,5718155
XLK,2016-08-31,47.01,47.06,46.84,46.99,11161161
XLK,2016-09-01,46.98,47.18,46.77,47.14,9239600
XLK,2016-09-02,47.37,47.48,47.14,47.35,6907166
XLK,2016-09-06,47.38,47.59,47.32,47.59,15107377
XLK,2016-09-07,47.59,47.72,47.46,47.71,11584977
XLK,2016-09-08,47.54,47.55,47.195,47.32,8302600
XLK,2016-09-09,46.89,47.055,46.16,46.16,16809191
XLK,2016-09-12,45.93,47.03,45.86,46.93,19010477
XLK,2016-09-13,46.75,46.9163,46.4,46.59,17358765
XLK,2016-09-14,46.6,47.1,46.59,46.81,17108742
XLK,2016-09-15,46.91,47.67,46.81,47.58,16319048
XLK,2016-09-16,47.4,47.4,47.0,47.21,15883059
XLK,2016-09-19,47.33,47.56,46.99,47.12,7121315
XLK,2016-09-20,47.28,47.37,47.0266,47.09,5001096
XLK,2016-09-21,47.27,47.65,47.09,47.62,12047883
XLK,2016-09-22,47.9,47.965,47.79,47.91,10498539
XLK,2016-09-23,47.9,47.9,47.41,47.49,11986538
XLK,2016-09-26,47.29,47.372,47.12,47.21,9620379
XLK,2016-09-27,47.27,47.75,47.15,47.73,8784549
XLK,2016-09-28,47.77,47.84,47.52,47.82,9048720
XLK,2016-09-29,47.76,47.877,47.39,47.53,11406897
XLK,2016-09-30,47.64,47.925,47.6,47.78,9255328
XLK,2016-10-03,47.65,47.76,47.5262,47.64,6231442
XLK,2016-10-04,47.8,47.875,47.3034,47.47,8902234
XLK,2016-10-05,47.6,47.75,47.55,47.64,9007846
XLK,2016-10-06,47.68,47.795,47.47,47.75,5005774
XLK,2016-10-07,47.79,47.85,47.39,47.62,6073940
XLK,2016-10-10,47.87,48.06,47.84,47.95,6657950
XLK,2016-10-11,47.95,48.01,47.2,47.41,8727329
XLK,2016-10-12,47.45,47.62,47.205,47.49,5520367
XLK,2016-10-13,47.18,47.34,46.79,47.19,9669204
XLK,2016-10-14,47.38,47.69,47.33,47.37,9448281
XLK,2016-10-17,47.37,47.465,47.24,47.27,5075076
XLK,2016-10-18,47.62,47.74,47.47,47.53,5058937
XLK,2016-10-19,47.5,47.67,47.41,47.62,5034977
XLK,2016-10-20,47.5,47.52,47.17,47.4,6148003
XLK,2016-10-21,47.47,47.56,47.34,47.53,8076945
XLK,2016-10-24,47.78,48.02,47.74,47.99,5350040
XLK,2016-10-25,48.06,48.06,47.73,47.82,4362405
XLK,2016-10-26,47.42,47.805,47.4,47.55,6279706
XLK,2016-10-27,47.76,47.77,47.43,47.49,8821067
XLK,2016-10-28,47.62,47.93,47.32,47.44,10418875
XLK,2016-10-31,47.56,47.63,47.42,47.42,5879960
XLK,2016-11-01,47.52,47.57,46.6856,47.01,9065190
XLK,2016-11-02,47.01,47.15,46.5955,46.71,8167190
XLK,2016-11-03,46.58,46.68,46.24,46.26,10125626
XLK,2016-11-04,46.22,46.55,46.0634,46.18,8153667
XLK,2016-11-07,46.86,47.2,46.75,47.18,13225998
XLK,2016-11-08,47.09,47.605,47.04,47.41,9779131
XLK,2016-11-09,46.69,47.43,46.44,47.35,27127929
XLK,2016-11-10,47.62,47.62,45.94,46.59,39515508
XLK,2016-11-11,46.33,46.83,46.33,46.73,14091551
XLK,2016-11-14,46.77,46.8,45.8,46.02,18970968
XLK,2016-11-15,46.33,46.8327,46.31,46.67,17370746
XLK,2016-11-16,46.56,47.13,46.5,47.1,10124244
XLK,2016-11-17,47.16,47.44,47.0501,47.4,8524101
XLK,2016-11-18,47.51,47.61,47.265,47.36,8822991
XLK,2016-11-21,47.53,47.8775,47.46,47.84,8975710
XLK,2016-11-22,48.0,48.068,47.88,47.99,8488987
XLK,2016-11-23,47.96,47.96,47.63,47.8,8116794
XLK,2016-11-25,47.83,48.01,47.78,48.0,3109508
XLK,2016-11-28,47.96,48.26,47.93,48.04,7487843
XLK,2016-11-29,48.01,48.3,47.9,48.07,5928430
XLK,2016-11-30,48.14,48.14,47.49,47.5,11816590
XLK,2016-12-01,47.44,47.56,46.39,46.52,21865579
XLK,2016-12-02,46.48,46.8,46.37,46.69,10052653
XLK,2016-12-05,46.95,47.255,46.76,47.14,9005036
XLK,2016-12-06,47.25,47.36,47.06,47.28,9254789
XLK,2016-12-07,47.25,48.2172,47.22,48.18,9972934
XLK,2016-12-08,48.2,48.51,48.07,48.3,9674651
XLK,2016-12-09,48.48,48.65,48.4,48.65,12307454
XLK,2016-12-12,48.5,48.61,48.35,48.5,9585230
XLK,2016-12-13,48.71,49.35,48.68,49.11,13966966
XLK,2016-12-14,49.14,49.33,48.84,48.94,17915012
XLK,2016-12-15,49.0,49.405,48.92,49.16,11570018
XLK,2016-12-16,49.08,49.0897,48.516,48.59,10565536
XLK,2016-12-19,48.63,49.1,48.59,48.94,6626790
XLK,2016-12-20,49.07,49.2,49.0,49.12,5706485
XLK,2016-12-21,49.1,49.12,48.92,49.02,4623581
XLK,2016-12-22,49.02,49.05,48.765,48.92,11105195
XLK,2016-12-23,48.87,48.98,48.7836,48.97,6357853
XLK,2016-12-27,49.02,49.4,49.0,49.17,6840653
XLK,2016-12-28,49.23,49.295,48.71,48.73,7777513
XLK,2016-12-29,48.73,48.865,48.62,48.74,4796544
XLK,2016-12-30,48.85,48.85,48.21,48.36,8501616
XLK,2017-01-03,48.67,48.96,48.5,48.79,13940564
XLK,2017-01-04,48.83,49.03,48.8,48.96,7223081
XLK,2017-01-05,48.91,49.16,48.85,49.04,5502865
XLK,2017-01-06,49.04,49.47,48.9,49.4,8750635
XLK,2017-01-09,49.43,49.55,49.36,49.39,8313464
XLK,2017-01-10,49.4,49.57,49.23,49.4,7735815
XLK,2017-01-11,49.31,49.63,49.245,49.63,7586507
XLK,2017-01-12,49.44,49.565,49.04,49.51,6862721
XLK,2017-01-13,49.51,49.75,49.51,49.66,4832928
XLK,2017-01-17,49.53,49.605,49.36,49.47,4825753
XLK,2017-01-18,49.61,49.67,49.475,49.6,6157501
XLK,2017-01-19,49.6,49.775,49.44,49.53,7250031
XLK,2017-01-20,49.75,49.93,49.67,49.8,8755400
XLK,2017-01-23,49.75,49.91,49.54,49.89,11977629
XLK,2017-01-24,49.85,50.275,49.83,50.2,6510953
XLK,2017-01-25,50.47,50.68,50.43,50.68,9197791
XLK,2017-01-26,50.67,50.705,50.4,50.54,7125788
XLK,2017-01-27,50.72,50.83,50.63,50.74,6022812
XLK,2017-01-30,50.57,50.57,50.1,50.33,8446377
XLK,2017-01-31,50.17,50.22,49.86,50.08,9550330
XLK,2017-02-01,50.54,50.62,50.18,50.46,11681043
XLK,2017-02-02,50.31,50.445,50.1,50.36,8598869
XLK,2017-02-03,50.55,50.755,50.54,50.69,6833575
XLK,2017-02-06,50.62,50.725,50.49,50.72,6726518
XLK,2017-02-07,50.82,50.98,50.78,50.92,10053184
XLK,2017-02-08,50.97,51.09,50.775,51.01,6353085
XLK,2017-02-09,51.04,51.3,51.01,51.17,4870022
XLK,2017-02-10,51.29,51.4,51.155,51.32,4177870
XLK,2017-02-13,51.41,51.61,51.34,51.55,6579703
XLK,2017-02-14,51.49,51.72,51.34,51.72,6233755
XLK,2017-02-15,51.68,51.93,51.63,51.89,5947517
XLK,2017-02-16,51.96,52.15,51.885,52.01,7061549
XLK,2017-02-17,51.95,52.19,51.87,52.19,7087697
XLK,2017-02-21,52.3,52.48,52.22,52.46,7618703
XLK,2017-02-22,52.41,52.56,52.3,52.52,6884815
XLK,2017-02-23,52.59,52.63,52.28,52.51,6702668
XLK,2017-02-24,52.2,52.65,52.17,52.63,7772205
XLK,2017-02-27,52.62,52.62,52.48,52.6,7975631
XLK,2017-02-28,52.51,52.56,52.27,52.35,7620997
XLK,2017-03-01,52.67,53.16,52.55,53.09,9095297
XLK,2017-03-02,53.04,53.05,52.71,52.74,7170112
XLK,2017-03-03,52.7,52.86,52.59,52.86,7856975
XLK,2017-03-06,52.64,52.87,52.55,52.78,6715162
XLK,2017-03-07,52.74,53.0,52.7,52.78,6980276
XLK,2017-03-08,52.84,53.0,52.765,52.84,5680931
XLK,2017-03-09,52.85,52.91,52.57,52.83,7650187
XLK,2017-03-10,53.08,53.22,52.89,53.11,7354788
XLK,2017-03-13,53.11,53.22,53.06,53.16,7461245
XLK,2017-03-14,53.12,53.12,52.835,53.04,7239872
XLK,2017-03-15,53.12,53.49,52.96,53.4,8933564
XLK,2017-03-16,53.6,53.6151,53.3713,53.43,10977953
XLK,2017-03-17,53.43,53.51,53.32,53.34,6895356
XLK,2017-03-20,53.35,53.5087,53.24,53.3706,4541841
XLK,2017-03-21,53.53,53.66,52.59,52.61,14905546
XLK,2017-03-22,52.62,53.02,52.55,52.94,11383320
XLK,2017-03-23,52.86,53.02,52.715,52.8,11359352
XLK,2017-03-24,52.98,53.16,52.655,52.84,13140900
XLK,2017-03-27,52.4,52.95,52.33,52.84,6845008
XLK,2017-03-28,52.79,53.34,52.7,53.22,8453958
XLK,2017-03-29,53.2,53.34,53.08,53.31,5705132
XLK,2017-03-30,53.27,53.4752,53.23,53.41,8754343
XLK,2017-03-31,53.36,53.49,53.2543,53.31,6103498
XLK,2017-04-03,53.36,53.44,52.935,53.26,13017887
XLK,2017-04-04,53.04,53.3,53.02,53.3,7520797
XLK,2017-04-05,53.35,53.71,53.03,53.08,10477873
XLK,2017-04-06,53.14,53.25,52.96,53.09,6935088
XLK,2017-04-07,53.01,53.2,52.87,53.06,6469388
XLK,2017-04-10,53.09,53.215,52.8549,52.96,4843637
XLK,2017-04-11,52.87,52.945,52.33,52.76,8457095
XLK,2017-04-12,52.71,52.765,52.475,52.58,8684215
XLK,2017-04-13,52.52,52.87,52.37,52.37,9766588
XLK,2017-04-17,52.53,52.87,52.53,52.85,7066033
XLK,2017-04-18,52.71,52.9411,52.63,52.84,6243585
XLK,2017-04-19,52.92,53.11,52.7,52.8,7260503
XLK,2017-04-20,52.94,53.365,52.86,53.28,7581852
XLK,2017-04-21,53.3,53.31,53.07,53.17,7616549
XLK,2017-04-24,53.75,53.8399,53.63,53.8,8104989
XLK,2017-04-25,54.02,54.1872,53.925,54.08,10044772
XLK,2017-04-26,54.12,54.21,53.97,54.02,8147176
XLK,2017-04-27,54.16,54.28,54.105,54.24,8591719
XLK,2017-04-28,54.41,54.49,54.25,54.38,11418367
XLK,2017-05-01,54.58,54.855,54.48,54.79,7562960
XLK,2017-05-02,54.9,54.99,54.71,54.91,7535068
XLK,2017-05-03,54.73,54.8499,54.5601,54.81,7154453
XLK,2017-05-04,54.83,54.86,54.59,54.77,7579850
XLK,2017-05-05,54.86,54.985,54.725,54.97,6825813
XLK,2017-05-08,55.01,55.2396,54.91,55.21,6070112
XLK,2017-05-09,55.27,55.425,55.17,55.28,7694281
XLK,2017-05-10,55.34,55.53,55.215,55.49,5302044
XLK,2017-05-11,55.32,55.45,55.1,55.42,9098048
XLK,2017-05-12,55.47,55.59,55.41,55.56,4653845
XLK,2017-05-15,55.63,55.87,55.6,55.87,9949265
XLK,2017-05-16,56.0,56.13,55.81,56.13,9061070
XLK,2017-05-17,55.69,55.74,54.57,54.6,18544954
XLK,2017-05-18,54.46,55.13,54.37,54.92,16822248
XLK,2017-05-19,55.22,55.41,55.16,55.24,10219114
XLK,2017-05-22,55.37,55.75,55.36,55.68,10509198
XLK,2017-05-23,55.91,55.97,55.63,55.78,6610474
XLK,2017-05-24,55.93,56.02,55.795,56.01,9427533
XLK,2017-05-25,56.19,56.528,56.0757,56.41,6113436
XLK,2017-05-26,56.36,56.45,56.235,56.38,36282202
XLK,2017-05-30,56.4,56.6799,56.33,56.62,5925282
XLK,2017-05-31,56.83,56.85,56.34,56.53,14246143
XLK,2017-06-01,56.65,56.67,56.315,56.67,8436137
XLK,2017-06-02,56.88,57.2,56.695,57.19,8490762
XLK,2017-06-05,57.19,57.39,57.12,57.24,6765833
XLK,2017-06-06,57.17,57.42,57.06,57.13,7685189
XLK,2017-06-07,57.26,57.41,57.01,57.31,8703568
XLK,2017-06-08,57.41,57.48,57.12,57.44,7102430
XLK,2017-06-09,57.52,57.62,55.22,56.02,35142500
XLK,2017-06-12,55.44,55.78,54.77,55.69,35705538
XLK,2017-06-13,55.96,56.27,55.68,56.09,18293443
XLK,2017-06-14,56.31,56.32,55.355,55.82,16180604
XLK,2017-06-15,55.19,55.65,54.95,55.57,14750458
XLK,2017-06-16,55.35,55.3691,55.02,55.25,21611258
XLK,2017-06-19,55.67,56.11,55.64,56.07,9928799
XLK,2017-06-20,56.05,56.08,55.62,55.62,10957735
XLK,2017-06-21,55.81,55.96,55.64,55.93,12293150
XLK,2017-06-22,56.1,56.14,55.77,55.95,8792805
XLK,2017-06-23,55.9,56.4392,55.81,56.3,16423571
XLK,2017-06-26,56.6,56.72,55.94,56.0,9727935
XLK,2017-06-27,55.7,55.8,55.08,55.08,12895539
XLK,2017-06-28,55.29,55.82,54.92,55.77,12975902
XLK,2017-06-29,55.51,55.51,54.33,54.77,20973423
XLK,2017-06-30,55.0,55.09,54.67,54.72,15371868
XLK,2017-07-03,54.95,55.05,54.28,54.34,16552937
XLK,2017-07-05,54.54,54.985,54.36,54.88,14809389
XLK,2017-07-06,54.4,54.68,54.25,54.38,12793357
XLK,2017-07-07,54.58,55.19,54.54,55.01,8818162
XLK,2017-07-10,55.02,55.535,54.94,55.41,5594233
XLK,2017-07-11,55.35,55.62,55.14,55.53,6855938
XLK,2017-07-12,55.91,56.3,55.875,56.25,16551936
XLK,2017-07-13,56.33,56.555,56.23,56.36,8125081
XLK,2017-07-14,56.6,56.92,56.52,56.86,6689015
XLK,2017-07-17,56.91,57.03,56.76,56.87,9836590
XLK,2017-07-18,56.76,57.13,56.62,57.13,9920176
XLK,2017-07-19,57.22,57.47,57.17,57.42,6673574
XLK,2017-07-20,57.58,57.6,57.21,57.54,10363530
XLK,2017-07-21,57.29,57.48,57.23,57.47,5919823
XLK,2017-07-24,57.44,57.66,57.32,57.61,5378125
XLK,2017-07-25,57.43,57.615,57.25,57.5,6880283
XLK,2017-07-26,57.81,57.82,57.53,57.72,10602647
XLK,2017-07-27,58.13,58.2,56.79,57.5,23047172
XLK,2017-07-28,57.21,57.55,57.16,57.44,10293081
XLK,2017-07-31,57.53,57.66,57.1,57.16,10982828
XLK,2017-08-01,57.45,57.5,57.24,57.45,8307155
XLK,2017-08-02,58.04,58.05,57.25,57.61,12573937
XLK,2017-08-03,57.69,57.69,57.305,57.48,10687844
XLK,2017-08-04,57.6,57.785,57.48,57.61,4756919
XLK,2017-08-07,57.69,57.96,57.665,57.96,7683006
XLK,2017-08-08,57.88,58.33,57.72,57.88,10460698
XLK,2017-08-09,57.51,57.89,57.48,57.85,6972812
XLK,2017-08-10,57.54,57.6,56.675,56.71,14911852
XLK,2017-08-11,56.8,57.285,56.73,57.1,14968108
XLK,2017-08-14,57.62,58.09,57.5,58.01,9758534
XLK,2017-08-15,58.13,58.225,57.92,58.1,7052565
XLK,2017-08-16,58.19,58.48,58.08,58.27,9053847
XLK,2017-08-17,58.05,58.14,57.13,57.13,12968882
XLK,2017-08-18,57.13,57.47,56.85,57.07,16696130
XLK,2017-08-21,57.11,57.17,56.67,57.05,7978621
XLK,2017-08-22,57.35,57.94,57.31,57.9,8460329
XLK,2017-08-23,57.58,57.915,57.56,57.76,8923746
XLK,2017-08-24,57.9,57.9562,57.42,57.71,8093882
XLK,2017-08-25,57.9,58.07,57.58,57.7,8333057
XLK,2017-08-28,57.84,57.915,57.65,57.81,5993304
XLK,2017-08-29,57.34,58.135,57.27,58.06,8689374
XLK,2017-08-30,58.12,58.52,57.985,58.48,7654021
XLK,2017-08-31,58.62,58.93,58.55,58.83,9425768
XLK,2017-09-01,58.98,59.03,58.705,58.78,6013134
XLK,2017-09-05,58.61,58.715,57.87,58.26,11901718
XLK,2017-09-06,58.44,58.52,58.06,58.31,9113735
XLK,2017-09-07,58.5,58.63,58.29,58.51,7693809
XLK,2017-09-08,58.42,58.5,57.985,58.03,6259222
XLK,2017-09-11,58.49,58.91,58.49,58.85,7037299
XLK,2017-09-12,59.02,59.1,58.72,58.99,7861747
XLK,2017-09-13,58.92,58.93,58.68,58.91,8128285
XLK,2017-09-14,58.69,58.975,58.58,58.71,7626601
XLK,2017-09-15,58.45,58.79,58.35,58.74,13123809
XLK,2017-09-18,58.83,59.005,58.57,58.79,10411964
XLK,2017-09-19,58.88,59.17,58.73,59.05,5616132
XLK,2017-09-20,59.04,59.06,58.4,58.81,8950822
XLK,2017-09-21,58.79,58.79,58.3,58.49,8103704
XLK,2017-09-22,58.3,58.6,58.27,58.52,4824802
XLK,2017-09-25,58.33,58.33,57.57,57.83,13565901
XLK,2017-09-26,58.14,58.28,57.86,58.04,9053314
XLK,2017-09-27,58.3,58.81,58.21,58.63,7635478
XLK,2017-09-28,58.48,58.725,58.36,58.7,5589237
XLK,2017-09-29,58.8,59.15,58.73,59.1,12427537
XLK,2017-10-02,59.25,59.3773,58.901,59.19,7571862
XLK,2017-10-03,59.24,59.355,59.17,59.33,6466221
XLK,2017-10-04,59.23,59.3799,59.03,59.29,6649636
XLK,2017-10-05,59.47,59.87,59.44,59.86,6422654
XLK,2017-10-06,59.66,59.98,59.64,59.95,5926382
XLK,2017-10-09,60.04,60.23,60.0,60.1,6946449
XLK,2017-10-10,60.29,60.34,59.85,60.16,5468242
XLK,2017-10-11,60.08,60.38,60.08,60.36,4980785
XLK,2017-10-12,60.22,60.5,60.14,60.21,6106396
XLK,2017-10-13,60.43,60.605,60.43,60.5,5949956
XLK,2017-10-16,60.65,60.73,60.51,60.72,8306357
XLK,2017-10-17,60.7,60.72,60.52,60.72,5131673
XLK,2017-10-18,60.9,60.95,60.68,60.87,6091317
XLK,2017-10-19,60.61,60.76,60.29,60.69,6872564
XLK,2017-10-20,61.06,61.17,60.96,61.1,7407398
XLK,2017-10-23,61.2,61.25,60.74,60.81,7055204
XLK,2017-10-24,60.93,61.08,60.731,60.98,8035815
XLK,2017-10-25,60.84,61.02,60.25,60.65,9225908
XLK,2017-10-26,61.0,61.16,60.855,60.9,9436219
XLK,2017-10-27,61.88,62.71,61.88,62.54,14539163
XLK,2017-10-30,62.56,62.92,62.4434,62.68,8574558
XLK,2017-10-31,62.92,63.0756,62.67,62.95,10111336
XLK,2017-11-01,63.25,63.33,62.63,62.96,9550669
XLK,2017-11-02,62.96,63.05,62.51,62.99,10222694
XLK,2017-11-03,63.32,63.55,62.95,63.49,7659654
XLK,2017-11-06,63.45,63.65,63.41,63.63,5999930
XLK,2017-11-07,63.7,63.72,63.395,63.66,5775620
XLK,2017-11-08,63.66,64.02,63.485,64.01,9099887
XLK,2017-11-09,63.52,63.61,62.86,63.5,10244746
XLK,2017-11-10,63.42,63.55,63.265,63.5,5982504
XLK,2017-11-13,63.26,63.56,63.25,63.48,4300290
XLK,2017-11-14,63.29,63.42,63.0,63.35,7370757
XLK,2017-11-15,63.04,63.1266,62.705,62.88,8492534
XLK,2017-11-16,63.34,63.89,63.34,63.76,7641083
XLK,2017-11-17,63.67,63.72,63.305,63.35,8302090
XLK,2017-11-20,63.5,63.64,63.41,63.59,6579936
XLK,2017-11-21,63.84,64.3,63.79,64.26,8173856
XLK,2017-11-22,64.26,64.28,64.03,64.14,12115822
XLK,2017-11-24,64.24,64.53,64.22,64.5,4339077
XLK,2017-11-27,64.39,64.585,64.28,64.5,6889160
XLK,2017-11-28,64.6,64.77,64.34,64.71,11306719
XLK,2017-11-29,64.6,64.61,62.84,63.28,33640233
XLK,2017-11-30,63.56,64.01,63.33,63.84,21047475
XLK,2017-12-01,63.45,63.83,62.59,63.51,19211806
XLK,2017-12-04,63.91,63.94,62.43,62.49,16805547
XLK,2017-12-05,62.38,63.23,62.11,62.51,13927081
XLK,2017-12-06,62.26,63.045,62.105,62.91,13262285
XLK,2017-12-07,62.95,63.4199,62.91,63.3,11685499
XLK,2017-12-08,63.72,63.91,63.45,63.6,10059018
XLK,2017-12-11,63.57,64.15,63.53,64.15,11421605
XLK,2017-12-12,64.11,64.36,63.87,64.13,8397001
XLK,2017-12-13,64.35,64.46,64.07,64.15,10356137
XLK,2017-12-14,64.23,64.43,64.04,64.07,10946045
XLK,2017-12-15,64.03,64.65,63.87,64.56,21305213
XLK,2017-12-18,65.02,65.2,64.91,65.13,10760780
XLK,2017-12-19,65.0,65.04,64.57,64.73,11976844
XLK,2017-12-20,65.01,65.01,64.4,64.71,8965187
XLK,2017-12-21,64.82,64.93,64.52,64.58,15941851
XLK,2017-12-22,64.47,64.6,64.37,64.54,5485693
XLK,2017-12-26,64.14,64.18,63.88,64.11,6219227
XLK,2017-12-27,64.12,64.3,64.07,64.18,5346813
XLK,2017-12-28,64.37,64.41,64.18,64.29,9658201
XLK,2017-12-29,64.33,64.35,63.9,63.95,6693188
XLK,2018-01-02,64.21,64.74,64.05,64.74,13722817
XLK,2018-01-03,64.86,65.32,64.79,65.28,11331794
XLK,2018-01-04,65.54,65.78,65.39,65.61,10746591
XLK,2018-01-05,65.95,66.36,65.82,66.3,9677970
XLK,2018-01-08,66.27,66.67,66.23,66.55,6733905
XLK,2018-01-09,66.68,66.7,66.27,66.38,10606414
XLK,2018-01-10,66.02,66.17,65.83,66.15,10407785
XLK,2018-01-11,66.3,66.45,66.14,66.42,7887761
XLK,2018-01-12,66.34,66.9,66.25,66.81,8154313
XLK,2018-01-16,67.22,67.46,66.38,66.55,18221762
XLK,2018-01-17,66.93,67.61,66.71,67.55,14688082
XLK,2018-01-18,67.55,67.85,67.49,67.67,14922916
XLK,2018-01-19,67.8,67.91,67.45,67.8,11947212
XLK,2018-01-22,67.75,68.47,67.61,68.46,9002067
XLK,2018-01-23,68.68,68.9,68.54,68.76,10230061
XLK,2018-01-24,68.94,69.06,68.0,68.23,18509512
XLK,2018-01-25,68.66,68.72,67.94,68.11,12975913
XLK,2018-01-26,68.58,69.19,68.43,69.19,10048638
XLK,2018-01-29,68.99,68.99,68.47,68.56,27589931
XLK,2018-01-30,68.0,68.34,67.76,67.94,14831240
XLK,2018-01-31,68.34,68.56,68.0,68.45,15348877
XLK,2018-02-01,68.2,68.99,68.19,68.51,16324964
XLK,2018-02-02,67.74,67.8,66.47,66.48,21964705
XLK,2018-02-05,65.77,67.02,63.67,63.7,49279802
XLK,2018-02-06,62.84,65.64,62.48,65.53,45134653
XLK,2018-02-07,65.37,66.04,64.69,64.69,23712554
XLK,2018-02-08,64.87,64.99,61.99,62.01,27814273
XLK,2018-02-09,63.01,63.99,60.97,63.53,36350175
XLK,2018-02-12,64.21,65.07,63.74,64.67,17814755
XLK,2018-02-13,64.3,64.99,64.11,64.83,9542038
XLK,2018-02-14,64.47,66.13,64.43,66.02,16058841
XLK,2018-02-15,66.65,67.28,65.87,67.28,12152462
XLK,2018-02-16,67.08,67.9,67.01,67.18,10167145
XLK,2018-02-20,66.84,67.77,66.77,67.24,16917649
XLK,2018-02-21,67.5,68.07,66.8,66.81,14551218
XLK,2018-02-22,67.04,67.5,66.7,66.89,10979387
XLK,2018-02-23,67.44,68.29,67.28,68.29,10386168
XLK,2018-02-26,68.58,69.36,68.58,69.36,10797190
XLK,2018-02-27,69.39,69.71,68.66,68.66,12790591
XLK,2018-02-28,69.05,69.34,68.16,68.17,15232048
XLK,2018-03-01,68.33,68.59,66.53,67.04,21486816
XLK,2018-03-02,66.28,67.82,66.1,67.68,19196109
XLK,2018-03-05,67.36,68.6,67.21,68.37,10888925
XLK,2018-03-06,68.76,68.85,68.22,68.52,10151938
XLK,2018-03-07,68.01,68.97,68.01,68.9,11109750
XLK,2018-03-08,69.11,69.26,68.77,69.2,7623964
XLK,2018-03-09,69.69,70.51,69.6,70.51,12342535
XLK,2018-03-12,70.72,71.01,70.53,70.73,13506245
XLK,2018-03-13,71.09,71.34,69.68,69.92,13809416
XLK,2018-03-14,70.27,70.33,69.51,69.86,13881448
XLK,2018-03-15,69.88,70.31,69.56,69.9,11501443
XLK,2018-03-16,69.8,70.05,69.52,69.61,12202272
XLK,2018-03-19,68.96,69.07,67.67,68.23,19868388
XLK,2018-03-20,68.06,68.46,67.82,68.2,9382796
XLK,2018-03-21,68.05,68.69,67.61,67.79,10933467
XLK,2018-03-22,66.97,67.36,65.99,66.04,21195063
XLK,2018-03-23,66.0,66.17,64.25,64.28,20950788
XLK,2018-03-26,65.59,66.81,64.68,66.72,25125797
XLK,2018-03-27,67.13,67.17,64.08,64.58,29748560
XLK,2018-03-28,64.43,65.21,63.77,64.15,26810987
XLK,2018-03-29,64.61,66.07,64.16,65.42,17933797
XLK,2018-04-02,65.16,65.45,63.15,63.86,26017139
XLK,2018-04-03,64.34,64.64,63.41,64.49,18050721
XLK,2018-04-04,63.31,65.57,63.17,65.39,18149231
XLK,2018-04-05,65.99,66.09,65.22,65.66,16369083
XLK,2018-04-06,64.98,65.58,63.77,64.05,20238896
XLK,2018-04-09,64.52,65.81,64.47,64.55,10929668
XLK,2018-04-10,65.57,66.41,65.21,66.14,16116758
XLK,2018-04-11,65.73,66.34,65.64,65.75,8657765
XLK,2018-04-12,66.16,66.83,66.07,66.54,10628033
XLK,2018-04-13,67.0,67.03,66.0,66.32,11210766
XLK,2018-04-16,66.78,67.08,66.39,66.83,9738678
XLK,2018-04-17,67.42,68.29,67.3,68.07,15222774
XLK,2018-04-18,68.0,68.15,67.48,67.89,9882220
XLK,2018-04-19,67.46,67.53,66.9,67.14,12905816
XLK,2018-04-20,66.94,66.99,65.93,66.21,16238478
XLK,2018-04-23,66.46,66.65,65.66,65.97,18960253
XLK,2018-04-24,66.35,66.46,64.35,64.82,17423809
XLK,2018-04-25,64.92,65.05,64.0,64.83,15290279
XLK,2018-04-26,65.64,66.27,65.37,66.01,16543440
XLK,2018-04-27,66.67,66.72,65.54,65.89,13156483
XLK,2018-04-30,66.06,66.47,65.38,65.46,8686115
XLK,2018-05-01,65.37,66.32,65.21,66.28,9273887
XLK,2018-05-02,66.7,66.95,66.09,66.21,13293729
XLK,2018-05-03,65.91,66.61,65.33,66.36,15545417
XLK,2018-05-04,66.11,67.74,66.03,67.62,10841288
XLK,2018-05-07,67.94,68.41,67.83,68.09,13457406
XLK,2018-05-08,67.98,68.3,67.67,68.24,15147426
XLK,2018-05-09,68.41,69.08,68.19,69.08,14413339
XLK,2018-05-10,69.4,70.03,69.33,69.98,11566266
XLK,2018-05-11,69.91,70.15,69.65,69.88,8760648
XLK,2018-05-14,70.11,70.42,69.8,69.87,10130922
XLK,2018-05-15,69.38,69.44,68.85,69.21,14262592
XLK,2018-05-16,69.32,69.68,69.16,69.52,6680485
XLK,2018-05-17,69.27,69.74,68.88,69.16,10800144
XLK,2018-05-18,68.93,69.24,68.81,68.87,7882919
XLK,2018-05-21,69.5,69.81,69.12,69.47,11289236
XLK,2018-05-22,69.81,69.91,69.22,69.37,7391047
XLK,2018-05-23,68.8,69.88,68.79,69.88,14693760
XLK,2018-05-24,69.86,69.94,69.1,69.8,11200659
XLK,2018-05-25,69.85,70.0,69.58,69.75,9391355
XLK,2018-05-29,69.4,69.76,68.91,69.37,29330387
XLK,2018-05-30,69.72,69.97,69.52,69.88,9965160
XLK,2018-05-31,69.88,70.36,69.74,69.9,15284031
XLK,2018-06-01,70.37,71.1,70.25,71.09,12722885
XLK,2018-06-04,71.27,71.73,71.2,71.66,9933038
XLK,2018-06-05,71.84,72.04,71.64,71.91,17274761
XLK,2018-06-06,72.03,72.38,71.66,72.38,17689542
XLK,2018-06-07,72.34,72.34,71.28,71.8,19523632
XLK,2018-06-08,71.26,71.81,71.11,71.68,9904779
XLK,2018-06-11,71.72,71.99,71.56,71.76,7323505
XLK,2018-06-12,71.89,72.17,71.77,72.11,7813398
XLK,2018-06-13,72.11,72.43,71.71,71.74,14639032
XLK,2018-06-14,72.02,72.43,71.91,72.25,11327426
XLK,2018-06-15,71.74,71.83,71.29,71.72,16820622
XLK,2018-06-18,71.22,71.85,71.0,71.8,8290200
XLK,2018-06-19,70.92,71.46,70.52,71.43,12956679
XLK,2018-06-20,71.6,71.92,71.5,71.58,11465613
XLK,2018-06-21,71.86,71.9,70.86,71.03,14817113
XLK,2018-06-22,71.21,71.23,70.51,70.8,15739988
XLK,2018-06-25,70.23,70.3,68.72,69.33,18027741
XLK,2018-06-26,69.55,70.07,69.38,69.61,13862844
XLK,2018-06-27,69.83,70.15,68.64,68.66,22054604
XLK,2018-06-28,68.57,69.73,68.57,69.5,17799048
XLK,2018-06-29,69.77,70.07,69.43,69.47,10009814
XLK,2018-07-02,68.87,70.11,68.77,70.09,12545908
XLK,2018-07-03,70.3,70.35,69.21,69.26,6361411
XLK,2018-07-05,69.69,70.28,69.49,70.24,13659996
XLK,2018-07-06,70.28,71.17,70.11,71.06,12802009
XLK,2018-07-09,71.44,71.62,71.07,71.6,8727604
XLK,2018-07-10,71.61,71.97,71.61,71.77,11493129
XLK,2018-07-11,71.26,71.77,71.15,71.49,12975071
XLK,2018-07-12,71.8,72.66,71.72,72.62,11853325
XLK,2018-07-13,72.63,72.72,72.3,72.54,9258443
XLK,2018-07-16,72.56,72.71,72.23,72.37,6665953
XLK,2018-07-17,71.85,73.03,71.81,72.91,7451575
XLK,2018-07-18,72.89,72.9,72.53,72.79,7081957
XLK,2018-07-19,72.61,72.89,72.4,72.53,7455318
XLK,2018-07-20,72.81,72.95,72.46,72.55,7219886
XLK,2018-07-23,72.4,72.96,72.11,72.92,12575508
XLK,2018-07-24,73.65,73.94,73.02,73.32,10778640
XLK,2018-07-25,73.34,74.24,73.23,74.24,15288805
XLK,2018-07-26,72.97,73.34,72.84,73.1,12547190
XLK,2018-07-27,73.19,73.24,71.4,71.85,31777544
XLK,2018-07-30,71.81,71.92,70.32,70.73,17847711
XLK,2018-07-31,70.95,71.38,70.53,70.92,14977005
XLK,2018-08-01,71.43,71.79,71.17,71.56,14661395
XLK,2018-08-02,70.9,72.55,70.9,72.46,13104923
XLK,2018-08-03,72.48,72.72,72.15,72.72,7245702
XLK,2018-08-06,72.69,73.15,72.52,73.11,7500345
XLK,2018-08-07,73.37,73.65,73.26,73.39,10272737
XLK,2018-08-08,73.35,73.73,73.16,73.59,7099160
XLK,2018-08-09,73.66,73.9,73.56,73.62,11723235
XLK,2018-08-10,73.07,73.38,72.82,73.03,11569162
XLK,2018-08-13,73.14,73.7,72.91,72.93,12064769
XLK,2018-08-14,73.18,73.4662,72.77,73.38,9179535
XLK,2018-08-15,72.92,73.19,72.15,72.72,17792225
XLK,2018-08-16,73.28,73.48,72.88,73.04,9104839
XLK,2018-08-17,72.82,73.35,72.58,73.15,9024155
XLK,2018-08-20,73.32,73.34,72.75,73.04,10619833
XLK,2018-08-21,73.24,73.62,73.07,73.16,8002432
XLK,2018-08-22,72.94,73.49,72.83,73.38,6371245
XLK,2018-08-23,73.25,73.94,73.25,73.54,9367818
XLK,2018-08-24,73.74,74.3,73.73,74.28,6557635
XLK,2018-08-27,74.68,75.0,74.48,74.96,8207455
XLK,2018-08-28,75.11,75.26,74.88,75.09,7385363
XLK,2018-08-29,75.18,75.82,75.17,75.77,11182347
XLK,2018-08-30,75.56,76.03,75.31,75.54,10520312
XLK,2018-08-31,75.47,75.8,75.34,75.6,10269170
XLK,2018-09-04,75.25,75.42,74.8,75.31,11073920
XLK,2018-09-05,75.21,75.27,73.99,74.37,16426553
XLK,2018-09-06,74.26,74.42,73.25,73.83,13978783
XLK,2018-09-07,73.35,74.17,73.27,73.58,14230964
XLK,2018-09-10,73.85,73.95,73.41,73.81,16654881
XLK,2018-09-11,73.6,74.6,73.42,74.44,13595012
XLK,2018-09-12,74.28,74.29,73.53,74.13,16268233
XLK,2018-09-13,74.59,75.19,74.57,75.0,12727444
XLK,2018-09-14,75.07,75.27,74.6,74.94,9439156
XLK,2018-09-17,74.83,74.96,73.92,74.0,14792111
XLK,2018-09-18,73.91,74.83,73.91,74.47,9650997
XLK,2018-09-19,74.46,74.71,73.86,74.28,10435469
XLK,2018-09-20,74.72,75.24,74.49,75.16,13700995
XLK,2018-09-21,75.19,75.31,74.58,74.61,23020545
XLK,2018-09-24,74.25,74.99,73.96,74.98,17256802
XLK,2018-09-25,74.89,75.04,74.58,74.89,10550528
XLK,2018-09-26,74.97,75.3,74.48,74.61,13320561
XLK,2018-09-27,74.88,75.26,74.88,75.05,14233197
XLK,2018-09-28,74.84,75.4,74.8,75.33,11710568
XLK,2018-10-01,75.81,76.0,75.46,75.69,10334066
XLK,2018-10-02,75.6,76.13,75.36,75.7,14006955
XLK,2018-10-03,75.96,76.27,75.79,75.93,13292564
XLK,2018-10-04,75.56,75.62,74.07,74.56,23292417
XLK,2018-10-05,74.53,74.76,72.9,73.62,22288724
XLK,2018-10-08,73.27,73.5,71.96,72.79,19973003
XLK,2018-10-09,72.76,73.48,72.61,73.05,15138932
XLK,2018-10-10,72.61,72.62,69.46,69.51,44143000
XLK,2018-10-11,69.31,70.49,68.07,68.63,68269507
XLK,2018-10-12,70.57,71.06,69.45,70.83,35909369
XLK,2018-10-15,70.57,70.63,69.63,69.67,19152748
XLK,2018-10-16,70.55,72.0,70.38,71.77,20999283
XLK,2018-10-17,71.86,71.91,70.8,71.44,24164921
XLK,2018-10-18,71.12,71.17,69.62,70.04,22960568
XLK,2018-10-19,70.45,71.21,69.75,70.01,22141736
XLK,2018-10-22,70.34,71.05,69.92,70.59,15981011
XLK,2018-10-23,69.12,70.69,68.42,70.32,24066081
XLK,2018-10-24,70.14,70.31,67.09,67.17,34165356
XLK,2018-10-25,68.13,69.84,68.02,69.48,23377176
XLK,2018-10-26,67.75,69.33,67.11,68.09,42743594
XLK,2018-10-29,69.03,69.52,65.59,66.94,34055312
XLK,2018-10-30,66.88,67.93,66.31,67.69,30560929
XLK,2018-10-31,68.7,69.85,68.67,69.3,21144140
XLK,2018-11-01,69.4,70.16,68.81,70.11,15553097
XLK,2018-11-02,69.57,69.98,68.16,68.74,20213140
XLK,2018-11-05,68.7,68.81,67.68,68.67,14208230
XLK,2018-11-06,68.61,69.43,68.55,69.1,9134209
XLK,2018-11-07,69.9,71.13,69.81,71.13,16314800
XLK,2018-11-08,70.86,71.16,70.62,71.07,10409749
XLK,2018-11-09,70.46,70.52,69.25,69.84,12941931
XLK,2018-11-12,69.2,69.32,67.3,67.38,16431059
XLK,2018-11-13,67.54,68.62,67.26,67.46,15703538
XLK,2018-11-14,68.21,68.35,66.31,66.65,19496735
XLK,2018-11-15,66.76,68.48,66.37,68.32,26301445
XLK,2018-11-16,67.52,68.62,67.38,68.21,17973021
XLK,2018-11-19,67.89,67.96,65.43,65.61,19198619
XLK,2018-11-20,63.78,65.07,63.38,64.2,28064763
XLK,2018-11-21,65.07,65.33,64.4,64.67,16503284
XLK,2018-11-23,63.98,64.79,63.9465,64.08,5338114
XLK,2018-11-26,64.92,65.53,64.58,65.53,12534629
XLK,2018-11-27,65.08,65.76,64.7,65.66,11538209
XLK,2018-11-28,66.32,67.96,66.07,67.96,16609706
XLK,2018-11-29,67.75,67.85,66.94,67.3,14115418
XLK,2018-11-30,67.34,67.99,67.01,67.94,16509839
XLK,2018-12-03,69.64,69.71,68.69,69.44,16231664
XLK,2018-12-04,68.95,69.1,66.65,66.81,20991080
XLK,2018-12-06,65.24,66.96,64.91,66.96,21578006
XLK,2018-12-07,66.64,66.94,64.3,64.6,19937805
XLK,2018-12-10,64.24,65.74,63.87,65.49,20447973
XLK,2018-12-11,66.51,66.64,65.04,65.57,15813349
XLK,2018-12-12,66.63,67.12,66.05,66.08,16928906
XLK,2018-12-13,66.4,66.89,65.81,66.19,12819551
XLK,2018-12-14,65.4,65.76,64.51,64.57,15516205
XLK,2018-12-17,64.33,64.77,62.69,63.2,23263471
XLK,2018-12-18,63.69,64.25,63.19,63.7,19626573
XLK,2018-12-19,63.61,64.74,61.76,62.44,33606339
XLK,2018-12-20,62.17,62.8,60.43,61.32,39501833
XLK,2018-12-21,61.07,61.82,58.94,59.2,41613704
XLK,2018-12-24,58.64,59.36,57.57,57.62,21117015
XLK,2018-12-26,58.02,61.1,57.69,61.1,29060164
XLK,2018-12-27,60.25,61.56,59.08,61.54,23438844
XLK,2018-12-28,61.99,62.4218,60.87,61.4,19843317
XLK,2018-12-31,61.93,62.21,61.46,61.98,16860072
XLK,2019-01-02,60.71,62.39,60.63,62.02,15442924
XLK,2019-01-03,60.44,60.48,58.81,58.89,24946730
XLK,2019-01-04,59.97,61.76,59.78,61.5,20767979
XLK,2019-01-07,61.5,62.47,61.36,62.05,11908943
XLK,2019-01-08,62.65,62.87,61.83,62.57,13002603
XLK,2019-01-09,62.91,63.71,62.84,63.38,14022385
XLK,2019-01-10,62.88,63.69,62.59,63.66,10934086
XLK,2019-01-11,63.29,63.58,63.15,63.54,7725602
XLK,2019-01-14,62.98,63.17,62.73,62.95,7242062
XLK,2019-01-15,63.15,64.03,63.04,63.9,14326996
XLK,2019-01-16,63.97,64.35,63.84,63.96,9468643
XLK,2019-01-17,63.73,64.74,63.56,64.37,10128415
XLK,2019-01-18,65.01,65.48,64.59,65.35,13651550
XLK,2019-01-22,64.82,64.93,63.74,64.25,14992512
XLK,2019-01-23,64.52,65.0,63.75,64.47,9576120
XLK,2019-01-24,64.7,65.24,64.67,65.01,14170898
XLK,2019-01-25,65.5,66.13,65.26,65.93,10030815
XLK,2019-01-28,64.95,65.07,64.51,65.05,9662469
XLK,2019-01-29,65.18,65.19,64.25,64.35,8573987
XLK,2019-01-30,65.42,66.54,65.13,66.35,16995325
XLK,2019-01-31,66.01,66.64,65.8,66.28,18250916
XLK,2019-02-01,66.31,67.03,66.21,66.67,9737796
XLK,2019-02-04,66.76,67.75,66.71,67.74,7604287
XLK,2019-02-05,67.97,68.48,67.89,68.31,12060664
XLK,2019-02-06,68.39,68.73,68.13,68.54,10189649
XLK,2019-02-07,67.91,68.2,67.14,67.6,14632128
XLK,2019-02-08,66.99,67.99,66.95,67.99,8488796
XLK,2019-02-11,68.2,68.41,67.8,67.96,7434660
XLK,2019-02-12,68.43,68.95,68.33,68.86,9709099
XLK,2019-02-13,69.2,69.45,68.91,68.95,9120886
XLK,2019-02-14,68.69,69.32,68.64,69.07,9742013
XLK,2019-02-15,69.59,69.69,69.23,69.62,7356002
XLK,2019-02-19,69.34,69.85,69.27,69.64,8319114
XLK,2019-02-20,69.7,70.01,69.35,69.72,9852085
XLK,2019-02-21,69.55,70.025,69.32,69.75,9754061
XLK,2019-02-22,70.07,70.68,70.05,70.64,12246686
XLK,2019-02-25,71.17,71.47,70.93,70.98,20170501
XLK,2019-02-26,70.73,71.33,70.67,71.13,14133959
XLK,2019-02-27,70.86,71.15,70.33,71.06,9777532
XLK,2019-02-28,70.8,71.13,70.68,70.86,9438331
XLK,2019-03-01,71.42,71.53,70.77,71.34,12334027
XLK,2019-03-04,71.64,71.82,70.28,71.07,15826472
XLK,2019-03-05,71.03,71.12,70.64,70.86,8953880
XLK,2019-03-06,70.81,70.89,70.4,70.49,13122115
XLK,2019-03-07,70.29,70.35,69.59,69.82,18498286
XLK,2019-03-08,68.98,69.87,68.84,69.81,12890714
XLK,2019-03-11,70.06,71.38,70.06,71.31,14577194
XLK,2019-03-12,71.51,71.97,71.29,71.73,18050877
XLK,2019-03-13,72.04,72.63,72.0,72.2,17833630
XLK,2019-03-14,72.32,72.57,72.15,72.35,10656663
XLK,2019-03-15,72.37,73.32,72.32,72.99,21024520
XLK,2019-03-18,73.04,73.49,72.85,73.3,14837637
XLK,2019-03-19,73.6,73.8,73.16,73.45,16153202
XLK,2019-03-20,73.37,73.85,72.81,73.25,13704293
XLK,2019-03-21,73.26,75.25,73.25,75.09,27274148
XLK,2019-03-22,74.7,75.01,73.29,73.32,26747361
XLK,2019-03-25,73.08,73.49,72.53,73.0,21946894
XLK,2019-03-26,73.64,74.11,72.97,73.4,13965286
XLK,2019-03-27,73.51,73.79,72.34,72.98,15831176
XLK,2019-03-28,73.2,73.58,72.83,73.28,10539704
XLK,2019-03-29,73.89,74.03,73.53,74.0,14347178
XLK,2019-04-01,74.72,75.1,74.3,75.01,12590504
XLK,2019-04-02,75.07,75.37,74.84,75.27,11787177
XLK,2019-04-03,75.72,76.26,75.58,75.88,13869223
XLK,2019-04-04,75.85,76.05,75.11,75.56,11503077
XLK,2019-04-05,75.81,76.0,75.68,75.92,6709785
XLK,2019-04-08,75.74,76.25,75.42,76.21,7309911
XLK,2019-04-09,75.88,76.16,75.68,75.85,13440126
XLK,2019-04-10,75.92,76.4,75.88,76.38,8617805
XLK,2019-04-11,76.54,76.56,76.12,76.28,7697338
XLK,2019-04-12,76.71,76.81,76.28,76.81,8555372
XLK,2019-04-15,76.81,77.0,76.37,76.78,9910693
XLK,2019-04-16,77.02,77.25,76.8,77.17,9609547
XLK,2019-04-17,77.66,77.7,77.22,77.6,12247872
XLK,2019-04-18,77.77,77.84,77.24,77.82,11491949
XLK,2019-04-22,77.46,78.03,77.39,78.0,8084368
XLK,2019-04-23,78.12,78.95,78.04,78.85,16693005
XLK,2019-04-24,78.91,79.24,78.76,78.88,10938268
XLK,2019-04-25,79.24,79.46,78.44,78.86,11387585
XLK,2019-04-26,78.38,78.58,77.72,78.56,11050219
XLK,2019-04-29,78.57,78.83,78.49,78.58,10613331
XLK,2019-04-30,78.54,78.82,78.1,78.71,18842869
XLK,2019-05-01,79.5,79.7,78.5,78.51,15446826
XLK,2019-05-02,78.49,79.06,77.68,78.1,24988752
XLK,2019-05-03,78.38,78.91,78.27,78.84,13288420
XLK,2019-05-06,76.96,78.36,76.66,78.23,13022479
XLK,2019-05-07,77.35,77.65,75.85,76.55,20625711
XLK,2019-05-08,76.3,77.12,76.17,76.46,13667465
XLK,2019-05-09,75.51,76.19,74.66,75.94,19300910
XLK,2019-05-10,75.45,76.52,74.36,76.18,19596295
XLK,2019-05-13,74.03,74.47,73.1,73.31,25461207
XLK,2019-05-14,73.68,74.95,73.62,74.49,18404280
XLK,2019-05-15,73.97,75.53,73.85,75.3,15048875
XLK,2019-05-16,75.35,76.54,75.25,75.99,15444976
XLK,2019-05-17,75.21,76.4,75.2,75.38,13543996
XLK,2019-05-20,74.11,74.69,73.71,74.07,14673932
XLK,2019-05-21,74.85,75.22,74.68,74.98,14841128
XLK,2019-05-22,74.49,75.04,74.45,74.59,11521081
XLK,2019-05-23,73.58,73.62,72.74,73.28,16085696
XLK,2019-05-24,73.68,74.06,73.22,73.3,11750019
XLK,2019-05-28,73.53,74.0,73.05,73.09,25772770
XLK,2019-05-29,72.55,73.01,72.17,72.66,14754806
XLK,2019-05-30,72.83,73.26,72.61,73.11,11420530
XLK,2019-05-31,72.23,72.57,71.86,71.89,12039782
XLK,2019-06-03,72.0,72.4,70.15,70.63,19703698
XLK,2019-06-04,71.53,72.99,71.17,72.99,15096174
XLK,2019-06-05,73.96,74.11,73.1,73.94,14395841
XLK,2019-06-06,74.14,74.95,73.8,74.8,11922461
XLK,2019-06-07,75.19,76.64,75.04,76.19,11992069
XLK,2019-06-10,76.74,77.69,76.74,76.97,13463779
XLK,2019-06-11,77.75,77.83,76.53,76.97,11550125
XLK,2019-06-12,76.6,76.81,76.36,76.54,7596943
XLK,2019-06-13,76.81,77.04,76.49,76.77,9867761
XLK,2019-06-14,76.07,76.35,75.77,76.1,8441689
XLK,2019-06-17,76.15,76.54,75.99,76.16,9351130
XLK,2019-06-18,76.97,77.92,76.73,77.54,16181183
XLK,2019-06-19,77.74,78.02,77.21,77.82,12371290
XLK,2019-06-20,78.96,79.22,78.3,78.96,13891896
XLK,2019-06-21,78.39,78.99,78.28,78.31,20715371
XLK,2019-06-24,78.45,78.715,78.34,78.46,8216118
XLK,2019-06-25,78.42,78.49,76.93,77.02,13122665
XLK,2019-06-26,77.77,78.4,77.75,77.85,9069181
XLK,2019-06-27,78.11,78.32,77.88,78.05,6837616
XLK,2019-06-28,78.29,78.38,77.8,78.04,17783356
XLK,2019-07-01,79.83,79.93,78.95,79.28,14290707
XLK,2019-07-02,79.24,79.54,79.06,79.49,7784480
XLK,2019-07-03,79.69,80.1,79.53,80.1,5341772
XLK,2019-07-05,79.45,80.09,79.16,79.95,5924127
XLK,2019-07-08,79.33,79.44,78.97,79.34,7459937
XLK,2019-07-09,78.93,79.68,78.81,79.62,9249826
XLK,2019-07-10,80.06,80.73,80.0,80.25,10108944
XLK,2019-07-11,80.45,80.86,80.28,80.55,11352423
XLK,2019-07-12,80.8,81.19,80.66,81.14,7753421
XLK,2019-07-15,81.36,81.51,81.18,81.41,6286126
XLK,2019-07-16,81.31,81.32,80.51,80.65,8005994
XLK,2019-07-17,80.8,80.98,80.43,80.44,6708000
XLK,2019-07-18,80.26,81.16,80.2,81.04,8022393
XLK,2019-07-19,81.85,81.88,80.59,80.69,11679742
XLK,2019-07-22,81.0,81.82,80.99,81.62,6924663
XLK,2019-07-23,82.09,82.15,81.46,82.07,5505508
XLK,2019-07-24,81.96,82.78,81.96,82.75,9257101
XLK,2019-07-25,82.57,82.57,81.9708,82.41,9923306
XLK,2019-07-26,82.45,82.75,82.37,82.59,11120160
XLK,2019-07-29,82.63,82.68,81.9,82.54,8473219
XLK,2019-07-30,81.97,82.36,81.79,82.01,7366949
XLK,2019-07-31,82.45,82.54,79.92,80.77,16869250
XLK,2019-08-01,80.91,82.62,79.96,80.36,28833005
XLK,2019-08-02,79.71,79.74,78.33,79.05,22371946
XLK,2019-08-05,76.94,77.05,75.14,75.75,27826563
XLK,2019-08-06,76.77,77.29,76.13,77.01,19150939
XLK,2019-08-07,76.13,77.7,75.71,77.49,20582422
XLK,2019-08-08,78.11,79.41,77.91,79.39,15991578
XLK,2019-08-09,78.92,79.14,77.89,78.49,15572602
XLK,2019-08-12,77.95,78.24,77.1,77.46,11988423
XLK,2019-08-13,77.39,79.7,77.22,79.4,26082725
XLK,2019-08-14,77.94,78.29,76.76,76.96,23569346
XLK,2019-08-15,77.03,77.22,76.17,76.82,15668558
XLK,2019-08-16,77.61,78.4428,77.5,78.28,10862450
XLK,2019-08-19,79.51,79.71,79.06,79.47,7878240
XLK,2019-08-20,79.37,79.77,79.03,79.07,8337949
XLK,2019-08-21,79.83,80.2,79.64,80.0,8403058
XLK,2019-08-22,80.21,80.39,79.1,79.81,7594419
XLK,2019-08-23,79.37,80.1,76.85,77.17,20399029
XLK,2019-08-26,78.12,78.27,77.59,78.24,10358523
XLK,2019-08-27,78.75,78.89,77.67,78.12,10033044
XLK,2019-08-28,77.7,78.32,77.14,78.19,7139488
XLK,2019-08-29,79.25,79.79,78.97,79.55,8121072
XLK,2019-08-30,80.07,80.17,78.96,79.53,10075423
XLK,2019-09-03,78.87,79.57,78.28,78.56,11837511
XLK,2019-09-04,79.41,79.94,79.33,79.9,7729354
XLK,2019-09-05,80.95,81.9,80.91,81.57,10043286
XLK,2019-09-06,81.75,81.79,81.28,81.5,9150075
XLK,2019-09-09,81.88,81.92,80.46,80.89,12609368
XLK,2019-09-10,80.52,80.52,79.57,80.48,9858474
XLK,2019-09-11,80.73,81.34,80.56,81.32,9399126
XLK,2019-09-12,81.82,82.42,81.42,81.76,12770757
XLK,2019-09-13,81.63,81.63,81.07,81.16,16533550
XLK,2019-09-16,80.49,81.14,80.41,80.96,7725682
XLK,2019-09-17,81.02,81.29,80.83,81.29,7705897
XLK,2019-09-18,81.16,81.34,80.18,81.28,8797290
XLK,2019-09-19,81.53,82.18,81.35,81.46,8204560
XLK,2019-09-20,81.47,81.51,80.05,80.26,15085788
XLK,2019-09-23,80.27,80.75,80.1,80.51,7889342
XLK,2019-09-24,81.04,81.35,79.39,79.73,17731003
XLK,2019-09-25,79.62,80.9,78.89,80.68,11963053
XLK,2019-09-26,80.65,81.05,80.14,80.77,9113911
XLK,2019-09-27,80.77,80.94,79.09,79.69,12782103
XLK,2019-09-30,80.03,80.72,79.92,80.53,11006788
XLK,2019-10-01,80.89,81.43,79.75,79.78,11022487
XLK,2019-10-02,79.25,79.27,77.69,78.28,19759463
XLK,2019-10-03,78.25,79.27,77.28,79.24,17476207
XLK,2019-10-04,79.8,80.65,79.72,80.55,11020568
XLK,2019-10-07,80.28,80.88,80.15,80.21,10619458
XLK,2019-10-08,79.69,79.93,78.73,78.74,14480806
XLK,2019-10-09,79.56,80.21,79.44,79.91,10278855
XLK,2019-10-10,79.83,80.78,79.77,80.46,9353146
XLK,2019-10-11,81.45,82.29,81.32,81.57,15995820
XLK,2019-10-14,81.49,81.86,81.48,81.52,5666318
XLK,2019-10-15,81.85,82.62,81.77,82.42,8118955
XLK,2019-10-16,81.97,82.01,81.55,81.85,10125533
XLK,2019-10-17,82.13,82.36,81.26,81.69,6866140
XLK,2019-10-18,81.57,81.69,80.4,80.91,8726315
XLK,2019-10-21,81.39,81.82,81.1,81.78,6345470
XLK,2019-10-22,81.94,82.23,80.62,80.68,9233062
XLK,2019-10-23,80.43,80.76,80.26,80.75,8953625
XLK,2019-10-24,81.61,82.0,81.31,81.93,7306274
XLK,2019-10-25,81.93,83.02,81.88,82.92,8150221
XLK,2019-10-28,83.65,84.01,83.61,83.97,7208976
XLK,2019-10-29,83.9,84.05,83.18,83.21,7759592
XLK,2019-10-30,83.46,83.82,82.9,83.72,12777545
XLK,2019-10-31,83.85,83.94,83.13,83.67,11230389
XLK,2019-11-01,83.95,84.67,83.82,84.67,9920592
XLK,2019-11-04,85.32,85.37,84.93,85.11,10181197
XLK,2019-11-05,85.35,85.38,84.72,85.01,7896708
XLK,2019-11-06,85.0,85.05,84.54,84.97,8538592
XLK,2019-11-07,85.54,86.12,85.4,85.64,14040669
XLK,2019-11-08,85.42,86.12,85.08,86.12,6286529
XLK,2019-11-11,85.63,86.28,85.52,86.16,4244032
XLK,2019-11-12,86.28,86.77,86.07,86.45,8274914
XLK,2019-11-13,86.11,86.72,86.09,86.64,7686117
XLK,2019-11-14,86.3,86.61,86.06,86.54,6091340
XLK,2019-11-15,87.15,87.24,86.88,87.24,7062323
XLK,2019-11-18,87.21,87.63,86.88,87.5,6521146
XLK,2019-11-19,87.85,87.93,87.35,87.67,7043647
XLK,2019-11-20,87.47,87.73,86.48,87.14,12379508
XLK,2019-11-21,86.97,87.07,86.52,86.7,9377672
XLK,2019-11-22,86.95,87.09,86.25,86.59,5889966
XLK,2019-11-25,86.98,87.85,86.95,87.85,7369728
XLK,2019-11-26,87.9,88.15,87.76,87.93,9727242
XLK,2019-11-27,88.2,88.42,87.94,88.42,9348084
XLK,2019-11-29,88.19,88.33,88.01,88.16,5680094
XLK,2019-12-02,88.2,88.2,86.52,86.9,11583759
XLK,2019-12-03,85.53,86.19,85.16,86.13,11248166
XLK,2019-12-04,86.69,86.76,86.35,86.48,6914337
XLK,2019-12-05,86.79,86.87,86.39,86.8,7810087
XLK,2019-12-06,87.46,87.84,87.39,87.76,9203420
XLK,2019-12-09,87.61,87.89,87.3,87.3,5685139
XLK,2019-12-10,87.44,87.83,87.15,87.37,6175442
XLK,2019-12-11,87.6,88.04,87.42,87.96,4874805
XLK,2019-12-12,87.71,89.03,87.5,88.9,12094681
XLK,2019-12-13,88.81,89.69,88.64,89.49,13128051
XLK,2019-12-16,90.17,90.6,90.15,90.29,9872268
XLK,2019-12-17,90.45,90.49,89.96,90.08,7459650
XLK,2019-12-18,90.19,90.42,90.04,90.07,6485083
XLK,2019-12-19,90.13,90.73,90.1,90.72,6861907
XLK,2019-12-20,90.96,91.06,90.72,90.95,11700395
XLK,2019-12-23,91.23,91.44,91.1,91.21,7765181
XLK,2019-12-24,91.37,91.37,91.03,91.24,2445364
XLK,2019-12-26,91.43,91.94,91.37,91.92,4134648
XLK,2019-12-27,92.29,92.29,91.68,91.91,9666092
XLK,2019-12-30,91.89,91.9,90.68,91.38,8245519
XLK,2019-12-31,91.07,91.77,90.95,91.67,5800856
XLK,2020-01-02,92.5,93.39,92.32,93.39,13283116
XLK,2020-01-03,92.03,92.98,92.02,92.34,15011834
XLK,2020-01-06,91.42,92.66,91.25,92.56,7814969
XLK,2020-01-07,92.72,92.98,92.38,92.52,7681782
XLK,2020-01-08,92.62,93.92,92.45,93.51,11627205
XLK,2020-01-09,94.37,94.63,93.89,94.57,7777365
XLK,2020-01-10,94.98,95.11,94.19,94.35,7665295
XLK,2020-01-13,94.78,95.64,94.73,95.53,7761569
XLK,2020-01-14,95.65,95.74,94.93,95.08,8067325
XLK,2020-01-15,95.14,95.65,94.87,95.19,7207678
XLK,2020-01-16,95.8,96.49,95.67,96.47,5770497
XLK,2020-01-17,96.92,97.21,96.4,97.12,10830425
XLK,2020-01-21,96.82,97.64,96.8,97.08,8926101
XLK,2020-01-22,97.69,98.11,97.35,97.43,7745838
XLK,2020-01-23,97.53,97.97,97.11,97.89,7476729
XLK,2020-01-24,98.61,98.83,97.09,97.43,11807711
XLK,2020-01-27,95.16,95.86,94.71,95.11,17771346
XLK,2020-01-28,95.94,97.19,95.74,96.93,15583707
XLK,2020-01-29,97.73,97.87,96.79,97.18,10559661
XLK,2020-01-30,97.14,98.11,96.55,98.02,9960588
XLK,2020-01-31,97.45,97.5,94.99,95.33,13479750
XLK,2020-02-03,95.44,96.83,95.33,96.59,12537221
XLK,2020-02-04,98.27,99.33,98.03,99.12,9545543
XLK,2020-02-05,100.75,100.8,98.98,99.7,16347079
XLK,2020-02-06,100.11,100.64,99.66,100.61,6751775
XLK,2020-02-07,100.14,100.53,99.49,99.69,8297875
XLK,2020-02-10,99.11,101.06,99.09,101.04,8172448
XLK,2020-02-11,101.81,101.9,100.4,100.7,7550575
XLK,2020-02-12,101.39,101.83,100.82,101.79,6074012
XLK,2020-02-13,100.99,102.05,100.84,101.52,7398138
XLK,2020-02-14,101.72,102.13,101.4,101.96,6196212
XLK,2020-02-18,101.14,101.8,101.03,101.58,10316562
XLK,2020-02-19,102.24,102.94,102.17,102.79,8305437
XLK,2020-02-20,102.57,102.82,100.33,101.72,13161422
XLK,2020-02-21,101.2,101.29,98.82,99.44,14946985
XLK,2020-02-24,94.67,96.71,93.8,95.33,21172740
XLK,2020-02-25,96.19,96.54,91.94,92.28,31461908
XLK,2020-02-26,92.63,94.71,92.0,92.7,27871416
XLK,2020-02-27,89.66,91.56,87.64,87.7,33890280
XLK,2020-02-28,84.21,89.21,84.06,88.37,55923255
XLK,2020-03-02,89.96,93.5,88.38,93.48,34992338
XLK,2020-03-03,94.01,94.66,88.98,89.93,47489104
XLK,2020-03-04,91.87,93.82,90.6,93.79,22360390
XLK,2020-03-05,91.29,93.03,90.24,90.83,24507339
XLK,2020-03-06,87.79,89.44,86.49,88.91,28814751
XLK,2020-03-09,81.58,86.0,81.5,82.16,29549698
XLK,2020-03-10,85.68,87.65,82.62,87.64,35571095
XLK,2020-03-11,85.29,85.82,82.31,83.5,31649960
XLK,2020-03-12,77.44,81.9,75.0,75.35,32738768
XLK,2020-03-13,80.09,84.38,76.3,84.19,32861253
XLK,2020-03-16,71.72,79.21,71.19,72.56,40616547
XLK,2020-03-17,74.27,78.44,71.94,77.5,50382362
XLK,2020-03-18,72.35,75.82,70.27,74.58,53688031
XLK,2020-03-19,73.89,77.39,72.12,74.85,61718935
XLK,2020-03-20,76.26,77.04,71.18,71.42,45214637
XLK,2020-03-23,70.69,72.22,68.1,70.4,42474076
XLK,2020-03-24,74.66,77.67,74.36,77.61,37652654
XLK,2020-03-25,78.2,81.09,76.02,77.51,28736192
XLK,2020-03-26,78.49,82.51,78.3,82.31,28205754
XLK,2020-03-27,79.76,81.26,78.25,78.59,29240539
XLK,2020-03-30,79.64,82.09,79.39,81.9,23731733
XLK,2020-03-31,81.71,83.18,79.95,80.37,19992762
XLK,2020-04-01,77.59,79.25,75.97,76.54,27488142
XLK,2020-04-02,76.27,78.43,75.96,78.33,22100093
XLK,2020-04-03,77.99,78.83,76.15,77.12,15770397
XLK,2020-04-06,80.51,84.25,80.0,83.7,17943617
XLK,2020-04-07,86.65,86.68,82.86,82.95,22147335
XLK,2020-04-08,84.04,85.53,83.25,85.18,13711647
XLK,2020-04-09,86.19,86.63,84.6,85.2,19629825
XLK,2020-04-13,84.86,85.51,83.65,85.39,12640579
XLK,2020-04-14,87.29,89.13,86.94,88.97,15888399
XLK,2020-04-15,87.2,87.74,86.38,87.03,12927709
XLK,2020-04-16,88.17,88.31,86.65,88.09,11781997
XLK,2020-04-17,89.65,89.67,87.97,89.26,14141010
XLK,2020-04-20,88.05,89.22,87.71,87.83,10199073
XLK,2020-04-21,86.59,86.8,83.64,84.15,16374752
XLK,2020-04-22,86.19,87.87,85.88,87.39,12015908
XLK,2020-04-23,87.59,88.58,86.72,86.79,10583972
XLK,2020-04-24,87.15,88.65,86.59,88.63,8442440
XLK,2020-04-27,89.43,89.69,88.85,89.39,7796264
XLK,2020-04-28,90.5,90.56,88.08,88.2,12630288
XLK,2020-04-29,90.08,92.14,89.76,91.82,11453647
XLK,2020-04-30,92.01,92.01,90.73,91.41,15424169
XLK,2020-05-01,89.4,90.65,88.56,88.9,11995097
XLK,2020-05-04,88.49,90.17,88.08,90.08,10728122
XLK,2020-05-05,91.11,92.48,90.95,91.32,8685557
XLK,2020-05-06,92.2,92.92,91.62,92.03,8468509
XLK,2020-05-07,93.28,93.94,93.14,93.41,10543577
XLK,2020-05-08,94.3,94.91,93.75,94.78,7610799
XLK,2020-05-11,94.13,95.97,93.94,95.41,10383091
XLK,2020-05-12,95.8,96.07,93.37,93.44,13518621
XLK,2020-05-13,93.49,94.21,90.62,91.83,16971130
XLK,2020-05-14,91.19,93.06,90.19,93.0,15236049
XLK,2020-05-15,91.53,93.49,91.27,93.47,14016291
XLK,2020-05-18,95.31,96.3,94.98,95.76,10016631
XLK,2020-05-19,95.8,96.89,95.37,95.41,10044653
XLK,2020-05-20,96.73,97.68,96.68,97.5,9095087
XLK,2020-05-21,97.4,97.69,96.09,96.14,10289933
XLK,2020-05-22,96.0,96.61,95.61,96.49,9244780
XLK,2020-05-26,98.42,98.49,96.31,96.39,12996045
XLK,2020-05-27,96.38,96.98,94.33,96.94,19427251
XLK,2020-05-28,96.58,98.52,96.51,96.75,10573507
XLK,2020-05-29,97.04,98.2,96.23,97.97,17775891
XLK,2020-06-01,97.51,98.15,97.08,97.94,13359668
XLK,2020-06-02,98.14,98.86,97.21,98.86,11205634
XLK,2020-06-03,99.26,99.95,98.83,99.63,11017779
XLK,2020-06-04,99.24,99.93,98.26,98.81,7567925
XLK,2020-06-05,99.51,101.7,99.34,101.41,10374918
XLK,2020-06-08,101.23,101.96,100.3,101.92,8064775
XLK,2020-06-09,101.41,102.9,101.32,102.4,7352624
XLK,2020-06-10,103.14,104.89,102.95,104.11,12177473
XLK,2020-06-11,102.3,102.45,98.11,98.14,19867498
XLK,2020-06-12,100.77,101.27,97.68,99.41,21642002
XLK,2020-06-15,97.6,100.82,97.28,100.37,14961914
XLK,2020-06-16,102.77,103.39,100.92,102.51,13967902
XLK,2020-06-17,103.09,103.46,102.32,102.49,8655904
XLK,2020-06-18,102.3,103.06,102.08,102.95,6853710
XLK,2020-06-19,104.19,104.31,101.75,102.24,15638477
XLK,2020-06-22,102.09,103.97,101.93,103.88,7365608
XLK,2020-06-23,104.81,105.83,104.48,104.63,9508806
XLK,2020-06-24,104.2,104.78,101.71,102.27,12710857
XLK,2020-06-25,102.42,103.69,101.31,103.58,10265454
XLK,2020-06-26,103.38,103.53,101.23,101.54,22135104
XLK,2020-06-29,101.53,102.66,100.31,102.65,9273601
XLK,2020-06-30,102.66,104.91,102.52,104.49,8246580
XLK,2020-07-01,104.56,105.27,104.08,104.66,10853706
XLK,2020-07-02,105.65,106.22,105.05,105.27,9571127
XLK,2020-07-06,106.63,107.61,106.57,107.11,8021545
XLK,2020-07-07,106.99,108.07,105.88,105.99,7931883
XLK,2020-07-08,106.83,107.73,106.26,107.72,6661803
XLK,2020-07-09,108.6,108.62,106.56,108.11,8883936
XLK,2020-07-10,107.86,108.13,106.8,108.08,7360163
XLK,2020-07-13,109.0,109.72,105.57,105.84,14451180
XLK,2020-07-14,105.0,107.21,103.88,107.06,15024053
XLK,2020-07-15,108.04,108.57,106.38,107.64,11888674
XLK,2020-07-16,106.49,106.79,105.49,106.31,8587831
XLK,2020-07-17,106.94,107.13,105.85,106.83,6355174
XLK,2020-07-20,107.13,109.82,106.53,109.56,8507493
XLK,2020-07-21,110.34,110.38,108.06,108.46,9397131
XLK,2020-07-22,108.56,109.6706,108.47,109.33,7514035
XLK,2020-07-23,108.75,109.47,106.005,106.49,11674801
XLK,2020-07-24,104.71,105.89,103.47,105.2,11455846
XLK,2020-07-27,105.84,106.97,105.63,106.86,8453995
XLK,2020-07-28,106.53,106.86,105.53,105.61,8912742
XLK,2020-07-29,106.01,107.43,106.01,107.14,6593623
XLK,2020-07-30,106.17,107.81,105.6,107.74,10778368
XLK,2020-07-31,109.44,110.47,107.661,110.43,12594112
XLK,2020-08-03,111.93,113.51,111.88,113.15,12165777
XLK,2020-08-04,112.91,113.45,112.42,113.44,8985819
XLK,2020-08-05,113.8,114.12,113.29,113.86,6480270
XLK,2020-08-06,113.77,115.57,113.515,115.46,8199668
XLK,2020-08-07,115.0,115.005,112.84,113.74,13738125
XLK,2020-08-10,113.96,114.15,111.885,113.42,8240675
XLK,2020-08-11,113.05,113.53,111.15,111.38,9422235
XLK,2020-08-12,112.28,114.206,112.14,113.91,7098900
XLK,2020-08-13,114.07,114.91,113.55,113.96,5726835
XLK,2020-08-14,114.01,114.21,113.25,113.88,4167137
XLK,2020-08-17,114.57,114.9,114.43,114.64,4059973
XLK,2020-08-18,114.86,115.38,114.1,115.07,4465044
XLK,2020-08-19,115.36,115.87,114.735,114.93,7119708
XLK,2020-08-20,114.5,116.69,114.38,116.46,6401540
XLK,2020-08-21,116.57,118.0699,116.51,117.94,7644345
XLK,2020-08-24,119.64,119.68,117.97,118.96,8220299
XLK,2020-08-25,118.69,119.61,118.51,119.56,9314127
XLK,2020-08-26,120.81,122.31,120.54,121.99,8231540
XLK,2020-08-27,122.5,123.06,120.99,122.09,9087146
XLK,2020-08-28,122.57,123.56,122.41,123.16,6546671
XLK,2020-08-31,123.65,124.35,122.88,123.55,9519980
XLK,2020-09-01,124.66,126.07,123.88,125.91,12809980
XLK,2020-09-02,127.71,127.72,124.8101,127.03,20197450
XLK,2020-09-03,125.0,125.1,118.8,119.79,27080966
XLK,2020-09-04,119.12,120.82,113.05,118.12,31272148
XLK,2020-09-08,113.63,116.33,112.58,112.78,23930197
XLK,2020-09-09,115.53,117.6001,114.27,116.46,18391935
XLK,2020-09-10,118.06,118.24,113.14,113.83,16054935
XLK,2020-09-11,114.9,115.34,111.52,112.96,18583150
XLK,2020-09-14,114.84,115.95,114.3,115.33,12365075
XLK,2020-09-15,117.09,117.3,115.685,116.47,9130229
XLK,2020-09-16,116.99,117.15,114.56,114.67,9820058
XLK,2020-09-17,111.99,114.51,111.81,113.72,15201819
XLK,2020-09-18,113.91,114.11,110.3821,111.76,20918798
XLK,2020-09-21,109.5,112.49,109.11,112.44,19190883
XLK,2020-09-22,113.71,114.51,111.78,114.22,12768728
XLK,2020-09-23,114.28,114.39,110.32,110.66,11853888
XLK,2020-09-24,109.63,112.66,109.49,111.28,15919317
XLK,2020-09-25,111.34,114.28,110.64,113.94,9663310
XLK,2020-09-28,115.83,116.13,114.87,116.12,8736611
XLK,2020-09-29,115.97,116.46,115.48,115.73,12225778
XLK,2020-09-30,115.67,117.89,115.62,116.7,11159433
XLK,2020-10-01,118.32,118.48,117.18,117.93,13538164
XLK,2020-10-02,115.03,116.94,114.48,114.94,18625844
XLK,2020-10-05,115.76,117.53,115.69,117.46,6135274
XLK,2020-10-06,117.18,118.29,115.23,115.64,13431145
XLK,2020-10-07,116.85,117.99,116.755,117.76,6496213
XLK,2020-10-08,118.79,118.79,117.97,118.37,5054753
XLK,2020-10-09,118.93,120.21,118.9,120.18,7212665
XLK,2020-10-12,121.95,124.27,121.34,123.46,9581881
XLK,2020-10-13,123.86,124.08,122.2,122.67,8806934
XLK,2020-10-14,122.97,123.62,121.1088,122.02,7277862
XLK,2020-10-15,120.0,121.71,119.68,121.47,6593821
XLK,2020-10-16,122.14,122.63,121.01,121.12,5772118
XLK,2020-10-19,121.73,122.19,118.53,118.9,8308206
XLK,2020-10-20,119.35,120.57,118.58,119.31,7283499
XLK,2020-10-21,119.02,120.27,118.86,119.13,6085884
XLK,2020-10-22,119.18,119.57,117.21,118.57,6743249
XLK,2020-10-23,118.74,118.76,117.45,118.44,5156729
XLK,2020-10-26,117.13,118.065,114.43,115.87,9094576
XLK,2020-10-27,116.43,116.935,115.79,116.45,9532363
XLK,2020-10-28,114.24,114.31,111.32,111.51,16378339
XLK,2020-10-29,111.94,114.68,111.87,113.37,9704469
XLK,2020-10-30,111.78,112.48,109.57,110.86,12925097
XLK,2020-11-02,111.71,112.62,110.08,111.14,12019857
XLK,2020-11-03,112.01,114.1,111.55,113.1,10485071
XLK,2020-11-04,116.54,118.38,115.37,117.5,15381903
XLK,2020-11-05,120.59,121.5,120.09,121.15,11094927
XLK,2020-11-06,120.86,121.97,119.21,121.58,9727649
XLK,2020-11-09,124.16,125.36,120.59,120.7,19884050
XLK,2020-11-10,119.65,120.49,117.49,118.45,11769185
XLK,2020-11-11,119.65,121.59,119.41,121.26,7244276
XLK,2020-11-12,121.26,121.86,119.615,120.18,7177078
XLK,2020-11-13,121.09,121.45,119.95,121.2,5926508
XLK,2020-11-16,121.21,122.59,120.96,122.37,7432091
XLK,2020-11-17,121.76,122.35,121.172,121.69,4969705
XLK,2020-11-18,121.48,122.06,120.34,120.39,4771764
XLK,2020-11-19,120.15,121.58,119.62,121.36,6077626
XLK,2020-11-20,121.47,121.5,120.07,120.11,4958384
XLK,2020-11-23,120.48,121.27,119.04,120.08,4904344
XLK,2020-11-24,120.54,121.985,119.67,121.75,6811896
XLK,2020-11-25,122.17,122.52,121.55,122.01,6093186
XLK,2020-11-27,122.66,123.18,122.43,122.66,3512927
XLK,2020-11-30,122.62,123.66,121.23,123.48,16114637
XLK,2020-12-01,124.5,125.75,123.98,125.06,11337537
XLK,2020-12-02,124.53,125.01,123.59,124.87,8019437
XLK,2020-12-03,125.01,125.63,124.455,124.79,6887703
XLK,2020-12-04,124.97,126.06,124.7,126.04,5179357
XLK,2020-12-07,126.11,126.77,125.89,126.4,4452714
XLK,2020-12-08,126.28,127.21,125.739,126.81,3943420
XLK,2020-12-09,126.73,127.105,123.95,124.38,8635910
XLK,2020-12-10,123.62,125.15,123.33,124.56,4998714
XLK,2020-12-11,123.81,124.3,122.9,124.3,6511630
XLK,2020-12-14,124.68,125.87,124.6,124.75,5528014
XLK,2020-12-15,126.1,126.83,125.29,126.83,4557288
XLK,2020-12-16,127.0,128.14,126.58,127.69,5154629
XLK,2020-12-17,128.62,128.98,128.09,128.7,5752497
XLK,2020-12-18,128.89,128.91,127.43,128.25,8846673
XLK,2020-12-21,126.33,128.14,125.2,128.08,7616125
XLK,2020-12-22,128.79,129.77,128.2,129.19,7167621
XLK,2020-12-23,129.34,129.4345,128.02,128.21,5650370
XLK,2020-12-24,128.43,129.38,128.34,129.06,2192320
XLK,2020-12-28,130.34,130.78,129.73,130.52,3839060
XLK,2020-12-29,131.23,131.4,129.67,129.9,4420699
XLK,2020-12-30,130.35,130.62,129.64,129.83,4070885
XLK,2020-12-31,129.89,130.39,128.97,130.02,5529167
XLK,2021-01-04,130.68,130.71,126.24,127.9,10508554
XLK,2021-01-05,127.61,128.94,127.53,128.73,6180747
XLK,2021-01-06,126.89,128.98,126.12,126.51,13629000
XLK,2021-01-07,127.73,130.17,127.68,129.92,9825978
XLK,2021-01-08,130.56,131.11,129.28,130.76,6193811
XLK,2021-01-11,129.49,130.6,129.14,129.68,8928693
XLK,2021-01-12,129.52,129.69,127.83,129.06,8543440
XLK,2021-01-13,129.23,130.28,128.98,129.88,6802582
XLK,2021-01-14,130.2,130.47,128.55,128.74,7812365
XLK,2021-01-15,128.55,129.12,127.16,127.42,6320564
XLK,2021-01-19,128.3,129.3,127.85,129.08,5784771
XLK,2021-01-20,130.0701,132.1,129.89,131.64,5885017
XLK,2021-01-21,132.35,133.78,131.64,133.34,4474102
XLK,2021-01-22,132.78,133.5,132.51,132.83,5621759
XLK,2021-01-25,134.33,134.79,130.7,133.94,9102612
XLK,2021-01-26,134.41,134.62,133.52,134.03,4296729
XLK,2021-01-27,133.39,133.82,130.31,131.5,12242268
XLK,2021-01-28,132.17,134.24,131.72,132.04,8090826
XLK,2021-01-29,131.38,131.9,128.2294,128.93,9511805
XLK,2021-02-01,130.46,132.8,129.5,132.16,5616337
XLK,2021-02-02,133.44,134.34,133.25,133.95,4281294
XLK,2021-02-03,134.22,134.5,133.09,133.49,5787414
XLK,2021-02-04,134.21,135.62,133.825,135.62,4067118
XLK,2021-02-05,136.03,136.05,134.93,135.32,4706874
XLK,2021-02-08,135.87,136.8,135.68,136.74,5856858
XLK,2021-02-09,136.38,137.23,136.3392,136.58,5268560
XLK,2021-02-10,137.13,137.3,135.22,136.38,4689508
XLK,2021-02-11,137.3,137.97,136.77,137.88,3782861
XLK,2021-02-12,137.52,138.68,137.14,138.59,3377754
XLK,2021-02-16,139.14,139.24,137.78,138.14,4861056
XLK,2021-02-17,136.87,137.22,135.54,136.92,7633853
XLK,2021-02-18,135.5,136.48,134.53,136.25,5478031
XLK,2021-02-19,136.95,137.07,135.44,136.05,5843082
XLK,2021-02-22,134.38,134.82,132.97,133.05,7094433
XLK,2021-02-23,130.84,133.5,128.61,132.68,12099230
XLK,2021-02-24,131.69,134.83,130.68,134.71,8236124
XLK,2021-02-25,133.51,134.4,129.42,130.0,17097021
XLK,2021-02-26,131.29,132.7,129.53,130.69,17355692
XLK,2021-03-01,132.91,134.98,132.0701,134.9,12387609
XLK,2021-03-02,135.09,135.18,132.565,132.76,12401434
XLK,2021-03-03,132.12,132.5,129.28,129.42,14944752
XLK,2021-03-04,129.02,129.96,124.96,126.56,38477759
XLK,2021-03-05,128.14,129.31,124.71,128.95,23042887
XLK,2021-03-08,128.83,129.45,125.7,125.83,17621212
XLK,2021-03-09,128.77,130.91,128.6,130.11,11493641
XLK,2021-03-10,131.51,131.53,129.49,129.59,9229490
XLK,2021-03-11,131.54,133.1793,131.26,132.36,6681427
XLK,2021-03-12,130.78,131.45,129.94,131.41,6221073
XLK,2021-03-15,131.51,132.89,130.985,132.81,8294043
XLK,2021-03-16,133.83,135.09,133.24,133.81,6553407
XLK,2021-03-17,132.73,134.5,131.7201,133.7,9683241
XLK,2021-03-18,131.87,132.095,129.83,129.99,8792426
XLK,2021-03-19,130.02,130.59,128.98,129.6,13612610
XLK,2021-03-22,130.02,132.51,129.81,131.87,7992088
XLK,2021-03-23,132.23,132.81,130.7,131.05,6464580
XLK,2021-03-24,131.84,131.8638,129.44,129.46,7104975
XLK,2021-03-25,128.69,129.96,127.72,129.38,11286833
XLK,2021-03-26,129.31,132.81,129.26,132.67,7441586
XLK,2021-03-29,132.27,132.64,130.98,131.98,8658866
XLK,2021-03-30,131.05,131.19,129.94,130.73,6617698
XLK,2021-03-31,131.73,133.62,131.62,132.81,7715169
XLK,2021-04-01,134.26,135.49,134.13,135.48,7175750
XLK,2021-04-05,136.27,138.52,136.09,138.28,6433395
XLK,2021-04-06,138.06,138.51,137.23,137.69,5658137
XLK,2021-04-07,137.58,138.665,137.08,138.42,5042596
XLK,2021-04-08,139.72,140.45,139.48,140.42,7072277
XLK,2021-04-09,139.91,141.81,139.66,141.77,4700653
XLK,2021-04-12,141.19,141.54,140.395,141.09,7953528
XLK,2021-04-13,141.63,142.53,141.37,142.42,5658115
XLK,2021-04-14,142.4,142.47,140.64,140.91,5608105
XLK,2021-04-15,142.2,143.44,142.18,143.33,5514430
XLK,2021-04-16,143.44,143.57,142.7,143.3,5848011
XLK,2021-04-19,142.66,143.32,141.26,142.11,5127324
XLK,2021-04-20,141.81,142.425,140.06,140.85,4936743
XLK,2021-04-21,140.6,142.32,140.21,142.27,4627069
XLK,2021-04-22,142.02,142.63,139.98,140.6,5826055
XLK,2021-04-23,140.86,143.15,140.83,142.7,4446405
XLK,2021-04-26,142.75,143.58,142.65,143.43,3867508
XLK,2021-04-27,143.66,143.77,142.57,143.08,5411046
XLK,2021-04-28,142.245,142.44,141.405,141.75,5345586
XLK,2021-04-29,142.91,143.09,140.19,141.63,6708280
XLK,2021-04-30,140.19,140.95,139.37,139.7,5291731
XLK,2021-05-03,140.45,140.73,138.955,139.31,5402870
XLK,2021-05-04,138.27,138.31,135.29,136.81,9959803
XLK,2021-05-05,137.93,137.9883,136.22,136.48,3205325
XLK,2021-05-06,136.42,137.93,135.44,137.85,7169589
XLK,2021-05-07,139.23,139.85,138.43,139.03,9598536
XLK,2021-05-10,138.36,138.43,135.47,135.52,10140538
XLK,2021-05-11,132.93,135.39,132.61,135.11,13523408
XLK,2021-05-12,133.12,133.85,130.958,131.31,14707256
XLK,2021-05-13,132.75,134.245,132.16,133.05,11307520
XLK,2021-05-14,134.54,136.445,134.28,135.98,8411544
XLK,2021-05-17,135.18,135.22,133.75,134.98,8133575
XLK,2021-05-18,135.37,135.65,133.81,133.9,5868626
XLK,2021-05-19,131.82,134.47,131.5,134.37,15290626
XLK,2021-05-20,134.91,137.395,134.89,136.94,8414074
XLK,2021-05-21,137.64,137.77,136.065,136.19,7074194
XLK,2021-05-24,137.32,139.0899,137.25,138.61,6614516
XLK,2021-05-25,139.17,139.49,138.34,138.65,5622933
XLK,2021-05-26,138.85,139.25,138.19,138.64,6655692
XLK,2021-05-27,138.52,139.09,137.88,137.91,5677344
XLK,2021-05-28,138.61,139.2,138.33,138.4,4611851
XLK,2021-06-01,139.02,139.17,137.47,137.72,6453653
XLK,2021-06-02,138.0,139.23,137.74,138.67,5049066
XLK,2021-06-03,137.55,138.1,136.54,137.38,6360681
XLK,2021-06-04,138.22,140.1793,138.22,140.02,5591273
XLK,2021-06-07,139.9,140.15,139.305,139.99,5891970
XLK,2021-06-08,140.66,141.25,139.61,140.0,4451349
XLK,2021-06-09,140.68,140.92,140.02,140.1,4881736
XLK,2021-06-10,140.39,141.48,139.89,141.13,5637924
XLK,2021-06-11,141.31,141.97,141.18,141.97,6050333
XLK,2021-06-14,142.11,143.42,141.53,143.41,5713464
XLK,2021-06-15,143.3,143.3,142.27,142.53,7539957
XLK,2021-06-16,142.8,143.07,140.365,141.76,9594069
XLK,2021-06-17,141.35,143.9885,141.35,143.4,7932183
XLK,2021-06-18,142.71,143.27,141.92,142.09,10408302
XLK,2021-06-21,141.89,143.43,140.97,143.35,6138321
XLK,2021-06-22,143.26,144.73,143.1,144.65,4626583
XLK,2021-06-23,144.67,144.995,144.17,144.49,4135464
XLK,2021-06-24,145.42,145.8425,145.11,145.4,6139494
XLK,2021-06-25,145.53,145.64,144.99,145.23,7192858
XLK,2021-06-28,145.83,146.92,145.8,146.75,6278823
XLK,2021-06-29,146.83,147.89,146.49,147.82,4914556
XLK,2021-06-30,147.59,148.02,147.2,147.66,5506796
XLK,2021-07-01,147.46,147.91,146.91,147.91,5818357
XLK,2021-07-02,148.62,150.015,148.58,149.86,6390214
XLK,2021-07-06,150.18,151.14,148.99,150.43,5935320
XLK,2021-07-07,151.39,151.56,150.04,151.25,7441850
XLK,2021-07-08,148.87,150.235,148.2,149.82,8543366
XLK,2021-07-09,149.64,151.34,149.42,151.2,4887909
XLK,2021-07-12,151.8,151.87,150.83,151.32,4810115
XLK,2021-07-13,151.06,153.04,150.93,151.94,7601420
XLK,2021-07-14,153.16,153.84,152.39,153.06,6443364
XLK,2021-07-15,152.88,153.0,150.99,151.8,6253342
XLK,2021-07-16,152.1,152.82,150.15,150.3,7540473
XLK,2021-07-19,148.51,148.919,147.37,148.23,12126987
XLK,2021-07-20,148.97,151.26,148.11,150.43,7357765
XLK,2021-07-21,150.37,151.91,150.09,151.88,6116978
XLK,2021-07-22,152.2,153.118,152.2,153.0,4789080
XLK,2021-07-23,153.68,154.595,153.13,154.52,6288077
XLK,2021-07-26,154.13,154.715,153.55,154.44,4496686
XLK,2021-07-27,154.25,154.3,151.05,152.98,9044949
XLK,2021-07-28,153.03,153.595,151.33,152.79,6970581
XLK,2021-07-29,152.63,154.02,152.61,153.5,5972438
XLK,2021-07-30,152.52,153.56,152.48,153.4,5074728
XLK,2021-08-02,154.09,154.3,152.64,152.85,6102935
XLK,2021-08-03,153.13,153.91,151.89,153.83,5412613
XLK,2021-08-04,153.71,154.52,153.22,154.14,5661391
XLK,2021-08-05,154.42,155.04,153.96,154.99,3337331
XLK,2021-08-06,154.45,155.04,154.41,154.86,3801418
XLK,2021-08-09,155.04,155.32,154.21,154.36,3599065
XLK,2021-08-10,154.64,154.78,152.805,153.25,5210674
XLK,2021-08-11,153.78,154.06,152.49,153.27,5416129
XLK,2021-08-12,153.11,154.24,152.48,154.15,3474356
XLK,2021-08-13,154.25,155.03,154.08,154.99,2811935
XLK,2021-08-16,154.62,155.71,153.31,155.69,4747107
XLK,2021-08-17,154.74,154.99,153.4431,154.4,9526334
XLK,2021-08-18,154.04,154.73,152.1,152.27,6740591
XLK,2021-08-19,151.43,154.33,151.21,153.76,9645672
XLK,2021-08-20,154.34,155.88,153.97,155.74,7384860
XLK,2021-08-23,156.15,157.973,156.14,157.75,5401237
XLK,2021-08-24,157.95,158.13,157.43,157.57,4768512
XLK,2021-08-25,157.94,158.36,157.22,157.48,4715225
XLK,2021-08-26,157.29,157.61,156.36,156.49,6028330
XLK,2021-08-27,156.63,158.11,156.36,158.0,7044381
XLK,2021-08-30,158.47,159.885,158.47,159.7,5013407
XLK,2021-08-31,159.8,159.85,158.56,158.86,10985556
XLK,2021-09-01,159.41,160.13,158.77,158.9,10145178
XLK,2021-09-02,159.49,159.7,158.09,158.73,10885699
XLK,2021-09-03,158.54,159.78,158.49,159.36,10602400
XLK,2021-09-07,159.55,159.74,158.645,159.4,9862178
XLK,2021-09-08,159.38,159.43,157.66,158.79,5733152
XLK,2021-09-09,158.9,159.45,158.06,158.19,5580573
XLK,2021-09-10,159.07,159.46,156.4741,156.63,8540107
XLK,2021-09-13,157.82,158.23,155.65,156.68,11318867
XLK,2021-09-14,157.35,157.67,156.06,156.48,9215775
XLK,2021-09-15,157.01,157.975,156.13,157.85,8169647
XLK,2021-09-16,157.29,158.1,156.315,157.94,8074251
XLK,2021-09-17,157.53,157.54,155.25,155.48,11331497
XLK,2021-09-20,152.93,153.71,150.345,152.38,17834652
XLK,2021-09-21,153.31,153.685,151.85,152.44,9227485
XLK,2021-09-22,153.27,155.13,152.59,154.53,13995333
XLK,2021-09-23,155.33,156.97,154.85,156.6,9767336
XLK,2021-09-24,155.65,156.97,155.58,156.71,5826250
XLK,2021-09-27,155.39,155.75,154.2,155.19,7507472
XLK,2021-09-28,153.2,153.55,150.47,150.59,19095344
XLK,2021-09-29,151.21,152.0,150.14,150.4,12505979
XLK,2021-09-30,151.28,151.93,149.24,149.32,16708259
XLK,2021-10-01,149.86,151.9,148.34,151.57,22741929
XLK,2021-10-04,150.7,150.875,146.88,148.06,25386520
XLK,2021-10-05,148.36,151.025,148.22,150.17,16483772
XLK,2021-10-06,148.44,151.26,147.945,151.15,20002378
XLK,2021-10-07,152.46,153.71,152.25,152.53,9947806
XLK,2021-10-08,153.12,153.23,151.71,151.96,9213492
XLK,2021-10-11,151.28,153.15,151.015,151.12,7485264
XLK,2021-10-12,151.71,151.9,150.09,150.34,8926658
XLK,2021-10-13,150.99,151.59,150.01,151.26,9761744
XLK,2021-10-14,152.8,154.74,152.58,154.67,7600209
XLK,2021-10-15,155.21,155.94,154.74,155.91,6389617
XLK,2021-10-18,155.04,157.31,154.61,157.23,5815132
XLK,2021-10-19,157.65,158.79,157.33,158.79,6600707
XLK,2021-10-20,158.94,159.17,157.66,158.35,6012667
XLK,2021-10-21,157.87,159.045,157.545,158.96,5011583
XLK,2021-10-22,158.9,159.56,157.75,158.41,6245006
XLK,2021-10-25,159.01,159.5001,158.31,158.93,5168556
XLK,2021-10-26,160.0,160.67,159.3,159.38,6594759
XLK,2021-10-27,159.65,160.46,159.08,159.24,8724011
XLK,2021-10-28,160.21,160.96,159.91,160.84,6378440
XLK,2021-10-29,159.26,161.63,159.07,161.53,10065876
XLK,2021-11-01,161.53,161.61,160.47,161.29,12189012
XLK,2021-11-02,161.51,163.11,161.51,162.71,11997592
XLK,2021-11-03,162.99,164.0,162.04,163.66,12989308
XLK,2021-11-04,164.28,166.62,163.99,166.22,14345699
XLK,2021-11-05,167.44,168.02,166.0409,167.08,12112064
XLK,2021-11-08,167.62,168.27,167.23,167.98,6390457
XLK,2021-11-09,168.23,168.41,166.435,167.29,8367399
XLK,2021-11-10,166.0,166.83,164.03,164.53,12894393
XLK,2021-11-11,165.71,165.78,165.03,165.3,5051904
XLK,2021-11-12,165.85,167.585,165.57,167.31,6115307
XLK,2021-11-15,167.98,168.22,166.19,167.14,6245195
XLK,2021-11-16,166.94,169.13,166.84,168.9,6769409
XLK,2021-11-17,168.57,169.45,167.86,168.39,7708937
XLK,2021-11-18,169.36,170.31,168.14,170.07,9984005
XLK,2021-11-19,170.68,171.96,170.1105,171.31,8858784
XLK,2021-11-22,171.98,174.25,169.3,169.4,14232502
XLK,2021-11-23,168.75,169.55,166.87,169.01,14620677
XLK,2021-11-24,168.0,170.28,167.18,170.24,9120520
XLK,2021-11-26,167.81,169.11,165.33,165.99,12383935
XLK,2021-11-29,168.46,170.595,167.93,170.14,12489882
XLK,2021-11-30,169.5,171.05,167.28,168.72,27033357
XLK,2021-12-01,170.5,171.79,166.26,166.41,19545620
XLK,2021-12-02,164.87,168.71,164.51,167.94,23436247
XLK,2021-12-03,168.42,168.94,163.05,165.13,24235027
XLK,2021-12-06,165.61,167.2,163.89,166.7,18900173
XLK,2021-12-07,170.02,172.73,169.9956,172.52,14345548
XLK,2021-12-08,172.58,173.43,171.39,173.31,11630788
XLK,2021-12-09,172.88,174.01,171.3,171.44,8600510
XLK,2021-12-10,173.24,175.1,172.73,174.88,12388524
XLK,2021-12-13,175.24,175.58,172.03,172.28,10486993
XLK,2021-12-14,170.2,171.29,167.41,169.45,13547388
XLK,2021-12-15,169.59,174.11,167.98,173.94,14135413
XLK,2021-12-16,174.59,174.87,168.01,169.01,15637803
XLK,2021-12-17,167.15,169.52,166.28,167.88,22411626
XLK,2021-12-20,165.0,166.09,164.36,165.57,16324761
XLK,2021-12-21,167.34,169.9,165.79,169.76,8405416
XLK,2021-12-22,169.53,172.1,169.08,171.98,6688099
XLK,2021-12-23,172.21,173.6299,172.19,172.94,4896285
XLK,2021-12-27,173.63,176.69,173.59,176.65,6639571
XLK,2021-12-28,176.98,177.04,175.29,175.73,5711982
XLK,2021-12-29,175.79,176.59,174.97,175.88,4843886
XLK,2021-12-30,175.95,176.54,174.51,174.72,5263212
XLK,2021-12-31,174.55,174.97,173.79,173.87,5075243
XLK,2022-01-03,174.1,175.68,173.34,175.52,10151434
XLK,2022-01-04,175.82,176.0,172.35,173.66,8323998
XLK,2022-01-05,172.65,172.78,168.26,168.32,11814245
XLK,2022-01-06,166.98,169.2,166.47,167.47,11883563
XLK,2022-01-07,167.36,168.16,164.84,165.93,15244335
XLK,2022-01-10,163.46,166.17,161.29,165.96,16250705
XLK,2022-01-11,165.53,168.19,164.3,167.95,9582923
XLK,2022-01-12,169.2,170.36,167.9,168.74,9071990
XLK,2022-01-13,169.61,170.1,163.9516,164.37,10471339
XLK,2022-01-14,163.25,165.86,163.25,165.76,11175680
XLK,2022-01-18,163.35,164.32,161.33,161.78,12342043
XLK,2022-01-19,162.29,164.29,159.36,159.52,12378272
XLK,2022-01-20,160.94,162.745,157.25,157.46,18804527
XLK,2022-01-21,157.08,158.8899,154.29,154.33,24008262
XLK,2022-01-24,151.76,155.24,146.24,155.13,33714822
XLK,2022-01-25,152.09,154.42,149.8,151.54,24443149
XLK,2022-01-26,155.66,157.475,150.62,152.43,26798133
XLK,2022-01-27,154.9,155.72,150.83,151.38,19728064
XLK,2022-01-28,153.26,158.04,150.98,158.0,22118045
XLK,2022-01-31,158.04,162.18,157.27,161.97,14560541
XLK,2022-02-01,162.19,162.661,160.04,162.39,11694942
XLK,2022-02-02,162.74,163.98,161.64,163.71,12752408
XLK,2022-02-03,161.39,162.49,158.37,158.96,13932676
XLK,2022-02-04,158.11,161.0,157.44,159.6,14860912
XLK,2022-02-07,159.72,160.67,157.93,158.54,7311339
XLK,2022-02-08,158.04,160.93,157.67,160.5,10569885
XLK,2022-02-09,162.57,164.11,161.9,164.06,8897790
XLK,2022-02-10,160.8,163.53,158.93,159.77,15846103
XLK,2022-02-11,159.93,160.63,154.3,154.89,17439412
XLK,2022-02-14,154.48,156.085,153.04,154.84,20515193
XLK,2022-02-15,157.17,159.02,156.62,158.91,12222707
XLK,2022-02-16,157.83,159.3,156.11,158.75,10159114
XLK,2022-02-17,157.27,157.43,153.705,154.0,12453212
XLK,2022-02-18,154.53,154.75,151.27,152.44,12655401
XLK,2022-02-22,150.84,153.45,149.38,151.03,13431451
XLK,2022-02-23,152.6,153.01,147.09,147.25,18939677
XLK,2022-02-24,142.19,152.39,141.72,152.28,25483891
XLK,2022-02-25,152.51,154.4,150.64,154.35,14150831
XLK,2022-02-28,152.71,154.72,151.43,154.07,17411146
XLK,2022-03-01,153.49,154.28,149.81,150.99,14962491
XLK,2022-03-02,152.1,154.9,150.92,154.26,12796200
XLK,2022-03-03,155.56,155.57,151.64,152.42,11725349
XLK,2022-03-04,151.23,151.86,148.56,149.75,13366370
XLK,2022-03-07,149.62,150.31,144.19,144.27,16432135
XLK,2022-03-08,143.88,148.03,141.45,143.57,18449216
XLK,2022-03-09,147.47,149.93,146.29,149.25,17663668
XLK,2022-03-10,146.61,147.05,144.42,146.64,13724235
XLK,2022-03-11,147.94,148.31,143.84,144.06,10728861
XLK,2022-03-14,143.4,145.03,140.98,141.39,13926221
XLK,2022-03-15,142.51,146.43,142.035,146.14,11496942
XLK,2022-03-16,147.99,150.945,145.642,150.89,13588036
XLK,2022-03-17,150.08,152.06,149.27,151.96,9259422
XLK,2022-03-18,151.42,155.35,150.68,155.07,13477594
XLK,2022-03-21,153.95,155.31,152.46,154.49,11068997
XLK,2022-03-22,154.6,157.52,154.39,156.71,8672427
XLK,2022-03-23,155.25,156.68,154.15,154.3,6180313
XLK,2022-03-24,155.16,158.35,154.64,158.31,7131733
XLK,2022-03-25,158.56,158.78,156.2402,158.22,7377574
XLK,2022-03-28,157.49,160.17,157.09,160.1,9296456
XLK,2022-03-29,161.97,163.65,160.81,163.5,9414863
XLK,2022-03-30,162.66,163.12,160.47,161.32,9340178
XLK,2022-03-31,161.3,161.6,158.69,158.93,9712060
XLK,2022-04-01,159.09,159.46,156.69,158.46,14104780
XLK,2022-04-04,158.87,161.55,158.81,161.47,11524148
XLK,2022-04-05,160.77,161.14,157.52,158.07,11672988
XLK,2022-04-06,155.44,155.8,152.96,154.33,17112659
XLK,2022-04-07,153.51,155.61,152.46,154.57,11600094
XLK,2022-04-08,153.88,154.24,152.08,152.41,13177292
XLK,2022-04-11,150.5,150.69,148.37,148.57,10797665
XLK,2022-04-12,150.41,151.55,147.35,147.91,11086114
XLK,2022-04-13,148.0,150.75,147.45,150.29,7223362
XLK,2022-04-14,150.45,150.72,146.565,146.64,8703516
XLK,2022-04-18,145.92,148.07,145.88,147.12,7030285
XLK,2022-04-19,146.75,150.14,146.21,149.88,6781075
XLK,2022-04-20,151.33,151.73,149.3,149.74,7821425
XLK,2022-04-21,151.2,152.62,146.75,147.2,9254614
XLK,2022-04-22,147.04,147.9,142.8801,143.08,11047441
XLK,2022-04-25,142.45,145.33,141.56,145.23,14353773
XLK,2022-04-26,143.91,144.13,139.75,139.82,12936802
XLK,2022-04-27,141.38,144.62,141.07,141.89,20024298
XLK,2022-04-28,144.12,148.41,143.35,147.57,13881208
XLK,2022-04-29,145.96,147.66,141.15,141.42,14794925
XLK,2022-05-02,141.26,143.76,139.66,143.57,18502156
XLK,2022-05-03,143.55,144.7,142.49,143.82,13734908
XLK,2022-05-04,144.38,149.14,141.99,148.87,14314307
XLK,2022-05-05,146.68,146.86,140.02,141.71,18221118
XLK,2022-05-06,140.42,142.82,138.46,140.57,17431060
XLK,2022-05-09,138.03,138.92,134.51,135.13,20562328
XLK,2022-05-10,138.35,139.13,135.15,137.19,18185204
XLK,2022-05-11,135.95,138.53,132.45,132.86,17390920
XLK,2022-05-12,130.89,133.4,128.43,131.49,18253301
XLK,2022-05-13,133.28,136.53,132.42,135.86,12247852
XLK,2022-05-16,134.73,136.47,133.51,134.66,8711740
XLK,2022-05-17,137.56,138.77,136.0,138.56,9301114
XLK,2022-05-18,136.73,137.13,131.72,132.22,11835072
XLK,2022-05-19,131.23,133.02,130.15,130.77,10437449
XLK,2022-05-20,132.59,132.95,127.0355,131.06,10126274
XLK,2022-05-23,131.47,134.24,131.06,134.07,8609841
XLK,2022-05-24,132.2,132.87,129.77,132.08,8561017
XLK,2022-05-25,131.21,134.61,131.11,133.62,6828314
XLK,2022-05-26,132.84,137.42,132.56,136.83,7778315
XLK,2022-05-27,138.36,141.49,138.1,141.46,8140893
XLK,2022-05-31,140.91,141.83,139.08,140.45,9710448
XLK,2022-06-01,141.96,142.915,138.99,140.03,6652398
XLK,2022-06-02,139.04,143.43,138.39,143.42,6934165
XLK,2022-06-03,140.7,141.6701,139.34,139.99,5631869
XLK,2022-06-06,141.75,142.63,139.305,140.0,6294778
XLK,2022-06-07,138.51,141.94,138.23,141.67,5508335
XLK,2022-06-08,141.25,141.93,139.68,140.07,4407144
XLK,2022-06-09,139.05,140.41,136.3,136.33,4882603
XLK,2022-06-10,133.98,134.4,131.05,131.09,10443151
XLK,2022-06-13,126.96,128.17,124.82,125.28,18166347
XLK,2022-06-14,126.22,126.91,124.9,126.07,9125172
XLK,2022-06-15,127.64,130.63,125.91,128.73,12534785
XLK,2022-06-16,125.46,125.57,122.465,123.49,16345406
XLK,2022-06-17,123.47,125.8,122.6,124.62,13842437
XLK,2022-06-21,126.11,128.36,126.11,127.46,8622498
XLK,2022-06-22,126.07,128.679,125.72,126.92,7581741
XLK,2022-06-23,128.01,129.065,126.84,128.82,8021088
XLK,2022-06-24,130.3,133.48,130.3,133.45,12746063
XLK,2022-06-27,133.88,134.275,131.95,132.55,6958648
XLK,2022-06-28,132.67,133.99,128.52,128.58,7631100
XLK,2022-06-29,128.42,129.61,127.38,128.84,6803575
XLK,2022-06-30,127.13,128.72,125.11,127.12,7860161
XLK,2022-07-01,126.32,127.73,125.23,127.41,6965317
XLK,2022-07-05,125.68,129.04,124.96,129.01,7170535
XLK,2022-07-06,129.29,131.16,128.65,130.12,8083462
XLK,2022-07-07,130.69,133.11,130.69,132.81,6541124
XLK,2022-07-08,131.39,133.298,130.98,132.87,6313461
XLK,2022-07-11,131.71,132.28,130.14,131.04,5708344
XLK,2022-07-12,131.52,132.26,128.49,129.25,8276696
XLK,2022-07-13,126.82,129.74,126.26,128.91,7581328
XLK,2022-07-14,127.88,130.55,126.23,130.09,6864408
XLK,2022-07-15,131.34,132.44,130.79,132.38,6764646
XLK,2022-07-18,133.68,134.16,130.6,131.1,4948846
XLK,2022-07-19,132.56,135.24,131.76,135.1,6165272
XLK,2022-07-20,135.12,137.78,134.76,137.21,6268566
XLK,2022-07-21,137.38,139.17,135.95,139.14,6478770
XLK,2022-07-22,139.08,139.65,136.425,137.22,5291806
XLK,2022-07-25,137.16,137.31,135.32,136.35,6975583
XLK,2022-07-26,136.24,136.28,133.64,134.14,5083917
XLK,2022-07-27,136.35,140.64,136.15,139.91,8536752
XLK,2022-07-28,140.07,142.36,138.82,142.04,6204042
XLK,2022-07-29,142.48,144.67,141.88,144.22,5088675
XLK,2022-08-01,142.92,145.35,142.57,143.91,6258003
XLK,2022-08-02,142.67,144.54,141.66,142.89,7960900
XLK,2022-08-03,143.59,147.1,143.56,146.69,7121765
XLK,2022-08-04,146.64,147.43,145.7,147.36,5839913
XLK,2022-08-05,145.0,147.43,144.88,147.02,3960514
XLK,2022-08-08,146.89,148.03,144.98,145.77,5551413
XLK,2022-08-09,144.59,144.88,143.53,144.31,4282862
XLK,2022-08-10,147.74,148.37,146.56,148.25,9636552
XLK,2022-08-11,149.18,150.05,147.4,147.67,5512907
XLK,2022-08-12,148.64,150.62,148.18,150.61,4046959
XLK,2022-08-15,150.01,151.78,149.84,151.56,3581283
XLK,2022-08-16,150.87,151.86,149.74,151.15,5495341
XLK,2022-08-17,149.77,151.22,148.99,150.07,6316380
XLK,2022-08-18,150.22,151.45,149.64,150.85,4988433
XLK,2022-08-19,149.61,149.79,147.7783,148.11,5073265
XLK,2022-08-22,146.09,146.14,143.62,143.98,5372124
XLK,2022-08-23,143.7,145.12,143.405,143.6,7388683
XLK,2022-08-24,143.5,144.3,142.9,143.69,4491636
XLK,2022-08-25,144.06,146.13,143.87,146.12,3563308
XLK,2022-08-26,146.06,146.41,139.78,139.88,7160945
XLK,2022-08-29,138.37,139.38,137.5,138.03,6610314
XLK,2022-08-30,138.81,139.049,135.35,136.59,6634391
XLK,2022-08-31,137.41,137.85,135.19,135.26,7085662
XLK,2022-09-01,133.94,134.77,131.78,134.6,7994304
XLK,2022-09-02,135.99,136.76,132.15,132.85,8303264
XLK,2022-09-06,133.03,133.6,131.1,131.97,7460616
XLK,2022-09-07,132.23,134.62,131.78,134.08,5828475
XLK,2022-09-08,133.09,135.24,132.49,134.54,5605301
XLK,2022-09-09,135.66,137.57,135.4,137.2,5709315
XLK,2022-09-12,138.05,139.46,138.03,139.4,5090477
XLK,2022-09-13,135.42,136.18,131.64,132.0,10074357
XLK,2022-09-14,132.62,133.45,131.21,132.48,6614581
XLK,2022-09-15,131.42,132.22,128.65,129.43,7442643
XLK,2022-09-16,128.3,128.975,126.88,128.71,10381060
XLK,2022-09-19,127.11,129.56,127.03,129.44,7841637
XLK,2022-09-20,128.23,129.49,127.5602,128.68,6054822
XLK,2022-09-21,129.35,131.25,126.65,126.67,8404352
XLK,2022-09-22,125.96,126.76,124.67,125.38,7929725
XLK,2022-09-23,124.24,124.43,122.11,123.74,9698339
XLK,2022-09-26,123.36,125.43,122.53,122.88,8597045
XLK,2022-09-27,124.51,125.68,121.9,123.04,9357359
XLK,2022-09-28,122.22,124.94,121.28,124.34,9466697
XLK,2022-09-29,122.56,122.84,119.67,121.1,15548343
XLK,2022-09-30,120.61,122.4,118.56,118.78,9756456
XLK,2022-10-03,119.72,123.19,119.26,122.46,8666140
XLK,2022-10-04,124.94,126.71,124.85,126.57,8889540
XLK,2022-10-05,124.86,127.91,124.13,126.99,7300156
XLK,2022-10-06,126.66,128.05,125.8,125.95,7174110
XLK,2022-10-07,123.38,123.39,120.12,120.77,7874463
XLK,2022-10-10,120.77,120.94,117.55,118.74,8353096
XLK,2022-10-11,118.06,118.875,116.05,116.92,10522406
XLK,2022-10-12,117.01,117.81,116.36,116.56,7055821
XLK,2022-10-13,113.41,120.805,112.97,120.18,19057309
XLK,2022-10-14,121.16,121.42,116.61,116.8,11242212
XLK,2022-10-17,119.66,120.96,119.34,120.36,7299764
XLK,2022-10-18,123.48,123.92,119.85,121.38,6998992
XLK,2022-10-19,120.32,122.23,119.81,121.03,5491995
XLK,2022-10-20,121.07,123.73,120.5,121.1,6214824
XLK,2022-10-21,120.8,124.6,120.39,124.34,8562953
XLK,2022-10-24,124.87,126.52,123.35,126.06,6692591
XLK,2022-10-25,126.37,128.56,126.37,128.47,5132495
XLK,2022-10-26,125.23,128.26,125.03,125.61,7584690
XLK,2022-10-27,126.08,126.85,123.89,124.18,5847421
XLK,2022-10-28,124.87,129.85,124.87,129.58,7467722
XLK,2022-10-31,128.29,128.64,127.11,127.87,6646133
XLK,2022-11-01,129.46,129.69,126.25,126.8,4706640
XLK,2022-11-02,126.71,128.34,122.38,122.42,9047620
XLK,2022-11-03,120.71,120.93,118.73,118.82,8005349
XLK,2022-11-04,121.29,121.62,118.22,120.99,8948144
XLK,2022-11-07,121.2,123.21,120.34,123.01,5213814
XLK,2022-11-08,124.03,125.69,122.36,124.19,6360973
XLK,2022-11-09,123.04,123.09,120.7801,120.96,5981274
XLK,2022-11-10,126.93,131.04,126.29,130.9,13966058
XLK,2022-11-11,130.78,133.58,130.14,133.14,7988913
XLK,2022-11-14,132.09,133.6512,131.3691,132.0,7263280
XLK,2022-11-15,135.0,135.55,132.26,133.6,6358058
XLK,2022-11-16,132.57,132.96,131.22,131.77,5047993
XLK,2022-11-17,129.67,132.55,129.62,131.94,4080155
XLK,2022-11-18,133.43,133.47,130.98,132.09,5956171
XLK,2022-11-21,131.34,131.88,130.41,130.67,4181923
XLK,2022-11-22,131.24,133.27,130.3,133.2,4509597
XLK,2022-11-23,132.91,134.78,132.82,134.38,4740303
XLK,2022-11-25,133.47,134.01,133.21,133.6,1631466
XLK,2022-11-28,132.09,132.94,130.21,130.74,6520125
XLK,2022-11-29,130.57,130.96,128.93,129.46,5785113
XLK,2022-11-30,129.4,135.98,129.27,135.96,11667227
XLK,2022-12-01,136.09,136.8,134.47,136.15,7582905
XLK,2022-12-02,133.87,135.81,133.35,135.36,4467191
XLK,2022-12-05,134.32,135.075,132.23,133.11,5763284
XLK,2022-12-06,132.97,133.17,129.42,130.26,5899848
XLK,2022-12-07,129.79,130.6,128.67,129.6,5206945
XLK,2022-12-08,130.32,132.1,129.54,131.72,4482893
XLK,2022-12-09,131.13,132.75,130.42,130.91,5201474
XLK,2022-12-12,131.12,133.77,131.08,133.77,7403098
XLK,2022-12-13,138.64,139.3325,133.98,135.35,9303753
XLK,2022-12-14,135.22,136.8,132.64,134.21,9770478
XLK,2022-12-15,132.01,132.5,128.7,129.19,9613088
XLK,2022-12-16,128.75,129.51,126.83,127.48,11999622
XLK,2022-12-19,127.13,127.33,124.59,125.42,7138284
XLK,2022-12-20,124.76,126.25,124.155,125.61,6311037
XLK,2022-12-21,126.19,128.285,125.88,127.69,7335276
XLK,2022-12-22,126.09,126.225,122.355,124.47,7662453
XLK,2022-12-23,123.58,124.72,122.6676,124.6,4115796
XLK,2022-12-27,124.17,124.39,122.69,123.42,4765105
XLK,2022-12-28,123.12,124.27,121.29,121.43,5181482
XLK,2022-12-29,122.62,125.03,122.605,124.61,5477143
XLK,2022-12-30,123.32,124.51,122.55,124.44,4452935
XLK,2023-01-03,125.77,126.6,122.38,123.26,7598070
XLK,2023-01-04,123.9,124.37,122.22,123.58,5906502
XLK,2023-01-05,122.96,123.28,120.97,121.18,5670515
XLK,2023-01-06,122.25,125.29,120.81,124.73,6912740
XLK,2023-01-09,125.85,128.475,125.81,126.18,10713633
XLK,2023-01-10,125.87,127.1599,125.2,126.96,8604527
XLK,2023-01-11,127.36,129.16,126.97,129.16,6878986
XLK,2023-01-12,129.36,130.71,127.78,130.12,7679335
XLK,2023-01-13,128.89,130.6798,128.59,130.49,5076582
XLK,2023-01-17,130.31,131.85,130.15,131.08,5212859
XLK,2023-01-18,131.82,132.52,129.31,129.39,6967961
XLK,2023-01-19,128.38,129.1,127.41,127.88,7322513
XLK,2023-01-20,128.52,131.435,128.06,131.34,7063936
XLK,2023-01-23,131.87,135.1,131.57,134.33,11736438
XLK,2023-01-24,133.57,134.78,133.37,134.27,6287839
XLK,2023-01-25,132.0,134.33,130.77,133.99,7171147
XLK,2023-01-26,135.3,136.19,133.9,136.13,5580870
XLK,2023-01-27,135.27,137.66,135.21,136.7,6774660
XLK,2023-01-30,135.13,135.72,133.975,134.09,4852957
XLK,2023-01-31,134.09,136.02,134.0,135.96,4435803
XLK,2023-02-01,135.86,140.27,135.21,139.16,9426375
XLK,2023-02-02,141.54,143.76,140.89,142.96,9412026
XLK,2023-02-03,140.5,144.09,140.29,141.77,8072663
XLK,2023-02-06,140.2,141.3,139.51,140.04,6488729
XLK,2023-02-07,140.25,144.08,140.19,143.54,7854072
XLK,2023-02-08,143.82,144.59,141.52,141.81,6288539
XLK,2023-02-09,144.0,144.24,140.47,141.03,6312014
XLK,2023-02-10,139.98,140.86,139.05,140.38,4930785
XLK,2023-02-13,140.93,143.121,140.84,142.81,4205914
XLK,2023-02-14,142.14,144.23,141.25,143.42,6310973
XLK,2023-02-15,142.55,144.1,142.21,144.09,5246227
XLK,2023-02-16,142.0,143.61,141.48,141.59,6500646
XLK,2023-02-17,140.58,140.74,138.6,139.82,5303339
XLK,2023-02-21,137.95,138.78,136.375,136.5,6138857
XLK,2023-02-22,136.78,137.4,135.65,136.3,7169194
XLK,2023-02-23,138.84,139.08,136.61,138.56,6560208
XLK,2023-02-24,136.1,136.68,135.3,136.09,7173792
XLK,2023-02-27,137.46,138.16,136.57,136.82,4694488
XLK,2023-02-28,136.38,137.84,136.14,136.52,5243149
XLK,2023-03-01,136.58,136.8,135.1,135.52,7534677
XLK,2023-03-02,135.15,137.62,134.92,137.19,5485632
XLK,2023-03-03,138.07,140.145,137.94,140.14,7219834
XLK,2023-03-06,141.04,142.72,140.695,140.81,7999615
XLK,2023-03-07,140.7,141.24,138.71,139.06,7060055
XLK,2023-03-08,139.55,140.38,138.73,140.21,6623474
XLK,2023-03-09,140.43,142.01,137.93,138.2,7812295
XLK,2023-03-10,138.0,138.345,135.23,135.77,15278402
XLK,2023-03-13,134.92,138.4,134.08,136.51,17219746
XLK,2023-03-14,138.27,140.15,137.7,139.66,10601051
XLK,2023-03-15,138.13,139.9099,137.455,139.74,11530017
XLK,2023-03-16,139.25,143.86,138.79,143.66,13044548
XLK,2023-03-17,143.94,145.18,142.62,143.46,11539531
XLK,2023-03-20,142.89,143.71,141.82,143.53,5990808
XLK,2023-03-21,144.31,144.95,142.805,144.69,6533200
XLK,2023-03-22,144.69,147.57,143.17,143.25,7112246
XLK,2023-03-23,145.08,147.55,144.21,145.58,8797909
XLK,2023-03-24,145.12,146.03,144.16,145.96,5937705
XLK,2023-03-27,146.18,146.68,144.49,144.83,5405293
XLK,2023-03-28,144.58,144.63,142.845,144.15,4984008
XLK,2023-03-29,145.96,147.5,145.75,147.17,7128293
XLK,2023-03-30,148.53,149.09,147.88,148.88,5601209
XLK,2023-03-31,148.7,151.145,148.51,151.01,7534883
XLK,2023-04-03,150.09,150.98,149.37,150.77,10571060
XLK,2023-04-04,150.99,151.51,149.38,149.94,7912365
XLK,2023-04-05,149.23,149.37,147.16,148.23,7868780
XLK,2023-04-06,147.15,149.26,146.51,149.07,7848007
XLK,2023-04-10,147.59,149.02,146.78,148.99,4758588
XLK,2023-04-11,148.73,148.75,147.34,147.59,6375397
XLK,2023-04-12,148.59,148.99,146.505,146.75,6617886
XLK,2023-04-13,147.32,149.71,147.08,149.48,6820898
XLK,2023-04-14,148.64,149.8686,147.35,148.65,6501848
XLK,2023-04-17,148.84,149.52,148.03,149.19,4151900
XLK,2023-04-18,150.33,150.73,149.0,149.65,4606530
XLK,2023-04-19,148.3,149.5,148.1,149.22,4311606
XLK,2023-04-20,147.85,149.71,147.58,148.24,5708126
XLK,2023-04-21,147.59,148.025,146.8,147.76,6118874
XLK,2023-04-24,147.17,147.89,146.01,147.11,4539968
XLK,2023-04-25,146.39,146.67,143.92,143.97,5511323
XLK,2023-04-26,146.5,147.62,145.76,146.11,6766655
XLK,2023-04-27,146.8,149.315,146.44,149.21,6042384
XLK,2023-04-28,149.21,150.86,149.05,150.83,5895970
XLK,2023-05-01,150.71,151.6475,150.47,150.92,4097189
XLK,2023-05-02,151.1,151.27,148.73,149.51,6029435
XLK,2023-05-03,149.69,150.66,148.18,148.25,5815099
XLK,2023-05-04,147.66,148.54,146.93,147.54,5430455
XLK,2023-05-05,148.97,151.75,148.76,151.24,6114998
XLK,2023-05-08,150.95,151.29,150.23,151.16,3397843
XLK,2023-05-09,150.33,150.61,149.84,150.0,6236700
XLK,2023-05-10,151.31,152.18,150.36,151.83,5275910
XLK,2023-05-11,151.58,151.58,150.1,151.15,4478546
XLK,2023-05-12,151.41,151.63,149.78,150.95,3953978
XLK,2023-05-15,151.1,152.23,150.555,152.2,3398461
XLK,2023-05-16,151.99,153.19,151.94,152.36,4699238
XLK,2023-05-17,153.0,154.65,152.295,154.39,5958306
XLK,2023-05-18,154.58,157.78,154.58,157.55,7745604
XLK,2023-05-19,157.59,157.86,156.94,157.48,4902551
XLK,2023-05-22,157.01,158.19,156.75,157.78,5397089
XLK,2023-05-23,156.99,157.64,155.39,155.45,5845476
XLK,2023-05-24,154.22,154.93,153.47,154.31,5462752
XLK,2023-05-25,158.41,160.86,157.58,160.23,9038999
XLK,2023-05-26,160.64,165.07,160.62,164.78,7579998
XLK,2023-05-30,167.2,168.04,165.31,165.66,9061845
XLK,2023-05-31,164.71,166.26,164.19,164.28,9071856
XLK,2023-06-01,163.76,166.65,163.23,165.95,8709728
XLK,2023-06-02,166.93,167.67,165.72,166.9,7135271
XLK,2023-06-05,166.8,167.9083,165.6467,165.94,5454498
XLK,2023-06-06,165.54,166.26,164.71,165.9,4987832
XLK,2023-06-07,165.58,166.87,163.0799,163.42,6851880
XLK,2023-06-08,163.66,165.445,163.545,165.19,5333722
XLK,2023-06-09,165.99,167.71,165.45,166.01,7207782
XLK,2023-06-12,167.15,169.685,166.81,169.62,6896020
XLK,2023-06-13,171.13,171.46,169.27,170.65,8297940
XLK,2023-06-14,170.45,172.47,169.86,172.41,8384518
XLK,2023-06-15,171.71,175.41,171.67,174.63,8866336
XLK,2023-06-16,176.29,176.3,173.02,173.19,8683334
XLK,2023-06-20,171.84,172.9,170.74,171.66,7069581
XLK,2023-06-21,171.0,171.33,168.62,169.12,6028963
XLK,2023-06-22,168.36,170.57,168.33,170.5,7612585
XLK,2023-06-23,168.4,169.645,167.94,168.65,7364457
XLK,2023-06-26,168.8,170.28,167.32,167.44,5445131
XLK,2023-06-27,168.11,171.13,167.95,170.74,6916452
XLK,2023-06-28,169.79,171.76,169.66,170.84,5685842
XLK,2023-06-29,171.02,171.45,170.11,171.14,4564146
XLK,2023-06-30,172.84,174.2998,172.71,173.86,5699222
XLK,2023-07-03,173.83,173.91,172.61,173.49,3091100
XLK,2023-07-05,172.28,173.71,172.13,172.42,4698199
XLK,2023-07-06,170.72,172.12,170.195,171.96,6058210
XLK,2023-07-07,171.68,173.28,171.11,171.21,5811255
XLK,2023-07-10,170.59,171.67,169.94,171.66,8438551
XLK,2023-07-11,172.02,172.22,170.35,172.03,4998680
XLK,2023-07-12,173.75,174.795,172.8,173.98,8052282
XLK,2023-07-13,175.17,176.63,174.82,176.25,4674611
XLK,2023-07-14,176.69,178.07,175.48,175.99,5771911
XLK,2023-07-17,176.32,178.755,176.12,178.24,5930280
XLK,2023-07-18,177.83,181.13,176.9,180.26,8203385
XLK,2023-07-19,180.71,181.46,179.12,179.81,10494965
XLK,2023-07-20,178.66,179.415,175.6657,176.22,12178023
XLK,2023-07-21,177.34,178.23,175.92,176.13,7435708
XLK,2023-07-24,176.91,177.34,175.76,176.44,5654130
XLK,2023-07-25,177.01,179.05,176.98,178.46,5401103
XLK,2023-07-26,176.59,177.02,174.82,176.06,7750764
XLK,2023-07-27,178.44,178.98,174.75,175.55,6928475
XLK,2023-07-28,177.18,178.47,176.81,177.94,5643874
XLK,2023-07-31,178.1,178.57,177.33,178.35,5069852
XLK,2023-08-01,177.77,179.03,177.3,178.65,4424307
XLK,2023-08-02,177.08,177.19,173.6,174.23,7913424
XLK,2023-08-03,172.81,174.54,172.7,173.52,5660933
XLK,2023-08-04,172.93,173.965,170.89,171.16,7215851
XLK,2023-08-07,171.88,172.47,170.4,171.64,4767998
XLK,2023-08-08,170.44,170.54,168.61,170.32,5730901
XLK,2023-08-09,170.55,170.55,167.54,168.12,7150891
XLK,2023-08-10,169.4,170.87,167.31,168.14,6365657
XLK,2023-08-11,166.8,167.88,166.32,166.9,5385956
XLK,2023-08-14,166.73,169.58,166.33,169.56,5164003
XLK,2023-08-15,169.06,169.66,167.5,167.89,4683173
XLK,2023-08-16,167.53,168.49,166.28,166.29,4889732
XLK,2023-08-17,167.03,167.335,164.46,164.71,6307367
XLK,2023-08-18,163.04,165.63,162.94,164.96,6829334
XLK,2023-08-21,165.81,168.45,165.65,168.11,6566423
XLK,2023-08-22,169.62,169.72,167.55,167.92,5682780
XLK,2023-08-23,168.33,171.45,168.32,170.95,5056621
XLK,2023-08-24,173.1,173.11,166.88,167.01,6964453
XLK,2023-08-25,167.68,169.64,166.19,168.71,7843290
XLK,2023-08-28,169.99,170.45,168.78,170.09,4482149
XLK,2023-08-29,169.6,173.67,169.42,173.5,6856939
XLK,2023-08-30,173.53,174.985,172.93,174.81,6133330
XLK,2023-08-31,175.21,176.33,175.02,175.66,5981745
XLK,2023-09-01,176.76,176.99,175.3,176.2,4622330
XLK,2023-09-05,175.76,177.38,175.19,176.83,5030185
XLK,2023-09-06,176.14,176.58,173.88,174.96,9071613
XLK,2023-09-07,171.71,172.81,171.08,172.43,6256923
XLK,2023-09-08,172.42,173.9,172.34,172.79,4292481
XLK,2023-09-11,174.31,174.47,172.17,173.69,4136384
XLK,2023-09-12,172.24,172.85,170.23,170.54,6121707
XLK,2023-09-13,170.47,171.885,169.99,170.97,5004380
XLK,2023-09-14,172.02,172.635,170.94,172.21,4736631
XLK,2023-09-15,171.59,171.64,168.45,168.9,6558409
XLK,2023-09-18,168.05,169.91,168.0,169.35,4971903
XLK,2023-09-19,168.63,169.69,167.71,169.26,4118667
XLK,2023-09-20,169.72,169.94,166.53,166.6,5383065
XLK,2023-09-21,164.85,166.02,163.98,164.06,7371412
XLK,2023-09-22,164.78,165.92,164.04,164.41,6268933
XLK,2023-09-25,163.99,165.19,163.57,164.94,5288669
XLK,2023-09-26,163.86,163.95,161.41,161.97,7462978
XLK,2023-09-27,162.75,163.07,160.6122,162.22,5832571
XLK,2023-09-28,161.45,164.41,160.69,163.37,6414659
XLK,2023-09-29,164.98,166.51,163.37,163.93,7941908
XLK,2023-10-02,164.01,166.17,163.76,165.69,6828077
XLK,2023-10-03,164.75,165.88,162.0398,162.88,7419358
XLK,2023-10-04,163.01,165.35,163.01,164.91,7597112
XLK,2023-10-05,164.9,165.4,163.15,165.13,6011478
XLK,2023-10-06,164.0,168.9406,163.52,168.22,8312766
XLK,2023-10-09,167.19,169.35,166.42,169.09,6569580
XLK,2023-10-10,169.21,170.71,168.74,169.35,10201601
XLK,2023-10-11,169.87,171.0,169.33,170.92,5194636
XLK,2023-10-12,171.07,172.83,169.78,171.08,7702917
XLK,2023-10-13,171.42,171.71,168.04,168.63,7595969
XLK,2023-10-16,168.91,171.02,168.88,170.25,7272089
XLK,2023-10-17,168.11,170.335,166.9,169.46,7659136
XLK,2023-10-18,168.27,169.64,167.03,167.72,6431451
XLK,2023-10-19,168.39,169.52,166.47,166.76,9995865
XLK,2023-10-20,166.68,166.8,163.77,163.94,7675226
XLK,2023-10-23,162.92,165.8,162.01,164.13,7579467
XLK,2023-10-24,164.78,165.51,163.48,165.26,5590175
XLK,2023-10-25,166.05,166.25,162.825,163.31,7764807
XLK,2023-10-26,163.6,164.32,159.5,160.19,10323240
XLK,2023-10-27,161.17,162.75,160.41,161.12,8115780
XLK,2023-10-30,161.97,163.425,161.48,162.85,7090476
XLK,2023-10-31,162.93,164.15,161.66,164.01,5446760
XLK,2023-11-01,164.3,167.4,164.3,167.18,10472884
XLK,2023-11-02,168.69,170.16,168.46,170.01,8096334
XLK,2023-11-03,169.84,172.45,169.47,171.76,7830864
XLK,2023-11-06,171.99,172.95,171.45,172.89,5549571
XLK,2023-11-07,173.35,175.29,173.09,174.78,6514892
XLK,2023-11-08,175.38,176.06,174.58,175.77,5361330
XLK,2023-11-09,176.03,177.315,174.72,174.95,7187337
XLK,2023-11-10,176.01,179.635,175.81,179.52,6675179
XLK,2023-11-13,178.77,178.92,177.72,178.47,5862518
XLK,2023-11-14,181.2,182.495,180.64,182.04,8254216
XLK,2023-11-15,182.85,183.13,181.57,182.27,6573854
XLK,2023-11-16,181.91,183.38,181.58,183.18,5777038
XLK,2023-11-17,182.77,183.5,182.01,182.8,6639210
XLK,2023-11-20,183.03,185.93,183.01,185.45,5559831
XLK,2023-11-21,184.61,184.9,183.275,183.95,6675391
XLK,2023-11-22,185.11,186.35,184.27,184.77,5606835
XLK,2023-11-24,184.46,184.62,183.71,184.41,2096926
XLK,2023-11-27,184.15,185.465,183.82,184.4,4210093
XLK,2023-11-28,183.78,185.24,183.78,184.75,5506169
XLK,2023-11-29,186.1,186.9,184.775,184.89,5382712
XLK,2023-11-30,185.66,185.91,183.61,185.16,6872004
XLK,2023-12-01,184.68,185.91,183.79,185.58,6996055
XLK,2023-12-04,183.73,183.73,181.32,183.32,9110927
XLK,2023-12-05,182.34,184.63,182.34,184.42,5420665
XLK,2023-12-06,185.57,185.84,182.72,182.86,7362089
XLK,2023-12-07,183.73,185.39,183.34,185.08,6964403
XLK,2023-12-08,184.68,186.81,184.45,186.66,6404425
XLK,2023-12-11,186.11,188.33,185.68,188.29,18897692
XLK,2023-12-12,187.6,189.6,187.44,189.54,7527695
XLK,2023-12-13,189.99,191.67,189.54,191.21,14697497
XLK,2023-12-14,191.36,192.08,189.33,190.74,7713721
XLK,2023-12-15,190.54,192.8,190.54,191.7,9065696
XLK,2023-12-18,191.24,192.28,190.43,191.85,5069188
XLK,2023-12-19,191.81,192.6,191.7,192.58,4499497
XLK,2023-12-20,192.36,193.04,189.64,189.67,6867447
XLK,2023-12-21,191.6,192.23,190.19,191.8,5667974
XLK,2023-12-22,192.35,192.61,191.1,192.05,5107708
XLK,2023-12-26,192.17,193.245,192.17,192.85,3103779
XLK,2023-12-27,192.95,193.24,192.02,192.84,5865660
XLK,2023-12-28,193.52,193.72,192.975,193.07,4807676
XLK,2023-12-29,193.17,193.5599,191.52,192.48,6095325
XLK,2024-01-02,189.86,190.16,186.25,187.44,11772734
XLK,2024-01-03,185.73,186.75,185.2,185.53,9095023
XLK,2024-01-04,184.39,185.665,183.99,184.17,6063648
XLK,2024-01-05,184.38,185.71,183.42,184.12,8171321
XLK,2024-01-08,185.05,188.87,184.86,188.74,8217331
XLK,2024-01-09,187.29,189.58,186.89,189.04,5316949
XLK,2024-01-10,189.13,191.06,188.73,190.65,4892717
XLK,2024-01-11,191.59,192.55,188.93,191.62,6648510
XLK,2024-01-12,191.93,192.68,191.28,192.24,4417318
XLK,2024-01-16,192.0,193.525,190.89,192.72,5887802
XLK,2024-01-17,191.29,192.0,189.69,191.77,7054480
XLK,2024-01-18,194.33,195.835,193.6,195.66,9459365
XLK,2024-01-19,196.94,200.21,196.51,200.17,9166572
XLK,2024-01-22,201.15,202.28,200.29,201.05,7484461
XLK,2024-01-23,201.24,201.99,200.07,201.86,6631913
XLK,2024-01-24,203.25,205.29,202.67,203.25,8797338
XLK,2024-01-25,205.12,206.145,203.155,204.1,8535747
XLK,2024-01-26,202.67,203.565,201.29,201.75,5276594
XLK,2024-01-29,202.0,203.64,201.6,203.6,3819797
XLK,2024-01-30,203.53,203.84,201.3,201.92,6125754
XLK,2024-01-31,200.0,200.82,197.58,197.68,8147604
XLK,2024-02-01,198.47,200.445,198.34,200.17,7151744
XLK,2024-02-02,198.81,202.88,198.745,202.24,6436276
XLK,2024-02-05,203.06,203.28,200.8,202.7,5043254
XLK,2024-02-06,202.92,203.27,200.47,201.77,6338558
XLK,2024-02-07,203.19,204.49,202.38,204.44,5682944
XLK,2024-02-08,204.79,205.63,204.54,205.08,4974094
XLK,2024-02-09,205.94,208.11,205.7,207.84,5806126
XLK,2024-02-12,207.83,208.47,205.96,206.26,5376616
XLK,2024-02-13,201.79,204.12,201.175,202.76,9729671
XLK,2024-02-14,204.27,205.04,202.83,204.88,5895840
XLK,2024-02-15,205.15,205.35,203.31,204.45,5398195
XLK,2024-02-16,205.0,205.41,202.295,202.57,5545209
XLK,2024-02-20,201.38,202.1,198.5,200.51,8723793
XLK,2024-02-21,198.57,199.25,197.07,199.25,7983179
XLK,2024-02-22,204.4,206.325,203.93,205.77,9275849
XLK,2024-02-23,207.4,207.66,204.64,205.29,6161970
XLK,2024-02-26,206.19,206.7,205.28,205.49,9124442
XLK,2024-02-27,206.05,206.05,204.14,205.67,4992227
XLK,2024-02-28,204.99,205.26,203.9599,204.7,4164540
XLK,2024-02-29,205.79,207.465,204.64,206.98,5993373
XLK,2024-03-01,207.51,211.06,207.41,210.76,6568359
XLK,2024-03-04,210.46,211.965,209.99,210.76,10221914
XLK,2024-03-05,208.68,208.78,204.25,205.58,9021443
XLK,2024-03-06,207.73,208.7684,205.82,207.21,7151594
XLK,2024-03-07,208.98,211.12,207.94,210.48,6060406
XLK,2024-03-08,210.86,212.35,207.22,207.35,7456050
XLK,2024-03-11,206.4,207.24,205.29,206.78,7804889
XLK,2024-03-12,208.77,211.04,206.79,211.02,8686005
XLK,2024-03-13,210.38,210.5,207.87,208.74,6405832
XLK,2024-03-14,209.62,210.36,207.505,208.78,8006744
XLK,2024-03-15,205.78,206.72,204.79,205.63,9816680
XLK,2024-03-18,207.09,208.42,206.14,206.3,7088283
XLK,2024-03-19,205.29,207.4,204.26,207.37,6695140
XLK,2024-03-20,207.53,209.76,206.7979,209.69,6678708
XLK,2024-03-21,211.93,211.93,209.66,209.84,6156017
XLK,2024-03-22,209.85,210.68,209.1,209.91,5753478
XLK,2024-03-25,207.92,209.405,207.32,208.52,4388939
XLK,2024-03-26,209.27,209.61,207.49,207.66,4269180
XLK,2024-03-27,208.97,209.08,207.12,208.72,6247528
XLK,2024-03-28,208.23,208.87,207.85,208.27,4427155
XLK,2024-04-01,208.71,210.07,208.09,208.85,5845780
XLK,2024-04-02,206.53,207.137,205.16,206.84,5706104
XLK,2024-04-03,205.8,208.46,205.75,207.39,5301841
XLK,2024-04-04,209.37,210.1,204.0,204.11,8193235
XLK,2024-04-05,205.0,207.5,204.43,206.45,6401607
XLK,2024-04-08,206.58,207.26,205.45,206.21,4061409
XLK,2024-04-09,207.27,207.7,204.66,207.25,4697889
XLK,2024-04-10,204.89,205.471,203.83,204.71,6918377
XLK,2024-04-11,205.62,209.14,204.625,208.8,5281803
XLK,2024-04-12,206.31,207.28,204.66,205.42,8093407
XLK,2024-04-15,206.68,206.81,201.21,201.52,8594536
XLK,2024-04-16,201.96,203.01,200.96,201.76,7457011
XLK,2024-04-17,202.5,202.84,198.7,198.85,6545189
XLK,2024-04-18,198.79,199.3,196.37,196.58,7640363
XLK,2024-04-19,195.83,196.47,192.04,192.53,10939988
XLK,2024-04-22,194.01,195.42,192.08,194.25,6646721
XLK,2024-04-23,195.06,197.42,194.77,197.13,6075819
XLK,2024-04-24,198.59,199.405,196.94,198.03,4580082
XLK,2024-04-25,195.56,197.97,194.69,197.6,5783992
XLK,2024-04-26,199.16,201.29,198.38,199.83,5052084
XLK,2024-04-29,200.86,201.16,199.515,200.69,3747423
XLK,2024-04-30,200.0,200.81,196.21,196.27,7464527
XLK,2024-05-01,195.22,198.5,194.22,194.26,10226794
XLK,2024-05-02,196.74,197.33,194.26,197.06,6669995
XLK,2024-05-03,202.39,203.23,201.67,202.55,6658247
XLK,2024-05-06,203.32,204.93,203.01,204.93,4010467
XLK,2024-05-07,205.53,205.63,204.24,204.26,5010510
XLK,2024-05-08,203.53,205.06,203.48,204.84,3587971
XLK,2024-05-09,204.51,204.94,203.76,204.78,4794843
XLK,2024-05-10,205.85,206.77,204.89,205.54,4377007
XLK,2024-05-13,207.05,207.22,205.86,206.51,3290994
XLK,2024-05-14,206.44,208.625,206.32,208.34,4912582
XLK,2024-05-15,209.65,213.0981,209.5,213.03,7154320
XLK,2024-05-16,213.155,213.815,212.2,212.29,6033253
XLK,2024-05-17,212.78,212.91,210.66,211.82,3808017
XLK,2024-05-20,212.03,214.71,211.84,214.31,3138634
XLK,2024-05-21,213.49,215.01,213.11,214.66,3070241
XLK,2024-05-22,215.27,215.925,213.87,215.14,5891457
XLK,2024-05-23,217.6,217.62,212.71,213.39,4700216
XLK,2024-05-24,213.93,215.65,213.22,215.19,2953206
XLK,2024-05-28,216.41,216.58,214.745,216.1,4393214
XLK,2024-05-29,213.82,215.76,213.82,214.73,4284538
XLK,2024-05-30,212.34,212.66,209.18,209.83,5229852
XLK,2024-05-31,210.45,210.49,205.53,210.16,6040506
XLK,2024-06-03,211.77,211.96,208.17,210.69,4814031
XLK,2024-06-04,210.58,211.465,209.5,211.13,3202665
XLK,2024-06-05,212.8,215.82,212.46,215.82,4394432
XLK,2024-06-06,215.94,216.0863,214.53,215.1,3528836
XLK,2024-06-07,215.33,216.52,214.54,215.6,3199312
XLK,2024-06-10,214.87,216.73,214.73,216.15,3367696
XLK,2024-06-11,215.6,220.23,215.5,220.17,6359602
XLK,2024-06-12,222.355,227.31,221.95,225.04,8910628
XLK,2024-06-13,227.13,227.76,225.44,226.82,6346797
XLK,2024-06-14,226.5,227.8,226.35,227.67,3932277
XLK,2024-06-17,228.23,231.925,227.45,231.12,5801349
XLK,2024-06-18,231.35,232.17,230.49,231.41,4338861
XLK,2024-06-20,232.45,232.59,228.04,228.81,6621463
XLK,2024-06-21,228.86,229.755,227.37,228.41,6780393
XLK,2024-06-24,225.64,226.66,222.36,222.42,6874280
XLK,2024-06-25,224.05,226.62,222.79,226.5,4564541
XLK,2024-06-26,226.16,227.31,224.48,226.24,4729798
XLK,2024-06-27,225.8,227.47,225.53,226.35,3961767
XLK,2024-06-28,227.14,230.39,225.92,226.23,6244102
XLK,2024-07-01,226.57,228.32,223.28,227.94,4640834
XLK,2024-07-02,225.96,229.1,225.96,229.08,3538260
XLK,2024-07-03,228.75,232.28,228.56,232.17,3124564
XLK,2024-07-05,232.43,233.91,231.47,232.88,3335919
XLK,2024-07-08,233.63,235.15,233.23,234.47,3835519
XLK,2024-07-09,235.665,236.23,232.94,234.28,4342332
XLK,2024-07-10,235.89,237.845,234.57,237.68,4374692
XLK,2024-07-11,238.04,238.14,231.055,231.73,7055193
XLK,2024-07-12,232.37,236.28,231.56,233.8,4883776
XLK,2024-07-15,234.99,236.53,232.89,234.22,4313995
XLK,2024-07-16,234.77,234.8878,231.77,233.44,3826107
XLK,2024-07-17,228.1,228.33,224.25,224.36,6220241
XLK,2024-07-18,226.82,226.86,221.55,224.38,5418587
XLK,2024-07-19,223.19,224.56,220.38,220.87,4236413
XLK,2024-07-22,223.79,226.36,222.84,226.1,5300750
XLK,2024-07-23,225.16,227.23,224.9,225.2,2765373
XLK,2024-07-24,222.26,222.959,215.36,215.88,7150360
XLK,2024-07-25,215.65,218.865,210.46,213.57,10578963
XLK,2024-07-26,216.45,218.0,214.45,216.28,5848931
XLK,2024-07-29,218.0,218.94,214.69,215.32,3671907
XLK,2024-07-30,216.12,216.33,208.3,209.91,5347259
XLK,2024-07-31,216.39,219.5899,214.87,218.8,7307043
XLK,2024-08-01,218.2,220.73,208.4,210.64,8495715
XLK,2024-08-02,205.04,206.73,201.25,204.72,9310849
XLK,2024-08-05,191.905,201.72,190.745,197.9,15714953
XLK,2024-08-06,200.43,204.645,198.3,200.59,12287855
XLK,2024-08-07,205.45,206.45,197.07,197.34,8826750
XLK,2024-08-08,200.91,205.22,198.0,204.71,7221370
XLK,2024-08-09,204.59,206.81,203.35,205.63,4767753
XLK,2024-08-12,206.27,208.91,205.31,207.31,4290100
XLK,2024-08-13,209.88,213.745,209.62,213.68,4999769
XLK,2024-08-14,215.0,215.94,211.96,214.85,4461232
XLK,2024-08-15,217.63,221.25,217.16,221.03,4740085
XLK,2024-08-16,219.86,221.825,219.26,221.4,3353151
XLK,2024-08-19,220.88,225.06,219.98,225.05,6502106
XLK,2024-08-20,224.46,225.81,222.94,224.26,3610789
XLK,2024-08-21,224.4,226.36,223.69,225.58,3769364
XLK,2024-08-22,226.84,227.37,219.93,220.39,4541819
XLK,2024-08-23,222.58,224.935,221.1,223.96,5340482
XLK,2024-08-26,223.76,224.6025,220.02,221.15,3134436
XLK,2024-08-27,219.78,222.96,218.7,222.49,3828001
XLK,2024-08-28,222.2,222.63,217.58,219.42,4501130
XLK,2024-08-29,219.48,222.57,216.88,217.44,6641827
XLK,2024-08-30,219.81,221.18,217.44,220.33,5024223
XLK,2024-09-03,218.0,218.16,209.01,210.21,7382879
XLK,2024-09-04,208.08,212.06,207.42,209.67,6128575
XLK,2024-09-05,208.16,211.95,207.97,209.35,4437616
XLK,2024-09-06,209.18,209.68,202.98,203.92,6220540
XLK,2024-09-09,206.45,207.49,204.54,207.26,5460988
XLK,2024-09-10,208.69,210.81,206.7,210.36,5061453
XLK,2024-09-11,211.08,217.87,207.74,217.54,6384366
XLK,2024-09-12,217.38,220.27,215.85,219.34,5303055
XLK,2024-09-13,219.61,220.99,218.72,220.44,4023662
XLK,2024-09-16,218.85,220.3,217.57,219.6,3448891
XLK,2024-09-17,221.8,222.14,218.06,219.17,3494960
XLK,2024-09-18,219.72,221.26,216.96,217.17,6370843
XLK,2024-09-19,223.27,225.005,222.05,223.62,6967039
XLK,2024-09-20,222.74,223.53,220.54,222.53,7246354
XLK,2024-09-23,222.33,222.62,221.41,222.09,3745263
XLK,2024-09-24,223.02,224.06,220.62,223.61,3512903
XLK,2024-09-25,223.17,225.23,223.07,224.25,3055768
XLK,2024-09-26,228.63,228.8788,224.83,227.22,4622373
XLK,2024-09-27,227.54,227.61,224.26,225.1,3046880
XLK,2024-09-30,224.12,225.9,223.0,225.76,2750944
XLK,2024-10-01,225.09,225.22,218.95,220.26,5647652
XLK,2024-10-02,220.31,222.895,219.06,221.89,2266152
XLK,2024-10-03,221.24,224.44,221.21,222.81,2892440
XLK,2024-10-04,225.69,225.85,222.92,225.29,2507672
XLK,2024-10-07,224.28,225.77,223.18,223.74,2215206
XLK,2024-10-08,225.35,228.3,224.835,227.92,3932395
XLK,2024-10-09,228.1,230.79,227.39,230.47,3789891
XLK,2024-10-10,228.93,231.005,228.29,230.41,2846118
XLK,2024-10-11,229.86,231.33,229.52,230.81,4424457
XLK,2024-10-14,232.28,234.3,232.171,233.82,4905062
XLK,2024-10-15,234.0,234.565,227.83,228.68,7089654
XLK,2024-10-16,229.4,229.74,226.9238,229.39,2879422
XLK,2024-10-17,232.59,232.72,230.09,230.09,3025591
XLK,2024-10-18,231.29,231.76,230.42,230.91,2268528
XLK,2024-10-21,230.19,232.02,229.77,231.99,3161192
XLK,2024-10-22,230.76,232.54,230.1,231.75,3084585
XLK,2024-10-23,230.89,231.24,226.4817,228.43,3041820
XLK,2024-10-24,229.36,229.6672,227.74,229.1,2416361
XLK,2024-10-25,230.4,232.875,229.96,230.29,4157391
XLK,2024-10-28,231.94,231.94,230.17,230.22,2949570
XLK,2024-10-29,230.66,233.99,229.8,233.32,3725832
XLK,2024-10-30,231.19,231.81,229.46,229.61,4170567
XLK,2024-10-31,227.09,227.09,222.16,222.24,6055103
XLK,2024-11-01,222.48,225.58,222.18,223.91,5782895
XLK,2024-11-04,224.12,225.3499,222.79,223.74,3155985
XLK,2024-11-05,224.43,227.07,224.43,226.89,3636483
XLK,2024-11-06,231.27,233.78,230.58,233.35,5483910
XLK,2024-11-07,234.97,237.69,234.86,237.42,5231461
XLK,2024-11-08,237.12,237.94,236.3,237.16,3618188
XLK,2024-11-11,237.13,237.28,234.44,235.85,3633605
XLK,2024-11-12,235.69,236.45,234.29,236.15,3765392
XLK,2024-11-13,235.65,237.07,234.6,235.33,3164919
XLK,2024-11-14,235.71,236.12,234.15,234.53,3300992
XLK,2024-11-15,231.63,231.93,227.95,228.71,5614916
XLK,2024-11-18,228.71,230.42,227.72,229.45,3086060
XLK,2024-11-19,228.01,231.52,228.01,231.33,3453400
XLK,2024-11-20,231.53,231.61,228.05,231.13,4437399
XLK,2024-11-21,233.37,234.57,229.8003,233.48,5295868
XLK,2024-11-22,233.06,234.1399,232.22,233.6,3545419
XLK,2024-11-25,235.36,235.77,232.53,233.59,5568644
XLK,2024-11-26,234.65,235.49,233.76,234.76,3114958
XLK,2024-11-27,233.17,233.31,229.53,231.58,3184662
XLK,2024-11-29,232.12,234.22,231.89,233.73,2084070
XLK,2024-12-02,233.9,236.83,233.84,235.95,4699113
XLK,2024-12-03,234.95,236.86,234.49,236.8,2787954
XLK,2024-12-04,239.76,241.25,239.06,241.13,5420289
XLK,2024-12-05,240.75,241.03,239.5794,239.91,2818968
XLK,2024-12-06,240.33,241.88,240.07,240.84,3327417
XLK,2024-12-09,239.94,240.7979,238.66,239.27,4016243
XLK,2024-12-10,238.46,239.11,235.2,235.95,5617497
XLK,2024-12-11,237.82,240.1299,237.0,239.37,4344770
XLK,2024-12-12,237.84,238.905,237.26,238.03,3609195
XLK,2024-12-13,240.18,241.12,237.15,239.05,4338455
XLK,2024-12-16,239.36,241.65,238.85,241.44,4721635
XLK,2024-12-17,239.73,240.92,238.81,239.98,4072452
XLK,2024-12-18,240.79,241.45,231.7,232.24,8463578
XLK,2024-12-19,234.6,235.36,232.19,232.49,6692897
XLK,2024-12-20,230.91,237.86,230.19,235.96,7462446
XLK,2024-12-23,236.25,238.17,234.99,238.07,3986660
XLK,2024-12-24,238.92,240.54,238.56,240.53,2326657
XLK,2024-12-26,239.76,241.57,238.99,240.69,3575488
XLK,2024-12-27,239.07,239.38,235.154,237.49,4363256
XLK,2024-12-30,234.03,236.34,232.58,234.47,3975160
XLK,2024-12-31,235.11,235.27,231.76,232.52,4690615
XLK,2025-01-02,234.36,235.02,229.7801,231.97,6385156
XLK,2025-01-03,233.39,235.9999,232.93,235.75,4560565
XLK,2025-01-06,238.44,241.062,237.81,238.75,4487661
XLK,2025-01-07,240.0,240.0,233.14,233.96,5003649
XLK,2025-01-08,234.5,234.54,231.63,233.88,5011895
XLK,2025-01-10,231.42,231.46,227.43,228.78,5832896
XLK,2025-01-13,225.1,227.32,224.45,227.16,5327974
XLK,2025-01-14,228.92,229.545,225.95,227.76,3610218
XLK,2025-01-15,230.87,232.97,230.11,232.29,5232653
XLK,2025-01-16,234.18,234.33,230.45,230.5,2684261
XLK,2025-01-17,234.66,234.94,233.08,234.11,3371692
XLK,2025-01-21,234.89,236.64,233.2601,236.06,3372076
XLK,2025-01-22,239.25,241.95,238.91,241.39,5121877
XLK,2025-01-23,239.53,241.87,239.3,241.82,3802235
XLK,2025-01-24,242.58,242.58,238.525,239.3,3303802
XLK,2025-01-27,228.58,230.975,225.47,227.57,10352755
XLK,2025-01-28,229.11,234.16,226.69,233.64,5630339
XLK,2025-01-29,233.18,233.29,229.49,231.74,4525003
XLK,2025-01-30,231.33,232.97,229.74,232.17,4420135
XLK,2025-01-31,234.33,235.73,230.19,230.81,5372314
XLK,2025-02-03,225.7,229.0899,224.495,227.7,6876435
XLK,2025-02-04,228.48,231.34,228.4,230.98,4185642
XLK,2025-02-05,231.19,234.24,230.46,234.19,2699042
XLK,2025-02-06,234.19,235.31,233.15,234.83,3404037
XLK,2025-02-07,235.78,236.91,232.04,232.82,4276633
XLK,2025-02-10,234.66,236.81,234.59,236.22,3027083
XLK,2025-02-11,234.91,237.28,234.75,236.33,3228283
XLK,2025-02-12,233.0,236.0985,232.74,235.82,4277830
XLK,2025-02-13,236.24,239.31,235.91,239.16,3914785
XLK,2025-02-14,238.96,240.165,238.52,239.97,2278612
XLK,2025-02-18,241.21,242.19,240.09,242.16,3011983
XLK,2025-02-19,241.89,243.14,240.2,242.18,2802146
XLK,2025-02-20,241.95,242.27,238.86,241.41,2993874
XLK,2025-02-21,241.48,241.58,234.75,234.87,4528792
XLK,2025-02-24,235.78,236.44,231.22,231.51,3723778
XLK,2025-02-25,231.02,231.23,226.95,228.51,5217146
XLK,2025-02-26,230.75,233.18,229.23,231.0,3815335
XLK,2025-02-27,232.26,232.5,222.49,222.59,5050005
XLK,2025-02-28,221.59,225.76,219.7,225.53,7086079
XLK,2025-03-03,226.69,227.15,217.05,218.67,6258091
XLK,2025-03-04,217.05,222.36,214.26,218.5,8860491
XLK,2025-03-05,219.18,222.29,216.24,221.57,5965543
XLK,2025-03-06,217.02,220.45,214.375,215.42,8215989
XLK,2025-03-07,215.17,219.09,212.63,218.54,5631995
XLK,2025-03-10,214.22,214.62,207.08,209.25,10708500
XLK,2025-03-11,208.61,211.91,206.29,208.4,7416354
XLK,2025-03-12,212.12,213.52,209.15,211.68,5490848
XLK,2025-03-13,211.07,211.54,206.8475,207.66,6191533
XLK,2025-03-14,210.38,214.16,210.31,213.94,5020766
XLK,2025-03-17,213.77,216.96,213.15,215.43,5074390
XLK,2025-03-18,213.9,214.12,211.37,212.15,5743690
XLK,2025-03-19,213.24,217.43,212.35,214.91,4419325
XLK,2025-03-20,212.47,215.73,212.15,213.38,3572637
XLK,2025-03-21,210.715,214.25,209.94,213.96,5212846
XLK,2025-03-24,217.14,218.145,216.57,217.63,4100067
XLK,2025-03-25,217.49,218.64,217.38,218.35,3740852
XLK,2025-03-26,217.68,218.2,212.64,213.48,3944331
XLK,2025-03-27,212.02,213.22,210.39,211.51,3288875
XLK,2025-03-28,210.41,211.26,205.68,206.38,5333790
XLK,2025-03-31,202.78,206.95,200.73,206.48,7109541
XLK,2025-04-01,205.66,208.17,203.98,207.99,4740057
XLK,2025-04-02,205.02,211.26,204.86,209.53,4645979
XLK,2025-04-03,199.49,200.7,195.07,195.23,9725692
XLK,2025-04-04,189.14,190.64,182.3,182.37,16902288
XLK,2025-04-07,174.93,191.81,172.45,183.46,22278932
XLK,2025-04-08,190.29,192.84,176.44,179.73,12905713
XLK,2025-04-09,180.1,204.98,179.87,203.86,18494444
XLK,2025-04-10,196.85,198.2,187.73,194.37,9873778
XLK,2025-04-11,193.4,199.2,191.95,198.35,7211599
XLK,2025-04-14,204.5,204.63,198.0,200.16,5952249
XLK,2025-04-15,200.47,202.41,199.95,200.89,3600030
XLK,2025-04-16,195.5,197.58,190.54,193.91,6611242
XLK,2025-04-17,195.3,195.3,192.04,192.86,3740378
XLK,2025-04-21,189.81,190.29,185.185,187.88,4486681
XLK,2025-04-22,190.38,193.57,189.27,192.46,4656434
XLK,2025-04-23,199.84,201.95,197.23,198.04,6706855
XLK,2025-04-24,199.99,205.71,199.6701,205.43,4658477
XLK,2025-04-25,204.81,208.855,204.61,208.47,3259230
XLK,2025-04-28,208.2,209.225,205.02,208.13,2787206
XLK,2025-04-29,207.13,209.97,207.13,209.1,4572223
XLK,2025-04-30,204.99,210.75,203.8,209.97,5101865
XLK,2025-05-01,214.56,216.55,212.86,213.05,5766384
XLK,2025-05-02,215.485,217.62,214.91,216.61,4062707
XLK,2025-05-05,214.75,217.0,214.64,215.46,3378638
XLK,2025-05-06,212.26,215.24,211.61,213.67,3979076
XLK,2025-05-07,213.67,216.75,212.2,215.81,4085689
XLK,2025-05-08,217.95,219.935,216.01,217.87,4352172
XLK,2025-05-09,218.84,219.24,216.48,217.6,3665223
XLK,2025-05-12,226.83,227.78,224.542,227.7,6739103
XLK,2025-05-13,228.52,233.38,228.26,232.62,6378675
XLK,2025-05-14,233.71,235.045,232.76,234.13,5123951
XLK,2025-05-15,232.86,235.77,232.58,234.45,4768176
XLK,2025-05-16,235.21,235.21,232.86,234.89,4055830
XLK,2025-05-19,231.42,235.075,231.34,234.55,5931524
XLK,2025-05-20,233.09,233.71,231.9,233.67,5136823
XLK,2025-05-21,231.48,234.71,228.35,229.28,9321786
XLK,2025-05-22,229.39,231.4,228.83,229.34,5686022
XLK,2025-05-23,225.35,228.29,225.102,226.81,6001960
XLK,2025-05-27,230.34,232.52,229.57,232.2,7104154
XLK,2025-05-28,232.48,233.405,230.9,231.24,5394562
XLK,2025-05-29,234.74,234.98,230.44,231.63,7006575
XLK,2025-05-30,231.52,231.63,227.42,230.91,6747059
XLK,2025-06-02,230.3,233.09,230.02,232.95,6439383
XLK,2025-06-03,233.26,236.63,233.09,236.45,7156171
XLK,2025-06-04,236.75,237.535,235.63,236.8,5449600
XLK,2025-06-05,237.5,239.57,235.11,236.13,7943505
XLK,2025-06-06,238.41,239.46,237.68,238.36,4513011
XLK,2025-06-09,239.29,241.01,239.11,239.53,5550469
XLK,2025-06-10,239.49,241.23,238.59,240.87,4916218
XLK,2025-06-11,241.45,242.425,239.1,240.34,4800019
XLK,2025-06-12,240.29,243.13,240.25,242.57,5605187
XLK,2025-06-13,239.76,241.585,238.29,239.17,6596854
XLK,2025-06-16,240.61,243.76,240.61,243.04,6933126
XLK,2025-06-17,242.02,243.73,240.75,241.32,5262678
XLK,2025-06-18,241.91,243.13,240.38,241.61,5532980
XLK,2025-06-20,242.47,243.29,239.4096,240.54,5745327
XLK,2025-06-23,240.38,243.09,238.75,242.88,6138515
XLK,2025-06-24,245.35,247.54,245.06,247.24,5664741
XLK,2025-06-25,248.52,249.72,248.3,249.35,4614340
XLK,2025-06-26,250.47,251.47,249.48,251.07,5644647
XLK,2025-06-27,251.75,252.7099,249.63,250.77,6098257
XLK,2025-06-30,252.97,253.92,251.75,253.23,6682560
XLK,2025-07-01,252.42,252.95,249.25,250.97,7572377
XLK,2025-07-02,250.34,253.79,250.155,253.62,5975097
XLK,2025-07-03,255.0,257.73,254.9,256.96,3556409
XLK,2025-07-07,255.97,256.64,253.78,254.92,5780415
XLK,2025-07-08,256.26,256.78,255.23,256.29,7857582
XLK,2025-07-09,257.2,258.8,255.915,257.83,6466755
XLK,2025-07-10,258.47,258.7,255.63,256.98,4997113
XLK,2025-07-11,255.76,257.35,255.44,255.85,4619487
XLK,2025-07-14,255.22,256.27,253.2,255.64,4062624
XLK,2025-07-15,258.62,259.23,257.82,257.91,7828527
XLK,2025-07-16,258.0,258.855,254.81,258.71,8891329
XLK,2025-07-17,259.02,261.47,258.51,261.06,5977532
XLK,2025-07-18,262.06,262.15,260.19,260.89,5140537
XLK,2025-07-21,261.18,263.01,260.875,261.23,4623309
XLK,2025-07-22,261.03,261.2145,256.95,258.81,6724447
XLK,2025-07-23,259.48,260.63,257.94,260.29,5045896
XLK,2025-07-24,260.925,261.9,259.92,261.39,6079813
XLK,2025-07-25,261.31,262.65,260.7651,261.99,4000985
XLK,2025-07-28,262.99,264.15,262.445,264.08,5758766
XLK,2025-07-29,265.8,267.27,263.64,264.09,6869524
XLK,2025-07-30,264.37,265.58,262.6,264.68,6967308
XLK,2025-07-31,268.01,268.01,261.46,262.74,8207180
XLK,2025-08-01,259.88,259.97,255.78,257.07,9719008
XLK,2025-08-04,259.49,262.34,259.49,262.29,6188452
XLK,2025-08-05,263.26,263.49,259.515,260.12,5588026
XLK,2025-08-06,260.37,263.39,260.2,263.05,5083544
XLK,2025-08-07,265.98,266.41,261.1,263.29,5159049
XLK,2025-08-08,264.28,266.22,263.59,265.92,5508236
XLK,2025-08-11,265.75,266.95,263.51,264.12,4712711
XLK,2025-08-12,265.44,268.28,263.97,268.21,5577478
XLK,2025-08-13,269.76,270.0499,267.325,268.31,6995087
XLK,2025-08-14,266.95,268.65,266.335,267.73,7742167
XLK,2025-08-15,267.37,267.37,264.64,265.7,6686563
XLK,2025-08-18,265.365,266.505,265.11,266.27,6116883
XLK,2025-08-19,266.17,266.23,261.13,261.62,8683453
XLK,2025-08-20,260.96,260.96,255.84,259.85,11532146
XLK,2025-08-21,259.22,260.26,257.79,258.91,7574279
XLK,2025-08-22,258.63,264.13,257.91,262.42,6878007
XLK,2025-08-25,262.41,263.47,261.11,261.83,5345887
XLK,2025-08-26,262.05,263.38,261.67,263.03,5540501
XLK,2025-08-27,263.29,264.75,262.08,264.45,5769319
XLK,2025-08-28,264.77,267.11,263.45,266.54,6190284
XLK,2025-08-29,265.37,265.42,261.49,262.45,8740573
XLK,2025-09-02,257.81,260.04,256.28,259.8,9113015
XLK,2025-09-03,261.13,261.87,259.4,261.35,7786036
XLK,2025-09-04,260.28,262.745,259.22,262.64,12198698
XLK,2025-09-05,265.13,265.23,260.19,262.86,19280942
XLK,2025-09-08,264.24,265.79,264.18,264.83,10278246
XLK,2025-09-09,265.42,265.62,263.46,265.34,9677453
XLK,2025-09-10,270.71,271.97,268.86,270.15,12978573
XLK,2025-09-11,271.85,272.23,270.62,271.06,11714618
XLK,2025-09-12,271.6,271.86,270.3,270.88,7806114
XLK,2025-09-15,271.31,273.38,270.98,273.32,8134011
XLK,2025-09-16,273.95,274.135,272.04,272.37,8040731
XLK,2025-09-17,272.19,272.52,268.62,271.43,9474263
XLK,2025-09-18,274.95,276.93,273.62,276.12,10441665
XLK,2025-09-19,277.23,279.18,276.33,278.92,7835381
XLK,2025-09-22,278.15,282.89,278.04,282.66,7885581
XLK,2025-09-23,282.275,282.73,278.9751,280.22,8228561
XLK,2025-09-24,280.97,280.97,276.63,278.49,6735506
XLK,2025-09-25,275.96,278.69,274.25,278.0,10674849
XLK,2025-09-26,278.3,279.09,276.38,278.84,8267024
XLK,2025-09-29,280.44,281.92,279.68,280.33,8053739
XLK,2025-09-30,280.33,282.14,279.74,281.86,9107570
XLK,2025-10-01,280.42,284.82,280.34,284.62,8705622
XLK,2025-10-02,287.27,287.33,284.87,286.16,8803914
XLK,2025-10-03,286.42,287.88,283.74,284.72,8728957
XLK,2025-10-06,288.56,289.44,287.45,287.6,8972822
XLK,2025-10-07,289.08,289.5,284.17,285.68,7794189
XLK,2025-10-08,286.34,290.7,286.185,290.69,7019342
XLK,2025-10-09,290.56,290.82,288.69,290.2,5994716
XLK,2025-10-10,290.805,291.34,278.28,278.39,22287291
XLK,2025-10-13,284.73,286.12,283.11,285.17,11015162
XLK,2025-10-14,281.43,284.38,278.24,281.51,13478388
XLK,2025-10-15,285.46,286.58,280.795,284.3,10468784
XLK,2025-10-16,286.35,287.6193,282.57,284.51,11583102
XLK,2025-10-17,282.82,285.86,281.02,285.01,12755769
XLK,2025-10-20,286.64,289.42,286.47,288.19,6902570
XLK,2025-10-21,288.01,289.365,286.95,288.34,6251939
XLK,2025-10-22,288.21,288.842,281.9,285.49,10361631
XLK,2025-10-23,284.37,289.55,284.37,289.09,5961749
XLK,2025-10-24,292.5,294.565,292.07,293.58,7179779
XLK,2025-10-27,297.7,299.26,297.22,299.0,7583495
XLK,2025-10-28,300.45,303.14,299.42,301.96,7527575
XLK,2025-10-29,304.695,305.99,301.87,304.13,10753094
XLK,2025-10-30,302.4,303.96,300.29,300.39,9609271
XLK,2025-10-31,303.42,303.64,298.94,300.68,8151914
XLK,2025-11-03,303.56,304.22,300.26,301.91,6991820
XLK,2025-11-04,296.445,298.4,293.45,293.94,8361254
XLK,2025-11-05,293.415,297.48,292.97,295.09,7183686
XLK,2025-11-06,294.62,294.94,287.67,289.16,12398686
XLK,2025-11-07,286.69,288.23,281.598,288.16,12773484
XLK,2025-11-10,293.31,296.09,291.79,295.53,9143174
XLK,2025-11-11,293.58,294.11,291.06,293.01,7435793
XLK,2025-11-12,295.46,295.46,292.15,293.92,6589608
XLK,2025-11-13,292.28,292.68,285.03,286.59,11192908
XLK,2025-11-14,281.3,290.76,280.29,288.15,13714771
XLK,2025-11-17,285.45,288.57,281.35,283.64,12337677
XLK,2025-11-18,281.19,282.64,276.47,279.03,18373779
XLK,2025-11-19,279.05,284.12,278.33,280.97,13834448
XLK,2025-11-20,287.44,288.5145,271.52,272.15,28275886
XLK,2025-11-21,272.6,276.84,267.48,273.2,22479454
XLK,2025-11-24,275.04,280.695,274.87,279.71,10062441
XLK,2025-11-25,277.25,281.18,273.31,280.46,10651665
XLK,2025-11-26,283.77,284.99,281.58,283.78,6679697
XLK,2025-11-28,284.38,286.27,283.61,286.22,3396091
XLK,2025-12-01,283.44,287.205,282.57,286.35,6423270
XLK,2025-12-02,288.13,291.03,287.29,289.3,7859528
XLK,2025-12-03,287.9,290.19,286.455,289.99,5811616
XLK,2025-12-04,290.38,291.59,288.99,291.07,4997634
XLK,2025-12-05,146.21,147.31,145.69,146.6,6539665
XLK,2025-12-08,147.43,148.38,146.92,147.63,8212677
XLK,2025-12-09,147.335,148.25,146.96,148.02,6933245
XLK,2025-12-10,147.69,149.22,146.82,148.73,8961059
XLK,2025-12-11,147.06,148.13,145.11,147.97,9704039
XLK,2025-12-12,146.94,147.08,143.26,143.69,14729231
XLK,2025-12-15,144.42,144.63,142.02,142.3,10650264
XLK,2025-12-16,141.91,142.97,141.3,142.56,10649844
XLK,2025-12-17,142.72,142.84,139.32,139.39,17999968
XLK,2025-12-18,141.86,142.42,140.79,141.54,12204542
XLK,2025-12-19,142.59,144.62,142.57,144.6,14112792
XLK,2025-12-22,146.01,146.01,144.645,145.16,8864472
XLK,2025-12-23,144.74,145.98,144.36,145.95,7546050
XLK,2025-12-24,145.79,146.5,145.68,146.3,3676257
XLK,2025-12-26,146.61,146.98,146.24,146.53,5052923
XLK,2025-12-29,145.35,146.38,145.04,145.87,9822319
XLK,2025-12-30,145.85,146.26,145.375,145.41,6387446
XLK,2025-12-31,145.71,145.8,143.9,143.97,9528387
XLK,2026-01-02,145.63,146.52,143.405,144.3,15299454
XLK,2026-01-05,146.01,146.39,144.245,144.62,17476328
XLK,2026-01-06,145.21,146.765,144.63,146.65,14985672
XLK,2026-01-07,146.53,147.3799,146.04,146.53,13957071
XLK,2026-01-08,145.93,145.93,143.5,144.24,16870541
XLK,2026-01-09,144.57,146.58,144.025,146.15,15652618
XLK,2026-01-12,145.19,147.285,145.05,146.79,12867188
XLK,2026-01-13,146.85,147.52,145.845,146.48,16552152
XLK,2026-01-14,145.5,145.93,143.32,144.7,22104224
XLK,2026-01-15,146.93,147.57,145.31,145.46,17370878
XLK,2026-01-16,146.72,146.95,145.02,145.62,14156676
XLK,2026-01-20,143.09,144.1,141.61,141.84,19928075
XLK,2026-01-21,142.78,145.04,141.96,143.81,27892847
XLK,2026-01-22,145.61,145.7,144.16,144.88,12971563
XLK,2026-01-23,144.53,145.825,143.75,145.09,14654456
XLK,2026-01-26,145.27,146.71,144.89,146.08,10195625
XLK,2026-01-27,147.42,148.62,147.03,148.05,12406672
XLK,2026-01-28,149.0,149.9,148.61,149.23,19497406
XLK,2026-01-29,147.84,147.93,143.27,146.87,25580964
XLK,2026-01-30,146.04,146.75,142.99,143.88,18342641
XLK,2026-02-02,143.53,146.145,143.39,145.26,16337576
XLK,2026-02-03,145.875,145.97,140.17,142.08,30343481
XLK,2026-02-04,140.83,141.0101,136.1051,138.12,45649454
XLK,2026-02-05,137.22,138.48,135.075,135.63,42950873
XLK,2026-02-06,138.01,141.47,137.42,141.13,37131922
XLK,2026-02-09,140.595,144.025,139.91,143.35,24629514
XLK,2026-02-10,143.82,144.15,142.385,142.55,22564318
XLK,2026-02-11,144.51,144.755,141.32,142.97,18905713
XLK,2026-02-12,143.31,143.77,138.92,139.21,32154746
XLK,2026-02-13,139.56,140.91,137.93,139.56,26637122
XLK,2026-02-17,138.64,140.45,137.02,139.48,25743800
XLK,2026-02-18,140.055,142.115,139.27,140.91,13705785
XLK,2026-02-19,140.09,140.71,139.275,140.21,13483972
XLK,2026-02-20,139.2,141.75,138.97,140.88,14942420
XLK,2026-02-23,140.18,140.65,137.89,138.52,22021923
XLK,2026-02-24,139.24,140.94,138.19,140.32,13030621
XLK,2026-02-25,141.36,143.34,141.21,143.01,13296046
XLK,2026-02-26,142.94,143.01,139.26,141.01,19364871
XLK,2026-02-27,138.31,139.765,137.94,138.76,15328602
XLK,2026-03-02,137.03,139.96,136.56,139.54,20156667
XLK,2026-03-03,136.355,138.33,134.99,137.5,34153036
XLK,2026-03-04,138.53,140.63,138.04,139.84,15201380
XLK,2026-03-05,139.16,141.26,138.09,140.18,19424199
XLK,2026-03-06,137.82,139.83,136.79,137.29,19677214
XLK,2026-03-09,135.97,140.21,135.46,139.76,22760857
XLK,2026-03-10,139.84,141.39,139.02,139.76,24338517
XLK,2026-03-11,140.58,141.59,139.52,140.43,14017700
XLK,2026-03-12,139.27,139.745,137.65,137.84,32372780
XLK,2026-03-13,138.45,139.705,136.515,136.8,15701792
XLK,2026-03-16,138.72,140.08,138.52,138.78,16626428
XLK,2026-03-17,139.39,140.27,138.93,139.54,12034647
XLK,2026-03-18,139.31,140.07,137.93,137.96,12634543
XLK,2026-03-19,136.0,139.17,135.44,138.43,18087931
XLK,2026-03-20,137.98,137.98,134.3224,135.29,27251819
XLK,2026-03-23,137.5,139.2,136.22,136.95,21818519
XLK,2026-03-24,136.05,136.92,134.87,136.15,16843862
XLK,2026-03-25,137.29,137.995,136.28,136.76,13872406
XLK,2026-03-26,135.18,135.52,132.42,132.5,15434571
XLK,2026-03-27,131.53,132.045,129.575,129.92,15895156
XLK,2026-03-30,131.27,131.55,126.68,127.5,18830030
XLK,2026-03-31,129.15,133.215,128.98,132.9,19405309
XLK,2026-04-01,134.115,136.045,133.76,134.91,17050137
XLK,2026-04-02,131.905,136.04,131.3546,135.99,12266188
XLK,2026-04-06,136.48,137.25,135.71,136.78,10147634
XLK,2026-04-07,136.17,137.49,134.11,137.43,8585455
XLK,2026-04-08,143.13,143.56,140.735,141.69,13358980
XLK,2026-04-09,141.76,142.185,140.35,142.07,8235144
XLK,2026-04-10,142.5,143.56,141.9201,142.62,9310140
XLK,2026-04-13,142.33,145.67,142.1307,145.61,10407699
XLK,2026-04-14,146.9,147.94,146.08,147.94,10183303
XLK,2026-04-15,148.27,150.37,147.96,150.3,10622480
XLK,2026-04-16,150.99,152.1798,149.745,152.02,11778014
XLK,2026-04-17,154.06,154.805,153.51,154.35,10630441
XLK,2026-04-20,154.3,154.75,153.035,154.56,8131598
XLK,2026-04-21,155.0,156.07,154.15,154.69,12657267
XLK,2026-04-22,156.22,158.16,155.52,158.09,13830378
XLK,2026-04-23,156.77,157.795,153.95,155.84,12151377
XLK,2026-04-24,158.43,160.4,157.6,160.22,11059778
XLK,2026-04-27,160.02,160.62,158.81,160.57,8963915
XLK,2026-04-28,157.11,158.64,156.16,157.85,9252973
XLK,2026-04-29,158.83,159.15,157.75,159.11,7506934
XLK,2026-04-30,159.65,159.8,156.88,159.5,9276361
XLK,2026-05-01,160.39,162.285,160.14,161.87,10161809
XLK,2026-05-04,162.705,163.24,160.88,162.05,10739960
XLK,2026-05-05,163.87,166.02,163.52,165.63,9813549
XLK,2026-05-06,167.88,170.08,166.84,170.03,11304664
XLK,2026-05-07,170.26,171.95,168.7,169.69,11031513
XLK,2026-05-08,171.59,175.6,171.3,175.52,11222155
XLK,2026-05-11,176.15,178.3,175.87,177.88,10461797
XLK,2026-05-12,176.15,176.99,171.195,175.2,15950695
XLK,2026-05-13,177.27,177.74,174.26,176.85,9817869
XLK,2026-05-14,177.36,180.215,176.865,179.5,11424870
XLK,2026-05-15,176.21,178.7,174.63,176.26,14518963
XLK,2026-05-18,177.62,177.85,171.91,174.36,19162640
XLK,2026-05-19,172.68,175.18,170.831,173.24,15751423
XLK,2026-05-20,174.66,177.25,173.95,177.14,12567497
XLK,2026-05-21,175.83,178.98,175.83,178.6,10873195
XLK,2026-05-22,180.03,181.73,179.56,180.39,10742209
XLK,2026-05-26,183.2,186.0,182.585,185.14,12500330
XLK,2026-05-27,186.18,186.265,182.54,184.43,12300345
XLK,2026-05-28,184.83,187.58,183.79,186.85,11167566
XLK,2026-05-29,189.33,191.63,189.195,191.02,15040309
XLK,2026-06-01,192.32,196.4999,191.15,195.76,18968777
XLK,2026-06-02,196.45,198.38,195.75,198.21,10175184
XLK,2026-06-03,198.37,198.73,194.525,196.23,11582093
XLK,2026-06-04,191.52,194.74,189.69,193.17,13142622
XLK,2026-06-05,188.885,189.22,179.8,180.3,26816074
XLK,2026-06-08,185.22,186.71,183.1701,184.18,14684968
XLK,2026-06-09,185.91,187.08,172.88,180.77,29884444
XLK,2026-06-10,178.16,182.41,176.15,176.63,20059836
XLK,2026-06-11,177.79,183.66,176.495,183.21,18238394
XLK,2026-06-12,183.24,185.84,181.6443,184.8,15014349
XLK,2026-06-15,190.371,192.08,189.75,191.79,13097839
XLK,2026-06-16,191.227,192.25,186.43,186.44,10077157
XLK,2026-06-17,189.005,189.99,185.3,185.8,14396140
XLK,2026-06-18,190.42,191.995,189.38,191.44,12101594
XLK,2026-06-22,192.95,194.3,190.86,192.15,11313040
XLK,2026-06-23,184.68,187.25,183.7,184.19,14633591
XLK,2026-06-24,184.065,185.66,180.79,183.05,12323693
XLK,2026-06-25,188.145,188.41,180.375,184.57,13230220
XLK,2026-06-26,181.0,183.11,179.76,181.11,13433883
XLK,2026-06-29,183.12,185.66,178.67,185.41,11857031
XLK,2026-06-30,185.76,190.94,185.6,190.52,10729882
XLK,2026-07-01,186.83,187.98,185.38,185.62,9960304
XLK,2026-07-02,185.49,187.38,178.72,180.59,14192634
XLK,2026-07-06,182.66,185.71,182.04,183.57,8923121
XLK,2026-07-07,179.84,180.72,176.36,179.18,12254781
XLK,2026-07-08,177.48,181.63,177.15,181.4,10528340
XLK,2026-07-09,184.76,186.4,183.56,185.35,7756590
XLK,2026-07-10,184.005,186.23,183.09,185.78,6162013
XLK,2026-07-13,183.1,183.9,180.54,181.28,8595097
XLK,2026-07-14,183.71,184.43,181.33,183.62,6399550
XLK,2026-07-15,185.11,185.29,178.22,181.58,9256842
XLK,2026-07-16,179.0,179.4796,176.41,177.52,8666508
XLK,2026-07-17,172.85,177.92,171.34,175.59,12036704
XLK,2026-07-20,177.19,178.7,175.52,175.71,7638589
XLK,2026-07-21,179.56,181.015,178.17,180.78,7506833
XLK,2026-07-22,178.155,181.43,178.15,180.27,5357598
XLK,2026-07-23,178.8,180.39,177.2,178.45,7177020
XLK,2026-07-24,177.82,179.01,175.05,175.88,7739565
XLK,2026-07-27,177.83,178.3,171.73,174.3,8376633
XLK,2026-07-28,171.21,172.17,167.54,171.09,10049334
XLK,2026-07-29,171.12,172.51,166.462,166.57,14380490
XLK,2026-07-30,172.81,176.09,172.16,175.73,15103710
XLK,2026-07-31,177.46,178.62,172.7,175.35,9146173
XLK,2026-08-03,174.01,178.92,173.04,178.04,9343373
XLK,2026-08-04,182.52,187.705,181.87,186.9,13495817
XLK,2026-08-05,187.34,188.62,185.71,185.91,7571369
XLK,2026-08-06,183.19,186.91,182.06,185.33,6706016
XLK,2026-08-07,187.99,188.73,185.74,187.97,6361238
XLK,2026-08-10,188.08,188.84,186.265,186.32,6486751
XLK,2026-08-11,187.69,187.71,185.07,186.09,5759202
XLK,2026-08-12,189.47,189.59,188.33,188.86,5887231
