,equity
2007-01-03,1000.0
2007-01-04,999.8434540583655
2007-01-05,994.2900543085815
2007-01-08,995.9414910509969
2007-01-09,996.7615242835758
2007-01-10,991.4910307205532
2007-01-11,991.2570585266801
2007-01-12,995.3278722060007
2007-01-15,993.9736892060123
2007-01-16,993.614276933318
2007-01-17,994.8312214370133
2007-01-18,994.192740259608
2007-01-19,995.8491894779802
2007-01-22,995.1178319876426
2007-01-23,998.1485502615889
2007-01-24,1000.7005393124921
2007-01-25,997.0836763626515
2007-01-26,996.9429353834639
2007-01-29,995.7620216317085
2007-01-30,997.8368984487583
2007-01-31,1001.116444686392
2007-02-01,1002.2188837693288
2007-02-02,1000.4085931416977
2007-02-05,989.6657759901457
2007-02-06,991.8413058216147
2007-02-07,992.2549417388236
2007-02-08,994.3709950751011
2007-02-09,993.6781932656586
2007-02-12,991.7376522078496
2007-02-13,995.5231334827774
2007-02-14,999.5427283119841
2007-02-15,1000.3534864508676
2007-02-16,1000.7183319343949
2007-02-20,1000.614210247521
2007-02-21,1005.136341709185
2007-02-22,1003.804468457314
2007-02-23,1005.8021338561391
2007-02-26,1007.6854638402608
2007-02-27,993.5630494339107
2007-02-28,996.8545038170232
2007-03-01,990.0000065027898
2007-03-02,983.8471132406555
2007-03-05,964.385611160799
2007-03-06,970.2358246701446
2007-03-07,973.250156279893
2007-03-08,974.8009904651633
2007-03-09,972.4272482907463
2007-03-12,973.6596936396156
2007-03-13,970.3024624475081
2007-03-14,971.2722175090055
2007-03-15,971.5158333180771
2007-03-16,972.0074543786002
2007-03-19,973.6172602143606
2007-03-20,975.9261463362009
2007-03-21,980.0234256052909
2007-03-22,978.4165881100039
2007-03-23,976.6555158519864
2007-03-26,978.4509395166888
2007-03-27,977.5191274776087
2007-03-28,977.0304375704277
2007-03-29,975.9491524922075
2007-03-30,975.9114551817918
2007-04-02,975.5182850227845
2007-04-03,976.9082674975732
2007-04-04,981.7882878024691
2007-04-05,981.7105548697714
2007-04-09,979.813875092472
2007-04-10,982.1368580265789
2007-04-11,981.2171188413633
2007-04-12,981.6943656895269
2007-04-13,983.9122008038876
2007-04-16,987.5148035137329
2007-04-17,988.0340419692984
2007-04-18,990.0873888952251
2007-04-19,987.7451306036819
2007-04-20,992.506262420809
2007-04-23,991.5036924648889
2007-04-24,990.9777890197329
2007-04-25,992.2278841428342
2007-04-26,988.7613667236692
2007-04-27,990.3182440851926
2007-04-30,988.9767948232416
2007-05-01,987.9347856299385
2007-05-02,991.1682070523589
2007-05-03,1007.4461684698817
2007-05-04,1010.4181261392116
2007-05-07,1012.3975203999106
2007-05-08,1011.0323232784126
2007-05-09,1009.729838627967
2007-05-10,1005.0459327300549
2007-05-11,1008.7953621360423
2007-05-14,1009.189212624733
2007-05-15,1009.8448178810635
2007-05-16,1008.7226064724485
2007-05-17,1006.4037469086945
2007-05-18,1007.7855418649307
2007-05-21,1008.5372690265237
2007-05-22,1006.6057788794728
2007-05-23,1006.9392142617128
2007-05-24,1003.7632213851787
2007-05-25,1004.6461802361789
2007-05-29,1005.4097730211738
2007-05-30,1007.4902583407206
2007-05-31,1008.9322887517801
2007-06-01,1009.9574583165179
2007-06-04,1010.9325356963448
2007-06-05,1016.6915162597884
2007-06-06,1015.1571738741729
2007-06-07,1006.7348689376533
2007-06-08,1008.3011174196808
2007-06-11,1011.6165823374419
2007-06-12,1006.2518630375921
2007-06-13,1014.4733625861086
2007-06-14,1015.3175157249268
2007-06-15,1017.6543611536355
2007-06-18,1017.4179290701082
2007-06-19,1020.6735620194886
2007-06-20,1016.586474256761
2007-06-21,1015.1765163759226
2007-06-22,1015.3046304897211
2007-06-25,1014.6035665113097
2007-06-26,1010.9586676404971
2007-06-27,1015.3800917605705
2007-06-28,1016.7087101441127
2007-06-29,1018.5508370493724
2007-07-02,1021.5337897914836
2007-07-03,1020.5110533933811
2007-07-04,1021.3909493022368
2007-07-05,1031.5383168005699
2007-07-06,1033.0964072309523
2007-07-09,1034.8529577737238
2007-07-10,1035.766315536874
2007-07-11,1034.9352499875165
2007-07-12,1038.296593221911
2007-07-13,1039.2710572447747
2007-07-16,1040.2580766808683
2007-07-17,1041.3826864406324
2007-07-18,1043.9447589712236
2007-07-19,1045.4682706158096
2007-07-20,1046.7156226692932
2007-07-23,1046.6011680863985
2007-07-24,1044.457003670181
2007-07-25,1039.5514653325815
2007-07-26,1030.0825543085077
2007-07-27,1026.972878739958
2007-07-30,1029.6737619104338
2007-07-31,1029.2651874379012
2007-08-01,1028.751016284717
2007-08-02,1030.9775269207
2007-08-03,1010.8885838028273
2007-08-06,1011.7710519136272
2007-08-07,1013.0808745366842
2007-08-08,1014.067530196126
2007-08-09,1006.8345050043952
2007-08-10,1008.3933688491948
2007-08-13,1008.7506859548816
2007-08-14,1007.060902046647
2007-08-15,1004.2693716159004
2007-08-16,999.711867492985
2007-08-17,1005.9834957667904
2007-08-20,1008.7222002700876
2007-08-21,1009.8229353529357
2007-08-22,1012.0008147264505
2007-08-23,1012.0576332723926
2007-08-24,1016.3479479711241
2007-08-27,1015.5514216175952
2007-08-28,1011.8311018774523
2007-08-29,1015.387736717784
2007-08-30,1015.4484249085824
2007-08-31,1019.0719474466482
2007-09-04,1021.5052151383336
2007-09-05,1019.7701708904674
2007-09-06,1032.6258160462853
2007-09-07,1034.400701071731
2007-09-10,1035.6115187807973
2007-09-11,1039.483781980507
2007-09-12,1039.3010716401052
2007-09-13,1037.9003541516415
2007-09-14,1038.3751073138046
2007-09-17,1040.0900498076353
2007-09-18,1045.5353771440186
2007-09-19,1044.6858802184165
2007-09-20,1043.2554331890797
2007-09-21,1043.4636452811776
2007-09-24,1043.6117267199493
2007-09-25,1043.0229600746998
2007-09-26,1042.4630329477875
2007-09-27,1046.4122997307043
2007-09-28,1047.9901816609854
2007-10-01,1050.6116433914847
2007-10-02,1047.1084817939632
2007-10-03,1053.3897019476092
2007-10-04,1056.6281222505309
2007-10-05,1058.060957112797
2007-10-08,1055.1169538667439
2007-10-09,1057.492248971718
2007-10-10,1057.9883508582238
2007-10-11,1058.4031446341837
2007-10-12,1060.0605934700739
2007-10-15,1060.0183576191785
2007-10-16,1058.9030304758062
2007-10-17,1062.8814543042895
2007-10-18,1066.9313261909833
2007-10-19,1064.576744602473
2007-10-22,1062.7361848262028
2007-10-23,1065.3646537409995
2007-10-24,1069.7779854257974
2007-10-25,1073.7055741160211
2007-10-26,1079.257394494932
2007-10-29,1081.423597212071
2007-10-30,1078.330806541216
2007-10-31,1081.4520711911891
2007-11-01,1077.1710072179596
2007-11-02,1082.6032790727118
2007-11-05,1082.551989404286
2007-11-06,1087.9070380809576
2007-11-07,1086.1444413980503
2007-11-08,1085.2987496993246
2007-11-09,1084.3879687263466
2007-11-12,1074.4269838414752
2007-11-13,1081.8323366475256
2007-11-14,1084.4345116857633
2007-11-15,1078.5170275261776
2007-11-16,1078.972644235732
2007-11-19,1077.1068364323407
2007-11-20,1083.1868332854185
2007-11-21,1081.1778595669043
2007-11-23,1088.6323176944595
2007-11-26,1088.9251785453484
2007-11-27,1085.7528805499544
2007-11-28,1088.1057663161766
2007-11-29,1086.6970872745462
2007-11-30,1085.2555867739163
2007-12-03,1086.9821532776648
2007-12-04,1090.5331333287163
2007-12-05,1093.6034614898822
2007-12-06,1095.9462349259336
2007-12-07,1092.139778497516
2007-12-10,1095.714389123384
2007-12-11,1093.9426905723308
2007-12-12,1097.4555462325309
2007-12-13,1090.4247949608382
2007-12-14,1083.024707287309
2007-12-17,1081.6710761811596
2007-12-18,1086.1279155963014
2007-12-19,1088.5519478674737
2007-12-20,1089.7217019565985
2007-12-21,1092.043054132185
2007-12-24,1092.7602771982042
2007-12-26,1094.9263311693999
2007-12-27,1093.8846210774827
2007-12-28,1102.7413248707553
2007-12-31,1101.4793342661355
2008-01-02,1108.4310714475153
2008-01-03,1105.6743791271672
2008-01-04,1095.2131796791878
2008-01-07,1094.8193306908922
2008-01-08,1097.2575289597762
2008-01-09,1098.413853610882
2008-01-10,1101.3014677507213
2008-01-11,1102.535288311496
2008-01-14,1108.1259574526366
2008-01-15,1103.057931547608
2008-01-16,1097.7030747765502
2008-01-17,1095.8123709493882
2008-01-18,1091.2515342871202
2008-01-22,1094.4602135156265
2008-01-23,1096.651534731012
2008-01-24,1099.3616765415072
2008-01-25,1100.8977875868038
2008-01-28,1105.994451497683
2008-01-29,1104.0901145711825
2008-01-30,1104.2874601904218
2008-01-31,1106.5642904114375
2008-02-01,1104.1551496375612
2008-02-04,1100.0930006089372
2008-02-05,1084.6180433622749
2008-02-06,1086.0844696069769
2008-02-07,1085.5495251673758
2008-02-08,1089.4358615053955
2008-02-11,1093.0303262906605
2008-02-12,1087.9323581597862
2008-02-13,1088.049242051171
2008-02-14,1085.0523052523206
2008-02-15,1084.6854145928276
2008-02-19,1089.2192616472948
2008-02-20,1094.465182041696
2008-02-21,1096.912296770827
2008-02-22,1097.0674467824103
2008-02-25,1095.5046051053691
2008-02-26,1099.174051254869
2008-02-27,1101.8986725338111
2008-02-28,1106.4401268250876
2008-02-29,1106.595111154888
2008-03-03,1107.5062188957334
2008-03-04,1100.5005807554903
2008-03-05,1107.8649504455461
2008-03-06,1103.324606686022
2008-03-07,1101.053546476566
2008-03-10,1101.1672065947591
2008-03-11,1104.1739405463682
2008-03-12,1108.7912502936433
2008-03-13,1110.960328766009
2008-03-14,1112.09809615732
2008-03-17,1113.3891318606225
2008-03-18,1111.4471014355208
2008-03-19,1102.516300250491
2008-03-20,1097.122187579784
2008-03-24,1096.5562085524205
2008-03-25,1106.8116187222931
2008-03-26,1107.297030407571
2008-03-27,1105.093900733506
2008-03-28,1101.5986826768521
2008-03-31,1099.1705723825316
2008-04-01,1091.4259926769478
2008-04-02,1097.4741629585574
2008-04-03,1112.280115887156
2008-04-04,1115.815620282751
2008-04-07,1116.9529408512838
2008-04-08,1114.391875685634
2008-04-09,1119.9113827842523
2008-04-10,1118.2810281171207
2008-04-11,1115.7125991688222
2008-04-14,1113.759400305903
2008-04-15,1113.224748145922
2008-04-16,1118.9872844028564
2008-04-17,1116.9620146215534
2008-04-18,1113.6104601755433
2008-04-21,1113.271886288494
2008-04-22,1114.1016318348618
2008-04-23,1110.8483261381741
2008-04-24,1104.9627889212766
2008-04-25,1105.54512993075
2008-04-28,1107.2127913606146
2008-04-29,1102.7000905582213
2008-04-30,1105.2448455853105
2008-05-01,1096.3390876668027
2008-05-02,1096.0006242418292
2008-05-05,1100.4429971984787
2008-05-06,1101.5759167655674
2008-05-07,1097.820514513579
2008-05-08,1102.3277959757595
2008-05-09,1103.1068114385137
2008-05-12,1103.1901681081924
2008-05-13,1097.4494557492255
2008-05-14,1097.2560741524726
2008-05-15,1104.9145542519175
2008-05-16,1109.4645912188143
2008-05-19,1110.9366720922376
2008-05-20,1114.3400122566022
2008-05-21,1114.2127216560532
2008-05-22,1109.650559182118
2008-05-23,1109.2458682193949
2008-05-27,1106.4019194185257
2008-05-28,1106.2663389685474
2008-05-29,1099.5879114352838
2008-05-30,1103.4052575231613
2008-06-02,1103.0199843901994
2008-06-03,1100.899179298557
2008-06-04,1089.2473764437796
2008-06-05,1095.2224134757778
2008-06-06,1098.8692651342628
2008-06-09,1095.8766036996544
2008-06-10,1088.0111193248088
2008-06-11,1089.3256440767457
2008-06-12,1084.230142374989
2008-06-13,1087.9440912812743
2008-06-16,1090.9675977626266
2008-06-17,1091.443774703801
2008-06-18,1093.913305521683
2008-06-19,1093.2483969909522
2008-06-20,1092.6702906920311
2008-06-23,1088.2459829655138
2008-06-24,1090.1501184502579
2008-06-25,1090.8692348407678
2008-06-26,1096.1800452798404
2008-06-27,1099.355180051522
2008-06-30,1099.7873123024042
2008-07-01,1101.8506828942523
2008-07-02,1101.5744398136317
2008-07-03,1084.4460125467444
2008-07-07,1081.9016778958087
2008-07-08,1084.3734982174658
2008-07-09,1084.2691962581057
2008-07-10,1089.700094961115
2008-07-11,1089.5201052614148
2008-07-14,1091.8361292815666
2008-07-15,1090.8108871503305
2008-07-16,1086.8541739361804
2008-07-17,1086.6257877316798
2008-07-18,1086.4806731692272
2008-07-21,1089.478738505512
2008-07-22,1085.186568201465
2008-07-23,1079.5967119918027
2008-07-24,1080.5092565926325
2008-07-25,1079.6143789072153
2008-07-28,1079.6095338594591
2008-07-29,1078.9173535753039
2008-07-30,1078.9204010707047
2008-07-31,1080.2828566540084
2008-08-01,1077.6810496777262
2008-08-04,1072.6709823745132
2008-08-05,1070.6849530023728
2008-08-06,1072.0211947053879
2008-08-07,1071.4775996947426
2008-08-08,1066.0248193463863
2008-08-11,1057.8919784644827
2008-08-12,1056.7037076333004
2008-08-13,1057.8126696781874
2008-08-14,1054.5996723666794
2008-08-15,1052.604314752684
2008-08-18,1054.2719276274513
2008-08-19,1056.2071946383344
2008-08-20,1056.5753362097266
2008-08-21,1061.736958011597
2008-08-22,1064.0239377653818
2008-08-25,1062.7130085152148
2008-08-26,1063.8953443557511
2008-08-27,1065.868442842909
2008-08-28,1069.4066936258928
2008-08-29,1066.1876588875384
2008-09-02,1060.001583119746
2008-09-03,1051.3692640124414
2008-09-04,1035.0817473942673
2008-09-05,1032.5167221675138
2008-09-08,1035.524515363874
2008-09-09,1027.7342159847713
2008-09-10,1021.8804702123405
2008-09-11,1020.902991971232
2008-09-12,1025.351576949595
2008-09-15,1030.077561713978
2008-09-16,1030.0412909673291
2008-09-17,1046.515056015785
2008-09-18,1040.9022997354732
2008-09-19,1046.7350170452703
2008-09-22,1051.5105779897883
2008-09-23,1046.0689783964503
2008-09-24,1043.6454838461989
2008-09-25,1044.3846782476392
2008-09-26,1048.1728495903315
2008-09-29,1050.688291516075
2008-09-30,1040.231795556278
2008-10-01,1043.9166681456506
2008-10-02,1032.4266656221107
2008-10-03,1017.6808733960249
2008-10-06,1019.0742035238505
2008-10-07,1020.8093074227047
2008-10-08,1020.2511196930686
2008-10-09,1012.9712955852907
2008-10-10,993.8297344312132
2008-10-13,1001.6620903417678
2008-10-14,999.6061476113565
2008-10-15,993.9365605354549
2008-10-16,987.3829394350302
2008-10-17,980.8609251105112
2008-10-20,990.426581701068
2008-10-21,982.5761599129571
2008-10-22,970.2331885215433
2008-10-23,969.9157842703821
2008-10-24,967.1457453987941
2008-10-27,963.5535180552858
2008-10-28,975.5374421667384
2008-10-29,974.6167961250533
2008-10-30,973.6188474979465
2008-10-31,968.9466315601774
2008-11-03,968.1466579041539
2008-11-04,984.8597313716637
2008-11-05,988.8479534701141
2008-11-06,980.7670959550306
2008-11-07,983.2754057079349
2008-11-10,985.8090251070423
2008-11-11,979.7318548691426
2008-11-12,971.945492324549
2008-11-13,978.4906974779807
2008-11-14,979.5010810618173
2008-11-17,977.7207981638747
2008-11-18,981.2977843640018
2008-11-19,979.1964882440491
2008-11-20,984.5313959226481
2008-11-21,998.9128947222063
2008-11-24,1006.5429063736327
2008-11-25,1012.2105769873331
2008-11-26,1015.2365939267701
2008-11-28,1018.4914213190368
2008-12-01,1004.8659752016492
2008-12-02,1011.9698369439137
2008-12-03,1029.305948856632
2008-12-04,1029.2176263832573
2008-12-05,1026.4221686941817
2008-12-08,1033.0216525259711
2008-12-09,1035.8863807229957
2008-12-10,1044.031931444727
2008-12-11,1044.6366223187576
2008-12-12,1046.2005921044108
2008-12-15,1051.4098473686493
2008-12-16,1064.9495493858851
2008-12-17,1071.2654161960604
2008-12-18,1070.0183053354565
2008-12-19,1065.972308669704
2008-12-22,1064.8997382918208
2008-12-23,1061.7439465514376
2008-12-24,1063.8529762166602
2008-12-26,1070.3367191555724
2008-12-29,1070.6673099315196
2008-12-30,1073.8256725484212
2008-12-31,1072.3078742191276
2009-01-02,1068.6387339202768
2009-01-05,1063.6325841830705
2009-01-06,1069.2640872604347
2009-01-07,1061.4204349052588
2009-01-08,1065.6915950768705
2009-01-09,1062.8057382212376
2009-01-12,1055.1574887235784
2009-01-13,1055.8176521839832
2009-01-14,1053.700964973993
2009-01-15,1055.2825918294438
2009-01-16,1058.535200159845
2009-01-20,1058.1821341667082
2009-01-21,1054.7611111382535
2009-01-22,1051.015644277947
2009-01-23,1059.2010076080123
2009-01-26,1059.0331385470965
2009-01-27,1061.5460157076948
2009-01-28,1057.7155501064312
2009-01-29,1055.3672261950367
2009-01-30,1057.38022544213
2009-02-02,1053.9174738530169
2009-02-03,1049.977551449468
2009-02-04,1048.8916430624986
2009-02-05,1052.5524983123785
2009-02-06,1053.181973650083
2009-02-09,1050.8196527938767
2009-02-10,1055.1228664079752
2009-02-11,1062.6825383370096
2009-02-12,1063.3493531556433
2009-02-13,1056.0995115894261
2009-02-17,1064.8545252075871
2009-02-18,1066.3472929651844
2009-02-19,1059.8376649604393
2009-02-20,1065.5669351928693
2009-02-23,1064.1004182680258
2009-02-24,1059.7094216421633
2009-02-25,1053.1135463384915
2009-02-26,1049.8973361026128
2009-02-27,1046.2823579201083
2009-03-02,1042.3569240083334
2009-03-03,1038.4722838218809
2009-03-04,1025.0132227248268
2009-03-05,1033.832880265534
2009-03-06,1033.4081963620465
2009-03-09,1027.4087184983346
2009-03-10,1022.5617652413778
2009-03-11,1027.4451736132232
2009-03-12,1035.6474581972805
2009-03-13,1036.0002453069856
2009-03-16,1031.743054945775
2009-03-17,1031.4200352104301
2009-03-18,1047.1745573407031
2009-03-19,1049.1326371987107
2009-03-20,1044.289402612037
2009-03-23,1044.836011015113
2009-03-24,1042.0097877586734
2009-03-25,1042.884711236491
2009-03-26,1046.6255959111036
2009-03-27,1043.5109749512271
2009-03-30,1039.7433630192556
2009-03-31,1042.6429788765959
2009-04-01,1046.7732933918235
2009-04-02,1041.6173152102758
2009-04-03,1048.4684615695287
2009-04-06,1041.7499017352136
2009-04-07,1043.6591539753508
2009-04-08,1047.0085738823652
2009-04-09,1047.378660439096
2009-04-13,1052.9013541366953
2009-04-14,1051.1935798473576
2009-04-15,1052.2036926549065
2009-04-16,1047.9783373760645
2009-04-17,1045.1834235294154
2009-04-20,1048.1337414386633
2009-04-21,1048.0229904472385
2009-04-22,1047.6191757096815
2009-04-23,1051.6712145403624
2009-04-24,1053.4845863678763
2009-04-27,1051.8638174682562
2009-04-28,1041.42298154532
2009-04-29,1043.2890058791115
2009-04-30,1040.329444277405
2009-05-01,1038.0597134446857
2009-05-04,1045.58258630417
2009-05-05,1062.9325482431111
2009-05-06,1067.2835036090019
2009-05-07,1061.6348115148419
2009-05-08,1065.568684033911
2009-05-11,1065.5601202039766
2009-05-12,1068.1991322038427
2009-05-13,1068.541783716274
2009-05-14,1069.8609711192867
2009-05-15,1070.2578603734341
2009-05-18,1067.4389489205944
2009-05-19,1067.9860303691676
2009-05-20,1072.2278120828391
2009-05-21,1070.4430738104456
2009-05-22,1069.2642116756997
2009-05-26,1068.194909474548
2009-05-27,1063.0900342176978
2009-05-28,1068.3481430424135
2009-05-29,1078.6885203905065
2009-06-01,1074.4950824232742
2009-06-02,1076.798417001642
2009-06-03,1089.8661470363186
2009-06-04,1091.7617023814407
2009-06-05,1083.7566650966312
2009-06-08,1082.227023028205
2009-06-09,1085.6703155201194
2009-06-10,1083.1705398204308
2009-06-11,1084.8506380311956
2009-06-12,1083.0112766730736
2009-06-15,1079.6955427133198
2009-06-16,1083.0872288588255
2009-06-17,1083.2902634990041
2009-06-18,1079.7208302943245
2009-06-19,1082.635775013573
2009-06-22,1078.2620282672267
2009-06-23,1081.0063048146437
2009-06-24,1081.483964841489
2009-06-25,1088.588358959433
2009-06-26,1088.6287616370334
2009-06-29,1089.159280525554
2009-06-30,1086.0943152319428
2009-07-01,1088.4606374963696
2009-07-02,1083.7199705829087
2009-07-03,1084.1751370716272
2009-07-06,1082.261087631638
2009-07-07,1081.3631234797324
2009-07-08,1081.0317637559128
2009-07-09,1081.7485323279316
2009-07-10,1081.8021845597125
2009-07-13,1084.460570561759
2009-07-14,1083.726475240001
2009-07-15,1085.4804342829545
2009-07-16,1086.5737185960206
2009-07-17,1085.114124180068
2009-07-20,1090.070208709229
2009-07-21,1093.3484636595824
2009-07-22,1092.606160709275
2009-07-23,1091.305728339135
2009-07-24,1092.8797374257972
2009-07-27,1092.05360784634
2009-07-28,1089.0466114258254
2009-07-29,1087.404455081053
2009-07-30,1091.5831961705398
2009-07-31,1102.2186770218036
2009-08-03,1101.833775067018
2009-08-04,1102.6588111085098
2009-08-05,1112.5080404530995
2009-08-06,1112.058088769174
2009-08-07,1109.9215391381042
2009-08-10,1109.8653848136753
2009-08-11,1110.1435275544463
2009-08-12,1110.0557817490417
2009-08-13,1116.9534158926367
2009-08-14,1115.1631504877887
2009-08-17,1111.7764349132783
2009-08-18,1112.6970235721824
2009-08-19,1116.0467788011683
2009-08-20,1121.3566800825383
2009-08-21,1123.1666790143381
2009-08-24,1123.0545881614723
2009-08-25,1125.1267054047444
2009-08-26,1126.0180037430282
2009-08-27,1126.5510439316906
2009-08-28,1129.0049458906255
2009-08-31,1127.2135872366862
2009-09-01,1125.0978388730405
2009-09-02,1132.5178072617598
2009-09-03,1114.1571090364696
2009-09-04,1112.8810361556546
2009-09-08,1112.478588560844
2009-09-09,1112.3122413170163
2009-09-10,1117.7927201619812
2009-09-11,1121.1112187505119
2009-09-14,1118.0569764668817
2009-09-15,1119.980891258768
2009-09-16,1124.0707734575474
2009-09-17,1124.7538196055584
2009-09-18,1121.1803388095234
2009-09-21,1120.5912999316467
2009-09-22,1124.5858960005094
2009-09-23,1122.41442898295
2009-09-24,1118.7178305997843
2009-09-25,1118.8019416938494
2009-09-28,1126.869001691782
2009-09-29,1127.2627802231898
2009-09-30,1131.1807344865324
2009-10-01,1127.899286293505
2009-10-02,1127.4534050583018
2009-10-05,1115.0448246615933
2009-10-06,1124.7316739051726
2009-10-07,1127.301574185371
2009-10-08,1129.281766377768
2009-10-09,1124.1809053764023
2009-10-12,1126.7256895527566
2009-10-13,1129.0455818292492
2009-10-14,1128.225630344045
2009-10-15,1124.738892251533
2009-10-16,1125.9883007214771
2009-10-19,1130.604075455095
2009-10-20,1129.0347174035633
2009-10-21,1127.763382401659
2009-10-22,1128.5558950282675
2009-10-23,1124.8288522268713
2009-10-26,1117.633531718263
2009-10-27,1119.5084923720603
2009-10-28,1115.7711262063558
2009-10-29,1120.7493644814767
2009-10-30,1119.6181045568865
2009-11-02,1122.2017166261894
2009-11-03,1126.8418261214424
2009-11-04,1096.3566877399862
2009-11-05,1098.2107869154806
2009-11-06,1099.808628319455
2009-11-09,1104.2814885953846
2009-11-10,1104.455505178522
2009-11-11,1108.6653684174007
2009-11-12,1103.9627321505418
2009-11-13,1108.8901763119895
2009-11-16,1116.8411843068366
2009-11-17,1118.6413225059373
2009-11-18,1118.3081604117613
2009-11-19,1117.2633641792247
2009-11-20,1118.3624018037667
2009-11-23,1123.6254594729
2009-11-24,1125.9229707722707
2009-11-25,1131.5392840352224
2009-11-27,1126.7221979478215
2009-11-30,1128.8549424791531
2009-12-01,1131.050538074377
2009-12-02,1135.2136320569216
2009-12-03,1121.3042736065916
2009-12-04,1108.3616906454781
2009-12-07,1107.2061269770973
2009-12-08,1101.259622151087
2009-12-09,1100.612199568681
2009-12-10,1099.4777707053504
2009-12-11,1096.2726691104808
2009-12-14,1099.2244776716552
2009-12-15,1093.6789577099537
2009-12-16,1097.0120305913385
2009-12-17,1088.4492724740642
2009-12-18,1091.4832922465384
2009-12-21,1085.0227105122933
2009-12-22,1082.5937964100217
2009-12-23,1083.7422918802952
2009-12-24,1086.8033730458321
2009-12-28,1086.8678309309162
2009-12-29,1084.5632819070008
2009-12-30,1084.1692498524912
2009-12-31,1083.059677196914
2010-01-04,1092.7019967029769
2010-01-05,1094.4506761791226
2010-01-06,1111.3410467330705
2010-01-07,1110.4524253738357
2010-01-08,1112.1682506595535
2010-01-11,1114.9973524070506
2010-01-12,1111.083897126356
2010-01-13,1112.6461565508885
2010-01-14,1116.2143055136144
2010-01-15,1113.263917334421
2010-01-19,1118.609034128736
2010-01-20,1113.0105165208647
2010-01-21,1108.0181587246864
2010-01-22,1104.9259953965854
2010-01-25,1105.4021673748025
2010-01-26,1105.1877991212862
2010-01-27,1098.6681886387034
2010-01-28,1097.2855359369753
2010-01-29,1096.3307069702892
2010-02-01,1102.1621221842086
2010-02-02,1107.767306395518
2010-02-03,1080.8102824061762
2010-02-04,1070.01077567326
2010-02-05,1071.4900436824964
2010-02-08,1069.3393593104806
2010-02-09,1072.1941302092525
2010-02-10,1069.7720518826031
2010-02-11,1074.7586585639883
2010-02-12,1075.1776812175892
2010-02-16,1083.0671252457114
2010-02-17,1080.976747272037
2010-02-18,1082.6336605639547
2010-02-19,1082.4135931309613
2010-02-22,1080.983093381438
2010-02-23,1079.274540948337
2010-02-24,1079.5026357400145
2010-02-25,1082.459234582638
2010-02-26,1086.8145327583766
2010-03-01,1087.2845180965537
2010-03-02,1091.0348871393942
2010-03-03,1088.1763943275428
2010-03-04,1087.4048660690778
2010-03-05,1086.9385215750412
2010-03-08,1084.0139805983406
2010-03-09,1083.9737407030068
2010-03-10,1081.234687966607
2010-03-11,1082.3634441359552
2010-03-12,1081.8012360196349
2010-03-15,1082.6292098499127
2010-03-16,1089.3970312187394
2010-03-17,1088.8998553643669
2010-03-18,1089.9840880446131
2010-03-19,1084.2417598259594
2010-03-22,1083.8682541046758
2010-03-23,1085.2546407391258
2010-03-24,1077.1884799339907
2010-03-25,1077.236610361553
2010-03-26,1081.7865485306747
2010-03-29,1084.3757798217944
2010-03-30,1083.0868865983641
2010-03-31,1086.0024007579927
2010-04-01,1088.724479053342
2010-04-05,1095.932707628263
2010-04-06,1109.6604437606313
2010-04-07,1114.328742159076
2010-04-08,1115.1347480009267
2010-04-09,1118.5503300373616
2010-04-12,1118.124449140224
2010-04-13,1117.9118060085702
2010-04-14,1119.0502318861502
2010-04-15,1120.8325686668375
2010-04-16,1114.6576781203046
2010-04-19,1114.4114848100596
2010-04-20,1117.2193762745608
2010-04-21,1120.1378402977548
2010-04-22,1119.3462607294828
2010-04-23,1122.6588987161672
2010-04-26,1121.3512995042483
2010-04-27,1125.0685279385661
2010-04-28,1123.9624404499493
2010-04-29,1127.585429288872
2010-04-30,1129.8431412767136
2010-05-03,1131.2501820244147
2010-05-04,1129.1631552128629
2010-05-05,1117.306585856862
2010-05-06,1117.3756896942975
2010-05-07,1113.2078295927242
2010-05-10,1119.1131626989677
2010-05-11,1125.5325924318454
2010-05-12,1127.6916611677002
2010-05-13,1125.3679992712407
2010-05-14,1125.6035938371363
2010-05-17,1122.7459706262518
2010-05-18,1123.9584365711844
2010-05-19,1117.2248275786985
2010-05-20,1114.594997575245
2010-05-21,1110.0375989093175
2010-05-24,1111.7675474953546
2010-05-25,1113.813910022276
2010-05-26,1115.1230286873065
2010-05-27,1116.7421981905882
2010-05-28,1116.7668507792682
2010-06-01,1117.6998556927656
2010-06-02,1118.6440450212897
2010-06-03,1117.6765279769668
2010-06-04,1122.810254862872
2010-06-07,1127.867671661778
2010-06-08,1127.0912234446153
2010-06-09,1125.3497972721302
2010-06-10,1121.8599728385827
2010-06-11,1126.8635653087383
2010-06-14,1124.9938324832954
2010-06-15,1129.9621986452355
2010-06-16,1129.3286698975235
2010-06-17,1134.4441745212491
2010-06-18,1135.9174186401224
2010-06-21,1129.5955562932195
2010-06-22,1132.087840813796
2010-06-23,1131.7804937990782
2010-06-24,1129.8527110897285
2010-06-25,1134.3305158252701
2010-06-28,1131.7492369462325
2010-06-29,1126.250836121425
2010-06-30,1127.2411790905405
2010-07-01,1115.767790418225
2010-07-02,1117.2219489605507
2010-07-05,1116.0343651869923
2010-07-06,1099.919265110746
2010-07-07,1104.0459988947828
2010-07-08,1102.9109543095951
2010-07-09,1105.3779285186931
2010-07-12,1103.073478049891
2010-07-13,1105.5781847337653
2010-07-14,1107.1533354694034
2010-07-15,1108.6396629496232
2010-07-16,1102.9648251132458
2010-07-19,1100.4093032284209
2010-07-20,1103.9994319686853
2010-07-21,1103.5397004409701
2010-07-22,1106.3193248187727
2010-07-23,1103.7307943614132
2010-07-26,1103.261425501015
2010-07-27,1097.0409544552651
2010-07-28,1097.586177540927
2010-07-29,1098.2793191128121
2010-07-30,1107.2681297714298
2010-08-02,1106.9650932345662
2010-08-03,1108.465892242672
2010-08-04,1117.6802276093883
2010-08-05,1119.0651339827427
2010-08-06,1122.3255765572922
2010-08-09,1121.245003285021
2010-08-10,1121.7911872046145
2010-08-11,1119.977585631621
2010-08-12,1122.1338989278563
2010-08-13,1123.737250065059
2010-08-16,1133.0930413083856
2010-08-17,1135.5188896283134
2010-08-18,1137.2756344773566
2010-08-19,1138.3803292348543
2010-08-20,1136.8245273034186
2010-08-23,1136.0280475088712
2010-08-24,1138.5734836477554
2010-08-25,1140.5725501055995
2010-08-26,1140.5531085240723
2010-08-27,1138.3268754334342
2010-08-30,1139.9355573173698
2010-08-31,1144.5661911577324
2010-09-01,1142.5485555785995
2010-09-02,1143.1063446000437
2010-09-03,1170.2417116105225
2010-09-07,1174.4465161669918
2010-09-08,1173.7962528286782
2010-09-09,1168.2192048600612
2010-09-10,1168.40251254052
2010-09-13,1170.3291184553063
2010-09-14,1177.4263427297853
2010-09-15,1175.2441289906808
2010-09-16,1175.2124583509305
2010-09-17,1175.1394875926408
2010-09-20,1178.5768455000405
2010-09-21,1183.3217319308087
2010-09-22,1184.659157552642
2010-09-23,1184.461999544697
2010-09-24,1185.4140075118446
2010-09-27,1187.8383615565697
2010-09-28,1192.0055355651814
2010-09-29,1191.2947354157309
2010-09-30,1190.7674517464613
2010-10-01,1192.0077567178073
2010-10-04,1190.5641552304428
2010-10-05,1225.743549928066
2010-10-06,1229.7146919075528
2010-10-07,1225.0057279492983
2010-10-08,1227.8703645727373
2010-10-11,1229.4736189705277
2010-10-12,1227.3268340219731
2010-10-13,1232.8218137159724
2010-10-14,1231.3789350402628
2010-10-15,1227.2543553569249
2010-10-18,1230.5362068036334
2010-10-19,1219.2535000398361
2010-10-20,1227.1095738007139
2010-10-21,1221.2334582613616
2010-10-22,1224.524088377179
2010-10-25,1227.9316868773637
2010-10-26,1225.3718208825146
2010-10-27,1220.4489268186135
2010-10-28,1225.0224273326176
2010-10-29,1231.401781377983
2010-11-01,1228.59324250275
2010-11-02,1232.8425399134712
2010-11-03,1234.5781088699
2010-11-04,1248.3489420936394
2010-11-05,1246.7564954695931
2010-11-08,1250.3528619673352
2010-11-09,1240.808135532272
2010-11-10,1245.3644635804253
2010-11-11,1245.5499272375882
2010-11-12,1234.2075032655807
2010-11-15,1227.8553388549794
2010-11-16,1211.2783456627863
2010-11-17,1209.2421531239484
2010-11-18,1217.690637235732
2010-11-19,1219.1313161664668
2010-11-22,1222.7497546754896
2010-11-23,1223.9780270930746
2010-11-24,1222.1777480539913
2010-11-26,1220.5476145688767
2010-11-29,1223.125633032333
2010-11-30,1227.7377904569958
2010-12-01,1227.1204842780467
2010-12-02,1227.8630483829152
2010-12-03,1246.6586680108076
2010-12-06,1251.13034785918
2010-12-07,1241.686783781419
2010-12-08,1236.5516173348524
2010-12-09,1239.0751886920589
2010-12-10,1238.9228860439036
2010-12-13,1241.1166708484811
2010-12-14,1239.2739616157974
2010-12-15,1233.3606558888177
2010-12-16,1233.0941431031188
2010-12-17,1236.2518818934034
2010-12-20,1238.5071402198887
2010-12-21,1240.7833166665957
2010-12-22,1239.4540244267846
2010-12-23,1237.8838347971332
2010-12-27,1240.1698838943494
2010-12-28,1241.621718676452
2010-12-29,1245.6606911486033
2010-12-30,1243.7419742349339
2010-12-31,1249.4525419115387
2011-01-03,1247.9472860927717
2011-01-04,1240.5211350304457
2011-01-05,1252.8324158990263
2011-01-06,1252.1394674469125
2011-01-07,1252.3099546563026
2011-01-10,1254.27565027305
2011-01-11,1255.6267406683528
2011-01-12,1263.639816824979
2011-01-13,1261.5504593279297
2011-01-14,1258.3988434942091
2011-01-18,1259.6079474977696
2011-01-19,1260.1226011505476
2011-01-20,1251.9272977928558
2011-01-21,1253.0270115660726
2011-01-24,1255.1051589225817
2011-01-25,1256.087437952409
2011-01-26,1256.6116466645353
2011-01-27,1250.2438437818391
2011-01-28,1254.2151926410938
2011-01-31,1253.098059736189
2011-02-01,1260.758862234998
2011-02-02,1259.6400155899
2011-02-03,1269.278722546865
2011-02-04,1266.8157972322285
2011-02-07,1268.3653128288472
2011-02-08,1270.8227251078342
2011-02-09,1271.7059931525837
2011-02-10,1269.5163143741406
2011-02-11,1271.1506690124957
2011-02-14,1273.0216372124105
2011-02-15,1278.2505296853758
2011-02-16,1278.918303273332
2011-02-17,1281.8982827096793
2011-02-18,1282.6385094753828
2011-02-22,1284.2474218436605
2011-02-23,1286.7347490694133
2011-02-24,1285.2747143978117
2011-02-25,1292.330410644775
2011-02-28,1294.0499964790301
2011-03-01,1297.1921519400166
2011-03-02,1294.8539903554183
2011-03-03,1290.6334618930373
2011-03-04,1294.0742889733249
2011-03-07,1292.8300824500998
2011-03-08,1292.2250790786288
2011-03-09,1293.6582067599616
2011-03-10,1290.0068416369645
2011-03-11,1293.5270764759484
2011-03-14,1294.2167914242477
2011-03-15,1288.8663418787623
2011-03-16,1282.9313283518218
2011-03-17,1285.871556573216
2011-03-18,1289.3407984222763
2011-03-21,1297.0158042422886
2011-03-22,1296.8150167726117
2011-03-23,1299.9909557751484
2011-03-24,1297.4309065412008
2011-03-25,1297.4509971469329
2011-03-28,1295.6029282125135
2011-03-29,1294.537006663381
2011-03-30,1297.7898966940647
2011-03-31,1299.95568833256
2011-04-01,1299.0991440815708
2011-04-04,1300.8843457455396
2011-04-05,1330.3160765186647
2011-04-06,1329.278321553717
2011-04-07,1329.0500587803788
2011-04-08,1330.407225510235
2011-04-11,1327.759076346541
2011-04-12,1326.1929772114784
2011-04-13,1329.0359917281558
2011-04-14,1333.286781419401
2011-04-15,1338.500286975252
2011-04-18,1339.4007739832464
2011-04-19,1340.8439423580771
2011-04-20,1354.7022421019751
2011-04-21,1355.781907305994
2011-04-25,1356.5219504236416
2011-04-26,1358.1554564415537
2011-04-27,1364.0598842468014
2011-04-28,1367.0822345353556
2011-04-29,1373.8288277498416
2011-05-02,1368.55687159528
2011-05-03,1367.7358628722282
2011-05-04,1362.4371519760066
2011-05-05,1352.8586518215282
2011-05-06,1357.0198722093246
2011-05-09,1366.2039809395715
2011-05-10,1367.3317042603248
2011-05-11,1357.9447950723866
2011-05-12,1357.67097511167
2011-05-13,1355.8425077304012
2011-05-16,1355.3056396879276
2011-05-17,1355.430684241322
2011-05-18,1359.5358667256999
2011-05-19,1364.1277878361566
2011-05-20,1367.4191600324743
2011-05-23,1367.3882012503072
2011-05-24,1369.610084749697
2011-05-25,1369.3765551790639
2011-05-26,1374.5608526725043
2011-05-27,1378.4822396211919
2011-05-31,1380.1111530567869
2011-06-01,1379.1691920921367
2011-06-02,1374.9915659421404
2011-06-03,1378.1943137046715
2011-06-06,1376.2322810767323
2011-06-07,1376.829932890088
2011-06-08,1376.1017429322653
2011-06-09,1377.7139959745932
2011-06-10,1374.159280472063
2011-06-13,1364.101786318161
2011-06-14,1365.3435538985352
2011-06-15,1367.049943474672
2011-06-16,1367.7160814364302
2011-06-17,1368.993449802048
2011-06-20,1369.49966017926
2011-06-21,1372.2862261943906
2011-06-22,1372.0850084464532
2011-06-23,1366.8774074591345
2011-06-24,1359.996301072414
2011-06-27,1357.6333894168952
2011-06-28,1363.5046293019661
2011-06-29,1365.784716250832
2011-06-30,1364.075546806309
2011-07-01,1362.6671182793596
2011-07-05,1375.3747839296261
2011-07-06,1407.7943873599668
2011-07-07,1409.1652779992592
2011-07-08,1413.0875090356358
2011-07-11,1409.8763586147297
2011-07-12,1412.5332509622453
2011-07-13,1416.6118126345
2011-07-14,1414.314035532979
2011-07-15,1416.9026547686522
2011-07-18,1417.4653117328405
2011-07-19,1418.407393024122
2011-07-20,1419.5544872991672
2011-07-21,1417.4140615410531
2011-07-22,1421.660266889534
2011-07-25,1421.9469330607049
2011-07-26,1423.5687889993596
2011-07-27,1419.3831750123
2011-07-28,1419.9672570313633
2011-07-29,1424.5262400159277
2011-08-01,1423.5555155783336
2011-08-02,1427.764627267311
2011-08-03,1409.399267568195
2011-08-04,1407.4151471014322
2011-08-05,1404.8536256146722
2011-08-08,1414.5547680583013
2011-08-09,1423.9760288112461
2011-08-10,1437.6608110241375
2011-08-11,1425.0413742721507
2011-08-12,1427.3692781483473
2011-08-15,1432.3512472827351
2011-08-16,1438.9848684356498
2011-08-17,1443.255276116066
2011-08-18,1449.186261853393
2011-08-19,1453.8652292540442
2011-08-22,1464.1898855818959
2011-08-23,1449.4585847065086
2011-08-24,1432.214025127705
2011-08-25,1433.9763609751087
2011-08-26,1449.2081297455115
2011-08-29,1441.9400671954704
2011-08-30,1459.7035435144987
2011-08-31,1454.3595426929596
2011-09-01,1456.4799202575268
2011-09-02,1471.359612431656
2011-09-05,1464.9777159237433
2011-09-06,1474.1424967114592
2011-09-07,1460.535524299386
2011-09-08,1465.8866753263571
2011-09-09,1462.1451193407079
2011-09-12,1453.6973993791407
2011-09-13,1456.503226928979
2011-09-14,1456.6239884702338
2011-09-15,1449.4634036683963
2011-09-16,1454.6569668066206
2011-09-19,1450.6766656092627
2011-09-20,1456.934144981351
2011-09-21,1454.2526757668481
2011-09-22,1447.1608771257797
2011-09-23,1422.8400985599376
2011-09-26,1417.2802842911465
2011-09-27,1422.6472886798442
2011-09-28,1409.9178865364433
2011-09-29,1415.5987194322097
2011-09-30,1418.3280301270484
2011-10-03,1426.546001928062
2011-10-04,1418.7242930398163
2011-10-05,1405.921444130814
2011-10-06,1406.7520682844406
2011-10-07,1401.4646169556056
2011-10-10,1412.002992236567
2011-10-11,1408.8781870184666
2011-10-12,1409.8951384872967
2011-10-13,1409.3114421042826
2011-10-14,1411.3042539955936
2011-10-17,1408.6541621148735
2011-10-18,1408.081752124206
2011-10-19,1402.0535739434806
2011-10-20,1396.4436408358256
2011-10-21,1400.8222073039638
2011-10-24,1406.133175377236
2011-10-25,1421.9988833371453
2011-10-26,1424.0802669689956
2011-10-27,1427.989712629638
2011-10-28,1429.1638073037275
2011-10-31,1428.02694481249
2011-11-01,1430.2486844685402
2011-11-02,1433.7787530778808
2011-11-03,1459.0884195757208
2011-11-04,1456.5249987508134
2011-11-07,1468.0015971140256
2011-11-08,1463.8659669410486
2011-11-09,1459.608685127103
2011-11-10,1455.8216149059804
2011-11-11,1463.487234765645
2011-11-14,1463.586484861877
2011-11-15,1464.3095694029432
2011-11-16,1459.69981481539
2011-11-17,1449.075883683428
2011-11-18,1450.0409968042954
2011-11-21,1439.3432416090802
2011-11-22,1445.2198026485594
2011-11-23,1443.3773225308519
2011-11-25,1436.9844119914897
2011-11-28,1447.780503453837
2011-11-29,1447.1238846187564
2011-11-30,1456.6242941291803
2011-12-01,1453.9595554043462
2011-12-02,1456.8952157244044
2011-12-05,1486.637620197814
2011-12-06,1486.8394436128729
2011-12-07,1490.8623724314298
2011-12-08,1482.5283559650434
2011-12-09,1481.6888470650117
2011-12-12,1471.7435687020225
2011-12-13,1464.1734842858218
2011-12-14,1453.610471194214
2011-12-15,1452.0221460820862
2011-12-16,1460.4577329737958
2011-12-19,1460.7882915620544
2011-12-20,1464.3345436399127
2011-12-21,1462.2301832913677
2011-12-22,1461.553032123532
2011-12-23,1461.20474108181
2011-12-27,1458.2417579672788
2011-12-28,1451.173237461703
2011-12-29,1451.2653067621968
2011-12-30,1455.1599646017623
2012-01-03,1463.232226821199
2012-01-04,1454.898341499619
2012-01-05,1468.320614954162
2012-01-06,1468.1192221211634
2012-01-09,1467.6818263669963
2012-01-10,1473.7490992011444
2012-01-11,1479.0000446160386
2012-01-12,1480.7493643559446
2012-01-13,1479.3703447873022
2012-01-17,1483.8890012281786
2012-01-18,1485.5761614196995
2012-01-19,1482.5880272138982
2012-01-20,1482.8634382624127
2012-01-23,1483.9096690340284
2012-01-24,1481.3115317273864
2012-01-25,1492.8236360041856
2012-01-26,1499.6683145889604
2012-01-27,1504.4013411962528
2012-01-30,1503.9404756940553
2012-01-31,1509.3418674178588
2012-02-01,1508.2295529660878
2012-02-02,1512.4315605896277
2012-02-03,1525.4326503727284
2012-02-06,1526.151627947756
2012-02-07,1530.1204852227909
2012-02-08,1527.7857307724905
2012-02-09,1525.2475798321998
2012-02-10,1525.1570963963243
2012-02-13,1527.2869463790769
2012-02-14,1527.24852774191
2012-02-15,1528.636961253376
2012-02-16,1528.3157273886627
2012-02-17,1527.0328901195749
2012-02-21,1533.7852137024374
2012-02-22,1542.271325690932
2012-02-23,1543.0890937953905
2012-02-24,1542.746511788957
2012-02-27,1543.5072642346208
2012-02-28,1547.660132290334
2012-02-29,1523.4941448676286
2012-03-01,1527.479012635961
2012-03-02,1528.2631072766758
2012-03-05,1533.569451540899
2012-03-06,1520.4710884513975
2012-03-07,1522.4760049456904
2012-03-08,1539.2639040160045
2012-03-09,1542.894659800489
2012-03-12,1539.7073896817474
2012-03-13,1532.0708297782644
2012-03-14,1520.173568025517
2012-03-15,1525.0931447659975
2012-03-16,1525.6464427144147
2012-03-19,1518.218250762422
2012-03-20,1514.9414904701339
2012-03-21,1517.1080007297264
2012-03-22,1515.1022569736438
2012-03-23,1522.1734680121763
2012-03-26,1541.6267210849132
2012-03-27,1542.3707396708942
2012-03-28,1537.1080531412279
2012-03-29,1537.7931673642606
2012-03-30,1537.1570991580231
2012-04-02,1540.7939647955282
2012-04-03,1529.3353917056018
2012-04-04,1507.4769579112726
2012-04-05,1511.5078334029263
2012-04-09,1517.001756269282
2012-04-10,1521.0233133682532
2012-04-11,1519.7182342116366
2012-04-12,1528.6562701740627
2012-04-13,1525.5738181230238
2012-04-16,1524.2409858903488
2012-04-17,1523.3013531421689
2012-04-18,1521.0810301969982
2012-04-19,1520.625694472946
2012-04-20,1521.1731712575252
2012-04-23,1520.2713701621458
2012-04-24,1519.9199695266052
2012-04-25,1526.6062678485594
2012-04-26,1532.278991992407
2012-04-27,1533.507748672433
2012-04-30,1534.2548278238405
2012-05-01,1532.2565451176242
2012-05-02,1531.4452479435417
2012-05-03,1532.1978545416787
2012-05-04,1532.624060412706
2012-05-07,1531.8174349084975
2012-05-08,1524.8339387298884
2012-05-09,1520.366151666438
2012-05-10,1520.7812796838275
2012-05-11,1519.086189807214
2012-05-14,1514.880323216148
2012-05-15,1504.6255465527065
2012-05-16,1503.9749926496343
2012-05-17,1507.1956266351808
2012-05-18,1510.3160292225477
2012-05-21,1512.5261700669655
2012-05-22,1504.126195551842
2012-05-23,1504.6031914140322
2012-05-24,1503.5159720630193
2012-05-25,1506.998801594871
2012-05-29,1503.9945108304116
2012-05-30,1509.4570004802822
2012-05-31,1510.9792091220422
2012-06-01,1526.3751601342142
2012-06-04,1524.1046403794257
2012-06-05,1498.0825775411145
2012-06-06,1496.9677862814515
2012-06-07,1490.7723556523465
2012-06-08,1492.4042556566596
2012-06-11,1493.0944283014383
2012-06-12,1495.3527380485275
2012-06-13,1498.118919324589
2012-06-14,1500.8954706120448
2012-06-15,1503.0774235604763
2012-06-18,1504.691965361948
2012-06-19,1501.3732695115154
2012-06-20,1499.2428863481978
2012-06-21,1487.5357236770378
2012-06-22,1487.293822472163
2012-06-25,1490.8167163802923
2012-06-26,1487.8658335315092
2012-06-27,1489.9897802874314
2012-06-28,1485.803419293351
2012-06-29,1496.6029915333322
2012-07-02,1498.531913166864
2012-07-03,1503.56828094829
2012-07-04,1500.101091062632
2012-07-05,1526.352225122233
2012-07-06,1522.214552584092
2012-07-09,1524.7373512783413
2012-07-10,1519.3234647515956
2012-07-11,1521.6767271138465
2012-07-12,1521.5929018328666
2012-07-13,1530.0885258650069
2012-07-16,1530.992207853593
2012-07-17,1528.437714877432
2012-07-18,1528.6550909231833
2012-07-19,1529.3194555498958
2012-07-20,1531.3617143217825
2012-07-23,1529.5885377004843
2012-07-24,1531.2496200477806
2012-07-25,1537.1025576946383
2012-07-26,1543.2899825985617
2012-07-27,1543.5378242938168
2012-07-30,1544.9772391322967
2012-07-31,1542.1343537353666
2012-08-01,1537.0868168077386
2012-08-02,1537.2565820059922
2012-08-03,1580.6120357655386
2012-08-06,1582.827333690837
2012-08-07,1580.666023112583
2012-08-08,1580.1389054327024
2012-08-09,1581.3536886854013
2012-08-10,1583.169781327305
2012-08-13,1578.4178492225842
2012-08-14,1573.4233879819035
2012-08-15,1571.7965630345639
2012-08-16,1573.3837431365182
2012-08-17,1574.997251808035
2012-08-20,1576.7448510024135
2012-08-21,1579.600253669945
2012-08-22,1587.346164419152
2012-08-23,1590.2871585135692
2012-08-24,1591.1875683132916
2012-08-27,1594.1288042261897
2012-08-28,1595.1879220146943
2012-08-29,1591.8198300408487
2012-08-30,1591.6811337999898
2012-08-31,1604.5077293394206
2012-09-04,1604.2640014431706
2012-09-05,1603.3577081436936
2012-09-06,1611.4701228805634
2012-09-07,1619.7480411934316
2012-09-10,1616.547784638949
2012-09-11,1610.3154090820744
2012-09-12,1608.2424142906846
2012-09-13,1618.075940637643
2012-09-14,1607.61207414703
2012-09-17,1606.0876321216933
2012-09-18,1610.204946159981
2012-09-19,1611.6814189781292
2012-09-20,1611.5079518035122
2012-09-21,1612.05616687876
2012-09-24,1611.2424605009187
2012-09-25,1610.9208754403155
2012-09-26,1610.0186352345213
2012-09-27,1616.1181418608512
2012-09-28,1614.5020384244199
2012-10-01,1613.9417363674706
2012-10-02,1613.3018305334772
2012-10-03,1608.6008779404729
2012-10-04,1609.9965255553752
2012-10-05,1604.824554463938
2012-10-08,1604.6562071985354
2012-10-09,1600.1652620979994
2012-10-10,1603.277851852145
2012-10-11,1605.955104905715
2012-10-12,1602.9737537464607
2012-10-15,1599.2383777834052
2012-10-16,1603.6330030683523
2012-10-17,1602.6242201407485
2012-10-18,1599.1544636773106
2012-10-19,1594.9024396405957
2012-10-22,1595.0241082550865
2012-10-23,1590.6743720091854
2012-10-24,1586.79734548321
2012-10-25,1588.9440503999615
2012-10-26,1591.7018188058505
2012-10-31,1593.3991143325143
2012-11-01,1592.3656437723864
2012-11-02,1582.4026330440306
2012-11-05,1589.3987761601372
2012-11-06,1596.0191367168673
2012-11-07,1596.8996926735658
2012-11-08,1601.8723404491684
2012-11-09,1601.8255824307962
2012-11-12,1601.4010758438842
2012-11-13,1600.7692912527814
2012-11-14,1604.340206821469
2012-11-15,1601.1178638092774
2012-11-16,1601.1379129791062
2012-11-19,1610.596402510519
2012-11-20,1607.3156902632834
2012-11-21,1607.8692538845053
2012-11-23,1614.6805279616824
2012-11-26,1613.0752131273457
2012-11-27,1611.405067500018
2012-11-28,1607.0792414763935
2012-11-29,1609.3546913622108
2012-11-30,1606.078144533709
2012-12-03,1605.2754025226968
2012-12-04,1602.1375342105894
2012-12-05,1613.691414537846
2012-12-06,1615.5873365131706
2012-12-07,1615.692631612218
2012-12-10,1618.234303587916
2012-12-11,1625.6482640037993
2012-12-12,1623.5492661746011
2012-12-13,1619.3583279548873
2012-12-14,1624.1075277019147
2012-12-17,1623.4674554140324
2012-12-18,1617.2443566791362
2012-12-19,1615.8580185412463
2012-12-20,1611.999018910426
2012-12-21,1613.2243743692284
2012-12-24,1613.084243487654
2012-12-26,1613.0817612087458
2012-12-27,1614.5550515159457
2012-12-28,1612.6000231174266
2012-12-31,1619.2354815300764
2013-01-02,1623.1458551808512
2013-01-03,1629.166437051249
2013-01-04,1637.3879223271656
2013-01-07,1634.4122578500967
2013-01-08,1638.2845328316168
2013-01-09,1638.3864494319232
2013-01-10,1651.1010130501845
2013-01-11,1650.607313718845
2013-01-14,1651.1376986252496
2013-01-15,1654.89692397343
2013-01-16,1655.563766968785
2013-01-17,1656.2659477573625
2013-01-18,1657.6323992978062
2013-01-22,1660.4983784144783
2013-01-23,1659.2573834967038
2013-01-24,1653.9172387556978
2013-01-25,1649.8390975242983
2013-01-28,1647.8661673252984
2013-01-29,1650.1324607334877
2013-01-30,1652.2611650167769
2013-01-31,1650.3312599057072
2013-02-01,1649.4536906925523
2013-02-04,1651.6545375267226
2013-02-05,1672.8113193620215
2013-02-06,1675.80515222916
2013-02-07,1673.6859293562952
2013-02-08,1676.322889597474
2013-02-11,1671.2367561997603
2013-02-12,1673.9225679863155
2013-02-13,1670.1624004294285
2013-02-14,1670.4251209693907
2013-02-15,1662.9365637210967
2013-02-19,1662.0548956226933
2013-02-20,1650.4580462716776
2013-02-21,1653.749709451032
2013-02-22,1656.4728055024639
2013-02-25,1660.9200612990337
2013-02-26,1665.733961804377
2013-02-27,1663.2367388805628
2013-02-28,1659.214633883014
2013-03-01,1659.0413832344198
2013-03-04,1658.4431504869526
2013-03-05,1660.448814524288
2013-03-06,1660.9310241655385
2013-03-07,1658.1873245221645
2013-03-08,1656.8238360610922
2013-03-11,1658.3980680904046
2013-03-12,1662.6414571100674
2013-03-13,1661.264972739401
2013-03-14,1661.6292212317699
2013-03-15,1662.470372123543
2013-03-18,1666.6860602074503
2013-03-19,1662.4136366950622
2013-03-20,1664.8571398245367
2013-03-21,1667.6511768616724
2013-03-22,1667.7066620353503
2013-03-25,1665.9664558425138
2013-03-26,1666.3075076467483
2013-03-27,1669.8092388778884
2013-03-28,1666.991151688307
2013-04-01,1667.920592988551
2013-04-02,1662.140130503769
2013-04-03,1654.1564263526898
2013-04-04,1666.759412759904
2013-04-05,1676.8675244889594
2013-04-08,1676.9717201276903
2013-04-09,1680.094377301069
2013-04-10,1672.568072918984
2013-04-11,1674.351278451702
2013-04-12,1658.810927664882
2013-04-15,1623.8856977701462
2013-04-16,1628.519131852052
2013-04-17,1631.191418659981
2013-04-18,1634.325217502365
2013-04-19,1638.4052659981314
2013-04-22,1645.024243467186
2013-04-23,1643.4238724396919
2013-04-24,1647.9690713298498
2013-04-25,1656.1462600295372
2013-04-26,1656.030831286624
2013-04-29,1660.0575223544142
2013-04-30,1661.8114337962118
2013-05-01,1657.7339544438921
2013-05-02,1661.2230229472416
2013-05-03,1691.5457915551397
2013-05-06,1691.625546094063
2013-05-07,1687.1349038272365
2013-05-08,1693.7172214185446
2013-05-09,1688.3482846615352
2013-05-10,1675.951829079287
2013-05-13,1671.3908874854624
2013-05-14,1669.3994067740282
2013-05-15,1663.6232621832148
2013-05-16,1663.5844687378199
2013-05-17,1654.8493770765303
2013-05-20,1665.0731514566532
2013-05-21,1661.2193981684
2013-05-22,1654.154704722047
2013-05-23,1661.5435445046926
2013-05-24,1659.436069609002
2013-05-28,1654.3952335979989
2013-05-29,1658.9423014370368
2013-05-30,1664.0044851619614
2013-05-31,1645.9382422098056
2013-06-03,1654.2739717318927
2013-06-04,1648.1502532493498
2013-06-05,1616.6144061514408
2013-06-06,1620.7408171706427
2013-06-07,1624.470102765148
2013-06-10,1625.1397361705313
2013-06-11,1623.8221873109655
2013-06-12,1621.9036727415155
2013-06-13,1626.6479169885192
2013-06-14,1626.8912242840229
2013-06-17,1625.5356811962542
2013-06-18,1625.2842145974732
2013-06-19,1616.3805255199295
2013-06-20,1590.3562113481926
2013-06-21,1590.1977948255785
2013-06-24,1578.5519956840985
2013-06-25,1577.299198608854
2013-06-26,1560.644129065823
2013-06-27,1557.772928562498
2013-06-28,1566.550282783744
2013-07-01,1572.827761774042
2013-07-02,1569.759075157114
2013-07-03,1595.7818856170015
2013-07-05,1583.9553574382685
2013-07-08,1590.6668034064364
2013-07-09,1595.0581668596974
2013-07-10,1594.4613149332413
2013-07-11,1607.9269447957206
2013-07-12,1607.4591187126362
2013-07-15,1611.8356904163388
2013-07-16,1613.642273755666
2013-07-17,1610.4957093127277
2013-07-18,1610.8487155019543
2013-07-19,1617.1863472372568
2013-07-22,1627.4922433919487
2013-07-23,1628.4795469492235
2013-07-24,1619.435149685325
2013-07-25,1623.4704821785338
2013-07-26,1625.1726889660836
2013-07-29,1622.3314399014741
2013-07-30,1621.374611986764
2013-07-31,1621.8025451771296
2013-08-01,1620.7881985846398
2013-08-02,1622.6893718081765
2013-08-05,1628.2112655149135
2013-08-06,1623.1753457362133
2013-08-07,1624.4823034111391
2013-08-08,1632.7169629988798
2013-08-09,1632.426024318634
2013-08-12,1638.4298293294055
2013-08-13,1632.5427457249577
2013-08-14,1635.0979912758673
2013-08-15,1636.7368722438555
2013-08-16,1637.7804733311687
2013-08-19,1633.4333967749758
2013-08-20,1636.9609880422
2013-08-21,1632.6745401967212
2013-08-22,1640.2336246167322
2013-08-23,1648.2974976544635
2013-08-26,1650.0132323039197
2013-08-27,1652.7991446721403
2013-08-28,1651.7013604492904
2013-08-29,1655.9544028215225
2013-08-30,1651.9346381965722
2013-09-03,1654.1302700276995
2013-09-04,1647.327339496724
2013-09-05,1612.5239623689467
2013-09-06,1615.9670372578453
2013-09-09,1617.2878021324636
2013-09-10,1611.7293641979065
2013-09-11,1613.9545629965842
2013-09-12,1602.7727580941598
2013-09-13,1604.3160815995197
2013-09-16,1600.7645789333885
2013-09-17,1603.355749152373
2013-09-18,1622.386654370076
2013-09-19,1625.7487280680605
2013-09-20,1614.6438914274772
2013-09-23,1614.1164410648898
2013-09-24,1616.0257125627968
2013-09-25,1618.8464189725346
2013-09-26,1615.5659364024036
2013-09-27,1618.298175643072
2013-09-30,1614.9824975308647
2013-10-01,1606.102511251826
2013-10-02,1616.4486796914314
2013-10-03,1594.1165677250126
2013-10-04,1593.67771564255
2013-10-07,1595.6614010542376
2013-10-08,1592.7340739805304
2013-10-09,1588.0796464532052
2013-10-10,1592.6309507835426
2013-10-11,1589.511489123028
2013-10-14,1589.2837413370764
2013-10-15,1590.1318370333452
2013-10-16,1594.767312458744
2013-10-17,1607.900806015617
2013-10-18,1608.1754590924274
2013-10-21,1607.9083781625402
2013-10-22,1617.4397679867106
2013-10-23,1615.511996960722
2013-10-24,1618.5207555686839
2013-10-25,1621.6422804607641
2013-10-28,1621.5911077535827
2013-10-29,1620.8725712966525
2013-10-30,1618.2563884991507
2013-10-31,1606.1305515169693
2013-11-01,1601.8457430409621
2013-11-04,1602.410820660687
2013-11-05,1587.636488357249
2013-11-06,1590.4461054424555
2013-11-07,1586.856073009422
2013-11-08,1579.9522578168908
2013-11-11,1578.2646516479313
2013-11-12,1581.4819482902444
2013-11-13,1584.8195337611082
2013-11-14,1593.5201260145793
2013-11-15,1594.9170661461476
2013-11-18,1591.748451942688
2013-11-19,1589.9274301190562
2013-11-20,1578.778170580916
2013-11-21,1580.3403145450372
2013-11-22,1583.0082136287529
2013-11-25,1584.7411815051319
2013-11-26,1583.8688585635455
2013-11-27,1583.1140711852288
2013-11-29,1586.2567987561783
2013-12-02,1575.49237389054
2013-12-03,1576.9135702088809
2013-12-04,1581.5435789923536
2013-12-05,1575.849399331762
2013-12-06,1584.6862161389531
2013-12-09,1588.6779261761205
2013-12-10,1594.7634035339688
2013-12-11,1588.464385223819
2013-12-12,1580.3846802733683
2013-12-13,1584.1231098635699
2013-12-16,1590.368984361552
2013-12-17,1586.8844135199788
2013-12-18,1586.7295077571173
2013-12-19,1578.9977579493725
2013-12-20,1584.7675281249221
2013-12-23,1583.8292934488186
2013-12-24,1584.094272835216
2013-12-26,1586.7157684026206
2013-12-27,1587.242903292476
2013-12-30,1584.042526132874
2013-12-31,1585.7050532210692
2014-01-02,1589.1895448901896
2014-01-03,1595.2355866560642
2014-01-06,1576.3904086415605
2014-01-07,1578.1623991945517
2014-01-08,1578.2818335289267
2014-01-09,1581.2261962051493
2014-01-10,1589.5838790500063
2014-01-13,1589.7537880519578
2014-01-14,1592.951922137538
2014-01-15,1593.2526567714822
2014-01-16,1596.7420675056912
2014-01-17,1599.8778169467566
2014-01-21,1597.196751706384
2014-01-22,1595.2936092898383
2014-01-23,1610.0349669612688
2014-01-24,1608.0117850973038
2014-01-27,1601.621522527933
2014-01-28,1603.435821217805
2014-01-29,1601.1141182035835
2014-01-30,1595.1600250903907
2014-01-31,1596.2733908178855
2014-02-03,1596.8147586734995
2014-02-04,1595.1223738783488
2014-02-05,1558.0953902998904
2014-02-06,1559.952354005838
2014-02-07,1565.569533365233
2014-02-10,1568.6642477291261
2014-02-11,1573.9437192431847
2014-02-12,1573.0744576355028
2014-02-13,1578.5634278354748
2014-02-14,1584.66121218499
2014-02-18,1588.6091600963362
2014-02-19,1582.913114850039
2014-02-20,1587.5477844154716
2014-02-21,1588.3624657268647
2014-02-24,1593.1073202606499
2014-02-25,1595.5091773629738
2014-02-26,1593.6178102086067
2014-02-27,1596.2367966887389
2014-02-28,1595.2966971101764
2014-03-03,1602.2209042304871
2014-03-04,1600.832472855056
2014-03-05,1615.4420984608103
2014-03-06,1617.4000379510862
2014-03-07,1612.9694369240428
2014-03-10,1613.2779192131043
2014-03-11,1614.7437108452941
2014-03-12,1621.7387138082277
2014-03-13,1623.3594931744965
2014-03-14,1625.2321902842796
2014-03-17,1625.8655536559397
2014-03-18,1629.2661118990118
2014-03-19,1620.8492318083338
2014-03-20,1621.2046160830205
2014-03-21,1623.3235579395914
2014-03-24,1619.6599011390954
2014-03-25,1620.6221248634333
2014-03-26,1617.9258489395768
2014-03-27,1616.179027285752
2014-03-28,1616.0011618870485
2014-03-31,1612.0202835933826
2014-04-01,1610.455552080668
2014-04-02,1612.5876868155037
2014-04-03,1634.5100712144867
2014-04-04,1641.128097183187
2014-04-07,1637.9778489782923
2014-04-08,1647.2127905684658
2014-04-09,1658.7773851449424
2014-04-10,1657.9360326763058
2014-04-11,1657.3896458828617
2014-04-14,1661.3798474298126
2014-04-15,1657.623745943681
2014-04-16,1662.088619605107
2014-04-17,1657.7030334140277
2014-04-21,1656.889082878078
2014-04-22,1657.2925516755936
2014-04-23,1658.4113803904875
2014-04-24,1661.53193273652
2014-04-25,1662.4158699223942
2014-04-28,1660.5195384830167
2014-04-29,1664.336212855932
2014-04-30,1664.2653087490999
2014-05-01,1664.880328892883
2014-05-02,1669.4694537167961
2014-05-05,1672.2459226082158
2014-05-06,1670.3395706425877
2014-05-07,1665.8469888190134
2014-05-08,1664.687662253324
2014-05-09,1664.190544784628
2014-05-12,1670.5280909002204
2014-05-13,1672.8497222347323
2014-05-14,1677.629649331675
2014-05-15,1674.4081539313584
2014-05-16,1673.8411910098462
2014-05-19,1671.1187030040137
2014-05-20,1670.4607198562462
2014-05-21,1670.2153131948717
2014-05-22,1672.5989853323963
2014-05-23,1674.2428979956476
2014-05-27,1669.5067233829147
2014-05-28,1670.3099544724237
2014-05-29,1669.5766885146745
2014-05-30,1667.0521227711201
2014-06-02,1662.8794795305603
2014-06-03,1660.8301129344432
2014-06-04,1676.0269174266373
2014-06-05,1680.2811563210387
2014-06-06,1681.2586219439863
2014-06-09,1681.1721258843652
2014-06-10,1682.4404936151677
2014-06-11,1682.1099349409305
2014-06-12,1687.3764824266095
2014-06-13,1688.7939551180941
2014-06-16,1687.9722891978204
2014-06-17,1689.338737906115
2014-06-18,1694.098408075172
2014-06-19,1703.6197072231973
2014-06-20,1703.3625334841463
2014-06-23,1703.586455531918
2014-06-24,1704.7896597226772
2014-06-25,1706.5172154380061
2014-06-26,1706.7202020864415
2014-06-27,1710.9756176578667
2014-06-30,1715.3482364817742
2014-07-01,1713.4264812256251
2014-07-02,1711.5784702685548
2014-07-03,1726.2473308844685
2014-07-07,1726.5507665819837
2014-07-08,1736.0691222801058
2014-07-09,1739.5580838041553
2014-07-10,1740.71826272228
2014-07-11,1743.2118808291552
2014-07-14,1734.7641847297698
2014-07-15,1730.3761184820921
2014-07-16,1733.708753923585
2014-07-17,1739.7544434063202
2014-07-18,1738.7957929580139
2014-07-21,1740.0833926420542
2014-07-22,1739.9319601294246
2014-07-23,1739.9100895208892
2014-07-24,1734.5412126807018
2014-07-25,1740.1735407738047
2014-07-28,1739.2681862337374
2014-07-29,1738.0036216292824
2014-07-30,1733.7044201913807
2014-07-31,1716.9033951389401
2014-08-01,1713.253423234461
2014-08-04,1717.3955995383208
2014-08-05,1679.740473523956
2014-08-06,1685.1112508070642
2014-08-07,1687.4718754201035
2014-08-08,1689.6585829565765
2014-08-11,1689.6861720472932
2014-08-12,1689.2604214762428
2014-08-13,1693.0739314356542
2014-08-14,1696.4286966577201
2014-08-15,1696.551948138193
2014-08-18,1694.7949642822782
2014-08-19,1694.5735408717703
2014-08-20,1693.3760493288455
2014-08-21,1691.586718372098
2014-08-22,1693.325998566294
2014-08-25,1694.119192534355
2014-08-26,1695.3260468240783
2014-08-27,1697.170641013404
2014-08-28,1700.2401800018715
2014-08-29,1700.7367450893016
2014-09-02,1689.5724348424947
2014-09-03,1693.3083186299739
2014-09-04,1685.2871212291666
2014-09-05,1687.6900022642308
2014-09-08,1683.2505841811899
2014-09-09,1681.7698694399467
2014-09-10,1679.5480878715655
2014-09-11,1676.8651744168556
2014-09-12,1669.8722330434357
2014-09-15,1670.849031745983
2014-09-16,1668.0801588751578
2014-09-17,1669.2751491972913
2014-09-18,1672.0327265277272
2014-09-19,1671.5092418196846
2014-09-22,1669.298751984138
2014-09-23,1671.4567577598773
2014-09-24,1673.5884349444264
2014-09-25,1673.3585854870485
2014-09-26,1673.947256878716
2014-09-29,1675.302760789735
2014-09-30,1670.9681296702424
2014-10-01,1666.475986166071
2014-10-02,1664.3606493014531
2014-10-03,1643.5299779652446
2014-10-06,1647.5911883327453
2014-10-07,1648.0053537953506
2014-10-08,1655.6461061259151
2014-10-09,1650.216006609201
2014-10-10,1649.7530684207163
2014-10-13,1649.9941178567037
2014-10-14,1652.2352362619968
2014-10-15,1640.8988336388352
2014-10-16,1639.6923202312692
2014-10-17,1640.330876565598
2014-10-20,1645.9056511366214
2014-10-21,1649.2771846716269
2014-10-22,1645.8330295590772
2014-10-23,1644.093444459215
2014-10-24,1645.7700212843613
2014-10-27,1645.045418327304
2014-10-28,1646.4406924901782
2014-10-29,1641.5583717921725
2014-10-30,1639.9472568074834
2014-10-31,1634.8914299466862
2014-11-03,1632.9791814660816
2014-11-04,1631.6387143705942
2014-11-05,1662.03342243086
2014-11-06,1661.72916335553
2014-11-07,1676.6348489645954
2014-11-10,1667.9894017302904
2014-11-11,1672.8640563851782
2014-11-12,1670.9227355205899
2014-11-13,1672.2936499455286
2014-11-14,1681.5492360512087
2014-11-17,1679.9010922008017
2014-11-18,1684.851131797636
2014-11-19,1679.0155964279256
2014-11-20,1684.0930813315522
2014-11-21,1688.4489299549227
2014-11-24,1688.6000900379927
2014-11-25,1691.1873592203642
2014-11-26,1691.9031488906048
2014-11-28,1684.662623964479
2014-12-01,1693.5243638365205
2014-12-02,1688.6445995172503
2014-12-03,1691.3175575646524
2014-12-04,1691.867994358963
2014-12-05,1686.4113804801777
2014-12-08,1691.4236380926027
2014-12-09,1699.4109778009642
2014-12-10,1696.5581082500134
2014-12-11,1698.004494362944
2014-12-12,1696.6131541872883
2014-12-15,1672.1830846103458
2014-12-16,1674.9802461377903
2014-12-17,1677.448089252961
2014-12-18,1681.612382515958
2014-12-19,1683.3917465551374
2014-12-22,1678.656876904497
2014-12-23,1674.383011877424
2014-12-24,1675.3296003174523
2014-12-26,1682.8661537146484
2014-12-29,1681.9455700537183
2014-12-30,1685.631295021927
2014-12-31,1678.8627840417696
2015-01-02,1683.1245636550957
2015-01-05,1678.4944736178613
2015-01-06,1670.9832843690729
2015-01-07,1671.703442461228
2015-01-08,1671.3300723802104
2015-01-09,1675.939755280424
2015-01-12,1679.194981920577
2015-01-13,1677.4746944825138
2015-01-14,1677.5046619699751
2015-01-15,1687.9632221774245
2015-01-16,1695.8920704683474
2015-01-20,1708.8466084274296
2015-01-21,1707.1284880907333
2015-01-22,1712.6683061415833
2015-01-23,1712.1818257068876
2015-01-26,1708.3767557077817
2015-01-27,1709.5059836887694
2015-01-28,1707.9873638700797
2015-01-29,1700.9690504843425
2015-01-30,1710.3374119475006
2015-02-02,1711.020786896563
2015-02-03,1704.9152035320844
2015-02-04,1691.6735233305048
2015-02-05,1691.8336748826664
2015-02-06,1677.2023616593674
2015-02-09,1677.1182846571933
2015-02-10,1675.7628443102958
2015-02-11,1672.4708392866573
2015-02-12,1674.9137346195234
2015-02-13,1675.163541923312
2015-02-17,1659.3295338129437
2015-02-18,1661.9738427056477
2015-02-19,1658.9043954593749
2015-02-20,1659.3147100460396
2015-02-23,1662.6355047461893
2015-02-24,1666.3544998000732
2015-02-25,1668.4683594951791
2015-02-26,1665.5262894763582
2015-02-27,1667.075470836888
2015-03-02,1661.928076735573
2015-03-03,1659.3134413964005
2015-03-04,1645.5761947071735
2015-03-05,1645.3030443758666
2015-03-06,1627.1368296903383
2015-03-09,1630.8378885587235
2015-03-10,1631.2154500366091
2015-03-11,1630.5461829351823
2015-03-12,1632.4977094318544
2015-03-13,1630.6307280446993
2015-03-16,1638.5366819559003
2015-03-17,1638.1221478585885
2015-03-18,1652.6162025245312
2015-03-19,1649.646058154819
2015-03-20,1655.8562576390527
2015-03-23,1657.1231197055945
2015-03-24,1659.0100655110994
2015-03-25,1653.4272886818158
2015-03-26,1650.8128697707812
2015-03-27,1653.4871723430517
2015-03-30,1651.4778208708337
2015-03-31,1649.6750961433638
2015-04-01,1657.0521037095373
2015-04-02,1654.2963749199832
2015-04-03,1652.288736688181
2015-04-06,1637.2351279744648
2015-04-07,1641.6150092952942
2015-04-08,1640.7617616473299
2015-04-09,1636.2468951589308
2015-04-10,1641.6294537690958
2015-04-13,1638.5953675173055
2015-04-14,1639.0186356882164
2015-04-15,1642.7480405050153
2015-04-16,1640.3601038098502
2015-04-17,1641.8061202395863
2015-04-20,1641.3264996892156
2015-04-21,1641.7342327888832
2015-04-22,1634.6104450701573
2015-04-23,1638.7669370658443
2015-04-24,1639.0991154468304
2015-04-27,1644.3946354237364
2015-04-28,1644.4492062822947
2015-04-29,1638.0247837651941
2015-04-30,1630.0907872180162
2015-05-01,1627.8081736896156
2015-05-04,1629.118283174687
2015-05-05,1603.555903448111
2015-05-06,1598.1309899116147
2015-05-07,1599.634485034817
2015-05-08,1605.4950393208333
2015-05-11,1596.9782857496282
2015-05-12,1599.5550311824627
2015-05-13,1603.5662531815037
2015-05-14,1608.851259805832
2015-05-15,1614.815375241598
2015-05-18,1611.4867687340907
2015-05-19,1604.6278185837314
2015-05-20,1605.4345828072078
2015-05-21,1608.4333848710673
2015-05-22,1607.516195602263
2015-05-26,1604.0018479875657
2015-05-27,1609.4578494220568
2015-05-28,1609.0240605433628
2015-05-29,1608.18902426139
2015-06-01,1605.1391500849645
2015-06-02,1602.8293820442873
2015-06-03,1595.6781627035643
2015-06-04,1588.2470555516368
2015-06-05,1583.0805856818358
2015-06-08,1582.2757851901101
2015-06-09,1581.02640966038
2015-06-10,1593.0198572941058
2015-06-11,1597.2186769325144
2015-06-12,1595.1245026241822
2015-06-15,1595.8368367803728
2015-06-16,1600.1296122873712
2015-06-17,1600.3830088677562
2015-06-18,1606.1878266120298
2015-06-19,1606.1387640849275
2015-06-22,1599.6457804483398
2015-06-23,1596.3048852269374
2015-06-24,1595.6077532538002
2015-06-25,1593.5446805970025
2015-06-26,1591.1491350869428
2015-06-29,1593.2965919159144
2015-06-30,1590.525841126784
2015-07-01,1587.4792255358193
2015-07-02,1587.4996871530739
2015-07-03,1580.2114822962606
2015-07-06,1561.25031693424
2015-07-07,1561.3657198724084
2015-07-08,1560.193187850664
2015-07-09,1556.6221252734745
2015-07-10,1562.58944422903
2015-07-13,1563.2245142901315
2015-07-14,1564.4826193791969
2015-07-15,1565.228838373173
2015-07-16,1567.7206275974377
2015-07-17,1565.9791788764396
2015-07-20,1556.734172667741
2015-07-21,1556.046363690812
2015-07-22,1555.4063567696116
2015-07-23,1555.56196519956
2015-07-24,1556.362639829237
2015-07-27,1549.1067498450548
2015-07-28,1550.908269870932
2015-07-29,1554.506562155862
2015-07-30,1553.7006968178089
2015-07-31,1557.124261720651
2015-08-03,1555.8952905455715
2015-08-04,1553.768079918527
2015-08-05,1558.5915346586683
2015-08-06,1559.9206179646053
2015-08-07,1563.2319293264088
2015-08-10,1566.4561700868817
2015-08-11,1569.6933938015163
2015-08-12,1572.8536781255302
2015-08-13,1569.0919547264039
2015-08-14,1570.4870153679444
2015-08-17,1573.9318029928413
2015-08-18,1571.1730883818523
2015-08-19,1575.6579000653535
2015-08-20,1578.07244543909
2015-08-21,1561.748063928531
2015-08-24,1549.7393623318171
2015-08-25,1539.0923799938828
2015-08-26,1538.9223851890688
2015-08-27,1545.2637581451727
2015-08-28,1548.6216933969063
2015-08-31,1545.0533123865528
2015-09-01,1539.9940073519329
2015-09-02,1540.8509491294867
2015-09-03,1530.6535811583726
2015-09-04,1528.3265174640542
2015-09-08,1530.7804805644444
2015-09-09,1524.702338681419
2015-09-10,1525.17148609919
2015-09-11,1527.2138955363155
2015-09-14,1526.8083924280393
2015-09-15,1524.1017316832022
2015-09-16,1529.2870116091995
2015-09-17,1535.0853322623711
2015-09-18,1535.7573509944855
2015-09-21,1531.0775710755433
2015-09-22,1529.232028804312
2015-09-23,1529.9713215537963
2015-09-24,1537.223550378845
2015-09-25,1533.080707039735
2015-09-28,1527.4012608948292
2015-09-29,1527.0761834805237
2015-09-30,1527.472986985918
2015-10-01,1528.1696925130793
2015-10-02,1539.8090889354003
2015-10-05,1555.83968579696
2015-10-06,1559.0802616627284
2015-10-07,1559.7868038445495
2015-10-08,1558.373996974843
2015-10-09,1564.0125576613623
2015-10-12,1567.2677008019893
2015-10-13,1567.7192288160545
2015-10-14,1574.3946584544697
2015-10-15,1575.4136649941483
2015-10-16,1574.295704902574
2015-10-19,1572.4963643532851
2015-10-20,1572.5670107478763
2015-10-21,1571.664955195261
2015-10-22,1576.252091086183
2015-10-23,1576.2677766240256
2015-10-26,1577.0508801889966
2015-10-27,1577.9328908716284
2015-10-28,1577.0901164745474
2015-10-29,1569.9807653746989
2015-10-30,1569.4744165448537
2015-11-02,1568.6970527261342
2015-11-03,1562.9414402720527
2015-11-04,1556.1105392323702
2015-11-05,1554.2945408025062
2015-11-06,1546.1783618415534
2015-11-09,1543.234867066788
2015-11-10,1543.9860187614472
2015-11-11,1541.4524925118917
2015-11-12,1539.1042409498966
2015-11-13,1525.432361109708
2015-11-16,1529.4505439667078
2015-11-17,1525.7425466039726
2015-11-18,1530.4566949564019
2015-11-19,1534.9372677422712
2015-11-20,1533.8304202315999
2015-11-23,1531.9061475080348
2015-11-24,1534.1439070976007
2015-11-25,1533.3299895017994
2015-11-27,1530.0349652119457
2015-11-30,1531.718172160031
2015-12-01,1537.9265443150566
2015-12-02,1530.7226681965806
2015-12-03,1510.6480584400283
2015-12-04,1524.0694869466479
2015-12-07,1520.9808074288694
2015-12-08,1519.8214307738408
2015-12-09,1517.076540946267
2015-12-10,1517.684789588837
2015-12-11,1518.3101367413647
2015-12-14,1512.5012995991108
2015-12-15,1515.896401118932
2015-12-16,1522.4025559318948
2015-12-17,1514.8476580386232
2015-12-18,1514.76004945991
2015-12-21,1519.8409003493919
2015-12-22,1518.7965044805862
2015-12-23,1519.199864849918
2015-12-24,1521.701008932103
2015-12-28,1519.5254049262956
2015-12-29,1518.0074699881789
2015-12-30,1513.8038833250298
2015-12-31,1512.3396921565077
2016-01-04,1514.779774000796
2016-01-05,1510.3779745877878
2016-01-06,1485.6176329642149
2016-01-07,1477.119091946239
2016-01-08,1474.5231663140987
2016-01-11,1469.8023531299273
2016-01-12,1473.4986059963092
2016-01-13,1471.570125682263
2016-01-14,1468.5498201183639
2016-01-15,1470.2738512754652
2016-01-19,1469.5556166120327
2016-01-20,1473.003951149316
2016-01-21,1472.9217325383013
2016-01-22,1475.1489464295296
2016-01-25,1475.9106404370518
2016-01-26,1482.3157557296104
2016-01-27,1480.9412951378376
2016-01-28,1479.367419997603
2016-01-29,1488.0446582138352
2016-02-01,1489.5309016454635
2016-02-02,1490.1453192796182
2016-02-03,1509.4896140557946
2016-02-04,1514.5407649843892
2016-02-05,1515.1553486159723
2016-02-08,1521.5583590258814
2016-02-09,1521.1039302458612
2016-02-10,1525.4095103936284
2016-02-11,1536.7007671584693
2016-02-12,1534.9249031644986
2016-02-16,1526.3884494001998
2016-02-17,1530.4582709486954
2016-02-18,1540.0975346854748
2016-02-19,1538.1448616738594
2016-02-22,1535.7366520421165
2016-02-23,1538.4588390407012
2016-02-24,1540.0832986255787
2016-02-25,1544.560138622286
2016-02-26,1539.294830739576
2016-02-29,1536.9108165505384
2016-03-01,1534.8570421435115
2016-03-02,1539.2802644178148
2016-03-03,1565.0935226799343
2016-03-04,1563.6836108656669
2016-03-07,1565.2665918490495
2016-03-08,1563.977507877632
2016-03-09,1560.9381862399255
2016-03-10,1565.2211914656402
2016-03-11,1560.8569782444415
2016-03-14,1557.2043288119166
2016-03-15,1557.3421353032745
2016-03-16,1567.5947133234167
2016-03-17,1568.8463461949473
2016-03-18,1568.2199264580138
2016-03-21,1564.4679037096041
2016-03-22,1565.1099296713646
2016-03-23,1559.1535966752062
2016-03-24,1558.314559591196
2016-03-28,1560.6083421470046
2016-03-29,1571.4045344564834
2016-03-30,1565.504781314511
2016-03-31,1568.1459678158835
2016-04-01,1567.8215754619475
2016-04-04,1565.2377683135478
2016-04-05,1579.8419737367794
2016-04-06,1578.69377083892
2016-04-07,1583.3524016351003
2016-04-08,1581.957473394285
2016-04-11,1585.3100063816487
2016-04-12,1585.855120883587
2016-04-13,1585.6607924629702
2016-04-14,1580.0919435724431
2016-04-15,1584.1793491594094
2016-04-18,1585.5339996415642
2016-04-19,1590.3712521617176
2016-04-20,1586.1856302285396
2016-04-21,1584.5868386258253
2016-04-22,1579.9089659675742
2016-04-25,1579.364999344305
2016-04-26,1579.8577121624537
2016-04-27,1583.9261283787691
2016-04-28,1588.7679577163326
2016-04-29,1594.4020820377298
2016-05-02,1592.1689574158631
2016-05-03,1592.4835026203968
2016-05-04,1575.8044840014381
2016-05-05,1577.0639138130468
2016-05-06,1579.8090923889458
2016-05-09,1572.5069153063287
2016-05-10,1575.5248497789307
2016-05-11,1579.0683843015013
2016-05-12,1575.370155177603
2016-05-13,1577.104525225414
2016-05-16,1577.5074539561247
2016-05-17,1576.7110435520167
2016-05-18,1567.3650046393077
2016-05-19,1567.0045905856869
2016-05-20,1568.3371418049996
2016-05-23,1567.624177614946
2016-05-24,1564.036531330596
2016-05-25,1564.0297701876962
2016-05-26,1563.5790626756761
2016-05-27,1561.6256360843563
2016-05-31,1562.98500872985
2016-06-01,1563.4250774014672
2016-06-02,1565.3477445354288
2016-06-03,1611.1129858103977
2016-06-06,1612.8427883546033
2016-06-07,1613.599152991293
2016-06-08,1620.4429338367154
2016-06-09,1623.5224826833442
2016-06-10,1623.7825909845787
2016-06-13,1625.433534654699
2016-06-14,1625.1339444296834
2016-06-15,1628.3848867861225
2016-06-16,1626.7794653475207
2016-06-17,1627.2269413957501
2016-06-20,1626.9559908944016
2016-06-21,1617.6516767179542
2016-06-22,1617.8838434945983
2016-06-23,1616.0525977553336
2016-06-24,1635.9228264215787
2016-06-27,1639.9054004743123
2016-06-28,1641.1064800515899
2016-06-29,1644.4879359990086
2016-06-30,1650.4923945114292
2016-07-01,1659.2224616021495
2016-07-05,1650.9254226609978
2016-07-06,1663.950222266191
2016-07-07,1662.3949885268528
2016-07-08,1670.0695414389882
2016-07-11,1665.1528262470572
2016-07-12,1656.8725488901853
2016-07-13,1663.0523489886282
2016-07-14,1657.8964987274837
2016-07-15,1653.9433663257
2016-07-18,1655.0154294695553
2016-07-19,1656.6792423939667
2016-07-20,1651.4028024218705
2016-07-21,1656.1616467070485
2016-07-22,1655.1568618196975
2016-07-25,1651.8185613125863
2016-07-26,1653.773046374619
2016-07-27,1662.234877870888
2016-07-28,1661.0408158689718
2016-07-29,1660.8188031263862
2016-08-01,1657.755134066026
2016-08-02,1656.180773851698
2016-08-03,1652.5940993569848
2016-08-04,1655.503798867946
2016-08-05,1653.1736150571887
2016-08-08,1653.1501937804405
2016-08-09,1657.3136611958753
2016-08-10,1659.3615205329347
2016-08-11,1655.6916629037864
2016-08-12,1657.0494698659427
2016-08-15,1656.4623378619608
2016-08-16,1656.0641594246786
2016-08-17,1658.1656047530128
2016-08-18,1660.89245873435
2016-08-19,1655.9677366640763
2016-08-22,1657.6453980909487
2016-08-23,1658.4065731982964
2016-08-24,1652.6687233891162
2016-08-25,1651.1543320443548
2016-08-26,1648.5261461551809
2016-08-29,1655.0052343194652
2016-08-30,1650.2273272621806
2016-08-31,1649.1883364250034
2016-09-01,1651.1678290361929
2016-09-02,1656.215110171343
2016-09-05,1660.1481758248774
2016-09-06,1688.9587949955285
2016-09-07,1687.5806454462481
2016-09-08,1681.8138746108143
2016-09-09,1669.1819418079563
2016-09-12,1672.5304143558528
2016-09-13,1663.7358828761203
2016-09-14,1672.302942757258
2016-09-15,1680.9336330709657
2016-09-16,1678.5295790863802
2016-09-19,1678.4084321709888
2016-09-20,1679.5707086407738
2016-09-21,1689.3078043207593
2016-09-22,1693.6615509796793
2016-09-23,1692.3431515804778
2016-09-26,1691.74877075318
2016-09-27,1692.7315721230866
2016-09-28,1692.3432486084102
2016-09-29,1690.3629057332732
2016-09-30,1688.6683652996044
2016-10-03,1685.7851755820514
2016-10-04,1669.8238244582071
2016-10-05,1684.750942482175
2016-10-06,1680.5576819138803
2016-10-07,1680.1333165533747
2016-10-10,1681.0097789933786
2016-10-11,1675.6159227575586
2016-10-12,1669.829360337938
2016-10-13,1670.7713771412555
2016-10-14,1665.6049022591405
2016-10-17,1667.2941037324722
2016-10-18,1673.7670087460415
2016-10-19,1678.963934417403
2016-10-20,1677.690148000422
2016-10-21,1678.4591783645612
2016-10-24,1677.6674720648684
2016-10-25,1679.8926021682312
2016-10-26,1675.84880059047
2016-10-27,1673.1324415709983
2016-10-28,1673.3707013301314
2016-10-31,1675.9490121402748
2016-11-01,1675.6961934101741
2016-11-02,1677.789640671724
2016-11-03,1641.9929877472064
2016-11-04,1644.1983932225262
2016-11-07,1641.4885959078088
2016-11-08,1640.0866372502915
2016-11-09,1632.0492082459668
2016-11-10,1624.3923688262767
2016-11-11,1615.4849520433881
2016-11-14,1611.4288891587912
2016-11-15,1617.266854176009
2016-11-16,1617.8798822382134
2016-11-17,1614.2136421884552
2016-11-18,1610.1766922492766
2016-11-21,1613.7869283331524
2016-11-22,1614.0682885883084
2016-11-23,1607.1482935200788
2016-11-25,1606.7214247862312
2016-11-28,1610.4224174230658
2016-11-29,1610.485703652747
2016-11-30,1604.9217604758776
2016-12-01,1600.4246584496223
2016-12-02,1603.9496884635373
2016-12-05,1618.5308797351997
2016-12-06,1621.9467959725062
2016-12-07,1628.3605746216595
2016-12-08,1625.654982895091
2016-12-09,1621.368324413399
2016-12-12,1622.5265230658415
2016-12-13,1624.0704136000863
2016-12-14,1614.7831778319996
2016-12-15,1612.9264393144394
2016-12-16,1612.3222048206576
2016-12-19,1616.7537204406244
2016-12-20,1614.5712285049763
2016-12-21,1615.041946545643
2016-12-22,1612.8460437151364
2016-12-23,1614.5814232323992
2016-12-27,1616.1220130853703
2016-12-28,1616.3899629474963
2016-12-29,1621.0968818417546
2016-12-30,1618.7269365629381
2017-01-03,1627.5236053789768
2017-01-04,1633.282917081367
2017-01-05,1674.4273534500392
2017-01-06,1670.862075932257
2017-01-09,1674.4587667805918
2017-01-10,1675.5487264753756
2017-01-11,1678.132075458322
2017-01-12,1678.1142354989404
2017-01-13,1678.3655886806305
2017-01-17,1684.7902439142326
2017-01-18,1679.4559009278755
2017-01-19,1676.5352629365098
2017-01-20,1677.9408149925557
2017-01-23,1681.6982322143585
2017-01-24,1680.3369455639129
2017-01-25,1677.1993658666781
2017-01-26,1674.8104882443158
2017-01-27,1675.9071829430738
2017-01-30,1674.8265313670095
2017-01-31,1680.7210929251746
2017-02-01,1677.8057154535
2017-02-02,1679.6946660938715
2017-02-03,1682.2695806508286
2017-02-06,1687.6085524897544
2017-02-07,1688.5990763789782
2017-02-08,1694.2326090064948
2017-02-09,1694.2995815257914
2017-02-10,1696.078932203222
2017-02-13,1694.647716671749
2017-02-14,1694.3340860916821
2017-02-15,1696.100867346213
2017-02-16,1698.8957118953015
2017-02-17,1699.7284129393947
2017-02-21,1701.21818634601
2017-02-22,1701.8244570060892
2017-02-23,1705.587139763743
2017-02-24,1703.744941467784
2017-02-27,1701.093179726333
2017-02-28,1703.3708676224787
2017-03-01,1705.4092305964587
2017-03-02,1698.5658929511449
2017-03-03,1701.6624432077674
2017-03-06,1697.6210924328554
2017-03-07,1693.465315554328
2017-03-08,1689.6142886317698
2017-03-09,1686.560016346612
2017-03-10,1690.320426710689
2017-03-13,1689.0265558301412
2017-03-14,1687.293603646975
2017-03-15,1698.6020809969411
2017-03-16,1698.0763610384497
2017-03-17,1698.5381086014054
2017-03-20,1700.8563159714045
2017-03-21,1701.8431029421913
2017-03-22,1697.3255735161706
2017-03-23,1696.267475552937
2017-03-24,1697.398386153835
2017-03-27,1703.54250817941
2017-03-28,1705.9428186454684
2017-03-29,1708.4704389412104
2017-03-30,1705.1237533945105
2017-03-31,1705.8315268154138
2017-04-03,1708.9219903529067
2017-04-04,1708.5173881445126
2017-04-05,1720.5246575520364
2017-04-06,1719.8187111729576
2017-04-07,1719.1279812210569
2017-04-10,1720.4454656798287
2017-04-11,1727.172070279907
2017-04-12,1727.7210312959517
2017-04-13,1728.2846179080457
2017-04-17,1731.1089886252082
2017-04-18,1735.058006802289
2017-04-19,1730.199976270237
2017-04-20,1732.1682542215226
2017-04-21,1732.3061993095944
2017-04-24,1731.7895369294965
2017-04-25,1727.1134309275926
2017-04-26,1729.876262838135
2017-04-27,1728.879333491258
2017-04-28,1729.8879992688721
2017-05-01,1724.945568513729
2017-05-02,1726.2416875632737
2017-05-03,1739.3408759886486
2017-05-04,1735.2772769692224
2017-05-05,1737.2747763952934
2017-05-08,1735.1797276300642
2017-05-09,1732.9084170771193
2017-05-10,1733.1725452147932
2017-05-11,1733.8577531410087
2017-05-12,1736.2184184949022
2017-05-15,1737.9945739992008
2017-05-16,1739.9740120668075
2017-05-17,1744.2469679742726
2017-05-18,1742.901339444234
2017-05-19,1755.342045628141
2017-05-22,1757.4418430580793
2017-05-23,1754.367655295428
2017-05-24,1757.735239660791
2017-05-25,1758.8357485571019
2017-05-26,1762.0372818051837
2017-05-30,1761.9212898696314
2017-05-31,1763.7657525893426
2017-06-01,1765.6936791049036
2017-06-02,1772.0078893435157
2017-06-05,1795.746208959316
2017-06-06,1799.8947463583618
2017-06-07,1797.4613340603992
2017-06-08,1794.7591620678472
2017-06-09,1790.871725226209
2017-06-12,1790.22496767065
2017-06-13,1792.0153732748047
2017-06-14,1793.5850048125403
2017-06-15,1791.2179274524522
2017-06-16,1793.1274279662948
2017-06-19,1799.9547595225936
2017-06-20,1799.4678900571225
2017-06-21,1800.8364559581096
2017-06-22,1802.3463460950545
2017-06-23,1804.0727662484503
2017-06-26,1802.2669922438756
2017-06-27,1798.4309190801978
2017-06-28,1800.549888573074
2017-06-29,1794.2860997525568
2017-06-30,1793.4577754371703
2017-07-03,1787.1690543622883
2017-07-05,1807.991552375634
2017-07-06,1770.8413576571656
2017-07-07,1766.1873880546682
2017-07-10,1767.442747172262
2017-07-11,1768.0979501630195
2017-07-12,1773.0953197606632
2017-07-13,1771.4472742980374
2017-07-14,1775.7672817376547
2017-07-17,1777.8135507265993
2017-07-18,1782.2961218601822
2017-07-19,1783.903343363355
2017-07-20,1785.155041911668
2017-07-21,1788.7584973005746
2017-07-24,1780.322428428733
2017-07-25,1776.7746749272367
2017-07-26,1779.9052383670398
2017-07-27,1778.1823409653764
2017-07-28,1781.777059536173
2017-07-31,1782.0366200891594
2017-08-01,1783.4801608917048
2017-08-02,1783.6254348549444
2017-08-03,1794.0532846253852
2017-08-04,1789.937174980457
2017-08-07,1790.4373473847738
2017-08-08,1789.8025386189884
2017-08-09,1795.006702089621
2017-08-10,1795.3712071303964
2017-08-11,1797.7271249874264
2017-08-14,1810.3883983832593
2017-08-15,1811.4837898128958
2017-08-16,1815.4005642261423
2017-08-17,1814.303669170742
2017-08-18,1813.253294534587
2017-08-21,1815.3640944263348
2017-08-22,1815.9586497973637
2017-08-23,1817.9603126629258
2017-08-24,1815.180470712507
2017-08-25,1818.0829279924842
2017-08-28,1823.1832888616832
2017-08-29,1823.6488454436367
2017-08-30,1824.841915420228
2017-08-31,1831.3093265837815
2017-09-01,1829.832690963844
2017-09-05,1836.8272896630306
2017-09-06,1859.5107142372203
2017-09-07,1865.6624965587785
2017-09-08,1864.3049283598023
2017-09-11,1859.5165649595974
2017-09-12,1860.170600932652
2017-09-13,1856.7371038073027
2017-09-14,1859.1474009125109
2017-09-15,1858.3334255170005
2017-09-18,1854.2918933891237
2017-09-19,1854.7302445500793
2017-09-20,1852.1410964400454
2017-09-21,1848.6059673676014
2017-09-22,1850.9161028655756
2017-09-25,1855.4221163959692
2017-09-26,1851.3412759550172
2017-09-27,1847.0387120349742
2017-09-28,1847.3412632694794
2017-09-29,1848.041360625909
2017-10-02,1846.210210086177
2017-10-03,1847.1428924949964
2017-10-04,1849.6604597275298
2017-10-05,1848.4150292854588
2017-10-06,1848.8887723323332
2017-10-09,1851.8200441045547
2017-10-10,1853.916012678532
2017-10-11,1855.8914255197901
2017-10-12,1856.6949193729615
2017-10-13,1861.4135360802645
2017-10-16,1859.1684555412037
2017-10-17,1857.4248064193048
2017-10-18,1860.9840443780226
2017-10-19,1863.550575602333
2017-10-20,1860.375357123035
2017-10-23,1860.1122870072509
2017-10-24,1857.8663183914382
2017-10-25,1855.23443793057
2017-10-26,1852.07568157971
2017-10-27,1853.9637399441162
2017-10-30,1855.767886334383
2017-10-31,1854.966249439699
2017-11-01,1856.9315428168302
2017-11-02,1858.3573481921148
2017-11-03,1904.489335348007
2017-11-06,1908.7699817919654
2017-11-07,1908.2808329569207
2017-11-08,1909.3967889814205
2017-11-09,1908.9245525353572
2017-11-10,1902.431569694898
2017-11-13,1903.6820914263853
2017-11-14,1905.2830467955039
2017-11-15,1905.8523417758176
2017-11-16,1923.6558667374693
2017-11-17,1928.3793287517592
2017-11-20,1924.5319682321601
2017-11-21,1927.223257169068
2017-11-22,1922.3276633638473
2017-11-24,1921.5377684530004
2017-11-27,1922.4268546983103
2017-11-28,1925.8804302103038
2017-11-29,1921.174587704375
2017-11-30,1920.4692226845566
2017-12-01,1929.6897731091553
2017-12-04,1928.1994054736147
2017-12-05,1924.9194819164775
2017-12-06,1925.2208889047206
2017-12-07,1920.037113788804
2017-12-08,1921.4064351947432
2017-12-11,1920.5075087455284
2017-12-12,1921.3564120936876
2017-12-13,1927.8188012293247
2017-12-14,1926.8233939591846
2017-12-15,1929.3501981684165
2017-12-18,1930.6460916457731
2017-12-19,1931.7366626168946
2017-12-20,1929.8168273934496
2017-12-21,1931.6015170432825
2017-12-22,1933.4910736396764
2017-12-26,1939.2863743743437
2017-12-27,1943.878116333316
2017-12-28,1946.0355395313868
2017-12-29,1947.4239854843167
2018-01-02,1957.5239499224508
2018-01-03,1962.7102503100346
2018-01-04,2021.9345514848364
2018-01-05,2023.1657730856318
2018-01-08,2023.5932986370565
2018-01-09,2019.1357204708988
2018-01-10,2019.234741856974
2018-01-11,2024.0461365907831
2018-01-12,2031.309165502265
2018-01-16,2031.7454653891887
2018-01-17,2031.718303604223
2018-01-18,2027.827016558265
2018-01-19,2029.8659057607938
2018-01-22,2033.6787208098733
2018-01-23,2037.5406906945523
2018-01-24,2040.5545529391438
2018-01-25,2040.209537600426
2018-01-26,2043.7178976340515
2018-01-29,2037.2555796650522
2018-01-30,2030.3479461353506
2018-01-31,2034.5395790037858
2018-02-01,2030.8850913026408
2018-02-02,2007.1962629049708
2018-02-05,1924.4654466298466
2018-02-06,1925.6198528335499
2018-02-07,1919.467701106019
2018-02-08,1906.6829576071473
2018-02-09,1909.718932566182
2018-02-12,1922.5295743414572
2018-02-13,1926.5915622940388
2018-02-14,1934.6341118740584
2018-02-15,1940.3266282023274
2018-02-16,1940.5585856050566
2018-02-20,1932.1324452567274
2018-02-21,1925.6727393316714
2018-02-22,1928.773105956312
2018-02-23,1936.1234291083624
2018-02-26,1942.6065494375612
2018-02-27,1933.6782320033863
2018-02-28,1931.2649517612044
2018-03-01,1929.4804695908624
2018-03-02,1931.1646259176043
2018-03-05,1938.1289765066806
2018-03-06,1943.2098442875179
2018-03-07,1940.4108565672589
2018-03-08,1942.6991962647087
2018-03-09,1947.5714041848544
2018-03-12,1948.6152451095725
2018-03-13,1948.266063875484
2018-03-14,1948.3277632241936
2018-03-15,1945.5897081003936
2018-03-16,1942.6743884923856
2018-03-19,1937.8458795853455
2018-03-20,1936.3543113437195
2018-03-21,1942.5109095928037
2018-03-22,1934.7448023838479
2018-03-23,1916.5907529080523
2018-03-26,1928.0953705930742
2018-03-27,1922.6595371275507
2018-03-28,1917.1273797074023
2018-03-29,1922.92852557252
2018-04-02,1919.6680522092702
2018-04-03,1919.091657230958
2018-04-04,1917.6118231613386
2018-04-05,1916.5827977822596
2018-04-06,1913.4798282051079
2018-04-09,1916.8149712759023
2018-04-10,1922.571132602191
2018-04-11,1924.5803050009185
2018-04-12,1921.0399871850364
2018-04-13,1923.0144655301165
2018-04-16,1926.4521407411753
2018-04-17,1931.2231107951384
2018-04-18,1929.6099647644628
2018-04-19,1924.8823773209192
2018-04-20,1917.183683165148
2018-04-23,1914.1789159973878
2018-04-24,1910.2288039687014
2018-04-25,1906.9888867527102
2018-04-26,1903.357633551983
2018-04-27,1907.1845660037798
2018-04-30,1902.1798340552832
2018-05-01,1898.43480024712
2018-05-02,1895.7342288651469
2018-05-03,1878.2458998435468
2018-05-04,1883.756394850409
2018-05-07,1884.6261632204432
2018-05-08,1884.4806274884854
2018-05-09,1878.020627292287
2018-05-10,1885.794314316349
2018-05-11,1886.965565209024
2018-05-14,1884.3197530782704
2018-05-15,1873.0015566645375
2018-05-16,1872.9943622896762
2018-05-17,1871.725703426114
2018-05-18,1873.1497865650022
2018-05-21,1876.1434204443487
2018-05-22,1874.5715401231314
2018-05-23,1877.8570866043453
2018-05-24,1882.298575703277
2018-05-25,1882.0187804371267
2018-05-29,1883.8546734433105
2018-05-30,1893.8611625872086
2018-05-31,1890.3757894202513
2018-06-01,1889.6966661982237
2018-06-04,1889.074390093284
2018-06-05,1896.0161044265983
2018-06-06,1897.1466073244974
2018-06-07,1899.495921565066
2018-06-08,1900.2185531194086
2018-06-11,1900.8282265275739
2018-06-12,1900.053502722516
2018-06-13,1899.7716235840267
2018-06-14,1903.3674131625348
2018-06-15,1895.5570137245786
2018-06-18,1893.9502161734213
2018-06-19,1893.1677119752958
2018-06-20,1893.0406249063046
2018-06-21,1891.5811490064907
2018-06-22,1893.0949328815777
2018-06-25,1880.1451304836905
2018-06-26,1879.4140879579832
2018-06-27,1876.9401767035388
2018-06-28,1877.9455443284878
2018-06-29,1878.240563630654
2018-07-02,1874.3836009128597
2018-07-03,1878.0710859151877
2018-07-04,1881.2508512264562
2018-07-05,1875.3559865340621
2018-07-06,1878.6820979454587
2018-07-09,1881.025840930029
2018-07-10,1881.6353471941634
2018-07-11,1876.1948721733256
2018-07-12,1880.8778435340673
2018-07-13,1880.3128120410452
2018-07-16,1878.7064889428698
2018-07-17,1875.919847113999
2018-07-18,1875.7407051444288
2018-07-19,1874.563441139448
2018-07-20,1873.2606998563688
2018-07-23,1869.079290058703
2018-07-24,1873.7447680043401
2018-07-25,1878.309604925118
2018-07-26,1874.2634998187536
2018-07-27,1872.3730622010967
2018-07-30,1869.0725092432367
2018-07-31,1875.732521938252
2018-08-01,1869.733656549709
2018-08-02,1876.0073566298086
2018-08-03,1860.795820849315
2018-08-06,1860.596404483144
2018-08-07,1863.219476078145
2018-08-08,1864.2823216859647
2018-08-09,1865.456229684276
2018-08-10,1864.8020103317926
2018-08-13,1857.7306007628877
2018-08-14,1859.846063701515
2018-08-15,1853.0530022155676
2018-08-16,1857.6935683400238
2018-08-17,1862.4291925681387
2018-08-20,1866.6767856669758
2018-08-21,1867.6332901877881
2018-08-22,1869.192202591622
2018-08-23,1865.8974235901674
2018-08-24,1874.4675851582674
2018-08-27,1877.1844790156902
2018-08-28,1873.0906446525814
2018-08-29,1876.974901529521
2018-08-30,1874.4531448917733
2018-08-31,1873.5473085516169
2018-09-04,1868.8221550024487
2018-09-05,1870.0986226237928
2018-09-06,1843.3771163507445
2018-09-07,1839.408148814497
2018-09-10,1840.7579881228016
2018-09-11,1843.1584789839906
2018-09-12,1846.643673993065
2018-09-13,1848.0564926410937
2018-09-14,1844.6801431537447
2018-09-17,1844.372081935498
2018-09-18,1843.3259998388294
2018-09-19,1843.5379315709695
2018-09-20,1848.960275924805
2018-09-21,1844.4254228161892
2018-09-24,1842.479076784434
2018-09-25,1842.4344289074988
2018-09-26,1841.2433075910533
2018-09-27,1839.503941709112
2018-09-28,1841.0962760311154
2018-10-01,1839.1630184300943
2018-10-02,1844.3314769151305
2018-10-03,1847.4862656152782
2018-10-04,1842.965073275569
2018-10-05,1839.7462089551682
2018-10-08,1821.1424900276734
2018-10-09,1823.2023814138638
2018-10-10,1811.5610842358965
2018-10-11,1815.0791740325299
2018-10-12,1817.5541747235943
2018-10-15,1810.8990844339228
2018-10-16,1826.1604337827757
2018-10-17,1824.7761662012958
2018-10-18,1819.9202497054034
2018-10-19,1819.358073611273
2018-10-22,1816.494604547403
2018-10-23,1817.5427570576592
2018-10-24,1809.60556965508
2018-10-25,1813.9835418227847
2018-10-26,1810.4254760984672
2018-10-29,1806.675366389102
2018-10-30,1808.9942033372447
2018-10-31,1809.5074847495227
2018-11-01,1817.0668777161
2018-11-02,1811.861384928182
2018-11-05,1830.9944316846054
2018-11-06,1832.0833850237518
2018-11-07,1839.9812308761966
2018-11-08,1838.5314567012283
2018-11-09,1832.9372881993572
2018-11-12,1825.4068418614302
2018-11-13,1824.7378862121777
2018-11-14,1825.3783279534787
2018-11-15,1829.4318838488698
2018-11-16,1834.3813371229012
2018-11-19,1829.3117868814134
2018-11-20,1822.8500671370862
2018-11-21,1825.954663939591
2018-11-23,1823.5808236572573
2018-11-26,1828.2261951496137
2018-11-27,1827.649107188778
2018-11-28,1835.896458622661
2018-11-29,1837.1579482964928
2018-11-30,1839.7044765712224
2018-12-03,1847.6994977444424
2018-12-04,1842.1493577949218
2018-12-05,1844.076532276873
2018-12-06,1869.2407837945068
2018-12-07,1864.5359908635055
2018-12-10,1864.9888668162073
2018-12-11,1864.4266705061516
2018-12-12,1865.781967256387
2018-12-13,1864.4988624244982
2018-12-14,1857.6770326016072
2018-12-17,1855.0216377651707
2018-12-18,1856.2148828804732
2018-12-19,1852.4159297726987
2018-12-20,1844.16926992159
2018-12-21,1834.283085819789
2018-12-24,1831.2384972058921
2018-12-26,1842.745486290296
2018-12-27,1848.1560797311217
2018-12-28,1851.558322411222
2018-12-31,1855.9746354899075
2019-01-02,1857.899447520806
2019-01-03,1849.2252212618164
2019-01-04,1889.5837128180265
2019-01-07,1892.4966313295572
2019-01-08,1893.8396061122912
2019-01-09,1897.3613470497303
2019-01-10,1894.8614957646273
2019-01-11,1896.67527607071
2019-01-14,1894.5722748976577
2019-01-15,1896.9220781673598
2019-01-16,1899.0693580432644
2019-01-17,1901.186256452127
2019-01-18,1901.0605853472853
2019-01-22,1897.7948113771622
2019-01-23,1897.8583549622804
2019-01-24,1899.254683519835
2019-01-25,1905.9664730850009
2019-01-28,1904.402372305528
2019-01-29,1907.3012316683028
2019-01-30,1914.7995774056765
2019-01-31,1920.2763923877071
2019-02-01,1917.0856993852472
2019-02-04,1916.8506764477697
2019-02-05,1956.774119009604
2019-02-06,1954.0735107249152
2019-02-07,1953.3750932061448
2019-02-08,1956.2998053716638
2019-02-11,1953.6652273365098
2019-02-12,1958.2421903455743
2019-02-13,1956.8817172512677
2019-02-14,1959.768507458844
2019-02-15,1966.0682276466064
2019-02-19,1972.9980696729258
2019-02-20,1972.3391865535987
2019-02-21,1964.6018601414412
2019-02-22,1969.7312148014717
2019-02-25,1969.083155640727
2019-02-26,1970.7538236821133
2019-02-27,1965.141577466452
2019-02-28,1961.5486339943486
2019-03-01,1954.376921172694
2019-03-04,1954.0748698864895
2019-03-05,1960.9769798185275
2019-03-06,1959.517492863432
2019-03-07,1957.993734440075
2019-03-08,1962.276243656193
2019-03-11,1977.3318723380544
2019-03-12,1982.6432775602066
2019-03-13,1987.0842940929606
2019-03-14,1986.024714504789
2019-03-15,1989.5519370171826
2019-03-18,1990.8791593692479
2019-03-19,1991.387657995674
2019-03-20,1995.4929823059147
2019-03-21,1998.67274196442
2019-03-22,1996.6893109213504
2019-03-25,1999.8038049606143
2019-03-26,2000.4621637270166
2019-03-27,1999.181112425007
2019-03-28,1997.3155927540074
2019-03-29,1999.5535188286808
2019-04-01,1997.6682527100297
2019-04-02,1999.721381913591
2019-04-03,2034.1795943664324
2019-04-04,2036.820640118728
2019-04-05,2038.531877987833
2019-04-08,2039.41805293802
2019-04-09,2040.2014347009233
2019-04-10,2043.3410526593973
2019-04-11,2037.0249261886365
2019-04-12,2037.2724872616582
2019-04-15,2037.012315533206
2019-04-16,2032.4822687977864
2019-04-17,2031.068575874063
2019-04-18,2034.0021303849867
2019-04-22,2033.1424312572708
2019-04-23,2036.3893645790358
2019-04-24,2038.728898993806
2019-04-25,2038.4220517157805
2019-04-26,2043.5659352079629
2019-04-29,2045.2626211975667
2019-04-30,2047.9566988199654
2019-05-01,2042.7692833492238
2019-05-02,2039.3225787456809
2019-05-03,2022.2338736522888
2019-05-06,2021.952529905609
2019-05-07,2018.8627756779783
2019-05-08,2016.3487329569934
2019-05-09,2017.230637780598
2019-05-10,2019.4514247241468
2019-05-13,2007.4944430427608
2019-05-14,2009.391902947903
2019-05-15,2012.2014651162458
2019-05-16,2012.056914659218
2019-05-17,2007.7731725911535
2019-05-20,2004.6931255674751
2019-05-21,2006.6680707685507
2019-05-22,2006.7465228654426
2019-05-23,2008.2116522134443
2019-05-24,2009.5700146438382
2019-05-28,2006.8537588986242
2019-05-29,2005.3721814716037
2019-05-30,2011.1655273369859
2019-05-31,2014.8518898672066
2019-06-03,2011.9662414047111
2019-06-04,2016.5273843584505
2019-06-05,2004.5391508054759
2019-06-06,2008.8442039930271
2019-06-07,2017.0894603530448
2019-06-10,2012.3980906249153
2019-06-11,2011.965524833613
2019-06-12,2013.5695511349663
2019-06-13,2018.4685725162474
2019-06-14,2018.545682836917
2019-06-17,2018.8321004543607
2019-06-18,2025.9639101640228
2019-06-19,2029.855489177122
2019-06-20,2043.6555453544308
2019-06-21,2040.733493102362
2019-06-24,2048.1028970365187
2019-06-25,2046.041290033075
2019-06-26,2040.1181305890464
2019-06-27,2043.1192609363256
2019-06-28,2046.8479756892805
2019-07-01,2041.0993144492772
2019-07-02,2052.424821495023
2019-07-03,2076.8384056972595
2019-07-05,2068.0358966276644
2019-07-08,2063.723882485857
2019-07-09,2065.3716360536628
2019-07-10,2077.173163960758
2019-07-11,2071.093988751291
2019-07-12,2075.5671817684597
2019-07-15,2077.2713635403384
2019-07-16,2071.8633375408563
2019-07-17,2086.4437298431835
2019-07-18,2093.6364489842767
2019-07-19,2084.8006441024972
2019-07-22,2086.213470275327
2019-07-23,2085.2194992518275
2019-07-24,2090.2246152330345
2019-07-25,2084.202558388348
2019-07-26,2088.08353183525
2019-07-29,2090.055092788669
2019-07-30,2091.092505576026
2019-07-31,2083.8385088093323
2019-08-01,2094.8863556873875
2019-08-02,2084.614553097647
2019-08-05,2064.6588574138536
2019-08-06,2075.398739939075
2019-08-07,2081.8988468947564
2019-08-08,2091.7775625463887
2019-08-09,2087.150348531708
2019-08-12,2092.746460406442
2019-08-13,2094.7983997879774
2019-08-14,2093.3084464910603
2019-08-15,2100.7585746271575
2019-08-16,2101.0428595274384
2019-08-19,2096.1748286500324
2019-08-20,2099.681344471661
2019-08-21,2099.241293707489
2019-08-22,2096.025636049693
2019-08-23,2099.587292322934
2019-08-26,2102.400340970738
2019-08-27,2109.6128799543058
2019-08-28,2112.5676978555366
2019-08-29,2113.0431016480525
2019-08-30,2111.9460766855777
2019-09-03,2115.2593150756065
2019-09-04,2121.143985061701
2019-09-05,2146.2135539782253
2019-09-06,2145.073540302172
2019-09-09,2138.231140070759
2019-09-10,2120.5951953397034
2019-09-11,2125.2906032542314
2019-09-12,2125.551229050013
2019-09-13,2115.482186123644
2019-09-16,2121.4097253687564
2019-09-17,2124.8247616913695
2019-09-18,2123.5494340538608
2019-09-19,2126.066580310933
2019-09-20,2131.319071027413
2019-09-23,2133.6157544384105
2019-09-24,2136.5186017499213
2019-09-25,2126.4137454302045
2019-09-26,2127.447516050839
2019-09-27,2124.0882682263587
2019-09-30,2119.178985586187
2019-10-01,2117.1352847075013
2019-10-02,2116.1511513038604
2019-10-03,2089.6529775119675
2019-10-04,2104.4337672252123
2019-10-07,2096.597386655306
2019-10-08,2095.246726688311
2019-10-09,2097.3617256856696
2019-10-10,2091.6622007733877
2019-10-11,2089.5215256498836
2019-10-14,2092.8351701877577
2019-10-15,2090.2077471501407
2019-10-16,2092.36273555083
2019-10-17,2093.3838511477566
2019-10-18,2091.3302862154355
2019-10-21,2089.738818304833
2019-10-22,2091.396152126863
2019-10-23,2090.2021699992447
2019-10-24,2093.17871582483
2019-10-25,2094.2218588691794
2019-10-28,2090.2084100302013
2019-10-29,2089.1837558285843
2019-10-30,2101.7414878635714
2019-10-31,2108.9908715130427
2019-11-01,2111.163628923623
2019-11-04,2107.6376426661473
2019-11-05,2139.231680410462
2019-11-06,2142.8794001269252
2019-11-07,2132.5788232451023
2019-11-08,2129.847740952044
2019-11-11,2128.355419552171
2019-11-12,2131.5583137515796
2019-11-13,2135.1780111419466
2019-11-14,2140.5073444246664
2019-11-15,2146.7092349461263
2019-11-18,2148.802146341158
2019-11-19,2151.21434608194
2019-11-20,2152.9562849202243
2019-11-21,2148.2096251273015
2019-11-22,2148.682495613849
2019-11-25,2150.7139061287044
2019-11-26,2155.3163063235193
2019-11-27,2154.035845722299
2019-11-29,2154.4681001187932
2019-12-02,2146.1632877395214
2019-12-03,2153.5176224662
2019-12-04,2143.003767348441
2019-12-05,2152.3318679955946
2019-12-06,2155.988829068946
2019-12-09,2155.2115684353043
2019-12-10,2155.829228405689
2019-12-11,2162.1282139187556
2019-12-12,2159.3077698797447
2019-12-13,2164.8322573443847
2019-12-16,2164.9415437191665
2019-12-17,2164.601742641785
2019-12-18,2162.3737999894583
2019-12-19,2164.8357890945717
2019-12-20,2165.3930215489436
2019-12-23,2166.8241555034706
2019-12-24,2171.5071128017707
2019-12-26,2177.6856226862865
2019-12-27,2177.879160250929
2019-12-30,2175.5143405800145
2019-12-31,2174.5481605802597
2020-01-02,2184.693789749389
2020-01-03,2174.098412772897
2020-01-06,2203.409030691644
2020-01-07,2202.543329060847
2020-01-08,2199.5648280240584
2020-01-09,2200.9745408952367
2020-01-10,2204.872646271996
2020-01-13,2203.690708691588
2020-01-14,2204.140422437977
2020-01-15,2209.5455145373885
2020-01-16,2211.4880818920274
2020-01-17,2211.2398764125032
2020-01-21,2213.877798130925
2020-01-22,2215.121579307539
2020-01-23,2218.644298826084
2020-01-24,2219.7567651374466
2020-01-27,2220.643702352447
2020-01-28,2218.7222651378174
2020-01-29,2223.752886203847
2020-01-30,2225.209726179952
2020-01-31,2214.1977346567573
2020-02-03,2213.340960913833
2020-02-04,2209.852644209132
2020-02-05,2246.7884527124625
2020-02-06,2251.889940961693
2020-02-07,2261.167707696065
2020-02-10,2266.376954563583
2020-02-11,2264.0517035048438
2020-02-12,2264.8988580209234
2020-02-13,2268.058051101165
2020-02-14,2271.941631674938
2020-02-18,2278.491427031508
2020-02-19,2283.136039377932
2020-02-20,2285.5322063586655
2020-02-21,2290.7132440883265
2020-02-24,2285.3729975053407
2020-02-25,2257.348740738125
2020-02-26,2256.3283671573695
2020-02-27,2241.9695598857734
2020-02-28,2231.655090445935
2020-03-02,2265.1569589853348
2020-03-03,2273.122196616585
2020-03-04,2275.5753273769133
2020-03-05,2280.1916939493913
2020-03-06,2291.0102262472215
2020-03-09,2272.1764722505754
2020-03-10,2261.9133943772867
2020-03-11,2229.7727190442615
2020-03-12,2179.993811584352
2020-03-13,2187.0928488115637
2020-03-16,2165.0605656498346
2020-03-17,2164.5549869674755
2020-03-18,2121.852973134838
2020-03-19,2123.1071128501085
2020-03-20,2137.380748969122
2020-03-23,2161.5799748388863
2020-03-24,2201.729473486161
2020-03-25,2199.7510277103524
2020-03-26,2225.822429925852
2020-03-27,2221.7786111078494
2020-03-30,2231.5987350838654
2020-03-31,2209.5519488449645
2020-04-01,2202.8282292826207
2020-04-02,2215.328406509165
2020-04-03,2210.766140699506
2020-04-06,2243.538634230589
2020-04-07,2237.7922638709647
2020-04-08,2242.8272260371787
2020-04-09,2260.6751760308625
2020-04-13,2262.2903915099005
2020-04-14,2276.3804049822875
2020-04-15,2278.6133010465683
2020-04-16,2283.875259058913
2020-04-17,2279.681091893391
2020-04-20,2279.2405925338685
2020-04-21,2269.450061083978
2020-04-22,2282.7194182605785
2020-04-23,2289.211989343979
2020-04-24,2292.9900719776992
2020-04-27,2288.5907066745244
2020-04-28,2288.79905500938
2020-04-29,2299.2042511073246
2020-04-30,2283.4499093739432
2020-05-01,2278.4334784787775
2020-05-04,2279.459449697127
2020-05-05,2287.1959009791044
2020-05-06,2273.247354298166
2020-05-07,2290.500751511093
2020-05-08,2289.3355891806345
2020-05-11,2283.8092657913367
2020-05-12,2282.7969775899473
2020-05-13,2283.119867964422
2020-05-14,2294.8968830456806
2020-05-15,2298.505370466566
2020-05-18,2298.4701120385416
2020-05-19,2300.516511812936
2020-05-20,2309.03924143704
2020-05-21,2300.1827265242637
2020-05-22,2305.729555142488
2020-05-26,2299.1026707847413
2020-05-27,2305.0180186552698
2020-05-28,2304.7401817542823
2020-05-29,2312.3226647615625
2020-06-01,2313.238804922445
2020-06-02,2312.1931945159977
2020-06-03,2371.0272465895277
2020-06-04,2370.2067449793467
2020-06-05,2358.762008558158
2020-06-08,2369.9041636961156
2020-06-09,2375.004981001895
2020-06-10,2384.3624741110234
2020-06-11,2363.368784417431
2020-06-12,2365.514366822894
2020-06-15,2368.4602655967656
2020-06-16,2374.137849716338
2020-06-17,2374.78667176426
2020-06-18,2377.45580011242
2020-06-19,2378.95470953609
2020-06-22,2388.540881693708
2020-06-23,2392.219616537272
2020-06-24,2383.838331459898
2020-06-25,2388.701284079159
2020-06-26,2385.111360471113
2020-06-29,2390.032608195685
2020-06-30,2395.556154794509
2020-07-01,2394.8987647542526
2020-07-02,2398.5889603249557
2020-07-03,2402.373318830441
2020-07-06,2419.881589449596
2020-07-07,2423.4925553421363
2020-07-08,2428.3000254640774
2020-07-09,2430.036713735019
2020-07-10,2431.0983867391055
2020-07-13,2429.296331485361
2020-07-14,2437.367163241449
2020-07-15,2440.0053811262787
2020-07-16,2435.552028687064
2020-07-17,2440.139602844947
2020-07-20,2446.6725692897844
2020-07-21,2453.8274827789155
2020-07-22,2464.8889038313296
2020-07-23,2468.4009915885017
2020-07-24,2470.166607759189
2020-07-27,2482.1340713545414
2020-07-28,2486.37110961567
2020-07-29,2494.9382822382654
2020-07-30,2491.7994830900493
2020-07-31,2499.769951949888
2020-08-03,2501.046281986264
2020-08-04,2517.5500731728284
2020-08-05,2554.898446127954
2020-08-06,2567.1149373863063
2020-08-07,2556.0759347956246
2020-08-10,2553.8371890493117
2020-08-11,2516.28808710902
2020-08-12,2521.251298849267
2020-08-13,2529.1843572421913
2020-08-14,2525.605186256912
2020-08-17,2539.409457731627
2020-08-18,2544.885443211626
2020-08-19,2523.616447491933
2020-08-20,2531.670932258846
2020-08-21,2530.920544779642
2020-08-24,2531.76444519135
2020-08-25,2531.3800987742866
2020-08-26,2540.783932200958
2020-08-27,2529.8482230393884
2020-08-28,2541.767905920203
2020-08-31,2543.672468638162
2020-09-01,2557.699777394815
2020-09-02,2560.3735506675166
2020-09-03,2528.8923032293774
2020-09-04,2520.222021227474
2020-09-08,2509.220004550184
2020-09-09,2521.9524604559215
2020-09-10,2514.4650745420486
2020-09-11,2514.8503115875724
2020-09-14,2525.273841937547
2020-09-15,2525.3834799745932
2020-09-16,2524.198465269822
2020-09-17,2518.389218508586
2020-09-18,2511.392634428389
2020-09-21,2497.5802253745237
2020-09-22,2499.1040644413256
2020-09-23,2478.4210787155207
2020-09-24,2472.261232889261
2020-09-25,2480.2039473367017
2020-09-28,2491.4338671765263
2020-09-29,2495.855639446286
2020-09-30,2492.76865613994
2020-10-01,2500.218441425365
2020-10-02,2494.410021530913
2020-10-05,2527.3813957830735
2020-10-06,2516.7591142702154
2020-10-07,2521.6153274942217
2020-10-08,2529.0983334811253
2020-10-09,2542.4225417655134
2020-10-12,2549.1712961446747
2020-10-13,2540.241964221097
2020-10-14,2539.773176351064
2020-10-15,2540.592066236738
2020-10-16,2537.5689701713945
2020-10-19,2534.308496230504
2020-10-20,2535.4358685432785
2020-10-21,2537.419445331978
2020-10-22,2532.300850017718
2020-10-23,2535.379863477553
2020-10-26,2532.371071741422
2020-10-27,2534.423762860206
2020-10-28,2511.412507776081
2020-10-29,2510.4117205094067
2020-10-30,2494.5731115381145
2020-11-02,2506.249844369744
2020-11-03,2514.7778468982187
2020-11-04,2483.348668001957
2020-11-05,2504.502305757399
2020-11-06,2501.1987782990486
2020-11-09,2476.2610658459666
2020-11-10,2475.4251652594226
2020-11-11,2477.6879006699633
2020-11-12,2481.766919031267
2020-11-13,2491.1358784618683
2020-11-16,2496.1281778595308
2020-11-17,2493.8011692609653
2020-11-18,2486.2055774361797
2020-11-19,2488.892169469558
2020-11-20,2490.210549552612
2020-11-23,2481.3333997892128
2020-11-24,2477.7889411859896
2020-11-25,2475.8565581187345
2020-11-27,2475.2774919091908
2020-11-30,2469.5711082291696
2020-12-01,2479.59096544546
2020-12-02,2481.8131305182837
2020-12-03,2526.7660317735345
2020-12-04,2524.660371532792
2020-12-07,2534.0942640093817
2020-12-08,2538.7318257359702
2020-12-09,2524.611665562858
2020-12-10,2526.3777692371627
2020-12-11,2528.0165663795256
2020-12-14,2522.2097763503934
2020-12-15,2537.0604711625247
2020-12-16,2539.7531855726825
2020-12-17,2546.5388092561393
2020-12-18,2540.7420903013613
2020-12-21,2538.674008513158
2020-12-22,2535.47033860794
2020-12-23,2537.1025631871807
2020-12-24,2542.208317116805
2020-12-28,2544.167787013969
2020-12-29,2544.715089423294
2020-12-30,2550.046282034658
2020-12-31,2554.8646810877726
2021-01-04,2559.5457496653335
2021-01-05,2551.7765283810486
2021-01-06,2574.8015666901147
2021-01-07,2578.026798129099
2021-01-08,2561.7370381431174
2021-01-11,2556.870272906449
2021-01-12,2560.021090340437
2021-01-13,2562.6099453651036
2021-01-14,2557.7042219005134
2021-01-15,2549.0617812427517
2021-01-19,2556.8253017759034
2021-01-20,2572.164355627367
2021-01-21,2570.116824145865
2021-01-22,2565.3037871847673
2021-01-25,2571.405273436656
2021-01-26,2568.743995469157
2021-01-27,2554.157664408959
2021-01-28,2557.02937686772
2021-01-29,2534.727349839329
2021-02-01,2547.4272468483687
2021-02-02,2546.0012103684217
2021-02-03,2503.5327511683336
2021-02-04,2497.451554720931
2021-02-05,2502.1628869325023
2021-02-08,2512.133647439717
2021-02-09,2513.6241851073064
2021-02-10,2517.3155161576524
2021-02-11,2512.0339799599933
2021-02-12,2509.2237463365773
2021-02-16,2496.9026754170272
2021-02-17,2493.3396315078
2021-02-18,2489.9331861505143
2021-02-19,2493.1501224351555
2021-02-22,2494.328422316612
2021-02-23,2482.9266260483505
2021-02-24,2494.656686683336
2021-02-25,2468.0574471247346
2021-02-26,2463.381728181944
2021-03-01,2475.722529179001
2021-03-02,2474.43817126822
2021-03-03,2440.0571564305847
2021-03-04,2427.444082155436
2021-03-05,2427.1887897986867
2021-03-08,2417.5718178005736
2021-03-09,2438.413312298109
2021-03-10,2444.591922114647
2021-03-11,2447.221011692159
2021-03-12,2441.730117360027
2021-03-15,2448.531052438043
2021-03-16,2447.1933405472
2021-03-17,2450.3022571924757
2021-03-18,2437.1792230355236
2021-03-19,2438.294646757956
2021-03-22,2444.7006116873968
2021-03-23,2427.953588625876
2021-03-24,2428.602693382206
2021-03-25,2432.6152798059884
2021-03-26,2449.264034223551
2021-03-29,2440.8975139436598
2021-03-30,2432.938763697886
2021-03-31,2440.409292915786
2021-04-01,2456.0860195126543
2021-04-05,2474.4935497703605
2021-04-06,2525.991928300436
2021-04-07,2523.296727367473
2021-04-08,2533.3365355655287
2021-04-09,2532.440896067368
2021-04-12,2529.554484203757
2021-04-13,2536.7041265465455
2021-04-14,2537.629313145875
2021-04-15,2555.8870959786573
2021-04-16,2558.3646729414313
2021-04-19,2543.1204761531053
2021-04-20,2542.2787762051125
2021-04-21,2552.806066942741
2021-04-22,2545.9084191957018
2021-04-23,2549.09334586055
2021-04-26,2556.6633619695403
2021-04-27,2552.779794963365
2021-04-28,2554.296261748167
2021-04-29,2554.91602901125
2021-04-30,2550.3740015629296
2021-05-03,2557.5707312600307
2021-05-04,2552.5435447852933
2021-05-05,2548.0856311814696
2021-05-06,2564.782221364568
2021-05-07,2573.837289050919
2021-05-10,2566.9825657321067
2021-05-11,2560.611109788472
2021-05-12,2550.354055923475
2021-05-13,2559.200215071137
2021-05-14,2595.736340920076
2021-05-17,2599.6780242913956
2021-05-18,2595.3426656340475
2021-05-19,2593.549006719558
2021-05-20,2604.023345826696
2021-05-21,2604.6771666265213
2021-05-24,2612.1640417636245
2021-05-25,2618.2969425474257
2021-05-26,2618.0128445620403
2021-05-27,2617.3418749518714
2021-05-28,2619.841961791269
2021-06-01,2617.40925041392
2021-06-02,2621.5040072346146
2021-06-03,2644.1469810399894
2021-06-04,2658.6231602166163
2021-06-07,2664.523444798061
2021-06-08,2665.0835675912504
2021-06-09,2665.7715685709118
2021-06-10,2672.362840177245
2021-06-11,2666.8690184120187
2021-06-14,2662.760478448822
2021-06-15,2659.4363213572583
2021-06-16,2647.2891926591446
2021-06-17,2624.864554665341
2021-06-18,2618.407523371842
2021-06-21,2627.072625356802
2021-06-22,2646.7831581068194
2021-06-23,2644.9006773751184
2021-06-24,2648.3415715546353
2021-06-25,2648.8285970335164
2021-06-28,2652.9844925918665
2021-06-29,2648.6063754186157
2021-06-30,2652.7875080610047
2021-07-01,2657.0957728932153
2021-07-02,2666.4448107170606
2021-07-05,2661.0037365317235
2021-07-06,2685.6799635062816
2021-07-07,2692.240808434645
2021-07-08,2672.8172319791743
2021-07-09,2676.057606497704
2021-07-12,2689.541121714472
2021-07-13,2685.7942276801778
2021-07-14,2695.5194693282647
2021-07-15,2697.0314819657397
2021-07-16,2687.132535289621
2021-07-19,2672.806959741164
2021-07-20,2677.1396078868975
2021-07-21,2699.6516956112055
2021-07-22,2712.089230467872
2021-07-23,2714.3014687402074
2021-07-26,2713.5737686514713
2021-07-27,2715.0879227369905
2021-07-28,2717.3980169007955
2021-07-29,2723.5783747601936
2021-07-30,2718.3091364431293
2021-08-02,2718.921630821446
2021-08-03,2723.345747405141
2021-08-04,2709.929915805651
2021-08-05,2709.8863598840735
2021-08-06,2693.1908036602817
2021-08-09,2682.978041854314
2021-08-10,2682.370674542814
2021-08-11,2690.2608151540494
2021-08-12,2691.59668798741
2021-08-13,2705.672186928871
2021-08-16,2710.259749371682
2021-08-17,2705.559078302805
2021-08-18,2702.4089680132042
2021-08-19,2692.7528604823597
2021-08-20,2720.2927133788344
2021-08-23,2731.1103768953567
2021-08-24,2729.3546567248823
2021-08-25,2724.5701641464316
2021-08-26,2722.5386145017146
2021-08-27,2743.497080904686
2021-08-30,2744.4397978927027
2021-08-31,2742.4512103599964
2021-09-01,2742.869194393655
2021-09-02,2744.6833758980074
2021-09-03,2792.556241161966
2021-09-07,2784.9935033341776
2021-09-08,2785.147868992588
2021-09-09,2788.550393117428
2021-09-10,2778.680775564766
2021-09-13,2771.6272897784393
2021-09-14,2775.426090054147
2021-09-15,2774.679541639911
2021-09-16,2761.096178756249
2021-09-17,2758.634243709089
2021-09-20,2756.389395851864
2021-09-21,2758.871727527717
2021-09-22,2764.2652765588427
2021-09-23,2774.3803886402457
2021-09-24,2771.6581219359505
2021-09-27,2769.8792302821043
2021-09-28,2748.9800119600022
2021-09-29,2748.3616585075406
2021-09-30,2750.0153266956604
2021-10-01,2759.898109841278
2021-10-04,2741.883695918642
2021-10-05,2713.7064612635413
2021-10-06,2718.975508802193
2021-10-07,2718.1146139444886
2021-10-08,2715.158877355352
2021-10-11,2709.239437190462
2021-10-12,2715.097543802066
2021-10-13,2728.546289060149
2021-10-14,2740.3467570004295
2021-10-15,2734.998206726343
2021-10-18,2736.7637199490737
2021-10-19,2738.7276840945224
2021-10-20,2743.359375305852
2021-10-21,2743.8686561545787
2021-10-22,2749.442365016719
2021-10-25,2755.6415012579787
2021-10-26,2760.2315703637273
2021-10-27,2764.2916112238554
2021-10-28,2768.8435978823472
2021-10-29,2766.7911820459485
2021-11-01,2767.6884687431734
2021-11-02,2770.5822576736055
2021-11-03,2783.1588267255493
2021-11-04,2794.854831379833
2021-11-05,2808.0103009305994
2021-11-08,2809.517936667742
2021-11-09,2814.0840283076286
2021-11-10,2813.9786663112495
2021-11-11,2816.4360777422835
2021-11-12,2823.4330643331305
2021-11-15,2819.019010417105
2021-11-16,2816.949408814575
2021-11-17,2822.552719091012
2021-11-18,2824.073991870131
2021-11-19,2822.215794690708
2021-11-22,2805.316768040374
2021-11-23,2810.9787633627643
2021-11-24,2816.852921233055
2021-11-26,2810.511760932767
2021-11-29,2819.0195939989676
2021-11-30,2808.5208668856912
2021-12-01,2805.356720820786
2021-12-02,2811.729984993358
2021-12-03,2783.365346150824
2021-12-06,2784.5973580699947
2021-12-07,2795.8471619841503
2021-12-08,2792.4198273941597
2021-12-09,2786.950958351496
2021-12-10,2794.0488064497795
2021-12-13,2799.1209329638173
2021-12-14,2789.5191663304545
2021-12-15,2798.074639308963
2021-12-16,2798.4973352851466
2021-12-17,2792.2970078769968
2021-12-20,2768.1279622808242
2021-12-21,2781.0517904107214
2021-12-22,2793.0641106265866
2021-12-23,2795.2557995239576
2021-12-27,2805.732915579255
2021-12-28,2801.8673747641606
2021-12-29,2799.1563673923993
2021-12-30,2803.6485678363906
2021-12-31,2806.0788432557238
2022-01-03,2793.678652684382
2022-01-04,2796.099780865629
2022-01-05,2782.9822580278815
2022-01-06,2776.661241033232
2022-01-07,2774.23430745955
2022-01-10,2775.6470154106546
2022-01-11,2794.2479629887216
2022-01-12,2796.094235883931
2022-01-13,2788.36019720464
2022-01-14,2782.172362038472
2022-01-17,2781.9188124608945
2022-01-18,2765.3296313161873
2022-01-19,2769.3537337424214
2022-01-20,2751.8476737987166
2022-01-21,2730.932432327707
2022-01-24,2733.9193488525534
2022-01-25,2743.573497264105
2022-01-26,2738.4070670827346
2022-01-27,2734.161837515935
2022-01-28,2747.286830305313
2022-01-31,2759.499597345817
2022-02-01,2762.5300957994164
2022-02-02,2771.429117449119
2022-02-03,2778.5984761652007
2022-02-04,2777.366185356659
2022-02-07,2779.4964378496616
2022-02-08,2783.8572635477385
2022-02-09,2795.0949953694917
2022-02-10,2776.2381699417338
2022-02-11,2779.1890873922266
2022-02-14,2775.9754333525143
2022-02-15,2777.19879192231
2022-02-16,2785.3172057274396
2022-02-17,2782.0404131006994
2022-02-18,2780.929168816854
2022-02-22,2777.390226066542
2022-02-23,2765.324568221953
2022-02-24,2770.741044644569
2022-02-25,2786.3666362914464
2022-02-28,2797.2648055431273
2022-03-01,2801.692044337552
2022-03-02,2795.552668974552
2022-03-03,2734.7057630870686
2022-03-04,2744.080672912498
2022-03-07,2732.6750672931776
2022-03-08,2740.7606737134056
2022-03-09,2735.370285053982
2022-03-10,2730.1676064143785
2022-03-11,2719.726526696112
2022-03-14,2699.7278627972914
2022-03-15,2701.238849716142
2022-03-16,2720.030427120204
2022-03-17,2731.8201682830113
2022-03-18,2735.012218160474
2022-03-21,2731.741373981254
2022-03-22,2731.024585144204
2022-03-23,2736.934123276079
2022-03-24,2747.760530056894
2022-03-25,2744.0117625383778
2022-03-28,2740.3456410854014
2022-03-29,2750.4153614097468
2022-03-30,2753.3135967854105
2022-03-31,2744.6695829064474
2022-04-01,2743.01309924405
2022-04-04,2749.074297037685
2022-04-05,2735.3555036627668
2022-04-06,2728.4581915418175
2022-04-07,2731.670449574758
2022-04-08,2730.337234825219
2022-04-11,2718.5548683200304
2022-04-12,2720.7843702989276
2022-04-13,2730.9045058598213
2022-04-14,2715.9102585737737
2022-04-18,2716.615415014695
2022-04-19,2715.226717944791
2022-04-20,2722.781715847435
2022-04-21,2709.5299198974635
2022-04-22,2686.167209372115
2022-04-25,2682.4486569412893
2022-04-26,2669.474501614799
2022-04-27,2663.479189667016
2022-04-28,2689.3795057656516
2022-04-29,2664.1907737109686
2022-05-02,2652.4866336059977
2022-05-03,2658.067106559126
2022-05-04,2684.392900935592
2022-05-05,2654.408977847216
2022-05-06,2648.287393428695
2022-05-09,2625.3327882180765
2022-05-10,2624.208258070334
2022-05-11,2624.7422479388097
2022-05-12,2615.8693531729377
2022-05-13,2620.5107731618646
2022-05-16,2623.109984743241
2022-05-17,2631.9894772366297
2022-05-18,2615.3424291161614
2022-05-19,2620.6268749950314
2022-05-20,2624.222428219287
2022-05-23,2632.2540540175505
2022-05-24,2637.5365323108545
2022-05-25,2640.1710827107854
2022-05-26,2648.8132956698246
2022-05-27,2663.212616715349
2022-05-30,2666.3506188353977
2022-05-31,2652.2339472937474
2022-06-01,2649.808332253433
2022-06-02,2667.037338001448
2022-06-03,2705.393379921703
2022-06-06,2699.8959229566917
2022-06-07,2711.3373287568847
2022-06-08,2702.402793048282
2022-06-09,2688.163828377268
2022-06-10,2677.1558966090574
2022-06-13,2634.332942521115
2022-06-14,2625.2662125135853
2022-06-15,2644.3451190368337
2022-06-16,2623.3466279596914
2022-06-17,2618.645221276915
2022-06-21,2624.984540039458
2022-06-22,2633.2275039972988
2022-06-23,2637.1299700750465
2022-06-24,2649.4216291400535
2022-06-27,2644.548884707481
2022-06-28,2634.0223172424685
2022-06-29,2637.19844355638
2022-06-30,2632.3874965982786
2022-07-01,2639.7971919819297
2022-07-05,2623.5438906679874
2022-07-06,2606.0384039676337
2022-07-07,2611.7647466897974
2022-07-08,2608.604200076614
2022-07-11,2604.1657759927116
2022-07-12,2599.282108594452
2022-07-13,2601.5589060099983
2022-07-14,2591.237938387978
2022-07-15,2601.5558862516937
2022-07-18,2595.0006691643766
2022-07-19,2608.574765736982
2022-07-20,2607.9712405592554
2022-07-21,2625.0487935642586
2022-07-22,2625.9813713391704
2022-07-25,2622.623492625432
2022-07-26,2615.810336219162
2022-07-27,2633.4304421456945
2022-07-28,2637.2388541796545
2022-07-29,2645.944238043142
2022-08-01,2652.534986097935
2022-08-02,2639.719933757714
2022-08-03,2684.077094944725
2022-08-04,2692.2232063236593
2022-08-05,2678.6004528720505
2022-08-08,2686.4736024296963
2022-08-09,2693.3518572614666
2022-08-10,2702.283320075649
2022-08-11,2695.002811580791
2022-08-12,2711.848709990026
2022-08-15,2707.551740336533
2022-08-16,2708.6603429747524
2022-08-17,2698.4888809157123
2022-08-18,2699.497124294967
2022-08-19,2683.9265817115725
2022-08-22,2667.649221363151
2022-08-23,2668.530221215354
2022-08-24,2669.813474701239
2022-08-25,2682.689691980631
2022-08-26,2659.1592951883576
2022-08-29,2653.682185555608
2022-08-30,2644.06819018207
2022-08-31,2633.8242887342476
2022-09-01,2625.929275255917
2022-09-02,2626.30399823979
2022-09-05,2638.1141354785796
2022-09-06,2566.755533613099
2022-09-07,2585.122898316674
2022-09-08,2583.0496765905013
2022-09-09,2594.7403800358593
2022-09-12,2601.201039407165
2022-09-13,2570.4931940364695
2022-09-14,2571.27600267881
2022-09-15,2555.7998989724774
2022-09-16,2550.4380431391296
2022-09-19,2555.1705597433966
2022-09-20,2544.0171980588652
2022-09-21,2540.820756673974
2022-09-22,2529.977435722468
2022-09-23,2500.504118710158
2022-09-26,2485.3549904817846
2022-09-27,2479.1905005968456
2022-09-28,2506.614458288651
2022-09-29,2494.6359203195934
2022-09-30,2484.0387881952674
2022-10-03,2511.4569863440274
2022-10-04,2533.232484348505
2022-10-05,2573.9861615968757
2022-10-06,2566.712204540546
2022-10-07,2544.9030776137342
2022-10-10,2530.3513205912213
2022-10-11,2527.326267594047
2022-10-12,2529.520721020792
2022-10-13,2536.2957777658085
2022-10-14,2517.2410861059143
2022-10-17,2530.201783538786
2022-10-18,2537.6310536487017
2022-10-19,2523.5533850723114
2022-10-20,2514.8831739366797
2022-10-21,2532.007837886751
2022-10-24,2534.9655982586546
2022-10-25,2550.1834302508523
2022-10-26,2552.377263463134
2022-10-27,2551.4558781090554
2022-10-28,2557.1050402487263
2022-10-31,2547.7021401121974
2022-11-01,2551.065157655874
2022-11-02,2533.7370409718337
2022-11-03,2502.345589392612
2022-11-04,2520.6273378303977
2022-11-07,2521.407573367039
2022-11-08,2537.6078397910405
2022-11-09,2525.487563988751
2022-11-10,2565.604553519803
2022-11-11,2573.263704776878
2022-11-14,2569.102880364891
2022-11-15,2579.0210506383773
2022-11-16,2578.4251621181875
2022-11-17,2570.5713090030013
2022-11-18,2567.827822259359
2022-11-21,2563.9415531682807
2022-11-22,2578.58650725961
2022-11-23,2589.058972651391
2022-11-25,2588.63974873427
2022-11-28,2576.670517002051
2022-11-29,2575.538103959846
2022-11-30,2600.937524629538
2022-12-01,2616.3573043913966
2022-12-02,2616.748151499768
2022-12-03,2619.750848365853
2022-12-05,2606.4386914198803
2022-12-06,2603.1653284756057
2022-12-07,2612.646144411936
2022-12-08,2616.4053284583106
2022-12-09,2608.023910830254
2022-12-12,2606.976337081215
2022-12-13,2622.5284787835526
2022-12-14,2618.8063898043756
2022-12-15,2597.0942170690496
2022-12-16,2590.508978060476
2022-12-19,2580.570778308833
2022-12-20,2585.7315006036115
2022-12-21,2599.468918250018
2022-12-22,2585.5958552304273
2022-12-23,2586.734012554131
2022-12-27,2584.422238069995
2022-12-28,2574.4148619665702
2022-12-29,2589.034979152938
2022-12-30,2587.4516670787107
2023-01-03,2590.325800527553
2023-01-04,2602.1609593195344
2023-01-05,2603.15046248253
2023-01-06,2631.3847388819495
2023-01-09,2633.8389784747537
2023-01-10,2635.679664968192
2023-01-11,2646.4984243563376
2023-01-12,2660.4597712964355
2023-01-13,2666.9767035259856
2023-01-17,2660.617920447572
2023-01-18,2656.2162275830883
2023-01-19,2659.710505660198
2023-01-20,2664.019802345955
2023-01-23,2670.659774359316
2023-01-24,2675.7422141790757
2023-01-25,2679.411887720447
2023-01-26,2679.1157752807103
2023-01-27,2679.020210832955
2023-01-30,2669.0397888013813
2023-01-31,2682.038490253582
2023-02-01,2698.0133214792863
2023-02-02,2694.629274499307
2023-02-03,2681.2675374110413
2023-02-06,2676.3993442439987
2023-02-07,2689.346633943971
2023-02-08,2685.4129785501173
2023-02-09,2675.4292556133414
2023-02-10,2675.0983654422225
2023-02-13,2681.6314610485897
2023-02-14,2680.7975045157227
2023-02-15,2674.8823962483984
2023-02-16,2662.8421134421114
2023-02-17,2665.035463352033
2023-02-21,2646.1242582149152
2023-02-22,2644.389656622305
2023-02-23,2649.5653026846257
2023-02-24,2637.1644431736245
2023-02-27,2642.1097188893827
2023-02-28,2643.5176670899486
2023-03-01,2640.6661216832417
2023-03-02,2642.8135031564907
2023-03-03,2682.230424539918
2023-03-06,2677.859622000809
2023-03-07,2660.016581174733
2023-03-08,2660.8221353500003
2023-03-09,2645.964149098634
2023-03-10,2659.0570973529248
2023-03-13,2663.2057196598944
2023-03-14,2664.251997456229
2023-03-15,2671.0853982925537
2023-03-16,2679.4046867446823
2023-03-17,2692.3106753964803
2023-03-20,2695.5537666302002
2023-03-21,2688.7522789207487
2023-03-22,2693.1846093886497
2023-03-23,2702.8903254253596
2023-03-24,2700.8937481278463
2023-03-27,2689.717039708218
2023-03-28,2693.5311321077606
2023-03-29,2698.3054453872974
2023-03-30,2708.2574975478474
2023-03-31,2717.2027740084395
2023-04-03,2723.3777941359913
2023-04-04,2733.0843643609533
2023-04-05,2787.6601033842335
2023-04-06,2786.12527491801
2023-04-10,2777.436415300105
2023-04-11,2781.9200859891243
2023-04-12,2782.4701602253417
2023-04-13,2801.400801282135
2023-04-14,2786.183554067827
2023-04-17,2782.419867878297
2023-04-18,2791.6788856052835
2023-04-19,2788.2443446038606
2023-04-20,2789.9277185598053
2023-04-21,2782.861426289831
2023-04-24,2787.8747019278535
2023-04-25,2791.5403289249207
2023-04-26,2782.856726483774
2023-04-27,2796.8037632194837
2023-04-28,2806.1766728109296
2023-05-01,2794.244331949865
2023-05-02,2805.7442389809685
2023-05-03,2822.2273824433
2023-05-04,2820.333999274743
2023-05-05,2824.521439153719
2023-05-08,2821.7265785416594
2023-05-09,2822.5754508696104
2023-05-10,2827.276608516558
2023-05-11,2823.5663415722133
2023-05-12,2819.353298970339
2023-05-15,2817.4963618692127
2023-05-16,2804.8439851568382
2023-05-17,2809.030652345562
2023-05-18,2804.8379994074794
2023-05-19,2808.0619438294925
2023-05-22,2805.991248102835
2023-05-23,2800.551163925611
2023-05-24,2789.940713086119
2023-05-25,2788.3091789744167
2023-05-26,2790.4783008393806
2023-05-30,2797.1198183658234
2023-05-31,2796.916377115168
2023-06-01,2807.514793161573
2023-06-02,2804.2559488596635
2023-06-03,2806.8425931944976
2023-06-05,2861.1934186682074
2023-06-06,2875.0032018343077
2023-06-07,2862.0188179681154
2023-06-08,2876.617680712351
2023-06-09,2875.4170446644093
2023-06-12,2881.405197005978
2023-06-13,2878.4380986832557
2023-06-14,2881.2526595458717
2023-06-15,2895.9580856206835
2023-06-16,2897.517556739592
2023-06-20,2889.747491881696
2023-06-21,2886.2249263357107
2023-06-22,2879.546601253979
2023-06-23,2878.902151215547
2023-06-26,2877.7646790797244
2023-06-27,2887.375518427382
2023-06-28,2887.5878195416635
2023-06-29,2884.645490949979
2023-06-30,2898.8408021034566
2023-07-03,2901.6223091175852
2023-07-05,2897.9692833725167
2023-07-06,2886.7560031536796
2023-07-07,2888.370997219279
2023-07-10,2894.3732418008003
2023-07-11,2901.7743010071863
2023-07-12,2905.7203121635202
2023-07-13,2914.2955128771555
2023-07-14,2910.068857705732
2023-07-17,2912.9458693657652
2023-07-18,2925.6869492380965
2023-07-19,2929.966549189041
2023-07-20,2919.411203556582
2023-07-21,2917.6655825405674
2023-07-23,2919.24769951093
2023-07-24,2923.472066056621
2023-07-25,2928.123761430247
2023-07-26,2931.5838705622664
2023-07-27,2900.6829133757956
2023-07-28,2913.2805404793567
2023-07-31,2916.752616146702
2023-08-01,2903.541538218805
2023-08-02,2889.2131707730787
2023-08-03,2823.50052873439
2023-08-04,2832.104049618217
2023-08-07,2834.281683559697
2023-08-08,2830.3510428639847
2023-08-09,2824.236165457233
2023-08-10,2820.065022051791
2023-08-11,2818.97862860274
2023-08-14,2806.785516845306
2023-08-15,2796.428752736263
2023-08-16,2786.56991108695
2023-08-17,2768.636225594766
2023-08-18,2769.8737121647505
2023-08-21,2778.4072781159903
2023-08-22,2779.166575210129
2023-08-23,2797.8036501293136
2023-08-24,2787.2086153592363
2023-08-25,2792.626729940671
2023-08-28,2798.6989577662207
2023-08-29,2816.4159607689303
2023-08-30,2820.342927638292
2023-08-31,2819.594247545034
2023-09-01,2816.3540563092606
2023-09-03,2816.0039221970183
2023-09-05,2806.9625639327714
2023-09-06,2833.3559885411687
2023-09-07,2832.9779991989467
2023-09-08,2834.869910931895
2023-09-11,2848.7932111295972
2023-09-12,2843.34749564699
2023-09-13,2842.8860442830505
2023-09-14,2847.1415353555094
2023-09-15,2839.4554316085746
2023-09-18,2844.474187882848
2023-09-19,2840.845034753767
2023-09-20,2835.9189334058906
2023-09-21,2815.7631336547747
2023-09-22,2818.113731086721
2023-09-25,2810.190137914463
2023-09-26,2783.7332743500974
2023-09-27,2775.60574796298
2023-09-28,2774.0456120230915
2023-09-29,2766.7397075099766
2023-10-02,2755.793699561592
2023-10-03,2752.5690894215586
2023-10-04,2721.393385612718
2023-10-05,2719.359709833102
2023-10-06,2726.945889145494
2023-10-09,2759.422341218861
2023-10-10,2761.322972303732
2023-10-11,2772.1474867457973
2023-10-12,2760.7854056912656
2023-10-13,2779.6273282576763
2023-10-16,2779.973224166956
2023-10-17,2778.385679655745
2023-10-18,2776.729601311258
2023-10-19,2774.858820506947
2023-10-20,2770.3286125159125
2023-10-23,2769.6600329957537
2023-10-24,2776.358307118281
2023-10-25,2765.49150071165
2023-10-26,2750.964932108982
2023-10-27,2743.002238381873
2023-10-30,2745.709945579208
2023-10-31,2763.8755652919426
2023-11-01,2771.7905417700904
2023-11-02,2790.0034351424465
2023-11-03,2819.0002862712136
2023-11-06,2813.3796743637163
2023-11-07,2815.771735415582
2023-11-08,2813.649852009138
2023-11-09,2806.039522869636
2023-11-10,2810.510612057753
2023-11-13,2812.805727472625
2023-11-14,2835.8489807963897
2023-11-15,2844.2016293162596
2023-11-16,2854.619267838608
2023-11-17,2856.175789403703
2023-11-20,2861.502435587002
2023-11-21,2866.611376048595
2023-11-22,2873.8088810061295
2023-11-24,2874.7568539928398
2023-11-27,2881.3793085335947
2023-11-28,2891.009768583202
2023-11-29,2894.5179261232133
2023-11-30,2891.9269781921703
2023-12-01,2909.807612140917
2023-12-03,2920.617812958564
2023-12-04,2902.3240945988573
2023-12-05,2892.8148339967893
2023-12-06,2895.2623768056155
2023-12-07,2900.1939159403328
2023-12-08,2892.545666256183
2023-12-11,2887.9923444278384
2023-12-12,2887.9766726036555
2023-12-13,2923.7910406224173
2023-12-14,2934.3393381664937
2023-12-15,2924.797743398153
2023-12-18,2929.5717714755438
2023-12-19,2939.226800627299
2023-12-20,2928.1377285717117
2023-12-21,2937.6924106113593
2023-12-22,2940.859103037995
2023-12-26,2949.071437392713
2023-12-27,2957.451610483622
2023-12-28,2952.3291274374283
2023-12-29,2947.380093012078
2024-01-02,2940.485495591982
2024-01-03,2927.200608440221
2024-01-04,2889.9731389927074
2024-01-05,2888.7982836512665
2024-01-08,2913.920357430685
2024-01-09,2911.6789850962277
2024-01-10,2913.1264627170813
2024-01-11,2915.7919654659163
2024-01-12,2922.3811463074608
2024-01-16,2910.4378487858744
2024-01-17,2898.943259509411
2024-01-18,2911.6785426937404
2024-01-19,2924.7145007834883
2024-01-22,2925.252468216487
2024-01-23,2927.9712930817336
2024-01-24,2922.220687475443
2024-01-25,2930.3418928498522
2024-01-26,2935.6873266239536
2024-01-29,2948.4284944987876
2024-01-30,2950.6030392360326
2024-01-31,2940.992899032433
2024-02-01,2960.100580043436
2024-02-02,2955.9481095857327
2024-02-03,2960.0836856498245
2024-02-05,2939.599741400415
2024-02-06,2947.415978583642
2024-02-07,2952.1303184129947
2024-02-08,2950.559330885598
2024-02-09,2951.8294126809787
2024-02-12,2950.162123316896
2024-02-13,2927.0966449567823
2024-02-14,2934.699214190421
2024-02-15,2945.167757409313
2024-02-16,2942.257086964474
2024-02-20,2942.301379347803
2024-02-21,2941.2798379567516
2024-02-22,2961.498271825765
2024-02-23,2968.5108902546117
2024-02-24,2971.667542627586
2024-02-26,2966.7479635536483
2024-02-27,2965.926724089051
2024-02-28,2967.6517837994097
2024-02-29,2975.1950180583085
2024-03-01,2994.5227272610728
2024-03-03,3041.722247853626
2024-03-04,3050.186918831592
2024-03-05,3055.6023782367165
2024-03-06,3066.0907615595834
2024-03-07,3077.2919485967986
2024-03-08,3078.0919191404637
2024-03-11,3078.3798486047717
2024-03-12,3077.023288768133
2024-03-13,3077.444857061193
2024-03-14,3069.6177346418553
2024-03-15,3059.8061065927877
2024-03-18,3064.6757795782214
2024-03-19,3068.8647919256573
2024-03-20,3088.36576872151
2024-03-21,3090.648418471139
2024-03-22,3086.0433650298264
2024-03-25,3084.867665048584
2024-03-26,3086.276714047797
2024-03-27,3099.891557647791
2024-03-28,3108.1283457547906
2024-04-01,3107.8273644806663
2024-04-02,3112.0830513262863
2024-04-03,3123.2148505977166
2024-04-04,3117.0396431095896
2024-04-05,3138.865562345658
2024-04-08,3147.636459542585
2024-04-09,3154.644307672154
2024-04-10,3134.6820901461097
2024-04-11,3153.573298118402
2024-04-12,3134.6989438868613
2024-04-15,3135.4898763771844
2024-04-16,3121.0603536858816
2024-04-17,3113.7205849221996
2024-04-18,3113.5561271394795
2024-04-19,3097.6196631543407
2024-04-22,3083.017991136682
2024-04-23,3090.181753350759
2024-04-24,3086.9629103263405
2024-04-25,3086.810016970584
2024-04-26,3097.229610012034
2024-04-29,3100.2225325811505
2024-04-30,3072.074407267317
2024-05-01,3076.595442856125
2024-05-02,3082.441080269142
2024-05-03,3107.3973940942687
2024-05-06,3123.3425475796985
2024-05-07,3122.1921213580918
2024-05-08,3118.845390930931
2024-05-09,3135.5936834872155
2024-05-10,3141.0517614919086
2024-05-13,3133.606164218967
2024-05-14,3144.5673785210674
2024-05-15,3166.605923499331
2024-05-16,3161.792821698791
2024-05-17,3173.3868942769336
2024-05-20,3176.5884533999074
2024-05-21,3178.588540527663
2024-05-22,3162.7736023061893
2024-05-23,3141.066752713017
2024-05-24,3150.3807525271714
2024-05-28,3154.245980485033
2024-05-29,3139.4730726120124
2024-05-30,3123.6573789616064
2024-05-31,3133.125360145973
2024-06-03,3143.1298094076383
2024-06-04,3140.209512011972
2024-06-05,3095.072682351477
2024-06-06,3100.103802534506
2024-06-07,3078.066152568159
2024-06-10,3085.52960036077
2024-06-11,3091.855852159482
2024-06-12,3102.0837434684854
2024-06-13,3101.361007760206
2024-06-14,3112.865975138864
2024-06-17,3110.752813333783
2024-06-18,3117.9212307045245
2024-06-20,3123.1324404733496
2024-06-21,3108.347277479693
2024-06-24,3097.788797789859
2024-06-25,3097.690526347095
2024-06-26,3093.3412471189986
2024-06-27,3103.6136363288406
2024-06-28,3096.522371356211
2024-07-01,3094.800393997745
2024-07-02,3101.940409004099
2024-07-03,3161.3937145331674
2024-07-05,3177.9564635311863
2024-07-08,3170.234628736252
2024-07-09,3174.490911909846
2024-07-10,3185.9413441384004
2024-07-11,3201.3935843774443
2024-07-12,3207.3007896280997
2024-07-15,3209.436349473783
2024-07-16,3234.4604450224833
2024-07-17,3219.4304693937747
2024-07-18,3206.5824574000226
2024-07-19,3186.389701148011
2024-07-21,3192.279280384954
2024-07-22,3200.1886664217805
2024-07-23,3197.658564904331
2024-07-24,3162.2957480613304
2024-07-25,3141.850173053842
2024-07-26,3160.2602734527427
2024-07-29,3160.885621264046
2024-07-30,3165.065784854378
2024-07-31,3199.8626489240314
2024-08-01,3186.6903003896387
2024-08-02,3187.4204980752756
2024-08-04,3175.3264731767686
2024-08-05,3124.186579273437
2024-08-06,3119.8652009219522
2024-08-07,3112.555361073284
2024-08-08,3153.663889158123
2024-08-09,3161.145785692386
2024-08-12,3175.2781772937333
2024-08-13,3188.833709443481
2024-08-14,3186.5499458217687
2024-08-15,3200.187327089951
2024-08-16,3219.8872283851097
2024-08-19,3227.370026454253
2024-08-20,3230.9815558871733
2024-08-21,3233.132235383883
2024-08-22,3214.9090122119014
2024-08-23,3234.326493596744
2024-08-26,3234.139712675251
2024-08-27,3237.0918798993907
2024-08-28,3226.575156865522
2024-08-29,3229.8504937357084
2024-08-30,3229.733659126374
2024-09-03,3199.860433936963
2024-09-04,3188.799593827609
2024-09-05,3134.6099214356414
2024-09-06,3115.735712962315
2024-09-09,3128.8282220230403
2024-09-10,3143.93289339277
2024-09-11,3149.255371767457
2024-09-12,3174.5684404019157
2024-09-13,3187.590229067383
2024-09-16,3191.0024834408996
2024-09-17,3185.664289523813
2024-09-18,3174.1674967687313
2024-09-19,3199.743831843023
2024-09-20,3205.0387534369347
2024-09-23,3208.188384305763
2024-09-24,3221.9866939757894
2024-09-25,3216.9308860227466
2024-09-26,3224.7132095991346
2024-09-27,3218.91127284087
2024-09-30,3214.3526460919993
2024-10-01,3215.637766667148
2024-10-02,3214.1764252789235
2024-10-03,3198.412870260804
2024-10-04,3197.5314190507615
2024-10-07,3185.2445903554144
2024-10-08,3187.674944992922
2024-10-09,3187.638883230059
2024-10-10,3180.2475989775066
2024-10-11,3198.7447919958763
2024-10-14,3204.3968148529893
2024-10-15,3203.339980418658
2024-10-16,3212.1665992548074
2024-10-17,3213.467066310247
2024-10-18,3228.9821067451257
2024-10-21,3223.2951812484707
2024-10-22,3232.021568601135
2024-10-23,3213.3581826563077
2024-10-24,3223.0664707331616
2024-10-25,3223.215697162148
2024-10-28,3226.9856893669075
2024-10-29,3230.124911829733
2024-10-30,3232.6777199043036
2024-10-31,3203.202572488338
2024-11-01,3198.7219683115254
2024-11-04,3202.9675493207915
2024-11-05,3210.757765217567
2024-11-06,3200.013488461179
2024-11-07,3222.795209833562
2024-11-08,3223.495768293019
2024-11-11,3203.808538567494
2024-11-12,3190.739786957719
2024-11-13,3181.443646338278
2024-11-14,3174.6663422814845
2024-11-15,3161.8321725005235
2024-11-18,3180.201870534748
2024-11-19,3191.5848959797913
2024-11-20,3203.525255940583
2024-11-21,3214.7197339495315
2024-11-22,3228.05801901146
2024-11-25,3212.4236635172488
2024-11-26,3217.7114002906646
2024-11-27,3218.457082479793
2024-11-29,3233.3560566222127
2024-12-02,3226.86840734018
2024-12-03,3231.4697116208795
2024-12-04,3273.0127571735898
2024-12-05,3265.982416607475
2024-12-06,3268.494744424094
2024-12-09,3269.820747789554
2024-12-10,3276.746978545592
2024-12-11,3289.3359136162503
2024-12-12,3258.423268717514
2024-12-13,3246.0593992888817
2024-12-16,3252.4439954432946
2024-12-17,3246.2035664348487
2024-12-18,3199.7804100769536
2024-12-19,3197.744627511439
2024-12-20,3214.6164079204887
2024-12-23,3227.0175226408505
2024-12-24,3240.8312612178606
2024-12-26,3246.2366525093594
2024-12-27,3229.815087442921
2024-12-30,3219.2631462412664
2024-12-31,3220.1511989671826
2025-01-02,3229.4727806012233
2025-01-03,3223.6797013791115
2025-01-06,3196.866004983646
2025-01-07,3189.71054269797
2025-01-08,3195.248152530643
2025-01-10,3188.675340271164
2025-01-13,3182.2607143351797
2025-01-14,3187.07450781485
2025-01-15,3216.5399610860495
2025-01-16,3221.0216212739215
2025-01-17,3225.2678514147888
2025-01-21,3246.368481864415
2025-01-22,3259.6656323564284
2025-01-23,3261.5871116887374
2025-01-24,3265.004149224114
2025-01-27,3247.6166886365263
2025-01-28,3261.293155754087
2025-01-29,3254.0771411185647
2025-01-30,3271.17916599743
2025-01-31,3267.148422655098
2025-02-03,3259.0079265083546
2025-02-04,3273.1324419869716
2025-02-05,3283.967273295835
2025-02-06,3284.5036485488663
2025-02-07,3276.942158657208
2025-02-10,3295.7941479622123
2025-02-11,3291.6501532462853
2025-02-12,3287.0103234468943
2025-02-13,3307.207569959792
2025-02-14,3296.0409922058598
2025-02-18,3309.648040860366
2025-02-19,3312.4496847601795
2025-02-20,3310.1513584931395
2025-02-21,3297.833233422053
2025-02-24,3299.363033090038
2025-02-25,3287.856914570093
2025-02-26,3290.766864523793
2025-02-27,3263.8857315817595
2025-02-28,3273.950910592621
2025-03-03,3257.767520618283
2025-03-04,3253.0975087256584
2025-03-05,3237.266622294351
2025-03-06,3218.4431669323762
2025-03-07,3222.5889041928995
2025-03-10,3196.8739464711193
2025-03-11,3198.6439835534247
2025-03-12,3204.9549952571733
2025-03-13,3211.4871291164327
2025-03-14,3226.129633474814
2025-03-17,3237.525436304317
2025-03-18,3239.353264380162
2025-03-19,3252.5092752150567
2025-03-20,3249.3466462656534
2025-03-21,3239.275709753304
2025-03-24,3246.9082668604046
2025-03-25,3252.5989654647738
2025-03-26,3241.229764145962
2025-03-27,3249.390943079017
2025-03-28,3243.3300774859167
2025-03-31,3263.0536503834583
2025-04-01,3263.8348466037132
2025-04-02,3270.207432999083
2025-04-03,3191.7165064379697
2025-04-04,3130.370671076062
2025-04-07,3104.586125519403
2025-04-08,3094.6571183768015
2025-04-09,3197.9452564007197
2025-04-10,3181.463435929916
2025-04-11,3212.0580161118805
2025-04-14,3215.623706296764
2025-04-15,3219.022551012492
2025-04-16,3233.9988560121274
2025-04-17,3229.242036258179
2025-04-21,3238.0088225420313
2025-04-22,3243.4673887705185
2025-04-23,3233.2231208911244
2025-04-24,3264.4058757126977
2025-04-25,3261.039912272373
2025-04-28,3276.21297453039
2025-04-29,3273.38049751565
2025-04-30,3265.3027616970794
2025-05-01,3248.4598504271335
2025-05-02,3258.877825979026
2025-05-03,3261.0218511114745
2025-05-04,3264.2140857764266
2025-05-05,3313.9457446390074
2025-05-06,3334.872796984175
2025-05-07,3324.342855917582
2025-05-08,3308.251748295473
2025-05-09,3314.468613420817
2025-05-12,3311.022345575557
2025-05-13,3319.3712681065526
2025-05-14,3299.5779572974307
2025-05-15,3325.9109613439423
2025-05-16,3320.335065761186
2025-05-19,3332.445525322894
2025-05-20,3345.538046107601
2025-05-21,3335.6000068180106
2025-05-22,3328.6201489028817
2025-05-23,3347.614176002664
2025-05-27,3359.902189851113
2025-05-28,3352.181929184979
2025-05-29,3362.81006767731
2025-05-30,3356.2315157127223
2025-06-01,3356.4863662425305
2025-06-02,3382.667040026511
2025-06-03,3366.330332666354
2025-06-04,3421.141439302468
2025-06-05,3412.2956260653427
2025-06-06,3405.0595191108832
2025-06-07,3413.857127246414
2025-06-09,3419.372588539298
2025-06-10,3425.221301860377
2025-06-11,3428.878340901837
2025-06-12,3446.335084696834
2025-06-13,3447.823178696379
2025-06-16,3439.7272898432448
2025-06-17,3435.560271282071
2025-06-18,3430.6738643578055
2025-06-20,3425.776120765342
2025-06-23,3448.3491833220696
2025-06-24,3443.7884583629802
2025-06-25,3447.3935316941515
2025-06-26,3453.9906405182346
2025-06-27,3439.6871015993784
2025-06-30,3456.821870880928
2025-07-01,3463.8650673408356
2025-07-02,3471.6844177618304
2025-07-03,3548.409619543022
2025-07-07,3540.946088068408
2025-07-08,3530.36597794335
2025-07-09,3541.7288391682214
2025-07-10,3546.348881831496
2025-07-11,3549.7928704513433
2025-07-14,3547.5594563049326
2025-07-15,3538.4819690470463
2025-07-16,3546.565269681195
2025-07-17,3535.923654573522
2025-07-18,3538.2153432359946
2025-07-21,3556.2182040030457
2025-07-22,3566.7705862117655
2025-07-23,3560.7439644543338
2025-07-24,3554.6443307614663
2025-07-25,3550.7168877175627
2025-07-28,3543.1149345841422
2025-07-29,3546.7315648687118
2025-07-30,3528.134576020977
2025-07-31,3531.1783548763606
2025-08-01,3538.349736669754
2025-08-03,3524.834503154095
2025-08-04,3531.7943138894534
2025-08-05,3494.421972777377
2025-08-06,3497.8955798544193
2025-08-07,3504.83962261954
2025-08-08,3510.4572543635068
2025-08-11,3495.0752651633084
2025-08-12,3502.6087168262193
2025-08-13,3510.317154238256
2025-08-14,3502.7325775108793
2025-08-15,3499.8257168467153
2025-08-18,3497.6149717129747
2025-08-19,3488.8619732961106
2025-08-20,3496.5674238005868
2025-08-21,3488.6902165259644
2025-08-22,3537.208677587878
2025-08-25,3530.3866071166185
2025-08-26,3541.0578850598113
2025-08-27,3544.9282996912852
2025-08-28,3556.357388119379
2025-08-29,3559.30728327417
2025-09-02,3573.2000069663954
2025-09-03,3593.0035351803845
2025-09-04,3605.189956445425
2025-09-05,3619.245006411243
2025-09-08,3635.7047610736304
2025-09-09,3634.1303470162084
2025-09-10,3641.5128786376454
2025-09-11,3648.7041851224612
2025-09-12,3649.576164911247
2025-09-15,3665.6274919042494
2025-09-16,3666.9946394029485
2025-09-17,3657.203583054259
2025-09-18,3655.146318975328
2025-09-19,3667.793570329545
2025-09-22,3689.3876176108542
2025-09-23,3697.6834321136075
2025-09-24,3684.2970308213253
2025-09-25,3684.395357116372
2025-09-26,3695.6077182532044
2025-09-28,3694.0424836576804
2025-09-29,3715.085746461575
2025-09-30,3727.306666060124
2025-10-01,3731.5635059073834
2025-10-02,3729.393070656217
2025-10-03,3700.7243883865012
2025-10-05,3715.451234058338
2025-10-06,3739.8939789834635
2025-10-07,3743.50644988056
2025-10-08,3770.2682989141395
2025-10-09,3746.244830934479
2025-10-10,3736.4152301149015
2025-10-13,3781.891946245667
2025-10-14,3784.835529504961
2025-10-15,3820.49294957022
2025-10-16,3844.0214946935603
2025-10-17,3825.7626912019487
2025-10-19,3826.5504183150956
2025-10-20,3879.459397755123
2025-10-21,3808.8079137035247
2025-10-22,3804.3167308424263
2025-10-23,3812.855576956256
2025-10-24,3816.605981180523
2025-10-27,3795.6586626258427
2025-10-28,3790.559445073315
2025-10-29,3784.3473406348653
2025-10-30,3794.963349600093
2025-10-31,3791.282193884777
2025-11-03,3779.905158666935
2025-11-04,3741.8908307637485
2025-11-05,3722.7247900454463
2025-11-06,3713.4509197066186
2025-11-07,3720.9458252161985
2025-11-10,3766.1583335636205
2025-11-11,3773.928994891274
2025-11-12,3793.6022922351494
2025-11-13,3766.843996946586
2025-11-14,3744.3450080889716
2025-11-17,3722.987524353011
2025-11-18,3723.7751923491223
2025-11-19,3728.7113073271107
2025-11-20,3715.5658705894516
2025-11-21,3710.631255827786
2025-11-24,3751.8964229477665
2025-11-25,3764.6052621159433
2025-11-26,3781.1587992640652
2025-11-28,3799.9614118890777
2025-12-01,3797.6152079972526
2025-12-02,3791.7895698551984
2025-12-03,3865.975388639968
2025-12-04,3866.246788356795
2025-12-05,3864.9282830796515
2025-12-08,3858.307112016159
2025-12-09,3863.7126407249225
2025-12-10,3876.03123300009
2025-12-11,3890.8997315885595
2025-12-12,3885.8054633541915
2025-12-15,3885.7656492369774
2025-12-16,3884.6466331900324
2025-12-17,3891.88347651768
2025-12-18,3891.151877321853
2025-12-19,3903.6524282125483
2025-12-22,3943.3620732684194
2025-12-23,3964.515621512859
2025-12-24,3963.792418943698
2025-12-26,3978.0571529407725
2025-12-29,3919.5492964009327
2025-12-30,3918.8972148641733
2025-12-31,3902.435235765148
2026-01-02,3910.0284954455246
2026-01-03,3918.884998614793
2026-01-04,3913.622287647171
2026-01-05,3950.063996078975
2026-01-06,4009.219794146641
2026-01-07,3996.178918077155
2026-01-08,4001.579409573248
2026-01-09,4001.184776041826
2026-01-12,4024.1118836538126
2026-01-13,4021.0052597359927
2026-01-14,4030.0524718596707
2026-01-15,4024.8104956056322
2026-01-16,4017.2206141764964
2026-01-18,4021.4293267699295
2026-01-20,4046.8669299863823
2026-01-21,4076.193529313826
2026-01-22,4127.473805120658
2026-01-23,4145.999219434193
2026-01-26,4170.350402535401
2026-01-27,4188.98699576587
2026-01-28,4241.022301384606
2026-01-29,4243.21126362118
2026-01-30,4094.838005488735
2026-02-02,4046.653832969527
2026-02-03,4078.768057516011
2026-02-04,4051.665491308228
2026-02-05,4008.6841066244733
2026-02-06,4073.315068346274
2026-02-09,4121.531563607358
2026-02-10,4108.184887623717
2026-02-11,4121.752207351009
2026-02-12,4064.653218058532
2026-02-13,4098.468146583908
2026-02-15,4091.5232946664564
2026-02-17,4052.1074001299394
2026-02-18,4088.69773911212
2026-02-19,4090.249871331531
2026-02-20,4121.83539194127
2026-02-22,4117.998251639243
2026-02-23,4146.004954582107
2026-02-24,4133.563199937442
2026-02-25,4137.422882482186
2026-02-26,4144.931046807404
2026-02-27,4159.958854247534
2026-03-02,4175.003421386973
2026-03-03,4101.007369053623
2026-03-04,4071.6571648347863
2026-03-05,4049.8883137301736
2026-03-06,4059.124437729066
2026-03-09,4060.908900023599
2026-03-10,4072.7065757486516
2026-03-11,4064.587086401898
2026-03-12,4024.4361456770894
2026-03-13,4001.7815339070003
2026-03-16,4010.6172616640642
2026-03-17,4013.7849289308115
2026-03-18,3959.3966296893605
2026-03-19,3906.2225644623986
2026-03-20,3851.374032835556
2026-03-23,3834.706072745442
2026-03-24,3831.1929631997655
2026-03-25,3874.8820060832313
2026-03-26,3813.8026796041677
2026-03-27,3839.458938607835
2026-03-30,3838.971715684599
2026-03-31,3906.669557323734
2026-04-01,3932.8261169667094
2026-04-02,3910.781089669248
2026-04-03,3903.14823148102
2026-04-06,3864.853049205394
2026-04-07,3877.165172775781
2026-04-08,3906.6827285895924
2026-04-09,3920.7941335554697
2026-04-10,3922.722098452141
2026-04-13,3926.6589233568784
2026-04-14,3965.868366692702
2026-04-15,3958.7638871528998
2026-04-16,3958.6780271328716
2026-04-17,3987.8766899998036
2026-04-20,3975.043250443312
2026-04-21,3932.385977338189
2026-04-22,3957.9382480603635
2026-04-23,3942.0059033411744
2026-04-24,3955.692365883083
2026-04-27,3950.69576339
2026-04-28,3923.698201973496
2026-04-29,3909.1808812350937
2026-04-30,3935.8770948993415
2026-05-01,3936.4766440718004
2026-05-03,3939.4062997190895
2026-05-04,3908.9397612548096
2026-05-05,3965.4479183030217
2026-05-06,4015.6983820255755
2026-05-07,4013.916302970299
2026-05-08,4028.443580963663
2026-05-11,4031.8414266587647
2026-05-12,4024.2772285762558
2026-05-13,4022.228587909867
2026-05-14,4020.3854159161747
2026-05-15,3978.1531626192022
2026-05-18,3980.6344430471495
2026-05-19,3953.5439047267314
2026-05-20,3986.934482170086
2026-05-21,3988.205060208974
2026-05-22,3983.7168147053503
2026-05-24,3979.551509431627
2026-05-26,3987.3027771124544
2026-05-27,3971.883235812117
2026-05-28,3990.213333884816
2026-05-29,4005.0743518101344
2026-06-01,3989.76503681726
2026-06-02,3993.377267019865
2026-06-03,4005.379153743143
2026-06-04,4019.135582821988
2026-06-05,3950.6301838465006
2026-06-08,3954.867072233852
2026-06-09,3903.7977966542953
2026-06-10,3842.6648124880285
2026-06-11,3908.431106492998
2026-06-12,3913.5960790445133
2026-06-15,3958.4593749156
2026-06-16,3956.859991090586
2026-06-17,3919.160262817385
2026-06-18,3923.2732347138335
2026-06-22,3911.6394785073926
2026-06-23,3877.7577898640593
2026-06-24,3847.4661110910056
2026-06-25,3858.851042801949
2026-06-26,3864.300881021368
2026-06-29,3865.121204699053
2026-06-30,3869.602445982223
2026-07-01,3872.2644989872206
2026-07-02,3892.6614042486526
2026-07-03,3896.533444836733
2026-07-06,3912.4095111138267
2026-07-07,3892.6773910963648
2026-07-08,3880.7105976426483
2026-07-09,3899.645478606921
2026-07-10,3900.27152308007
2026-07-13,3863.723110933773
2026-07-14,3881.868442715961
2026-07-15,3886.6458865883355
2026-07-16,3860.4343334491514
2026-07-17,3861.5317570299176
2026-07-20,3856.3923285332808
2026-07-21,3895.1378120349173
2026-07-22,3905.73932385829
2026-07-23,3871.8775051814164
2026-07-24,3874.2349617774526
2026-07-27,3883.241651619217
2026-07-28,3871.6246123108613
2026-07-29,3859.5463853453884
2026-07-30,3892.1186865819136
2026-07-31,3881.706004621895
2026-08-03,3886.450983186477
2026-08-04,3918.627519241639
2026-08-05,3930.5444795209387
2026-08-06,3927.9118586236586
2026-08-07,3959.5830374982493
2026-08-10,3969.3379291086153
2026-08-11,3962.038551509638
2026-08-12,3975.6758430378404
